eval_split,K,variant,binning,bin_index,bin_low,bin_high,bin_confidence,bin_accuracy,bin_count
val_select,5,native,equal_width,0,0.0,0.06666666666666667,0.0,0.0,0
val_select,5,native,equal_width,1,0.06666666666666667,0.13333333333333333,0.0,0.0,0
val_select,5,native,equal_width,2,0.13333333333333333,0.2,0.0,0.0,0
val_select,5,native,equal_width,3,0.2,0.26666666666666666,0.2524103969335556,0.0,2
val_select,5,native,equal_width,4,0.26666666666666666,0.3333333333333333,0.3066931495612318,0.25,44
val_select,5,native,equal_width,5,0.3333333333333333,0.4,0.36919027663046317,0.2903225806451613,124
val_select,5,native,equal_width,6,0.4,0.4666666666666667,0.43712699782749836,0.44214876033057854,242
val_select,5,native,equal_width,7,0.4666666666666667,0.5333333333333333,0.5012859407493047,0.4857142857142857,350
val_select,5,native,equal_width,8,0.5333333333333333,0.6,0.5672340723308357,0.4945945945945946,370
val_select,5,native,equal_width,9,0.6,0.6666666666666666,0.6328773343351466,0.591715976331361,338
val_select,5,native,equal_width,10,0.6666666666666666,0.7333333333333333,0.6998370492295043,0.726027397260274,365
val_select,5,native,equal_width,11,0.7333333333333333,0.8,0.7681624848384911,0.7392550143266475,349
val_select,5,native,equal_width,12,0.8,0.8666666666666667,0.8334020602347728,0.8428184281842819,369
val_select,5,native,equal_width,13,0.8666666666666667,0.9333333333333333,0.9015780161760135,0.8837675350701403,499
val_select,5,native,equal_width,14,0.9333333333333333,1.0,0.986067762503175,0.9753363228699552,2230
val_select,5,native,equal_mass,0,0.0,0.4521975964307785,0.3921344645152038,0.3664772727272727,352
val_select,5,native,equal_mass,1,0.4521975964307785,0.5220182836055756,0.4897135727276856,0.4715909090909091,352
val_select,5,native,equal_mass,2,0.5220182836055756,0.5866967439651489,0.5550439523702319,0.4744318181818182,352
val_select,5,native,equal_mass,3,0.5866967439651489,0.6539584994316101,0.6196596983142875,0.5795454545454546,352
val_select,5,native,equal_mass,4,0.6539584994316101,0.7187786400318146,0.6872815332290801,0.7130681818181818,352
val_select,5,native,equal_mass,5,0.7187786400318146,0.7879637777805328,0.7537554803897034,0.7357954545454546,352
val_select,5,native,equal_mass,6,0.7879637777805328,0.8512459099292755,0.818995821882378,0.8096590909090909,352
val_select,5,native,equal_mass,7,0.8512459099292755,0.9049911499023438,0.8789468779104628,0.8895184135977338,353
val_select,5,native,equal_mass,8,0.9049911499023438,0.9452766180038452,0.9259974069216035,0.8892045454545454,352
val_select,5,native,equal_mass,9,0.9452766180038452,0.9719171226024628,0.9602949258617379,0.9573863636363636,352
val_select,5,native,equal_mass,10,0.9719171226024628,0.988547682762146,0.9809674813666127,0.96875,352
val_select,5,native,equal_mass,11,0.988547682762146,0.9962700605392456,0.9927441333843903,0.9715909090909091,352
val_select,5,native,equal_mass,12,0.9962700605392456,0.9993614852428436,0.9980935051359914,0.9914772727272727,352
val_select,5,native,equal_mass,13,0.9993614852428436,0.9999803900718689,0.9997749519957737,0.9857954545454546,352
val_select,5,native,equal_mass,14,0.9999803900718689,1.0,0.9999969304452199,1.0,353
val_select,5,global_T_corrected,equal_width,0,0.0,0.06666666666666667,0.0,0.0,0
val_select,5,global_T_corrected,equal_width,1,0.06666666666666667,0.13333333333333333,0.0,0.0,0
val_select,5,global_T_corrected,equal_width,2,0.13333333333333333,0.2,0.0,0.0,0
val_select,5,global_T_corrected,equal_width,3,0.2,0.26666666666666666,0.25291841228802997,0.0,3
val_select,5,global_T_corrected,equal_width,4,0.26666666666666666,0.3333333333333333,0.3075290982921918,0.25,60
val_select,5,global_T_corrected,equal_width,5,0.3333333333333333,0.4,0.3702009044090907,0.34,150
val_select,5,global_T_corrected,equal_width,6,0.4,0.4666666666666667,0.43589610378775334,0.4270833333333333,288
val_select,5,global_T_corrected,equal_width,7,0.4666666666666667,0.5333333333333333,0.5012229187540246,0.4932249322493225,369
val_select,5,global_T_corrected,equal_width,8,0.5333333333333333,0.6,0.5654691342829432,0.5347043701799485,389
val_select,5,global_T_corrected,equal_width,9,0.6,0.6666666666666666,0.6329301021717213,0.6613756613756614,378
val_select,5,global_T_corrected,equal_width,10,0.6666666666666666,0.7333333333333333,0.6978322486864047,0.7387640449438202,356
val_select,5,global_T_corrected,equal_width,11,0.7333333333333333,0.8,0.7655672713586356,0.771117166212534,367
val_select,5,global_T_corrected,equal_width,12,0.8,0.8666666666666667,0.8346080151722604,0.8685567010309279,388
val_select,5,global_T_corrected,equal_width,13,0.8666666666666667,0.9333333333333333,0.9011238525188509,0.8991769547325102,486
val_select,5,global_T_corrected,equal_width,14,0.9333333333333333,1.0,0.984507845947519,0.98046875,2048
val_select,5,global_T_corrected,equal_mass,0,0.0,0.43490275740623474,0.37817842784253036,0.3664772727272727,352
val_select,5,global_T_corrected,equal_mass,1,0.43490275740623474,0.5048382580280304,0.47144466012038966,0.4659090909090909,352
val_select,5,global_T_corrected,equal_mass,2,0.5048382580280304,0.5645879805088043,0.5346613290973685,0.48579545454545453,352
val_select,5,global_T_corrected,equal_mass,3,0.5645879805088043,0.62551149725914,0.5945580156350677,0.5767045454545454,352
val_select,5,global_T_corrected,equal_mass,4,0.62551149725914,0.6870734989643097,0.656497918238694,0.7045454545454546,352
val_select,5,global_T_corrected,equal_mass,5,0.6870734989643097,0.7546166181564331,0.7211881801486015,0.7585227272727273,352
val_select,5,global_T_corrected,equal_mass,6,0.7546166181564331,0.8189207315444946,0.7857027773491361,0.7869318181818182,352
val_select,5,global_T_corrected,equal_mass,7,0.8189207315444946,0.8759616017341614,0.8491558878347488,0.8923512747875354,353
val_select,5,global_T_corrected,equal_mass,8,0.8759616017341614,0.9244256019592285,0.901615113358606,0.8920454545454546,352
val_select,5,global_T_corrected,equal_mass,9,0.9244256019592285,0.9581952095031738,0.9432968620888211,0.9545454545454546,352
val_select,5,global_T_corrected,equal_mass,10,0.9581952095031738,0.9811521172523499,0.970351580530405,0.96875,352
val_select,5,global_T_corrected,equal_mass,11,0.9811521172523499,0.9930936694145203,0.987517602572387,0.9744318181818182,352
val_select,5,global_T_corrected,equal_mass,12,0.9930936694145203,0.9985978305339813,0.9962525696239688,0.9886363636363636,352
val_select,5,global_T_corrected,equal_mass,13,0.9985978305339813,0.9999369382858276,0.9994581492448394,0.9886363636363636,352
val_select,5,global_T_corrected,equal_mass,14,0.9999369382858276,1.0,0.9999889336294223,1.0,353
val_select,5,oracle_T_K,equal_width,0,0.0,0.06666666666666667,0.0,0.0,0
val_select,5,oracle_T_K,equal_width,1,0.06666666666666667,0.13333333333333333,0.0,0.0,0
val_select,5,oracle_T_K,equal_width,2,0.13333333333333333,0.2,0.0,0.0,0
val_select,5,oracle_T_K,equal_width,3,0.2,0.26666666666666666,0.2516637792189916,0.0,3
val_select,5,oracle_T_K,equal_width,4,0.26666666666666666,0.3333333333333333,0.30640479970362877,0.25806451612903225,62
val_select,5,oracle_T_K,equal_width,5,0.3333333333333333,0.4,0.3691082144937208,0.3548387096774194,155
val_select,5,oracle_T_K,equal_width,6,0.4,0.4666666666666667,0.4343243523169372,0.42033898305084744,295
val_select,5,oracle_T_K,equal_width,7,0.4666666666666667,0.5333333333333333,0.5003772898325844,0.48677248677248675,378
val_select,5,oracle_T_K,equal_width,8,0.5333333333333333,0.6,0.5652941889001841,0.543640897755611,401
val_select,5,oracle_T_K,equal_width,9,0.6,0.6666666666666666,0.6339519432916934,0.6862244897959183,392
val_select,5,oracle_T_K,equal_width,10,0.6666666666666666,0.7333333333333333,0.6989519644195821,0.7348703170028819,347
val_select,5,oracle_T_K,equal_width,11,0.7333333333333333,0.8,0.7649471222699343,0.7747252747252747,364
val_select,5,oracle_T_K,equal_width,12,0.8,0.8666666666666667,0.834741217494011,0.885,400
val_select,5,oracle_T_K,equal_width,13,0.8666666666666667,0.9333333333333333,0.9014209240799669,0.9016736401673641,478
val_select,5,oracle_T_K,equal_width,14,0.9333333333333333,1.0,0.9841004522748414,0.9810662680617838,2007
val_select,5,oracle_T_K,equal_mass,0,0.0,0.43154260516166687,0.37511471790176903,0.3664772727272727,352
val_select,5,oracle_T_K,equal_mass,1,0.43154260516166687,0.5009353458881378,0.4673352169550278,0.4715909090909091,352
val_select,5,oracle_T_K,equal_mass,2,0.5009353458881378,0.5586575567722321,0.5301660644737157,0.48295454545454547,352
val_select,5,oracle_T_K,equal_mass,3,0.5586575567722321,0.619890034198761,0.5890422839332711,0.5738636363636364,352
val_select,5,oracle_T_K,equal_mass,4,0.619890034198761,0.6797874569892883,0.649780760095878,0.7045454545454546,352
val_select,5,oracle_T_K,equal_mass,5,0.6797874569892883,0.7471635043621063,0.713870208710432,0.7613636363636364,352
val_select,5,oracle_T_K,equal_mass,6,0.7471635043621063,0.8120807707309723,0.7780891175974499,0.7840909090909091,352
val_select,5,oracle_T_K,equal_mass,7,0.8120807707309723,0.8693825900554657,0.8421073518798979,0.8923512747875354,353
val_select,5,oracle_T_K,equal_mass,8,0.8693825900554657,0.9197019636631012,0.8956009164791215,0.8920454545454546,352
val_select,5,oracle_T_K,equal_mass,9,0.9197019636631012,0.9544350504875183,0.9388973342085426,0.9545454545454546,352
val_select,5,oracle_T_K,equal_mass,10,0.9544350504875183,0.9789789617061615,0.9674620521678166,0.96875,352
val_select,5,oracle_T_K,equal_mass,11,0.9789789617061615,0.9922052323818207,0.9860019865022465,0.9744318181818182,352
val_select,5,oracle_T_K,equal_mass,12,0.9922052323818207,0.9983395636081696,0.9956781650808725,0.9886363636363636,352
val_select,5,oracle_T_K,equal_mass,13,0.9983395636081696,0.9999197125434875,0.9993472730910237,0.9886363636363636,352
val_select,5,oracle_T_K,equal_mass,14,0.9999197125434875,1.0,0.99998547402725,1.0,353
val_select,10,native,equal_width,0,0.0,0.06666666666666667,0.0,0.0,0
val_select,10,native,equal_width,1,0.06666666666666667,0.13333333333333333,0.0,0.0,0
val_select,10,native,equal_width,2,0.13333333333333333,0.2,0.1871623359620571,0.375,8
val_select,10,native,equal_width,3,0.2,0.26666666666666666,0.2423978983424604,0.1875,96
val_select,10,native,equal_width,4,0.26666666666666666,0.3333333333333333,0.3026706416343079,0.27459016393442626,244
val_select,10,native,equal_width,5,0.3333333333333333,0.4,0.367524218290372,0.3383458646616541,399
val_select,10,native,equal_width,6,0.4,0.4666666666666667,0.4339473211344241,0.39072847682119205,453
val_select,10,native,equal_width,7,0.4666666666666667,0.5333333333333333,0.49943501440187293,0.49166666666666664,480
val_select,10,native,equal_width,8,0.5333333333333333,0.6,0.5656053025218656,0.5337690631808278,459
val_select,10,native,equal_width,9,0.6,0.6666666666666666,0.6339380335994065,0.65625,384
val_select,10,native,equal_width,10,0.6666666666666666,0.7333333333333333,0.6998118679864066,0.7,350
val_select,10,native,equal_width,11,0.7333333333333333,0.8,0.7667000434075036,0.7590027700831025,361
val_select,10,native,equal_width,12,0.8,0.8666666666666667,0.8359625103369437,0.8224043715846995,366
val_select,10,native,equal_width,13,0.8666666666666667,0.9333333333333333,0.9005154708461582,0.8615023474178404,426
val_select,10,native,equal_width,14,0.9333333333333333,1.0,0.98152694490495,0.9705414012738853,1256
val_select,10,native,equal_mass,0,0.0,0.33431674540042877,0.28396175865253265,0.2528409090909091,352
val_select,10,native,equal_mass,1,0.33431674540042877,0.39300207793712616,0.3643686394630508,0.3465909090909091,352
val_select,10,native,equal_mass,2,0.39300207793712616,0.4471886307001114,0.42006300745362585,0.36079545454545453,352
val_select,10,native,equal_mass,3,0.4471886307001114,0.4940955489873886,0.4708222346380353,0.4659090909090909,352
val_select,10,native,equal_mass,4,0.4940955489873886,0.545186847448349,0.5197826869447123,0.5085227272727273,352
val_select,10,native,equal_mass,5,0.545186847448349,0.5954179763793945,0.5689492731947791,0.53125,352
val_select,10,native,equal_mass,6,0.5954179763793945,0.6575664579868317,0.6264630361375484,0.6448863636363636,352
val_select,10,native,equal_mass,7,0.6575664579868317,0.7240271866321564,0.6889624295086091,0.6912181303116147,353
val_select,10,native,equal_mass,8,0.7240271866321564,0.7882459759712219,0.755625153129751,0.7471590909090909,352
val_select,10,native,equal_mass,9,0.7882459759712219,0.8533000349998474,0.8224610996178605,0.8068181818181818,352
val_select,10,native,equal_mass,10,0.8533000349998474,0.9081120193004608,0.8823719762943008,0.8494318181818182,352
val_select,10,native,equal_mass,11,0.9081120193004608,0.9564957916736603,0.9349668484858491,0.9119318181818182,352
val_select,10,native,equal_mass,12,0.9564957916736603,0.9854850471019745,0.9732435152611949,0.9545454545454546,352
val_select,10,native,equal_mass,13,0.9854850471019745,0.9975878298282623,0.9925465621054173,0.9801136363636364,352
val_select,10,native,equal_mass,14,0.9975878298282623,1.0,0.9994386520669413,0.9971671388101983,353
val_select,10,global_T_corrected,equal_width,0,0.0,0.06666666666666667,0.0,0.0,0
val_select,10,global_T_corrected,equal_width,1,0.06666666666666667,0.13333333333333333,0.0,0.0,0
val_select,10,global_T_corrected,equal_width,2,0.13333333333333333,0.2,0.18440356105566025,0.25,12
val_select,10,global_T_corrected,equal_width,3,0.2,0.26666666666666666,0.24157877654676707,0.2323943661971831,142
val_select,10,global_T_corrected,equal_width,4,0.26666666666666666,0.3333333333333333,0.304106467310956,0.27483443708609273,302
val_select,10,global_T_corrected,equal_width,5,0.3333333333333333,0.4,0.3664134791058101,0.34606741573033706,445
val_select,10,global_T_corrected,equal_width,6,0.4,0.4666666666666667,0.4334700492177556,0.44861660079051385,506
val_select,10,global_T_corrected,equal_width,7,0.4666666666666667,0.5333333333333333,0.502033245342318,0.49609375,512
val_select,10,global_T_corrected,equal_width,8,0.5333333333333333,0.6,0.5656220363906808,0.6125290023201856,431
val_select,10,global_T_corrected,equal_width,9,0.6,0.6666666666666666,0.6323797227541605,0.672,375
val_select,10,global_T_corrected,equal_width,10,0.6666666666666666,0.7333333333333333,0.698737396299839,0.7388888888888889,360
val_select,10,global_T_corrected,equal_width,11,0.7333333333333333,0.8,0.7647516966569389,0.8082595870206489,339
val_select,10,global_T_corrected,equal_width,12,0.8,0.8666666666666667,0.8344198491196243,0.8367346938775511,392
val_select,10,global_T_corrected,equal_width,13,0.8666666666666667,0.9333333333333333,0.9024967430473922,0.9012987012987013,385
val_select,10,global_T_corrected,equal_width,14,0.9333333333333333,1.0,0.9804700776782993,0.9750231267345051,1081
val_select,10,global_T_corrected,equal_mass,0,0.0,0.31638921797275543,0.2686623028818179,0.2528409090909091,352
val_select,10,global_T_corrected,equal_mass,1,0.31638921797275543,0.3699905276298523,0.3434635852040215,0.3352272727272727,352
val_select,10,global_T_corrected,equal_mass,2,0.3699905276298523,0.42128556966781616,0.39633063980462874,0.35795454545454547,352
val_select,10,global_T_corrected,equal_mass,3,0.42128556966781616,0.4668571501970291,0.4438555735925382,0.4744318181818182,352
val_select,10,global_T_corrected,equal_mass,4,0.4668571501970291,0.5147641003131866,0.4921041824431582,0.5,352
val_select,10,global_T_corrected,equal_mass,5,0.5147641003131866,0.5612655580043793,0.5364341068674218,0.5539772727272727,352
val_select,10,global_T_corrected,equal_mass,6,0.5612655580043793,0.6187425255775452,0.590471191670407,0.6278409090909091,352
val_select,10,global_T_corrected,equal_mass,7,0.6187425255775452,0.6811302304267883,0.6504287996643325,0.6912181303116147,353
val_select,10,global_T_corrected,equal_mass,8,0.6811302304267883,0.7467493414878845,0.7150248656557365,0.7556818181818182,352
val_select,10,global_T_corrected,equal_mass,9,0.7467493414878845,0.8159435093402863,0.78282611139796,0.8039772727272727,352
val_select,10,global_T_corrected,equal_mass,10,0.8159435093402863,0.8782231509685516,0.8476958743889224,0.8465909090909091,352
val_select,10,global_T_corrected,equal_mass,11,0.8782231509685516,0.9362233579158783,0.9095136137171225,0.9147727272727273,352
val_select,10,global_T_corrected,equal_mass,12,0.9362233579158783,0.975844144821167,0.9587830697948282,0.9573863636363636,352
val_select,10,global_T_corrected,equal_mass,13,0.975844144821167,0.9953899085521698,0.9869045428401045,0.98005698005698,351
val_select,10,global_T_corrected,equal_mass,14,0.9953899085521698,1.0,0.9987819976052322,0.9971751412429378,354
val_select,10,oracle_T_K,equal_width,0,0.0,0.06666666666666667,0.0,0.0,0
val_select,10,oracle_T_K,equal_width,1,0.06666666666666667,0.13333333333333333,0.0,0.0,0
val_select,10,oracle_T_K,equal_width,2,0.13333333333333333,0.2,0.1842488334937529,0.2727272727272727,11
val_select,10,oracle_T_K,equal_width,3,0.2,0.26666666666666666,0.24165088457089884,0.22962962962962963,135
val_select,10,oracle_T_K,equal_width,4,0.26666666666666666,0.3333333333333333,0.30437491347492746,0.27946127946127947,297
val_select,10,oracle_T_K,equal_width,5,0.3333333333333333,0.4,0.36668367405135965,0.3348729792147806,433
val_select,10,oracle_T_K,equal_width,6,0.4,0.4666666666666667,0.4336738935403274,0.45129224652087474,503
val_select,10,oracle_T_K,equal_width,7,0.4666666666666667,0.5333333333333333,0.5019211877962786,0.49500998003992014,501
val_select,10,oracle_T_K,equal_width,8,0.5333333333333333,0.6,0.5641959517501122,0.5953488372093023,430
val_select,10,oracle_T_K,equal_width,9,0.6,0.6666666666666666,0.6325051564600025,0.6590330788804071,393
val_select,10,oracle_T_K,equal_width,10,0.6666666666666666,0.7333333333333333,0.6995770689419337,0.7342857142857143,350
val_select,10,oracle_T_K,equal_width,11,0.7333333333333333,0.8,0.7644233038995119,0.8023598820058997,339
val_select,10,oracle_T_K,equal_width,12,0.8,0.8666666666666667,0.834649288412278,0.8401015228426396,394
val_select,10,oracle_T_K,equal_width,13,0.8666666666666667,0.9333333333333333,0.9018506153383721,0.897172236503856,389
val_select,10,oracle_T_K,equal_width,14,0.9333333333333333,1.0,0.9805895971519621,0.973803071364047,1107
val_select,10,oracle_T_K,equal_mass,0,0.0,0.31927941739559174,0.2708366375247186,0.2556818181818182,352
val_select,10,oracle_T_K,equal_mass,1,0.31927941739559174,0.3731919974088669,0.34642955364490097,0.3352272727272727,352
val_select,10,oracle_T_K,equal_mass,2,0.3731919974088669,0.42507845163345337,0.3996810270473361,0.3522727272727273,352
val_select,10,oracle_T_K,equal_mass,3,0.42507845163345337,0.47126471996307373,0.4477258842777122,0.4772727272727273,352
val_select,10,oracle_T_K,equal_mass,4,0.47126471996307373,0.519934743642807,0.49612424200908706,0.5028409090909091,352
val_select,10,oracle_T_K,equal_mass,5,0.519934743642807,0.5663512945175171,0.5410581766204401,0.5454545454545454,352
val_select,10,oracle_T_K,equal_mass,6,0.5663512945175171,0.6244489252567291,0.5955798338082704,0.6363636363636364,352
val_select,10,oracle_T_K,equal_mass,7,0.6244489252567291,0.687382698059082,0.656006941376597,0.6855524079320113,353
val_select,10,oracle_T_K,equal_mass,8,0.687382698059082,0.7529827952384949,0.7209417230703614,0.7556818181818182,352
val_select,10,oracle_T_K,equal_mass,9,0.7529827952384949,0.8216173648834229,0.7887164962223985,0.8096590909090909,352
val_select,10,oracle_T_K,equal_mass,10,0.8216173648834229,0.883179098367691,0.8529971062459729,0.84375,352
val_select,10,oracle_T_K,equal_mass,11,0.883179098367691,0.9396306872367859,0.9135251074013385,0.9147727272727273,352
val_select,10,oracle_T_K,equal_mass,12,0.9396306872367859,0.9775457978248596,0.9611790483309464,0.9573863636363636,352
val_select,10,oracle_T_K,equal_mass,13,0.9775457978248596,0.9957683086395264,0.9878846019761175,0.98005698005698,351
val_select,10,oracle_T_K,equal_mass,14,0.9957683086395264,1.0,0.9989050714309606,0.9971751412429378,354
val_select,20,native,equal_width,0,0.0,0.06666666666666667,0.0,0.0,0
val_select,20,native,equal_width,1,0.06666666666666667,0.13333333333333333,0.12254455422653872,0.058823529411764705,17
val_select,20,native,equal_width,2,0.13333333333333333,0.2,0.17530921192129673,0.22099447513812154,181
val_select,20,native,equal_width,3,0.2,0.26666666666666666,0.23481992573550578,0.251685393258427,445
val_select,20,native,equal_width,4,0.26666666666666666,0.3333333333333333,0.2995763984856321,0.2462686567164179,536
val_select,20,native,equal_width,5,0.3333333333333333,0.4,0.36675044595697687,0.3656093489148581,599
val_select,20,native,equal_width,6,0.4,0.4666666666666667,0.4329324049824407,0.41050583657587547,514
val_select,20,native,equal_width,7,0.4666666666666667,0.5333333333333333,0.4979443159161803,0.5077951002227171,449
val_select,20,native,equal_width,8,0.5333333333333333,0.6,0.5654321769229195,0.5785536159600998,401
val_select,20,native,equal_width,9,0.6,0.6666666666666666,0.6324378863807298,0.6011730205278593,341
val_select,20,native,equal_width,10,0.6666666666666666,0.7333333333333333,0.7006023833954257,0.7450980392156863,306
val_select,20,native,equal_width,11,0.7333333333333333,0.8,0.7659172375716085,0.8127208480565371,283
val_select,20,native,equal_width,12,0.8,0.8666666666666667,0.8317001257499639,0.8175182481751825,274
val_select,20,native,equal_width,13,0.8666666666666667,0.9333333333333333,0.9001860706532587,0.9245901639344263,305
val_select,20,native,equal_width,14,0.9333333333333333,1.0,0.9757758427157455,0.9873217115689382,631
val_select,20,native,equal_mass,0,0.0,0.22448000311851501,0.18882470268925483,0.22727272727272727,352
val_select,20,native,equal_mass,1,0.22448000311851501,0.2737710326910019,0.25090630123899743,0.23011363636363635,352
val_select,20,native,equal_mass,2,0.2737710326910019,0.3183518499135971,0.29577063929966907,0.2556818181818182,352
val_select,20,native,equal_mass,3,0.3183518499135971,0.35879920423030853,0.3388245464725928,0.3096590909090909,352
val_select,20,native,equal_mass,4,0.35879920423030853,0.39740097522735596,0.3784811669452624,0.38636363636363635,352
val_select,20,native,equal_mass,5,0.39740097522735596,0.44404633343219757,0.419882612133568,0.3977272727272727,352
val_select,20,native,equal_mass,6,0.44404633343219757,0.48792535066604614,0.466361909173429,0.4403409090909091,352
val_select,20,native,equal_mass,7,0.48792535066604614,0.5440591275691986,0.5163570330095696,0.5524079320113314,353
val_select,20,native,equal_mass,8,0.5440591275691986,0.6050243675708771,0.5740152514454994,0.5823863636363636,352
val_select,20,native,equal_mass,9,0.6050243675708771,0.6740429997444153,0.6387915838171135,0.6193181818181818,352
val_select,20,native,equal_mass,10,0.6740429997444153,0.7533462047576904,0.7143757852979682,0.7755681818181818,352
val_select,20,native,equal_mass,11,0.7533462047576904,0.8351303339004517,0.7929121169515632,0.7755681818181818,352
val_select,20,native,equal_mass,12,0.8351303339004517,0.9174058437347412,0.8782493875107982,0.90625,352
val_select,20,native,equal_mass,13,0.9174058437347412,0.975428432226181,0.9491992394693873,0.9715909090909091,352
val_select,20,native,equal_mass,14,0.975428432226181,1.0,0.9915295381721626,0.9943342776203966,353
val_select,20,global_T_corrected,equal_width,0,0.0,0.06666666666666667,0.0,0.0,0
val_select,20,global_T_corrected,equal_width,1,0.06666666666666667,0.13333333333333333,0.12100819292767294,0.10344827586206896,29
val_select,20,global_T_corrected,equal_width,2,0.13333333333333333,0.2,0.175821325960843,0.23161764705882354,272
val_select,20,global_T_corrected,equal_width,3,0.2,0.26666666666666666,0.2352149795454282,0.23846153846153847,520
val_select,20,global_T_corrected,equal_width,4,0.26666666666666666,0.3333333333333333,0.30076210215491683,0.30098684210526316,608
val_select,20,global_T_corrected,equal_width,5,0.3333333333333333,0.4,0.3651996234367634,0.38587848932676516,609
val_select,20,global_T_corrected,equal_width,6,0.4,0.4666666666666667,0.43372555085400627,0.45623836126629425,537
val_select,20,global_T_corrected,equal_width,7,0.4666666666666667,0.5333333333333333,0.5002907160889736,0.5531914893617021,423
val_select,20,global_T_corrected,equal_width,8,0.5333333333333333,0.6,0.5650026264615083,0.5968586387434555,382
val_select,20,global_T_corrected,equal_width,9,0.6,0.6666666666666666,0.6314537827900908,0.6908517350157729,317
val_select,20,global_T_corrected,equal_width,10,0.6666666666666666,0.7333333333333333,0.6990655726213671,0.8025889967637541,309
val_select,20,global_T_corrected,equal_width,11,0.7333333333333333,0.8,0.7659040317233843,0.7984189723320159,253
val_select,20,global_T_corrected,equal_width,12,0.8,0.8666666666666667,0.8339529421864723,0.8979591836734694,245
val_select,20,global_T_corrected,equal_width,13,0.8666666666666667,0.9333333333333333,0.9004571847219909,0.9644128113879004,281
val_select,20,global_T_corrected,equal_width,14,0.9333333333333333,1.0,0.9744186432548692,0.9899396378269618,497
val_select,20,global_T_corrected,equal_mass,0,0.0,0.20792891830205917,0.1754262710455805,0.23295454545454544,352
val_select,20,global_T_corrected,equal_mass,1,0.20792891830205917,0.2524825781583786,0.23155070671981032,0.2215909090909091,352
val_select,20,global_T_corrected,equal_mass,2,0.2524825781583786,0.29347240924835205,0.27321013816716994,0.2556818181818182,352
val_select,20,global_T_corrected,equal_mass,3,0.29347240924835205,0.33102525770664215,0.31282057900997723,0.32954545454545453,352
val_select,20,global_T_corrected,equal_mass,4,0.33102525770664215,0.36762937903404236,0.34947206714952533,0.3806818181818182,352
val_select,20,global_T_corrected,equal_mass,5,0.36762937903404236,0.41163399815559387,0.3874841012399305,0.39488636363636365,352
val_select,20,global_T_corrected,equal_mass,6,0.41163399815559387,0.45284317433834076,0.4315158777277578,0.4346590909090909,352
val_select,20,global_T_corrected,equal_mass,7,0.45284317433834076,0.5042853355407715,0.4777625180337652,0.5637393767705382,353
val_select,20,global_T_corrected,equal_mass,8,0.5042853355407715,0.5608239471912384,0.5324261413717811,0.5625,352
val_select,20,global_T_corrected,equal_mass,9,0.5608239471912384,0.6274749934673309,0.5931325278837573,0.625,352
val_select,20,global_T_corrected,equal_mass,10,0.6274749934673309,0.7051909863948822,0.6654931958764791,0.7528409090909091,352
val_select,20,global_T_corrected,equal_mass,11,0.7051909863948822,0.7898280322551727,0.745124740018086,0.8011363636363636,352
val_select,20,global_T_corrected,equal_mass,12,0.7898280322551727,0.881780743598938,0.8386724640361287,0.9034090909090909,352
val_select,20,global_T_corrected,equal_mass,13,0.881780743598938,0.9603164196014404,0.9251269335773858,0.9715909090909091,352
val_select,20,global_T_corrected,equal_mass,14,0.9603164196014404,1.0,0.9852271934406616,0.9943342776203966,353
val_select,20,oracle_T_K,equal_width,0,0.0,0.06666666666666667,0.0,0.0,0
val_select,20,oracle_T_K,equal_width,1,0.06666666666666667,0.13333333333333333,0.12148428739358981,0.041666666666666664,24
val_select,20,oracle_T_K,equal_width,2,0.13333333333333333,0.2,0.1763179592880202,0.22633744855967078,243
val_select,20,oracle_T_K,equal_width,3,0.2,0.26666666666666666,0.23556822611212488,0.23421588594704684,491
val_select,20,oracle_T_K,equal_width,4,0.26666666666666666,0.3333333333333333,0.30043193398356643,0.2876949740034662,577
val_select,20,oracle_T_K,equal_width,5,0.3333333333333333,0.4,0.3656365777087676,0.37987012987012986,616
val_select,20,oracle_T_K,equal_width,6,0.4,0.4666666666666667,0.43444064095842116,0.4337121212121212,528
val_select,20,oracle_T_K,equal_width,7,0.4666666666666667,0.5333333333333333,0.4996016976313359,0.5452436194895591,431
val_select,20,oracle_T_K,equal_width,8,0.5333333333333333,0.6,0.5653609732016729,0.5762273901808785,387
val_select,20,oracle_T_K,equal_width,9,0.6,0.6666666666666666,0.6316169035324002,0.6842105263157895,323
val_select,20,oracle_T_K,equal_width,10,0.6666666666666666,0.7333333333333333,0.7002625093338596,0.7802547770700637,314
val_select,20,oracle_T_K,equal_width,11,0.7333333333333333,0.8,0.7671466520165696,0.7941176470588235,272
val_select,20,oracle_T_K,equal_width,12,0.8,0.8666666666666667,0.8343804751123701,0.8816326530612245,245
val_select,20,oracle_T_K,equal_width,13,0.8666666666666667,0.9333333333333333,0.9015030212499,0.9527027027027027,296
val_select,20,oracle_T_K,equal_width,14,0.9333333333333333,1.0,0.9755057137703227,0.9887850467289719,535
val_select,20,oracle_T_K,equal_mass,0,0.0,0.21399763971567154,0.1800201061732051,0.22727272727272727,352
val_select,20,oracle_T_K,equal_mass,1,0.21399763971567154,0.26000238955020905,0.2381669658405537,0.22727272727272727,352
val_select,20,oracle_T_K,equal_mass,2,0.26000238955020905,0.30155301094055176,0.28097727496854286,0.2585227272727273,352
val_select,20,oracle_T_K,equal_mass,3,0.30155301094055176,0.3408353477716446,0.32180694761601364,0.32386363636363635,352
val_select,20,oracle_T_K,equal_mass,4,0.3408353477716446,0.3784629702568054,0.359519262120805,0.3806818181818182,352
val_select,20,oracle_T_K,equal_mass,5,0.3784629702568054,0.4234878718852997,0.3985950857908888,0.38920454545454547,352
val_select,20,oracle_T_K,equal_mass,6,0.4234878718852997,0.46492353081703186,0.4436540590937842,0.4431818181818182,352
val_select,20,oracle_T_K,equal_mass,7,0.46492353081703186,0.5182033181190491,0.49114041515855544,0.5580736543909348,353
val_select,20,oracle_T_K,equal_mass,8,0.5182033181190491,0.5760878622531891,0.546887118877335,0.5710227272727273,352
val_select,20,oracle_T_K,equal_mass,9,0.5760878622531891,0.6433394849300385,0.6091125954619863,0.6193181818181818,352
val_select,20,oracle_T_K,equal_mass,10,0.6433394849300385,0.7226638495922089,0.6827390837398443,0.7670454545454546,352
val_select,20,oracle_T_K,equal_mass,11,0.7226638495922089,0.8048434853553772,0.7622340780428865,0.7897727272727273,352
val_select,20,oracle_T_K,equal_mass,12,0.8048434853553772,0.8953229784965515,0.853257157755169,0.9034090909090909,352
val_select,20,oracle_T_K,equal_mass,13,0.8953229784965515,0.9665516018867493,0.9343344377861782,0.9715909090909091,352
val_select,20,oracle_T_K,equal_mass,14,0.9665516018867493,1.0,0.9877748999311972,0.9943342776203966,353
val_select,50,native,equal_width,0,0.0,0.06666666666666667,0.06188978378971418,0.0,15
val_select,50,native,equal_width,1,0.06666666666666667,0.13333333333333333,0.10915932785387865,0.1475826972010178,393
val_select,50,native,equal_width,2,0.13333333333333333,0.2,0.16762087429631758,0.15558343789209536,797
val_select,50,native,equal_width,3,0.2,0.26666666666666666,0.23319252468689555,0.2502951593860685,847
val_select,50,native,equal_width,4,0.26666666666666666,0.3333333333333333,0.29827583769717847,0.31626506024096385,664
val_select,50,native,equal_width,5,0.3333333333333333,0.4,0.36633404536830366,0.41025641025641024,507
val_select,50,native,equal_width,6,0.4,0.4666666666666667,0.4324334618999518,0.4844124700239808,417
val_select,50,native,equal_width,7,0.4666666666666667,0.5333333333333333,0.49994080421427584,0.5740181268882175,331
val_select,50,native,equal_width,8,0.5333333333333333,0.6,0.5644906241764394,0.6782945736434108,258
val_select,50,native,equal_width,9,0.6,0.6666666666666666,0.6293938750312442,0.6666666666666666,210
val_select,50,native,equal_width,10,0.6666666666666666,0.7333333333333333,0.6996726645044533,0.7530120481927711,166
val_select,50,native,equal_width,11,0.7333333333333333,0.8,0.7646955537796021,0.82,150
val_select,50,native,equal_width,12,0.8,0.8666666666666667,0.8331538810358419,0.9545454545454546,154
val_select,50,native,equal_width,13,0.8666666666666667,0.9333333333333333,0.8998494426879657,0.9230769230769231,169
val_select,50,native,equal_width,14,0.9333333333333333,1.0,0.9718812733304267,0.9852941176470589,204
val_select,50,native,equal_mass,0,0.0,0.1277296468615532,0.10367282110647383,0.13352272727272727,352
val_select,50,native,equal_mass,1,0.1277296468615532,0.15957710891962051,0.144381549294022,0.14204545454545456,352
val_select,50,native,equal_mass,2,0.15957710891962051,0.18775710463523865,0.1737936131910167,0.17613636363636365,352
val_select,50,native,equal_mass,3,0.18775710463523865,0.21582258492708206,0.2018661676398055,0.17613636363636365,352
val_select,50,native,equal_mass,4,0.21582258492708206,0.24345512688159943,0.22992842098359356,0.2755681818181818,352
val_select,50,native,equal_mass,5,0.24345512688159943,0.2720368951559067,0.25742020419883455,0.2556818181818182,352
val_select,50,native,equal_mass,6,0.2720368951559067,0.3053644001483917,0.28845433992418373,0.29545454545454547,352
val_select,50,native,equal_mass,7,0.3053644001483917,0.3465456962585449,0.3249058061551102,0.36827195467422097,353
val_select,50,native,equal_mass,8,0.3465456962585449,0.39309336245059967,0.36926579974930396,0.40625,352
val_select,50,native,equal_mass,9,0.39309336245059967,0.4474942088127136,0.4185322259905671,0.46153846153846156,351
val_select,50,native,equal_mass,10,0.4474942088127136,0.5147219002246857,0.47866640854152,0.5609065155807366,353
val_select,50,native,equal_mass,11,0.5147219002246857,0.5989842116832733,0.5528165975754912,0.6590909090909091,352
val_select,50,native,equal_mass,12,0.5989842116832733,0.7221229374408722,0.6545531104711906,0.6968838526912181,353
val_select,50,native,equal_mass,13,0.7221229374408722,0.874510645866394,0.7979201338230035,0.8803418803418803,351
val_select,50,native,equal_mass,14,0.874510645866394,1.0,0.9431638000031707,0.9603399433427762,353
val_select,50,global_T_corrected,equal_width,0,0.0,0.06666666666666667,0.05989441261268579,0.07692307692307693,26
val_select,50,global_T_corrected,equal_width,1,0.06666666666666667,0.13333333333333333,0.10767108845688841,0.15257352941176472,544
val_select,50,global_T_corrected,equal_width,2,0.13333333333333333,0.2,0.16715435878918194,0.17465388711395102,939
val_select,50,global_T_corrected,equal_width,3,0.2,0.26666666666666666,0.23194732796613904,0.2837528604118993,874
val_select,50,global_T_corrected,equal_width,4,0.26666666666666666,0.3333333333333333,0.29847202100791037,0.3625,640
val_select,50,global_T_corrected,equal_width,5,0.3333333333333333,0.4,0.36542917636491484,0.4555084745762712,472
val_select,50,global_T_corrected,equal_width,6,0.4,0.4666666666666667,0.43118795263345794,0.547979797979798,396
val_select,50,global_T_corrected,equal_width,7,0.4666666666666667,0.5333333333333333,0.49731831396140924,0.6445182724252492,301
val_select,50,global_T_corrected,equal_width,8,0.5333333333333333,0.6,0.5650423762709273,0.6721991701244814,241
val_select,50,global_T_corrected,equal_width,9,0.6,0.6666666666666666,0.6338004061261063,0.7232704402515723,159
val_select,50,global_T_corrected,equal_width,10,0.6666666666666666,0.7333333333333333,0.6979688612782226,0.8571428571428571,147
val_select,50,global_T_corrected,equal_width,11,0.7333333333333333,0.8,0.7670640066160378,0.9078014184397163,141
val_select,50,global_T_corrected,equal_width,12,0.8,0.8666666666666667,0.8335271973646324,0.9389312977099237,131
val_select,50,global_T_corrected,equal_width,13,0.8666666666666667,0.9333333333333333,0.8990773397778707,0.9285714285714286,126
val_select,50,global_T_corrected,equal_width,14,0.9333333333333333,1.0,0.9700680531304459,1.0,145
val_select,50,global_T_corrected,equal_mass,0,0.0,0.11557406187057495,0.09375291348392652,0.13068181818181818,352
val_select,50,global_T_corrected,equal_mass,1,0.11557406187057495,0.14313986897468567,0.12983916536904871,0.14204545454545456,352
val_select,50,global_T_corrected,equal_mass,2,0.14313986897468567,0.16830557584762573,0.15568479624661533,0.17613636363636365,352
val_select,50,global_T_corrected,equal_mass,3,0.16830557584762573,0.19294843077659607,0.18098073025149378,0.19602272727272727,352
val_select,50,global_T_corrected,equal_mass,4,0.19294843077659607,0.21760950237512589,0.20543752200054852,0.2755681818181818,352
val_select,50,global_T_corrected,equal_mass,5,0.21760950237512589,0.24305804073810577,0.23054670136083255,0.25,352
val_select,50,global_T_corrected,equal_mass,6,0.24305804073810577,0.27345094084739685,0.2585628606357926,0.28895184135977336,353
val_select,50,global_T_corrected,equal_mass,7,0.27345094084739685,0.3102477490901947,0.2910877638562792,0.36182336182336183,351
val_select,50,global_T_corrected,equal_mass,8,0.3102477490901947,0.35431087017059326,0.3310702486180043,0.4192634560906516,353
val_select,50,global_T_corrected,equal_mass,9,0.35431087017059326,0.40367378294467926,0.3771983120929111,0.4715909090909091,352
val_select,50,global_T_corrected,equal_mass,10,0.40367378294467926,0.46332238614559174,0.4316193223507567,0.5596590909090909,352
val_select,50,global_T_corrected,equal_mass,11,0.46332238614559174,0.5432787537574768,0.4995631117543036,0.6477272727272727,352
val_select,50,global_T_corrected,equal_mass,12,0.5432787537574768,0.659612387418747,0.5943638968535445,0.6818181818181818,352
val_select,50,global_T_corrected,equal_mass,13,0.659612387418747,0.8263317048549652,0.7399493078900199,0.886039886039886,351
val_select,50,global_T_corrected,equal_mass,14,0.8263317048549652,1.0,0.9156017039118514,0.96045197740113,354
val_select,50,oracle_T_K,equal_width,0,0.0,0.06666666666666667,0.06129285623319447,0.0,16
val_select,50,oracle_T_K,equal_width,1,0.06666666666666667,0.13333333333333333,0.10900145213873613,0.14047619047619048,420
val_select,50,oracle_T_K,equal_width,2,0.13333333333333333,0.2,0.16746465400483743,0.16707616707616707,814
val_select,50,oracle_T_K,equal_width,3,0.2,0.26666666666666666,0.23261782994695973,0.2508751458576429,857
val_select,50,oracle_T_K,equal_width,4,0.26666666666666666,0.3333333333333333,0.298051804123776,0.32526475037821484,661
val_select,50,oracle_T_K,equal_width,5,0.3333333333333333,0.4,0.3665779363619138,0.410958904109589,511
val_select,50,oracle_T_K,equal_width,6,0.4,0.4666666666666667,0.43378793655966336,0.5,416
val_select,50,oracle_T_K,equal_width,7,0.4666666666666667,0.5333333333333333,0.5013964700958004,0.593167701863354,322
val_select,50,oracle_T_K,equal_width,8,0.5333333333333333,0.6,0.5654339298062961,0.659919028340081,247
val_select,50,oracle_T_K,equal_width,9,0.6,0.6666666666666666,0.6284795397459858,0.7171717171717171,198
val_select,50,oracle_T_K,equal_width,10,0.6666666666666666,0.7333333333333333,0.698792979997747,0.7352941176470589,170
val_select,50,oracle_T_K,equal_width,11,0.7333333333333333,0.8,0.7644769768063113,0.8489208633093526,139
val_select,50,oracle_T_K,equal_width,12,0.8,0.8666666666666667,0.8321218115728606,0.949685534591195,159
val_select,50,oracle_T_K,equal_width,13,0.8666666666666667,0.9333333333333333,0.9003343826495342,0.9316770186335404,161
val_select,50,oracle_T_K,equal_width,14,0.9333333333333333,1.0,0.9719247902251039,0.9842931937172775,191
val_select,50,oracle_T_K,equal_mass,0,0.0,0.12566901743412018,0.10186432415238497,0.13068181818181818,352
val_select,50,oracle_T_K,equal_mass,1,0.12566901743412018,0.15663181245326996,0.14174726770513438,0.14204545454545456,352
val_select,50,oracle_T_K,equal_mass,2,0.15663181245326996,0.18451790511608124,0.17050575473430482,0.17897727272727273,352
val_select,50,oracle_T_K,equal_mass,3,0.18451790511608124,0.21147125214338303,0.198059720156545,0.17897727272727273,352
val_select,50,oracle_T_K,equal_mass,4,0.21147125214338303,0.2391887754201889,0.22553932721811262,0.26988636363636365,352
val_select,50,oracle_T_K,equal_mass,5,0.2391887754201889,0.26717352867126465,0.25252748268063774,0.26988636363636365,352
val_select,50,oracle_T_K,equal_mass,6,0.26717352867126465,0.29927583038806915,0.2830592061985623,0.2840909090909091,352
val_select,50,oracle_T_K,equal_mass,7,0.29927583038806915,0.3400236964225769,0.3188534386603758,0.36827195467422097,353
val_select,50,oracle_T_K,equal_mass,8,0.3400236964225769,0.3866816312074661,0.3624505973844366,0.40625,352
val_select,50,oracle_T_K,equal_mass,9,0.3866816312074661,0.4388938546180725,0.41126928563145077,0.4659090909090909,352
val_select,50,oracle_T_K,equal_mass,10,0.4388938546180725,0.5040518343448639,0.47039868809621443,0.5625,352
val_select,50,oracle_T_K,equal_mass,11,0.5040518343448639,0.5892777740955353,0.5434306307949803,0.6505681818181818,352
val_select,50,oracle_T_K,equal_mass,12,0.5892777740955353,0.7113880217075348,0.6439736038446426,0.6960227272727273,352
val_select,50,oracle_T_K,equal_mass,13,0.7113880217075348,0.8654391467571259,0.7881133409047668,0.8835227272727273,352
val_select,50,oracle_T_K,equal_mass,14,0.8654391467571259,1.0,0.9389722919666733,0.9603399433427762,353
val_calib,5,native,equal_width,0,0.0,0.06666666666666667,0.0,0.0,0
val_calib,5,native,equal_width,1,0.06666666666666667,0.13333333333333333,0.0,0.0,0
val_calib,5,native,equal_width,2,0.13333333333333333,0.2,0.0,0.0,0
val_calib,5,native,equal_width,3,0.2,0.26666666666666666,0.26257142424583435,1.0,1
val_calib,5,native,equal_width,4,0.26666666666666666,0.3333333333333333,0.31410771489143374,0.24,25
val_calib,5,native,equal_width,5,0.3333333333333333,0.4,0.3723339324759454,0.3402061855670103,97
val_calib,5,native,equal_width,6,0.4,0.4666666666666667,0.4344989884467352,0.3904761904761905,210
val_calib,5,native,equal_width,7,0.4666666666666667,0.5333333333333333,0.5018710422444272,0.4924924924924925,333
val_calib,5,native,equal_width,8,0.5333333333333333,0.6,0.5655010858845841,0.5382513661202186,366
val_calib,5,native,equal_width,9,0.6,0.6666666666666666,0.6315601367271265,0.6201780415430267,337
val_calib,5,native,equal_width,10,0.6666666666666666,0.7333333333333333,0.7007419082096645,0.6885714285714286,350
val_calib,5,native,equal_width,11,0.7333333333333333,0.8,0.7667197373765328,0.7728531855955678,361
val_calib,5,native,equal_width,12,0.8,0.8666666666666667,0.833972548134625,0.8013392857142857,448
val_calib,5,native,equal_width,13,0.8666666666666667,0.9333333333333333,0.9020602324772053,0.8896925858951176,553
val_calib,5,native,equal_width,14,0.9333333333333333,1.0,0.9855734295068785,0.9804651162790697,2150
val_calib,5,native,equal_mass,0,0.0,0.47120141983032227,0.4095122081109847,0.3735632183908046,348
val_calib,5,native,equal_mass,1,0.47120141983032227,0.5389904081821442,0.5063493080159654,0.49283667621776506,349
val_calib,5,native,equal_mass,2,0.5389904081821442,0.6023549139499664,0.569527615107233,0.5444126074498568,349
val_calib,5,native,equal_mass,3,0.6023549139499664,0.6716218888759613,0.6354057871299106,0.622478386167147,347
val_calib,5,native,equal_mass,4,0.6716218888759613,0.7375614941120148,0.70527850321361,0.6971428571428572,350
val_calib,5,native,equal_mass,5,0.7375614941120148,0.8015209436416626,0.77002341340811,0.7679083094555874,349
val_calib,5,native,equal_mass,6,0.8015209436416626,0.8555606305599213,0.8281818300400218,0.7994269340974212,349
val_calib,5,native,equal_mass,7,0.8555606305599213,0.9001270234584808,0.8785048947594631,0.8879310344827587,348
val_calib,5,native,equal_mass,8,0.9001270234584808,0.9390276968479156,0.9210871741559922,0.8911174785100286,349
val_calib,5,native,equal_mass,9,0.9390276968479156,0.967527449131012,0.9539293843217429,0.9369627507163324,349
val_calib,5,native,equal_mass,10,0.967527449131012,0.9863874912261963,0.9782470309290299,0.9541547277936963,349
val_calib,5,native,equal_mass,11,0.9863874912261963,0.995918333530426,0.9915352436317795,0.9942528735632183,348
val_calib,5,native,equal_mass,12,0.995918333530426,0.9993188083171844,0.9980173150242913,0.997134670487106,349
val_calib,5,native,equal_mass,13,0.9993188083171844,0.9999848008155823,0.9997918381430637,1.0,348
val_calib,5,native,equal_mass,14,0.9999848008155823,1.0,0.9999979092393603,1.0,350
val_calib,5,global_T_corrected,equal_width,0,0.0,0.06666666666666667,0.0,0.0,0
val_calib,5,global_T_corrected,equal_width,1,0.06666666666666667,0.13333333333333333,0.0,0.0,0
val_calib,5,global_T_corrected,equal_width,2,0.13333333333333333,0.2,0.0,0.0,0
val_calib,5,global_T_corrected,equal_width,3,0.2,0.26666666666666666,0.2566159665584564,1.0,1
val_calib,5,global_T_corrected,equal_width,4,0.26666666666666666,0.3333333333333333,0.30932193609976,0.3548387096774194,31
val_calib,5,global_T_corrected,equal_width,5,0.3333333333333333,0.4,0.3710669315778292,0.33076923076923076,130
val_calib,5,global_T_corrected,equal_width,6,0.4,0.4666666666666667,0.43440127019979513,0.4326530612244898,245
val_calib,5,global_T_corrected,equal_width,7,0.4666666666666667,0.5333333333333333,0.5024411195451445,0.4808743169398907,366
val_calib,5,global_T_corrected,equal_width,8,0.5333333333333333,0.6,0.5655041584624579,0.5845771144278606,402
val_calib,5,global_T_corrected,equal_width,9,0.6,0.6666666666666666,0.6338107241638775,0.6551724137931034,348
val_calib,5,global_T_corrected,equal_width,10,0.6666666666666666,0.7333333333333333,0.7007406434369465,0.7195767195767195,378
val_calib,5,global_T_corrected,equal_width,11,0.7333333333333333,0.8,0.7681624785254273,0.7746835443037975,395
val_calib,5,global_T_corrected,equal_width,12,0.8,0.8666666666666667,0.8346025974153151,0.8736141906873615,451
val_calib,5,global_T_corrected,equal_width,13,0.8666666666666667,0.9333333333333333,0.9032036208680698,0.8910714285714286,560
val_calib,5,global_T_corrected,equal_width,14,0.9333333333333333,1.0,0.9852325670002899,0.9875259875259875,1924
val_calib,5,global_T_corrected,equal_mass,0,0.0,0.45243288576602936,0.3947500479461133,0.3649425287356322,348
val_calib,5,global_T_corrected,equal_mass,1,0.45243288576602936,0.5219116806983948,0.4897294131595972,0.49570200573065903,349
val_calib,5,global_T_corrected,equal_mass,2,0.5219116806983948,0.5768720805644989,0.5488674543306957,0.5358166189111748,349
val_calib,5,global_T_corrected,equal_mass,3,0.5768720805644989,0.6415719389915466,0.6092957253086155,0.6293103448275862,348
val_calib,5,global_T_corrected,equal_mass,4,0.6415719389915466,0.7054486572742462,0.6748883107671765,0.7163323782234957,349
val_calib,5,global_T_corrected,equal_mass,5,0.7054486572742462,0.7683554887771606,0.7373298662781373,0.7535816618911175,349
val_calib,5,global_T_corrected,equal_mass,6,0.7683554887771606,0.8225176334381104,0.7954255714799067,0.8080229226361032,349
val_calib,5,global_T_corrected,equal_mass,7,0.8225176334381104,0.8732103705406189,0.8482638198411327,0.8793103448275862,348
val_calib,5,global_T_corrected,equal_mass,8,0.8732103705406189,0.9179172217845917,0.8959881161208822,0.8939828080229226,349
val_calib,5,global_T_corrected,equal_mass,9,0.9179172217845917,0.9516063630580902,0.935126241947655,0.9369627507163324,349
val_calib,5,global_T_corrected,equal_mass,10,0.9516063630580902,0.9776379764080048,0.9665662837575022,0.9598853868194842,349
val_calib,5,global_T_corrected,equal_mass,11,0.9776379764080048,0.9924677908420563,0.9856338781872015,0.9885057471264368,348
val_calib,5,global_T_corrected,equal_mass,12,0.9924677908420563,0.99846151471138,0.9961078742513684,0.997134670487106,349
val_calib,5,global_T_corrected,equal_mass,13,0.99846151471138,0.9999485015869141,0.9994969374812435,1.0,349
val_calib,5,global_T_corrected,equal_mass,14,0.9999485015869141,1.0,0.9999923659942211,1.0,349
val_calib,5,oracle_T_K,equal_width,0,0.0,0.06666666666666667,0.0,0.0,0
val_calib,5,oracle_T_K,equal_width,1,0.06666666666666667,0.13333333333333333,0.0,0.0,0
val_calib,5,oracle_T_K,equal_width,2,0.13333333333333333,0.2,0.0,0.0,0
val_calib,5,oracle_T_K,equal_width,3,0.2,0.26666666666666666,0.2553463280200958,1.0,1
val_calib,5,oracle_T_K,equal_width,4,0.26666666666666666,0.3333333333333333,0.30932683979763703,0.35294117647058826,34
val_calib,5,oracle_T_K,equal_width,5,0.3333333333333333,0.4,0.37186658868552946,0.3404255319148936,141
val_calib,5,oracle_T_K,equal_width,6,0.4,0.4666666666666667,0.434293803621511,0.430327868852459,244
val_calib,5,oracle_T_K,equal_width,7,0.4666666666666667,0.5333333333333333,0.5018871455040788,0.4880636604774536,377
val_calib,5,oracle_T_K,equal_width,8,0.5333333333333333,0.6,0.5649654370268088,0.5823095823095823,407
val_calib,5,oracle_T_K,equal_width,9,0.6,0.6666666666666666,0.6337360801831098,0.6647887323943662,355
val_calib,5,oracle_T_K,equal_width,10,0.6666666666666666,0.7333333333333333,0.6999727315232356,0.7320954907161804,377
val_calib,5,oracle_T_K,equal_width,11,0.7333333333333333,0.8,0.7670326587875783,0.7816377171215881,403
val_calib,5,oracle_T_K,equal_width,12,0.8,0.8666666666666667,0.8340330126521351,0.8703296703296703,455
val_calib,5,oracle_T_K,equal_width,13,0.8666666666666667,0.9333333333333333,0.9025984023837457,0.9023508137432188,553
val_calib,5,oracle_T_K,equal_width,14,0.9333333333333333,1.0,0.9849375142792988,0.9883227176220807,1884
val_calib,5,oracle_T_K,equal_mass,0,0.0,0.4489450454711914,0.391506425351247,0.3649425287356322,348
val_calib,5,oracle_T_K,equal_mass,1,0.4489450454711914,0.5183516144752502,0.4858875482164345,0.501432664756447,349
val_calib,5,oracle_T_K,equal_mass,2,0.5183516144752502,0.5718372762203217,0.544375730961305,0.5272206303724928,349
val_calib,5,oracle_T_K,equal_mass,3,0.5718372762203217,0.6355297267436981,0.6035536558463656,0.6293103448275862,348
val_calib,5,oracle_T_K,equal_mass,4,0.6355297267436981,0.6985946893692017,0.6681569464568764,0.7191977077363897,349
val_calib,5,oracle_T_K,equal_mass,5,0.6985946893692017,0.760922908782959,0.7300162947280359,0.7621776504297995,349
val_calib,5,oracle_T_K,equal_mass,6,0.760922908782959,0.8152283132076263,0.7878041827576209,0.7965616045845272,349
val_calib,5,oracle_T_K,equal_mass,7,0.8152283132076263,0.865483433008194,0.8411267197680199,0.8764367816091954,348
val_calib,5,oracle_T_K,equal_mass,8,0.865483433008194,0.9125471413135529,0.8898285166240353,0.8968481375358166,349
val_calib,5,oracle_T_K,equal_mass,9,0.9125471413135529,0.947724461555481,0.9302696070109291,0.9396551724137931,348
val_calib,5,oracle_T_K,equal_mass,10,0.947724461555481,0.9751662909984589,0.9633577523912702,0.96,350
val_calib,5,oracle_T_K,equal_mass,11,0.9751662909984589,0.9914020597934723,0.9839412773820175,0.9885057471264368,348
val_calib,5,oracle_T_K,equal_mass,12,0.9914020597934723,0.9981736242771149,0.9955118623025779,0.997134670487106,349
val_calib,5,oracle_T_K,equal_mass,13,0.9981736242771149,0.9999338090419769,0.9993932380375684,1.0,349
val_calib,5,oracle_T_K,equal_mass,14,0.9999338090419769,1.0,0.9999899170801769,1.0,349
val_calib,10,native,equal_width,0,0.0,0.06666666666666667,0.0,0.0,0
val_calib,10,native,equal_width,1,0.06666666666666667,0.13333333333333333,0.0,0.0,0
val_calib,10,native,equal_width,2,0.13333333333333333,0.2,0.18868593722581864,0.2,10
val_calib,10,native,equal_width,3,0.2,0.26666666666666666,0.23997996658086776,0.25,100
val_calib,10,native,equal_width,4,0.26666666666666666,0.3333333333333333,0.3055393626876906,0.34509803921568627,255
val_calib,10,native,equal_width,5,0.3333333333333333,0.4,0.3689013194905018,0.35097493036211697,359
val_calib,10,native,equal_width,6,0.4,0.4666666666666667,0.4342832301876375,0.4330357142857143,448
val_calib,10,native,equal_width,7,0.4666666666666667,0.5333333333333333,0.5013083869017629,0.4767932489451477,474
val_calib,10,native,equal_width,8,0.5333333333333333,0.6,0.565501273311121,0.5902335456475584,471
val_calib,10,native,equal_width,9,0.6,0.6666666666666666,0.6336951746841787,0.6113989637305699,386
val_calib,10,native,equal_width,10,0.6666666666666666,0.7333333333333333,0.698648249137335,0.6815642458100558,358
val_calib,10,native,equal_width,11,0.7333333333333333,0.8,0.7647739763845477,0.7777777777777778,342
val_calib,10,native,equal_width,12,0.8,0.8666666666666667,0.8330739763505915,0.8430851063829787,376
val_calib,10,native,equal_width,13,0.8666666666666667,0.9333333333333333,0.9042156795660655,0.8888888888888888,450
val_calib,10,native,equal_width,14,0.9333333333333333,1.0,0.9795715128026667,0.978369384359401,1202
val_calib,10,native,equal_mass,0,0.0,0.32999780774116516,0.28206630278078987,0.3160919540229885,348
val_calib,10,native,equal_mass,1,0.32999780774116516,0.39494185149669647,0.3648946354416517,0.34097421203438394,349
val_calib,10,native,equal_mass,2,0.39494185149669647,0.4514959156513214,0.4225009305770896,0.40974212034383956,349
val_calib,10,native,equal_mass,3,0.4514959156513214,0.5001236200332642,0.47469824843708125,0.49712643678160917,348
val_calib,10,native,equal_mass,4,0.5001236200332642,0.5462743937969208,0.5230191696680719,0.48424068767908307,349
val_calib,10,native,equal_mass,5,0.5462743937969208,0.5951494872570038,0.5705940627778499,0.5902578796561605,349
val_calib,10,native,equal_mass,6,0.5951494872570038,0.6551167368888855,0.6262189558037372,0.6160458452722063,349
val_calib,10,native,equal_mass,7,0.6551167368888855,0.7177065312862396,0.6862819499668034,0.6982758620689655,348
val_calib,10,native,equal_mass,8,0.7177065312862396,0.7867678701877594,0.7514108202518911,0.7249283667621776,349
val_calib,10,native,equal_mass,9,0.7867678701877594,0.8502928018569946,0.8189654500573276,0.8223495702005731,349
val_calib,10,native,equal_mass,10,0.8502928018569946,0.9111762344837189,0.8824318570309672,0.8706896551724138,348
val_calib,10,native,equal_mass,11,0.9111762344837189,0.9496492147445679,0.9305026485107006,0.9255014326647565,349
val_calib,10,native,equal_mass,12,0.9496492147445679,0.9804316163063049,0.9661071437136151,0.9770773638968482,349
val_calib,10,native,equal_mass,13,0.9804316163063049,0.9969519376754761,0.9902773986231632,0.9856733524355301,349
val_calib,10,native,equal_mass,14,0.9969519376754761,1.0,0.9992612219471645,1.0,349
val_calib,10,global_T_corrected,equal_width,0,0.0,0.06666666666666667,0.0,0.0,0
val_calib,10,global_T_corrected,equal_width,1,0.06666666666666667,0.13333333333333333,0.0,0.0,0
val_calib,10,global_T_corrected,equal_width,2,0.13333333333333333,0.2,0.18788750704966092,0.15789473684210525,19
val_calib,10,global_T_corrected,equal_width,3,0.2,0.26666666666666666,0.23991721926271453,0.27906976744186046,129
val_calib,10,global_T_corrected,equal_width,4,0.26666666666666666,0.3333333333333333,0.3034957239803034,0.34824281150159747,313
val_calib,10,global_T_corrected,equal_width,5,0.3333333333333333,0.4,0.3694784521499527,0.3855140186915888,428
val_calib,10,global_T_corrected,equal_width,6,0.4,0.4666666666666667,0.4334442996566805,0.46004319654427644,463
val_calib,10,global_T_corrected,equal_width,7,0.4666666666666667,0.5333333333333333,0.49949458141730524,0.5078740157480315,508
val_calib,10,global_T_corrected,equal_width,8,0.5333333333333333,0.6,0.5651684232756623,0.5982905982905983,468
val_calib,10,global_T_corrected,equal_width,9,0.6,0.6666666666666666,0.6324242423288524,0.6822916666666666,384
val_calib,10,global_T_corrected,equal_width,10,0.6666666666666666,0.7333333333333333,0.6983324321453783,0.7196765498652291,371
val_calib,10,global_T_corrected,equal_width,11,0.7333333333333333,0.8,0.7680294058539651,0.796969696969697,330
val_calib,10,global_T_corrected,equal_width,12,0.8,0.8666666666666667,0.8335868310384941,0.8575498575498576,351
val_calib,10,global_T_corrected,equal_width,13,0.8666666666666667,0.9333333333333333,0.9025002515922158,0.9279661016949152,472
val_calib,10,global_T_corrected,equal_width,14,0.9333333333333333,1.0,0.9793757299082962,0.9879396984924623,995
val_calib,10,global_T_corrected,equal_mass,0,0.0,0.3125871270895004,0.26720659755941095,0.3017241379310345,348
val_calib,10,global_T_corrected,equal_mass,1,0.3125871270895004,0.3742137849330902,0.3448733032432873,0.3753581661891118,349
val_calib,10,global_T_corrected,equal_mass,2,0.3742137849330902,0.424784392118454,0.3985882115398232,0.4183381088825215,349
val_calib,10,global_T_corrected,equal_mass,3,0.424784392118454,0.4719049036502838,0.4470628244780946,0.47126436781609193,348
val_calib,10,global_T_corrected,equal_mass,4,0.4719049036502838,0.5168200731277466,0.4944343506265165,0.4813753581661891,349
val_calib,10,global_T_corrected,equal_mass,5,0.5168200731277466,0.5644874572753906,0.5403346923155907,0.5816618911174785,349
val_calib,10,global_T_corrected,equal_mass,6,0.5644874572753906,0.6196377277374268,0.5913060338244397,0.6275071633237822,349
val_calib,10,global_T_corrected,equal_mass,7,0.6196377277374268,0.6779082715511322,0.648322973957007,0.6839080459770115,348
val_calib,10,global_T_corrected,equal_mass,8,0.6779082715511322,0.7470348179340363,0.7108420104556917,0.7392550143266475,349
val_calib,10,global_T_corrected,equal_mass,9,0.7470348179340363,0.8111144304275513,0.7802982769244722,0.828080229226361,349
val_calib,10,global_T_corrected,equal_mass,10,0.8111144304275513,0.8804591596126556,0.8479616708605201,0.8681948424068768,349
val_calib,10,global_T_corrected,equal_mass,11,0.8804591596126556,0.9276323914527893,0.9041248943613863,0.9224137931034483,348
val_calib,10,global_T_corrected,equal_mass,12,0.9276323914527893,0.9690180718898773,0.9490504066718684,0.9742120343839542,349
val_calib,10,global_T_corrected,equal_mass,13,0.9690180718898773,0.99370938539505,0.9833939681763635,0.9856733524355301,349
val_calib,10,global_T_corrected,equal_mass,14,0.99370938539505,1.0,0.9984276175157388,1.0,349
val_calib,10,oracle_T_K,equal_width,0,0.0,0.06666666666666667,0.0,0.0,0
val_calib,10,oracle_T_K,equal_width,1,0.06666666666666667,0.13333333333333333,0.0,0.0,0
val_calib,10,oracle_T_K,equal_width,2,0.13333333333333333,0.2,0.18845702956120172,0.16666666666666666,18
val_calib,10,oracle_T_K,equal_width,3,0.2,0.26666666666666666,0.23894227377506866,0.2605042016806723,119
val_calib,10,oracle_T_K,equal_width,4,0.26666666666666666,0.3333333333333333,0.30324166289810994,0.3592233009708738,309
val_calib,10,oracle_T_K,equal_width,5,0.3333333333333333,0.4,0.36943334291141,0.3708133971291866,418
val_calib,10,oracle_T_K,equal_width,6,0.4,0.4666666666666667,0.4341664774331457,0.4584221748400853,469
val_calib,10,oracle_T_K,equal_width,7,0.4666666666666667,0.5333333333333333,0.5005042641936897,0.5090180360721442,499
val_calib,10,oracle_T_K,equal_width,8,0.5333333333333333,0.6,0.5654064900931736,0.591792656587473,463
val_calib,10,oracle_T_K,equal_width,9,0.6,0.6666666666666666,0.6325236196701344,0.6641025641025641,390
val_calib,10,oracle_T_K,equal_width,10,0.6666666666666666,0.7333333333333333,0.6995451026883266,0.7265415549597856,373
val_calib,10,oracle_T_K,equal_width,11,0.7333333333333333,0.8,0.7683300013922475,0.8006134969325154,326
val_calib,10,oracle_T_K,equal_width,12,0.8,0.8666666666666667,0.8333499419655022,0.8538681948424068,349
val_calib,10,oracle_T_K,equal_width,13,0.8666666666666667,0.9333333333333333,0.9021444709570423,0.9168443496801706,469
val_calib,10,oracle_T_K,equal_width,14,0.9333333333333333,1.0,0.9791428621123437,0.9873663751214772,1029
val_calib,10,oracle_T_K,equal_mass,0,0.0,0.3150007873773575,0.26930526202951355,0.3017241379310345,348
val_calib,10,oracle_T_K,equal_mass,1,0.3150007873773575,0.3774971514940262,0.347749043757731,0.36103151862464183,349
val_calib,10,oracle_T_K,equal_mass,2,0.3774971514940262,0.42856764793395996,0.4019674797966692,0.42406876790830944,349
val_calib,10,oracle_T_K,equal_mass,3,0.42856764793395996,0.4751158505678177,0.45109965549460773,0.47126436781609193,348
val_calib,10,oracle_T_K,equal_mass,4,0.4751158505678177,0.5213509202003479,0.49858136744075654,0.4899713467048711,349
val_calib,10,oracle_T_K,equal_mass,5,0.5213509202003479,0.5688681900501251,0.5446005335509948,0.5845272206303725,349
val_calib,10,oracle_T_K,equal_mass,6,0.5688681900501251,0.6249632239341736,0.5962602491023548,0.6131805157593123,349
val_calib,10,oracle_T_K,equal_mass,7,0.6249632239341736,0.6839472055435181,0.6538056774043489,0.7011494252873564,348
val_calib,10,oracle_T_K,equal_mass,8,0.6839472055435181,0.7532642483711243,0.716707088202665,0.7306590257879656,349
val_calib,10,oracle_T_K,equal_mass,9,0.7532642483711243,0.8163737952709198,0.7860647144495245,0.833810888252149,349
val_calib,10,oracle_T_K,equal_mass,10,0.8163737952709198,0.88525390625,0.8532236664206387,0.8624641833810889,349
val_calib,10,oracle_T_K,equal_mass,11,0.88525390625,0.9311161637306213,0.9082853494361899,0.9252873563218391,348
val_calib,10,oracle_T_K,equal_mass,12,0.9311161637306213,0.9710337519645691,0.9518365596973452,0.9742120343839542,349
val_calib,10,oracle_T_K,equal_mass,13,0.9710337519645691,0.9943159818649292,0.9845808307215955,0.9856733524355301,349
val_calib,10,oracle_T_K,equal_mass,14,0.9943159818649292,1.0,0.998584620078177,1.0,349
val_calib,20,native,equal_width,0,0.0,0.06666666666666667,0.0,0.0,0
val_calib,20,native,equal_width,1,0.06666666666666667,0.13333333333333333,0.12320065604788917,0.21428571428571427,14
val_calib,20,native,equal_width,2,0.13333333333333333,0.2,0.17596172567989146,0.18452380952380953,168
val_calib,20,native,equal_width,3,0.2,0.26666666666666666,0.2363317496096604,0.24105011933174225,419
val_calib,20,native,equal_width,4,0.26666666666666666,0.3333333333333333,0.2998906696657483,0.289568345323741,556
val_calib,20,native,equal_width,5,0.3333333333333333,0.4,0.36579167105818305,0.34946236559139787,558
val_calib,20,native,equal_width,6,0.4,0.4666666666666667,0.43091789659594953,0.44090056285178236,533
val_calib,20,native,equal_width,7,0.4666666666666667,0.5333333333333333,0.49937069213136714,0.49148936170212765,470
val_calib,20,native,equal_width,8,0.5333333333333333,0.6,0.5656609799226989,0.5842391304347826,368
val_calib,20,native,equal_width,9,0.6,0.6666666666666666,0.6321907136175368,0.653968253968254,315
val_calib,20,native,equal_width,10,0.6666666666666666,0.7333333333333333,0.6997295672433418,0.6877192982456141,285
val_calib,20,native,equal_width,11,0.7333333333333333,0.8,0.7691686784984261,0.7582781456953642,302
val_calib,20,native,equal_width,12,0.8,0.8666666666666667,0.8324637676107473,0.8448275862068966,290
val_calib,20,native,equal_width,13,0.8666666666666667,0.9333333333333333,0.9009679719547316,0.9364161849710982,346
val_calib,20,native,equal_width,14,0.9333333333333333,1.0,0.9736544951379201,0.9785831960461285,607
val_calib,20,native,equal_mass,0,0.0,0.23026763647794724,0.19327490639755096,0.21264367816091953,348
val_calib,20,native,equal_mass,1,0.23026763647794724,0.28001660108566284,0.25582736862935446,0.2607449856733524,349
val_calib,20,native,equal_mass,2,0.28001660108566284,0.31780755519866943,0.29898062416680565,0.2693409742120344,349
val_calib,20,native,equal_mass,3,0.31780755519866943,0.36109673976898193,0.34015160011149,0.34195402298850575,348
val_calib,20,native,equal_mass,4,0.36109673976898193,0.403247594833374,0.381548661557173,0.36103151862464183,349
val_calib,20,native,equal_mass,5,0.403247594833374,0.4444652497768402,0.4221754288434299,0.42406876790830944,349
val_calib,20,native,equal_mass,6,0.4444652497768402,0.4934760332107544,0.4687893154115595,0.4899713467048711,349
val_calib,20,native,equal_mass,7,0.4934760332107544,0.5448859632015228,0.5186535554199383,0.4827586206896552,348
val_calib,20,native,equal_mass,8,0.5448859632015228,0.6075964868068695,0.576640333350545,0.6045845272206304,349
val_calib,20,native,equal_mass,9,0.6075964868068695,0.6850278675556183,0.647158649726037,0.673352435530086,349
val_calib,20,native,equal_mass,10,0.6850278675556183,0.7708156108856201,0.728345526494406,0.7163323782234957,349
val_calib,20,native,equal_mass,11,0.7708156108856201,0.8442470133304596,0.8057296736829582,0.7988505747126436,348
val_calib,20,native,equal_mass,12,0.8442470133304596,0.9159136414527893,0.8826348781585693,0.9169054441260746,349
val_calib,20,native,equal_mass,13,0.9159136414527893,0.9696263372898102,0.9455995038792192,0.9656160458452722,349
val_calib,20,native,equal_mass,14,0.9696263372898102,1.0,0.9888581498646122,0.9856733524355301,349
val_calib,20,global_T_corrected,equal_width,0,0.0,0.06666666666666667,0.0,0.0,0
val_calib,20,global_T_corrected,equal_width,1,0.06666666666666667,0.13333333333333333,0.12024501203136011,0.18181818181818182,22
val_calib,20,global_T_corrected,equal_width,2,0.13333333333333333,0.2,0.1736781560368352,0.19480519480519481,231
val_calib,20,global_T_corrected,equal_width,3,0.2,0.26666666666666666,0.23467414642421944,0.26601941747572816,515
val_calib,20,global_T_corrected,equal_width,4,0.26666666666666666,0.3333333333333333,0.29849938287635164,0.3188405797101449,621
val_calib,20,global_T_corrected,equal_width,5,0.3333333333333333,0.4,0.36582405893940634,0.38263665594855306,622
val_calib,20,global_T_corrected,equal_width,6,0.4,0.4666666666666667,0.43307755346472315,0.47058823529411764,493
val_calib,20,global_T_corrected,equal_width,7,0.4666666666666667,0.5333333333333333,0.49782891324813794,0.5121412803532008,453
val_calib,20,global_T_corrected,equal_width,8,0.5333333333333333,0.6,0.5664345529572717,0.6551724137931034,348
val_calib,20,global_T_corrected,equal_width,9,0.6,0.6666666666666666,0.6322322553396225,0.6733333333333333,300
val_calib,20,global_T_corrected,equal_width,10,0.6666666666666666,0.7333333333333333,0.7014896173226206,0.7578947368421053,285
val_calib,20,global_T_corrected,equal_width,11,0.7333333333333333,0.8,0.7654058949152629,0.79,300
val_calib,20,global_T_corrected,equal_width,12,0.8,0.8666666666666667,0.834913239496924,0.9101123595505618,267
val_calib,20,global_T_corrected,equal_width,13,0.8666666666666667,0.9333333333333333,0.9005183573629035,0.9508196721311475,305
val_calib,20,global_T_corrected,equal_width,14,0.9333333333333333,1.0,0.9714143823967305,0.9893390191897654,469
val_calib,20,global_T_corrected,equal_mass,0,0.0,0.21310292184352875,0.17941203343028994,0.21264367816091953,348
val_calib,20,global_T_corrected,equal_mass,1,0.21310292184352875,0.2587854266166687,0.2364717717669413,0.25787965616045844,349
val_calib,20,global_T_corrected,equal_mass,2,0.2587854266166687,0.2955714017152786,0.27620554260674723,0.2693409742120344,349
val_calib,20,global_T_corrected,equal_mass,3,0.2955714017152786,0.3339446038007736,0.3140770160089964,0.3649425287356322,348
val_calib,20,global_T_corrected,equal_mass,4,0.3339446038007736,0.3704269528388977,0.35198018655052843,0.3753581661891118,349
val_calib,20,global_T_corrected,equal_mass,5,0.3704269528388977,0.41188253462314606,0.3894316385844375,0.3954154727793696,349
val_calib,20,global_T_corrected,equal_mass,6,0.41188253462314606,0.4573090970516205,0.43406056794191156,0.4785100286532951,349
val_calib,20,global_T_corrected,equal_mass,7,0.4573090970516205,0.5063287317752838,0.4810181440806937,0.46551724137931033,348
val_calib,20,global_T_corrected,equal_mass,8,0.5063287317752838,0.5671243071556091,0.5356807971752134,0.6246418338108882,349
val_calib,20,global_T_corrected,equal_mass,9,0.5671243071556091,0.6378003060817719,0.6019375763171724,0.670487106017192,349
val_calib,20,global_T_corrected,equal_mass,10,0.6378003060817719,0.7244323492050171,0.6806557082856624,0.7249283667621776,349
val_calib,20,global_T_corrected,equal_mass,11,0.7244323492050171,0.7990047931671143,0.7592683307740881,0.7931034482758621,348
val_calib,20,global_T_corrected,equal_mass,12,0.7990047931671143,0.8838888704776764,0.8432793673608228,0.9197707736389685,349
val_calib,20,global_T_corrected,equal_mass,13,0.8838888704776764,0.9529249668121338,0.9204728161024842,0.9598853868194842,349
val_calib,20,global_T_corrected,equal_mass,14,0.9529249668121338,1.0,0.981145660481002,0.9914040114613181,349
val_calib,20,oracle_T_K,equal_width,0,0.0,0.06666666666666667,0.0,0.0,0
val_calib,20,oracle_T_K,equal_width,1,0.06666666666666667,0.13333333333333333,0.12245278379746846,0.19047619047619047,21
val_calib,20,oracle_T_K,equal_width,2,0.13333333333333333,0.2,0.1749153417869679,0.18446601941747573,206
val_calib,20,oracle_T_K,equal_width,3,0.2,0.26666666666666666,0.23514302735443876,0.25840336134453784,476
val_calib,20,oracle_T_K,equal_width,4,0.26666666666666666,0.3333333333333333,0.29898140809752727,0.30413223140495865,605
val_calib,20,oracle_T_K,equal_width,5,0.3333333333333333,0.4,0.3672375000940472,0.3778501628664495,614
val_calib,20,oracle_T_K,equal_width,6,0.4,0.4666666666666667,0.4332530590479742,0.4649298597194389,499
val_calib,20,oracle_T_K,equal_width,7,0.4666666666666667,0.5333333333333333,0.4993174936745193,0.4945054945054945,455
val_calib,20,oracle_T_K,equal_width,8,0.5333333333333333,0.6,0.5656350591243842,0.6353276353276354,351
val_calib,20,oracle_T_K,equal_width,9,0.6,0.6666666666666666,0.632798119564915,0.6784565916398714,311
val_calib,20,oracle_T_K,equal_width,10,0.6666666666666666,0.7333333333333333,0.7004185554286211,0.7269372693726938,271
val_calib,20,oracle_T_K,equal_width,11,0.7333333333333333,0.8,0.7660894145568212,0.7724358974358975,312
val_calib,20,oracle_T_K,equal_width,12,0.8,0.8666666666666667,0.8342380143783905,0.8864468864468864,273
val_calib,20,oracle_T_K,equal_width,13,0.8666666666666667,0.9333333333333333,0.90033991421972,0.9596273291925466,322
val_calib,20,oracle_T_K,equal_width,14,0.9333333333333333,1.0,0.972325095273916,0.9805825242718447,515
val_calib,20,oracle_T_K,equal_mass,0,0.0,0.2190609648823738,0.1841612155709801,0.20977011494252873,348
val_calib,20,oracle_T_K,equal_mass,1,0.2190609648823738,0.26594042778015137,0.2431127420896104,0.2607449856733524,349
val_calib,20,oracle_T_K,equal_mass,2,0.26594042778015137,0.30329152941703796,0.2840668440377473,0.2722063037249284,349
val_calib,20,oracle_T_K,equal_mass,3,0.30329152941703796,0.34337325394153595,0.32309752480051984,0.3649425287356322,348
val_calib,20,oracle_T_K,equal_mass,4,0.34337325394153595,0.38173750042915344,0.3622133371481581,0.3495702005730659,349
val_calib,20,oracle_T_K,equal_mass,5,0.38173750042915344,0.4221295565366745,0.4006254417677663,0.4154727793696275,349
val_calib,20,oracle_T_K,equal_mass,6,0.4221295565366745,0.46909086406230927,0.44616067008166055,0.4871060171919771,349
val_calib,20,oracle_T_K,equal_mass,7,0.46909086406230927,0.5190548300743103,0.4942104985145317,0.4511494252873563,348
val_calib,20,oracle_T_K,equal_mass,8,0.5190548300743103,0.5801054835319519,0.549836869738505,0.6389684813753582,349
val_calib,20,oracle_T_K,equal_mass,9,0.5801054835319519,0.654390811920166,0.6177183358922046,0.6790830945558739,349
val_calib,20,oracle_T_K,equal_mass,10,0.654390811920166,0.7415511906147003,0.6975520685272435,0.7077363896848138,349
val_calib,20,oracle_T_K,equal_mass,11,0.7415511906147003,0.8153149783611298,0.7759712069541559,0.7988505747126436,348
val_calib,20,oracle_T_K,equal_mass,12,0.8153149783611298,0.895443856716156,0.8578008394528255,0.9169054441260746,349
val_calib,20,oracle_T_K,equal_mass,13,0.895443856716156,0.9593726694583893,0.930053818874851,0.9656160458452722,349
val_calib,20,oracle_T_K,equal_mass,14,0.9593726694583893,1.0,0.9842357915588641,0.9856733524355301,349
val_calib,50,native,equal_width,0,0.0,0.06666666666666667,0.0602564232216941,0.1111111111111111,9
val_calib,50,native,equal_width,1,0.06666666666666667,0.13333333333333333,0.11065871452452833,0.15211970074812967,401
val_calib,50,native,equal_width,2,0.13333333333333333,0.2,0.1688376129805287,0.16835443037974684,790
val_calib,50,native,equal_width,3,0.2,0.26666666666666666,0.23288783026539317,0.2361111111111111,792
val_calib,50,native,equal_width,4,0.26666666666666666,0.3333333333333333,0.2989862658893533,0.33537519142419603,653
val_calib,50,native,equal_width,5,0.3333333333333333,0.4,0.3651641596724668,0.37598425196850394,508
val_calib,50,native,equal_width,6,0.4,0.4666666666666667,0.4314453453626684,0.5053763440860215,372
val_calib,50,native,equal_width,7,0.4666666666666667,0.5333333333333333,0.49751397416135734,0.5736677115987461,319
val_calib,50,native,equal_width,8,0.5333333333333333,0.6,0.566554765275863,0.6282527881040892,269
val_calib,50,native,equal_width,9,0.6,0.6666666666666666,0.6335025361993096,0.740909090909091,220
val_calib,50,native,equal_width,10,0.6666666666666666,0.7333333333333333,0.6981993683493963,0.7128712871287128,202
val_calib,50,native,equal_width,11,0.7333333333333333,0.8,0.7624522536833656,0.8663101604278075,187
val_calib,50,native,equal_width,12,0.8,0.8666666666666667,0.8301179284273192,0.9302325581395349,172
val_calib,50,native,equal_width,13,0.8666666666666667,0.9333333333333333,0.9039845006194657,0.9520958083832335,167
val_calib,50,native,equal_width,14,0.9333333333333333,1.0,0.9730247900766484,0.9882352941176471,170
val_calib,50,native,equal_mass,0,0.0,0.1282249167561531,0.1057304606783664,0.14942528735632185,348
val_calib,50,native,equal_mass,1,0.1282249167561531,0.16132484376430511,0.1450817078009419,0.14942528735632185,348
val_calib,50,native,equal_mass,2,0.16132484376430511,0.1887533813714981,0.1745687471117292,0.18,350
val_calib,50,native,equal_mass,3,0.1887533813714981,0.21635916829109192,0.20185415827851186,0.21264367816091953,348
val_calib,50,native,equal_mass,4,0.21635916829109192,0.24548814445734024,0.23038906162140363,0.24355300859598855,349
val_calib,50,native,equal_mass,5,0.24548814445734024,0.2763899713754654,0.26037796567538407,0.2607449856733524,349
val_calib,50,native,equal_mass,6,0.2763899713754654,0.31112809479236603,0.2934770621679574,0.27507163323782235,349
val_calib,50,native,equal_mass,7,0.31112809479236603,0.3503672182559967,0.33026393845506097,0.382183908045977,348
val_calib,50,native,equal_mass,8,0.3503672182559967,0.3979693353176117,0.3731904466206843,0.3954154727793696,349
val_calib,50,native,equal_mass,9,0.3979693353176117,0.45722146332263947,0.4267696924400876,0.504297994269341,349
val_calib,50,native,equal_mass,10,0.45722146332263947,0.5309568047523499,0.49281397521666603,0.5702005730659025,349
val_calib,50,native,equal_mass,11,0.5309568047523499,0.6229100227355957,0.5746170590663778,0.632183908045977,348
val_calib,50,native,equal_mass,12,0.6229100227355957,0.7322730720043182,0.6751604618179081,0.7392550143266475,349
val_calib,50,native,equal_mass,13,0.7322730720043182,0.8619641363620758,0.7919429331675343,0.8936781609195402,348
val_calib,50,native,equal_mass,14,0.8619641363620758,1.0,0.9360225629806519,0.9714285714285714,350
val_calib,50,global_T_corrected,equal_width,0,0.0,0.06666666666666667,0.059268891592236125,0.11764705882352941,17
val_calib,50,global_T_corrected,equal_width,1,0.06666666666666667,0.13333333333333333,0.1074769668365744,0.14772727272727273,528
val_calib,50,global_T_corrected,equal_width,2,0.13333333333333333,0.2,0.16636156676418626,0.19743863393810032,937
val_calib,50,global_T_corrected,equal_width,3,0.2,0.26666666666666666,0.23198589629944,0.2545676004872107,821
val_calib,50,global_T_corrected,equal_width,4,0.26666666666666666,0.3333333333333333,0.29871856044160155,0.3597560975609756,656
val_calib,50,global_T_corrected,equal_width,5,0.3333333333333333,0.4,0.36608929640435156,0.4851063829787234,470
val_calib,50,global_T_corrected,equal_width,6,0.4,0.4666666666666667,0.43174313253559365,0.5504322766570605,347
val_calib,50,global_T_corrected,equal_width,7,0.4666666666666667,0.5333333333333333,0.49960330755023635,0.6237288135593221,295
val_calib,50,global_T_corrected,equal_width,8,0.5333333333333333,0.6,0.5647255092345435,0.7025862068965517,232
val_calib,50,global_T_corrected,equal_width,9,0.6,0.6666666666666666,0.6330645944737741,0.7013574660633484,221
val_calib,50,global_T_corrected,equal_width,10,0.6666666666666666,0.7333333333333333,0.697181511410447,0.8895348837209303,172
val_calib,50,global_T_corrected,equal_width,11,0.7333333333333333,0.8,0.764366084372091,0.8947368421052632,171
val_calib,50,global_T_corrected,equal_width,12,0.8,0.8666666666666667,0.8357189378495944,0.9661016949152542,118
val_calib,50,global_T_corrected,equal_width,13,0.8666666666666667,0.9333333333333333,0.8973176383972168,0.936,125
val_calib,50,global_T_corrected,equal_width,14,0.9333333333333333,1.0,0.9712701282225364,0.9917355371900827,121
val_calib,50,global_T_corrected,equal_mass,0,0.0,0.1155526153743267,0.09575811262916901,0.14080459770114942,348
val_calib,50,global_T_corrected,equal_mass,1,0.1155526153743267,0.1451270505785942,0.1305150520109857,0.15759312320916904,349
val_calib,50,global_T_corrected,equal_mass,2,0.1451270505785942,0.1687948778271675,0.15648884127679732,0.17765042979942694,349
val_calib,50,global_T_corrected,equal_mass,3,0.1687948778271675,0.19286663830280304,0.18070274771287523,0.22126436781609196,348
val_calib,50,global_T_corrected,equal_mass,4,0.19286663830280304,0.21901722252368927,0.20636113564401096,0.24068767908309455,349
val_calib,50,global_T_corrected,equal_mass,5,0.21901722252368927,0.24750793725252151,0.23353127507562282,0.2636103151862464,349
val_calib,50,global_T_corrected,equal_mass,6,0.24750793725252151,0.28023725748062134,0.2631776916946586,0.2808022922636103,349
val_calib,50,global_T_corrected,equal_mass,7,0.28023725748062134,0.3146401345729828,0.2964661229273369,0.3936781609195402,348
val_calib,50,global_T_corrected,equal_mass,8,0.3146401345729828,0.3576083183288574,0.3349607956614399,0.38968481375358166,349
val_calib,50,global_T_corrected,equal_mass,9,0.3576083183288574,0.4106242060661316,0.383409486373721,0.5128939828080229,349
val_calib,50,global_T_corrected,equal_mass,10,0.4106242060661316,0.4820784330368042,0.44331522734254003,0.5558739255014327,349
val_calib,50,global_T_corrected,equal_mass,11,0.4820784330368042,0.5628049373626709,0.5197836435560522,0.6551724137931034,348
val_calib,50,global_T_corrected,equal_mass,12,0.5628049373626709,0.6706540584564209,0.6161351591604829,0.7077363896848138,349
val_calib,50,global_T_corrected,equal_mass,13,0.6706540584564209,0.8106547594070435,0.7355280439969804,0.8968481375358166,349
val_calib,50,global_T_corrected,equal_mass,14,0.8106547594070435,1.0,0.9060361656896706,0.9656160458452722,349
val_calib,50,oracle_T_K,equal_width,0,0.0,0.06666666666666667,0.06069785322655331,0.09090909090909091,11
val_calib,50,oracle_T_K,equal_width,1,0.06666666666666667,0.13333333333333333,0.11027051698654255,0.15130023640661938,423
val_calib,50,oracle_T_K,equal_width,2,0.13333333333333333,0.2,0.1683747540371969,0.173053152039555,809
val_calib,50,oracle_T_K,equal_width,3,0.2,0.26666666666666666,0.23258345576924078,0.24906600249066002,803
val_calib,50,oracle_T_K,equal_width,4,0.26666666666666666,0.3333333333333333,0.29842370466230816,0.3338509316770186,644
val_calib,50,oracle_T_K,equal_width,5,0.3333333333333333,0.4,0.36413811868618406,0.373015873015873,504
val_calib,50,oracle_T_K,equal_width,6,0.4,0.4666666666666667,0.4320644338668319,0.5440414507772021,386
val_calib,50,oracle_T_K,equal_width,7,0.4666666666666667,0.5333333333333333,0.49856742703362017,0.5397350993377483,302
val_calib,50,oracle_T_K,equal_width,8,0.5333333333333333,0.6,0.5657916732554166,0.6566037735849056,265
val_calib,50,oracle_T_K,equal_width,9,0.6,0.6666666666666666,0.6331648705182252,0.7407407407407407,216
val_calib,50,oracle_T_K,equal_width,10,0.6666666666666666,0.7333333333333333,0.6996118351120815,0.7570093457943925,214
val_calib,50,oracle_T_K,equal_width,11,0.7333333333333333,0.8,0.7658865673201425,0.8628571428571429,175
val_calib,50,oracle_T_K,equal_width,12,0.8,0.8666666666666667,0.8300865436815152,0.9426751592356688,157
val_calib,50,oracle_T_K,equal_width,13,0.8666666666666667,0.9333333333333333,0.9022724881768227,0.95,160
val_calib,50,oracle_T_K,equal_width,14,0.9333333333333333,1.0,0.9724666958237872,0.9876543209876543,162
val_calib,50,oracle_T_K,equal_mass,0,0.0,0.1256231740117073,0.10391106575342088,0.14942528735632185,348
val_calib,50,oracle_T_K,equal_mass,1,0.1256231740117073,0.15827791392803192,0.14247968400105365,0.1518624641833811,349
val_calib,50,oracle_T_K,equal_mass,2,0.15827791392803192,0.18482661992311478,0.17131384011667575,0.17765042979942694,349
val_calib,50,oracle_T_K,equal_mass,3,0.18482661992311478,0.21211043745279312,0.19803503952149687,0.21264367816091953,348
val_calib,50,oracle_T_K,equal_mass,4,0.21211043745279312,0.24061702191829681,0.22604789518695165,0.24355300859598855,349
val_calib,50,oracle_T_K,equal_mass,5,0.24061702191829681,0.27100375294685364,0.2555557492383913,0.25787965616045844,349
val_calib,50,oracle_T_K,equal_mass,6,0.27100375294685364,0.3051769882440567,0.2880651406879753,0.27793696275071633,349
val_calib,50,oracle_T_K,equal_mass,7,0.3051769882440567,0.3441213071346283,0.3241497878541892,0.382183908045977,348
val_calib,50,oracle_T_K,equal_mass,8,0.3441213071346283,0.3904806077480316,0.36638300295887155,0.3982808022922636,349
val_calib,50,oracle_T_K,equal_mass,9,0.3904806077480316,0.4483702778816223,0.4190150273905101,0.504297994269341,349
val_calib,50,oracle_T_K,equal_mass,10,0.4483702778816223,0.5220178067684174,0.48402516855551386,0.5730659025787965,349
val_calib,50,oracle_T_K,equal_mass,11,0.5220178067684174,0.6116790473461151,0.5650778376850588,0.6264367816091954,348
val_calib,50,oracle_T_K,equal_mass,12,0.6116790473461151,0.7218592464923859,0.6649382346680649,0.7421203438395415,349
val_calib,50,oracle_T_K,equal_mass,13,0.7218592464923859,0.8532862067222595,0.7826527852383589,0.8911174785100286,349
val_calib,50,oracle_T_K,equal_mass,14,0.8532862067222595,1.0,0.9315874474096435,0.9713467048710601,349
testA,5,native,equal_width,0,0.0,0.06666666666666667,0.0,0.0,0
testA,5,native,equal_width,1,0.06666666666666667,0.13333333333333333,0.0,0.0,0
testA,5,native,equal_width,2,0.13333333333333333,0.2,0.0,0.0,0
testA,5,native,equal_width,3,0.2,0.26666666666666666,0.2657751739025116,0.0,1
testA,5,native,equal_width,4,0.26666666666666666,0.3333333333333333,0.3129674196243286,0.2857142857142857,21
testA,5,native,equal_width,5,0.3333333333333333,0.4,0.3731458914536302,0.26881720430107525,93
testA,5,native,equal_width,6,0.4,0.4666666666666667,0.43636496493252375,0.3978494623655914,186
testA,5,native,equal_width,7,0.4666666666666667,0.5333333333333333,0.5031849321260349,0.4584837545126354,277
testA,5,native,equal_width,8,0.5333333333333333,0.6,0.5673276669838849,0.5147058823529411,340
testA,5,native,equal_width,9,0.6,0.6666666666666666,0.6321843919120257,0.6265822784810127,316
testA,5,native,equal_width,10,0.6666666666666666,0.7333333333333333,0.7016246199985093,0.6708860759493671,316
testA,5,native,equal_width,11,0.7333333333333333,0.8,0.7693177243237982,0.743801652892562,363
testA,5,native,equal_width,12,0.8,0.8666666666666667,0.8333167047647156,0.806146572104019,423
testA,5,native,equal_width,13,0.8666666666666667,0.9333333333333333,0.9015763254673309,0.876425855513308,526
testA,5,native,equal_width,14,0.9333333333333333,1.0,0.9866205007266039,0.9813218390804598,2784
testA,5,native,equal_mass,0,0.0,0.48829394578933716,0.4217848574068952,0.3723404255319149,376
testA,5,native,equal_mass,1,0.48829394578933716,0.5690365433692932,0.5301558766117755,0.47606382978723405,376
testA,5,native,equal_mass,2,0.5690365433692932,0.642208993434906,0.605031077215012,0.5797872340425532,376
testA,5,native,equal_mass,3,0.642208993434906,0.7236044108867645,0.6850381692777578,0.6551724137931034,377
testA,5,native,equal_mass,4,0.7236044108867645,0.7943744659423828,0.7621452966482632,0.7294429708222812,377
testA,5,native,equal_mass,5,0.7943744659423828,0.855137050151825,0.8245408859975795,0.8111702127659575,376
testA,5,native,equal_mass,6,0.855137050151825,0.9064202904701233,0.8814732877815024,0.8643617021276596,376
testA,5,native,equal_mass,7,0.9064202904701233,0.9455824196338654,0.9284950898999863,0.8909574468085106,376
testA,5,native,equal_mass,8,0.9455824196338654,0.9710920453071594,0.9592707802193234,0.9628647214854111,377
testA,5,native,equal_mass,9,0.9710920453071594,0.9859409928321838,0.9789683668619757,0.9575596816976127,377
testA,5,native,equal_mass,10,0.9859409928321838,0.9943884909152985,0.9907491430640221,0.9787234042553191,376
testA,5,native,equal_mass,11,0.9943884909152985,0.998185008764267,0.9966403436660767,1.0,375
testA,5,native,equal_mass,12,0.998185008764267,0.9997371435165405,0.9991124791127665,0.9973544973544973,378
testA,5,native,equal_mass,13,0.9997371435165405,0.9999938905239105,0.9999217589167838,1.0,376
testA,5,native,equal_mass,14,0.9999938905239105,1.0,0.9999990184996426,1.0,377
testA,5,global_T_corrected,equal_width,0,0.0,0.06666666666666667,0.0,0.0,0
testA,5,global_T_corrected,equal_width,1,0.06666666666666667,0.13333333333333333,0.0,0.0,0
testA,5,global_T_corrected,equal_width,2,0.13333333333333333,0.2,0.0,0.0,0
testA,5,global_T_corrected,equal_width,3,0.2,0.26666666666666666,0.2598860263824463,0.0,1
testA,5,global_T_corrected,equal_width,4,0.26666666666666666,0.3333333333333333,0.30817429377482486,0.2692307692307692,26
testA,5,global_T_corrected,equal_width,5,0.3333333333333333,0.4,0.3729582830302177,0.3064516129032258,124
testA,5,global_T_corrected,equal_width,6,0.4,0.4666666666666667,0.43518843670974033,0.42995169082125606,207
testA,5,global_T_corrected,equal_width,7,0.4666666666666667,0.5333333333333333,0.502940825679723,0.45098039215686275,306
testA,5,global_T_corrected,equal_width,8,0.5333333333333333,0.6,0.5669042521542169,0.5646437994722955,379
testA,5,global_T_corrected,equal_width,9,0.6,0.6666666666666666,0.6324718626117409,0.6230529595015576,321
testA,5,global_T_corrected,equal_width,10,0.6666666666666666,0.7333333333333333,0.7007621765136719,0.6955223880597015,335
testA,5,global_T_corrected,equal_width,11,0.7333333333333333,0.8,0.7665946289582889,0.7939110070257611,427
testA,5,global_T_corrected,equal_width,12,0.8,0.8666666666666667,0.8351916718425243,0.8401937046004843,413
testA,5,global_T_corrected,equal_width,13,0.8666666666666667,0.9333333333333333,0.9032363283698857,0.9005424954792043,553
testA,5,global_T_corrected,equal_width,14,0.9333333333333333,1.0,0.985470255254859,0.9859044635865309,2554
testA,5,global_T_corrected,equal_mass,0,0.0,0.47075948119163513,0.40702834019952633,0.3829787234042553,376
testA,5,global_T_corrected,equal_mass,1,0.47075948119163513,0.5490671396255493,0.5135440336579972,0.4601063829787234,376
testA,5,global_T_corrected,equal_mass,2,0.5490671396255493,0.6181071698665619,0.5822921831664736,0.583554376657825,377
testA,5,global_T_corrected,equal_mass,3,0.6181071698665619,0.6942634284496307,0.6563823196165105,0.6409574468085106,376
testA,5,global_T_corrected,equal_mass,4,0.6942634284496307,0.7624731957912445,0.7302180048009129,0.7480106100795756,377
testA,5,global_T_corrected,equal_mass,5,0.7624731957912445,0.8251219093799591,0.7927399265005234,0.8058510638297872,376
testA,5,global_T_corrected,equal_mass,6,0.8251219093799591,0.8817197978496552,0.8526361757453452,0.8643617021276596,376
testA,5,global_T_corrected,equal_mass,7,0.8817197978496552,0.925945907831192,0.9050641273313872,0.8912466843501327,377
testA,5,global_T_corrected,equal_mass,8,0.925945907831192,0.9570586085319519,0.9422574970633426,0.9627659574468085,376
testA,5,global_T_corrected,equal_mass,9,0.9570586085319519,0.977666437625885,0.9677357098151897,0.9628647214854111,377
testA,5,global_T_corrected,equal_mass,10,0.977666437625885,0.9900442659854889,0.9845125589599001,0.976063829787234,376
testA,5,global_T_corrected,equal_mass,11,0.9900442659854889,0.9963976740837097,0.993758646890204,1.0,376
testA,5,global_T_corrected,equal_mass,12,0.9963976740837097,0.9993523359298706,0.99812238206914,0.9973474801061007,377
testA,5,global_T_corrected,equal_mass,13,0.9993523359298706,0.9999780356884003,0.9997919287453306,1.0,376
testA,5,global_T_corrected,equal_mass,14,0.9999780356884003,1.0,0.9999959860935768,1.0,377
testA,5,oracle_T_K,equal_width,0,0.0,0.06666666666666667,0.0,0.0,0
testA,5,oracle_T_K,equal_width,1,0.06666666666666667,0.13333333333333333,0.0,0.0,0
testA,5,oracle_T_K,equal_width,2,0.13333333333333333,0.2,0.0,0.0,0
testA,5,oracle_T_K,equal_width,3,0.2,0.26666666666666666,0.25862056016921997,0.0,1
testA,5,oracle_T_K,equal_width,4,0.26666666666666666,0.3333333333333333,0.3088876276180662,0.2413793103448276,29
testA,5,oracle_T_K,equal_width,5,0.3333333333333333,0.4,0.3725906476730437,0.31496062992125984,127
testA,5,oracle_T_K,equal_width,6,0.4,0.4666666666666667,0.4348951222699717,0.44954128440366975,218
testA,5,oracle_T_K,equal_width,7,0.4666666666666667,0.5333333333333333,0.5028619456486624,0.4459016393442623,305
testA,5,oracle_T_K,equal_width,8,0.5333333333333333,0.6,0.5662237343594014,0.5699745547073791,393
testA,5,oracle_T_K,equal_width,9,0.6,0.6666666666666666,0.6326498918444197,0.6199376947040498,321
testA,5,oracle_T_K,equal_width,10,0.6666666666666666,0.7333333333333333,0.7027926369293316,0.7108108108108108,370
testA,5,oracle_T_K,equal_width,11,0.7333333333333333,0.8,0.7670888635176647,0.8050632911392405,395
testA,5,oracle_T_K,equal_width,12,0.8,0.8666666666666667,0.8342951551642058,0.8443396226415094,424
testA,5,oracle_T_K,equal_width,13,0.8666666666666667,0.9333333333333333,0.9031236306313546,0.910394265232975,558
testA,5,oracle_T_K,equal_width,14,0.9333333333333333,1.0,0.9851247331577385,0.9860279441117764,2505
testA,5,oracle_T_K,equal_mass,0,0.0,0.4672291427850723,0.4037489984580811,0.38563829787234044,376
testA,5,oracle_T_K,equal_mass,1,0.4672291427850723,0.5448545515537262,0.5097951652838829,0.45478723404255317,376
testA,5,oracle_T_K,equal_mass,2,0.5448545515537262,0.6119617819786072,0.5773523168475305,0.583554376657825,377
testA,5,oracle_T_K,equal_mass,3,0.6119617819786072,0.6874101758003235,0.6500124081652215,0.648936170212766,376
testA,5,oracle_T_K,equal_mass,4,0.6874101758003235,0.7557791471481323,0.7230739440146429,0.7480106100795756,377
testA,5,oracle_T_K,equal_mass,5,0.7557791471481323,0.8179934620857239,0.7854717497495894,0.8031914893617021,376
testA,5,oracle_T_K,equal_mass,6,0.8179934620857239,0.8754259347915649,0.845808559434211,0.8617021276595744,376
testA,5,oracle_T_K,equal_mass,7,0.8754259347915649,0.9208590686321259,0.8992500447468037,0.8912466843501327,377
testA,5,oracle_T_K,equal_mass,8,0.9208590686321259,0.9531853497028351,0.9378253132502238,0.9626666666666667,375
testA,5,oracle_T_K,equal_mass,9,0.9531853497028351,0.9752335250377655,0.9646788472851748,0.9629629629629629,378
testA,5,oracle_T_K,equal_mass,10,0.9752335250377655,0.9888403117656708,0.9827391498900474,0.976063829787234,376
testA,5,oracle_T_K,equal_mass,11,0.9888403117656708,0.9958458542823792,0.9928863674719283,1.0,376
testA,5,oracle_T_K,equal_mass,12,0.9958458542823792,0.9992149174213409,0.9977991729579491,0.9973474801061007,377
testA,5,oracle_T_K,equal_mass,13,0.9992149174213409,0.9999713599681854,0.9997439809302067,1.0,376
testA,5,oracle_T_K,equal_mass,14,0.9999713599681854,1.0,0.9999945919456785,1.0,377
testA,10,native,equal_width,0,0.0,0.06666666666666667,0.0,0.0,0
testA,10,native,equal_width,1,0.06666666666666667,0.13333333333333333,0.0,0.0,0
testA,10,native,equal_width,2,0.13333333333333333,0.2,0.18557364046573638,0.4,5
testA,10,native,equal_width,3,0.2,0.26666666666666666,0.2379740650455157,0.18333333333333332,60
testA,10,native,equal_width,4,0.26666666666666666,0.3333333333333333,0.30528356338459284,0.2568306010928962,183
testA,10,native,equal_width,5,0.3333333333333333,0.4,0.3688966313346488,0.34098360655737703,305
testA,10,native,equal_width,6,0.4,0.4666666666666667,0.4335065507762312,0.38461538461538464,377
testA,10,native,equal_width,7,0.4666666666666667,0.5333333333333333,0.5014283326086557,0.4853273137697517,443
testA,10,native,equal_width,8,0.5333333333333333,0.6,0.5658136427923061,0.5633187772925764,458
testA,10,native,equal_width,9,0.6,0.6666666666666666,0.6326144441177971,0.618421052631579,380
testA,10,native,equal_width,10,0.6666666666666666,0.7333333333333333,0.6985430181821187,0.6933333333333334,375
testA,10,native,equal_width,11,0.7333333333333333,0.8,0.7674512607710702,0.7857142857142857,448
testA,10,native,equal_width,12,0.8,0.8666666666666667,0.8359377109290755,0.8492239467849224,451
testA,10,native,equal_width,13,0.8666666666666667,0.9333333333333333,0.900886199905374,0.8681732580037664,531
testA,10,native,equal_width,14,0.9333333333333333,1.0,0.9806861889874277,0.9773006134969325,1630
testA,10,native,equal_mass,0,0.0,0.36565980315208435,0.3083631959446567,0.27393617021276595,376
testA,10,native,equal_mass,1,0.36565980315208435,0.43434062600135803,0.4009832703369729,0.35638297872340424,376
testA,10,native,equal_mass,2,0.43434062600135803,0.49943411350250244,0.46914540322136816,0.44562334217506633,377
testA,10,native,equal_mass,3,0.49943411350250244,0.5504050552845001,0.5242653668243834,0.5106382978723404,376
testA,10,native,equal_mass,4,0.5504050552845001,0.6077271401882172,0.5792768788906877,0.5543766578249337,377
testA,10,native,equal_mass,5,0.6077271401882172,0.6747336983680725,0.6412682073547485,0.648936170212766,376
testA,10,native,equal_mass,6,0.6747336983680725,0.7411424517631531,0.7069434086481731,0.7013333333333334,375
testA,10,native,equal_mass,7,0.7411424517631531,0.7978228032588959,0.7692340530415691,0.7883597883597884,378
testA,10,native,equal_mass,8,0.7978228032588959,0.8552116453647614,0.8271770033430546,0.8271276595744681,376
testA,10,native,equal_mass,9,0.8552116453647614,0.9031930565834045,0.8785388499735521,0.8726790450928382,377
testA,10,native,equal_mass,10,0.9031930565834045,0.9448247253894806,0.9255566906104696,0.8962765957446809,376
testA,10,native,equal_mass,11,0.9448247253894806,0.9741073548793793,0.9599243746475971,0.9601063829787234,376
testA,10,native,equal_mass,12,0.9741073548793793,0.9897367656230927,0.9822507555984376,0.9840848806366048,377
testA,10,native,equal_mass,13,0.9897367656230927,0.998306542634964,0.9945634471926283,0.9840425531914894,376
testA,10,native,equal_mass,14,0.998306542634964,1.0,0.999572897305223,0.9973474801061007,377
testA,10,global_T_corrected,equal_width,0,0.0,0.06666666666666667,0.0,0.0,0
testA,10,global_T_corrected,equal_width,1,0.06666666666666667,0.13333333333333333,0.0,0.0,0
testA,10,global_T_corrected,equal_width,2,0.13333333333333333,0.2,0.19121998641639948,0.25,16
testA,10,global_T_corrected,equal_width,3,0.2,0.26666666666666666,0.2427465735297454,0.23684210526315788,76
testA,10,global_T_corrected,equal_width,4,0.26666666666666666,0.3333333333333333,0.30410146141158684,0.25892857142857145,224
testA,10,global_T_corrected,equal_width,5,0.3333333333333333,0.4,0.36873267323337994,0.3646112600536193,373
testA,10,global_T_corrected,equal_width,6,0.4,0.4666666666666667,0.43523645557855306,0.43358395989974935,399
testA,10,global_T_corrected,equal_width,7,0.4666666666666667,0.5333333333333333,0.5009881877122245,0.5213849287169042,491
testA,10,global_T_corrected,equal_width,8,0.5333333333333333,0.6,0.5651783866101298,0.5646551724137931,464
testA,10,global_T_corrected,equal_width,9,0.6,0.6666666666666666,0.6339261649813321,0.6786632390745502,389
testA,10,global_T_corrected,equal_width,10,0.6666666666666666,0.7333333333333333,0.7012863729681288,0.7476190476190476,420
testA,10,global_T_corrected,equal_width,11,0.7333333333333333,0.8,0.7656808113290285,0.8034398034398035,407
testA,10,global_T_corrected,equal_width,12,0.8,0.8666666666666667,0.8325542239672125,0.8669527896995708,466
testA,10,global_T_corrected,equal_width,13,0.8666666666666667,0.9333333333333333,0.9024669059524031,0.8996212121212122,528
testA,10,global_T_corrected,equal_width,14,0.9333333333333333,1.0,0.9794105857033055,0.9870782483847811,1393
testA,10,global_T_corrected,equal_mass,0,0.0,0.346441850066185,0.2926078072967047,0.27925531914893614,376
testA,10,global_T_corrected,equal_mass,1,0.346441850066185,0.4121517688035965,0.3797243339742752,0.35904255319148937,376
testA,10,global_T_corrected,equal_mass,2,0.4121517688035965,0.47178226709365845,0.44370362945197434,0.4297082228116711,377
testA,10,global_T_corrected,equal_mass,3,0.47178226709365845,0.523632287979126,0.49898910054818113,0.5345744680851063,376
testA,10,global_T_corrected,equal_mass,4,0.523632287979126,0.5755968689918518,0.548216045377109,0.5464190981432361,377
testA,10,global_T_corrected,equal_mass,5,0.5755968689918518,0.6381386518478394,0.6058375898827898,0.6409574468085106,376
testA,10,global_T_corrected,equal_mass,6,0.6381386518478394,0.7000126242637634,0.6694281361204513,0.7101063829787234,376
testA,10,global_T_corrected,equal_mass,7,0.7000126242637634,0.7574372589588165,0.7288289974475729,0.7718832891246684,377
testA,10,global_T_corrected,equal_mass,8,0.7574372589588165,0.8172226548194885,0.7890947272485875,0.8430851063829787,376
testA,10,global_T_corrected,equal_mass,9,0.8172226548194885,0.8722876310348511,0.8444648396115088,0.8620689655172413,377
testA,10,global_T_corrected,equal_mass,10,0.8722876310348511,0.9217684864997864,0.8983840164034924,0.8962765957446809,376
testA,10,global_T_corrected,equal_mass,11,0.9217684864997864,0.9597759246826172,0.9413502580941991,0.9627659574468085,376
testA,10,global_T_corrected,equal_mass,12,0.9597759246826172,0.9825167059898376,0.971512438601287,0.9814814814814815,378
testA,10,global_T_corrected,equal_mass,13,0.9825167059898376,0.9964140355587006,0.9901323575973511,0.9866666666666667,375
testA,10,global_T_corrected,equal_mass,14,0.9964140355587006,1.0,0.9990444094812206,0.9973474801061007,377
testA,10,oracle_T_K,equal_width,0,0.0,0.06666666666666667,0.0,0.0,0
testA,10,oracle_T_K,equal_width,1,0.06666666666666667,0.13333333333333333,0.0,0.0,0
testA,10,oracle_T_K,equal_width,2,0.13333333333333333,0.2,0.18767465949058532,0.3,10
testA,10,oracle_T_K,equal_width,3,0.2,0.26666666666666666,0.23959248348489984,0.23376623376623376,77
testA,10,oracle_T_K,equal_width,4,0.26666666666666666,0.3333333333333333,0.3038366279668278,0.25925925925925924,216
testA,10,oracle_T_K,equal_width,5,0.3333333333333333,0.4,0.3685211947003564,0.35714285714285715,364
testA,10,oracle_T_K,equal_width,6,0.4,0.4666666666666667,0.4347003949475167,0.4263959390862944,394
testA,10,oracle_T_K,equal_width,7,0.4666666666666667,0.5333333333333333,0.5007027326910584,0.5123456790123457,486
testA,10,oracle_T_K,equal_width,8,0.5333333333333333,0.6,0.5650240613784625,0.5584415584415584,462
testA,10,oracle_T_K,equal_width,9,0.6,0.6666666666666666,0.6330232632624638,0.6701298701298701,385
testA,10,oracle_T_K,equal_width,10,0.6666666666666666,0.7333333333333333,0.7008123641082381,0.7494033412887828,419
testA,10,oracle_T_K,equal_width,11,0.7333333333333333,0.8,0.7662528871351894,0.8138424821002387,419
testA,10,oracle_T_K,equal_width,12,0.8,0.8666666666666667,0.8329748085003026,0.8565121412803532,453
testA,10,oracle_T_K,equal_width,13,0.8666666666666667,0.9333333333333333,0.9025710043223465,0.8933823529411765,544
testA,10,oracle_T_K,equal_width,14,0.9333333333333333,1.0,0.9799045550209078,0.9858856739590685,1417
testA,10,oracle_T_K,equal_mass,0,0.0,0.3487742692232132,0.2948569028856272,0.27925531914893614,376
testA,10,oracle_T_K,equal_mass,1,0.3487742692232132,0.41519296169281006,0.38275002751578674,0.35638297872340424,376
testA,10,oracle_T_K,equal_mass,2,0.41519296169281006,0.47607187926769257,0.4473824138192346,0.4376657824933687,377
testA,10,oracle_T_K,equal_mass,3,0.47607187926769257,0.5268369615077972,0.5026594168169701,0.526595744680851,376
testA,10,oracle_T_K,equal_mass,4,0.5268369615077972,0.5793121457099915,0.5526522205109938,0.5490716180371353,377
testA,10,oracle_T_K,equal_mass,5,0.5793121457099915,0.643365204334259,0.610897106534623,0.6382978723404256,376
testA,10,oracle_T_K,equal_mass,6,0.643365204334259,0.706083357334137,0.6748398055738591,0.7154255319148937,376
testA,10,oracle_T_K,equal_mass,7,0.706083357334137,0.7627683877944946,0.7346294294012353,0.773936170212766,376
testA,10,oracle_T_K,equal_mass,8,0.7627683877944946,0.822971522808075,0.7947199988112209,0.8381962864721485,377
testA,10,oracle_T_K,equal_mass,9,0.822971522808075,0.8771314918994904,0.8496368617530843,0.8673740053050398,377
testA,10,oracle_T_K,equal_mass,10,0.8771314918994904,0.9254388511180878,0.9026276004758287,0.8882978723404256,376
testA,10,oracle_T_K,equal_mass,11,0.9254388511180878,0.9622988998889923,0.9443527120859065,0.9654255319148937,376
testA,10,oracle_T_K,equal_mass,12,0.9622988998889923,0.9838667511940002,0.9732941158254204,0.9814323607427056,377
testA,10,oracle_T_K,equal_mass,13,0.9838667511940002,0.9967627823352814,0.9908983401478605,0.9867021276595744,376
testA,10,oracle_T_K,equal_mass,14,0.9967627823352814,1.0,0.9991456776145915,0.9973474801061007,377
testA,20,native,equal_width,0,0.0,0.06666666666666667,0.0,0.0,0
testA,20,native,equal_width,1,0.06666666666666667,0.13333333333333333,0.12299701012670994,0.25,4
testA,20,native,equal_width,2,0.13333333333333333,0.2,0.18014108298755274,0.13008130081300814,123
testA,20,native,equal_width,3,0.2,0.26666666666666666,0.2360071049709069,0.21929824561403508,342
testA,20,native,equal_width,4,0.26666666666666666,0.3333333333333333,0.3011539156350615,0.27149321266968324,442
testA,20,native,equal_width,5,0.3333333333333333,0.4,0.3678370317596406,0.3560311284046693,514
testA,20,native,equal_width,6,0.4,0.4666666666666667,0.43286513646521446,0.42661448140900193,511
testA,20,native,equal_width,7,0.4666666666666667,0.5333333333333333,0.4999718213221058,0.4921875,512
testA,20,native,equal_width,8,0.5333333333333333,0.6,0.5654887583676507,0.5858823529411765,425
testA,20,native,equal_width,9,0.6,0.6666666666666666,0.6329439591084208,0.6275510204081632,392
testA,20,native,equal_width,10,0.6666666666666666,0.7333333333333333,0.7014247460769174,0.7158469945355191,366
testA,20,native,equal_width,11,0.7333333333333333,0.8,0.7659998705478314,0.8087431693989071,366
testA,20,native,equal_width,12,0.8,0.8666666666666667,0.8322567516649273,0.8507042253521127,355
testA,20,native,equal_width,13,0.8666666666666667,0.9333333333333333,0.9025867503622304,0.9061784897025171,437
testA,20,native,equal_width,14,0.9333333333333333,1.0,0.9734255599168802,0.9766627771295215,857
testA,20,native,equal_mass,0,0.0,0.25106872618198395,0.2107346360868913,0.17553191489361702,376
testA,20,native,equal_mass,1,0.25106872618198395,0.30973559617996216,0.282081581097334,0.2553191489361702,376
testA,20,native,equal_mass,2,0.30973559617996216,0.3636908084154129,0.33747313406802615,0.33421750663129973,377
testA,20,native,equal_mass,3,0.3636908084154129,0.4116334766149521,0.38695140190898103,0.3670212765957447,376
testA,20,native,equal_mass,4,0.4116334766149521,0.4578230381011963,0.43432877503276185,0.4376657824933687,377
testA,20,native,equal_mass,5,0.4578230381011963,0.5075088441371918,0.4839823215882829,0.48936170212765956,376
testA,20,native,equal_mass,6,0.5075088441371918,0.5610123574733734,0.5336287423769633,0.5173333333333333,375
testA,20,native,equal_mass,7,0.5610123574733734,0.6239305734634399,0.5918166530195368,0.5978835978835979,378
testA,20,native,equal_mass,8,0.6239305734634399,0.6900389194488525,0.6554050501039688,0.6675531914893617,376
testA,20,native,equal_mass,9,0.6900389194488525,0.754795104265213,0.7234711152172848,0.7586206896551724,377
testA,20,native,equal_mass,10,0.754795104265213,0.8262815773487091,0.7920218396186829,0.8186666666666667,375
testA,20,native,equal_mass,11,0.8262815773487091,0.8957207798957825,0.8604422225876259,0.8514588859416445,377
testA,20,native,equal_mass,12,0.8957207798957825,0.9469496607780457,0.9224761570704744,0.9361702127659575,376
testA,20,native,equal_mass,13,0.9469496607780457,0.9806342422962189,0.963608483420759,0.9708222811671088,377
testA,20,native,equal_mass,14,0.9806342422962189,1.0,0.9922787744739644,0.9946949602122016,377
testA,20,global_T_corrected,equal_width,0,0.0,0.06666666666666667,0.0,0.0,0
testA,20,global_T_corrected,equal_width,1,0.06666666666666667,0.13333333333333333,0.12346218898892403,0.125,8
testA,20,global_T_corrected,equal_width,2,0.13333333333333333,0.2,0.17688013113696466,0.1590909090909091,176
testA,20,global_T_corrected,equal_width,3,0.2,0.26666666666666666,0.23442646584184362,0.21515892420537897,409
testA,20,global_T_corrected,equal_width,4,0.26666666666666666,0.3333333333333333,0.30080061467626423,0.3140655105973025,519
testA,20,global_T_corrected,equal_width,5,0.3333333333333333,0.4,0.3668090141375005,0.3942652329749104,558
testA,20,global_T_corrected,equal_width,6,0.4,0.4666666666666667,0.43213790464311447,0.4783427495291902,531
testA,20,global_T_corrected,equal_width,7,0.4666666666666667,0.5333333333333333,0.5000140520534074,0.5105973025048169,519
testA,20,global_T_corrected,equal_width,8,0.5333333333333333,0.6,0.5673435991435483,0.6380510440835266,431
testA,20,global_T_corrected,equal_width,9,0.6,0.6666666666666666,0.6328392659528104,0.6731301939058172,361
testA,20,global_T_corrected,equal_width,10,0.6666666666666666,0.7333333333333333,0.6984177729811529,0.7771883289124668,377
testA,20,global_T_corrected,equal_width,11,0.7333333333333333,0.8,0.7666877909478816,0.8380681818181818,352
testA,20,global_T_corrected,equal_width,12,0.8,0.8666666666666667,0.8351024834462154,0.8641975308641975,324
testA,20,global_T_corrected,equal_width,13,0.8666666666666667,0.9333333333333333,0.9033327189786252,0.9466357308584686,431
testA,20,global_T_corrected,equal_width,14,0.9333333333333333,1.0,0.9712775699908917,0.9846153846153847,650
testA,20,global_T_corrected,equal_mass,0,0.0,0.23338566720485687,0.19576056670159736,0.17287234042553193,376
testA,20,global_T_corrected,equal_mass,1,0.23338566720485687,0.2882654517889023,0.26168930601883444,0.2553191489361702,376
testA,20,global_T_corrected,equal_mass,2,0.2882654517889023,0.33569586277008057,0.31246825032904546,0.33156498673740054,377
testA,20,global_T_corrected,equal_mass,3,0.33569586277008057,0.3795925974845886,0.3582738516654106,0.39361702127659576,376
testA,20,global_T_corrected,equal_mass,4,0.3795925974845886,0.42438602447509766,0.4018990032236519,0.4217506631299735,377
testA,20,global_T_corrected,equal_mass,5,0.42438602447509766,0.47540706396102905,0.44976063786034887,0.48138297872340424,376
testA,20,global_T_corrected,equal_mass,6,0.47540706396102905,0.5211577713489532,0.4982048766093051,0.5212765957446809,376
testA,20,global_T_corrected,equal_mass,7,0.5211577713489532,0.5781466960906982,0.5499249551277262,0.6127320954907162,377
testA,20,global_T_corrected,equal_mass,8,0.5781466960906982,0.6434998214244843,0.6093923714249692,0.6569148936170213,376
testA,20,global_T_corrected,equal_mass,9,0.6434998214244843,0.7074934542179108,0.6766162438797382,0.7586206896551724,377
testA,20,global_T_corrected,equal_mass,10,0.7074934542179108,0.7806840538978577,0.7446660819522878,0.8191489361702128,376
testA,20,global_T_corrected,equal_mass,11,0.7806840538978577,0.8569081723690033,0.8198642776684558,0.8430851063829787,376
testA,20,global_T_corrected,equal_mass,12,0.8569081723690033,0.9231016933917999,0.8912258949773065,0.9416445623342176,377
testA,20,global_T_corrected,equal_mass,13,0.9231016933917999,0.9679401814937592,0.9442927423626819,0.9707446808510638,376
testA,20,global_T_corrected,equal_mass,14,0.9679401814937592,1.0,0.9863484606186338,0.9920424403183024,377
testA,20,oracle_T_K,equal_width,0,0.0,0.06666666666666667,0.0,0.0,0
testA,20,oracle_T_K,equal_width,1,0.06666666666666667,0.13333333333333333,0.12455199020249504,0.14285714285714285,7
testA,20,oracle_T_K,equal_width,2,0.13333333333333333,0.2,0.17841961960883657,0.1592356687898089,157
testA,20,oracle_T_K,equal_width,3,0.2,0.26666666666666666,0.23415526859562136,0.2064343163538874,373
testA,20,oracle_T_K,equal_width,4,0.26666666666666666,0.3333333333333333,0.3001508600261795,0.30120481927710846,498
testA,20,oracle_T_K,equal_width,5,0.3333333333333333,0.4,0.36726587349718265,0.37636363636363634,550
testA,20,oracle_T_K,equal_width,6,0.4,0.4666666666666667,0.432818162157422,0.4723809523809524,525
testA,20,oracle_T_K,equal_width,7,0.4666666666666667,0.5333333333333333,0.5001553692854941,0.498046875,512
testA,20,oracle_T_K,equal_width,8,0.5333333333333333,0.6,0.5665033412203018,0.6088992974238876,427
testA,20,oracle_T_K,equal_width,9,0.6,0.6666666666666666,0.6326932557590345,0.6596858638743456,382
testA,20,oracle_T_K,equal_width,10,0.6666666666666666,0.7333333333333333,0.7007089815342141,0.7798408488063661,377
testA,20,oracle_T_K,equal_width,11,0.7333333333333333,0.8,0.7675559402199231,0.8213256484149856,347
testA,20,oracle_T_K,equal_width,12,0.8,0.8666666666666667,0.8337728361643496,0.8422619047619048,336
testA,20,oracle_T_K,equal_width,13,0.8666666666666667,0.9333333333333333,0.9015121000569041,0.9390243902439024,410
testA,20,oracle_T_K,equal_width,14,0.9333333333333333,1.0,0.9706944980077296,0.9812080536912752,745
testA,20,oracle_T_K,equal_mass,0,0.0,0.23881329596042633,0.20089015582616024,0.1702127659574468,376
testA,20,oracle_T_K,equal_mass,1,0.23881329596042633,0.2961326688528061,0.2687160489644776,0.2526595744680851,376
testA,20,oracle_T_K,equal_mass,2,0.2961326688528061,0.345488503575325,0.32110894437810156,0.3395225464190981,377
testA,20,oracle_T_K,equal_mass,3,0.345488503575325,0.3909490257501602,0.3682239865686031,0.3803191489361702,376
testA,20,oracle_T_K,equal_mass,4,0.3909490257501602,0.4366767555475235,0.41304097678364116,0.4270557029177719,377
testA,20,oracle_T_K,equal_mass,5,0.4366767555475235,0.48660655319690704,0.4618333395808301,0.4867021276595745,376
testA,20,oracle_T_K,equal_mass,6,0.48660655319690704,0.5347785353660583,0.510538767468422,0.5186170212765957,376
testA,20,oracle_T_K,equal_mass,7,0.5347785353660583,0.5945980250835419,0.5644106994573255,0.6127320954907162,377
testA,20,oracle_T_K,equal_mass,8,0.5945980250835419,0.659269392490387,0.6255085788508679,0.6595744680851063,376
testA,20,oracle_T_K,equal_mass,9,0.659269392490387,0.7240428626537323,0.6931225317542685,0.7586206896551724,377
testA,20,oracle_T_K,equal_mass,10,0.7240428626537323,0.7972226440906525,0.7617769509236864,0.8191489361702128,376
testA,20,oracle_T_K,equal_mass,11,0.7972226440906525,0.8709340393543243,0.8347101935997923,0.848404255319149,376
testA,20,oracle_T_K,equal_mass,12,0.8709340393543243,0.9321249127388,0.903004865431343,0.9363395225464191,377
testA,20,oracle_T_K,equal_mass,13,0.9321249127388,0.9727121293544769,0.9517817015343524,0.9707446808510638,376
testA,20,oracle_T_K,equal_mass,14,0.9727121293544769,1.0,0.9887541812357915,0.9920424403183024,377
testA,50,native,equal_width,0,0.0,0.06666666666666667,0.06460205093026161,0.0,2
testA,50,native,equal_width,1,0.06666666666666667,0.13333333333333333,0.11208147918484335,0.09482758620689655,232
testA,50,native,equal_width,2,0.13333333333333333,0.2,0.17008762998927024,0.17580645161290323,620
testA,50,native,equal_width,3,0.2,0.26666666666666666,0.232519181246782,0.24646983311938384,779
testA,50,native,equal_width,4,0.26666666666666666,0.3333333333333333,0.29916671882792506,0.3035439137134052,649
testA,50,native,equal_width,5,0.3333333333333333,0.4,0.36552057919502257,0.3728,625
testA,50,native,equal_width,6,0.4,0.4666666666666667,0.4307963820283051,0.4805447470817121,514
testA,50,native,equal_width,7,0.4666666666666667,0.5333333333333333,0.4973090863108036,0.5376884422110553,398
testA,50,native,equal_width,8,0.5333333333333333,0.6,0.5664994252866573,0.6376404494382022,356
testA,50,native,equal_width,9,0.6,0.6666666666666666,0.6308710601823083,0.7172413793103448,290
testA,50,native,equal_width,10,0.6666666666666666,0.7333333333333333,0.698660792062109,0.8199233716475096,261
testA,50,native,equal_width,11,0.7333333333333333,0.8,0.7672603140573133,0.8583690987124464,233
testA,50,native,equal_width,12,0.8,0.8666666666666667,0.834977824915023,0.9380952380952381,210
testA,50,native,equal_width,13,0.8666666666666667,0.9333333333333333,0.8987336435101249,0.9590909090909091,220
testA,50,native,equal_width,14,0.9333333333333333,1.0,0.9672803129667438,0.980544747081712,257
testA,50,native,equal_mass,0,0.0,0.1542687565088272,0.1238287212128969,0.10106382978723404,376
testA,50,native,equal_mass,1,0.1542687565088272,0.19067735970020294,0.17315668634457676,0.1830238726790451,377
testA,50,native,equal_mass,2,0.19067735970020294,0.22268560528755188,0.20696211727460226,0.2693333333333333,375
testA,50,native,equal_mass,3,0.22268560528755188,0.25448980927467346,0.23828750346794686,0.21750663129973474,377
testA,50,native,equal_mass,4,0.25448980927467346,0.292251780629158,0.27293990058355055,0.27055702917771884,377
testA,50,native,equal_mass,5,0.292251780629158,0.33120687305927277,0.31043265958098654,0.3351063829787234,376
testA,50,native,equal_mass,6,0.33120687305927277,0.36954906582832336,0.35002025747869875,0.2978723404255319,376
testA,50,native,equal_mass,7,0.36954906582832336,0.41133373975753784,0.3900363607696755,0.4656084656084656,378
testA,50,native,equal_mass,8,0.41133373975753784,0.46075452864170074,0.43482737374305724,0.4613333333333333,375
testA,50,native,equal_mass,9,0.46075452864170074,0.5230872631072998,0.4896887484690871,0.53315649867374,377
testA,50,native,equal_mass,10,0.5230872631072998,0.5922839343547821,0.5581565860738146,0.625,376
testA,50,native,equal_mass,11,0.5922839343547821,0.6752793490886688,0.6330897703449777,0.7367021276595744,376
testA,50,native,equal_mass,12,0.6752793490886688,0.7827119529247284,0.7285904903310679,0.8328912466843501,377
testA,50,native,equal_mass,13,0.7827119529247284,0.894701361656189,0.8395035599774503,0.9308510638297872,376
testA,50,native,equal_mass,14,0.894701361656189,1.0,0.9502184724618016,0.9734748010610079,377
testA,50,global_T_corrected,equal_width,0,0.0,0.06666666666666667,0.05996994860470295,0.0,2
testA,50,global_T_corrected,equal_width,1,0.06666666666666667,0.13333333333333333,0.10897307786696626,0.09667673716012085,331
testA,50,global_T_corrected,equal_width,2,0.13333333333333333,0.2,0.16885886781637463,0.2245922208281054,797
testA,50,global_T_corrected,equal_width,3,0.2,0.26666666666666666,0.23169984420140585,0.25218476903870163,801
testA,50,global_T_corrected,equal_width,4,0.26666666666666666,0.3333333333333333,0.2992115873859106,0.3436185133239832,713
testA,50,global_T_corrected,equal_width,5,0.3333333333333333,0.4,0.36520982583681233,0.4233226837060703,626
testA,50,global_T_corrected,equal_width,6,0.4,0.4666666666666667,0.43142349168818483,0.5311827956989247,465
testA,50,global_T_corrected,equal_width,7,0.4666666666666667,0.5333333333333333,0.5000267231432849,0.6243386243386243,378
testA,50,global_T_corrected,equal_width,8,0.5333333333333333,0.6,0.5638249525948177,0.7174603174603175,315
testA,50,global_T_corrected,equal_width,9,0.6,0.6666666666666666,0.6311479474785583,0.7675276752767528,271
testA,50,global_T_corrected,equal_width,10,0.6666666666666666,0.7333333333333333,0.6996170623345418,0.8558558558558559,222
testA,50,global_T_corrected,equal_width,11,0.7333333333333333,0.8,0.766244857895131,0.9336734693877551,196
testA,50,global_T_corrected,equal_width,12,0.8,0.8666666666666667,0.8311905748381907,0.9489795918367347,196
testA,50,global_T_corrected,equal_width,13,0.8666666666666667,0.9333333333333333,0.9013582346035026,0.9473684210526315,171
testA,50,global_T_corrected,equal_width,14,0.9333333333333333,1.0,0.9659259002885701,1.0,162
testA,50,global_T_corrected,equal_mass,0,0.0,0.13888952136039734,0.11180075203524308,0.10106382978723404,376
testA,50,global_T_corrected,equal_mass,1,0.13888952136039734,0.1719318851828575,0.15556187840535285,0.18617021276595744,376
testA,50,global_T_corrected,equal_mass,2,0.1719318851828575,0.19992635399103165,0.18575072970162046,0.27393617021276595,376
testA,50,global_T_corrected,equal_mass,3,0.19992635399103165,0.22928541153669357,0.21404761720241222,0.21485411140583555,377
testA,50,global_T_corrected,equal_mass,4,0.22928541153669357,0.2616562843322754,0.24499555627768488,0.27851458885941643,377
testA,50,global_T_corrected,equal_mass,5,0.2616562843322754,0.29545630514621735,0.2788691095849301,0.3351063829787234,376
testA,50,global_T_corrected,equal_mass,6,0.29545630514621735,0.33237424492836,0.31406262073111024,0.3484042553191489,376
testA,50,global_T_corrected,equal_mass,7,0.33237424492836,0.37131842970848083,0.35072044534139357,0.40848806366047746,377
testA,50,global_T_corrected,equal_mass,8,0.37131842970848083,0.4154335856437683,0.3920808267244633,0.47606382978723405,376
testA,50,global_T_corrected,equal_mass,9,0.4154335856437683,0.472163587808609,0.4416226798549612,0.5345744680851063,376
testA,50,global_T_corrected,equal_mass,10,0.472163587808609,0.5378240942955017,0.5048805845985362,0.623342175066313,377
testA,50,global_T_corrected,equal_mass,11,0.5378240942955017,0.6188764274120331,0.5765608522169133,0.7313829787234043,376
testA,50,global_T_corrected,equal_mass,12,0.6188764274120331,0.7253870666027069,0.669168184543478,0.8196286472148541,377
testA,50,global_T_corrected,equal_mass,13,0.7253870666027069,0.8476214408874512,0.7866248033841451,0.928,375
testA,50,global_T_corrected,equal_mass,14,0.8476214408874512,1.0,0.923703638334123,0.9735449735449735,378
testA,50,oracle_T_K,equal_width,0,0.0,0.06666666666666667,0.06375805288553238,0.0,2
testA,50,oracle_T_K,equal_width,1,0.06666666666666667,0.13333333333333333,0.11130771408883892,0.09795918367346938,245
testA,50,oracle_T_K,equal_width,2,0.13333333333333333,0.2,0.16990236142815435,0.1819571865443425,654
testA,50,oracle_T_K,equal_width,3,0.2,0.26666666666666666,0.23239169792197217,0.24776500638569604,783
testA,50,oracle_T_K,equal_width,4,0.26666666666666666,0.3333333333333333,0.299826061422693,0.31390134529147984,669
testA,50,oracle_T_K,equal_width,5,0.3333333333333333,0.4,0.3658102643509253,0.39087947882736157,614
testA,50,oracle_T_K,equal_width,6,0.4,0.4666666666666667,0.4311527705886989,0.47572815533980584,515
testA,50,oracle_T_K,equal_width,7,0.4666666666666667,0.5333333333333333,0.4980404066702394,0.5449871465295629,389
testA,50,oracle_T_K,equal_width,8,0.5333333333333333,0.6,0.566884050015308,0.6442577030812325,357
testA,50,oracle_T_K,equal_width,9,0.6,0.6666666666666666,0.6336856852143498,0.7593220338983051,295
testA,50,oracle_T_K,equal_width,10,0.6666666666666666,0.7333333333333333,0.7000591521119249,0.8103448275862069,232
testA,50,oracle_T_K,equal_width,11,0.7333333333333333,0.8,0.7662325689133177,0.8851063829787233,235
testA,50,oracle_T_K,equal_width,12,0.8,0.8666666666666667,0.8351945519447327,0.9317073170731708,205
testA,50,oracle_T_K,equal_width,13,0.8666666666666667,0.9333333333333333,0.8997323899508611,0.9634703196347032,219
testA,50,oracle_T_K,equal_width,14,0.9333333333333333,1.0,0.9680217165371467,0.978448275862069,232
testA,50,oracle_T_K,equal_mass,0,0.0,0.15155715495347977,0.12164329164760544,0.10106382978723404,376
testA,50,oracle_T_K,equal_mass,1,0.15155715495347977,0.18675491958856583,0.16993129958814762,0.18351063829787234,376
testA,50,oracle_T_K,equal_mass,2,0.18675491958856583,0.21882490068674088,0.20311233393393396,0.26790450928381965,377
testA,50,oracle_T_K,equal_mass,3,0.21882490068674088,0.2499968707561493,0.2339915771512909,0.22340425531914893,376
testA,50,oracle_T_K,equal_mass,4,0.2499968707561493,0.2866816222667694,0.2678934662190293,0.27055702917771884,377
testA,50,oracle_T_K,equal_mass,5,0.2866816222667694,0.3244244158267975,0.30478697959729967,0.3271276595744681,376
testA,50,oracle_T_K,equal_mass,6,0.3244244158267975,0.36292262375354767,0.3436534969096488,0.30319148936170215,376
testA,50,oracle_T_K,equal_mass,7,0.36292262375354767,0.40422821044921875,0.3829154272610692,0.4562334217506631,377
testA,50,oracle_T_K,equal_mass,8,0.40422821044921875,0.45249634981155396,0.42723403768019474,0.47606382978723405,376
testA,50,oracle_T_K,equal_mass,9,0.45249634981155396,0.5136061906814575,0.4810471954814931,0.5212765957446809,376
testA,50,oracle_T_K,equal_mass,10,0.5136061906814575,0.582420825958252,0.5487451181803837,0.6339522546419099,377
testA,50,oracle_T_K,equal_mass,11,0.582420825958252,0.6659488677978516,0.623398563115603,0.7294429708222812,377
testA,50,oracle_T_K,equal_mass,12,0.6659488677978516,0.7736445069313049,0.7185260112932388,0.8351063829787234,376
testA,50,oracle_T_K,equal_mass,13,0.7736445069313049,0.888200044631958,0.8309031252531295,0.9308510638297872,376
testA,50,oracle_T_K,equal_mass,14,0.888200044631958,1.0,0.9462275571468971,0.9734748010610079,377
testB,5,native,equal_width,0,0.0,0.06666666666666667,0.0,0.0,0
testB,5,native,equal_width,1,0.06666666666666667,0.13333333333333333,0.0,0.0,0
testB,5,native,equal_width,2,0.13333333333333333,0.2,0.0,0.0,0
testB,5,native,equal_width,3,0.2,0.26666666666666666,0.22266853600740433,0.5,2
testB,5,native,equal_width,4,0.26666666666666666,0.3333333333333333,0.30730432220574083,0.39655172413793105,58
testB,5,native,equal_width,5,0.3333333333333333,0.4,0.37061963371838197,0.37341772151898733,158
testB,5,native,equal_width,6,0.4,0.4666666666666667,0.4360072524981065,0.4727272727272727,275
testB,5,native,equal_width,7,0.4666666666666667,0.5333333333333333,0.5004579866556426,0.465564738292011,363
testB,5,native,equal_width,8,0.5333333333333333,0.6,0.5676460814979272,0.5303430079155673,379
testB,5,native,equal_width,9,0.6,0.6666666666666666,0.6311431793141956,0.6308539944903582,363
testB,5,native,equal_width,10,0.6666666666666666,0.7333333333333333,0.7023480717696291,0.6452513966480447,358
testB,5,native,equal_width,11,0.7333333333333333,0.8,0.7661510785200589,0.7313019390581718,361
testB,5,native,equal_width,12,0.8,0.8666666666666667,0.8331463344195753,0.8345498783454988,411
testB,5,native,equal_width,13,0.8666666666666667,0.9333333333333333,0.9014448749442254,0.907258064516129,496
testB,5,native,equal_width,14,0.9333333333333333,1.0,0.9824130080093099,0.9738700564971752,1416
testB,5,native,equal_mass,0,0.0,0.4261411279439926,0.3705457618224968,0.3948220064724919,309
testB,5,native,equal_mass,1,0.4261411279439926,0.4917663484811783,0.46021364778762497,0.49514563106796117,309
testB,5,native,equal_mass,2,0.4917663484811783,0.5482680201530457,0.5181245727885154,0.4612903225806452,310
testB,5,native,equal_mass,3,0.5482680201530457,0.6005372703075409,0.5741438425860359,0.5372168284789643,309
testB,5,native,equal_mass,4,0.6005372703075409,0.6539300680160522,0.6264361413165589,0.6310679611650486,309
testB,5,native,equal_mass,5,0.6539300680160522,0.718958854675293,0.6877465340398973,0.6225806451612903,310
testB,5,native,equal_mass,6,0.718958854675293,0.7696814239025116,0.7439027854925606,0.7152103559870551,309
testB,5,native,equal_mass,7,0.7696814239025116,0.8256234228610992,0.7985524133956934,0.7831715210355987,309
testB,5,native,equal_mass,8,0.8256234228610992,0.8755579590797424,0.8507699074283723,0.8451612903225807,310
testB,5,native,equal_mass,9,0.8755579590797424,0.9167738556861877,0.896658559254458,0.8996763754045307,309
testB,5,native,equal_mass,10,0.9167738556861877,0.9533342719078064,0.9355992466500662,0.941747572815534,309
testB,5,native,equal_mass,11,0.9533342719078064,0.9791750609874725,0.9672378363147859,0.9290322580645162,310
testB,5,native,equal_mass,12,0.9791750609874725,0.9941020309925079,0.9877219774962244,0.9902912621359223,309
testB,5,native,equal_mass,13,0.9941020309925079,0.9996561110019684,0.997536183368041,1.0,309
testB,5,native,equal_mass,14,0.9996561110019684,1.0,0.9999301154767314,1.0,310
testB,5,global_T_corrected,equal_width,0,0.0,0.06666666666666667,0.0,0.0,0
testB,5,global_T_corrected,equal_width,1,0.06666666666666667,0.13333333333333333,0.0,0.0,0
testB,5,global_T_corrected,equal_width,2,0.13333333333333333,0.2,0.0,0.0,0
testB,5,global_T_corrected,equal_width,3,0.2,0.26666666666666666,0.22031257301568985,0.5,2
testB,5,global_T_corrected,equal_width,4,0.26666666666666666,0.3333333333333333,0.30682661905884745,0.375,80
testB,5,global_T_corrected,equal_width,5,0.3333333333333333,0.4,0.3701648269150708,0.3891891891891892,185
testB,5,global_T_corrected,equal_width,6,0.4,0.4666666666666667,0.43367050225153947,0.47435897435897434,312
testB,5,global_T_corrected,equal_width,7,0.4666666666666667,0.5333333333333333,0.5001387803320321,0.4811083123425693,397
testB,5,global_T_corrected,equal_width,8,0.5333333333333333,0.6,0.568162337351929,0.5886363636363636,440
testB,5,global_T_corrected,equal_width,9,0.6,0.6666666666666666,0.6332727991881907,0.6138328530259366,347
testB,5,global_T_corrected,equal_width,10,0.6666666666666666,0.7333333333333333,0.7011648080482775,0.6862244897959183,392
testB,5,global_T_corrected,equal_width,11,0.7333333333333333,0.8,0.7668521497347583,0.7972602739726027,365
testB,5,global_T_corrected,equal_width,12,0.8,0.8666666666666667,0.8342834465223536,0.8729016786570744,417
testB,5,global_T_corrected,equal_width,13,0.8666666666666667,0.9333333333333333,0.9010153693462809,0.9200863930885529,463
testB,5,global_T_corrected,equal_width,14,0.9333333333333333,1.0,0.9816600642858013,0.9798387096774194,1240
testB,5,global_T_corrected,equal_mass,0,0.0,0.4088679850101471,0.35745594845813455,0.39158576051779936,309
testB,5,global_T_corrected,equal_mass,1,0.4088679850101471,0.4725988358259201,0.4422257013112596,0.4886731391585761,309
testB,5,global_T_corrected,equal_mass,2,0.4725988358259201,0.5255113542079926,0.4994198924110782,0.47096774193548385,310
testB,5,global_T_corrected,equal_mass,3,0.5255113542079926,0.574532687664032,0.5506090849734433,0.5339805825242718,309
testB,5,global_T_corrected,equal_mass,4,0.574532687664032,0.6245754659175873,0.5981980809116055,0.6343042071197411,309
testB,5,global_T_corrected,equal_mass,5,0.6245754659175873,0.6837785840034485,0.6547037101561023,0.6290322580645161,310
testB,5,global_T_corrected,equal_mass,6,0.6837785840034485,0.7345978915691376,0.7099472324956547,0.6948051948051948,308
testB,5,global_T_corrected,equal_mass,7,0.7345978915691376,0.7917172014713287,0.763449980024381,0.7896440129449838,309
testB,5,global_T_corrected,equal_mass,8,0.7917172014713287,0.844890832901001,0.8177556416612729,0.8585209003215434,311
testB,5,global_T_corrected,equal_mass,9,0.844890832901001,0.8917563855648041,0.8674655086014263,0.889967637540453,309
testB,5,global_T_corrected,equal_mass,10,0.8917563855648041,0.9335550367832184,0.9124774361891268,0.9449838187702265,309
testB,5,global_T_corrected,equal_mass,11,0.9335550367832184,0.9677767157554626,0.9517963692065208,0.9290322580645162,310
testB,5,global_T_corrected,equal_mass,12,0.9677767157554626,0.9894673526287079,0.9800896719821448,0.9902912621359223,309
testB,5,global_T_corrected,equal_mass,13,0.9894673526287079,0.9991564452648163,0.9952882510944477,1.0,309
testB,5,global_T_corrected,equal_mass,14,0.9991564452648163,1.0,0.9998157508911625,1.0,310
testB,5,oracle_T_K,equal_width,0,0.0,0.06666666666666667,0.0,0.0,0
testB,5,oracle_T_K,equal_width,1,0.06666666666666667,0.13333333333333333,0.0,0.0,0
testB,5,oracle_T_K,equal_width,2,0.13333333333333333,0.2,0.0,0.0,0
testB,5,oracle_T_K,equal_width,3,0.2,0.26666666666666666,0.21981707960367203,0.5,2
testB,5,oracle_T_K,equal_width,4,0.26666666666666666,0.3333333333333333,0.30670078202735546,0.37209302325581395,86
testB,5,oracle_T_K,equal_width,5,0.3333333333333333,0.4,0.37102420030511574,0.40609137055837563,197
testB,5,oracle_T_K,equal_width,6,0.4,0.4666666666666667,0.43466525799349737,0.47368421052631576,323
testB,5,oracle_T_K,equal_width,7,0.4666666666666667,0.5333333333333333,0.5011617893187126,0.4900990099009901,404
testB,5,oracle_T_K,equal_width,8,0.5333333333333333,0.6,0.5677216148704564,0.5802752293577982,436
testB,5,oracle_T_K,equal_width,9,0.6,0.6666666666666666,0.6336586752641832,0.6267409470752089,359
testB,5,oracle_T_K,equal_width,10,0.6666666666666666,0.7333333333333333,0.7005924671811343,0.7054263565891473,387
testB,5,oracle_T_K,equal_width,11,0.7333333333333333,0.8,0.7664291607367025,0.8054054054054054,370
testB,5,oracle_T_K,equal_width,12,0.8,0.8666666666666667,0.8340638507522091,0.8663484486873508,419
testB,5,oracle_T_K,equal_width,13,0.8666666666666667,0.9333333333333333,0.9007112950748868,0.9333333333333333,450
testB,5,oracle_T_K,equal_width,14,0.9333333333333333,1.0,0.9812703308430998,0.980115990057995,1207
testB,5,oracle_T_K,equal_mass,0,0.0,0.405517116189003,0.354604747158424,0.39158576051779936,309
testB,5,oracle_T_K,equal_mass,1,0.405517116189003,0.4681149274110794,0.4382105532394644,0.4854368932038835,309
testB,5,oracle_T_K,equal_mass,2,0.4681149274110794,0.5209516286849976,0.4951661390642966,0.4774193548387097,310
testB,5,oracle_T_K,equal_mass,3,0.5209516286849976,0.5690995752811432,0.5455136420657334,0.5242718446601942,309
testB,5,oracle_T_K,equal_mass,4,0.5690995752811432,0.6193522214889526,0.5919832255462226,0.6343042071197411,309
testB,5,oracle_T_K,equal_mass,5,0.6193522214889526,0.6759440898895264,0.6474469661712646,0.632258064516129,310
testB,5,oracle_T_K,equal_mass,6,0.6759440898895264,0.7281566560268402,0.7024569056180688,0.6990291262135923,309
testB,5,oracle_T_K,equal_mass,7,0.7281566560268402,0.7841041684150696,0.7556678511949805,0.7928802588996764,309
testB,5,oracle_T_K,equal_mass,8,0.7841041684150696,0.8380904197692871,0.8101776378770028,0.8580645161290322,310
testB,5,oracle_T_K,equal_mass,9,0.8380904197692871,0.8851478695869446,0.8604240195650885,0.8867313915857605,309
testB,5,oracle_T_K,equal_mass,10,0.8851478695869446,0.9283288419246674,0.9066984271540225,0.9449838187702265,309
testB,5,oracle_T_K,equal_mass,11,0.9283288419246674,0.9646539390087128,0.9477309521167508,0.932258064516129,310
testB,5,oracle_T_K,equal_mass,12,0.9646539390087128,0.9881376922130585,0.9779573943236884,0.9870550161812298,309
testB,5,oracle_T_K,equal_mass,13,0.9881376922130585,0.9989826381206512,0.9945953056264464,1.0,309
testB,5,oracle_T_K,equal_mass,14,0.9989826381206512,1.0,0.9997736865474331,1.0,310
testB,10,native,equal_width,0,0.0,0.06666666666666667,0.0,0.0,0
testB,10,native,equal_width,1,0.06666666666666667,0.13333333333333333,0.0,0.0,0
testB,10,native,equal_width,2,0.13333333333333333,0.2,0.1844342474056327,0.17391304347826086,23
testB,10,native,equal_width,3,0.2,0.26666666666666666,0.24118106585961802,0.2814814814814815,135
testB,10,native,equal_width,4,0.26666666666666666,0.3333333333333333,0.3042656834211955,0.311178247734139,331
testB,10,native,equal_width,5,0.3333333333333333,0.4,0.3664630686936717,0.34096109839816935,437
testB,10,native,equal_width,6,0.4,0.4666666666666667,0.433630266493198,0.40501043841336115,479
testB,10,native,equal_width,7,0.4666666666666667,0.5333333333333333,0.49951971548395097,0.48268839103869654,491
testB,10,native,equal_width,8,0.5333333333333333,0.6,0.5650189857494291,0.5346062052505967,419
testB,10,native,equal_width,9,0.6,0.6666666666666666,0.6332942022841392,0.6011080332409973,361
testB,10,native,equal_width,10,0.6666666666666666,0.7333333333333333,0.701478791653469,0.6989247311827957,372
testB,10,native,equal_width,11,0.7333333333333333,0.8,0.7663815754821248,0.7728706624605678,317
testB,10,native,equal_width,12,0.8,0.8666666666666667,0.8339430336441312,0.8428571428571429,280
testB,10,native,equal_width,13,0.8666666666666667,0.9333333333333333,0.8980955073531245,0.923943661971831,355
testB,10,native,equal_width,14,0.9333333333333333,1.0,0.9780506217852235,0.9640625,640
testB,10,native,equal_mass,0,0.0,0.3039312958717346,0.2586250980791536,0.29449838187702265,309
testB,10,native,equal_mass,1,0.3039312958717346,0.3523012697696686,0.32950005851517217,0.3106796116504854,309
testB,10,native,equal_mass,2,0.3523012697696686,0.4002048373222351,0.3765391154635337,0.34838709677419355,310
testB,10,native,equal_mass,3,0.4002048373222351,0.4429454058408737,0.4219559617220005,0.4401294498381877,309
testB,10,native,equal_mass,4,0.4429454058408737,0.48663921654224396,0.4648965241260899,0.3592233009708738,309
testB,10,native,equal_mass,5,0.48663921654224396,0.5258650779724121,0.5063794427341031,0.5193548387096775,310
testB,10,native,equal_mass,6,0.5258650779724121,0.5733857154846191,0.5500312196784035,0.5275080906148867,309
testB,10,native,equal_mass,7,0.5733857154846191,0.6283154785633087,0.6012593297510856,0.5631067961165048,309
testB,10,native,equal_mass,8,0.6283154785633087,0.687237411737442,0.6574402934120548,0.635483870967742,310
testB,10,native,equal_mass,9,0.687237411737442,0.7426587045192719,0.7157400603433257,0.7249190938511327,309
testB,10,native,equal_mass,10,0.7426587045192719,0.8090804815292358,0.7750110913634686,0.7702265372168284,309
testB,10,native,equal_mass,11,0.8090804815292358,0.8762713074684143,0.8454857324400256,0.8709677419354839,310
testB,10,native,equal_mass,12,0.8762713074684143,0.9369814693927765,0.9063978484533366,0.9223300970873787,309
testB,10,native,equal_mass,13,0.9369814693927765,0.9852087795734406,0.9631883172155584,0.941747572815534,309
testB,10,native,equal_mass,14,0.9852087795734406,1.0,0.9957853961375451,0.9903225806451613,310
testB,10,global_T_corrected,equal_width,0,0.0,0.06666666666666667,0.0,0.0,0
testB,10,global_T_corrected,equal_width,1,0.06666666666666667,0.13333333333333333,0.0,0.0,0
testB,10,global_T_corrected,equal_width,2,0.13333333333333333,0.2,0.18235608097165823,0.15625,32
testB,10,global_T_corrected,equal_width,3,0.2,0.26666666666666666,0.24101798110886624,0.29473684210526313,190
testB,10,global_T_corrected,equal_width,4,0.26666666666666666,0.3333333333333333,0.30431220525634317,0.3080684596577017,409
testB,10,global_T_corrected,equal_width,5,0.3333333333333333,0.4,0.3675671797089216,0.3907563025210084,476
testB,10,global_T_corrected,equal_width,6,0.4,0.4666666666666667,0.4335208491334375,0.41320754716981134,530
testB,10,global_T_corrected,equal_width,7,0.4666666666666667,0.5333333333333333,0.4990021450284087,0.5185185185185185,486
testB,10,global_T_corrected,equal_width,8,0.5333333333333333,0.6,0.5662343663535094,0.5689655172413793,406
testB,10,global_T_corrected,equal_width,9,0.6,0.6666666666666666,0.632592113908901,0.6666666666666666,372
testB,10,global_T_corrected,equal_width,10,0.6666666666666666,0.7333333333333333,0.6986494239440746,0.7259887005649718,354
testB,10,global_T_corrected,equal_width,11,0.7333333333333333,0.8,0.7663891278479221,0.8357664233576643,274
testB,10,global_T_corrected,equal_width,12,0.8,0.8666666666666667,0.8332962088806685,0.8970099667774086,301
testB,10,global_T_corrected,equal_width,13,0.8666666666666667,0.9333333333333333,0.8995011146639434,0.9154929577464789,284
testB,10,global_T_corrected,equal_width,14,0.9333333333333333,1.0,0.9771529050834279,0.9752851711026616,526
testB,10,global_T_corrected,equal_mass,0,0.0,0.28662531077861786,0.24520868062973022,0.3074433656957929,309
testB,10,global_T_corrected,equal_mass,1,0.28662531077861786,0.3312944769859314,0.31068616420705725,0.2912621359223301,309
testB,10,global_T_corrected,equal_mass,2,0.3312944769859314,0.37626007199287415,0.35440367546773727,0.36129032258064514,310
testB,10,global_T_corrected,equal_mass,3,0.37626007199287415,0.4162191301584244,0.3964291155145392,0.44660194174757284,309
testB,10,global_T_corrected,equal_mass,4,0.4162191301584244,0.456530898809433,0.43578084483501595,0.35275080906148865,309
testB,10,global_T_corrected,equal_mass,5,0.456530898809433,0.49513228237628937,0.47585050886677155,0.5096774193548387,310
testB,10,global_T_corrected,equal_mass,6,0.49513228237628937,0.5404714941978455,0.5164526527367749,0.5372168284789643,309
testB,10,global_T_corrected,equal_mass,7,0.5404714941978455,0.5911702215671539,0.5648943722055182,0.5663430420711975,309
testB,10,global_T_corrected,equal_mass,8,0.5911702215671539,0.6459108293056488,0.6174590522243131,0.6290322580645161,310
testB,10,global_T_corrected,equal_mass,9,0.6459108293056488,0.7005194127559662,0.6733187442844354,0.7249190938511327,309
testB,10,global_T_corrected,equal_mass,10,0.7005194127559662,0.7676807641983032,0.7324956613065355,0.7766990291262136,309
testB,10,global_T_corrected,equal_mass,11,0.7676807641983032,0.8391777873039246,0.8061029497654207,0.8709677419354839,310
testB,10,global_T_corrected,equal_mass,12,0.8391777873039246,0.9109545648097992,0.8747593868163324,0.9161290322580645,310
testB,10,global_T_corrected,equal_mass,13,0.9109545648097992,0.9759454727172852,0.9453327746747376,0.9383116883116883,308
testB,10,global_T_corrected,equal_mass,14,0.9759454727172852,1.0,0.992413624640434,0.9903225806451613,310
testB,10,oracle_T_K,equal_width,0,0.0,0.06666666666666667,0.0,0.0,0
testB,10,oracle_T_K,equal_width,1,0.06666666666666667,0.13333333333333333,0.0,0.0,0
testB,10,oracle_T_K,equal_width,2,0.13333333333333333,0.2,0.18298296341972967,0.16129032258064516,31
testB,10,oracle_T_K,equal_width,3,0.2,0.26666666666666666,0.2411054040822718,0.28888888888888886,180
testB,10,oracle_T_K,equal_width,4,0.26666666666666666,0.3333333333333333,0.30442531310021875,0.3125,400
testB,10,oracle_T_K,equal_width,5,0.3333333333333333,0.4,0.36766967930358435,0.39278131634819535,471
testB,10,oracle_T_K,equal_width,6,0.4,0.4666666666666667,0.4331742087688931,0.3953033268101761,511
testB,10,oracle_T_K,equal_width,7,0.4666666666666667,0.5333333333333333,0.4985807480100162,0.5230460921843687,499
testB,10,oracle_T_K,equal_width,8,0.5333333333333333,0.6,0.5656838599303013,0.556390977443609,399
testB,10,oracle_T_K,equal_width,9,0.6,0.6666666666666666,0.6323651981227946,0.6437994722955145,379
testB,10,oracle_T_K,equal_width,10,0.6666666666666666,0.7333333333333333,0.6989916625332697,0.7372881355932204,354
testB,10,oracle_T_K,equal_width,11,0.7333333333333333,0.8,0.7657727839691298,0.8285714285714286,280
testB,10,oracle_T_K,equal_width,12,0.8,0.8666666666666667,0.8341039265794163,0.8859934853420195,307
testB,10,oracle_T_K,equal_width,13,0.8666666666666667,0.9333333333333333,0.8996387874870969,0.9157894736842105,285
testB,10,oracle_T_K,equal_width,14,0.9333333333333333,1.0,0.9771032960099333,0.9742647058823529,544
testB,10,oracle_T_K,equal_mass,0,0.0,0.2894165962934494,0.24709981467731562,0.3074433656957929,309
testB,10,oracle_T_K,equal_mass,1,0.2894165962934494,0.33443453907966614,0.3133484865855245,0.29449838187702265,309
testB,10,oracle_T_K,equal_mass,2,0.33443453907966614,0.3800041526556015,0.3575666842922088,0.3580645161290323,310
testB,10,oracle_T_K,equal_mass,3,0.3800041526556015,0.4200010895729065,0.4000404465545728,0.4368932038834951,309
testB,10,oracle_T_K,equal_mass,4,0.4200010895729065,0.46117499470710754,0.43995090595726827,0.36245954692556637,309
testB,10,oracle_T_K,equal_mass,5,0.46117499470710754,0.49968990683555603,0.4803086567309595,0.5193548387096775,310
testB,10,oracle_T_K,equal_mass,6,0.49968990683555603,0.544263482093811,0.5211688526047086,0.5210355987055016,309
testB,10,oracle_T_K,equal_mass,7,0.544263482093811,0.5969245731830597,0.5701542126322255,0.56957928802589,309
testB,10,oracle_T_K,equal_mass,8,0.5969245731830597,0.6516668796539307,0.6231118471391739,0.635483870967742,310
testB,10,oracle_T_K,equal_mass,9,0.6516668796539307,0.7071929275989532,0.6795110274287104,0.7281553398058253,309
testB,10,oracle_T_K,equal_mass,10,0.7071929275989532,0.7744522094726562,0.7386578034042927,0.7702265372168284,309
testB,10,oracle_T_K,equal_mass,11,0.7744522094726562,0.8437747657299042,0.8120547302307621,0.8709677419354839,310
testB,10,oracle_T_K,equal_mass,12,0.8437747657299042,0.9149546027183533,0.8794380939239032,0.9123376623376623,308
testB,10,oracle_T_K,equal_mass,13,0.9149546027183533,0.9775678217411041,0.9480353714958314,0.9419354838709677,310
testB,10,oracle_T_K,equal_mass,14,0.9775678217411041,1.0,0.9930093942149993,0.9903225806451613,310
testB,20,native,equal_width,0,0.0,0.06666666666666667,0.0,0.0,0
testB,20,native,equal_width,1,0.06666666666666667,0.13333333333333333,0.12142660362379891,0.10714285714285714,28
testB,20,native,equal_width,2,0.13333333333333333,0.2,0.17428926524007693,0.203125,256
testB,20,native,equal_width,3,0.2,0.26666666666666666,0.2356029782001372,0.20454545454545456,572
testB,20,native,equal_width,4,0.26666666666666666,0.3333333333333333,0.29954276073386377,0.3135215453194651,673
testB,20,native,equal_width,5,0.3333333333333333,0.4,0.36595138618344775,0.3950617283950617,567
testB,20,native,equal_width,6,0.4,0.4666666666666667,0.43275093912599555,0.4397590361445783,498
testB,20,native,equal_width,7,0.4666666666666667,0.5333333333333333,0.4980878675511728,0.5104166666666666,384
testB,20,native,equal_width,8,0.5333333333333333,0.6,0.5687284876660603,0.5457317073170732,328
testB,20,native,equal_width,9,0.6,0.6666666666666666,0.635055204859951,0.6701754385964912,285
testB,20,native,equal_width,10,0.6666666666666666,0.7333333333333333,0.6957653504638857,0.6956521739130435,207
testB,20,native,equal_width,11,0.7333333333333333,0.8,0.7657607351199235,0.8514851485148515,202
testB,20,native,equal_width,12,0.8,0.8666666666666667,0.8327607118120097,0.8686868686868687,198
testB,20,native,equal_width,13,0.8666666666666667,0.9333333333333333,0.899999739830954,0.9298245614035088,171
testB,20,native,equal_width,14,0.9333333333333333,1.0,0.9726906706926127,0.985239852398524,271
testB,20,native,equal_mass,0,0.0,0.20377472788095474,0.17173397459065645,0.19093851132686085,309
testB,20,native,equal_mass,1,0.20377472788095474,0.24087026715278625,0.22403936092907556,0.2168284789644013,309
testB,20,native,equal_mass,2,0.24087026715278625,0.27357226610183716,0.2578744135076,0.1935483870967742,310
testB,20,native,equal_mass,3,0.27357226610183716,0.3036513477563858,0.28854971863691087,0.3365695792880259,309
testB,20,native,equal_mass,4,0.3036513477563858,0.33504341542720795,0.3192858189633749,0.32362459546925565,309
testB,20,native,equal_mass,5,0.33504341542720795,0.3708875924348831,0.3527592433075751,0.3903225806451613,310
testB,20,native,equal_mass,6,0.3708875924348831,0.40761587023735046,0.3892692109527711,0.39805825242718446,309
testB,20,native,equal_mass,7,0.40761587023735046,0.44988442957401276,0.42947167621075527,0.4368932038834951,309
testB,20,native,equal_mass,8,0.44988442957401276,0.496722474694252,0.47198648933441406,0.4838709677419355,310
testB,20,native,equal_mass,9,0.496722474694252,0.5587117969989777,0.52701092316109,0.517799352750809,309
testB,20,native,equal_mass,10,0.5587117969989777,0.6254536211490631,0.5907691639989711,0.6051779935275081,309
testB,20,native,equal_mass,11,0.6254536211490631,0.6978912651538849,0.6601365750835788,0.667741935483871,310
testB,20,native,equal_mass,12,0.6978912651538849,0.8080215752124786,0.7541842099918131,0.8155339805825242,309
testB,20,native,equal_mass,13,0.8080215752124786,0.9180164635181427,0.8600553740961266,0.8964401294498382,309
testB,20,native,equal_mass,14,0.9180164635181427,1.0,0.9668293766437038,0.9806451612903225,310
testB,20,global_T_corrected,equal_width,0,0.0,0.06666666666666667,0.0,0.0,0
testB,20,global_T_corrected,equal_width,1,0.06666666666666667,0.13333333333333333,0.12062709173187613,0.125,48
testB,20,global_T_corrected,equal_width,2,0.13333333333333333,0.2,0.17374280924382418,0.20579710144927535,345
testB,20,global_T_corrected,equal_width,3,0.2,0.26666666666666666,0.2345903757163602,0.2378917378917379,702
testB,20,global_T_corrected,equal_width,4,0.26666666666666666,0.3333333333333333,0.29840323930995855,0.3438395415472779,698
testB,20,global_T_corrected,equal_width,5,0.3333333333333333,0.4,0.36557344452938817,0.42214532871972316,578
testB,20,global_T_corrected,equal_width,6,0.4,0.4666666666666667,0.4313369578992327,0.48125,480
testB,20,global_T_corrected,equal_width,7,0.4666666666666667,0.5333333333333333,0.5012171844641368,0.518840579710145,345
testB,20,global_T_corrected,equal_width,8,0.5333333333333333,0.6,0.5661697084049009,0.6289308176100629,318
testB,20,global_T_corrected,equal_width,9,0.6,0.6666666666666666,0.630072555065155,0.708,250
testB,20,global_T_corrected,equal_width,10,0.6666666666666666,0.7333333333333333,0.7001038115275534,0.8210526315789474,190
testB,20,global_T_corrected,equal_width,11,0.7333333333333333,0.8,0.7653477905833789,0.8418079096045198,177
testB,20,global_T_corrected,equal_width,12,0.8,0.8666666666666667,0.8308856571898048,0.9012345679012346,162
testB,20,global_T_corrected,equal_width,13,0.8666666666666667,0.9333333333333333,0.9010014354366146,0.9657534246575342,146
testB,20,global_T_corrected,equal_width,14,0.9333333333333333,1.0,0.9722414589046839,0.9900497512437811,201
testB,20,global_T_corrected,equal_mass,0,0.0,0.18788449466228485,0.15992925687418785,0.18770226537216828,309
testB,20,global_T_corrected,equal_mass,1,0.18788449466228485,0.22261496633291245,0.20701736274265473,0.2129032258064516,310
testB,20,global_T_corrected,equal_mass,2,0.22261496633291245,0.25256919860839844,0.23769901490327225,0.20388349514563106,309
testB,20,global_T_corrected,equal_mass,3,0.25256919860839844,0.2784503549337387,0.26555124918619794,0.3333333333333333,309
testB,20,global_T_corrected,equal_mass,4,0.2784503549337387,0.30778853595256805,0.29294826230184934,0.3300970873786408,309
testB,20,global_T_corrected,equal_mass,5,0.30778853595256805,0.34034425020217896,0.3235314244224179,0.38387096774193546,310
testB,20,global_T_corrected,equal_mass,6,0.34034425020217896,0.3737531155347824,0.3566612538589243,0.41423948220064727,309
testB,20,global_T_corrected,equal_mass,7,0.3737531155347824,0.41288501024246216,0.3940904773168965,0.42394822006472493,309
testB,20,global_T_corrected,equal_mass,8,0.41288501024246216,0.4563165158033371,0.43287499652754874,0.4806451612903226,310
testB,20,global_T_corrected,equal_mass,9,0.4563165158033371,0.5161279141902924,0.48489057467979135,0.5210355987055016,309
testB,20,global_T_corrected,equal_mass,10,0.5161279141902924,0.5751424431800842,0.544024354258141,0.6201298701298701,308
testB,20,global_T_corrected,equal_mass,11,0.5751424431800842,0.6492106914520264,0.6103842795086827,0.662379421221865,311
testB,20,global_T_corrected,equal_mass,12,0.6492106914520264,0.7574159502983093,0.7029144308713647,0.8122977346278317,309
testB,20,global_T_corrected,equal_mass,13,0.7574159502983093,0.8844712674617767,0.8172323410565028,0.8867313915857605,309
testB,20,global_T_corrected,equal_mass,14,0.8844712674617767,1.0,0.9501493778920943,0.9806451612903225,310
testB,20,oracle_T_K,equal_width,0,0.0,0.06666666666666667,0.0,0.0,0
testB,20,oracle_T_K,equal_width,1,0.06666666666666667,0.13333333333333333,0.12029243103767696,0.10526315789473684,38
testB,20,oracle_T_K,equal_width,2,0.13333333333333333,0.2,0.17376431314998372,0.20063694267515925,314
testB,20,oracle_T_K,equal_width,3,0.2,0.26666666666666666,0.2345547786115124,0.21362229102167182,646
testB,20,oracle_T_K,equal_width,4,0.26666666666666666,0.3333333333333333,0.29845462985697635,0.34615384615384615,702
testB,20,oracle_T_K,equal_width,5,0.3333333333333333,0.4,0.36517676326706217,0.41519434628975266,566
testB,20,oracle_T_K,equal_width,6,0.4,0.4666666666666667,0.43154510141846664,0.4550898203592814,501
testB,20,oracle_T_K,equal_width,7,0.4666666666666667,0.5333333333333333,0.4994855081755395,0.5190615835777126,341
testB,20,oracle_T_K,equal_width,8,0.5333333333333333,0.6,0.5649343116313034,0.6180124223602484,322
testB,20,oracle_T_K,equal_width,9,0.6,0.6666666666666666,0.6309799558260072,0.676056338028169,284
testB,20,oracle_T_K,equal_width,10,0.6666666666666666,0.7333333333333333,0.7010154301527316,0.7777777777777778,189
testB,20,oracle_T_K,equal_width,11,0.7333333333333333,0.8,0.7671657577941292,0.8368421052631579,190
testB,20,oracle_T_K,equal_width,12,0.8,0.8666666666666667,0.8316583372875602,0.9101796407185628,167
testB,20,oracle_T_K,equal_width,13,0.8666666666666667,0.9333333333333333,0.9014278550325714,0.9440993788819876,161
testB,20,oracle_T_K,equal_width,14,0.9333333333333333,1.0,0.9733151020524708,0.9908675799086758,219
testB,20,oracle_T_K,equal_mass,0,0.0,0.19371486455202103,0.1639633373535181,0.19093851132686085,309
testB,20,oracle_T_K,equal_mass,1,0.19371486455202103,0.2279265597462654,0.2128021367448819,0.21035598705501618,309
testB,20,oracle_T_K,equal_mass,2,0.2279265597462654,0.25970759987831116,0.24460913269750534,0.2032258064516129,310
testB,20,oracle_T_K,equal_mass,3,0.25970759987831116,0.28694841265678406,0.2734179952962499,0.3268608414239482,309
testB,20,oracle_T_K,equal_mass,4,0.28694841265678406,0.3170693665742874,0.30201979063475404,0.3365695792880259,309
testB,20,oracle_T_K,equal_mass,5,0.3170693665742874,0.3508833199739456,0.33350315026698574,0.38064516129032255,310
testB,20,oracle_T_K,equal_mass,6,0.3508833199739456,0.38640928268432617,0.3679343346253182,0.4174757281553398,309
testB,20,oracle_T_K,equal_mass,7,0.38640928268432617,0.42587776482105255,0.40633294275663434,0.42071197411003236,309
testB,20,oracle_T_K,equal_mass,8,0.42587776482105255,0.4701525717973709,0.4462452147276171,0.4806451612903226,310
testB,20,oracle_T_K,equal_mass,9,0.4701525717973709,0.5305724442005157,0.49961688429792334,0.5242718446601942,309
testB,20,oracle_T_K,equal_mass,10,0.5305724442005157,0.5948261022567749,0.5603577635434839,0.6181229773462783,309
testB,20,oracle_T_K,equal_mass,11,0.5948261022567749,0.6656474769115448,0.62774876048488,0.667741935483871,310
testB,20,oracle_T_K,equal_mass,12,0.6656474769115448,0.7752734124660492,0.7212428687845619,0.8058252427184466,309
testB,20,oracle_T_K,equal_mass,13,0.7752734124660492,0.8974655270576477,0.8328313819798837,0.889967637540453,309
testB,20,oracle_T_K,equal_mass,14,0.8974655270576477,1.0,0.9566106471323198,0.9806451612903225,310
testB,50,native,equal_width,0,0.0,0.06666666666666667,0.06237543175617854,0.0,15
testB,50,native,equal_width,1,0.06666666666666667,0.13333333333333333,0.10912220043214885,0.11818181818181818,550
testB,50,native,equal_width,2,0.13333333333333333,0.2,0.1658274329914725,0.17888563049853373,1023
testB,50,native,equal_width,3,0.2,0.26666666666666666,0.2319037109258629,0.26785714285714285,840
testB,50,native,equal_width,4,0.26666666666666666,0.3333333333333333,0.2968734591379078,0.30458715596330277,545
testB,50,native,equal_width,5,0.3333333333333333,0.4,0.36472407507033927,0.3875968992248062,387
testB,50,native,equal_width,6,0.4,0.4666666666666667,0.42923452456792194,0.5,336
testB,50,native,equal_width,7,0.4666666666666667,0.5333333333333333,0.49737124131104654,0.5327102803738317,214
testB,50,native,equal_width,8,0.5333333333333333,0.6,0.565731235231672,0.5885714285714285,175
testB,50,native,equal_width,9,0.6,0.6666666666666666,0.6298693581450757,0.7697841726618705,139
testB,50,native,equal_width,10,0.6666666666666666,0.7333333333333333,0.6989940475333821,0.8181818181818182,110
testB,50,native,equal_width,11,0.7333333333333333,0.8,0.7680928172524443,0.8762886597938144,97
testB,50,native,equal_width,12,0.8,0.8666666666666667,0.8288933582603931,0.925,80
testB,50,native,equal_width,13,0.8666666666666667,0.9333333333333333,0.8953731839473431,0.9076923076923077,65
testB,50,native,equal_width,14,0.9333333333333333,1.0,0.9684417424723506,0.953125,64
testB,50,native,equal_mass,0,0.0,0.11403846368193626,0.0941513847427075,0.10032362459546926,309
testB,50,native,equal_mass,1,0.11403846368193626,0.1362825408577919,0.12622639558558324,0.13592233009708737,309
testB,50,native,equal_mass,2,0.1362825408577919,0.15638826042413712,0.1466226715234018,0.16774193548387098,310
testB,50,native,equal_mass,3,0.15638826042413712,0.17586320638656616,0.1654722570022719,0.16181229773462782,309
testB,50,native,equal_mass,4,0.17586320638656616,0.19721947610378265,0.1863010638064937,0.20064724919093851,309
testB,50,native,equal_mass,5,0.19721947610378265,0.220574751496315,0.2085669280059876,0.21935483870967742,310
testB,50,native,equal_mass,6,0.220574751496315,0.24227465689182281,0.23170610553431278,0.2783171521035599,309
testB,50,native,equal_mass,7,0.24227465689182281,0.2709681838750839,0.25652382071928687,0.3042071197411003,309
testB,50,native,equal_mass,8,0.2709681838750839,0.3059515953063965,0.2877098153675756,0.32903225806451614,310
testB,50,native,equal_mass,9,0.3059515953063965,0.3522612303495407,0.32789752388849225,0.31715210355987056,309
testB,50,native,equal_mass,10,0.3522612303495407,0.40604014694690704,0.37856320436898766,0.38961038961038963,308
testB,50,native,equal_mass,11,0.40604014694690704,0.47068890929222107,0.4346824376529436,0.5112540192926045,311
testB,50,native,equal_mass,12,0.47068890929222107,0.5739934742450714,0.51917681724894,0.5566343042071198,309
testB,50,native,equal_mass,13,0.5739934742450714,0.732469916343689,0.644092128886374,0.7475728155339806,309
testB,50,native,equal_mass,14,0.732469916343689,1.0,0.8513786233240558,0.9129032258064517,310
testB,50,global_T_corrected,equal_width,0,0.0,0.06666666666666667,0.06107282604683529,0.030303030303030304,33
testB,50,global_T_corrected,equal_width,1,0.06666666666666667,0.13333333333333333,0.10810776856858187,0.13730569948186527,772
testB,50,global_T_corrected,equal_width,2,0.13333333333333333,0.2,0.16482274058116902,0.19945848375451264,1108
testB,50,global_T_corrected,equal_width,3,0.2,0.26666666666666666,0.22992263592851275,0.29086538461538464,832
testB,50,global_T_corrected,equal_width,4,0.26666666666666666,0.3333333333333333,0.29901887316349124,0.3512396694214876,484
testB,50,global_T_corrected,equal_width,5,0.3333333333333333,0.4,0.3653945611712402,0.4743276283618582,409
testB,50,global_T_corrected,equal_width,6,0.4,0.4666666666666667,0.4324690654307981,0.5021097046413502,237
testB,50,global_T_corrected,equal_width,7,0.4666666666666667,0.5333333333333333,0.5003605127027354,0.6082474226804123,194
testB,50,global_T_corrected,equal_width,8,0.5333333333333333,0.6,0.5652528105138921,0.7210884353741497,147
testB,50,global_T_corrected,equal_width,9,0.6,0.6666666666666666,0.6311017350033596,0.8018018018018018,111
testB,50,global_T_corrected,equal_width,10,0.6666666666666666,0.7333333333333333,0.6984275951105006,0.8470588235294118,85
testB,50,global_T_corrected,equal_width,11,0.7333333333333333,0.8,0.7629327697809353,0.9418604651162791,86
testB,50,global_T_corrected,equal_width,12,0.8,0.8666666666666667,0.8296906149993508,0.8983050847457628,59
testB,50,global_T_corrected,equal_width,13,0.8666666666666667,0.9333333333333333,0.9019149541854858,0.9,40
testB,50,global_T_corrected,equal_width,14,0.9333333333333333,1.0,0.9657407139622888,0.9767441860465116,43
testB,50,global_T_corrected,equal_mass,0,0.0,0.10304007679224014,0.0852714465105225,0.10355987055016182,309
testB,50,global_T_corrected,equal_mass,1,0.10304007679224014,0.1228138618171215,0.11381778709325203,0.13915857605177995,309
testB,50,global_T_corrected,equal_mass,2,0.1228138618171215,0.13985737413167953,0.13153811719629072,0.14838709677419354,310
testB,50,global_T_corrected,equal_mass,3,0.13985737413167953,0.1563936248421669,0.14772852218459726,0.1941747572815534,309
testB,50,global_T_corrected,equal_mass,4,0.1563936248421669,0.17537473142147064,0.1658284536429814,0.18181818181818182,308
testB,50,global_T_corrected,equal_mass,5,0.17537473142147064,0.19657795876264572,0.18582725247002874,0.2379421221864952,311
testB,50,global_T_corrected,equal_mass,6,0.19657795876264572,0.21587034314870834,0.20610902639268672,0.2750809061488673,309
testB,50,global_T_corrected,equal_mass,7,0.21587034314870834,0.2406180128455162,0.22750368449101557,0.30097087378640774,309
testB,50,global_T_corrected,equal_mass,8,0.2406180128455162,0.2714487314224243,0.25505246641566454,0.31715210355987056,309
testB,50,global_T_corrected,equal_mass,9,0.2714487314224243,0.31434011459350586,0.2919867091601895,0.3258064516129032,310
testB,50,global_T_corrected,equal_mass,10,0.31434011459350586,0.36078719794750214,0.33666656588273525,0.40129449838187703,309
testB,50,global_T_corrected,equal_mass,11,0.36078719794750214,0.42015865445137024,0.3861961970437306,0.5242718446601942,309
testB,50,global_T_corrected,equal_mass,12,0.42015865445137024,0.5186110138893127,0.46566237105477243,0.5419354838709678,310
testB,50,global_T_corrected,equal_mass,13,0.5186110138893127,0.6678338050842285,0.5839185056948739,0.7346278317152104,309
testB,50,global_T_corrected,equal_mass,14,0.6678338050842285,1.0,0.8049469492127819,0.9064516129032258,310
testB,50,oracle_T_K,equal_width,0,0.0,0.06666666666666667,0.06175693473778665,0.0,16
testB,50,oracle_T_K,equal_width,1,0.06666666666666667,0.13333333333333333,0.1091265251599315,0.12310286677908938,593
testB,50,oracle_T_K,equal_width,2,0.13333333333333333,0.2,0.16565997635276572,0.17766990291262136,1030
testB,50,oracle_T_K,equal_width,3,0.2,0.26666666666666666,0.23175581038906592,0.27667057444314186,853
testB,50,oracle_T_K,equal_width,4,0.26666666666666666,0.3333333333333333,0.29723807485564036,0.30401529636711283,523
testB,50,oracle_T_K,equal_width,5,0.3333333333333333,0.4,0.3653666949724849,0.41012658227848103,395
testB,50,oracle_T_K,equal_width,6,0.4,0.4666666666666667,0.4288227374665439,0.50625,320
testB,50,oracle_T_K,equal_width,7,0.4666666666666667,0.5333333333333333,0.49813362727895305,0.5406698564593302,209
testB,50,oracle_T_K,equal_width,8,0.5333333333333333,0.6,0.5665053122305457,0.5953757225433526,173
testB,50,oracle_T_K,equal_width,9,0.6,0.6666666666666666,0.6295233275008014,0.8031496062992126,127
testB,50,oracle_T_K,equal_width,10,0.6666666666666666,0.7333333333333333,0.6959999067442758,0.8380952380952381,105
testB,50,oracle_T_K,equal_width,11,0.7333333333333333,0.8,0.7666118939717611,0.8823529411764706,102
testB,50,oracle_T_K,equal_width,12,0.8,0.8666666666666667,0.8331990336499563,0.926829268292683,82
testB,50,oracle_T_K,equal_width,13,0.8666666666666667,0.9333333333333333,0.9004789185973833,0.8867924528301887,53
testB,50,oracle_T_K,equal_width,14,0.9333333333333333,1.0,0.9686178362975686,0.9491525423728814,59
testB,50,oracle_T_K,equal_mass,0,0.0,0.11207381263375282,0.09253137764855496,0.10032362459546926,309
testB,50,oracle_T_K,equal_mass,1,0.11207381263375282,0.1338505670428276,0.12398170942627497,0.13592233009708737,309
testB,50,oracle_T_K,equal_mass,2,0.1338505670428276,0.15340212732553482,0.14386558566362628,0.16451612903225807,310
testB,50,oracle_T_K,equal_mass,3,0.15340212732553482,0.17254102230072021,0.16223500177119543,0.1715210355987055,309
testB,50,oracle_T_K,equal_mass,4,0.17254102230072021,0.19320815801620483,0.1825878298494808,0.19093851132686085,309
testB,50,oracle_T_K,equal_mass,5,0.19320815801620483,0.2159366011619568,0.20445823001284752,0.22258064516129034,310
testB,50,oracle_T_K,equal_mass,6,0.2159366011619568,0.2374783158302307,0.22710536068311402,0.28802588996763756,309
testB,50,oracle_T_K,equal_mass,7,0.2374783158302307,0.26532426476478577,0.2512002137390155,0.2977346278317152,309
testB,50,oracle_T_K,equal_mass,8,0.26532426476478577,0.29976142942905426,0.2818052127476661,0.3258064516129032,310
testB,50,oracle_T_K,equal_mass,9,0.29976142942905426,0.34562642872333527,0.3214216147425877,0.31715210355987056,309
testB,50,oracle_T_K,equal_mass,10,0.34562642872333527,0.3991932272911072,0.37115748241109753,0.40129449838187703,309
testB,50,oracle_T_K,equal_mass,11,0.3991932272911072,0.4614574611186981,0.42604857212112796,0.5064516129032258,310
testB,50,oracle_T_K,equal_mass,12,0.4614574611186981,0.5639190375804901,0.5098252647517183,0.5533980582524272,309
testB,50,oracle_T_K,equal_mass,13,0.5639190375804901,0.7218682765960693,0.6332738416922556,0.7435064935064936,308
testB,50,oracle_T_K,equal_mass,14,0.7218682765960693,1.0,0.8433956791350312,0.9131832797427653,311
__pooled__,5,native,equal_width,0,0.0,0.06666666666666667,0.0,0.0,0
__pooled__,5,native,equal_width,1,0.06666666666666667,0.13333333333333333,0.0,0.0,0
__pooled__,5,native,equal_width,2,0.13333333333333333,0.2,0.0,0.0,0
__pooled__,5,native,equal_width,3,0.2,0.26666666666666666,0.24641741067171097,0.3333333333333333,6
__pooled__,5,native,equal_width,4,0.26666666666666666,0.3333333333333333,0.3090753915744859,0.3108108108108108,148
__pooled__,5,native,equal_width,5,0.3333333333333333,0.4,0.37109418598524596,0.3241525423728814,472
__pooled__,5,native,equal_width,6,0.4,0.4666666666666667,0.4360300098165364,0.4304490690032859,913
__pooled__,5,native,equal_width,7,0.4666666666666667,0.5333333333333333,0.5016036369497814,0.47619047619047616,1323
__pooled__,5,native,equal_width,8,0.5333333333333333,0.6,0.5669273373597267,0.5195876288659794,1455
__pooled__,5,native,equal_width,9,0.6,0.6666666666666666,0.6319228559952543,0.6174298375184638,1354
__pooled__,5,native,equal_width,10,0.6666666666666666,0.7333333333333333,0.7011189204141165,0.6832253419726422,1389
__pooled__,5,native,equal_width,11,0.7333333333333333,0.8,0.7675853596072816,0.7468619246861925,1434
__pooled__,5,native,equal_width,12,0.8,0.8666666666666667,0.8334713333451625,0.8201090248334343,1651
__pooled__,5,native,equal_width,13,0.8666666666666667,0.9333333333333333,0.9016743219864403,0.8891031822565092,2074
__pooled__,5,native,equal_width,14,0.9333333333333333,1.0,0.9855200789260975,0.9783216783216783,8580
__pooled__,5,native,equal_mass,0,0.0,0.4564557671546936,0.3967388885426315,0.38023088023088025,1386
__pooled__,5,native,equal_mass,1,0.4564557671546936,0.5288580358028412,0.4952839147769554,0.47440519105984136,1387
__pooled__,5,native,equal_mass,2,0.5288580358028412,0.5926731824874878,0.5612130136266081,0.5061371841155234,1385
__pooled__,5,native,equal_mass,3,0.5926731824874878,0.6595895290374756,0.6250697605805713,0.6188760806916427,1388
__pooled__,5,native,equal_mass,4,0.6595895290374756,0.7274552285671234,0.6950069966725334,0.6633020908435472,1387
__pooled__,5,native,equal_mass,5,0.7274552285671234,0.7921460866928101,0.7605983747806384,0.7453102453102453,1386
__pooled__,5,native,equal_mass,6,0.7921460866928101,0.8494680523872375,0.8208698350573583,0.8111031002162942,1387
__pooled__,5,native,equal_mass,7,0.8494680523872375,0.8993303775787354,0.8753416019170659,0.8737373737373737,1386
__pooled__,5,native,equal_mass,8,0.8993303775787354,0.9395694434642792,0.9208240405896111,0.8911319394376351,1387
__pooled__,5,native,equal_mass,9,0.9395694434642792,0.9685293138027191,0.9551105646667672,0.9444844989185291,1387
__pooled__,5,native,equal_mass,10,0.9685293138027191,0.9863013625144958,0.9782273310517507,0.9617604617604618,1386
__pooled__,5,native,equal_mass,11,0.9863013625144958,0.9956701397895813,0.9914807900302944,0.9848594087959625,1387
__pooled__,5,native,equal_mass,12,0.9956701397895813,0.999185174703598,0.9977404634329836,0.9963924963924964,1386
__pooled__,5,native,equal_mass,13,0.999185174703598,0.999978244304657,0.999729170245753,0.9956741167988464,1387
__pooled__,5,native,equal_mass,14,0.999978244304657,1.0,0.9999963521699555,1.0,1387
__pooled__,5,global_T_corrected,equal_width,0,0.0,0.06666666666666667,0.0,0.0,0
__pooled__,5,global_T_corrected,equal_width,1,0.06666666666666667,0.13333333333333333,0.0,0.0,0
__pooled__,5,global_T_corrected,equal_width,2,0.13333333333333333,0.2,0.0,0.0,0
__pooled__,5,global_T_corrected,equal_width,3,0.2,0.26666666666666666,0.24512605369091034,0.2857142857142857,7
__pooled__,5,global_T_corrected,equal_width,4,0.26666666666666666,0.3333333333333333,0.30761110192628077,0.3197969543147208,197
__pooled__,5,global_T_corrected,equal_width,5,0.3333333333333333,0.4,0.3709612170484151,0.3463497453310696,589
__pooled__,5,global_T_corrected,equal_width,6,0.4,0.4666666666666667,0.4347486617787256,0.4429657794676806,1052
__pooled__,5,global_T_corrected,equal_width,7,0.4666666666666667,0.5333333333333333,0.5015992317271001,0.47774687065368565,1438
__pooled__,5,global_T_corrected,equal_width,8,0.5333333333333333,0.6,0.5665517421983044,0.568944099378882,1610
__pooled__,5,global_T_corrected,equal_width,9,0.6,0.6666666666666666,0.6331297272931212,0.639167862266858,1394
__pooled__,5,global_T_corrected,equal_width,10,0.6666666666666666,0.7333333333333333,0.7001507033802401,0.7097878165639973,1461
__pooled__,5,global_T_corrected,equal_width,11,0.7333333333333333,0.8,0.7668110095396005,0.7844272844272844,1554
__pooled__,5,global_T_corrected,equal_width,12,0.8,0.8666666666666667,0.8346698855553794,0.8639904134212103,1669
__pooled__,5,global_T_corrected,equal_width,13,0.8666666666666667,0.9333333333333333,0.9022308562590472,0.9020368574199806,2062
__pooled__,5,global_T_corrected,equal_width,14,0.9333333333333333,1.0,0.9845491937991734,0.9839041977852176,7766
__pooled__,5,global_T_corrected,equal_mass,0,0.0,0.4393344521522522,0.3826392057417619,0.38095238095238093,1386
__pooled__,5,global_T_corrected,equal_mass,1,0.4393344521522522,0.5124034583568573,0.4776871103602686,0.46070656092285506,1387
__pooled__,5,global_T_corrected,equal_mass,2,0.5124034583568573,0.5698328912258148,0.5409112553317825,0.5266955266955267,1386
__pooled__,5,global_T_corrected,equal_mass,3,0.5698328912258148,0.630852997303009,0.5991061908268808,0.608507570295602,1387
__pooled__,5,global_T_corrected,equal_mass,4,0.630852997303009,0.6957156658172607,0.6639469687940409,0.6683489545782264,1387
__pooled__,5,global_T_corrected,equal_mass,5,0.6957156658172607,0.7587909698486328,0.7276598272299526,0.7445887445887446,1386
__pooled__,5,global_T_corrected,equal_mass,6,0.7587909698486328,0.8177611231803894,0.7877873186164394,0.8053352559480894,1387
__pooled__,5,global_T_corrected,equal_mass,7,0.8177611231803894,0.8709919452667236,0.8451020523669228,0.8766233766233766,1386
__pooled__,5,global_T_corrected,equal_mass,8,0.8709919452667236,0.9179925620555878,0.8956631378209582,0.8940158615717375,1387
__pooled__,5,global_T_corrected,equal_mass,9,0.9179925620555878,0.9538339078426361,0.9366777456313823,0.9423215573179524,1387
__pooled__,5,global_T_corrected,equal_mass,10,0.9538339078426361,0.9778438210487366,0.9666334598783463,0.9646464646464646,1386
__pooled__,5,global_T_corrected,equal_mass,11,0.9778438210487366,0.9920020997524261,0.9855928741604971,0.9826964671953857,1387
__pooled__,5,global_T_corrected,equal_mass,12,0.9920020997524261,0.9982320368289948,0.9956242613290124,0.9963924963924964,1386
__pooled__,5,global_T_corrected,equal_mass,13,0.9982320368289948,0.999929279088974,0.9993603062664104,0.9956709956709957,1386
__pooled__,5,global_T_corrected,equal_mass,14,0.999929279088974,1.0,0.9999870829692148,1.0,1388
__pooled__,5,oracle_T_K,equal_width,0,0.0,0.06666666666666667,0.0,0.0,0
__pooled__,5,oracle_T_K,equal_width,1,0.06666666666666667,0.13333333333333333,0.0,0.0,0
__pooled__,5,oracle_T_K,equal_width,2,0.13333333333333333,0.2,0.0,0.0,0
__pooled__,5,oracle_T_K,equal_width,3,0.2,0.26666666666666666,0.24408462643623352,0.2857142857142857,7
__pooled__,5,oracle_T_K,equal_width,4,0.26666666666666666,0.3333333333333333,0.3073375288626594,0.3175355450236967,211
__pooled__,5,oracle_T_K,equal_width,5,0.3333333333333333,0.4,0.37105764833188826,0.3596774193548387,620
__pooled__,5,oracle_T_K,equal_width,6,0.4,0.4666666666666667,0.43453461759620243,0.4444444444444444,1080
__pooled__,5,oracle_T_K,equal_width,7,0.4666666666666667,0.5333333333333333,0.5015002224858993,0.47950819672131145,1464
__pooled__,5,oracle_T_K,equal_width,8,0.5333333333333333,0.6,0.5660821345788936,0.5693341478313989,1637
__pooled__,5,oracle_T_K,equal_width,9,0.6,0.6666666666666666,0.6335315696827247,0.6510161177295024,1427
__pooled__,5,oracle_T_K,equal_width,10,0.6666666666666666,0.7333333333333333,0.7006000080356559,0.7204591492234976,1481
__pooled__,5,oracle_T_K,equal_width,11,0.7333333333333333,0.8,0.7664058776499397,0.79177545691906,1532
__pooled__,5,oracle_T_K,equal_width,12,0.8,0.8666666666666667,0.8342729134329356,0.8663133097762074,1698
__pooled__,5,oracle_T_K,equal_width,13,0.8666666666666667,0.9333333333333333,0.9020496257500885,0.9112309955860716,2039
__pooled__,5,oracle_T_K,equal_width,14,0.9333333333333333,1.0,0.9841960582014417,0.9843482835722741,7603
__pooled__,5,oracle_T_K,equal_mass,0,0.0,0.4353802055120468,0.37953617551712077,0.38023088023088025,1386
__pooled__,5,oracle_T_K,equal_mass,1,0.4353802055120468,0.5085252523422241,0.47366237509310805,0.46431146359048303,1387
__pooled__,5,oracle_T_K,equal_mass,2,0.5085252523422241,0.5648142397403717,0.5364425761187059,0.5187590187590188,1386
__pooled__,5,oracle_T_K,equal_mass,3,0.5648142397403717,0.6243305206298828,0.5934599005411061,0.6113914924297044,1387
__pooled__,5,oracle_T_K,equal_mass,4,0.6243305206298828,0.6890624761581421,0.657103220507148,0.6719538572458543,1387
__pooled__,5,oracle_T_K,equal_mass,5,0.6890624761581421,0.7506345510482788,0.7202775572543536,0.7453102453102453,1386
__pooled__,5,oracle_T_K,equal_mass,6,0.7506345510482788,0.810062825679779,0.7801817826599033,0.8031723143475126,1387
__pooled__,5,oracle_T_K,equal_mass,7,0.810062825679779,0.8643359541893005,0.837971677812835,0.8787878787878788,1386
__pooled__,5,oracle_T_K,equal_mass,8,0.8643359541893005,0.9124637842178345,0.8894888606532151,0.8904109589041096,1387
__pooled__,5,oracle_T_K,equal_mass,9,0.9124637842178345,0.9499702751636505,0.9319572447011517,0.9437635183850036,1387
__pooled__,5,oracle_T_K,equal_mass,10,0.9499702751636505,0.9755532145500183,0.9635019053800453,0.9646464646464646,1386
__pooled__,5,oracle_T_K,equal_mass,11,0.9755532145500183,0.9909179508686066,0.9839078370151368,0.9826964671953857,1387
__pooled__,5,oracle_T_K,equal_mass,12,0.9909179508686066,0.9979023933410645,0.9949685311076617,0.9963924963924964,1386
__pooled__,5,oracle_T_K,equal_mass,13,0.9979023933410645,0.9999097883701324,0.9992326834329107,0.9956709956709957,1386
__pooled__,5,oracle_T_K,equal_mass,14,0.9999097883701324,1.0,0.9999831291371876,1.0,1388
__pooled__,10,native,equal_width,0,0.0,0.06666666666666667,0.0,0.0,0
__pooled__,10,native,equal_width,1,0.06666666666666667,0.13333333333333333,0.0,0.0,0
__pooled__,10,native,equal_width,2,0.13333333333333333,0.2,0.18595682505680167,0.2391304347826087,46
__pooled__,10,native,equal_width,3,0.2,0.26666666666666666,0.2406805183957605,0.23529411764705882,391
__pooled__,10,native,equal_width,4,0.26666666666666666,0.3333333333333333,0.3043859894925256,0.3010858835143139,1013
__pooled__,10,native,equal_width,5,0.3333333333333333,0.4,0.3678237135807673,0.3426666666666667,1500
__pooled__,10,native,equal_width,6,0.4,0.4666666666666667,0.43385195838977614,0.4040978941377348,1757
__pooled__,10,native,equal_width,7,0.4666666666666667,0.5333333333333333,0.5003950815426849,0.4841101694915254,1888
__pooled__,10,native,equal_width,8,0.5333333333333333,0.6,0.5654950398533266,0.5561704482567792,1807
__pooled__,10,native,equal_width,9,0.6,0.6666666666666666,0.6333893038514905,0.6221045665122436,1511
__pooled__,10,native,equal_width,10,0.6666666666666666,0.7333333333333333,0.6996247211682428,0.6934707903780069,1455
__pooled__,10,native,equal_width,11,0.7333333333333333,0.8,0.7664118118848073,0.7745231607629428,1468
__pooled__,10,native,equal_width,12,0.8,0.8666666666666667,0.8348337073594797,0.8397827562797013,1473
__pooled__,10,native,equal_width,13,0.8666666666666667,0.9333333333333333,0.901084633169867,0.8830874006810443,1762
__pooled__,10,native,equal_width,14,0.9333333333333333,1.0,0.9802693923818682,0.9739847715736041,4728
__pooled__,10,native,equal_mass,0,0.0,0.3305072486400604,0.2812170116459308,0.2842712842712843,1386
__pooled__,10,native,equal_mass,1,0.3305072486400604,0.39254994690418243,0.3625361321852546,0.3338139870223504,1387
__pooled__,10,native,equal_mass,2,0.39254994690418243,0.44733110070228577,0.41983458567491344,0.39754689754689754,1386
__pooled__,10,native,equal_mass,3,0.44733110070228577,0.4977712780237198,0.47245033284099996,0.4527757750540735,1387
__pooled__,10,native,equal_mass,4,0.4977712780237198,0.5447613894939423,0.5207141081076693,0.5010814708002884,1387
__pooled__,10,native,equal_mass,5,0.5447613894939423,0.596138209104538,0.5699536594391558,0.5584415584415584,1386
__pooled__,10,native,equal_mass,6,0.596138209104538,0.6573468744754791,0.6269827473051873,0.6214852198990627,1387
__pooled__,10,native,equal_mass,7,0.6573468744754791,0.720300018787384,0.6885639689271412,0.683982683982684,1386
__pooled__,10,native,equal_mass,8,0.720300018787384,0.7835150361061096,0.7519110091830985,0.7505407354001442,1387
__pooled__,10,native,equal_mass,9,0.7835150361061096,0.8475940227508545,0.8166417490258523,0.8154289834174477,1387
__pooled__,10,native,equal_mass,10,0.8475940227508545,0.9038318991661072,0.8765485838894204,0.8672438672438673,1386
__pooled__,10,native,equal_mass,11,0.9038318991661072,0.9494921863079071,0.9282439874932331,0.9113193943763518,1387
__pooled__,10,native,equal_mass,12,0.9494921863079071,0.9812796115875244,0.9671721589169633,0.9646464646464646,1386
__pooled__,10,native,equal_mass,13,0.9812796115875244,0.996772289276123,0.9903066958466621,0.9819754866618601,1387
__pooled__,10,native,equal_mass,14,0.996772289276123,1.0,0.9992000649279627,0.9971160778658976,1387
__pooled__,10,global_T_corrected,equal_width,0,0.0,0.06666666666666667,0.0,0.0,0
__pooled__,10,global_T_corrected,equal_width,1,0.06666666666666667,0.13333333333333333,0.0,0.0,0
__pooled__,10,global_T_corrected,equal_width,2,0.13333333333333333,0.2,0.1857926549413536,0.189873417721519,79
__pooled__,10,global_T_corrected,equal_width,3,0.2,0.26666666666666666,0.24114648706420175,0.26629422718808193,537
__pooled__,10,global_T_corrected,equal_width,4,0.26666666666666666,0.3333333333333333,0.3040198189421342,0.30128205128205127,1248
__pooled__,10,global_T_corrected,equal_width,5,0.3333333333333333,0.4,0.36799653912878205,0.3722415795586527,1722
__pooled__,10,global_T_corrected,equal_width,6,0.4,0.4666666666666667,0.43384928949514856,0.4383561643835616,1898
__pooled__,10,global_T_corrected,equal_width,7,0.4666666666666667,0.5333333333333333,0.5003928450805041,0.5107661492238358,1997
__pooled__,10,global_T_corrected,equal_width,8,0.5333333333333333,0.6,0.5655261977976361,0.5862068965517241,1769
__pooled__,10,global_T_corrected,equal_width,9,0.6,0.6666666666666666,0.632838716867723,0.675,1520
__pooled__,10,global_T_corrected,equal_width,10,0.6666666666666666,0.7333333333333333,0.6993282177519561,0.7335548172757476,1505
__pooled__,10,global_T_corrected,equal_width,11,0.7333333333333333,0.8,0.7661653632146341,0.8096296296296296,1350
__pooled__,10,global_T_corrected,equal_width,12,0.8,0.8666666666666667,0.8334264806564281,0.8629139072847682,1510
__pooled__,10,global_T_corrected,equal_width,13,0.8666666666666667,0.9333333333333333,0.9019785546627924,0.9107249850209707,1669
__pooled__,10,global_T_corrected,equal_width,14,0.9333333333333333,1.0,0.9793913339643514,0.9824780976220275,3995
__pooled__,10,global_T_corrected,equal_mass,0,0.0,0.3125080019235611,0.2663787504359757,0.2792207792207792,1386
__pooled__,10,global_T_corrected,equal_mass,1,0.3125080019235611,0.37089234590530396,0.34215861638473055,0.34054834054834054,1386
__pooled__,10,global_T_corrected,equal_mass,2,0.37089234590530396,0.42126351594924927,0.3959483256766327,0.39221341023792355,1387
__pooled__,10,global_T_corrected,equal_mass,3,0.42126351594924927,0.4689178019762039,0.44492680051383476,0.4542177361211247,1387
__pooled__,10,global_T_corrected,equal_mass,4,0.4689178019762039,0.5153867304325104,0.4924032033220331,0.498197548666186,1387
__pooled__,10,global_T_corrected,equal_mass,5,0.5153867304325104,0.562569260597229,0.5382563313536486,0.5642135642135642,1386
__pooled__,10,global_T_corrected,equal_mass,6,0.562569260597229,0.6194761097431183,0.5911538623697739,0.6164383561643836,1387
__pooled__,10,global_T_corrected,equal_mass,7,0.6194761097431183,0.6803120076656342,0.6496476028302703,0.6904761904761905,1386
__pooled__,10,global_T_corrected,equal_mass,8,0.6803120076656342,0.7429850101470947,0.7111078751714606,0.745493871665465,1387
__pooled__,10,global_T_corrected,equal_mass,9,0.7429850101470947,0.8099457025527954,0.7771118550998493,0.8190338860850757,1387
__pooled__,10,global_T_corrected,equal_mass,10,0.8099457025527954,0.8721635043621063,0.8413587983638521,0.8650793650793651,1386
__pooled__,10,global_T_corrected,equal_mass,11,0.8721635043621063,0.9278551936149597,0.9013017611242132,0.9141414141414141,1386
__pooled__,10,global_T_corrected,equal_mass,12,0.9278551936149597,0.9701712727546692,0.9505779652454465,0.963924963924964,1386
__pooled__,10,global_T_corrected,equal_mass,13,0.9701712727546692,0.9937123656272888,0.9834138161854373,0.9812680115273775,1388
__pooled__,10,global_T_corrected,equal_mass,14,0.9937123656272888,1.0,0.998323838317145,0.9971160778658976,1387
__pooled__,10,oracle_T_K,equal_width,0,0.0,0.06666666666666667,0.0,0.0,0
__pooled__,10,oracle_T_K,equal_width,1,0.06666666666666667,0.13333333333333333,0.0,0.0,0
__pooled__,10,oracle_T_K,equal_width,2,0.13333333333333333,0.2,0.18525974516357693,0.2,70
__pooled__,10,oracle_T_K,equal_width,3,0.2,0.26666666666666666,0.2405177963981423,0.2583170254403131,511
__pooled__,10,oracle_T_K,equal_width,4,0.26666666666666666,0.3333333333333333,0.3040097054161144,0.306873977086743,1222
__pooled__,10,oracle_T_K,equal_width,5,0.3333333333333333,0.4,0.368037545684535,0.36476868327402134,1686
__pooled__,10,oracle_T_K,equal_width,6,0.4,0.4666666666666667,0.43387641057919873,0.432605221097496,1877
__pooled__,10,oracle_T_K,equal_width,7,0.4666666666666667,0.5333333333333333,0.5004269341377527,0.509823677581864,1985
__pooled__,10,oracle_T_K,equal_width,8,0.5333333333333333,0.6,0.5650720870209393,0.5758266818700114,1754
__pooled__,10,oracle_T_K,equal_width,9,0.6,0.6666666666666666,0.6326044632221856,0.6593406593406593,1547
__pooled__,10,oracle_T_K,equal_width,10,0.6666666666666666,0.7333333333333333,0.6997765551674813,0.7372994652406417,1496
__pooled__,10,oracle_T_K,equal_width,11,0.7333333333333333,0.8,0.7661960554961934,0.8108504398826979,1364
__pooled__,10,oracle_T_K,equal_width,12,0.8,0.8666666666666667,0.8337314990624854,0.8576180971390552,1503
__pooled__,10,oracle_T_K,equal_width,13,0.8666666666666667,0.9333333333333333,0.901790946669033,0.9045643153526971,1687
__pooled__,10,oracle_T_K,equal_width,14,0.9333333333333333,1.0,0.9795263941066278,0.9814498413473273,4097
__pooled__,10,oracle_T_K,equal_mass,0,0.0,0.31485289335250854,0.2684803230292869,0.2784992784992785,1386
__pooled__,10,oracle_T_K,equal_mass,1,0.31485289335250854,0.37385304272174835,0.3450775289587091,0.3439077144917087,1387
__pooled__,10,oracle_T_K,equal_mass,2,0.37385304272174835,0.4253184646368027,0.3993573720320995,0.3888888888888889,1386
__pooled__,10,oracle_T_K,equal_mass,3,0.4253184646368027,0.473418265581131,0.4488981789664218,0.4542177361211247,1387
__pooled__,10,oracle_T_K,equal_mass,4,0.473418265581131,0.5198832452297211,0.49651134787657836,0.5010814708002884,1387
__pooled__,10,oracle_T_K,equal_mass,5,0.5198832452297211,0.5672741532325745,0.5427560400739204,0.5627705627705628,1386
__pooled__,10,oracle_T_K,equal_mass,6,0.5672741532325745,0.6248605251312256,0.5962472804261354,0.6135544340302812,1387
__pooled__,10,oracle_T_K,equal_mass,7,0.6248605251312256,0.6857726573944092,0.6552513705359565,0.6926406926406926,1386
__pooled__,10,oracle_T_K,equal_mass,8,0.6857726573944092,0.7490071654319763,0.7170180130881548,0.7447728911319395,1387
__pooled__,10,oracle_T_K,equal_mass,9,0.7490071654319763,0.8155935108661652,0.783013595293646,0.8211968276856525,1387
__pooled__,10,oracle_T_K,equal_mass,10,0.8155935108661652,0.8771214187145233,0.8467065624860458,0.8658008658008658,1386
__pooled__,10,oracle_T_K,equal_mass,11,0.8771214187145233,0.931281328201294,0.9055307539768549,0.911976911976912,1386
__pooled__,10,oracle_T_K,equal_mass,12,0.931281328201294,0.9721335470676422,0.9533116921825436,0.9639769452449568,1388
__pooled__,10,oracle_T_K,equal_mass,13,0.9721335470676422,0.9942590594291687,0.9846134891148509,0.9812274368231046,1385
__pooled__,10,oracle_T_K,equal_mass,14,0.9942590594291687,1.0,0.9984845892668458,0.9971181556195965,1388
__pooled__,20,native,equal_width,0,0.0,0.06666666666666667,0.0,0.0,0
__pooled__,20,native,equal_width,1,0.06666666666666667,0.13333333333333333,0.12222221505547327,0.12698412698412698,63
__pooled__,20,native,equal_width,2,0.13333333333333333,0.2,0.17591750327047412,0.19093406593406592,728
__pooled__,20,native,equal_width,3,0.2,0.26666666666666666,0.2356564698927314,0.22778402699662542,1778
__pooled__,20,native,equal_width,4,0.26666666666666666,0.3333333333333333,0.2999612463103952,0.2827367467149977,2207
__pooled__,20,native,equal_width,5,0.3333333333333333,0.4,0.36655850753760744,0.3668453976764969,2238
__pooled__,20,native,equal_width,6,0.4,0.4666666666666667,0.43234948806667606,0.4294747081712062,2056
__pooled__,20,native,equal_width,7,0.4666666666666667,0.5333333333333333,0.49891599823949095,0.4997245179063361,1815
__pooled__,20,native,equal_width,8,0.5333333333333333,0.6,0.5662136726796079,0.5749014454664915,1522
__pooled__,20,native,equal_width,9,0.6,0.6666666666666666,0.6330878915235858,0.63615903975994,1333
__pooled__,20,native,equal_width,10,0.6666666666666666,0.7333333333333333,0.6997870623655745,0.7130584192439863,1164
__pooled__,20,native,equal_width,11,0.7333333333333333,0.8,0.7667676845221342,0.8039895923677364,1153
__pooled__,20,native,equal_width,12,0.8,0.8666666666666667,0.832263289921606,0.8442256042972247,1117
__pooled__,20,native,equal_width,13,0.8666666666666667,0.9333333333333333,0.901208923959467,0.9221604447974583,1259
__pooled__,20,native,equal_width,14,0.9333333333333333,1.0,0.9740269281102355,0.9809805579036348,2366
__pooled__,20,native,equal_mass,0,0.0,0.22581274807453156,0.18962673621969822,0.2012987012987013,1386
__pooled__,20,native,equal_mass,1,0.22581274807453156,0.2728297561407089,0.2501865003550749,0.22494592645998557,1387
__pooled__,20,native,equal_mass,2,0.2728297561407089,0.3143973648548126,0.2938672009355578,0.2777777777777778,1386
__pooled__,20,native,equal_mass,3,0.3143973648548126,0.35667477548122406,0.3353510526074036,0.3424657534246575,1387
__pooled__,20,native,equal_mass,4,0.35667477548122406,0.39741477370262146,0.37677511985386203,0.3720259552992069,1387
__pooled__,20,native,equal_mass,5,0.39741477370262146,0.441037580370903,0.4187987684386461,0.411976911976912,1386
__pooled__,20,native,equal_mass,6,0.441037580370903,0.4882286339998245,0.46454860561170763,0.4664744051910598,1387
__pooled__,20,native,equal_mass,7,0.4882286339998245,0.5422535836696625,0.514676271019904,0.512987012987013,1386
__pooled__,20,native,equal_mass,8,0.5422535836696625,0.6035067141056061,0.5722479778137152,0.5825522710886806,1387
__pooled__,20,native,equal_mass,9,0.6035067141056061,0.6729427874088287,0.6380517264020984,0.6452775775054074,1387
__pooled__,20,native,equal_mass,10,0.6729427874088287,0.7528795003890991,0.7134659306225495,0.7424242424242424,1386
__pooled__,20,native,equal_mass,11,0.7528795003890991,0.8332704305648804,0.7934575853110563,0.8010093727469358,1387
__pooled__,20,native,equal_mass,12,0.8332704305648804,0.9130184054374695,0.8747090434339503,0.8967509025270758,1385
__pooled__,20,native,equal_mass,13,0.9130184054374695,0.9705675840377808,0.9441955240727845,0.9639769452449568,1388
__pooled__,20,native,equal_mass,14,0.9705675840377808,1.0,0.9889264487927993,0.9899062725306417,1387
__pooled__,20,global_T_corrected,equal_width,0,0.0,0.06666666666666667,0.0,0.0,0
__pooled__,20,global_T_corrected,equal_width,1,0.06666666666666667,0.13333333333333333,0.12086379228629798,0.1308411214953271,107
__pooled__,20,global_T_corrected,equal_width,2,0.13333333333333333,0.2,0.17481955759285484,0.2021484375,1024
__pooled__,20,global_T_corrected,equal_width,3,0.2,0.26666666666666666,0.23473058856211304,0.24044734389561975,2146
__pooled__,20,global_T_corrected,equal_width,4,0.26666666666666666,0.3333333333333333,0.2995226716810041,0.3205233033524121,2446
__pooled__,20,global_T_corrected,equal_width,5,0.3333333333333333,0.4,0.3658343963498147,0.39585973806506125,2367
__pooled__,20,global_T_corrected,equal_width,6,0.4,0.4666666666666667,0.4325942292130502,0.4713375796178344,2041
__pooled__,20,global_T_corrected,equal_width,7,0.4666666666666667,0.5333333333333333,0.49975097256487816,0.5229885057471264,1740
__pooled__,20,global_T_corrected,equal_width,8,0.5333333333333333,0.6,0.5662726749432417,0.6294793779580797,1479
__pooled__,20,global_T_corrected,equal_width,9,0.6,0.6666666666666666,0.6317700647570023,0.6848534201954397,1228
__pooled__,20,global_T_corrected,equal_width,10,0.6666666666666666,0.7333333333333333,0.6996201787089398,0.7863910422049957,1161
__pooled__,20,global_T_corrected,equal_width,11,0.7333333333333333,0.8,0.7659298981954783,0.8160813308687616,1082
__pooled__,20,global_T_corrected,equal_width,12,0.8,0.8666666666666667,0.8340851571970808,0.8907815631262525,998
__pooled__,20,global_T_corrected,equal_width,13,0.8666666666666667,0.9333333333333333,0.9016072049493535,0.9544282029234737,1163
__pooled__,20,global_T_corrected,equal_width,14,0.9333333333333333,1.0,0.9722786817697621,0.9878921298844249,1817
__pooled__,20,global_T_corrected,equal_mass,0,0.0,0.20937134325504303,0.17614564973146024,0.2012987012987013,1386
__pooled__,20,global_T_corrected,equal_mass,1,0.20937134325504303,0.2523626983165741,0.23113371214809914,0.22566690699351116,1387
__pooled__,20,global_T_corrected,equal_mass,2,0.2523626983165741,0.2900213599205017,0.27128982057991136,0.2821067821067821,1386
__pooled__,20,global_T_corrected,equal_mass,3,0.2900213599205017,0.3285127580165863,0.3093227857338411,0.3439077144917087,1387
__pooled__,20,global_T_corrected,equal_mass,4,0.3285127580165863,0.3662399798631668,0.3473821835674308,0.37635183850036047,1387
__pooled__,20,global_T_corrected,equal_mass,5,0.3662399798631668,0.40746934711933136,0.3861111686343238,0.411976911976912,1386
__pooled__,20,global_T_corrected,equal_mass,6,0.40746934711933136,0.4516442120075226,0.4291900573184186,0.4671953857245854,1387
__pooled__,20,global_T_corrected,equal_mass,7,0.4516442120075226,0.5027219355106354,0.4770293759362178,0.49927849927849927,1386
__pooled__,20,global_T_corrected,equal_mass,8,0.5027219355106354,0.5603388845920563,0.5305854035266114,0.5912040374909877,1387
__pooled__,20,global_T_corrected,equal_mass,9,0.5603388845920563,0.6259752810001373,0.5920114640546688,0.6467195385724586,1387
__pooled__,20,global_T_corrected,equal_mass,10,0.6259752810001373,0.7046657204627991,0.6651851378736042,0.7308802308802309,1386
__pooled__,20,global_T_corrected,equal_mass,11,0.7046657204627991,0.7879257500171661,0.7457329021483423,0.8089401586157173,1387
__pooled__,20,global_T_corrected,equal_mass,12,0.7879257500171661,0.8795388340950012,0.8347200304162201,0.8945848375451263,1385
__pooled__,20,global_T_corrected,equal_mass,13,0.8795388340950012,0.9534835517406464,0.91866694475647,0.9603460706560922,1387
__pooled__,20,global_T_corrected,equal_mass,14,0.9534835517406464,1.0,0.9811964060370448,0.9913544668587896,1388
__pooled__,20,oracle_T_K,equal_width,0,0.0,0.06666666666666667,0.0,0.0,0
__pooled__,20,oracle_T_K,equal_width,1,0.06666666666666667,0.13333333333333333,0.12144564075602425,0.1111111111111111,90
__pooled__,20,oracle_T_K,equal_width,2,0.13333333333333333,0.2,0.17549097730737664,0.1967391304347826,920
__pooled__,20,oracle_T_K,equal_width,3,0.2,0.26666666666666666,0.23487129013644004,0.2280966767371601,1986
__pooled__,20,oracle_T_K,equal_width,4,0.26666666666666666,0.3333333333333333,0.29942202193961237,0.31192275398824515,2382
__pooled__,20,oracle_T_K,equal_width,5,0.3333333333333333,0.4,0.36632661353749085,0.38704177323103156,2346
__pooled__,20,oracle_T_K,equal_width,6,0.4,0.4666666666666667,0.4330304753211319,0.4564052605942523,2053
__pooled__,20,oracle_T_K,equal_width,7,0.4666666666666667,0.5333333333333333,0.4996675667987602,0.5129384703852788,1739
__pooled__,20,oracle_T_K,equal_width,8,0.5333333333333333,0.6,0.5656613163604941,0.6086079354404842,1487
__pooled__,20,oracle_T_K,equal_width,9,0.6,0.6666666666666666,0.6320766201386085,0.6738461538461539,1300
__pooled__,20,oracle_T_K,equal_width,10,0.6666666666666666,0.7333333333333333,0.7005691214502634,0.7671589921807124,1151
__pooled__,20,oracle_T_K,equal_width,11,0.7333333333333333,0.8,0.7669823299977101,0.8037466547725245,1121
__pooled__,20,oracle_T_K,equal_width,12,0.8,0.8666666666666667,0.8336971690559014,0.8746327130264446,1021
__pooled__,20,oracle_T_K,equal_width,13,0.8666666666666667,0.9333333333333333,0.901180985998566,0.9486963835155593,1189
__pooled__,20,oracle_T_K,equal_width,14,0.9333333333333333,1.0,0.9726744733358684,0.9841112214498511,2014
__pooled__,20,oracle_T_K,equal_mass,0,0.0,0.2151537910103798,0.18076702379346066,0.20274170274170275,1386
__pooled__,20,oracle_T_K,equal_mass,1,0.2151537910103798,0.2595903128385544,0.2376581702136959,0.22278298485940878,1387
__pooled__,20,oracle_T_K,equal_mass,2,0.2595903128385544,0.29825760424137115,0.279058924829117,0.2828282828282828,1386
__pooled__,20,oracle_T_K,equal_mass,3,0.29825760424137115,0.3378313183784485,0.3182946801744267,0.3453496755587599,1387
__pooled__,20,oracle_T_K,equal_mass,4,0.3378313183784485,0.37718071043491364,0.35754863205537063,0.3684210526315789,1387
__pooled__,20,oracle_T_K,equal_mass,5,0.37718071043491364,0.41908445954322815,0.3973742916341468,0.41125541125541126,1386
__pooled__,20,oracle_T_K,equal_mass,6,0.41908445954322815,0.46448764204978943,0.44146322750667055,0.467916366258111,1387
__pooled__,20,oracle_T_K,equal_mass,7,0.46448764204978943,0.515966534614563,0.4901509243258494,0.5050505050505051,1386
__pooled__,20,oracle_T_K,equal_mass,8,0.515966534614563,0.5749776065349579,0.5450359893601493,0.5897620764239365,1387
__pooled__,20,oracle_T_K,equal_mass,9,0.5749776065349579,0.6426635384559631,0.6080880433686277,0.6481614996395098,1387
__pooled__,20,oracle_T_K,equal_mass,10,0.6426635384559631,0.7218051254749298,0.6821632226136167,0.733044733044733,1386
__pooled__,20,oracle_T_K,equal_mass,11,0.7218051254749298,0.8042937517166138,0.7628939010052584,0.8076368876080692,1388
__pooled__,20,oracle_T_K,equal_mass,12,0.8042937517166138,0.8918606340885162,0.8494961186436539,0.8931407942238268,1385
__pooled__,20,oracle_T_K,equal_mass,13,0.8918606340885162,0.9603711366653442,0.9284417245486011,0.9625090122566691,1387
__pooled__,20,oracle_T_K,equal_mass,14,0.9603711366653442,1.0,0.9843022444734663,0.9913482335976929,1387
__pooled__,50,native,equal_width,0,0.0,0.06666666666666667,0.06184122302546734,0.024390243902439025,41
__pooled__,50,native,equal_width,1,0.06666666666666667,0.13333333333333333,0.109958041738246,0.13071065989847716,1576
__pooled__,50,native,equal_width,2,0.13333333333333333,0.2,0.16782394601003303,0.169969040247678,3230
__pooled__,50,native,equal_width,3,0.2,0.26666666666666666,0.23262516554602822,0.2504604051565378,3258
__pooled__,50,native,equal_width,4,0.26666666666666666,0.3333333333333333,0.29838646897895554,0.3154121863799283,2511
__pooled__,50,native,equal_width,5,0.3333333333333333,0.4,0.36548265079647435,0.3857918105574741,2027
__pooled__,50,native,equal_width,6,0.4,0.4666666666666667,0.43104000165013007,0.49115314215985356,1639
__pooled__,50,native,equal_width,7,0.4666666666666667,0.5333333333333333,0.4980616687358654,0.5554675118858954,1262
__pooled__,50,native,equal_width,8,0.5333333333333333,0.6,0.5658965732176948,0.6370510396975425,1058
__pooled__,50,native,equal_width,9,0.6,0.6666666666666666,0.6310217927304358,0.719441210710128,859
__pooled__,50,native,equal_width,10,0.6666666666666666,0.7333333333333333,0.6988115651843029,0.7753721244925575,739
__pooled__,50,native,equal_width,11,0.7333333333333333,0.8,0.7654566131252936,0.8545727136431784,667
__pooled__,50,native,equal_width,12,0.8,0.8666666666666667,0.8323746643863715,0.9383116883116883,616
__pooled__,50,native,equal_width,13,0.8666666666666667,0.9333333333333333,0.9000976263229014,0.9420289855072463,621
__pooled__,50,native,equal_width,14,0.9333333333333333,1.0,0.9701428863642027,0.981294964028777,695
__pooled__,50,native,equal_mass,0,0.0,0.12796711921691895,0.10503649678011391,0.12626262626262627,1386
__pooled__,50,native,equal_mass,1,0.12796711921691895,0.15919195860624313,0.14410479426942632,0.14780100937274693,1387
__pooled__,50,native,equal_mass,2,0.15919195860624313,0.18640027940273285,0.17276781289952486,0.170995670995671,1386
__pooled__,50,native,equal_mass,3,0.18640027940273285,0.21382896602153778,0.20006891236343055,0.21413121845710165,1387
__pooled__,50,native,equal_mass,4,0.21382896602153778,0.24148856103420258,0.2277682551975807,0.25234318673395817,1387
__pooled__,50,native,equal_mass,5,0.24148856103420258,0.2715463936328888,0.2561961370715159,0.2647907647907648,1386
__pooled__,50,native,equal_mass,6,0.2715463936328888,0.30653826892375946,0.28896950839574853,0.304253785147801,1387
__pooled__,50,native,equal_mass,7,0.30653826892375946,0.34778329730033875,0.3268333235903392,0.3448773448773449,1386
__pooled__,50,native,equal_mass,8,0.34778329730033875,0.39381733536720276,0.3702799446649833,0.37995674116798844,1387
__pooled__,50,native,equal_mass,9,0.39381733536720276,0.44675447046756744,0.41935278020836764,0.4708002883922134,1387
__pooled__,50,native,equal_mass,10,0.44675447046756744,0.5158351957798004,0.4799950976478417,0.5526695526695526,1386
__pooled__,50,native,equal_mass,11,0.5158351957798004,0.6024783551692963,0.5581645639834855,0.6286950252343186,1387
__pooled__,50,native,equal_mass,12,0.6024783551692963,0.7174198925495148,0.6559813445350653,0.7438672438672439,1386
__pooled__,50,native,equal_mass,13,0.7174198925495148,0.8588965833187103,0.7851898030746559,0.8767123287671232,1387
__pooled__,50,native,equal_mass,14,0.8588965833187103,1.0,0.9333004407428888,0.9632299927901946,1387
__pooled__,50,global_T_corrected,equal_width,0,0.0,0.06666666666666667,0.060258577458369426,0.0641025641025641,78
__pooled__,50,global_T_corrected,equal_width,1,0.06666666666666667,0.13333333333333333,0.1079771019398481,0.1374712643678161,2175
__pooled__,50,global_T_corrected,equal_width,2,0.13333333333333333,0.2,0.1666339183217853,0.1980957418672309,3781
__pooled__,50,global_T_corrected,equal_width,3,0.2,0.26666666666666666,0.23139110390687934,0.2707331730769231,3328
__pooled__,50,global_T_corrected,equal_width,4,0.26666666666666666,0.3333333333333333,0.298854579026088,0.35419173686321703,2493
__pooled__,50,global_T_corrected,equal_width,5,0.3333333333333333,0.4,0.3655094926895128,0.45624683864441073,1977
__pooled__,50,global_T_corrected,equal_width,6,0.4,0.4666666666666667,0.4316071891867166,0.5356401384083045,1445
__pooled__,50,global_T_corrected,equal_width,7,0.4666666666666667,0.5333333333333333,0.49927725089229136,0.6267123287671232,1168
__pooled__,50,global_T_corrected,equal_width,8,0.5333333333333333,0.6,0.5645866888092164,0.7026737967914438,935
__pooled__,50,global_T_corrected,equal_width,9,0.6,0.6666666666666666,0.6322505594551406,0.7440944881889764,762
__pooled__,50,global_T_corrected,equal_width,10,0.6666666666666666,0.7333333333333333,0.6983993226727738,0.8642172523961661,626
__pooled__,50,global_T_corrected,equal_width,11,0.7333333333333333,0.8,0.7654189153351768,0.9175084175084175,594
__pooled__,50,global_T_corrected,equal_width,12,0.8,0.8666666666666667,0.8326825326870358,0.9444444444444444,504
__pooled__,50,global_T_corrected,equal_width,13,0.8666666666666667,0.9333333333333333,0.8996911383036411,0.935064935064935,462
__pooled__,50,global_T_corrected,equal_width,14,0.9333333333333333,1.0,0.9685571120296568,0.9957537154989384,471
__pooled__,50,global_T_corrected,equal_mass,0,0.0,0.11565396934747696,0.0950311759935657,0.12481962481962482,1386
__pooled__,50,global_T_corrected,equal_mass,1,0.11565396934747696,0.14285117387771606,0.12956773993044168,0.1506849315068493,1387
__pooled__,50,global_T_corrected,equal_mass,2,0.14285117387771606,0.16651766002178192,0.15467290063140024,0.1717171717171717,1386
__pooled__,50,global_T_corrected,equal_mass,3,0.16651766002178192,0.19120903313159943,0.17907200283125826,0.2213410237923576,1387
__pooled__,50,global_T_corrected,equal_mass,4,0.19120903313159943,0.2158632054924965,0.2035907857393995,0.25594808940158614,1387
__pooled__,50,global_T_corrected,equal_mass,5,0.2158632054924965,0.24319474399089813,0.22911773426364165,0.26334776334776333,1386
__pooled__,50,global_T_corrected,equal_mass,6,0.24319474399089813,0.2747373431921005,0.2585765251214331,0.29704397981254504,1387
__pooled__,50,global_T_corrected,equal_mass,7,0.2747373431921005,0.3121554106473923,0.2926785527885734,0.35353535353535354,1386
__pooled__,50,global_T_corrected,equal_mass,8,0.3121554106473923,0.3534741848707199,0.3319060478222482,0.39005046863734677,1387
__pooled__,50,global_T_corrected,equal_mass,9,0.3534741848707199,0.4012359380722046,0.37648248055811484,0.4794520547945205,1387
__pooled__,50,global_T_corrected,equal_mass,10,0.4012359380722046,0.4655517190694809,0.43174320147581086,0.5382395382395382,1386
__pooled__,50,global_T_corrected,equal_mass,11,0.4655517190694809,0.5459167957305908,0.5043575773801233,0.635183850036049,1387
__pooled__,50,global_T_corrected,equal_mass,12,0.5459167957305908,0.6558614671230316,0.5971119528122967,0.7236652236652237,1386
__pooled__,50,global_T_corrected,equal_mass,13,0.6558614671230316,0.8067552447319031,0.727721904324557,0.8767123287671232,1387
__pooled__,50,global_T_corrected,equal_mass,14,0.8067552447319031,1.0,0.902203668083488,0.9596250901225667,1387
__pooled__,50,oracle_T_K,equal_width,0,0.0,0.06666666666666667,0.06142198103997443,0.022222222222222223,45
__pooled__,50,oracle_T_K,equal_width,1,0.06666666666666667,0.13333333333333333,0.10970104577940606,0.13087447947650208,1681
__pooled__,50,oracle_T_K,equal_width,2,0.13333333333333333,0.2,0.16760729494810753,0.1747807680677351,3307
__pooled__,50,oracle_T_K,equal_width,3,0.2,0.26666666666666666,0.23233264592901162,0.25637135922330095,3296
__pooled__,50,oracle_T_K,equal_width,4,0.26666666666666666,0.3333333333333333,0.29845264580281294,0.3199839807769323,2497
__pooled__,50,oracle_T_K,equal_width,5,0.3333333333333333,0.4,0.3655011285199478,0.3952569169960474,2024
__pooled__,50,oracle_T_K,equal_width,6,0.4,0.4666666666666667,0.4315819217616928,0.5039706780696396,1637
__pooled__,50,oracle_T_K,equal_width,7,0.4666666666666667,0.5333333333333333,0.49907092686663285,0.5556464811783961,1222
__pooled__,50,oracle_T_K,equal_width,8,0.5333333333333333,0.6,0.5661996151115066,0.6429942418426103,1042
__pooled__,50,oracle_T_K,equal_width,9,0.6,0.6666666666666666,0.6316857663067904,0.7511961722488039,836
__pooled__,50,oracle_T_K,equal_width,10,0.6666666666666666,0.7333333333333333,0.6990366890592482,0.7808599167822469,721
__pooled__,50,oracle_T_K,equal_width,11,0.7333333333333333,0.8,0.7658241412240423,0.8709677419354839,651
__pooled__,50,oracle_T_K,equal_width,12,0.8,0.8666666666666667,0.8327830170912924,0.9386401326699834,603
__pooled__,50,oracle_T_K,equal_width,13,0.8666666666666667,0.9333333333333333,0.9006479085999436,0.9443507588532883,593
__pooled__,50,oracle_T_K,equal_width,14,0.9333333333333333,1.0,0.9703520655817126,0.9798136645962733,644
__pooled__,50,oracle_T_K,equal_mass,0,0.0,0.12565524131059647,0.1032142076684326,0.12698412698412698,1386
__pooled__,50,oracle_T_K,equal_mass,1,0.12565524131059647,0.1562206745147705,0.1414663134694701,0.14635904830569574,1387
__pooled__,50,oracle_T_K,equal_mass,2,0.1562206745147705,0.18280654400587082,0.16948620313818838,0.16883116883116883,1386
__pooled__,50,oracle_T_K,equal_mass,3,0.18280654400587082,0.20959728956222534,0.19626693541443255,0.21701514059120403,1387
__pooled__,50,oracle_T_K,equal_mass,4,0.20959728956222534,0.23665395379066467,0.2234097001207932,0.25378514780100936,1387
__pooled__,50,oracle_T_K,equal_mass,5,0.23665395379066467,0.26649586856365204,0.25128657703017776,0.2691197691197691,1386
__pooled__,50,oracle_T_K,equal_mass,6,0.26649586856365204,0.30108603835105896,0.28350574912660487,0.29776496034607064,1387
__pooled__,50,oracle_T_K,equal_mass,7,0.30108603835105896,0.34112563729286194,0.3206719866003653,0.3484848484848485,1386
__pooled__,50,oracle_T_K,equal_mass,8,0.34112563729286194,0.38667045533657074,0.3634267884058839,0.37995674116798844,1387
__pooled__,50,oracle_T_K,equal_mass,9,0.38667045533657074,0.4389278292655945,0.41174222297950364,0.47296322999279017,1387
__pooled__,50,oracle_T_K,equal_mass,10,0.4389278292655945,0.5063961148262024,0.47140842544998096,0.5497835497835498,1386
__pooled__,50,oracle_T_K,equal_mass,11,0.5063961148262024,0.5924964547157288,0.5487071937937141,0.6308579668348955,1387
__pooled__,50,oracle_T_K,equal_mass,12,0.5924964547157288,0.7077477872371674,0.6457501315709316,0.7402597402597403,1386
__pooled__,50,oracle_T_K,equal_mass,13,0.7077477872371674,0.8506254851818085,0.7755877596917733,0.8774333093006489,1387
__pooled__,50,oracle_T_K,equal_mass,14,0.8506254851818085,1.0,0.9284888227895257,0.9617880317231434,1387
