expr_id,image_id,gqa_image_id,level,tuple_type,target_name,target_name_source,target_box_iou,n_graph_objects,n_same_name,n_same_name_distractors,n_objects_id,spatial,width,height,gt_box_xyxy
1,2414605,2414605,1,2_hop,boy,graph_box,1.0000,17,1,0,3,,500,333,"271.0,5.0,394.0,255.0"
2,2394854,2394854,1,1_hop,camera,graph_box,1.0000,13,1,0,2,,500,334,"263.0,19.0,306.0,65.0"
3,2394854,2394854,1,and,truck,graph_box,1.0000,13,1,0,3,,500,334,"15.0,85.0,469.0,247.0"
4,2394852,2394852,1,0_hop,woman,graph_box,1.0000,29,1,0,1,,500,333,"160.0,82.0,256.0,222.0"
5,2394852,2394852,1,2_hop,woman,graph_box,1.0000,29,1,0,3,,500,333,"160.0,82.0,256.0,222.0"
6,2394852,2394852,2,2_hop,girl,graph_box,1.0000,29,2,1,3,,500,333,"0.0,30.0,195.0,264.0"
7,2394852,2394852,2,and,girl,graph_box,1.0000,29,2,1,3,,500,333,"0.0,30.0,195.0,264.0"
8,2378230,2378230,1,1_hop,tree,graph_box,1.0000,11,1,0,2,,500,334,"436.0,0.0,500.0,212.0"
9,286099,286099,2,and,girl,graph_box,1.0000,10,2,1,3,,640,480,"151.0,75.0,250.0,224.0"
12,286099,286099,3,2_hop,girl,graph_box,1.0000,10,2,1,3,,640,480,"319.0,89.0,601.0,479.0"
13,2374892,2374892,1,0_hop,printer,graph_box,1.0000,24,1,0,1,,500,375,"319.0,230.0,499.0,374.0"
14,2374892,2374892,1,0_hop,lamp,graph_box,1.0000,24,1,0,1,,500,375,"145.0,0.0,246.0,126.0"
15,2329750,2329750,1,0_hop,crowd,graph_box,1.0000,21,1,0,1,,500,375,"0.0,55.0,499.0,217.0"
16,2387230,2387230,1,0_hop,bike,graph_box,1.0000,20,1,0,1,,500,333,"158.0,192.0,252.0,263.0"
17,2352130,2352130,1,0_hop,door,graph_box,1.0000,12,1,0,1,,500,332,"447.0,0.0,498.0,331.0"
18,2341787,2341787,2,2_hop,ornament,graph_box,1.0000,24,2,1,3,,500,375,"416.0,169.0,475.0,228.0"
19,2341787,2341787,2,and,ornament,graph_box,1.0000,24,2,1,3,,500,375,"416.0,169.0,475.0,228.0"
20,2341787,2341787,3,2_hop,ornament,graph_box,1.0000,24,2,1,3,,500,375,"416.0,169.0,475.0,228.0"
21,2370242,2370242,1,0_hop,helmet,graph_box,1.0000,15,1,0,1,,500,375,"209.0,98.0,256.0,139.0"
22,2360094,2360094,1,0_hop,boat,graph_box,1.0000,15,1,0,1,,278,500,"74.0,115.0,182.0,290.0"
23,2415552,2415552,2,2_hop,building,graph_box,1.0000,17,3,2,3,,500,375,"212.0,120.0,238.0,223.0"
25,2415552,2415552,3,2_hop,building,graph_box,1.0000,17,3,2,3,,500,375,"212.0,120.0,238.0,223.0"
26,2352860,2352860,1,and,boxes,graph_box,1.0000,24,1,0,3,,500,333,"308.0,34.0,466.0,288.0"
27,2352862,2352862,2,1_hop,building,graph_box,1.0000,20,3,2,2,,500,337,"0.0,2.0,70.0,337.0"
28,2368884,2368884,1,0_hop,bus stop,graph_box,1.0000,24,1,0,1,,375,500,"31.0,184.0,159.0,322.0"
29,2368884,2368884,2,1_hop,bus,graph_box,1.0000,24,2,1,2,,375,500,"262.0,0.0,375.0,499.0"
30,2318653,2318653,2,1_hop,pizza,graph_box,1.0000,10,2,1,2,,500,375,"25.0,52.0,485.0,298.0"
33,2383415,2383415,2,2_hop,snowboard,graph_box,1.0000,22,2,1,3,,500,499,"277.0,149.0,338.0,419.0"
34,2383415,2383415,2,1_hop,snowboard,graph_box,1.0000,22,2,1,2,,500,499,"277.0,149.0,338.0,419.0"
35,2383415,2383415,3,2_hop,snowboard,graph_box,1.0000,22,2,1,3,,500,499,"277.0,149.0,338.0,419.0"
36,2317105,2317105,2,2_hop,man,graph_box,1.0000,27,2,1,3,,500,321,"0.0,2.0,102.0,319.0"
39,2334060,2334060,2,1_hop,building,graph_box,1.0000,19,2,1,2,,500,333,"261.0,0.0,499.0,234.0"
42,2334060,2334060,2,1_hop,sign,graph_box,1.0000,19,4,3,2,,500,333,"102.0,0.0,167.0,69.0"
43,2383269,2383269,1,1_hop,grill,graph_box,1.0000,20,1,0,2,,375,500,"33.0,146.0,291.0,295.0"
44,2685,2685,2,and,building,graph_box,1.0000,12,3,2,3,,800,600,"656.0,337.0,750.0,410.0"
45,2363706,2363706,1,2_hop,pole,graph_box,1.0000,21,1,0,3,,500,375,"436.0,208.0,455.0,374.0"
46,2369020,2369020,1,1_hop,man,graph_box,1.0000,12,1,0,2,,500,375,"140.0,133.0,223.0,256.0"
47,2318908,2318908,2,2_hop,cake,graph_box,1.0000,36,2,1,3,,500,386,"96.0,203.0,165.0,252.0"
48,2318908,2318908,2,and,cake,graph_box,1.0000,36,2,1,3,,500,386,"96.0,203.0,165.0,252.0"
49,2416149,2416149,2,1_hop,woman,graph_box,1.0000,16,2,1,2,,500,374,"0.0,185.0,75.0,372.0"
50,2416149,2416149,2,1_hop,woman,graph_box,1.0000,16,2,1,2,,500,374,"381.0,260.0,499.0,374.0"
51,2376792,2376792,2,1_hop,man,graph_box,1.0000,26,6,5,2,,500,333,"409.0,102.0,437.0,184.0"
53,2346965,2346965,1,2_hop,vehicle,graph_box,1.0000,24,1,0,3,,500,281,"72.0,152.0,129.0,224.0"
54,2346965,2346965,2,2_hop,man,graph_box,1.0000,24,2,1,3,,500,281,"58.0,160.0,81.0,223.0"
55,2346965,2346965,2,and,man,graph_box,1.0000,24,2,1,3,,500,281,"58.0,160.0,81.0,223.0"
56,2324708,2324708,1,1_hop,bear,graph_box,1.0000,11,1,0,2,,500,500,"12.0,64.0,417.0,484.0"
57,2360558,2360558,1,0_hop,fence,graph_box,1.0000,17,1,0,1,,332,500,"1.0,113.0,287.0,431.0"
58,2360554,2360554,1,0_hop,house,graph_box,1.0000,17,1,0,1,,500,334,"347.0,0.0,500.0,91.0"
59,2360882,2360882,1,0_hop,bus,graph_box,1.0000,18,1,0,1,,500,331,"178.0,0.0,500.0,319.0"
60,2383595,2383595,2,2_hop,girl,graph_box,1.0000,26,2,1,3,,500,375,"12.0,0.0,61.0,350.0"
61,2383595,2383595,2,and,girl,graph_box,1.0000,26,2,1,3,,500,375,"12.0,0.0,61.0,350.0"
63,2318016,2318016,2,1_hop,tree,graph_box,1.0000,16,2,1,2,,500,333,"0.0,246.0,64.0,324.0"
64,2318011,2318011,3,2_hop,pole,graph_box,1.0000,11,2,1,3,,500,333,"451.0,78.0,463.0,290.0"
65,2318011,2318011,3,1_hop,pole,graph_box,1.0000,11,2,1,2,,500,333,"451.0,78.0,463.0,290.0"
66,2318011,2318011,2,0_hop,building,graph_box,1.0000,11,2,1,1,,500,333,"106.0,46.0,229.0,249.0"
67,2360080,2360080,1,0_hop,mirror,graph_box,1.0000,13,1,0,1,,500,333,"125.0,102.0,178.0,145.0"
68,2360080,2360080,1,1_hop,mirror,graph_box,1.0000,13,1,0,2,,500,333,"125.0,102.0,178.0,145.0"
69,2350216,2350216,1,0_hop,hat,graph_box,1.0000,19,1,0,1,,500,314,"23.0,49.0,74.0,88.0"
70,2350743,2350743,1,2_hop,dog,graph_box,1.0000,17,1,0,3,,500,375,"324.0,40.0,498.0,239.0"
71,2411256,2411256,1,0_hop,truck,graph_box,1.0000,14,1,0,1,,375,500,"0.0,372.0,58.0,409.0"
73,2415946,2415946,1,1_hop,fence,graph_box,1.0000,11,1,0,2,,500,370,"2.0,197.0,490.0,267.0"
75,2378923,2378923,1,2_hop,man,graph_box,1.0000,16,1,0,3,,375,500,"194.0,66.0,374.0,489.0"
76,2378923,2378923,1,1_hop,man,graph_box,1.0000,16,1,0,2,,375,500,"194.0,66.0,374.0,489.0"
78,2380286,2380286,2,1_hop,palm tree,graph_box,1.0000,12,2,1,2,,333,500,"284.0,282.0,333.0,416.0"
79,4620,4620,2,2_hop,curtain,graph_box,1.0000,12,2,1,3,,512,405,"174.0,72.0,274.0,194.0"
80,4620,4620,2,1_hop,curtain,graph_box,1.0000,12,2,1,2,,512,405,"174.0,72.0,274.0,194.0"
81,2319822,2319822,1,1_hop,airplane,graph_box,1.0000,16,1,0,2,,500,325,"0.0,0.0,499.0,183.0"
83,2358240,2358240,2,2_hop,bus,graph_box,1.0000,12,2,1,3,,500,333,"180.0,122.0,226.0,170.0"
84,2358240,2358240,2,1_hop,bus,graph_box,1.0000,12,2,1,2,,500,333,"180.0,122.0,226.0,170.0"
85,2356372,2356372,1,2_hop,backpack,graph_box,1.0000,27,1,0,3,,500,489,"91.0,67.0,182.0,232.0"
86,174,174,1,0_hop,table,graph_box,1.0000,13,1,0,1,,800,594,"14.0,519.0,127.0,593.0"
87,2325480,2325480,1,and,man,graph_box,1.0000,17,1,0,3,,395,500,"212.0,183.0,315.0,484.0"
88,2382418,2382418,1,0_hop,skateboard,graph_box,1.0000,18,1,0,1,,500,332,"292.0,269.0,449.0,316.0"
89,2415053,2415053,1,1_hop,tower,graph_box,1.0000,24,1,0,2,,500,281,"305.0,29.0,417.0,104.0"
90,2393871,2393871,2,1_hop,roof,graph_box,1.0000,17,2,1,2,,500,332,"379.0,25.0,499.0,167.0"
92,2393871,2393871,2,and,platform,graph_box,1.0000,17,2,1,3,,500,332,"333.0,34.0,499.0,332.0"
94,2407148,2407148,1,1_hop,bed,graph_box,1.0000,23,1,0,2,,500,333,"0.0,166.0,499.0,332.0"
95,2407148,2407148,2,2_hop,lamp,graph_box,1.0000,23,2,1,3,,500,333,"44.0,144.0,88.0,184.0"
96,2407148,2407148,2,and,lamp,graph_box,1.0000,23,2,1,3,,500,333,"44.0,144.0,88.0,184.0"
98,2407148,2407148,3,1_hop,lamp,graph_box,1.0000,23,2,1,2,,500,333,"44.0,144.0,88.0,184.0"
99,2329573,2329573,2,1_hop,curtain,graph_box,1.0000,13,2,1,2,,500,333,"136.0,39.0,168.0,248.0"
100,2385826,2385826,1,0_hop,man,graph_box,1.0000,23,1,0,1,,375,500,"185.0,188.0,304.0,495.0"
101,2385826,2385826,1,and,man,graph_box,1.0000,23,1,0,3,,375,500,"185.0,188.0,304.0,495.0"
102,2398749,2398749,2,and,building,graph_box,1.0000,14,2,1,3,,500,350,"247.0,0.0,498.0,80.0"
103,2398749,2398749,2,and,train,graph_box,1.0000,14,2,1,3,,500,350,"414.0,152.0,500.0,204.0"
104,2352473,2352473,1,1_hop,table,graph_box,1.0000,18,1,0,2,,500,333,"160.0,143.0,353.0,195.0"
105,2352473,2352473,1,1_hop,couch,graph_box,1.0000,18,1,0,2,,500,333,"0.0,188.0,499.0,332.0"
106,2393912,2393912,1,and,sandwich,graph_box,1.0000,10,1,0,3,,500,333,"99.0,1.0,285.0,193.0"
107,2393912,2393912,1,2_hop,mozzarella,objects_id_first,0.4858,10,1,0,3,,500,333,"115.0,0.0,279.0,125.0"
108,2393912,2393912,1,1_hop,mozzarella,objects_id_first,0.4911,10,1,0,2,,500,333,"118.0,0.0,289.0,138.0"
109,2374010,2374010,2,1_hop,tie,graph_box,1.0000,12,2,1,2,,332,500,"79.0,249.0,114.0,347.0"
110,2316759,2316759,1,1_hop,bottle,graph_box,1.0000,12,1,0,2,,375,500,"326.0,388.0,368.0,465.0"
111,2368765,2368765,1,2_hop,elephant,graph_box,1.0000,17,1,0,3,,500,333,"164.0,130.0,338.0,257.0"
112,2368765,2368765,1,and,elephant,graph_box,1.0000,17,1,0,3,,500,333,"164.0,130.0,338.0,257.0"
113,2369056,2369056,2,1_hop,umbrella,graph_box,1.0000,20,2,1,2,,500,301,"369.0,167.0,500.0,257.0"
115,2326757,2326757,1,2_hop,man,graph_box,1.0000,16,1,0,3,,375,500,"0.0,27.0,188.0,498.0"
116,2408865,2408865,1,0_hop,bag,graph_box,1.0000,10,1,0,1,,500,375,"361.0,34.0,422.0,144.0"
117,2332593,2332593,2,2_hop,man,graph_box,1.0000,20,2,1,3,,375,500,"42.0,76.0,316.0,500.0"
118,2332593,2332593,2,1_hop,man,graph_box,1.0000,20,2,1,2,,375,500,"42.0,76.0,316.0,500.0"
122,2324933,2324933,2,1_hop,mirror,graph_box,1.0000,14,2,1,2,,500,379,"275.0,87.0,463.0,279.0"
123,2402230,2402230,1,0_hop,pizza,graph_box,1.0000,19,1,0,1,,334,500,"0.0,346.0,290.0,497.0"
124,2342015,2342015,1,1_hop,box,graph_box,1.0000,10,1,0,2,,500,500,"352.0,170.0,429.0,209.0"
125,1547,1547,1,0_hop,packet,graph_box,1.0000,4,1,0,1,,640,480,"472.0,15.0,540.0,79.0"
126,1547,1547,1,2_hop,packet,graph_box,1.0000,4,1,0,3,,640,480,"472.0,15.0,540.0,79.0"
127,1547,1547,1,1_hop,packet,graph_box,1.0000,4,1,0,2,,640,480,"472.0,15.0,540.0,79.0"
128,2390791,2390791,1,1_hop,rope,graph_box,1.0000,11,1,0,2,,500,281,"447.0,188.0,499.0,239.0"
131,2322922,2322922,1,1_hop,pipe,graph_box,1.0000,13,1,0,2,,500,375,"116.0,43.0,501.0,81.0"
134,2416080,2416080,2,and,hot dog,graph_box,1.0000,20,3,2,3,,500,375,"316.0,25.0,498.0,327.0"
135,2416080,2416080,3,2_hop,hot dog,graph_box,1.0000,20,3,2,3,,500,375,"316.0,25.0,498.0,327.0"
138,2416080,2416080,3,2_hop,mustard,graph_box,1.0000,20,3,2,3,,500,375,"63.0,127.0,185.0,288.0"
143,2405227,2405227,1,2_hop,horse,graph_box,1.0000,18,1,0,3,,491,500,"59.0,4.0,490.0,498.0"
144,2405227,2405227,1,and,horse,graph_box,1.0000,18,1,0,3,,491,500,"59.0,4.0,490.0,498.0"
145,2416882,2416882,2,and,chair,graph_box,1.0000,9,1,0,3,,500,332,"384.0,191.0,488.0,313.0"
148,2324597,2324597,2,1_hop,girl,graph_box,1.0000,15,2,1,2,,500,375,"0.0,84.0,105.0,287.0"
149,2410392,2410392,1,2_hop,dog,graph_box,1.0000,16,1,0,3,,500,339,"163.0,169.0,290.0,234.0"
150,2410392,2410392,1,and,dog,graph_box,1.0000,16,1,0,3,,500,339,"163.0,169.0,290.0,234.0"
151,2414484,2414484,1,0_hop,field,graph_box,1.0000,19,1,0,1,,500,375,"0.0,178.0,499.0,375.0"
155,2323906,2323906,2,2_hop,door,graph_box,1.0000,11,2,1,3,,500,332,"299.0,128.0,328.0,210.0"
156,2323906,2323906,2,1_hop,door,graph_box,1.0000,11,2,1,2,,500,332,"299.0,128.0,328.0,210.0"
159,2379750,2379750,2,1_hop,curtain,graph_box,1.0000,11,2,1,2,,333,500,"257.0,1.0,303.0,266.0"
160,2374540,2374540,1,0_hop,boy,graph_box,1.0000,19,1,0,1,,500,380,"294.0,109.0,362.0,263.0"
162,2415537,2415537,2,2_hop,palm tree,graph_box,1.0000,27,2,1,3,,500,313,"0.0,9.0,146.0,261.0"
163,2415537,2415537,2,and,palm tree,graph_box,1.0000,27,2,1,3,,500,313,"0.0,9.0,146.0,261.0"
164,2415537,2415537,3,2_hop,palm tree,graph_box,1.0000,27,2,1,3,,500,313,"0.0,9.0,146.0,261.0"
165,2417025,2417025,1,0_hop,sandwich,graph_box,1.0000,5,1,0,1,,500,375,"88.0,43.0,348.0,236.0"
170,2317344,2317344,2,1_hop,pastry,graph_box,1.0000,46,3,2,2,,500,500,"244.0,306.0,455.0,487.0"
172,2323573,2323573,1,2_hop,mirror,graph_box,1.0000,21,1,0,3,,500,333,"251.0,109.0,321.0,292.0"
173,2323573,2323573,2,2_hop,chair,graph_box,1.0000,21,2,1,3,,500,333,"127.0,215.0,175.0,274.0"
174,2323573,2323573,2,and,chair,graph_box,1.0000,21,2,1,3,,500,333,"127.0,215.0,175.0,274.0"
175,2323573,2323573,3,2_hop,chair,graph_box,1.0000,21,2,1,3,,500,333,"127.0,215.0,175.0,274.0"
176,2408305,2408305,2,2_hop,stump,graph_box,1.0000,19,3,2,3,,500,375,"412.0,21.0,493.0,240.0"
178,2336820,2336820,1,0_hop,crosswalk,graph_box,1.0000,20,1,0,1,,375,500,"0.0,287.0,374.0,297.0"
179,2395045,2395045,1,1_hop,lighthouse,graph_box,1.0000,12,1,0,2,,500,160,"227.0,51.0,270.0,121.0"
180,2348410,2348410,1,2_hop,clock,graph_box,1.0000,13,1,0,3,,375,500,"61.0,137.0,133.0,208.0"
181,2348410,2348410,1,1_hop,clock,graph_box,1.0000,13,1,0,2,,375,500,"61.0,137.0,133.0,208.0"
182,2328568,2328568,1,0_hop,airplane,graph_box,1.0000,18,1,0,1,,500,281,"300.0,14.0,499.0,119.0"
183,2328568,2328568,1,2_hop,fence,graph_box,1.0000,18,1,0,3,,500,281,"206.0,74.0,263.0,108.0"
184,2342866,2342866,1,2_hop,bench,graph_box,1.0000,15,1,0,3,,375,500,"0.0,236.0,69.0,288.0"
185,2342866,2342866,1,and,bench,graph_box,1.0000,15,1,0,3,,375,500,"0.0,236.0,69.0,288.0"
186,2342866,2342866,1,2_hop,bear,graph_box,1.0000,15,1,0,3,,375,500,"122.0,98.0,223.0,317.0"
187,2342866,2342866,1,and,bear,graph_box,1.0000,15,1,0,3,,375,500,"122.0,98.0,223.0,317.0"
188,2413138,2413138,1,1_hop,zebra,graph_box,1.0000,16,1,0,2,,500,332,"310.0,1.0,500.0,308.0"
194,2398481,2398481,2,0_hop,wallet,graph_box,1.0000,18,2,1,1,,500,335,"301.0,197.0,378.0,265.0"
195,2410830,2410830,1,0_hop,truck,graph_box,1.0000,11,1,0,1,,500,292,"89.0,88.0,417.0,228.0"
196,2410830,2410830,1,1_hop,truck,graph_box,1.0000,11,1,0,2,,500,292,"89.0,88.0,417.0,228.0"
197,2381723,2381723,1,1_hop,runway,objects_id_first,0.2837,13,1,0,2,,500,281,"1.5,248.1,498.3,279.3"
198,2342360,2342360,2,2_hop,pole,graph_box,1.0000,15,4,3,3,,500,375,"12.0,60.0,27.0,251.0"
199,2342360,2342360,2,1_hop,pole,graph_box,1.0000,15,4,3,2,,500,375,"12.0,60.0,27.0,251.0"
200,2342360,2342360,2,2_hop,pole,graph_box,1.0000,15,4,3,3,,500,375,"119.0,64.0,131.0,244.0"
201,2342360,2342360,2,and,pole,graph_box,1.0000,15,4,3,3,,500,375,"119.0,64.0,131.0,244.0"
202,2329965,2329965,2,0_hop,motorcycle,graph_box,1.0000,11,2,1,1,,500,346,"456.0,39.0,501.0,111.0"
203,2335590,2335590,1,0_hop,tree trunk,graph_box,1.0000,30,1,0,1,,500,375,"9.0,103.0,80.0,321.0"
204,2342480,2342480,1,0_hop,dog,graph_box,1.0000,23,1,0,1,,500,333,"452.0,126.0,501.0,261.0"
205,2342480,2342480,1,0_hop,table,graph_box,1.0000,23,1,0,1,,500,333,"0.0,189.0,78.0,331.0"
206,2348932,2348932,2,2_hop,curtain,graph_box,1.0000,28,2,1,3,,500,333,"2.0,0.0,60.0,331.0"
207,2348932,2348932,2,1_hop,curtain,graph_box,1.0000,28,2,1,2,,500,333,"2.0,0.0,60.0,331.0"
209,2325219,2325219,2,1_hop,railroad,graph_box,1.0000,24,2,1,2,,500,281,"195.0,247.0,366.0,281.0"
210,2371325,2371325,1,0_hop,hot dog,objects_id_first,0.2334,28,1,0,1,,333,500,"82.0,255.5,164.1,359.9"
211,2371325,2371325,1,0_hop,grill,graph_box,1.0000,28,1,0,1,,333,500,"0.0,10.0,123.0,63.0"
212,2386393,2386393,2,1_hop,dessert,graph_box,1.0000,16,3,2,2,,338,500,"153.0,392.0,247.0,448.0"
213,2417562,2417562,2,2_hop,tree,graph_box,1.0000,21,4,3,3,,500,375,"412.0,1.0,464.0,205.0"
214,2417562,2417562,2,and,tree,graph_box,1.0000,21,4,3,3,,500,375,"412.0,1.0,464.0,205.0"
215,4290,4290,2,2_hop,chair,graph_box,1.0000,17,3,2,3,,512,340,"140.0,142.0,209.0,224.0"
216,4290,4290,2,1_hop,chair,graph_box,1.0000,17,3,2,2,,512,340,"140.0,142.0,209.0,224.0"
217,4290,4290,1,0_hop,lamp shade,graph_box,1.0000,17,1,0,1,,512,340,"30.0,58.0,124.0,160.0"
218,2378916,2378916,1,0_hop,computer mouse,graph_box,1.0000,4,1,0,1,,500,375,"131.0,219.0,297.0,358.0"
219,2380934,2380934,2,2_hop,fence,graph_box,1.0000,15,2,1,3,,500,375,"6.0,264.0,500.0,374.0"
220,2380934,2380934,2,1_hop,fence,graph_box,1.0000,15,2,1,2,,500,375,"6.0,264.0,500.0,374.0"
221,2390812,2390812,1,0_hop,toy,graph_box,1.0000,17,1,0,1,,500,333,"0.0,174.0,80.0,247.0"
222,2390812,2390812,1,2_hop,toy,graph_box,1.0000,17,1,0,3,,500,333,"0.0,174.0,80.0,247.0"
223,2379350,2379350,1,0_hop,bouquet,graph_box,1.0000,18,1,0,1,,500,333,"173.0,209.0,278.0,332.0"
224,2379350,2379350,1,1_hop,bouquet,graph_box,1.0000,18,1,0,2,,500,333,"173.0,209.0,278.0,332.0"
225,2378071,2378071,1,1_hop,sign,graph_box,1.0000,26,1,0,2,,500,333,"381.0,171.0,415.0,228.0"
226,2189,2189,1,2_hop,refrigerator,graph_box,1.0000,25,1,0,3,,712,800,"458.0,260.0,691.0,740.0"
227,2189,2189,2,2_hop,counter,graph_box,1.0000,25,2,1,3,,712,800,"1.0,517.0,215.0,795.0"
228,2189,2189,2,1_hop,counter,graph_box,1.0000,25,2,1,2,,712,800,"1.0,517.0,215.0,795.0"
229,4208,4208,1,0_hop,sign,graph_box,1.0000,22,1,0,1,,640,480,"473.0,31.0,558.0,88.0"
230,2319804,2319804,2,1_hop,bus,graph_box,1.0000,22,3,2,2,,500,375,"0.0,83.0,258.0,282.0"
231,2337344,2337344,2,2_hop,glass,graph_box,1.0000,19,2,1,3,,500,375,"187.0,101.0,235.0,177.0"
232,2337344,2337344,2,1_hop,glass,graph_box,1.0000,19,2,1,2,,500,375,"187.0,101.0,235.0,177.0"
233,2337344,2337344,2,2_hop,glass,graph_box,1.0000,19,2,1,3,,500,375,"302.0,177.0,390.0,322.0"
234,2337344,2337344,2,and,glass,graph_box,1.0000,19,2,1,3,,500,375,"302.0,177.0,390.0,322.0"
235,2337344,2337344,1,2_hop,container,graph_box,1.0000,19,1,0,3,,500,375,"78.0,246.0,227.0,376.0"
236,2399658,2399658,1,0_hop,pole,graph_box,1.0000,18,1,0,1,,426,292,"115.0,0.0,141.0,113.0"
237,2388869,2388869,2,0_hop,sign,graph_box,1.0000,14,2,1,1,,500,333,"288.0,84.0,469.0,241.0"
238,2388869,2388869,2,1_hop,sign,graph_box,1.0000,14,2,1,2,,500,333,"288.0,84.0,469.0,241.0"
239,2405484,2405484,1,0_hop,dog,graph_box,1.0000,8,1,0,1,,375,500,"48.0,38.0,367.0,497.0"
240,2405484,2405484,1,1_hop,dog,graph_box,1.0000,8,1,0,2,,375,500,"48.0,38.0,367.0,497.0"
241,2393892,2393892,1,0_hop,teddy bear,graph_box,1.0000,11,1,0,1,,500,375,"0.0,100.0,235.0,329.0"
242,2321065,2321065,1,0_hop,tablecloth,graph_box,1.0000,10,1,0,1,,500,333,"0.0,120.0,500.0,330.0"
243,2391021,2391021,2,0_hop,bag,graph_box,1.0000,14,2,1,1,,500,334,"203.0,97.0,381.0,266.0"
244,2413899,2413899,2,1_hop,roast beef,graph_box,1.0000,12,2,1,2,,500,375,"83.0,0.0,170.0,69.0"
246,2413899,2413899,2,1_hop,food,graph_box,1.0000,12,2,1,2,,500,375,"0.0,0.0,178.0,119.0"
247,2354103,2354103,1,0_hop,fish,graph_box,1.0000,18,1,0,1,,500,375,"101.0,96.0,324.0,267.0"
248,2354103,2354103,1,1_hop,fish,graph_box,1.0000,18,1,0,2,,500,375,"101.0,96.0,324.0,267.0"
249,2354103,2354103,1,1_hop,vegetables,graph_box,1.0000,18,1,0,2,,500,375,"59.0,52.0,411.0,327.0"
250,2354103,2354103,2,2_hop,carrot,graph_box,1.0000,18,3,2,3,,500,375,"75.0,93.0,128.0,247.0"
251,2354103,2354103,2,and,carrot,graph_box,1.0000,18,3,2,3,,500,375,"75.0,93.0,128.0,247.0"
252,2354103,2354103,3,2_hop,carrot,graph_box,1.0000,18,3,2,3,,500,375,"75.0,93.0,128.0,247.0"
253,2404683,2404683,1,0_hop,racket,graph_box,1.0000,16,1,0,1,,333,500,"102.0,117.0,206.0,174.0"
254,2404683,2404683,1,1_hop,racket,graph_box,1.0000,16,1,0,2,,333,500,"102.0,117.0,206.0,174.0"
255,2366586,2366586,2,2_hop,table,graph_box,1.0000,22,3,2,3,,500,375,"46.0,154.0,99.0,213.0"
257,2366586,2366586,1,0_hop,screen,graph_box,0.9171,22,1,0,1,,500,375,"110.0,175.1,265.0,273.5"
258,2403439,2403439,1,2_hop,platform,graph_box,1.0000,16,1,0,3,,500,375,"0.0,233.0,288.0,375.0"
259,2411516,2411516,2,2_hop,man,graph_box,1.0000,24,2,1,3,,500,500,"1.0,380.0,95.0,470.0"
260,2411516,2411516,2,and,man,graph_box,1.0000,24,2,1,3,,500,500,"1.0,380.0,95.0,470.0"
262,2411516,2411516,2,0_hop,hat,graph_box,1.0000,24,2,1,1,,500,500,"80.0,406.0,150.0,468.0"
263,2411516,2411516,3,2_hop,hat,graph_box,1.0000,24,2,1,3,,500,500,"80.0,406.0,150.0,468.0"
264,2411516,2411516,2,0_hop,hat,graph_box,1.0000,24,2,1,1,,500,500,"328.0,44.0,406.0,91.0"
265,2411516,2411516,3,2_hop,hat,graph_box,1.0000,24,2,1,3,,500,500,"328.0,44.0,406.0,91.0"
266,1592403,1592403,1,0_hop,house,graph_box,1.0000,24,1,0,1,,904,1024,"0.0,147.0,300.0,668.0"
267,2328601,2328601,1,and,zebra,graph_box,1.0000,13,1,0,3,,331,500,"60.0,8.0,310.0,499.0"
268,2324955,2324955,1,0_hop,boy,graph_box,1.0000,18,1,0,1,,334,500,"0.0,10.0,234.0,493.0"
269,2324955,2324955,1,and,boy,graph_box,1.0000,18,1,0,3,,334,500,"0.0,10.0,234.0,493.0"
270,2340363,2340363,1,0_hop,pipe,graph_box,1.0000,15,1,0,1,,375,500,"190.0,229.0,238.0,277.0"
271,2358721,2358721,2,2_hop,baked goods,graph_box,1.0000,24,2,1,3,,500,333,"28.0,14.0,336.0,317.0"
272,2358721,2358721,2,and,baked goods,graph_box,1.0000,24,2,1,3,,500,333,"28.0,14.0,336.0,317.0"
273,2358721,2358721,3,2_hop,baked goods,graph_box,1.0000,24,2,1,3,,500,333,"28.0,14.0,336.0,317.0"
275,2358727,2358727,2,and,bowl,graph_box,1.0000,24,5,4,3,,500,500,"354.0,378.0,421.0,450.0"
276,2406059,2406059,1,0_hop,buildings,objects_id_first,0.1452,14,1,0,1,,494,500,"31.2,73.3,397.3,241.1"
277,2371405,2371405,1,0_hop,spoon,graph_box,1.0000,25,1,0,1,,500,375,"432.0,51.0,465.0,323.0"
278,2324608,2324608,2,2_hop,tomato,graph_box,1.0000,11,3,2,3,,500,500,"284.0,284.0,394.0,363.0"
279,2324608,2324608,2,and,tomato,graph_box,1.0000,11,3,2,3,,500,500,"284.0,284.0,394.0,363.0"
280,2324609,2324609,1,0_hop,container,graph_box,1.0000,7,1,0,1,,375,500,"261.0,20.0,373.0,88.0"
282,2320124,2320124,3,2_hop,helmet,graph_box,1.0000,20,2,1,3,,500,375,"336.0,174.0,395.0,227.0"
283,2323730,2323730,1,1_hop,pastry,graph_box,1.0000,4,1,0,2,,396,500,"14.0,8.0,387.0,478.0"
284,2414935,2414935,1,1_hop,water,graph_box,1.0000,10,1,0,2,,500,375,"38.0,0.0,452.0,172.0"
285,2372539,2372539,1,0_hop,picture,graph_box,1.0000,25,1,0,1,,500,333,"40.0,192.0,103.0,244.0"
286,2379185,2379185,2,1_hop,crowd,graph_box,1.0000,14,2,1,2,,500,375,"401.0,306.0,499.0,350.0"
287,2376184,2376184,1,0_hop,crosswalk,objects_id_first,0.0328,13,1,0,1,,332,500,"248.9,422.6,330.6,455.4"
288,2392114,2392114,1,2_hop,tree,graph_box,1.0000,12,1,0,3,,500,375,"135.0,125.0,298.0,196.0"
289,2392114,2392114,1,1_hop,tree,graph_box,1.0000,12,1,0,2,,500,375,"135.0,125.0,298.0,196.0"
291,2394815,2394815,1,0_hop,basket,graph_box,1.0000,10,1,0,1,,375,500,"154.0,52.0,265.0,105.0"
292,286059,286059,2,0_hop,teddy bear,graph_box,1.0000,10,2,1,1,,1024,642,"0.0,0.0,391.0,641.0"
293,286059,286059,2,2_hop,teddy bear,graph_box,1.0000,10,2,1,3,,1024,642,"0.0,0.0,391.0,641.0"
294,286059,286059,2,1_hop,teddy bear,graph_box,1.0000,10,2,1,2,,1024,642,"0.0,0.0,391.0,641.0"
295,2382646,2382646,2,0_hop,bookshelf,graph_box,1.0000,18,2,1,1,,500,375,"146.0,137.0,265.0,330.0"
296,2357167,2357167,1,0_hop,roof,graph_box,1.0000,8,1,0,1,,500,335,"337.0,307.0,477.0,332.0"
297,2357167,2357167,1,0_hop,stop sign,graph_box,1.0000,8,1,0,1,,500,335,"1.0,0.0,351.0,335.0"
298,286053,286053,1,1_hop,sign,graph_box,1.0000,23,1,0,2,,1000,666,"642.0,186.0,774.0,264.0"
299,107913,107913,2,0_hop,sauce,graph_box,1.0000,15,2,1,1,,612,612,"257.0,45.0,378.0,140.0"
300,2411359,2411359,1,1_hop,car,objects_id_first,0.0000,18,1,0,2,,500,333,"290.7,67.5,466.0,161.3"
301,2361646,2361646,1,0_hop,train,graph_box,1.0000,13,1,0,1,,500,331,"0.0,0.0,418.0,328.0"
302,2386187,2386187,1,1_hop,umpire,graph_box,1.0000,19,1,0,2,,500,199,"383.0,88.0,495.0,198.0"
304,2386186,2386186,3,2_hop,sign,graph_box,1.0000,18,2,1,3,,500,375,"38.0,24.0,95.0,98.0"
307,2386987,2386987,1,0_hop,man,graph_box,1.0000,21,1,0,1,,500,500,"347.0,152.0,383.0,227.0"
308,2386987,2386987,1,2_hop,man,graph_box,1.0000,21,1,0,3,,500,500,"347.0,152.0,383.0,227.0"
310,2336803,2336803,1,0_hop,sign,graph_box,1.0000,19,1,0,1,,500,375,"72.0,91.0,166.0,187.0"
311,2386436,2386436,1,and,cabin,graph_box,1.0000,18,1,0,3,,500,375,"46.0,21.0,165.0,326.0"
312,2371987,2371987,3,1_hop,boy,graph_box,1.0000,20,2,1,2,,334,500,"23.0,69.0,151.0,238.0"
313,2342847,2342847,2,2_hop,bull,graph_box,1.0000,19,8,7,3,,500,325,"175.0,156.0,221.0,234.0"
314,2342847,2342847,2,1_hop,bull,graph_box,1.0000,19,8,7,2,,500,325,"175.0,156.0,221.0,234.0"
315,2342847,2342847,2,2_hop,bus,graph_box,1.0000,19,2,1,3,,500,325,"245.0,80.0,410.0,241.0"
316,2342847,2342847,2,1_hop,bus,graph_box,1.0000,19,2,1,2,,500,325,"245.0,80.0,410.0,241.0"
317,2342847,2342847,3,2_hop,bus,graph_box,1.0000,19,2,1,3,,500,325,"245.0,80.0,410.0,241.0"
318,2369245,2369245,1,0_hop,boy,graph_box,1.0000,21,1,0,1,,500,333,"98.0,83.0,132.0,133.0"
319,2369245,2369245,1,2_hop,boy,graph_box,1.0000,21,1,0,3,,500,333,"98.0,83.0,132.0,133.0"
320,2408446,2408446,1,1_hop,table,graph_box,1.0000,20,1,0,2,,500,374,"0.0,215.0,483.0,372.0"
321,2408446,2408446,1,0_hop,chair,graph_box,1.0000,20,1,0,1,,500,374,"115.0,153.0,200.0,254.0"
322,2408446,2408446,1,2_hop,chair,graph_box,1.0000,20,1,0,3,,500,374,"115.0,153.0,200.0,254.0"
324,2355620,2355620,1,0_hop,plate,objects_id_first,0.0551,11,1,0,1,,500,281,"3.1,38.2,462.4,279.0"
326,2394519,2394519,1,1_hop,towel,graph_box,1.0000,22,1,0,2,,500,333,"389.0,256.0,475.0,316.0"
327,285773,285773,1,1_hop,blanket,graph_box,1.0000,16,1,0,2,,683,1024,"0.0,618.0,482.0,1021.0"
330,2410585,2410585,2,2_hop,mane,graph_box,1.0000,51,2,1,3,,500,333,"341.0,52.0,383.0,139.0"
331,2410585,2410585,2,1_hop,mane,graph_box,1.0000,51,2,1,2,,500,333,"341.0,52.0,383.0,139.0"
332,2410585,2410585,2,0_hop,horse,graph_box,1.0000,51,2,1,1,,500,333,"287.0,40.0,500.0,333.0"
333,2410585,2410585,2,2_hop,horse,graph_box,1.0000,51,2,1,3,,500,333,"287.0,40.0,500.0,333.0"
334,2410585,2410585,2,and,horse,graph_box,1.0000,51,2,1,3,,500,333,"287.0,40.0,500.0,333.0"
336,2410585,2410585,2,2_hop,horse,graph_box,1.0000,51,2,1,3,,500,333,"0.0,56.0,182.0,333.0"
337,2410585,2410585,2,and,horse,graph_box,1.0000,51,2,1,3,,500,333,"0.0,56.0,182.0,333.0"
339,2381293,2381293,1,2_hop,people,graph_box,1.0000,6,1,0,3,,500,333,"112.0,108.0,158.0,199.0"
340,2317144,2317144,2,1_hop,flag,graph_box,1.0000,30,3,2,2,,375,500,"85.0,202.0,113.0,275.0"
341,2385456,2385456,1,0_hop,radiator,graph_box,1.0000,24,1,0,1,,500,375,"40.0,253.0,83.0,375.0"
342,2316542,2316542,1,0_hop,collar,graph_box,1.0000,24,1,0,1,,500,500,"312.0,265.0,482.0,435.0"
345,2341576,2341576,2,1_hop,hat,graph_box,1.0000,45,4,3,2,,500,333,"58.0,141.0,183.0,214.0"
347,2343710,2343710,2,1_hop,building,graph_box,1.0000,22,2,1,2,,500,368,"62.0,0.0,489.0,288.0"
348,2349746,2349746,2,1_hop,man,graph_box,1.0000,24,2,1,2,,500,335,"107.0,23.0,257.0,299.0"
349,2403358,2403358,1,0_hop,motorcycle,graph_box,1.0000,11,1,0,1,,500,334,"257.0,42.0,457.0,330.0"
350,2384614,2384614,2,1_hop,building,graph_box,1.0000,26,2,1,2,,500,337,"164.0,0.0,449.0,148.0"
352,2398205,2398205,1,0_hop,cat,graph_box,1.0000,9,1,0,1,,500,333,"21.0,77.0,340.0,278.0"
353,2398205,2398205,1,and,cat,graph_box,1.0000,9,1,0,3,,500,333,"21.0,77.0,340.0,278.0"
354,2452,2452,1,0_hop,chair,graph_box,1.0000,11,1,0,1,,800,533,"511.0,307.0,584.0,481.0"
355,2357958,2357958,1,2_hop,man,graph_box,1.0000,17,1,0,3,,500,336,"289.0,105.0,393.0,223.0"
356,2357958,2357958,1,1_hop,man,graph_box,1.0000,17,1,0,2,,500,336,"289.0,105.0,393.0,223.0"
357,713795,713795,2,0_hop,umbrella,graph_box,1.0000,20,2,1,1,,1024,678,"514.0,196.0,887.0,337.0"
358,713795,713795,3,2_hop,woman,graph_box,1.0000,20,2,1,3,,1024,678,"134.0,344.0,318.0,674.0"
359,2884,2884,2,and,building,graph_box,1.0000,24,2,1,3,,800,600,"558.0,25.0,800.0,444.0"
360,1285,1285,2,1_hop,shelf,graph_box,1.0000,16,2,1,2,,640,480,"586.0,96.0,640.0,430.0"
361,1285,1285,2,0_hop,toolbox,graph_box,1.0000,16,2,1,1,,640,480,"95.0,235.0,173.0,406.0"
362,2402003,2402003,2,1_hop,logo,graph_box,1.0000,20,2,1,2,,500,325,"49.0,77.0,96.0,147.0"
369,2347528,2347528,2,2_hop,girl,graph_box,1.0000,26,2,1,3,,500,333,"84.0,152.0,180.0,333.0"
370,2347528,2347528,2,and,girl,graph_box,1.0000,26,2,1,3,,500,333,"84.0,152.0,180.0,333.0"
371,2354376,2354376,1,0_hop,deck,graph_box,1.0000,21,1,0,1,,500,333,"390.0,124.0,499.0,231.0"
372,2379737,2379737,1,2_hop,couch,graph_box,1.0000,18,1,0,3,,500,375,"6.0,92.0,453.0,373.0"
373,2354371,2354371,2,1_hop,chocolate,graph_box,1.0000,8,3,2,2,,500,333,"402.0,136.0,500.0,225.0"
375,2350709,2350709,1,0_hop,sink,graph_box,1.0000,11,1,0,1,,375,500,"35.0,395.0,335.0,500.0"
376,2364217,2364217,1,0_hop,table,graph_box,1.0000,9,1,0,1,,500,375,"1.0,249.0,500.0,371.0"
377,2364217,2364217,2,2_hop,lid,graph_box,1.0000,9,2,1,3,,500,375,"362.0,28.0,462.0,76.0"
378,2364217,2364217,2,and,lid,graph_box,1.0000,9,2,1,3,,500,375,"362.0,28.0,462.0,76.0"
379,497982,497982,1,0_hop,poster,graph_box,1.0000,14,1,0,1,,1024,683,"183.0,0.0,489.0,262.0"
380,2335787,2335787,1,0_hop,desk,graph_box,1.0000,20,1,0,1,,500,375,"0.0,221.0,498.0,376.0"
381,2335787,2335787,1,0_hop,binder,graph_box,1.0000,20,1,0,1,,500,375,"125.0,214.0,347.0,306.0"
382,2335787,2335787,1,2_hop,binder,graph_box,1.0000,20,1,0,3,,500,375,"125.0,214.0,347.0,306.0"
383,2335787,2335787,1,2_hop,tray,graph_box,1.0000,20,1,0,3,,500,375,"370.0,229.0,500.0,338.0"
384,2335787,2335787,1,and,tray,graph_box,1.0000,20,1,0,3,,500,375,"370.0,229.0,500.0,338.0"
385,2387357,2387357,2,2_hop,tree,graph_box,1.0000,25,2,1,3,,500,334,"444.0,75.0,500.0,210.0"
386,2387357,2387357,2,1_hop,tree,graph_box,1.0000,25,2,1,2,,500,334,"444.0,75.0,500.0,210.0"
388,2378022,2378022,2,0_hop,bag,graph_box,1.0000,49,2,1,1,,500,375,"128.0,0.0,217.0,72.0"
389,2331948,2331948,1,2_hop,man,graph_box,1.0000,20,1,0,3,,500,284,"450.0,29.0,499.0,79.0"
390,2347710,2347710,3,2_hop,headboard,graph_box,1.0000,18,2,1,3,,500,375,"250.0,132.0,355.0,181.0"
391,2347710,2347710,2,1_hop,blanket,graph_box,1.0000,18,2,1,2,,500,375,"60.0,218.0,239.0,288.0"
392,2347710,2347710,3,2_hop,blanket,graph_box,1.0000,18,2,1,3,,500,375,"60.0,218.0,239.0,288.0"
393,2400182,2400182,1,1_hop,man,graph_box,1.0000,14,1,0,2,,500,333,"250.0,29.0,365.0,161.0"
394,2400182,2400182,1,0_hop,flag,graph_box,1.0000,14,1,0,1,,500,333,"60.0,151.0,111.0,203.0"
395,2391000,2391000,1,0_hop,path,graph_box,1.0000,12,1,0,1,,500,337,"33.0,179.0,478.0,335.0"
398,2385866,2385866,1,0_hop,desk,graph_box,1.0000,17,1,0,1,,500,375,"0.0,221.0,439.0,375.0"
400,2385866,2385866,2,and,man,graph_box,1.0000,17,2,1,3,,500,375,"19.0,140.0,72.0,212.0"
401,2344297,2344297,1,0_hop,car,graph_box,1.0000,16,1,0,1,,375,500,"0.0,36.0,101.0,151.0"
402,2352703,2352703,2,1_hop,bracelet,graph_box,1.0000,22,2,1,2,,500,375,"268.0,315.0,345.0,367.0"
403,2363931,2363931,2,2_hop,table,graph_box,1.0000,31,3,2,3,,500,281,"308.0,157.0,486.0,281.0"
404,2363931,2363931,2,1_hop,table,graph_box,1.0000,31,3,2,2,,500,281,"308.0,157.0,486.0,281.0"
406,2415898,2415898,3,2_hop,fence,graph_box,1.0000,28,2,1,3,,500,375,"414.0,229.0,472.0,283.0"
408,2322669,2322669,1,and,bed,graph_box,1.0000,14,1,0,3,,500,375,"0.0,180.0,400.0,368.0"
409,2322669,2322669,1,2_hop,mirror,graph_box,1.0000,14,1,0,3,,500,375,"34.0,46.0,121.0,231.0"
411,2403401,2403401,1,1_hop,counter,graph_box,1.0000,10,1,0,2,,500,333,"41.0,64.0,500.0,313.0"
413,2398077,2398077,1,0_hop,steps,objects_id_first,0.1425,23,1,0,1,,500,332,"1.9,2.1,498.5,315.6"
414,2348359,2348359,2,1_hop,bread,graph_box,1.0000,17,4,3,2,,500,281,"335.0,130.0,500.0,228.0"
415,2348359,2348359,3,2_hop,bread,graph_box,1.0000,17,4,3,3,,500,281,"335.0,130.0,500.0,228.0"
416,1592175,1592175,2,0_hop,bag,graph_box,1.0000,44,2,1,1,,768,1024,"353.0,414.0,764.0,846.0"
417,2391915,2391915,1,2_hop,train,graph_box,1.0000,5,1,0,3,,500,333,"100.0,0.0,499.0,148.0"
418,2391915,2391915,1,and,train,graph_box,1.0000,5,1,0,3,,500,333,"100.0,0.0,499.0,148.0"
420,2366731,2366731,2,2_hop,bottle,graph_box,1.0000,21,3,2,3,,435,500,"152.0,62.0,235.0,248.0"
421,2366731,2366731,2,1_hop,bottle,graph_box,1.0000,21,3,2,2,,435,500,"152.0,62.0,235.0,248.0"
422,2366731,2366731,3,2_hop,bottle,graph_box,1.0000,21,3,2,3,,435,500,"152.0,62.0,235.0,248.0"
423,2366731,2366731,2,2_hop,spots,graph_box,1.0000,21,2,1,3,,435,500,"66.0,209.0,154.0,263.0"
425,2366731,2366731,3,2_hop,spots,graph_box,1.0000,21,2,1,3,,435,500,"66.0,209.0,154.0,263.0"
426,2393885,2393885,1,0_hop,box,graph_box,1.0000,8,1,0,1,,500,374,"67.0,209.0,141.0,332.0"
427,2354416,2354416,2,2_hop,pole,graph_box,1.0000,32,4,3,3,,500,333,"126.0,195.0,156.0,258.0"
428,2354416,2354416,2,1_hop,pole,graph_box,1.0000,32,4,3,2,,500,333,"126.0,195.0,156.0,258.0"
429,2323535,2323535,2,1_hop,liquid,graph_box,1.0000,16,2,1,2,,500,299,"105.0,77.0,187.0,102.0"
431,2325622,2325622,1,0_hop,fence,graph_box,1.0000,8,1,0,1,,500,375,"298.0,115.0,499.0,277.0"
432,2376430,2376430,1,0_hop,bird,graph_box,1.0000,14,1,0,1,,500,310,"239.0,36.0,339.0,258.0"
435,2405917,2405917,2,2_hop,pole,graph_box,1.0000,32,3,2,3,,500,332,"61.0,59.0,95.0,272.0"
438,2352881,2352881,1,1_hop,man,graph_box,1.0000,16,1,0,2,,500,375,"197.0,56.0,298.0,165.0"
439,2357531,2357531,1,0_hop,tie,graph_box,1.0000,9,1,0,1,,500,334,"330.0,114.0,372.0,268.0"
440,2357141,2357141,1,0_hop,lamp,graph_box,1.0000,17,1,0,1,,500,333,"21.0,54.0,43.0,228.0"
441,2320543,2320543,1,2_hop,chair,graph_box,0.9796,22,1,0,3,,500,375,"115.6,57.4,390.8,374.0"
442,2359472,2359472,2,2_hop,girl,graph_box,1.0000,17,3,2,3,,500,333,"105.0,125.0,222.0,323.0"
443,2359472,2359472,2,1_hop,girl,graph_box,1.0000,17,3,2,2,,500,333,"105.0,125.0,222.0,323.0"
445,2409209,2409209,2,1_hop,donut,graph_box,1.0000,18,2,1,2,,500,375,"193.0,107.0,375.0,321.0"
447,2409209,2409209,2,1_hop,box,graph_box,1.0000,18,2,1,2,,500,375,"75.0,18.0,498.0,374.0"
449,214,214,1,0_hop,fence,graph_box,0.9431,21,1,0,1,,600,800,"2.3,699.6,370.9,796.6"
450,2350110,2350110,1,1_hop,barn,graph_box,1.0000,24,1,0,2,,500,354,"72.0,91.0,234.0,163.0"
452,2404536,2404536,2,1_hop,woman,graph_box,1.0000,19,2,1,2,,500,425,"49.0,74.0,196.0,425.0"
456,2344041,2344041,2,2_hop,pole,graph_box,1.0000,23,2,1,3,,500,374,"165.0,74.0,183.0,251.0"
458,2375704,2375704,1,0_hop,clock,graph_box,1.0000,14,1,0,1,,500,375,"196.0,24.0,330.0,307.0"
459,2373700,2373700,1,1_hop,bagel,graph_box,1.0000,18,1,0,2,,500,333,"226.0,116.0,306.0,182.0"
460,2416531,2416531,1,0_hop,racket,objects_id_first,0.3154,14,1,0,1,,295,500,"15.8,251.7,79.4,299.9"
461,2338792,2338792,1,and,bicycle,graph_box,1.0000,18,1,0,3,,326,500,"7.0,230.0,85.0,350.0"
462,2394430,2394430,1,1_hop,store,graph_box,1.0000,13,1,0,2,,375,500,"0.0,0.0,169.0,320.0"
463,2333813,2333813,2,1_hop,boy,graph_box,1.0000,15,2,1,2,,500,333,"38.0,145.0,95.0,276.0"
464,2386511,2386511,2,2_hop,guy,graph_box,1.0000,13,2,1,3,,332,500,"91.0,255.0,132.0,398.0"
466,2386511,2386511,1,0_hop,umbrella,graph_box,1.0000,13,1,0,1,,332,500,"23.0,0.0,219.0,76.0"
467,2386511,2386511,1,2_hop,umbrella,graph_box,1.0000,13,1,0,3,,332,500,"23.0,0.0,219.0,76.0"
468,2386511,2386511,1,and,umbrella,graph_box,1.0000,13,1,0,3,,332,500,"23.0,0.0,219.0,76.0"
470,2405722,2405722,2,1_hop,palm tree,graph_box,1.0000,26,5,4,2,,500,375,"240.0,109.0,398.0,298.0"
473,2394753,2394753,1,0_hop,train,graph_box,0.9603,16,1,0,1,,500,281,"79.0,83.8,430.4,250.5"
474,2341555,2341555,2,0_hop,building,graph_box,1.0000,39,2,1,1,,333,500,"0.0,25.0,150.0,257.0"
476,2386352,2386352,1,1_hop,poster,graph_box,1.0000,17,1,0,2,,375,500,"118.0,0.0,374.0,202.0"
477,2386352,2386352,1,0_hop,cup,graph_box,1.0000,17,1,0,1,,375,500,"238.0,422.0,348.0,498.0"
478,2342617,2342617,1,1_hop,truck,graph_box,1.0000,21,1,0,2,,500,375,"43.0,122.0,355.0,235.0"
479,1592231,1592231,2,and,building,graph_box,1.0000,17,2,1,3,,1024,727,"0.0,0.0,115.0,134.0"
480,2395746,2395746,1,2_hop,paint,graph_box,1.0000,16,1,0,3,,500,333,"127.0,142.0,187.0,222.0"
481,393,393,2,2_hop,woman,graph_box,1.0000,22,2,1,3,,646,404,"124.0,253.0,220.0,365.0"
482,393,393,2,1_hop,woman,graph_box,1.0000,22,2,1,2,,646,404,"124.0,253.0,220.0,365.0"
483,393,393,3,2_hop,woman,graph_box,1.0000,22,2,1,3,,646,404,"124.0,253.0,220.0,365.0"
484,2410973,2410973,1,0_hop,mirror,graph_box,1.0000,15,1,0,1,,360,500,"27.0,29.0,332.0,411.0"
485,2385924,2385924,1,1_hop,parking lot,graph_box,1.0000,17,1,0,2,,500,339,"7.0,153.0,244.0,219.0"
486,2414496,2414496,1,0_hop,roof,objects_id_first,0.2675,20,1,0,1,,375,500,"0.7,197.9,169.0,236.6"
489,2360826,2360826,2,and,house,graph_box,1.0000,21,2,1,3,,500,292,"167.0,71.0,468.0,231.0"
490,2400161,2400161,1,0_hop,decoration,graph_box,1.0000,14,1,0,1,,333,500,"102.0,67.0,232.0,134.0"
493,2380680,2380680,1,2_hop,purse,graph_box,1.0000,21,1,0,3,,500,332,"0.0,244.0,46.0,332.0"
494,2380680,2380680,1,1_hop,seat,graph_box,1.0000,21,1,0,2,,500,332,"361.0,216.0,500.0,332.0"
501,2396106,2396106,2,1_hop,tree,graph_box,1.0000,25,2,1,2,,500,333,"421.0,26.0,500.0,191.0"
502,2351890,2351890,2,1_hop,bucket,graph_box,1.0000,21,3,2,2,,375,500,"37.0,130.0,106.0,168.0"
503,2351890,2351890,3,2_hop,bucket,graph_box,1.0000,21,3,2,3,,375,500,"37.0,130.0,106.0,168.0"
504,713115,713115,2,1_hop,keyboard,graph_box,1.0000,27,2,1,2,,1024,740,"284.0,543.0,553.0,614.0"
506,2320085,2320085,1,0_hop,towel,graph_box,1.0000,4,1,0,1,,334,500,"209.0,1.0,319.0,99.0"
507,2358111,2358111,1,0_hop,child,graph_box,1.0000,15,1,0,1,,500,333,"365.0,82.0,494.0,332.0"
508,2360795,2360795,1,0_hop,pole,graph_box,1.0000,12,1,0,1,,375,500,"15.0,1.0,28.0,170.0"
509,2350270,2350270,1,and,man,graph_box,1.0000,14,1,0,3,,500,331,"27.0,0.0,328.0,331.0"
510,2417477,2417477,2,1_hop,man,graph_box,1.0000,27,5,4,2,,500,375,"192.0,55.0,282.0,331.0"
513,2399471,2399471,1,0_hop,outfit,graph_box,1.0000,12,1,0,1,,500,282,"400.0,63.0,469.0,138.0"
514,2320261,2320261,1,0_hop,plate,graph_box,1.0000,17,1,0,1,,375,500,"1.0,144.0,360.0,499.0"
515,2320261,2320261,1,2_hop,bowl,graph_box,1.0000,17,1,0,3,,375,500,"278.0,44.0,375.0,176.0"
518,2405114,2405114,1,and,oranges,objects_id_first,0.1354,11,1,0,3,,500,375,"109.1,45.3,404.1,349.2"
522,2331434,2331434,1,0_hop,trash can,graph_box,1.0000,45,1,0,1,,500,375,"222.0,100.0,281.0,163.0"
523,2338308,2338308,1,1_hop,airplane,graph_box,1.0000,28,2,1,2,,500,333,"9.0,85.0,497.0,204.0"
524,2361468,2361468,1,0_hop,faucet,graph_box,1.0000,21,1,0,1,,500,333,"50.0,290.0,113.0,333.0"
526,2353439,2353439,1,0_hop,kite,graph_box,1.0000,11,1,0,1,,375,500,"94.0,189.0,129.0,251.0"
527,2321020,2321020,2,0_hop,microphone,graph_box,1.0000,18,4,3,1,,333,500,"0.0,389.0,97.0,495.0"
528,2411141,2411141,1,0_hop,butter,graph_box,1.0000,17,1,0,1,,500,375,"238.0,137.0,321.0,205.0"
529,2411141,2411141,1,0_hop,cup,graph_box,1.0000,17,1,0,1,,500,375,"144.0,46.0,240.0,143.0"
530,2354712,2354712,2,2_hop,pizza,graph_box,1.0000,17,2,1,3,,375,500,"114.0,379.0,368.0,501.0"
531,2354712,2354712,2,1_hop,pizza,graph_box,1.0000,17,2,1,2,,375,500,"114.0,379.0,368.0,501.0"
532,2354712,2354712,1,0_hop,chair,graph_box,1.0000,17,1,0,1,,375,500,"233.0,208.0,369.0,291.0"
533,2354712,2354712,1,0_hop,vegetables,graph_box,1.0000,17,1,0,1,,375,500,"162.0,393.0,347.0,474.0"
534,859,859,3,2_hop,tree,graph_box,1.0000,21,2,1,3,,800,600,"375.0,2.0,670.0,449.0"
535,2403961,2403961,1,0_hop,umbrella,graph_box,1.0000,15,1,0,1,,500,333,"273.0,161.0,338.0,236.0"
536,2403961,2403961,1,2_hop,building,graph_box,1.0000,15,1,0,3,,500,333,"1.0,0.0,456.0,286.0"
537,2328939,2328939,1,1_hop,horse,graph_box,1.0000,18,1,0,2,,500,333,"33.0,45.0,271.0,302.0"
538,2384460,2384460,1,2_hop,clock,graph_box,1.0000,18,1,0,3,,500,333,"423.0,0.0,500.0,78.0"
539,2384460,2384460,1,1_hop,clock,graph_box,1.0000,18,1,0,2,,500,333,"423.0,0.0,500.0,78.0"
540,2322646,2322646,1,0_hop,surfboard,graph_box,1.0000,7,1,0,1,,275,500,"101.0,277.0,188.0,457.0"
541,2390229,2390229,1,0_hop,racket,graph_box,1.0000,15,1,0,1,,359,500,"117.0,124.0,199.0,225.0"
542,2389885,2389885,2,2_hop,chair,graph_box,1.0000,33,3,2,3,,500,333,"184.0,184.0,284.0,332.0"
545,2349029,2349029,1,0_hop,letters,graph_box,1.0000,25,1,0,1,,500,437,"158.0,66.0,385.0,107.0"
546,2316663,2316663,1,0_hop,chair,graph_box,1.0000,15,1,0,1,,500,375,"167.0,174.0,240.0,224.0"
547,2358938,2358938,2,and,sink,graph_box,1.0000,9,2,1,3,,500,335,"0.0,151.0,267.0,324.0"
549,2410790,2410790,1,1_hop,cat,graph_box,1.0000,23,1,0,2,,375,500,"139.0,161.0,254.0,256.0"
553,2351404,2351404,1,1_hop,stuffed animal,objects_id_first,0.3664,25,1,0,2,,500,306,"92.0,30.0,162.0,86.0"
554,2394254,2394254,1,0_hop,fence,graph_box,1.0000,13,1,0,1,,500,333,"0.0,78.0,283.0,133.0"
555,2394254,2394254,1,2_hop,fence,graph_box,1.0000,13,1,0,3,,500,333,"0.0,78.0,283.0,133.0"
556,2393577,2393577,1,and,man,graph_box,1.0000,17,1,0,3,,333,500,"0.0,38.0,265.0,498.0"
557,3935,3935,2,0_hop,car,graph_box,1.0000,21,2,1,1,,338,510,"71.0,436.0,234.0,510.0"
558,2334745,2334745,2,2_hop,container,graph_box,1.0000,17,2,1,3,,500,500,"210.0,322.0,326.0,431.0"
561,2334745,2334745,1,2_hop,breakfast,graph_box,0.9490,17,1,0,3,,500,500,"28.6,159.3,247.3,337.2"
562,2325919,2325919,2,2_hop,cabinet,graph_box,1.0000,18,2,1,3,,500,282,"341.0,158.0,365.0,252.0"
564,2325919,2325919,3,2_hop,cabinet,graph_box,1.0000,18,2,1,3,,500,282,"341.0,158.0,365.0,252.0"
565,2411313,2411313,2,2_hop,obstacle,graph_box,1.0000,29,4,3,3,,500,375,"418.0,92.0,458.0,168.0"
567,2411313,2411313,3,2_hop,obstacle,graph_box,1.0000,29,4,3,3,,500,375,"418.0,92.0,458.0,168.0"
568,2326674,2326674,2,and,man,graph_box,1.0000,36,5,4,3,,500,317,"350.0,32.0,451.0,279.0"
569,2326674,2326674,3,2_hop,man,graph_box,1.0000,36,5,4,3,,500,317,"350.0,32.0,451.0,279.0"
572,2316451,2316451,1,0_hop,paper,graph_box,1.0000,8,1,0,1,,500,375,"0.0,7.0,156.0,152.0"
573,2378721,2378721,1,2_hop,buildings,graph_box,1.0000,13,1,0,3,,500,332,"181.0,1.0,498.0,85.0"
574,2378721,2378721,1,1_hop,buildings,graph_box,1.0000,13,1,0,2,,500,332,"181.0,1.0,498.0,85.0"
575,4043,4043,1,2_hop,stone,graph_box,1.0000,7,1,0,3,,450,600,"183.0,435.0,450.0,600.0"
576,4043,4043,1,1_hop,stone,graph_box,1.0000,7,1,0,2,,450,600,"183.0,435.0,450.0,600.0"
577,2330449,2330449,1,0_hop,tie,graph_box,1.0000,16,1,0,1,,500,333,"373.0,154.0,422.0,297.0"
578,2330449,2330449,1,2_hop,tie,graph_box,1.0000,16,1,0,3,,500,333,"373.0,154.0,422.0,297.0"
579,2385743,2385743,1,0_hop,comforter,graph_box,1.0000,23,1,0,1,,500,375,"1.0,158.0,107.0,215.0"
580,713911,713911,1,and,store,graph_box,1.0000,41,1,0,3,,1024,749,"256.0,248.0,1020.0,681.0"
581,2356290,2356290,1,2_hop,couch,graph_box,1.0000,22,1,0,3,,500,375,"349.0,187.0,499.0,283.0"
582,2315941,2315941,1,2_hop,food,graph_box,1.0000,11,1,0,3,,500,500,"33.0,10.0,388.0,322.0"
584,2396677,2396677,1,0_hop,tablecloth,graph_box,1.0000,33,1,0,1,,500,331,"308.0,19.0,440.0,56.0"
586,2396677,2396677,2,and,boy,graph_box,1.0000,33,2,1,3,,500,331,"260.0,78.0,308.0,127.0"
589,2396905,2396905,2,1_hop,traffic light,graph_box,1.0000,10,3,2,2,,500,337,"142.0,170.0,174.0,232.0"
590,2387913,2387913,1,0_hop,tie,graph_box,1.0000,19,1,0,1,,379,500,"170.0,239.0,242.0,418.0"
591,2412564,2412564,2,0_hop,container,graph_box,1.0000,15,2,1,1,,500,281,"367.0,0.0,421.0,80.0"
592,2412564,2412564,2,0_hop,container,graph_box,1.0000,15,2,1,1,,500,281,"0.0,0.0,127.0,130.0"
594,2412564,2412564,2,1_hop,container,graph_box,1.0000,15,2,1,2,,500,281,"0.0,0.0,127.0,130.0"
595,2405354,2405354,1,1_hop,dugout,graph_box,1.0000,13,1,0,2,,499,500,"3.0,0.0,498.0,234.0"
596,2339791,2339791,2,2_hop,tree,graph_box,1.0000,27,4,3,3,,500,375,"453.0,35.0,498.0,145.0"
598,2339791,2339791,3,2_hop,tree,graph_box,1.0000,27,4,3,3,,500,375,"453.0,35.0,498.0,145.0"
599,2373891,2373891,1,2_hop,bottle,graph_box,1.0000,12,1,0,3,,336,500,"166.0,59.0,292.0,396.0"
600,2373891,2373891,1,1_hop,bottle,graph_box,1.0000,12,1,0,2,,336,500,"166.0,59.0,292.0,396.0"
601,2384779,2384779,2,2_hop,man,graph_box,1.0000,18,2,1,3,,334,500,"67.0,175.0,132.0,265.0"
602,2384779,2384779,2,1_hop,man,graph_box,1.0000,18,2,1,2,,334,500,"67.0,175.0,132.0,265.0"
603,2413212,2413212,1,and,airplane,graph_box,1.0000,21,1,0,3,,500,337,"58.0,101.0,494.0,283.0"
604,2413212,2413212,1,2_hop,truck,graph_box,1.0000,21,1,0,3,,500,337,"331.0,251.0,418.0,284.0"
605,2413212,2413212,1,1_hop,truck,graph_box,1.0000,21,1,0,2,,500,337,"331.0,251.0,418.0,284.0"
606,2317322,2317322,1,0_hop,bowl,graph_box,1.0000,40,1,0,1,,500,375,"0.0,0.0,145.0,22.0"
607,2415117,2415117,1,0_hop,pipe,graph_box,1.0000,13,1,0,1,,375,500,"315.0,3.0,370.0,499.0"
608,2365977,2365977,1,0_hop,plate,graph_box,1.0000,10,1,0,1,,500,375,"92.0,67.0,393.0,348.0"
609,2365977,2365977,1,2_hop,plate,graph_box,1.0000,10,1,0,3,,500,375,"92.0,67.0,393.0,348.0"
610,2365977,2365977,1,and,plate,graph_box,1.0000,10,1,0,3,,500,375,"92.0,67.0,393.0,348.0"
613,2373095,2373095,1,and,knife,graph_box,1.0000,15,1,0,3,,500,500,"11.0,354.0,104.0,393.0"
615,2404370,2404370,2,0_hop,giraffe,graph_box,1.0000,15,2,1,1,,342,500,"71.0,230.0,193.0,454.0"
616,2341611,2341611,2,1_hop,roof,graph_box,1.0000,17,2,1,2,,500,335,"296.0,110.0,500.0,202.0"
617,2387671,2387671,1,0_hop,post,graph_box,1.0000,9,1,0,1,,500,334,"259.0,261.0,283.0,334.0"
618,2387671,2387671,1,0_hop,trunk,graph_box,1.0000,9,1,0,1,,500,334,"0.0,0.0,352.0,334.0"
619,2387671,2387671,1,1_hop,trunk,graph_box,1.0000,9,1,0,2,,500,334,"0.0,0.0,352.0,334.0"
620,2406666,2406666,1,0_hop,man,graph_box,1.0000,16,1,0,1,,367,500,"68.0,335.0,105.0,426.0"
622,2384329,2384329,2,2_hop,plate,graph_box,1.0000,22,2,1,3,,500,375,"90.0,244.0,236.0,361.0"
623,2384329,2384329,2,and,plate,graph_box,1.0000,22,2,1,3,,500,375,"90.0,244.0,236.0,361.0"
626,2394733,2394733,1,0_hop,strawberry,graph_box,1.0000,11,1,0,1,,467,500,"168.0,203.0,273.0,287.0"
627,2394733,2394733,1,1_hop,strawberry,graph_box,1.0000,11,1,0,2,,467,500,"168.0,203.0,273.0,287.0"
629,2361696,2361696,1,0_hop,fence,objects_id_first,0.1750,7,1,0,1,,485,500,"1.0,56.0,484.0,233.0"
630,2361690,2361690,1,0_hop,game,graph_box,1.0000,12,1,0,1,,500,300,"61.0,29.0,400.0,236.0"
635,2355023,2355023,1,0_hop,bag,graph_box,1.0000,19,1,0,1,,500,333,"248.0,82.0,334.0,165.0"
637,2355023,2355023,2,1_hop,luggage,graph_box,1.0000,19,2,1,2,,500,333,"248.0,142.0,354.0,219.0"
640,2324839,2324839,2,2_hop,faucet,graph_box,1.0000,11,2,1,3,,375,500,"260.0,286.0,372.0,430.0"
641,2324839,2324839,2,and,faucet,graph_box,1.0000,11,2,1,3,,375,500,"260.0,286.0,372.0,430.0"
642,2318090,2318090,1,2_hop,fence,graph_box,1.0000,16,1,0,3,,333,500,"0.0,28.0,333.0,401.0"
643,2318090,2318090,1,1_hop,fence,graph_box,1.0000,16,1,0,2,,333,500,"0.0,28.0,333.0,401.0"
644,713288,713288,1,2_hop,bus,graph_box,1.0000,15,1,0,3,,1024,640,"402.0,66.0,819.0,569.0"
645,2412027,2412027,1,0_hop,door,graph_box,1.0000,25,1,0,1,,500,281,"372.0,135.0,404.0,218.0"
647,2329855,2329855,2,1_hop,sign,graph_box,1.0000,24,2,1,2,,500,375,"0.0,0.0,265.0,31.0"
648,2334914,2334914,2,2_hop,plate,graph_box,1.0000,19,3,2,3,,500,500,"363.0,118.0,500.0,207.0"
649,2334914,2334914,2,1_hop,plate,graph_box,1.0000,19,3,2,2,,500,500,"363.0,118.0,500.0,207.0"
650,2390146,2390146,1,1_hop,clock tower,graph_box,1.0000,12,1,0,2,,333,500,"89.0,124.0,301.0,498.0"
651,2395429,2395429,1,0_hop,water,graph_box,1.0000,5,1,0,1,,500,375,"0.0,169.0,501.0,368.0"
652,2384550,2384550,1,0_hop,boat,graph_box,1.0000,8,1,0,1,,500,500,"53.0,381.0,138.0,413.0"
653,2384550,2384550,1,2_hop,boat,graph_box,1.0000,8,1,0,3,,500,500,"53.0,381.0,138.0,413.0"
654,2384550,2384550,1,1_hop,boat,graph_box,1.0000,8,1,0,2,,500,500,"53.0,381.0,138.0,413.0"
658,2367461,2367461,2,and,man,graph_box,1.0000,16,3,2,3,,333,500,"0.0,208.0,48.0,499.0"
659,2367468,2367468,1,0_hop,poster,graph_box,1.0000,19,1,0,1,,500,333,"108.0,54.0,155.0,91.0"
660,2367468,2367468,1,0_hop,laptop,graph_box,1.0000,19,1,0,1,,500,333,"191.0,123.0,242.0,161.0"
661,2367468,2367468,2,2_hop,bag,graph_box,1.0000,19,3,2,3,,500,333,"375.0,113.0,463.0,174.0"
662,2367468,2367468,2,1_hop,bag,graph_box,1.0000,19,3,2,2,,500,333,"375.0,113.0,463.0,174.0"
665,2376684,2376684,3,1_hop,cat,graph_box,1.0000,21,2,1,2,,500,375,"88.0,0.0,179.0,155.0"
666,2376684,2376684,2,0_hop,car,graph_box,1.0000,21,2,1,1,,500,375,"234.0,19.0,290.0,75.0"
668,2376684,2376684,3,1_hop,car,graph_box,1.0000,21,2,1,2,,500,375,"234.0,19.0,290.0,75.0"
670,2370523,2370523,2,1_hop,car,graph_box,1.0000,18,2,1,2,,500,375,"327.0,193.0,465.0,289.0"
673,2398651,2398651,1,0_hop,racket,graph_box,1.0000,16,1,0,1,,375,500,"153.0,36.0,263.0,168.0"
674,2382140,2382140,2,1_hop,people,graph_box,1.0000,16,2,1,2,,500,375,"403.0,248.0,500.0,286.0"
675,2356663,2356663,1,1_hop,door,graph_box,0.9432,18,1,0,2,,500,333,"15.1,2.4,86.3,169.2"
676,2352741,2352741,1,0_hop,refrigerator,graph_box,1.0000,7,1,0,1,,375,500,"0.0,95.0,242.0,500.0"
677,2352745,2352745,1,0_hop,net,graph_box,1.0000,21,1,0,1,,500,333,"0.0,167.0,499.0,324.0"
678,2364969,2364969,2,0_hop,sign,graph_box,1.0000,12,3,2,1,,500,375,"174.0,48.0,294.0,180.0"
680,2364969,2364969,2,1_hop,sign,graph_box,1.0000,12,3,2,2,,500,375,"174.0,48.0,294.0,180.0"
682,2364969,2364969,2,2_hop,sign,graph_box,1.0000,12,3,2,3,,500,375,"288.0,227.0,361.0,266.0"
683,2364969,2364969,2,1_hop,sign,graph_box,1.0000,12,3,2,2,,500,375,"288.0,227.0,361.0,266.0"
684,2374604,2374604,1,0_hop,water,objects_id_first,0.4528,5,1,0,1,,500,333,"1.4,172.0,498.4,331.5"
687,2391049,2391049,3,2_hop,minute hand,graph_box,1.0000,16,2,1,3,,332,500,"39.0,234.0,108.0,293.0"
688,2391046,2391046,1,0_hop,kite,graph_box,1.0000,12,1,0,1,,394,500,"17.0,182.0,245.0,427.0"
689,2364966,2364966,2,2_hop,plate,graph_box,1.0000,15,2,1,3,,334,500,"1.0,0.0,277.0,145.0"
690,2364966,2364966,2,and,plate,graph_box,1.0000,15,2,1,3,,334,500,"1.0,0.0,277.0,145.0"
691,2364966,2364966,1,and,beans,graph_box,1.0000,15,1,0,3,,334,500,"85.0,277.0,213.0,433.0"
692,2365562,2365562,1,1_hop,cake stand,graph_box,1.0000,14,1,0,2,,333,500,"200.0,392.0,333.0,435.0"
698,2404668,2404668,1,0_hop,flower,graph_box,1.0000,11,1,0,1,,375,500,"33.0,76.0,363.0,265.0"
699,2353563,2353563,1,0_hop,marker,graph_box,1.0000,10,1,0,1,,500,364,"335.0,210.0,399.0,276.0"
700,2353563,2353563,1,2_hop,marker,graph_box,1.0000,10,1,0,3,,500,364,"335.0,210.0,399.0,276.0"
701,2371801,2371801,1,2_hop,clock,graph_box,1.0000,19,1,0,3,,343,500,"163.0,115.0,270.0,223.0"
702,2371801,2371801,1,1_hop,clock,graph_box,1.0000,19,1,0,2,,343,500,"163.0,115.0,270.0,223.0"
703,2371801,2371801,2,2_hop,car,graph_box,1.0000,19,3,2,3,,343,500,"15.0,344.0,80.0,434.0"
704,2371801,2371801,2,and,car,graph_box,1.0000,19,3,2,3,,343,500,"15.0,344.0,80.0,434.0"
705,2403946,2403946,1,2_hop,chair,graph_box,1.0000,8,1,0,3,,500,375,"408.0,312.0,499.0,374.0"
706,2403946,2403946,1,and,chair,graph_box,1.0000,8,1,0,3,,500,375,"408.0,312.0,499.0,374.0"
709,2401893,2401893,1,0_hop,soap dish,graph_box,1.0000,9,1,0,1,,375,500,"235.0,359.0,296.0,408.0"
710,2408571,2408571,2,1_hop,doll,graph_box,1.0000,25,2,1,2,,375,500,"18.0,298.0,106.0,490.0"
711,2408571,2408571,2,1_hop,clock,graph_box,1.0000,25,6,5,2,,375,500,"68.0,248.0,121.0,325.0"
713,2400761,2400761,1,2_hop,smoke,graph_box,1.0000,16,1,0,3,,500,389,"160.0,43.0,326.0,221.0"
715,2407388,2407388,2,2_hop,lamp,graph_box,1.0000,15,1,0,3,,500,332,"10.0,157.0,45.0,208.0"
716,2407388,2407388,2,and,lamp,graph_box,1.0000,15,1,0,3,,500,332,"10.0,157.0,45.0,208.0"
717,2407388,2407388,1,0_hop,canopy,graph_box,1.0000,15,1,0,1,,500,332,"89.0,31.0,320.0,120.0"
721,2344727,2344727,1,0_hop,girl,graph_box,1.0000,18,1,0,1,,500,331,"349.0,48.0,490.0,287.0"
722,2344726,2344726,2,2_hop,dish,graph_box,1.0000,18,2,1,3,,375,500,"0.0,56.0,46.0,105.0"
723,2344726,2344726,2,and,dish,graph_box,1.0000,18,2,1,3,,375,500,"0.0,56.0,46.0,105.0"
724,2395639,2395639,2,0_hop,toilet,graph_box,1.0000,12,2,1,1,,500,375,"51.0,3.0,247.0,285.0"
725,2395639,2395639,2,2_hop,toilet,graph_box,1.0000,12,2,1,3,,500,375,"51.0,3.0,247.0,285.0"
726,2395639,2395639,2,1_hop,toilet,graph_box,1.0000,12,2,1,2,,500,375,"51.0,3.0,247.0,285.0"
727,2395639,2395639,3,2_hop,water,graph_box,1.0000,12,2,1,3,,500,375,"285.0,257.0,329.0,306.0"
728,2395639,2395639,3,1_hop,water,graph_box,1.0000,12,2,1,2,,500,375,"285.0,257.0,329.0,306.0"
729,2391950,2391950,1,0_hop,sign,graph_box,1.0000,18,1,0,1,,333,500,"72.0,206.0,137.0,261.0"
731,2319558,2319558,2,2_hop,man,graph_box,1.0000,24,3,2,3,,500,375,"85.0,45.0,406.0,358.0"
732,2319558,2319558,2,1_hop,man,graph_box,1.0000,24,3,2,2,,500,375,"85.0,45.0,406.0,358.0"
733,2319558,2319558,2,2_hop,table,graph_box,1.0000,24,2,1,3,,500,375,"106.0,301.0,458.0,373.0"
734,2319558,2319558,2,1_hop,table,graph_box,1.0000,24,2,1,2,,500,375,"106.0,301.0,458.0,373.0"
735,2319558,2319558,3,2_hop,table,graph_box,1.0000,24,2,1,3,,500,375,"106.0,301.0,458.0,373.0"
736,2402545,2402545,1,1_hop,airplane,graph_box,1.0000,17,1,0,2,,500,375,"0.0,96.0,495.0,262.0"
738,2357112,2357112,2,and,bowl,graph_box,1.0000,12,2,1,3,,500,375,"17.0,50.0,244.0,263.0"
739,2357112,2357112,3,2_hop,bowl,graph_box,1.0000,12,2,1,3,,500,375,"17.0,50.0,244.0,263.0"
743,1095,1095,1,2_hop,counter,graph_box,1.0000,17,1,0,3,,800,600,"529.0,417.0,800.0,600.0"
744,2377074,2377074,1,0_hop,wall,graph_box,0.9585,17,2,1,1,,375,500,"0.8,1.1,374.3,229.2"
745,2369851,2369851,2,1_hop,bus,graph_box,1.0000,25,2,1,2,,500,375,"265.0,83.0,496.0,322.0"
746,2369851,2369851,2,1_hop,man,graph_box,1.0000,25,4,3,2,,500,375,"279.0,180.0,354.0,373.0"
747,2369851,2369851,3,2_hop,man,graph_box,1.0000,25,4,3,3,,500,375,"279.0,180.0,354.0,373.0"
748,2355238,2355238,1,2_hop,couple,graph_box,1.0000,20,1,0,3,,500,375,"0.0,15.0,458.0,375.0"
749,2355238,2355238,1,1_hop,couple,graph_box,1.0000,20,1,0,2,,500,375,"0.0,15.0,458.0,375.0"
751,2406035,2406035,1,1_hop,luggage,graph_box,1.0000,6,1,0,2,,500,315,"259.0,64.0,362.0,126.0"
752,2393775,2393775,1,1_hop,luggage cart,graph_box,1.0000,20,1,0,2,,500,500,"185.0,144.0,446.0,432.0"
753,2391600,2391600,1,0_hop,spoon,graph_box,1.0000,18,1,0,1,,375,500,"197.0,1.0,299.0,134.0"
754,2391600,2391600,1,2_hop,spoon,graph_box,1.0000,18,1,0,3,,375,500,"197.0,1.0,299.0,134.0"
755,2391600,2391600,1,1_hop,spoon,graph_box,1.0000,18,1,0,2,,375,500,"197.0,1.0,299.0,134.0"
757,2381995,2381995,2,and,man,graph_box,1.0000,20,2,1,3,,500,333,"62.0,60.0,131.0,279.0"
758,2381995,2381995,3,2_hop,man,graph_box,1.0000,20,2,1,3,,500,333,"62.0,60.0,131.0,279.0"
762,2390608,2390608,1,0_hop,giraffe,graph_box,1.0000,25,1,0,1,,500,332,"330.0,29.0,426.0,301.0"
763,2390608,2390608,1,and,giraffe,graph_box,1.0000,25,1,0,3,,500,332,"330.0,29.0,426.0,301.0"
764,2360479,2360479,1,0_hop,letters,graph_box,1.0000,12,1,0,1,,500,375,"241.0,69.0,435.0,94.0"
765,2318172,2318172,1,0_hop,book,graph_box,1.0000,16,1,0,1,,500,375,"1.0,117.0,96.0,231.0"
768,2351464,2351464,1,0_hop,dish,graph_box,1.0000,11,1,0,1,,400,300,"184.0,176.0,258.0,234.0"
769,2357457,2357457,2,0_hop,car,graph_box,1.0000,18,2,1,1,,500,326,"0.0,65.0,112.0,122.0"
770,2409544,2409544,1,0_hop,mat,graph_box,1.0000,17,1,0,1,,500,333,"1.0,61.0,498.0,296.0"
773,2409543,2409543,2,2_hop,phone,graph_box,1.0000,22,2,1,3,,500,375,"440.0,40.0,491.0,121.0"
775,2409543,2409543,3,2_hop,phone,graph_box,1.0000,22,2,1,3,,500,375,"440.0,40.0,491.0,121.0"
776,2417201,2417201,1,0_hop,tree,graph_box,1.0000,21,1,0,1,,500,375,"0.0,157.0,88.0,375.0"
777,2417201,2417201,1,0_hop,street sign,graph_box,1.0000,21,1,0,1,,500,375,"79.0,194.0,441.0,313.0"
778,2317127,2317127,1,1_hop,table,graph_box,1.0000,27,1,0,2,,500,333,"193.0,267.0,458.0,332.0"
780,2326319,2326319,2,2_hop,bowl,graph_box,1.0000,31,4,3,3,,375,500,"53.0,181.0,349.0,493.0"
781,2326319,2326319,2,1_hop,bowl,graph_box,1.0000,31,4,3,2,,375,500,"53.0,181.0,349.0,493.0"
782,150510,150510,1,0_hop,woman,graph_box,1.0000,24,1,0,1,,1024,768,"158.0,322.0,497.0,522.0"
783,2407802,2407802,1,2_hop,umpire,graph_box,1.0000,30,1,0,3,,500,333,"73.0,147.0,145.0,253.0"
784,2380141,2380141,1,0_hop,bowl,graph_box,1.0000,7,1,0,1,,500,500,"348.0,168.0,491.0,336.0"
785,2396655,2396655,1,1_hop,bowl,graph_box,1.0000,11,1,0,2,,500,333,"42.0,78.0,500.0,333.0"
788,2340585,2340585,1,1_hop,cucumber,graph_box,1.0000,12,1,0,2,,299,500,"0.0,221.0,179.0,309.0"
789,2340585,2340585,1,1_hop,food,graph_box,1.0000,12,1,0,2,,299,500,"0.0,150.0,299.0,395.0"
790,2354819,2354819,2,and,man,graph_box,1.0000,18,3,2,3,,500,333,"0.0,67.0,107.0,333.0"
791,2416648,2416648,2,and,woman,graph_box,1.0000,14,2,1,3,,500,333,"0.0,77.0,124.0,333.0"
792,2356417,2356417,2,2_hop,bowl,graph_box,1.0000,12,3,2,3,,333,500,"0.0,228.0,118.0,414.0"
793,2356417,2356417,2,1_hop,bowl,graph_box,1.0000,12,3,2,2,,333,500,"0.0,228.0,118.0,414.0"
794,2331846,2331846,1,and,house,graph_box,1.0000,8,1,0,3,,500,375,"260.0,53.0,498.0,328.0"
796,955,955,1,1_hop,cat,graph_box,1.0000,12,1,0,2,,568,426,"321.0,0.0,568.0,378.0"
797,2323899,2323899,2,and,tree,graph_box,1.0000,9,2,1,3,,500,333,"313.0,0.0,499.0,215.0"
798,2413235,2413235,1,0_hop,purse,graph_box,1.0000,12,1,0,1,,500,333,"303.0,169.0,395.0,251.0"
799,2413235,2413235,1,2_hop,purse,graph_box,1.0000,12,1,0,3,,500,333,"303.0,169.0,395.0,251.0"
800,2328879,2328879,1,2_hop,knife,graph_box,1.0000,28,1,0,3,,500,313,"3.0,126.0,103.0,217.0"
802,2328879,2328879,1,1_hop,sauce,graph_box,1.0000,28,1,0,2,,500,313,"0.0,233.0,291.0,285.0"
807,2410522,2410522,2,2_hop,cup,graph_box,1.0000,11,2,1,3,,374,500,"0.0,236.0,35.0,391.0"
808,2410522,2410522,2,and,cup,graph_box,1.0000,11,2,1,3,,374,500,"0.0,236.0,35.0,391.0"
809,2346326,2346326,1,0_hop,fence,graph_box,1.0000,17,1,0,1,,215,500,"0.0,15.0,214.0,371.0"
810,2346326,2346326,1,1_hop,fence,graph_box,1.0000,17,1,0,2,,215,500,"0.0,15.0,214.0,371.0"
812,2365794,2365794,2,2_hop,nightstand,graph_box,1.0000,18,2,1,3,,500,281,"347.0,93.0,430.0,128.0"
813,2365794,2365794,2,and,nightstand,graph_box,1.0000,18,2,1,3,,500,281,"347.0,93.0,430.0,128.0"
814,2389922,2389922,2,2_hop,laptop,graph_box,1.0000,17,2,1,3,,375,500,"283.0,4.0,374.0,295.0"
815,2389922,2389922,2,1_hop,laptop,graph_box,1.0000,17,2,1,2,,375,500,"283.0,4.0,374.0,295.0"
816,2389922,2389922,2,2_hop,laptop,graph_box,1.0000,17,2,1,3,,375,500,"0.0,354.0,216.0,497.0"
817,2389922,2389922,2,1_hop,laptop,graph_box,1.0000,17,2,1,2,,375,500,"0.0,354.0,216.0,497.0"
818,2385697,2385697,1,1_hop,pole,graph_box,1.0000,11,1,0,2,,500,399,"278.0,0.0,297.0,109.0"
819,2341519,2341519,1,0_hop,picture,graph_box,1.0000,18,1,0,1,,160,120,"0.0,0.0,78.0,50.0"
820,2359940,2359940,1,0_hop,arrow,graph_box,1.0000,11,1,0,1,,500,333,"173.0,159.0,327.0,196.0"
821,2341512,2341512,1,0_hop,luggage,graph_box,1.0000,20,1,0,1,,375,500,"93.0,358.0,127.0,423.0"
826,2411920,2411920,1,0_hop,ladder,graph_box,1.0000,11,1,0,1,,333,500,"245.0,0.0,290.0,500.0"
827,2345056,2345056,2,2_hop,boat,graph_box,1.0000,24,9,8,3,,500,333,"348.0,124.0,464.0,186.0"
828,2345056,2345056,2,1_hop,boat,graph_box,1.0000,24,9,8,2,,500,333,"348.0,124.0,464.0,186.0"
829,2324812,2324812,1,1_hop,glass,graph_box,1.0000,17,1,0,2,,375,500,"79.0,0.0,363.0,207.0"
830,2316255,2316255,1,0_hop,flag,graph_box,1.0000,11,1,0,1,,500,333,"438.0,39.0,480.0,84.0"
831,2377712,2377712,1,0_hop,comforter,graph_box,1.0000,22,1,0,1,,500,416,"279.0,224.0,499.0,415.0"
832,2377712,2377712,1,0_hop,box,graph_box,1.0000,22,1,0,1,,500,416,"58.0,148.0,163.0,170.0"
833,2403002,2403002,3,2_hop,statue,graph_box,1.0000,23,2,1,3,,500,375,"394.0,175.0,443.0,267.0"
835,2416156,2416156,3,2_hop,bench,graph_box,1.0000,22,3,2,3,,500,375,"438.0,84.0,498.0,222.0"
836,599,599,1,0_hop,tree,graph_box,1.0000,6,1,0,1,,800,600,"0.0,18.0,182.0,318.0"
837,2349187,2349187,1,1_hop,girl,graph_box,1.0000,19,1,0,2,,500,353,"72.0,105.0,130.0,231.0"
839,2358541,2358541,1,1_hop,door,graph_box,1.0000,19,1,0,2,,500,375,"258.0,204.0,326.0,308.0"
840,2349988,2349988,1,0_hop,vase,graph_box,0.9705,5,1,0,1,,281,500,"99.6,231.7,214.9,460.7"
841,2349988,2349988,1,1_hop,decoration,graph_box,1.0000,5,1,0,2,,281,500,"121.0,269.0,174.0,302.0"
843,2333060,2333060,1,1_hop,cabinet,graph_box,1.0000,17,1,0,2,,500,330,"373.0,141.0,478.0,318.0"
845,2336230,2336230,1,0_hop,teddy bear,graph_box,1.0000,16,1,0,1,,500,375,"272.0,146.0,443.0,307.0"
846,2336230,2336230,1,2_hop,teddy bear,graph_box,1.0000,16,1,0,3,,500,375,"272.0,146.0,443.0,307.0"
847,2336230,2336230,1,1_hop,teddy bear,graph_box,1.0000,16,1,0,2,,500,375,"272.0,146.0,443.0,307.0"
848,2336230,2336230,2,2_hop,bed,graph_box,1.0000,16,2,1,3,,500,375,"26.0,284.0,500.0,374.0"
849,2336230,2336230,2,and,bed,graph_box,1.0000,16,2,1,3,,500,375,"26.0,284.0,500.0,374.0"
850,2351852,2351852,1,0_hop,logo,graph_box,1.0000,17,1,0,1,,500,333,"0.0,109.0,152.0,146.0"
851,2358152,2358152,1,1_hop,bottle,graph_box,1.0000,20,1,0,2,,500,375,"37.0,39.0,74.0,136.0"
852,2346189,2346189,1,0_hop,fence,graph_box,1.0000,17,1,0,1,,500,333,"425.0,233.0,499.0,267.0"
853,2380152,2380152,1,0_hop,suitcase,graph_box,1.0000,6,1,0,1,,500,500,"136.0,126.0,499.0,456.0"
856,2399384,2399384,1,0_hop,plate,objects_id_first,0.4864,9,1,0,1,,375,500,"0.4,26.9,374.5,498.6"
858,2370508,2370508,1,1_hop,collar,graph_box,1.0000,16,1,0,2,,500,375,"215.0,228.0,298.0,333.0"
859,2375029,2375029,2,2_hop,people,graph_box,1.0000,19,1,0,3,,500,332,"350.0,88.0,500.0,331.0"
860,2375029,2375029,2,and,people,graph_box,1.0000,19,1,0,3,,500,332,"350.0,88.0,500.0,331.0"
861,2319887,2319887,1,0_hop,tree,graph_box,1.0000,19,1,0,1,,500,500,"1.0,0.0,296.0,498.0"
862,2319887,2319887,1,1_hop,tree,graph_box,1.0000,19,1,0,2,,500,500,"1.0,0.0,296.0,498.0"
864,2319888,2319888,2,2_hop,man,graph_box,1.0000,24,2,1,3,,332,500,"87.0,76.0,149.0,122.0"
865,2319888,2319888,2,and,man,graph_box,1.0000,24,2,1,3,,332,500,"87.0,76.0,149.0,122.0"
866,2382163,2382163,1,0_hop,tractor,graph_box,1.0000,17,1,0,1,,500,375,"0.0,56.0,290.0,217.0"
871,2392274,2392274,1,0_hop,table,graph_box,1.0000,25,1,0,1,,500,375,"350.0,274.0,501.0,321.0"
872,2400082,2400082,1,0_hop,hat,graph_box,1.0000,20,1,0,1,,500,331,"79.0,20.0,150.0,67.0"
874,2365505,2365505,1,1_hop,box,graph_box,1.0000,26,1,0,2,,500,333,"331.0,66.0,400.0,137.0"
875,2365505,2365505,2,2_hop,woman,graph_box,1.0000,26,2,1,3,,500,333,"267.0,33.0,329.0,191.0"
876,2365505,2365505,2,and,woman,graph_box,1.0000,26,2,1,3,,500,333,"267.0,33.0,329.0,191.0"
877,2365505,2365505,3,2_hop,woman,graph_box,1.0000,26,2,1,3,,500,333,"267.0,33.0,329.0,191.0"
878,2365505,2365505,1,0_hop,pole,graph_box,1.0000,26,1,0,1,,500,333,"367.0,134.0,390.0,286.0"
879,2365505,2365505,1,1_hop,pole,graph_box,1.0000,26,1,0,2,,500,333,"367.0,134.0,390.0,286.0"
880,2378883,2378883,2,1_hop,building,graph_box,1.0000,20,2,1,2,,324,500,"0.0,0.0,113.0,342.0"
882,2356643,2356643,2,and,building,graph_box,1.0000,14,2,1,3,,500,333,"44.0,25.0,363.0,110.0"
883,2414164,2414164,1,2_hop,train,graph_box,1.0000,9,1,0,3,,500,355,"223.0,100.0,437.0,270.0"
884,2361429,2361429,2,0_hop,man,graph_box,1.0000,15,2,1,1,,500,375,"153.0,23.0,376.0,376.0"
885,2361429,2361429,2,and,man,graph_box,1.0000,15,2,1,3,,500,375,"153.0,23.0,376.0,376.0"
886,2352767,2352767,1,0_hop,car,graph_box,1.0000,16,1,0,1,,500,375,"31.0,270.0,122.0,310.0"
887,2363958,2363958,1,0_hop,wine glass,graph_box,1.0000,18,1,0,1,,500,332,"415.0,102.0,499.0,288.0"
888,2337616,2337616,2,1_hop,pole,graph_box,1.0000,13,5,4,2,,500,333,"25.0,277.0,136.0,328.0"
890,2318145,2318145,1,0_hop,bowl,graph_box,1.0000,23,1,0,1,,500,355,"69.0,191.0,256.0,321.0"
892,2404602,2404602,1,0_hop,roof,graph_box,1.0000,24,1,0,1,,500,333,"330.0,33.0,500.0,77.0"
893,2404602,2404602,1,2_hop,picture,graph_box,1.0000,24,1,0,3,,500,333,"289.0,99.0,386.0,208.0"
894,2404602,2404602,1,and,picture,graph_box,1.0000,24,1,0,3,,500,333,"289.0,99.0,386.0,208.0"
895,2328463,2328463,1,0_hop,spatula,graph_box,1.0000,5,1,0,1,,500,374,"305.0,16.0,382.0,123.0"
896,2328463,2328463,1,1_hop,spatula,graph_box,1.0000,5,1,0,2,,500,374,"305.0,16.0,382.0,123.0"
897,2362193,2362193,1,1_hop,sign,graph_box,1.0000,21,1,0,2,,500,345,"38.0,0.0,499.0,290.0"
899,2355234,2355234,2,2_hop,blanket,graph_box,1.0000,28,2,1,3,,500,375,"323.0,256.0,424.0,300.0"
900,2355234,2355234,2,and,blanket,graph_box,1.0000,28,2,1,3,,500,375,"323.0,256.0,424.0,300.0"
902,2355234,2355234,2,2_hop,sofa,graph_box,1.0000,28,2,1,3,,500,375,"25.0,141.0,198.0,304.0"
903,2355234,2355234,2,and,sofa,graph_box,1.0000,28,2,1,3,,500,375,"25.0,141.0,198.0,304.0"
904,2358376,2358376,1,0_hop,parking meter,graph_box,1.0000,18,1,0,1,,332,500,"15.0,24.0,183.0,404.0"
905,2358376,2358376,1,and,parking meter,graph_box,1.0000,18,1,0,3,,332,500,"15.0,24.0,183.0,404.0"
906,2363785,2363785,1,2_hop,meat,graph_box,1.0000,18,1,0,3,,500,307,"243.0,42.0,399.0,151.0"
907,2363785,2363785,1,and,meat,graph_box,1.0000,18,1,0,3,,500,307,"243.0,42.0,399.0,151.0"
908,2389265,2389265,1,0_hop,door,graph_box,1.0000,12,1,0,1,,375,500,"1.0,0.0,27.0,325.0"
909,2346849,2346849,1,2_hop,cake,graph_box,1.0000,11,1,0,3,,369,500,"28.0,177.0,179.0,411.0"
910,2346849,2346849,1,1_hop,cake,graph_box,1.0000,11,1,0,2,,369,500,"28.0,177.0,179.0,411.0"
911,2346849,2346849,1,2_hop,knife,graph_box,1.0000,11,1,0,3,,369,500,"313.0,35.0,338.0,323.0"
914,2322799,2322799,1,and,woman,graph_box,1.0000,22,1,0,3,,500,374,"90.0,48.0,336.0,374.0"
915,2351336,2351336,1,and,train,graph_box,1.0000,22,1,0,3,,500,333,"63.0,63.0,396.0,268.0"
916,2351336,2351336,2,2_hop,wire,graph_box,1.0000,22,4,3,3,,500,333,"0.0,2.0,160.0,47.0"
917,2351336,2351336,2,1_hop,wire,graph_box,1.0000,22,4,3,2,,500,333,"0.0,2.0,160.0,47.0"
918,2324717,2324717,1,1_hop,cheese,graph_box,1.0000,8,1,0,2,,500,500,"83.0,228.0,219.0,298.0"
919,2404848,2404848,1,2_hop,poster,graph_box,1.0000,28,1,0,3,,500,375,"330.0,143.0,378.0,231.0"
920,2376905,2376905,1,0_hop,tablecloth,graph_box,1.0000,15,1,0,1,,375,500,"270.0,373.0,374.0,501.0"
921,2359495,2359495,2,2_hop,frame,graph_box,1.0000,33,5,4,3,,500,375,"247.0,136.0,319.0,200.0"
922,2359495,2359495,2,1_hop,frame,graph_box,1.0000,33,5,4,2,,500,375,"247.0,136.0,319.0,200.0"
923,2401506,2401506,2,2_hop,woman,graph_box,1.0000,22,2,1,3,,500,375,"49.0,101.0,147.0,375.0"
924,2401506,2401506,2,and,woman,graph_box,1.0000,22,2,1,3,,500,375,"49.0,101.0,147.0,375.0"
925,2401506,2401506,1,0_hop,picture,graph_box,1.0000,22,1,0,1,,500,375,"29.0,92.0,74.0,170.0"
926,2396750,2396750,2,2_hop,woman,graph_box,1.0000,22,2,1,3,,281,500,"0.0,110.0,79.0,256.0"
927,2396750,2396750,2,1_hop,woman,graph_box,1.0000,22,2,1,2,,281,500,"0.0,110.0,79.0,256.0"
928,2396750,2396750,1,2_hop,napkin,graph_box,1.0000,22,1,0,3,,281,500,"57.0,363.0,263.0,442.0"
929,2396750,2396750,1,and,pizza,graph_box,1.0000,22,1,0,3,,281,500,"68.0,336.0,277.0,431.0"
931,2372439,2372439,1,and,boy,graph_box,1.0000,22,1,0,3,,375,500,"116.0,13.0,262.0,499.0"
932,2392663,2392663,2,2_hop,door,graph_box,1.0000,22,2,1,3,,375,500,"1.0,135.0,15.0,427.0"
933,2392663,2392663,2,and,door,graph_box,1.0000,22,2,1,3,,375,500,"1.0,135.0,15.0,427.0"
934,2392663,2392663,2,2_hop,door,graph_box,1.0000,22,2,1,3,,375,500,"289.0,171.0,352.0,379.0"
935,2392663,2392663,2,and,door,graph_box,1.0000,22,2,1,3,,375,500,"289.0,171.0,352.0,379.0"
936,2392663,2392663,2,2_hop,pillow,graph_box,1.0000,22,2,1,3,,375,500,"309.0,378.0,374.0,492.0"
938,2392665,2392665,1,2_hop,mother,graph_box,1.0000,18,1,0,3,,500,333,"300.0,126.0,450.0,332.0"
939,2378087,2378087,2,2_hop,pizza,graph_box,1.0000,23,2,1,3,,500,375,"36.0,59.0,279.0,220.0"
940,2378087,2378087,2,and,pizza,graph_box,1.0000,23,2,1,3,,500,375,"36.0,59.0,279.0,220.0"
941,2378087,2378087,3,2_hop,pizza,graph_box,1.0000,23,2,1,3,,500,375,"36.0,59.0,279.0,220.0"
942,2378087,2378087,2,2_hop,fork,graph_box,1.0000,23,2,1,3,,500,375,"395.0,39.0,443.0,157.0"
943,2378087,2378087,2,and,fork,graph_box,1.0000,23,2,1,3,,500,375,"395.0,39.0,443.0,157.0"
944,2378087,2378087,3,2_hop,fork,graph_box,1.0000,23,2,1,3,,500,375,"395.0,39.0,443.0,157.0"
945,2396634,2396634,1,2_hop,bag,graph_box,1.0000,16,1,0,3,,500,333,"42.0,215.0,91.0,257.0"
946,2362947,2362947,1,0_hop,lamp,graph_box,1.0000,11,1,0,1,,500,333,"57.0,31.0,170.0,206.0"
947,2357784,2357784,1,and,statue,graph_box,1.0000,21,1,0,3,,333,500,"3.0,21.0,226.0,469.0"
948,2406998,2406998,1,1_hop,fence,graph_box,1.0000,16,1,0,2,,375,500,"0.0,39.0,372.0,301.0"
949,2378436,2378436,2,2_hop,man,graph_box,1.0000,25,2,1,3,,500,375,"21.0,136.0,201.0,374.0"
950,2378436,2378436,2,and,man,graph_box,1.0000,25,2,1,3,,500,375,"21.0,136.0,201.0,374.0"
952,2375761,2375761,2,1_hop,fork,graph_box,1.0000,18,1,0,2,,500,335,"437.0,251.0,497.0,334.0"
953,2410441,2410441,2,2_hop,banana,graph_box,1.0000,18,2,1,3,,500,334,"278.0,234.0,366.0,323.0"
954,2410441,2410441,2,1_hop,banana,graph_box,1.0000,18,2,1,2,,500,334,"278.0,234.0,366.0,323.0"
956,2335159,2335159,2,2_hop,man,graph_box,1.0000,33,2,1,3,,500,332,"369.0,74.0,456.0,206.0"
957,2335159,2335159,2,and,man,graph_box,1.0000,33,2,1,3,,500,332,"369.0,74.0,456.0,206.0"
958,2469,2469,2,0_hop,suv,graph_box,1.0000,22,3,2,1,,800,600,"0.0,358.0,254.0,474.0"
959,2394900,2394900,1,0_hop,food,objects_id_first,0.0543,6,1,0,1,,500,375,"163.2,67.0,460.9,313.2"
960,2328862,2328862,2,2_hop,guy,graph_box,1.0000,7,1,0,3,,500,375,"119.0,86.0,419.0,374.0"
961,2328862,2328862,2,1_hop,guy,graph_box,1.0000,7,1,0,2,,500,375,"119.0,86.0,419.0,374.0"
964,2391364,2391364,1,1_hop,plate,graph_box,1.0000,12,1,0,2,,500,500,"83.0,273.0,419.0,499.0"
965,2344029,2344029,1,0_hop,bush,graph_box,1.0000,22,1,0,1,,500,333,"227.0,137.0,500.0,332.0"
966,2397904,2397904,1,2_hop,chain,graph_box,1.0000,10,1,0,3,,375,500,"206.0,323.0,358.0,474.0"
967,2397904,2397904,1,1_hop,chain,graph_box,1.0000,10,1,0,2,,375,500,"206.0,323.0,358.0,474.0"
968,2397904,2397904,1,and,fire hydrant,graph_box,1.0000,10,1,0,3,,375,500,"185.0,113.0,376.0,498.0"
969,2357725,2357725,1,0_hop,sign,objects_id_first,0.3976,15,1,0,1,,500,333,"178.7,75.5,293.9,159.5"
970,2397908,2397908,1,2_hop,man,graph_box,1.0000,19,1,0,3,,500,396,"108.0,130.0,292.0,305.0"
971,2397908,2397908,1,and,man,graph_box,1.0000,19,1,0,3,,500,396,"108.0,130.0,292.0,305.0"
973,2393639,2393639,1,1_hop,tower,graph_box,1.0000,23,1,0,2,,500,375,"23.0,64.0,58.0,131.0"
975,2399513,2399513,1,2_hop,plate,graph_box,1.0000,7,1,0,3,,500,375,"36.0,12.0,337.0,315.0"
976,2399513,2399513,1,1_hop,plate,graph_box,1.0000,7,1,0,2,,500,375,"36.0,12.0,337.0,315.0"
977,2359967,2359967,1,0_hop,cow,graph_box,1.0000,14,1,0,1,,500,375,"41.0,188.0,218.0,344.0"
978,2359967,2359967,1,1_hop,cow,graph_box,1.0000,14,1,0,2,,500,375,"41.0,188.0,218.0,344.0"
979,2365711,2365711,1,1_hop,television,graph_box,1.0000,19,1,0,2,,500,375,"395.0,86.0,499.0,220.0"
980,2317721,2317721,1,0_hop,boy,graph_box,1.0000,27,1,0,1,,500,334,"202.0,126.0,323.0,260.0"
981,2317721,2317721,1,1_hop,boy,graph_box,1.0000,27,1,0,2,,500,334,"202.0,126.0,323.0,260.0"
982,2322545,2322545,1,0_hop,cat,graph_box,1.0000,10,1,0,1,,500,375,"0.0,129.0,492.0,374.0"
983,2322095,2322095,1,1_hop,steps,graph_box,1.0000,9,1,0,2,,333,500,"103.0,221.0,159.0,281.0"
984,2389904,2389904,2,2_hop,people,graph_box,1.0000,13,1,0,3,,500,333,"252.0,52.0,499.0,333.0"
986,2404030,2404030,2,0_hop,building,graph_box,1.0000,21,2,1,1,,500,369,"258.0,86.0,342.0,173.0"
988,2383719,2383719,1,0_hop,helmet,graph_box,1.0000,22,1,0,1,,294,500,"142.0,47.0,195.0,93.0"
989,2363389,2363389,2,1_hop,bird,graph_box,1.0000,10,2,1,2,,500,333,"308.0,67.0,445.0,241.0"
993,2317835,2317835,1,1_hop,shelf,graph_box,1.0000,18,1,0,2,,334,500,"178.0,370.0,333.0,499.0"
995,2317835,2317835,2,and,towels,graph_box,1.0000,18,2,1,3,,334,500,"179.0,329.0,310.0,429.0"
997,2358563,2358563,1,1_hop,boy,graph_box,1.0000,11,1,0,2,,333,500,"57.0,27.0,259.0,479.0"
998,2345081,2345081,2,0_hop,umbrella,graph_box,1.0000,24,2,1,1,,333,500,"243.0,352.0,301.0,424.0"
999,2340266,2340266,2,2_hop,banana,graph_box,1.0000,19,2,1,3,,500,425,"79.0,142.0,131.0,243.0"
1000,2340266,2340266,2,and,banana,graph_box,1.0000,19,2,1,3,,500,425,"79.0,142.0,131.0,243.0"
1002,2413410,2413410,2,and,building,graph_box,1.0000,23,2,1,3,,500,375,"0.0,18.0,167.0,236.0"
1003,2320024,2320024,1,2_hop,spoon,graph_box,1.0000,8,1,0,3,,500,500,"82.0,79.0,151.0,126.0"
1004,2320024,2320024,1,1_hop,spoon,graph_box,1.0000,8,1,0,2,,500,500,"82.0,79.0,151.0,126.0"
1005,2320024,2320024,1,2_hop,beans,objects_id_first,0.1329,8,1,0,3,,500,500,"99.3,113.9,388.7,366.7"
1007,2351166,2351166,1,1_hop,bird,graph_box,1.0000,12,1,0,2,,500,319,"248.0,119.0,328.0,190.0"
1008,2354664,2354664,1,2_hop,chair,graph_box,1.0000,17,1,0,3,,333,500,"23.0,90.0,268.0,306.0"
1009,2354664,2354664,1,1_hop,chair,graph_box,1.0000,17,1,0,2,,333,500,"23.0,90.0,268.0,306.0"
1010,2400829,2400829,1,2_hop,street sign,graph_box,1.0000,18,1,0,3,,500,281,"447.0,14.0,500.0,50.0"
1011,2400828,2400828,1,1_hop,bottle,graph_box,1.0000,27,1,0,2,,334,500,"168.0,265.0,194.0,353.0"
1012,2400828,2400828,2,2_hop,refrigerator,graph_box,1.0000,27,2,1,3,,334,500,"0.0,166.0,47.0,234.0"
1013,2400828,2400828,2,and,refrigerator,graph_box,1.0000,27,2,1,3,,334,500,"0.0,166.0,47.0,234.0"
1014,2400828,2400828,1,0_hop,bags,graph_box,1.0000,27,1,0,1,,334,500,"0.0,421.0,67.0,463.0"
1015,2397341,2397341,1,2_hop,swimming pool,graph_box,1.0000,23,1,0,3,,500,375,"386.0,288.0,499.0,373.0"
1016,2397341,2397341,1,and,swimming pool,graph_box,1.0000,23,1,0,3,,500,375,"386.0,288.0,499.0,373.0"
1017,2397341,2397341,2,2_hop,towel,graph_box,1.0000,23,2,1,3,,500,375,"152.0,206.0,211.0,268.0"
1018,2397341,2397341,2,1_hop,towel,graph_box,1.0000,23,2,1,2,,500,375,"152.0,206.0,211.0,268.0"
1019,2397341,2397341,3,2_hop,towel,graph_box,1.0000,23,2,1,3,,500,375,"152.0,206.0,211.0,268.0"
1020,2406506,2406506,1,0_hop,display,graph_box,1.0000,17,1,0,1,,375,500,"235.0,187.0,354.0,219.0"
1021,2406500,2406500,1,0_hop,spoon,graph_box,1.0000,36,1,0,1,,500,332,"138.0,0.0,346.0,36.0"
1022,2329782,2329782,1,1_hop,man,graph_box,1.0000,9,1,0,2,,500,331,"346.0,115.0,392.0,204.0"
1023,2340052,2340052,1,0_hop,player,graph_box,1.0000,13,1,0,1,,334,500,"60.0,143.0,250.0,448.0"
1025,2359777,2359777,1,and,elephant,graph_box,1.0000,15,1,0,3,,500,333,"25.0,29.0,396.0,296.0"
1026,2395881,2395881,1,1_hop,building,graph_box,1.0000,14,1,0,2,,375,500,"1.0,0.0,373.0,232.0"
1028,2358390,2358390,2,2_hop,staircase,graph_box,1.0000,21,2,1,3,,400,500,"313.0,175.0,401.0,433.0"
1029,2358390,2358390,2,and,staircase,graph_box,1.0000,21,2,1,3,,400,500,"313.0,175.0,401.0,433.0"
1035,2407031,2407031,1,0_hop,hat,graph_box,1.0000,17,1,0,1,,500,375,"291.0,24.0,352.0,96.0"
1037,2407031,2407031,1,2_hop,toothpaste,graph_box,1.0000,17,1,0,3,,500,375,"151.0,103.0,223.0,171.0"
1038,2407031,2407031,1,2_hop,can,graph_box,1.0000,17,1,0,3,,500,375,"199.0,1.0,245.0,76.0"
1039,2403905,2403905,1,1_hop,power lines,objects_id_first,0.4960,19,1,0,2,,500,375,"5.0,106.9,221.1,142.4"
1046,2316356,2316356,1,0_hop,platform,graph_box,1.0000,9,1,0,1,,375,500,"83.0,369.0,365.0,499.0"
1047,2316356,2316356,1,1_hop,platform,graph_box,1.0000,9,1,0,2,,375,500,"83.0,369.0,365.0,499.0"
1048,2371169,2371169,1,0_hop,dog,graph_box,1.0000,16,1,0,1,,333,500,"1.0,121.0,285.0,406.0"
1049,2371169,2371169,1,1_hop,dog,graph_box,1.0000,16,1,0,2,,333,500,"1.0,121.0,285.0,406.0"
1050,2379863,2379863,1,0_hop,fire hydrant,graph_box,1.0000,18,1,0,1,,375,500,"119.0,83.0,217.0,186.0"
1051,2379863,2379863,1,1_hop,fire hydrant,graph_box,1.0000,18,1,0,2,,375,500,"119.0,83.0,217.0,186.0"
1053,2400012,2400012,1,and,plate,graph_box,1.0000,12,1,0,3,,375,500,"0.0,243.0,376.0,499.0"
1054,2400012,2400012,1,2_hop,fork,objects_id_first,0.2318,12,1,0,3,,375,500,"0.3,249.2,29.8,304.2"
1055,2400012,2400012,1,and,fork,graph_box,1.0000,12,1,0,3,,375,500,"0.0,250.0,29.0,479.0"
1061,2393739,2393739,2,2_hop,man,graph_box,1.0000,19,2,1,3,,500,375,"309.0,0.0,500.0,373.0"
1062,2393739,2393739,2,and,man,graph_box,1.0000,19,2,1,3,,500,375,"309.0,0.0,500.0,373.0"
1063,2393739,2393739,1,0_hop,ceiling,graph_box,1.0000,19,1,0,1,,500,375,"1.0,2.0,496.0,165.0"
1066,2386569,2386569,2,2_hop,plant,graph_box,1.0000,16,2,1,3,,348,500,"178.0,216.0,339.0,398.0"
1067,2386569,2386569,2,1_hop,plant,graph_box,1.0000,16,2,1,2,,348,500,"178.0,216.0,339.0,398.0"
1069,2360431,2360431,2,2_hop,bowl,graph_box,1.0000,19,2,1,3,,500,500,"271.0,210.0,412.0,321.0"
1070,2360431,2360431,2,1_hop,bowl,graph_box,1.0000,19,2,1,2,,500,500,"271.0,210.0,412.0,321.0"
1071,2360431,2360431,2,2_hop,bowl,graph_box,1.0000,19,2,1,3,,500,500,"158.0,213.0,269.0,323.0"
1072,2360431,2360431,2,and,bowl,graph_box,1.0000,19,2,1,3,,500,500,"158.0,213.0,269.0,323.0"
1073,2390647,2390647,1,0_hop,cake,graph_box,1.0000,11,1,0,1,,333,500,"148.0,308.0,297.0,419.0"
1074,2390647,2390647,1,and,cake,graph_box,1.0000,11,1,0,3,,333,500,"148.0,308.0,297.0,419.0"
1075,2390647,2390647,1,0_hop,plate,graph_box,1.0000,11,1,0,1,,333,500,"130.0,350.0,306.0,424.0"
1076,2390647,2390647,1,2_hop,plate,graph_box,1.0000,11,1,0,3,,333,500,"130.0,350.0,306.0,424.0"
1077,2390647,2390647,1,1_hop,plate,graph_box,1.0000,11,1,0,2,,333,500,"130.0,350.0,306.0,424.0"
1079,2379778,2379778,1,1_hop,girl,graph_box,1.0000,11,1,0,2,,500,333,"67.0,40.0,433.0,333.0"
1082,2401699,2401699,1,0_hop,sign,graph_box,1.0000,8,1,0,1,,500,375,"102.0,48.0,388.0,345.0"
1083,2332640,2332640,2,2_hop,knife,graph_box,1.0000,17,2,1,3,,500,375,"21.0,160.0,176.0,283.0"
1085,2332640,2332640,1,1_hop,plate,graph_box,1.0000,17,1,0,2,,500,375,"124.0,209.0,381.0,373.0"
1089,2379780,2379780,2,0_hop,elephant,graph_box,1.0000,25,2,1,1,,500,333,"63.0,11.0,306.0,330.0"
1091,713503,713503,2,1_hop,rope,graph_box,1.0000,20,3,2,2,,755,1024,"228.0,548.0,573.0,682.0"
1092,2390911,2390911,2,2_hop,tree trunk,graph_box,1.0000,15,2,1,3,,500,333,"165.0,1.0,235.0,296.0"
1093,2390911,2390911,2,and,tree trunk,graph_box,1.0000,15,2,1,3,,500,333,"165.0,1.0,235.0,296.0"
1094,2390911,2390911,3,2_hop,tree trunk,graph_box,1.0000,15,2,1,3,,500,333,"165.0,1.0,235.0,296.0"
1095,2390911,2390911,3,1_hop,tree trunk,graph_box,1.0000,15,2,1,2,,500,333,"165.0,1.0,235.0,296.0"
1096,2324265,2324265,1,0_hop,bag,graph_box,1.0000,20,1,0,1,,500,375,"361.0,104.0,436.0,141.0"
1098,2367525,2367525,2,0_hop,rock,graph_box,1.0000,22,2,1,1,,500,333,"24.0,251.0,437.0,317.0"
1099,2367525,2367525,2,1_hop,rock,graph_box,1.0000,22,2,1,2,,500,333,"24.0,251.0,437.0,317.0"
1100,2390377,2390377,2,2_hop,screen,graph_box,1.0000,14,2,1,3,,500,434,"106.0,129.0,238.0,341.0"
1101,2390377,2390377,2,1_hop,screen,graph_box,1.0000,14,2,1,2,,500,434,"106.0,129.0,238.0,341.0"
1102,2396616,2396616,1,0_hop,curtain,graph_box,1.0000,19,1,0,1,,375,500,"1.0,1.0,81.0,499.0"
1103,2396616,2396616,1,0_hop,dresser,graph_box,1.0000,19,1,0,1,,375,500,"57.0,283.0,187.0,499.0"
1104,2396616,2396616,2,0_hop,rug,graph_box,1.0000,19,2,1,1,,375,500,"227.0,484.0,347.0,500.0"
1105,2384704,2384704,1,0_hop,water,graph_box,1.0000,11,1,0,1,,500,330,"5.0,84.0,499.0,325.0"
1106,2384704,2384704,1,1_hop,water,graph_box,1.0000,11,1,0,2,,500,330,"5.0,84.0,499.0,325.0"
1107,2405339,2405339,1,0_hop,helmet,graph_box,1.0000,6,1,0,1,,500,375,"270.0,40.0,351.0,117.0"
1108,2405339,2405339,1,1_hop,helmet,graph_box,1.0000,6,1,0,2,,500,375,"270.0,40.0,351.0,117.0"
1109,2327007,2327007,1,2_hop,pole,graph_box,0.9344,29,1,0,3,,500,375,"110.5,216.4,197.3,346.6"
1110,2327007,2327007,1,2_hop,post,graph_box,1.0000,29,1,0,3,,500,375,"114.0,238.0,181.0,341.0"
1111,2406971,2406971,1,0_hop,building,graph_box,1.0000,12,1,0,1,,500,281,"67.0,0.0,496.0,280.0"
1112,2379528,2379528,1,0_hop,tree,graph_box,1.0000,15,1,0,1,,500,333,"134.0,2.0,499.0,332.0"
1114,2391205,2391205,1,2_hop,child,graph_box,1.0000,18,1,0,3,,375,500,"38.0,237.0,87.0,390.0"
1117,2394928,2394928,1,0_hop,rug,graph_box,1.0000,16,1,0,1,,375,500,"84.0,318.0,188.0,386.0"
1118,2394928,2394928,1,2_hop,curtain,graph_box,1.0000,16,1,0,3,,375,500,"126.0,168.0,180.0,267.0"
1121,2399195,2399195,1,0_hop,pole,graph_box,1.0000,8,1,0,1,,375,500,"116.0,192.0,140.0,435.0"
1123,2389268,2389268,1,0_hop,fries,graph_box,1.0000,14,1,0,1,,500,500,"15.0,150.0,482.0,483.0"
1124,2389268,2389268,1,1_hop,fries,graph_box,1.0000,14,1,0,2,,500,500,"15.0,150.0,482.0,483.0"
1125,2389268,2389268,1,2_hop,hamburger,graph_box,1.0000,14,1,0,3,,500,500,"33.0,42.0,263.0,196.0"
1126,2389268,2389268,2,2_hop,plate,graph_box,1.0000,14,2,1,3,,500,500,"72.0,12.0,344.0,46.0"
1127,2389268,2389268,2,1_hop,plate,graph_box,1.0000,14,2,1,2,,500,500,"72.0,12.0,344.0,46.0"
1128,2397963,2397963,1,0_hop,telephone pole,graph_box,1.0000,16,1,0,1,,375,500,"253.0,75.0,264.0,251.0"
1129,2369595,2369595,1,0_hop,cherry,graph_box,1.0000,16,1,0,1,,375,500,"0.0,401.0,72.0,479.0"
1130,2347279,2347279,1,and,man,graph_box,1.0000,25,1,0,3,,500,333,"47.0,121.0,231.0,328.0"
1131,2401809,2401809,1,2_hop,girl,graph_box,1.0000,36,1,0,3,,500,375,"64.0,78.0,186.0,258.0"
1134,2401809,2401809,2,and,people,graph_box,1.0000,36,1,0,3,,500,375,"0.0,250.0,99.0,375.0"
1136,2369626,2369626,1,1_hop,building,graph_box,1.0000,39,1,0,2,,500,358,"0.0,253.0,498.0,305.0"
1137,2363141,2363141,1,0_hop,mirror,graph_box,1.0000,7,1,0,1,,500,375,"337.0,9.0,396.0,72.0"
1138,2363141,2363141,1,and,mirror,graph_box,1.0000,7,1,0,3,,500,375,"337.0,9.0,396.0,72.0"
1140,2317749,2317749,2,1_hop,building,graph_box,1.0000,24,2,1,2,,375,500,"291.0,218.0,375.0,398.0"
1141,2324852,2324852,1,1_hop,lamp,graph_box,1.0000,9,1,0,2,,500,375,"14.0,219.0,57.0,326.0"
1142,2324852,2324852,1,0_hop,fence,graph_box,1.0000,9,1,0,1,,500,375,"0.0,0.0,500.0,199.0"
1143,2324852,2324852,1,1_hop,fence,graph_box,1.0000,9,1,0,2,,500,375,"0.0,0.0,500.0,199.0"
1144,2377209,2377209,1,1_hop,bus,graph_box,1.0000,14,1,0,2,,500,375,"26.0,8.0,477.0,360.0"
1145,1592059,1592059,1,2_hop,man,graph_box,1.0000,19,1,0,3,,1024,768,"230.0,198.0,528.0,661.0"
1146,1592059,1592059,1,and,man,graph_box,1.0000,19,1,0,3,,1024,768,"230.0,198.0,528.0,661.0"
1147,2328169,2328169,3,2_hop,man,graph_box,1.0000,15,2,1,3,,500,333,"25.0,11.0,216.0,305.0"
1148,2328169,2328169,2,0_hop,cone,graph_box,1.0000,15,2,1,1,,500,333,"181.0,281.0,214.0,332.0"
1149,2328169,2328169,2,1_hop,cone,graph_box,1.0000,15,2,1,2,,500,333,"181.0,281.0,214.0,332.0"
1150,2385032,2385032,1,2_hop,purse,graph_box,1.0000,20,1,0,3,,333,500,"52.0,260.0,88.0,330.0"
1151,2344404,2344404,2,2_hop,batter,graph_box,1.0000,22,1,0,3,,500,333,"327.0,124.0,421.0,274.0"
1152,2344955,2344955,1,2_hop,man,graph_box,1.0000,12,1,0,3,,500,333,"76.0,78.0,149.0,308.0"
1153,2344955,2344955,1,and,man,graph_box,1.0000,12,1,0,3,,500,333,"76.0,78.0,149.0,308.0"
1156,2365840,2365840,1,and,woman,graph_box,1.0000,16,1,0,3,,375,500,"74.0,144.0,205.0,500.0"
1157,2355060,2355060,1,0_hop,woman,graph_box,1.0000,15,1,0,1,,500,485,"2.0,120.0,318.0,484.0"
1158,2355060,2355060,1,0_hop,curtain,graph_box,1.0000,15,1,0,1,,500,485,"93.0,0.0,246.0,203.0"
1159,2336934,2336934,1,1_hop,train car,graph_box,1.0000,20,1,0,2,,500,331,"98.0,67.0,461.0,222.0"
1160,2346093,2346093,1,1_hop,fence,graph_box,1.0000,14,1,0,2,,334,500,"1.0,79.0,333.0,251.0"
1161,4257,4257,2,2_hop,house,graph_box,1.0000,29,1,0,3,,550,366,"279.0,0.0,549.0,320.0"
1162,2392875,2392875,1,1_hop,bowl,graph_box,1.0000,20,1,0,2,,375,500,"48.0,82.0,216.0,177.0"
1165,2370929,2370929,2,2_hop,television,graph_box,1.0000,24,3,2,3,,500,333,"0.0,66.0,82.0,133.0"
1166,2370929,2370929,2,1_hop,television,graph_box,1.0000,24,3,2,2,,500,333,"0.0,66.0,82.0,133.0"
1167,2370929,2370929,2,2_hop,television,graph_box,1.0000,24,3,2,3,,500,333,"186.0,76.0,254.0,130.0"
1168,2370929,2370929,2,1_hop,television,graph_box,1.0000,24,3,2,2,,500,333,"186.0,76.0,254.0,130.0"
1169,2405831,2405831,1,2_hop,train,graph_box,1.0000,16,1,0,3,,500,333,"39.0,36.0,487.0,271.0"
1170,2405831,2405831,2,0_hop,door,graph_box,1.0000,16,2,1,1,,500,333,"81.0,69.0,122.0,192.0"
1173,2346143,2346143,2,and,power lines,graph_box,1.0000,37,2,1,3,,500,334,"293.0,0.0,462.0,175.0"
1177,370,370,1,and,blinds,graph_box,1.0000,16,1,0,3,,800,600,"313.0,11.0,519.0,366.0"
1178,370,370,1,0_hop,chair,graph_box,1.0000,16,1,0,1,,800,600,"404.0,387.0,584.0,598.0"
1179,370,370,1,2_hop,chair,graph_box,1.0000,16,1,0,3,,800,600,"404.0,387.0,584.0,598.0"
1180,370,370,1,and,desk,objects_id_first,0.4374,16,1,0,3,,800,600,"266.4,357.6,587.4,486.4"
1183,2345208,2345208,2,2_hop,plate,graph_box,1.0000,18,2,1,3,,500,374,"194.0,40.0,499.0,372.0"
1184,2345208,2345208,2,and,plate,graph_box,1.0000,18,2,1,3,,500,374,"194.0,40.0,499.0,372.0"
1185,2345208,2345208,3,2_hop,plate,graph_box,1.0000,18,2,1,3,,500,374,"194.0,40.0,499.0,372.0"
1187,2336583,2336583,1,0_hop,airplane,graph_box,1.0000,28,1,0,1,,500,332,"23.0,91.0,491.0,230.0"
1188,498121,498121,1,0_hop,handbag,graph_box,1.0000,24,1,0,1,,1024,695,"230.0,212.0,380.0,421.0"
1189,498121,498121,2,2_hop,wire,graph_box,1.0000,24,1,0,3,,1024,695,"474.0,435.0,816.0,689.0"
1190,498121,498121,2,and,wire,graph_box,1.0000,24,1,0,3,,1024,695,"474.0,435.0,816.0,689.0"
1191,498121,498121,3,2_hop,wire,graph_box,1.0000,24,1,0,3,,1024,695,"474.0,435.0,816.0,689.0"
1192,2361178,2361178,1,1_hop,man,graph_box,1.0000,7,1,0,2,,500,341,"306.0,144.0,352.0,208.0"
1193,2374331,2374331,1,0_hop,bike,graph_box,1.0000,13,1,0,1,,374,500,"51.0,243.0,275.0,366.0"
1194,2374331,2374331,1,2_hop,bike,graph_box,1.0000,13,1,0,3,,374,500,"51.0,243.0,275.0,366.0"
1195,2374331,2374331,1,and,bike,graph_box,1.0000,13,1,0,3,,374,500,"51.0,243.0,275.0,366.0"
1196,2380045,2380045,1,1_hop,house,objects_id_first,0.3556,16,1,0,2,,500,398,"184.0,41.4,333.4,140.4"
1198,2383658,2383658,2,1_hop,giraffe,graph_box,1.0000,26,2,1,2,,500,375,"71.0,157.0,189.0,294.0"
1200,2383658,2383658,3,2_hop,plant,graph_box,1.0000,26,2,1,3,,500,375,"2.0,147.0,83.0,375.0"
1204,2384979,2384979,1,1_hop,woman,graph_box,1.0000,15,1,0,2,,331,500,"91.0,124.0,284.0,451.0"
1205,2401039,2401039,1,1_hop,cup,graph_box,1.0000,20,1,0,2,,500,375,"86.0,287.0,136.0,349.0"
1206,2401039,2401039,2,1_hop,girl,graph_box,1.0000,20,2,1,2,,500,375,"166.0,86.0,224.0,226.0"
1208,2401037,2401037,2,2_hop,man,graph_box,1.0000,29,2,1,3,,500,334,"0.0,65.0,67.0,275.0"
1210,2347367,2347367,1,2_hop,camera,graph_box,1.0000,17,1,0,3,,375,500,"330.0,345.0,375.0,427.0"
1211,2347367,2347367,1,0_hop,tray,graph_box,1.0000,17,1,0,1,,375,500,"45.0,342.0,373.0,498.0"
1212,2347367,2347367,1,2_hop,tray,graph_box,1.0000,17,1,0,3,,375,500,"45.0,342.0,373.0,498.0"
1213,2347367,2347367,1,and,tray,graph_box,1.0000,17,1,0,3,,375,500,"45.0,342.0,373.0,498.0"
1214,2394296,2394296,1,0_hop,man,graph_box,1.0000,16,1,0,1,,500,500,"158.0,38.0,500.0,369.0"
1215,2339651,2339651,1,0_hop,umbrella,graph_box,1.0000,12,1,0,1,,462,500,"128.0,265.0,211.0,439.0"
1216,2356577,2356577,1,and,woman,graph_box,1.0000,13,1,0,3,,332,500,"1.0,12.0,251.0,499.0"
1217,2051,2051,1,0_hop,stove,graph_box,1.0000,18,1,0,1,,800,600,"145.0,330.0,431.0,594.0"
1218,2051,2051,1,and,stove,graph_box,1.0000,18,1,0,3,,800,600,"145.0,330.0,431.0,594.0"
1219,2051,2051,2,2_hop,cabinets,graph_box,1.0000,18,2,1,3,,800,600,"427.0,485.0,624.0,595.0"
1220,2051,2051,2,and,cabinets,graph_box,1.0000,18,2,1,3,,800,600,"427.0,485.0,624.0,595.0"
1221,2051,2051,2,2_hop,counter,graph_box,1.0000,18,2,1,3,,800,600,"386.0,391.0,627.0,472.0"
1222,2051,2051,2,and,counter,graph_box,1.0000,18,2,1,3,,800,600,"386.0,391.0,627.0,472.0"
1223,2051,2051,3,2_hop,cabinets,graph_box,1.0000,18,2,1,3,,800,600,"5.0,5.0,796.0,295.0"
1224,2054,2054,2,2_hop,frame,graph_box,1.0000,4,2,1,3,,800,600,"642.0,367.0,798.0,599.0"
1226,4825,4825,1,2_hop,glass,graph_box,1.0000,14,1,0,3,,500,333,"97.0,1.0,232.0,201.0"
1227,4825,4825,1,2_hop,rice,graph_box,1.0000,14,1,0,3,,500,333,"219.0,118.0,373.0,181.0"
1228,2352908,2352908,1,and,sheep,graph_box,1.0000,17,1,0,3,,500,334,"68.0,91.0,293.0,267.0"
1229,2362153,2362153,1,0_hop,rug,graph_box,1.0000,16,1,0,1,,500,333,"0.0,258.0,437.0,334.0"
1230,2362150,2362150,1,0_hop,comforter,graph_box,1.0000,17,1,0,1,,500,172,"169.0,122.0,357.0,159.0"
1231,2362150,2362150,1,2_hop,comforter,graph_box,1.0000,17,1,0,3,,500,172,"169.0,122.0,357.0,159.0"
1232,2362150,2362150,1,1_hop,comforter,graph_box,1.0000,17,1,0,2,,500,172,"169.0,122.0,357.0,159.0"
1233,2362150,2362150,1,1_hop,bed,graph_box,1.0000,17,1,0,2,,500,172,"164.0,99.0,368.0,172.0"
1234,2340861,2340861,1,1_hop,plate,graph_box,1.0000,15,1,0,2,,375,500,"24.0,351.0,155.0,414.0"
1235,2319686,2319686,1,0_hop,fence,graph_box,1.0000,26,1,0,1,,334,500,"0.0,379.0,334.0,449.0"
1236,2319686,2319686,1,0_hop,taxi,graph_box,1.0000,26,1,0,1,,334,500,"91.0,312.0,170.0,425.0"
1237,2319686,2319686,1,2_hop,taxi,graph_box,1.0000,26,1,0,3,,334,500,"91.0,312.0,170.0,425.0"
1238,2316379,2316379,2,2_hop,roof,graph_box,1.0000,17,2,1,3,,500,333,"27.0,207.0,155.0,247.0"
1239,2316379,2316379,2,1_hop,roof,graph_box,1.0000,17,2,1,2,,500,333,"27.0,207.0,155.0,247.0"
1240,2354656,2354656,1,0_hop,parsley,graph_box,1.0000,13,1,0,1,,375,500,"216.0,0.0,373.0,164.0"
1241,2354656,2354656,1,1_hop,parsley,graph_box,1.0000,13,1,0,2,,375,500,"216.0,0.0,373.0,164.0"
1243,2351159,2351159,2,0_hop,hat,graph_box,1.0000,22,2,1,1,,500,335,"218.0,192.0,259.0,259.0"
1245,2361827,2361827,1,0_hop,pen,graph_box,1.0000,6,1,0,1,,500,334,"201.0,182.0,500.0,232.0"
1246,2361827,2361827,1,2_hop,pen,graph_box,1.0000,6,1,0,3,,500,334,"201.0,182.0,500.0,232.0"
1247,713076,713076,1,0_hop,chain,graph_box,1.0000,15,1,0,1,,1024,678,"900.0,98.0,964.0,245.0"
1248,2361825,2361825,2,2_hop,building,graph_box,1.0000,26,2,1,3,,500,375,"1.0,86.0,73.0,375.0"
1249,2361825,2361825,2,and,building,graph_box,1.0000,26,2,1,3,,500,375,"1.0,86.0,73.0,375.0"
1250,2361825,2361825,1,0_hop,arrow,graph_box,1.0000,26,1,0,1,,500,375,"85.0,79.0,240.0,114.0"
1252,2360411,2360411,1,0_hop,bowl,graph_box,1.0000,22,1,0,1,,500,374,"37.0,16.0,459.0,351.0"
1253,2360411,2360411,2,1_hop,tofu,graph_box,1.0000,22,5,4,2,,500,374,"274.0,209.0,365.0,296.0"
1256,2333517,2333517,1,0_hop,man,graph_box,1.0000,11,1,0,1,,500,333,"227.0,72.0,406.0,206.0"
1257,2323261,2323261,1,0_hop,basket,graph_box,1.0000,19,1,0,1,,500,333,"275.0,180.0,352.0,236.0"
1258,2323268,2323268,2,and,tree,graph_box,1.0000,36,2,1,3,,500,375,"61.0,0.0,161.0,283.0"
1259,2323268,2323268,3,2_hop,chair,graph_box,1.0000,36,6,5,3,,500,375,"1.0,207.0,95.0,348.0"
1260,2374828,2374828,1,1_hop,man,graph_box,1.0000,18,1,0,2,,500,333,"196.0,101.0,319.0,293.0"
1261,415,415,2,2_hop,table,graph_box,1.0000,13,2,1,3,,256,256,"207.0,125.0,256.0,213.0"
1263,1591828,1591828,2,1_hop,man,graph_box,1.0000,8,6,5,2,,1024,711,"5.0,261.0,111.0,709.0"
1265,2396799,2396799,1,1_hop,man,graph_box,1.0000,21,1,0,2,,418,500,"1.0,78.0,418.0,499.0"
1266,2414326,2414326,1,2_hop,computer,graph_box,1.0000,33,1,0,3,,375,500,"266.0,436.0,359.0,499.0"
1271,2356740,2356740,1,2_hop,toppings,objects_id_first,0.1214,14,1,0,3,,500,375,"46.6,46.3,310.1,210.4"
1272,2356740,2356740,1,1_hop,toppings,objects_id_first,0.1160,14,1,0,2,,500,375,"42.7,43.5,312.1,211.6"
1274,2370138,2370138,1,0_hop,clock,graph_box,1.0000,16,1,0,1,,451,500,"134.0,158.0,176.0,244.0"
1275,2370134,2370134,1,0_hop,dishwasher,graph_box,1.0000,30,1,0,1,,500,375,"421.0,256.0,498.0,374.0"
1276,2414715,2414715,1,0_hop,table,graph_box,1.0000,17,1,0,1,,325,500,"0.0,386.0,325.0,500.0"
1277,2414715,2414715,1,2_hop,display,graph_box,1.0000,17,1,0,3,,325,500,"34.0,275.0,270.0,497.0"
1278,2414715,2414715,1,1_hop,display,graph_box,1.0000,17,1,0,2,,325,500,"34.0,275.0,270.0,497.0"
1279,2315508,2315508,2,2_hop,racket,graph_box,1.0000,23,4,3,3,,500,331,"434.0,138.0,460.0,214.0"
1280,2315508,2315508,2,1_hop,racket,graph_box,1.0000,23,4,3,2,,500,331,"434.0,138.0,460.0,214.0"
1281,2315508,2315508,3,2_hop,racket,graph_box,1.0000,23,4,3,3,,500,331,"434.0,138.0,460.0,214.0"
1282,2315508,2315508,2,2_hop,child,graph_box,1.0000,23,3,2,3,,500,331,"271.0,58.0,358.0,329.0"
1283,2315508,2315508,2,1_hop,child,graph_box,1.0000,23,3,2,2,,500,331,"271.0,58.0,358.0,329.0"
1285,2406957,2406957,2,and,bowl,graph_box,1.0000,16,2,1,3,,500,374,"181.0,56.0,328.0,122.0"
1286,2399206,2399206,1,0_hop,hat,graph_box,1.0000,13,1,0,1,,500,333,"347.0,66.0,393.0,105.0"
1291,2413296,2413296,1,0_hop,frosting,graph_box,1.0000,22,1,0,1,,500,333,"30.0,165.0,347.0,332.0"
1292,2330191,2330191,1,and,man,graph_box,1.0000,18,1,0,3,,500,375,"414.0,37.0,499.0,375.0"
1294,2330193,2330193,2,and,building,graph_box,1.0000,10,2,1,3,,500,375,"0.0,0.0,115.0,374.0"
1295,2330193,2330193,2,2_hop,sign,graph_box,1.0000,10,2,1,3,,500,375,"105.0,77.0,200.0,215.0"
1296,2330193,2330193,2,1_hop,sign,graph_box,1.0000,10,2,1,2,,500,375,"105.0,77.0,200.0,215.0"
1297,2425,2425,3,1_hop,building,graph_box,1.0000,14,5,4,2,,800,600,"0.0,113.0,177.0,598.0"
1298,2391323,2391323,2,2_hop,knife,graph_box,1.0000,10,3,2,3,,500,334,"203.0,134.0,227.0,208.0"
1299,2391323,2391323,2,1_hop,knife,graph_box,1.0000,10,3,2,2,,500,334,"203.0,134.0,227.0,208.0"
1300,2343201,2343201,1,1_hop,cabinets,graph_box,1.0000,21,1,0,2,,500,375,"1.0,0.0,52.0,56.0"
1301,2343201,2343201,1,0_hop,lamp,graph_box,1.0000,21,1,0,1,,500,375,"232.0,38.0,273.0,119.0"
1302,2343201,2343201,1,2_hop,lamp,graph_box,1.0000,21,1,0,3,,500,375,"232.0,38.0,273.0,119.0"
1303,2397948,2397948,1,1_hop,woman,graph_box,1.0000,15,1,0,2,,332,500,"86.0,149.0,220.0,500.0"
1304,2359927,2359927,2,2_hop,woman,graph_box,1.0000,13,1,0,3,,500,375,"0.0,92.0,93.0,375.0"
1305,2359927,2359927,2,and,woman,graph_box,1.0000,13,1,0,3,,500,375,"0.0,92.0,93.0,375.0"
1307,1813,1813,2,1_hop,house,graph_box,1.0000,17,1,0,2,,800,600,"665.0,183.0,800.0,383.0"
1309,2326574,2326574,1,0_hop,ocean,graph_box,1.0000,20,1,0,1,,500,375,"0.0,220.0,500.0,375.0"
1310,2326574,2326574,1,1_hop,ocean,graph_box,1.0000,20,1,0,2,,500,375,"0.0,220.0,500.0,375.0"
1311,2384012,2384012,1,0_hop,sign,graph_box,1.0000,20,1,0,1,,500,357,"8.0,45.0,98.0,87.0"
1312,2384012,2384012,1,1_hop,man,graph_box,1.0000,20,1,0,2,,500,357,"214.0,95.0,288.0,290.0"
1313,2326613,2326613,1,0_hop,bag,graph_box,1.0000,22,1,0,1,,500,500,"299.0,61.0,372.0,170.0"
1315,2355590,2355590,1,0_hop,vase,graph_box,1.0000,12,1,0,1,,500,500,"12.0,63.0,59.0,234.0"
1316,2355590,2355590,1,and,vase,graph_box,1.0000,12,1,0,3,,500,500,"12.0,63.0,59.0,234.0"
1317,1973,1973,2,2_hop,building,graph_box,1.0000,20,2,1,3,,800,600,"240.0,145.0,799.0,408.0"
1318,1973,1973,2,and,building,graph_box,1.0000,20,2,1,3,,800,600,"240.0,145.0,799.0,408.0"
1320,2349120,2349120,2,2_hop,sign,graph_box,1.0000,9,4,3,3,,500,333,"51.0,155.0,154.0,265.0"
1321,2349120,2349120,2,1_hop,sign,graph_box,1.0000,9,4,3,2,,500,333,"51.0,155.0,154.0,265.0"
1322,2380665,2380665,1,0_hop,man,graph_box,1.0000,12,1,0,1,,314,500,"127.0,140.0,256.0,305.0"
1323,2355044,2355044,2,2_hop,clock,graph_box,1.0000,21,2,1,3,,500,500,"35.0,344.0,100.0,412.0"
1324,2355044,2355044,2,1_hop,clock,graph_box,1.0000,21,2,1,2,,500,500,"35.0,344.0,100.0,412.0"
1325,2407347,2407347,2,1_hop,giraffe,graph_box,1.0000,20,3,2,2,,500,375,"111.0,92.0,202.0,206.0"
1326,2373103,2373103,2,2_hop,guy,graph_box,1.0000,23,1,0,3,,500,333,"275.0,189.0,326.0,324.0"
1327,2373103,2373103,2,and,guy,graph_box,1.0000,23,1,0,3,,500,333,"275.0,189.0,326.0,324.0"
1328,2390492,2390492,1,0_hop,toilet,graph_box,1.0000,13,1,0,1,,500,333,"284.0,10.0,499.0,331.0"
1329,2390492,2390492,1,1_hop,toilet,graph_box,1.0000,13,1,0,2,,500,333,"284.0,10.0,499.0,331.0"
1330,2367975,2367975,1,and,train,graph_box,1.0000,24,1,0,3,,500,394,"0.0,135.0,415.0,353.0"
1331,2349346,2349346,2,and,vase,graph_box,1.0000,15,2,1,3,,500,401,"36.0,236.0,170.0,395.0"
1332,2349346,2349346,3,2_hop,vase,graph_box,1.0000,15,2,1,3,,500,401,"36.0,236.0,170.0,395.0"
1333,2377485,2377485,2,2_hop,sign,graph_box,1.0000,27,2,1,3,,500,375,"194.0,131.0,320.0,203.0"
1335,2345598,2345598,2,and,man,graph_box,1.0000,20,3,2,3,,500,313,"423.0,183.0,500.0,313.0"
1336,2345598,2345598,3,2_hop,man,graph_box,1.0000,20,3,2,3,,500,313,"0.0,160.0,49.0,313.0"
1337,2406136,2406136,1,2_hop,microphone,objects_id_first,0.1283,13,1,0,3,,500,338,"10.0,115.0,315.0,254.0"
1338,2370905,2370905,1,and,train,graph_box,1.0000,8,1,0,3,,500,333,"0.0,78.0,275.0,275.0"
1339,2402336,2402336,1,1_hop,woman,graph_box,1.0000,14,1,0,2,,332,500,"1.0,59.0,332.0,492.0"
1341,2375886,2375886,2,and,bear,graph_box,1.0000,11,2,1,3,,500,375,"29.0,3.0,317.0,374.0"
1342,2415074,2415074,2,2_hop,building,graph_box,1.0000,16,3,2,3,,500,375,"0.0,0.0,64.0,374.0"
1343,2415074,2415074,2,and,building,graph_box,1.0000,16,3,2,3,,500,375,"0.0,0.0,64.0,374.0"
1346,2333731,2333731,2,0_hop,cord,graph_box,1.0000,13,4,3,1,,349,500,"0.0,294.0,142.0,337.0"
1349,3817,3817,1,0_hop,planter,graph_box,1.0000,12,1,0,1,,600,800,"0.0,481.0,133.0,613.0"
1350,2405902,2405902,1,1_hop,keyboard,graph_box,1.0000,7,1,0,2,,500,333,"255.0,223.0,339.0,264.0"
1351,2360994,2360994,2,2_hop,log,graph_box,1.0000,30,7,6,3,,334,500,"2.0,149.0,50.0,317.0"
1352,2360994,2360994,2,and,log,graph_box,1.0000,30,7,6,3,,334,500,"2.0,149.0,50.0,317.0"
1353,2360997,2360997,2,2_hop,basket,graph_box,1.0000,41,2,1,3,,500,500,"53.0,287.0,155.0,345.0"
1354,2360997,2360997,2,1_hop,basket,graph_box,1.0000,41,2,1,2,,500,500,"53.0,287.0,155.0,345.0"
1355,2397772,2397772,1,0_hop,symbol,graph_box,1.0000,16,1,0,1,,333,500,"77.0,128.0,136.0,199.0"
1356,2397772,2397772,1,0_hop,net,graph_box,1.0000,16,1,0,1,,333,500,"0.0,262.0,334.0,499.0"
1357,150292,150292,1,0_hop,bowl,graph_box,1.0000,15,1,0,1,,1024,683,"2.0,314.0,115.0,442.0"
1358,150292,150292,1,1_hop,bowl,graph_box,1.0000,15,1,0,2,,1024,683,"2.0,314.0,115.0,442.0"
1359,150292,150292,1,1_hop,drawer,graph_box,1.0000,15,1,0,2,,1024,683,"28.0,489.0,267.0,678.0"
1360,2318261,2318261,1,2_hop,car,graph_box,1.0000,23,1,0,3,,500,283,"259.0,233.0,491.0,283.0"
1361,2318261,2318261,1,and,wristwatch,graph_box,1.0000,23,1,0,3,,500,283,"204.0,224.0,255.0,260.0"
1363,2318261,2318261,2,and,man,graph_box,1.0000,23,2,1,3,,500,283,"0.0,10.0,319.0,283.0"
1366,2340421,2340421,2,0_hop,paper,graph_box,1.0000,15,2,1,1,,500,333,"215.0,251.0,342.0,333.0"
1367,2340421,2340421,2,2_hop,paper,graph_box,1.0000,15,2,1,3,,500,333,"215.0,251.0,342.0,333.0"
1368,2340421,2340421,2,and,paper,graph_box,1.0000,15,2,1,3,,500,333,"215.0,251.0,342.0,333.0"
1369,2395951,2395951,1,and,sandwich,graph_box,1.0000,8,1,0,3,,500,333,"54.0,15.0,473.0,315.0"
1370,2395951,2395951,1,0_hop,meat,graph_box,1.0000,8,1,0,1,,500,333,"126.0,174.0,358.0,271.0"
1371,2395951,2395951,1,2_hop,meat,graph_box,1.0000,8,1,0,3,,500,333,"126.0,174.0,358.0,271.0"
1372,2384950,2384950,1,0_hop,couch,graph_box,1.0000,19,1,0,1,,500,333,"0.0,118.0,499.0,331.0"
1373,2384950,2384950,1,and,man,graph_box,1.0000,19,1,0,3,,500,333,"82.0,67.0,272.0,332.0"
1374,2358063,2358063,2,2_hop,curtain,graph_box,1.0000,18,2,1,3,,500,375,"408.0,52.0,499.0,143.0"
1375,2358063,2358063,2,and,curtain,graph_box,1.0000,18,2,1,3,,500,375,"408.0,52.0,499.0,143.0"
1376,2358063,2358063,1,0_hop,roof,graph_box,1.0000,18,1,0,1,,500,375,"138.0,0.0,499.0,38.0"
1377,2356008,2356008,1,0_hop,table,graph_box,1.0000,29,1,0,1,,263,500,"43.0,294.0,263.0,497.0"
1383,2361113,2361113,1,0_hop,balcony,graph_box,1.0000,15,1,0,1,,500,333,"417.0,251.0,481.0,306.0"
1384,2317229,2317229,1,0_hop,polar bear,graph_box,1.0000,22,1,0,1,,332,500,"22.0,28.0,246.0,408.0"
1385,2317229,2317229,1,1_hop,polar bear,graph_box,1.0000,22,1,0,2,,332,500,"22.0,28.0,246.0,408.0"
1386,2362137,2362137,1,and,man,graph_box,1.0000,7,1,0,3,,334,500,"77.0,51.0,270.0,395.0"
1387,2394575,2394575,2,2_hop,tree,graph_box,1.0000,14,2,1,3,,500,281,"356.0,0.0,401.0,231.0"
1388,2394575,2394575,2,and,tree,graph_box,1.0000,14,2,1,3,,500,281,"356.0,0.0,401.0,231.0"
1389,2387752,2387752,1,0_hop,car,graph_box,1.0000,22,1,0,1,,500,333,"167.0,241.0,341.0,305.0"
1390,2387752,2387752,1,2_hop,car,graph_box,1.0000,22,1,0,3,,500,333,"167.0,241.0,341.0,305.0"
1391,2387752,2387752,1,1_hop,car,graph_box,1.0000,22,1,0,2,,500,333,"167.0,241.0,341.0,305.0"
1394,2410733,2410733,1,2_hop,fruit stand,graph_box,1.0000,19,1,0,3,,500,375,"88.0,163.0,124.0,224.0"
1395,2397179,2397179,1,0_hop,fire hydrant,graph_box,1.0000,7,1,0,1,,375,500,"108.0,332.0,184.0,481.0"
1396,2341341,2341341,2,2_hop,building,graph_box,1.0000,17,2,1,3,,500,281,"443.0,76.0,500.0,203.0"
1397,2341341,2341341,2,and,building,graph_box,1.0000,17,2,1,3,,500,281,"443.0,76.0,500.0,203.0"
1398,2341341,2341341,3,2_hop,building,graph_box,1.0000,17,2,1,3,,500,281,"443.0,76.0,500.0,203.0"
1400,2341341,2341341,1,0_hop,letters,graph_box,1.0000,17,1,0,1,,500,281,"293.0,85.0,358.0,109.0"
1401,2341341,2341341,2,0_hop,bus,graph_box,1.0000,17,2,1,1,,500,281,"116.0,127.0,197.0,191.0"
1402,2341341,2341341,2,2_hop,bus,graph_box,1.0000,17,2,1,3,,500,281,"116.0,127.0,197.0,191.0"
1403,2341341,2341341,2,and,bus,graph_box,1.0000,17,2,1,3,,500,281,"116.0,127.0,197.0,191.0"
1404,2341341,2341341,3,2_hop,bus,graph_box,1.0000,17,2,1,3,,500,281,"116.0,127.0,197.0,191.0"
1405,2341341,2341341,3,1_hop,bus,graph_box,1.0000,17,2,1,2,,500,281,"116.0,127.0,197.0,191.0"
1406,2404225,2404225,1,2_hop,man,graph_box,1.0000,9,1,0,3,,500,399,"180.0,186.0,242.0,257.0"
1407,2404225,2404225,1,and,man,graph_box,1.0000,9,1,0,3,,500,399,"180.0,186.0,242.0,257.0"
1408,2377561,2377561,1,0_hop,cupboard,graph_box,1.0000,18,1,0,1,,500,333,"211.0,182.0,328.0,259.0"
1409,713542,713542,1,and,arrow,graph_box,1.0000,20,1,0,3,,1024,768,"514.0,383.0,629.0,530.0"
1411,2376749,2376749,2,2_hop,monitor,graph_box,1.0000,16,2,1,3,,500,333,"1.0,2.0,36.0,111.0"
1412,2376749,2376749,2,1_hop,monitor,graph_box,1.0000,16,2,1,2,,500,333,"1.0,2.0,36.0,111.0"
1413,2396226,2396226,1,0_hop,stage,graph_box,1.0000,15,1,0,1,,500,309,"18.0,136.0,499.0,203.0"
1414,2412670,2412670,1,1_hop,car,graph_box,1.0000,30,1,0,2,,375,500,"296.0,410.0,375.0,476.0"
1415,2407883,2407883,1,1_hop,woman,graph_box,1.0000,23,1,0,2,,500,333,"173.0,40.0,230.0,187.0"
1416,2324120,2324120,2,2_hop,car,graph_box,1.0000,16,3,2,3,,500,375,"180.0,96.0,365.0,365.0"
1418,2372614,2372614,1,0_hop,man,graph_box,1.0000,19,1,0,1,,500,425,"216.0,88.0,430.0,408.0"
1419,2372614,2372614,1,and,man,graph_box,1.0000,19,1,0,3,,500,425,"216.0,88.0,430.0,408.0"
1420,713159,713159,2,1_hop,man,graph_box,1.0000,13,2,1,2,,1024,819,"150.0,420.0,323.0,819.0"
1421,2416195,2416195,1,and,man,graph_box,1.0000,21,1,0,3,,500,375,"0.0,106.0,174.0,371.0"
1422,2416195,2416195,1,1_hop,tree,graph_box,1.0000,21,1,0,2,,500,375,"277.0,0.0,487.0,108.0"
1423,2363917,2363917,2,2_hop,pole,graph_box,1.0000,24,2,1,3,,500,352,"437.0,93.0,484.0,211.0"
1425,2363917,2363917,1,0_hop,train,graph_box,1.0000,24,1,0,1,,500,352,"166.0,139.0,395.0,272.0"
1427,2327048,2327048,3,2_hop,boy,graph_box,1.0000,13,2,1,3,,500,375,"280.0,98.0,478.0,375.0"
1428,2327048,2327048,3,1_hop,boy,graph_box,1.0000,13,2,1,2,,500,375,"280.0,98.0,478.0,375.0"
1431,498261,498261,2,2_hop,car,graph_box,1.0000,25,2,1,3,,1024,768,"276.0,138.0,511.0,258.0"
1432,498261,498261,2,and,car,graph_box,1.0000,25,2,1,3,,1024,768,"276.0,138.0,511.0,258.0"
1436,2404261,2404261,1,and,man,graph_box,1.0000,10,1,0,3,,500,319,"138.0,78.0,240.0,243.0"
1437,2364861,2364861,1,1_hop,school,graph_box,1.0000,15,1,0,2,,375,500,"248.0,71.0,375.0,225.0"
1442,2361639,2361639,1,2_hop,bedspread,graph_box,1.0000,16,1,0,3,,500,375,"75.0,140.0,391.0,281.0"
1443,2341659,2341659,1,2_hop,wii game,graph_box,1.0000,24,1,0,3,,333,500,"143.0,132.0,300.0,221.0"
1444,2317789,2317789,2,0_hop,car,graph_box,1.0000,13,2,1,1,,500,375,"441.0,208.0,500.0,341.0"
1445,2317789,2317789,3,2_hop,car,graph_box,1.0000,13,2,1,3,,500,375,"441.0,208.0,500.0,341.0"
1446,2317789,2317789,2,0_hop,car,graph_box,1.0000,13,2,1,1,,500,375,"0.0,171.0,140.0,281.0"
1447,2317789,2317789,3,2_hop,car,graph_box,1.0000,13,2,1,3,,500,375,"0.0,171.0,140.0,281.0"
1452,285971,285971,2,2_hop,man,graph_box,1.0000,14,2,1,3,,1024,1024,"250.0,202.0,445.0,653.0"
1453,285971,285971,2,and,man,graph_box,1.0000,14,2,1,3,,1024,1024,"250.0,202.0,445.0,653.0"
1454,285971,285971,2,2_hop,man,graph_box,1.0000,14,2,1,3,,1024,1024,"597.0,0.0,1024.0,1024.0"
1455,285971,285971,2,and,man,graph_box,1.0000,14,2,1,3,,1024,1024,"597.0,0.0,1024.0,1024.0"
1456,2401305,2401305,1,1_hop,man,graph_box,1.0000,14,1,0,2,,500,375,"315.0,89.0,356.0,207.0"
1457,2362675,2362675,1,1_hop,bed,graph_box,1.0000,20,1,0,2,,500,312,"89.0,157.0,500.0,312.0"
1458,2362675,2362675,2,2_hop,man,graph_box,1.0000,20,2,1,3,,500,312,"44.0,121.0,238.0,307.0"
1459,2362675,2362675,2,and,man,graph_box,1.0000,20,2,1,3,,500,312,"44.0,121.0,238.0,307.0"
1460,2362675,2362675,2,0_hop,pillow,graph_box,1.0000,20,3,2,1,,500,312,"398.0,224.0,498.0,276.0"
1462,2363671,2363671,2,2_hop,woman,graph_box,1.0000,29,2,1,3,,500,375,"433.0,62.0,498.0,374.0"
1463,2363671,2363671,2,1_hop,woman,graph_box,1.0000,29,2,1,2,,500,375,"433.0,62.0,498.0,374.0"
1464,2363671,2363671,3,2_hop,woman,graph_box,1.0000,29,2,1,3,,500,375,"433.0,62.0,498.0,374.0"
1467,2377973,2377973,1,and,man,graph_box,1.0000,18,1,0,3,,500,375,"235.0,106.0,370.0,361.0"
1468,2332011,2332011,1,0_hop,boat,graph_box,1.0000,8,1,0,1,,500,375,"201.0,224.0,323.0,261.0"
1469,2327541,2327541,2,and,building,graph_box,1.0000,30,2,1,3,,500,333,"257.0,115.0,396.0,227.0"
1471,2397097,2397097,2,2_hop,sign,graph_box,1.0000,15,2,1,3,,500,282,"240.0,73.0,334.0,97.0"
1472,2397097,2397097,2,1_hop,sign,graph_box,1.0000,15,2,1,2,,500,282,"240.0,73.0,334.0,97.0"
1475,2341480,2341480,1,0_hop,faucet,graph_box,1.0000,16,1,0,1,,500,375,"255.0,27.0,301.0,126.0"
1476,2377607,2377607,1,0_hop,boy,graph_box,1.0000,10,1,0,1,,500,333,"210.0,52.0,391.0,277.0"
1477,2393431,2393431,1,0_hop,candle,graph_box,1.0000,20,1,0,1,,500,242,"441.0,182.0,468.0,240.0"
1478,2381517,2381517,1,2_hop,knife,graph_box,1.0000,9,1,0,3,,500,334,"33.0,0.0,250.0,38.0"
1479,2333380,2333380,1,2_hop,bridge,graph_box,1.0000,14,1,0,3,,500,333,"75.0,118.0,189.0,158.0"
1480,2350094,2350094,1,1_hop,spoon,graph_box,1.0000,27,1,0,2,,500,333,"0.0,241.0,65.0,287.0"
1481,2350095,2350095,1,0_hop,building,graph_box,1.0000,17,1,0,1,,500,333,"0.0,210.0,500.0,332.0"
1485,3873,3873,1,2_hop,strawberry,graph_box,1.0000,6,1,0,3,,640,480,"268.0,233.0,351.0,300.0"
1486,3873,3873,1,1_hop,strawberry,graph_box,1.0000,6,1,0,2,,640,480,"268.0,233.0,351.0,300.0"
1490,2359716,2359716,1,and,plate,graph_box,1.0000,14,1,0,3,,500,500,"22.0,338.0,430.0,500.0"
1491,2359718,2359718,1,0_hop,bike,graph_box,1.0000,22,1,0,1,,500,331,"13.0,45.0,464.0,304.0"
1494,2354399,2354399,1,2_hop,coffee,graph_box,1.0000,15,1,0,3,,375,500,"86.0,360.0,269.0,486.0"
1495,2354399,2354399,2,1_hop,cup,graph_box,1.0000,15,2,1,2,,375,500,"0.0,34.0,66.0,133.0"
1496,2354399,2354399,3,2_hop,cup,graph_box,1.0000,15,2,1,3,,375,500,"0.0,34.0,66.0,133.0"
1497,2374119,2374119,1,2_hop,pillow,graph_box,1.0000,15,1,0,3,,500,375,"328.0,50.0,457.0,139.0"
1498,2374119,2374119,1,1_hop,pillow,graph_box,1.0000,15,1,0,2,,500,375,"328.0,50.0,457.0,139.0"
1499,2374119,2374119,1,0_hop,blanket,graph_box,1.0000,15,1,0,1,,500,375,"84.0,171.0,237.0,223.0"
1500,2374119,2374119,1,2_hop,blanket,graph_box,1.0000,15,1,0,3,,500,375,"84.0,171.0,237.0,223.0"
1501,2374119,2374119,1,1_hop,blanket,graph_box,1.0000,15,1,0,2,,500,375,"84.0,171.0,237.0,223.0"
1503,2379179,2379179,2,and,cat,graph_box,1.0000,8,2,1,3,,500,375,"244.0,96.0,499.0,375.0"
1505,2370581,2370581,2,2_hop,logo,graph_box,1.0000,20,2,1,3,,500,444,"426.0,164.0,483.0,206.0"
1506,2370581,2370581,2,and,logo,graph_box,1.0000,20,2,1,3,,500,444,"426.0,164.0,483.0,206.0"
1507,4571,4571,1,1_hop,books,graph_box,1.0000,14,1,0,2,,445,320,"1.0,288.0,51.0,317.0"
1508,2369322,2369322,2,1_hop,bear,graph_box,1.0000,16,2,1,2,,500,338,"7.0,9.0,283.0,338.0"
1510,2362562,2362562,1,2_hop,salad,graph_box,1.0000,19,1,0,3,,500,375,"124.0,105.0,347.0,294.0"
1511,2362562,2362562,1,and,salad,graph_box,1.0000,19,1,0,3,,500,375,"124.0,105.0,347.0,294.0"
1512,2362562,2362562,1,0_hop,paper,graph_box,1.0000,19,1,0,1,,500,375,"0.0,248.0,162.0,374.0"
1514,2362562,2362562,1,and,paper,graph_box,1.0000,19,1,0,3,,500,375,"0.0,248.0,162.0,374.0"
1515,2325166,2325166,1,0_hop,dog,graph_box,1.0000,13,1,0,1,,500,281,"113.0,165.0,152.0,219.0"
1516,2362116,2362116,2,2_hop,sign,graph_box,1.0000,7,3,2,3,,500,375,"124.0,104.0,337.0,146.0"
1517,2362116,2362116,2,1_hop,sign,graph_box,1.0000,7,3,2,2,,500,375,"124.0,104.0,337.0,146.0"
1520,2341715,2341715,2,and,chair,graph_box,1.0000,26,4,3,3,,500,333,"369.0,165.0,474.0,306.0"
1522,2388933,2388933,1,0_hop,knife,graph_box,1.0000,23,1,0,1,,333,500,"0.0,103.0,133.0,119.0"
1523,2388933,2388933,1,0_hop,coffee cup,graph_box,1.0000,23,1,0,1,,333,500,"226.0,118.0,316.0,226.0"
1525,2406321,2406321,1,0_hop,cat,graph_box,1.0000,12,1,0,1,,500,375,"0.0,55.0,419.0,287.0"
1526,2406321,2406321,1,and,cat,graph_box,1.0000,12,1,0,3,,500,375,"0.0,55.0,419.0,287.0"
1529,2410753,2410753,1,2_hop,desk,graph_box,1.0000,21,1,0,3,,500,375,"0.0,259.0,436.0,372.0"
1531,2376382,2376382,1,2_hop,bedspread,graph_box,1.0000,20,1,0,3,,333,500,"178.0,223.0,333.0,500.0"
1532,2376382,2376382,1,2_hop,basket,graph_box,1.0000,20,1,0,3,,333,500,"0.0,333.0,109.0,500.0"
1533,2376382,2376382,1,2_hop,remote control,graph_box,1.0000,20,1,0,3,,333,500,"17.0,244.0,84.0,279.0"
1534,2376382,2376382,1,1_hop,remote control,graph_box,1.0000,20,1,0,2,,333,500,"17.0,244.0,84.0,279.0"
1535,2405590,2405590,2,2_hop,paper,graph_box,1.0000,17,1,0,3,,500,375,"181.0,267.0,298.0,374.0"
1537,2405590,2405590,1,2_hop,notebook,graph_box,1.0000,17,1,0,3,,500,375,"139.0,152.0,272.0,261.0"
1539,2398672,2398672,2,1_hop,giraffe,graph_box,1.0000,18,2,1,2,,500,333,"97.0,37.0,177.0,121.0"
1540,2398672,2398672,3,2_hop,giraffe,graph_box,1.0000,18,2,1,3,,500,333,"97.0,37.0,177.0,121.0"
1541,2398672,2398672,3,1_hop,giraffe,graph_box,1.0000,18,2,1,2,,500,333,"97.0,37.0,177.0,121.0"
1542,2316339,2316339,2,0_hop,chair,graph_box,1.0000,23,2,1,1,,500,333,"365.0,175.0,425.0,273.0"
1545,2316339,2316339,3,2_hop,chair,graph_box,1.0000,23,2,1,3,,500,333,"365.0,175.0,425.0,273.0"
1546,2316339,2316339,3,1_hop,chair,graph_box,1.0000,23,2,1,2,,500,333,"365.0,175.0,425.0,273.0"
1548,2318191,2318191,1,0_hop,man,graph_box,1.0000,26,1,0,1,,500,375,"38.0,245.0,109.0,375.0"
1549,2327964,2327964,2,2_hop,tree,graph_box,1.0000,33,4,3,3,,500,375,"102.0,0.0,333.0,233.0"
1550,2327964,2327964,2,1_hop,tree,graph_box,1.0000,33,4,3,2,,500,375,"102.0,0.0,333.0,233.0"
1551,2327964,2327964,1,2_hop,rock,graph_box,1.0000,33,1,0,3,,500,375,"403.0,236.0,453.0,305.0"
1552,2327964,2327964,1,1_hop,rock,graph_box,1.0000,33,1,0,2,,500,375,"403.0,236.0,453.0,305.0"
1554,2367894,2367894,2,0_hop,pillow,graph_box,1.0000,11,2,1,1,,333,500,"217.0,260.0,275.0,307.0"
1555,2367894,2367894,2,1_hop,pillow,graph_box,1.0000,11,2,1,2,,333,500,"217.0,260.0,275.0,307.0"
1556,2355360,2355360,1,0_hop,table,graph_box,1.0000,16,1,0,1,,500,332,"1.0,267.0,500.0,331.0"
1557,2355360,2355360,1,2_hop,table,graph_box,1.0000,16,1,0,3,,500,332,"1.0,267.0,500.0,331.0"
1558,2355360,2355360,1,1_hop,table,graph_box,1.0000,16,1,0,2,,500,332,"1.0,267.0,500.0,331.0"
1559,2355360,2355360,1,2_hop,trunk,objects_id_first,0.2799,16,1,0,3,,500,332,"1.2,1.0,126.4,275.3"
1560,2388751,2388751,1,0_hop,table,graph_box,1.0000,13,1,0,1,,326,500,"0.0,240.0,325.0,500.0"
1562,2407451,2407451,1,and,grapefruit,graph_box,1.0000,16,1,0,3,,500,425,"120.0,368.0,179.0,422.0"
1563,2340141,2340141,1,0_hop,fence,graph_box,1.0000,16,1,0,1,,500,333,"379.0,168.0,497.0,202.0"
1566,2404247,2404247,1,2_hop,beer,graph_box,1.0000,5,1,0,3,,500,374,"1.0,7.0,75.0,134.0"
1567,2404247,2404247,1,and,beer,graph_box,1.0000,5,1,0,3,,500,374,"1.0,7.0,75.0,134.0"
1568,2383582,2383582,2,1_hop,man,graph_box,1.0000,26,2,1,2,,500,430,"310.0,179.0,488.0,426.0"
1569,2383583,2383583,1,1_hop,table,graph_box,1.0000,14,1,0,2,,500,375,"0.0,39.0,500.0,375.0"
1571,2383583,2383583,2,2_hop,remote control,graph_box,1.0000,14,4,3,3,,500,375,"12.0,37.0,166.0,111.0"
1572,2383583,2383583,2,and,remote control,graph_box,1.0000,14,4,3,3,,500,375,"12.0,37.0,166.0,111.0"
1573,2383583,2383583,1,2_hop,mug,graph_box,1.0000,14,1,0,3,,500,375,"184.0,0.0,254.0,76.0"
1574,2402165,2402165,1,2_hop,picture,graph_box,1.0000,13,1,0,3,,375,500,"57.0,3.0,211.0,154.0"
1575,2402165,2402165,1,1_hop,picture,graph_box,1.0000,13,1,0,2,,375,500,"57.0,3.0,211.0,154.0"
1576,4377,4377,2,1_hop,steps,graph_box,1.0000,9,1,0,2,,350,277,"0.0,58.0,349.0,163.0"
1577,2396206,2396206,1,2_hop,lid,graph_box,1.0000,14,1,0,3,,500,375,"291.0,223.0,357.0,260.0"
1578,2396206,2396206,1,1_hop,lid,graph_box,1.0000,14,1,0,2,,500,375,"291.0,223.0,357.0,260.0"
1579,2396206,2396206,1,1_hop,box,graph_box,1.0000,14,1,0,2,,500,375,"207.0,133.0,412.0,336.0"
1581,2367234,2367234,1,0_hop,teddy bear,graph_box,1.0000,28,1,0,1,,500,281,"260.0,183.0,321.0,232.0"
1582,2367234,2367234,2,and,girl,graph_box,1.0000,28,2,1,3,,500,281,"104.0,101.0,184.0,214.0"
1583,2353795,2353795,1,1_hop,fence,graph_box,1.0000,9,1,0,2,,500,338,"323.0,114.0,500.0,184.0"
1584,2358679,2358679,2,2_hop,car,graph_box,1.0000,14,2,1,3,,500,334,"446.0,182.0,493.0,220.0"
1585,2358679,2358679,2,1_hop,car,graph_box,1.0000,14,2,1,2,,500,334,"446.0,182.0,493.0,220.0"
1586,2371511,2371511,1,2_hop,dish,graph_box,1.0000,12,1,0,3,,333,500,"254.0,293.0,333.0,384.0"
1587,2370175,2370175,1,1_hop,bird,graph_box,1.0000,25,1,0,2,,500,500,"117.0,39.0,410.0,296.0"
1590,2331576,2331576,2,2_hop,building,graph_box,1.0000,25,2,1,3,,500,333,"0.0,37.0,336.0,307.0"
1591,2331576,2331576,2,and,building,graph_box,1.0000,25,2,1,3,,500,333,"0.0,37.0,336.0,307.0"
1592,2331576,2331576,3,2_hop,building,graph_box,1.0000,25,2,1,3,,500,333,"0.0,37.0,336.0,307.0"
1593,2331576,2331576,2,2_hop,building,graph_box,1.0000,25,2,1,3,,500,333,"443.0,131.0,501.0,239.0"
1594,2331576,2331576,2,and,building,graph_box,1.0000,25,2,1,3,,500,333,"443.0,131.0,501.0,239.0"
1595,2331576,2331576,3,2_hop,building,graph_box,1.0000,25,2,1,3,,500,333,"443.0,131.0,501.0,239.0"
1596,2378836,2378836,1,0_hop,mug,graph_box,1.0000,8,1,0,1,,500,500,"372.0,207.0,455.0,304.0"
1598,2378836,2378836,2,2_hop,appliance,graph_box,1.0000,8,2,1,3,,500,500,"18.0,16.0,237.0,375.0"
1599,2378836,2378836,2,1_hop,appliance,graph_box,1.0000,8,2,1,2,,500,500,"18.0,16.0,237.0,375.0"
1600,2413141,2413141,1,1_hop,dip,graph_box,1.0000,18,1,0,2,,500,333,"49.0,182.0,105.0,235.0"
1601,2382062,2382062,1,0_hop,rocks,graph_box,1.0000,15,1,0,1,,500,333,"361.0,114.0,499.0,200.0"
1602,2382062,2382062,1,2_hop,rocks,graph_box,1.0000,15,1,0,3,,500,333,"361.0,114.0,499.0,200.0"
1603,2382062,2382062,1,1_hop,rocks,graph_box,1.0000,15,1,0,2,,500,333,"361.0,114.0,499.0,200.0"
1604,2374609,2374609,3,2_hop,ski,graph_box,1.0000,28,1,0,3,,500,375,"186.0,267.0,355.0,281.0"
1606,2350281,2350281,1,0_hop,animal,graph_box,1.0000,10,1,0,1,,500,332,"179.0,0.0,406.0,261.0"
1607,2359509,2359509,1,1_hop,cat,graph_box,1.0000,16,1,0,2,,500,375,"112.0,136.0,442.0,321.0"
1608,2394980,2394980,1,0_hop,towel,graph_box,1.0000,31,1,0,1,,500,375,"337.0,263.0,488.0,348.0"
1609,2364848,2364848,2,2_hop,giraffe,graph_box,1.0000,21,2,1,3,,500,375,"296.0,99.0,411.0,240.0"
1610,2364848,2364848,2,1_hop,giraffe,graph_box,1.0000,21,2,1,2,,500,375,"296.0,99.0,411.0,240.0"
1611,2404401,2404401,2,1_hop,suitcase,graph_box,1.0000,12,2,1,2,,375,500,"119.0,0.0,244.0,62.0"
1612,2415408,2415408,1,2_hop,smoke,graph_box,1.0000,21,1,0,3,,500,333,"15.0,51.0,239.0,260.0"
1613,2378142,2378142,1,0_hop,box,graph_box,1.0000,11,1,0,1,,500,375,"349.0,103.0,423.0,150.0"
1614,2395,2395,1,and,windshield,graph_box,1.0000,30,1,0,3,,512,384,"288.0,141.0,367.0,180.0"
1615,2349444,2349444,1,0_hop,table,graph_box,1.0000,30,1,0,1,,500,454,"28.0,195.0,80.0,364.0"
1619,2387623,2387623,2,1_hop,man,graph_box,1.0000,16,2,1,2,,500,431,"31.0,57.0,370.0,430.0"
1620,2317411,2317411,1,and,stroller,graph_box,1.0000,21,1,0,3,,375,500,"0.0,53.0,90.0,372.0"
1621,2408187,2408187,2,1_hop,kite,graph_box,1.0000,15,2,1,2,,500,375,"90.0,0.0,181.0,251.0"
1622,1856,1856,1,0_hop,building,graph_box,1.0000,5,1,0,1,,800,600,"419.0,150.0,778.0,402.0"
1623,2338953,2338953,2,2_hop,plate,graph_box,1.0000,17,3,2,3,,500,334,"102.0,112.0,382.0,317.0"
1624,2338953,2338953,2,1_hop,plate,graph_box,1.0000,17,3,2,2,,500,334,"102.0,112.0,382.0,317.0"
1625,2338953,2338953,1,and,fork,graph_box,1.0000,17,1,0,3,,500,334,"1.0,178.0,79.0,256.0"
1626,2332477,2332477,1,0_hop,motorcycle,graph_box,1.0000,13,1,0,1,,500,334,"68.0,66.0,404.0,309.0"
1627,2396850,2396850,1,0_hop,bag,graph_box,1.0000,18,1,0,1,,333,500,"85.0,318.0,152.0,398.0"
1628,2338773,2338773,1,1_hop,giraffe,graph_box,1.0000,15,1,0,2,,332,500,"113.0,39.0,215.0,399.0"
1630,2408984,2408984,2,1_hop,zebra,graph_box,1.0000,19,2,1,2,,346,500,"2.0,78.0,154.0,457.0"
1639,2389181,2389181,1,2_hop,suitcase,graph_box,1.0000,9,1,0,3,,500,380,"72.0,152.0,395.0,368.0"
1640,2389181,2389181,1,and,suitcase,graph_box,1.0000,9,1,0,3,,500,380,"72.0,152.0,395.0,368.0"
1642,2347441,2347441,2,and,plate,graph_box,1.0000,15,3,2,3,,500,340,"122.0,137.0,230.0,211.0"
1643,2416222,2416222,1,0_hop,apple,graph_box,1.0000,22,1,0,1,,500,375,"71.0,3.0,239.0,113.0"
1647,2411892,2411892,1,2_hop,building,graph_box,1.0000,13,1,0,3,,500,333,"0.0,0.0,499.0,155.0"
1648,2411892,2411892,1,1_hop,building,graph_box,1.0000,13,1,0,2,,500,333,"0.0,0.0,499.0,155.0"
1649,2413499,2413499,1,1_hop,bicycle,graph_box,1.0000,10,1,0,2,,500,375,"4.0,40.0,499.0,375.0"
1650,2349160,2349160,1,2_hop,rhino,graph_box,1.0000,20,1,0,3,,375,500,"93.0,305.0,365.0,404.0"
1651,2349160,2349160,1,and,rhino,graph_box,1.0000,20,1,0,3,,375,500,"93.0,305.0,365.0,404.0"
1652,2390106,2390106,2,2_hop,tree,graph_box,1.0000,18,2,1,3,,331,500,"284.0,67.0,331.0,385.0"
1653,2390106,2390106,2,and,tree,graph_box,1.0000,18,2,1,3,,331,500,"284.0,67.0,331.0,385.0"
1654,2390106,2390106,3,2_hop,tree,graph_box,1.0000,18,2,1,3,,331,500,"284.0,67.0,331.0,385.0"
1655,2390106,2390106,2,2_hop,trunk,graph_box,1.0000,18,2,1,3,,331,500,"147.0,56.0,228.0,278.0"
1656,2390106,2390106,2,and,trunk,graph_box,1.0000,18,2,1,3,,331,500,"147.0,56.0,228.0,278.0"
1657,2390106,2390106,3,2_hop,trunk,graph_box,1.0000,18,2,1,3,,331,500,"147.0,56.0,228.0,278.0"
1660,2375841,2375841,1,2_hop,screen,graph_box,1.0000,20,1,0,3,,500,375,"102.0,132.0,244.0,230.0"
1661,2416811,2416811,1,0_hop,plant,objects_id_first,0.1652,15,1,0,1,,500,334,"1.2,0.4,341.2,32.4"
1665,2334437,2334437,2,1_hop,airplane,graph_box,1.0000,10,2,1,2,,500,374,"216.0,145.0,368.0,210.0"
1666,2404215,2404215,2,and,woman,graph_box,1.0000,15,2,1,3,,375,500,"43.0,205.0,142.0,474.0"
1667,2317570,2317570,2,0_hop,box,graph_box,1.0000,22,2,1,1,,444,500,"59.0,9.0,131.0,99.0"
1668,2317570,2317570,2,2_hop,box,graph_box,1.0000,22,2,1,3,,444,500,"59.0,9.0,131.0,99.0"
1669,2317570,2317570,2,and,box,graph_box,1.0000,22,2,1,3,,444,500,"59.0,9.0,131.0,99.0"
1670,2353035,2353035,1,0_hop,laptop,graph_box,1.0000,14,1,0,1,,500,313,"36.0,81.0,160.0,168.0"
1671,2393585,2393585,1,0_hop,woman,graph_box,1.0000,10,1,0,1,,500,375,"136.0,96.0,190.0,270.0"
1672,2393585,2393585,1,1_hop,woman,graph_box,1.0000,10,1,0,2,,500,375,"136.0,96.0,190.0,270.0"
1675,2353038,2353038,1,1_hop,fan,graph_box,1.0000,29,1,0,2,,500,333,"250.0,1.0,330.0,27.0"
1676,4559,4559,2,2_hop,woman,graph_box,1.0000,44,2,1,3,,640,483,"92.0,209.0,161.0,406.0"
1677,4559,4559,2,and,woman,graph_box,1.0000,44,2,1,3,,640,483,"92.0,209.0,161.0,406.0"
1678,4559,4559,3,2_hop,woman,graph_box,1.0000,44,2,1,3,,640,483,"92.0,209.0,161.0,406.0"
1681,2323992,2323992,1,0_hop,hat,graph_box,1.0000,29,1,0,1,,500,500,"230.0,90.0,271.0,163.0"
1682,2369303,2369303,1,2_hop,sink,graph_box,1.0000,19,1,0,3,,500,333,"371.0,156.0,500.0,280.0"
1683,2369303,2369303,2,0_hop,cat,graph_box,1.0000,19,2,1,1,,500,333,"93.0,151.0,383.0,286.0"
1684,2369303,2369303,2,2_hop,cat,graph_box,1.0000,19,2,1,3,,500,333,"93.0,151.0,383.0,286.0"
1685,2369303,2369303,2,and,cat,graph_box,1.0000,19,2,1,3,,500,333,"93.0,151.0,383.0,286.0"
1687,2399053,2399053,1,1_hop,bench,graph_box,1.0000,18,1,0,2,,500,375,"41.0,58.0,474.0,338.0"
1688,2399053,2399053,1,2_hop,woman,graph_box,1.0000,18,1,0,3,,500,375,"195.0,10.0,398.0,316.0"
1689,2399053,2399053,1,and,woman,graph_box,1.0000,18,1,0,3,,500,375,"195.0,10.0,398.0,316.0"
1690,2325391,2325391,1,0_hop,chair,graph_box,1.0000,17,1,0,1,,500,333,"1.0,314.0,127.0,332.0"
1691,2317081,2317081,2,2_hop,field,graph_box,1.0000,25,2,1,3,,500,333,"226.0,210.0,498.0,330.0"
1693,2317081,2317081,2,2_hop,field,graph_box,1.0000,25,2,1,3,,500,333,"0.0,145.0,160.0,333.0"
1694,2317081,2317081,2,and,field,graph_box,1.0000,25,2,1,3,,500,333,"0.0,145.0,160.0,333.0"
1695,2317081,2317081,3,2_hop,field,graph_box,1.0000,25,2,1,3,,500,333,"0.0,145.0,160.0,333.0"
1696,2339145,2339145,2,2_hop,snowboard,graph_box,1.0000,11,1,0,3,,400,500,"116.0,297.0,272.0,326.0"
1697,2339145,2339145,2,1_hop,snowboard,graph_box,1.0000,11,1,0,2,,400,500,"116.0,297.0,272.0,326.0"
1698,2352611,2352611,2,2_hop,building,graph_box,1.0000,20,3,2,3,,500,334,"34.0,293.0,85.0,332.0"
1699,2352611,2352611,2,1_hop,building,graph_box,1.0000,20,3,2,2,,500,334,"34.0,293.0,85.0,332.0"
1700,150449,150449,1,0_hop,bag,graph_box,1.0000,25,1,0,1,,1024,768,"0.0,555.0,512.0,765.0"
1702,150449,150449,2,1_hop,bottle,graph_box,1.0000,25,1,0,2,,1024,768,"808.0,448.0,863.0,659.0"
1703,2363223,2363223,1,1_hop,tree,graph_box,1.0000,15,1,0,2,,400,500,"46.0,132.0,400.0,499.0"
1704,2316956,2316956,1,0_hop,toilet,graph_box,1.0000,15,1,0,1,,500,375,"201.0,198.0,387.0,375.0"
1708,2386682,2386682,1,1_hop,racket,graph_box,1.0000,21,1,0,2,,333,500,"167.0,159.0,219.0,300.0"
1709,2357834,2357834,2,2_hop,sheep,graph_box,1.0000,23,2,1,3,,400,500,"266.0,20.0,400.0,162.0"
1710,2357834,2357834,2,1_hop,sheep,graph_box,1.0000,23,2,1,2,,400,500,"266.0,20.0,400.0,162.0"
1712,2357834,2357834,2,1_hop,sheep,graph_box,1.0000,23,2,1,2,,400,500,"35.0,131.0,318.0,496.0"
1717,2385133,2385133,2,2_hop,building,graph_box,1.0000,27,2,1,3,,500,375,"205.0,1.0,499.0,208.0"
1718,2385133,2385133,2,1_hop,building,graph_box,1.0000,27,2,1,2,,500,375,"205.0,1.0,499.0,208.0"
1719,2368495,2368495,2,1_hop,bench,graph_box,1.0000,23,2,1,2,,500,500,"36.0,382.0,89.0,452.0"
1720,2368495,2368495,2,1_hop,bench,graph_box,1.0000,23,2,1,2,,500,500,"131.0,374.0,185.0,454.0"
1721,2407473,2407473,1,0_hop,fence,objects_id_first,0.1350,17,1,0,1,,500,321,"1.4,99.9,498.6,270.6"
1722,2407473,2407473,1,2_hop,fence,objects_id_first,0.1345,17,1,0,3,,500,321,"0.9,99.9,499.1,270.8"
1727,2340121,2340121,1,0_hop,oven,graph_box,1.0000,22,1,0,1,,375,500,"108.0,270.0,220.0,376.0"
1728,2340121,2340121,1,0_hop,refrigerator,graph_box,1.0000,22,1,0,1,,375,500,"279.0,208.0,375.0,446.0"
1729,2342416,2342416,1,0_hop,pickles,graph_box,1.0000,10,1,0,1,,500,333,"182.0,136.0,294.0,254.0"
1730,2342147,2342147,1,0_hop,collar,graph_box,1.0000,17,1,0,1,,500,375,"142.0,173.0,256.0,285.0"
1731,2349442,2349442,2,1_hop,monitor,graph_box,1.0000,12,3,2,2,,500,375,"0.0,101.0,153.0,254.0"
1732,2368742,2368742,1,0_hop,fence,graph_box,1.0000,17,1,0,1,,500,375,"195.0,198.0,419.0,219.0"
1733,2319947,2319947,1,2_hop,bathtub,graph_box,1.0000,12,1,0,3,,500,332,"350.0,127.0,499.0,312.0"
1734,2319947,2319947,1,1_hop,bathtub,graph_box,1.0000,12,1,0,2,,500,332,"350.0,127.0,499.0,312.0"
1736,2388647,2388647,1,1_hop,bench,graph_box,1.0000,13,1,0,2,,333,500,"140.0,402.0,180.0,454.0"
1737,2354767,2354767,2,0_hop,duck,graph_box,1.0000,9,2,1,1,,500,400,"290.0,101.0,390.0,184.0"
1739,2376709,2376709,1,0_hop,door,graph_box,1.0000,9,1,0,1,,375,500,"228.0,66.0,297.0,339.0"
1740,2320853,2320853,3,2_hop,coffee cup,graph_box,1.0000,28,2,1,3,,500,375,"423.0,52.0,498.0,122.0"
1744,2331553,2331553,2,2_hop,collar,graph_box,1.0000,16,3,2,3,,500,375,"88.0,201.0,157.0,301.0"
1748,2370620,2370620,1,0_hop,can,graph_box,1.0000,18,1,0,1,,500,375,"48.0,158.0,143.0,297.0"
1750,2335642,2335642,1,0_hop,plant,graph_box,1.0000,17,1,0,1,,500,352,"70.0,138.0,115.0,179.0"
1753,2331881,2331881,2,and,building,graph_box,1.0000,9,3,2,3,,375,500,"0.0,404.0,52.0,499.0"
1755,2391285,2391285,1,0_hop,truck,objects_id_first,0.1002,36,1,0,1,,375,500,"0.5,73.8,103.2,170.5"
1757,2376874,2376874,1,2_hop,daughter,graph_box,1.0000,16,1,0,3,,500,334,"291.0,76.0,347.0,180.0"
1760,2412769,2412769,1,0_hop,gravy,objects_id_first,0.0627,8,1,0,1,,500,375,"177.5,109.5,402.6,371.6"
1762,497937,497937,2,2_hop,speaker,graph_box,1.0000,17,2,1,3,,1024,683,"147.0,309.0,226.0,414.0"
1765,497933,497933,3,2_hop,woman,graph_box,1.0000,24,2,1,3,,1024,576,"742.0,190.0,870.0,416.0"
1766,2411226,2411226,2,and,boat,graph_box,1.0000,13,3,2,3,,500,334,"147.0,99.0,377.0,208.0"
1767,2411225,2411225,1,2_hop,carpet,graph_box,1.0000,9,1,0,3,,500,333,"0.0,243.0,500.0,332.0"
1768,2411225,2411225,1,1_hop,carpet,graph_box,1.0000,9,1,0,2,,500,333,"0.0,243.0,500.0,332.0"
1769,2411225,2411225,1,0_hop,chair,graph_box,1.0000,9,1,0,1,,500,333,"161.0,37.0,296.0,254.0"
1770,2411225,2411225,1,2_hop,chair,graph_box,1.0000,9,1,0,3,,500,333,"161.0,37.0,296.0,254.0"
1771,2321100,2321100,1,0_hop,pine tree,graph_box,1.0000,22,1,0,1,,500,375,"147.0,3.0,261.0,204.0"
1772,2321100,2321100,1,2_hop,water,graph_box,1.0000,22,1,0,3,,500,375,"5.0,174.0,164.0,201.0"
1773,2343728,2343728,1,0_hop,woman,graph_box,1.0000,13,1,0,1,,500,375,"99.0,163.0,195.0,360.0"
1774,2409141,2409141,1,1_hop,plate,graph_box,1.0000,19,1,0,2,,500,332,"233.0,257.0,304.0,286.0"
1775,2383798,2383798,2,0_hop,cord,graph_box,1.0000,17,2,1,1,,500,375,"63.0,290.0,402.0,374.0"
1776,498228,498228,1,and,chair,graph_box,1.0000,22,1,0,3,,1024,768,"0.0,372.0,602.0,768.0"
1777,498228,498228,3,2_hop,car,graph_box,1.0000,22,2,1,3,,1024,768,"0.0,152.0,184.0,313.0"
1778,498228,498228,3,2_hop,car,graph_box,1.0000,22,2,1,3,,1024,768,"373.0,196.0,746.0,315.0"
1779,498228,498228,1,0_hop,building,graph_box,1.0000,22,1,0,1,,1024,768,"5.0,24.0,192.0,176.0"
1781,2326595,2326595,1,1_hop,boxes,objects_id_first,0.0364,45,1,0,2,,500,375,"2.7,186.9,497.3,373.0"
1783,2414335,2414335,1,2_hop,butter,graph_box,1.0000,21,1,0,3,,375,500,"221.0,381.0,305.0,447.0"
1784,2326598,2326598,1,1_hop,player,graph_box,1.0000,8,1,0,2,,500,335,"112.0,68.0,248.0,273.0"
1785,1874,1874,2,0_hop,building,graph_box,1.0000,15,2,1,1,,800,600,"510.0,0.0,800.0,472.0"
1786,1874,1874,2,1_hop,building,graph_box,1.0000,15,2,1,2,,800,600,"510.0,0.0,800.0,472.0"
1787,2344660,2344660,1,0_hop,desk,graph_box,1.0000,13,1,0,1,,375,500,"0.0,138.0,343.0,501.0"
1789,2344660,2344660,3,2_hop,cat,graph_box,1.0000,13,2,1,3,,375,500,"60.0,85.0,338.0,282.0"
1790,2355577,2355577,2,2_hop,door,graph_box,1.0000,25,2,1,3,,500,375,"79.0,142.0,111.0,209.0"
1792,2407282,2407282,2,2_hop,buildings,graph_box,1.0000,10,2,1,3,,500,375,"29.0,1.0,241.0,165.0"
1793,2407282,2407282,2,and,buildings,graph_box,1.0000,10,2,1,3,,500,375,"29.0,1.0,241.0,165.0"
1796,2348548,2348548,1,0_hop,tree,graph_box,1.0000,26,1,0,1,,375,500,"7.0,0.0,369.0,355.0"
1797,2348546,2348546,1,1_hop,ice,graph_box,1.0000,14,1,0,2,,375,500,"95.0,213.0,268.0,441.0"
1799,2387077,2387077,1,0_hop,man,graph_box,1.0000,14,1,0,1,,375,500,"60.0,144.0,213.0,399.0"
1800,2398279,2398279,1,2_hop,table,graph_box,1.0000,16,1,0,3,,500,313,"0.0,176.0,257.0,312.0"
1801,2373168,2373168,1,0_hop,girl,graph_box,1.0000,17,1,0,1,,500,375,"93.0,18.0,499.0,373.0"
1802,2373168,2373168,1,1_hop,girl,graph_box,1.0000,17,1,0,2,,500,375,"93.0,18.0,499.0,373.0"
1803,2400174,2400174,1,1_hop,building,graph_box,1.0000,9,1,0,2,,333,500,"0.0,316.0,131.0,499.0"
1806,2403153,2403153,1,1_hop,tie,graph_box,1.0000,8,1,0,2,,500,333,"125.0,0.0,263.0,331.0"
1807,2397056,2397056,1,2_hop,pizza,graph_box,0.9761,15,1,0,3,,500,500,"16.8,183.8,359.8,412.6"
1808,2397056,2397056,1,2_hop,table,graph_box,1.0000,15,1,0,3,,500,500,"16.0,17.0,482.0,484.0"
1809,2397056,2397056,1,1_hop,table,graph_box,1.0000,15,1,0,2,,500,500,"16.0,17.0,482.0,484.0"
1811,2342623,2342623,2,1_hop,plate,graph_box,1.0000,16,2,1,2,,500,375,"0.0,8.0,216.0,131.0"
1813,2349636,2349636,2,and,animal,graph_box,1.0000,19,2,1,3,,500,375,"161.0,19.0,499.0,376.0"
1815,2343972,2343972,2,1_hop,chair,graph_box,1.0000,18,2,1,2,,500,500,"68.0,391.0,123.0,476.0"
1816,2385788,2385788,1,1_hop,tag,graph_box,1.0000,16,1,0,2,,500,333,"290.0,173.0,337.0,213.0"
1817,2345759,2345759,1,2_hop,helmet,graph_box,1.0000,19,1,0,3,,500,500,"170.0,139.0,224.0,208.0"
1822,2375868,2375868,1,0_hop,building,graph_box,1.0000,23,1,0,1,,500,408,"8.0,6.0,325.0,306.0"
1823,2375868,2375868,1,2_hop,building,graph_box,1.0000,23,1,0,3,,500,408,"8.0,6.0,325.0,306.0"
1824,2371728,2371728,1,0_hop,bag,graph_box,1.0000,17,1,0,1,,375,500,"306.0,209.0,374.0,438.0"
1826,713628,713628,2,2_hop,man,graph_box,1.0000,19,2,1,3,,1024,411,"287.0,134.0,456.0,256.0"
1827,713628,713628,2,and,man,graph_box,1.0000,19,2,1,3,,1024,411,"287.0,134.0,456.0,256.0"
1832,2386029,2386029,3,2_hop,table,graph_box,1.0000,25,2,1,3,,500,324,"58.0,183.0,148.0,287.0"
1833,2386029,2386029,3,1_hop,table,graph_box,1.0000,25,2,1,2,,500,324,"58.0,183.0,148.0,287.0"
1834,2386029,2386029,2,2_hop,lamp,graph_box,1.0000,25,2,1,3,,500,324,"68.0,109.0,125.0,196.0"
1835,2386029,2386029,2,and,lamp,graph_box,1.0000,25,2,1,3,,500,324,"68.0,109.0,125.0,196.0"
1837,2386029,2386029,2,2_hop,table,graph_box,1.0000,25,2,1,3,,500,324,"342.0,171.0,420.0,197.0"
1838,2386029,2386029,2,1_hop,table,graph_box,1.0000,25,2,1,2,,500,324,"342.0,171.0,420.0,197.0"
1839,2386029,2386029,3,2_hop,table,graph_box,1.0000,25,2,1,3,,500,324,"342.0,171.0,420.0,197.0"
1840,2386029,2386029,3,1_hop,table,graph_box,1.0000,25,2,1,2,,500,324,"342.0,171.0,420.0,197.0"
1842,2336506,2336506,2,0_hop,hat,graph_box,1.0000,12,2,1,1,,500,331,"294.0,73.0,340.0,110.0"
1843,2336506,2336506,2,2_hop,hat,graph_box,1.0000,12,2,1,3,,500,331,"294.0,73.0,340.0,110.0"
1844,2336506,2336506,2,and,hat,graph_box,1.0000,12,2,1,3,,500,331,"294.0,73.0,340.0,110.0"
1845,2336506,2336506,2,2_hop,boy,graph_box,1.0000,12,2,1,3,,500,331,"6.0,52.0,177.0,167.0"
1846,2336506,2336506,2,and,boy,graph_box,1.0000,12,2,1,3,,500,331,"6.0,52.0,177.0,167.0"
1847,2396017,2396017,1,2_hop,fence,objects_id_first,0.2094,22,1,0,3,,500,341,"324.3,188.7,498.9,228.8"
1848,2396017,2396017,1,and,fence,objects_id_first,0.2109,22,1,0,3,,500,341,"323.9,188.4,498.8,229.0"
1849,2350053,2350053,1,0_hop,napkin,graph_box,1.0000,15,1,0,1,,500,375,"254.0,102.0,428.0,201.0"
1850,2350053,2350053,2,1_hop,spoon,graph_box,1.0000,15,2,1,2,,500,375,"373.0,178.0,486.0,290.0"
1851,2402872,2402872,2,1_hop,wing,graph_box,1.0000,16,2,1,2,,500,333,"110.0,144.0,302.0,193.0"
1853,2359989,2359989,2,1_hop,bird,graph_box,1.0000,22,3,2,2,,375,500,"119.0,147.0,166.0,225.0"
1854,2363316,2363316,1,0_hop,pan,graph_box,1.0000,12,1,0,1,,500,500,"28.0,51.0,474.0,487.0"
1855,2363316,2363316,1,2_hop,pan,graph_box,1.0000,12,1,0,3,,500,500,"28.0,51.0,474.0,487.0"
1856,2363316,2363316,1,and,pan,graph_box,1.0000,12,1,0,3,,500,500,"28.0,51.0,474.0,487.0"
1858,2375390,2375390,1,1_hop,sign,graph_box,1.0000,20,1,0,2,,500,382,"333.0,112.0,402.0,180.0"
1860,2414652,2414652,1,and,flag,graph_box,1.0000,22,1,0,3,,500,272,"401.0,16.0,472.0,132.0"
1861,2366760,2366760,2,and,building,graph_box,1.0000,20,2,1,3,,500,375,"250.0,1.0,499.0,69.0"
1862,2378264,2378264,1,1_hop,girl,graph_box,1.0000,7,1,0,2,,333,500,"255.0,158.0,302.0,210.0"
1863,2353589,2353589,1,0_hop,mouse pad,graph_box,1.0000,20,1,0,1,,500,375,"35.0,188.0,196.0,261.0"
1865,2413350,2413350,1,1_hop,vehicle,graph_box,1.0000,15,1,0,2,,500,333,"46.0,13.0,500.0,333.0"
1868,2339305,2339305,1,2_hop,roof,graph_box,1.0000,16,1,0,3,,500,333,"124.0,265.0,308.0,327.0"
1869,2339305,2339305,3,2_hop,sign,graph_box,1.0000,16,6,5,3,,500,333,"0.0,86.0,290.0,191.0"
1871,2362638,2362638,2,2_hop,fireplace,graph_box,1.0000,15,2,1,3,,500,376,"280.0,58.0,447.0,152.0"
1872,2362638,2362638,2,and,fireplace,graph_box,1.0000,15,2,1,3,,500,376,"280.0,58.0,447.0,152.0"
1873,2359847,2359847,1,1_hop,wire,graph_box,1.0000,16,1,0,2,,500,402,"80.0,0.0,446.0,200.0"
1874,2411574,2411574,1,1_hop,food,graph_box,1.0000,9,1,0,2,,332,500,"14.0,80.0,222.0,168.0"
1875,2326475,2326475,1,0_hop,frame,graph_box,1.0000,19,1,0,1,,333,500,"0.0,72.0,121.0,328.0"
1876,2319436,2319436,1,0_hop,woman,graph_box,1.0000,26,1,0,1,,500,500,"132.0,78.0,455.0,500.0"
1877,2319436,2319436,1,2_hop,woman,graph_box,1.0000,26,1,0,3,,500,500,"132.0,78.0,455.0,500.0"
1878,2319436,2319436,1,0_hop,table,graph_box,1.0000,26,1,0,1,,500,500,"1.0,245.0,413.0,392.0"
1879,2363203,2363203,1,0_hop,bag,graph_box,1.0000,25,1,0,1,,500,375,"169.0,261.0,248.0,314.0"
1880,2357852,2357852,1,0_hop,child,graph_box,1.0000,11,1,0,1,,500,375,"112.0,0.0,500.0,376.0"
1881,2357852,2357852,1,1_hop,child,graph_box,1.0000,11,1,0,2,,500,375,"112.0,0.0,500.0,376.0"
1882,2348151,2348151,2,0_hop,elephant,graph_box,1.0000,18,2,1,1,,500,333,"25.0,156.0,263.0,306.0"
1884,2348151,2348151,2,0_hop,elephant,graph_box,1.0000,18,2,1,1,,500,333,"85.0,26.0,396.0,247.0"
1885,1592308,1592308,1,1_hop,food,graph_box,1.0000,14,1,0,2,,1024,768,"476.0,562.0,742.0,610.0"
1888,2400618,2400618,1,0_hop,locomotive,graph_box,1.0000,35,1,0,1,,500,333,"129.0,115.0,329.0,312.0"
1889,2344346,2344346,1,2_hop,keyboard,graph_box,1.0000,15,1,0,3,,333,500,"0.0,258.0,98.0,367.0"
1890,2344346,2344346,1,0_hop,mat,graph_box,1.0000,15,1,0,1,,333,500,"22.0,295.0,189.0,390.0"
1891,2344346,2344346,1,2_hop,mat,graph_box,1.0000,15,1,0,3,,333,500,"22.0,295.0,189.0,390.0"
1896,2407498,2407498,1,and,boat,graph_box,1.0000,17,1,0,3,,500,375,"264.0,146.0,500.0,199.0"
1897,2326048,2326048,1,0_hop,pole,graph_box,1.0000,13,1,0,1,,500,375,"259.0,119.0,279.0,223.0"
1898,2333593,2333593,1,0_hop,boat,graph_box,1.0000,7,1,0,1,,500,375,"108.0,272.0,391.0,347.0"
1900,2390555,2390555,1,1_hop,knife,graph_box,1.0000,8,1,0,2,,500,500,"10.0,305.0,481.0,388.0"
1901,1074,1074,1,0_hop,door,graph_box,1.0000,14,1,0,1,,800,600,"350.0,391.0,402.0,505.0"
1902,2325954,2325954,1,0_hop,bench,graph_box,1.0000,20,1,0,1,,333,500,"230.0,403.0,317.0,423.0"
1904,2377898,2377898,1,0_hop,fence,objects_id_first,0.2260,11,1,0,1,,500,383,"1.1,156.6,498.7,254.9"
1905,2334652,2334652,1,2_hop,tree,graph_box,1.0000,26,1,0,3,,500,342,"34.0,91.0,115.0,157.0"
1908,2372357,2372357,1,0_hop,mane,graph_box,1.0000,16,1,0,1,,333,500,"151.0,52.0,275.0,173.0"
1909,2400942,2400942,1,0_hop,building,graph_box,1.0000,17,1,0,1,,500,375,"294.0,310.0,499.0,373.0"
1910,2400942,2400942,2,and,fence,graph_box,1.0000,17,2,1,3,,500,375,"323.0,102.0,500.0,182.0"
1911,2398944,2398944,1,0_hop,tree,objects_id_first,0.0982,12,1,0,1,,333,500,"2.7,14.9,330.4,107.7"
1912,2327318,2327318,2,2_hop,tree,graph_box,1.0000,23,2,1,3,,500,375,"184.0,0.0,499.0,375.0"
1913,2327318,2327318,2,and,tree,graph_box,1.0000,23,2,1,3,,500,375,"184.0,0.0,499.0,375.0"
1914,2382366,2382366,1,0_hop,building,graph_box,1.0000,22,1,0,1,,375,500,"240.0,238.0,337.0,342.0"
1915,2382364,2382364,1,0_hop,desk,graph_box,1.0000,12,1,0,1,,500,375,"475.0,202.0,500.0,312.0"
1916,2402619,2402619,2,and,cat,graph_box,1.0000,12,1,0,3,,500,375,"3.0,18.0,286.0,355.0"
1917,2379589,2379589,1,0_hop,bowl,graph_box,1.0000,18,1,0,1,,333,500,"207.0,357.0,333.0,463.0"
1918,2379589,2379589,1,2_hop,bowl,graph_box,1.0000,18,1,0,3,,333,500,"207.0,357.0,333.0,463.0"
1919,2379589,2379589,1,and,bowl,graph_box,1.0000,18,1,0,3,,333,500,"207.0,357.0,333.0,463.0"
1920,2379589,2379589,1,2_hop,faucet,graph_box,1.0000,18,1,0,3,,333,500,"302.0,182.0,323.0,360.0"
1921,2387532,2387532,1,2_hop,net,graph_box,1.0000,11,1,0,3,,500,500,"15.0,166.0,451.0,269.0"
1922,2387532,2387532,1,1_hop,net,graph_box,1.0000,11,1,0,2,,500,500,"15.0,166.0,451.0,269.0"
1923,2392049,2392049,1,0_hop,door,graph_box,1.0000,12,1,0,1,,500,375,"118.0,211.0,358.0,294.0"
1924,2382798,2382798,2,and,building,graph_box,1.0000,16,2,1,3,,500,375,"0.0,188.0,183.0,373.0"
1925,2382798,2382798,3,2_hop,building,graph_box,1.0000,16,2,1,3,,500,375,"0.0,188.0,183.0,373.0"
1930,2412748,2412748,1,1_hop,carpet,graph_box,1.0000,12,1,0,2,,332,500,"202.0,270.0,315.0,322.0"
1931,2350252,2350252,1,2_hop,bowl,graph_box,1.0000,9,1,0,3,,500,332,"0.0,0.0,79.0,52.0"
1932,2357078,2357078,1,1_hop,step,graph_box,1.0000,12,1,0,2,,333,500,"0.0,463.0,236.0,499.0"
1933,2414353,2414353,2,2_hop,bench,graph_box,1.0000,32,2,1,3,,500,334,"199.0,117.0,271.0,156.0"
1935,2414353,2414353,3,2_hop,bench,graph_box,1.0000,32,2,1,3,,500,334,"199.0,117.0,271.0,156.0"
1938,2414353,2414353,2,0_hop,boy,graph_box,1.0000,32,3,2,1,,500,334,"120.0,31.0,268.0,248.0"
1942,2414353,2414353,1,0_hop,house,graph_box,1.0000,32,1,0,1,,500,334,"437.0,34.0,499.0,73.0"
1943,1890,1890,1,0_hop,pot,graph_box,1.0000,20,1,0,1,,800,600,"303.0,190.0,372.0,261.0"
1944,2396815,2396815,1,1_hop,wing,objects_id_first,0.2663,7,1,0,2,,500,313,"137.8,112.7,265.5,198.7"
1945,2344648,2344648,3,2_hop,bottle,graph_box,1.0000,29,2,1,3,,375,500,"152.0,153.0,185.0,211.0"
1946,2344648,2344648,3,1_hop,bottle,graph_box,1.0000,29,2,1,2,,375,500,"152.0,153.0,185.0,211.0"
1947,2369531,2369531,1,and,store,graph_box,1.0000,38,1,0,3,,500,310,"0.0,27.0,139.0,205.0"
1948,2328981,2328981,1,0_hop,necklace,graph_box,1.0000,15,1,0,1,,500,364,"160.0,244.0,247.0,294.0"
1949,2328984,2328984,1,and,woman,graph_box,1.0000,9,1,0,3,,375,500,"244.0,240.0,282.0,332.0"
1950,2352791,2352791,1,0_hop,man,graph_box,1.0000,8,1,0,1,,332,500,"15.0,14.0,126.0,201.0"
1951,2352791,2352791,1,1_hop,man,graph_box,1.0000,8,1,0,2,,332,500,"15.0,14.0,126.0,201.0"
1952,2410635,2410635,2,0_hop,bag,graph_box,1.0000,24,2,1,1,,500,375,"219.0,163.0,295.0,215.0"
1955,2410635,2410635,2,0_hop,bag,graph_box,1.0000,24,2,1,1,,500,375,"188.0,47.0,275.0,84.0"
1956,2410635,2410635,1,0_hop,frame,graph_box,1.0000,24,1,0,1,,500,375,"0.0,0.0,67.0,163.0"
1957,2329059,2329059,2,0_hop,roof,graph_box,1.0000,31,1,0,1,,386,500,"8.0,12.0,374.0,127.0"
1958,2382804,2382804,2,2_hop,woman,graph_box,1.0000,14,3,2,3,,360,500,"49.0,19.0,312.0,499.0"
1960,2393941,2393941,2,2_hop,man,graph_box,1.0000,26,3,2,3,,500,333,"384.0,141.0,414.0,209.0"
1962,2393941,2393941,2,0_hop,sign,graph_box,1.0000,26,3,2,1,,500,333,"32.0,2.0,81.0,65.0"
1963,2393941,2393941,2,1_hop,sign,graph_box,1.0000,26,3,2,2,,500,333,"32.0,2.0,81.0,65.0"
1966,2393496,2393496,1,2_hop,man,graph_box,1.0000,16,1,0,3,,500,352,"370.0,102.0,454.0,334.0"
1967,2388639,2388639,2,2_hop,tree,graph_box,1.0000,18,2,1,3,,500,333,"352.0,10.0,500.0,329.0"
1969,2323361,2323361,1,0_hop,tie,graph_box,1.0000,14,1,0,1,,500,333,"249.0,182.0,279.0,286.0"
1970,2401402,2401402,2,1_hop,tree,graph_box,1.0000,28,6,5,2,,500,333,"404.0,87.0,500.0,197.0"
1971,2401402,2401402,3,2_hop,tree,graph_box,1.0000,28,6,5,3,,500,333,"404.0,87.0,500.0,197.0"
1973,2368283,2368283,1,and,man,graph_box,1.0000,23,1,0,3,,500,333,"120.0,16.0,177.0,83.0"
1976,2323091,2323091,2,and,bench,graph_box,1.0000,10,1,0,3,,500,375,"29.0,141.0,99.0,207.0"
1977,2405899,2405899,1,0_hop,racket,graph_box,1.0000,10,1,0,1,,500,333,"243.0,111.0,332.0,156.0"
1978,2405899,2405899,1,2_hop,racket,graph_box,1.0000,10,1,0,3,,500,333,"243.0,111.0,332.0,156.0"
1979,2393233,2393233,1,1_hop,bag,graph_box,1.0000,16,1,0,2,,375,500,"11.0,16.0,185.0,124.0"
1980,2378978,2378978,1,0_hop,roof,graph_box,1.0000,16,1,0,1,,500,333,"41.0,153.0,162.0,180.0"
1982,2417181,2417181,1,and,woman,graph_box,1.0000,4,1,0,3,,500,333,"101.0,45.0,351.0,251.0"
1983,2392728,2392728,1,and,plate,graph_box,1.0000,16,1,0,3,,500,332,"430.0,193.0,499.0,230.0"
1984,2356933,2356933,2,2_hop,water,graph_box,1.0000,18,2,1,3,,500,375,"347.0,67.0,425.0,111.0"
1985,2356933,2356933,2,and,water,graph_box,1.0000,18,2,1,3,,500,375,"347.0,67.0,425.0,111.0"
1986,2356933,2356933,3,2_hop,water,graph_box,1.0000,18,2,1,3,,500,375,"347.0,67.0,425.0,111.0"
1987,2356933,2356933,1,0_hop,table,graph_box,0.9732,18,1,0,1,,500,375,"2.1,77.4,498.5,373.4"
1988,2356933,2356933,2,2_hop,glass,graph_box,1.0000,18,2,1,3,,500,375,"346.0,53.0,429.0,111.0"
1989,2356933,2356933,2,and,glass,graph_box,1.0000,18,2,1,3,,500,375,"346.0,53.0,429.0,111.0"
1990,2350037,2350037,1,1_hop,light bulbs,graph_box,1.0000,17,1,0,2,,332,500,"1.0,4.0,100.0,30.0"
1991,2350037,2350037,1,2_hop,door,graph_box,1.0000,17,1,0,3,,332,500,"68.0,88.0,103.0,206.0"
1992,2350037,2350037,1,1_hop,door,graph_box,1.0000,17,1,0,2,,332,500,"68.0,88.0,103.0,206.0"
1993,2354268,2354268,2,2_hop,bus,graph_box,1.0000,18,2,1,3,,500,375,"306.0,61.0,500.0,224.0"
1994,2354268,2354268,2,and,bus,graph_box,1.0000,18,2,1,3,,500,375,"306.0,61.0,500.0,224.0"
1995,2354268,2354268,2,2_hop,bus,graph_box,1.0000,18,2,1,3,,500,375,"11.0,157.0,101.0,194.0"
1996,2354268,2354268,2,and,bus,graph_box,1.0000,18,2,1,3,,500,375,"11.0,157.0,101.0,194.0"
1997,2357683,2357683,1,0_hop,coffee pot,graph_box,1.0000,12,1,0,1,,500,281,"202.0,0.0,405.0,51.0"
2003,2372362,2372362,1,1_hop,dinner,graph_box,1.0000,29,1,0,2,,500,299,"67.0,10.0,433.0,298.0"
2004,2359824,2359824,2,2_hop,door,graph_box,1.0000,21,3,2,3,,500,375,"265.0,123.0,280.0,322.0"
2005,2359824,2359824,2,1_hop,door,graph_box,1.0000,21,3,2,2,,500,375,"265.0,123.0,280.0,322.0"
2006,2359824,2359824,2,2_hop,door,graph_box,1.0000,21,3,2,3,,500,375,"142.0,145.0,180.0,302.0"
2007,2359824,2359824,2,1_hop,door,graph_box,1.0000,21,3,2,2,,500,375,"142.0,145.0,180.0,302.0"
2008,2326412,2326412,1,0_hop,camera,graph_box,1.0000,19,1,0,1,,334,500,"51.0,387.0,141.0,471.0"
2009,2406592,2406592,1,1_hop,street sign,graph_box,1.0000,15,1,0,2,,500,375,"185.0,119.0,317.0,149.0"
2010,2363826,2363826,1,0_hop,bench,graph_box,1.0000,14,1,0,1,,500,347,"254.0,208.0,355.0,232.0"
2011,2365430,2365430,2,2_hop,basket,graph_box,1.0000,22,2,1,3,,500,333,"138.0,124.0,250.0,163.0"
2012,2365430,2365430,2,and,basket,graph_box,1.0000,22,2,1,3,,500,333,"138.0,124.0,250.0,163.0"
2016,2400583,2400583,3,2_hop,door,graph_box,1.0000,20,3,2,3,,500,375,"192.0,85.0,223.0,202.0"
2017,2318977,2318977,1,0_hop,books,graph_box,1.0000,11,1,0,1,,500,330,"0.0,84.0,73.0,167.0"
2018,2344585,2344585,2,0_hop,man,graph_box,1.0000,17,2,1,1,,357,500,"14.0,28.0,342.0,433.0"
2019,2344585,2344585,2,2_hop,man,graph_box,1.0000,17,2,1,3,,357,500,"14.0,28.0,342.0,433.0"
2020,2344585,2344585,2,1_hop,man,graph_box,1.0000,17,2,1,2,,357,500,"14.0,28.0,342.0,433.0"
2023,2316395,2316395,1,2_hop,ball,graph_box,1.0000,9,1,0,3,,500,394,"86.0,318.0,173.0,351.0"
2024,2316395,2316395,1,1_hop,ball,graph_box,1.0000,9,1,0,2,,500,394,"86.0,318.0,173.0,351.0"
2027,2380421,2380421,1,2_hop,woman,graph_box,1.0000,15,1,0,3,,500,331,"130.0,159.0,225.0,290.0"
2028,2380421,2380421,2,and,woman,graph_box,1.0000,15,1,0,3,,500,331,"130.0,159.0,225.0,290.0"
2029,2342838,2342838,1,and,television,graph_box,1.0000,12,1,0,3,,500,375,"75.0,181.0,229.0,302.0"
2031,2355306,2355306,2,0_hop,building,graph_box,1.0000,24,1,0,1,,500,334,"12.0,216.0,96.0,270.0"
2032,2319086,2319086,1,0_hop,sink,graph_box,1.0000,13,1,0,1,,375,500,"0.0,428.0,145.0,496.0"
2034,2390576,2390576,1,2_hop,tree,graph_box,1.0000,15,1,0,3,,500,334,"319.0,127.0,485.0,333.0"
2037,2387990,2387990,2,and,knife,graph_box,1.0000,25,2,1,3,,500,375,"380.0,208.0,499.0,367.0"
2039,2367256,2367256,1,0_hop,dog,graph_box,1.0000,12,1,0,1,,334,500,"111.0,316.0,232.0,449.0"
2040,2367256,2367256,1,0_hop,parking meter,graph_box,1.0000,12,1,0,1,,334,500,"89.0,77.0,139.0,385.0"
2041,2367256,2367256,1,1_hop,parking meter,graph_box,1.0000,12,1,0,2,,334,500,"89.0,77.0,139.0,385.0"
2042,2335811,2335811,1,1_hop,candle,graph_box,1.0000,14,1,0,2,,500,375,"245.0,244.0,293.0,294.0"
2045,2331048,2331048,2,and,vehicle,graph_box,1.0000,20,2,1,3,,500,377,"240.0,73.0,408.0,279.0"
2046,2331049,2331049,1,0_hop,table,graph_box,1.0000,5,1,0,1,,375,500,"0.0,284.0,374.0,498.0"
2052,2350772,2350772,2,2_hop,man,graph_box,1.0000,41,4,3,3,,500,338,"0.0,32.0,122.0,335.0"
2053,2350772,2350772,2,and,man,graph_box,1.0000,41,4,3,3,,500,338,"0.0,32.0,122.0,335.0"
2054,2350772,2350772,3,2_hop,man,graph_box,1.0000,41,4,3,3,,500,338,"0.0,32.0,122.0,335.0"
2055,2350772,2350772,2,2_hop,woman,graph_box,1.0000,41,3,2,3,,500,338,"274.0,64.0,340.0,204.0"
2056,2350772,2350772,2,1_hop,woman,graph_box,1.0000,41,3,2,2,,500,338,"274.0,64.0,340.0,204.0"
2057,2350958,2350958,2,and,chair,graph_box,1.0000,19,4,3,3,,500,375,"0.0,115.0,107.0,235.0"
2059,2401215,2401215,1,0_hop,building,graph_box,1.0000,27,1,0,1,,500,336,"136.0,155.0,303.0,209.0"
2060,2401215,2401215,1,2_hop,building,graph_box,1.0000,27,1,0,3,,500,336,"136.0,155.0,303.0,209.0"
2061,2401215,2401215,1,and,snowboarder,graph_box,1.0000,27,1,0,3,,500,336,"188.0,68.0,303.0,223.0"
2066,2376837,2376837,1,2_hop,apple,graph_box,1.0000,15,1,0,3,,500,375,"255.0,119.0,419.0,282.0"
2070,2325861,2325861,2,2_hop,bread,graph_box,1.0000,14,2,1,3,,500,365,"207.0,28.0,500.0,249.0"
2071,2325861,2325861,2,and,bread,graph_box,1.0000,14,2,1,3,,500,365,"207.0,28.0,500.0,249.0"
2076,2411264,2411264,1,2_hop,napkin,graph_box,1.0000,15,1,0,3,,500,333,"283.0,235.0,481.0,331.0"
2077,2411264,2411264,1,2_hop,food,graph_box,1.0000,15,1,0,3,,500,333,"19.0,169.0,326.0,332.0"
2078,2411264,2411264,1,and,food,graph_box,1.0000,15,1,0,3,,500,333,"19.0,169.0,326.0,332.0"
2079,2364283,2364283,1,0_hop,train,graph_box,1.0000,9,1,0,1,,400,500,"106.0,68.0,391.0,436.0"
2081,4712,4712,1,0_hop,fence,graph_box,1.0000,12,1,0,1,,400,258,"0.0,150.0,41.0,181.0"
2084,2320998,2320998,2,0_hop,sign,graph_box,1.0000,3,2,1,1,,500,400,"138.0,178.0,229.0,212.0"
2085,2399957,2399957,1,0_hop,umbrella,graph_box,1.0000,21,1,0,1,,500,375,"54.0,3.0,471.0,170.0"
2086,2399957,2399957,1,1_hop,umbrella,graph_box,1.0000,21,1,0,2,,500,375,"54.0,3.0,471.0,170.0"
2087,3716,3716,2,and,palm tree,graph_box,1.0000,20,2,1,3,,800,534,"0.0,0.0,297.0,338.0"
2088,3716,3716,2,1_hop,building,graph_box,1.0000,20,6,5,2,,800,534,"0.0,229.0,296.0,533.0"
2090,2330029,2330029,1,0_hop,television,graph_box,1.0000,9,1,0,1,,500,368,"165.0,2.0,336.0,152.0"
2091,2370086,2370086,1,1_hop,carpet,graph_box,1.0000,33,1,0,2,,500,375,"6.0,118.0,466.0,373.0"
2094,2341891,2341891,1,0_hop,blanket,graph_box,1.0000,18,1,0,1,,387,500,"0.0,0.0,209.0,500.0"
2095,2341891,2341891,1,and,blanket,graph_box,1.0000,18,1,0,3,,387,500,"0.0,0.0,209.0,500.0"
2096,2408166,2408166,2,2_hop,bear,graph_box,1.0000,21,2,1,3,,500,366,"279.0,182.0,410.0,264.0"
2097,2408166,2408166,2,1_hop,bear,graph_box,1.0000,21,2,1,2,,500,366,"279.0,182.0,410.0,264.0"
2101,2381255,2381255,3,2_hop,counter,graph_box,1.0000,35,2,1,3,,500,375,"168.0,240.0,500.0,324.0"
2102,2381255,2381255,1,0_hop,microwave oven,graph_box,1.0000,35,1,0,1,,500,375,"336.0,59.0,473.0,141.0"
2103,2381255,2381255,1,2_hop,microwave oven,graph_box,1.0000,35,1,0,3,,500,375,"336.0,59.0,473.0,141.0"
2104,2381255,2381255,1,and,stove,graph_box,1.0000,35,1,0,3,,500,375,"291.0,176.0,459.0,245.0"
2107,2362368,2362368,1,0_hop,table,graph_box,1.0000,23,1,0,1,,500,333,"395.0,111.0,499.0,196.0"
2108,2362368,2362368,1,and,table,graph_box,1.0000,23,1,0,3,,500,333,"395.0,111.0,499.0,196.0"
2109,2347450,2347450,1,and,woman,graph_box,1.0000,25,1,0,3,,500,377,"290.0,241.0,320.0,324.0"
2110,2347450,2347450,1,0_hop,chimney,graph_box,1.0000,25,1,0,1,,500,377,"185.0,78.0,216.0,161.0"
2112,2393881,2393881,2,1_hop,bench,graph_box,1.0000,14,2,1,2,,500,375,"161.0,254.0,324.0,374.0"
2117,2343665,2343665,1,and,driver,graph_box,1.0000,22,1,0,3,,412,500,"36.0,210.0,107.0,399.0"
2118,2343665,2343665,1,1_hop,taxi,graph_box,1.0000,22,1,0,2,,412,500,"27.0,203.0,412.0,458.0"
2122,2352441,2352441,1,0_hop,table,graph_box,1.0000,17,1,0,1,,500,375,"0.0,192.0,501.0,372.0"
2123,2355792,2355792,1,0_hop,chair,graph_box,1.0000,17,1,0,1,,500,375,"154.0,13.0,294.0,168.0"
2127,2398593,2398593,1,1_hop,smoke,graph_box,1.0000,9,1,0,2,,500,333,"137.0,142.0,500.0,302.0"
2132,2377465,2377465,1,1_hop,bird,graph_box,1.0000,9,1,0,2,,500,309,"143.0,118.0,348.0,206.0"
2134,2375821,2375821,1,1_hop,fence,graph_box,1.0000,9,1,0,2,,500,500,"0.0,276.0,499.0,462.0"
2135,2372481,2372481,2,1_hop,bacon,graph_box,1.0000,13,2,1,2,,500,500,"157.0,220.0,270.0,500.0"
2136,2372481,2372481,1,1_hop,food,graph_box,1.0000,13,1,0,2,,500,500,"93.0,217.0,355.0,500.0"
2137,2340318,2340318,1,2_hop,cabinets,graph_box,1.0000,13,1,0,3,,500,375,"0.0,286.0,169.0,375.0"
2138,2377682,2377682,1,1_hop,fence,graph_box,1.0000,23,2,1,2,,500,333,"443.0,205.0,493.0,265.0"
2139,713663,713663,1,0_hop,laptop,objects_id_first,0.3944,6,1,0,1,,1024,768,"263.0,92.5,649.8,473.2"
2140,713663,713663,1,2_hop,laptop,graph_box,1.0000,6,1,0,3,,1024,768,"257.0,90.0,893.0,677.0"
2143,2392298,2392298,1,1_hop,airplane,graph_box,1.0000,15,1,0,2,,500,332,"0.0,101.0,479.0,215.0"
2144,2392290,2392290,1,0_hop,boat,graph_box,1.0000,6,1,0,1,,500,354,"336.0,222.0,455.0,286.0"
2145,2392290,2392290,1,1_hop,boat,graph_box,1.0000,6,1,0,2,,500,354,"336.0,222.0,455.0,286.0"
2146,2350540,2350540,2,and,building,graph_box,1.0000,21,3,2,3,,500,375,"376.0,0.0,501.0,375.0"
2147,2347941,2347941,1,0_hop,man,graph_box,1.0000,4,1,0,1,,500,337,"177.0,89.0,371.0,227.0"
2149,2354209,2354209,1,1_hop,woman,graph_box,1.0000,14,1,0,2,,333,500,"140.0,283.0,179.0,399.0"
2153,2372814,2372814,1,and,tree,graph_box,1.0000,27,1,0,3,,500,309,"0.0,0.0,125.0,228.0"
2156,2320373,2320373,1,0_hop,bowl,graph_box,1.0000,10,1,0,1,,500,375,"86.0,26.0,428.0,261.0"
2157,2387225,2387225,1,0_hop,rock,graph_box,1.0000,12,1,0,1,,500,375,"354.0,60.0,499.0,183.0"
2158,2362217,2362217,1,0_hop,water,graph_box,1.0000,18,1,0,1,,500,333,"2.0,177.0,498.0,328.0"
2160,2405667,2405667,1,0_hop,sign,graph_box,1.0000,16,1,0,1,,375,500,"118.0,68.0,223.0,214.0"
2161,2405667,2405667,1,1_hop,sign,graph_box,1.0000,16,1,0,2,,375,500,"118.0,68.0,223.0,214.0"
2162,2387080,2387080,1,2_hop,cable,graph_box,1.0000,27,1,0,3,,500,375,"375.0,304.0,404.0,374.0"
2163,2391178,2391178,1,0_hop,surfboard,graph_box,1.0000,14,1,0,1,,500,333,"175.0,202.0,313.0,240.0"
2165,2394889,2394889,1,0_hop,rug,graph_box,1.0000,14,1,0,1,,375,500,"62.0,415.0,254.0,500.0"
2166,2394889,2394889,1,and,rug,graph_box,1.0000,14,1,0,3,,375,500,"62.0,415.0,254.0,500.0"
2171,2363845,2363845,2,1_hop,parking meter,graph_box,1.0000,21,2,1,2,,375,500,"220.0,51.0,299.0,281.0"
2172,2363844,2363844,1,0_hop,teddy bear,graph_box,1.0000,25,1,0,1,,500,375,"155.0,58.0,356.0,319.0"
2173,2369768,2369768,1,and,guy,graph_box,1.0000,21,1,0,3,,500,333,"207.0,27.0,488.0,331.0"
2175,2317649,2317649,1,0_hop,bull,graph_box,1.0000,19,1,0,1,,500,375,"56.0,186.0,236.0,370.0"
2178,2385984,2385984,1,2_hop,flower,graph_box,1.0000,5,1,0,3,,500,420,"110.0,64.0,215.0,137.0"
2179,2385984,2385984,1,1_hop,flower,graph_box,1.0000,5,1,0,2,,500,420,"110.0,64.0,215.0,137.0"
2180,2380448,2380448,1,2_hop,carrot,graph_box,1.0000,5,1,0,3,,332,500,"3.0,187.0,332.0,440.0"
2181,2380448,2380448,1,1_hop,carrot,graph_box,1.0000,5,1,0,2,,332,500,"3.0,187.0,332.0,440.0"
2182,2404130,2404130,1,2_hop,bottle,graph_box,1.0000,23,1,0,3,,500,374,"176.0,1.0,254.0,192.0"
2183,2404130,2404130,1,and,bottle,graph_box,1.0000,23,1,0,3,,500,374,"176.0,1.0,254.0,192.0"
2184,2404130,2404130,1,2_hop,soda,graph_box,1.0000,23,1,0,3,,500,374,"181.0,57.0,249.0,190.0"
2186,2355671,2355671,1,and,egg,graph_box,1.0000,9,1,0,3,,500,333,"265.0,19.0,442.0,179.0"
2187,2355671,2355671,1,0_hop,egg yolk,graph_box,1.0000,9,1,0,1,,500,333,"284.0,38.0,401.0,170.0"
2188,2355671,2355671,1,2_hop,egg yolk,graph_box,1.0000,9,1,0,3,,500,333,"284.0,38.0,401.0,170.0"
2189,2355679,2355679,1,1_hop,dog,graph_box,1.0000,24,1,0,2,,333,500,"69.0,311.0,109.0,406.0"
2193,2377859,2377859,1,1_hop,knife,graph_box,1.0000,6,1,0,2,,500,375,"0.0,40.0,100.0,94.0"
2194,2410867,2410867,1,0_hop,luggage,graph_box,1.0000,19,1,0,1,,500,333,"334.0,209.0,399.0,260.0"
2195,2410867,2410867,1,2_hop,luggage,graph_box,1.0000,19,1,0,3,,500,333,"334.0,209.0,399.0,260.0"
2196,2410867,2410867,1,and,luggage,graph_box,1.0000,19,1,0,3,,500,333,"334.0,209.0,399.0,260.0"
2197,2385159,2385159,1,2_hop,mouse pad,graph_box,1.0000,13,1,0,3,,500,400,"33.0,224.0,388.0,385.0"
2198,2385159,2385159,1,and,mouse pad,graph_box,1.0000,13,1,0,3,,500,400,"33.0,224.0,388.0,385.0"
2200,2335833,2335833,1,0_hop,hat,graph_box,1.0000,23,1,0,1,,500,375,"253.0,32.0,311.0,67.0"
2206,2381671,2381671,2,0_hop,bird,graph_box,1.0000,10,2,1,1,,500,375,"215.0,154.0,253.0,208.0"
2207,2349424,2349424,1,and,refrigerator,graph_box,1.0000,12,1,0,3,,500,375,"129.0,70.0,370.0,375.0"
2209,2349424,2349424,1,2_hop,cabinet,graph_box,1.0000,12,1,0,3,,500,375,"350.0,0.0,498.0,148.0"
2210,2349424,2349424,2,1_hop,cabinet,graph_box,1.0000,12,1,0,2,,500,375,"350.0,0.0,498.0,148.0"
2212,1716,1716,2,1_hop,building,graph_box,1.0000,23,2,1,2,,800,600,"2.0,2.0,132.0,380.0"
2214,2366725,2366725,1,0_hop,flower pot,graph_box,1.0000,19,1,0,1,,500,378,"340.0,36.0,488.0,187.0"
2215,2032,2032,1,0_hop,nightstand,graph_box,1.0000,10,1,0,1,,800,600,"199.0,380.0,528.0,599.0"
2218,150391,150391,1,0_hop,tie,graph_box,1.0000,15,1,0,1,,1024,913,"164.0,140.0,227.0,382.0"
2222,2360763,2360763,1,0_hop,dog,graph_box,1.0000,13,1,0,1,,500,375,"1.0,202.0,219.0,353.0"
2223,2412703,2412703,1,0_hop,bench,graph_box,1.0000,19,1,0,1,,500,333,"0.0,203.0,500.0,268.0"
2224,2359587,2359587,1,and,train,graph_box,1.0000,15,1,0,3,,500,375,"3.0,117.0,500.0,266.0"
2225,2359582,2359582,2,1_hop,pole,graph_box,1.0000,10,1,0,2,,331,500,"83.0,61.0,110.0,145.0"
2228,2392888,2392888,1,1_hop,camera,graph_box,1.0000,15,1,0,2,,500,333,"383.0,249.0,500.0,333.0"
2229,2330623,2330623,1,0_hop,pizza,graph_box,1.0000,17,1,0,1,,500,333,"34.0,67.0,480.0,282.0"
2230,2321164,2321164,2,1_hop,skateboard,graph_box,1.0000,25,2,1,2,,333,500,"71.0,185.0,202.0,353.0"
2231,2347577,2347577,1,2_hop,cord,graph_box,1.0000,11,1,0,3,,500,375,"34.0,105.0,249.0,197.0"
2232,2347577,2347577,1,and,cord,graph_box,1.0000,11,1,0,3,,500,375,"34.0,105.0,249.0,197.0"
2233,2390824,2390824,1,1_hop,pitcher,graph_box,1.0000,14,1,0,2,,379,295,"27.0,7.0,371.0,293.0"
2234,2382560,2382560,1,2_hop,roof,graph_box,1.0000,23,1,0,3,,500,500,"10.0,11.0,486.0,94.0"
2235,2382560,2382560,1,1_hop,roof,graph_box,1.0000,23,1,0,2,,500,500,"10.0,11.0,486.0,94.0"
2239,2396502,2396502,1,0_hop,tree,graph_box,1.0000,17,1,0,1,,375,500,"88.0,246.0,180.0,330.0"
2240,2356126,2356126,1,0_hop,macaroni,graph_box,1.0000,10,1,0,1,,500,333,"258.0,103.0,472.0,267.0"
2241,2356126,2356126,1,2_hop,macaroni,graph_box,1.0000,10,1,0,3,,500,333,"258.0,103.0,472.0,267.0"
2244,2413091,2413091,1,0_hop,bread,graph_box,1.0000,16,1,0,1,,500,357,"0.0,59.0,151.0,107.0"
2246,2392646,2392646,1,0_hop,onion,objects_id_first,0.1353,9,1,0,1,,500,378,"1.4,106.8,191.3,330.3"
2250,2331930,2331930,2,2_hop,buildings,graph_box,1.0000,37,1,0,3,,375,500,"323.0,0.0,375.0,360.0"
2251,2389120,2389120,1,and,cake,graph_box,1.0000,15,1,0,3,,500,375,"47.0,57.0,445.0,346.0"
2252,2387142,2387142,2,1_hop,tree,graph_box,1.0000,18,2,1,2,,500,400,"67.0,1.0,239.0,133.0"
2253,2387142,2387142,2,1_hop,fence,graph_box,1.0000,18,1,0,2,,500,400,"1.0,216.0,496.0,275.0"
2255,2386599,2386599,1,2_hop,bag,graph_box,1.0000,10,1,0,3,,500,298,"3.0,8.0,272.0,276.0"
2256,2386599,2386599,1,and,bag,graph_box,1.0000,10,1,0,3,,500,298,"3.0,8.0,272.0,276.0"
2257,2386599,2386599,2,0_hop,ipod,graph_box,1.0000,10,2,1,1,,500,298,"200.0,69.0,288.0,127.0"
2258,2386599,2386599,2,2_hop,ipod,graph_box,1.0000,10,2,1,3,,500,298,"200.0,69.0,288.0,127.0"
2259,2386599,2386599,2,and,ipod,graph_box,1.0000,10,2,1,3,,500,298,"200.0,69.0,288.0,127.0"
2260,2338626,2338626,1,0_hop,plate,graph_box,1.0000,3,1,0,1,,500,335,"125.0,161.0,500.0,334.0"
2261,2344179,2344179,2,2_hop,cup,graph_box,1.0000,24,2,1,3,,500,332,"66.0,0.0,211.0,181.0"
2262,2344179,2344179,2,and,cup,graph_box,1.0000,24,2,1,3,,500,332,"66.0,0.0,211.0,181.0"
2265,2389812,2389812,1,and,man,graph_box,1.0000,16,1,0,3,,500,375,"152.0,41.0,437.0,373.0"
2268,2394625,2394625,1,0_hop,frisbee,graph_box,1.0000,25,1,0,1,,500,333,"309.0,86.0,381.0,162.0"
2271,2340375,2340375,1,0_hop,door,graph_box,1.0000,15,1,0,1,,500,375,"39.0,122.0,167.0,286.0"
2272,1159758,1159758,2,0_hop,elephant,graph_box,1.0000,11,3,2,1,,768,1024,"393.0,306.0,758.0,1013.0"
2274,2366004,2366004,1,and,sandwich,graph_box,1.0000,17,1,0,3,,500,375,"232.0,146.0,497.0,330.0"
2278,2386438,2386438,1,2_hop,boy,graph_box,1.0000,20,1,0,3,,500,375,"108.0,82.0,247.0,304.0"
2279,2386438,2386438,1,and,boy,graph_box,1.0000,20,1,0,3,,500,375,"108.0,82.0,247.0,304.0"
2280,2377335,2377335,2,0_hop,fingers,graph_box,1.0000,14,1,0,1,,500,333,"115.0,171.0,147.0,237.0"
2281,2403460,2403460,1,0_hop,paper,graph_box,1.0000,16,1,0,1,,375,500,"183.0,103.0,237.0,181.0"
2282,2403460,2403460,1,2_hop,paper,graph_box,1.0000,16,1,0,3,,375,500,"183.0,103.0,237.0,181.0"
2283,2403460,2403460,1,1_hop,paper,graph_box,1.0000,16,1,0,2,,375,500,"183.0,103.0,237.0,181.0"
2284,2403460,2403460,1,0_hop,refrigerator,graph_box,1.0000,16,1,0,1,,375,500,"98.0,58.0,334.0,424.0"
2285,2403460,2403460,1,and,refrigerator,graph_box,1.0000,16,1,0,3,,375,500,"98.0,58.0,334.0,424.0"
2286,2403460,2403460,1,1_hop,laptop,graph_box,1.0000,16,1,0,2,,375,500,"223.0,362.0,372.0,496.0"
2287,2334847,2334847,1,0_hop,chair,graph_box,1.0000,36,1,0,1,,500,375,"247.0,103.0,344.0,185.0"
2288,2412136,2412136,1,0_hop,airplane,graph_box,1.0000,21,1,0,1,,500,333,"203.0,147.0,266.0,176.0"
2289,2392059,2392059,1,2_hop,building,graph_box,1.0000,13,1,0,3,,500,375,"173.0,94.0,380.0,153.0"
2290,2395537,2395537,1,2_hop,trailer,objects_id_first,0.2019,22,1,0,3,,500,375,"155.6,140.8,248.6,191.0"
2292,2393273,2393273,1,1_hop,water,graph_box,1.0000,8,1,0,2,,500,333,"62.0,192.0,499.0,279.0"
2293,2393271,2393271,1,0_hop,man,graph_box,1.0000,15,1,0,1,,500,333,"25.0,16.0,335.0,332.0"
2294,2336566,2336566,2,1_hop,chain,graph_box,1.0000,9,2,1,2,,375,500,"172.0,319.0,225.0,388.0"
2297,2414806,2414806,3,2_hop,building,graph_box,1.0000,31,3,2,3,,333,500,"16.0,290.0,73.0,330.0"
2298,2351616,2351616,2,1_hop,building,graph_box,1.0000,33,2,1,2,,333,500,"0.0,10.0,333.0,444.0"
2299,2410072,2410072,2,0_hop,cow,graph_box,1.0000,26,4,3,1,,500,349,"371.0,215.0,500.0,348.0"
2301,2410072,2410072,2,1_hop,man,graph_box,1.0000,26,4,3,2,,500,349,"335.0,84.0,364.0,167.0"
2306,2320351,2320351,1,1_hop,home plate,graph_box,1.0000,19,1,0,2,,500,333,"256.0,130.0,395.0,198.0"
2307,2375157,2375157,1,0_hop,water,objects_id_first,0.0544,12,1,0,1,,493,500,"2.0,174.1,490.7,345.6"
2308,2375154,2375154,1,2_hop,table,graph_box,1.0000,28,1,0,3,,500,375,"142.0,250.0,245.0,308.0"
2309,2375154,2375154,3,2_hop,bush,graph_box,1.0000,28,5,4,3,,500,375,"4.0,144.0,107.0,303.0"
2311,2370435,2370435,1,0_hop,toilet seat,graph_box,1.0000,16,1,0,1,,375,500,"135.0,236.0,200.0,265.0"
2312,2370435,2370435,1,and,toilet seat,graph_box,1.0000,16,1,0,3,,375,500,"135.0,236.0,200.0,265.0"
2313,2391520,2391520,2,and,woman,graph_box,1.0000,13,2,1,3,,375,500,"166.0,201.0,279.0,398.0"
2316,2331963,2331963,1,0_hop,field,graph_box,1.0000,22,1,0,1,,500,333,"0.0,166.0,499.0,331.0"
2318,2395994,2395994,1,and,plate,graph_box,1.0000,23,1,0,3,,374,500,"189.0,358.0,323.0,420.0"
2319,2395994,2395994,2,2_hop,pitcher,graph_box,1.0000,23,3,2,3,,374,500,"59.0,322.0,110.0,437.0"
2320,2395994,2395994,2,and,pitcher,graph_box,1.0000,23,3,2,3,,374,500,"59.0,322.0,110.0,437.0"
2322,2352124,2352124,3,1_hop,bush,graph_box,1.0000,12,2,1,2,,500,375,"0.0,0.0,186.0,130.0"
2323,2352021,2352021,2,2_hop,towel,graph_box,1.0000,12,2,1,3,,375,500,"98.0,56.0,138.0,104.0"
2325,2343302,2343302,1,1_hop,parking lot,graph_box,1.0000,23,1,0,2,,500,167,"0.0,121.0,499.0,166.0"
2326,2378201,2378201,1,0_hop,basket,graph_box,1.0000,16,1,0,1,,500,333,"132.0,75.0,343.0,158.0"
2327,2378201,2378201,1,and,basket,graph_box,1.0000,16,1,0,3,,500,333,"132.0,75.0,343.0,158.0"
2329,2408373,2408373,2,2_hop,cabinet,graph_box,1.0000,16,2,1,3,,500,333,"209.0,234.0,259.0,332.0"
2330,2408373,2408373,2,and,cabinet,graph_box,1.0000,16,2,1,3,,500,333,"209.0,234.0,259.0,332.0"
2331,2408373,2408373,1,2_hop,cooking utensils,graph_box,1.0000,16,1,0,3,,500,333,"63.0,134.0,162.0,207.0"
2332,2356592,2356592,2,2_hop,man,graph_box,1.0000,30,6,5,3,,500,375,"376.0,60.0,500.0,375.0"
2333,2356592,2356592,2,and,man,graph_box,1.0000,30,6,5,3,,500,375,"376.0,60.0,500.0,375.0"
2334,2356592,2356592,2,2_hop,bottle,graph_box,1.0000,30,1,0,3,,500,375,"360.0,278.0,383.0,365.0"
2335,2356592,2356592,2,1_hop,bottle,graph_box,1.0000,30,1,0,2,,500,375,"360.0,278.0,383.0,365.0"
2336,2369293,2369293,1,and,cat,graph_box,1.0000,12,1,0,3,,500,375,"0.0,56.0,220.0,313.0"
2338,2337761,2337761,1,0_hop,suitcase,graph_box,1.0000,9,1,0,1,,500,334,"99.0,0.0,415.0,334.0"
2339,2407160,2407160,1,and,pole,graph_box,1.0000,17,1,0,3,,281,500,"13.0,1.0,94.0,310.0"
2340,2407160,2407160,1,and,scooter,graph_box,1.0000,17,1,0,3,,281,500,"143.0,90.0,280.0,375.0"
2343,2344540,2344540,2,1_hop,building,graph_box,1.0000,10,2,1,2,,331,500,"0.0,0.0,238.0,500.0"
2344,2383270,2383270,2,2_hop,glass,graph_box,1.0000,21,2,1,3,,375,500,"260.0,122.0,354.0,283.0"
2345,2383270,2383270,2,and,glass,graph_box,1.0000,21,2,1,3,,375,500,"260.0,122.0,354.0,283.0"
2346,2383270,2383270,3,2_hop,pizza,graph_box,1.0000,21,2,1,3,,375,500,"92.0,278.0,374.0,389.0"
2347,2384558,2384558,2,and,woman,graph_box,1.0000,26,2,1,3,,500,375,"0.0,36.0,117.0,293.0"
2348,2384558,2384558,2,2_hop,woman,graph_box,1.0000,26,2,1,3,,500,375,"372.0,2.0,498.0,375.0"
2351,2321507,2321507,3,2_hop,customers,graph_box,1.0000,27,4,3,3,,500,375,"81.0,130.0,122.0,290.0"
2353,2321507,2321507,3,2_hop,food truck,graph_box,1.0000,27,2,1,3,,500,375,"0.0,29.0,163.0,291.0"
2355,2321507,2321507,3,2_hop,food truck,graph_box,1.0000,27,2,1,3,,500,375,"172.0,107.0,407.0,210.0"
2356,2319224,2319224,2,0_hop,bench,graph_box,1.0000,18,2,1,1,,500,475,"235.0,413.0,464.0,475.0"
2359,2410808,2410808,2,and,plate,graph_box,1.0000,14,2,1,3,,500,375,"7.0,133.0,222.0,289.0"
2360,2410808,2410808,1,2_hop,utensils,graph_box,1.0000,14,1,0,3,,500,375,"0.0,0.0,49.0,118.0"
2361,2410808,2410808,1,1_hop,utensils,graph_box,1.0000,14,1,0,2,,500,375,"0.0,0.0,49.0,118.0"
2362,2400673,2400673,2,1_hop,man,graph_box,1.0000,36,5,4,2,,500,375,"177.0,93.0,292.0,375.0"
2363,2400675,2400675,1,1_hop,sign,graph_box,1.0000,7,1,0,2,,500,375,"113.0,37.0,381.0,374.0"
2364,2378976,2378976,1,0_hop,box,graph_box,1.0000,11,1,0,1,,500,334,"0.0,2.0,121.0,141.0"
2366,2346025,2346025,2,2_hop,girl,graph_box,1.0000,17,2,1,3,,500,333,"66.0,12.0,161.0,307.0"
2367,2346025,2346025,2,and,girl,graph_box,1.0000,17,2,1,3,,500,333,"66.0,12.0,161.0,307.0"
2370,2416153,2416153,1,0_hop,heart,graph_box,1.0000,22,1,0,1,,334,500,"119.0,186.0,173.0,228.0"
2371,2335850,2335850,1,1_hop,girl,graph_box,1.0000,17,1,0,2,,500,375,"155.0,7.0,311.0,220.0"
2372,2335850,2335850,1,0_hop,fence,graph_box,1.0000,17,1,0,1,,500,375,"0.0,70.0,364.0,373.0"
2373,2335857,2335857,1,1_hop,paper,graph_box,1.0000,19,1,0,2,,333,500,"226.0,263.0,274.0,303.0"
2374,2394017,2394017,1,0_hop,dressing,graph_box,1.0000,10,1,0,1,,500,500,"74.0,128.0,212.0,220.0"
2379,2334988,2334988,1,1_hop,plate,graph_box,1.0000,18,1,0,2,,345,500,"56.0,396.0,303.0,461.0"
2380,2359611,2359611,2,1_hop,sign,graph_box,1.0000,13,5,4,2,,375,500,"64.0,272.0,168.0,349.0"
2381,2318064,2318064,2,2_hop,man,graph_box,1.0000,23,3,2,3,,333,500,"71.0,177.0,333.0,499.0"
2382,2318064,2318064,2,1_hop,man,graph_box,1.0000,23,3,2,2,,333,500,"71.0,177.0,333.0,499.0"
2389,150372,150372,1,2_hop,tree,graph_box,1.0000,19,1,0,3,,1024,768,"32.0,380.0,103.0,560.0"
2391,2383479,2383479,1,0_hop,basket,graph_box,1.0000,14,1,0,1,,333,500,"0.0,387.0,38.0,498.0"
2392,2383479,2383479,1,0_hop,curtain,graph_box,1.0000,14,1,0,1,,333,500,"26.0,32.0,107.0,166.0"
2393,2401257,2401257,1,0_hop,bread,graph_box,1.0000,10,1,0,1,,333,500,"0.0,99.0,274.0,401.0"
2394,2401257,2401257,1,2_hop,bread,graph_box,1.0000,10,1,0,3,,333,500,"0.0,99.0,274.0,401.0"
2395,2401257,2401257,1,1_hop,bread,graph_box,1.0000,10,1,0,2,,333,500,"0.0,99.0,274.0,401.0"
2396,2378434,2378434,1,1_hop,train,graph_box,1.0000,16,1,0,2,,500,310,"0.0,90.0,485.0,294.0"
2397,2404979,2404979,1,0_hop,stop sign,graph_box,1.0000,8,1,0,1,,500,335,"244.0,156.0,409.0,311.0"
2400,2318496,2318496,1,0_hop,building,graph_box,1.0000,13,1,0,1,,500,333,"0.0,0.0,325.0,289.0"
2401,2318497,2318497,1,0_hop,giraffe,graph_box,1.0000,20,1,0,1,,500,333,"179.0,18.0,382.0,333.0"
2402,2318497,2318497,1,1_hop,giraffe,graph_box,1.0000,20,1,0,2,,500,333,"179.0,18.0,382.0,333.0"
2403,2356100,2356100,1,1_hop,giraffe,graph_box,1.0000,29,1,0,2,,500,333,"59.0,80.0,226.0,269.0"
2404,2399190,2399190,1,2_hop,hangar,graph_box,1.0000,17,1,0,3,,500,334,"44.0,51.0,499.0,190.0"
2405,2399190,2399190,1,1_hop,hangar,graph_box,1.0000,17,1,0,2,,500,334,"44.0,51.0,499.0,190.0"
2406,2399190,2399190,1,0_hop,airplane,objects_id_first,0.4639,17,1,0,1,,500,334,"9.0,122.0,475.0,218.0"
2407,2399190,2399190,1,and,airplane,graph_box,1.0000,17,1,0,3,,500,334,"8.0,119.0,500.0,315.0"
2408,2319813,2319813,1,0_hop,umbrella,graph_box,1.0000,18,1,0,1,,372,500,"25.0,0.0,368.0,173.0"
2409,2319813,2319813,1,1_hop,umbrella,graph_box,1.0000,18,1,0,2,,372,500,"25.0,0.0,368.0,173.0"
2411,2358252,2358252,2,and,people,graph_box,1.0000,19,1,0,3,,500,333,"68.0,71.0,197.0,322.0"
2412,2413052,2413052,1,1_hop,roll,graph_box,1.0000,16,1,0,2,,500,375,"394.0,20.0,439.0,67.0"
2416,2354377,2354377,1,and,building,graph_box,1.0000,29,1,0,3,,500,350,"386.0,126.0,500.0,176.0"
2417,2400314,2400314,1,0_hop,car,graph_box,1.0000,15,1,0,1,,500,305,"81.0,221.0,236.0,289.0"
2418,2335202,2335202,1,0_hop,sign,graph_box,1.0000,28,1,0,1,,500,222,"121.0,83.0,216.0,107.0"
2419,2335202,2335202,1,2_hop,sign,graph_box,1.0000,28,1,0,3,,500,222,"121.0,83.0,216.0,107.0"
2422,2333984,2333984,2,1_hop,sign,graph_box,1.0000,19,2,1,2,,500,333,"22.0,43.0,81.0,83.0"
2424,2355866,2355866,1,1_hop,bridge,graph_box,1.0000,11,1,0,2,,500,325,"58.0,0.0,500.0,250.0"
2426,2398000,2398000,1,2_hop,net,graph_box,1.0000,11,1,0,3,,333,500,"0.0,0.0,334.0,353.0"
2427,2398000,2398000,1,and,net,graph_box,1.0000,11,1,0,3,,333,500,"0.0,0.0,334.0,353.0"
2428,2398002,2398002,1,2_hop,beach,graph_box,1.0000,13,1,0,3,,500,375,"0.0,173.0,495.0,334.0"
2429,2398002,2398002,1,and,beach,graph_box,1.0000,13,1,0,3,,500,375,"0.0,173.0,495.0,334.0"
2434,2330985,2330985,2,2_hop,lemons,graph_box,1.0000,12,2,1,3,,500,299,"226.0,201.0,275.0,276.0"
2438,2411832,2411832,1,2_hop,salad,graph_box,1.0000,24,1,0,3,,375,500,"8.0,356.0,108.0,441.0"
2439,2411832,2411832,1,2_hop,napkin,graph_box,1.0000,24,1,0,3,,375,500,"52.0,142.0,374.0,482.0"
2440,2411832,2411832,2,1_hop,napkin,graph_box,1.0000,24,1,0,2,,375,500,"52.0,142.0,374.0,482.0"
2442,3138,3138,2,1_hop,building,graph_box,1.0000,14,2,1,2,,800,600,"36.0,0.0,490.0,470.0"
2443,3138,3138,1,0_hop,car,graph_box,1.0000,14,1,0,1,,800,600,"391.0,396.0,542.0,507.0"
2444,2404363,2404363,1,1_hop,pizza shop,objects_id_first,0.1261,23,1,0,2,,500,500,"33.6,80.7,228.7,258.5"
2446,2396367,2396367,1,1_hop,bed,graph_box,1.0000,22,1,0,2,,333,500,"0.0,55.0,332.0,334.0"
2447,2396367,2396367,2,2_hop,bottle,graph_box,1.0000,22,2,1,3,,333,500,"154.0,186.0,195.0,284.0"
2448,2396367,2396367,2,and,bottle,graph_box,1.0000,22,2,1,3,,333,500,"154.0,186.0,195.0,284.0"
2449,2396367,2396367,1,0_hop,envelope,graph_box,1.0000,22,1,0,1,,333,500,"111.0,393.0,249.0,445.0"
2450,2396367,2396367,1,1_hop,envelope,graph_box,1.0000,22,1,0,2,,333,500,"111.0,393.0,249.0,445.0"
2452,2342004,2342004,2,1_hop,racket,graph_box,1.0000,31,2,1,2,,500,337,"113.0,180.0,209.0,227.0"
2453,2393788,2393788,2,0_hop,teddy bear,graph_box,1.0000,22,2,1,1,,375,500,"100.0,183.0,156.0,261.0"
2454,713333,713333,1,0_hop,curtain,graph_box,1.0000,17,1,0,1,,1024,768,"69.0,0.0,230.0,288.0"
2455,2367190,2367190,1,0_hop,cabinet door,objects_id_first,0.3541,26,1,0,1,,334,500,"66.0,85.7,171.0,232.9"
2456,2390071,2390071,2,2_hop,fork,graph_box,1.0000,21,2,1,3,,500,333,"78.0,56.0,131.0,116.0"
2457,2390071,2390071,2,and,fork,graph_box,1.0000,21,2,1,3,,500,333,"78.0,56.0,131.0,116.0"
2460,2390071,2390071,2,and,fork,graph_box,1.0000,21,2,1,3,,500,333,"414.0,35.0,500.0,61.0"
2461,2390071,2390071,3,2_hop,fork,graph_box,1.0000,21,2,1,3,,500,333,"414.0,35.0,500.0,61.0"
2462,2390071,2390071,2,2_hop,rice,graph_box,1.0000,21,3,2,3,,500,333,"1.0,81.0,67.0,126.0"
2463,2390071,2390071,2,and,rice,graph_box,1.0000,21,3,2,3,,500,333,"1.0,81.0,67.0,126.0"
2464,2390071,2390071,3,2_hop,rice,graph_box,1.0000,21,3,2,3,,500,333,"1.0,81.0,67.0,126.0"
2467,2395556,2395556,1,0_hop,scooter,graph_box,1.0000,26,1,0,1,,500,349,"359.0,147.0,439.0,258.0"
2468,2354426,2354426,2,1_hop,cow,graph_box,1.0000,34,2,1,2,,500,333,"346.0,119.0,479.0,243.0"
2469,2354426,2354426,3,2_hop,cow,graph_box,1.0000,34,2,1,3,,500,333,"346.0,119.0,479.0,243.0"
2470,2389520,2389520,1,0_hop,pole,graph_box,1.0000,10,1,0,1,,500,375,"173.0,1.0,214.0,374.0"
2471,2382242,2382242,1,1_hop,cat,graph_box,1.0000,7,1,0,2,,375,500,"0.0,61.0,306.0,420.0"
2472,2335448,2335448,2,0_hop,motorcycle,graph_box,1.0000,15,2,1,1,,500,375,"33.0,49.0,241.0,365.0"
2474,2402755,2402755,1,0_hop,logo,graph_box,1.0000,12,1,0,1,,500,375,"425.0,274.0,480.0,315.0"
2475,2376376,2376376,2,and,clock,graph_box,1.0000,15,1,0,3,,375,500,"179.0,26.0,277.0,182.0"
2477,2324615,2324615,2,2_hop,building,graph_box,1.0000,20,3,2,3,,375,500,"272.0,320.0,363.0,413.0"
2478,2324615,2324615,2,1_hop,building,graph_box,1.0000,20,3,2,2,,375,500,"272.0,320.0,363.0,413.0"
2479,2351634,2351634,1,0_hop,fruit,graph_box,1.0000,19,1,0,1,,500,375,"138.0,7.0,328.0,135.0"
2480,2351634,2351634,1,2_hop,plate,graph_box,1.0000,19,1,0,3,,500,375,"0.0,127.0,233.0,350.0"
2486,2393253,2393253,1,0_hop,tray,graph_box,1.0000,9,1,0,1,,500,407,"242.0,77.0,498.0,270.0"
2488,2341009,2341009,1,0_hop,bicycle,graph_box,1.0000,16,1,0,1,,500,500,"97.0,316.0,214.0,500.0"
2489,2341009,2341009,1,1_hop,bicycle,graph_box,1.0000,16,1,0,2,,500,500,"97.0,316.0,214.0,500.0"
2490,2320242,2320242,2,2_hop,man,graph_box,1.0000,42,2,1,3,,500,375,"282.0,157.0,355.0,305.0"
2491,2320242,2320242,2,and,man,graph_box,1.0000,42,2,1,3,,500,375,"282.0,157.0,355.0,305.0"
2493,2320242,2320242,1,0_hop,tablecloth,graph_box,1.0000,42,1,0,1,,500,375,"168.0,210.0,284.0,282.0"
2496,2375043,2375043,3,2_hop,man,graph_box,1.0000,22,3,2,3,,500,375,"167.0,32.0,274.0,218.0"
2497,2375043,2375043,3,1_hop,man,graph_box,1.0000,22,3,2,2,,500,375,"167.0,32.0,274.0,218.0"
2498,2375043,2375043,2,0_hop,horse,graph_box,1.0000,22,2,1,1,,500,375,"0.0,110.0,324.0,372.0"
2499,2375043,2375043,2,2_hop,horse,graph_box,1.0000,22,2,1,3,,500,375,"0.0,110.0,324.0,372.0"
2500,2375043,2375043,2,and,horse,graph_box,1.0000,22,2,1,3,,500,375,"0.0,110.0,324.0,372.0"
2501,2375043,2375043,3,2_hop,horse,graph_box,1.0000,22,2,1,3,,500,375,"0.0,110.0,324.0,372.0"
2502,2414219,2414219,1,1_hop,skater,graph_box,1.0000,12,1,0,2,,339,500,"119.0,105.0,297.0,364.0"
2503,2406438,2406438,1,1_hop,desk,graph_box,1.0000,15,1,0,2,,500,375,"0.0,92.0,499.0,375.0"
2505,2376999,2376999,2,1_hop,plate,graph_box,1.0000,10,2,1,2,,500,500,"0.0,123.0,499.0,497.0"
2506,2376999,2376999,2,1_hop,roast beef,graph_box,1.0000,10,2,1,2,,500,500,"218.0,136.0,474.0,406.0"
2507,2376999,2376999,1,1_hop,sandwich,graph_box,1.0000,10,1,0,2,,500,500,"25.0,60.0,473.0,455.0"
2509,2375242,2375242,2,and,giraffe,graph_box,1.0000,16,6,5,3,,500,333,"273.0,210.0,329.0,274.0"
2510,2375242,2375242,2,1_hop,giraffe,graph_box,1.0000,16,6,5,2,,500,333,"197.0,158.0,255.0,222.0"
2514,2378779,2378779,2,2_hop,tree,graph_box,1.0000,14,3,2,3,,500,333,"116.0,0.0,178.0,305.0"
2515,2378779,2378779,2,and,tree,graph_box,1.0000,14,3,2,3,,500,333,"116.0,0.0,178.0,305.0"
2517,2378779,2378779,2,1_hop,rock,graph_box,1.0000,14,3,2,2,,500,333,"6.0,294.0,115.0,332.0"
2521,2412518,2412518,1,0_hop,bedspread,graph_box,1.0000,23,1,0,1,,500,375,"0.0,117.0,483.0,375.0"
2522,2412518,2412518,1,0_hop,frame,graph_box,1.0000,23,1,0,1,,500,375,"239.0,46.0,335.0,124.0"
2523,2387071,2387071,2,2_hop,car,graph_box,1.0000,19,1,0,3,,375,500,"0.0,138.0,59.0,197.0"
2524,2387071,2387071,1,2_hop,van,graph_box,1.0000,19,1,0,3,,375,500,"18.0,122.0,212.0,211.0"
2525,2387071,2387071,1,and,van,graph_box,1.0000,19,1,0,3,,375,500,"18.0,122.0,212.0,211.0"
2526,2387071,2387071,2,2_hop,tree,graph_box,1.0000,19,2,1,3,,375,500,"94.0,0.0,354.0,202.0"
2528,2352818,2352818,2,1_hop,man,graph_box,1.0000,28,1,0,2,,500,333,"178.0,45.0,321.0,294.0"
2529,2352812,2352812,2,2_hop,banana,graph_box,1.0000,19,3,2,3,,500,375,"88.0,125.0,158.0,156.0"
2530,2352812,2352812,2,1_hop,banana,graph_box,1.0000,19,3,2,2,,500,375,"88.0,125.0,158.0,156.0"
2531,2352815,2352815,2,2_hop,man,graph_box,1.0000,27,3,2,3,,332,500,"45.0,61.0,162.0,281.0"
2537,2384710,2384710,2,2_hop,utensil,graph_box,1.0000,24,2,1,3,,333,500,"58.0,421.0,129.0,461.0"
2539,2365459,2365459,1,0_hop,plate,graph_box,1.0000,13,1,0,1,,500,333,"50.0,155.0,455.0,261.0"
2540,2365459,2365459,1,0_hop,knife,graph_box,1.0000,13,1,0,1,,500,333,"448.0,194.0,499.0,292.0"
2542,2387627,2387627,2,1_hop,man,graph_box,1.0000,21,4,3,2,,333,500,"58.0,176.0,119.0,321.0"
2543,2336834,2336834,1,0_hop,building,graph_box,1.0000,14,1,0,1,,500,333,"226.0,47.0,445.0,188.0"
2544,2336834,2336834,1,1_hop,building,graph_box,1.0000,14,1,0,2,,500,333,"226.0,47.0,445.0,188.0"
2545,2406586,2406586,1,2_hop,book,graph_box,1.0000,15,1,0,3,,500,281,"108.0,0.0,255.0,20.0"
2548,2383291,2383291,1,2_hop,seat,objects_id_first,0.3390,11,1,0,3,,500,375,"167.2,194.4,267.1,272.4"
2549,2355631,2355631,2,2_hop,lamp,graph_box,1.0000,16,2,1,3,,500,375,"120.0,93.0,166.0,174.0"
2550,2355631,2355631,2,and,lamp,graph_box,1.0000,16,2,1,3,,500,375,"120.0,93.0,166.0,174.0"
2551,2355631,2355631,2,2_hop,lamp,graph_box,1.0000,16,2,1,3,,500,375,"409.0,77.0,468.0,183.0"
2552,2355631,2355631,2,and,lamp,graph_box,1.0000,16,2,1,3,,500,375,"409.0,77.0,468.0,183.0"
2553,2395786,2395786,1,1_hop,man,graph_box,1.0000,4,1,0,2,,500,333,"77.0,34.0,338.0,332.0"
2555,2377817,2377817,1,0_hop,station,objects_id_first,0.3773,22,1,0,1,,500,333,"4.5,53.9,493.9,329.4"
2556,2377817,2377817,1,2_hop,pole,graph_box,1.0000,22,1,0,3,,500,333,"256.0,152.0,307.0,319.0"
2557,2341585,2341585,1,0_hop,bag,graph_box,1.0000,24,1,0,1,,500,331,"70.0,215.0,138.0,290.0"
2558,2341585,2341585,2,1_hop,woman,graph_box,1.0000,24,4,3,2,,500,331,"68.0,119.0,179.0,331.0"
2559,2394789,2394789,2,2_hop,building,graph_box,1.0000,22,2,1,3,,500,375,"0.0,50.0,175.0,165.0"
2560,2394789,2394789,2,1_hop,building,graph_box,1.0000,22,2,1,2,,500,375,"0.0,50.0,175.0,165.0"
2561,2398271,2398271,1,0_hop,plate,graph_box,1.0000,15,1,0,1,,500,286,"302.0,106.0,427.0,198.0"
2562,2360506,2360506,1,0_hop,curtain,graph_box,1.0000,13,1,0,1,,333,500,"0.0,0.0,331.0,447.0"
2563,2360506,2360506,1,2_hop,curtain,graph_box,1.0000,13,1,0,3,,333,500,"0.0,0.0,331.0,447.0"
2564,2360506,2360506,1,1_hop,curtain,graph_box,1.0000,13,1,0,2,,333,500,"0.0,0.0,331.0,447.0"
2565,2412071,2412071,1,2_hop,bun,objects_id_first,0.3017,12,1,0,3,,500,334,"170.7,46.0,343.5,204.8"
2568,2353387,2353387,1,and,cabinet,graph_box,1.0000,23,1,0,3,,339,500,"297.0,190.0,339.0,281.0"
2572,713166,713166,1,2_hop,bike,graph_box,1.0000,6,1,0,3,,1024,768,"336.0,371.0,579.0,519.0"
2573,713166,713166,1,1_hop,bike,graph_box,1.0000,6,1,0,2,,1024,768,"336.0,371.0,579.0,519.0"
2574,2347752,2347752,2,2_hop,table,graph_box,1.0000,16,1,0,3,,500,500,"12.0,82.0,206.0,166.0"
2575,2382935,2382935,2,0_hop,suitcase,graph_box,1.0000,20,3,2,1,,463,500,"55.0,123.0,200.0,443.0"
2577,2382935,2382935,1,0_hop,outfit,graph_box,1.0000,20,1,0,1,,463,500,"169.0,133.0,359.0,373.0"
2578,2406083,2406083,1,2_hop,seat,graph_box,1.0000,9,1,0,3,,500,333,"38.0,100.0,167.0,153.0"
2579,2346261,2346261,1,0_hop,umbrella,graph_box,1.0000,22,1,0,1,,332,500,"93.0,98.0,267.0,164.0"
2581,2357568,2357568,3,2_hop,vase,graph_box,1.0000,18,2,1,3,,500,335,"224.0,188.0,294.0,312.0"
2582,2375506,2375506,1,0_hop,car,graph_box,1.0000,7,1,0,1,,500,333,"0.0,92.0,85.0,197.0"
2583,2320252,2320252,3,2_hop,lettuce,graph_box,1.0000,23,2,1,3,,500,375,"317.0,189.0,423.0,254.0"
2586,2320252,2320252,1,1_hop,salad,graph_box,1.0000,23,1,0,2,,500,375,"165.0,25.0,441.0,252.0"
2587,2357399,2357399,2,and,box,graph_box,1.0000,16,2,1,3,,500,374,"0.0,270.0,72.0,362.0"
2588,2374901,2374901,2,2_hop,guy,graph_box,1.0000,21,1,0,3,,500,333,"66.0,1.0,169.0,154.0"
2589,2374901,2374901,2,1_hop,guy,graph_box,1.0000,21,1,0,2,,500,333,"66.0,1.0,169.0,154.0"
2590,2374901,2374901,2,0_hop,kite,graph_box,1.0000,21,3,2,1,,500,333,"72.0,129.0,496.0,332.0"
2592,2319877,2319877,1,and,man,graph_box,1.0000,12,1,0,3,,500,332,"83.0,1.0,247.0,331.0"
2593,2319875,2319875,1,2_hop,dog,graph_box,1.0000,20,1,0,3,,500,375,"0.0,274.0,144.0,375.0"
2594,2319875,2319875,1,and,dog,graph_box,1.0000,20,1,0,3,,500,375,"0.0,274.0,144.0,375.0"
2595,2338191,2338191,1,0_hop,pipe,graph_box,1.0000,32,1,0,1,,500,327,"156.0,142.0,368.0,249.0"
2596,2338191,2338191,1,and,pipe,graph_box,1.0000,32,1,0,3,,500,327,"156.0,142.0,368.0,249.0"
2597,2337353,2337353,1,1_hop,bags,graph_box,1.0000,14,1,0,2,,375,500,"101.0,271.0,287.0,408.0"
2598,2337353,2337353,1,1_hop,woman,graph_box,1.0000,14,1,0,2,,375,500,"128.0,90.0,335.0,480.0"
2599,2338193,2338193,1,2_hop,man,graph_box,1.0000,16,1,0,3,,500,333,"224.0,134.0,318.0,257.0"
2600,2338193,2338193,1,1_hop,man,graph_box,1.0000,16,1,0,2,,500,333,"224.0,134.0,318.0,257.0"
2601,2399312,2399312,1,2_hop,donkey,graph_box,1.0000,10,1,0,3,,500,333,"130.0,51.0,265.0,205.0"
2602,2399312,2399312,1,1_hop,donkey,graph_box,1.0000,10,1,0,2,,500,333,"130.0,51.0,265.0,205.0"
2603,2399312,2399312,1,0_hop,fence,graph_box,1.0000,10,1,0,1,,500,333,"0.0,0.0,323.0,157.0"
2604,2337687,2337687,1,0_hop,fence,objects_id_first,0.1503,16,1,0,1,,375,500,"135.3,291.6,373.0,394.0"
2606,2405167,2405167,1,1_hop,kite,graph_box,1.0000,15,1,0,2,,500,332,"50.0,100.0,94.0,142.0"
2607,2338373,2338373,2,0_hop,cabbage,graph_box,1.0000,18,2,1,1,,500,375,"68.0,37.0,154.0,106.0"
2610,2384106,2384106,1,2_hop,bookcase,graph_box,1.0000,16,1,0,3,,500,421,"0.0,0.0,349.0,63.0"
2611,2384106,2384106,1,1_hop,bookcase,graph_box,1.0000,16,1,0,2,,500,421,"0.0,0.0,349.0,63.0"
2612,2332837,2332837,1,and,skier,graph_box,1.0000,10,1,0,3,,500,441,"94.0,147.0,297.0,377.0"
2613,2415085,2415085,2,2_hop,frog,graph_box,1.0000,17,4,3,3,,500,375,"125.0,58.0,204.0,153.0"
2614,2415085,2415085,2,and,frog,graph_box,1.0000,17,4,3,3,,500,375,"125.0,58.0,204.0,153.0"
2615,2415085,2415085,1,0_hop,dresser,graph_box,1.0000,17,1,0,1,,500,375,"0.0,206.0,476.0,375.0"
2618,1159711,1159711,1,0_hop,sink,graph_box,1.0000,10,1,0,1,,1024,680,"264.0,446.0,447.0,507.0"
2621,2398067,2398067,1,0_hop,backpack,graph_box,1.0000,21,1,0,1,,500,333,"37.0,230.0,91.0,318.0"
2623,2401489,2401489,1,and,kitten,graph_box,1.0000,21,1,0,3,,500,438,"35.0,51.0,423.0,400.0"
2624,2396304,2396304,1,2_hop,street,graph_box,1.0000,14,1,0,3,,375,500,"0.0,236.0,375.0,500.0"
2625,2396304,2396304,1,1_hop,street,graph_box,1.0000,14,1,0,2,,375,500,"0.0,236.0,375.0,500.0"
2626,2380732,2380732,1,0_hop,tree,graph_box,1.0000,22,1,0,1,,500,333,"355.0,1.0,499.0,153.0"
2628,2351386,2351386,1,2_hop,ladder,objects_id_first,0.4696,16,1,0,3,,375,500,"192.5,370.8,244.3,392.6"
2629,2351386,2351386,1,and,ladder,objects_id_first,0.4739,16,1,0,3,,375,500,"192.2,370.8,244.2,392.9"
2631,2377599,2377599,2,and,airplane,graph_box,1.0000,16,2,1,3,,500,332,"9.0,116.0,500.0,243.0"
2634,2379627,2379627,1,and,pizza,graph_box,1.0000,13,1,0,3,,500,375,"20.0,23.0,485.0,327.0"
2635,2379627,2379627,1,2_hop,utensil,graph_box,1.0000,13,1,0,3,,500,375,"465.0,141.0,500.0,200.0"
2636,2379627,2379627,1,and,utensil,graph_box,1.0000,13,1,0,3,,500,375,"465.0,141.0,500.0,200.0"
2641,2343886,2343886,2,1_hop,buildings,graph_box,1.0000,28,4,3,2,,500,375,"446.0,78.0,499.0,212.0"
2643,2391657,2391657,1,0_hop,door,graph_box,1.0000,10,1,0,1,,500,333,"244.0,95.0,303.0,173.0"
2644,2372527,2372527,1,0_hop,bench,graph_box,1.0000,17,1,0,1,,500,375,"165.0,186.0,500.0,375.0"
2645,2379459,2379459,1,0_hop,fork,graph_box,1.0000,6,1,0,1,,500,375,"1.0,24.0,169.0,291.0"
2648,286061,286061,1,0_hop,door,graph_box,1.0000,19,1,0,1,,1024,768,"5.0,1.0,155.0,767.0"
2649,286061,286061,1,2_hop,door,graph_box,1.0000,19,1,0,3,,1024,768,"5.0,1.0,155.0,767.0"
2651,2357718,2357718,1,1_hop,zebra,graph_box,1.0000,15,1,0,2,,378,500,"0.0,1.0,327.0,489.0"
2652,2397881,2397881,1,0_hop,minute hand,graph_box,1.0000,11,1,0,1,,500,375,"268.0,191.0,325.0,237.0"
2653,2374063,2374063,1,0_hop,chair,graph_box,1.0000,19,1,0,1,,500,375,"163.0,126.0,241.0,190.0"
2654,2374063,2374063,1,0_hop,nightstand,graph_box,1.0000,19,1,0,1,,500,375,"417.0,213.0,499.0,257.0"
2657,2414271,2414271,1,2_hop,fork,graph_box,1.0000,16,1,0,3,,500,375,"268.0,31.0,499.0,204.0"
2658,2364030,2364030,2,1_hop,airplane,graph_box,1.0000,27,3,2,2,,500,333,"138.0,98.0,501.0,239.0"
2659,2525,2525,1,1_hop,tree,graph_box,1.0000,7,1,0,2,,800,600,"186.0,11.0,657.0,506.0"
2660,2396682,2396682,1,1_hop,giraffe,graph_box,1.0000,17,1,0,2,,331,500,"60.0,95.0,278.0,458.0"
2661,2384733,2384733,1,0_hop,hat,graph_box,1.0000,20,1,0,1,,500,500,"189.0,17.0,293.0,128.0"
2662,2328914,2328914,2,2_hop,figurine,graph_box,1.0000,25,5,4,3,,500,375,"84.0,220.0,138.0,293.0"
2663,2328914,2328914,2,1_hop,figurine,graph_box,1.0000,25,5,4,2,,500,375,"84.0,220.0,138.0,293.0"
2664,2328914,2328914,3,2_hop,figurine,graph_box,1.0000,25,5,4,3,,500,375,"84.0,220.0,138.0,293.0"
2667,2355438,2355438,1,0_hop,pillow,graph_box,1.0000,14,1,0,1,,500,281,"1.0,39.0,498.0,281.0"
2668,2384592,2384592,2,0_hop,surfboard,graph_box,1.0000,21,6,5,1,,500,375,"166.0,6.0,213.0,294.0"
2669,2384448,2384448,1,0_hop,table,graph_box,1.0000,27,1,0,1,,500,375,"99.0,259.0,337.0,320.0"
2670,2384448,2384448,1,2_hop,table,objects_id_first,0.4345,27,1,0,3,,500,375,"95.0,269.0,348.0,370.0"
2672,2352382,2352382,3,2_hop,chair,graph_box,1.0000,21,2,1,3,,436,500,"138.0,302.0,265.0,487.0"
2673,2352382,2352382,1,2_hop,bed,graph_box,1.0000,21,1,0,3,,436,500,"108.0,225.0,416.0,414.0"
2674,2352382,2352382,2,and,chair,graph_box,1.0000,21,2,1,3,,436,500,"0.0,234.0,93.0,381.0"
2675,2355385,2355385,1,1_hop,pole,graph_box,1.0000,23,1,0,2,,500,353,"272.0,2.0,284.0,249.0"
2677,2399104,2399104,2,and,girl,graph_box,1.0000,30,2,1,3,,500,334,"372.0,62.0,464.0,324.0"
2678,2399104,2399104,2,and,girl,graph_box,1.0000,30,2,1,3,,500,334,"190.0,123.0,275.0,270.0"
2679,2394421,2394421,2,2_hop,figurine,graph_box,1.0000,15,2,1,3,,349,500,"263.0,242.0,347.0,395.0"
2680,2394421,2394421,2,1_hop,figurine,graph_box,1.0000,15,2,1,2,,349,500,"263.0,242.0,347.0,395.0"
2681,2369074,2369074,1,0_hop,wristband,graph_box,1.0000,17,1,0,1,,500,321,"15.0,0.0,100.0,75.0"
2684,2394763,2394763,1,and,woman,graph_box,1.0000,14,1,0,3,,324,500,"72.0,71.0,287.0,387.0"
2685,2390420,2390420,1,0_hop,suv,graph_box,1.0000,13,1,0,1,,500,281,"352.0,121.0,438.0,162.0"
2686,1159380,1159380,3,2_hop,bed,graph_box,1.0000,16,4,3,3,,768,1024,"0.0,629.0,458.0,850.0"
2689,1159380,1159380,1,0_hop,lamp,graph_box,1.0000,16,1,0,1,,768,1024,"167.0,496.0,230.0,624.0"
2690,2345013,2345013,2,2_hop,chair,graph_box,1.0000,21,2,1,3,,375,500,"351.0,271.0,375.0,376.0"
2691,2345013,2345013,2,and,chair,graph_box,1.0000,21,2,1,3,,375,500,"351.0,271.0,375.0,376.0"
2692,2349483,2349483,1,2_hop,man,graph_box,1.0000,20,1,0,3,,500,334,"190.0,95.0,351.0,322.0"
2693,2349483,2349483,1,and,man,graph_box,1.0000,20,1,0,3,,500,334,"190.0,95.0,351.0,322.0"
2695,2385644,2385644,1,0_hop,steps,objects_id_first,0.4125,20,1,0,1,,500,250,"90.4,84.6,173.1,142.8"
2698,2360831,2360831,1,2_hop,pillow,graph_box,1.0000,23,1,0,3,,500,375,"45.0,132.0,137.0,245.0"
2699,2360831,2360831,1,2_hop,remote control,graph_box,1.0000,23,1,0,3,,500,375,"318.0,262.0,394.0,297.0"
2700,2360831,2360831,1,1_hop,remote control,graph_box,1.0000,23,1,0,2,,500,375,"318.0,262.0,394.0,297.0"
2701,2359656,2359656,2,2_hop,table,graph_box,1.0000,35,2,1,3,,500,347,"169.0,182.0,254.0,219.0"
2710,2403367,2403367,1,0_hop,bush,graph_box,1.0000,30,1,0,1,,500,375,"401.0,249.0,500.0,374.0"
2711,2376650,2376650,2,2_hop,spoon,graph_box,1.0000,17,2,1,3,,500,375,"386.0,292.0,500.0,366.0"
2712,2376650,2376650,2,and,spoon,graph_box,1.0000,17,2,1,3,,500,375,"386.0,292.0,500.0,366.0"
2713,2376650,2376650,2,2_hop,spoon,graph_box,1.0000,17,2,1,3,,500,375,"30.0,86.0,221.0,256.0"
2714,2376650,2376650,2,and,spoon,graph_box,1.0000,17,2,1,3,,500,375,"30.0,86.0,221.0,256.0"
2715,2376650,2376650,2,1_hop,fork,graph_box,1.0000,17,2,1,2,,500,375,"151.0,0.0,232.0,131.0"
2716,1593007,1593007,1,1_hop,baked goods,graph_box,1.0000,16,1,0,2,,1024,768,"57.0,612.0,186.0,695.0"
2717,2392355,2392355,1,2_hop,building,objects_id_first,0.4301,20,1,0,3,,500,333,"42.0,22.5,448.0,89.9"
2718,2365901,2365901,2,0_hop,crate,graph_box,1.0000,37,3,2,1,,500,395,"225.0,309.0,290.0,378.0"
2721,2350266,2350266,1,2_hop,mushrooms,graph_box,1.0000,25,1,0,3,,375,500,"91.0,392.0,188.0,471.0"
2723,2315789,2315789,1,2_hop,door,graph_box,1.0000,13,1,0,3,,500,327,"108.0,125.0,139.0,180.0"
2724,2328273,2328273,2,0_hop,suv,graph_box,1.0000,18,1,0,1,,500,374,"0.0,226.0,85.0,304.0"
2725,2353464,2353464,1,0_hop,car,graph_box,1.0000,19,1,0,1,,500,375,"368.0,265.0,500.0,367.0"
2726,2319856,2319856,1,2_hop,girl,graph_box,1.0000,25,1,0,3,,500,331,"143.0,218.0,187.0,329.0"
2727,2319856,2319856,1,0_hop,backpack,graph_box,1.0000,25,1,0,1,,500,331,"103.0,156.0,138.0,227.0"
2728,2406865,2406865,1,0_hop,man,graph_box,1.0000,13,1,0,1,,332,500,"11.0,93.0,199.0,447.0"
2729,2335797,2335797,1,1_hop,baby,graph_box,1.0000,16,1,0,2,,334,500,"0.0,181.0,296.0,501.0"
2732,2339594,2339594,1,1_hop,drawer,graph_box,1.0000,14,1,0,2,,375,500,"55.0,414.0,336.0,475.0"
2733,2358440,2358440,1,0_hop,racket,graph_box,1.0000,13,1,0,1,,400,500,"97.0,300.0,148.0,407.0"
2734,2381182,2381182,1,0_hop,pole,objects_id_first,0.3769,12,1,0,1,,500,375,"227.0,201.7,248.1,373.1"
2736,2361493,2361493,2,2_hop,shelf,graph_box,1.0000,16,2,1,3,,500,333,"225.0,1.0,497.0,333.0"
2737,2361493,2361493,2,and,shelf,graph_box,1.0000,16,2,1,3,,500,333,"225.0,1.0,497.0,333.0"
2738,2329521,2329521,2,1_hop,rope,graph_box,1.0000,19,1,0,2,,500,375,"118.0,321.0,201.0,375.0"
2739,2329521,2329521,2,2_hop,door,graph_box,1.0000,19,2,1,3,,500,375,"86.0,89.0,133.0,198.0"
2741,2329526,2329526,1,2_hop,man,graph_box,1.0000,15,1,0,3,,500,333,"41.0,32.0,248.0,331.0"
2742,2321059,2321059,1,0_hop,dog,graph_box,1.0000,18,1,0,1,,375,500,"59.0,162.0,251.0,446.0"
2743,2321059,2321059,1,1_hop,dog,graph_box,1.0000,18,1,0,2,,375,500,"59.0,162.0,251.0,446.0"
2744,2321052,2321052,2,2_hop,pillow,graph_box,1.0000,18,5,4,3,,500,375,"359.0,221.0,419.0,260.0"
2745,2321052,2321052,2,1_hop,pillow,graph_box,1.0000,18,5,4,2,,500,375,"359.0,221.0,419.0,260.0"
2746,2321052,2321052,1,and,table,graph_box,1.0000,18,1,0,3,,500,375,"147.0,243.0,277.0,340.0"
2747,2384693,2384693,1,1_hop,rug,graph_box,1.0000,18,1,0,2,,500,355,"393.0,274.0,500.0,354.0"
2749,1159559,1159559,1,0_hop,guitar,graph_box,1.0000,16,1,0,1,,960,1280,"518.0,920.0,714.0,1052.0"
2750,2403994,2403994,1,and,tea kettle,graph_box,1.0000,10,1,0,3,,333,500,"88.0,166.0,142.0,226.0"
2751,2409991,2409991,1,2_hop,collar,graph_box,1.0000,18,1,0,3,,354,500,"123.0,168.0,180.0,303.0"
2752,2383317,2383317,1,0_hop,aircraft,graph_box,1.0000,9,1,0,1,,352,288,"56.0,93.0,328.0,163.0"
2753,2383317,2383317,1,1_hop,aircraft,graph_box,1.0000,9,1,0,2,,352,288,"56.0,93.0,328.0,163.0"
2756,1732,1732,2,and,building,graph_box,1.0000,15,2,1,3,,256,256,"0.0,0.0,104.0,256.0"
2759,2340474,2340474,2,1_hop,tree,graph_box,1.0000,23,2,1,2,,500,500,"23.0,21.0,242.0,225.0"
2760,2340474,2340474,2,1_hop,tree,graph_box,1.0000,23,2,1,2,,500,500,"331.0,25.0,475.0,231.0"
2761,2391928,2391928,1,and,garage door,graph_box,1.0000,18,1,0,3,,325,500,"0.0,93.0,132.0,359.0"
2762,2391928,2391928,1,1_hop,box,graph_box,1.0000,18,1,0,2,,325,500,"35.0,327.0,88.0,375.0"
2766,2340398,2340398,2,and,plate,graph_box,1.0000,23,2,1,3,,500,353,"189.0,30.0,481.0,330.0"
2767,2340398,2340398,3,2_hop,plate,graph_box,1.0000,23,2,1,3,,500,353,"189.0,30.0,481.0,330.0"
2768,2340391,2340391,3,2_hop,house,graph_box,1.0000,31,2,1,3,,500,375,"240.0,0.0,500.0,98.0"
2769,2325583,2325583,1,1_hop,tree,graph_box,1.0000,13,1,0,2,,500,281,"175.0,145.0,285.0,278.0"
2770,2401883,2401883,1,1_hop,man,graph_box,1.0000,19,1,0,2,,500,500,"236.0,232.0,283.0,351.0"
2771,2382208,2382208,1,0_hop,car,graph_box,1.0000,16,1,0,1,,500,334,"122.0,183.0,256.0,290.0"
2772,2379978,2379978,1,0_hop,shelf,graph_box,1.0000,25,1,0,1,,375,500,"157.0,161.0,375.0,201.0"
2773,2379978,2379978,1,1_hop,shelf,graph_box,1.0000,25,1,0,2,,375,500,"157.0,161.0,375.0,201.0"
2775,2372892,2372892,1,0_hop,tablecloth,graph_box,1.0000,8,1,0,1,,500,309,"281.0,244.0,465.0,309.0"
2776,2372892,2372892,1,2_hop,laptop,graph_box,1.0000,8,1,0,3,,500,309,"0.0,204.0,240.0,309.0"
2777,2372892,2372892,1,and,laptop,graph_box,1.0000,8,1,0,3,,500,309,"0.0,204.0,240.0,309.0"
2778,2391679,2391679,1,0_hop,dog,graph_box,1.0000,20,1,0,1,,375,500,"95.0,108.0,318.0,240.0"
2779,2397452,2397452,1,0_hop,wii controller,graph_box,1.0000,12,1,0,1,,500,375,"1.0,128.0,254.0,243.0"
2780,2363334,2363334,1,and,building,graph_box,1.0000,15,1,0,3,,500,332,"108.0,164.0,176.0,204.0"
2781,2357156,2357156,1,0_hop,mane,graph_box,1.0000,14,1,0,1,,500,375,"345.0,189.0,475.0,374.0"
2783,3920,3920,2,1_hop,building,graph_box,1.0000,26,2,1,2,,599,800,"0.0,1.0,226.0,759.0"
2784,3920,3920,2,2_hop,building,graph_box,1.0000,26,2,1,3,,599,800,"375.0,0.0,598.0,797.0"
2787,2406474,2406474,1,2_hop,bottle,graph_box,1.0000,13,1,0,3,,375,500,"137.0,0.0,296.0,371.0"
2788,2406474,2406474,1,and,bottle,graph_box,1.0000,13,1,0,3,,375,500,"137.0,0.0,296.0,371.0"
2789,713597,713597,2,1_hop,building,graph_box,1.0000,22,3,2,2,,1024,654,"0.0,0.0,399.0,252.0"
2790,713597,713597,1,0_hop,train,graph_box,1.0000,22,1,0,1,,1024,654,"11.0,113.0,1000.0,613.0"
2792,2400591,2400591,2,and,shop,graph_box,1.0000,29,3,2,3,,500,500,"1.0,106.0,75.0,213.0"
2793,2378557,2378557,1,2_hop,icing,graph_box,1.0000,18,1,0,3,,500,334,"79.0,117.0,263.0,195.0"
2794,2378557,2378557,1,1_hop,plate,graph_box,1.0000,18,1,0,2,,500,334,"15.0,150.0,408.0,307.0"
2795,2357738,2357738,1,1_hop,cup,graph_box,1.0000,35,1,0,2,,282,500,"28.0,414.0,97.0,498.0"
2796,2357738,2357738,2,1_hop,cabinet,graph_box,1.0000,35,2,1,2,,282,500,"36.0,192.0,262.0,350.0"
2798,2409043,2409043,2,0_hop,building,graph_box,1.0000,13,2,1,1,,500,333,"114.0,0.0,499.0,332.0"
2800,2409043,2409043,3,2_hop,building,graph_box,1.0000,13,2,1,3,,500,333,"114.0,0.0,499.0,332.0"
2802,2409043,2409043,2,0_hop,door,graph_box,1.0000,13,2,1,1,,500,333,"274.0,108.0,377.0,332.0"
2803,2409043,2409043,2,2_hop,door,graph_box,1.0000,13,2,1,3,,500,333,"274.0,108.0,377.0,332.0"
2804,2409043,2409043,2,1_hop,door,graph_box,1.0000,13,2,1,2,,500,333,"274.0,108.0,377.0,332.0"
2805,2409049,2409049,1,0_hop,bench,graph_box,1.0000,23,1,0,1,,500,500,"16.0,175.0,490.0,338.0"
2806,1591898,1591898,1,0_hop,plate,graph_box,1.0000,17,1,0,1,,1024,766,"55.0,365.0,222.0,452.0"
2807,1591898,1591898,1,0_hop,water bottle,graph_box,1.0000,17,1,0,1,,1024,766,"581.0,265.0,712.0,542.0"
2808,2390985,2390985,1,1_hop,blender,graph_box,1.0000,16,1,0,2,,500,375,"392.0,94.0,435.0,183.0"
2809,2407870,2407870,1,0_hop,motorcycle,graph_box,1.0000,20,1,0,1,,500,333,"82.0,87.0,234.0,206.0"
2810,2321930,2321930,1,1_hop,display,graph_box,1.0000,19,1,0,2,,500,333,"302.0,127.0,408.0,143.0"
2811,2411098,2411098,1,1_hop,tree,graph_box,1.0000,14,1,0,2,,333,500,"0.0,0.0,318.0,451.0"
2812,2382216,2382216,1,1_hop,fence,graph_box,1.0000,17,1,0,2,,500,365,"59.0,0.0,422.0,171.0"
2813,2415784,2415784,1,1_hop,pizza,graph_box,1.0000,7,1,0,2,,500,500,"10.0,66.0,487.0,489.0"
2814,713905,713905,1,0_hop,counter,graph_box,1.0000,14,1,0,1,,1024,818,"151.0,402.0,1024.0,818.0"
2820,2396664,2396664,1,2_hop,silverware,objects_id_first,0.4069,17,1,0,3,,500,334,"374.1,300.9,499.0,332.7"
2821,2396664,2396664,1,1_hop,silverware,objects_id_first,0.4194,17,1,0,2,,500,334,"374.4,301.6,499.4,332.7"
2822,2396664,2396664,1,1_hop,meal,graph_box,1.0000,17,1,0,2,,500,334,"74.0,20.0,440.0,287.0"
2823,3582,3582,1,2_hop,entrance,graph_box,1.0000,18,1,0,3,,640,480,"465.0,163.0,529.0,261.0"
2824,3582,3582,1,1_hop,entrance,graph_box,1.0000,18,1,0,2,,640,480,"465.0,163.0,529.0,261.0"
2826,2344072,2344072,1,2_hop,wing,graph_box,1.0000,12,1,0,3,,500,480,"140.0,150.0,285.0,442.0"
2827,2344072,2344072,1,1_hop,wing,graph_box,1.0000,12,1,0,2,,500,480,"140.0,150.0,285.0,442.0"
2828,2339783,2339783,1,and,carriage,graph_box,1.0000,8,1,0,3,,500,333,"350.0,138.0,500.0,236.0"
2829,2339783,2339783,2,2_hop,building,graph_box,1.0000,8,2,1,3,,500,333,"264.0,0.0,501.0,195.0"
2830,2339783,2339783,2,1_hop,building,graph_box,1.0000,8,2,1,2,,500,333,"264.0,0.0,501.0,195.0"
2831,2353106,2353106,1,0_hop,building,graph_box,1.0000,22,1,0,1,,375,500,"0.0,0.0,267.0,470.0"
2832,2353106,2353106,1,2_hop,building,graph_box,1.0000,22,1,0,3,,375,500,"0.0,0.0,267.0,470.0"
2833,4426,4426,2,0_hop,suv,graph_box,1.0000,44,1,0,1,,800,533,"667.0,259.0,799.0,304.0"
2834,2317315,2317315,1,and,fence,graph_box,1.0000,19,1,0,3,,500,375,"3.0,0.0,498.0,132.0"
2836,2359886,2359886,1,0_hop,statue,graph_box,1.0000,10,1,0,1,,334,500,"38.0,130.0,308.0,492.0"
2837,2365947,2365947,1,1_hop,cow,graph_box,1.0000,14,1,0,2,,500,322,"76.0,47.0,370.0,283.0"
2838,2399484,2399484,1,1_hop,dessert,graph_box,1.0000,24,1,0,2,,500,500,"103.0,313.0,328.0,463.0"
2839,2370329,2370329,2,and,fence,graph_box,1.0000,28,2,1,3,,500,331,"1.0,135.0,76.0,280.0"
2840,2370329,2370329,1,1_hop,truck,graph_box,1.0000,28,2,1,2,,500,331,"38.0,41.0,474.0,292.0"
2842,2347730,2347730,1,0_hop,laptop,graph_box,1.0000,13,1,0,1,,500,299,"58.0,39.0,417.0,285.0"
2843,2347730,2347730,1,and,laptop,graph_box,1.0000,13,1,0,3,,500,299,"58.0,39.0,417.0,285.0"
2845,2385409,2385409,1,0_hop,cap,graph_box,1.0000,13,1,0,1,,374,500,"176.0,92.0,280.0,178.0"
2846,2369059,2369059,2,1_hop,man,graph_box,1.0000,23,3,2,2,,379,500,"328.0,0.0,377.0,270.0"
2850,2401974,2401974,2,2_hop,chimney,graph_box,1.0000,21,4,3,3,,500,375,"443.0,152.0,482.0,325.0"
2851,2401974,2401974,2,and,chimney,graph_box,1.0000,21,4,3,3,,500,375,"443.0,152.0,482.0,325.0"
2852,2389957,2389957,2,and,tree,graph_box,1.0000,11,2,1,3,,500,333,"222.0,237.0,270.0,297.0"
2853,2406278,2406278,2,and,girl,graph_box,1.0000,12,2,1,3,,500,375,"373.0,185.0,462.0,346.0"
2855,2406278,2406278,2,and,girl,graph_box,1.0000,12,2,1,3,,500,375,"78.0,86.0,140.0,293.0"
2858,2316597,2316597,2,2_hop,guy,graph_box,1.0000,7,1,0,3,,500,332,"472.0,1.0,499.0,65.0"
2859,2316597,2316597,2,1_hop,guy,graph_box,1.0000,7,1,0,2,,500,332,"472.0,1.0,499.0,65.0"
2861,2341540,2341540,1,0_hop,teddy bear,graph_box,1.0000,17,1,0,1,,375,500,"0.0,27.0,357.0,451.0"
2862,2361681,2361681,1,0_hop,water,objects_id_first,0.0254,8,1,0,1,,500,317,"2.2,107.3,497.9,314.9"
2863,285729,285729,1,and,bookcase,graph_box,1.0000,23,1,0,3,,1024,768,"551.0,0.0,723.0,294.0"
2864,285729,285729,2,0_hop,laptop,graph_box,1.0000,23,2,1,1,,1024,768,"265.0,531.0,463.0,750.0"
2865,285729,285729,2,2_hop,laptop,graph_box,1.0000,23,2,1,3,,1024,768,"265.0,531.0,463.0,750.0"
2867,285729,285729,2,2_hop,guy,graph_box,1.0000,23,2,1,3,,1024,768,"729.0,56.0,948.0,410.0"
2868,285729,285729,2,1_hop,guy,graph_box,1.0000,23,2,1,2,,1024,768,"729.0,56.0,948.0,410.0"
2869,285729,285729,3,2_hop,guy,graph_box,1.0000,23,2,1,3,,1024,768,"729.0,56.0,948.0,410.0"
2870,285729,285729,2,0_hop,laptop,graph_box,1.0000,23,2,1,1,,1024,768,"674.0,183.0,787.0,269.0"
2871,285729,285729,2,2_hop,laptop,graph_box,1.0000,23,2,1,3,,1024,768,"674.0,183.0,787.0,269.0"
2872,285729,285729,2,and,laptop,graph_box,1.0000,23,2,1,3,,1024,768,"674.0,183.0,787.0,269.0"
2877,2412311,2412311,3,2_hop,tie,graph_box,1.0000,20,3,2,3,,500,333,"200.0,116.0,230.0,261.0"
2878,2412311,2412311,2,2_hop,man,graph_box,1.0000,20,2,1,3,,500,333,"290.0,32.0,485.0,332.0"
2879,2412311,2412311,2,1_hop,man,graph_box,1.0000,20,2,1,2,,500,333,"290.0,32.0,485.0,332.0"
2880,2412311,2412311,3,2_hop,man,graph_box,1.0000,20,2,1,3,,500,333,"290.0,32.0,485.0,332.0"
2881,2404068,2404068,1,1_hop,door,graph_box,1.0000,21,1,0,2,,333,500,"53.0,102.0,144.0,227.0"
2883,2376094,2376094,2,2_hop,man,graph_box,1.0000,29,2,1,3,,500,334,"64.0,132.0,204.0,333.0"
2884,2376094,2376094,2,and,man,graph_box,1.0000,29,2,1,3,,500,334,"64.0,132.0,204.0,333.0"
2885,2376094,2376094,1,0_hop,bowl,graph_box,1.0000,29,1,0,1,,500,334,"209.0,225.0,261.0,260.0"
2887,2334924,2334924,2,2_hop,keyboard,graph_box,1.0000,13,2,1,3,,500,333,"225.0,165.0,396.0,274.0"
2889,2334924,2334924,1,0_hop,laptop,graph_box,1.0000,13,1,0,1,,500,333,"1.0,117.0,314.0,331.0"
2892,2334924,2334924,2,1_hop,keyboard,graph_box,1.0000,13,2,1,2,,500,333,"112.0,243.0,272.0,333.0"
2894,2359674,2359674,2,and,tree,graph_box,1.0000,10,3,2,3,,500,333,"311.0,110.0,482.0,307.0"
2895,2344922,2344922,1,2_hop,collar,graph_box,1.0000,16,1,0,3,,500,375,"177.0,60.0,215.0,134.0"
2897,2344921,2344921,1,1_hop,lid,graph_box,1.0000,13,1,0,2,,500,375,"366.0,117.0,429.0,172.0"
2898,2340236,2340236,1,0_hop,mat,graph_box,1.0000,25,1,0,1,,333,500,"0.0,439.0,333.0,487.0"
2899,2395433,2395433,1,2_hop,speaker,graph_box,1.0000,20,1,0,3,,500,375,"286.0,185.0,365.0,295.0"
2900,2385322,2385322,1,0_hop,collar,graph_box,1.0000,19,1,0,1,,487,500,"210.0,184.0,366.0,296.0"
2901,2383490,2383490,1,0_hop,tree,graph_box,1.0000,15,1,0,1,,419,500,"56.0,14.0,418.0,328.0"
2902,2383490,2383490,1,1_hop,tree,graph_box,1.0000,15,1,0,2,,419,500,"56.0,14.0,418.0,328.0"
2903,2324174,2324174,1,1_hop,egg,graph_box,1.0000,8,1,0,2,,374,500,"53.0,211.0,272.0,402.0"
2904,2410989,2410989,1,1_hop,sign,graph_box,1.0000,30,1,0,2,,375,500,"65.0,63.0,115.0,233.0"
2907,2315810,2315810,2,2_hop,woman,graph_box,1.0000,16,2,1,3,,500,500,"3.0,41.0,236.0,436.0"
2908,2315810,2315810,2,and,woman,graph_box,1.0000,16,2,1,3,,500,500,"3.0,41.0,236.0,436.0"
2909,2315810,2315810,3,2_hop,woman,graph_box,1.0000,16,2,1,3,,500,500,"3.0,41.0,236.0,436.0"
2910,2315810,2315810,2,2_hop,paper,graph_box,1.0000,16,2,1,3,,500,500,"341.0,334.0,498.0,459.0"
2911,2315810,2315810,2,and,paper,graph_box,1.0000,16,2,1,3,,500,500,"341.0,334.0,498.0,459.0"
2912,2315810,2315810,3,2_hop,paper,graph_box,1.0000,16,2,1,3,,500,500,"341.0,334.0,498.0,459.0"
2913,2414061,2414061,1,0_hop,fence,graph_box,1.0000,11,1,0,1,,333,500,"0.0,38.0,332.0,276.0"
2914,2414061,2414061,1,1_hop,fence,graph_box,1.0000,11,1,0,2,,333,500,"0.0,38.0,332.0,276.0"
2915,2339204,2339204,1,1_hop,cup,graph_box,1.0000,16,1,0,2,,500,439,"123.0,371.0,211.0,438.0"
2919,2337643,2337643,1,0_hop,raspberry,objects_id_first,0.4140,16,1,0,1,,300,500,"124.3,404.2,188.6,443.2"
2922,2411136,2411136,1,0_hop,man,graph_box,1.0000,33,1,0,1,,500,375,"100.0,42.0,500.0,375.0"
2923,2411136,2411136,1,2_hop,man,graph_box,1.0000,33,1,0,3,,500,375,"100.0,42.0,500.0,375.0"
2924,2411136,2411136,1,and,man,graph_box,1.0000,33,1,0,3,,500,375,"100.0,42.0,500.0,375.0"
2925,2363905,2363905,1,1_hop,driver,graph_box,1.0000,13,1,0,2,,500,375,"210.0,134.0,277.0,180.0"
2926,2352905,2352905,2,2_hop,bench,graph_box,1.0000,27,2,1,3,,500,375,"0.0,143.0,152.0,375.0"
2927,2352905,2352905,2,and,bench,graph_box,1.0000,27,2,1,3,,500,375,"0.0,143.0,152.0,375.0"
2928,2369425,2369425,2,2_hop,chocolate,graph_box,1.0000,15,2,1,3,,500,299,"260.0,188.0,332.0,224.0"
2931,2338336,2338336,1,0_hop,towel,graph_box,1.0000,21,1,0,1,,500,332,"58.0,47.0,116.0,290.0"
2932,2021,2021,1,0_hop,toilet,graph_box,1.0000,12,1,0,1,,600,800,"134.0,158.0,539.0,731.0"
2934,2408895,2408895,1,0_hop,fence,graph_box,0.9203,25,1,0,1,,500,332,"1.9,185.6,498.4,330.6"
2935,2333341,2333341,1,0_hop,door,graph_box,1.0000,10,1,0,1,,500,400,"72.0,0.0,135.0,202.0"
2936,2359040,2359040,1,0_hop,toilet,graph_box,1.0000,15,1,0,1,,375,500,"221.0,257.0,326.0,466.0"
2937,2359040,2359040,1,1_hop,dispenser,graph_box,1.0000,15,1,0,2,,375,500,"94.0,120.0,140.0,205.0"
2938,2336198,2336198,1,0_hop,roof,graph_box,1.0000,32,1,0,1,,500,375,"134.0,82.0,337.0,133.0"
2939,2400775,2400775,1,1_hop,man,graph_box,1.0000,19,1,0,2,,500,375,"0.0,207.0,55.0,343.0"
2940,2404384,2404384,1,2_hop,pillow,graph_box,1.0000,9,1,0,3,,500,333,"0.0,95.0,215.0,333.0"
2941,2353868,2353868,1,0_hop,girl,graph_box,1.0000,18,1,0,1,,434,500,"150.0,46.0,267.0,272.0"
2942,2353868,2353868,1,2_hop,girl,graph_box,1.0000,18,1,0,3,,434,500,"150.0,46.0,267.0,272.0"
2943,2353868,2353868,1,and,girl,graph_box,1.0000,18,1,0,3,,434,500,"150.0,46.0,267.0,272.0"
2947,2359471,2359471,2,1_hop,tree,graph_box,1.0000,17,2,1,2,,500,375,"374.0,101.0,464.0,196.0"
2948,2359471,2359471,1,0_hop,tree trunk,graph_box,1.0000,17,1,0,1,,500,375,"47.0,33.0,118.0,230.0"
2949,2417949,2417949,1,1_hop,pizza,graph_box,1.0000,15,1,0,2,,374,500,"1.0,107.0,366.0,432.0"
2951,2372702,2372702,2,2_hop,plate,graph_box,1.0000,20,2,1,3,,374,500,"0.0,223.0,135.0,320.0"
2952,2372702,2372702,2,and,plate,graph_box,1.0000,20,2,1,3,,374,500,"0.0,223.0,135.0,320.0"
2953,2333085,2333085,1,0_hop,bridge,graph_box,1.0000,15,1,0,1,,500,333,"363.0,0.0,500.0,72.0"
2956,2406028,2406028,1,0_hop,man,graph_box,1.0000,4,1,0,1,,375,500,"177.0,158.0,323.0,474.0"
2957,2406028,2406028,1,and,man,graph_box,1.0000,4,1,0,3,,375,500,"177.0,158.0,323.0,474.0"
2958,2393768,2393768,1,and,plate,graph_box,1.0000,17,1,0,3,,500,172,"169.0,47.0,342.0,163.0"
2961,713353,713353,1,2_hop,chair,graph_box,1.0000,30,1,0,3,,1024,685,"50.0,194.0,219.0,487.0"
2962,2346651,2346651,1,and,trunk,graph_box,1.0000,10,1,0,3,,333,500,"0.0,0.0,168.0,501.0"
2964,2328963,2328963,1,0_hop,refrigerator,graph_box,1.0000,10,1,0,1,,364,500,"133.0,171.0,329.0,484.0"
2965,2359192,2359192,2,2_hop,can,graph_box,1.0000,25,2,1,3,,500,375,"298.0,280.0,367.0,375.0"
2967,2334770,2334770,1,0_hop,pole,graph_box,1.0000,22,1,0,1,,357,500,"201.0,153.0,225.0,499.0"
2968,2401556,2401556,1,0_hop,seat,graph_box,1.0000,10,1,0,1,,375,500,"136.0,342.0,233.0,385.0"
2972,2374029,2374029,1,1_hop,man,objects_id_first,0.0000,17,1,0,2,,500,335,"290.1,146.9,499.8,332.4"
2974,2392147,2392147,2,and,woman,graph_box,1.0000,36,3,2,3,,500,375,"8.0,111.0,212.0,374.0"
2975,2392147,2392147,3,2_hop,woman,graph_box,1.0000,36,3,2,3,,500,375,"8.0,111.0,212.0,374.0"
2976,2336563,2336563,1,0_hop,tie,objects_id_first,0.4856,23,1,0,1,,443,500,"169.1,149.4,230.1,255.0"
2977,2380175,2380175,1,0_hop,water,graph_box,1.0000,12,1,0,1,,500,332,"0.0,109.0,501.0,332.0"
2978,2380178,2380178,2,1_hop,windshield,graph_box,1.0000,22,1,0,2,,500,358,"39.0,117.0,169.0,248.0"
2980,2321955,2321955,2,2_hop,jar,graph_box,1.0000,16,2,1,3,,500,500,"277.0,358.0,329.0,500.0"
2984,2347295,2347295,2,2_hop,zebra,graph_box,1.0000,24,1,0,3,,500,375,"67.0,75.0,380.0,374.0"
2985,2389006,2389006,1,0_hop,table,objects_id_first,0.0805,17,1,0,1,,500,375,"141.8,91.4,245.2,145.8"
2986,2389006,2389006,1,1_hop,table,objects_id_first,0.0869,17,1,0,2,,500,375,"142.7,90.5,246.7,146.6"
2987,2389006,2389006,1,2_hop,sheet,objects_id_first,0.2271,17,1,0,3,,500,375,"0.3,128.1,499.7,371.5"
2988,2389006,2389006,1,2_hop,lamp,objects_id_first,0.0000,17,1,0,3,,500,375,"208.0,1.9,273.1,111.6"
2989,2389006,2389006,1,1_hop,lamp,objects_id_first,0.0000,17,1,0,2,,500,375,"207.6,1.7,273.5,111.9"
2990,2565,2565,2,and,building,graph_box,1.0000,23,2,1,3,,375,500,"0.0,0.0,69.0,454.0"
2991,2369215,2369215,1,0_hop,table,graph_box,1.0000,8,1,0,1,,500,375,"11.0,67.0,356.0,375.0"
2992,2390580,2390580,1,0_hop,woman,graph_box,1.0000,20,1,0,1,,331,500,"57.0,134.0,258.0,455.0"
2993,2390580,2390580,1,and,woman,graph_box,1.0000,20,1,0,3,,331,500,"57.0,134.0,258.0,455.0"
2994,2320533,2320533,1,1_hop,boy,graph_box,1.0000,22,1,0,2,,281,500,"60.0,37.0,268.0,477.0"
2995,2414269,2414269,1,and,towel,graph_box,1.0000,18,1,0,3,,500,332,"200.0,230.0,253.0,292.0"
2997,2408268,2408268,1,1_hop,woman,graph_box,1.0000,11,1,0,2,,500,436,"340.0,0.0,496.0,187.0"
2998,2337103,2337103,1,0_hop,television,graph_box,1.0000,12,1,0,1,,500,375,"245.0,8.0,402.0,140.0"
3001,2381221,2381221,1,1_hop,bottle,graph_box,1.0000,17,1,0,2,,500,375,"332.0,0.0,386.0,68.0"
3002,2381221,2381221,1,0_hop,table,objects_id_first,0.1248,17,1,0,1,,500,375,"1.1,1.2,498.5,372.5"
3005,2341526,2341526,1,0_hop,banana,graph_box,1.0000,7,1,0,1,,500,333,"118.0,97.0,322.0,151.0"
3006,2341526,2341526,1,1_hop,banana,graph_box,1.0000,7,1,0,2,,500,333,"118.0,97.0,322.0,151.0"
3007,2341527,2341527,1,0_hop,tomato,graph_box,1.0000,10,1,0,1,,500,374,"193.0,224.0,293.0,280.0"
3008,2341527,2341527,1,1_hop,tomato,graph_box,1.0000,10,1,0,2,,500,374,"193.0,224.0,293.0,280.0"
3009,2394728,2394728,1,1_hop,gate,graph_box,1.0000,14,1,0,2,,500,500,"79.0,351.0,121.0,412.0"
3010,2402941,2402941,1,0_hop,collar,objects_id_first,0.1933,6,1,0,1,,333,500,"140.0,255.5,237.0,399.9"
3011,2402947,2402947,2,2_hop,woman,graph_box,1.0000,54,2,1,3,,500,373,"26.0,49.0,169.0,373.0"
3012,2402947,2402947,2,and,woman,graph_box,1.0000,54,2,1,3,,500,373,"26.0,49.0,169.0,373.0"
3014,2365793,2365793,1,0_hop,backpack,graph_box,1.0000,32,1,0,1,,500,331,"202.0,145.0,270.0,216.0"
3015,2397288,2397288,1,0_hop,pole,graph_box,1.0000,9,1,0,1,,375,500,"158.0,306.0,193.0,500.0"
3017,2397288,2397288,2,1_hop,sign,graph_box,1.0000,9,3,2,2,,375,500,"188.0,442.0,248.0,489.0"
3019,2412372,2412372,2,and,light fixture,graph_box,1.0000,10,2,1,3,,375,500,"307.0,15.0,370.0,85.0"
3020,2412373,2412373,1,1_hop,barrier,graph_box,1.0000,19,1,0,2,,500,333,"0.0,56.0,500.0,166.0"
3022,1670,1670,2,2_hop,paper,graph_box,1.0000,11,2,1,3,,800,600,"571.0,263.0,801.0,563.0"
3025,1670,1670,2,2_hop,cup,graph_box,1.0000,11,2,1,3,,800,600,"711.0,173.0,791.0,272.0"
3026,1670,1670,2,1_hop,cup,graph_box,1.0000,11,2,1,2,,800,600,"711.0,173.0,791.0,272.0"
3027,1670,1670,2,2_hop,cup,graph_box,1.0000,11,2,1,3,,800,600,"0.0,126.0,49.0,232.0"
3028,1670,1670,2,1_hop,cup,graph_box,1.0000,11,2,1,2,,800,600,"0.0,126.0,49.0,232.0"
3029,2402056,2402056,1,0_hop,seat,graph_box,1.0000,9,1,0,1,,375,500,"12.0,325.0,368.0,500.0"
3031,2386308,2386308,2,and,guy,graph_box,1.0000,25,2,1,3,,500,375,"48.0,109.0,179.0,374.0"
3032,2386308,2386308,2,2_hop,lamp,graph_box,1.0000,25,2,1,3,,500,375,"160.0,135.0,209.0,364.0"
3034,2386308,2386308,3,2_hop,lamp,graph_box,1.0000,25,2,1,3,,500,375,"160.0,135.0,209.0,364.0"
3035,2386308,2386308,1,1_hop,table,objects_id_first,0.4699,25,1,0,2,,500,375,"263.0,304.0,324.0,373.0"
3036,2349685,2349685,1,0_hop,mane,graph_box,1.0000,17,1,0,1,,375,500,"140.0,115.0,197.0,229.0"
3038,2366508,2366508,2,1_hop,palm tree,graph_box,1.0000,35,5,4,2,,500,375,"3.0,339.0,65.0,374.0"
3039,2366508,2366508,2,2_hop,flag,graph_box,1.0000,35,2,1,3,,500,375,"418.0,300.0,457.0,354.0"
3040,2366508,2366508,2,1_hop,flag,graph_box,1.0000,35,2,1,2,,500,375,"418.0,300.0,457.0,354.0"
3041,2413428,2413428,1,2_hop,bathtub,graph_box,1.0000,17,1,0,3,,500,375,"0.0,201.0,171.0,375.0"
3042,2413428,2413428,1,0_hop,curtain,graph_box,1.0000,17,1,0,1,,500,375,"1.0,1.0,99.0,366.0"
3043,2413428,2413428,1,2_hop,curtain,graph_box,1.0000,17,1,0,3,,500,375,"1.0,1.0,99.0,366.0"
3044,2413428,2413428,1,0_hop,cat,graph_box,1.0000,17,1,0,1,,500,375,"0.0,27.0,427.0,343.0"
3045,2413428,2413428,1,and,cat,graph_box,1.0000,17,1,0,3,,500,375,"0.0,27.0,427.0,343.0"
3046,2413428,2413428,1,and,pipe,graph_box,1.0000,17,1,0,3,,500,375,"155.0,0.0,199.0,374.0"
3049,2342301,2342301,1,2_hop,fence,graph_box,1.0000,21,1,0,3,,500,333,"356.0,34.0,500.0,76.0"
3050,2367475,2367475,1,1_hop,player,graph_box,1.0000,23,1,0,2,,333,500,"45.0,36.0,223.0,475.0"
3051,2375253,2375253,2,0_hop,bus,graph_box,1.0000,17,2,1,1,,375,500,"0.0,286.0,189.0,465.0"
3052,2375253,2375253,2,1_hop,bus,graph_box,1.0000,17,2,1,2,,375,500,"0.0,286.0,189.0,465.0"
3053,2370515,2370515,1,2_hop,man,graph_box,1.0000,9,1,0,3,,375,500,"0.0,11.0,249.0,499.0"
3054,2370047,2370047,1,and,tree,graph_box,1.0000,18,1,0,3,,500,375,"381.0,1.0,499.0,157.0"
3055,2320233,2320233,1,0_hop,brush,graph_box,1.0000,5,1,0,1,,335,500,"127.0,68.0,334.0,420.0"
3057,2346467,2346467,3,2_hop,horse,graph_box,1.0000,29,2,1,3,,500,332,"236.0,86.0,356.0,303.0"
3058,2346467,2346467,2,1_hop,horse,graph_box,1.0000,29,2,1,2,,500,332,"10.0,94.0,127.0,311.0"
3059,2346467,2346467,3,2_hop,horse,graph_box,1.0000,29,2,1,3,,500,332,"10.0,94.0,127.0,311.0"
3060,2347590,2347590,1,2_hop,building,graph_box,1.0000,13,1,0,3,,332,500,"233.0,0.0,330.0,138.0"
3062,2360121,2360121,1,2_hop,man,graph_box,1.0000,26,1,0,3,,500,375,"365.0,80.0,473.0,276.0"
3065,2356670,2356670,1,0_hop,fence,graph_box,1.0000,30,1,0,1,,500,333,"0.0,34.0,413.0,295.0"
3066,2356679,2356679,1,1_hop,train tracks,objects_id_first,0.2153,16,1,0,2,,500,337,"3.1,265.7,495.1,335.2"
3068,2352773,2352773,2,and,seat,graph_box,1.0000,21,3,2,3,,500,333,"208.0,38.0,293.0,73.0"
3069,2403830,2403830,1,0_hop,building,graph_box,1.0000,15,1,0,1,,500,375,"0.0,0.0,467.0,310.0"
3070,2373967,2373967,1,1_hop,cap,graph_box,1.0000,25,1,0,2,,500,375,"138.0,66.0,245.0,122.0"
3074,2373966,2373966,1,0_hop,counter,graph_box,1.0000,14,1,0,1,,375,500,"0.0,275.0,375.0,499.0"
3075,2373966,2373966,2,1_hop,bottle,graph_box,1.0000,14,2,1,2,,375,500,"305.0,248.0,355.0,393.0"
3076,2384655,2384655,1,0_hop,chair,graph_box,1.0000,7,1,0,1,,299,500,"37.0,10.0,298.0,422.0"
3077,2384655,2384655,1,1_hop,chair,graph_box,1.0000,7,1,0,2,,299,500,"37.0,10.0,298.0,422.0"
3079,2318766,2318766,2,and,keyboard,graph_box,1.0000,19,2,1,3,,500,375,"162.0,257.0,347.0,277.0"
3080,2318766,2318766,3,2_hop,keyboard,graph_box,1.0000,19,2,1,3,,500,375,"162.0,257.0,347.0,277.0"
3082,2318766,2318766,2,and,monitor,graph_box,1.0000,19,2,1,3,,500,375,"135.0,103.0,339.0,225.0"
3083,2364604,2364604,1,1_hop,napkin,graph_box,1.0000,36,1,0,2,,500,375,"303.0,14.0,451.0,85.0"
3084,2408703,2408703,2,2_hop,zebra,graph_box,1.0000,13,1,0,3,,500,333,"62.0,118.0,172.0,279.0"
3085,2408703,2408703,2,and,zebra,graph_box,1.0000,13,1,0,3,,500,333,"62.0,118.0,172.0,279.0"
3086,2400285,2400285,1,1_hop,house,graph_box,1.0000,19,1,0,2,,500,444,"0.0,298.0,384.0,390.0"
3087,2400285,2400285,1,2_hop,roof,graph_box,1.0000,19,1,0,3,,500,444,"1.0,330.0,382.0,389.0"
3088,2400285,2400285,1,1_hop,roof,graph_box,1.0000,19,1,0,2,,500,444,"1.0,330.0,382.0,389.0"
3090,2380329,2380329,1,1_hop,collar,graph_box,1.0000,15,1,0,2,,500,333,"189.0,114.0,269.0,199.0"
3091,2384433,2384433,1,1_hop,bush,objects_id_first,0.1095,27,1,0,2,,334,500,"1.2,377.5,212.2,464.7"
3092,4856,4856,1,0_hop,cabinet,graph_box,1.0000,12,1,0,1,,500,375,"458.0,75.0,500.0,220.0"
3093,4856,4856,1,2_hop,cabinet,objects_id_first,0.2025,12,1,0,3,,500,375,"372.0,0.0,499.0,230.0"
3094,4587,4587,2,1_hop,tree,graph_box,1.0000,34,2,1,2,,800,600,"327.0,34.0,440.0,272.0"
3096,2368922,2368922,1,2_hop,cup,graph_box,0.9354,15,1,0,3,,500,332,"280.5,102.6,461.2,250.9"
3097,2368922,2368922,1,and,potato salad,graph_box,1.0000,15,1,0,3,,500,332,"289.0,107.0,462.0,178.0"
3098,2368922,2368922,1,0_hop,chicken,graph_box,1.0000,15,1,0,1,,500,332,"120.0,111.0,286.0,180.0"
3101,2340021,2340021,1,1_hop,man,graph_box,1.0000,20,1,0,2,,500,451,"158.0,113.0,196.0,221.0"
3104,2358947,2358947,1,0_hop,roof,graph_box,1.0000,32,1,0,1,,500,338,"318.0,26.0,500.0,78.0"
3106,2358947,2358947,2,1_hop,palm tree,graph_box,1.0000,32,2,1,2,,500,338,"317.0,0.0,412.0,89.0"
3109,1082,1082,1,0_hop,woman,graph_box,1.0000,10,1,0,1,,600,402,"316.0,106.0,389.0,257.0"
3110,1082,1082,1,and,woman,graph_box,1.0000,10,1,0,3,,600,402,"316.0,106.0,389.0,257.0"
3111,1082,1082,1,0_hop,basket,graph_box,1.0000,10,1,0,1,,600,402,"119.0,264.0,410.0,402.0"
3112,2319072,2319072,1,1_hop,clock,graph_box,1.0000,11,1,0,2,,500,333,"229.0,274.0,318.0,331.0"
3117,2327418,2327418,1,and,woman,graph_box,1.0000,25,1,0,3,,375,500,"40.0,14.0,215.0,453.0"
3118,2370874,2370874,3,2_hop,pole,graph_box,1.0000,20,3,2,3,,500,333,"219.0,0.0,236.0,267.0"
3119,2370874,2370874,3,2_hop,pole,graph_box,1.0000,20,3,2,3,,500,333,"51.0,0.0,94.0,333.0"
3123,2349507,2349507,1,0_hop,tablecloth,graph_box,1.0000,16,1,0,1,,374,500,"0.0,368.0,141.0,496.0"
3125,1339,1339,1,0_hop,plate,graph_box,1.0000,9,1,0,1,,500,375,"138.0,90.0,387.0,282.0"
3126,1339,1339,1,2_hop,plate,graph_box,1.0000,9,1,0,3,,500,375,"138.0,90.0,387.0,282.0"
3127,1339,1339,2,2_hop,utensil,graph_box,1.0000,9,2,1,3,,500,375,"399.0,97.0,452.0,294.0"
3128,1339,1339,2,and,utensil,graph_box,1.0000,9,2,1,3,,500,375,"399.0,97.0,452.0,294.0"
3130,2362452,2362452,1,0_hop,skateboard,graph_box,1.0000,17,1,0,1,,333,500,"0.0,406.0,99.0,499.0"
3131,2338796,2338796,1,1_hop,counter,graph_box,1.0000,15,1,0,2,,500,333,"84.0,0.0,500.0,258.0"
3132,2338796,2338796,1,0_hop,knife,graph_box,1.0000,15,1,0,1,,500,333,"314.0,160.0,378.0,199.0"
3133,2338796,2338796,1,2_hop,knife,graph_box,1.0000,15,1,0,3,,500,333,"314.0,160.0,378.0,199.0"
3134,2338796,2338796,1,1_hop,knife,graph_box,1.0000,15,1,0,2,,500,333,"314.0,160.0,378.0,199.0"
3136,2371234,2371234,3,2_hop,smoke,graph_box,1.0000,11,2,1,3,,500,349,"277.0,172.0,480.0,254.0"
3137,107964,107964,1,0_hop,cap,graph_box,1.0000,18,1,0,1,,1024,768,"545.0,90.0,641.0,177.0"
3139,2326324,2326324,1,and,man,graph_box,1.0000,18,1,0,3,,357,500,"108.0,84.0,218.0,497.0"
3142,713216,713216,1,0_hop,ketchup,graph_box,1.0000,19,1,0,1,,1024,769,"421.0,114.0,534.0,392.0"
3144,2409083,2409083,1,1_hop,table,graph_box,1.0000,29,1,0,2,,500,375,"24.0,218.0,338.0,375.0"
3145,2409083,2409083,2,1_hop,vehicle,graph_box,1.0000,29,2,1,2,,500,375,"82.0,25.0,177.0,74.0"
3148,2387403,2387403,1,0_hop,windshield,graph_box,1.0000,10,1,0,1,,500,375,"284.0,97.0,372.0,173.0"
3149,2409775,2409775,1,0_hop,crowd,graph_box,1.0000,21,1,0,1,,500,292,"232.0,2.0,497.0,105.0"
3150,2336415,2336415,1,0_hop,house,graph_box,1.0000,24,1,0,1,,500,331,"333.0,16.0,500.0,128.0"
3151,4076,4076,1,and,lamp,graph_box,1.0000,8,1,0,3,,512,391,"361.0,71.0,451.0,211.0"
3152,3636,3636,1,2_hop,pot,graph_box,1.0000,25,1,0,3,,500,500,"8.0,433.0,155.0,487.0"
3153,2395398,2395398,2,and,fries,graph_box,1.0000,16,2,1,3,,334,500,"0.0,39.0,63.0,100.0"
3157,2370184,2370184,1,2_hop,hangar,graph_box,1.0000,14,1,0,3,,500,333,"0.0,0.0,276.0,158.0"
3158,2362973,2362973,1,0_hop,liquid,graph_box,1.0000,17,1,0,1,,500,375,"304.0,173.0,410.0,224.0"
3159,2362973,2362973,1,2_hop,book,graph_box,0.9369,17,1,0,3,,500,375,"201.1,151.9,302.0,225.8"
3160,2373576,2373576,1,0_hop,train,graph_box,1.0000,15,1,0,1,,500,331,"71.0,102.0,370.0,245.0"
3161,2373574,2373574,1,0_hop,sauce,graph_box,1.0000,21,1,0,1,,500,500,"23.0,398.0,87.0,470.0"
3162,2373574,2373574,1,1_hop,sauce,graph_box,1.0000,21,1,0,2,,500,500,"23.0,398.0,87.0,470.0"
3163,2328439,2328439,1,0_hop,sign,graph_box,1.0000,12,1,0,1,,500,334,"19.0,210.0,129.0,308.0"
3165,2409707,2409707,1,0_hop,tablecloth,graph_box,1.0000,23,1,0,1,,500,353,"0.0,250.0,139.0,353.0"
3167,2364349,2364349,3,2_hop,napkin,graph_box,1.0000,23,2,1,3,,329,500,"239.0,238.0,287.0,323.0"
3168,2369230,2369230,2,2_hop,man,graph_box,1.0000,21,2,1,3,,500,333,"401.0,39.0,464.0,95.0"
3170,2415168,2415168,2,0_hop,umbrella,graph_box,1.0000,18,1,0,1,,500,333,"233.0,108.0,368.0,187.0"
3171,2368943,2368943,1,2_hop,catcher,graph_box,1.0000,14,1,0,3,,500,333,"2.0,134.0,129.0,310.0"
3172,2368943,2368943,1,0_hop,fence,graph_box,1.0000,14,1,0,1,,500,333,"1.0,2.0,375.0,221.0"
3173,2368943,2368943,1,and,fence,graph_box,1.0000,14,1,0,3,,500,333,"1.0,2.0,375.0,221.0"
3174,2334561,2334561,1,1_hop,fence,graph_box,1.0000,14,1,0,2,,292,500,"0.0,1.0,293.0,354.0"
3176,2384359,2384359,1,0_hop,table,graph_box,1.0000,15,1,0,1,,281,500,"0.0,163.0,281.0,498.0"
3177,2352235,2352235,1,2_hop,door,graph_box,1.0000,11,1,0,3,,333,500,"16.0,1.0,307.0,500.0"
3178,2352235,2352235,1,and,door,graph_box,1.0000,11,1,0,3,,333,500,"16.0,1.0,307.0,500.0"
3181,2374402,2374402,1,1_hop,man,graph_box,1.0000,15,1,0,2,,500,375,"0.0,3.0,113.0,374.0"
3182,2411910,2411910,1,0_hop,door,graph_box,1.0000,18,1,0,1,,375,500,"5.0,0.0,118.0,232.0"
3183,2411910,2411910,1,1_hop,door,graph_box,1.0000,18,1,0,2,,375,500,"5.0,0.0,118.0,232.0"
3184,2411910,2411910,1,1_hop,pan,graph_box,1.0000,18,1,0,2,,375,500,"0.0,252.0,54.0,303.0"
3185,2324809,2324809,2,1_hop,man,graph_box,1.0000,28,7,6,2,,500,333,"240.0,217.0,320.0,284.0"
3186,2404023,2404023,1,2_hop,purse,graph_box,1.0000,12,1,0,3,,500,333,"365.0,136.0,497.0,333.0"
3187,2404023,2404023,1,1_hop,purse,graph_box,1.0000,12,1,0,2,,500,333,"365.0,136.0,497.0,333.0"
3189,2377183,2377183,1,1_hop,blanket,graph_box,1.0000,22,1,0,2,,500,281,"100.0,72.0,498.0,129.0"
3191,2392847,2392847,1,2_hop,baby,graph_box,1.0000,15,1,0,3,,500,375,"160.0,120.0,354.0,376.0"
3192,2392847,2392847,1,and,baby,graph_box,1.0000,15,1,0,3,,500,375,"160.0,120.0,354.0,376.0"
3193,2392847,2392847,2,0_hop,door,graph_box,1.0000,15,2,1,1,,500,375,"419.0,0.0,497.0,375.0"
3195,2392847,2392847,2,and,door,graph_box,1.0000,15,2,1,3,,500,375,"419.0,0.0,497.0,375.0"
3196,2392845,2392845,1,0_hop,building,graph_box,1.0000,19,1,0,1,,500,333,"292.0,64.0,434.0,129.0"
3204,2381855,2381855,1,0_hop,vase,graph_box,1.0000,9,1,0,1,,333,500,"71.0,237.0,203.0,486.0"
3205,2381855,2381855,1,1_hop,vase,graph_box,1.0000,9,1,0,2,,333,500,"71.0,237.0,203.0,486.0"
3206,2402078,2402078,1,0_hop,bottle,graph_box,1.0000,8,1,0,1,,375,500,"129.0,49.0,240.0,452.0"
3207,2402078,2402078,1,1_hop,bottle,graph_box,1.0000,8,1,0,2,,375,500,"129.0,49.0,240.0,452.0"
3209,2375580,2375580,1,0_hop,keyboard,graph_box,1.0000,22,1,0,1,,500,219,"278.0,180.0,344.0,213.0"
3210,2375580,2375580,1,0_hop,projector,graph_box,1.0000,22,1,0,1,,500,219,"337.0,141.0,383.0,168.0"
3211,2374981,2374981,1,0_hop,car,graph_box,1.0000,27,1,0,1,,500,375,"0.0,195.0,196.0,374.0"
3212,2397728,2397728,1,and,boat,graph_box,1.0000,5,1,0,3,,500,349,"208.0,125.0,445.0,288.0"
3217,2397720,2397720,2,2_hop,gravy,graph_box,1.0000,27,2,1,3,,500,375,"1.0,207.0,67.0,253.0"
3218,2397720,2397720,2,and,gravy,graph_box,1.0000,27,2,1,3,,500,375,"1.0,207.0,67.0,253.0"
3222,2321569,2321569,2,2_hop,man,graph_box,1.0000,20,2,1,3,,500,333,"15.0,193.0,140.0,327.0"
3223,2321569,2321569,2,and,man,graph_box,1.0000,20,2,1,3,,500,333,"15.0,193.0,140.0,327.0"
3225,2318746,2318746,1,2_hop,fence,graph_box,1.0000,22,1,0,3,,500,473,"0.0,2.0,499.0,267.0"
3226,2318746,2318746,1,and,fence,graph_box,1.0000,22,1,0,3,,500,473,"0.0,2.0,499.0,267.0"
3227,2387727,2387727,1,0_hop,basket,graph_box,1.0000,15,1,0,1,,500,375,"11.0,211.0,147.0,358.0"
3228,2387727,2387727,1,1_hop,remote controls,graph_box,1.0000,15,1,0,2,,500,375,"36.0,262.0,141.0,344.0"
3230,4871,4871,1,0_hop,door,objects_id_first,0.3439,7,1,0,1,,378,256,"155.2,5.0,247.9,145.5"
3231,2384182,2384182,1,and,door,graph_box,1.0000,18,1,0,3,,332,500,"121.0,189.0,189.0,325.0"
3232,2064,2064,1,0_hop,sink,graph_box,1.0000,13,1,0,1,,600,800,"97.0,500.0,256.0,592.0"
3233,1167,1167,1,0_hop,chair,graph_box,1.0000,5,1,0,1,,800,600,"239.0,336.0,310.0,450.0"
3234,2355225,2355225,1,0_hop,book,graph_box,1.0000,13,1,0,1,,500,358,"429.0,2.0,499.0,357.0"
3235,2344759,2344759,2,1_hop,flower,graph_box,1.0000,11,2,1,2,,333,500,"196.0,412.0,273.0,473.0"
3238,2348695,2348695,1,and,man,graph_box,1.0000,13,1,0,3,,375,500,"0.0,117.0,375.0,500.0"
3241,2362705,2362705,1,2_hop,man,graph_box,1.0000,5,1,0,3,,500,333,"371.0,198.0,409.0,284.0"
3242,2362705,2362705,1,and,man,graph_box,1.0000,5,1,0,3,,500,333,"371.0,198.0,409.0,284.0"
3243,2402516,2402516,1,0_hop,pipe,graph_box,1.0000,7,1,0,1,,500,335,"0.0,101.0,63.0,130.0"
3244,2369861,2369861,1,2_hop,toilet,graph_box,1.0000,12,1,0,3,,375,500,"59.0,18.0,342.0,413.0"
3245,2369861,2369861,1,1_hop,toilet,graph_box,1.0000,12,1,0,2,,375,500,"59.0,18.0,342.0,413.0"
3246,2369861,2369861,1,2_hop,toilet tank,graph_box,1.0000,12,1,0,3,,375,500,"136.0,15.0,342.0,211.0"
3248,2370898,2370898,1,0_hop,cabinets,graph_box,1.0000,18,1,0,1,,500,333,"73.0,181.0,260.0,259.0"
3252,2360441,2360441,1,1_hop,man,graph_box,1.0000,28,1,0,2,,500,334,"71.0,182.0,127.0,307.0"
3254,2393588,2393588,2,2_hop,graffiti,graph_box,1.0000,24,2,1,3,,357,500,"40.0,341.0,90.0,397.0"
3261,2371219,2371219,1,1_hop,cup,graph_box,1.0000,10,1,0,2,,500,500,"24.0,0.0,179.0,58.0"
3262,2371219,2371219,1,2_hop,pen,graph_box,1.0000,10,1,0,3,,500,500,"0.0,380.0,63.0,499.0"
3263,2371219,2371219,1,1_hop,pen,graph_box,1.0000,10,1,0,2,,500,500,"0.0,380.0,63.0,499.0"
3266,2324014,2324014,2,2_hop,symbol,graph_box,1.0000,13,2,1,3,,500,333,"358.0,166.0,409.0,212.0"
3267,2324014,2324014,2,1_hop,symbol,graph_box,1.0000,13,2,1,2,,500,333,"358.0,166.0,409.0,212.0"
3268,2396295,2396295,1,0_hop,car,graph_box,1.0000,22,1,0,1,,500,375,"182.0,292.0,338.0,374.0"
3271,2405983,2405983,2,2_hop,tree,graph_box,1.0000,15,2,1,3,,500,333,"1.0,0.0,181.0,197.0"
3272,2405983,2405983,2,and,tree,graph_box,1.0000,15,2,1,3,,500,333,"1.0,0.0,181.0,197.0"
3276,2416035,2416035,2,2_hop,crate,graph_box,1.0000,31,2,1,3,,500,333,"437.0,203.0,488.0,261.0"
3277,2416035,2416035,2,and,crate,graph_box,1.0000,31,2,1,3,,500,333,"437.0,203.0,488.0,261.0"
3279,2356227,2356227,1,1_hop,food,graph_box,1.0000,21,1,0,2,,333,500,"98.0,167.0,189.0,220.0"
3282,2407124,2407124,2,2_hop,strawberry,graph_box,1.0000,12,2,1,3,,500,500,"212.0,31.0,485.0,124.0"
3284,2378137,2378137,1,1_hop,rope,graph_box,1.0000,9,1,0,2,,500,333,"11.0,283.0,499.0,310.0"
3288,2391219,2391219,1,0_hop,table,graph_box,1.0000,17,1,0,1,,500,390,"0.0,264.0,499.0,389.0"
3289,2391219,2391219,1,1_hop,table,graph_box,1.0000,17,1,0,2,,500,390,"0.0,264.0,499.0,389.0"
3290,2391219,2391219,3,2_hop,plate,graph_box,1.0000,17,2,1,3,,500,390,"290.0,279.0,392.0,312.0"
3292,2382724,2382724,1,2_hop,box,graph_box,1.0000,14,1,0,3,,500,335,"1.0,55.0,203.0,328.0"
3294,2385977,2385977,2,2_hop,tree,graph_box,1.0000,23,3,2,3,,500,333,"449.0,133.0,497.0,239.0"
3297,2343256,2343256,1,0_hop,fence,graph_box,1.0000,20,1,0,1,,500,500,"245.0,85.0,500.0,138.0"
3298,2343256,2343256,1,2_hop,fence,graph_box,1.0000,20,1,0,3,,500,500,"245.0,85.0,500.0,138.0"
3299,2334421,2334421,1,1_hop,chandelier,graph_box,1.0000,11,1,0,2,,500,333,"412.0,27.0,456.0,81.0"
3300,2384518,2384518,1,2_hop,knife,graph_box,1.0000,9,1,0,3,,500,409,"156.0,305.0,499.0,390.0"
3301,2384518,2384518,1,and,knife,graph_box,1.0000,9,1,0,3,,500,409,"156.0,305.0,499.0,390.0"
3303,2376882,2376882,1,1_hop,man,graph_box,1.0000,18,1,0,2,,500,400,"2.0,0.0,343.0,398.0"
3304,2376882,2376882,1,0_hop,blinds,graph_box,1.0000,18,1,0,1,,500,400,"53.0,0.0,491.0,300.0"
3305,2365702,2365702,1,0_hop,tree,graph_box,1.0000,21,1,0,1,,500,333,"1.0,1.0,109.0,65.0"
3306,2316026,2316026,2,1_hop,sheep,graph_box,1.0000,30,10,9,2,,500,333,"3.0,220.0,437.0,244.0"
3307,1159303,1159303,1,1_hop,building,graph_box,1.0000,9,1,0,2,,1024,735,"0.0,10.0,1024.0,645.0"
3309,2322088,2322088,2,1_hop,man,graph_box,1.0000,37,4,3,2,,500,400,"44.0,176.0,81.0,322.0"
3312,1593016,1593016,2,1_hop,building,graph_box,1.0000,27,2,1,2,,683,1024,"0.0,342.0,679.0,682.0"
3313,1593016,1593016,1,1_hop,bus,graph_box,1.0000,27,1,0,2,,683,1024,"40.0,636.0,379.0,773.0"
3314,2408244,2408244,1,1_hop,surfboard,graph_box,1.0000,15,1,0,2,,375,500,"119.0,356.0,236.0,452.0"
3315,2317733,2317733,1,0_hop,bun,graph_box,0.9162,6,1,0,1,,500,336,"160.0,128.0,388.0,258.0"
3316,2317733,2317733,1,and,hot dog,graph_box,1.0000,6,1,0,3,,500,336,"175.0,157.0,357.0,222.0"
3319,2384376,2384376,1,0_hop,container,graph_box,1.0000,23,1,0,1,,500,375,"349.0,217.0,444.0,300.0"
3321,2322338,2322338,1,0_hop,guy,objects_id_first,0.4908,7,1,0,1,,500,341,"190.7,8.6,354.3,287.1"
3322,2322338,2322338,1,and,guy,graph_box,1.0000,7,1,0,3,,500,341,"89.0,17.0,387.0,246.0"
3323,2323901,2323901,2,2_hop,tree,graph_box,1.0000,28,3,2,3,,500,333,"1.0,1.0,62.0,132.0"
3327,2358511,2358511,1,2_hop,train,graph_box,1.0000,11,1,0,3,,500,375,"219.0,52.0,320.0,249.0"
3328,2358511,2358511,1,and,train,graph_box,1.0000,11,1,0,3,,500,375,"219.0,52.0,320.0,249.0"
3330,2364031,2364031,3,2_hop,paint,graph_box,1.0000,13,3,2,3,,500,375,"292.0,105.0,381.0,168.0"
3331,2392869,2392869,2,1_hop,logo,graph_box,1.0000,16,2,1,2,,500,375,"96.0,247.0,147.0,308.0"
3332,2392868,2392868,1,2_hop,book,graph_box,1.0000,13,1,0,3,,500,333,"0.0,168.0,106.0,202.0"
3336,2376031,2376031,1,0_hop,cat,graph_box,1.0000,5,1,0,1,,500,332,"7.0,175.0,304.0,307.0"
3337,2378566,2378566,1,0_hop,carrot,graph_box,1.0000,11,1,0,1,,500,375,"253.0,187.0,313.0,219.0"
3338,2400833,2400833,1,0_hop,cake,graph_box,1.0000,5,1,0,1,,500,334,"79.0,21.0,394.0,273.0"
3341,2379072,2379072,1,1_hop,water,graph_box,1.0000,26,1,0,2,,500,281,"0.0,45.0,499.0,115.0"
3342,713187,713187,2,1_hop,giraffe,graph_box,1.0000,15,1,0,2,,1024,681,"592.0,0.0,674.0,279.0"
3343,2371683,2371683,1,0_hop,pole,graph_box,1.0000,22,1,0,1,,500,343,"48.0,11.0,69.0,329.0"
3344,2394244,2394244,2,2_hop,vehicle,graph_box,1.0000,16,3,2,3,,500,326,"236.0,108.0,425.0,324.0"
3345,2394244,2394244,2,and,vehicle,graph_box,1.0000,16,3,2,3,,500,326,"236.0,108.0,425.0,324.0"
3346,2394244,2394244,3,2_hop,vehicle,graph_box,1.0000,16,3,2,3,,500,326,"236.0,108.0,425.0,324.0"
3348,2371684,2371684,1,0_hop,box,graph_box,1.0000,13,1,0,1,,500,313,"226.0,134.0,293.0,193.0"
3349,2371684,2371684,1,and,box,graph_box,1.0000,13,1,0,3,,500,313,"226.0,134.0,293.0,193.0"
3352,2399406,2399406,1,2_hop,horse,graph_box,1.0000,4,1,0,3,,375,500,"0.0,226.0,374.0,498.0"
3353,2399406,2399406,1,and,horse,graph_box,1.0000,4,1,0,3,,375,500,"0.0,226.0,374.0,498.0"
3354,2413098,2413098,1,2_hop,tree,graph_box,1.0000,26,1,0,3,,500,375,"45.0,48.0,90.0,231.0"
3356,2339845,2339845,1,2_hop,soup,graph_box,1.0000,14,1,0,3,,500,500,"309.0,213.0,500.0,500.0"
3359,2391589,2391589,1,1_hop,hot dog,graph_box,1.0000,16,1,0,2,,500,299,"117.0,104.0,468.0,265.0"
3360,2397743,2397743,2,0_hop,traffic light,graph_box,1.0000,30,2,1,1,,500,375,"441.0,148.0,472.0,212.0"
3361,2397743,2397743,3,2_hop,traffic light,graph_box,1.0000,30,2,1,3,,500,375,"441.0,148.0,472.0,212.0"
3362,2397743,2397743,1,and,street,graph_box,1.0000,30,1,0,3,,500,375,"0.0,297.0,499.0,372.0"
3363,2397743,2397743,1,2_hop,tree,graph_box,1.0000,30,1,0,3,,500,375,"0.0,239.0,38.0,301.0"
3365,2374309,2374309,1,0_hop,plate,graph_box,1.0000,14,1,0,1,,500,375,"285.0,238.0,448.0,353.0"
3366,2374309,2374309,1,1_hop,plate,graph_box,1.0000,14,1,0,2,,500,375,"285.0,238.0,448.0,353.0"
3367,2374309,2374309,1,2_hop,cup,graph_box,0.9799,14,1,0,3,,500,375,"323.3,237.3,407.3,335.9"
3368,2347379,2347379,1,1_hop,table,graph_box,1.0000,11,1,0,2,,500,375,"0.0,1.0,500.0,115.0"
3369,2347379,2347379,1,2_hop,flour,graph_box,1.0000,11,1,0,3,,500,375,"186.0,43.0,418.0,68.0"
3370,2347379,2347379,1,1_hop,flour,graph_box,1.0000,11,1,0,2,,500,375,"186.0,43.0,418.0,68.0"
3372,2408033,2408033,2,1_hop,man,graph_box,1.0000,23,3,2,2,,333,500,"128.0,171.0,197.0,318.0"
3373,2404639,2404639,2,2_hop,plate,graph_box,1.0000,17,2,1,3,,500,500,"135.0,350.0,337.0,445.0"
3374,2404639,2404639,2,1_hop,plate,graph_box,1.0000,17,2,1,2,,500,500,"135.0,350.0,337.0,445.0"
3375,2403912,2403912,1,0_hop,shower curtain,graph_box,1.0000,7,1,0,1,,375,500,"4.0,3.0,80.0,459.0"
3376,2334194,2334194,2,0_hop,vases,graph_box,1.0000,15,2,1,1,,375,500,"203.0,152.0,257.0,251.0"
3382,2373307,2373307,1,1_hop,bag,objects_id_first,0.4439,8,1,0,2,,333,500,"0.5,28.1,135.8,322.8"
3383,2363000,2363000,2,2_hop,building,graph_box,1.0000,26,1,0,3,,500,385,"281.0,71.0,488.0,376.0"
3386,2379897,2379897,1,0_hop,cup,graph_box,1.0000,12,1,0,1,,500,333,"273.0,264.0,317.0,303.0"
3387,2410704,2410704,1,2_hop,tie,graph_box,1.0000,26,1,0,3,,500,334,"228.0,156.0,283.0,286.0"
3389,2410704,2410704,2,and,man,graph_box,1.0000,26,2,1,3,,500,334,"0.0,42.0,220.0,333.0"
3390,2343442,2343442,2,2_hop,woman,graph_box,1.0000,27,2,1,3,,500,331,"0.0,52.0,109.0,201.0"
3391,2343442,2343442,2,and,woman,graph_box,1.0000,27,2,1,3,,500,331,"0.0,52.0,109.0,201.0"
3392,2343442,2343442,3,2_hop,woman,graph_box,1.0000,27,2,1,3,,500,331,"0.0,52.0,109.0,201.0"
3393,2343442,2343442,1,2_hop,forks,graph_box,1.0000,27,1,0,3,,500,331,"64.0,161.0,332.0,332.0"
3395,2332906,2332906,1,0_hop,bag,graph_box,1.0000,18,1,0,1,,500,375,"446.0,176.0,498.0,366.0"
3396,2341337,2341337,2,2_hop,windshield,graph_box,1.0000,24,2,1,3,,500,375,"269.0,84.0,346.0,209.0"
3397,2341337,2341337,2,1_hop,windshield,graph_box,1.0000,24,2,1,2,,500,375,"269.0,84.0,346.0,209.0"
3398,2341337,2341337,2,2_hop,platform,graph_box,1.0000,24,2,1,3,,500,375,"360.0,228.0,500.0,258.0"
3399,2341337,2341337,2,and,platform,graph_box,1.0000,24,2,1,3,,500,375,"360.0,228.0,500.0,258.0"
3400,2318122,2318122,1,0_hop,bike,graph_box,1.0000,18,1,0,1,,332,500,"69.0,220.0,275.0,388.0"
3401,2366645,2366645,1,1_hop,door,graph_box,1.0000,18,1,0,2,,500,188,"397.0,52.0,424.0,125.0"
3402,2365649,2365649,1,2_hop,ice cream,graph_box,1.0000,4,1,0,3,,500,500,"110.0,112.0,407.0,312.0"
3403,2365649,2365649,1,1_hop,ice cream,graph_box,1.0000,4,1,0,2,,500,500,"110.0,112.0,407.0,312.0"
3404,2402457,2402457,1,0_hop,door,graph_box,1.0000,17,1,0,1,,500,375,"15.0,148.0,61.0,204.0"
3408,2323212,2323212,2,1_hop,man,graph_box,1.0000,21,2,1,2,,500,464,"12.0,48.0,144.0,462.0"
3409,2371012,2371012,1,0_hop,van,graph_box,1.0000,18,1,0,1,,375,500,"122.0,237.0,207.0,302.0"
3410,713518,713518,1,0_hop,keyboard,graph_box,1.0000,17,1,0,1,,1280,856,"536.0,672.0,934.0,750.0"
3416,2351588,2351588,1,0_hop,spatula,graph_box,1.0000,24,1,0,1,,500,375,"277.0,175.0,330.0,273.0"
3417,2351588,2351588,1,1_hop,spatula,graph_box,1.0000,24,1,0,2,,500,375,"277.0,175.0,330.0,273.0"
3418,2353322,2353322,1,and,boy,graph_box,1.0000,26,1,0,3,,500,333,"63.0,47.0,409.0,325.0"
3419,2353322,2353322,1,2_hop,cup,graph_box,1.0000,26,1,0,3,,500,333,"101.0,273.0,178.0,333.0"
3420,2373538,2373538,1,0_hop,apple,graph_box,1.0000,12,1,0,1,,500,400,"272.0,230.0,386.0,329.0"
3421,2373538,2373538,1,1_hop,apple,graph_box,1.0000,12,1,0,2,,500,400,"272.0,230.0,386.0,329.0"
3422,2410495,2410495,1,2_hop,pizza,graph_box,1.0000,13,1,0,3,,375,500,"12.0,187.0,333.0,394.0"
3423,2410495,2410495,1,and,pizza,graph_box,1.0000,13,1,0,3,,375,500,"12.0,187.0,333.0,394.0"
3424,2410495,2410495,1,2_hop,chair,graph_box,1.0000,13,1,0,3,,375,500,"0.0,2.0,224.0,142.0"
3425,2410495,2410495,1,and,chair,graph_box,1.0000,13,1,0,3,,375,500,"0.0,2.0,224.0,142.0"
3426,2320591,2320591,1,0_hop,vehicle,graph_box,1.0000,11,1,0,1,,500,500,"365.0,167.0,439.0,235.0"
3427,2381241,2381241,1,and,player,graph_box,1.0000,27,1,0,3,,500,259,"124.0,5.0,392.0,259.0"
3428,2391355,2391355,1,2_hop,racket,graph_box,1.0000,4,1,0,3,,500,333,"234.0,147.0,287.0,211.0"
3429,2391355,2391355,1,1_hop,racket,graph_box,1.0000,4,1,0,2,,500,333,"234.0,147.0,287.0,211.0"
3431,2394483,2394483,1,0_hop,home plate,objects_id_first,0.0232,15,1,0,1,,375,500,"269.6,374.9,352.4,401.4"
3432,2333881,2333881,2,and,woman,graph_box,1.0000,24,1,0,3,,500,375,"391.0,196.0,499.0,283.0"
3433,2368181,2368181,1,1_hop,woman,graph_box,1.0000,12,1,0,2,,375,500,"112.0,356.0,287.0,498.0"
3435,2417941,2417941,1,0_hop,pillow,graph_box,1.0000,12,1,0,1,,500,476,"26.0,293.0,100.0,337.0"
3436,2393007,2393007,1,and,man,graph_box,1.0000,16,1,0,3,,342,500,"105.0,65.0,213.0,269.0"
3437,2383075,2383075,1,0_hop,tower,graph_box,1.0000,9,1,0,1,,500,331,"115.0,248.0,253.0,331.0"
3440,2368989,2368989,2,1_hop,building,graph_box,1.0000,26,2,1,2,,374,500,"254.0,373.0,374.0,499.0"
3441,2368989,2368989,3,1_hop,building,graph_box,1.0000,26,2,1,2,,374,500,"254.0,373.0,374.0,499.0"
3442,2368989,2368989,2,0_hop,sign,graph_box,1.0000,26,3,2,1,,374,500,"25.0,346.0,213.0,498.0"
3443,2322532,2322532,1,2_hop,mat,graph_box,1.0000,13,1,0,3,,375,500,"46.0,342.0,96.0,493.0"
3446,2388064,2388064,1,and,fence,graph_box,1.0000,20,1,0,3,,400,500,"0.0,0.0,399.0,314.0"
3447,2395359,2395359,1,2_hop,package,graph_box,0.9586,11,1,0,3,,334,500,"62.5,113.5,189.3,252.4"
3448,2395359,2395359,1,1_hop,package,graph_box,0.9781,11,1,0,2,,334,500,"62.8,113.0,188.1,250.9"
3452,2328178,2328178,2,and,sandwich,graph_box,1.0000,22,2,1,3,,500,500,"268.0,205.0,490.0,396.0"
3453,2873,2873,3,2_hop,man,graph_box,1.0000,21,2,1,3,,800,600,"746.0,330.0,798.0,537.0"
3455,2413910,2413910,1,1_hop,pizza,graph_box,1.0000,14,1,0,2,,500,375,"26.0,30.0,499.0,353.0"
3456,2393683,2393683,1,0_hop,racket,graph_box,1.0000,11,1,0,1,,333,500,"144.0,166.0,239.0,247.0"
3457,2393687,2393687,2,2_hop,woman,graph_box,1.0000,26,3,2,3,,500,333,"56.0,237.0,150.0,331.0"
3458,2393687,2393687,2,1_hop,woman,graph_box,1.0000,26,3,2,2,,500,333,"56.0,237.0,150.0,331.0"
3459,2393687,2393687,3,1_hop,woman,graph_box,1.0000,26,3,2,2,,500,333,"56.0,237.0,150.0,331.0"
3464,2393687,2393687,2,0_hop,umbrella,graph_box,1.0000,26,5,4,1,,500,333,"110.0,238.0,210.0,273.0"
3467,2389837,2389837,1,0_hop,roadway,graph_box,1.0000,17,1,0,1,,500,333,"0.0,249.0,500.0,331.0"
3468,2393461,2393461,2,1_hop,woman,graph_box,1.0000,18,1,0,2,,435,500,"20.0,48.0,143.0,469.0"
3469,2346486,2346486,2,and,man,graph_box,1.0000,20,3,2,3,,500,375,"410.0,71.0,500.0,353.0"
3470,2409655,2409655,1,0_hop,sign,graph_box,1.0000,22,1,0,1,,500,375,"97.0,25.0,171.0,181.0"
3472,2320293,2320293,1,0_hop,chair,graph_box,1.0000,21,1,0,1,,500,375,"94.0,0.0,462.0,193.0"
3475,2386099,2386099,2,and,glass,graph_box,1.0000,26,4,3,3,,500,334,"363.0,247.0,396.0,322.0"
3476,2386099,2386099,1,0_hop,cake,graph_box,1.0000,26,1,0,1,,500,334,"203.0,230.0,285.0,295.0"
3477,2386099,2386099,1,and,cake,graph_box,1.0000,26,1,0,3,,500,334,"203.0,230.0,285.0,295.0"
3478,2318785,2318785,1,0_hop,pole,graph_box,1.0000,14,1,0,1,,500,375,"454.0,0.0,493.0,280.0"
3479,2380070,2380070,1,0_hop,sign,graph_box,1.0000,13,1,0,1,,333,500,"98.0,173.0,223.0,302.0"
3480,2380070,2380070,1,1_hop,sign,graph_box,1.0000,13,1,0,2,,333,500,"98.0,173.0,223.0,302.0"
3481,2339392,2339392,1,1_hop,clock,graph_box,1.0000,8,1,0,2,,500,500,"208.0,148.0,320.0,252.0"
3482,2333995,2333995,1,0_hop,door,graph_box,1.0000,18,1,0,1,,500,334,"252.0,112.0,286.0,217.0"
3485,2401028,2401028,1,0_hop,pencil,graph_box,1.0000,18,1,0,1,,500,280,"393.0,227.0,474.0,279.0"
3486,2401028,2401028,1,0_hop,screen,graph_box,1.0000,18,1,0,1,,500,280,"0.0,42.0,65.0,124.0"
3487,2383666,2383666,1,2_hop,staircase,graph_box,1.0000,20,1,0,3,,500,333,"249.0,189.0,475.0,332.0"
3488,2383666,2383666,1,1_hop,staircase,graph_box,1.0000,20,1,0,2,,500,333,"249.0,189.0,475.0,332.0"
3489,2336649,2336649,2,0_hop,plate,graph_box,1.0000,21,2,1,1,,374,500,"38.0,390.0,151.0,449.0"
3491,2336649,2336649,2,2_hop,man,graph_box,1.0000,21,2,1,3,,374,500,"250.0,126.0,340.0,311.0"
3492,2336649,2336649,2,1_hop,man,graph_box,1.0000,21,2,1,2,,374,500,"250.0,126.0,340.0,311.0"
3494,2336649,2336649,3,1_hop,man,graph_box,1.0000,21,2,1,2,,374,500,"250.0,126.0,340.0,311.0"
3495,2336649,2336649,2,2_hop,man,graph_box,1.0000,21,2,1,3,,374,500,"0.0,152.0,51.0,404.0"
3496,2336649,2336649,2,1_hop,man,graph_box,1.0000,21,2,1,2,,374,500,"0.0,152.0,51.0,404.0"
3500,2399683,2399683,1,2_hop,american flag,graph_box,1.0000,16,1,0,3,,500,375,"63.0,34.0,115.0,73.0"
3501,2399683,2399683,1,1_hop,american flag,graph_box,1.0000,16,1,0,2,,500,375,"63.0,34.0,115.0,73.0"
3502,2402121,2402121,1,0_hop,wallpaper,graph_box,1.0000,19,1,0,1,,333,500,"0.0,1.0,273.0,164.0"
3503,2402121,2402121,1,1_hop,wallpaper,graph_box,1.0000,19,1,0,2,,333,500,"0.0,1.0,273.0,164.0"
3507,2361163,2361163,1,0_hop,fence,graph_box,1.0000,15,1,0,1,,500,375,"0.0,289.0,500.0,375.0"
3509,2355912,2355912,2,2_hop,car,graph_box,1.0000,20,2,1,3,,500,375,"401.0,201.0,500.0,260.0"
3511,2355912,2355912,2,0_hop,building,graph_box,1.0000,20,2,1,1,,500,375,"240.0,49.0,477.0,223.0"
3513,2355912,2355912,2,1_hop,building,graph_box,1.0000,20,2,1,2,,500,375,"240.0,49.0,477.0,223.0"
3514,2373679,2373679,2,2_hop,man,graph_box,1.0000,22,1,0,3,,500,332,"102.0,97.0,133.0,174.0"
3520,2381389,2381389,1,0_hop,fence,graph_box,1.0000,22,1,0,1,,500,375,"2.0,104.0,499.0,179.0"
3521,2400268,2400268,1,1_hop,bus,graph_box,1.0000,22,1,0,2,,333,500,"291.0,415.0,334.0,475.0"
3524,2317588,2317588,2,2_hop,people,graph_box,1.0000,21,1,0,3,,333,500,"23.0,21.0,288.0,469.0"
3526,2317588,2317588,1,1_hop,rug,graph_box,1.0000,21,1,0,2,,333,500,"0.0,324.0,333.0,500.0"
3527,2400262,2400262,1,and,man,graph_box,1.0000,9,1,0,3,,500,333,"157.0,0.0,430.0,178.0"
3528,2413202,2413202,1,0_hop,man,graph_box,1.0000,21,1,0,1,,375,500,"15.0,66.0,286.0,496.0"
3529,2413202,2413202,1,2_hop,man,graph_box,1.0000,21,1,0,3,,375,500,"15.0,66.0,286.0,496.0"
3530,2413202,2413202,1,and,man,graph_box,1.0000,21,1,0,3,,375,500,"15.0,66.0,286.0,496.0"
3531,2413202,2413202,1,2_hop,dog,graph_box,1.0000,21,1,0,3,,375,500,"268.0,329.0,375.0,498.0"
3532,2413202,2413202,1,and,dog,graph_box,1.0000,21,1,0,3,,375,500,"268.0,329.0,375.0,498.0"
3533,2332610,2332610,1,0_hop,water,graph_box,1.0000,10,1,0,1,,500,313,"0.0,0.0,499.0,223.0"
3534,2332610,2332610,1,2_hop,water,graph_box,1.0000,10,1,0,3,,500,313,"0.0,0.0,499.0,223.0"
3535,2332610,2332610,1,1_hop,water,graph_box,1.0000,10,1,0,2,,500,313,"0.0,0.0,499.0,223.0"
3537,2378471,2378471,1,0_hop,television,graph_box,1.0000,20,1,0,1,,500,375,"0.0,162.0,78.0,239.0"
3539,2398310,2398310,2,0_hop,train,graph_box,1.0000,12,2,1,1,,500,375,"33.0,94.0,253.0,290.0"
3540,2398310,2398310,2,2_hop,train,graph_box,1.0000,12,2,1,3,,500,375,"33.0,94.0,253.0,290.0"
3541,2398310,2398310,2,1_hop,train,graph_box,1.0000,12,2,1,2,,500,375,"33.0,94.0,253.0,290.0"
3543,2368905,2368905,2,and,gate,graph_box,1.0000,22,2,1,3,,500,375,"0.0,135.0,336.0,332.0"
3544,2368905,2368905,3,2_hop,gate,graph_box,1.0000,22,2,1,3,,500,375,"0.0,135.0,336.0,332.0"
3547,2377956,2377956,2,1_hop,trailer,graph_box,1.0000,24,1,0,2,,500,375,"284.0,180.0,436.0,252.0"
3548,2412270,2412270,2,0_hop,tree,graph_box,1.0000,21,2,1,1,,334,500,"241.0,2.0,271.0,123.0"
3550,2343911,2343911,1,and,chair,graph_box,1.0000,20,1,0,3,,500,375,"51.0,276.0,160.0,375.0"
3551,2360401,2360401,1,and,laptop,graph_box,1.0000,12,1,0,3,,500,333,"165.0,80.0,335.0,269.0"
3552,2360401,2360401,2,2_hop,container,graph_box,1.0000,12,2,1,3,,500,333,"93.0,159.0,159.0,263.0"
3553,2360401,2360401,2,1_hop,container,graph_box,1.0000,12,2,1,2,,500,333,"93.0,159.0,159.0,263.0"
3554,2371677,2371677,2,2_hop,woman,graph_box,1.0000,22,2,1,3,,500,375,"183.0,18.0,417.0,373.0"
3555,2371677,2371677,2,and,woman,graph_box,1.0000,22,2,1,3,,500,375,"183.0,18.0,417.0,373.0"
3556,2407404,2407404,1,0_hop,ski,graph_box,1.0000,12,1,0,1,,500,333,"142.0,224.0,292.0,247.0"
3558,2375958,2375958,1,0_hop,cable,graph_box,1.0000,20,1,0,1,,500,281,"124.0,10.0,182.0,130.0"
3559,2375958,2375958,1,1_hop,cable,graph_box,1.0000,20,1,0,2,,500,281,"124.0,10.0,182.0,130.0"
3561,2390677,2390677,1,0_hop,pizza,graph_box,1.0000,14,1,0,1,,500,335,"316.0,149.0,459.0,185.0"
3562,2325709,2325709,1,0_hop,hat,graph_box,1.0000,11,1,0,1,,500,266,"53.0,23.0,170.0,88.0"
3565,2325896,2325896,2,and,sign,graph_box,1.0000,16,2,1,3,,500,500,"408.0,84.0,489.0,132.0"
3566,2354557,2354557,1,1_hop,sign,graph_box,1.0000,20,1,0,2,,500,375,"463.0,152.0,500.0,211.0"
3568,2409795,2409795,1,2_hop,star,graph_box,1.0000,13,1,0,3,,500,375,"28.0,0.0,94.0,42.0"
3572,2391258,2391258,2,0_hop,man,graph_box,1.0000,12,2,1,1,,500,375,"238.0,100.0,461.0,353.0"
3573,2387572,2387572,1,1_hop,chain,graph_box,1.0000,10,1,0,2,,500,332,"180.0,223.0,229.0,258.0"
3575,2378658,2378658,1,0_hop,picture,graph_box,1.0000,9,1,0,1,,414,500,"187.0,14.0,313.0,137.0"
3576,2394974,2394974,1,0_hop,bike,graph_box,1.0000,14,1,0,1,,500,333,"108.0,96.0,258.0,277.0"
3578,2352072,2352072,2,and,hedge,graph_box,1.0000,27,3,2,3,,500,331,"353.0,40.0,499.0,222.0"
3581,2346161,2346161,1,and,man,graph_box,1.0000,17,1,0,3,,500,500,"235.0,63.0,359.0,333.0"
3584,2411295,2411295,1,and,lamp,graph_box,1.0000,32,1,0,3,,500,328,"421.0,0.0,500.0,328.0"
3586,2361626,2361626,1,0_hop,plate,graph_box,1.0000,16,1,0,1,,375,500,"0.0,134.0,374.0,499.0"
3587,2415670,2415670,1,0_hop,box,graph_box,1.0000,11,1,0,1,,500,334,"365.0,247.0,421.0,316.0"
3588,2338728,2338728,2,1_hop,cord,graph_box,1.0000,13,2,1,2,,500,334,"70.0,179.0,112.0,330.0"
3589,2325687,2325687,1,0_hop,dish,graph_box,1.0000,12,1,0,1,,500,334,"0.0,63.0,499.0,334.0"
3590,2326602,2326602,1,1_hop,hot dog,graph_box,1.0000,10,1,0,2,,500,375,"31.0,113.0,406.0,259.0"
3592,2390315,2390315,1,0_hop,roadway,objects_id_first,0.0655,14,1,0,1,,500,333,"1.4,175.2,498.2,270.7"
3594,2391808,2391808,2,2_hop,door,graph_box,1.0000,14,2,1,3,,500,375,"218.0,1.0,435.0,354.0"
3595,2391808,2391808,2,1_hop,door,graph_box,1.0000,14,2,1,2,,500,375,"218.0,1.0,435.0,354.0"
3596,2391808,2391808,2,2_hop,door,graph_box,1.0000,14,2,1,3,,500,375,"37.0,1.0,227.0,354.0"
3598,2855,2855,2,2_hop,building,graph_box,1.0000,20,2,1,3,,800,600,"407.0,0.0,763.0,472.0"
3599,2855,2855,2,and,building,graph_box,1.0000,20,2,1,3,,800,600,"407.0,0.0,763.0,472.0"
3600,2342674,2342674,1,0_hop,blanket,objects_id_first,0.2205,10,1,0,1,,346,500,"1.8,1.8,344.3,498.1"
3601,2380658,2380658,1,0_hop,skateboard,graph_box,1.0000,18,1,0,1,,500,322,"76.0,248.0,190.0,290.0"
3602,2344457,2344457,1,1_hop,airplane,graph_box,1.0000,22,1,0,2,,500,198,"11.0,32.0,454.0,171.0"
3603,2373119,2373119,2,0_hop,plate,graph_box,1.0000,29,2,1,1,,500,333,"23.0,232.0,359.0,333.0"
3604,2373119,2373119,2,0_hop,plate,graph_box,1.0000,29,2,1,1,,500,333,"190.0,57.0,360.0,117.0"
3605,2318866,2318866,1,2_hop,man,graph_box,1.0000,31,1,0,3,,375,500,"74.0,113.0,302.0,431.0"
3606,2394374,2394374,1,and,pen,graph_box,1.0000,14,1,0,3,,500,305,"409.0,264.0,495.0,293.0"
3607,2394374,2394374,1,2_hop,notebook,graph_box,1.0000,14,1,0,3,,500,305,"378.0,235.0,500.0,305.0"
3608,2316423,2316423,1,2_hop,windshield,graph_box,1.0000,11,1,0,3,,500,500,"113.0,0.0,392.0,206.0"
3609,2377961,2377961,1,2_hop,fork,graph_box,1.0000,10,1,0,3,,367,500,"249.0,420.0,326.0,480.0"
3610,2377961,2377961,1,and,fork,graph_box,1.0000,10,1,0,3,,367,500,"249.0,420.0,326.0,480.0"
3611,2377961,2377961,1,and,girl,graph_box,1.0000,10,1,0,3,,367,500,"1.0,45.0,294.0,498.0"
3612,2398788,2398788,2,2_hop,cup,graph_box,1.0000,15,2,1,3,,500,375,"1.0,0.0,85.0,158.0"
3613,2398788,2398788,2,and,cup,graph_box,1.0000,15,2,1,3,,500,375,"1.0,0.0,85.0,158.0"
3614,2410918,2410918,2,2_hop,blanket,graph_box,1.0000,23,2,1,3,,500,375,"213.0,170.0,420.0,309.0"
3615,2410918,2410918,2,1_hop,blanket,graph_box,1.0000,23,2,1,2,,500,375,"213.0,170.0,420.0,309.0"
3618,1592978,1592978,2,0_hop,pole,graph_box,1.0000,27,1,0,1,,960,1280,"813.0,1113.0,898.0,1280.0"
3619,2338501,2338501,2,2_hop,plate,graph_box,1.0000,11,2,1,3,,500,375,"30.0,28.0,433.0,102.0"
3620,2338501,2338501,2,and,plate,graph_box,1.0000,11,2,1,3,,500,375,"30.0,28.0,433.0,102.0"
3621,2397312,2397312,1,0_hop,phone,graph_box,1.0000,5,1,0,1,,375,500,"86.0,161.0,129.0,266.0"
3623,2394360,2394360,2,1_hop,paddle,graph_box,1.0000,9,2,1,2,,500,333,"69.0,151.0,202.0,177.0"
3624,2393405,2393405,2,0_hop,bird,graph_box,1.0000,11,3,2,1,,500,332,"40.0,158.0,101.0,188.0"
3625,2393405,2393405,2,1_hop,bird,graph_box,1.0000,11,3,2,2,,500,332,"40.0,158.0,101.0,188.0"
3626,2393405,2393405,1,0_hop,water,graph_box,1.0000,11,1,0,1,,500,332,"0.0,162.0,500.0,331.0"
3627,2386158,2386158,1,and,dog,graph_box,1.0000,14,1,0,3,,333,500,"21.0,64.0,256.0,215.0"
3628,2480,2480,1,1_hop,lake,graph_box,1.0000,11,1,0,2,,800,600,"0.0,431.0,800.0,600.0"
3629,2360218,2360218,1,0_hop,windshield,graph_box,1.0000,8,1,0,1,,375,500,"24.0,83.0,117.0,187.0"
3630,2401477,2401477,1,0_hop,lid,graph_box,1.0000,21,1,0,1,,500,375,"338.0,268.0,485.0,351.0"
3631,2334898,2334898,1,1_hop,frame,graph_box,1.0000,24,1,0,2,,500,334,"233.0,0.0,481.0,322.0"
3632,2412189,2412189,2,2_hop,building,graph_box,1.0000,16,2,1,3,,500,356,"389.0,88.0,500.0,177.0"
3634,2321723,2321723,1,and,sink,graph_box,1.0000,15,1,0,3,,500,333,"120.0,196.0,209.0,236.0"
3636,2357368,2357368,2,1_hop,man,graph_box,1.0000,25,2,1,2,,479,500,"199.0,2.0,338.0,235.0"
3638,2349807,2349807,2,1_hop,elephant,graph_box,1.0000,13,2,1,2,,500,333,"138.0,43.0,254.0,225.0"
3639,2349807,2349807,1,1_hop,fence,graph_box,1.0000,13,1,0,2,,500,333,"0.0,129.0,462.0,211.0"
3640,2384822,2384822,1,0_hop,bags,graph_box,1.0000,36,1,0,1,,375,500,"265.0,336.0,358.0,461.0"
3641,2383601,2383601,2,2_hop,man,graph_box,1.0000,19,2,1,3,,500,333,"150.0,163.0,182.0,269.0"
3643,2383601,2383601,1,2_hop,building,graph_box,1.0000,19,1,0,3,,500,333,"1.0,0.0,500.0,262.0"
3644,2354949,2354949,1,1_hop,man,graph_box,1.0000,18,1,0,2,,333,500,"32.0,129.0,332.0,499.0"
3645,2330795,2330795,1,0_hop,coffee cup,graph_box,1.0000,35,1,0,1,,333,500,"151.0,358.0,208.0,403.0"
3646,2330795,2330795,1,1_hop,coffee cup,graph_box,1.0000,35,1,0,2,,333,500,"151.0,358.0,208.0,403.0"
3647,4505,4505,1,0_hop,lamb,graph_box,1.0000,15,1,0,1,,500,375,"335.0,248.0,429.0,332.0"
3648,4505,4505,2,2_hop,bag,graph_box,1.0000,15,2,1,3,,500,375,"82.0,57.0,131.0,140.0"
3649,4505,4505,2,1_hop,bag,graph_box,1.0000,15,2,1,2,,500,375,"82.0,57.0,131.0,140.0"
3650,4505,4505,3,2_hop,bag,graph_box,1.0000,15,2,1,3,,500,375,"82.0,57.0,131.0,140.0"
3651,2396431,2396431,1,1_hop,woman,graph_box,1.0000,24,1,0,2,,500,281,"63.0,178.0,111.0,280.0"
3652,2356544,2356544,1,2_hop,blender,graph_box,1.0000,14,1,0,3,,375,500,"51.0,102.0,174.0,350.0"
3653,2356544,2356544,1,and,blender,graph_box,1.0000,14,1,0,3,,375,500,"51.0,102.0,174.0,350.0"
3654,2356544,2356544,1,0_hop,curtain,graph_box,1.0000,14,1,0,1,,375,500,"119.0,0.0,190.0,62.0"
3656,2410355,2410355,2,1_hop,cow,graph_box,1.0000,15,5,4,2,,500,375,"409.0,134.0,499.0,212.0"
3657,2369336,2369336,1,0_hop,bat,graph_box,1.0000,8,1,0,1,,375,500,"238.0,257.0,270.0,329.0"
3659,2325177,2325177,2,and,graffiti,graph_box,1.0000,15,4,3,3,,500,333,"1.0,48.0,74.0,185.0"
3662,2319908,2319908,1,2_hop,man,graph_box,1.0000,11,1,0,3,,500,332,"237.0,194.0,357.0,331.0"
3663,2319908,2319908,1,1_hop,man,graph_box,1.0000,11,1,0,2,,500,332,"237.0,194.0,357.0,331.0"
3664,2365335,2365335,2,1_hop,sign,graph_box,1.0000,13,2,1,2,,500,375,"398.0,65.0,435.0,116.0"
3665,2365334,2365334,1,0_hop,tree,graph_box,1.0000,9,1,0,1,,500,399,"351.0,143.0,498.0,398.0"
3667,2385521,2385521,1,0_hop,door,graph_box,1.0000,23,1,0,1,,500,400,"4.0,117.0,38.0,337.0"
3669,2385528,2385528,1,2_hop,boy,graph_box,1.0000,25,1,0,3,,500,331,"1.0,62.0,161.0,236.0"
3675,2335318,2335318,2,and,woman,graph_box,1.0000,20,2,1,3,,500,337,"428.0,129.0,496.0,264.0"
3677,2343402,2343402,2,2_hop,umbrella,graph_box,1.0000,22,4,3,3,,332,500,"204.0,96.0,332.0,224.0"
3678,2343402,2343402,2,and,umbrella,graph_box,1.0000,22,4,3,3,,332,500,"204.0,96.0,332.0,224.0"
3680,2348762,2348762,1,0_hop,gate,graph_box,1.0000,18,1,0,1,,500,375,"343.0,0.0,497.0,268.0"
3683,150295,150295,1,and,pole,graph_box,1.0000,12,1,0,3,,683,1024,"0.0,0.0,178.0,693.0"
3684,2391784,2391784,2,and,man,graph_box,1.0000,15,3,2,3,,500,388,"405.0,158.0,462.0,307.0"
3685,2391784,2391784,2,and,fence,graph_box,1.0000,15,2,1,3,,500,388,"0.0,152.0,197.0,253.0"
3687,2336063,2336063,1,1_hop,computer mouse,graph_box,1.0000,17,1,0,2,,500,375,"224.0,219.0,287.0,257.0"
3688,2336064,2336064,2,0_hop,computer monitor,graph_box,1.0000,13,2,1,1,,500,375,"309.0,51.0,454.0,174.0"
3689,2336064,2336064,2,and,computer monitor,graph_box,1.0000,13,2,1,3,,500,375,"309.0,51.0,454.0,174.0"
3690,2336064,2336064,1,2_hop,lamp,graph_box,1.0000,13,1,0,3,,500,375,"254.0,12.0,326.0,101.0"
3691,2334796,2334796,1,0_hop,napkin,graph_box,1.0000,16,1,0,1,,500,375,"263.0,32.0,405.0,135.0"
3693,2371504,2371504,1,2_hop,food,graph_box,1.0000,17,1,0,3,,374,500,"38.0,226.0,328.0,479.0"
3694,2371504,2371504,1,1_hop,food,graph_box,1.0000,17,1,0,2,,374,500,"38.0,226.0,328.0,479.0"
3696,2371504,2371504,1,2_hop,bread,graph_box,1.0000,17,1,0,3,,374,500,"129.0,303.0,328.0,481.0"
3697,2371504,2371504,1,1_hop,bread,graph_box,1.0000,17,1,0,2,,374,500,"129.0,303.0,328.0,481.0"
3698,2417109,2417109,1,and,rocks,objects_id_first,0.1370,13,1,0,3,,500,376,"1.0,174.7,261.0,288.1"
3703,2362883,2362883,2,2_hop,boat,graph_box,1.0000,23,3,2,3,,500,287,"368.0,137.0,501.0,200.0"
3704,2362883,2362883,2,and,boat,graph_box,1.0000,23,3,2,3,,500,287,"368.0,137.0,501.0,200.0"
3705,498077,498077,1,1_hop,chair,graph_box,1.0000,16,1,0,2,,640,448,"7.0,280.0,64.0,420.0"
3706,2406693,2406693,1,and,woman,graph_box,1.0000,14,1,0,3,,500,500,"267.0,214.0,380.0,499.0"
3708,2406694,2406694,2,2_hop,sign,graph_box,1.0000,23,3,2,3,,400,500,"74.0,108.0,130.0,184.0"
3709,2406694,2406694,2,and,sign,graph_box,1.0000,23,3,2,3,,400,500,"74.0,108.0,130.0,184.0"
3710,2346720,2346720,1,2_hop,stop sign,graph_box,1.0000,18,1,0,3,,500,305,"245.0,79.0,387.0,268.0"
3712,2405005,2405005,2,1_hop,tree,graph_box,1.0000,18,2,1,2,,500,375,"0.0,74.0,75.0,200.0"
3719,2364859,2364859,1,0_hop,mat,graph_box,1.0000,17,1,0,1,,500,375,"179.0,255.0,347.0,350.0"
3723,2404437,2404437,2,0_hop,umbrella,graph_box,1.0000,27,4,3,1,,500,281,"341.0,207.0,405.0,250.0"
3724,2417905,2417905,1,0_hop,building,graph_box,1.0000,18,1,0,1,,333,500,"1.0,0.0,162.0,213.0"
3725,2361313,2361313,1,2_hop,glass,graph_box,1.0000,15,1,0,3,,375,500,"313.0,110.0,375.0,213.0"
3726,2361313,2361313,3,2_hop,cup,graph_box,1.0000,15,2,1,3,,375,500,"37.0,66.0,140.0,158.0"
3727,2361313,2361313,1,0_hop,table,graph_box,1.0000,15,1,0,1,,375,500,"0.0,140.0,374.0,498.0"
3728,2414300,2414300,1,0_hop,cake,graph_box,1.0000,23,1,0,1,,281,500,"156.0,167.0,224.0,192.0"
3729,2414300,2414300,1,and,kettle,graph_box,1.0000,23,1,0,3,,281,500,"65.0,315.0,123.0,409.0"
3730,2321280,2321280,2,2_hop,poster,graph_box,1.0000,23,2,1,3,,375,500,"1.0,206.0,54.0,398.0"
3731,2321280,2321280,2,1_hop,poster,graph_box,1.0000,23,2,1,2,,375,500,"1.0,206.0,54.0,398.0"
3732,2380229,2380229,1,0_hop,tie,graph_box,1.0000,12,1,0,1,,500,332,"194.0,1.0,289.0,140.0"
3733,2342828,2342828,2,0_hop,luggage,graph_box,1.0000,17,3,2,1,,500,334,"111.0,209.0,235.0,290.0"
3734,2342828,2342828,2,0_hop,luggage,graph_box,1.0000,17,3,2,1,,500,334,"139.0,135.0,218.0,224.0"
3736,2398770,2398770,1,and,bench,graph_box,1.0000,14,1,0,3,,500,375,"44.0,137.0,498.0,372.0"
3737,2358867,2358867,1,1_hop,pole,graph_box,1.0000,13,1,0,2,,500,500,"41.0,179.0,73.0,387.0"
3738,2353722,2353722,1,1_hop,plate,graph_box,1.0000,20,1,0,2,,500,375,"176.0,229.0,348.0,280.0"
3740,2398774,2398774,1,and,backpack,graph_box,1.0000,10,1,0,3,,500,375,"348.0,235.0,500.0,374.0"
3741,2373289,2373289,1,0_hop,laptop,graph_box,1.0000,9,1,0,1,,500,436,"5.0,23.0,320.0,334.0"
3742,2342945,2342945,1,0_hop,mouse pad,graph_box,1.0000,20,1,0,1,,500,375,"203.0,234.0,372.0,345.0"
3743,2342945,2342945,1,2_hop,mouse pad,graph_box,1.0000,20,1,0,3,,500,375,"203.0,234.0,372.0,345.0"
3744,2342945,2342945,1,0_hop,pillow,graph_box,1.0000,20,1,0,1,,500,375,"452.0,263.0,499.0,321.0"
3745,2342945,2342945,1,2_hop,pillow,graph_box,1.0000,20,1,0,3,,500,375,"452.0,263.0,499.0,321.0"
3746,3314,3314,2,0_hop,vehicle,graph_box,1.0000,23,1,0,1,,800,600,"0.0,321.0,142.0,410.0"
3747,285631,285631,2,2_hop,speaker,graph_box,1.0000,14,2,1,3,,768,1024,"638.0,600.0,769.0,824.0"
3748,285631,285631,2,1_hop,speaker,graph_box,1.0000,14,2,1,2,,768,1024,"638.0,600.0,769.0,824.0"
3750,2377905,2377905,2,1_hop,sign,graph_box,1.0000,17,2,1,2,,500,374,"65.0,96.0,144.0,183.0"
3751,2416354,2416354,1,2_hop,tea kettle,graph_box,1.0000,17,1,0,3,,500,375,"366.0,109.0,425.0,193.0"
3752,2416354,2416354,1,and,dishwasher,graph_box,1.0000,17,1,0,3,,500,375,"330.0,216.0,498.0,375.0"
3754,2413950,2413950,1,0_hop,fence,graph_box,1.0000,13,1,0,1,,500,500,"3.0,305.0,497.0,473.0"
3755,2413950,2413950,1,2_hop,fence,graph_box,1.0000,13,1,0,3,,500,500,"3.0,305.0,497.0,473.0"
3756,2413950,2413950,1,1_hop,fence,graph_box,1.0000,13,1,0,2,,500,500,"3.0,305.0,497.0,473.0"
3757,2397082,2397082,1,0_hop,post,graph_box,1.0000,21,1,0,1,,500,333,"396.0,200.0,423.0,324.0"
3758,2397082,2397082,3,2_hop,woman,graph_box,1.0000,21,2,1,3,,500,333,"382.0,261.0,423.0,333.0"
3759,2397082,2397082,2,2_hop,man,graph_box,1.0000,21,3,2,3,,500,333,"33.0,9.0,103.0,89.0"
3762,2385083,2385083,1,1_hop,cat,graph_box,1.0000,14,1,0,2,,500,281,"86.0,41.0,388.0,205.0"
3763,2341497,2341497,2,1_hop,sign,graph_box,1.0000,55,3,2,2,,500,334,"0.0,56.0,35.0,131.0"
3767,2398503,2398503,1,0_hop,icing,graph_box,1.0000,13,1,0,1,,500,375,"182.0,58.0,444.0,257.0"
3768,2398503,2398503,1,1_hop,icing,graph_box,1.0000,13,1,0,2,,500,375,"182.0,58.0,444.0,257.0"
3769,1592992,1592992,2,0_hop,couch,graph_box,1.0000,19,1,0,1,,1024,680,"2.0,368.0,216.0,677.0"
3773,2351735,2351735,2,2_hop,sign,graph_box,1.0000,18,5,4,3,,500,338,"250.0,81.0,400.0,115.0"
3774,2351735,2351735,2,1_hop,sign,graph_box,1.0000,18,5,4,2,,500,338,"250.0,81.0,400.0,115.0"
3776,2349396,2349396,1,0_hop,fork,graph_box,1.0000,10,1,0,1,,500,500,"59.0,152.0,499.0,500.0"
3777,3860,3860,1,1_hop,dish,graph_box,1.0000,7,1,0,2,,640,480,"197.0,0.0,579.0,367.0"
3779,2401457,2401457,1,and,bus,graph_box,1.0000,7,1,0,3,,500,375,"217.0,180.0,354.0,270.0"
3782,2416826,2416826,3,2_hop,donut,graph_box,1.0000,11,3,2,3,,500,333,"170.0,62.0,286.0,171.0"
3784,2416826,2416826,1,0_hop,liquid,graph_box,1.0000,11,1,0,1,,500,333,"280.0,149.0,398.0,244.0"
3786,2368332,2368332,1,and,cart,graph_box,1.0000,34,1,0,3,,375,500,"0.0,200.0,374.0,436.0"
3787,2340966,2340966,2,2_hop,man,graph_box,1.0000,24,3,2,3,,500,375,"254.0,177.0,287.0,295.0"
3788,2340966,2340966,2,and,man,graph_box,1.0000,24,3,2,3,,500,375,"254.0,177.0,287.0,295.0"
3791,2417483,2417483,2,1_hop,door,graph_box,1.0000,18,2,1,2,,500,375,"46.0,92.0,123.0,231.0"
3792,2417483,2417483,2,2_hop,door,graph_box,1.0000,18,2,1,3,,500,375,"0.0,117.0,47.0,279.0"
3793,2417483,2417483,2,1_hop,door,graph_box,1.0000,18,2,1,2,,500,375,"0.0,117.0,47.0,279.0"
3796,2374813,2374813,2,and,speaker,graph_box,1.0000,13,2,1,3,,500,375,"422.0,219.0,469.0,283.0"
3797,2380030,2380030,1,1_hop,end table,graph_box,1.0000,19,1,0,2,,500,375,"5.0,273.0,95.0,375.0"
3801,2339979,2339979,1,1_hop,ball,graph_box,1.0000,31,1,0,2,,333,500,"114.0,283.0,207.0,353.0"
3802,2339979,2339979,1,1_hop,boy,graph_box,1.0000,31,1,0,2,,333,500,"38.0,2.0,301.0,304.0"
3803,2353266,2353266,2,1_hop,pole,graph_box,1.0000,16,5,4,2,,375,500,"298.0,40.0,339.0,499.0"
3804,2395905,2395905,1,0_hop,horse,graph_box,1.0000,27,1,0,1,,500,333,"145.0,63.0,269.0,329.0"
3805,2395905,2395905,2,2_hop,carriage,graph_box,1.0000,27,2,1,3,,500,333,"52.0,104.0,293.0,326.0"
3806,2395905,2395905,2,and,carriage,graph_box,1.0000,27,2,1,3,,500,333,"52.0,104.0,293.0,326.0"
3807,2395905,2395905,3,2_hop,carriage,graph_box,1.0000,27,2,1,3,,500,333,"52.0,104.0,293.0,326.0"
3808,2358058,2358058,1,2_hop,man,graph_box,1.0000,11,1,0,3,,500,333,"153.0,33.0,394.0,290.0"
3809,2358058,2358058,1,1_hop,man,graph_box,1.0000,11,1,0,2,,500,333,"153.0,33.0,394.0,290.0"
3810,2396455,2396455,1,2_hop,trunk,graph_box,1.0000,13,1,0,3,,500,375,"409.0,0.0,500.0,290.0"
3811,2396455,2396455,1,2_hop,pot,graph_box,1.0000,13,1,0,3,,500,375,"39.0,113.0,384.0,375.0"
3812,2410372,2410372,1,1_hop,fence,graph_box,1.0000,44,1,0,2,,500,335,"0.0,186.0,499.0,234.0"
3813,2368800,2368800,1,and,fence,graph_box,1.0000,9,1,0,3,,500,333,"122.0,49.0,345.0,197.0"
3815,2387019,2387019,1,0_hop,sign,graph_box,0.9198,9,1,0,1,,500,375,"41.0,81.4,458.7,249.8"
3816,2388902,2388902,2,2_hop,giraffe,graph_box,1.0000,13,3,2,3,,320,240,"155.0,48.0,191.0,129.0"
3818,2382532,2382532,1,0_hop,racket,graph_box,1.0000,12,1,0,1,,500,334,"268.0,176.0,316.0,277.0"
3819,2338551,2338551,1,0_hop,vases,objects_id_first,0.4597,13,1,0,1,,500,375,"186.0,34.3,282.5,263.1"
3821,2352351,2352351,1,0_hop,door,graph_box,1.0000,13,1,0,1,,383,500,"22.0,16.0,367.0,467.0"
3822,2352351,2352351,1,2_hop,door,graph_box,1.0000,13,1,0,3,,383,500,"22.0,16.0,367.0,467.0"
3823,2352351,2352351,1,1_hop,door,graph_box,1.0000,13,1,0,2,,383,500,"22.0,16.0,367.0,467.0"
3824,2352351,2352351,1,1_hop,pole,graph_box,1.0000,13,1,0,2,,383,500,"301.0,81.0,319.0,355.0"
3825,2400080,2400080,1,2_hop,screen,graph_box,1.0000,13,1,0,3,,500,375,"168.0,54.0,341.0,183.0"
3829,2321611,2321611,2,1_hop,woman,graph_box,1.0000,25,3,2,2,,375,500,"132.0,79.0,265.0,470.0"
3830,2321611,2321611,1,0_hop,man,graph_box,1.0000,25,1,0,1,,375,500,"224.0,77.0,303.0,260.0"
3831,2412943,2412943,1,1_hop,airplane,graph_box,1.0000,10,1,0,2,,500,333,"291.0,97.0,394.0,118.0"
3833,2402483,2402483,1,1_hop,pole,graph_box,1.0000,13,1,0,2,,500,375,"384.0,0.0,477.0,373.0"
3835,2322236,2322236,1,1_hop,man,graph_box,1.0000,13,1,0,2,,375,500,"62.0,50.0,336.0,427.0"
3836,2404252,2404252,1,2_hop,windshield,graph_box,1.0000,17,1,0,3,,500,375,"276.0,240.0,343.0,272.0"
3838,4094,4094,1,1_hop,blinds,graph_box,1.0000,11,1,0,2,,640,480,"166.0,71.0,265.0,131.0"
3839,4094,4094,1,2_hop,television,graph_box,1.0000,11,1,0,3,,640,480,"0.0,140.0,141.0,281.0"
3841,2350474,2350474,2,0_hop,truck,graph_box,1.0000,17,2,1,1,,500,333,"114.0,208.0,188.0,234.0"
3843,2356868,2356868,1,0_hop,plate,graph_box,1.0000,14,1,0,1,,500,375,"21.0,148.0,326.0,373.0"
3845,2406719,2406719,1,0_hop,sheet,graph_box,1.0000,18,1,0,1,,500,375,"0.0,1.0,195.0,226.0"
3847,2402155,2402155,2,2_hop,pole,graph_box,1.0000,21,2,1,3,,500,375,"17.0,159.0,42.0,262.0"
3849,2376240,2376240,1,1_hop,skateboard,graph_box,1.0000,20,1,0,2,,333,500,"89.0,314.0,221.0,349.0"
3850,2327321,2327321,1,0_hop,umbrella,graph_box,1.0000,6,1,0,1,,333,500,"72.0,38.0,267.0,137.0"
3851,2413159,2413159,2,and,boy,graph_box,1.0000,28,2,1,3,,500,375,"175.0,0.0,398.0,358.0"
3852,2413159,2413159,3,2_hop,boy,graph_box,1.0000,28,2,1,3,,500,375,"175.0,0.0,398.0,358.0"
3853,2346709,2346709,2,0_hop,fence,graph_box,1.0000,28,2,1,1,,500,375,"232.0,150.0,499.0,215.0"
3855,2406678,2406678,2,and,wing,graph_box,1.0000,27,2,1,3,,500,298,"245.0,139.0,495.0,173.0"
3856,2406678,2406678,3,2_hop,wing,graph_box,1.0000,27,2,1,3,,500,298,"245.0,139.0,495.0,173.0"
3867,2331328,2331328,1,0_hop,horse,graph_box,1.0000,17,1,0,1,,439,500,"118.0,149.0,424.0,456.0"
3868,2399900,2399900,1,0_hop,train,graph_box,1.0000,9,1,0,1,,500,352,"75.0,82.0,499.0,300.0"
3869,2391298,2391298,1,2_hop,train,graph_box,1.0000,11,1,0,3,,500,388,"0.0,2.0,500.0,285.0"
3871,2391298,2391298,1,2_hop,bag,graph_box,1.0000,11,1,0,3,,500,388,"407.0,156.0,439.0,221.0"
3872,2360005,2360005,2,and,pole,graph_box,1.0000,20,3,2,3,,500,375,"408.0,0.0,446.0,303.0"
3876,498237,498237,2,2_hop,man,graph_box,1.0000,31,3,2,3,,768,1024,"536.0,302.0,758.0,1020.0"
3878,498237,498237,2,1_hop,man,graph_box,1.0000,31,3,2,2,,768,1024,"209.0,305.0,498.0,1021.0"
3881,2361664,2361664,1,0_hop,tent,graph_box,1.0000,36,1,0,1,,500,375,"0.0,0.0,500.0,139.0"
3885,2330050,2330050,1,2_hop,kettle,graph_box,1.0000,21,1,0,3,,500,375,"105.0,139.0,146.0,188.0"
3889,2338945,2338945,2,2_hop,curtain,graph_box,1.0000,14,2,1,3,,500,333,"0.0,0.0,32.0,290.0"
3890,2338945,2338945,2,1_hop,curtain,graph_box,1.0000,14,2,1,2,,500,333,"0.0,0.0,32.0,290.0"
3892,2344674,2344674,2,and,door,graph_box,1.0000,37,2,1,3,,500,333,"154.0,47.0,172.0,260.0"
3894,2333797,2333797,1,2_hop,trash can,graph_box,1.0000,18,1,0,3,,500,372,"142.0,194.0,221.0,292.0"
3895,2358845,2358845,1,1_hop,container,graph_box,1.0000,25,1,0,2,,500,375,"84.0,89.0,441.0,294.0"
3896,2344499,2344499,1,2_hop,binder,graph_box,1.0000,9,1,0,3,,375,500,"78.0,0.0,279.0,243.0"
3899,2319119,2319119,2,2_hop,sign,graph_box,1.0000,14,2,1,3,,500,374,"13.0,9.0,481.0,133.0"
3902,2373157,2373157,2,and,man,graph_box,1.0000,18,2,1,3,,500,333,"413.0,60.0,475.0,280.0"
3903,2405421,2405421,1,2_hop,cereal,graph_box,1.0000,11,1,0,3,,500,333,"365.0,0.0,474.0,76.0"
3904,2400415,2400415,1,2_hop,roof,graph_box,1.0000,18,1,0,3,,500,332,"1.0,2.0,207.0,24.0"
3905,2400415,2400415,1,1_hop,roof,graph_box,1.0000,18,1,0,2,,500,332,"1.0,2.0,207.0,24.0"
3906,2369690,2369690,1,0_hop,wine bottle,graph_box,1.0000,13,1,0,1,,500,500,"304.0,65.0,387.0,374.0"
3908,2369691,2369691,2,2_hop,cat,graph_box,1.0000,15,3,2,3,,500,375,"0.0,59.0,219.0,186.0"
3909,2369691,2369691,2,1_hop,cat,graph_box,1.0000,15,3,2,2,,500,375,"0.0,59.0,219.0,186.0"
3910,2329061,2329061,2,1_hop,pole,graph_box,1.0000,24,2,1,2,,333,500,"79.0,28.0,97.0,134.0"
3912,2403147,2403147,1,1_hop,river,objects_id_first,0.3460,27,1,0,2,,500,375,"74.2,173.7,309.2,242.0"
3913,2372157,2372157,1,2_hop,knife,graph_box,1.0000,8,1,0,3,,500,375,"417.0,85.0,497.0,345.0"
3914,2372157,2372157,1,and,knife,graph_box,1.0000,8,1,0,3,,500,375,"417.0,85.0,497.0,345.0"
3915,2372157,2372157,1,2_hop,sauce,graph_box,1.0000,8,1,0,3,,500,375,"100.0,89.0,296.0,292.0"
3916,2367922,2367922,2,2_hop,rock,graph_box,1.0000,24,5,4,3,,500,375,"0.0,45.0,30.0,197.0"
3918,2367922,2367922,1,and,fence,graph_box,1.0000,24,1,0,3,,500,375,"247.0,0.0,390.0,68.0"
3920,2413307,2413307,1,0_hop,woman,graph_box,1.0000,24,1,0,1,,500,333,"309.0,15.0,485.0,332.0"
3921,2402361,2402361,1,0_hop,logo,graph_box,1.0000,25,1,0,1,,500,375,"0.0,35.0,247.0,101.0"
3924,2349159,2349159,2,and,bowl,graph_box,1.0000,19,2,1,3,,500,319,"362.0,238.0,440.0,276.0"
3925,2343942,2343942,1,0_hop,chair,graph_box,1.0000,25,1,0,1,,500,375,"0.0,249.0,234.0,375.0"
3926,2343942,2343942,1,2_hop,chair,graph_box,1.0000,25,1,0,3,,500,375,"0.0,249.0,234.0,375.0"
3928,2343942,2343942,2,and,screen,graph_box,1.0000,25,2,1,3,,500,375,"317.0,259.0,371.0,332.0"
3931,2366520,2366520,1,1_hop,dog,graph_box,1.0000,14,1,0,2,,500,374,"63.0,106.0,443.0,199.0"
3932,2351718,2351718,2,2_hop,tree,graph_box,1.0000,19,2,1,3,,500,333,"402.0,0.0,496.0,293.0"
3933,2351718,2351718,2,1_hop,tree,graph_box,1.0000,19,2,1,2,,500,333,"402.0,0.0,496.0,293.0"
3939,2360257,2360257,2,1_hop,man,graph_box,1.0000,42,2,1,2,,376,500,"228.0,144.0,318.0,294.0"
3940,2371179,2371179,1,1_hop,surfboard,graph_box,1.0000,5,1,0,2,,500,318,"206.0,126.0,244.0,214.0"
3941,2375878,2375878,1,0_hop,countertop,graph_box,1.0000,20,1,0,1,,500,375,"218.0,325.0,499.0,375.0"
3942,150264,150264,1,0_hop,bench,graph_box,1.0000,11,1,0,1,,1024,680,"46.0,208.0,1023.0,649.0"
3943,150264,150264,1,1_hop,bench,graph_box,1.0000,11,1,0,2,,1024,680,"46.0,208.0,1023.0,649.0"
3944,2320984,2320984,2,1_hop,dog,graph_box,1.0000,3,2,1,2,,500,333,"80.0,23.0,233.0,285.0"
3945,2319168,2319168,1,and,woman,graph_box,1.0000,26,1,0,3,,500,375,"192.0,136.0,303.0,375.0"
3946,2319168,2319168,2,2_hop,giraffe,graph_box,1.0000,26,2,1,3,,500,375,"0.0,0.0,218.0,302.0"
3947,2319168,2319168,2,1_hop,giraffe,graph_box,1.0000,26,2,1,2,,500,375,"0.0,0.0,218.0,302.0"
3948,2395292,2395292,1,0_hop,truck,graph_box,1.0000,9,1,0,1,,500,281,"18.0,64.0,477.0,233.0"
3949,2340495,2340495,1,2_hop,plant,graph_box,1.0000,23,1,0,3,,500,375,"433.0,193.0,500.0,293.0"
3950,2340495,2340495,1,and,plant,graph_box,1.0000,23,1,0,3,,500,375,"433.0,193.0,500.0,293.0"
3951,2340495,2340495,1,2_hop,laptop,graph_box,1.0000,23,1,0,3,,500,375,"146.0,156.0,498.0,370.0"
3952,2340495,2340495,1,and,laptop,graph_box,1.0000,23,1,0,3,,500,375,"146.0,156.0,498.0,370.0"
3954,2316641,2316641,2,1_hop,carrot,graph_box,1.0000,10,2,1,2,,500,334,"196.0,236.0,248.0,274.0"
3956,2320183,2320183,1,and,train,graph_box,1.0000,15,1,0,3,,500,332,"35.0,108.0,445.0,244.0"
3957,2353024,2353024,1,0_hop,hat,graph_box,1.0000,13,1,0,1,,500,333,"259.0,17.0,421.0,147.0"
3958,2353024,2353024,1,2_hop,hat,graph_box,1.0000,13,1,0,3,,500,333,"259.0,17.0,421.0,147.0"
3959,2325003,2325003,2,1_hop,building,graph_box,1.0000,17,2,1,2,,500,375,"19.0,43.0,152.0,283.0"
3960,2320327,2320327,1,1_hop,cat,graph_box,1.0000,10,1,0,2,,500,375,"246.0,108.0,294.0,148.0"
3961,2323989,2323989,1,0_hop,collar,graph_box,1.0000,14,1,0,1,,333,500,"125.0,199.0,241.0,323.0"
3962,2410316,2410316,1,0_hop,minute hand,graph_box,1.0000,8,1,0,1,,500,325,"44.0,131.0,103.0,182.0"
3968,2399046,2399046,1,2_hop,wine glass,graph_box,1.0000,10,1,0,3,,500,375,"430.0,207.0,479.0,298.0"
3973,2335351,2335351,1,0_hop,trash can,graph_box,1.0000,16,1,0,1,,373,500,"211.0,256.0,288.0,347.0"
3974,2378224,2378224,1,2_hop,motorcycle,graph_box,1.0000,32,1,0,3,,500,331,"39.0,159.0,354.0,332.0"
3978,2378224,2378224,3,2_hop,car,graph_box,1.0000,32,2,1,3,,500,331,"440.0,148.0,500.0,202.0"
3979,2378224,2378224,1,0_hop,logo,graph_box,1.0000,32,1,0,1,,500,331,"418.0,306.0,500.0,331.0"
3980,2352379,2352379,1,and,closet,graph_box,1.0000,15,1,0,3,,500,333,"292.0,0.0,378.0,333.0"
3982,2369739,2369739,1,0_hop,roof,graph_box,1.0000,12,1,0,1,,334,500,"102.0,57.0,240.0,142.0"
3983,2369739,2369739,1,1_hop,roof,graph_box,1.0000,12,1,0,2,,334,500,"102.0,57.0,240.0,142.0"
3985,1592323,1592323,1,2_hop,girl,graph_box,1.0000,39,1,0,3,,1024,690,"636.0,231.0,753.0,580.0"
3986,1592323,1592323,2,2_hop,boy,graph_box,1.0000,39,2,1,3,,1024,690,"148.0,204.0,309.0,553.0"
3989,2322741,2322741,1,0_hop,notebook,graph_box,1.0000,20,1,0,1,,500,334,"84.0,249.0,221.0,322.0"
3990,2316052,2316052,2,1_hop,man,graph_box,1.0000,26,2,1,2,,329,500,"208.0,8.0,314.0,356.0"
3991,2412731,2412731,3,2_hop,tree,graph_box,1.0000,41,2,1,3,,500,375,"423.0,54.0,495.0,216.0"
3992,2412731,2412731,1,1_hop,pole,graph_box,1.0000,41,1,0,2,,500,375,"457.0,260.0,485.0,365.0"
3993,2407434,2407434,1,1_hop,tag,graph_box,1.0000,24,1,0,2,,500,333,"28.0,244.0,100.0,274.0"
3994,2404275,2404275,1,0_hop,flag,graph_box,1.0000,5,1,0,1,,500,359,"434.0,142.0,499.0,219.0"
3996,2367044,2367044,2,2_hop,elephant,graph_box,1.0000,28,3,2,3,,500,326,"1.0,131.0,261.0,259.0"
3997,2367044,2367044,2,and,elephant,graph_box,1.0000,28,3,2,3,,500,326,"1.0,131.0,261.0,259.0"
3998,2367044,2367044,3,2_hop,man,graph_box,1.0000,28,3,2,3,,500,326,"59.0,158.0,116.0,265.0"
4001,2332188,2332188,1,0_hop,wing,graph_box,1.0000,10,1,0,1,,500,333,"108.0,177.0,265.0,212.0"
4002,2332188,2332188,1,1_hop,wing,graph_box,1.0000,10,1,0,2,,500,333,"108.0,177.0,265.0,212.0"
4003,2404227,2404227,1,0_hop,tree trunk,graph_box,1.0000,22,1,0,1,,500,375,"203.0,286.0,266.0,374.0"
4005,2345405,2345405,2,2_hop,woman,graph_box,1.0000,33,3,2,3,,500,333,"90.0,114.0,124.0,183.0"
4006,2345405,2345405,2,1_hop,woman,graph_box,1.0000,33,3,2,2,,500,333,"90.0,114.0,124.0,183.0"
4007,2345405,2345405,3,2_hop,woman,graph_box,1.0000,33,3,2,3,,500,333,"90.0,114.0,124.0,183.0"
4011,2358626,2358626,1,0_hop,bench,graph_box,1.0000,13,1,0,1,,375,500,"298.0,164.0,375.0,233.0"
4016,2372224,2372224,1,0_hop,logo,graph_box,1.0000,12,1,0,1,,500,500,"236.0,105.0,326.0,169.0"
4017,2325830,2325830,1,0_hop,shelf,graph_box,1.0000,18,1,0,1,,500,375,"166.0,151.0,498.0,246.0"
4018,2410143,2410143,1,0_hop,train tracks,objects_id_first,0.0817,16,1,0,1,,500,333,"197.0,68.1,403.0,331.0"
4020,2406655,2406655,2,0_hop,fork,graph_box,1.0000,17,2,1,1,,330,500,"0.0,365.0,85.0,468.0"
4021,2406655,2406655,3,2_hop,plate,graph_box,1.0000,17,2,1,3,,330,500,"61.0,335.0,315.0,481.0"
4022,2406655,2406655,3,1_hop,plate,graph_box,1.0000,17,2,1,2,,330,500,"61.0,335.0,315.0,481.0"
4024,2393383,2393383,1,2_hop,toilet bowl,graph_box,1.0000,12,1,0,3,,375,500,"201.0,403.0,331.0,499.0"
4026,2393381,2393381,1,0_hop,girl,graph_box,1.0000,17,1,0,1,,500,282,"182.0,90.0,211.0,156.0"
4028,2371241,2371241,2,0_hop,mushrooms,graph_box,1.0000,34,2,1,1,,499,500,"0.0,185.0,162.0,428.0"
4029,713018,713018,2,2_hop,woman,graph_box,1.0000,25,2,1,3,,1024,749,"484.0,201.0,618.0,605.0"
4030,713018,713018,2,1_hop,woman,graph_box,1.0000,25,2,1,2,,1024,749,"484.0,201.0,618.0,605.0"
4031,2357229,2357229,1,0_hop,canoe,graph_box,1.0000,9,1,0,1,,500,326,"199.0,155.0,317.0,188.0"
4032,2357229,2357229,1,1_hop,canoe,graph_box,1.0000,9,1,0,2,,500,326,"199.0,155.0,317.0,188.0"
4033,2350905,2350905,1,1_hop,sandwich,graph_box,1.0000,7,1,0,2,,432,288,"7.0,29.0,240.0,221.0"
4034,2350905,2350905,2,2_hop,bread,graph_box,1.0000,7,2,1,3,,432,288,"7.0,28.0,202.0,175.0"
4035,2350905,2350905,2,1_hop,bread,graph_box,1.0000,7,2,1,2,,432,288,"7.0,28.0,202.0,175.0"
4036,2353125,2353125,1,0_hop,car,graph_box,1.0000,11,1,0,1,,333,500,"0.0,87.0,240.0,499.0"
4040,2359539,2359539,2,2_hop,bicycle,graph_box,1.0000,32,2,1,3,,500,331,"357.0,173.0,444.0,277.0"
4041,2359539,2359539,2,and,bicycle,graph_box,1.0000,32,2,1,3,,500,331,"357.0,173.0,444.0,277.0"
4042,2359539,2359539,3,2_hop,bicycle,graph_box,1.0000,32,2,1,3,,500,331,"357.0,173.0,444.0,277.0"
4043,2357048,2357048,1,2_hop,cow,graph_box,1.0000,13,1,0,3,,500,332,"191.0,15.0,482.0,289.0"
4044,2390896,2390896,1,2_hop,train,graph_box,1.0000,17,1,0,3,,500,360,"106.0,29.0,306.0,205.0"
4046,2333006,2333006,1,0_hop,toilet,graph_box,1.0000,9,1,0,1,,500,332,"142.0,78.0,303.0,247.0"
4047,2364106,2364106,1,2_hop,saucer,graph_box,1.0000,14,1,0,3,,500,375,"388.0,40.0,474.0,140.0"
4048,2328249,2328249,1,0_hop,helmet,graph_box,1.0000,15,1,0,1,,500,333,"234.0,29.0,291.0,66.0"
4049,2106,2106,1,2_hop,floor lamp,graph_box,1.0000,12,1,0,3,,800,600,"452.0,165.0,587.0,509.0"
4050,2106,2106,1,and,floor lamp,graph_box,1.0000,12,1,0,3,,800,600,"452.0,165.0,587.0,509.0"
4051,2106,2106,1,0_hop,basket,graph_box,1.0000,12,1,0,1,,800,600,"0.0,512.0,132.0,600.0"
4052,2353763,2353763,1,0_hop,machine,graph_box,1.0000,12,1,0,1,,500,392,"0.0,0.0,303.0,145.0"
4053,2317428,2317428,2,2_hop,soda,graph_box,1.0000,19,2,1,3,,500,375,"317.0,0.0,390.0,66.0"
4054,2317428,2317428,2,1_hop,soda,graph_box,1.0000,19,2,1,2,,500,375,"317.0,0.0,390.0,66.0"
4055,2317428,2317428,1,and,cup,graph_box,1.0000,19,1,0,3,,500,375,"390.0,295.0,499.0,375.0"
4056,2319137,2319137,1,0_hop,girl,graph_box,1.0000,19,1,0,1,,375,500,"207.0,284.0,249.0,431.0"
4057,2319137,2319137,1,2_hop,girl,graph_box,1.0000,19,1,0,3,,375,500,"207.0,284.0,249.0,431.0"
4059,2389152,2389152,2,0_hop,luggage,graph_box,1.0000,24,3,2,1,,500,333,"205.0,222.0,253.0,290.0"
4060,2389152,2389152,2,2_hop,luggage,graph_box,1.0000,24,3,2,3,,500,333,"38.0,239.0,101.0,298.0"
4062,2385332,2385332,1,2_hop,towels,graph_box,1.0000,26,1,0,3,,375,500,"165.0,441.0,198.0,499.0"
4063,2385332,2385332,1,1_hop,microwave,graph_box,1.0000,26,1,0,2,,375,500,"197.0,110.0,263.0,208.0"
4064,2328679,2328679,1,0_hop,roof,graph_box,1.0000,23,1,0,1,,500,375,"365.0,149.0,459.0,170.0"
4065,2316480,2316480,1,0_hop,dog,graph_box,1.0000,14,1,0,1,,500,375,"110.0,9.0,406.0,362.0"
4067,2416315,2416315,2,0_hop,cow,graph_box,1.0000,13,4,3,1,,500,333,"48.0,170.0,148.0,223.0"
4068,2393602,2393602,2,2_hop,man,graph_box,1.0000,24,2,1,3,,500,375,"408.0,216.0,448.0,269.0"
4069,2393602,2393602,2,and,man,graph_box,1.0000,24,2,1,3,,500,375,"408.0,216.0,448.0,269.0"
4072,2398540,2398540,1,1_hop,man,graph_box,1.0000,11,1,0,2,,500,308,"203.0,51.0,390.0,222.0"
4073,2345745,2345745,1,and,woman,graph_box,1.0000,33,1,0,3,,500,375,"232.0,90.0,328.0,200.0"
4074,2371156,2371156,2,2_hop,child,graph_box,1.0000,18,2,1,3,,500,281,"263.0,124.0,449.0,280.0"
4075,2371156,2371156,2,1_hop,child,graph_box,1.0000,18,2,1,2,,500,281,"263.0,124.0,449.0,280.0"
4076,2371156,2371156,1,0_hop,door,graph_box,1.0000,18,1,0,1,,500,281,"434.0,0.0,499.0,201.0"
4077,713381,713381,2,2_hop,steps,graph_box,1.0000,42,1,0,3,,1024,768,"528.0,445.0,638.0,544.0"
4080,2412168,2412168,1,0_hop,headboard,graph_box,1.0000,12,1,0,1,,500,375,"104.0,128.0,190.0,216.0"
4081,2412168,2412168,1,0_hop,door frame,graph_box,1.0000,12,1,0,1,,500,375,"444.0,1.0,500.0,326.0"
4082,2322975,2322975,1,0_hop,fence,graph_box,1.0000,17,1,0,1,,500,333,"4.0,7.0,492.0,236.0"
4083,2377671,2377671,2,0_hop,bag,graph_box,1.0000,23,3,2,1,,500,366,"400.0,240.0,442.0,323.0"
4085,2377671,2377671,2,0_hop,bag,graph_box,1.0000,23,3,2,1,,500,366,"2.0,238.0,75.0,314.0"
4086,2384880,2384880,1,and,man,graph_box,1.0000,13,1,0,3,,381,500,"48.0,1.0,381.0,500.0"
4087,713655,713655,2,2_hop,ski,graph_box,1.0000,30,1,0,3,,1280,853,"394.0,713.0,643.0,797.0"
4088,713655,713655,2,1_hop,ski,graph_box,1.0000,30,1,0,2,,1280,853,"394.0,713.0,643.0,797.0"
4089,2386013,2386013,2,2_hop,man,graph_box,1.0000,17,2,1,3,,500,333,"10.0,11.0,235.0,333.0"
4090,2386013,2386013,2,1_hop,man,graph_box,1.0000,17,2,1,2,,500,333,"10.0,11.0,235.0,333.0"
4091,2367678,2367678,1,and,man,graph_box,1.0000,29,1,0,3,,500,333,"164.0,102.0,479.0,333.0"
4092,2367678,2367678,1,2_hop,bookshelf,graph_box,1.0000,29,1,0,3,,500,333,"74.0,40.0,139.0,333.0"
4093,2370285,2370285,2,1_hop,building,graph_box,1.0000,27,5,4,2,,500,375,"9.0,157.0,119.0,259.0"
4094,2413698,2413698,1,0_hop,house,graph_box,1.0000,17,1,0,1,,500,333,"422.0,134.0,499.0,169.0"
4095,2315907,2315907,2,2_hop,chair,graph_box,1.0000,25,2,1,3,,500,388,"121.0,40.0,368.0,387.0"
4096,2315907,2315907,2,and,chair,graph_box,1.0000,25,2,1,3,,500,388,"121.0,40.0,368.0,387.0"
4097,2315907,2315907,2,2_hop,counter,graph_box,1.0000,25,1,0,3,,500,388,"333.0,63.0,415.0,87.0"
4098,2327131,2327131,3,2_hop,skateboard,graph_box,1.0000,19,2,1,3,,500,331,"119.0,180.0,184.0,228.0"
4099,2327131,2327131,2,0_hop,bike,graph_box,1.0000,19,2,1,1,,500,331,"169.0,177.0,320.0,224.0"
4102,2353599,2353599,2,2_hop,man,graph_box,1.0000,35,5,4,3,,500,334,"0.0,44.0,38.0,140.0"
4103,2353599,2353599,2,1_hop,man,graph_box,1.0000,35,5,4,2,,500,334,"0.0,44.0,38.0,140.0"
4104,2353599,2353599,3,2_hop,man,graph_box,1.0000,35,5,4,3,,500,334,"0.0,44.0,38.0,140.0"
4106,2353599,2353599,2,and,glass,graph_box,1.0000,35,3,2,3,,500,334,"62.0,234.0,104.0,304.0"
4107,2353599,2353599,2,2_hop,man,graph_box,1.0000,35,5,4,3,,500,334,"326.0,52.0,467.0,273.0"
4108,2353599,2353599,2,and,man,graph_box,1.0000,35,5,4,3,,500,334,"326.0,52.0,467.0,273.0"
4109,2353599,2353599,3,2_hop,man,graph_box,1.0000,35,5,4,3,,500,334,"326.0,52.0,467.0,273.0"
4111,2320305,2320305,1,1_hop,lamp,graph_box,1.0000,16,1,0,2,,500,375,"447.0,5.0,474.0,112.0"
4112,2320306,2320306,1,0_hop,lid,graph_box,1.0000,12,1,0,1,,500,333,"169.0,262.0,230.0,309.0"
4113,2320306,2320306,1,0_hop,frame,graph_box,1.0000,12,1,0,1,,500,333,"336.0,6.0,496.0,215.0"
4114,2370468,2370468,1,1_hop,clock,graph_box,1.0000,19,1,0,2,,500,375,"185.0,190.0,237.0,240.0"
4116,2343032,2343032,2,and,woman,graph_box,1.0000,22,2,1,3,,500,333,"434.0,244.0,492.0,331.0"
4117,2414425,2414425,2,0_hop,car,graph_box,1.0000,11,2,1,1,,500,282,"0.0,115.0,183.0,281.0"
4119,2414425,2414425,2,1_hop,car,graph_box,1.0000,11,2,1,2,,500,282,"0.0,115.0,183.0,281.0"
4120,2317854,2317854,1,2_hop,net,objects_id_first,0.1006,21,1,0,3,,500,281,"0.8,1.6,170.1,278.6"
4121,2319968,2319968,2,1_hop,man,graph_box,1.0000,20,3,2,2,,500,375,"426.0,46.0,499.0,368.0"
4123,2386903,2386903,1,0_hop,bench,graph_box,1.0000,20,1,0,1,,500,333,"46.0,173.0,156.0,262.0"
4124,2386903,2386903,1,2_hop,bench,graph_box,1.0000,20,1,0,3,,500,333,"46.0,173.0,156.0,262.0"
4125,2386903,2386903,1,1_hop,bench,graph_box,1.0000,20,1,0,2,,500,333,"46.0,173.0,156.0,262.0"
4126,2381305,2381305,2,0_hop,book,graph_box,1.0000,11,7,6,1,,500,375,"83.0,130.0,106.0,222.0"
4127,2381305,2381305,2,2_hop,book,graph_box,1.0000,11,7,6,3,,500,375,"153.0,104.0,192.0,229.0"
4128,2381305,2381305,2,1_hop,book,graph_box,1.0000,11,7,6,2,,500,375,"153.0,104.0,192.0,229.0"
4129,2321891,2321891,1,and,man,graph_box,1.0000,25,1,0,3,,375,500,"221.0,212.0,258.0,294.0"
4130,2343358,2343358,1,2_hop,building,graph_box,1.0000,20,1,0,3,,500,326,"41.0,37.0,380.0,300.0"
4133,2343352,2343352,1,2_hop,coleslaw,graph_box,1.0000,13,1,0,3,,500,375,"120.0,2.0,232.0,45.0"
4134,2338269,2338269,1,1_hop,monitor,graph_box,1.0000,9,1,0,2,,500,334,"18.0,175.0,118.0,276.0"
4136,2352312,2352312,2,1_hop,post,graph_box,1.0000,19,2,1,2,,500,374,"207.0,209.0,285.0,371.0"
4139,2411062,2411062,1,1_hop,door,graph_box,1.0000,6,1,0,2,,500,333,"358.0,0.0,424.0,333.0"
4142,2400599,2400599,2,1_hop,man,graph_box,1.0000,16,1,0,2,,500,375,"214.0,192.0,241.0,287.0"
4143,2412909,2412909,1,2_hop,fence,graph_box,1.0000,22,1,0,3,,253,500,"14.0,224.0,238.0,332.0"
4145,2412909,2412909,1,0_hop,woman,graph_box,1.0000,22,1,0,1,,253,500,"49.0,43.0,198.0,479.0"
4146,2412909,2412909,1,2_hop,woman,graph_box,1.0000,22,1,0,3,,253,500,"49.0,43.0,198.0,479.0"
4147,2412909,2412909,1,and,woman,graph_box,1.0000,22,1,0,3,,253,500,"49.0,43.0,198.0,479.0"
4148,2357844,2357844,1,1_hop,building,graph_box,1.0000,19,1,0,2,,500,305,"235.0,2.0,336.0,47.0"
4150,2386658,2386658,1,2_hop,wing,graph_box,1.0000,10,1,0,3,,500,332,"184.0,165.0,324.0,193.0"
4151,2386658,2386658,1,1_hop,wing,graph_box,1.0000,10,1,0,2,,500,332,"184.0,165.0,324.0,193.0"
4152,2317677,2317677,2,2_hop,table,graph_box,1.0000,25,2,1,3,,500,375,"189.0,215.0,267.0,247.0"
4153,2317677,2317677,2,1_hop,table,graph_box,1.0000,25,2,1,2,,500,375,"189.0,215.0,267.0,247.0"
4154,2317677,2317677,3,2_hop,table,graph_box,1.0000,25,2,1,3,,500,375,"189.0,215.0,267.0,247.0"
4156,2386651,2386651,1,2_hop,desk,graph_box,1.0000,14,1,0,3,,500,357,"334.0,66.0,500.0,201.0"
4158,2403712,2403712,1,1_hop,boat,graph_box,1.0000,25,1,0,2,,500,333,"0.0,0.0,500.0,269.0"
4160,2401625,2401625,1,0_hop,plate,graph_box,1.0000,9,1,0,1,,500,293,"127.0,102.0,378.0,282.0"
4162,285881,285881,1,0_hop,train,graph_box,1.0000,35,1,0,1,,685,1024,"369.0,696.0,684.0,773.0"
4164,1069,1069,2,2_hop,bench,graph_box,1.0000,31,2,1,3,,732,549,"108.0,330.0,516.0,549.0"
4167,2345193,2345193,2,2_hop,fence,graph_box,1.0000,26,2,1,3,,500,500,"213.0,383.0,484.0,451.0"
4168,2345193,2345193,2,and,fence,graph_box,1.0000,26,2,1,3,,500,500,"213.0,383.0,484.0,451.0"
4169,2345193,2345193,2,2_hop,fence,graph_box,1.0000,26,2,1,3,,500,500,"19.0,342.0,129.0,370.0"
4170,2345193,2345193,2,and,fence,graph_box,1.0000,26,2,1,3,,500,500,"19.0,342.0,129.0,370.0"
4172,2413508,2413508,1,and,sandwich,graph_box,1.0000,10,1,0,3,,500,333,"109.0,149.0,433.0,298.0"
4173,2413508,2413508,1,2_hop,box,graph_box,1.0000,10,1,0,3,,500,333,"68.0,20.0,482.0,332.0"
4174,2413508,2413508,1,and,box,graph_box,1.0000,10,1,0,3,,500,333,"68.0,20.0,482.0,332.0"
4175,2410853,2410853,1,0_hop,luggage,graph_box,1.0000,17,1,0,1,,372,500,"17.0,308.0,163.0,498.0"
4178,2367240,2367240,1,and,woman,graph_box,1.0000,11,1,0,3,,500,333,"0.0,0.0,284.0,333.0"
4179,2351036,2351036,1,0_hop,bag,graph_box,1.0000,18,1,0,1,,500,333,"439.0,290.0,481.0,333.0"
4180,2351035,2351035,1,1_hop,man,graph_box,1.0000,19,1,0,2,,500,375,"12.0,107.0,65.0,266.0"
4181,2346213,2346213,1,0_hop,pole,graph_box,1.0000,33,1,0,1,,375,500,"262.0,37.0,309.0,499.0"
4182,2346213,2346213,1,and,pole,graph_box,1.0000,33,1,0,3,,375,500,"262.0,37.0,309.0,499.0"
4183,2383429,2383429,1,2_hop,tray,graph_box,1.0000,22,1,0,3,,500,333,"341.0,231.0,419.0,260.0"
4184,713822,713822,1,and,laptop,graph_box,1.0000,18,1,0,3,,500,375,"395.0,216.0,484.0,288.0"
4185,713822,713822,1,0_hop,paper,objects_id_first,0.1469,18,1,0,1,,500,375,"103.4,262.9,368.6,352.0"
4186,2411214,2411214,1,0_hop,woman,graph_box,1.0000,10,1,0,1,,500,185,"179.0,76.0,207.0,126.0"
4187,2411214,2411214,1,1_hop,woman,graph_box,1.0000,10,1,0,2,,500,185,"179.0,76.0,207.0,126.0"
4188,2372563,2372563,1,0_hop,shelf,objects_id_first,0.4679,15,1,0,1,,500,375,"90.2,118.8,170.5,146.4"
4189,2404457,2404457,2,1_hop,tree,graph_box,1.0000,19,2,1,2,,500,332,"396.0,44.0,474.0,95.0"
4190,2404457,2404457,1,0_hop,car,graph_box,1.0000,19,1,0,1,,500,332,"448.0,91.0,499.0,163.0"
4191,2326899,2326899,2,2_hop,laptop,graph_box,1.0000,25,2,1,3,,500,333,"259.0,112.0,398.0,182.0"
4192,2326899,2326899,2,and,laptop,graph_box,1.0000,25,2,1,3,,500,333,"259.0,112.0,398.0,182.0"
4193,2326899,2326899,2,2_hop,laptop,graph_box,1.0000,25,2,1,3,,500,333,"121.0,111.0,220.0,190.0"
4194,2326899,2326899,2,1_hop,laptop,graph_box,1.0000,25,2,1,2,,500,333,"121.0,111.0,220.0,190.0"
4195,2326899,2326899,1,0_hop,sheet,objects_id_first,0.4990,25,1,0,1,,500,333,"298.3,0.5,421.7,159.8"
4196,2408171,2408171,1,0_hop,train tracks,graph_box,1.0000,22,1,0,1,,500,309,"1.0,247.0,499.0,307.0"
4197,3701,3701,2,1_hop,building,graph_box,1.0000,45,2,1,2,,800,600,"193.0,22.0,799.0,530.0"
4198,2123,2123,1,0_hop,carpet,graph_box,1.0000,10,1,0,1,,800,600,"274.0,439.0,772.0,600.0"
4199,2396535,2396535,1,1_hop,boy,graph_box,1.0000,12,1,0,2,,500,281,"185.0,42.0,247.0,235.0"
4200,4912,4912,2,2_hop,lamp,graph_box,1.0000,13,3,2,3,,640,480,"247.0,50.0,349.0,136.0"
4201,4912,4912,2,1_hop,lamp,graph_box,1.0000,13,3,2,2,,640,480,"247.0,50.0,349.0,136.0"
4202,4912,4912,1,0_hop,bed,graph_box,1.0000,13,1,0,1,,640,480,"240.0,237.0,531.0,479.0"
4203,2407675,2407675,1,0_hop,bird,graph_box,1.0000,30,1,0,1,,333,500,"123.0,348.0,262.0,500.0"
4206,2355838,2355838,1,1_hop,water,graph_box,1.0000,13,1,0,2,,500,375,"2.0,166.0,482.0,366.0"
4207,2353781,2353781,2,0_hop,tent,graph_box,1.0000,29,5,4,1,,500,353,"32.0,107.0,134.0,189.0"
4210,2353781,2353781,2,2_hop,fence,graph_box,1.0000,29,2,1,3,,500,353,"0.0,146.0,277.0,186.0"
4211,2353781,2353781,2,and,fence,graph_box,1.0000,29,2,1,3,,500,353,"0.0,146.0,277.0,186.0"
4212,2369526,2369526,1,2_hop,man,graph_box,1.0000,16,1,0,3,,500,334,"179.0,18.0,317.0,290.0"
4213,2369526,2369526,2,2_hop,elephant,graph_box,1.0000,16,2,1,3,,500,334,"57.0,200.0,117.0,270.0"
4214,2369526,2369526,2,and,elephant,graph_box,1.0000,16,2,1,3,,500,334,"57.0,200.0,117.0,270.0"
4215,2369526,2369526,3,2_hop,elephant,graph_box,1.0000,16,2,1,3,,500,334,"57.0,200.0,117.0,270.0"
4216,2369618,2369618,2,2_hop,statue,graph_box,1.0000,14,2,1,3,,500,484,"276.0,18.0,391.0,408.0"
4218,2400651,2400651,1,2_hop,table,graph_box,1.0000,27,1,0,3,,500,375,"0.0,131.0,254.0,375.0"
4219,2400651,2400651,1,2_hop,water,graph_box,1.0000,27,1,0,3,,500,375,"129.0,205.0,181.0,257.0"
4223,2349246,2349246,1,2_hop,sheet,graph_box,1.0000,17,1,0,3,,500,375,"6.0,80.0,132.0,153.0"
4224,2416292,2416292,1,1_hop,fence,graph_box,1.0000,19,1,0,2,,397,500,"1.0,0.0,395.0,294.0"
4226,2345504,2345504,2,1_hop,building,graph_box,1.0000,20,3,2,2,,500,369,"197.0,5.0,351.0,257.0"
4227,2390282,2390282,1,and,man,graph_box,1.0000,16,1,0,3,,500,347,"204.0,133.0,393.0,346.0"
4230,2352439,2352439,1,1_hop,horse,graph_box,1.0000,25,1,0,2,,375,500,"240.0,352.0,326.0,413.0"
4233,2409829,2409829,2,and,people,graph_box,1.0000,23,1,0,3,,500,326,"189.0,69.0,292.0,326.0"
4237,2408823,2408823,1,2_hop,dish,graph_box,1.0000,8,1,0,3,,500,333,"8.0,244.0,390.0,333.0"
4238,2336142,2336142,1,0_hop,decoration,graph_box,1.0000,29,1,0,1,,500,375,"256.0,0.0,433.0,144.0"
4239,2333428,2333428,2,2_hop,building,graph_box,1.0000,27,2,1,3,,500,333,"0.0,112.0,85.0,205.0"
4240,2333428,2333428,2,1_hop,building,graph_box,1.0000,27,2,1,2,,500,333,"0.0,112.0,85.0,205.0"
4241,2377472,2377472,2,2_hop,man,graph_box,1.0000,15,2,1,3,,374,500,"0.0,37.0,136.0,415.0"
4242,2377472,2377472,2,and,man,graph_box,1.0000,15,2,1,3,,374,500,"0.0,37.0,136.0,415.0"
4247,2371134,2371134,1,0_hop,letters,graph_box,1.0000,33,1,0,1,,500,281,"31.0,10.0,121.0,65.0"
4249,2371134,2371134,2,and,tray,graph_box,1.0000,33,2,1,3,,500,281,"166.0,114.0,338.0,255.0"
4250,2353069,2353069,1,0_hop,skateboard,graph_box,1.0000,12,1,0,1,,364,500,"14.0,376.0,331.0,494.0"
4254,2405883,2405883,1,0_hop,plate,graph_box,1.0000,5,1,0,1,,500,375,"0.0,45.0,500.0,374.0"
4257,2410351,2410351,2,1_hop,mirror,graph_box,1.0000,15,3,2,2,,500,400,"9.0,6.0,132.0,378.0"
4258,2392289,2392289,2,1_hop,people,graph_box,1.0000,34,1,0,2,,500,347,"112.0,24.0,200.0,264.0"
4260,2392285,2392285,2,and,mirror,graph_box,1.0000,12,2,1,3,,500,375,"163.0,0.0,412.0,345.0"
4261,2392285,2392285,1,2_hop,tree,graph_box,1.0000,12,1,0,3,,500,375,"193.0,180.0,228.0,264.0"
4263,2367651,2367651,1,0_hop,table,graph_box,1.0000,24,1,0,1,,500,333,"0.0,44.0,498.0,331.0"
4267,2320068,2320068,3,2_hop,glass,graph_box,1.0000,9,4,3,3,,500,500,"2.0,30.0,238.0,498.0"
4268,2320068,2320068,3,1_hop,glass,graph_box,1.0000,9,4,3,2,,500,500,"2.0,30.0,238.0,498.0"
4269,2350006,2350006,1,and,man,graph_box,1.0000,23,1,0,3,,500,206,"78.0,29.0,162.0,192.0"
4271,2353207,2353207,2,2_hop,umbrella,graph_box,1.0000,22,4,3,3,,500,333,"327.0,60.0,445.0,141.0"
4273,2353207,2353207,3,2_hop,umbrella,graph_box,1.0000,22,4,3,3,,500,333,"327.0,60.0,445.0,141.0"
4276,2353207,2353207,3,2_hop,man,graph_box,1.0000,22,2,1,3,,500,333,"0.0,159.0,44.0,314.0"
4279,2379471,2379471,1,2_hop,screen,graph_box,1.0000,15,1,0,3,,500,277,"306.0,63.0,396.0,220.0"
4280,2379471,2379471,1,and,screen,graph_box,1.0000,15,1,0,3,,500,277,"306.0,63.0,396.0,220.0"
4281,2379471,2379471,1,2_hop,ceiling,graph_box,1.0000,15,1,0,3,,500,277,"170.0,0.0,419.0,32.0"
4282,2379471,2379471,2,2_hop,pillow,graph_box,1.0000,15,2,1,3,,500,277,"457.0,158.0,500.0,241.0"
4283,2379471,2379471,2,and,pillow,graph_box,1.0000,15,2,1,3,,500,277,"457.0,158.0,500.0,241.0"
4284,2315386,2315386,2,2_hop,tree,graph_box,1.0000,14,2,1,3,,500,334,"269.0,0.0,498.0,216.0"
4285,2315386,2315386,2,1_hop,tree,graph_box,1.0000,14,2,1,2,,500,334,"269.0,0.0,498.0,216.0"
4286,2379479,2379479,2,2_hop,sign,graph_box,1.0000,20,2,1,3,,333,500,"264.0,38.0,316.0,107.0"
4287,2379479,2379479,2,and,sign,graph_box,1.0000,20,2,1,3,,333,500,"264.0,38.0,316.0,107.0"
4288,2379479,2379479,1,2_hop,telephone pole,graph_box,1.0000,20,1,0,3,,333,500,"56.0,0.0,85.0,295.0"
4290,2387947,2387947,1,0_hop,bird,graph_box,1.0000,18,1,0,1,,333,500,"164.0,152.0,251.0,251.0"
4291,2387947,2387947,1,2_hop,bird,graph_box,1.0000,18,1,0,3,,333,500,"164.0,152.0,251.0,251.0"
4292,2387947,2387947,1,1_hop,bird,graph_box,1.0000,18,1,0,2,,333,500,"164.0,152.0,251.0,251.0"
4293,2399886,2399886,2,2_hop,mug,graph_box,1.0000,9,2,1,3,,500,281,"292.0,131.0,409.0,227.0"
4294,2399886,2399886,2,1_hop,mug,graph_box,1.0000,9,2,1,2,,500,281,"292.0,131.0,409.0,227.0"
4295,2399886,2399886,3,2_hop,mug,graph_box,1.0000,9,2,1,3,,500,281,"292.0,131.0,409.0,227.0"
4296,2399886,2399886,3,1_hop,mug,graph_box,1.0000,9,2,1,2,,500,281,"292.0,131.0,409.0,227.0"
4297,2399886,2399886,1,1_hop,table,graph_box,1.0000,9,1,0,2,,500,281,"2.0,46.0,499.0,279.0"
4298,2320493,2320493,3,2_hop,tree,graph_box,1.0000,29,7,6,3,,500,320,"372.0,76.0,498.0,320.0"
4299,2378535,2378535,2,1_hop,woman,graph_box,1.0000,16,2,1,2,,500,332,"331.0,73.0,495.0,306.0"
4300,2378535,2378535,3,2_hop,woman,graph_box,1.0000,16,2,1,3,,500,332,"331.0,73.0,495.0,306.0"
4301,2378535,2378535,1,0_hop,shopping bag,graph_box,1.0000,16,1,0,1,,500,332,"297.0,172.0,340.0,252.0"
4303,2317877,2317877,2,2_hop,giraffe,graph_box,1.0000,29,5,4,3,,500,400,"413.0,151.0,472.0,359.0"
4304,2317877,2317877,2,1_hop,giraffe,graph_box,1.0000,29,5,4,2,,500,400,"413.0,151.0,472.0,359.0"
4306,2386929,2386929,1,0_hop,air conditioner,graph_box,1.0000,23,1,0,1,,500,332,"423.0,0.0,491.0,29.0"
4307,2337735,2337735,2,1_hop,bird,graph_box,1.0000,7,2,1,2,,500,500,"103.0,297.0,232.0,358.0"
4309,2352159,2352159,2,1_hop,man,graph_box,1.0000,19,3,2,2,,500,333,"292.0,67.0,328.0,142.0"
4310,2343336,2343336,2,and,elephant,graph_box,1.0000,19,2,1,3,,500,332,"215.0,47.0,371.0,312.0"
4312,2318581,2318581,3,1_hop,girl,graph_box,1.0000,14,2,1,2,,500,335,"0.0,117.0,151.0,335.0"
4313,2319306,2319306,2,1_hop,man,graph_box,1.0000,17,2,1,2,,500,500,"0.0,46.0,391.0,477.0"
4314,2407360,2407360,3,2_hop,fork,graph_box,1.0000,13,4,3,3,,500,375,"413.0,36.0,497.0,178.0"
4315,2407360,2407360,2,2_hop,fork,graph_box,1.0000,13,4,3,3,,500,375,"86.0,15.0,191.0,50.0"
4316,2407360,2407360,2,and,fork,graph_box,1.0000,13,4,3,3,,500,375,"86.0,15.0,191.0,50.0"
4319,2391160,2391160,3,2_hop,tree,graph_box,1.0000,25,2,1,3,,500,375,"381.0,1.0,453.0,116.0"
4320,2391160,2391160,3,1_hop,tree,graph_box,1.0000,25,2,1,2,,500,375,"381.0,1.0,453.0,116.0"
4321,2391160,2391160,1,1_hop,bus,graph_box,1.0000,25,1,0,2,,500,375,"70.0,107.0,424.0,269.0"
4322,2361896,2361896,1,0_hop,airplane,graph_box,1.0000,19,1,0,1,,500,375,"132.0,113.0,477.0,326.0"
4323,2317656,2317656,1,0_hop,airplane,graph_box,1.0000,30,1,0,1,,500,221,"39.0,47.0,463.0,162.0"
4326,2388439,2388439,1,1_hop,girl,graph_box,1.0000,17,1,0,2,,333,500,"89.0,25.0,277.0,327.0"
4327,2361540,2361540,1,1_hop,man,graph_box,1.0000,18,2,1,2,,500,375,"0.0,0.0,422.0,372.0"
4331,2411305,2411305,1,and,boat,graph_box,1.0000,18,1,0,3,,500,333,"160.0,180.0,414.0,203.0"
4333,2348458,2348458,2,2_hop,chair,graph_box,1.0000,8,2,1,3,,500,367,"5.0,1.0,148.0,156.0"
4334,2348458,2348458,2,1_hop,chair,graph_box,1.0000,8,2,1,2,,500,367,"5.0,1.0,148.0,156.0"
4335,1592676,1592676,1,0_hop,train,graph_box,1.0000,18,1,0,1,,1280,867,"96.0,312.0,868.0,516.0"
4337,2386586,2386586,1,0_hop,decoration,graph_box,1.0000,26,1,0,1,,500,333,"350.0,19.0,466.0,181.0"
4338,2386586,2386586,1,and,decoration,graph_box,1.0000,26,1,0,3,,500,333,"350.0,19.0,466.0,181.0"
4339,2328701,2328701,2,2_hop,man,graph_box,1.0000,22,3,2,3,,500,370,"19.0,68.0,98.0,352.0"
4340,2328701,2328701,2,and,man,graph_box,1.0000,22,3,2,3,,500,370,"19.0,68.0,98.0,352.0"
4342,2328701,2328701,2,and,man,graph_box,1.0000,22,3,2,3,,500,370,"360.0,140.0,472.0,293.0"
4345,2385620,2385620,1,0_hop,pizza,graph_box,1.0000,12,1,0,1,,500,375,"13.0,18.0,500.0,344.0"
4346,2385620,2385620,1,2_hop,pizza,graph_box,1.0000,12,1,0,3,,500,375,"13.0,18.0,500.0,344.0"
4347,2385620,2385620,1,and,pizza,graph_box,1.0000,12,1,0,3,,500,375,"13.0,18.0,500.0,344.0"
4350,2385164,2385164,1,1_hop,glass,graph_box,1.0000,15,1,0,2,,500,375,"397.0,0.0,475.0,82.0"
4351,2403595,2403595,1,1_hop,girl,graph_box,1.0000,19,1,0,2,,332,500,"27.0,110.0,292.0,440.0"
4352,2403590,2403590,1,2_hop,train,graph_box,1.0000,22,1,0,3,,500,333,"189.0,1.0,499.0,333.0"
4354,2403590,2403590,2,1_hop,man,graph_box,1.0000,22,3,2,2,,500,333,"194.0,60.0,268.0,328.0"
4355,2355648,2355648,1,0_hop,sauce,graph_box,1.0000,10,1,0,1,,500,375,"56.0,202.0,500.0,269.0"
4357,285860,285860,2,2_hop,keyboard,graph_box,1.0000,14,2,1,3,,1024,768,"536.0,565.0,1009.0,738.0"
4358,285860,285860,2,and,keyboard,graph_box,1.0000,14,2,1,3,,1024,768,"536.0,565.0,1009.0,738.0"
4359,1592581,1592581,2,0_hop,curtain,graph_box,1.0000,24,2,1,1,,1024,768,"0.0,166.0,73.0,630.0"
4360,1592584,1592584,2,2_hop,truck,graph_box,1.0000,19,2,1,3,,768,1024,"441.0,523.0,766.0,1024.0"
4362,2410862,2410862,2,2_hop,water,graph_box,1.0000,14,1,0,3,,500,334,"147.0,71.0,201.0,138.0"
4363,2410862,2410862,1,and,water,graph_box,1.0000,14,1,0,3,,500,334,"147.0,71.0,201.0,138.0"
4364,2410862,2410862,1,1_hop,donut,graph_box,1.0000,14,1,0,2,,500,334,"153.0,194.0,253.0,283.0"
4365,2390560,2390560,1,2_hop,sandwich,graph_box,1.0000,18,1,0,3,,375,500,"120.0,317.0,220.0,378.0"
4367,2388405,2388405,1,1_hop,woman,graph_box,1.0000,13,1,0,2,,500,375,"110.0,51.0,152.0,113.0"
4370,1159400,1159400,1,0_hop,counter,graph_box,1.0000,30,1,0,1,,1024,768,"0.0,526.0,281.0,664.0"
4371,2363769,2363769,1,0_hop,book,graph_box,1.0000,14,1,0,1,,500,333,"85.0,174.0,448.0,287.0"
4372,2363769,2363769,1,1_hop,book,graph_box,1.0000,14,1,0,2,,500,333,"85.0,174.0,448.0,287.0"
4373,2403304,2403304,1,2_hop,tree,objects_id_first,0.0000,14,1,0,3,,500,375,"411.1,0.4,499.9,148.6"
4374,2376495,2376495,1,1_hop,lake,graph_box,1.0000,23,1,0,2,,500,333,"0.0,190.0,500.0,266.0"
4376,2335554,2335554,2,1_hop,building,graph_box,1.0000,11,2,1,2,,317,500,"35.0,372.0,90.0,499.0"
4378,2323120,2323120,2,2_hop,train tracks,graph_box,1.0000,13,2,1,3,,500,333,"0.0,0.0,142.0,332.0"
4379,2323120,2323120,2,and,train tracks,graph_box,1.0000,13,2,1,3,,500,333,"0.0,0.0,142.0,332.0"
4382,2382358,2382358,3,1_hop,policeman,graph_box,1.0000,20,2,1,2,,500,375,"319.0,28.0,434.0,238.0"
4383,2382358,2382358,2,0_hop,horse,graph_box,1.0000,20,2,1,1,,500,375,"332.0,122.0,478.0,375.0"
4385,2397231,2397231,1,0_hop,bench,graph_box,1.0000,20,1,0,1,,500,332,"16.0,107.0,207.0,176.0"
4386,2397231,2397231,1,and,bench,graph_box,1.0000,20,1,0,3,,500,332,"16.0,107.0,207.0,176.0"
4387,2394023,2394023,1,1_hop,squash,graph_box,1.0000,14,1,0,2,,500,375,"304.0,196.0,359.0,281.0"
4388,1592847,1592847,1,0_hop,house,graph_box,1.0000,9,1,0,1,,1024,683,"0.0,102.0,665.0,468.0"
4390,2406612,2406612,1,0_hop,mirror,graph_box,1.0000,11,1,0,1,,333,500,"0.0,0.0,205.0,251.0"
4391,2389032,2389032,1,2_hop,glass,graph_box,1.0000,12,1,0,3,,500,351,"26.0,3.0,305.0,137.0"
4392,2389032,2389032,1,1_hop,glass,graph_box,1.0000,12,1,0,2,,500,351,"26.0,3.0,305.0,137.0"
4393,2389032,2389032,1,0_hop,building,graph_box,1.0000,12,1,0,1,,500,351,"3.0,2.0,500.0,296.0"
4394,2389032,2389032,1,2_hop,building,graph_box,1.0000,12,1,0,3,,500,351,"3.0,2.0,500.0,296.0"
4396,2350945,2350945,1,1_hop,umbrella,graph_box,1.0000,16,1,0,2,,500,500,"193.0,177.0,306.0,212.0"
4398,2360711,2360711,2,and,tree,graph_box,1.0000,7,3,2,3,,375,500,"0.0,0.0,31.0,501.0"
4399,2320801,2320801,2,1_hop,net,graph_box,1.0000,18,2,1,2,,500,376,"355.0,61.0,499.0,147.0"
4402,2412735,2412735,1,1_hop,wire,graph_box,1.0000,9,1,0,2,,500,339,"350.0,39.0,384.0,132.0"
4403,2321178,2321178,2,1_hop,chair,graph_box,1.0000,17,5,4,2,,500,331,"331.0,164.0,408.0,294.0"
4404,2321178,2321178,2,2_hop,curtain,graph_box,1.0000,17,3,2,3,,500,331,"94.0,0.0,154.0,139.0"
4406,497969,497969,1,0_hop,skateboard,graph_box,1.0000,9,1,0,1,,1024,683,"802.0,430.0,984.0,552.0"
4409,2364725,2364725,1,1_hop,fan,graph_box,1.0000,22,1,0,2,,500,334,"134.0,21.0,236.0,72.0"
4411,2416721,2416721,1,0_hop,oven,graph_box,1.0000,26,1,0,1,,332,500,"163.0,243.0,195.0,327.0"
4412,2416721,2416721,1,0_hop,cutting board,graph_box,1.0000,26,1,0,1,,332,500,"248.0,318.0,329.0,387.0"
4413,2416721,2416721,1,1_hop,cutting board,graph_box,1.0000,26,1,0,2,,332,500,"248.0,318.0,329.0,387.0"
4414,1331,1331,1,1_hop,building,graph_box,1.0000,39,1,0,2,,400,244,"27.0,63.0,372.0,179.0"
4416,2361391,2361391,1,0_hop,keyboard,objects_id_first,0.1805,15,1,0,1,,500,357,"198.0,167.4,394.4,331.7"
4417,2361391,2361391,1,1_hop,keyboard,graph_box,1.0000,15,1,0,2,,500,357,"226.0,236.0,317.0,300.0"
4418,2327692,2327692,1,1_hop,house,graph_box,1.0000,19,1,0,2,,334,500,"0.0,0.0,313.0,185.0"
4419,2327692,2327692,2,2_hop,chair,graph_box,1.0000,19,2,1,3,,334,500,"50.0,116.0,104.0,158.0"
4420,2327692,2327692,2,1_hop,chair,graph_box,1.0000,19,2,1,2,,334,500,"50.0,116.0,104.0,158.0"
4422,2344162,2344162,1,1_hop,monitor,graph_box,1.0000,23,1,0,2,,500,375,"373.0,62.0,500.0,218.0"
4423,2344162,2344162,1,0_hop,screen,graph_box,1.0000,23,1,0,1,,500,375,"376.0,63.0,500.0,250.0"
4426,2394610,2394610,1,1_hop,train,graph_box,1.0000,12,1,0,2,,500,337,"0.0,110.0,434.0,287.0"
4427,2341413,2341413,1,and,fish,graph_box,1.0000,7,1,0,3,,500,375,"84.0,52.0,355.0,328.0"
4430,2344782,2344782,1,and,fruit,graph_box,1.0000,25,1,0,3,,500,375,"291.0,39.0,398.0,159.0"
4431,2386440,2386440,2,0_hop,truck,graph_box,1.0000,22,2,1,1,,500,332,"1.0,178.0,60.0,247.0"
4432,2386440,2386440,2,2_hop,truck,graph_box,1.0000,22,2,1,3,,500,332,"1.0,178.0,60.0,247.0"
4433,2386440,2386440,2,and,truck,graph_box,1.0000,22,2,1,3,,500,332,"1.0,178.0,60.0,247.0"
4434,2386440,2386440,1,1_hop,ladder,graph_box,1.0000,22,1,0,2,,500,332,"160.0,0.0,248.0,161.0"
4435,2323337,2323337,1,0_hop,woman,graph_box,1.0000,21,1,0,1,,500,380,"435.0,110.0,485.0,177.0"
4437,2323337,2323337,2,1_hop,elephant,graph_box,1.0000,21,3,2,2,,500,380,"312.0,104.0,438.0,358.0"
4439,2377320,2377320,2,and,spoon,graph_box,1.0000,15,2,1,3,,500,374,"417.0,273.0,500.0,310.0"
4440,2377320,2377320,3,2_hop,spoon,graph_box,1.0000,15,2,1,3,,500,374,"417.0,273.0,500.0,310.0"
4441,2342038,2342038,1,0_hop,orange,graph_box,1.0000,15,1,0,1,,500,500,"157.0,233.0,380.0,461.0"
4442,2412125,2412125,1,0_hop,stump,graph_box,1.0000,18,1,0,1,,500,375,"410.0,3.0,493.0,228.0"
4443,2412125,2412125,1,2_hop,stump,graph_box,1.0000,18,1,0,3,,500,375,"410.0,3.0,493.0,228.0"
4444,2412125,2412125,1,1_hop,stump,graph_box,1.0000,18,1,0,2,,500,375,"410.0,3.0,493.0,228.0"
4445,2412122,2412122,1,1_hop,sink,graph_box,1.0000,14,1,0,2,,333,500,"121.0,349.0,202.0,379.0"
4447,2341372,2341372,2,2_hop,battery,graph_box,1.0000,10,3,2,3,,500,375,"0.0,109.0,147.0,268.0"
4448,2341372,2341372,2,and,battery,graph_box,1.0000,10,3,2,3,,500,375,"0.0,109.0,147.0,268.0"
4451,2386056,2386056,2,1_hop,laptop,graph_box,1.0000,15,2,1,2,,500,375,"0.0,0.0,278.0,374.0"
4452,2351481,2351481,1,1_hop,tray,graph_box,1.0000,10,1,0,2,,375,500,"122.0,398.0,296.0,480.0"
4453,2358767,2358767,2,1_hop,building,graph_box,1.0000,16,2,1,2,,500,334,"1.0,0.0,238.0,334.0"
4454,2358767,2358767,3,2_hop,building,graph_box,1.0000,16,2,1,3,,500,334,"1.0,0.0,238.0,334.0"
4460,2410049,2410049,1,0_hop,book,graph_box,1.0000,15,1,0,1,,375,500,"133.0,164.0,190.0,204.0"
4461,2410049,2410049,1,and,door,graph_box,1.0000,15,1,0,3,,375,500,"42.0,0.0,147.0,354.0"
4462,2362812,2362812,2,2_hop,end table,graph_box,1.0000,18,2,1,3,,500,344,"0.0,243.0,73.0,326.0"
4463,2362812,2362812,2,1_hop,end table,graph_box,1.0000,18,2,1,2,,500,344,"0.0,243.0,73.0,326.0"
4464,2362812,2362812,3,2_hop,end table,graph_box,1.0000,18,2,1,3,,500,344,"0.0,243.0,73.0,326.0"
4465,2370424,2370424,1,2_hop,man,graph_box,1.0000,9,1,0,3,,500,292,"204.0,35.0,274.0,227.0"
4466,2370424,2370424,1,1_hop,man,graph_box,1.0000,9,1,0,2,,500,292,"204.0,35.0,274.0,227.0"
4467,2370424,2370424,1,0_hop,bag,graph_box,1.0000,9,1,0,1,,500,292,"245.0,62.0,279.0,127.0"
4468,2370424,2370424,1,1_hop,bag,graph_box,1.0000,9,1,0,2,,500,292,"245.0,62.0,279.0,127.0"
4469,2346551,2346551,1,0_hop,cap,graph_box,1.0000,16,1,0,1,,500,333,"280.0,28.0,351.0,68.0"
4470,2406404,2406404,1,0_hop,bus,graph_box,1.0000,7,1,0,1,,500,334,"323.0,111.0,487.0,252.0"
4471,2406404,2406404,1,2_hop,bus,graph_box,1.0000,7,1,0,3,,500,334,"323.0,111.0,487.0,252.0"
4472,2406404,2406404,1,and,bus,graph_box,1.0000,7,1,0,3,,500,334,"323.0,111.0,487.0,252.0"
4473,2347977,2347977,2,2_hop,door,graph_box,1.0000,11,3,2,3,,375,500,"334.0,0.0,375.0,498.0"
4474,2347977,2347977,2,and,door,graph_box,1.0000,11,3,2,3,,375,500,"334.0,0.0,375.0,498.0"
4475,2347977,2347977,1,1_hop,cupboard,graph_box,1.0000,11,1,0,2,,375,500,"27.0,16.0,221.0,219.0"
4477,2395984,2395984,1,2_hop,sauce,graph_box,1.0000,12,1,0,3,,500,334,"96.0,76.0,179.0,136.0"
4478,2395984,2395984,1,and,sauce,graph_box,1.0000,12,1,0,3,,500,334,"96.0,76.0,179.0,136.0"
4479,2395984,2395984,1,0_hop,fork,graph_box,1.0000,12,1,0,1,,500,334,"173.0,73.0,497.0,198.0"
4480,2395984,2395984,1,2_hop,fork,graph_box,1.0000,12,1,0,3,,500,334,"173.0,73.0,497.0,198.0"
4481,2395984,2395984,1,and,sandwich,graph_box,1.0000,12,1,0,3,,500,334,"88.0,107.0,205.0,208.0"
4482,2395984,2395984,1,0_hop,flower,graph_box,1.0000,12,1,0,1,,500,334,"108.0,50.0,164.0,89.0"
4483,2395984,2395984,1,2_hop,flower,graph_box,1.0000,12,1,0,3,,500,334,"108.0,50.0,164.0,89.0"
4484,2395984,2395984,1,1_hop,flower,graph_box,1.0000,12,1,0,2,,500,334,"108.0,50.0,164.0,89.0"
4490,2396982,2396982,1,0_hop,water,graph_box,1.0000,10,1,0,1,,500,333,"12.0,216.0,500.0,332.0"
4491,2396982,2396982,1,2_hop,water,graph_box,1.0000,10,1,0,3,,500,333,"12.0,216.0,500.0,332.0"
4492,2396982,2396982,1,1_hop,water,graph_box,1.0000,10,1,0,2,,500,333,"12.0,216.0,500.0,332.0"
4494,2344578,2344578,1,and,plate,graph_box,1.0000,22,1,0,3,,500,500,"241.0,161.0,408.0,282.0"
4495,2355489,2355489,2,and,horse,graph_box,1.0000,19,2,1,3,,500,333,"0.0,0.0,242.0,312.0"
4496,2327921,2327921,1,and,bread,graph_box,1.0000,11,1,0,3,,500,500,"210.0,30.0,337.0,195.0"
4497,2327921,2327921,1,and,glass,graph_box,1.0000,11,1,0,3,,500,500,"56.0,15.0,191.0,79.0"
4498,2410814,2410814,1,0_hop,roof,graph_box,1.0000,12,1,0,1,,500,375,"243.0,2.0,424.0,94.0"
4499,2410814,2410814,2,2_hop,sheep,graph_box,1.0000,12,3,2,3,,500,375,"280.0,241.0,334.0,323.0"
4500,2410814,2410814,2,1_hop,sheep,graph_box,1.0000,12,3,2,2,,500,375,"280.0,241.0,334.0,323.0"
4501,2323105,2323105,1,0_hop,cat,graph_box,1.0000,9,1,0,1,,500,500,"1.0,109.0,499.0,425.0"
4502,2406796,2406796,1,0_hop,fan,graph_box,1.0000,13,1,0,1,,333,500,"200.0,367.0,277.0,459.0"
4503,2406796,2406796,1,2_hop,fan,graph_box,1.0000,13,1,0,3,,333,500,"200.0,367.0,277.0,459.0"
4504,2322855,2322855,1,0_hop,tray,graph_box,1.0000,10,1,0,1,,500,375,"111.0,145.0,351.0,247.0"
4506,2315880,2315880,2,and,man,graph_box,1.0000,38,2,1,3,,333,500,"15.0,4.0,105.0,275.0"
4507,2315880,2315880,2,2_hop,man,graph_box,1.0000,38,2,1,3,,333,500,"27.0,115.0,282.0,470.0"
4508,2315880,2315880,2,1_hop,man,graph_box,1.0000,38,2,1,2,,333,500,"27.0,115.0,282.0,470.0"
4509,2357535,2357535,1,0_hop,pole,graph_box,1.0000,13,1,0,1,,375,500,"123.0,0.0,177.0,206.0"
4510,2409205,2409205,2,and,woman,graph_box,1.0000,28,2,1,3,,500,376,"5.0,83.0,154.0,264.0"
4511,2409205,2409205,3,2_hop,woman,graph_box,1.0000,28,2,1,3,,500,376,"5.0,83.0,154.0,264.0"
4512,2336294,2336294,3,2_hop,elephant,graph_box,1.0000,15,2,1,3,,500,333,"396.0,104.0,498.0,201.0"
4513,2336294,2336294,2,2_hop,trunk,graph_box,1.0000,15,2,1,3,,500,333,"63.0,16.0,113.0,177.0"
4514,2336294,2336294,2,1_hop,trunk,graph_box,1.0000,15,2,1,2,,500,333,"63.0,16.0,113.0,177.0"
4515,2370655,2370655,1,1_hop,child,graph_box,1.0000,11,1,0,2,,500,333,"76.0,23.0,365.0,333.0"
4516,2401323,2401323,1,0_hop,toilet,graph_box,1.0000,7,1,0,1,,500,500,"50.0,28.0,447.0,469.0"
4517,2401323,2401323,1,and,toilet,graph_box,1.0000,7,1,0,3,,500,500,"50.0,28.0,447.0,469.0"
4521,1592634,1592634,1,2_hop,food,graph_box,1.0000,16,1,0,3,,683,1024,"133.0,893.0,263.0,1018.0"
4522,1592634,1592634,1,2_hop,tie,graph_box,1.0000,16,1,0,3,,683,1024,"497.0,463.0,568.0,685.0"
4523,1592634,1592634,1,1_hop,tie,graph_box,1.0000,16,1,0,2,,683,1024,"497.0,463.0,568.0,685.0"
4524,2399323,2399323,1,2_hop,pastry,graph_box,1.0000,12,1,0,3,,500,375,"51.0,144.0,286.0,371.0"
4525,2399323,2399323,1,and,pastry,graph_box,1.0000,12,1,0,3,,500,375,"51.0,144.0,286.0,371.0"
4526,2399323,2399323,1,0_hop,beverage,graph_box,1.0000,12,1,0,1,,500,375,"257.0,0.0,499.0,276.0"
4527,2399323,2399323,1,and,beverage,graph_box,1.0000,12,1,0,3,,500,375,"257.0,0.0,499.0,276.0"
4530,2384158,2384158,1,0_hop,pine tree,graph_box,1.0000,24,1,0,1,,363,500,"237.0,335.0,296.0,387.0"
4531,2384158,2384158,2,2_hop,guy,graph_box,1.0000,24,2,1,3,,363,500,"82.0,0.0,363.0,435.0"
4532,2384158,2384158,2,1_hop,guy,graph_box,1.0000,24,2,1,2,,363,500,"82.0,0.0,363.0,435.0"
4533,2384158,2384158,1,0_hop,graffiti,graph_box,1.0000,24,1,0,1,,363,500,"166.0,382.0,274.0,439.0"
4534,2384158,2384158,1,2_hop,graffiti,graph_box,1.0000,24,1,0,3,,363,500,"166.0,382.0,274.0,439.0"
4535,2384158,2384158,1,1_hop,graffiti,graph_box,1.0000,24,1,0,2,,363,500,"166.0,382.0,274.0,439.0"
4536,2325221,2325221,1,and,collar,graph_box,1.0000,15,1,0,3,,500,396,"155.0,206.0,227.0,242.0"
4537,2325221,2325221,1,2_hop,man,graph_box,1.0000,15,1,0,3,,500,396,"227.0,90.0,434.0,385.0"
4538,2325221,2325221,1,and,man,graph_box,1.0000,15,1,0,3,,500,396,"227.0,90.0,434.0,385.0"
4539,2359351,2359351,1,0_hop,sink,graph_box,1.0000,10,1,0,1,,500,375,"0.0,193.0,499.0,374.0"
4540,2359351,2359351,1,0_hop,faucet,graph_box,1.0000,10,1,0,1,,500,375,"178.0,101.0,285.0,225.0"
4541,2359351,2359351,1,2_hop,faucet,graph_box,1.0000,10,1,0,3,,500,375,"178.0,101.0,285.0,225.0"
4542,2359351,2359351,1,and,faucet,graph_box,1.0000,10,1,0,3,,500,375,"178.0,101.0,285.0,225.0"
4543,2343698,2343698,1,2_hop,water,graph_box,1.0000,23,1,0,3,,500,375,"0.0,339.0,500.0,375.0"
4544,2343698,2343698,1,1_hop,water,graph_box,1.0000,23,1,0,2,,500,375,"0.0,339.0,500.0,375.0"
4546,2389829,2389829,1,0_hop,car,graph_box,1.0000,13,1,0,1,,500,375,"390.0,44.0,500.0,102.0"
4547,2354183,2354183,1,0_hop,dome,graph_box,1.0000,22,1,0,1,,500,333,"144.0,106.0,231.0,172.0"
4548,2354183,2354183,2,1_hop,man,graph_box,1.0000,22,4,3,2,,500,333,"14.0,254.0,53.0,325.0"
4549,2414832,2414832,2,1_hop,car,graph_box,1.0000,19,2,1,2,,500,375,"0.0,71.0,92.0,195.0"
4550,2414832,2414832,2,1_hop,car,graph_box,1.0000,19,2,1,2,,500,375,"388.0,109.0,499.0,199.0"
4551,2376309,2376309,1,1_hop,girl,graph_box,1.0000,12,1,0,2,,500,334,"205.0,17.0,363.0,283.0"
4552,2372514,2372514,1,and,man,graph_box,1.0000,14,1,0,3,,281,500,"144.0,183.0,278.0,498.0"
4553,2414951,2414951,1,0_hop,cat,objects_id_first,0.4931,12,1,0,1,,500,333,"55.1,46.4,496.5,330.2"
4554,2405229,2405229,1,0_hop,cake,graph_box,1.0000,20,1,0,1,,500,357,"102.0,193.0,390.0,315.0"
4555,2347999,2347999,2,0_hop,elephant,graph_box,1.0000,5,1,0,1,,500,333,"0.0,2.0,153.0,222.0"
4556,2333753,2333753,2,2_hop,woman,graph_box,1.0000,21,2,1,3,,500,333,"287.0,0.0,324.0,58.0"
4557,2333753,2333753,2,1_hop,woman,graph_box,1.0000,21,2,1,2,,500,333,"287.0,0.0,324.0,58.0"
4558,2333753,2333753,1,0_hop,post,graph_box,1.0000,21,1,0,1,,500,333,"183.0,127.0,208.0,332.0"
4560,2396968,2396968,1,2_hop,building,graph_box,1.0000,13,1,0,3,,500,313,"0.0,0.0,172.0,197.0"
4561,2396968,2396968,1,and,building,graph_box,1.0000,13,1,0,3,,500,313,"0.0,0.0,172.0,197.0"
4562,2336824,2336824,1,1_hop,picture,objects_id_first,0.4352,15,1,0,2,,500,333,"187.4,17.3,304.0,112.7"
4563,2363859,2363859,1,2_hop,pizza,graph_box,1.0000,32,1,0,3,,500,500,"93.0,20.0,489.0,480.0"
4564,2363859,2363859,1,and,pizza,graph_box,1.0000,32,1,0,3,,500,500,"93.0,20.0,489.0,480.0"
4565,2328560,2328560,2,and,fence,graph_box,1.0000,27,2,1,3,,500,357,"0.0,137.0,118.0,294.0"
4566,2328560,2328560,1,2_hop,baby,graph_box,1.0000,27,1,0,3,,500,357,"62.0,109.0,100.0,157.0"
4567,2338286,2338286,1,0_hop,refrigerator,graph_box,1.0000,17,1,0,1,,500,334,"319.0,69.0,366.0,147.0"
4569,2405764,2405764,1,0_hop,racket,graph_box,1.0000,13,1,0,1,,382,500,"5.0,357.0,258.0,473.0"
4570,1592091,1592091,1,1_hop,sign,graph_box,1.0000,18,1,0,2,,1024,685,"196.0,363.0,289.0,479.0"
4571,2362053,2362053,1,0_hop,backpack,graph_box,1.0000,15,1,0,1,,500,333,"208.0,116.0,253.0,181.0"
4572,2382188,2382188,1,1_hop,airplane,graph_box,1.0000,12,1,0,2,,500,283,"15.0,50.0,496.0,183.0"
4573,2390473,2390473,1,1_hop,yogurt,graph_box,1.0000,19,1,0,2,,384,500,"326.0,270.0,369.0,317.0"
4574,2382398,2382398,1,2_hop,cabinets,graph_box,1.0000,10,1,0,3,,375,500,"158.0,0.0,233.0,355.0"
4575,2382398,2382398,1,and,cabinets,graph_box,1.0000,10,1,0,3,,375,500,"158.0,0.0,233.0,355.0"
4576,2380483,2380483,1,0_hop,blinds,graph_box,1.0000,23,1,0,1,,500,375,"253.0,1.0,366.0,124.0"
4577,2380483,2380483,2,2_hop,man,graph_box,1.0000,23,2,1,3,,500,375,"243.0,105.0,361.0,230.0"
4578,2380483,2380483,2,1_hop,man,graph_box,1.0000,23,2,1,2,,500,375,"243.0,105.0,361.0,230.0"
4579,2402683,2402683,1,0_hop,racket,graph_box,1.0000,10,1,0,1,,500,335,"267.0,77.0,318.0,118.0"
4581,2360758,2360758,2,1_hop,man,graph_box,1.0000,19,2,1,2,,500,375,"254.0,76.0,417.0,372.0"
4582,2360758,2360758,3,2_hop,man,graph_box,1.0000,19,2,1,3,,500,375,"254.0,76.0,417.0,372.0"
4585,2347766,2347766,1,0_hop,bench,graph_box,1.0000,13,1,0,1,,375,500,"1.0,249.0,107.0,458.0"
4586,2347766,2347766,1,2_hop,bench,graph_box,1.0000,13,1,0,3,,375,500,"1.0,249.0,107.0,458.0"
4587,2347766,2347766,1,and,bench,graph_box,1.0000,13,1,0,3,,375,500,"1.0,249.0,107.0,458.0"
4588,2392303,2392303,2,2_hop,bridge,graph_box,1.0000,24,2,1,3,,500,375,"0.0,270.0,236.0,315.0"
4589,2392303,2392303,2,and,bridge,graph_box,1.0000,24,2,1,3,,500,375,"0.0,270.0,236.0,315.0"
4590,2392303,2392303,1,0_hop,lake,objects_id_first,0.0783,24,1,0,1,,500,375,"2.8,281.5,498.2,373.0"
4591,2392303,2392303,1,0_hop,water,graph_box,1.0000,24,1,0,1,,500,375,"53.0,283.0,499.0,375.0"
4593,2387376,2387376,1,0_hop,street,graph_box,1.0000,16,1,0,1,,500,375,"2.0,210.0,500.0,375.0"
4594,2336226,2336226,2,1_hop,post,graph_box,1.0000,13,2,1,2,,500,375,"344.0,150.0,385.0,228.0"
4595,2400302,2400302,1,0_hop,camera,graph_box,1.0000,14,1,0,1,,500,334,"424.0,147.0,481.0,220.0"
4596,2400302,2400302,1,2_hop,camera,graph_box,1.0000,14,1,0,3,,500,334,"424.0,147.0,481.0,220.0"
4597,2400302,2400302,1,2_hop,pole,graph_box,1.0000,14,1,0,3,,500,334,"15.0,0.0,85.0,316.0"
4598,2335270,2335270,2,1_hop,seat,graph_box,1.0000,12,1,0,2,,375,500,"67.0,191.0,159.0,309.0"
4599,2357999,2357999,1,2_hop,wine,graph_box,1.0000,15,1,0,3,,500,375,"24.0,118.0,108.0,168.0"
4600,2357999,2357999,1,and,wine,graph_box,1.0000,15,1,0,3,,500,375,"24.0,118.0,108.0,168.0"
4602,2357999,2357999,1,and,glass,graph_box,1.0000,15,1,0,3,,500,375,"7.0,45.0,119.0,277.0"
4603,1592401,1592401,1,0_hop,bag,graph_box,1.0000,21,1,0,1,,1024,768,"0.0,299.0,173.0,635.0"
4604,2382899,2382899,1,0_hop,machine,graph_box,1.0000,15,1,0,1,,282,500,"23.0,59.0,199.0,139.0"
4605,2382899,2382899,1,0_hop,fence,graph_box,1.0000,15,1,0,1,,282,500,"0.0,124.0,282.0,242.0"
4606,2382899,2382899,1,1_hop,woman,graph_box,1.0000,15,1,0,2,,282,500,"60.0,226.0,86.0,377.0"
4609,2358464,2358464,1,0_hop,stew,graph_box,1.0000,29,1,0,1,,375,500,"33.0,296.0,222.0,457.0"
4610,2373462,2373462,1,1_hop,curtain,graph_box,1.0000,15,1,0,2,,500,486,"356.0,175.0,418.0,362.0"
4611,2369837,2369837,1,1_hop,boy,graph_box,1.0000,22,1,0,2,,500,333,"431.0,143.0,465.0,207.0"
4614,2362851,2362851,1,0_hop,drapes,graph_box,1.0000,13,1,0,1,,500,333,"112.0,18.0,305.0,247.0"
4616,2331201,2331201,1,1_hop,mailbox,graph_box,1.0000,19,1,0,2,,500,428,"411.0,276.0,499.0,427.0"
4617,2331201,2331201,1,0_hop,pipe,graph_box,1.0000,19,1,0,1,,500,428,"16.0,156.0,128.0,228.0"
4618,2331201,2331201,1,2_hop,pipe,graph_box,1.0000,19,1,0,3,,500,428,"16.0,156.0,128.0,228.0"
4619,2331754,2331754,1,0_hop,dog,graph_box,1.0000,6,1,0,1,,500,313,"139.0,224.0,266.0,266.0"
4620,2335043,2335043,1,2_hop,sandwich,graph_box,0.9554,18,1,0,3,,500,332,"221.2,1.3,411.8,199.8"
4621,2346590,2346590,1,1_hop,tractor,graph_box,1.0000,24,1,0,2,,500,440,"383.0,10.0,499.0,321.0"
4623,2364513,2364513,1,0_hop,smoke,graph_box,1.0000,17,1,0,1,,500,333,"89.0,0.0,231.0,97.0"
4624,2395363,2395363,1,2_hop,toilet seat,graph_box,1.0000,5,1,0,3,,500,333,"127.0,112.0,312.0,188.0"
4625,2347242,2347242,1,0_hop,fence,graph_box,1.0000,12,1,0,1,,500,303,"0.0,0.0,416.0,97.0"
4628,2407151,2407151,2,2_hop,boy,graph_box,1.0000,23,2,1,3,,500,400,"109.0,40.0,308.0,232.0"
4629,2407151,2407151,2,and,boy,graph_box,1.0000,23,2,1,3,,500,400,"109.0,40.0,308.0,232.0"
4630,2400661,2400661,1,0_hop,laptop,graph_box,1.0000,15,1,0,1,,500,375,"187.0,132.0,335.0,304.0"
4632,2325388,2325388,2,2_hop,sign,graph_box,1.0000,12,2,1,3,,375,500,"145.0,12.0,229.0,143.0"
4634,2385988,2385988,2,2_hop,building,graph_box,1.0000,16,2,1,3,,500,420,"332.0,113.0,500.0,214.0"
4635,2385988,2385988,2,and,building,graph_box,1.0000,16,2,1,3,,500,420,"332.0,113.0,500.0,214.0"
4636,2385988,2385988,2,2_hop,building,graph_box,1.0000,16,2,1,3,,500,420,"0.0,0.0,122.0,142.0"
4637,2385988,2385988,2,and,building,graph_box,1.0000,16,2,1,3,,500,420,"0.0,0.0,122.0,142.0"
4638,2317148,2317148,1,and,girl,graph_box,1.0000,17,1,0,3,,500,374,"104.0,4.0,500.0,359.0"
4639,2369796,2369796,1,1_hop,poster,graph_box,1.0000,17,1,0,2,,451,500,"75.0,26.0,208.0,292.0"
4640,2377805,2377805,1,0_hop,tree,graph_box,1.0000,24,1,0,1,,500,395,"0.0,112.0,46.0,171.0"
4643,2352537,2352537,1,and,car,graph_box,1.0000,22,1,0,3,,333,500,"142.0,149.0,278.0,232.0"
4645,2385677,2385677,1,0_hop,shower,graph_box,1.0000,13,1,0,1,,334,500,"185.0,85.0,334.0,422.0"
4646,2385677,2385677,1,and,shower,graph_box,1.0000,13,1,0,3,,334,500,"185.0,85.0,334.0,422.0"
4647,2385677,2385677,1,2_hop,table,graph_box,1.0000,13,1,0,3,,334,500,"0.0,277.0,122.0,457.0"
4648,2385677,2385677,1,and,table,graph_box,1.0000,13,1,0,3,,334,500,"0.0,277.0,122.0,457.0"
4649,2381600,2381600,1,0_hop,boat,graph_box,1.0000,18,1,0,1,,500,333,"42.0,59.0,394.0,330.0"
4650,2381600,2381600,1,and,boat,graph_box,1.0000,18,1,0,3,,500,333,"42.0,59.0,394.0,330.0"
4652,2398936,2398936,1,0_hop,gate,graph_box,1.0000,11,1,0,1,,332,500,"229.0,204.0,321.0,287.0"
4653,713793,713793,2,1_hop,girl,graph_box,1.0000,27,3,2,2,,1024,678,"438.0,261.0,501.0,470.0"
4654,2347746,2347746,1,1_hop,clock tower,graph_box,1.0000,15,1,0,2,,333,500,"58.0,0.0,293.0,429.0"
4655,2371345,2371345,1,1_hop,cap,graph_box,1.0000,20,1,0,2,,500,333,"376.0,163.0,438.0,197.0"
4656,2336256,2336256,1,0_hop,lamp,graph_box,1.0000,11,1,0,1,,500,333,"153.0,44.0,270.0,159.0"
4657,2336256,2336256,1,1_hop,lamp,graph_box,1.0000,11,1,0,2,,500,333,"153.0,44.0,270.0,159.0"
4658,2401586,2401586,1,1_hop,bathtub,graph_box,1.0000,19,1,0,2,,500,375,"334.0,192.0,499.0,250.0"
4660,2355548,2355548,1,2_hop,carriage,graph_box,1.0000,20,1,0,3,,500,335,"205.0,50.0,441.0,283.0"
4661,2387110,2387110,1,0_hop,clock,graph_box,1.0000,17,1,0,1,,333,500,"93.0,82.0,259.0,276.0"
4662,2387110,2387110,1,2_hop,clock,graph_box,1.0000,17,1,0,3,,333,500,"93.0,82.0,259.0,276.0"
4663,2387110,2387110,1,and,clock,graph_box,1.0000,17,1,0,3,,333,500,"93.0,82.0,259.0,276.0"
4664,2338980,2338980,1,2_hop,cup,graph_box,1.0000,11,1,0,3,,333,500,"133.0,206.0,189.0,270.0"
4665,2338980,2338980,1,0_hop,drape,graph_box,1.0000,11,1,0,1,,333,500,"0.0,7.0,53.0,497.0"
4666,2406583,2406583,1,0_hop,plant,graph_box,1.0000,25,1,0,1,,375,500,"263.0,0.0,373.0,77.0"
4667,498329,498329,1,1_hop,box,graph_box,1.0000,7,1,0,2,,1024,683,"213.0,207.0,285.0,381.0"
4668,2383328,2383328,1,2_hop,pillow,graph_box,1.0000,17,1,0,3,,374,500,"115.0,273.0,258.0,323.0"
4669,2383328,2383328,2,2_hop,boy,graph_box,1.0000,17,2,1,3,,374,500,"87.0,174.0,310.0,423.0"
4670,2383328,2383328,2,and,boy,graph_box,1.0000,17,2,1,3,,374,500,"87.0,174.0,310.0,423.0"
4671,2345474,2345474,1,2_hop,stump,graph_box,1.0000,21,1,0,3,,500,375,"307.0,64.0,445.0,372.0"
4673,2345497,2345497,1,0_hop,bat,graph_box,1.0000,15,1,0,1,,500,331,"252.0,0.0,436.0,236.0"
4674,2345497,2345497,1,1_hop,bat,graph_box,1.0000,15,1,0,2,,500,331,"252.0,0.0,436.0,236.0"
4675,2414912,2414912,1,0_hop,woman,graph_box,1.0000,18,1,0,1,,500,500,"239.0,150.0,498.0,497.0"
4676,2346600,2346600,1,1_hop,oranges,graph_box,1.0000,20,1,0,2,,375,500,"167.0,358.0,247.0,409.0"
4677,2372555,2372555,2,2_hop,man,graph_box,1.0000,22,3,2,3,,500,375,"121.0,0.0,328.0,375.0"
4678,2372555,2372555,2,and,man,graph_box,1.0000,22,3,2,3,,500,375,"121.0,0.0,328.0,375.0"
4679,286075,286075,1,0_hop,tie,graph_box,1.0000,14,1,0,1,,945,1218,"233.0,482.0,493.0,1218.0"
4681,2360304,2360304,2,and,chair,graph_box,1.0000,12,2,1,3,,500,334,"0.0,239.0,108.0,334.0"
4683,2406463,2406463,1,0_hop,table,graph_box,1.0000,15,1,0,1,,500,335,"2.0,126.0,499.0,332.0"
4684,2324084,2324084,1,0_hop,blinds,objects_id_first,0.1779,23,1,0,1,,500,375,"249.6,12.4,352.6,174.7"
4686,2378569,2378569,1,0_hop,blanket,graph_box,1.0000,19,1,0,1,,500,375,"70.0,231.0,500.0,374.0"
4687,2378569,2378569,1,1_hop,curtain,graph_box,1.0000,19,1,0,2,,500,375,"0.0,58.0,171.0,153.0"
4688,2359470,2359470,2,0_hop,man,graph_box,1.0000,25,2,1,1,,360,270,"191.0,50.0,244.0,141.0"
4690,2359470,2359470,2,1_hop,man,graph_box,1.0000,25,2,1,2,,360,270,"191.0,50.0,244.0,141.0"
4691,2359470,2359470,1,2_hop,bus,graph_box,1.0000,25,1,0,3,,360,270,"103.0,68.0,219.0,141.0"
4694,2370783,2370783,1,2_hop,bed,graph_box,1.0000,19,1,0,3,,500,375,"0.0,79.0,324.0,356.0"
4695,2370488,2370488,1,0_hop,beak,graph_box,1.0000,11,1,0,1,,500,333,"130.0,88.0,203.0,113.0"
4697,2370488,2370488,1,and,beak,graph_box,1.0000,11,1,0,3,,500,333,"130.0,88.0,203.0,113.0"
4698,2370488,2370488,1,0_hop,water,graph_box,1.0000,11,1,0,1,,500,333,"0.0,240.0,499.0,332.0"
4699,2370488,2370488,1,2_hop,water,graph_box,1.0000,11,1,0,3,,500,333,"0.0,240.0,499.0,332.0"
4700,2370488,2370488,1,1_hop,water,graph_box,1.0000,11,1,0,2,,500,333,"0.0,240.0,499.0,332.0"
4702,2356454,2356454,1,1_hop,sink,graph_box,1.0000,14,1,0,2,,375,500,"291.0,296.0,374.0,450.0"
4703,2361019,2361019,2,2_hop,building,graph_box,1.0000,26,2,1,3,,500,368,"330.0,45.0,501.0,325.0"
4704,2361019,2361019,2,1_hop,building,graph_box,1.0000,26,2,1,2,,500,368,"330.0,45.0,501.0,325.0"
4705,2362271,2362271,1,and,man,graph_box,1.0000,21,1,0,3,,500,371,"341.0,0.0,496.0,371.0"
4707,2325325,2325325,1,0_hop,cat,graph_box,1.0000,8,1,0,1,,500,375,"37.0,125.0,500.0,287.0"
4708,2394699,2394699,1,2_hop,toilet,graph_box,1.0000,20,1,0,3,,333,500,"175.0,371.0,332.0,500.0"
4709,2394699,2394699,1,2_hop,toilet tank,graph_box,1.0000,20,1,0,3,,333,500,"268.0,369.0,334.0,498.0"
4710,2394699,2394699,1,0_hop,cabinet,graph_box,1.0000,20,1,0,1,,333,500,"175.0,352.0,275.0,487.0"
4711,2394699,2394699,1,0_hop,curtain,graph_box,1.0000,20,1,0,1,,333,500,"1.0,35.0,67.0,489.0"
4712,2394699,2394699,1,and,curtain,graph_box,1.0000,20,1,0,3,,333,500,"1.0,35.0,67.0,489.0"
4714,2334150,2334150,2,and,woman,graph_box,1.0000,8,2,1,3,,500,333,"353.0,0.0,500.0,216.0"
4716,2346114,2346114,2,0_hop,plate,graph_box,1.0000,10,2,1,1,,500,332,"328.0,1.0,500.0,150.0"
4717,713770,713770,1,2_hop,cake,graph_box,1.0000,13,1,0,3,,1024,768,"137.0,470.0,387.0,762.0"
4719,713770,713770,1,and,couple,graph_box,1.0000,13,1,0,3,,1024,768,"351.0,0.0,1024.0,768.0"
4720,2412048,2412048,1,1_hop,wing,graph_box,1.0000,13,1,0,2,,500,334,"230.0,145.0,432.0,194.0"
4721,2359328,2359328,1,and,bottle,graph_box,1.0000,20,1,0,3,,500,379,"311.0,262.0,376.0,379.0"
4722,2359328,2359328,1,1_hop,food,graph_box,1.0000,20,1,0,2,,500,379,"235.0,237.0,312.0,287.0"
4724,2393164,2393164,1,0_hop,dog,graph_box,1.0000,13,1,0,1,,500,375,"16.0,147.0,246.0,373.0"
4725,2393164,2393164,1,1_hop,dog,graph_box,1.0000,13,1,0,2,,500,375,"16.0,147.0,246.0,373.0"
4726,2381108,2381108,1,0_hop,fence,graph_box,1.0000,15,1,0,1,,500,375,"2.0,0.0,499.0,198.0"
4728,2380977,2380977,1,0_hop,man,graph_box,1.0000,8,1,0,1,,500,333,"169.0,125.0,260.0,237.0"
4729,2320086,2320086,1,0_hop,table,graph_box,1.0000,6,1,0,1,,500,333,"0.0,213.0,499.0,333.0"
4730,2354603,2354603,2,0_hop,horse,graph_box,1.0000,22,2,1,1,,500,351,"229.0,159.0,469.0,321.0"
4731,2354603,2354603,3,2_hop,horse,graph_box,1.0000,22,2,1,3,,500,351,"229.0,159.0,469.0,321.0"
4732,2354603,2354603,2,0_hop,horse,graph_box,1.0000,22,2,1,1,,500,351,"72.0,155.0,267.0,297.0"
4733,2405118,2405118,1,0_hop,phone,graph_box,1.0000,15,1,0,1,,500,333,"274.0,156.0,399.0,274.0"
4734,2405118,2405118,1,1_hop,girl,graph_box,1.0000,15,1,0,2,,500,333,"93.0,0.0,501.0,333.0"
4735,2350857,2350857,2,0_hop,tent,graph_box,1.0000,22,2,1,1,,500,280,"375.0,151.0,499.0,279.0"
4737,2350857,2350857,3,2_hop,motorcycle,graph_box,1.0000,22,2,1,3,,500,280,"67.0,90.0,163.0,156.0"
4739,2388821,2388821,1,0_hop,sign,graph_box,1.0000,14,1,0,1,,500,373,"0.0,68.0,125.0,108.0"
4740,2388821,2388821,1,2_hop,sign,graph_box,1.0000,14,1,0,3,,500,373,"0.0,68.0,125.0,108.0"
4741,2388821,2388821,1,and,sign,graph_box,1.0000,14,1,0,3,,500,373,"0.0,68.0,125.0,108.0"
4742,2361209,2361209,2,1_hop,bag,graph_box,1.0000,17,2,1,2,,500,375,"0.0,157.0,103.0,240.0"
4744,2408730,2408730,1,0_hop,airplane,objects_id_first,0.3842,8,1,0,1,,375,500,"115.0,38.0,169.0,65.0"
4745,2316914,2316914,2,2_hop,tree,graph_box,1.0000,14,2,1,3,,333,500,"61.0,264.0,148.0,415.0"
4746,2316914,2316914,2,1_hop,tree,graph_box,1.0000,14,2,1,2,,333,500,"61.0,264.0,148.0,415.0"
4747,2316914,2316914,1,0_hop,truck,graph_box,1.0000,14,1,0,1,,333,500,"281.0,363.0,333.0,402.0"
4748,2396578,2396578,2,1_hop,people,graph_box,1.0000,19,1,0,2,,500,329,"252.0,107.0,428.0,328.0"
4749,2396578,2396578,2,and,horse,graph_box,1.0000,19,2,1,3,,500,329,"296.0,0.0,501.0,326.0"
4751,2385221,2385221,2,1_hop,clock,graph_box,1.0000,10,2,1,2,,500,333,"96.0,131.0,233.0,257.0"
4755,1159725,1159725,1,2_hop,pine tree,graph_box,1.0000,17,1,0,3,,1024,683,"572.0,363.0,717.0,679.0"
4756,1159725,1159725,1,and,pine tree,graph_box,1.0000,17,1,0,3,,1024,683,"572.0,363.0,717.0,679.0"
4757,2406011,2406011,2,0_hop,umbrella,graph_box,1.0000,12,2,1,1,,375,500,"154.0,209.0,225.0,239.0"
4758,2378758,2378758,1,and,boy,graph_box,1.0000,12,1,0,3,,500,336,"179.0,0.0,355.0,302.0"
4760,2368472,2368472,2,2_hop,wine,graph_box,1.0000,22,2,1,3,,500,375,"402.0,175.0,437.0,290.0"
4762,2368472,2368472,1,and,bottle,graph_box,1.0000,22,1,0,3,,500,375,"398.0,174.0,435.0,292.0"
4763,2341053,2341053,2,2_hop,counter,graph_box,1.0000,23,2,1,3,,500,400,"1.0,167.0,293.0,225.0"
4764,2341053,2341053,2,and,counter,graph_box,1.0000,23,2,1,3,,500,400,"1.0,167.0,293.0,225.0"
4765,1160088,1160088,1,1_hop,man,graph_box,1.0000,12,1,0,2,,979,1024,"200.0,210.0,427.0,615.0"
4766,2345827,2345827,1,2_hop,stop sign,graph_box,1.0000,16,1,0,3,,333,500,"121.0,87.0,210.0,184.0"
4767,2345827,2345827,1,and,stop sign,graph_box,1.0000,16,1,0,3,,333,500,"121.0,87.0,210.0,184.0"
4768,2345827,2345827,1,0_hop,letters,graph_box,1.0000,16,1,0,1,,333,500,"123.0,117.0,203.0,152.0"
4769,2345827,2345827,1,2_hop,letters,graph_box,1.0000,16,1,0,3,,333,500,"123.0,117.0,203.0,152.0"
4770,2345827,2345827,1,1_hop,letters,graph_box,1.0000,16,1,0,2,,333,500,"123.0,117.0,203.0,152.0"
4771,2354564,2354564,1,0_hop,tablecloth,graph_box,1.0000,33,1,0,1,,500,335,"14.0,184.0,381.0,268.0"
4772,2405505,2405505,1,1_hop,elephant,graph_box,1.0000,8,1,0,2,,500,375,"6.0,6.0,435.0,343.0"
4773,2407864,2407864,2,0_hop,sign,graph_box,1.0000,29,1,0,1,,500,328,"114.0,22.0,223.0,74.0"
4774,2320526,2320526,1,and,ladder,graph_box,1.0000,8,1,0,3,,500,375,"298.0,218.0,325.0,351.0"
4775,2319720,2319720,2,0_hop,tree,graph_box,1.0000,28,1,0,1,,500,332,"355.0,59.0,479.0,259.0"
4776,2343281,2343281,1,0_hop,pole,graph_box,1.0000,9,1,0,1,,375,500,"147.0,236.0,180.0,499.0"
4777,2343281,2343281,1,and,pole,graph_box,1.0000,9,1,0,3,,375,500,"147.0,236.0,180.0,499.0"
4779,2386783,2386783,1,0_hop,lamp,graph_box,1.0000,13,1,0,1,,500,375,"181.0,22.0,234.0,205.0"
4780,2386783,2386783,1,and,lamp,graph_box,1.0000,13,1,0,3,,500,375,"181.0,22.0,234.0,205.0"
4781,2386783,2386783,2,2_hop,keyboard,graph_box,1.0000,13,2,1,3,,500,375,"190.0,202.0,378.0,241.0"
4782,2386783,2386783,2,and,keyboard,graph_box,1.0000,13,2,1,3,,500,375,"190.0,202.0,378.0,241.0"
4783,2404154,2404154,1,1_hop,crust,graph_box,1.0000,10,1,0,2,,500,500,"21.0,287.0,240.0,324.0"
4785,2359663,2359663,1,0_hop,zebra,graph_box,1.0000,4,1,0,1,,500,281,"204.0,99.0,316.0,198.0"
4786,2323182,2323182,2,and,sandwich,graph_box,1.0000,13,2,1,3,,500,333,"0.0,33.0,232.0,251.0"
4787,2323182,2323182,1,0_hop,topping,graph_box,1.0000,13,1,0,1,,500,333,"123.0,157.0,492.0,255.0"
4788,1593076,1593076,1,0_hop,platform,graph_box,1.0000,36,1,0,1,,1024,683,"0.0,413.0,399.0,621.0"
4789,2395907,2395907,1,0_hop,bus,graph_box,1.0000,11,1,0,1,,500,375,"423.0,43.0,501.0,80.0"
4790,2395907,2395907,1,1_hop,bus,graph_box,1.0000,11,1,0,2,,500,375,"423.0,43.0,501.0,80.0"
4791,498144,498144,1,and,bench,graph_box,1.0000,13,1,0,3,,1024,576,"0.0,3.0,756.0,534.0"
4792,498144,498144,1,0_hop,girl,graph_box,1.0000,13,1,0,1,,1024,576,"0.0,81.0,443.0,576.0"
4793,498144,498144,1,2_hop,girl,graph_box,1.0000,13,1,0,3,,1024,576,"0.0,81.0,443.0,576.0"
4794,2333036,2333036,1,0_hop,skateboard,graph_box,1.0000,8,1,0,1,,331,500,"140.0,376.0,191.0,427.0"
4795,2407655,2407655,1,0_hop,racket,graph_box,1.0000,11,1,0,1,,500,333,"228.0,5.0,257.0,79.0"
4796,2401700,2401700,1,1_hop,menu,graph_box,1.0000,19,1,0,2,,500,375,"0.0,103.0,86.0,161.0"
4797,2401700,2401700,1,2_hop,spoon,graph_box,1.0000,19,1,0,3,,500,375,"152.0,178.0,232.0,254.0"
4798,2401700,2401700,1,and,spoon,graph_box,1.0000,19,1,0,3,,500,375,"152.0,178.0,232.0,254.0"
4799,2405032,2405032,1,and,woman,graph_box,1.0000,14,1,0,3,,500,333,"174.0,0.0,325.0,330.0"
4800,2352743,2352743,1,0_hop,keyboard,graph_box,1.0000,14,1,0,1,,433,500,"264.0,112.0,335.0,176.0"
4802,2365565,2365565,1,2_hop,logo,objects_id_first,0.4874,12,1,0,3,,500,400,"204.5,46.9,290.9,101.0"
4805,4849,4849,2,1_hop,bowl,graph_box,1.0000,17,1,0,2,,500,375,"398.0,110.0,488.0,189.0"
4806,4849,4849,1,0_hop,spoon,graph_box,1.0000,17,1,0,1,,500,375,"189.0,185.0,359.0,258.0"
4807,4849,4849,1,2_hop,spoon,graph_box,1.0000,17,1,0,3,,500,375,"189.0,185.0,359.0,258.0"
4808,2403491,2403491,1,0_hop,snowboard,graph_box,1.0000,16,1,0,1,,500,333,"182.0,244.0,406.0,331.0"
4809,3042,3042,1,0_hop,building,graph_box,1.0000,20,1,0,1,,800,600,"619.0,192.0,800.0,393.0"
4810,3042,3042,1,1_hop,building,graph_box,1.0000,20,1,0,2,,800,600,"619.0,192.0,800.0,393.0"
4811,2379823,2379823,2,0_hop,sheep,graph_box,1.0000,15,2,1,1,,500,333,"53.0,78.0,256.0,252.0"
4812,2403230,2403230,1,2_hop,tree,graph_box,1.0000,29,1,0,3,,500,333,"448.0,40.0,500.0,243.0"
4813,2403230,2403230,1,and,tree,graph_box,1.0000,29,1,0,3,,500,333,"448.0,40.0,500.0,243.0"
4814,2403230,2403230,2,0_hop,tie,graph_box,1.0000,29,2,1,1,,500,333,"96.0,162.0,145.0,260.0"
4815,2389205,2389205,1,1_hop,catcher,graph_box,1.0000,38,1,0,2,,500,375,"318.0,187.0,412.0,291.0"
4818,2349042,2349042,1,0_hop,sign,graph_box,1.0000,23,1,0,1,,375,500,"100.0,0.0,188.0,69.0"
4819,2349042,2349042,2,1_hop,tree,graph_box,1.0000,23,2,1,2,,375,500,"50.0,132.0,175.0,269.0"
4820,2349042,2349042,3,1_hop,tree,graph_box,1.0000,23,2,1,2,,375,500,"50.0,132.0,175.0,269.0"
4824,2360477,2360477,1,and,bag,graph_box,1.0000,26,1,0,3,,500,375,"283.0,83.0,314.0,148.0"
4826,2417661,2417661,1,2_hop,food,graph_box,1.0000,16,1,0,3,,500,332,"121.0,129.0,246.0,231.0"
4827,2417661,2417661,1,1_hop,food,graph_box,1.0000,16,1,0,2,,500,332,"121.0,129.0,246.0,231.0"
4828,2417661,2417661,1,1_hop,man,graph_box,1.0000,16,1,0,2,,500,332,"165.0,3.0,498.0,332.0"
4829,2334712,2334712,1,0_hop,airplane,graph_box,1.0000,7,1,0,1,,500,333,"160.0,128.0,377.0,203.0"
4831,150511,150511,2,2_hop,man,graph_box,1.0000,22,2,1,3,,1024,556,"545.0,82.0,773.0,372.0"
4832,150511,150511,2,and,man,graph_box,1.0000,22,2,1,3,,1024,556,"545.0,82.0,773.0,372.0"
4833,150511,150511,2,0_hop,child,graph_box,1.0000,22,1,0,1,,1024,556,"395.0,306.0,462.0,402.0"
4834,150511,150511,1,1_hop,child,graph_box,1.0000,22,1,0,2,,1024,556,"395.0,306.0,462.0,402.0"
4835,2347118,2347118,1,0_hop,moss,graph_box,1.0000,21,1,0,1,,500,449,"335.0,394.0,405.0,448.0"
4836,2347118,2347118,1,2_hop,moss,objects_id_first,0.2563,21,1,0,3,,500,449,"302.9,334.0,432.3,448.0"
4837,2371026,2371026,1,2_hop,roof,graph_box,1.0000,12,1,0,3,,500,333,"165.0,178.0,209.0,308.0"
4838,2371026,2371026,1,1_hop,roof,graph_box,1.0000,12,1,0,2,,500,333,"165.0,178.0,209.0,308.0"
4839,2347114,2347114,1,2_hop,skateboard,graph_box,1.0000,11,1,0,3,,500,333,"302.0,83.0,354.0,243.0"
4840,2347114,2347114,1,1_hop,skateboard,graph_box,1.0000,11,1,0,2,,500,333,"302.0,83.0,354.0,243.0"
4843,2378299,2378299,2,2_hop,chair,graph_box,1.0000,19,2,1,3,,328,500,"48.0,143.0,112.0,202.0"
4844,2378299,2378299,2,and,chair,graph_box,1.0000,19,2,1,3,,328,500,"48.0,143.0,112.0,202.0"
4845,2378299,2378299,1,and,dog,graph_box,1.0000,19,1,0,3,,328,500,"41.0,149.0,277.0,448.0"
4846,2378299,2378299,1,0_hop,bag,graph_box,1.0000,19,1,0,1,,328,500,"262.0,228.0,298.0,326.0"
4847,2407807,2407807,1,2_hop,woman,graph_box,1.0000,22,1,0,3,,375,500,"143.0,153.0,324.0,459.0"
4849,2339401,2339401,1,0_hop,pot,graph_box,1.0000,18,1,0,1,,500,375,"425.0,166.0,489.0,214.0"
4850,2362477,2362477,1,2_hop,display,graph_box,1.0000,13,1,0,3,,500,333,"217.0,0.0,462.0,118.0"
4851,2362477,2362477,1,and,display,graph_box,1.0000,13,1,0,3,,500,333,"217.0,0.0,462.0,118.0"
4852,2362477,2362477,1,0_hop,laptop,graph_box,1.0000,13,1,0,1,,500,333,"260.0,156.0,348.0,237.0"
4853,2353354,2353354,2,2_hop,mirror,graph_box,1.0000,20,2,1,3,,240,320,"165.0,0.0,240.0,164.0"
4854,2353354,2353354,2,and,mirror,graph_box,1.0000,20,2,1,3,,240,320,"165.0,0.0,240.0,164.0"
4855,713934,713934,1,0_hop,wine glass,graph_box,1.0000,24,1,0,1,,1280,720,"630.0,361.0,697.0,531.0"
4856,2374296,2374296,1,and,tent,graph_box,1.0000,22,1,0,3,,343,500,"98.0,8.0,342.0,252.0"
4857,2335178,2335178,1,0_hop,dog,graph_box,1.0000,22,1,0,1,,500,500,"11.0,248.0,237.0,500.0"
4858,2382779,2382779,1,0_hop,door,graph_box,1.0000,12,1,0,1,,500,375,"385.0,116.0,426.0,184.0"
4859,2382779,2382779,2,2_hop,tree,graph_box,1.0000,12,1,0,3,,500,375,"235.0,43.0,332.0,175.0"
4864,2344009,2344009,1,0_hop,table,graph_box,1.0000,13,1,0,1,,375,500,"0.0,259.0,375.0,500.0"
4865,2344009,2344009,1,0_hop,box,graph_box,1.0000,13,1,0,1,,375,500,"0.0,74.0,375.0,488.0"
4866,2344009,2344009,1,2_hop,box,graph_box,1.0000,13,1,0,3,,375,500,"0.0,74.0,375.0,488.0"
4867,2344009,2344009,1,and,box,graph_box,1.0000,13,1,0,3,,375,500,"0.0,74.0,375.0,488.0"
4868,2348236,2348236,1,0_hop,suitcase,graph_box,1.0000,10,1,0,1,,500,331,"27.0,190.0,249.0,302.0"
4870,4488,4488,2,2_hop,plant,graph_box,1.0000,22,2,1,3,,500,333,"380.0,99.0,499.0,183.0"
4871,4488,4488,2,and,plant,graph_box,1.0000,22,2,1,3,,500,333,"380.0,99.0,499.0,183.0"
4873,2403003,2403003,1,0_hop,man,graph_box,1.0000,24,1,0,1,,258,500,"109.0,181.0,225.0,449.0"
4874,2403003,2403003,1,1_hop,man,graph_box,1.0000,24,1,0,2,,258,500,"109.0,181.0,225.0,449.0"
4875,2403003,2403003,2,2_hop,pole,graph_box,1.0000,24,4,3,3,,258,500,"233.0,40.0,244.0,164.0"
4877,2403003,2403003,2,2_hop,pole,graph_box,1.0000,24,4,3,3,,258,500,"68.0,155.0,77.0,389.0"
4880,2417430,2417430,1,0_hop,sign,graph_box,1.0000,16,1,0,1,,375,500,"193.0,17.0,310.0,80.0"
4881,2417430,2417430,1,0_hop,pole,graph_box,1.0000,16,1,0,1,,375,500,"233.0,94.0,254.0,324.0"
4882,2406525,2406525,1,0_hop,countertop,graph_box,1.0000,7,1,0,1,,500,375,"0.0,102.0,499.0,373.0"
4883,2399389,2399389,1,0_hop,cat,graph_box,1.0000,15,1,0,1,,500,375,"203.0,155.0,283.0,216.0"
4884,2383162,2383162,1,1_hop,path,graph_box,1.0000,13,1,0,2,,500,331,"1.0,118.0,259.0,329.0"
4887,2352949,2352949,2,0_hop,man,graph_box,1.0000,16,1,0,1,,500,333,"345.0,152.0,389.0,234.0"
4888,2352949,2352949,2,2_hop,man,graph_box,1.0000,16,1,0,3,,500,333,"345.0,152.0,389.0,234.0"
4889,2352949,2352949,2,and,man,graph_box,1.0000,16,1,0,3,,500,333,"345.0,152.0,389.0,234.0"
4890,2415340,2415340,2,2_hop,horse,graph_box,1.0000,26,3,2,3,,500,333,"136.0,144.0,239.0,238.0"
4894,2384647,2384647,3,2_hop,table,graph_box,1.0000,31,2,1,3,,500,375,"2.0,93.0,197.0,164.0"
4895,2384647,2384647,1,0_hop,cheese,graph_box,1.0000,31,1,0,1,,500,375,"102.0,153.0,433.0,291.0"
4896,2384647,2384647,1,1_hop,cheese,graph_box,1.0000,31,1,0,2,,500,375,"102.0,153.0,433.0,291.0"
4897,2371753,2371753,1,1_hop,man,graph_box,1.0000,9,1,0,2,,500,333,"245.0,127.0,324.0,205.0"
4898,2383696,2383696,1,1_hop,sail,graph_box,1.0000,15,1,0,2,,500,334,"252.0,132.0,302.0,232.0"
4899,2383696,2383696,1,2_hop,boat,graph_box,1.0000,15,1,0,3,,500,334,"251.0,132.0,324.0,254.0"
4900,2330700,2330700,1,2_hop,cart,graph_box,1.0000,15,1,0,3,,281,500,"155.0,28.0,280.0,226.0"
4901,2330701,2330701,2,1_hop,building,graph_box,1.0000,13,1,0,2,,500,333,"0.0,0.0,233.0,258.0"
4903,2338875,2338875,1,2_hop,tree,graph_box,1.0000,15,1,0,3,,500,360,"0.0,22.0,56.0,187.0"
4904,2401785,2401785,1,0_hop,plate,graph_box,1.0000,7,1,0,1,,500,332,"92.0,182.0,317.0,318.0"
4908,2367108,2367108,1,1_hop,cooler,graph_box,1.0000,20,1,0,2,,500,375,"262.0,241.0,337.0,326.0"
4910,2405514,2405514,1,2_hop,rope,graph_box,1.0000,16,1,0,3,,500,333,"24.0,35.0,79.0,115.0"
4911,2405514,2405514,1,and,rope,graph_box,1.0000,16,1,0,3,,500,333,"24.0,35.0,79.0,115.0"
4912,2405514,2405514,1,0_hop,boat,graph_box,1.0000,16,1,0,1,,500,333,"1.0,86.0,89.0,134.0"
4913,2405514,2405514,1,2_hop,boat,graph_box,1.0000,16,1,0,3,,500,333,"1.0,86.0,89.0,134.0"
4914,2405514,2405514,1,1_hop,boat,graph_box,1.0000,16,1,0,2,,500,333,"1.0,86.0,89.0,134.0"
4915,2329334,2329334,1,1_hop,man,graph_box,1.0000,23,1,0,2,,349,500,"7.0,36.0,348.0,421.0"
4916,2352943,2352943,1,and,pole,graph_box,1.0000,19,1,0,3,,500,417,"139.0,52.0,159.0,369.0"
4917,2352943,2352943,1,2_hop,woman,graph_box,1.0000,19,1,0,3,,500,417,"272.0,164.0,350.0,368.0"
4918,2352943,2352943,1,0_hop,car,graph_box,1.0000,19,1,0,1,,500,417,"138.0,195.0,223.0,232.0"
4919,2352943,2352943,1,2_hop,car,graph_box,1.0000,19,1,0,3,,500,417,"138.0,195.0,223.0,232.0"
4920,2352943,2352943,1,and,car,graph_box,1.0000,19,1,0,3,,500,417,"138.0,195.0,223.0,232.0"
4921,2390981,2390981,1,0_hop,camera,graph_box,1.0000,4,1,0,1,,500,375,"2.0,24.0,495.0,317.0"
4922,2390981,2390981,1,1_hop,camera,graph_box,1.0000,4,1,0,2,,500,375,"2.0,24.0,495.0,317.0"
4924,2374372,2374372,2,2_hop,bench,graph_box,1.0000,13,2,1,3,,500,345,"6.0,150.0,115.0,210.0"
4925,2374372,2374372,2,1_hop,bench,graph_box,1.0000,13,2,1,2,,500,345,"6.0,150.0,115.0,210.0"
4926,2346669,2346669,1,0_hop,bag,graph_box,1.0000,28,1,0,1,,320,240,"202.0,122.0,321.0,211.0"
4927,2346669,2346669,1,2_hop,bag,graph_box,1.0000,28,1,0,3,,320,240,"202.0,122.0,321.0,211.0"
4928,2346669,2346669,1,and,girl,graph_box,1.0000,28,1,0,3,,320,240,"25.0,21.0,246.0,241.0"
4929,2397481,2397481,1,0_hop,microwave,graph_box,1.0000,20,1,0,1,,500,336,"398.0,226.0,500.0,335.0"
4930,2397481,2397481,1,and,microwave,graph_box,1.0000,20,1,0,3,,500,336,"398.0,226.0,500.0,335.0"
4931,2366671,2366671,1,1_hop,cow,graph_box,1.0000,16,1,0,2,,500,333,"0.0,59.0,410.0,333.0"
4932,2366671,2366671,1,0_hop,man,graph_box,1.0000,16,1,0,1,,500,333,"375.0,102.0,438.0,215.0"
4933,2360636,2360636,1,1_hop,lamp,graph_box,1.0000,15,1,0,2,,500,375,"398.0,0.0,450.0,117.0"
4934,2360636,2360636,1,1_hop,phone,graph_box,1.0000,15,1,0,2,,500,375,"328.0,96.0,420.0,149.0"
4937,2331876,2331876,1,0_hop,salt shaker,graph_box,1.0000,13,1,0,1,,500,334,"403.0,27.0,498.0,210.0"
4938,2331876,2331876,1,2_hop,salt shaker,graph_box,1.0000,13,1,0,3,,500,334,"403.0,27.0,498.0,210.0"
4939,2325076,2325076,2,1_hop,bike,graph_box,1.0000,9,2,1,2,,375,500,"0.0,12.0,39.0,68.0"
4941,2392660,2392660,1,0_hop,coffee mug,graph_box,1.0000,17,1,0,1,,500,500,"397.0,85.0,484.0,251.0"
4943,2412889,2412889,1,0_hop,tomato,graph_box,1.0000,10,1,0,1,,375,500,"26.0,122.0,114.0,248.0"
4944,2406999,2406999,1,0_hop,dog,graph_box,1.0000,15,1,0,1,,500,333,"99.0,0.0,337.0,282.0"
4945,2406999,2406999,1,1_hop,dog,graph_box,1.0000,15,1,0,2,,500,333,"99.0,0.0,337.0,282.0"
4946,2358367,2358367,1,and,vase,graph_box,1.0000,7,1,0,3,,375,500,"30.0,53.0,272.0,496.0"
4949,2463,2463,1,2_hop,street,graph_box,1.0000,26,1,0,3,,800,600,"0.0,328.0,93.0,426.0"
4950,2394454,2394454,1,0_hop,tower,graph_box,1.0000,10,1,0,1,,500,375,"281.0,2.0,310.0,91.0"
4951,2410505,2410505,1,1_hop,blanket,graph_box,1.0000,14,1,0,2,,500,375,"0.0,135.0,500.0,331.0"
4952,2410505,2410505,1,2_hop,mouse pad,graph_box,1.0000,14,1,0,3,,500,375,"276.0,198.0,415.0,250.0"
4953,2410505,2410505,1,and,mouse pad,graph_box,1.0000,14,1,0,3,,500,375,"276.0,198.0,415.0,250.0"
4954,2391360,2391360,1,0_hop,cabinet,graph_box,1.0000,14,1,0,1,,500,375,"0.0,0.0,214.0,107.0"
4955,2391360,2391360,1,and,bottle,graph_box,1.0000,14,1,0,3,,500,375,"441.0,54.0,498.0,221.0"
4956,2391360,2391360,1,2_hop,counter,graph_box,1.0000,14,1,0,3,,500,375,"0.0,83.0,498.0,373.0"
4957,2391360,2391360,1,1_hop,counter,graph_box,1.0000,14,1,0,2,,500,375,"0.0,83.0,498.0,373.0"
4958,2338486,2338486,1,0_hop,apartment,graph_box,1.0000,9,1,0,1,,500,375,"0.0,81.0,217.0,218.0"
4960,2411713,2411713,1,1_hop,seat,graph_box,1.0000,13,1,0,2,,500,375,"190.0,109.0,250.0,167.0"
4962,2343793,2343793,1,0_hop,phone,graph_box,1.0000,17,1,0,1,,500,281,"134.0,7.0,213.0,78.0"
4963,2343793,2343793,1,2_hop,phone,graph_box,1.0000,17,1,0,3,,500,281,"134.0,7.0,213.0,78.0"
4964,2343793,2343793,1,2_hop,pillow,graph_box,1.0000,17,1,0,3,,500,281,"102.0,133.0,203.0,247.0"
4965,2322543,2322543,2,0_hop,suitcase,graph_box,1.0000,4,3,2,1,,331,500,"11.0,175.0,150.0,399.0"
4966,575,575,1,2_hop,chair,graph_box,1.0000,22,1,0,3,,800,600,"34.0,220.0,243.0,558.0"
4967,2386299,2386299,1,and,bike,graph_box,1.0000,20,1,0,3,,500,333,"386.0,160.0,451.0,277.0"
4968,2386297,2386297,1,0_hop,car,graph_box,1.0000,7,1,0,1,,500,282,"0.0,0.0,365.0,282.0"
4969,2319183,2319183,1,1_hop,man,graph_box,1.0000,8,1,0,2,,375,500,"145.0,151.0,375.0,500.0"
4970,285993,285993,2,1_hop,building,graph_box,1.0000,19,3,2,2,,1024,768,"0.0,360.0,200.0,714.0"
4971,2365868,2365868,1,1_hop,porch,graph_box,1.0000,17,1,0,2,,500,351,"0.0,83.0,231.0,194.0"
4972,2365868,2365868,1,0_hop,car,graph_box,0.9533,17,4,3,1,,500,351,"280.4,0.5,344.3,70.8"
4973,2365868,2365868,2,1_hop,bus,graph_box,1.0000,17,1,0,2,,500,351,"412.0,67.0,492.0,159.0"
4974,2342539,2342539,1,0_hop,paper,graph_box,1.0000,20,1,0,1,,500,375,"359.0,123.0,444.0,234.0"
4975,2370077,2370077,1,2_hop,pot,graph_box,1.0000,13,1,0,3,,500,332,"52.0,80.0,182.0,196.0"
4976,2370077,2370077,1,1_hop,pot,graph_box,1.0000,13,1,0,2,,500,332,"52.0,80.0,182.0,196.0"
4977,2321776,2321776,2,2_hop,cup,graph_box,1.0000,7,2,1,3,,500,333,"0.0,163.0,137.0,293.0"
4978,2321776,2321776,2,and,cup,graph_box,1.0000,7,2,1,3,,500,333,"0.0,163.0,137.0,293.0"
4979,2321776,2321776,2,2_hop,cup,graph_box,1.0000,7,2,1,3,,500,333,"357.0,21.0,497.0,161.0"
4980,2321776,2321776,2,and,cup,graph_box,1.0000,7,2,1,3,,500,333,"357.0,21.0,497.0,161.0"
4981,2360152,2360152,1,0_hop,tablecloth,graph_box,1.0000,22,1,0,1,,474,500,"0.0,379.0,473.0,499.0"
4982,2360152,2360152,1,1_hop,tablecloth,graph_box,1.0000,22,1,0,2,,474,500,"0.0,379.0,473.0,499.0"
4983,2378318,2378318,1,0_hop,path,graph_box,1.0000,17,1,0,1,,500,357,"0.0,0.0,500.0,287.0"
4984,2408028,2408028,2,2_hop,man,graph_box,1.0000,20,2,1,3,,500,333,"276.0,98.0,325.0,161.0"
4985,2408028,2408028,2,and,man,graph_box,1.0000,20,2,1,3,,500,333,"276.0,98.0,325.0,161.0"
4986,2388994,2388994,1,0_hop,faucet,graph_box,1.0000,12,1,0,1,,375,500,"240.0,416.0,292.0,469.0"
4988,2340079,2340079,1,2_hop,broccoli,graph_box,1.0000,9,1,0,3,,374,500,"70.0,163.0,189.0,290.0"
4991,2416432,2416432,1,0_hop,tree trunk,graph_box,1.0000,19,1,0,1,,500,333,"4.0,0.0,53.0,210.0"
4992,2406344,2406344,1,0_hop,elephant,graph_box,1.0000,10,1,0,1,,500,375,"99.0,82.0,484.0,372.0"
4993,2389064,2389064,1,and,blanket,graph_box,1.0000,15,1,0,3,,500,375,"276.0,92.0,431.0,154.0"
4994,2389064,2389064,1,0_hop,pillow,graph_box,1.0000,15,1,0,1,,500,375,"207.0,61.0,286.0,136.0"
4996,2398615,2398615,1,0_hop,building,graph_box,1.0000,30,1,0,1,,446,500,"0.0,0.0,447.0,245.0"
4997,2398615,2398615,1,2_hop,building,graph_box,1.0000,30,1,0,3,,446,500,"0.0,0.0,447.0,245.0"
4998,2398615,2398615,1,1_hop,building,graph_box,1.0000,30,1,0,2,,446,500,"0.0,0.0,447.0,245.0"
4999,2398342,2398342,1,1_hop,crowd,graph_box,1.0000,20,1,0,2,,500,332,"36.0,97.0,497.0,193.0"
5000,2390644,2390644,1,0_hop,street,graph_box,1.0000,15,1,0,1,,500,375,"0.0,229.0,490.0,313.0"
5002,2363444,2363444,1,1_hop,topping,graph_box,1.0000,26,1,0,2,,500,336,"46.0,185.0,458.0,277.0"
5003,2318131,2318131,1,0_hop,sign,graph_box,1.0000,16,1,0,1,,500,331,"0.0,46.0,151.0,77.0"
5004,2318131,2318131,1,2_hop,sign,graph_box,1.0000,16,1,0,3,,500,331,"0.0,46.0,151.0,77.0"
5005,2318131,2318131,1,2_hop,windshield,graph_box,1.0000,16,1,0,3,,500,331,"158.0,87.0,342.0,172.0"
5006,2376923,2376923,2,1_hop,zebra,graph_box,1.0000,13,2,1,2,,500,332,"215.0,97.0,403.0,253.0"
5007,2379785,2379785,1,and,woman,objects_id_first,0.2967,4,1,0,3,,332,500,"2.5,257.9,194.1,499.5"
5008,2380873,2380873,2,2_hop,donut,graph_box,1.0000,20,2,1,3,,500,500,"187.0,383.0,381.0,500.0"
5011,2352191,2352191,1,and,pizza,graph_box,1.0000,20,1,0,3,,333,500,"72.0,370.0,269.0,418.0"
5012,2390913,2390913,2,0_hop,pillow,graph_box,1.0000,11,2,1,1,,500,374,"304.0,35.0,415.0,218.0"
5013,167,167,2,0_hop,chair,graph_box,1.0000,18,2,1,1,,400,291,"114.0,145.0,154.0,199.0"
5014,167,167,2,2_hop,chair,graph_box,1.0000,18,2,1,3,,400,291,"114.0,145.0,154.0,199.0"
5015,167,167,2,1_hop,chair,graph_box,1.0000,18,2,1,2,,400,291,"114.0,145.0,154.0,199.0"
5016,167,167,1,2_hop,woman,graph_box,1.0000,18,1,0,3,,400,291,"32.0,132.0,114.0,279.0"
5017,2405330,2405330,1,2_hop,sign,graph_box,1.0000,27,1,0,3,,500,333,"321.0,161.0,424.0,235.0"
5018,2405330,2405330,1,and,sign,graph_box,1.0000,27,1,0,3,,500,333,"321.0,161.0,424.0,235.0"
5019,2399995,2399995,1,0_hop,surfboard,graph_box,1.0000,18,1,0,1,,500,333,"0.0,196.0,496.0,242.0"
5020,2317922,2317922,2,2_hop,beef,graph_box,1.0000,16,2,1,3,,500,375,"375.0,0.0,500.0,298.0"
5021,2317922,2317922,2,and,beef,graph_box,1.0000,16,2,1,3,,500,375,"375.0,0.0,500.0,298.0"
5022,2394925,2394925,2,2_hop,table,graph_box,1.0000,15,2,1,3,,500,334,"286.0,234.0,388.0,332.0"
5023,2394925,2394925,2,1_hop,table,graph_box,1.0000,15,2,1,2,,500,334,"286.0,234.0,388.0,332.0"
5024,2394925,2394925,1,and,rug,graph_box,1.0000,15,1,0,3,,500,334,"227.0,249.0,467.0,334.0"
5025,2319740,2319740,1,2_hop,onion,graph_box,1.0000,8,1,0,3,,500,333,"81.0,156.0,217.0,205.0"
5027,2319740,2319740,1,2_hop,paper,graph_box,1.0000,8,1,0,3,,500,333,"0.0,1.0,223.0,333.0"
5034,713266,713266,2,1_hop,boy,graph_box,1.0000,14,3,2,2,,1024,611,"484.0,209.0,708.0,404.0"
5038,2334086,2334086,2,1_hop,chair,graph_box,1.0000,16,2,1,2,,500,375,"118.0,224.0,227.0,373.0"
5040,2400806,2400806,1,0_hop,car,graph_box,1.0000,5,1,0,1,,500,240,"0.0,0.0,486.0,189.0"
5043,2382128,2382128,1,0_hop,clock,objects_id_first,0.4235,11,1,0,1,,500,375,"203.9,79.4,310.6,162.0"
5044,2382128,2382128,1,2_hop,face,graph_box,0.9059,11,1,0,3,,500,375,"205.3,81.5,308.5,160.4"
5045,2382128,2382128,1,1_hop,clock,objects_id_first,0.4069,11,1,0,2,,500,375,"204.5,80.7,309.2,161.6"
5046,2382128,2382128,1,2_hop,frame,graph_box,1.0000,11,1,0,3,,500,375,"50.0,263.0,469.0,374.0"
5047,2382128,2382128,1,1_hop,frame,graph_box,1.0000,11,1,0,2,,500,375,"50.0,263.0,469.0,374.0"
5049,2360173,2360173,3,2_hop,glass,graph_box,1.0000,20,2,1,3,,500,500,"78.0,134.0,138.0,232.0"
5050,2360173,2360173,3,1_hop,glass,graph_box,1.0000,20,2,1,2,,500,500,"78.0,134.0,138.0,232.0"
5052,2360173,2360173,2,and,plate,graph_box,1.0000,20,2,1,3,,500,500,"225.0,221.0,402.0,387.0"
5053,2360173,2360173,3,2_hop,plate,graph_box,1.0000,20,2,1,3,,500,500,"225.0,221.0,402.0,387.0"
5054,2368361,2368361,1,0_hop,bag,graph_box,1.0000,11,1,0,1,,500,318,"338.0,142.0,487.0,295.0"
5057,2401032,2401032,1,0_hop,tower,graph_box,1.0000,18,1,0,1,,332,500,"54.0,60.0,86.0,295.0"
5058,2401032,2401032,2,1_hop,sign,graph_box,1.0000,18,1,0,2,,332,500,"101.0,27.0,214.0,80.0"
5059,2399690,2399690,1,and,boy,graph_box,1.0000,11,1,0,3,,333,500,"46.0,54.0,332.0,500.0"
5061,2356515,2356515,1,0_hop,table,graph_box,1.0000,29,1,0,1,,500,331,"171.0,222.0,500.0,332.0"
5062,2356576,2356576,1,0_hop,chair,graph_box,1.0000,16,1,0,1,,500,375,"36.0,253.0,187.0,374.0"
5063,2356576,2356576,1,and,chair,graph_box,1.0000,16,1,0,3,,500,375,"36.0,253.0,187.0,374.0"
5064,2356576,2356576,1,2_hop,tablecloth,graph_box,1.0000,16,1,0,3,,500,375,"0.0,231.0,115.0,375.0"
5065,2356576,2356576,2,0_hop,table,graph_box,1.0000,16,1,0,1,,500,375,"179.0,258.0,341.0,290.0"
5066,2356576,2356576,1,2_hop,table,graph_box,1.0000,16,1,0,3,,500,375,"179.0,258.0,341.0,290.0"
5067,2330742,2330742,1,1_hop,racket,graph_box,1.0000,10,1,0,2,,333,500,"14.0,326.0,135.0,381.0"
5068,2355339,2355339,2,2_hop,carpet,graph_box,1.0000,18,2,1,3,,500,331,"252.0,181.0,418.0,320.0"
5069,2355339,2355339,2,and,carpet,graph_box,1.0000,18,2,1,3,,500,331,"252.0,181.0,418.0,320.0"
5070,2396402,2396402,1,0_hop,fireplace,graph_box,1.0000,13,1,0,1,,500,333,"174.0,130.0,316.0,232.0"
5071,2396402,2396402,1,2_hop,fireplace,graph_box,1.0000,13,1,0,3,,500,333,"174.0,130.0,316.0,232.0"
5072,2396402,2396402,1,and,fireplace,graph_box,1.0000,13,1,0,3,,500,333,"174.0,130.0,316.0,232.0"
5073,2317027,2317027,1,0_hop,drapes,objects_id_first,0.1950,20,1,0,1,,500,375,"105.5,40.2,220.2,253.7"
5074,2317027,2317027,1,2_hop,bed,graph_box,1.0000,20,1,0,3,,500,375,"179.0,129.0,467.0,316.0"
5075,2317027,2317027,1,and,bed,graph_box,1.0000,20,1,0,3,,500,375,"179.0,129.0,467.0,316.0"
5076,2335922,2335922,1,0_hop,building,objects_id_first,0.3021,16,1,0,1,,333,500,"96.1,415.6,304.3,498.7"
5077,2400789,2400789,1,0_hop,power lines,graph_box,1.0000,20,1,0,1,,500,333,"0.0,46.0,429.0,78.0"
5078,2397116,2397116,2,0_hop,car,graph_box,1.0000,23,2,1,1,,500,331,"275.0,40.0,497.0,315.0"
5079,2397116,2397116,2,2_hop,car,graph_box,1.0000,23,2,1,3,,500,331,"275.0,40.0,497.0,315.0"
5080,2397116,2397116,2,and,car,graph_box,1.0000,23,2,1,3,,500,331,"275.0,40.0,497.0,315.0"
5081,2412249,2412249,2,0_hop,wire,graph_box,1.0000,11,2,1,1,,500,375,"345.0,85.0,471.0,158.0"
5082,2412249,2412249,2,2_hop,wire,graph_box,1.0000,11,2,1,3,,500,375,"345.0,85.0,471.0,158.0"
5083,2412249,2412249,2,and,wire,graph_box,1.0000,11,2,1,3,,500,375,"345.0,85.0,471.0,158.0"
5084,2404203,2404203,2,and,trunk,graph_box,1.0000,17,2,1,3,,500,375,"0.0,0.0,52.0,211.0"
5086,2371222,2371222,1,0_hop,napkin,graph_box,1.0000,26,1,0,1,,500,375,"119.0,181.0,167.0,271.0"
5087,2371222,2371222,1,and,napkin,graph_box,1.0000,26,1,0,3,,500,375,"119.0,181.0,167.0,271.0"
5088,2371222,2371222,1,1_hop,waiter,graph_box,1.0000,26,1,0,2,,500,375,"113.0,0.0,248.0,212.0"
5090,414,414,1,and,woman,graph_box,1.0000,17,1,0,3,,256,256,"44.0,24.0,245.0,255.0"
5091,2362052,2362052,1,0_hop,sink,graph_box,1.0000,11,1,0,1,,500,375,"77.0,211.0,190.0,291.0"
5092,2362052,2362052,1,2_hop,sink,graph_box,1.0000,11,1,0,3,,500,375,"77.0,211.0,190.0,291.0"
5093,2362052,2362052,1,1_hop,sink,graph_box,1.0000,11,1,0,2,,500,375,"77.0,211.0,190.0,291.0"
5095,2356811,2356811,1,0_hop,tent,graph_box,1.0000,37,1,0,1,,500,357,"2.0,0.0,499.0,217.0"
5096,2414718,2414718,1,0_hop,car,graph_box,1.0000,23,1,0,1,,500,333,"231.0,296.0,316.0,333.0"
5097,2333557,2333557,1,0_hop,hat,graph_box,1.0000,18,1,0,1,,333,500,"153.0,144.0,203.0,197.0"
5098,2392441,2392441,1,1_hop,bus,graph_box,1.0000,19,1,0,2,,500,257,"87.0,134.0,214.0,199.0"
5099,2327027,2327027,1,2_hop,ceiling,objects_id_first,0.2474,22,1,0,3,,500,232,"86.1,12.6,422.4,168.1"
5101,2406953,2406953,1,0_hop,building,graph_box,1.0000,30,1,0,1,,500,333,"94.0,0.0,420.0,96.0"
5102,2406953,2406953,1,2_hop,building,graph_box,1.0000,30,1,0,3,,500,333,"94.0,0.0,420.0,96.0"
5103,2408872,2408872,1,2_hop,fireplace,graph_box,1.0000,16,1,0,3,,500,374,"0.0,81.0,167.0,277.0"
5104,2408872,2408872,1,and,fireplace,graph_box,1.0000,16,1,0,3,,500,374,"0.0,81.0,167.0,277.0"
5105,2378102,2378102,1,0_hop,girl,graph_box,1.0000,14,1,0,1,,500,349,"282.0,5.0,453.0,348.0"
5106,2323874,2323874,1,2_hop,clock tower,graph_box,1.0000,14,1,0,3,,500,332,"233.0,58.0,267.0,216.0"
5107,2325084,2325084,1,1_hop,man,graph_box,1.0000,10,1,0,2,,500,375,"127.0,97.0,207.0,226.0"
5108,2387542,2387542,2,2_hop,building,graph_box,1.0000,22,2,1,3,,333,500,"188.0,3.0,333.0,244.0"
5109,2387542,2387542,2,and,building,graph_box,1.0000,22,2,1,3,,333,500,"188.0,3.0,333.0,244.0"
5110,2335117,2335117,1,1_hop,tower,graph_box,1.0000,7,1,0,2,,500,375,"44.0,48.0,446.0,375.0"
5111,2381250,2381250,1,0_hop,bun,graph_box,1.0000,9,1,0,1,,500,332,"13.0,148.0,435.0,330.0"
5112,2381250,2381250,1,1_hop,sauce,graph_box,1.0000,9,1,0,2,,500,332,"34.0,66.0,440.0,169.0"
5114,2343738,2343738,2,2_hop,dock,graph_box,1.0000,11,2,1,3,,500,389,"126.0,238.0,271.0,284.0"
5115,2343738,2343738,2,1_hop,dock,graph_box,1.0000,11,2,1,2,,500,389,"126.0,238.0,271.0,284.0"
5116,2328812,2328812,1,1_hop,girl,graph_box,1.0000,14,1,0,2,,500,375,"374.0,42.0,499.0,347.0"
5120,2388018,2388018,2,and,jar,graph_box,1.0000,11,1,0,3,,500,375,"356.0,267.0,409.0,366.0"
5122,2388018,2388018,2,and,bottle,graph_box,1.0000,11,3,2,3,,500,375,"436.0,153.0,498.0,374.0"
5124,2386700,2386700,2,2_hop,plate,graph_box,1.0000,14,2,1,3,,500,500,"159.0,208.0,287.0,312.0"
5125,2386700,2386700,2,1_hop,plate,graph_box,1.0000,14,2,1,2,,500,500,"159.0,208.0,287.0,312.0"
5126,2386700,2386700,1,0_hop,pan,graph_box,1.0000,14,1,0,1,,500,500,"231.0,327.0,487.0,489.0"
5131,2377228,2377228,1,2_hop,net,graph_box,1.0000,26,1,0,3,,333,500,"0.0,310.0,191.0,499.0"
5132,2377228,2377228,1,and,net,graph_box,1.0000,26,1,0,3,,333,500,"0.0,310.0,191.0,499.0"
5133,2377228,2377228,1,and,man,graph_box,1.0000,26,1,0,3,,333,500,"182.0,65.0,302.0,499.0"
5134,2403060,2403060,2,2_hop,people,graph_box,1.0000,25,2,1,3,,500,375,"53.0,31.0,193.0,111.0"
5136,2385059,2385059,1,0_hop,bush,graph_box,1.0000,10,1,0,1,,500,298,"387.0,10.0,445.0,53.0"
5137,2367978,2367978,1,0_hop,sauce,graph_box,1.0000,15,1,0,1,,500,357,"148.0,132.0,205.0,173.0"
5138,2367978,2367978,1,2_hop,sauce,graph_box,1.0000,15,1,0,3,,500,357,"148.0,132.0,205.0,173.0"
5139,2367978,2367978,1,and,sauce,graph_box,1.0000,15,1,0,3,,500,357,"148.0,132.0,205.0,173.0"
5140,2413903,2413903,2,0_hop,laptop,graph_box,1.0000,19,2,1,1,,500,376,"209.0,127.0,364.0,232.0"
5142,2370902,2370902,2,1_hop,bear,graph_box,1.0000,31,3,2,2,,500,333,"56.0,52.0,206.0,196.0"
5143,2370902,2370902,1,0_hop,sign,graph_box,1.0000,31,1,0,1,,500,333,"149.0,23.0,312.0,148.0"
5144,2370902,2370902,1,2_hop,sign,graph_box,1.0000,31,1,0,3,,500,333,"149.0,23.0,312.0,148.0"
5145,2402334,2402334,1,0_hop,fire hydrant,graph_box,1.0000,27,1,0,1,,500,333,"192.0,173.0,290.0,298.0"
5146,2400869,2400869,1,and,post,graph_box,1.0000,17,1,0,3,,333,500,"45.0,2.0,57.0,338.0"
5147,1592234,1592234,1,0_hop,dog,graph_box,1.0000,14,1,0,1,,1024,667,"120.0,132.0,224.0,306.0"
5148,1592234,1592234,1,0_hop,plant,graph_box,1.0000,14,1,0,1,,1024,667,"588.0,372.0,902.0,607.0"
5151,2319140,2319140,2,2_hop,street light,graph_box,1.0000,22,3,2,3,,500,283,"3.0,35.0,25.0,239.0"
5153,2319140,2319140,1,0_hop,train,graph_box,1.0000,22,1,0,1,,500,283,"46.0,143.0,304.0,232.0"
5154,2319140,2319140,1,2_hop,train,graph_box,1.0000,22,1,0,3,,500,283,"46.0,143.0,304.0,232.0"
5155,2319140,2319140,1,and,train,graph_box,1.0000,22,1,0,3,,500,283,"46.0,143.0,304.0,232.0"
5156,2319140,2319140,1,0_hop,smoke,graph_box,1.0000,22,1,0,1,,500,283,"186.0,69.0,267.0,136.0"
5158,2397306,2397306,1,1_hop,car,graph_box,1.0000,11,1,0,2,,404,500,"1.0,1.0,404.0,284.0"
5159,2406546,2406546,1,0_hop,water,graph_box,1.0000,13,1,0,1,,375,500,"0.0,482.0,374.0,499.0"
5160,2406546,2406546,1,2_hop,water,graph_box,1.0000,13,1,0,3,,375,500,"0.0,482.0,374.0,499.0"
5161,2406546,2406546,1,1_hop,water,graph_box,1.0000,13,1,0,2,,375,500,"0.0,482.0,374.0,499.0"
5162,2368202,2368202,2,1_hop,bread,graph_box,1.0000,12,2,1,2,,375,500,"0.0,119.0,172.0,289.0"
5163,2374942,2374942,1,and,shower door,graph_box,0.9546,18,1,0,3,,333,500,"112.1,153.2,179.2,434.1"
5164,2384830,2384830,1,0_hop,fork,graph_box,1.0000,14,1,0,1,,500,375,"31.0,81.0,82.0,273.0"
5165,2384830,2384830,1,2_hop,fork,graph_box,1.0000,14,1,0,3,,500,375,"31.0,81.0,82.0,273.0"
5166,2384830,2384830,1,and,fork,graph_box,1.0000,14,1,0,3,,500,375,"31.0,81.0,82.0,273.0"
5169,2384830,2384830,1,and,ginger,graph_box,1.0000,14,1,0,3,,500,375,"86.0,157.0,151.0,210.0"
5170,2384830,2384830,1,1_hop,glass,graph_box,1.0000,14,1,0,2,,500,375,"254.0,0.0,302.0,45.0"
5171,2347343,2347343,1,2_hop,snowsuit,graph_box,1.0000,20,1,0,3,,500,193,"362.0,81.0,396.0,123.0"
5173,2347438,2347438,1,0_hop,sheet,objects_id_first,0.4188,20,1,0,1,,333,500,"22.0,262.8,137.1,322.2"
5174,2347438,2347438,1,2_hop,sheet,objects_id_first,0.4200,20,1,0,3,,333,500,"22.7,263.7,136.5,322.0"
5175,2347438,2347438,1,1_hop,sheet,objects_id_first,0.4176,20,1,0,2,,333,500,"22.9,263.6,136.0,321.9"
5176,2347438,2347438,1,2_hop,pillow,graph_box,1.0000,20,1,0,3,,333,500,"16.0,264.0,97.0,309.0"
5178,2375626,2375626,1,2_hop,sandwich,graph_box,1.0000,7,1,0,3,,500,375,"124.0,137.0,382.0,269.0"
5179,2375626,2375626,1,and,sandwich,graph_box,1.0000,7,1,0,3,,500,375,"124.0,137.0,382.0,269.0"
5180,2375626,2375626,1,0_hop,plate,graph_box,1.0000,7,1,0,1,,500,375,"82.0,115.0,408.0,358.0"
5181,2375626,2375626,1,2_hop,plate,graph_box,1.0000,7,1,0,3,,500,375,"82.0,115.0,408.0,358.0"
5182,2375626,2375626,1,1_hop,plate,graph_box,1.0000,7,1,0,2,,500,375,"82.0,115.0,408.0,358.0"
5183,2320421,2320421,1,0_hop,tree,graph_box,1.0000,20,1,0,1,,500,373,"438.0,3.0,500.0,213.0"
5184,2357649,2357649,2,2_hop,man,graph_box,1.0000,29,3,2,3,,357,500,"54.0,128.0,199.0,498.0"
5185,2357649,2357649,2,1_hop,man,graph_box,1.0000,29,3,2,2,,357,500,"54.0,128.0,199.0,498.0"
5186,2319339,2319339,1,2_hop,water,graph_box,1.0000,19,1,0,3,,333,500,"0.0,291.0,332.0,499.0"
5187,2319339,2319339,1,1_hop,water,graph_box,1.0000,19,1,0,2,,333,500,"0.0,291.0,332.0,499.0"
5188,2319339,2319339,1,2_hop,waterfall,graph_box,1.0000,19,1,0,3,,333,500,"161.0,85.0,240.0,266.0"
5189,2318297,2318297,3,2_hop,elephant,graph_box,1.0000,24,2,1,3,,500,375,"75.0,88.0,300.0,276.0"
5190,2318297,2318297,2,2_hop,people,graph_box,1.0000,24,3,2,3,,500,375,"391.0,29.0,444.0,116.0"
5191,2318297,2318297,2,and,people,graph_box,1.0000,24,3,2,3,,500,375,"391.0,29.0,444.0,116.0"
5193,2387028,2387028,1,0_hop,counter,graph_box,1.0000,11,1,0,1,,332,500,"192.0,327.0,330.0,500.0"
5194,2387028,2387028,1,2_hop,counter,graph_box,1.0000,11,1,0,3,,332,500,"192.0,327.0,330.0,500.0"
5195,2387028,2387028,1,and,counter,graph_box,1.0000,11,1,0,3,,332,500,"192.0,327.0,330.0,500.0"
5196,2387028,2387028,1,0_hop,seat,graph_box,1.0000,11,1,0,1,,332,500,"110.0,406.0,176.0,476.0"
5197,2387028,2387028,1,0_hop,toilet,graph_box,1.0000,11,1,0,1,,332,500,"110.0,339.0,188.0,499.0"
5198,2387028,2387028,1,and,toilet,graph_box,1.0000,11,1,0,3,,332,500,"110.0,339.0,188.0,499.0"
5199,2337232,2337232,1,1_hop,fan,graph_box,1.0000,24,1,0,2,,500,375,"20.0,1.0,224.0,37.0"
5202,2341346,2341346,1,0_hop,table,graph_box,1.0000,11,1,0,1,,500,332,"451.0,222.0,499.0,323.0"
5203,2341346,2341346,1,and,table,graph_box,1.0000,11,1,0,3,,500,332,"451.0,222.0,499.0,323.0"
5205,2363263,2363263,1,1_hop,faucet,graph_box,1.0000,8,1,0,2,,375,500,"27.0,226.0,124.0,369.0"
5206,2333535,2333535,1,0_hop,gravel,graph_box,1.0000,15,1,0,1,,500,331,"0.0,263.0,499.0,296.0"
5207,1593113,1593113,1,0_hop,train,graph_box,1.0000,13,1,0,1,,1024,529,"0.0,309.0,737.0,423.0"
5208,2392420,2392420,1,0_hop,pot,graph_box,1.0000,7,1,0,1,,400,500,"104.0,364.0,241.0,489.0"
5212,2414920,2414920,1,0_hop,house,graph_box,1.0000,11,1,0,1,,500,333,"0.0,59.0,154.0,332.0"
5213,2414920,2414920,1,1_hop,house,graph_box,1.0000,11,1,0,2,,500,333,"0.0,59.0,154.0,332.0"
5214,2414920,2414920,2,1_hop,pole,graph_box,1.0000,11,2,1,2,,500,333,"346.0,0.0,413.0,331.0"
5215,2319627,2319627,1,0_hop,outfit,graph_box,1.0000,30,1,0,1,,333,500,"210.0,221.0,320.0,350.0"
5217,2386162,2386162,1,0_hop,comforter,graph_box,1.0000,14,1,0,1,,500,375,"0.0,293.0,348.0,375.0"
5219,2392685,2392685,1,1_hop,calculator,graph_box,1.0000,8,1,0,2,,500,375,"200.0,204.0,446.0,313.0"
5220,2360695,2360695,1,0_hop,trash can,graph_box,1.0000,14,1,0,1,,374,500,"132.0,328.0,183.0,405.0"
5221,2335686,2335686,1,1_hop,bird,graph_box,1.0000,12,1,0,2,,500,339,"350.0,181.0,483.0,270.0"
5222,2414735,2414735,1,0_hop,rope,graph_box,1.0000,17,1,0,1,,500,333,"263.0,227.0,451.0,303.0"
5223,2414735,2414735,1,2_hop,rope,graph_box,1.0000,17,1,0,3,,500,333,"263.0,227.0,451.0,303.0"
5224,2417646,2417646,1,0_hop,countertop,graph_box,1.0000,20,1,0,1,,500,333,"73.0,211.0,370.0,256.0"
5228,2414595,2414595,1,and,panda,graph_box,1.0000,16,1,0,3,,500,333,"180.0,72.0,383.0,188.0"
5229,2328746,2328746,2,2_hop,pole,graph_box,1.0000,16,2,1,3,,500,500,"271.0,90.0,294.0,488.0"
5230,2328746,2328746,2,and,pole,graph_box,1.0000,16,2,1,3,,500,500,"271.0,90.0,294.0,488.0"
5234,2332013,2332013,1,0_hop,seat,graph_box,1.0000,11,1,0,1,,500,333,"166.0,190.0,247.0,223.0"
5236,2372230,2372230,2,0_hop,sheep,graph_box,1.0000,16,2,1,1,,500,333,"187.0,25.0,265.0,67.0"
5237,2372230,2372230,2,0_hop,sheep,graph_box,1.0000,16,2,1,1,,500,333,"66.0,91.0,462.0,304.0"
5238,2345716,2345716,1,0_hop,pole,graph_box,1.0000,14,1,0,1,,500,281,"111.0,135.0,203.0,174.0"
5239,2393430,2393430,1,1_hop,kitten,graph_box,1.0000,18,1,0,2,,500,333,"219.0,102.0,346.0,226.0"
5242,2379178,2379178,1,0_hop,woman,graph_box,1.0000,17,1,0,1,,500,375,"23.0,26.0,427.0,346.0"
5243,2379178,2379178,1,2_hop,woman,graph_box,1.0000,17,1,0,3,,500,375,"23.0,26.0,427.0,346.0"
5244,2379178,2379178,1,and,woman,graph_box,1.0000,17,1,0,3,,500,375,"23.0,26.0,427.0,346.0"
5245,2379178,2379178,2,2_hop,apple,graph_box,1.0000,17,2,1,3,,500,375,"170.0,336.0,248.0,374.0"
5246,2379178,2379178,2,1_hop,apple,graph_box,1.0000,17,2,1,2,,500,375,"170.0,336.0,248.0,374.0"
5247,2371766,2371766,1,and,sack,graph_box,1.0000,28,1,0,3,,500,341,"338.0,26.0,401.0,111.0"
5248,2384853,2384853,1,0_hop,building,objects_id_first,0.3634,16,1,0,1,,500,333,"181.2,77.8,466.9,198.4"
5249,2383614,2383614,1,0_hop,outfit,graph_box,1.0000,11,1,0,1,,500,375,"265.0,149.0,319.0,202.0"
5250,2383614,2383614,1,1_hop,outfit,graph_box,1.0000,11,1,0,2,,500,375,"265.0,149.0,319.0,202.0"
5251,2401079,2401079,1,1_hop,bracelet,graph_box,1.0000,17,1,0,2,,500,334,"115.0,240.0,181.0,334.0"
5253,2338562,2338562,1,2_hop,desk,graph_box,1.0000,21,1,0,3,,500,334,"94.0,193.0,298.0,334.0"
5254,2343415,2343415,1,2_hop,tape,graph_box,1.0000,27,1,0,3,,500,449,"0.0,335.0,213.0,387.0"
5255,2343415,2343415,2,and,people,graph_box,1.0000,27,1,0,3,,500,449,"0.0,202.0,219.0,404.0"
5257,2413021,2413021,2,1_hop,man,graph_box,1.0000,21,3,2,2,,500,375,"211.0,133.0,316.0,236.0"
5258,2413021,2413021,1,0_hop,box,graph_box,1.0000,21,1,0,1,,500,375,"211.0,222.0,393.0,325.0"
5259,2407184,2407184,1,1_hop,tomato,graph_box,1.0000,6,1,0,2,,500,333,"168.0,74.0,256.0,198.0"
5260,2357812,2357812,1,1_hop,man,graph_box,1.0000,12,1,0,2,,500,333,"160.0,16.0,258.0,329.0"
5261,2322245,2322245,2,2_hop,animal,graph_box,1.0000,13,2,1,3,,500,375,"144.0,244.0,195.0,281.0"
5263,2322245,2322245,1,1_hop,fire hydrant,graph_box,1.0000,13,1,0,2,,500,375,"266.0,227.0,334.0,352.0"
5264,2355364,2355364,2,0_hop,bowl,graph_box,1.0000,18,2,1,1,,500,331,"307.0,227.0,372.0,290.0"
5265,2355364,2355364,2,2_hop,bowl,graph_box,1.0000,18,2,1,3,,500,331,"307.0,227.0,372.0,290.0"
5266,2355364,2355364,2,1_hop,bowl,graph_box,1.0000,18,2,1,2,,500,331,"307.0,227.0,372.0,290.0"
5268,2403296,2403296,1,0_hop,outfit,graph_box,1.0000,15,1,0,1,,500,327,"153.0,60.0,200.0,150.0"
5269,2403296,2403296,1,2_hop,outfit,graph_box,1.0000,15,1,0,3,,500,327,"153.0,60.0,200.0,150.0"
5270,2402632,2402632,1,0_hop,rug,graph_box,1.0000,17,1,0,1,,500,406,"0.0,309.0,389.0,406.0"
5271,2354705,2354705,1,0_hop,bench,graph_box,1.0000,12,1,0,1,,500,335,"87.0,129.0,231.0,221.0"
5272,2354705,2354705,1,2_hop,bench,graph_box,1.0000,12,1,0,3,,500,335,"87.0,129.0,231.0,221.0"
5274,2389404,2389404,1,1_hop,cup,graph_box,1.0000,18,1,0,2,,500,375,"25.0,201.0,114.0,263.0"
5275,2389400,2389400,1,0_hop,zebra,graph_box,1.0000,16,1,0,1,,500,375,"103.0,40.0,436.0,354.0"
5276,2389400,2389400,2,0_hop,rock,objects_id_first,0.0000,16,1,0,1,,500,375,"1.7,57.4,113.9,161.7"
5277,2324718,2324718,1,0_hop,gate,graph_box,1.0000,17,1,0,1,,500,333,"146.0,90.0,363.0,312.0"
5278,2324718,2324718,1,2_hop,gate,graph_box,1.0000,17,1,0,3,,500,333,"146.0,90.0,363.0,312.0"
5279,2324718,2324718,1,1_hop,gate,graph_box,1.0000,17,1,0,2,,500,333,"146.0,90.0,363.0,312.0"
5281,2354563,2354563,2,and,gas pump,graph_box,1.0000,21,2,1,3,,500,374,"109.0,113.0,153.0,196.0"
5282,2409122,2409122,1,and,farmer,graph_box,1.0000,16,1,0,3,,333,500,"97.0,382.0,126.0,444.0"
5283,2364151,2364151,1,and,man,graph_box,1.0000,23,1,0,3,,500,333,"367.0,118.0,489.0,256.0"
5284,2364151,2364151,1,0_hop,pole,graph_box,1.0000,23,1,0,1,,500,333,"358.0,1.0,376.0,153.0"
5286,2411799,2411799,2,and,tree,graph_box,1.0000,22,2,1,3,,350,500,"138.0,122.0,350.0,407.0"
5287,2332472,2332472,1,1_hop,man,graph_box,1.0000,16,1,0,2,,500,333,"95.0,122.0,149.0,287.0"
5288,2408981,2408981,1,0_hop,toilet,graph_box,1.0000,13,1,0,1,,334,500,"198.0,177.0,297.0,336.0"
5289,1592747,1592747,1,0_hop,purse,graph_box,1.0000,6,1,0,1,,1024,768,"594.0,463.0,874.0,765.0"
5290,1592747,1592747,1,1_hop,purse,graph_box,1.0000,6,1,0,2,,1024,768,"594.0,463.0,874.0,765.0"
5293,2373142,2373142,1,1_hop,athlete,graph_box,1.0000,12,1,0,2,,375,500,"149.0,95.0,276.0,198.0"
5294,2416225,2416225,1,0_hop,path,graph_box,1.0000,15,1,0,1,,377,500,"15.0,273.0,266.0,498.0"
5295,2385898,2385898,2,2_hop,box,graph_box,1.0000,12,1,0,3,,500,333,"321.0,25.0,498.0,163.0"
5296,2385898,2385898,2,1_hop,bottle,objects_id_first,0.0000,12,1,0,2,,500,333,"2.1,79.8,59.4,157.1"
5299,2370948,2370948,1,1_hop,skateboard,graph_box,1.0000,12,1,0,2,,500,375,"136.0,148.0,221.0,196.0"
5300,2370948,2370948,1,1_hop,man,graph_box,1.0000,12,1,0,2,,500,375,"40.0,30.0,317.0,203.0"
5301,2404312,2404312,1,2_hop,kiosk,graph_box,1.0000,18,1,0,3,,500,500,"5.0,306.0,101.0,396.0"
5302,2398539,2398539,1,0_hop,wing,graph_box,1.0000,16,1,0,1,,500,333,"270.0,216.0,500.0,238.0"
5303,2398539,2398539,1,2_hop,wing,graph_box,1.0000,16,1,0,3,,500,333,"270.0,216.0,500.0,238.0"
5304,2398539,2398539,1,and,wing,graph_box,1.0000,16,1,0,3,,500,333,"270.0,216.0,500.0,238.0"
5306,2371168,2371168,1,2_hop,calf,graph_box,1.0000,18,1,0,3,,375,500,"117.0,138.0,368.0,416.0"
5307,2368249,2368249,1,1_hop,microwave,graph_box,1.0000,16,1,0,2,,500,282,"314.0,3.0,357.0,39.0"
5308,2368242,2368242,1,0_hop,man,graph_box,1.0000,10,1,0,1,,500,333,"124.0,25.0,289.0,278.0"
5309,2368242,2368242,1,and,man,graph_box,1.0000,10,1,0,3,,500,333,"124.0,25.0,289.0,278.0"
5310,2326214,2326214,1,1_hop,bus driver,graph_box,1.0000,7,1,0,2,,375,500,"221.0,218.0,261.0,294.0"
5311,2350614,2350614,1,0_hop,bowl,graph_box,1.0000,14,1,0,1,,500,333,"24.0,69.0,108.0,149.0"
5312,2350614,2350614,1,2_hop,bowl,graph_box,1.0000,14,1,0,3,,500,333,"24.0,69.0,108.0,149.0"
5313,2350614,2350614,1,and,bowl,graph_box,1.0000,14,1,0,3,,500,333,"24.0,69.0,108.0,149.0"
5314,2347380,2347380,1,0_hop,laptop,graph_box,1.0000,17,1,0,1,,500,335,"208.0,136.0,445.0,317.0"
5315,2347380,2347380,1,2_hop,laptop,graph_box,1.0000,17,1,0,3,,500,335,"208.0,136.0,445.0,317.0"
5316,2347380,2347380,1,and,laptop,graph_box,1.0000,17,1,0,3,,500,335,"208.0,136.0,445.0,317.0"
5318,2380020,2380020,1,2_hop,tray,graph_box,1.0000,7,1,0,3,,500,375,"41.0,59.0,353.0,303.0"
5319,2380020,2380020,1,and,tray,graph_box,1.0000,7,1,0,3,,500,375,"41.0,59.0,353.0,303.0"
5320,2380020,2380020,1,2_hop,paper,graph_box,1.0000,7,1,0,3,,500,375,"391.0,0.0,500.0,56.0"
5321,2380020,2380020,1,and,paper,graph_box,1.0000,7,1,0,3,,500,375,"391.0,0.0,500.0,56.0"
5322,2354917,2354917,1,0_hop,coffee maker,graph_box,1.0000,25,1,0,1,,500,333,"376.0,104.0,439.0,208.0"
5323,2369300,2369300,1,0_hop,mirror,graph_box,1.0000,13,1,0,1,,375,500,"0.0,37.0,160.0,305.0"
5324,2369300,2369300,1,0_hop,bed,graph_box,1.0000,13,1,0,1,,375,500,"0.0,306.0,375.0,499.0"
5325,2410304,2410304,1,0_hop,ocean,graph_box,1.0000,7,1,0,1,,500,333,"0.0,63.0,499.0,82.0"
5326,2410304,2410304,1,1_hop,ocean,graph_box,1.0000,7,1,0,2,,500,333,"0.0,63.0,499.0,82.0"
5327,2337015,2337015,1,2_hop,backpack,graph_box,1.0000,17,1,0,3,,500,333,"224.0,56.0,258.0,107.0"
5328,2337015,2337015,1,1_hop,roof,graph_box,1.0000,17,1,0,2,,500,333,"198.0,78.0,486.0,125.0"
5330,2348163,2348163,1,2_hop,man,graph_box,1.0000,21,1,0,3,,375,500,"165.0,12.0,321.0,188.0"
5331,2348163,2348163,1,and,man,graph_box,1.0000,21,1,0,3,,375,500,"165.0,12.0,321.0,188.0"
5332,1592688,1592688,1,1_hop,monitor,graph_box,1.0000,7,1,0,2,,1024,683,"0.0,261.0,208.0,603.0"
5333,2404854,2404854,2,2_hop,plant,graph_box,1.0000,19,2,1,3,,500,333,"111.0,212.0,203.0,274.0"
5334,2404854,2404854,2,and,plant,graph_box,1.0000,19,2,1,3,,500,333,"111.0,212.0,203.0,274.0"
5335,2404854,2404854,1,2_hop,gravel,graph_box,1.0000,19,1,0,3,,500,333,"1.0,289.0,376.0,333.0"
5336,2404854,2404854,1,1_hop,gravel,graph_box,1.0000,19,1,0,2,,500,333,"1.0,289.0,376.0,333.0"
5339,2360292,2360292,1,0_hop,fork,graph_box,1.0000,7,1,0,1,,500,333,"0.0,146.0,195.0,212.0"
5340,2360292,2360292,1,2_hop,fork,graph_box,1.0000,7,1,0,3,,500,333,"0.0,146.0,195.0,212.0"
5341,2317625,2317625,1,2_hop,letters,graph_box,1.0000,5,1,0,3,,500,327,"50.0,84.0,451.0,143.0"
5342,2317625,2317625,1,1_hop,letters,graph_box,1.0000,5,1,0,2,,500,327,"50.0,84.0,451.0,143.0"
5344,2316861,2316861,2,and,man,graph_box,1.0000,30,2,1,3,,342,500,"0.0,78.0,178.0,498.0"
5345,2316861,2316861,1,0_hop,tree,graph_box,1.0000,30,1,0,1,,342,500,"0.0,2.0,240.0,234.0"
5346,1592357,1592357,1,1_hop,carriage,graph_box,1.0000,26,1,0,2,,1024,768,"525.0,371.0,794.0,510.0"
5347,2371956,2371956,1,0_hop,blinds,graph_box,1.0000,13,1,0,1,,375,500,"230.0,1.0,346.0,23.0"
5348,2371956,2371956,1,2_hop,blinds,graph_box,1.0000,13,1,0,3,,375,500,"230.0,1.0,346.0,23.0"
5349,2371956,2371956,1,1_hop,blinds,graph_box,1.0000,13,1,0,2,,375,500,"230.0,1.0,346.0,23.0"
5350,2371956,2371956,1,2_hop,door,graph_box,1.0000,13,1,0,3,,375,500,"0.0,0.0,25.0,160.0"
5351,2402492,2402492,1,0_hop,cat,graph_box,1.0000,12,1,0,1,,500,375,"215.0,1.0,499.0,374.0"
5352,2402492,2402492,1,and,cat,graph_box,1.0000,12,1,0,3,,500,375,"215.0,1.0,499.0,374.0"
5353,2375916,2375916,1,0_hop,box,graph_box,1.0000,12,1,0,1,,500,375,"400.0,35.0,472.0,95.0"
5355,2381963,2381963,1,0_hop,cup,graph_box,1.0000,31,1,0,1,,500,375,"412.0,264.0,463.0,314.0"
5356,2381963,2381963,1,1_hop,cup,graph_box,1.0000,31,1,0,2,,500,375,"412.0,264.0,463.0,314.0"
5358,2381963,2381963,2,1_hop,laptop,graph_box,1.0000,31,3,2,2,,500,375,"257.0,141.0,375.0,219.0"
5359,2381963,2381963,1,0_hop,woman,graph_box,1.0000,31,1,0,1,,500,375,"153.0,72.0,286.0,270.0"
5360,2381963,2381963,1,and,woman,graph_box,1.0000,31,1,0,3,,500,375,"153.0,72.0,286.0,270.0"
5361,2374704,2374704,1,0_hop,bread,graph_box,1.0000,21,1,0,1,,500,500,"103.0,337.0,202.0,437.0"
5364,2411222,2411222,1,and,boy,graph_box,1.0000,6,1,0,3,,500,375,"119.0,75.0,229.0,368.0"
5366,2408934,2408934,1,0_hop,food,graph_box,1.0000,17,1,0,1,,375,500,"96.0,441.0,146.0,493.0"
5367,2408934,2408934,2,0_hop,cat,graph_box,1.0000,17,2,1,1,,375,500,"172.0,266.0,295.0,428.0"
5368,2371,2371,1,2_hop,woman,graph_box,1.0000,13,1,0,3,,800,600,"730.0,261.0,776.0,413.0"
5369,2413087,2413087,1,0_hop,mustard,graph_box,1.0000,15,1,0,1,,500,500,"112.0,407.0,255.0,470.0"
5370,2413087,2413087,1,and,table,graph_box,1.0000,15,1,0,3,,500,500,"66.0,238.0,264.0,355.0"
5373,2353755,2353755,2,1_hop,train,graph_box,1.0000,21,2,1,2,,500,380,"272.0,96.0,500.0,279.0"
5375,2385306,2385306,1,and,fence,graph_box,1.0000,10,1,0,3,,500,342,"61.0,65.0,499.0,297.0"
5376,2385306,2385306,1,0_hop,motorcycle,graph_box,1.0000,10,1,0,1,,500,342,"7.0,16.0,466.0,331.0"
5377,2385306,2385306,1,2_hop,motorcycle,graph_box,1.0000,10,1,0,3,,500,342,"7.0,16.0,466.0,331.0"
5378,2385306,2385306,1,1_hop,motorcycle,graph_box,1.0000,10,1,0,2,,500,342,"7.0,16.0,466.0,331.0"
5379,2342830,2342830,1,0_hop,vase,graph_box,1.0000,8,1,0,1,,400,500,"145.0,371.0,213.0,473.0"
5380,2342830,2342830,1,2_hop,vase,graph_box,1.0000,8,1,0,3,,400,500,"145.0,371.0,213.0,473.0"
5381,2345287,2345287,1,1_hop,oven,graph_box,1.0000,14,1,0,2,,500,375,"124.0,48.0,212.0,126.0"
5382,2345287,2345287,1,1_hop,pineapple,graph_box,1.0000,14,1,0,2,,500,375,"50.0,1.0,91.0,52.0"
5383,2322694,2322694,1,0_hop,roof,graph_box,1.0000,20,1,0,1,,500,375,"167.0,0.0,499.0,57.0"
5384,2350581,2350581,1,0_hop,wheelchair,graph_box,1.0000,15,1,0,1,,500,357,"222.0,158.0,294.0,275.0"
5385,2351187,2351187,1,and,giraffe,graph_box,1.0000,22,1,0,3,,333,500,"59.0,49.0,192.0,495.0"
5386,2364476,2364476,2,2_hop,towel,graph_box,1.0000,15,2,1,3,,375,500,"86.0,418.0,139.0,497.0"
5387,2364476,2364476,2,and,towel,graph_box,1.0000,15,2,1,3,,375,500,"86.0,418.0,139.0,497.0"
5388,2409623,2409623,2,1_hop,elephant,graph_box,1.0000,19,3,2,2,,500,374,"157.0,172.0,226.0,244.0"
5389,2347670,2347670,2,2_hop,man,graph_box,1.0000,19,2,1,3,,500,422,"348.0,3.0,489.0,420.0"
5390,2347670,2347670,2,and,man,graph_box,1.0000,19,2,1,3,,500,422,"348.0,3.0,489.0,420.0"
5392,2336505,2336505,1,1_hop,box,graph_box,1.0000,15,1,0,2,,500,365,"314.0,66.0,440.0,170.0"
5393,2336505,2336505,1,0_hop,bench,graph_box,1.0000,15,1,0,1,,500,365,"118.0,200.0,313.0,340.0"
5396,2373429,2373429,2,1_hop,building,graph_box,1.0000,42,2,1,2,,500,333,"342.0,1.0,499.0,187.0"
5397,2398442,2398442,1,0_hop,train,graph_box,1.0000,14,1,0,1,,500,333,"61.0,74.0,388.0,283.0"
5398,2398442,2398442,1,and,train,graph_box,1.0000,14,1,0,3,,500,333,"61.0,74.0,388.0,283.0"
5399,2398442,2398442,1,1_hop,windshield,graph_box,1.0000,14,1,0,2,,500,333,"86.0,118.0,237.0,181.0"
5400,2391549,2391549,2,0_hop,woman,graph_box,1.0000,17,2,1,1,,332,500,"167.0,79.0,331.0,420.0"
5401,2391549,2391549,2,and,woman,graph_box,1.0000,17,2,1,3,,332,500,"167.0,79.0,331.0,420.0"
5402,2339309,2339309,1,and,man,graph_box,1.0000,15,1,0,3,,500,332,"151.0,65.0,301.0,247.0"
5403,2339309,2339309,2,2_hop,chair,graph_box,1.0000,15,4,3,3,,500,332,"109.0,123.0,174.0,192.0"
5404,2339309,2339309,2,and,chair,graph_box,1.0000,15,4,3,3,,500,332,"109.0,123.0,174.0,192.0"
5406,2381312,2381312,2,2_hop,train,graph_box,1.0000,10,2,1,3,,500,333,"115.0,85.0,424.0,243.0"
5407,2381312,2381312,2,1_hop,train,graph_box,1.0000,10,2,1,2,,500,333,"115.0,85.0,424.0,243.0"
5408,2337074,2337074,1,0_hop,cap,graph_box,1.0000,13,1,0,1,,500,375,"0.0,142.0,152.0,234.0"
5409,2384793,2384793,1,2_hop,book,graph_box,1.0000,10,1,0,3,,500,317,"176.0,106.0,361.0,307.0"
5410,2384793,2384793,1,and,book,graph_box,1.0000,10,1,0,3,,500,317,"176.0,106.0,361.0,307.0"
5413,2397862,2397862,2,0_hop,building,graph_box,1.0000,19,2,1,1,,500,332,"1.0,94.0,112.0,185.0"
5414,2397862,2397862,2,2_hop,building,graph_box,1.0000,19,2,1,3,,500,332,"1.0,94.0,112.0,185.0"
5415,2397862,2397862,2,1_hop,building,graph_box,1.0000,19,2,1,2,,500,332,"1.0,94.0,112.0,185.0"
5416,2397862,2397862,3,1_hop,building,graph_box,1.0000,19,2,1,2,,500,332,"1.0,94.0,112.0,185.0"
5417,2397862,2397862,1,and,street light,graph_box,1.0000,19,1,0,3,,500,332,"241.0,13.0,281.0,99.0"
5418,2411055,2411055,1,0_hop,sign,graph_box,1.0000,19,1,0,1,,500,333,"432.0,29.0,499.0,163.0"
5419,2321317,2321317,1,0_hop,drapes,graph_box,1.0000,30,1,0,1,,375,500,"69.0,0.0,375.0,226.0"
5420,2415213,2415213,1,1_hop,girl,graph_box,1.0000,9,1,0,2,,500,172,"261.0,67.0,410.0,121.0"
5421,2319606,2319606,1,0_hop,device,graph_box,1.0000,13,1,0,1,,320,240,"96.0,168.0,202.0,232.0"
5422,2366184,2366184,2,1_hop,woman,graph_box,1.0000,30,2,1,2,,334,500,"102.0,0.0,215.0,121.0"
5423,2390550,2390550,1,0_hop,cup,graph_box,1.0000,15,1,0,1,,500,374,"296.0,0.0,381.0,96.0"
5424,2390550,2390550,1,1_hop,cup,graph_box,1.0000,15,1,0,2,,500,374,"296.0,0.0,381.0,96.0"
5425,2390550,2390550,1,2_hop,hat,graph_box,1.0000,15,1,0,3,,500,374,"279.0,0.0,405.0,69.0"
5426,2330867,2330867,1,1_hop,napkin,graph_box,1.0000,28,1,0,2,,466,500,"316.0,198.0,397.0,248.0"
5428,2400603,2400603,1,2_hop,bus,graph_box,1.0000,26,1,0,3,,500,375,"125.0,71.0,336.0,295.0"
5430,2327311,2327311,1,0_hop,basket,graph_box,1.0000,22,1,0,1,,500,333,"326.0,188.0,435.0,222.0"
5431,2327311,2327311,1,1_hop,basket,graph_box,1.0000,22,1,0,2,,500,333,"326.0,188.0,435.0,222.0"
5432,2327311,2327311,2,2_hop,man,graph_box,1.0000,22,2,1,3,,500,333,"204.0,0.0,500.0,333.0"
5433,2327311,2327311,2,and,man,graph_box,1.0000,22,2,1,3,,500,333,"204.0,0.0,500.0,333.0"
5434,2327311,2327311,1,2_hop,watch,graph_box,1.0000,22,1,0,3,,500,333,"298.0,263.0,357.0,309.0"
5435,2327311,2327311,1,1_hop,watch,graph_box,1.0000,22,1,0,2,,500,333,"298.0,263.0,357.0,309.0"
5436,2371558,2371558,1,2_hop,mountain,graph_box,1.0000,25,1,0,3,,500,375,"71.0,255.0,500.0,283.0"
5437,2371558,2371558,1,1_hop,mountain,graph_box,1.0000,25,1,0,2,,500,375,"71.0,255.0,500.0,283.0"
5438,2371555,2371555,2,0_hop,tree,graph_box,1.0000,14,2,1,1,,500,375,"247.0,325.0,357.0,374.0"
5440,2371555,2371555,2,1_hop,tree,graph_box,1.0000,14,2,1,2,,500,375,"247.0,325.0,357.0,374.0"
5441,2410150,2410150,1,2_hop,bird,graph_box,1.0000,10,1,0,3,,500,375,"198.0,170.0,279.0,198.0"
5442,2360722,2360722,2,2_hop,tree,graph_box,1.0000,19,3,2,3,,500,375,"245.0,61.0,354.0,274.0"
5443,2360722,2360722,2,1_hop,tree,graph_box,1.0000,19,3,2,2,,500,375,"245.0,61.0,354.0,274.0"
5445,2360722,2360722,2,and,building,graph_box,1.0000,19,4,3,3,,500,375,"347.0,133.0,466.0,296.0"
5446,2335194,2335194,2,2_hop,roof,graph_box,1.0000,15,2,1,3,,333,500,"0.0,382.0,133.0,484.0"
5447,2335194,2335194,2,1_hop,roof,graph_box,1.0000,15,2,1,2,,333,500,"0.0,382.0,133.0,484.0"
5449,498025,498025,1,0_hop,bowl,graph_box,1.0000,12,1,0,1,,1024,768,"85.0,547.0,253.0,646.0"
5450,2364774,2364774,1,and,dog,graph_box,1.0000,24,1,0,3,,500,357,"108.0,14.0,332.0,266.0"
5451,2374729,2374729,1,and,couch,graph_box,1.0000,12,1,0,3,,500,347,"295.0,2.0,498.0,257.0"
5452,2374729,2374729,1,2_hop,newspaper,graph_box,1.0000,12,1,0,3,,500,347,"137.0,32.0,171.0,133.0"
5453,2374729,2374729,1,and,newspaper,graph_box,1.0000,12,1,0,3,,500,347,"137.0,32.0,171.0,133.0"
5454,2355359,2355359,1,0_hop,glass,graph_box,0.9731,13,2,1,1,,375,500,"59.8,179.0,179.4,409.1"
5455,2355359,2355359,1,and,label,graph_box,1.0000,13,1,0,3,,375,500,"181.0,220.0,277.0,329.0"
5456,2341445,2341445,1,1_hop,refrigerator,graph_box,1.0000,13,1,0,2,,334,500,"0.0,112.0,91.0,362.0"
5458,2326860,2326860,1,and,dog,graph_box,1.0000,11,1,0,3,,500,477,"69.0,46.0,483.0,404.0"
5459,2330002,2330002,1,0_hop,computer mouse,graph_box,1.0000,13,1,0,1,,500,375,"396.0,202.0,476.0,245.0"
5460,2330002,2330002,1,2_hop,computer mouse,graph_box,1.0000,13,1,0,3,,500,375,"396.0,202.0,476.0,245.0"
5461,2330002,2330002,1,and,computer mouse,graph_box,1.0000,13,1,0,3,,500,375,"396.0,202.0,476.0,245.0"
5462,2330002,2330002,1,0_hop,pillow,graph_box,1.0000,13,1,0,1,,500,375,"391.0,26.0,455.0,83.0"
5463,2330002,2330002,1,2_hop,cat,graph_box,1.0000,13,1,0,3,,500,375,"71.0,76.0,339.0,303.0"
5464,2330002,2330002,1,and,cat,graph_box,1.0000,13,1,0,3,,500,375,"71.0,76.0,339.0,303.0"
5465,2395135,2395135,1,0_hop,train,graph_box,1.0000,12,1,0,1,,500,333,"36.0,107.0,445.0,222.0"
5466,2395135,2395135,1,and,train,graph_box,1.0000,12,1,0,3,,500,333,"36.0,107.0,445.0,222.0"
5467,2328576,2328576,1,0_hop,bag,graph_box,1.0000,25,1,0,1,,500,375,"92.0,190.0,162.0,244.0"
5468,2389320,2389320,1,0_hop,fire hydrant,graph_box,1.0000,23,1,0,1,,500,333,"385.0,269.0,413.0,332.0"
5469,2389320,2389320,1,2_hop,fire hydrant,graph_box,1.0000,23,1,0,3,,500,333,"385.0,269.0,413.0,332.0"
5470,2389320,2389320,1,and,fire hydrant,graph_box,1.0000,23,1,0,3,,500,333,"385.0,269.0,413.0,332.0"
5472,2389320,2389320,1,and,building,graph_box,1.0000,23,1,0,3,,500,333,"4.0,3.0,154.0,247.0"
5473,2413987,2413987,1,1_hop,hot dog,graph_box,1.0000,7,1,0,2,,374,500,"58.0,161.0,364.0,415.0"
5474,2413981,2413981,1,2_hop,windshield,graph_box,1.0000,9,1,0,3,,500,400,"93.0,125.0,208.0,173.0"
5475,2413981,2413981,1,1_hop,windshield,graph_box,1.0000,9,1,0,2,,500,400,"93.0,125.0,208.0,173.0"
5476,2397076,2397076,1,and,child,graph_box,1.0000,15,1,0,3,,500,333,"422.0,53.0,458.0,123.0"
5477,2356278,2356278,1,and,spoon,graph_box,1.0000,11,1,0,3,,500,333,"328.0,134.0,500.0,193.0"
5479,2386472,2386472,1,1_hop,drawer,graph_box,1.0000,24,1,0,2,,500,375,"62.0,234.0,342.0,347.0"
5480,2324322,2324322,1,and,glass,graph_box,1.0000,15,1,0,3,,500,333,"347.0,0.0,499.0,333.0"
5481,2324322,2324322,1,0_hop,pickles,graph_box,1.0000,15,1,0,1,,500,333,"120.0,150.0,187.0,181.0"
5483,2324322,2324322,1,and,pickles,graph_box,1.0000,15,1,0,3,,500,333,"120.0,150.0,187.0,181.0"
5484,2324322,2324322,2,2_hop,ham,graph_box,1.0000,15,2,1,3,,500,333,"277.0,169.0,396.0,247.0"
5486,2324322,2324322,1,0_hop,stone,graph_box,1.0000,15,1,0,1,,500,333,"1.0,126.0,477.0,275.0"
5487,2375801,2375801,1,2_hop,woman,graph_box,1.0000,30,1,0,3,,500,370,"392.0,88.0,440.0,233.0"
5488,2375801,2375801,1,2_hop,shop,graph_box,1.0000,30,1,0,3,,500,370,"348.0,13.0,499.0,197.0"
5489,2375801,2375801,1,0_hop,fence,graph_box,1.0000,30,1,0,1,,500,370,"153.0,121.0,333.0,166.0"
5490,2375801,2375801,1,2_hop,fence,graph_box,1.0000,30,1,0,3,,500,370,"153.0,121.0,333.0,166.0"
5491,2375803,2375803,1,0_hop,horse,graph_box,1.0000,8,1,0,1,,500,333,"0.0,112.0,178.0,332.0"
5492,1244,1244,1,0_hop,glass,graph_box,1.0000,22,1,0,1,,640,480,"0.0,73.0,639.0,479.0"
5494,2405896,2405896,2,2_hop,towel,graph_box,1.0000,25,2,1,3,,375,500,"314.0,251.0,370.0,339.0"
5495,2405896,2405896,2,and,towel,graph_box,1.0000,25,2,1,3,,375,500,"314.0,251.0,370.0,339.0"
5498,2395309,2395309,2,1_hop,woman,graph_box,1.0000,33,4,3,2,,500,500,"240.0,64.0,435.0,499.0"
5499,2395309,2395309,1,2_hop,table,graph_box,1.0000,33,1,0,3,,500,500,"16.0,219.0,295.0,386.0"
5503,2411357,2411357,1,0_hop,oven,graph_box,1.0000,12,1,0,1,,500,332,"304.0,0.0,500.0,332.0"
5505,2387206,2387206,2,1_hop,lamp,graph_box,1.0000,14,2,1,2,,500,332,"145.0,50.0,267.0,146.0"
5506,2339327,2339327,1,2_hop,toilet,graph_box,1.0000,8,1,0,3,,500,375,"108.0,141.0,303.0,375.0"
5507,2381337,2381337,1,0_hop,desk lamp,graph_box,1.0000,15,1,0,1,,500,332,"8.0,65.0,112.0,292.0"
5508,2381337,2381337,1,2_hop,desk lamp,graph_box,1.0000,15,1,0,3,,500,332,"8.0,65.0,112.0,292.0"
5509,2381337,2381337,1,and,desk lamp,graph_box,1.0000,15,1,0,3,,500,332,"8.0,65.0,112.0,292.0"
5510,2381337,2381337,1,0_hop,curtain,graph_box,1.0000,15,1,0,1,,500,332,"1.0,0.0,167.0,144.0"
5512,2348133,2348133,1,2_hop,tent,graph_box,1.0000,26,1,0,3,,500,375,"114.0,279.0,374.0,337.0"
5513,2901,2901,1,0_hop,fence,graph_box,1.0000,11,1,0,1,,800,600,"480.0,303.0,742.0,600.0"
5514,2400631,2400631,1,0_hop,train,graph_box,1.0000,14,1,0,1,,500,500,"78.0,82.0,389.0,486.0"
5515,2400631,2400631,1,1_hop,train,graph_box,1.0000,14,1,0,2,,500,500,"78.0,82.0,389.0,486.0"
5516,2400631,2400631,1,0_hop,fence,graph_box,1.0000,14,1,0,1,,500,500,"81.0,71.0,454.0,219.0"
5518,2363481,2363481,2,and,tree,graph_box,1.0000,25,2,1,3,,500,500,"46.0,0.0,256.0,372.0"
5519,2363481,2363481,1,2_hop,deck,graph_box,1.0000,25,1,0,3,,500,500,"92.0,368.0,444.0,499.0"
5520,2363481,2363481,1,1_hop,deck,graph_box,1.0000,25,1,0,2,,500,500,"92.0,368.0,444.0,499.0"
5521,2363481,2363481,1,0_hop,pole,graph_box,1.0000,25,1,0,1,,500,500,"50.0,2.0,98.0,500.0"
5522,2363481,2363481,1,and,pole,graph_box,1.0000,25,1,0,3,,500,500,"50.0,2.0,98.0,500.0"
5524,2346063,2346063,1,1_hop,building,graph_box,1.0000,10,1,0,2,,333,500,"32.0,61.0,216.0,116.0"
5525,2331041,2331041,1,1_hop,mountain,graph_box,1.0000,11,1,0,2,,500,375,"153.0,0.0,499.0,292.0"
5526,2331041,2331041,1,0_hop,tree,graph_box,1.0000,11,1,0,1,,500,375,"29.0,63.0,118.0,242.0"
5527,2368544,2368544,1,0_hop,street,objects_id_first,0.2611,18,1,0,1,,500,333,"10.5,165.6,470.7,331.6"
5530,2360703,2360703,1,0_hop,tv stand,graph_box,1.0000,9,1,0,1,,331,500,"194.0,432.0,245.0,477.0"
5531,2360703,2360703,1,and,tv stand,graph_box,1.0000,9,1,0,3,,331,500,"194.0,432.0,245.0,477.0"
5532,2360703,2360703,2,2_hop,table,graph_box,1.0000,9,2,1,3,,331,500,"43.0,454.0,175.0,500.0"
5534,2334632,2334632,1,0_hop,tray,graph_box,1.0000,19,1,0,1,,375,500,"30.0,301.0,332.0,397.0"
5535,2413172,2413172,1,0_hop,traffic lights,graph_box,1.0000,24,1,0,1,,348,500,"8.0,368.0,45.0,417.0"
5537,2407835,2407835,1,and,dog,graph_box,1.0000,19,1,0,3,,500,374,"1.0,25.0,404.0,371.0"
5540,2396907,2396907,1,1_hop,fence,graph_box,1.0000,20,1,0,2,,500,333,"0.0,166.0,117.0,260.0"
5543,2405454,2405454,1,0_hop,sink,graph_box,1.0000,12,1,0,1,,500,333,"184.0,212.0,297.0,277.0"
5544,2405454,2405454,1,1_hop,sink,graph_box,1.0000,12,1,0,2,,500,333,"184.0,212.0,297.0,277.0"
5545,2405454,2405454,1,0_hop,blinds,graph_box,1.0000,12,1,0,1,,500,333,"120.0,0.0,288.0,110.0"
5546,2348673,2348673,1,0_hop,bear,graph_box,1.0000,12,1,0,1,,500,375,"112.0,69.0,349.0,324.0"
5547,2348670,2348670,1,1_hop,backpack,graph_box,1.0000,26,1,0,2,,375,500,"328.0,205.0,373.0,309.0"
5548,2348670,2348670,1,2_hop,bus,graph_box,1.0000,26,1,0,3,,375,500,"0.0,0.0,227.0,396.0"
5550,2411879,2411879,1,1_hop,soda,graph_box,1.0000,16,1,0,2,,500,375,"289.0,261.0,369.0,332.0"
5551,2411879,2411879,1,and,tie,graph_box,1.0000,16,1,0,3,,500,375,"220.0,197.0,283.0,313.0"
5552,2411879,2411879,1,2_hop,cup,graph_box,1.0000,16,1,0,3,,500,375,"287.0,178.0,374.0,336.0"
5553,2411879,2411879,1,1_hop,soda,graph_box,0.9090,16,1,0,2,,500,375,"291.5,260.0,366.6,333.5"
5556,2359792,2359792,2,2_hop,bikes,graph_box,1.0000,25,2,1,3,,500,375,"0.0,277.0,97.0,360.0"
5557,2359792,2359792,2,and,bikes,graph_box,1.0000,25,2,1,3,,500,375,"0.0,277.0,97.0,360.0"
5558,2395512,2395512,1,1_hop,plant,objects_id_first,0.4921,7,1,0,2,,500,345,"114.2,9.1,320.5,135.2"
5559,2376151,2376151,1,2_hop,pillow,graph_box,1.0000,20,1,0,3,,500,375,"0.0,138.0,243.0,375.0"
5560,2376151,2376151,1,1_hop,pillow,graph_box,1.0000,20,1,0,2,,500,375,"0.0,138.0,243.0,375.0"
5561,2376151,2376151,1,1_hop,table,graph_box,1.0000,20,1,0,2,,500,375,"0.0,0.0,227.0,148.0"
5562,2373021,2373021,1,1_hop,man,graph_box,1.0000,7,1,0,2,,500,332,"149.0,120.0,280.0,331.0"
5563,2342223,2342223,1,2_hop,keyboard,graph_box,1.0000,18,1,0,3,,500,375,"92.0,143.0,275.0,277.0"
5564,2342223,2342223,1,and,keyboard,graph_box,1.0000,18,1,0,3,,500,375,"92.0,143.0,275.0,277.0"
5567,2375358,2375358,1,0_hop,water,graph_box,1.0000,8,1,0,1,,500,375,"0.0,84.0,499.0,375.0"
5568,2410056,2410056,2,1_hop,girl,graph_box,1.0000,24,1,0,2,,500,329,"114.0,64.0,296.0,326.0"
5570,2372812,2372812,1,and,napkin,graph_box,1.0000,16,1,0,3,,500,374,"139.0,141.0,368.0,178.0"
5571,2372812,2372812,1,2_hop,magazines,graph_box,1.0000,16,1,0,3,,500,374,"227.0,26.0,444.0,60.0"
5573,2413641,2413641,1,0_hop,headboard,graph_box,0.9408,10,1,0,1,,500,400,"4.7,57.2,153.4,189.7"
5575,2317542,2317542,2,2_hop,table,graph_box,1.0000,32,2,1,3,,333,500,"0.0,267.0,132.0,378.0"
5576,2317542,2317542,2,1_hop,table,graph_box,1.0000,32,2,1,2,,333,500,"0.0,267.0,132.0,378.0"
5578,2317542,2317542,1,0_hop,woman,graph_box,1.0000,32,1,0,1,,333,500,"103.0,119.0,295.0,393.0"
5579,2317542,2317542,1,1_hop,woman,graph_box,1.0000,32,1,0,2,,333,500,"103.0,119.0,295.0,393.0"
5580,2379466,2379466,1,0_hop,hat,graph_box,1.0000,24,1,0,1,,500,375,"279.0,62.0,321.0,132.0"
5581,2379466,2379466,1,2_hop,hat,graph_box,1.0000,24,1,0,3,,500,375,"279.0,62.0,321.0,132.0"
5582,2323933,2323933,2,0_hop,motorcycle,graph_box,1.0000,14,3,2,1,,500,333,"0.0,171.0,120.0,328.0"
5583,2323933,2323933,2,2_hop,motorcycle,graph_box,1.0000,14,3,2,3,,500,333,"0.0,171.0,120.0,328.0"
5584,2323933,2323933,2,1_hop,motorcycle,graph_box,1.0000,14,3,2,2,,500,333,"0.0,171.0,120.0,328.0"
5585,2323933,2323933,2,0_hop,motorcycle,graph_box,1.0000,14,3,2,1,,500,333,"58.0,2.0,463.0,330.0"
5586,2323933,2323933,2,2_hop,motorcycle,graph_box,1.0000,14,3,2,3,,500,333,"58.0,2.0,463.0,330.0"
5588,2386936,2386936,2,0_hop,elephant,graph_box,1.0000,34,2,1,1,,500,332,"194.0,68.0,331.0,305.0"
5589,2386936,2386936,3,2_hop,elephant,graph_box,1.0000,34,2,1,3,,500,332,"194.0,68.0,331.0,305.0"
5590,2386936,2386936,1,0_hop,tree,graph_box,1.0000,34,1,0,1,,500,332,"206.0,2.0,232.0,92.0"
5594,268,268,2,and,tower,graph_box,1.0000,24,2,1,3,,640,480,"43.0,343.0,140.0,419.0"
5595,268,268,3,2_hop,tower,graph_box,1.0000,24,2,1,3,,640,480,"43.0,343.0,140.0,419.0"
5596,2405664,2405664,2,0_hop,pillow,graph_box,1.0000,14,3,2,1,,500,375,"255.0,72.0,367.0,166.0"
5597,2405664,2405664,2,0_hop,pillow,graph_box,1.0000,14,3,2,1,,500,375,"246.0,153.0,369.0,185.0"
5602,2407105,2407105,2,0_hop,building,graph_box,1.0000,20,1,0,1,,500,333,"0.0,109.0,259.0,210.0"
5603,2407105,2407105,2,1_hop,bus,graph_box,1.0000,20,3,2,2,,500,333,"311.0,184.0,489.0,320.0"
5604,3509,3509,1,0_hop,frame,objects_id_first,0.0508,16,1,0,1,,640,480,"81.1,83.6,542.4,431.5"
5606,2328028,2328028,1,0_hop,dog,graph_box,1.0000,12,1,0,1,,500,333,"142.0,116.0,220.0,249.0"
5608,2386596,2386596,1,1_hop,mane,graph_box,1.0000,19,1,0,2,,500,375,"249.0,65.0,421.0,114.0"
5610,1159718,1159718,1,1_hop,suitcase,graph_box,1.0000,23,1,0,2,,1024,768,"251.0,587.0,386.0,723.0"
5612,1592594,1592594,2,0_hop,sign,graph_box,1.0000,18,2,1,1,,612,612,"567.0,440.0,611.0,610.0"
5614,1592594,1592594,2,1_hop,sign,graph_box,1.0000,18,2,1,2,,612,612,"567.0,440.0,611.0,610.0"
5618,2345662,2345662,1,0_hop,door,graph_box,1.0000,12,1,0,1,,500,333,"97.0,85.0,460.0,335.0"
5619,2346223,2346223,1,and,ice,graph_box,1.0000,17,1,0,3,,375,500,"164.0,197.0,359.0,431.0"
5620,2391779,2391779,1,0_hop,blanket,graph_box,1.0000,18,1,0,1,,500,500,"92.0,283.0,239.0,492.0"
5621,2391779,2391779,1,1_hop,blanket,graph_box,1.0000,18,1,0,2,,500,500,"92.0,283.0,239.0,492.0"
5622,2337884,2337884,1,0_hop,stop sign,graph_box,1.0000,6,1,0,1,,500,334,"18.0,16.0,187.0,164.0"
5623,2379322,2379322,1,2_hop,man,graph_box,1.0000,28,1,0,3,,500,333,"173.0,126.0,221.0,295.0"
5624,2379322,2379322,1,and,man,graph_box,1.0000,28,1,0,3,,500,333,"173.0,126.0,221.0,295.0"
5626,2339064,2339064,1,0_hop,bird,graph_box,1.0000,10,1,0,1,,500,375,"224.0,158.0,295.0,305.0"
5627,2339064,2339064,1,1_hop,bird,graph_box,1.0000,10,1,0,2,,500,375,"224.0,158.0,295.0,305.0"
5628,2380293,2380293,2,and,building,graph_box,1.0000,27,2,1,3,,500,500,"162.0,97.0,277.0,215.0"
5630,2339061,2339061,2,and,glass,graph_box,1.0000,21,2,1,3,,500,487,"170.0,41.0,260.0,231.0"
5631,2339061,2339061,3,2_hop,glass,graph_box,1.0000,21,2,1,3,,500,487,"170.0,41.0,260.0,231.0"
5633,2339061,2339061,2,and,beverage,graph_box,1.0000,21,2,1,3,,500,487,"173.0,80.0,251.0,150.0"
5634,2339061,2339061,3,2_hop,beverage,graph_box,1.0000,21,2,1,3,,500,487,"173.0,80.0,251.0,150.0"
5635,2335224,2335224,1,2_hop,knife,graph_box,1.0000,12,1,0,3,,500,375,"423.0,283.0,499.0,375.0"
5636,2335224,2335224,1,1_hop,knife,graph_box,1.0000,12,1,0,2,,500,375,"423.0,283.0,499.0,375.0"
5639,2385819,2385819,2,2_hop,plate,graph_box,1.0000,15,2,1,3,,500,375,"236.0,0.0,500.0,131.0"
5640,2385819,2385819,2,and,plate,graph_box,1.0000,15,2,1,3,,500,375,"236.0,0.0,500.0,131.0"
5641,2345006,2345006,1,0_hop,tongue,graph_box,1.0000,14,1,0,1,,500,333,"219.0,147.0,332.0,194.0"
5642,2345006,2345006,1,0_hop,bracelet,objects_id_first,0.3758,14,1,0,1,,500,333,"320.9,0.4,415.4,69.1"
5643,2636,2636,1,1_hop,roof,graph_box,1.0000,67,1,0,2,,800,600,"2.0,216.0,342.0,343.0"
5644,2407152,2407152,1,0_hop,man,graph_box,1.0000,9,1,0,1,,375,500,"33.0,172.0,76.0,236.0"
5645,2407152,2407152,1,1_hop,man,graph_box,1.0000,9,1,0,2,,375,500,"33.0,172.0,76.0,236.0"
5646,2361967,2361967,1,and,lid,graph_box,1.0000,15,1,0,3,,375,500,"114.0,16.0,312.0,111.0"
5647,2361967,2361967,1,2_hop,table,graph_box,1.0000,15,1,0,3,,375,500,"0.0,111.0,375.0,500.0"
5648,2361967,2361967,1,1_hop,table,graph_box,1.0000,15,1,0,2,,375,500,"0.0,111.0,375.0,500.0"
5649,2411812,2411812,1,2_hop,television,graph_box,1.0000,27,1,0,3,,500,282,"276.0,0.0,379.0,61.0"
5650,2411812,2411812,1,1_hop,television,graph_box,1.0000,27,1,0,2,,500,282,"276.0,0.0,379.0,61.0"
5651,2411812,2411812,1,0_hop,boxes,graph_box,1.0000,27,1,0,1,,500,282,"121.0,177.0,171.0,228.0"
5652,2340898,2340898,1,2_hop,mouse pad,graph_box,1.0000,8,1,0,3,,500,375,"260.0,301.0,373.0,374.0"
5653,2380939,2380939,1,2_hop,sandwich,graph_box,1.0000,12,1,0,3,,500,375,"162.0,101.0,376.0,278.0"
5654,2380939,2380939,1,1_hop,sandwich,graph_box,1.0000,12,1,0,2,,500,375,"162.0,101.0,376.0,278.0"
5655,2380939,2380939,1,0_hop,foil,graph_box,1.0000,12,1,0,1,,500,375,"116.0,98.0,498.0,333.0"
5656,2380939,2380939,1,1_hop,foil,graph_box,1.0000,12,1,0,2,,500,375,"116.0,98.0,498.0,333.0"
5657,2380939,2380939,1,2_hop,beef,graph_box,1.0000,12,1,0,3,,500,375,"188.0,147.0,366.0,268.0"
5658,2380939,2380939,1,and,beef,graph_box,1.0000,12,1,0,3,,500,375,"188.0,147.0,366.0,268.0"
5659,2351968,2351968,1,0_hop,cat,graph_box,1.0000,16,1,0,1,,500,375,"153.0,96.0,311.0,210.0"
5660,2351968,2351968,1,1_hop,cat,graph_box,1.0000,16,1,0,2,,500,375,"153.0,96.0,311.0,210.0"
5661,2372789,2372789,1,0_hop,beer bottle,graph_box,1.0000,7,1,0,1,,500,365,"90.0,51.0,423.0,148.0"
5662,2372789,2372789,1,1_hop,beer bottle,graph_box,1.0000,7,1,0,2,,500,365,"90.0,51.0,423.0,148.0"
5664,2356972,2356972,1,0_hop,laptop,graph_box,1.0000,14,1,0,1,,500,365,"42.0,141.0,219.0,303.0"
5665,2356972,2356972,1,2_hop,laptop,graph_box,1.0000,14,1,0,3,,500,365,"42.0,141.0,219.0,303.0"
5666,2334393,2334393,1,0_hop,car,graph_box,1.0000,43,1,0,1,,333,500,"90.0,337.0,236.0,451.0"
5667,2334393,2334393,1,2_hop,car,graph_box,1.0000,43,1,0,3,,333,500,"90.0,337.0,236.0,451.0"
5668,2334393,2334393,1,1_hop,car,graph_box,1.0000,43,1,0,2,,333,500,"90.0,337.0,236.0,451.0"
5669,2379404,2379404,1,0_hop,dog,graph_box,1.0000,20,1,0,1,,500,375,"210.0,105.0,494.0,366.0"
5670,2379404,2379404,1,1_hop,dog,graph_box,1.0000,20,1,0,2,,500,375,"210.0,105.0,494.0,366.0"
5671,2370438,2370438,1,0_hop,fence,graph_box,1.0000,15,1,0,1,,500,333,"1.0,11.0,128.0,320.0"
5673,2370438,2370438,1,and,fence,graph_box,1.0000,15,1,0,3,,500,333,"1.0,11.0,128.0,320.0"
5674,2370438,2370438,1,0_hop,door,graph_box,1.0000,15,1,0,1,,500,333,"425.0,122.0,473.0,293.0"
5676,2370438,2370438,1,and,door,graph_box,1.0000,15,1,0,3,,500,333,"425.0,122.0,473.0,293.0"
5679,2343048,2343048,1,and,table,graph_box,1.0000,20,1,0,3,,500,495,"399.0,237.0,500.0,428.0"
5680,2352122,2352122,1,0_hop,dog,graph_box,1.0000,9,1,0,1,,500,375,"305.0,182.0,399.0,291.0"
5681,2352122,2352122,1,2_hop,bench,graph_box,1.0000,9,1,0,3,,500,375,"67.0,140.0,437.0,266.0"
5682,2352122,2352122,1,1_hop,bench,graph_box,1.0000,9,1,0,2,,500,375,"67.0,140.0,437.0,266.0"
5684,2357756,2357756,1,0_hop,letters,graph_box,1.0000,19,1,0,1,,500,419,"85.0,9.0,265.0,55.0"
5685,2357756,2357756,1,and,man,graph_box,1.0000,19,1,0,3,,500,419,"194.0,61.0,405.0,336.0"
5686,2411389,2411389,1,0_hop,racket,graph_box,1.0000,13,1,0,1,,500,333,"347.0,51.0,446.0,75.0"
5687,2339490,2339490,1,and,man,graph_box,1.0000,14,1,0,3,,500,375,"123.0,42.0,260.0,321.0"
5688,2415723,2415723,1,0_hop,roadway,graph_box,1.0000,14,1,0,1,,500,375,"102.0,217.0,379.0,374.0"
5689,2408649,2408649,1,1_hop,player,graph_box,1.0000,25,1,0,2,,333,500,"164.0,188.0,254.0,361.0"
5690,2361594,2361594,1,1_hop,boy,graph_box,1.0000,24,1,0,2,,500,333,"360.0,1.0,413.0,131.0"
5691,2380466,2380466,2,0_hop,sign,graph_box,1.0000,13,3,2,1,,500,333,"136.0,148.0,230.0,232.0"
5692,2380466,2380466,2,2_hop,sign,graph_box,1.0000,13,3,2,3,,500,333,"136.0,148.0,230.0,232.0"
5695,2380464,2380464,1,2_hop,man,graph_box,1.0000,18,1,0,3,,500,375,"114.0,170.0,152.0,287.0"
5696,2375788,2375788,1,0_hop,bun,graph_box,1.0000,7,1,0,1,,500,500,"136.0,45.0,319.0,458.0"
5697,2375788,2375788,1,1_hop,bun,graph_box,1.0000,7,1,0,2,,500,500,"136.0,45.0,319.0,458.0"
5701,2366927,2366927,1,1_hop,horse,graph_box,1.0000,10,1,0,2,,500,335,"156.0,101.0,357.0,300.0"
5702,2403093,2403093,1,0_hop,platter,graph_box,1.0000,14,1,0,1,,500,360,"45.0,83.0,297.0,266.0"
5706,2391752,2391752,2,0_hop,umbrella,graph_box,1.0000,23,5,4,1,,500,375,"349.0,197.0,498.0,319.0"
5707,2391752,2391752,1,2_hop,wire,graph_box,1.0000,23,1,0,3,,500,375,"95.0,1.0,212.0,175.0"
5708,2334989,2334989,1,and,girl,graph_box,1.0000,14,1,0,3,,500,400,"178.0,124.0,258.0,322.0"
5713,2354057,2354057,2,2_hop,giraffe,graph_box,1.0000,19,5,4,3,,500,333,"86.0,110.0,130.0,224.0"
5714,2354057,2354057,2,and,giraffe,graph_box,1.0000,19,5,4,3,,500,333,"86.0,110.0,130.0,224.0"
5715,2350222,2350222,1,0_hop,bat,graph_box,1.0000,20,1,0,1,,380,500,"70.0,80.0,97.0,154.0"
5716,2365049,2365049,1,0_hop,bench,graph_box,1.0000,20,1,0,1,,500,333,"68.0,251.0,338.0,333.0"
5717,2406452,2406452,1,0_hop,table,graph_box,1.0000,18,1,0,1,,500,375,"319.0,108.0,420.0,181.0"
5718,2406452,2406452,1,0_hop,bed,graph_box,1.0000,18,1,0,1,,500,375,"0.0,174.0,499.0,374.0"
5720,2405496,2405496,1,0_hop,bush,graph_box,1.0000,14,1,0,1,,500,333,"149.0,0.0,465.0,117.0"
5721,2405496,2405496,1,1_hop,bush,graph_box,1.0000,14,1,0,2,,500,333,"149.0,0.0,465.0,117.0"
5723,2344157,2344157,1,and,trunk,objects_id_first,0.3515,12,1,0,3,,500,375,"15.3,153.7,112.9,365.4"
5724,2344157,2344157,1,0_hop,bench,graph_box,1.0000,12,1,0,1,,500,375,"199.0,264.0,273.0,312.0"
5726,2368771,2368771,1,1_hop,street,graph_box,1.0000,19,1,0,2,,500,375,"27.0,282.0,499.0,375.0"
5729,1159778,1159778,2,1_hop,oven,graph_box,1.0000,20,3,2,2,,1024,768,"238.0,542.0,498.0,768.0"
5731,1774,1774,1,0_hop,suitcase,graph_box,1.0000,12,1,0,1,,800,600,"209.0,412.0,283.0,486.0"
5732,1774,1774,1,0_hop,motorcycle,graph_box,1.0000,12,1,0,1,,800,600,"2.0,404.0,116.0,495.0"
5733,1592413,1592413,1,0_hop,camera,graph_box,1.0000,20,1,0,1,,1024,683,"75.0,39.0,429.0,547.0"
5738,2323700,2323700,1,0_hop,bathtub,graph_box,1.0000,22,1,0,1,,500,375,"127.0,222.0,399.0,375.0"
5740,2374435,2374435,1,0_hop,planter,graph_box,1.0000,25,1,0,1,,500,334,"0.0,294.0,49.0,334.0"
5741,2335053,2335053,1,1_hop,bench,graph_box,1.0000,13,1,0,2,,331,500,"91.0,100.0,212.0,171.0"
5742,2335053,2335053,2,1_hop,racket,graph_box,1.0000,13,2,1,2,,331,500,"67.0,306.0,131.0,468.0"
5746,2347983,2347983,1,2_hop,man,graph_box,1.0000,23,1,0,3,,333,500,"280.0,248.0,333.0,406.0"
5747,2347983,2347983,1,0_hop,bag,graph_box,1.0000,23,1,0,1,,333,500,"28.0,338.0,77.0,385.0"
5748,2347983,2347983,1,and,bag,graph_box,1.0000,23,1,0,3,,333,500,"28.0,338.0,77.0,385.0"
5749,2326965,2326965,1,0_hop,costume,graph_box,1.0000,8,1,0,1,,500,333,"231.0,133.0,444.0,312.0"
5750,2386979,2386979,1,0_hop,fence,graph_box,1.0000,26,1,0,1,,500,333,"2.0,3.0,500.0,67.0"
5751,2386979,2386979,1,1_hop,fence,objects_id_first,0.4160,26,1,0,2,,500,333,"72.9,4.3,289.6,70.7"
5753,2386629,2386629,1,2_hop,rocks,graph_box,1.0000,19,1,0,3,,500,334,"0.0,236.0,155.0,333.0"
5754,2386629,2386629,1,and,rocks,graph_box,1.0000,19,1,0,3,,500,334,"0.0,236.0,155.0,333.0"
5756,2333843,2333843,2,1_hop,sign,graph_box,1.0000,14,2,1,2,,500,500,"93.0,111.0,347.0,288.0"
5757,2333843,2333843,1,0_hop,building,graph_box,1.0000,14,1,0,1,,500,500,"66.0,0.0,499.0,499.0"
5758,2333843,2333843,1,2_hop,building,graph_box,1.0000,14,1,0,3,,500,500,"66.0,0.0,499.0,499.0"
5760,2333843,2333843,2,and,sign,graph_box,1.0000,14,2,1,3,,500,500,"219.0,317.0,246.0,469.0"
5762,2355633,2355633,1,2_hop,glass,graph_box,1.0000,17,1,0,3,,333,500,"198.0,236.0,243.0,311.0"
5763,2365908,2365908,1,0_hop,racket,graph_box,1.0000,12,1,0,1,,500,334,"217.0,67.0,271.0,121.0"
5765,2365908,2365908,2,1_hop,screen,graph_box,1.0000,12,1,0,2,,500,334,"182.0,57.0,500.0,201.0"
5766,2379723,2379723,1,0_hop,box,graph_box,1.0000,13,1,0,1,,500,375,"86.0,1.0,418.0,271.0"
5767,2395785,2395785,1,0_hop,fire hydrant,graph_box,1.0000,14,1,0,1,,500,375,"357.0,21.0,465.0,236.0"
5768,2395785,2395785,1,2_hop,fire hydrant,graph_box,1.0000,14,1,0,3,,500,375,"357.0,21.0,465.0,236.0"
5770,2381283,2381283,1,0_hop,building,graph_box,1.0000,18,1,0,1,,500,375,"0.0,0.0,341.0,261.0"
5772,2381283,2381283,2,2_hop,motorcycle,graph_box,1.0000,18,1,0,3,,500,375,"363.0,188.0,473.0,258.0"
5773,2381283,2381283,2,and,motorcycle,graph_box,1.0000,18,1,0,3,,500,375,"363.0,188.0,473.0,258.0"
5774,1159909,1159909,1,and,computer,graph_box,1.0000,18,1,0,3,,1024,768,"309.0,147.0,660.0,414.0"
5777,2317682,2317682,1,2_hop,ladder,graph_box,1.0000,15,1,0,3,,500,335,"351.0,116.0,428.0,211.0"
5778,2317682,2317682,1,and,ladder,graph_box,1.0000,15,1,0,3,,500,335,"351.0,116.0,428.0,211.0"
5779,2317682,2317682,1,2_hop,cockpit,graph_box,1.0000,15,1,0,3,,500,335,"296.0,114.0,386.0,188.0"
5780,2317682,2317682,1,1_hop,cockpit,graph_box,1.0000,15,1,0,2,,500,335,"296.0,114.0,386.0,188.0"
5781,2317682,2317682,1,0_hop,truck,graph_box,1.0000,15,1,0,1,,500,335,"9.0,150.0,119.0,211.0"
5783,2369019,2369019,2,1_hop,plant,graph_box,1.0000,17,2,1,2,,500,375,"476.0,0.0,500.0,165.0"
5785,2369019,2369019,1,0_hop,bird,graph_box,1.0000,17,1,0,1,,500,375,"84.0,133.0,310.0,371.0"
5786,2369019,2369019,1,and,bird,graph_box,1.0000,17,1,0,3,,500,375,"84.0,133.0,310.0,371.0"
5787,2369019,2369019,1,0_hop,desk,graph_box,1.0000,17,1,0,1,,500,375,"1.0,287.0,256.0,375.0"
5789,2316553,2316553,1,2_hop,train,graph_box,1.0000,24,1,0,3,,375,500,"1.0,187.0,282.0,420.0"
5790,2316553,2316553,1,and,train,graph_box,1.0000,24,1,0,3,,375,500,"1.0,187.0,282.0,420.0"
5791,2389735,2389735,1,0_hop,knife,objects_id_first,0.2815,12,1,0,1,,500,500,"426.6,115.7,466.5,221.3"
5792,2389735,2389735,1,2_hop,knife,graph_box,1.0000,12,1,0,3,,500,500,"428.0,116.0,490.0,346.0"
5793,2389735,2389735,1,0_hop,plate,graph_box,1.0000,12,1,0,1,,500,500,"0.0,142.0,356.0,491.0"
5794,2389735,2389735,1,and,plate,graph_box,1.0000,12,1,0,3,,500,500,"0.0,142.0,356.0,491.0"
5795,2389735,2389735,1,0_hop,spoon,graph_box,1.0000,12,1,0,1,,500,500,"456.0,122.0,499.0,357.0"
5796,2389735,2389735,1,2_hop,spoon,graph_box,1.0000,12,1,0,3,,500,500,"456.0,122.0,499.0,357.0"
5797,2390522,2390522,1,0_hop,house,graph_box,1.0000,10,1,0,1,,500,333,"1.0,166.0,85.0,332.0"
5798,2390522,2390522,1,2_hop,house,graph_box,1.0000,10,1,0,3,,500,333,"1.0,166.0,85.0,332.0"
5799,2346007,2346007,1,0_hop,post,graph_box,1.0000,21,1,0,1,,500,331,"105.0,0.0,150.0,143.0"
5800,2345076,2345076,1,2_hop,fork,graph_box,1.0000,14,1,0,3,,500,333,"205.0,0.0,246.0,70.0"
5801,2345076,2345076,1,1_hop,fork,graph_box,1.0000,14,1,0,2,,500,333,"205.0,0.0,246.0,70.0"
5802,2345076,2345076,1,2_hop,receipt,graph_box,1.0000,14,1,0,3,,500,333,"381.0,51.0,463.0,83.0"
5803,2393067,2393067,1,0_hop,lion,graph_box,1.0000,10,1,0,1,,500,333,"219.0,141.0,283.0,195.0"
5804,2318041,2318041,2,1_hop,phone,graph_box,1.0000,17,2,1,2,,357,500,"223.0,261.0,285.0,345.0"
5805,2371628,2371628,1,and,horse,graph_box,1.0000,17,1,0,3,,500,500,"27.0,320.0,160.0,389.0"
5809,2331684,2331684,1,0_hop,post,graph_box,1.0000,9,1,0,1,,500,331,"295.0,7.0,500.0,63.0"
5810,2356383,2356383,2,1_hop,sign,graph_box,1.0000,16,4,3,2,,500,375,"293.0,104.0,409.0,134.0"
5811,2350861,2350861,1,1_hop,bike,graph_box,1.0000,21,1,0,2,,500,375,"269.0,201.0,468.0,340.0"
5813,2339026,2339026,2,1_hop,man,graph_box,1.0000,17,3,2,2,,500,334,"326.0,44.0,500.0,332.0"
5814,2382462,2382462,1,0_hop,truck,graph_box,1.0000,17,1,0,1,,500,332,"71.0,83.0,455.0,281.0"
5815,2382462,2382462,1,1_hop,truck,graph_box,1.0000,17,1,0,2,,500,332,"71.0,83.0,455.0,281.0"
5816,2382462,2382462,1,0_hop,door,graph_box,1.0000,17,1,0,1,,500,332,"354.0,126.0,444.0,233.0"
5819,2411178,2411178,1,2_hop,screen,graph_box,1.0000,11,1,0,3,,374,500,"325.0,219.0,373.0,277.0"
5820,2411178,2411178,1,and,screen,graph_box,1.0000,11,1,0,3,,374,500,"325.0,219.0,373.0,277.0"
5821,2366223,2366223,1,2_hop,animal,graph_box,1.0000,16,1,0,3,,500,375,"15.0,7.0,423.0,361.0"
5822,2411502,2411502,1,0_hop,pole,graph_box,1.0000,15,1,0,1,,500,375,"223.0,221.0,238.0,374.0"
5823,2411502,2411502,1,2_hop,pole,graph_box,1.0000,15,1,0,3,,500,375,"223.0,221.0,238.0,374.0"
5824,2411502,2411502,1,2_hop,roof,graph_box,1.0000,15,1,0,3,,500,375,"0.0,308.0,260.0,374.0"
5825,2411502,2411502,1,1_hop,roof,graph_box,1.0000,15,1,0,2,,500,375,"0.0,308.0,260.0,374.0"
5826,2411503,2411503,1,0_hop,keyboard,graph_box,1.0000,18,1,0,1,,500,375,"0.0,146.0,385.0,297.0"
5827,2411509,2411509,2,0_hop,building,graph_box,1.0000,27,2,1,1,,500,375,"255.0,9.0,499.0,107.0"
5828,2351381,2351381,1,2_hop,helmet,graph_box,1.0000,17,1,0,3,,500,332,"188.0,119.0,245.0,154.0"
5829,2351381,2351381,1,2_hop,batter,graph_box,1.0000,17,1,0,3,,500,332,"359.0,12.0,485.0,255.0"
5830,2358716,2358716,1,1_hop,house,graph_box,1.0000,12,1,0,2,,500,375,"0.0,61.0,175.0,192.0"
5833,2379457,2379457,1,0_hop,bed,graph_box,1.0000,16,1,0,1,,500,375,"105.0,177.0,441.0,374.0"
5834,2341391,2341391,1,0_hop,skateboard,graph_box,1.0000,9,1,0,1,,500,334,"126.0,231.0,182.0,333.0"
5835,2341391,2341391,1,1_hop,skateboard,graph_box,1.0000,9,1,0,2,,500,334,"126.0,231.0,182.0,333.0"
5836,2406152,2406152,1,2_hop,carpet,objects_id_first,0.1617,12,1,0,3,,375,500,"0.8,296.4,350.5,498.1"
5837,2406152,2406152,1,2_hop,bed,graph_box,1.0000,12,1,0,3,,375,500,"107.0,26.0,352.0,446.0"
5838,2406152,2406152,1,and,bed,graph_box,1.0000,12,1,0,3,,375,500,"107.0,26.0,352.0,446.0"
5839,2406152,2406152,1,0_hop,computer desk,graph_box,1.0000,12,1,0,1,,375,500,"13.0,71.0,153.0,279.0"
5840,2406152,2406152,1,2_hop,computer desk,graph_box,1.0000,12,1,0,3,,375,500,"13.0,71.0,153.0,279.0"
5841,2406158,2406158,1,1_hop,man,graph_box,1.0000,14,1,0,2,,500,333,"244.0,43.0,351.0,120.0"
5842,2397556,2397556,1,0_hop,bush,objects_id_first,0.2757,17,1,0,1,,500,333,"11.0,0.4,254.3,54.6"
5844,2409066,2409066,1,and,bed,graph_box,1.0000,13,1,0,3,,333,500,"0.0,328.0,332.0,497.0"
5845,2320395,2320395,1,2_hop,paper,graph_box,1.0000,12,1,0,3,,500,500,"0.0,394.0,322.0,479.0"
5846,2320395,2320395,1,1_hop,paper,graph_box,1.0000,12,1,0,2,,500,500,"0.0,394.0,322.0,479.0"
5847,2414272,2414272,1,0_hop,cord,graph_box,1.0000,13,1,0,1,,500,500,"182.0,293.0,266.0,350.0"
5849,2380137,2380137,1,2_hop,statue,graph_box,1.0000,9,1,0,3,,500,333,"1.0,0.0,285.0,333.0"
5852,2395374,2395374,3,2_hop,traffic light,graph_box,1.0000,23,2,1,3,,500,375,"137.0,76.0,172.0,133.0"
5853,2356442,2356442,1,0_hop,desk,graph_box,1.0000,14,1,0,1,,337,500,"85.0,218.0,284.0,477.0"
5854,2356442,2356442,1,1_hop,desk,graph_box,1.0000,14,1,0,2,,337,500,"85.0,218.0,284.0,477.0"
5855,2319006,2319006,2,2_hop,plant,graph_box,1.0000,31,2,1,3,,500,375,"0.0,105.0,87.0,290.0"
5856,2319006,2319006,2,and,plant,graph_box,1.0000,31,2,1,3,,500,375,"0.0,105.0,87.0,290.0"
5857,2365923,2365923,1,2_hop,woman,graph_box,1.0000,15,1,0,3,,500,375,"55.0,25.0,228.0,373.0"
5858,2365923,2365923,1,and,woman,graph_box,1.0000,15,1,0,3,,500,375,"55.0,25.0,228.0,373.0"
5859,2416520,2416520,1,0_hop,bucket,graph_box,1.0000,10,1,0,1,,332,500,"260.0,315.0,330.0,444.0"
5861,2381612,2381612,2,2_hop,kite,graph_box,1.0000,13,2,1,3,,500,375,"353.0,265.0,455.0,341.0"
5862,2381612,2381612,2,and,kite,graph_box,1.0000,13,2,1,3,,500,375,"353.0,265.0,455.0,341.0"
5863,2398211,2398211,1,2_hop,remote control,graph_box,1.0000,27,1,0,3,,375,500,"72.0,215.0,184.0,335.0"
5864,2897,2897,1,1_hop,building,graph_box,1.0000,16,1,0,2,,800,600,"459.0,0.0,800.0,314.0"
5865,2890,2890,1,1_hop,post,graph_box,1.0000,17,1,0,2,,800,600,"293.0,59.0,318.0,303.0"
5866,2380691,2380691,1,1_hop,man,graph_box,1.0000,10,1,0,2,,500,333,"141.0,78.0,369.0,333.0"
5868,2409909,2409909,2,1_hop,bus,graph_box,1.0000,25,2,1,2,,500,332,"0.0,202.0,111.0,249.0"
5869,2417463,2417463,2,2_hop,tree,graph_box,1.0000,12,2,1,3,,500,338,"468.0,40.0,499.0,132.0"
5870,2417463,2417463,2,and,tree,graph_box,1.0000,12,2,1,3,,500,338,"468.0,40.0,499.0,132.0"
5871,2417463,2417463,1,and,house,graph_box,1.0000,12,1,0,3,,500,338,"0.0,0.0,231.0,188.0"
5872,2417463,2417463,1,0_hop,hat,graph_box,1.0000,12,1,0,1,,500,338,"305.0,44.0,359.0,84.0"
5873,2417463,2417463,1,1_hop,hat,graph_box,1.0000,12,1,0,2,,500,338,"305.0,44.0,359.0,84.0"
5874,2410202,2410202,1,1_hop,racket,graph_box,1.0000,12,1,0,2,,500,400,"45.0,9.0,147.0,72.0"
5875,2370009,2370009,1,2_hop,door,objects_id_first,0.4314,17,1,0,3,,500,117,"345.5,62.2,404.0,99.4"
5876,2330311,2330311,1,0_hop,couch,graph_box,1.0000,23,1,0,1,,500,375,"89.0,44.0,346.0,147.0"
5877,2335246,2335246,1,0_hop,table,graph_box,1.0000,6,1,0,1,,431,500,"0.0,192.0,430.0,500.0"
5878,2329528,2329528,1,0_hop,net,graph_box,1.0000,18,1,0,1,,500,375,"229.0,130.0,292.0,187.0"
5879,2329528,2329528,1,2_hop,net,graph_box,1.0000,18,1,0,3,,500,375,"229.0,130.0,292.0,187.0"
5880,2365005,2365005,1,1_hop,building,graph_box,1.0000,13,1,0,2,,500,334,"4.0,142.0,144.0,222.0"
5881,2333498,2333498,1,0_hop,truck,graph_box,1.0000,16,1,0,1,,500,314,"306.0,25.0,501.0,232.0"
5882,2333498,2333498,1,1_hop,building,graph_box,1.0000,16,1,0,2,,500,314,"160.0,1.0,302.0,82.0"
5883,2383551,2383551,2,1_hop,man,graph_box,1.0000,20,2,1,2,,500,375,"255.0,125.0,453.0,374.0"
5884,2368098,2368098,1,0_hop,seat,graph_box,1.0000,10,1,0,1,,500,375,"87.0,62.0,188.0,140.0"
5885,2319412,2319412,1,0_hop,knife,graph_box,1.0000,3,1,0,1,,500,333,"146.0,35.0,400.0,333.0"
5886,2412552,2412552,1,1_hop,fire hydrant,graph_box,1.0000,25,1,0,2,,375,500,"163.0,308.0,208.0,383.0"
5888,2335410,2335410,1,0_hop,headboard,graph_box,1.0000,11,1,0,1,,500,333,"388.0,107.0,501.0,236.0"
5889,2335410,2335410,1,2_hop,headboard,graph_box,1.0000,11,1,0,3,,500,333,"388.0,107.0,501.0,236.0"
5890,2380112,2380112,1,2_hop,crane,graph_box,1.0000,18,1,0,3,,500,333,"241.0,52.0,383.0,121.0"
5891,2380112,2380112,1,2_hop,roadway,graph_box,1.0000,18,1,0,3,,500,333,"24.0,204.0,403.0,331.0"
5892,2379960,2379960,1,and,boy,graph_box,1.0000,11,1,0,3,,500,333,"201.0,50.0,420.0,333.0"
5893,2416294,2416294,1,0_hop,brush,graph_box,1.0000,32,1,0,1,,500,500,"59.0,443.0,141.0,492.0"
5894,2396663,2396663,1,1_hop,man,graph_box,1.0000,20,1,0,2,,500,333,"297.0,100.0,380.0,328.0"
5895,2396663,2396663,2,0_hop,fence,graph_box,1.0000,20,1,0,1,,500,333,"293.0,1.0,501.0,153.0"
5896,2325019,2325019,2,2_hop,plate,graph_box,1.0000,17,2,1,3,,500,332,"0.0,191.0,33.0,284.0"
5898,2355417,2355417,2,1_hop,suitcase,graph_box,1.0000,13,2,1,2,,500,375,"78.0,174.0,350.0,355.0"
5899,2320511,2320511,1,0_hop,camera,graph_box,1.0000,8,1,0,1,,500,239,"325.0,43.0,401.0,87.0"
5900,2369278,2369278,2,2_hop,television,graph_box,1.0000,18,2,1,3,,500,375,"3.0,1.0,242.0,145.0"
5901,2369278,2369278,2,1_hop,television,graph_box,1.0000,18,2,1,2,,500,375,"3.0,1.0,242.0,145.0"
5902,2362264,2362264,1,2_hop,donut,objects_id_first,0.4967,7,1,0,3,,500,375,"206.0,164.0,439.0,360.0"
5903,2362264,2362264,1,1_hop,donut,graph_box,1.0000,7,1,0,2,,500,375,"253.0,160.0,388.0,334.0"
5906,2334458,2334458,1,0_hop,chair,graph_box,1.0000,14,1,0,1,,500,374,"146.0,110.0,265.0,193.0"
5908,2357907,2357907,1,0_hop,hat,objects_id_first,0.2996,8,1,0,1,,500,333,"157.5,53.4,189.0,86.7"
5910,2391642,2391642,2,0_hop,bowl,graph_box,1.0000,15,2,1,1,,500,331,"205.0,293.0,339.0,330.0"
5913,2329846,2329846,1,0_hop,vase,objects_id_first,0.2310,23,1,0,1,,500,375,"285.2,114.6,352.8,264.5"
5914,2329846,2329846,1,2_hop,vase,graph_box,1.0000,23,1,0,3,,500,375,"302.0,192.0,335.0,263.0"
5915,2329846,2329846,1,and,vase,objects_id_first,0.2321,23,1,0,3,,500,375,"285.4,114.5,352.7,264.5"
5918,2388666,2388666,1,0_hop,table,graph_box,1.0000,10,1,0,1,,500,409,"0.0,150.0,499.0,408.0"
5919,2388666,2388666,1,0_hop,cake,graph_box,1.0000,10,1,0,1,,500,409,"213.0,42.0,483.0,197.0"
5920,2388666,2388666,2,1_hop,cake,objects_id_first,0.0000,10,1,0,2,,500,409,"70.0,219.0,274.0,376.0"
5921,2388666,2388666,1,0_hop,door,graph_box,1.0000,10,1,0,1,,500,409,"132.0,0.0,487.0,163.0"
5922,2388666,2388666,2,0_hop,cup,graph_box,1.0000,10,3,2,1,,500,409,"0.0,171.0,24.0,301.0"
5923,21,21,1,1_hop,girl,graph_box,1.0000,15,1,0,2,,256,256,"100.0,95.0,175.0,211.0"
5924,21,21,1,1_hop,woman,graph_box,1.0000,15,1,0,2,,256,256,"0.0,0.0,191.0,247.0"
5925,2372977,2372977,1,0_hop,tree,graph_box,1.0000,15,1,0,1,,500,334,"0.0,0.0,500.0,240.0"
5926,2372977,2372977,2,0_hop,pole,graph_box,1.0000,15,2,1,1,,500,334,"189.0,112.0,223.0,218.0"
5927,1066,1066,1,0_hop,desk,graph_box,1.0000,11,1,0,1,,640,480,"380.0,263.0,581.0,345.0"
5928,1066,1066,1,2_hop,desk,graph_box,1.0000,11,1,0,3,,640,480,"380.0,263.0,581.0,345.0"
5929,2375014,2375014,1,and,keyboard,graph_box,1.0000,12,1,0,3,,500,375,"398.0,73.0,499.0,216.0"
5930,2375014,2375014,1,1_hop,cards,graph_box,1.0000,12,1,0,2,,500,375,"445.0,10.0,498.0,77.0"
5932,2364954,2364954,2,2_hop,door,graph_box,1.0000,12,1,0,3,,331,500,"91.0,101.0,154.0,496.0"
5933,2364954,2364954,2,1_hop,door,graph_box,1.0000,12,1,0,2,,331,500,"91.0,101.0,154.0,496.0"
5934,2361212,2361212,1,0_hop,plate,graph_box,1.0000,13,1,0,1,,500,375,"428.0,5.0,498.0,205.0"
5935,2361212,2361212,1,2_hop,plate,graph_box,1.0000,13,1,0,3,,500,375,"428.0,5.0,498.0,205.0"
5936,2336990,2336990,1,0_hop,pitcher,graph_box,1.0000,27,1,0,1,,500,335,"240.0,132.0,295.0,208.0"
5937,2336990,2336990,1,2_hop,pitcher,graph_box,1.0000,27,1,0,3,,500,335,"240.0,132.0,295.0,208.0"
5942,2338335,2338335,1,and,girl,graph_box,1.0000,23,1,0,3,,500,375,"288.0,104.0,499.0,375.0"
5944,2389990,2389990,1,1_hop,cabinet,graph_box,1.0000,17,1,0,2,,333,500,"237.0,73.0,309.0,210.0"
5945,2389990,2389990,1,0_hop,stove,graph_box,0.9623,17,1,0,1,,333,500,"113.5,234.9,236.1,418.0"
5948,2390094,2390094,2,2_hop,trunk,graph_box,1.0000,27,2,1,3,,500,332,"215.0,36.0,264.0,272.0"
5949,2390094,2390094,2,and,trunk,graph_box,1.0000,27,2,1,3,,500,332,"215.0,36.0,264.0,272.0"
5950,1159289,1159289,2,2_hop,books,graph_box,1.0000,23,3,2,3,,800,600,"37.0,534.0,150.0,589.0"
5952,2327476,2327476,1,2_hop,drink,graph_box,1.0000,22,1,0,3,,500,500,"101.0,282.0,193.0,384.0"
5953,2327476,2327476,1,1_hop,drink,graph_box,1.0000,22,1,0,2,,500,500,"101.0,282.0,193.0,384.0"
5954,2327476,2327476,1,and,man,graph_box,1.0000,22,1,0,3,,500,500,"261.0,39.0,437.0,241.0"
5955,2346877,2346877,2,0_hop,horse,graph_box,1.0000,21,2,1,1,,500,281,"299.0,88.0,405.0,142.0"
5957,2376280,2376280,1,2_hop,bear,graph_box,1.0000,16,1,0,3,,500,327,"33.0,134.0,163.0,326.0"
5958,2345833,2345833,1,0_hop,man,graph_box,1.0000,8,1,0,1,,333,500,"89.0,168.0,216.0,360.0"
5959,2345833,2345833,1,and,man,graph_box,1.0000,8,1,0,3,,333,500,"89.0,168.0,216.0,360.0"
5960,2378533,2378533,1,2_hop,woman,graph_box,1.0000,19,1,0,3,,500,293,"144.0,131.0,181.0,227.0"
5961,2359444,2359444,2,0_hop,tree trunk,graph_box,1.0000,14,1,0,1,,500,334,"360.0,2.0,393.0,211.0"
5962,2334271,2334271,1,0_hop,bike,graph_box,1.0000,8,1,0,1,,500,333,"98.0,124.0,339.0,283.0"
5963,2326908,2326908,2,2_hop,man,graph_box,0.9808,16,1,0,3,,500,332,"239.1,68.6,368.1,303.1"
5964,2365776,2365776,1,1_hop,buildings,graph_box,1.0000,22,1,0,2,,500,500,"0.0,229.0,189.0,380.0"
5965,2365776,2365776,2,1_hop,pole,graph_box,1.0000,22,2,1,2,,500,500,"212.0,9.0,234.0,483.0"
5966,2396640,2396640,1,0_hop,keyboard,graph_box,1.0000,7,1,0,1,,500,333,"289.0,140.0,499.0,332.0"
5968,4447,4447,1,0_hop,car,graph_box,1.0000,25,1,0,1,,534,800,"259.0,571.0,343.0,629.0"
5969,2356402,2356402,2,and,man,graph_box,1.0000,31,3,2,3,,500,375,"426.0,49.0,498.0,192.0"
5970,2410436,2410436,1,2_hop,egg,graph_box,1.0000,19,1,0,3,,500,375,"295.0,128.0,382.0,208.0"
5971,2410436,2410436,1,2_hop,breakfast,graph_box,1.0000,19,1,0,3,,500,375,"106.0,104.0,399.0,312.0"
5972,2410436,2410436,1,0_hop,wristwatch,graph_box,1.0000,19,1,0,1,,500,375,"9.0,287.0,87.0,350.0"
5973,2410436,2410436,1,and,wristwatch,graph_box,1.0000,19,1,0,3,,500,375,"9.0,287.0,87.0,350.0"
5975,2365969,2365969,3,2_hop,blanket,graph_box,1.0000,24,2,1,3,,500,375,"249.0,116.0,357.0,238.0"
5976,2365969,2365969,2,1_hop,horse,graph_box,1.0000,24,2,1,2,,500,375,"250.0,87.0,371.0,297.0"
5978,2365969,2365969,3,2_hop,blanket,graph_box,1.0000,24,2,1,3,,500,375,"392.0,126.0,497.0,206.0"
5979,2415105,2415105,1,0_hop,laptop,graph_box,1.0000,15,1,0,1,,281,500,"46.0,241.0,143.0,318.0"
5980,2336858,2336858,1,2_hop,bag,graph_box,1.0000,23,1,0,3,,375,500,"232.0,187.0,295.0,244.0"
5981,2336858,2336858,1,and,bag,graph_box,1.0000,23,1,0,3,,375,500,"232.0,187.0,295.0,244.0"
5982,2340541,2340541,1,2_hop,bag,graph_box,1.0000,22,1,0,3,,500,334,"199.0,158.0,311.0,238.0"
5983,2347615,2347615,2,2_hop,catcher,graph_box,0.9436,18,1,0,3,,500,343,"211.4,120.5,284.6,225.3"
5984,2322371,2322371,1,0_hop,headboard,graph_box,1.0000,18,1,0,1,,500,375,"239.0,104.0,492.0,290.0"
5985,2322371,2322371,1,and,headboard,graph_box,1.0000,18,1,0,3,,500,375,"239.0,104.0,492.0,290.0"
5986,2322371,2322371,1,and,man,graph_box,1.0000,18,1,0,3,,500,375,"234.0,59.0,319.0,179.0"
5987,2358556,2358556,1,0_hop,sign,graph_box,1.0000,20,1,0,1,,500,375,"102.0,82.0,264.0,115.0"
5988,2358556,2358556,1,0_hop,windshield,graph_box,1.0000,20,1,0,1,,500,375,"75.0,180.0,142.0,263.0"
5989,2369983,2369983,1,2_hop,backpack,graph_box,1.0000,9,1,0,3,,500,375,"224.0,116.0,279.0,180.0"
5990,2369983,2369983,1,1_hop,backpack,graph_box,1.0000,9,1,0,2,,500,375,"224.0,116.0,279.0,180.0"
5991,2367473,2367473,1,0_hop,player,graph_box,1.0000,21,1,0,1,,500,333,"80.0,0.0,286.0,279.0"
5993,2344431,2344431,1,2_hop,magazines,graph_box,1.0000,20,1,0,3,,500,333,"414.0,255.0,492.0,279.0"
5994,2344431,2344431,1,1_hop,magazines,objects_id_first,0.2836,20,1,0,2,,500,333,"383.0,222.6,495.2,281.5"
5996,2344431,2344431,1,2_hop,gas stove,objects_id_first,0.2923,20,1,0,3,,500,333,"40.0,239.2,182.6,331.0"
5997,2327223,2327223,1,and,picture,graph_box,1.0000,16,1,0,3,,500,332,"354.0,165.0,391.0,213.0"
5999,2397563,2397563,1,0_hop,mattress,graph_box,1.0000,12,1,0,1,,302,500,"191.0,200.0,301.0,335.0"
6001,2391420,2391420,1,0_hop,container,graph_box,1.0000,7,1,0,1,,500,333,"280.0,186.0,330.0,274.0"
6002,2391420,2391420,1,and,container,graph_box,1.0000,7,1,0,3,,500,333,"280.0,186.0,330.0,274.0"
6003,2391420,2391420,1,and,wristwatch,graph_box,1.0000,7,1,0,3,,500,333,"222.0,179.0,278.0,295.0"
6004,2335755,2335755,1,0_hop,tower,graph_box,1.0000,17,1,0,1,,333,500,"36.0,40.0,195.0,445.0"
6005,2335755,2335755,1,1_hop,tower,graph_box,1.0000,17,1,0,2,,333,500,"36.0,40.0,195.0,445.0"
6006,2335755,2335755,2,1_hop,tree,graph_box,1.0000,17,2,1,2,,333,500,"294.0,264.0,331.0,437.0"
6011,2350808,2350808,1,0_hop,surfboard,graph_box,1.0000,10,1,0,1,,500,374,"58.0,292.0,281.0,351.0"
6012,2356678,2356678,1,0_hop,pipes,graph_box,1.0000,13,1,0,1,,500,375,"354.0,154.0,439.0,236.0"
6013,2356678,2356678,1,2_hop,pipes,graph_box,1.0000,13,1,0,3,,500,375,"354.0,154.0,439.0,236.0"
6014,2356678,2356678,1,1_hop,pipes,graph_box,1.0000,13,1,0,2,,500,375,"354.0,154.0,439.0,236.0"
6015,2417844,2417844,1,2_hop,paper,graph_box,1.0000,10,1,0,3,,318,500,"0.0,206.0,318.0,501.0"
6016,2417844,2417844,1,1_hop,paper,graph_box,1.0000,10,1,0,2,,318,500,"0.0,206.0,318.0,501.0"
6020,2384431,2384431,2,and,man,graph_box,1.0000,13,2,1,3,,334,500,"101.0,129.0,215.0,426.0"
6021,2407398,2407398,2,0_hop,cake,graph_box,1.0000,20,2,1,1,,500,331,"298.0,160.0,456.0,257.0"
6025,2368926,2368926,1,0_hop,surfboard,graph_box,1.0000,18,1,0,1,,333,500,"42.0,156.0,214.0,297.0"
6026,2350328,2350328,1,2_hop,bathtub,graph_box,1.0000,9,1,0,3,,500,375,"0.0,220.0,129.0,376.0"
6028,2357446,2357446,1,2_hop,napkin,objects_id_first,0.0188,12,1,0,3,,500,375,"0.8,84.7,499.1,371.9"
6029,2357446,2357446,1,0_hop,plate,graph_box,1.0000,12,1,0,1,,500,375,"31.0,28.0,484.0,358.0"
6030,2357446,2357446,1,2_hop,plate,graph_box,1.0000,12,1,0,3,,500,375,"31.0,28.0,484.0,358.0"
6031,2357446,2357446,1,and,plate,graph_box,1.0000,12,1,0,3,,500,375,"31.0,28.0,484.0,358.0"
6032,2357446,2357446,1,0_hop,spoon,graph_box,1.0000,12,1,0,1,,500,375,"0.0,183.0,123.0,374.0"
6033,2357446,2357446,1,2_hop,spoon,graph_box,1.0000,12,1,0,3,,500,375,"0.0,183.0,123.0,374.0"
6034,2357446,2357446,1,and,spoon,graph_box,1.0000,12,1,0,3,,500,375,"0.0,183.0,123.0,374.0"
6035,2409884,2409884,2,0_hop,man,graph_box,1.0000,16,2,1,1,,375,500,"93.0,262.0,144.0,333.0"
6036,2409884,2409884,2,1_hop,man,graph_box,1.0000,16,2,1,2,,375,500,"93.0,262.0,144.0,333.0"
6037,2409884,2409884,1,2_hop,truck,graph_box,1.0000,16,1,0,3,,375,500,"0.0,259.0,334.0,336.0"
6038,2409884,2409884,1,1_hop,truck,objects_id_first,0.1916,16,1,0,2,,375,500,"250.0,267.8,374.6,332.4"
6039,2401576,2401576,1,2_hop,screen,graph_box,1.0000,13,1,0,3,,500,333,"290.0,109.0,448.0,208.0"
6040,2401576,2401576,1,1_hop,paper,graph_box,1.0000,13,1,0,2,,500,333,"413.0,54.0,495.0,132.0"
6041,2401576,2401576,1,0_hop,desk,graph_box,1.0000,13,1,0,1,,500,333,"1.0,178.0,499.0,332.0"
6042,2401576,2401576,1,2_hop,desk,graph_box,1.0000,13,1,0,3,,500,333,"1.0,178.0,499.0,332.0"
6043,2401576,2401576,1,1_hop,desk,graph_box,1.0000,13,1,0,2,,500,333,"1.0,178.0,499.0,332.0"
6044,2409770,2409770,1,0_hop,mustard,graph_box,1.0000,9,1,0,1,,500,333,"168.0,90.0,236.0,246.0"
6045,2409770,2409770,1,1_hop,mustard,graph_box,1.0000,9,1,0,2,,500,333,"168.0,90.0,236.0,246.0"
6046,2354794,2354794,1,0_hop,frisbee,graph_box,1.0000,12,1,0,1,,484,500,"209.0,208.0,271.0,263.0"
6047,2366978,2366978,1,0_hop,horse,graph_box,1.0000,17,1,0,1,,500,333,"111.0,48.0,483.0,249.0"
6048,2391564,2391564,2,and,scooter,graph_box,1.0000,17,3,2,3,,500,375,"83.0,231.0,174.0,314.0"
6049,2391564,2391564,1,2_hop,tree,graph_box,1.0000,17,1,0,3,,500,375,"153.0,35.0,283.0,287.0"
6050,2391564,2391564,2,and,building,graph_box,1.0000,17,2,1,3,,500,375,"271.0,1.0,499.0,265.0"
6051,2414298,2414298,1,2_hop,luggage cart,graph_box,1.0000,16,1,0,3,,500,375,"241.0,110.0,338.0,172.0"
6053,2322571,2322571,1,1_hop,woman,graph_box,1.0000,15,1,0,2,,500,333,"375.0,71.0,499.0,317.0"
6054,2401760,2401760,1,0_hop,faucet,graph_box,1.0000,12,1,0,1,,500,375,"237.0,9.0,280.0,112.0"
6055,2401760,2401760,1,1_hop,faucet,graph_box,1.0000,12,1,0,2,,500,375,"237.0,9.0,280.0,112.0"
6056,2342697,2342697,1,0_hop,mask,graph_box,1.0000,12,1,0,1,,500,222,"246.0,36.0,353.0,156.0"
6057,2342697,2342697,1,and,mask,graph_box,1.0000,12,1,0,3,,500,222,"246.0,36.0,353.0,156.0"
6058,2383983,2383983,1,2_hop,seat,graph_box,1.0000,11,1,0,3,,375,500,"58.0,280.0,292.0,488.0"
6059,2376058,2376058,2,and,picture,graph_box,1.0000,9,1,0,3,,375,500,"247.0,123.0,351.0,227.0"
6060,2372240,2372240,1,0_hop,tower,graph_box,1.0000,10,1,0,1,,333,500,"82.0,15.0,264.0,500.0"
6061,2372240,2372240,1,1_hop,tower,graph_box,1.0000,10,1,0,2,,333,500,"82.0,15.0,264.0,500.0"
6062,2335779,2335779,1,2_hop,can,graph_box,1.0000,16,1,0,3,,352,500,"36.0,309.0,104.0,499.0"
6063,2335779,2335779,1,0_hop,seat,graph_box,1.0000,16,1,0,1,,352,500,"107.0,358.0,169.0,427.0"
6064,2335779,2335779,1,2_hop,seat,graph_box,1.0000,16,1,0,3,,352,500,"107.0,358.0,169.0,427.0"
6065,2335779,2335779,1,and,seat,graph_box,1.0000,16,1,0,3,,352,500,"107.0,358.0,169.0,427.0"
6066,2374988,2374988,2,0_hop,ring,graph_box,1.0000,8,1,0,1,,500,347,"0.0,69.0,78.0,296.0"
6067,2374988,2374988,1,1_hop,ring,graph_box,1.0000,8,1,0,2,,500,347,"0.0,69.0,78.0,296.0"
6068,2374187,2374187,1,0_hop,figure,graph_box,1.0000,16,1,0,1,,500,333,"448.0,5.0,493.0,54.0"
6069,2374187,2374187,1,2_hop,meat,graph_box,1.0000,16,1,0,3,,500,333,"195.0,200.0,274.0,239.0"
6070,2317272,2317272,1,0_hop,bench,graph_box,1.0000,14,1,0,1,,500,332,"40.0,153.0,275.0,316.0"
6071,2403854,2403854,2,and,cow,graph_box,1.0000,12,2,1,3,,500,375,"103.0,131.0,440.0,334.0"
6072,2403854,2403854,1,2_hop,bucket,graph_box,1.0000,12,1,0,3,,500,375,"0.0,221.0,52.0,282.0"
6073,2336604,2336604,1,0_hop,elephant,graph_box,1.0000,12,1,0,1,,500,375,"204.0,57.0,446.0,375.0"
6074,2336604,2336604,1,1_hop,elephant,graph_box,1.0000,12,1,0,2,,500,375,"204.0,57.0,446.0,375.0"
6075,2387720,2387720,1,and,glass,graph_box,1.0000,7,1,0,3,,500,375,"421.0,66.0,500.0,207.0"
6076,2387720,2387720,1,0_hop,fork,graph_box,1.0000,7,1,0,1,,500,375,"0.0,60.0,83.0,265.0"
6077,2387720,2387720,1,2_hop,fork,graph_box,1.0000,7,1,0,3,,500,375,"0.0,60.0,83.0,265.0"
6078,2387720,2387720,1,and,fork,graph_box,1.0000,7,1,0,3,,500,375,"0.0,60.0,83.0,265.0"
6079,2339600,2339600,1,1_hop,lid,graph_box,1.0000,9,1,0,2,,500,375,"370.0,129.0,449.0,168.0"
6081,2362708,2362708,1,2_hop,man,graph_box,1.0000,15,1,0,3,,500,375,"118.0,181.0,150.0,278.0"
6082,2354528,2354528,1,0_hop,fire hydrant,graph_box,1.0000,19,1,0,1,,500,437,"433.0,321.0,470.0,430.0"
6083,2372032,2372032,1,0_hop,skateboard,graph_box,1.0000,15,1,0,1,,500,500,"176.0,375.0,292.0,462.0"
6084,2372032,2372032,1,2_hop,skateboard,graph_box,1.0000,15,1,0,3,,500,500,"176.0,375.0,292.0,462.0"
6085,2372032,2372032,1,1_hop,skateboard,graph_box,1.0000,15,1,0,2,,500,500,"176.0,375.0,292.0,462.0"
6086,2398351,2398351,1,0_hop,player,graph_box,1.0000,12,1,0,1,,400,255,"40.0,49.0,362.0,255.0"
6087,2398351,2398351,1,and,player,graph_box,1.0000,12,1,0,3,,400,255,"40.0,49.0,362.0,255.0"
6088,2398351,2398351,1,0_hop,headband,graph_box,1.0000,12,1,0,1,,400,255,"179.0,107.0,228.0,129.0"
6089,2398351,2398351,1,2_hop,headband,graph_box,1.0000,12,1,0,3,,400,255,"179.0,107.0,228.0,129.0"
6090,2398351,2398351,1,and,headband,graph_box,1.0000,12,1,0,3,,400,255,"179.0,107.0,228.0,129.0"
6091,2390633,2390633,1,2_hop,bag,graph_box,1.0000,15,1,0,3,,500,281,"304.0,170.0,351.0,239.0"
6092,2390633,2390633,1,1_hop,bag,graph_box,1.0000,15,1,0,2,,500,281,"304.0,170.0,351.0,239.0"
6093,2390633,2390633,2,and,woman,graph_box,1.0000,15,1,0,3,,500,281,"274.0,133.0,336.0,282.0"
6097,2359489,2359489,1,0_hop,bag,graph_box,1.0000,15,1,0,1,,375,500,"0.0,198.0,81.0,333.0"
6098,2359489,2359489,1,2_hop,bag,graph_box,1.0000,15,1,0,3,,375,500,"0.0,198.0,81.0,333.0"
6099,2359489,2359489,1,1_hop,bag,graph_box,1.0000,15,1,0,2,,375,500,"0.0,198.0,81.0,333.0"
6100,2359489,2359489,1,and,girl,graph_box,1.0000,15,1,0,3,,375,500,"86.0,36.0,276.0,500.0"
6102,2380840,2380840,1,1_hop,mustache,graph_box,1.0000,17,2,1,2,,500,333,"111.0,206.0,178.0,237.0"
6103,2371078,2371078,1,and,collar,graph_box,1.0000,12,1,0,3,,500,375,"23.0,221.0,242.0,301.0"
6104,2416944,2416944,1,1_hop,frisbee,graph_box,1.0000,7,1,0,2,,500,345,"405.0,263.0,477.0,294.0"
6105,2392185,2392185,1,0_hop,water,graph_box,1.0000,15,1,0,1,,500,333,"2.0,230.0,498.0,332.0"
6106,2392185,2392185,1,2_hop,water,graph_box,1.0000,15,1,0,3,,500,333,"2.0,230.0,498.0,332.0"
6107,2392185,2392185,1,and,water,graph_box,1.0000,15,1,0,3,,500,333,"2.0,230.0,498.0,332.0"
6108,2406002,2406002,1,1_hop,plate,graph_box,1.0000,12,1,0,2,,500,375,"0.0,83.0,398.0,325.0"
6109,2354846,2354846,1,1_hop,bun,graph_box,1.0000,17,1,0,2,,500,370,"111.0,179.0,356.0,360.0"
6110,2408358,2408358,1,1_hop,microwave oven,graph_box,1.0000,9,1,0,2,,332,500,"0.0,385.0,44.0,438.0"
6118,2323947,2323947,1,2_hop,umbrella,graph_box,1.0000,20,1,0,3,,488,500,"107.0,42.0,292.0,225.0"
6121,2335122,2335122,2,1_hop,towel,graph_box,1.0000,14,2,1,2,,335,500,"57.0,379.0,106.0,471.0"
6122,2317366,2317366,2,1_hop,man,graph_box,1.0000,13,2,1,2,,500,375,"442.0,0.0,500.0,208.0"
6123,2394939,2394939,1,1_hop,scissors,graph_box,1.0000,12,1,0,2,,500,375,"205.0,230.0,254.0,363.0"
6124,2343252,2343252,1,0_hop,beach,objects_id_first,0.3875,9,1,0,1,,332,500,"5.5,411.6,330.6,464.0"
6125,4483,4483,1,and,kiosk,graph_box,1.0000,22,1,0,3,,534,599,"0.0,452.0,160.0,599.0"
6126,2363151,2363151,1,0_hop,fence,graph_box,1.0000,12,1,0,1,,500,325,"1.0,1.0,500.0,273.0"
6127,2363151,2363151,1,2_hop,fence,graph_box,1.0000,12,1,0,3,,500,325,"1.0,1.0,500.0,273.0"
6128,2363151,2363151,1,1_hop,fence,graph_box,1.0000,12,1,0,2,,500,325,"1.0,1.0,500.0,273.0"
6129,2363151,2363151,1,and,man,graph_box,1.0000,12,1,0,3,,500,325,"179.0,8.0,470.0,325.0"
6130,2326641,2326641,1,0_hop,statue,graph_box,1.0000,15,1,0,1,,500,354,"271.0,0.0,471.0,122.0"
6131,2371775,2371775,1,2_hop,truck,graph_box,1.0000,21,1,0,3,,500,336,"179.0,73.0,453.0,290.0"
6132,2371775,2371775,1,and,truck,graph_box,1.0000,21,1,0,3,,500,336,"179.0,73.0,453.0,290.0"
6133,2371775,2371775,1,0_hop,pole,graph_box,1.0000,21,1,0,1,,500,336,"436.0,43.0,471.0,281.0"
6134,2371775,2371775,1,and,pole,graph_box,1.0000,21,1,0,3,,500,336,"436.0,43.0,471.0,281.0"
6135,2371775,2371775,1,2_hop,building,graph_box,1.0000,21,1,0,3,,500,336,"2.0,109.0,101.0,248.0"
6139,2362397,2362397,1,2_hop,tree,objects_id_first,0.4652,14,1,0,3,,500,375,"397.6,0.7,498.7,237.8"
6141,2367702,2367702,1,and,vase,graph_box,1.0000,13,1,0,3,,333,500,"108.0,102.0,239.0,308.0"
6142,2367702,2367702,1,1_hop,gentleman,graph_box,1.0000,13,1,0,2,,333,500,"62.0,216.0,143.0,357.0"
6143,2327592,2327592,1,2_hop,man,graph_box,1.0000,30,1,0,3,,500,333,"170.0,68.0,264.0,179.0"
6144,2327592,2327592,1,2_hop,logo,graph_box,1.0000,30,1,0,3,,500,333,"175.0,183.0,247.0,217.0"
6145,2413467,2413467,1,1_hop,cabinet,graph_box,1.0000,4,1,0,2,,333,500,"5.0,196.0,139.0,477.0"
6146,2327598,2327598,1,0_hop,umbrella,graph_box,1.0000,16,1,0,1,,500,500,"75.0,37.0,204.0,127.0"
6147,2372265,2372265,1,0_hop,logo,graph_box,1.0000,15,1,0,1,,302,500,"119.0,163.0,175.0,237.0"
6148,2372265,2372265,1,1_hop,logo,graph_box,1.0000,15,1,0,2,,302,500,"119.0,163.0,175.0,237.0"
6149,2372265,2372265,1,2_hop,net,graph_box,1.0000,15,1,0,3,,302,500,"157.0,1.0,301.0,480.0"
6151,2413727,2413727,1,0_hop,mane,graph_box,1.0000,15,1,0,1,,500,375,"112.0,55.0,388.0,160.0"
6152,2413727,2413727,1,1_hop,mane,objects_id_first,0.2484,15,1,0,2,,500,375,"151.6,59.7,296.9,109.2"
6155,2381875,2381875,1,1_hop,traffic light,graph_box,1.0000,10,1,0,2,,500,375,"14.0,119.0,71.0,202.0"
6156,2381875,2381875,1,0_hop,station,objects_id_first,0.2186,10,1,0,1,,500,375,"234.0,299.1,498.9,373.5"
6162,2393111,2393111,2,and,bird,graph_box,1.0000,20,2,1,3,,500,333,"38.0,167.0,131.0,222.0"
6164,2371685,2371685,1,0_hop,sign,graph_box,1.0000,26,1,0,1,,500,375,"195.0,177.0,295.0,196.0"
6165,2371685,2371685,1,1_hop,sign,graph_box,1.0000,26,1,0,2,,500,375,"195.0,177.0,295.0,196.0"
6166,2371685,2371685,1,2_hop,ski lift,graph_box,1.0000,26,1,0,3,,500,375,"112.0,91.0,336.0,283.0"
6167,2331661,2331661,1,0_hop,lid,objects_id_first,0.4690,7,1,0,1,,500,500,"185.7,379.0,402.1,498.6"
6168,2410282,2410282,1,1_hop,oven,graph_box,1.0000,14,1,0,2,,240,166,"4.0,49.0,225.0,160.0"
6169,2410282,2410282,1,0_hop,door,graph_box,1.0000,14,1,0,1,,240,166,"13.0,50.0,95.0,159.0"
6172,2397744,2397744,1,2_hop,fireplace,graph_box,1.0000,11,1,0,3,,500,333,"218.0,194.0,288.0,285.0"
6173,2397744,2397744,1,and,fireplace,graph_box,1.0000,11,1,0,3,,500,333,"218.0,194.0,288.0,285.0"
6174,2397744,2397744,1,0_hop,laptop,graph_box,1.0000,11,1,0,1,,500,333,"127.0,201.0,177.0,238.0"
6175,2397744,2397744,1,1_hop,laptop,graph_box,1.0000,11,1,0,2,,500,333,"127.0,201.0,177.0,238.0"
6176,2368390,2368390,1,0_hop,drawer,graph_box,1.0000,17,1,0,1,,500,375,"48.0,277.0,149.0,310.0"
6177,2403141,2403141,1,1_hop,mirror,graph_box,1.0000,12,1,0,2,,500,500,"78.0,57.0,214.0,226.0"
6178,2334448,2334448,1,0_hop,building,graph_box,1.0000,25,1,0,1,,500,500,"17.0,18.0,480.0,483.0"
6181,713860,713860,1,1_hop,man,graph_box,1.0000,24,2,1,2,,1024,682,"507.0,119.0,951.0,680.0"
6182,2364642,2364642,2,1_hop,basket,graph_box,1.0000,28,2,1,2,,500,334,"222.0,91.0,285.0,196.0"
6184,2387702,2387702,1,0_hop,train,graph_box,1.0000,19,1,0,1,,500,281,"1.0,43.0,499.0,128.0"
6186,2387702,2387702,1,1_hop,platform,graph_box,1.0000,19,1,0,2,,500,281,"1.0,120.0,490.0,189.0"
6187,2373652,2373652,1,0_hop,tree,graph_box,1.0000,15,1,0,1,,327,500,"1.0,1.0,327.0,431.0"
6189,2373652,2373652,1,and,rocks,graph_box,1.0000,15,1,0,3,,327,500,"29.0,473.0,115.0,500.0"
6190,2319520,2319520,1,0_hop,mane,graph_box,1.0000,14,1,0,1,,500,380,"167.0,67.0,279.0,156.0"
6191,2352668,2352668,1,0_hop,building,objects_id_first,0.4464,13,1,0,1,,500,333,"361.1,117.9,499.0,235.8"
6192,2352668,2352668,2,2_hop,building,objects_id_first,0.4448,13,1,0,3,,500,333,"361.4,118.4,499.5,236.9"
6193,2352668,2352668,1,and,building,objects_id_first,0.4341,13,1,0,3,,500,333,"359.8,117.5,499.0,238.0"
6194,2352668,2352668,1,0_hop,school bus,graph_box,1.0000,13,1,0,1,,500,333,"249.0,180.0,322.0,207.0"
6195,2352668,2352668,1,1_hop,car,graph_box,1.0000,13,1,0,2,,500,333,"212.0,209.0,362.0,331.0"
6197,2403266,2403266,1,2_hop,bird,graph_box,1.0000,20,1,0,3,,500,333,"315.0,79.0,360.0,122.0"
6198,2366390,2366390,1,and,straw,graph_box,1.0000,17,1,0,3,,500,500,"0.0,125.0,29.0,265.0"
6199,2366390,2366390,1,0_hop,cake,graph_box,1.0000,17,1,0,1,,500,500,"0.0,332.0,401.0,500.0"
6200,2366390,2366390,1,2_hop,cake,graph_box,1.0000,17,1,0,3,,500,500,"0.0,332.0,401.0,500.0"
6201,2366390,2366390,1,2_hop,book,graph_box,1.0000,17,1,0,3,,500,500,"350.0,364.0,490.0,447.0"
6202,2366390,2366390,1,and,book,graph_box,1.0000,17,1,0,3,,500,500,"350.0,364.0,490.0,447.0"
6203,2394547,2394547,1,1_hop,rocks,objects_id_first,0.2837,12,1,0,2,,500,375,"1.6,291.2,498.9,373.5"
6204,2388708,2388708,1,0_hop,man,graph_box,1.0000,11,1,0,1,,500,375,"107.0,261.0,141.0,330.0"
6205,2388708,2388708,1,0_hop,hill,graph_box,1.0000,11,1,0,1,,500,375,"0.0,55.0,499.0,261.0"
6206,2371272,2371272,1,0_hop,pole,graph_box,1.0000,19,1,0,1,,371,500,"177.0,0.0,193.0,294.0"
6207,2371279,2371279,2,and,wire,graph_box,1.0000,19,3,2,3,,375,500,"160.0,427.0,349.0,461.0"
6208,1377,1377,1,0_hop,hat,objects_id_first,0.4973,35,1,0,1,,312,500,"191.3,191.2,253.4,256.8"
6209,1377,1377,1,2_hop,hat,objects_id_first,0.4305,35,1,0,3,,312,500,"185.8,191.6,253.4,262.1"
6210,1377,1377,1,0_hop,logo,graph_box,1.0000,35,1,0,1,,312,500,"163.0,312.0,231.0,392.0"
6211,2367515,2367515,2,0_hop,bear,graph_box,1.0000,15,2,1,1,,500,500,"43.0,164.0,321.0,429.0"
6212,2356800,2356800,1,0_hop,bag,graph_box,1.0000,11,1,0,1,,500,375,"3.0,111.0,120.0,281.0"
6215,2406968,2406968,1,0_hop,fence,graph_box,1.0000,18,1,0,1,,332,500,"0.0,300.0,318.0,465.0"
6218,2320590,2320590,1,1_hop,man,graph_box,1.0000,8,1,0,2,,375,500,"59.0,160.0,109.0,256.0"
6219,2350981,2350981,1,0_hop,fence,graph_box,1.0000,12,1,0,1,,500,281,"1.0,0.0,238.0,47.0"
6220,2413283,2413283,1,2_hop,box,graph_box,1.0000,13,1,0,3,,500,375,"7.0,20.0,322.0,291.0"
6221,2413283,2413283,1,and,box,graph_box,1.0000,13,1,0,3,,500,375,"7.0,20.0,322.0,291.0"
6222,2411633,2411633,1,1_hop,couple,graph_box,1.0000,17,1,0,2,,500,485,"112.0,68.0,253.0,239.0"
6224,2411633,2411633,2,and,kite,graph_box,1.0000,17,4,3,3,,500,485,"31.0,78.0,154.0,250.0"
6227,2397689,2397689,1,1_hop,purse,graph_box,1.0000,20,1,0,2,,500,334,"13.0,214.0,95.0,276.0"
6228,2404793,2404793,1,2_hop,building,objects_id_first,0.1162,9,1,0,3,,375,500,"0.5,415.3,374.8,498.5"
6231,2356281,2356281,1,0_hop,horse,graph_box,1.0000,12,1,0,1,,500,402,"60.0,0.0,500.0,402.0"
6233,2368981,2368981,1,and,boat,graph_box,1.0000,34,1,0,3,,500,500,"164.0,128.0,354.0,197.0"
6235,2357988,2357988,1,0_hop,pillow,graph_box,1.0000,27,1,0,1,,500,375,"282.0,168.0,411.0,375.0"
6236,2398108,2398108,2,1_hop,man,graph_box,1.0000,22,2,1,2,,500,333,"373.0,128.0,464.0,333.0"
6238,2384397,2384397,3,1_hop,seat,graph_box,1.0000,24,2,1,2,,375,500,"253.0,216.0,328.0,250.0"
6241,2349137,2349137,1,0_hop,container,graph_box,1.0000,15,1,0,1,,375,500,"28.0,237.0,104.0,318.0"
6242,2344439,2344439,1,and,dog,graph_box,1.0000,13,1,0,3,,500,375,"345.0,284.0,386.0,358.0"
6243,2344439,2344439,1,2_hop,bicycle,graph_box,1.0000,13,1,0,3,,500,375,"388.0,220.0,471.0,375.0"
6244,2367720,2367720,1,0_hop,egg,graph_box,1.0000,9,1,0,1,,500,375,"33.0,187.0,498.0,331.0"
6245,2406142,2406142,1,0_hop,street,graph_box,1.0000,16,1,0,1,,375,500,"37.0,295.0,318.0,499.0"
6246,2403107,2403107,2,0_hop,refrigerator,graph_box,1.0000,19,2,1,1,,500,333,"294.0,130.0,415.0,327.0"
6247,2403107,2403107,2,2_hop,refrigerator,graph_box,1.0000,19,2,1,3,,500,333,"294.0,130.0,415.0,327.0"
6248,2403107,2403107,2,1_hop,refrigerator,graph_box,1.0000,19,2,1,2,,500,333,"294.0,130.0,415.0,327.0"
6249,2403107,2403107,2,1_hop,container,graph_box,1.0000,19,1,0,2,,500,333,"319.0,81.0,381.0,148.0"
6250,2376541,2376541,2,2_hop,plate,graph_box,1.0000,18,5,4,3,,333,500,"55.0,228.0,123.0,262.0"
6251,2376541,2376541,2,and,plate,graph_box,1.0000,18,5,4,3,,333,500,"55.0,228.0,123.0,262.0"
6252,2350156,2350156,1,0_hop,sink,objects_id_first,0.0983,8,1,0,1,,375,500,"24.8,132.5,292.5,478.3"
6253,2346159,2346159,1,0_hop,girl,graph_box,1.0000,8,1,0,1,,500,332,"193.0,90.0,286.0,300.0"
6254,2346159,2346159,1,1_hop,girl,graph_box,1.0000,8,1,0,2,,500,332,"193.0,90.0,286.0,300.0"
6257,2394304,2394304,1,0_hop,post,graph_box,1.0000,15,1,0,1,,500,375,"384.0,273.0,499.0,368.0"
6260,2335736,2335736,1,0_hop,counter,graph_box,1.0000,15,1,0,1,,374,500,"37.0,293.0,319.0,402.0"
6261,2335736,2335736,1,1_hop,counter,graph_box,1.0000,15,1,0,2,,374,500,"37.0,293.0,319.0,402.0"
6262,2335736,2335736,1,0_hop,rope,graph_box,1.0000,15,1,0,1,,374,500,"190.0,0.0,207.0,250.0"
6265,2340438,2340438,1,2_hop,catcher,graph_box,1.0000,17,1,0,3,,500,375,"338.0,210.0,457.0,291.0"
6266,2340438,2340438,1,and,catcher,graph_box,1.0000,17,1,0,3,,500,375,"338.0,210.0,457.0,291.0"
6267,498397,498397,1,2_hop,man,graph_box,1.0000,8,1,0,3,,1024,680,"380.0,182.0,749.0,557.0"
6268,498397,498397,1,and,man,graph_box,1.0000,8,1,0,3,,1024,680,"380.0,182.0,749.0,557.0"
6269,2386899,2386899,1,0_hop,chair,graph_box,1.0000,18,1,0,1,,500,375,"87.0,165.0,125.0,218.0"
6271,2353040,2353040,2,2_hop,woman,graph_box,1.0000,23,2,1,3,,375,500,"0.0,138.0,166.0,499.0"
6272,2353040,2353040,2,1_hop,woman,graph_box,1.0000,23,2,1,2,,375,500,"0.0,138.0,166.0,499.0"
6273,2353040,2353040,3,2_hop,woman,graph_box,1.0000,23,2,1,3,,375,500,"0.0,138.0,166.0,499.0"
6275,2353040,2353040,1,2_hop,pan,graph_box,1.0000,23,1,0,3,,375,500,"173.0,193.0,285.0,255.0"
6276,2353040,2353040,2,and,pan,graph_box,1.0000,23,1,0,3,,375,500,"173.0,193.0,285.0,255.0"
6277,2353040,2353040,2,1_hop,food,graph_box,1.0000,23,2,1,2,,375,500,"145.0,432.0,245.0,486.0"
6278,2353040,2353040,3,2_hop,food,graph_box,1.0000,23,2,1,3,,375,500,"145.0,432.0,245.0,486.0"
6279,2413251,2413251,1,2_hop,foil,graph_box,1.0000,20,1,0,3,,500,500,"82.0,297.0,334.0,435.0"
6280,2413251,2413251,1,0_hop,chair,graph_box,1.0000,20,1,0,1,,500,500,"263.0,60.0,387.0,159.0"
6281,2413251,2413251,1,1_hop,chair,graph_box,1.0000,20,1,0,2,,500,500,"263.0,60.0,387.0,159.0"
6283,2413251,2413251,2,and,boy,graph_box,1.0000,20,2,1,3,,500,500,"64.0,62.0,303.0,292.0"
6284,2413251,2413251,1,1_hop,pole,graph_box,1.0000,20,1,0,2,,500,500,"433.0,59.0,497.0,137.0"
6285,2415263,2415263,1,0_hop,skateboard,graph_box,1.0000,13,1,0,1,,500,334,"216.0,231.0,303.0,291.0"
6288,2376715,2376715,1,2_hop,tie,graph_box,1.0000,13,1,0,3,,333,500,"130.0,122.0,185.0,340.0"
6289,2338510,2338510,1,2_hop,cabinets,graph_box,1.0000,21,1,0,3,,500,333,"0.0,61.0,249.0,180.0"
6290,2325524,2325524,1,0_hop,bench,graph_box,1.0000,10,1,0,1,,500,375,"334.0,233.0,500.0,327.0"
6291,2400040,2400040,1,0_hop,rope,objects_id_first,0.2222,12,1,0,1,,500,333,"222.8,1.1,454.7,154.1"
6295,2410727,2410727,2,1_hop,pole,graph_box,1.0000,18,2,1,2,,500,334,"414.0,1.0,438.0,223.0"
6296,2377489,2377489,1,and,woman,graph_box,1.0000,16,1,0,3,,500,375,"204.0,35.0,463.0,369.0"
6297,2377489,2377489,1,0_hop,chair,graph_box,1.0000,16,1,0,1,,500,375,"40.0,11.0,121.0,102.0"
6298,2377489,2377489,1,2_hop,chair,graph_box,1.0000,16,1,0,3,,500,375,"40.0,11.0,121.0,102.0"
6299,2364614,2364614,1,1_hop,table,objects_id_first,0.1982,20,1,0,2,,500,281,"221.8,179.4,372.9,244.0"
6300,2416840,2416840,1,1_hop,clock,graph_box,1.0000,12,1,0,2,,365,500,"47.0,330.0,136.0,436.0"
6301,2333525,2333525,1,0_hop,truck,graph_box,1.0000,10,1,0,1,,500,375,"111.0,152.0,232.0,252.0"
6302,2333527,2333527,1,1_hop,juice,graph_box,1.0000,23,1,0,2,,500,281,"59.0,79.0,125.0,133.0"
6303,2992,2992,2,1_hop,building,graph_box,1.0000,20,2,1,2,,800,600,"167.0,0.0,798.0,576.0"
6305,2323272,2323272,1,1_hop,roof,graph_box,1.0000,9,1,0,2,,500,333,"237.0,127.0,369.0,148.0"
6306,2323272,2323272,1,1_hop,bus,graph_box,1.0000,9,1,0,2,,500,333,"220.0,128.0,394.0,258.0"
6308,2374740,2374740,1,2_hop,stuffed bear,graph_box,1.0000,13,1,0,3,,500,400,"69.0,46.0,494.0,355.0"
6309,2374740,2374740,1,and,stuffed bear,graph_box,1.0000,13,1,0,3,,500,400,"69.0,46.0,494.0,355.0"
6310,2402117,2402117,1,0_hop,cup,graph_box,1.0000,16,1,0,1,,500,333,"98.0,143.0,207.0,257.0"
6311,2402117,2402117,1,2_hop,cup,graph_box,1.0000,16,1,0,3,,500,333,"98.0,143.0,207.0,257.0"
6313,713026,713026,1,2_hop,woman,graph_box,1.0000,14,1,0,3,,1024,576,"733.0,133.0,1024.0,573.0"
6314,2329511,2329511,1,0_hop,field,graph_box,1.0000,14,1,0,1,,500,375,"0.0,239.0,500.0,375.0"
6316,2358646,2358646,1,and,screen,graph_box,1.0000,9,1,0,3,,500,333,"139.0,39.0,276.0,177.0"
6319,2367570,2367570,2,2_hop,dock,graph_box,1.0000,35,2,1,3,,500,333,"251.0,275.0,500.0,333.0"
6320,2367570,2367570,2,and,dock,graph_box,1.0000,35,2,1,3,,500,333,"251.0,275.0,500.0,333.0"
6322,2367570,2367570,3,1_hop,dock,graph_box,1.0000,35,2,1,2,,500,333,"251.0,275.0,500.0,333.0"
6323,2380370,2380370,1,1_hop,man,graph_box,1.0000,4,1,0,2,,500,218,"160.0,10.0,284.0,120.0"
6324,2394877,2394877,2,0_hop,tree,graph_box,1.0000,15,2,1,1,,500,311,"82.0,38.0,180.0,145.0"
6327,2334559,2334559,1,2_hop,picture,graph_box,1.0000,17,1,0,3,,500,332,"137.0,152.0,228.0,228.0"
6328,2334559,2334559,1,and,picture,graph_box,1.0000,17,1,0,3,,500,332,"137.0,152.0,228.0,228.0"
6329,2334559,2334559,1,0_hop,tissue,graph_box,1.0000,17,1,0,1,,500,332,"0.0,253.0,61.0,290.0"
6330,498277,498277,2,1_hop,racket,graph_box,1.0000,15,2,1,2,,921,762,"247.0,30.0,359.0,170.0"
6331,2411294,2411294,2,0_hop,letters,graph_box,1.0000,18,2,1,1,,500,192,"109.0,94.0,206.0,123.0"
6332,2411294,2411294,1,2_hop,runway,graph_box,1.0000,18,1,0,3,,500,192,"1.0,177.0,500.0,192.0"
6333,1592565,1592565,2,2_hop,butter knife,graph_box,1.0000,11,1,0,3,,1024,685,"677.0,171.0,787.0,351.0"
6334,1592565,1592565,2,1_hop,butter knife,graph_box,1.0000,11,1,0,2,,1024,685,"677.0,171.0,787.0,351.0"
6336,2373804,2373804,1,0_hop,elephant,graph_box,1.0000,6,1,0,1,,500,281,"25.0,67.0,331.0,256.0"
6337,2373804,2373804,1,1_hop,elephant,graph_box,1.0000,6,1,0,2,,500,281,"25.0,67.0,331.0,256.0"
6339,2387934,2387934,1,1_hop,knife,graph_box,1.0000,6,1,0,2,,500,375,"255.0,85.0,499.0,148.0"
6340,2352253,2352253,1,0_hop,weeds,objects_id_first,0.2379,30,1,0,1,,500,375,"281.6,170.2,498.3,372.8"
6341,2352259,2352259,1,1_hop,rock,graph_box,1.0000,13,1,0,2,,500,425,"412.0,191.0,499.0,218.0"
6342,2411741,2411741,1,0_hop,label,graph_box,1.0000,14,1,0,1,,333,500,"110.0,104.0,140.0,202.0"
6343,2411741,2411741,1,2_hop,label,graph_box,1.0000,14,1,0,3,,333,500,"110.0,104.0,140.0,202.0"
6344,2411741,2411741,1,and,label,graph_box,1.0000,14,1,0,3,,333,500,"110.0,104.0,140.0,202.0"
6345,2397301,2397301,1,1_hop,porch,graph_box,1.0000,8,1,0,2,,500,333,"0.0,268.0,71.0,332.0"
6346,2316420,2316420,1,and,airplane,graph_box,1.0000,21,1,0,3,,500,333,"10.0,91.0,482.0,217.0"
6348,713230,713230,1,1_hop,food,graph_box,1.0000,31,1,0,2,,800,600,"329.0,507.0,596.0,599.0"
6353,2363085,2363085,1,1_hop,man,graph_box,1.0000,20,1,0,2,,500,281,"246.0,3.0,361.0,165.0"
6354,2350086,2350086,2,2_hop,tree,graph_box,1.0000,29,2,1,3,,500,375,"229.0,0.0,500.0,375.0"
6355,2350086,2350086,2,and,tree,graph_box,1.0000,29,2,1,3,,500,375,"229.0,0.0,500.0,375.0"
6358,2392752,2392752,1,1_hop,cap,graph_box,1.0000,9,1,0,2,,500,374,"322.0,51.0,471.0,186.0"
6359,2374871,2374871,1,0_hop,fence,graph_box,1.0000,19,1,0,1,,500,331,"116.0,0.0,410.0,58.0"
6360,2374871,2374871,2,2_hop,goat,graph_box,1.0000,19,6,5,3,,500,331,"337.0,88.0,434.0,174.0"
6363,2413324,2413324,1,0_hop,door,graph_box,1.0000,26,1,0,1,,500,334,"11.0,46.0,105.0,299.0"
6364,2413324,2413324,1,and,door,graph_box,1.0000,26,1,0,3,,500,334,"11.0,46.0,105.0,299.0"
6365,2415240,2415240,1,0_hop,purse,graph_box,1.0000,20,1,0,1,,500,333,"466.0,216.0,500.0,307.0"
6366,2368828,2368828,2,2_hop,man,graph_box,1.0000,21,2,1,3,,375,500,"87.0,15.0,294.0,400.0"
6367,2368828,2368828,2,1_hop,man,graph_box,1.0000,21,2,1,2,,375,500,"87.0,15.0,294.0,400.0"
6368,2341761,2341761,1,2_hop,glass,graph_box,1.0000,12,1,0,3,,500,500,"251.0,122.0,306.0,186.0"
6369,2341761,2341761,1,2_hop,donut,graph_box,1.0000,12,1,0,3,,500,500,"262.0,284.0,347.0,373.0"
6370,2341761,2341761,1,0_hop,icing,graph_box,1.0000,12,1,0,1,,500,500,"264.0,285.0,346.0,365.0"
6371,2341761,2341761,1,2_hop,icing,graph_box,1.0000,12,1,0,3,,500,500,"264.0,285.0,346.0,365.0"
6372,1159721,1159721,2,2_hop,pot,graph_box,1.0000,12,2,1,3,,765,1024,"508.0,594.0,654.0,715.0"
6373,1159721,1159721,2,and,pot,graph_box,1.0000,12,2,1,3,,765,1024,"508.0,594.0,654.0,715.0"
6374,1159721,1159721,1,0_hop,spoon,graph_box,1.0000,12,1,0,1,,765,1024,"564.0,733.0,689.0,862.0"
6375,1159721,1159721,1,2_hop,spoon,graph_box,1.0000,12,1,0,3,,765,1024,"564.0,733.0,689.0,862.0"
6376,2416571,2416571,1,2_hop,entrance,objects_id_first,0.2140,18,1,0,3,,500,285,"25.5,120.5,141.5,211.6"
6377,2388927,2388927,1,0_hop,drape,graph_box,1.0000,11,1,0,1,,500,375,"7.0,9.0,198.0,214.0"
6379,2326408,2326408,1,0_hop,tray,graph_box,1.0000,22,1,0,1,,500,500,"2.0,164.0,498.0,497.0"
6380,2389036,2389036,1,0_hop,refrigerator,graph_box,1.0000,9,1,0,1,,300,400,"161.0,37.0,298.0,399.0"
6381,2380189,2380189,1,and,zebra,graph_box,1.0000,11,1,0,3,,500,333,"296.0,30.0,500.0,333.0"
6384,2363419,2363419,1,0_hop,umbrella,graph_box,1.0000,26,1,0,1,,500,334,"77.0,297.0,173.0,329.0"
6385,2384743,2384743,2,1_hop,bat,graph_box,1.0000,16,2,1,2,,500,375,"25.0,197.0,338.0,277.0"
6386,2336061,2336061,1,0_hop,fence,graph_box,1.0000,26,1,0,1,,500,375,"10.0,315.0,178.0,364.0"
6387,2356983,2356983,1,1_hop,man,graph_box,1.0000,14,1,0,2,,500,375,"187.0,43.0,307.0,375.0"
6388,713559,713559,2,2_hop,counter,graph_box,1.0000,17,2,1,3,,1024,765,"0.0,632.0,205.0,765.0"
6389,713559,713559,2,and,counter,graph_box,1.0000,17,2,1,3,,1024,765,"0.0,632.0,205.0,765.0"
6390,713559,713559,1,0_hop,ketchup bottle,graph_box,1.0000,17,1,0,1,,1024,765,"192.0,544.0,293.0,759.0"
6391,2382239,2382239,1,0_hop,remote control,graph_box,1.0000,7,1,0,1,,443,500,"302.0,177.0,385.0,214.0"
6392,2382239,2382239,1,1_hop,remote control,graph_box,1.0000,7,1,0,2,,443,500,"302.0,177.0,385.0,214.0"
6394,2354715,2354715,1,1_hop,fence,graph_box,1.0000,23,1,0,2,,500,333,"341.0,152.0,501.0,211.0"
6395,2358666,2358666,1,0_hop,dog,graph_box,1.0000,12,1,0,1,,500,332,"199.0,119.0,310.0,257.0"
6396,2379754,2379754,2,0_hop,sign,graph_box,1.0000,16,2,1,1,,500,373,"218.0,260.0,280.0,315.0"
6398,2405349,2405349,1,2_hop,seat,graph_box,1.0000,17,1,0,3,,500,335,"250.0,35.0,398.0,103.0"
6399,2405349,2405349,1,1_hop,seat,graph_box,1.0000,17,1,0,2,,500,335,"250.0,35.0,398.0,103.0"
6400,2408616,2408616,1,0_hop,dog,graph_box,1.0000,19,1,0,1,,500,335,"230.0,93.0,323.0,198.0"
6401,2408616,2408616,1,and,dog,graph_box,1.0000,19,1,0,3,,500,335,"230.0,93.0,323.0,198.0"
6402,2315534,2315534,2,2_hop,rock,graph_box,1.0000,7,4,3,3,,500,333,"282.0,185.0,342.0,232.0"
6404,2337816,2337816,2,and,man,graph_box,1.0000,13,2,1,3,,500,333,"114.0,136.0,209.0,332.0"
6405,2385341,2385341,1,0_hop,dog,graph_box,1.0000,6,1,0,1,,461,500,"191.0,4.0,342.0,377.0"
6407,2399259,2399259,1,0_hop,water,graph_box,1.0000,12,1,0,1,,500,371,"2.0,1.0,499.0,284.0"
6408,2399259,2399259,1,1_hop,water,graph_box,1.0000,12,1,0,2,,500,371,"2.0,1.0,499.0,284.0"
6412,2347431,2347431,1,and,door,graph_box,1.0000,14,1,0,3,,500,375,"258.0,192.0,355.0,366.0"
6414,2323777,2323777,1,0_hop,woman,graph_box,1.0000,13,1,0,1,,333,500,"118.0,23.0,313.0,319.0"
6415,2323777,2323777,1,0_hop,bag,graph_box,1.0000,13,1,0,1,,333,500,"157.0,300.0,274.0,421.0"
6416,2364858,2364858,2,2_hop,tray,graph_box,1.0000,17,2,1,3,,500,375,"0.0,1.0,122.0,205.0"
6417,2364858,2364858,2,and,tray,graph_box,1.0000,17,2,1,3,,500,375,"0.0,1.0,122.0,205.0"
6418,2343232,2343232,1,2_hop,man,graph_box,1.0000,11,1,0,3,,500,335,"278.0,89.0,359.0,221.0"
6419,2343232,2343232,1,1_hop,man,graph_box,1.0000,11,1,0,2,,500,335,"278.0,89.0,359.0,221.0"
6420,2318427,2318427,2,1_hop,salad,graph_box,1.0000,24,2,1,2,,500,333,"71.0,27.0,185.0,119.0"
6421,2318427,2318427,3,2_hop,salad,graph_box,1.0000,24,2,1,3,,500,333,"71.0,27.0,185.0,119.0"
6422,2376891,2376891,1,0_hop,hat,graph_box,1.0000,19,1,0,1,,500,333,"128.0,0.0,390.0,333.0"
6424,2376891,2376891,1,1_hop,stick,graph_box,1.0000,19,1,0,2,,500,333,"103.0,160.0,274.0,331.0"
6425,2396593,2396593,1,1_hop,swimming pool,graph_box,1.0000,22,1,0,2,,500,282,"260.0,170.0,460.0,240.0"
6426,1159461,1159461,1,2_hop,girl,graph_box,1.0000,13,1,0,3,,1024,678,"380.0,96.0,599.0,461.0"
6427,1159461,1159461,1,and,girl,graph_box,1.0000,13,1,0,3,,1024,678,"380.0,96.0,599.0,461.0"
6429,2383947,2383947,1,0_hop,cup,graph_box,1.0000,10,1,0,1,,500,334,"77.0,68.0,441.0,333.0"
6430,2383947,2383947,1,1_hop,cup,graph_box,1.0000,10,1,0,2,,500,334,"77.0,68.0,441.0,333.0"
6431,2383947,2383947,1,2_hop,soup,graph_box,1.0000,10,1,0,3,,500,334,"110.0,114.0,390.0,298.0"
6432,2383947,2383947,1,1_hop,soup,graph_box,1.0000,10,1,0,2,,500,334,"110.0,114.0,390.0,298.0"
6433,2323628,2323628,1,and,girl,graph_box,1.0000,33,1,0,3,,500,375,"156.0,97.0,230.0,224.0"
6434,2323628,2323628,2,2_hop,man,graph_box,1.0000,33,2,1,3,,500,375,"0.0,36.0,100.0,373.0"
6435,2323628,2323628,2,and,man,graph_box,1.0000,33,2,1,3,,500,375,"0.0,36.0,100.0,373.0"
6436,2406101,2406101,1,0_hop,bag,objects_id_first,0.2167,25,1,0,1,,500,332,"248.0,163.0,336.0,263.0"
6437,2316447,2316447,1,0_hop,cabinet,graph_box,1.0000,6,1,0,1,,500,375,"312.0,259.0,414.0,354.0"
6439,2325759,2325759,2,1_hop,cup,graph_box,1.0000,11,2,1,2,,500,374,"450.0,0.0,497.0,99.0"
6442,2400855,2400855,1,2_hop,monkey,graph_box,1.0000,19,1,0,3,,500,333,"122.0,56.0,283.0,178.0"
6445,2398501,2398501,2,2_hop,screen,graph_box,1.0000,28,1,0,3,,500,344,"41.0,147.0,89.0,221.0"
6448,2339353,2339353,1,0_hop,smoke,graph_box,1.0000,13,1,0,1,,426,500,"105.0,0.0,366.0,316.0"
6451,2338882,2338882,2,0_hop,paper,graph_box,1.0000,8,2,1,1,,375,500,"179.0,434.0,267.0,500.0"
6452,2410375,2410375,1,and,girl,graph_box,1.0000,7,1,0,3,,500,333,"221.0,59.0,499.0,332.0"
6453,2319927,2319927,1,2_hop,store,graph_box,1.0000,28,1,0,3,,375,500,"8.0,142.0,374.0,438.0"
6454,2319927,2319927,1,1_hop,store,graph_box,1.0000,28,1,0,2,,375,500,"8.0,142.0,374.0,438.0"
6455,2319927,2319927,1,1_hop,girl,graph_box,1.0000,28,1,0,2,,375,500,"279.0,319.0,313.0,459.0"
6456,2338086,2338086,2,1_hop,counter,graph_box,1.0000,12,2,1,2,,500,370,"395.0,235.0,498.0,328.0"
6457,2400224,2400224,1,0_hop,stick,graph_box,1.0000,25,1,0,1,,375,500,"236.0,1.0,284.0,67.0"
6458,2352604,2352604,1,0_hop,mirror,graph_box,1.0000,14,1,0,1,,500,333,"222.0,3.0,346.0,151.0"
6459,2325568,2325568,1,and,scaffolding,graph_box,1.0000,7,1,0,3,,500,333,"123.0,6.0,222.0,332.0"
6460,2400086,2400086,1,0_hop,bird,graph_box,1.0000,8,1,0,1,,390,500,"132.0,64.0,345.0,374.0"
6461,2400086,2400086,1,1_hop,bird,graph_box,1.0000,8,1,0,2,,390,500,"132.0,64.0,345.0,374.0"
6462,2374131,2374131,2,0_hop,cabinet,graph_box,1.0000,18,1,0,1,,500,375,"129.0,210.0,174.0,374.0"
6463,2374131,2374131,1,and,cabinet,graph_box,1.0000,18,1,0,3,,500,375,"129.0,210.0,174.0,374.0"
6464,2412235,2412235,1,0_hop,table,graph_box,1.0000,22,1,0,1,,493,500,"2.0,283.0,492.0,500.0"
6465,2412235,2412235,1,2_hop,water,graph_box,1.0000,22,1,0,3,,493,500,"231.0,269.0,295.0,359.0"
6466,2412235,2412235,1,1_hop,water,graph_box,1.0000,22,1,0,2,,493,500,"231.0,269.0,295.0,359.0"
6467,2365174,2365174,1,1_hop,man,graph_box,1.0000,23,1,0,2,,480,320,"54.0,10.0,446.0,310.0"
6468,2319581,2319581,1,0_hop,tie,graph_box,1.0000,14,1,0,1,,500,375,"206.0,272.0,266.0,374.0"
6470,2366157,2366157,1,1_hop,beach,graph_box,1.0000,17,1,0,2,,333,500,"0.0,240.0,332.0,341.0"
6471,2366157,2366157,1,0_hop,blanket,graph_box,1.0000,17,1,0,1,,333,500,"158.0,214.0,227.0,269.0"
6473,2407446,2407446,2,1_hop,bus,graph_box,1.0000,22,2,1,2,,500,333,"134.0,95.0,224.0,141.0"
6475,2401595,2401595,1,0_hop,roof,graph_box,1.0000,17,1,0,1,,334,500,"148.0,161.0,283.0,202.0"
6476,2401595,2401595,1,0_hop,buildings,graph_box,0.9588,17,1,0,1,,334,500,"127.3,105.4,185.0,169.4"
6477,2334256,2334256,1,2_hop,cat,graph_box,1.0000,6,1,0,3,,500,374,"73.0,139.0,482.0,373.0"
6480,2379554,2379554,2,and,pole,graph_box,1.0000,7,2,1,3,,500,332,"262.0,257.0,303.0,331.0"
6481,2331892,2331892,1,2_hop,platform,graph_box,1.0000,7,1,0,3,,461,500,"256.0,194.0,461.0,499.0"
6482,2370382,2370382,1,0_hop,skyscraper,graph_box,1.0000,15,1,0,1,,333,500,"134.0,0.0,191.0,78.0"
6483,2397629,2397629,1,0_hop,elephant,graph_box,1.0000,6,1,0,1,,500,375,"29.0,36.0,483.0,338.0"
6484,2415416,2415416,1,and,tv stand,graph_box,1.0000,17,1,0,3,,500,375,"20.0,97.0,260.0,247.0"
6487,2326853,2326853,1,2_hop,screen,graph_box,1.0000,10,1,0,3,,500,312,"57.0,113.0,267.0,259.0"
6488,713913,713913,2,and,woman,graph_box,1.0000,30,5,4,3,,1024,688,"0.0,302.0,265.0,687.0"
6489,2337494,2337494,2,0_hop,train,graph_box,1.0000,15,2,1,1,,500,332,"1.0,75.0,219.0,299.0"
6493,2333798,2333798,1,2_hop,bike,graph_box,1.0000,10,1,0,3,,500,333,"7.0,53.0,318.0,296.0"
6494,2333798,2333798,1,1_hop,bike,graph_box,1.0000,10,1,0,2,,500,333,"7.0,53.0,318.0,296.0"
6496,2340708,2340708,1,and,fence,graph_box,1.0000,18,1,0,3,,323,500,"275.0,311.0,323.0,406.0"
6497,2348578,2348578,2,and,man,graph_box,1.0000,18,1,0,3,,500,335,"20.0,168.0,115.0,265.0"
6500,2358597,2358597,1,1_hop,man,graph_box,1.0000,17,1,0,2,,500,346,"360.0,82.0,380.0,175.0"
6501,2362311,2362311,1,2_hop,door,graph_box,1.0000,20,1,0,3,,500,375,"311.0,0.0,498.0,350.0"
6502,2362311,2362311,1,0_hop,bag,graph_box,1.0000,20,1,0,1,,500,375,"60.0,37.0,194.0,215.0"
6503,2362311,2362311,1,2_hop,bag,graph_box,1.0000,20,1,0,3,,500,375,"60.0,37.0,194.0,215.0"
6504,2362311,2362311,1,1_hop,bag,graph_box,1.0000,20,1,0,2,,500,375,"60.0,37.0,194.0,215.0"
6505,2362311,2362311,2,2_hop,frame,graph_box,1.0000,20,5,4,3,,500,375,"438.0,48.0,499.0,317.0"
6507,2400147,2400147,1,0_hop,wings,graph_box,1.0000,26,1,0,1,,500,444,"256.0,197.0,456.0,244.0"
6508,2377385,2377385,1,0_hop,headboard,graph_box,1.0000,15,1,0,1,,374,500,"328.0,0.0,373.0,142.0"
6509,2372158,2372158,1,0_hop,pole,graph_box,1.0000,9,1,0,1,,350,233,"212.0,0.0,227.0,76.0"
6510,2372158,2372158,1,2_hop,pole,graph_box,1.0000,9,1,0,3,,350,233,"212.0,0.0,227.0,76.0"
6511,2410951,2410951,1,2_hop,spoon,graph_box,1.0000,14,1,0,3,,500,375,"373.0,52.0,485.0,180.0"
6512,2410951,2410951,1,2_hop,liquid,graph_box,1.0000,14,1,0,3,,500,375,"232.0,1.0,300.0,61.0"
6514,2391802,2391802,2,2_hop,horse,graph_box,1.0000,26,2,1,3,,500,335,"114.0,132.0,390.0,333.0"
6515,2391802,2391802,2,1_hop,horse,graph_box,1.0000,26,2,1,2,,500,335,"114.0,132.0,390.0,333.0"
6516,2391802,2391802,3,2_hop,horse,graph_box,1.0000,26,2,1,3,,500,335,"114.0,132.0,390.0,333.0"
6518,2371178,2371178,2,2_hop,post,graph_box,1.0000,31,1,0,3,,375,500,"118.0,118.0,292.0,178.0"
6521,2401435,2401435,2,1_hop,guy,graph_box,1.0000,22,1,0,2,,500,333,"127.0,0.0,188.0,127.0"
6524,2386032,2386032,1,0_hop,drapes,graph_box,1.0000,17,1,0,1,,500,500,"213.0,0.0,499.0,187.0"
6525,2386032,2386032,1,2_hop,drapes,graph_box,1.0000,17,1,0,3,,500,500,"213.0,0.0,499.0,187.0"
6526,2358034,2358034,2,and,kettle,graph_box,1.0000,30,2,1,3,,333,500,"211.0,216.0,330.0,379.0"
6527,2320456,2320456,2,1_hop,side table,graph_box,1.0000,29,1,0,2,,500,333,"375.0,239.0,500.0,319.0"
6528,2325132,2325132,1,0_hop,tree,graph_box,1.0000,17,1,0,1,,500,375,"0.0,1.0,294.0,217.0"
6529,2325132,2325132,1,0_hop,pole,graph_box,1.0000,17,1,0,1,,500,375,"297.0,0.0,312.0,152.0"
6532,2354201,2354201,2,2_hop,pillow,graph_box,1.0000,15,1,0,3,,375,500,"1.0,258.0,59.0,341.0"
6534,2397873,2397873,1,2_hop,train tracks,graph_box,1.0000,7,1,0,3,,500,375,"218.0,235.0,479.0,373.0"
6535,2397873,2397873,1,1_hop,train tracks,graph_box,1.0000,7,1,0,2,,500,375,"218.0,235.0,479.0,373.0"
6536,2415204,2415204,1,2_hop,meat,graph_box,1.0000,16,1,0,3,,333,500,"171.0,330.0,311.0,398.0"
6537,2362418,2362418,1,0_hop,dog,graph_box,1.0000,19,1,0,1,,500,334,"77.0,185.0,125.0,227.0"
6538,2362418,2362418,1,2_hop,dog,graph_box,1.0000,19,1,0,3,,500,334,"77.0,185.0,125.0,227.0"
6539,2384254,2384254,1,and,table,graph_box,1.0000,14,1,0,3,,500,375,"384.0,165.0,482.0,265.0"
6543,2316696,2316696,2,and,trunk,graph_box,1.0000,28,2,1,3,,500,375,"250.0,0.0,344.0,206.0"
6544,2316696,2316696,1,1_hop,building,graph_box,1.0000,28,1,0,2,,500,375,"176.0,12.0,496.0,117.0"
6546,2411437,2411437,1,2_hop,child,graph_box,1.0000,18,1,0,3,,374,500,"60.0,169.0,203.0,498.0"
6547,2411437,2411437,1,and,child,graph_box,1.0000,18,1,0,3,,374,500,"60.0,169.0,203.0,498.0"
6548,2411437,2411437,2,2_hop,cupboard,graph_box,1.0000,18,1,0,3,,374,500,"41.0,0.0,372.0,66.0"
6549,2411437,2411437,1,1_hop,cupboard,graph_box,1.0000,18,1,0,2,,374,500,"41.0,0.0,372.0,66.0"
6550,2976,2976,1,2_hop,dumpster,graph_box,1.0000,6,1,0,3,,800,600,"400.0,477.0,575.0,560.0"
6551,2358623,2358623,2,1_hop,giraffe,graph_box,1.0000,25,3,2,2,,500,333,"97.0,113.0,142.0,209.0"
6552,2406733,2406733,1,0_hop,gate,graph_box,1.0000,19,1,0,1,,375,500,"244.0,0.0,375.0,342.0"
6553,2406733,2406733,1,2_hop,gate,graph_box,1.0000,19,1,0,3,,375,500,"244.0,0.0,375.0,342.0"
6554,2406733,2406733,1,0_hop,sack,graph_box,1.0000,19,1,0,1,,375,500,"180.0,251.0,227.0,326.0"
6555,2406733,2406733,1,2_hop,sack,graph_box,1.0000,19,1,0,3,,375,500,"180.0,251.0,227.0,326.0"
6557,2406734,2406734,2,and,man,graph_box,1.0000,36,4,3,3,,500,333,"443.0,1.0,484.0,218.0"
6559,2320845,2320845,1,0_hop,soup,graph_box,1.0000,12,1,0,1,,500,375,"89.0,12.0,219.0,46.0"
6560,2320845,2320845,1,2_hop,bowl,graph_box,0.9643,12,1,0,3,,500,375,"42.5,0.9,271.2,161.4"
6562,2399130,2399130,1,0_hop,tower,graph_box,1.0000,6,1,0,1,,500,334,"2.0,90.0,450.0,333.0"
6563,2406659,2406659,1,2_hop,building,graph_box,1.0000,18,1,0,3,,500,333,"154.0,146.0,499.0,222.0"
6564,2406659,2406659,1,1_hop,building,graph_box,1.0000,18,1,0,2,,500,333,"154.0,146.0,499.0,222.0"
6565,2318392,2318392,1,2_hop,tray,graph_box,1.0000,22,1,0,3,,500,333,"307.0,143.0,457.0,170.0"
6568,2383780,2383780,1,0_hop,vase,graph_box,1.0000,22,1,0,1,,500,375,"359.0,133.0,398.0,238.0"
6569,2383780,2383780,1,and,vase,graph_box,1.0000,22,1,0,3,,500,375,"359.0,133.0,398.0,238.0"
6570,2383780,2383780,1,1_hop,fork,graph_box,1.0000,22,1,0,2,,500,375,"39.0,269.0,74.0,369.0"
6571,2383780,2383780,2,0_hop,chair,graph_box,1.0000,22,2,1,1,,500,375,"11.0,16.0,286.0,199.0"
6573,2414341,2414341,1,0_hop,tie,graph_box,1.0000,11,1,0,1,,400,500,"67.0,298.0,175.0,499.0"
6574,2333915,2333915,1,2_hop,celery,graph_box,1.0000,7,1,0,3,,500,333,"111.0,98.0,381.0,281.0"
6575,2389153,2389153,1,0_hop,pole,graph_box,1.0000,20,1,0,1,,500,375,"0.0,290.0,314.0,310.0"
6576,2389153,2389153,1,1_hop,hurdle,graph_box,1.0000,20,1,0,2,,500,375,"0.0,196.0,355.0,356.0"
6577,2319425,2319425,1,1_hop,tent,graph_box,1.0000,17,1,0,2,,500,311,"124.0,98.0,214.0,145.0"
6580,2398097,2398097,1,0_hop,sheep,graph_box,1.0000,16,1,0,1,,500,375,"181.0,65.0,403.0,348.0"
6581,2398893,2398893,1,0_hop,seat,graph_box,1.0000,10,1,0,1,,500,375,"314.0,167.0,384.0,197.0"
6582,1526,1526,2,0_hop,chair,graph_box,1.0000,14,2,1,1,,800,600,"455.0,245.0,798.0,599.0"
6583,1526,1526,2,2_hop,chair,graph_box,1.0000,14,2,1,3,,800,600,"455.0,245.0,798.0,599.0"
6584,1526,1526,2,and,chair,graph_box,1.0000,14,2,1,3,,800,600,"455.0,245.0,798.0,599.0"
6585,1526,1526,3,2_hop,chair,graph_box,1.0000,14,2,1,3,,800,600,"455.0,245.0,798.0,599.0"
6586,1526,1526,3,1_hop,chair,graph_box,1.0000,14,2,1,2,,800,600,"455.0,245.0,798.0,599.0"
6587,1526,1526,1,0_hop,desk,graph_box,1.0000,14,1,0,1,,800,600,"9.0,179.0,688.0,399.0"
6589,2340926,2340926,2,0_hop,shelves,graph_box,1.0000,17,1,0,1,,500,375,"447.0,112.0,500.0,207.0"
6590,2340926,2340926,1,2_hop,backpack,graph_box,1.0000,17,1,0,3,,500,375,"39.0,133.0,99.0,190.0"
6593,2378852,2378852,2,and,door,graph_box,1.0000,26,2,1,3,,500,296,"285.0,167.0,330.0,253.0"
6594,2378852,2378852,1,1_hop,trash can,graph_box,1.0000,26,1,0,2,,500,296,"166.0,205.0,212.0,264.0"
6595,2349860,2349860,1,1_hop,building,graph_box,1.0000,18,1,0,2,,375,500,"0.0,0.0,135.0,187.0"
6603,2378858,2378858,1,0_hop,water,graph_box,1.0000,12,1,0,1,,500,375,"15.0,210.0,499.0,244.0"
6604,2378858,2378858,1,2_hop,tree,graph_box,1.0000,12,1,0,3,,500,375,"3.0,90.0,72.0,236.0"
6608,2358011,2358011,1,2_hop,granola,graph_box,1.0000,9,1,0,3,,375,500,"190.0,166.0,312.0,257.0"
6609,2358011,2358011,1,and,granola,graph_box,1.0000,9,1,0,3,,375,500,"190.0,166.0,312.0,257.0"
6610,2405249,2405249,1,0_hop,girl,graph_box,1.0000,14,1,0,1,,500,333,"262.0,5.0,438.0,304.0"
6611,2405249,2405249,1,2_hop,girl,graph_box,1.0000,14,1,0,3,,500,333,"262.0,5.0,438.0,304.0"
6612,2405249,2405249,1,and,girl,graph_box,1.0000,14,1,0,3,,500,333,"262.0,5.0,438.0,304.0"
6617,2406392,2406392,1,1_hop,bridge,graph_box,1.0000,12,1,0,2,,500,343,"3.0,107.0,501.0,235.0"
6618,2352179,2352179,2,and,people,graph_box,1.0000,24,1,0,3,,500,333,"143.0,3.0,310.0,326.0"
6619,2383197,2383197,1,0_hop,bread,graph_box,1.0000,16,1,0,1,,500,375,"7.0,134.0,143.0,237.0"
6620,2383197,2383197,1,2_hop,bread,graph_box,1.0000,16,1,0,3,,500,375,"7.0,134.0,143.0,237.0"
6621,2383197,2383197,2,0_hop,plate,graph_box,1.0000,16,2,1,1,,500,375,"269.0,126.0,499.0,353.0"
6622,2383197,2383197,2,2_hop,plate,graph_box,1.0000,16,2,1,3,,500,375,"269.0,126.0,499.0,353.0"
6623,2383197,2383197,2,and,plate,graph_box,1.0000,16,2,1,3,,500,375,"269.0,126.0,499.0,353.0"
6626,2365427,2365427,1,0_hop,bat,graph_box,1.0000,14,1,0,1,,400,500,"27.0,207.0,169.0,298.0"
6627,2365427,2365427,1,2_hop,bat,graph_box,1.0000,14,1,0,3,,400,500,"27.0,207.0,169.0,298.0"
6628,2362436,2362436,1,1_hop,pizza,graph_box,1.0000,10,1,0,2,,500,375,"39.0,60.0,264.0,161.0"
6630,715,715,2,2_hop,dock,graph_box,1.0000,6,2,1,3,,800,600,"353.0,269.0,799.0,410.0"
6633,715,715,2,1_hop,dock,graph_box,1.0000,6,2,1,2,,800,600,"27.0,430.0,797.0,520.0"
6634,2344826,2344826,1,0_hop,router,graph_box,1.0000,23,1,0,1,,500,374,"108.0,288.0,163.0,336.0"
6635,2344826,2344826,1,1_hop,router,graph_box,1.0000,23,1,0,2,,500,374,"108.0,288.0,163.0,336.0"
6637,2377088,2377088,2,2_hop,table,graph_box,1.0000,14,2,1,3,,500,375,"178.0,226.0,317.0,291.0"
6638,2377088,2377088,2,1_hop,table,graph_box,1.0000,14,2,1,2,,500,375,"178.0,226.0,317.0,291.0"
6639,2382202,2382202,1,1_hop,man,graph_box,1.0000,3,1,0,2,,333,500,"135.0,259.0,293.0,468.0"
6640,2396253,2396253,1,and,bench,graph_box,1.0000,13,1,0,3,,500,334,"0.0,255.0,135.0,289.0"
6641,2413503,2413503,2,0_hop,snowboard,graph_box,1.0000,18,2,1,1,,500,375,"304.0,280.0,361.0,336.0"
6642,2413503,2413503,2,1_hop,snowboard,graph_box,1.0000,18,2,1,2,,500,375,"304.0,280.0,361.0,336.0"
6643,2402996,2402996,2,0_hop,cutting board,graph_box,1.0000,22,1,0,1,,500,375,"0.0,295.0,52.0,346.0"
6644,2402996,2402996,1,2_hop,cutting board,graph_box,1.0000,22,1,0,3,,500,375,"0.0,295.0,52.0,346.0"
6647,2410600,2410600,1,0_hop,calf,graph_box,1.0000,11,1,0,1,,500,375,"83.0,100.0,396.0,273.0"
6648,2357062,2357062,1,0_hop,spoon,graph_box,1.0000,8,1,0,1,,375,500,"171.0,261.0,375.0,433.0"
6649,2374973,2374973,1,0_hop,fence,graph_box,1.0000,20,1,0,1,,500,375,"0.0,105.0,498.0,194.0"
6650,2374973,2374973,1,1_hop,fence,graph_box,1.0000,20,1,0,2,,500,375,"0.0,105.0,498.0,194.0"
6653,2336704,2336704,1,2_hop,laptop,graph_box,1.0000,14,1,0,3,,500,375,"189.0,132.0,376.0,313.0"
6654,2336704,2336704,1,and,laptop,graph_box,1.0000,14,1,0,3,,500,375,"189.0,132.0,376.0,313.0"
6655,2336704,2336704,1,0_hop,desk,graph_box,1.0000,14,1,0,1,,500,375,"18.0,129.0,495.0,372.0"
6656,2336704,2336704,1,2_hop,monitor,graph_box,1.0000,14,1,0,3,,500,375,"228.0,6.0,433.0,176.0"
6658,2330018,2330018,1,0_hop,paper,graph_box,1.0000,11,1,0,1,,500,375,"302.0,195.0,370.0,230.0"
6659,2330018,2330018,1,2_hop,paper,graph_box,1.0000,11,1,0,3,,500,375,"302.0,195.0,370.0,230.0"
6660,2330018,2330018,1,1_hop,paper,graph_box,1.0000,11,1,0,2,,500,375,"302.0,195.0,370.0,230.0"
6661,2330018,2330018,1,0_hop,keyboard,graph_box,1.0000,11,1,0,1,,500,375,"0.0,313.0,292.0,375.0"
6665,2389137,2389137,1,0_hop,roof,graph_box,1.0000,10,1,0,1,,333,500,"96.0,139.0,256.0,171.0"
6670,2348827,2348827,1,0_hop,drapes,graph_box,1.0000,28,1,0,1,,500,375,"140.0,6.0,497.0,177.0"
6671,2348827,2348827,1,1_hop,drapes,graph_box,1.0000,28,1,0,2,,500,375,"140.0,6.0,497.0,177.0"
6672,2380504,2380504,1,and,woman,graph_box,1.0000,20,1,0,3,,375,500,"52.0,1.0,273.0,499.0"
6673,1159258,1159258,1,0_hop,monitors,graph_box,1.0000,10,1,0,1,,1024,576,"223.0,154.0,887.0,418.0"
6676,2408827,2408827,1,1_hop,toppings,graph_box,1.0000,11,1,0,2,,500,332,"77.0,106.0,393.0,208.0"
6681,2375348,2375348,3,2_hop,mirror,graph_box,1.0000,22,5,4,3,,375,500,"307.0,77.0,373.0,389.0"
6682,2375692,2375692,1,and,hill,graph_box,1.0000,10,1,0,3,,500,375,"310.0,45.0,500.0,149.0"
6683,2394870,2394870,1,0_hop,letters,graph_box,1.0000,13,1,0,1,,500,281,"280.0,132.0,357.0,173.0"
6684,2361636,2361636,2,1_hop,bus,graph_box,1.0000,10,2,1,2,,500,375,"369.0,229.0,461.0,292.0"
6685,2361636,2361636,1,0_hop,airplane,graph_box,1.0000,10,1,0,1,,500,375,"91.0,144.0,428.0,259.0"
6687,2386922,2386922,1,1_hop,mane,graph_box,1.0000,21,1,0,2,,333,500,"105.0,251.0,159.0,315.0"
6688,2318586,2318586,1,0_hop,pole,graph_box,1.0000,21,1,0,1,,500,375,"157.0,1.0,174.0,124.0"
6689,2318586,2318586,1,2_hop,pole,graph_box,1.0000,21,1,0,3,,500,375,"157.0,1.0,174.0,124.0"
6690,2318586,2318586,1,2_hop,dog,graph_box,1.0000,21,1,0,3,,500,375,"80.0,93.0,286.0,364.0"
6691,2317381,2317381,1,and,door,graph_box,1.0000,26,1,0,3,,500,332,"325.0,0.0,462.0,179.0"
6692,2317381,2317381,1,and,man,graph_box,1.0000,26,1,0,3,,500,332,"0.0,0.0,240.0,330.0"
6695,2316836,2316836,1,0_hop,bell,graph_box,1.0000,20,1,0,1,,500,281,"299.0,198.0,333.0,256.0"
6696,2342827,2342827,1,0_hop,table,graph_box,1.0000,7,1,0,1,,500,435,"0.0,298.0,497.0,431.0"
6697,2342827,2342827,1,0_hop,cabbage,graph_box,1.0000,7,1,0,1,,500,435,"0.0,0.0,187.0,97.0"
6698,2328520,2328520,1,0_hop,clock,graph_box,1.0000,14,1,0,1,,341,500,"146.0,159.0,191.0,206.0"
6700,2328520,2328520,1,1_hop,clock,graph_box,1.0000,14,1,0,2,,341,500,"146.0,159.0,191.0,206.0"
6703,2367000,2367000,1,2_hop,man,graph_box,1.0000,17,1,0,3,,500,283,"163.0,27.0,286.0,252.0"
6704,2367000,2367000,1,2_hop,horn,graph_box,1.0000,17,1,0,3,,500,283,"200.0,48.0,293.0,71.0"
6705,2327106,2327106,1,1_hop,suv,graph_box,1.0000,29,1,0,2,,500,333,"2.0,172.0,101.0,262.0"
6706,2316520,2316520,2,1_hop,man,graph_box,1.0000,19,2,1,2,,333,500,"235.0,156.0,333.0,501.0"
6707,2316520,2316520,3,2_hop,man,graph_box,1.0000,19,2,1,3,,333,500,"235.0,156.0,333.0,501.0"
6708,2338974,2338974,1,1_hop,fence,objects_id_first,0.3456,19,1,0,2,,500,375,"219.3,0.9,496.8,115.9"
6709,2338974,2338974,2,1_hop,giraffe,graph_box,1.0000,19,2,1,2,,500,375,"39.0,107.0,370.0,303.0"
6710,2325453,2325453,1,0_hop,rock,graph_box,1.0000,21,1,0,1,,500,334,"131.0,119.0,243.0,191.0"
6711,713086,713086,2,and,man,graph_box,1.0000,26,2,1,3,,1024,680,"642.0,126.0,1023.0,681.0"
6713,713086,713086,1,1_hop,bottle,graph_box,1.0000,26,1,0,2,,1024,680,"254.0,335.0,365.0,491.0"
6714,2391763,2391763,1,2_hop,carpet,graph_box,1.0000,18,1,0,3,,500,335,"116.0,224.0,179.0,281.0"
6715,2391763,2391763,1,and,carpet,graph_box,1.0000,18,1,0,3,,500,335,"116.0,224.0,179.0,281.0"
6716,2391763,2391763,1,2_hop,fireplace,graph_box,1.0000,18,1,0,3,,500,335,"73.0,122.0,160.0,231.0"
6717,2391763,2391763,1,and,fireplace,objects_id_first,0.4781,18,1,0,3,,500,335,"74.6,166.6,157.0,221.7"
6718,2391761,2391761,1,0_hop,courtyard,objects_id_first,0.2393,10,1,0,1,,500,325,"2.0,188.3,497.0,323.4"
6719,2406618,2406618,1,2_hop,tree trunk,graph_box,1.0000,16,1,0,3,,500,282,"49.0,0.0,153.0,214.0"
6720,2406618,2406618,1,and,tree trunk,graph_box,1.0000,16,1,0,3,,500,282,"49.0,0.0,153.0,214.0"
6721,2406331,2406331,1,0_hop,woman,graph_box,1.0000,14,1,0,1,,387,500,"36.0,176.0,142.0,451.0"
6722,2406331,2406331,1,2_hop,woman,graph_box,1.0000,14,1,0,3,,387,500,"36.0,176.0,142.0,451.0"
6723,2406331,2406331,1,and,woman,graph_box,1.0000,14,1,0,3,,387,500,"36.0,176.0,142.0,451.0"
6724,2406331,2406331,1,2_hop,bike,graph_box,1.0000,14,1,0,3,,387,500,"42.0,298.0,137.0,474.0"
6725,2406331,2406331,1,1_hop,bike,graph_box,1.0000,14,1,0,2,,387,500,"42.0,298.0,137.0,474.0"
6727,2383405,2383405,1,0_hop,water,graph_box,1.0000,17,1,0,1,,375,500,"2.0,330.0,372.0,432.0"
6728,2325870,2325870,2,and,sign,graph_box,1.0000,18,2,1,3,,500,348,"90.0,47.0,159.0,136.0"
6729,2339294,2339294,2,1_hop,car,graph_box,1.0000,23,3,2,2,,500,281,"242.0,145.0,423.0,201.0"
6730,2339294,2339294,3,2_hop,car,graph_box,1.0000,23,3,2,3,,500,281,"242.0,145.0,423.0,201.0"
6731,2399966,2399966,2,2_hop,towels,graph_box,1.0000,16,2,1,3,,375,500,"1.0,259.0,44.0,321.0"
6732,2399966,2399966,2,1_hop,towels,graph_box,1.0000,16,2,1,2,,375,500,"1.0,259.0,44.0,321.0"
6733,2399966,2399966,1,0_hop,toilet,graph_box,1.0000,16,1,0,1,,375,500,"268.0,300.0,373.0,498.0"
6734,2399966,2399966,1,0_hop,countertop,graph_box,1.0000,16,1,0,1,,375,500,"0.0,227.0,270.0,263.0"
6735,3769,3769,1,0_hop,bag,graph_box,1.0000,7,1,0,1,,800,601,"423.0,306.0,514.0,536.0"
6736,2396519,2396519,1,0_hop,icing,graph_box,1.0000,17,1,0,1,,500,375,"158.0,93.0,286.0,209.0"
6737,2396519,2396519,3,2_hop,donut,graph_box,1.0000,17,4,3,3,,500,375,"137.0,86.0,308.0,229.0"
6738,2364729,2364729,2,2_hop,cabinet,graph_box,1.0000,20,2,1,3,,480,360,"208.0,2.0,289.0,209.0"
6739,2364729,2364729,2,1_hop,cabinet,graph_box,1.0000,20,2,1,2,,480,360,"208.0,2.0,289.0,209.0"
6740,2364729,2364729,2,and,drawer,graph_box,1.0000,20,1,0,3,,480,360,"206.0,0.0,276.0,75.0"
6741,2364729,2364729,2,2_hop,door,graph_box,1.0000,20,2,1,3,,480,360,"65.0,1.0,155.0,213.0"
6743,2364729,2364729,3,2_hop,door,graph_box,1.0000,20,2,1,3,,480,360,"65.0,1.0,155.0,213.0"
6744,2355813,2355813,1,and,refrigerator,graph_box,1.0000,18,1,0,3,,500,334,"23.0,110.0,127.0,330.0"
6745,2331925,2331925,2,and,trunk,graph_box,1.0000,13,1,0,3,,500,337,"14.0,0.0,134.0,286.0"
6746,2405190,2405190,1,0_hop,rug,graph_box,1.0000,15,1,0,1,,500,375,"273.0,348.0,360.0,375.0"
6747,2405190,2405190,1,2_hop,rug,graph_box,1.0000,15,1,0,3,,500,375,"273.0,348.0,360.0,375.0"
6748,2405190,2405190,1,2_hop,cupboard,graph_box,1.0000,15,1,0,3,,500,375,"31.0,239.0,212.0,375.0"
6749,2327696,2327696,1,0_hop,banana,graph_box,1.0000,8,1,0,1,,500,375,"106.0,88.0,426.0,220.0"
6750,2327696,2327696,1,and,banana,graph_box,1.0000,8,1,0,3,,500,375,"106.0,88.0,426.0,220.0"
6751,2327696,2327696,1,and,spoon,graph_box,1.0000,8,1,0,3,,500,375,"191.0,162.0,424.0,308.0"
6752,2376143,2376143,1,0_hop,book,graph_box,1.0000,12,1,0,1,,500,426,"301.0,156.0,409.0,181.0"
6753,2410601,2410601,1,0_hop,knife,graph_box,1.0000,3,1,0,1,,500,375,"6.0,7.0,488.0,231.0"
6754,2410601,2410601,1,1_hop,knife,graph_box,1.0000,3,1,0,2,,500,375,"6.0,7.0,488.0,231.0"
6755,2329558,2329558,1,1_hop,boat,graph_box,1.0000,15,1,0,2,,500,375,"50.0,79.0,498.0,374.0"
6756,2355685,2355685,2,and,bag,graph_box,1.0000,33,2,1,3,,375,500,"15.0,117.0,84.0,233.0"
6757,2397007,2397007,1,0_hop,bag,graph_box,1.0000,15,1,0,1,,500,375,"411.0,88.0,446.0,145.0"
6758,2397007,2397007,1,0_hop,faucet,graph_box,1.0000,15,1,0,1,,500,375,"413.0,236.0,491.0,269.0"
6759,2397007,2397007,1,1_hop,faucet,graph_box,1.0000,15,1,0,2,,500,375,"413.0,236.0,491.0,269.0"
6760,2389800,2389800,1,1_hop,street sign,graph_box,1.0000,10,1,0,2,,500,500,"102.0,308.0,320.0,421.0"
6764,2402870,2402870,1,and,pizza,graph_box,1.0000,13,1,0,3,,500,375,"32.0,58.0,453.0,342.0"
6767,2363020,2363020,2,1_hop,couch,graph_box,1.0000,29,2,1,2,,375,500,"0.0,201.0,209.0,444.0"
6769,2376490,2376490,1,0_hop,man,graph_box,1.0000,13,1,0,1,,500,333,"0.0,0.0,242.0,192.0"
6772,713692,713692,1,2_hop,bookshelf,graph_box,1.0000,34,1,0,3,,828,1024,"439.0,273.0,606.0,688.0"
6776,713692,713692,2,2_hop,newspaper,graph_box,1.0000,34,2,1,3,,828,1024,"736.0,843.0,829.0,948.0"
6777,713692,713692,2,1_hop,newspaper,graph_box,1.0000,34,2,1,2,,828,1024,"736.0,843.0,829.0,948.0"
6778,713692,713692,3,2_hop,newspaper,graph_box,1.0000,34,2,1,3,,828,1024,"736.0,843.0,829.0,948.0"
6779,2410046,2410046,1,2_hop,woman,graph_box,1.0000,21,1,0,3,to the right,500,375,"296.0,122.0,432.0,374.0"
6780,2410046,2410046,1,1_hop,woman,graph_box,1.0000,21,1,0,2,to the right,500,375,"296.0,122.0,432.0,374.0"
6781,2317810,2317810,2,2_hop,bus,graph_box,1.0000,23,2,1,3,to the left,500,500,"1.0,0.0,113.0,253.0"
6782,2317810,2317810,2,1_hop,bus,graph_box,1.0000,23,2,1,2,to the left,500,500,"1.0,0.0,113.0,253.0"
6783,2317810,2317810,2,2_hop,bus,graph_box,1.0000,23,2,1,3,to the right,500,500,"201.0,34.0,500.0,207.0"
6784,2317810,2317810,2,1_hop,bus,graph_box,1.0000,23,2,1,2,to the right,500,500,"201.0,34.0,500.0,207.0"
6787,2397589,2397589,1,and,laptop,graph_box,1.0000,15,1,0,3,to the center,500,375,"179.0,136.0,280.0,227.0"
6788,2397589,2397589,1,0_hop,lamp,graph_box,1.0000,15,1,0,1,to the left,500,375,"13.0,156.0,123.0,290.0"
6790,2343318,2343318,2,and,car,graph_box,1.0000,20,2,1,3,to the left,500,375,"83.0,149.0,216.0,189.0"
6791,2352686,2352686,1,2_hop,man,graph_box,1.0000,29,1,0,3,to the left,500,326,"68.0,141.0,207.0,318.0"
6792,2352686,2352686,1,and,man,graph_box,1.0000,29,1,0,3,to the left,500,326,"68.0,141.0,207.0,318.0"
6794,2321343,2321343,1,0_hop,bike,graph_box,1.0000,31,1,0,1,to the center,500,333,"59.0,36.0,437.0,332.0"
6795,2395326,2395326,2,0_hop,cow,graph_box,1.0000,14,2,1,1,to the center,500,375,"133.0,199.0,263.0,298.0"
6797,2395326,2395326,2,1_hop,cow,graph_box,1.0000,14,2,1,2,to the center,500,375,"133.0,199.0,263.0,298.0"
6798,2347208,2347208,1,and,chair,graph_box,1.0000,17,1,0,3,to the left,500,333,"16.0,232.0,140.0,334.0"
6799,2347208,2347208,2,2_hop,pillow,graph_box,1.0000,17,2,1,3,to the center,500,333,"130.0,175.0,226.0,226.0"
6800,2347208,2347208,2,1_hop,pillow,graph_box,1.0000,17,2,1,2,to the center,500,333,"130.0,175.0,226.0,226.0"
6801,2347208,2347208,1,and,blanket,graph_box,1.0000,17,1,0,3,to the center,500,333,"202.0,191.0,422.0,334.0"
6804,2380477,2380477,1,1_hop,man,graph_box,1.0000,15,1,0,2,to the center,333,500,"149.0,99.0,294.0,445.0"
6805,1592614,1592614,1,0_hop,surfboard,graph_box,1.0000,4,1,0,1,to the center,1024,683,"321.0,117.0,794.0,683.0"
6806,2365742,2365742,1,0_hop,sofa,graph_box,1.0000,19,1,0,1,to the center,500,333,"176.0,120.0,400.0,186.0"
6807,2365742,2365742,1,2_hop,sofa,graph_box,1.0000,19,1,0,3,to the center,500,333,"176.0,120.0,400.0,186.0"
6808,2365742,2365742,2,0_hop,chair,graph_box,1.0000,19,2,1,1,to the left,500,333,"61.0,141.0,224.0,312.0"
6809,2365742,2365742,1,0_hop,picture,graph_box,1.0000,19,1,0,1,to the right,500,333,"306.0,1.0,378.0,90.0"
6810,2365742,2365742,1,2_hop,table,graph_box,1.0000,19,1,0,3,to the right,500,333,"205.0,185.0,493.0,261.0"
6811,2365742,2365742,1,and,table,graph_box,1.0000,19,1,0,3,to the right,500,333,"205.0,185.0,493.0,261.0"
6812,2394857,2394857,1,0_hop,bus,graph_box,1.0000,19,1,0,1,to the center,500,355,"182.0,47.0,384.0,299.0"
6813,2402409,2402409,1,0_hop,bench,graph_box,1.0000,15,1,0,1,to the center,500,348,"2.0,157.0,382.0,296.0"
6814,2402409,2402409,1,2_hop,bench,graph_box,1.0000,15,1,0,3,to the center,500,348,"2.0,157.0,382.0,296.0"
6815,2402409,2402409,1,1_hop,bench,graph_box,1.0000,15,1,0,2,to the center,500,348,"2.0,157.0,382.0,296.0"
6816,2349252,2349252,2,2_hop,table,graph_box,1.0000,19,2,1,3,to the left,500,357,"87.0,220.0,205.0,334.0"
6817,2349252,2349252,2,and,table,graph_box,1.0000,19,2,1,3,to the left,500,357,"87.0,220.0,205.0,334.0"
6818,2349252,2349252,2,2_hop,lamp,graph_box,1.0000,19,2,1,3,to the left,500,357,"86.0,142.0,138.0,236.0"
6819,2349252,2349252,2,and,lamp,graph_box,1.0000,19,2,1,3,to the left,500,357,"86.0,142.0,138.0,236.0"
6820,2349252,2349252,3,2_hop,lamp,graph_box,1.0000,19,2,1,3,to the left,500,357,"86.0,142.0,138.0,236.0"
6821,2385147,2385147,1,0_hop,bus,graph_box,1.0000,26,1,0,1,to the center,500,333,"158.0,69.0,326.0,262.0"
6823,2332297,2332297,1,and,girl,graph_box,1.0000,15,1,0,3,to the center,500,395,"135.0,23.0,368.0,366.0"
6824,2332297,2332297,1,0_hop,stuffed bear,graph_box,1.0000,15,1,0,1,to the center,500,395,"204.0,124.0,307.0,278.0"
6825,515,515,1,0_hop,table,graph_box,1.0000,18,1,0,1,to the center,800,600,"421.0,456.0,574.0,599.0"
6826,2404666,2404666,2,1_hop,man,graph_box,1.0000,17,2,1,2,to the center,500,500,"131.0,322.0,210.0,409.0"
6827,2404666,2404666,2,1_hop,man,graph_box,1.0000,17,2,1,2,to the center,500,500,"256.0,232.0,369.0,299.0"
6828,2354042,2354042,2,1_hop,guy,graph_box,1.0000,21,2,1,2,to the right,500,375,"361.0,169.0,451.0,361.0"
6831,2331015,2331015,1,0_hop,train,graph_box,1.0000,20,1,0,1,to the center,331,500,"93.0,279.0,225.0,436.0"
6833,2325854,2325854,2,and,zebra,graph_box,1.0000,11,2,1,3,to the right,500,400,"230.0,9.0,477.0,372.0"
6834,2325854,2325854,2,2_hop,zebra,graph_box,1.0000,11,2,1,3,to the left,500,400,"7.0,151.0,288.0,353.0"
6835,2325854,2325854,2,1_hop,zebra,graph_box,1.0000,11,2,1,2,to the left,500,400,"7.0,151.0,288.0,353.0"
6836,497942,497942,1,and,woman,graph_box,1.0000,29,1,0,3,to the right,768,1024,"514.0,336.0,728.0,876.0"
6837,497942,497942,1,0_hop,post,graph_box,1.0000,29,1,0,1,to the center,768,1024,"237.0,473.0,328.0,1024.0"
6838,497942,497942,1,2_hop,post,graph_box,1.0000,29,1,0,3,to the center,768,1024,"237.0,473.0,328.0,1024.0"
6839,497942,497942,2,2_hop,sheep,graph_box,1.0000,29,4,3,3,to the left,768,1024,"0.0,588.0,258.0,862.0"
6840,497942,497942,2,and,sheep,graph_box,1.0000,29,4,3,3,to the left,768,1024,"0.0,588.0,258.0,862.0"
6841,497942,497942,2,2_hop,sheep,graph_box,1.0000,29,4,3,3,to the right,768,1024,"616.0,578.0,767.0,884.0"
6843,497942,497942,2,2_hop,sheep,graph_box,1.0000,29,4,3,3,to the center,768,1024,"333.0,573.0,596.0,874.0"
6844,497942,497942,2,1_hop,sheep,graph_box,1.0000,29,4,3,2,to the center,768,1024,"333.0,573.0,596.0,874.0"
6845,2407387,2407387,2,2_hop,man,graph_box,1.0000,18,4,3,3,to the right,500,375,"317.0,81.0,449.0,344.0"
6846,2407387,2407387,2,1_hop,man,graph_box,1.0000,18,4,3,2,to the right,500,375,"317.0,81.0,449.0,344.0"
6847,2407387,2407387,1,and,paddle,graph_box,1.0000,18,1,0,3,to the center,500,375,"250.0,117.0,368.0,291.0"
6850,4622,4622,1,1_hop,table,graph_box,1.0000,12,1,0,2,to the center,800,600,"326.0,197.0,597.0,358.0"
6852,2356371,2356371,2,1_hop,table,graph_box,1.0000,27,2,1,2,to the center,500,375,"2.0,239.0,361.0,375.0"
6853,2327900,2327900,1,0_hop,man,graph_box,1.0000,22,1,0,1,to the right,500,333,"330.0,158.0,380.0,332.0"
6854,2327900,2327900,1,2_hop,elephant,graph_box,1.0000,22,1,0,3,to the center,500,333,"45.0,60.0,429.0,333.0"
6855,2327900,2327900,1,1_hop,elephant,graph_box,1.0000,22,1,0,2,to the center,500,333,"45.0,60.0,429.0,333.0"
6856,2388844,2388844,1,2_hop,giraffe,graph_box,1.0000,35,1,0,3,to the center,333,500,"33.0,125.0,302.0,441.0"
6857,2388844,2388844,1,and,giraffe,graph_box,1.0000,35,1,0,3,to the center,333,500,"33.0,125.0,302.0,441.0"
6858,2356128,2356128,2,0_hop,sign,graph_box,1.0000,12,5,4,1,to the right,500,334,"323.0,82.0,453.0,137.0"
6859,1592427,1592427,1,0_hop,car,graph_box,1.0000,9,1,0,1,to the center,1024,683,"0.0,245.0,767.0,675.0"
6860,1592427,1592427,1,1_hop,car,graph_box,1.0000,9,1,0,2,to the center,1024,683,"0.0,245.0,767.0,675.0"
6861,2361918,2361918,2,2_hop,bus,graph_box,1.0000,27,2,1,3,to the center,500,375,"188.0,156.0,325.0,247.0"
6862,2361918,2361918,2,1_hop,bus,graph_box,1.0000,27,2,1,2,to the center,500,375,"188.0,156.0,325.0,247.0"
6863,2403677,2403677,1,2_hop,microwave,graph_box,1.0000,30,1,0,3,to the left,334,500,"0.0,18.0,121.0,152.0"
6865,2366036,2366036,1,0_hop,bag,graph_box,1.0000,25,1,0,1,to the left,500,334,"92.0,69.0,198.0,216.0"
6866,2388669,2388669,1,2_hop,lamp,graph_box,1.0000,25,1,0,3,to the left,500,333,"65.0,28.0,101.0,190.0"
6867,2386425,2386425,1,and,bus,graph_box,1.0000,4,1,0,3,to the center,500,412,"4.0,123.0,356.0,323.0"
6868,2388667,2388667,1,0_hop,bull,graph_box,1.0000,17,1,0,1,to the center,500,281,"193.0,154.0,280.0,215.0"
6870,2326282,2326282,1,2_hop,table,graph_box,1.0000,18,1,0,3,to the center,500,243,"244.0,155.0,327.0,201.0"
6871,2326282,2326282,1,and,table,graph_box,1.0000,18,1,0,3,to the center,500,243,"244.0,155.0,327.0,201.0"
6875,2354454,2354454,1,0_hop,food truck,graph_box,1.0000,20,1,0,1,to the center,500,500,"0.0,16.0,497.0,457.0"
6876,2358744,2358744,1,2_hop,giraffe,graph_box,1.0000,16,1,0,3,to the left,375,500,"0.0,28.0,234.0,499.0"
6877,2358741,2358741,2,2_hop,bush,graph_box,1.0000,22,2,1,3,to the center,500,375,"273.0,214.0,385.0,346.0"
6878,2358741,2358741,2,1_hop,bush,graph_box,1.0000,22,2,1,2,to the center,500,375,"273.0,214.0,385.0,346.0"
6879,713488,713488,1,1_hop,surfboard,graph_box,1.0000,7,1,0,2,to the right,1229,1164,"558.0,349.0,1192.0,500.0"
6880,713488,713488,1,1_hop,man,graph_box,1.0000,7,1,0,2,to the left,1229,1164,"146.0,259.0,632.0,710.0"
6881,2382258,2382258,1,0_hop,zebra,graph_box,1.0000,13,1,0,1,to the left,500,331,"2.0,102.0,301.0,330.0"
6882,2382258,2382258,1,2_hop,zebra,graph_box,1.0000,13,1,0,3,to the left,500,331,"2.0,102.0,301.0,330.0"
6883,2410065,2410065,1,0_hop,surfboard,graph_box,1.0000,20,1,0,1,to the center,375,500,"188.0,43.0,284.0,492.0"
6884,2410065,2410065,1,0_hop,girl,graph_box,1.0000,20,1,0,1,to the center,375,500,"108.0,204.0,233.0,493.0"
6885,2410065,2410065,1,2_hop,girl,graph_box,1.0000,20,1,0,3,to the center,375,500,"108.0,204.0,233.0,493.0"
6886,2410065,2410065,1,and,girl,graph_box,1.0000,20,1,0,3,to the center,375,500,"108.0,204.0,233.0,493.0"
6887,2400997,2400997,1,0_hop,bag,graph_box,1.0000,23,1,0,1,to the right,500,375,"325.0,314.0,411.0,372.0"
6888,2400997,2400997,1,and,man,graph_box,1.0000,23,1,0,3,to the center,500,375,"132.0,10.0,380.0,374.0"
6890,2362838,2362838,1,0_hop,pot,graph_box,1.0000,23,1,0,1,to the right,500,332,"328.0,157.0,400.0,221.0"
6891,2394837,2394837,2,2_hop,car,graph_box,1.0000,16,2,1,3,to the right,500,357,"276.0,140.0,484.0,305.0"
6893,2352110,2352110,2,2_hop,elephant,graph_box,1.0000,16,4,3,3,to the center,500,333,"97.0,0.0,244.0,94.0"
6894,2352110,2352110,2,1_hop,elephant,graph_box,1.0000,16,4,3,2,to the center,500,333,"97.0,0.0,244.0,94.0"
6895,2384407,2384407,1,2_hop,man,graph_box,1.0000,15,1,0,3,to the center,500,333,"125.0,54.0,350.0,249.0"
6896,2384407,2384407,1,0_hop,snowboard,graph_box,1.0000,15,1,0,1,to the center,500,333,"25.0,225.0,463.0,285.0"
6897,2412502,2412502,1,0_hop,coffee table,graph_box,1.0000,23,1,0,1,to the center,500,331,"240.0,227.0,417.0,309.0"
6898,2412502,2412502,1,2_hop,coffee table,graph_box,1.0000,23,1,0,3,to the center,500,331,"240.0,227.0,417.0,309.0"
6899,2412502,2412502,1,0_hop,picture,graph_box,1.0000,23,1,0,1,to the center,500,331,"245.0,79.0,313.0,148.0"
6900,2412502,2412502,1,and,chair,graph_box,1.0000,23,1,0,3,to the left,500,331,"2.0,226.0,188.0,329.0"
6901,2378743,2378743,1,0_hop,trash can,graph_box,1.0000,11,1,0,1,to the right,335,500,"223.0,252.0,277.0,339.0"
6902,2378743,2378743,1,and,trash can,graph_box,1.0000,11,1,0,3,to the right,335,500,"223.0,252.0,277.0,339.0"
6905,3680,3680,1,0_hop,chair,graph_box,1.0000,19,1,0,1,to the left,640,480,"134.0,287.0,227.0,459.0"
6906,3680,3680,2,2_hop,table,graph_box,1.0000,19,2,1,3,to the left,640,480,"89.0,380.0,189.0,480.0"
6907,3680,3680,2,1_hop,table,graph_box,1.0000,19,2,1,2,to the left,640,480,"89.0,380.0,189.0,480.0"
6908,2333677,2333677,1,2_hop,bus,graph_box,1.0000,21,1,0,3,to the left,500,313,"0.0,0.0,214.0,231.0"
6909,2333677,2333677,2,2_hop,woman,graph_box,1.0000,21,2,1,3,to the center,500,313,"235.0,101.0,287.0,228.0"
6910,2333677,2333677,2,and,woman,graph_box,1.0000,21,2,1,3,to the center,500,313,"235.0,101.0,287.0,228.0"
6912,2333677,2333677,2,and,pole,graph_box,1.0000,21,2,1,3,to the center,500,313,"302.0,1.0,325.0,203.0"
6914,2404140,2404140,1,and,boy,graph_box,1.0000,24,1,0,3,to the left,281,500,"0.0,87.0,136.0,354.0"
6915,2355461,2355461,1,2_hop,girl,graph_box,1.0000,16,1,0,3,to the center,500,333,"118.0,61.0,225.0,231.0"
6916,2355462,2355462,1,0_hop,surfboard,graph_box,1.0000,19,1,0,1,to the left,500,330,"35.0,189.0,223.0,269.0"
6917,2362584,2362584,1,0_hop,man,graph_box,1.0000,23,1,0,1,to the center,500,335,"146.0,31.0,230.0,127.0"
6918,2363853,2363853,1,0_hop,bus,graph_box,1.0000,27,1,0,1,to the center,500,375,"0.0,0.0,334.0,302.0"
6919,2363853,2363853,1,and,bus,graph_box,1.0000,27,1,0,3,to the center,500,375,"0.0,0.0,334.0,302.0"
6921,2363853,2363853,2,1_hop,bicycle,graph_box,1.0000,27,2,1,2,to the center,500,375,"198.0,123.0,345.0,269.0"
6922,2363853,2363853,2,2_hop,man,graph_box,1.0000,27,2,1,3,to the left,500,375,"31.0,108.0,110.0,323.0"
6923,2363853,2363853,2,1_hop,man,graph_box,1.0000,27,2,1,2,to the left,500,375,"31.0,108.0,110.0,323.0"
6924,1159914,1159914,1,0_hop,skateboard,graph_box,1.0000,22,1,0,1,to the left,1024,681,"109.0,381.0,240.0,589.0"
6925,1159914,1159914,1,1_hop,boy,graph_box,1.0000,22,1,0,2,to the left,1024,681,"142.0,184.0,448.0,553.0"
6926,1593260,1593260,1,0_hop,bike,graph_box,1.0000,14,1,0,1,to the center,768,1024,"112.0,552.0,576.0,859.0"
6927,2406221,2406221,2,1_hop,airplane,graph_box,1.0000,19,2,1,2,to the center,500,400,"7.0,82.0,490.0,256.0"
6928,2329743,2329743,1,0_hop,kite,graph_box,1.0000,9,1,0,1,to the center,500,333,"205.0,78.0,310.0,227.0"
6929,2401792,2401792,1,0_hop,dog,graph_box,1.0000,20,1,0,1,to the center,333,500,"0.0,165.0,331.0,500.0"
6930,2401792,2401792,1,and,dog,graph_box,1.0000,20,1,0,3,to the center,333,500,"0.0,165.0,331.0,500.0"
6931,2318076,2318076,1,0_hop,player,graph_box,1.0000,23,1,0,1,to the right,500,375,"336.0,80.0,440.0,287.0"
6932,2318076,2318076,1,and,player,graph_box,1.0000,23,1,0,3,to the right,500,375,"336.0,80.0,440.0,287.0"
6934,2349511,2349511,1,0_hop,van,graph_box,1.0000,22,1,0,1,to the center,500,282,"190.0,119.0,305.0,234.0"
6935,2349511,2349511,1,and,van,graph_box,1.0000,22,1,0,3,to the center,500,282,"190.0,119.0,305.0,234.0"
6937,2347765,2347765,2,2_hop,bike,graph_box,1.0000,26,3,2,3,to the center,500,375,"139.0,151.0,260.0,373.0"
6939,2404961,2404961,1,0_hop,man,graph_box,1.0000,12,1,0,1,to the center,375,500,"83.0,229.0,235.0,500.0"
6940,2404961,2404961,1,1_hop,man,graph_box,1.0000,12,1,0,2,to the center,375,500,"83.0,229.0,235.0,500.0"
6941,2367404,2367404,2,2_hop,chicken,graph_box,1.0000,20,2,1,3,to the right,500,375,"227.0,77.0,500.0,374.0"
6942,2367404,2367404,2,and,chicken,graph_box,1.0000,20,2,1,3,to the right,500,375,"227.0,77.0,500.0,374.0"
6943,2367404,2367404,1,0_hop,table,graph_box,1.0000,20,1,0,1,to the left,500,375,"0.0,13.0,272.0,189.0"
6944,2367404,2367404,1,2_hop,table,graph_box,1.0000,20,1,0,3,to the left,500,375,"0.0,13.0,272.0,189.0"
6945,2367404,2367404,1,1_hop,table,graph_box,1.0000,20,1,0,2,to the left,500,375,"0.0,13.0,272.0,189.0"
6946,2323821,2323821,2,2_hop,woman,graph_box,1.0000,16,2,1,3,to the center,500,295,"272.0,103.0,387.0,293.0"
6948,2398754,2398754,1,0_hop,car,graph_box,1.0000,21,1,0,1,to the center,500,500,"231.0,188.0,341.0,302.0"
6949,2398754,2398754,2,0_hop,bus,graph_box,1.0000,21,2,1,1,to the right,500,500,"373.0,141.0,471.0,236.0"
6951,2398754,2398754,2,1_hop,bus,graph_box,1.0000,21,2,1,2,to the right,500,500,"373.0,141.0,471.0,236.0"
6953,2398754,2398754,2,and,vehicle,graph_box,1.0000,21,2,1,3,to the center,500,500,"222.0,203.0,338.0,301.0"
6954,2372760,2372760,1,2_hop,bus,graph_box,1.0000,11,1,0,3,to the left,500,375,"1.0,0.0,154.0,375.0"
6955,2372760,2372760,1,and,bus,graph_box,1.0000,11,1,0,3,to the left,500,375,"1.0,0.0,154.0,375.0"
6957,2343504,2343504,1,2_hop,bicycle,graph_box,1.0000,18,1,0,3,to the right,500,375,"306.0,114.0,398.0,314.0"
6958,2343504,2343504,1,1_hop,woman,graph_box,1.0000,18,1,0,2,to the center,500,375,"157.0,206.0,283.0,306.0"
6960,2391023,2391023,2,1_hop,airplane,graph_box,1.0000,16,2,1,2,to the center,500,219,"88.0,136.0,337.0,179.0"
6961,2391023,2391023,3,2_hop,airplane,graph_box,1.0000,16,2,1,3,to the center,500,219,"88.0,136.0,337.0,179.0"
6962,2341429,2341429,2,2_hop,cow,graph_box,1.0000,20,3,2,3,to the center,500,375,"266.0,133.0,357.0,273.0"
6964,2355857,2355857,2,1_hop,player,graph_box,1.0000,30,3,2,2,to the right,500,333,"314.0,103.0,419.0,196.0"
6965,2355857,2355857,3,2_hop,player,graph_box,1.0000,30,3,2,3,to the right,500,333,"314.0,103.0,419.0,196.0"
6966,2317575,2317575,2,2_hop,cow,graph_box,1.0000,40,6,5,3,to the center,500,331,"228.0,177.0,275.0,319.0"
6967,2317575,2317575,2,1_hop,cow,graph_box,1.0000,40,6,5,2,to the center,500,331,"228.0,177.0,275.0,319.0"
6968,2317575,2317575,1,0_hop,backpack,graph_box,1.0000,40,1,0,1,to the left,500,331,"63.0,130.0,142.0,242.0"
6969,2401498,2401498,1,0_hop,spatula,graph_box,1.0000,25,1,0,1,to the center,500,346,"177.0,74.0,362.0,191.0"
6970,2401498,2401498,2,2_hop,plate,graph_box,1.0000,25,2,1,3,to the center,500,346,"264.0,202.0,375.0,246.0"
6971,2401498,2401498,2,and,plate,graph_box,1.0000,25,2,1,3,to the center,500,346,"264.0,202.0,375.0,246.0"
6972,2367184,2367184,1,0_hop,airplane,graph_box,1.0000,19,1,0,1,to the center,500,234,"116.0,65.0,497.0,166.0"
6973,2367184,2367184,1,1_hop,airplane,graph_box,1.0000,19,1,0,2,to the center,500,234,"116.0,65.0,497.0,166.0"
6974,2380720,2380720,1,0_hop,broccoli,graph_box,1.0000,19,1,0,1,to the center,500,500,"87.0,302.0,363.0,499.0"
6975,2380720,2380720,1,2_hop,boy,graph_box,1.0000,19,1,0,3,to the center,500,500,"27.0,0.0,436.0,500.0"
6976,2380720,2380720,1,1_hop,boy,graph_box,1.0000,19,1,0,2,to the center,500,500,"27.0,0.0,436.0,500.0"
6977,2369833,2369833,1,0_hop,train,graph_box,1.0000,12,1,0,1,to the center,500,333,"202.0,94.0,385.0,236.0"
6978,2369833,2369833,1,and,train,graph_box,1.0000,12,1,0,3,to the center,500,333,"202.0,94.0,385.0,236.0"
6979,2379637,2379637,1,1_hop,kite,graph_box,1.0000,17,1,0,2,to the center,500,333,"187.0,167.0,347.0,223.0"
6980,2325606,2325606,1,2_hop,airplane,graph_box,1.0000,8,1,0,3,to the center,500,281,"181.0,190.0,473.0,238.0"
6981,2409896,2409896,1,0_hop,bear,graph_box,1.0000,22,1,0,1,to the center,500,333,"157.0,86.0,352.0,234.0"
6982,2409896,2409896,1,2_hop,bear,graph_box,1.0000,22,1,0,3,to the center,500,333,"157.0,86.0,352.0,234.0"
6983,2409896,2409896,1,and,bear,graph_box,1.0000,22,1,0,3,to the center,500,333,"157.0,86.0,352.0,234.0"
6984,2315450,2315450,1,0_hop,bike,graph_box,1.0000,21,1,0,1,to the center,500,313,"141.0,186.0,286.0,293.0"
6985,2315450,2315450,1,and,bike,graph_box,1.0000,21,1,0,3,to the center,500,313,"141.0,186.0,286.0,293.0"
6986,2361038,2361038,1,0_hop,truck,graph_box,1.0000,23,1,0,1,to the left,500,333,"28.0,113.0,185.0,277.0"
6987,2361038,2361038,1,1_hop,truck,graph_box,1.0000,23,1,0,2,to the left,500,333,"28.0,113.0,185.0,277.0"
6988,2361036,2361036,1,2_hop,bus,graph_box,1.0000,18,1,0,3,to the right,500,333,"356.0,109.0,435.0,209.0"
6989,2380125,2380125,1,0_hop,car,graph_box,1.0000,35,1,0,1,to the center,500,375,"192.0,265.0,312.0,320.0"
6991,2339758,2339758,2,1_hop,giraffe,graph_box,1.0000,16,2,1,2,to the center,500,331,"250.0,73.0,346.0,239.0"
6992,2334648,2334648,1,1_hop,bus,graph_box,1.0000,24,1,0,2,to the center,500,332,"0.0,79.0,500.0,232.0"
6993,2342848,2342848,1,0_hop,toilet seat,graph_box,1.0000,11,1,0,1,to the center,375,500,"80.0,50.0,295.0,297.0"
6994,2342848,2342848,1,and,toilet seat,graph_box,1.0000,11,1,0,3,to the center,375,500,"80.0,50.0,295.0,297.0"
6995,2352531,2352531,1,0_hop,train,graph_box,1.0000,22,1,0,1,to the center,500,333,"0.0,137.0,461.0,224.0"
6997,2336405,2336405,2,1_hop,boy,graph_box,1.0000,24,2,1,2,to the center,500,375,"234.0,3.0,380.0,210.0"
6998,2335865,2335865,1,0_hop,kite,graph_box,1.0000,12,1,0,1,to the left,500,314,"0.0,0.0,316.0,314.0"
6999,2368683,2368683,1,0_hop,train,graph_box,1.0000,15,1,0,1,to the center,500,255,"54.0,99.0,435.0,185.0"
7000,2368683,2368683,1,1_hop,train,graph_box,1.0000,15,1,0,2,to the center,500,255,"54.0,99.0,435.0,185.0"
7003,2324419,2324419,1,0_hop,man,graph_box,1.0000,18,1,0,1,to the center,500,500,"137.0,39.0,414.0,499.0"
7004,2324419,2324419,1,2_hop,man,graph_box,1.0000,18,1,0,3,to the center,500,500,"137.0,39.0,414.0,499.0"
7005,2324419,2324419,1,and,man,graph_box,1.0000,18,1,0,3,to the center,500,500,"137.0,39.0,414.0,499.0"
7006,2401269,2401269,1,0_hop,kite,graph_box,1.0000,22,1,0,1,to the right,500,500,"314.0,42.0,500.0,146.0"
7007,2401269,2401269,1,2_hop,woman,graph_box,1.0000,22,1,0,3,to the right,500,500,"298.0,267.0,381.0,495.0"
7008,2375514,2375514,1,0_hop,man,graph_box,1.0000,10,1,0,1,to the center,500,281,"132.0,30.0,209.0,126.0"
7009,2375514,2375514,1,and,man,graph_box,1.0000,10,1,0,3,to the center,500,281,"132.0,30.0,209.0,126.0"
7010,2375515,2375515,1,and,airplane,graph_box,1.0000,14,1,0,3,to the center,500,393,"148.0,204.0,412.0,281.0"
7011,2414056,2414056,1,1_hop,boy,graph_box,1.0000,15,1,0,2,to the center,500,333,"56.0,90.0,296.0,232.0"
7012,2414056,2414056,1,0_hop,surfboard,graph_box,1.0000,15,1,0,1,to the center,500,333,"0.0,211.0,439.0,254.0"
7013,2387359,2387359,2,2_hop,woman,graph_box,1.0000,37,4,3,3,to the left,500,375,"46.0,205.0,221.0,374.0"
7014,2387359,2387359,2,1_hop,woman,graph_box,1.0000,37,4,3,2,to the left,500,375,"46.0,205.0,221.0,374.0"
7015,2387359,2387359,3,2_hop,woman,graph_box,1.0000,37,4,3,3,to the left,500,375,"46.0,205.0,221.0,374.0"
7019,2340858,2340858,1,0_hop,bus,graph_box,1.0000,23,1,0,1,to the center,500,496,"0.0,106.0,500.0,338.0"
7020,2319861,2319861,1,0_hop,train,graph_box,1.0000,19,1,0,1,to the center,500,375,"0.0,204.0,400.0,278.0"
7021,2319861,2319861,1,1_hop,train,graph_box,1.0000,19,1,0,2,to the center,500,375,"0.0,204.0,400.0,278.0"
7023,2376813,2376813,2,2_hop,giraffe,graph_box,1.0000,15,3,2,3,to the left,500,375,"34.0,116.0,168.0,333.0"
7024,2376813,2376813,2,1_hop,giraffe,graph_box,1.0000,15,3,2,2,to the left,500,375,"34.0,116.0,168.0,333.0"
7025,4888,4888,1,0_hop,chandelier,graph_box,1.0000,32,1,0,1,to the center,369,246,"84.0,0.0,234.0,62.0"
7026,4888,4888,1,1_hop,chandelier,graph_box,1.0000,32,1,0,2,to the center,369,246,"84.0,0.0,234.0,62.0"
7027,2335402,2335402,1,1_hop,stick,graph_box,1.0000,12,1,0,2,to the right,500,282,"366.0,122.0,440.0,204.0"
7028,2347637,2347637,1,2_hop,phone,graph_box,1.0000,17,1,0,3,to the center,500,381,"245.0,81.0,342.0,343.0"
7029,2347637,2347637,1,2_hop,man,graph_box,1.0000,17,1,0,3,to the center,500,381,"19.0,15.0,384.0,378.0"
7030,2318738,2318738,1,0_hop,kite,graph_box,1.0000,15,1,0,1,to the center,500,375,"169.0,72.0,433.0,207.0"
7031,2318738,2318738,1,and,kite,graph_box,1.0000,15,1,0,3,to the center,500,375,"169.0,72.0,433.0,207.0"
7032,2318738,2318738,1,0_hop,boy,graph_box,1.0000,15,1,0,1,to the left,500,375,"128.0,75.0,179.0,177.0"
7033,2318738,2318738,1,1_hop,boy,graph_box,1.0000,15,1,0,2,to the left,500,375,"128.0,75.0,179.0,177.0"
7034,2412845,2412845,1,2_hop,man,graph_box,1.0000,23,1,0,3,to the center,375,500,"0.0,239.0,277.0,499.0"
7035,2412845,2412845,1,1_hop,man,graph_box,1.0000,23,1,0,2,to the center,375,500,"0.0,239.0,277.0,499.0"
7036,2412845,2412845,2,0_hop,kite,graph_box,1.0000,23,2,1,1,to the center,375,500,"169.0,64.0,278.0,186.0"
7039,2412845,2412845,1,2_hop,toddler,graph_box,1.0000,23,1,0,3,to the center,375,500,"60.0,175.0,273.0,400.0"
7040,2317553,2317553,1,1_hop,bus,graph_box,1.0000,34,1,0,2,to the center,500,375,"84.0,160.0,441.0,327.0"
7041,2386047,2386047,2,2_hop,lamb,graph_box,1.0000,14,3,2,3,to the left,500,333,"78.0,207.0,162.0,296.0"
7042,2386047,2386047,2,and,lamb,graph_box,1.0000,14,3,2,3,to the left,500,333,"78.0,207.0,162.0,296.0"
7044,2348606,2348606,1,1_hop,pizza,graph_box,1.0000,31,4,3,2,to the center,500,333,"81.0,161.0,326.0,227.0"
7045,2348606,2348606,1,2_hop,tray,graph_box,1.0000,31,1,0,3,to the center,500,333,"65.0,173.0,309.0,222.0"
7047,2322487,2322487,3,2_hop,man,graph_box,1.0000,17,2,1,3,to the center,500,333,"225.0,188.0,279.0,319.0"
7048,2358915,2358915,2,0_hop,pole,graph_box,1.0000,19,2,1,1,to the center,500,335,"97.0,16.0,326.0,240.0"
7050,2358919,2358919,1,0_hop,skater,graph_box,1.0000,25,1,0,1,to the center,500,335,"174.0,32.0,315.0,197.0"
7051,2358919,2358919,1,2_hop,skater,graph_box,1.0000,25,1,0,3,to the center,500,335,"174.0,32.0,315.0,197.0"
7052,2358919,2358919,1,and,skater,graph_box,1.0000,25,1,0,3,to the center,500,335,"174.0,32.0,315.0,197.0"
7053,2351395,2351395,1,0_hop,guy,graph_box,1.0000,30,1,0,1,to the center,500,375,"104.0,7.0,290.0,374.0"
7054,2351395,2351395,1,2_hop,broom,graph_box,1.0000,30,1,0,3,to the left,500,375,"38.0,154.0,103.0,256.0"
7055,2351395,2351395,1,and,broom,graph_box,1.0000,30,1,0,3,to the left,500,375,"38.0,154.0,103.0,256.0"
7056,713369,713369,1,0_hop,dog,graph_box,1.0000,16,1,0,1,to the left,1024,679,"81.0,529.0,292.0,658.0"
7057,713369,713369,1,0_hop,suv,graph_box,1.0000,16,1,0,1,to the left,1024,679,"27.0,30.0,414.0,352.0"
7059,713369,713369,2,1_hop,car,graph_box,1.0000,16,2,1,2,to the center,1024,679,"247.0,7.0,850.0,488.0"
7060,2402763,2402763,1,0_hop,mug,graph_box,1.0000,27,1,0,1,to the right,500,375,"311.0,286.0,370.0,373.0"
7061,2402763,2402763,1,2_hop,mug,graph_box,1.0000,27,1,0,3,to the right,500,375,"311.0,286.0,370.0,373.0"
7062,2402763,2402763,1,and,mug,graph_box,1.0000,27,1,0,3,to the right,500,375,"311.0,286.0,370.0,373.0"
7064,2402763,2402763,2,1_hop,man,graph_box,1.0000,27,3,2,2,to the left,500,375,"0.0,36.0,205.0,374.0"
7066,2360654,2360654,2,2_hop,keyboard,graph_box,1.0000,17,2,1,3,to the right,500,400,"282.0,213.0,407.0,274.0"
7068,2360654,2360654,2,2_hop,keyboard,graph_box,1.0000,17,2,1,3,to the center,500,400,"132.0,203.0,251.0,248.0"
7069,2360654,2360654,2,and,keyboard,graph_box,1.0000,17,2,1,3,to the center,500,400,"132.0,203.0,251.0,248.0"
7070,2360654,2360654,3,2_hop,keyboard,graph_box,1.0000,17,2,1,3,to the center,500,400,"132.0,203.0,251.0,248.0"
7072,2360654,2360654,3,2_hop,computer,graph_box,1.0000,17,3,2,3,to the right,500,400,"245.0,132.0,464.0,301.0"
7073,2324080,2324080,1,0_hop,plant,graph_box,1.0000,27,1,0,1,to the center,333,500,"163.0,141.0,208.0,234.0"
7074,2324080,2324080,1,and,plant,graph_box,1.0000,27,1,0,3,to the center,333,500,"163.0,141.0,208.0,234.0"
7075,2378560,2378560,1,2_hop,horse,graph_box,1.0000,37,1,0,3,to the center,500,489,"84.0,81.0,332.0,449.0"
7077,2391816,2391816,1,0_hop,television,objects_id_first,0.4764,8,1,0,1,to the right,500,375,"263.9,7.6,405.8,155.4"
7078,2350119,2350119,1,2_hop,woman,graph_box,1.0000,27,1,0,3,to the right,500,333,"337.0,153.0,413.0,267.0"
7079,2350119,2350119,2,2_hop,man,graph_box,1.0000,27,2,1,3,to the left,500,333,"97.0,108.0,182.0,293.0"
7080,2350119,2350119,2,and,man,graph_box,1.0000,27,2,1,3,to the left,500,333,"97.0,108.0,182.0,293.0"
7082,2350119,2350119,2,1_hop,man,graph_box,1.0000,27,2,1,2,to the center,500,333,"246.0,138.0,350.0,285.0"
7084,2411375,2411375,2,0_hop,man,graph_box,0.9921,18,1,0,1,to the center,500,333,"56.9,48.3,364.9,286.0"
7085,2411375,2411375,2,1_hop,player,graph_box,1.0000,18,1,0,2,to the center,500,333,"230.0,27.0,292.0,227.0"
7086,2338131,2338131,1,0_hop,laptop,graph_box,1.0000,13,1,0,1,to the center,500,334,"170.0,200.0,315.0,324.0"
7087,2338131,2338131,1,and,laptop,graph_box,1.0000,13,1,0,3,to the center,500,334,"170.0,200.0,315.0,324.0"
7089,2407846,2407846,1,0_hop,man,graph_box,1.0000,9,1,0,1,to the center,500,333,"160.0,33.0,352.0,293.0"
7090,2407846,2407846,1,2_hop,man,graph_box,1.0000,9,1,0,3,to the center,500,333,"160.0,33.0,352.0,293.0"
7091,2407846,2407846,1,and,man,graph_box,1.0000,9,1,0,3,to the center,500,333,"160.0,33.0,352.0,293.0"
7094,2321904,2321904,1,0_hop,bike,graph_box,1.0000,22,1,0,1,to the left,500,333,"50.0,97.0,258.0,313.0"
7095,2321904,2321904,1,2_hop,bike,graph_box,1.0000,22,1,0,3,to the left,500,333,"50.0,97.0,258.0,313.0"
7096,2321904,2321904,1,and,bike,graph_box,1.0000,22,1,0,3,to the left,500,333,"50.0,97.0,258.0,313.0"
7097,2321904,2321904,1,2_hop,man,graph_box,1.0000,22,1,0,3,to the center,500,333,"200.0,23.0,320.0,307.0"
7098,2415791,2415791,1,1_hop,television,graph_box,1.0000,12,1,0,2,to the left,500,373,"92.0,145.0,219.0,224.0"
7099,2347262,2347262,1,1_hop,man,graph_box,1.0000,12,1,0,2,to the right,333,500,"200.0,279.0,267.0,358.0"
7100,2334334,2334334,2,2_hop,man,graph_box,1.0000,34,2,1,3,to the left,500,375,"13.0,71.0,245.0,373.0"
7102,2334334,2334334,1,0_hop,chair,graph_box,1.0000,34,1,0,1,to the left,500,375,"0.0,55.0,145.0,224.0"
7103,2334334,2334334,1,1_hop,chair,graph_box,1.0000,34,1,0,2,to the left,500,375,"0.0,55.0,145.0,224.0"
7105,2339777,2339777,1,0_hop,pole,graph_box,1.0000,10,1,0,1,to the center,500,375,"236.0,130.0,287.0,225.0"
7106,2320507,2320507,1,and,cow,graph_box,1.0000,28,1,0,3,to the left,500,500,"55.0,253.0,238.0,365.0"
7107,2320507,2320507,3,2_hop,animal,graph_box,1.0000,28,2,1,3,to the right,500,500,"339.0,240.0,444.0,367.0"
7108,2413957,2413957,1,0_hop,shower curtain,graph_box,1.0000,15,1,0,1,to the left,333,500,"0.0,155.0,15.0,434.0"
7109,2413957,2413957,1,1_hop,shower curtain,graph_box,1.0000,15,1,0,2,to the left,333,500,"0.0,155.0,15.0,434.0"
7110,2336295,2336295,1,1_hop,guy,graph_box,1.0000,8,1,0,2,to the left,500,334,"47.0,145.0,124.0,225.0"
7111,2411252,2411252,1,0_hop,pole,graph_box,1.0000,17,1,0,1,to the center,321,500,"120.0,0.0,169.0,497.0"
7112,2411252,2411252,1,2_hop,pole,graph_box,1.0000,17,1,0,3,to the center,321,500,"120.0,0.0,169.0,497.0"
7113,2411252,2411252,1,and,pole,graph_box,1.0000,17,1,0,3,to the center,321,500,"120.0,0.0,169.0,497.0"
7114,2411252,2411252,1,2_hop,traffic light,graph_box,1.0000,17,1,0,3,to the left,321,500,"71.0,153.0,123.0,277.0"
7115,2411252,2411252,1,and,traffic light,graph_box,1.0000,17,1,0,3,to the left,321,500,"71.0,153.0,123.0,277.0"
7116,2345027,2345027,2,0_hop,sign,graph_box,1.0000,17,4,3,1,to the left,500,375,"81.0,226.0,197.0,311.0"
7117,2345027,2345027,2,2_hop,sign,graph_box,1.0000,17,4,3,3,to the left,500,375,"55.0,159.0,142.0,235.0"
7118,2345027,2345027,2,and,sign,graph_box,1.0000,17,4,3,3,to the left,500,375,"55.0,159.0,142.0,235.0"
7119,2348014,2348014,1,0_hop,luggage,graph_box,1.0000,16,1,0,1,to the right,500,281,"331.0,27.0,411.0,142.0"
7120,2348014,2348014,1,2_hop,luggage,graph_box,1.0000,16,1,0,3,to the right,500,281,"331.0,27.0,411.0,142.0"
7121,2348014,2348014,1,0_hop,computer,graph_box,1.0000,16,1,0,1,to the left,500,281,"78.0,19.0,219.0,120.0"
7122,2348014,2348014,2,2_hop,chair,graph_box,1.0000,16,3,2,3,to the left,500,281,"42.0,102.0,207.0,212.0"
7123,2348014,2348014,2,1_hop,chair,graph_box,1.0000,16,3,2,2,to the left,500,281,"42.0,102.0,207.0,212.0"
7124,2348014,2348014,2,2_hop,chair,graph_box,1.0000,16,3,2,3,to the center,500,281,"232.0,55.0,366.0,279.0"
7125,2348014,2348014,2,and,chair,graph_box,1.0000,16,3,2,3,to the center,500,281,"232.0,55.0,366.0,279.0"
7126,2348014,2348014,1,0_hop,table,graph_box,1.0000,16,1,0,1,to the center,500,281,"31.0,65.0,406.0,281.0"
7127,2322920,2322920,1,0_hop,box,graph_box,1.0000,16,1,0,1,to the left,350,500,"27.0,236.0,176.0,461.0"
7129,2322920,2322920,1,2_hop,microwave,graph_box,1.0000,16,1,0,3,to the right,350,500,"230.0,63.0,331.0,160.0"
7130,2351098,2351098,1,0_hop,basket,graph_box,1.0000,20,1,0,1,to the center,500,333,"287.0,263.0,364.0,330.0"
7131,2351098,2351098,1,2_hop,basket,graph_box,1.0000,20,1,0,3,to the center,500,333,"287.0,263.0,364.0,330.0"
7133,2351098,2351098,2,1_hop,bike,graph_box,1.0000,20,2,1,2,to the center,500,333,"94.0,244.0,362.0,333.0"
7134,2351098,2351098,2,and,people,graph_box,0.9261,20,1,0,3,to the center,500,333,"105.5,40.2,213.5,332.0"
7135,2351091,2351091,1,2_hop,bus,graph_box,1.0000,33,1,0,3,to the left,375,500,"0.0,319.0,214.0,376.0"
7136,2402021,2402021,1,0_hop,flower pot,graph_box,1.0000,16,1,0,1,to the center,374,500,"99.0,322.0,247.0,476.0"
7137,2402021,2402021,1,2_hop,flower pot,graph_box,1.0000,16,1,0,3,to the center,374,500,"99.0,322.0,247.0,476.0"
7141,2347899,2347899,1,0_hop,pillow,graph_box,1.0000,11,1,0,1,to the center,500,375,"145.0,150.0,268.0,221.0"
7142,2347899,2347899,1,1_hop,pillow,graph_box,1.0000,11,1,0,2,to the center,500,375,"145.0,150.0,268.0,221.0"
7145,2386495,2386495,1,2_hop,coffee table,graph_box,1.0000,36,1,0,3,to the center,500,279,"272.0,188.0,355.0,278.0"
7146,2386495,2386495,1,1_hop,coffee table,graph_box,1.0000,36,1,0,2,to the center,500,279,"272.0,188.0,355.0,278.0"
7147,2417474,2417474,1,0_hop,bench,graph_box,1.0000,8,1,0,1,to the right,500,333,"177.0,131.0,499.0,332.0"
7148,2391457,2391457,1,0_hop,bowl,graph_box,1.0000,17,1,0,1,to the center,375,500,"142.0,376.0,238.0,447.0"
7149,2391457,2391457,1,1_hop,bowl,graph_box,1.0000,17,1,0,2,to the center,375,500,"142.0,376.0,238.0,447.0"
7150,2352226,2352226,1,0_hop,microwave,graph_box,1.0000,22,1,0,1,to the center,500,375,"215.0,32.0,407.0,166.0"
7151,2352226,2352226,1,1_hop,microwave,graph_box,1.0000,22,1,0,2,to the center,500,375,"215.0,32.0,407.0,166.0"
7152,2387777,2387777,2,1_hop,lamb,graph_box,1.0000,8,3,2,2,to the left,500,404,"56.0,180.0,276.0,335.0"
7153,2387777,2387777,2,1_hop,lamb,graph_box,1.0000,8,3,2,2,to the right,500,404,"362.0,135.0,500.0,268.0"
7154,2350854,2350854,1,0_hop,horse,graph_box,1.0000,20,1,0,1,to the center,500,375,"61.0,90.0,439.0,370.0"
7155,2350854,2350854,1,2_hop,horse,graph_box,1.0000,20,1,0,3,to the center,500,375,"61.0,90.0,439.0,370.0"
7156,2350854,2350854,1,1_hop,horse,graph_box,1.0000,20,1,0,2,to the center,500,375,"61.0,90.0,439.0,370.0"
7157,2387481,2387481,1,2_hop,woman,graph_box,1.0000,14,1,0,3,to the left,375,500,"0.0,43.0,65.0,281.0"
7158,2387481,2387481,1,and,woman,graph_box,1.0000,14,1,0,3,to the left,375,500,"0.0,43.0,65.0,281.0"
7159,2387481,2387481,1,0_hop,vase,graph_box,1.0000,14,1,0,1,to the left,375,500,"21.0,188.0,137.0,320.0"
7160,2387481,2387481,1,and,vase,graph_box,1.0000,14,1,0,3,to the left,375,500,"21.0,188.0,137.0,320.0"
7162,2387481,2387481,1,and,wine glass,graph_box,1.0000,14,1,0,3,to the right,375,500,"250.0,199.0,301.0,331.0"
7163,2387481,2387481,1,0_hop,table,graph_box,1.0000,14,1,0,1,to the center,375,500,"0.0,270.0,374.0,498.0"
7164,2387481,2387481,1,2_hop,table,graph_box,1.0000,14,1,0,3,to the center,375,500,"0.0,270.0,374.0,498.0"
7165,2387481,2387481,1,1_hop,table,graph_box,1.0000,14,1,0,2,to the center,375,500,"0.0,270.0,374.0,498.0"
7166,2352723,2352723,2,2_hop,man,graph_box,1.0000,18,2,1,3,to the left,500,333,"76.0,160.0,166.0,326.0"
7167,2352723,2352723,2,1_hop,man,graph_box,1.0000,18,2,1,2,to the left,500,333,"76.0,160.0,166.0,326.0"
7168,2352723,2352723,1,0_hop,car,graph_box,1.0000,18,1,0,1,to the center,500,333,"238.0,199.0,392.0,249.0"
7169,2352728,2352728,1,2_hop,table,graph_box,1.0000,19,1,0,3,to the center,375,500,"107.0,306.0,230.0,425.0"
7172,2343545,2343545,1,0_hop,woman,graph_box,1.0000,32,1,0,1,to the center,500,375,"198.0,38.0,296.0,354.0"
7173,2343545,2343545,1,2_hop,woman,graph_box,1.0000,32,1,0,3,to the center,500,375,"198.0,38.0,296.0,354.0"
7174,2343545,2343545,1,and,woman,graph_box,1.0000,32,1,0,3,to the center,500,375,"198.0,38.0,296.0,354.0"
7175,2333016,2333016,1,0_hop,monitor,graph_box,1.0000,16,1,0,1,to the center,500,334,"148.0,17.0,315.0,159.0"
7177,2373930,2373930,2,0_hop,bull,objects_id_first,0.0920,17,1,0,1,to the center,500,400,"292.0,208.0,382.0,270.0"
7178,2373930,2373930,2,1_hop,bull,objects_id_first,0.0847,17,1,0,2,to the center,500,400,"295.5,210.1,379.3,268.6"
7179,2417813,2417813,1,0_hop,dishwasher,graph_box,1.0000,16,1,0,1,to the left,375,500,"18.0,337.0,128.0,484.0"
7181,2317536,2317536,1,0_hop,dishwasher,graph_box,1.0000,21,1,0,1,to the center,334,500,"171.0,261.0,241.0,354.0"
7183,2403960,2403960,2,2_hop,table,graph_box,1.0000,20,2,1,3,to the center,500,333,"206.0,145.0,369.0,227.0"
7184,2403960,2403960,2,and,table,graph_box,1.0000,20,2,1,3,to the center,500,333,"206.0,145.0,369.0,227.0"
7186,2403960,2403960,2,2_hop,table,graph_box,1.0000,20,2,1,3,to the left,500,333,"1.0,169.0,203.0,333.0"
7187,2403960,2403960,2,and,table,graph_box,1.0000,20,2,1,3,to the left,500,333,"1.0,169.0,203.0,333.0"
7189,2403960,2403960,3,2_hop,lamp,graph_box,1.0000,20,1,0,3,to the left,500,333,"38.0,63.0,126.0,187.0"
7190,2403960,2403960,3,1_hop,lamp,graph_box,1.0000,20,1,0,2,to the left,500,333,"38.0,63.0,126.0,187.0"
7191,2403960,2403960,1,2_hop,television,graph_box,1.0000,20,1,0,3,to the center,500,333,"238.0,71.0,347.0,145.0"
7192,2403960,2403960,1,and,television,graph_box,1.0000,20,1,0,3,to the center,500,333,"238.0,71.0,347.0,145.0"
7193,2396483,2396483,2,2_hop,woman,graph_box,1.0000,26,3,2,3,to the center,500,500,"217.0,164.0,302.0,434.0"
7194,2396483,2396483,2,and,woman,graph_box,1.0000,26,3,2,3,to the center,500,500,"217.0,164.0,302.0,434.0"
7196,2396483,2396483,1,1_hop,boy,graph_box,1.0000,26,1,0,2,to the center,500,500,"172.0,55.0,224.0,200.0"
7198,2396483,2396483,2,and,man,graph_box,1.0000,26,2,1,3,to the right,500,500,"361.0,162.0,406.0,301.0"
7200,2322133,2322133,2,1_hop,pole,graph_box,1.0000,15,2,1,2,to the left,500,463,"20.0,146.0,135.0,461.0"
7201,2322133,2322133,1,0_hop,parking sign,graph_box,1.0000,15,1,0,1,to the center,500,463,"137.0,174.0,446.0,277.0"
7202,2322133,2322133,1,1_hop,street light,graph_box,1.0000,15,1,0,2,to the center,500,463,"239.0,373.0,312.0,462.0"
7203,2389882,2389882,1,0_hop,woman,graph_box,1.0000,17,1,0,1,to the right,500,375,"361.0,166.0,450.0,323.0"
7204,2404396,2404396,1,0_hop,truck,graph_box,1.0000,18,1,0,1,to the left,500,375,"73.0,2.0,186.0,68.0"
7205,2404396,2404396,1,2_hop,truck,graph_box,1.0000,18,1,0,3,to the left,500,375,"73.0,2.0,186.0,68.0"
7206,2404396,2404396,1,0_hop,girl,graph_box,1.0000,18,1,0,1,to the center,500,375,"121.0,21.0,276.0,336.0"
7207,2404396,2404396,1,and,girl,graph_box,1.0000,18,1,0,3,to the center,500,375,"121.0,21.0,276.0,336.0"
7208,2349530,2349530,1,2_hop,bus,graph_box,1.0000,16,1,0,3,to the center,500,307,"94.0,87.0,295.0,163.0"
7209,2389085,2389085,1,2_hop,girl,graph_box,1.0000,13,1,0,3,to the center,375,500,"119.0,132.0,211.0,378.0"
7210,2389085,2389085,1,and,girl,graph_box,1.0000,13,1,0,3,to the center,375,500,"119.0,132.0,211.0,378.0"
7211,2389085,2389085,1,0_hop,suitcase,graph_box,1.0000,13,1,0,1,to the center,375,500,"153.0,278.0,239.0,457.0"
7212,2389085,2389085,1,and,suitcase,graph_box,1.0000,13,1,0,3,to the center,375,500,"153.0,278.0,239.0,457.0"
7214,2366090,2366090,1,1_hop,bench,graph_box,1.0000,26,1,0,2,to the center,500,333,"20.0,199.0,418.0,333.0"
7216,1159729,1159729,2,1_hop,dishwasher,graph_box,1.0000,15,2,1,2,to the left,1024,685,"161.0,417.0,426.0,549.0"
7217,2367324,2367324,1,1_hop,surfboard,graph_box,1.0000,8,1,0,2,to the center,500,357,"230.0,142.0,322.0,203.0"
7218,2367324,2367324,1,0_hop,man,graph_box,1.0000,8,1,0,1,to the right,500,357,"298.0,95.0,390.0,187.0"
7219,2367324,2367324,1,1_hop,man,graph_box,1.0000,8,1,0,2,to the right,500,357,"298.0,95.0,390.0,187.0"
7220,2367853,2367853,2,1_hop,girl,graph_box,1.0000,33,2,1,2,to the center,500,375,"159.0,136.0,272.0,211.0"
7221,2367328,2367328,1,0_hop,skateboarder,graph_box,1.0000,23,1,0,1,to the left,500,376,"64.0,47.0,215.0,256.0"
7222,2382231,2382231,1,2_hop,dog,graph_box,1.0000,18,1,0,3,to the center,375,500,"56.0,96.0,281.0,461.0"
7223,2382231,2382231,1,and,dog,graph_box,1.0000,18,1,0,3,to the center,375,500,"56.0,96.0,281.0,461.0"
7224,2382231,2382231,1,0_hop,boat,objects_id_first,0.4975,18,1,0,1,to the center,375,500,"0.0,220.0,373.0,499.0"
7226,2323515,2323515,1,2_hop,suv,graph_box,1.0000,9,1,0,3,to the left,500,335,"0.0,52.0,275.0,149.0"
7227,2323515,2323515,1,and,suv,graph_box,1.0000,9,1,0,3,to the left,500,335,"0.0,52.0,275.0,149.0"
7228,2341056,2341056,1,2_hop,boat,graph_box,1.0000,12,1,0,3,to the center,500,500,"160.0,0.0,500.0,353.0"
7229,2341056,2341056,1,and,boat,graph_box,1.0000,12,1,0,3,to the center,500,500,"160.0,0.0,500.0,353.0"
7230,2341056,2341056,1,0_hop,sheep,graph_box,1.0000,12,1,0,1,to the center,500,500,"133.0,338.0,232.0,415.0"
7232,2334740,2334740,1,1_hop,horse,graph_box,1.0000,11,1,0,2,to the center,500,333,"213.0,125.0,356.0,333.0"
7233,2334740,2334740,1,and,man,graph_box,1.0000,11,1,0,3,to the center,500,333,"152.0,65.0,222.0,205.0"
7234,2378548,2378548,1,0_hop,pole,graph_box,1.0000,24,1,0,1,to the left,500,375,"101.0,115.0,131.0,338.0"
7235,2378548,2378548,1,1_hop,pole,graph_box,1.0000,24,1,0,2,to the left,500,375,"101.0,115.0,131.0,338.0"
7236,2371005,2371005,1,0_hop,skater,graph_box,1.0000,16,1,0,1,to the left,500,375,"58.0,0.0,242.0,211.0"
7237,2371008,2371008,2,1_hop,zebra,graph_box,1.0000,25,2,1,2,to the center,500,375,"180.0,77.0,478.0,273.0"
7238,2336424,2336424,1,0_hop,chair,graph_box,1.0000,21,1,0,1,to the left,500,375,"53.0,186.0,264.0,374.0"
7239,2336424,2336424,1,1_hop,chair,graph_box,1.0000,21,1,0,2,to the left,500,375,"53.0,186.0,264.0,374.0"
7240,2336424,2336424,1,0_hop,computer monitor,graph_box,1.0000,21,1,0,1,to the center,500,375,"248.0,87.0,360.0,179.0"
7242,2336424,2336424,1,and,computer monitor,graph_box,1.0000,21,1,0,3,to the center,500,375,"248.0,87.0,360.0,179.0"
7243,2380167,2380167,1,2_hop,statue,graph_box,1.0000,22,1,0,3,to the center,348,500,"69.0,3.0,291.0,461.0"
7244,2380167,2380167,1,and,statue,graph_box,1.0000,22,1,0,3,to the center,348,500,"69.0,3.0,291.0,461.0"
7245,2340838,2340838,1,0_hop,bench,graph_box,1.0000,19,1,0,1,to the right,500,334,"245.0,153.0,437.0,273.0"
7246,2373899,2373899,2,1_hop,man,graph_box,1.0000,24,6,5,2,to the center,500,375,"225.0,140.0,322.0,306.0"
7247,2373899,2373899,2,1_hop,man,graph_box,1.0000,24,6,5,2,to the right,500,375,"408.0,184.0,451.0,317.0"
7250,2371774,2371774,1,0_hop,bus,graph_box,1.0000,22,1,0,1,to the left,500,375,"72.0,126.0,248.0,266.0"
7251,2371774,2371774,1,1_hop,bus,graph_box,1.0000,22,1,0,2,to the left,500,375,"72.0,126.0,248.0,266.0"
7252,2375723,2375723,1,2_hop,man,graph_box,1.0000,18,1,0,3,to the center,500,431,"148.0,77.0,314.0,336.0"
7253,2375723,2375723,1,and,man,graph_box,1.0000,18,1,0,3,to the center,500,431,"148.0,77.0,314.0,336.0"
7254,2375723,2375723,1,2_hop,skateboard,graph_box,1.0000,18,1,0,3,to the center,500,431,"220.0,250.0,285.0,346.0"
7256,2384092,2384092,2,1_hop,man,graph_box,1.0000,15,2,1,2,to the left,333,500,"55.0,176.0,125.0,345.0"
7257,2351874,2351874,1,1_hop,man,graph_box,1.0000,15,1,0,2,to the center,375,500,"133.0,72.0,217.0,285.0"
7259,2400554,2400554,2,1_hop,man,graph_box,1.0000,9,1,0,2,to the center,500,332,"132.0,105.0,219.0,324.0"
7260,2385419,2385419,1,2_hop,suv,graph_box,1.0000,16,1,0,3,to the center,500,409,"146.0,78.0,268.0,133.0"
7261,2385419,2385419,1,and,suv,graph_box,1.0000,16,1,0,3,to the center,500,409,"146.0,78.0,268.0,133.0"
7262,2385419,2385419,1,2_hop,motorcycle,graph_box,1.0000,16,1,0,3,to the center,500,409,"35.0,127.0,385.0,360.0"
7263,2385419,2385419,1,and,motorcycle,graph_box,1.0000,16,1,0,3,to the center,500,409,"35.0,127.0,385.0,360.0"
7264,2385419,2385419,1,2_hop,policeman,graph_box,1.0000,16,1,0,3,to the center,500,409,"220.0,98.0,321.0,298.0"
7268,2338447,2338447,1,2_hop,woman,graph_box,1.0000,19,1,0,3,to the center,468,500,"168.0,157.0,361.0,493.0"
7269,2407164,2407164,1,0_hop,table,graph_box,1.0000,23,1,0,1,to the right,333,500,"212.0,168.0,332.0,244.0"
7270,2407164,2407164,1,2_hop,table,graph_box,1.0000,23,1,0,3,to the right,333,500,"212.0,168.0,332.0,244.0"
7271,2407164,2407164,1,1_hop,table,graph_box,1.0000,23,1,0,2,to the right,333,500,"212.0,168.0,332.0,244.0"
7272,2407164,2407164,1,0_hop,woman,graph_box,1.0000,23,1,0,1,to the left,333,500,"73.0,69.0,136.0,237.0"
7273,2343758,2343758,1,1_hop,airplane,graph_box,1.0000,12,1,0,2,to the center,500,333,"154.0,161.0,440.0,266.0"
7274,285738,285738,1,1_hop,dog,graph_box,1.0000,7,1,0,2,to the right,960,1280,"507.0,908.0,792.0,1105.0"
7275,2371601,2371601,1,2_hop,man,graph_box,1.0000,15,1,0,3,to the center,314,500,"124.0,9.0,278.0,493.0"
7276,2371601,2371601,1,and,man,graph_box,1.0000,15,1,0,3,to the center,314,500,"124.0,9.0,278.0,493.0"
7277,2411941,2411941,1,0_hop,boy,graph_box,1.0000,12,1,0,1,to the left,500,333,"67.0,56.0,166.0,145.0"
7278,2412366,2412366,1,and,bench,graph_box,1.0000,40,1,0,3,to the center,500,333,"96.0,71.0,498.0,303.0"
7279,2324838,2324838,1,2_hop,trash can,graph_box,1.0000,13,1,0,3,to the left,500,375,"91.0,115.0,162.0,200.0"
7280,2324838,2324838,1,1_hop,trash can,graph_box,1.0000,13,1,0,2,to the left,500,375,"91.0,115.0,162.0,200.0"
7282,2372383,2372383,1,0_hop,bus,graph_box,1.0000,17,1,0,1,to the center,500,375,"114.0,101.0,433.0,284.0"
7283,2372383,2372383,1,1_hop,bus,graph_box,1.0000,17,1,0,2,to the center,500,375,"114.0,101.0,433.0,284.0"
7284,2386338,2386338,1,2_hop,monitor,graph_box,1.0000,18,1,0,3,to the left,500,417,"4.0,5.0,164.0,326.0"
7285,2386338,2386338,1,and,monitor,graph_box,1.0000,18,1,0,3,to the left,500,417,"4.0,5.0,164.0,326.0"
7286,2386338,2386338,1,0_hop,cat,graph_box,1.0000,18,1,0,1,to the center,500,417,"3.0,177.0,373.0,364.0"
7287,2386338,2386338,1,2_hop,cat,graph_box,1.0000,18,1,0,3,to the center,500,417,"3.0,177.0,373.0,364.0"
7288,2386338,2386338,1,and,cat,graph_box,1.0000,18,1,0,3,to the center,500,417,"3.0,177.0,373.0,364.0"
7289,2386338,2386338,1,2_hop,bottle,graph_box,1.0000,18,1,0,3,to the center,500,417,"287.0,101.0,336.0,219.0"
7290,2386338,2386338,1,1_hop,bottle,graph_box,1.0000,18,1,0,2,to the center,500,417,"287.0,101.0,336.0,219.0"
7291,2386338,2386338,1,0_hop,figurine,graph_box,1.0000,18,1,0,1,to the center,500,417,"184.0,6.0,267.0,70.0"
7294,2380953,2380953,2,and,man,graph_box,1.0000,29,2,1,3,to the left,375,500,"17.0,151.0,98.0,232.0"
7295,2380953,2380953,2,1_hop,chair,graph_box,1.0000,29,2,1,2,to the left,375,500,"75.0,389.0,145.0,473.0"
7297,2380953,2380953,2,and,man,graph_box,1.0000,29,2,1,3,to the right,375,500,"324.0,160.0,375.0,305.0"
7298,2360803,2360803,1,and,car,graph_box,1.0000,32,1,0,3,to the left,500,375,"1.0,144.0,166.0,214.0"
7299,2360803,2360803,1,2_hop,sculpture,graph_box,1.0000,32,1,0,3,to the center,500,375,"108.0,13.0,418.0,363.0"
7300,2360803,2360803,2,0_hop,box,graph_box,1.0000,32,2,1,1,to the left,500,375,"48.0,217.0,135.0,283.0"
7301,2360803,2360803,2,2_hop,box,graph_box,1.0000,32,2,1,3,to the left,500,375,"48.0,217.0,135.0,283.0"
7302,2360803,2360803,2,and,box,graph_box,1.0000,32,2,1,3,to the left,500,375,"48.0,217.0,135.0,283.0"
7303,314,314,2,0_hop,car,graph_box,1.0000,23,2,1,1,to the left,800,600,"118.0,361.0,324.0,433.0"
7305,314,314,2,1_hop,car,graph_box,1.0000,23,2,1,2,to the left,800,600,"118.0,361.0,324.0,433.0"
7307,314,314,2,2_hop,car,graph_box,1.0000,23,2,1,3,to the center,800,600,"390.0,358.0,647.0,460.0"
7308,314,314,2,1_hop,car,graph_box,1.0000,23,2,1,2,to the center,800,600,"390.0,358.0,647.0,460.0"
7309,2327250,2327250,1,0_hop,child,graph_box,1.0000,27,1,0,1,to the left,500,375,"116.0,120.0,190.0,242.0"
7310,2327250,2327250,1,2_hop,child,graph_box,1.0000,27,1,0,3,to the left,500,375,"116.0,120.0,190.0,242.0"
7311,2327250,2327250,2,and,man,graph_box,1.0000,27,2,1,3,to the right,500,375,"291.0,57.0,450.0,369.0"
7312,2417450,2417450,1,and,man,graph_box,1.0000,25,1,0,3,to the left,333,500,"16.0,54.0,144.0,337.0"
7314,2417450,2417450,2,2_hop,car,graph_box,1.0000,25,1,0,3,to the center,333,500,"112.0,139.0,187.0,227.0"
7315,2417450,2417450,2,and,car,graph_box,1.0000,25,1,0,3,to the center,333,500,"112.0,139.0,187.0,227.0"
7316,2386803,2386803,2,2_hop,lamp,graph_box,1.0000,13,2,1,3,to the left,500,500,"30.0,57.0,88.0,443.0"
7317,2386803,2386803,2,and,lamp,graph_box,1.0000,13,2,1,3,to the left,500,500,"30.0,57.0,88.0,443.0"
7318,2386803,2386803,1,0_hop,trash can,graph_box,1.0000,13,1,0,1,to the center,500,500,"241.0,330.0,337.0,466.0"
7319,2386803,2386803,1,2_hop,trash can,graph_box,1.0000,13,1,0,3,to the center,500,500,"241.0,330.0,337.0,466.0"
7320,2386803,2386803,1,1_hop,trash can,graph_box,1.0000,13,1,0,2,to the center,500,500,"241.0,330.0,337.0,466.0"
7321,2386803,2386803,2,2_hop,lamp,graph_box,1.0000,13,2,1,3,to the right,500,500,"312.0,59.0,361.0,459.0"
7322,2386803,2386803,2,and,lamp,graph_box,1.0000,13,2,1,3,to the right,500,500,"312.0,59.0,361.0,459.0"
7328,2393919,2393919,3,2_hop,man,graph_box,1.0000,25,2,1,3,to the left,387,500,"51.0,26.0,201.0,472.0"
7329,2393919,2393919,3,1_hop,man,graph_box,1.0000,25,2,1,2,to the left,387,500,"51.0,26.0,201.0,472.0"
7330,2393919,2393919,3,2_hop,man,graph_box,1.0000,25,2,1,3,to the right,387,500,"185.0,40.0,347.0,470.0"
7331,2393919,2393919,3,1_hop,man,graph_box,1.0000,25,2,1,2,to the right,387,500,"185.0,40.0,347.0,470.0"
7333,2388962,2388962,1,and,umpire,graph_box,1.0000,20,1,0,3,to the right,500,333,"335.0,40.0,498.0,333.0"
7334,2388377,2388377,2,2_hop,chair,graph_box,1.0000,18,2,1,3,to the center,500,375,"147.0,190.0,231.0,302.0"
7335,2388377,2388377,2,and,chair,graph_box,1.0000,18,2,1,3,to the center,500,375,"147.0,190.0,231.0,302.0"
7336,2388377,2388377,3,2_hop,chair,graph_box,1.0000,18,2,1,3,to the center,500,375,"147.0,190.0,231.0,302.0"
7337,2388377,2388377,2,2_hop,chair,graph_box,1.0000,18,2,1,3,to the right,500,375,"321.0,171.0,477.0,359.0"
7338,2388377,2388377,2,1_hop,chair,graph_box,1.0000,18,2,1,2,to the right,500,375,"321.0,171.0,477.0,359.0"
7339,2388377,2388377,3,2_hop,chair,graph_box,1.0000,18,2,1,3,to the right,500,375,"321.0,171.0,477.0,359.0"
7340,2388377,2388377,2,2_hop,table,graph_box,1.0000,18,2,1,3,to the right,500,375,"303.0,197.0,377.0,276.0"
7341,2388377,2388377,2,1_hop,table,graph_box,1.0000,18,2,1,2,to the right,500,375,"303.0,197.0,377.0,276.0"
7342,2388377,2388377,3,2_hop,table,graph_box,1.0000,18,2,1,3,to the right,500,375,"303.0,197.0,377.0,276.0"
7343,2317511,2317511,2,0_hop,man,graph_box,1.0000,25,1,0,1,to the center,500,374,"219.0,16.0,428.0,347.0"
7344,2317511,2317511,1,2_hop,man,graph_box,1.0000,25,1,0,3,to the center,500,374,"219.0,16.0,428.0,347.0"
7345,2317511,2317511,2,and,man,graph_box,1.0000,25,1,0,3,to the center,500,374,"219.0,16.0,428.0,347.0"
7346,2355612,2355612,1,1_hop,dog,graph_box,1.0000,15,1,0,2,to the center,500,500,"146.0,202.0,258.0,328.0"
7347,2411323,2411323,1,0_hop,train,objects_id_first,0.1560,27,1,0,1,to the center,500,333,"282.9,125.7,416.4,209.4"
7348,2411323,2411323,1,2_hop,train,graph_box,1.0000,27,1,0,3,to the center,500,333,"0.0,128.0,418.0,294.0"
7349,2411323,2411323,1,and,train,graph_box,1.0000,27,1,0,3,to the center,500,333,"0.0,128.0,418.0,294.0"
7350,2400769,2400769,2,2_hop,giraffe,graph_box,1.0000,24,2,1,3,to the center,500,375,"246.0,199.0,402.0,370.0"
7351,2400769,2400769,2,1_hop,giraffe,graph_box,1.0000,24,2,1,2,to the center,500,375,"246.0,199.0,402.0,370.0"
7352,2400769,2400769,3,2_hop,giraffe,graph_box,1.0000,24,2,1,3,to the center,500,375,"246.0,199.0,402.0,370.0"
7353,2400769,2400769,2,0_hop,giraffe,graph_box,1.0000,24,2,1,1,to the left,500,375,"61.0,107.0,165.0,338.0"
7354,2400769,2400769,2,1_hop,giraffe,graph_box,1.0000,24,2,1,2,to the left,500,375,"61.0,107.0,165.0,338.0"
7356,2355218,2355218,2,2_hop,zebra,graph_box,1.0000,24,2,1,3,to the right,500,375,"302.0,132.0,428.0,219.0"
7357,2355218,2355218,2,1_hop,zebra,graph_box,1.0000,24,2,1,2,to the right,500,375,"302.0,132.0,428.0,219.0"
7358,2355218,2355218,2,2_hop,zebra,graph_box,1.0000,24,2,1,3,to the left,500,375,"32.0,132.0,132.0,214.0"
7359,2355218,2355218,2,1_hop,zebra,graph_box,1.0000,24,2,1,2,to the left,500,375,"32.0,132.0,132.0,214.0"
7361,1159522,1159522,2,1_hop,computer,graph_box,1.0000,11,1,0,2,to the center,1024,680,"308.0,205.0,518.0,366.0"
7362,1159529,1159529,2,2_hop,airplane,graph_box,1.0000,21,2,1,3,to the center,800,533,"322.0,205.0,505.0,272.0"
7363,1159529,1159529,2,1_hop,airplane,graph_box,1.0000,21,2,1,2,to the center,800,533,"322.0,205.0,505.0,272.0"
7364,2362756,2362756,1,0_hop,van,graph_box,1.0000,19,1,0,1,to the right,500,400,"366.0,124.0,500.0,192.0"
7365,2362756,2362756,1,1_hop,van,graph_box,1.0000,19,1,0,2,to the right,500,400,"366.0,124.0,500.0,192.0"
7367,3044,3044,2,0_hop,car,graph_box,1.0000,13,2,1,1,to the right,600,800,"284.0,554.0,600.0,799.0"
7369,2369857,2369857,1,0_hop,locomotive,graph_box,1.0000,30,1,0,1,to the center,500,282,"177.0,26.0,434.0,221.0"
7370,2400438,2400438,2,0_hop,sign,objects_id_first,0.0000,34,1,0,1,to the left,500,382,"340.5,167.3,423.8,226.7"
7373,2405174,2405174,3,2_hop,motorcycle,graph_box,1.0000,20,2,1,3,to the center,500,375,"138.0,96.0,338.0,373.0"
7376,2409548,2409548,3,2_hop,man,graph_box,1.0000,20,2,1,3,to the left,500,333,"119.0,75.0,182.0,227.0"
7378,2409548,2409548,2,1_hop,horse,graph_box,1.0000,20,2,1,2,to the center,500,333,"170.0,129.0,382.0,302.0"
7379,2378529,2378529,1,0_hop,man,graph_box,1.0000,15,1,0,1,to the center,500,333,"180.0,59.0,275.0,158.0"
7381,2383561,2383561,1,0_hop,fire hydrant,graph_box,1.0000,12,1,0,1,to the center,500,367,"257.0,101.0,377.0,336.0"
7382,2383561,2383561,1,1_hop,fire hydrant,graph_box,1.0000,12,1,0,2,to the center,500,367,"257.0,101.0,377.0,336.0"
7383,2325932,2325932,1,and,woman,graph_box,1.0000,15,1,0,3,to the center,500,491,"129.0,93.0,302.0,486.0"
7384,2379216,2379216,1,0_hop,child,graph_box,1.0000,25,1,0,1,to the center,500,353,"183.0,198.0,257.0,353.0"
7385,2368062,2368062,1,0_hop,boy,graph_box,1.0000,20,1,0,1,to the center,500,333,"160.0,88.0,344.0,333.0"
7386,2390951,2390951,1,0_hop,zebra,graph_box,1.0000,13,1,0,1,to the center,375,500,"0.0,0.0,329.0,499.0"
7387,2401553,2401553,1,0_hop,elephant,graph_box,1.0000,17,1,0,1,to the center,500,333,"108.0,71.0,332.0,262.0"
7388,2401553,2401553,1,and,elephant,graph_box,1.0000,17,1,0,3,to the center,500,333,"108.0,71.0,332.0,262.0"
7389,2399846,2399846,1,2_hop,bird,graph_box,1.0000,8,1,0,3,to the right,500,333,"201.0,115.0,500.0,332.0"
7390,2321943,2321943,1,and,train,graph_box,1.0000,20,1,0,3,to the center,500,332,"0.0,0.0,382.0,333.0"
7391,2396868,2396868,1,0_hop,television,graph_box,1.0000,17,1,0,1,to the right,500,334,"282.0,54.0,405.0,165.0"
7392,2396868,2396868,1,1_hop,television,graph_box,1.0000,17,1,0,2,to the right,500,334,"282.0,54.0,405.0,165.0"
7393,2396868,2396868,2,1_hop,chair,graph_box,1.0000,17,2,1,2,to the center,500,334,"199.0,205.0,368.0,333.0"
7397,2369220,2369220,2,1_hop,knife,graph_box,1.0000,12,3,2,2,to the left,500,334,"103.0,19.0,186.0,290.0"
7398,2398401,2398401,1,and,man,graph_box,1.0000,9,1,0,3,to the left,500,333,"126.0,177.0,178.0,295.0"
7399,2349725,2349725,1,0_hop,man,graph_box,1.0000,16,1,0,1,to the center,333,500,"185.0,274.0,238.0,359.0"
7401,2333723,2333723,2,1_hop,sign,graph_box,1.0000,14,2,1,2,to the center,500,334,"264.0,145.0,345.0,291.0"
7402,2411698,2411698,2,2_hop,towel,graph_box,1.0000,21,2,1,3,to the left,500,375,"73.0,262.0,133.0,373.0"
7403,2411698,2411698,2,and,towel,graph_box,1.0000,21,2,1,3,to the left,500,375,"73.0,262.0,133.0,373.0"
7404,2411698,2411698,3,1_hop,towel,graph_box,1.0000,21,2,1,2,to the left,500,375,"73.0,262.0,133.0,373.0"
7406,2322304,2322304,1,and,coffee table,graph_box,1.0000,30,1,0,3,to the right,500,333,"298.0,272.0,469.0,333.0"
7407,2355027,2355027,1,0_hop,boat,graph_box,1.0000,23,1,0,1,to the center,500,375,"90.0,33.0,478.0,342.0"
7408,1592272,1592272,1,0_hop,man,graph_box,1.0000,32,1,0,1,to the right,1024,778,"786.0,372.0,914.0,691.0"
7409,1592272,1592272,1,2_hop,man,graph_box,1.0000,32,1,0,3,to the right,1024,778,"786.0,372.0,914.0,691.0"
7410,1592272,1592272,1,and,man,graph_box,1.0000,32,1,0,3,to the right,1024,778,"786.0,372.0,914.0,691.0"
7411,1592272,1592272,1,0_hop,carriage,graph_box,1.0000,32,1,0,1,to the left,1024,778,"84.0,330.0,522.0,648.0"
7412,1592272,1592272,1,2_hop,carriage,graph_box,1.0000,32,1,0,3,to the left,1024,778,"84.0,330.0,522.0,648.0"
7416,2342518,2342518,2,2_hop,man,graph_box,1.0000,30,2,1,3,to the center,500,375,"240.0,172.0,333.0,265.0"
7417,2342518,2342518,2,1_hop,man,graph_box,1.0000,30,2,1,2,to the center,500,375,"240.0,172.0,333.0,265.0"
7419,2407659,2407659,1,and,baby,graph_box,1.0000,22,1,0,3,to the right,500,383,"379.0,46.0,445.0,206.0"
7420,2407659,2407659,1,0_hop,dumpster,graph_box,1.0000,22,1,0,1,to the left,500,383,"74.0,15.0,239.0,92.0"
7421,2407659,2407659,1,2_hop,dumpster,graph_box,1.0000,22,1,0,3,to the left,500,383,"74.0,15.0,239.0,92.0"
7424,2320046,2320046,1,and,man,graph_box,1.0000,24,1,0,3,to the center,333,500,"72.0,73.0,224.0,402.0"
7425,2320046,2320046,1,0_hop,snowboard,graph_box,1.0000,24,1,0,1,to the center,333,500,"170.0,259.0,220.0,446.0"
7426,2320046,2320046,1,and,snowboard,graph_box,1.0000,24,1,0,3,to the center,333,500,"170.0,259.0,220.0,446.0"
7427,339,339,1,0_hop,woman,graph_box,1.0000,18,1,0,1,to the left,800,600,"62.0,320.0,153.0,535.0"
7428,339,339,2,2_hop,man,graph_box,1.0000,18,2,1,3,to the left,800,600,"128.0,324.0,213.0,543.0"
7429,339,339,2,1_hop,man,graph_box,1.0000,18,2,1,2,to the left,800,600,"128.0,324.0,213.0,543.0"
7430,2381595,2381595,1,0_hop,girl,graph_box,1.0000,14,1,0,1,to the center,500,357,"193.0,108.0,331.0,350.0"
7431,2381595,2381595,1,2_hop,girl,graph_box,1.0000,14,1,0,3,to the center,500,357,"193.0,108.0,331.0,350.0"
7432,2381595,2381595,1,and,girl,graph_box,1.0000,14,1,0,3,to the center,500,357,"193.0,108.0,331.0,350.0"
7433,2399431,2399431,1,0_hop,vase,graph_box,1.0000,17,1,0,1,to the center,375,500,"157.0,272.0,258.0,498.0"
7434,2399431,2399431,1,1_hop,vase,graph_box,1.0000,17,1,0,2,to the center,375,500,"157.0,272.0,258.0,498.0"
7436,2370053,2370053,2,and,man,graph_box,1.0000,32,4,3,3,to the center,500,375,"167.0,147.0,317.0,298.0"
7438,2417435,2417435,1,2_hop,bench,graph_box,1.0000,10,1,0,3,to the center,500,333,"24.0,80.0,324.0,295.0"
7439,2417435,2417435,1,and,man,graph_box,1.0000,10,1,0,3,to the center,500,333,"148.0,32.0,309.0,270.0"
7440,2346327,2346327,1,1_hop,man,graph_box,1.0000,35,1,0,2,to the right,500,334,"239.0,6.0,437.0,334.0"
7441,2337945,2337945,1,0_hop,coffee table,graph_box,1.0000,31,1,0,1,to the center,500,334,"22.0,248.0,350.0,334.0"
7443,2337945,2337945,1,0_hop,television,graph_box,1.0000,31,1,0,1,to the center,500,334,"166.0,95.0,302.0,239.0"
7444,2337945,2337945,1,2_hop,television,graph_box,1.0000,31,1,0,3,to the center,500,334,"166.0,95.0,302.0,239.0"
7445,2341860,2341860,1,and,man,graph_box,1.0000,17,1,0,3,to the right,500,333,"281.0,72.0,449.0,296.0"
7446,2386867,2386867,2,1_hop,pizza,graph_box,1.0000,35,2,1,2,to the center,500,500,"0.0,409.0,408.0,498.0"
7447,2386867,2386867,1,2_hop,plate,graph_box,1.0000,35,1,0,3,to the right,500,500,"375.0,353.0,500.0,445.0"
7448,2386867,2386867,2,2_hop,man,graph_box,1.0000,35,2,1,3,to the right,500,500,"194.0,1.0,499.0,421.0"
7449,2386867,2386867,2,1_hop,man,graph_box,1.0000,35,2,1,2,to the right,500,500,"194.0,1.0,499.0,421.0"
7450,2386867,2386867,3,2_hop,man,graph_box,1.0000,35,2,1,3,to the right,500,500,"194.0,1.0,499.0,421.0"
7451,2386867,2386867,2,2_hop,man,graph_box,1.0000,35,2,1,3,to the center,500,500,"143.0,122.0,285.0,424.0"
7452,2386867,2386867,2,and,man,graph_box,1.0000,35,2,1,3,to the center,500,500,"143.0,122.0,285.0,424.0"
7453,2401166,2401166,1,and,man,graph_box,1.0000,23,1,0,3,to the center,375,500,"5.0,36.0,296.0,499.0"
7454,2318281,2318281,2,0_hop,bus,graph_box,1.0000,25,2,1,1,to the center,500,375,"93.0,92.0,444.0,332.0"
7455,2318281,2318281,2,2_hop,bus,graph_box,1.0000,25,2,1,3,to the center,500,375,"93.0,92.0,444.0,332.0"
7456,2318281,2318281,2,1_hop,bus,graph_box,1.0000,25,2,1,2,to the center,500,375,"93.0,92.0,444.0,332.0"
7460,2352941,2352941,1,0_hop,dish,graph_box,1.0000,34,1,0,1,to the right,500,333,"292.0,232.0,499.0,332.0"
7463,2352941,2352941,2,1_hop,pizza,graph_box,1.0000,34,6,5,2,to the center,500,333,"128.0,208.0,363.0,264.0"
7465,2321578,2321578,1,0_hop,shower curtain,graph_box,1.0000,13,1,0,1,to the center,375,500,"203.0,13.0,278.0,369.0"
7466,2384642,2384642,1,1_hop,motorcycle,graph_box,1.0000,20,1,0,2,to the right,500,374,"330.0,168.0,453.0,310.0"
7467,2380080,2380080,1,1_hop,car,graph_box,1.0000,15,1,0,2,to the center,500,335,"52.0,65.0,490.0,284.0"
7468,2380080,2380080,1,2_hop,woman,graph_box,1.0000,15,1,0,3,to the left,500,335,"43.0,90.0,174.0,293.0"
7469,2380080,2380080,1,and,woman,graph_box,1.0000,15,1,0,3,to the left,500,335,"43.0,90.0,174.0,293.0"
7473,2319456,2319456,1,0_hop,giraffe,graph_box,1.0000,26,1,0,1,to the center,500,343,"189.0,98.0,318.0,325.0"
7474,2381061,2381061,1,0_hop,laptop,graph_box,1.0000,12,1,0,1,to the right,500,375,"325.0,291.0,433.0,370.0"
7475,2381067,2381067,2,0_hop,sign,graph_box,1.0000,18,4,3,1,to the center,466,500,"74.0,14.0,256.0,172.0"
7481,2323225,2323225,2,2_hop,zebra,graph_box,1.0000,14,1,0,3,to the center,500,375,"104.0,62.0,232.0,324.0"
7482,2323225,2323225,2,1_hop,zebra,graph_box,1.0000,14,1,0,2,to the center,500,375,"104.0,62.0,232.0,324.0"
7483,2416063,2416063,1,2_hop,chair,graph_box,1.0000,31,1,0,3,to the center,500,333,"231.0,220.0,286.0,317.0"
7484,2398368,2398368,1,0_hop,bus,graph_box,1.0000,10,1,0,1,to the center,500,333,"42.0,105.0,360.0,237.0"
7486,2398368,2398368,1,and,bus,graph_box,1.0000,10,1,0,3,to the center,500,333,"42.0,105.0,360.0,237.0"
7487,2393711,2393711,1,0_hop,locomotive,graph_box,1.0000,20,1,0,1,to the center,500,333,"30.0,116.0,465.0,293.0"
7488,2325681,2325681,1,0_hop,boat,graph_box,1.0000,9,1,0,1,to the center,500,281,"45.0,47.0,344.0,193.0"
7489,2356967,2356967,1,0_hop,horse,graph_box,1.0000,18,1,0,1,to the left,500,333,"41.0,127.0,163.0,199.0"
7490,2342742,2342742,2,0_hop,bucket,graph_box,1.0000,19,2,1,1,to the left,334,500,"40.0,311.0,136.0,439.0"
7491,2397488,2397488,1,2_hop,car,graph_box,1.0000,26,1,0,3,to the right,375,500,"267.0,47.0,374.0,114.0"
7492,2397488,2397488,1,and,car,graph_box,1.0000,26,1,0,3,to the right,375,500,"267.0,47.0,374.0,114.0"
7493,2397488,2397488,1,2_hop,bike,graph_box,1.0000,26,1,0,3,to the right,375,500,"296.0,63.0,374.0,139.0"
7494,2397488,2397488,1,and,bike,graph_box,1.0000,26,1,0,3,to the right,375,500,"296.0,63.0,374.0,139.0"
7495,2397488,2397488,1,2_hop,woman,graph_box,1.0000,26,1,0,3,to the center,375,500,"24.0,0.0,320.0,501.0"
7496,2397488,2397488,1,and,woman,graph_box,1.0000,26,1,0,3,to the center,375,500,"24.0,0.0,320.0,501.0"
7497,2397488,2397488,1,2_hop,bicycle,graph_box,1.0000,26,1,0,3,to the right,375,500,"295.0,70.0,374.0,132.0"
7498,2416670,2416670,1,2_hop,man,graph_box,1.0000,16,1,0,3,to the center,500,333,"263.0,0.0,390.0,128.0"
7499,2350736,2350736,1,1_hop,book,graph_box,1.0000,19,1,0,2,to the center,500,375,"141.0,0.0,419.0,156.0"
7500,2324790,2324790,1,0_hop,man,graph_box,1.0000,15,1,0,1,to the right,500,375,"327.0,242.0,377.0,354.0"
7501,2383506,2383506,1,2_hop,man,graph_box,1.0000,20,1,0,3,to the center,500,375,"218.0,38.0,323.0,292.0"
7502,2380852,2380852,1,0_hop,machine,graph_box,1.0000,12,1,0,1,to the center,500,379,"157.0,171.0,341.0,269.0"
7503,2380852,2380852,1,1_hop,machine,graph_box,1.0000,12,1,0,2,to the center,500,379,"157.0,171.0,341.0,269.0"
7506,2409741,2409741,1,and,bike,graph_box,1.0000,23,1,0,3,to the center,500,286,"143.0,85.0,274.0,235.0"
7508,2409741,2409741,1,0_hop,table,graph_box,1.0000,23,1,0,1,to the right,500,286,"281.0,100.0,405.0,172.0"
7510,2345950,2345950,1,2_hop,car,graph_box,1.0000,15,1,0,3,to the center,500,344,"134.0,222.0,206.0,283.0"
7511,2354877,2354877,1,0_hop,bench,graph_box,1.0000,17,1,0,1,to the center,333,500,"124.0,339.0,262.0,424.0"
7512,2354877,2354877,1,1_hop,bench,graph_box,1.0000,17,1,0,2,to the center,333,500,"124.0,339.0,262.0,424.0"
7513,2354877,2354877,1,1_hop,street light,graph_box,1.0000,17,1,0,2,to the left,333,500,"76.0,146.0,123.0,355.0"
7515,2354877,2354877,2,and,man,graph_box,1.0000,17,2,1,3,to the left,333,500,"1.0,265.0,100.0,498.0"
7517,2387508,2387508,1,2_hop,woman,graph_box,1.0000,19,1,0,3,to the center,500,375,"272.0,121.0,355.0,348.0"
7518,2387508,2387508,1,and,stroller,graph_box,1.0000,19,1,0,3,to the center,500,375,"147.0,194.0,284.0,352.0"
7519,2387508,2387508,2,0_hop,car,graph_box,1.0000,19,2,1,1,to the left,500,375,"28.0,146.0,202.0,287.0"
7520,2387508,2387508,2,2_hop,car,graph_box,1.0000,19,2,1,3,to the left,500,375,"28.0,146.0,202.0,287.0"
7522,2387508,2387508,2,0_hop,car,graph_box,1.0000,19,2,1,1,to the center,500,375,"218.0,164.0,342.0,236.0"
7529,2328856,2328856,1,0_hop,man,graph_box,1.0000,9,1,0,1,to the right,500,335,"250.0,12.0,421.0,265.0"
7530,2328856,2328856,1,and,man,graph_box,1.0000,9,1,0,3,to the right,500,335,"250.0,12.0,421.0,265.0"
7532,2411716,2411716,2,and,airplane,graph_box,1.0000,24,2,1,3,to the center,500,375,"140.0,52.0,500.0,374.0"
7533,2411716,2411716,1,0_hop,truck,graph_box,1.0000,24,1,0,1,to the center,500,375,"132.0,217.0,220.0,373.0"
7534,2374412,2374412,1,and,bus,graph_box,1.0000,23,1,0,3,to the left,500,333,"0.0,0.0,294.0,202.0"
7535,2374412,2374412,1,and,bull,graph_box,1.0000,23,1,0,3,to the center,500,333,"187.0,84.0,411.0,333.0"
7536,2343797,2343797,2,1_hop,boy,graph_box,1.0000,23,2,1,2,to the center,500,375,"275.0,120.0,319.0,245.0"
7541,2363164,2363164,2,2_hop,man,graph_box,1.0000,17,2,1,3,to the right,500,500,"340.0,178.0,438.0,380.0"
7542,2363164,2363164,2,and,man,graph_box,1.0000,17,2,1,3,to the right,500,500,"340.0,178.0,438.0,380.0"
7543,2363164,2363164,1,2_hop,woman,graph_box,1.0000,17,1,0,3,to the center,500,500,"239.0,180.0,331.0,416.0"
7544,2363164,2363164,2,1_hop,girl,graph_box,1.0000,17,1,0,2,to the right,500,500,"435.0,192.0,484.0,375.0"
7545,2363164,2363164,1,2_hop,surfboard,graph_box,1.0000,17,1,0,3,to the left,500,500,"17.0,240.0,285.0,314.0"
7546,2363164,2363164,2,2_hop,man,graph_box,1.0000,17,2,1,3,to the left,500,500,"48.0,168.0,240.0,411.0"
7547,2363164,2363164,2,and,man,graph_box,1.0000,17,2,1,3,to the left,500,500,"48.0,168.0,240.0,411.0"
7548,2322092,2322092,2,2_hop,box,graph_box,1.0000,18,5,4,3,to the left,333,500,"78.0,131.0,118.0,376.0"
7551,2403572,2403572,1,0_hop,horse,graph_box,1.0000,23,1,0,1,to the left,500,341,"0.0,42.0,326.0,337.0"
7555,2342134,2342134,1,and,woman,graph_box,1.0000,30,1,0,3,to the left,500,375,"75.0,88.0,203.0,375.0"
7557,1421,1421,2,and,car,graph_box,1.0000,22,1,0,3,to the center,800,600,"134.0,360.0,412.0,457.0"
7558,1421,1421,1,0_hop,minivan,graph_box,1.0000,22,1,0,1,to the right,800,600,"516.0,345.0,800.0,482.0"
7559,2357910,2357910,1,0_hop,train,graph_box,1.0000,21,1,0,1,to the center,500,500,"37.0,77.0,447.0,368.0"
7560,2357910,2357910,1,2_hop,train,graph_box,1.0000,21,1,0,3,to the center,500,500,"37.0,77.0,447.0,368.0"
7561,2377193,2377193,1,1_hop,statue,graph_box,1.0000,18,1,0,2,to the right,500,500,"355.0,93.0,421.0,188.0"
7562,2377193,2377193,1,2_hop,pillow,graph_box,1.0000,18,1,0,3,to the center,500,500,"150.0,370.0,277.0,452.0"
7563,2377193,2377193,1,and,pillow,graph_box,1.0000,18,1,0,3,to the center,500,500,"150.0,370.0,277.0,452.0"
7564,2380622,2380622,2,0_hop,truck,graph_box,1.0000,20,2,1,1,to the right,500,375,"352.0,70.0,458.0,153.0"
7565,2380622,2380622,2,2_hop,truck,graph_box,1.0000,20,2,1,3,to the right,500,375,"352.0,70.0,458.0,153.0"
7566,2380622,2380622,2,and,truck,graph_box,1.0000,20,2,1,3,to the right,500,375,"352.0,70.0,458.0,153.0"
7567,2380622,2380622,3,2_hop,truck,graph_box,1.0000,20,2,1,3,to the right,500,375,"352.0,70.0,458.0,153.0"
7568,2390108,2390108,2,2_hop,napkin,graph_box,1.0000,33,2,1,3,to the center,500,375,"148.0,171.0,252.0,247.0"
7569,2390108,2390108,2,and,napkin,graph_box,1.0000,33,2,1,3,to the center,500,375,"148.0,171.0,252.0,247.0"
7570,2390108,2390108,1,1_hop,plate,graph_box,1.0000,33,1,0,2,to the left,500,375,"46.0,131.0,212.0,222.0"
7571,2390108,2390108,3,2_hop,pizza,graph_box,1.0000,33,2,1,3,to the right,500,375,"203.0,189.0,466.0,365.0"
7572,2398287,2398287,2,1_hop,man,graph_box,1.0000,20,2,1,2,to the left,500,375,"47.0,16.0,263.0,163.0"
7576,2351784,2351784,2,1_hop,man,graph_box,1.0000,11,2,1,2,to the center,500,374,"86.0,127.0,257.0,373.0"
7577,2327623,2327623,1,2_hop,surfboard,graph_box,1.0000,10,1,0,3,to the left,500,333,"47.0,90.0,193.0,250.0"
7579,2375596,2375596,1,2_hop,elephant,graph_box,1.0000,11,1,0,3,to the center,500,335,"21.0,44.0,435.0,278.0"
7580,2375596,2375596,1,1_hop,elephant,graph_box,1.0000,11,1,0,2,to the center,500,335,"21.0,44.0,435.0,278.0"
7581,2321518,2321518,2,2_hop,man,graph_box,1.0000,19,4,3,3,to the center,500,375,"148.0,112.0,241.0,333.0"
7583,2384623,2384623,1,0_hop,coffee table,graph_box,1.0000,16,1,0,1,to the center,500,333,"223.0,261.0,378.0,310.0"
7584,2384623,2384623,1,1_hop,coffee table,graph_box,1.0000,16,1,0,2,to the center,500,333,"223.0,261.0,378.0,310.0"
7585,2384623,2384623,1,1_hop,chandelier,graph_box,1.0000,16,1,0,2,to the center,500,333,"218.0,0.0,282.0,110.0"
7586,2337631,2337631,1,2_hop,man,graph_box,1.0000,18,1,0,3,to the left,500,333,"57.0,118.0,243.0,332.0"
7588,2336948,2336948,1,and,bench,graph_box,1.0000,14,1,0,3,to the right,500,334,"248.0,256.0,500.0,334.0"
7589,2387719,2387719,2,0_hop,car,graph_box,1.0000,18,2,1,1,to the right,375,500,"187.0,274.0,367.0,446.0"
7590,2387719,2387719,2,2_hop,car,graph_box,1.0000,18,2,1,3,to the right,375,500,"187.0,274.0,367.0,446.0"
7591,2387719,2387719,2,1_hop,car,graph_box,1.0000,18,2,1,2,to the right,375,500,"187.0,274.0,367.0,446.0"
7593,2387719,2387719,2,2_hop,car,graph_box,1.0000,18,2,1,3,to the left,375,500,"46.0,322.0,173.0,403.0"
7594,2387719,2387719,2,1_hop,car,graph_box,1.0000,18,2,1,2,to the left,375,500,"46.0,322.0,173.0,403.0"
7595,2404624,2404624,1,and,man,graph_box,1.0000,16,1,0,3,to the center,363,500,"82.0,68.0,330.0,434.0"
7596,2337091,2337091,1,0_hop,car,graph_box,1.0000,15,1,0,1,to the center,500,366,"103.0,181.0,318.0,316.0"
7597,2405682,2405682,1,2_hop,bus,graph_box,1.0000,18,1,0,3,to the center,500,500,"65.0,155.0,440.0,387.0"
7598,2366877,2366877,1,2_hop,truck,graph_box,1.0000,23,1,0,3,to the center,500,281,"140.0,40.0,244.0,84.0"
7599,2366877,2366877,1,and,truck,graph_box,1.0000,23,1,0,3,to the center,500,281,"140.0,40.0,244.0,84.0"
7602,2366876,2366876,1,0_hop,chandelier,graph_box,1.0000,33,1,0,1,to the left,500,333,"92.0,1.0,177.0,101.0"
7603,2366876,2366876,1,2_hop,chandelier,graph_box,1.0000,33,1,0,3,to the left,500,333,"92.0,1.0,177.0,101.0"
7604,2366876,2366876,1,and,chandelier,graph_box,1.0000,33,1,0,3,to the left,500,333,"92.0,1.0,177.0,101.0"
7605,2366876,2366876,2,0_hop,table,graph_box,1.0000,33,2,1,1,to the left,500,333,"9.0,195.0,240.0,316.0"
7606,2366876,2366876,2,2_hop,table,graph_box,1.0000,33,2,1,3,to the left,500,333,"9.0,195.0,240.0,316.0"
7607,2366876,2366876,2,and,table,graph_box,1.0000,33,2,1,3,to the left,500,333,"9.0,195.0,240.0,316.0"
7608,2366876,2366876,2,0_hop,table,graph_box,1.0000,33,2,1,1,to the center,500,333,"273.0,187.0,359.0,236.0"
7609,2366876,2366876,2,2_hop,table,graph_box,1.0000,33,2,1,3,to the center,500,333,"273.0,187.0,359.0,236.0"
7610,2366876,2366876,2,and,table,graph_box,1.0000,33,2,1,3,to the center,500,333,"273.0,187.0,359.0,236.0"
7612,2400016,2400016,1,0_hop,dog,graph_box,1.0000,19,1,0,1,to the center,374,500,"82.0,354.0,237.0,467.0"
7613,2318574,2318574,1,0_hop,boat,graph_box,1.0000,12,1,0,1,to the center,500,333,"101.0,6.0,398.0,243.0"
7614,2318574,2318574,1,and,boat,graph_box,1.0000,12,1,0,3,to the center,500,333,"101.0,6.0,398.0,243.0"
7615,2318574,2318574,1,2_hop,man,graph_box,1.0000,12,1,0,3,to the center,500,333,"153.0,201.0,229.0,331.0"
7616,2335498,2335498,1,and,man,graph_box,1.0000,25,1,0,3,to the right,500,375,"221.0,131.0,499.0,372.0"
7617,2391999,2391999,2,0_hop,pillow,objects_id_first,0.0892,14,1,0,1,to the center,375,500,"97.6,391.4,333.6,498.5"
7618,2391999,2391999,1,1_hop,pillow,graph_box,1.0000,14,1,0,2,to the center,375,500,"145.0,346.0,230.0,422.0"
7619,2359166,2359166,1,2_hop,trash can,graph_box,1.0000,36,1,0,3,to the right,500,375,"374.0,235.0,457.0,348.0"
7623,2383526,2383526,2,and,elephant,graph_box,1.0000,10,1,0,3,to the center,500,500,"229.0,363.0,331.0,443.0"
7624,2383526,2383526,1,and,baby,graph_box,1.0000,10,1,0,3,to the center,500,500,"152.0,385.0,255.0,463.0"
7627,2380870,2380870,2,2_hop,blanket,graph_box,1.0000,14,2,1,3,to the right,500,375,"247.0,163.0,425.0,230.0"
7628,2380870,2380870,2,and,blanket,graph_box,1.0000,14,2,1,3,to the right,500,375,"247.0,163.0,425.0,230.0"
7629,737,737,1,0_hop,car,graph_box,1.0000,15,1,0,1,to the left,800,600,"36.0,245.0,212.0,337.0"
7631,2405332,2405332,1,0_hop,man,graph_box,1.0000,23,1,0,1,to the right,500,334,"325.0,94.0,429.0,264.0"
7632,2379524,2379524,1,0_hop,boat,graph_box,1.0000,7,1,0,1,to the center,500,337,"52.0,41.0,382.0,188.0"
7633,2379524,2379524,1,1_hop,boat,graph_box,1.0000,7,1,0,2,to the center,500,337,"52.0,41.0,382.0,188.0"
7634,2380271,2380271,1,0_hop,car,graph_box,1.0000,22,1,0,1,to the center,500,342,"159.0,111.0,288.0,232.0"
7635,2380271,2380271,2,2_hop,bike,graph_box,1.0000,22,2,1,3,to the center,500,342,"210.0,134.0,266.0,238.0"
7636,2380271,2380271,2,and,bike,graph_box,1.0000,22,2,1,3,to the center,500,342,"210.0,134.0,266.0,238.0"
7637,2380271,2380271,2,2_hop,bike,graph_box,1.0000,22,2,1,3,to the left,500,342,"87.0,187.0,140.0,306.0"
7638,2380271,2380271,2,1_hop,bike,graph_box,1.0000,22,2,1,2,to the left,500,342,"87.0,187.0,140.0,306.0"
7639,2412382,2412382,1,2_hop,box,graph_box,1.0000,37,1,0,3,to the right,500,333,"334.0,10.0,429.0,109.0"
7640,2412382,2412382,1,1_hop,box,graph_box,1.0000,37,1,0,2,to the right,500,333,"334.0,10.0,429.0,109.0"
7643,2412382,2412382,1,0_hop,plant,graph_box,1.0000,37,1,0,1,to the center,500,333,"150.0,16.0,207.0,121.0"
7644,2412382,2412382,1,and,plant,graph_box,1.0000,37,1,0,3,to the center,500,333,"150.0,16.0,207.0,121.0"
7645,2316296,2316296,1,0_hop,elephant,graph_box,1.0000,15,1,0,1,to the center,333,500,"0.0,37.0,322.0,449.0"
7646,2316296,2316296,1,2_hop,elephant,graph_box,1.0000,15,1,0,3,to the center,333,500,"0.0,37.0,322.0,449.0"
7647,2316296,2316296,1,and,elephant,graph_box,1.0000,15,1,0,3,to the center,333,500,"0.0,37.0,322.0,449.0"
7648,2403045,2403045,1,0_hop,frisbee,graph_box,1.0000,18,1,0,1,to the right,500,375,"367.0,309.0,499.0,374.0"
7649,2403045,2403045,1,0_hop,man,graph_box,1.0000,18,1,0,1,to the right,500,375,"368.0,32.0,500.0,204.0"
7651,2342333,2342333,1,0_hop,horse,graph_box,1.0000,26,1,0,1,to the center,500,333,"8.0,15.0,376.0,333.0"
7652,2342333,2342333,1,and,man,graph_box,1.0000,26,1,0,3,to the right,500,333,"309.0,45.0,469.0,332.0"
7653,2393869,2393869,2,and,bus,graph_box,1.0000,13,1,0,3,to the left,500,333,"76.0,141.0,132.0,220.0"
7654,2349328,2349328,2,0_hop,sign,graph_box,1.0000,17,3,2,1,to the left,333,500,"0.0,77.0,196.0,188.0"
7655,2349328,2349328,2,0_hop,sign,graph_box,1.0000,17,3,2,1,to the center,333,500,"134.0,233.0,304.0,312.0"
7658,2349328,2349328,1,0_hop,truck,graph_box,1.0000,17,1,0,1,to the right,333,500,"205.0,383.0,284.0,446.0"
7659,2372497,2372497,1,2_hop,elephant,graph_box,1.0000,14,1,0,3,to the right,500,333,"299.0,38.0,437.0,226.0"
7660,2372497,2372497,1,and,elephant,graph_box,1.0000,14,1,0,3,to the right,500,333,"299.0,38.0,437.0,226.0"
7661,2348890,2348890,1,0_hop,animal,graph_box,1.0000,8,1,0,1,to the center,500,334,"82.0,118.0,325.0,265.0"
7662,2348890,2348890,1,and,animal,graph_box,1.0000,8,1,0,3,to the center,500,334,"82.0,118.0,325.0,265.0"
7664,2376008,2376008,2,and,cone,graph_box,1.0000,23,5,4,3,to the left,500,403,"52.0,124.0,106.0,222.0"
7665,2376008,2376008,1,1_hop,bike,graph_box,1.0000,23,1,0,2,to the center,500,403,"183.0,91.0,403.0,401.0"
7666,2376008,2376008,1,0_hop,bag,graph_box,1.0000,23,1,0,1,to the right,500,403,"305.0,191.0,407.0,269.0"
7667,2410921,2410921,1,1_hop,boat,graph_box,1.0000,14,1,0,2,to the center,500,334,"160.0,189.0,333.0,226.0"
7668,2320004,2320004,1,2_hop,bicycle,graph_box,1.0000,28,1,0,3,to the center,500,374,"250.0,199.0,324.0,298.0"
7669,2320004,2320004,1,and,bus,graph_box,1.0000,28,1,0,3,to the left,500,374,"0.0,90.0,277.0,323.0"
7670,2320004,2320004,2,2_hop,car,graph_box,1.0000,28,4,3,3,to the left,500,374,"0.0,222.0,210.0,373.0"
7672,2346146,2346146,1,1_hop,airplane,graph_box,1.0000,13,1,0,2,to the center,500,333,"86.0,102.0,474.0,252.0"
7673,2383984,2383984,1,0_hop,side table,graph_box,1.0000,28,1,0,1,to the left,500,472,"1.0,325.0,180.0,435.0"
7674,2383984,2383984,1,2_hop,side table,graph_box,1.0000,28,1,0,3,to the left,500,472,"1.0,325.0,180.0,435.0"
7676,2383984,2383984,1,2_hop,chair,graph_box,1.0000,28,1,0,3,to the right,500,472,"337.0,248.0,499.0,467.0"
7677,2383984,2383984,1,and,chair,graph_box,1.0000,28,1,0,3,to the right,500,472,"337.0,248.0,499.0,467.0"
7678,2383984,2383984,2,1_hop,lamp,graph_box,1.0000,28,1,0,2,to the left,500,472,"0.0,49.0,213.0,162.0"
7679,2383984,2383984,1,0_hop,sofa,graph_box,1.0000,28,1,0,1,to the left,500,472,"0.0,199.0,241.0,472.0"
7680,2383984,2383984,1,2_hop,sofa,graph_box,1.0000,28,1,0,3,to the left,500,472,"0.0,199.0,241.0,472.0"
7681,2383984,2383984,1,and,sofa,graph_box,1.0000,28,1,0,3,to the left,500,472,"0.0,199.0,241.0,472.0"
7684,2374155,2374155,1,0_hop,sign,graph_box,1.0000,9,1,0,1,to the center,500,375,"100.0,111.0,399.0,298.0"
7685,2374155,2374155,1,2_hop,sign,graph_box,1.0000,9,1,0,3,to the center,500,375,"100.0,111.0,399.0,298.0"
7686,2374155,2374155,1,and,sign,graph_box,1.0000,9,1,0,3,to the center,500,375,"100.0,111.0,399.0,298.0"
7687,2384812,2384812,1,0_hop,boy,graph_box,1.0000,15,1,0,1,to the center,500,364,"114.0,88.0,229.0,337.0"
7688,2384812,2384812,1,0_hop,surfboard,graph_box,1.0000,15,1,0,1,to the center,500,364,"179.0,135.0,225.0,272.0"
7689,2384812,2384812,1,2_hop,surfboard,graph_box,1.0000,15,1,0,3,to the center,500,364,"179.0,135.0,225.0,272.0"
7690,2368368,2368368,1,0_hop,sign,graph_box,1.0000,13,1,0,1,to the center,495,500,"224.0,193.0,281.0,312.0"
7691,498126,498126,1,0_hop,bowl,graph_box,1.0000,14,1,0,1,to the right,768,1024,"584.0,352.0,768.0,465.0"
7692,498126,498126,2,0_hop,towel,graph_box,1.0000,14,3,2,1,to the center,768,1024,"213.0,247.0,339.0,645.0"
7694,498126,498126,2,and,towel,graph_box,1.0000,14,3,2,3,to the center,768,1024,"213.0,247.0,339.0,645.0"
7695,498126,498126,2,0_hop,towel,graph_box,1.0000,14,3,2,1,to the left,768,1024,"150.0,391.0,255.0,723.0"
7696,498126,498126,2,0_hop,towel,graph_box,1.0000,14,3,2,1,to the left,768,1024,"110.0,397.0,214.0,700.0"
7697,2378337,2378337,1,1_hop,man,graph_box,1.0000,19,1,0,2,to the left,500,325,"26.0,115.0,247.0,324.0"
7702,2414129,2414129,2,2_hop,man,graph_box,1.0000,24,2,1,3,to the center,500,316,"215.0,224.0,311.0,315.0"
7703,2414129,2414129,2,and,man,graph_box,1.0000,24,2,1,3,to the center,500,316,"215.0,224.0,311.0,315.0"
7704,2414129,2414129,1,and,bus,graph_box,1.0000,24,1,0,3,to the center,500,316,"13.0,155.0,329.0,293.0"
7705,2413403,2413403,1,1_hop,man,graph_box,1.0000,13,1,0,2,to the left,374,500,"0.0,244.0,66.0,500.0"
7707,2330292,2330292,1,0_hop,train,graph_box,1.0000,20,1,0,1,to the center,500,288,"42.0,117.0,399.0,280.0"
7708,2330292,2330292,1,1_hop,train,graph_box,1.0000,20,1,0,2,to the center,500,288,"42.0,117.0,399.0,280.0"
7709,2363074,2363074,1,1_hop,pillow,graph_box,1.0000,18,1,0,2,to the left,320,240,"43.0,165.0,131.0,238.0"
7710,2363074,2363074,1,0_hop,sofa,graph_box,1.0000,18,1,0,1,to the center,320,240,"1.0,68.0,214.0,240.0"
7711,2363074,2363074,1,2_hop,sofa,graph_box,1.0000,18,1,0,3,to the center,320,240,"1.0,68.0,214.0,240.0"
7712,2408005,2408005,1,2_hop,man,graph_box,1.0000,23,1,0,3,to the center,500,333,"223.0,37.0,436.0,332.0"
7713,2408005,2408005,1,1_hop,truck,graph_box,1.0000,23,1,0,2,to the center,500,333,"155.0,133.0,491.0,263.0"
7714,2396407,2396407,1,0_hop,motorcycle,graph_box,1.0000,15,1,0,1,to the center,500,333,"20.0,80.0,475.0,333.0"
7715,2396407,2396407,2,2_hop,man,graph_box,1.0000,15,2,1,3,to the center,500,333,"178.0,42.0,354.0,326.0"
7716,2396407,2396407,2,and,man,graph_box,1.0000,15,2,1,3,to the center,500,333,"178.0,42.0,354.0,326.0"
7717,2319689,2319689,1,0_hop,woman,graph_box,1.0000,17,1,0,1,to the center,500,490,"196.0,137.0,311.0,409.0"
7719,2416419,2416419,2,0_hop,bag,graph_box,1.0000,23,2,1,1,to the center,333,500,"134.0,194.0,222.0,302.0"
7720,2416419,2416419,2,0_hop,bag,graph_box,1.0000,23,2,1,1,to the center,333,500,"140.0,148.0,218.0,294.0"
7721,2399031,2399031,1,1_hop,car,graph_box,1.0000,10,1,0,2,to the center,500,349,"179.0,0.0,443.0,63.0"
7722,2399031,2399031,1,1_hop,fire hydrant,graph_box,1.0000,10,1,0,2,to the center,500,349,"230.0,117.0,363.0,348.0"
7724,2319534,2319534,2,2_hop,player,graph_box,1.0000,28,1,0,3,to the left,500,335,"58.0,80.0,218.0,302.0"
7725,2354301,2354301,2,1_hop,bench,graph_box,1.0000,25,3,2,2,to the right,500,500,"338.0,338.0,493.0,490.0"
7727,2337213,2337213,1,and,laptop,graph_box,1.0000,26,1,0,3,to the left,500,333,"7.0,125.0,282.0,333.0"
7728,2337213,2337213,1,0_hop,computer monitor,graph_box,1.0000,26,1,0,1,to the center,500,333,"165.0,22.0,342.0,197.0"
7730,2381611,2381611,2,1_hop,truck,graph_box,1.0000,14,2,1,2,to the center,500,224,"118.0,157.0,251.0,217.0"
7731,2379887,2379887,1,and,man,graph_box,1.0000,15,1,0,3,to the center,500,375,"177.0,34.0,353.0,272.0"
7732,2379887,2379887,1,0_hop,surfboard,graph_box,1.0000,15,1,0,1,to the left,500,375,"38.0,198.0,257.0,267.0"
7733,2325537,2325537,1,2_hop,coffee table,graph_box,1.0000,15,1,0,3,to the center,500,281,"227.0,180.0,287.0,256.0"
7734,2325537,2325537,1,and,coffee table,graph_box,1.0000,15,1,0,3,to the center,500,281,"227.0,180.0,287.0,256.0"
7735,2339739,2339739,1,0_hop,post,graph_box,1.0000,9,1,0,1,to the center,500,333,"195.0,49.0,289.0,332.0"
7736,2339739,2339739,1,0_hop,sign,graph_box,1.0000,9,1,0,1,to the center,500,333,"213.0,91.0,288.0,261.0"
7737,2339739,2339739,1,2_hop,sign,graph_box,1.0000,9,1,0,3,to the center,500,333,"213.0,91.0,288.0,261.0"
7738,2339739,2339739,1,2_hop,street light,graph_box,1.0000,9,1,0,3,to the center,500,333,"279.0,73.0,343.0,306.0"
7739,2339739,2339739,1,and,street light,graph_box,1.0000,9,1,0,3,to the center,500,333,"279.0,73.0,343.0,306.0"
7740,2366104,2366104,1,0_hop,surfboard,graph_box,1.0000,12,1,0,1,to the center,500,333,"225.0,83.0,354.0,264.0"
7741,2366104,2366104,1,0_hop,man,graph_box,1.0000,12,1,0,1,to the center,500,333,"200.0,77.0,354.0,228.0"
7742,2366104,2366104,1,1_hop,man,graph_box,1.0000,12,1,0,2,to the center,500,333,"200.0,77.0,354.0,228.0"
7743,2333515,2333515,1,2_hop,girl,graph_box,1.0000,13,1,0,3,to the center,500,331,"186.0,105.0,383.0,330.0"
7744,2333515,2333515,2,2_hop,picture,graph_box,1.0000,13,2,1,3,to the left,500,331,"91.0,202.0,160.0,283.0"
7745,2333515,2333515,2,and,picture,graph_box,1.0000,13,2,1,3,to the left,500,331,"91.0,202.0,160.0,283.0"
7746,2407415,2407415,1,0_hop,man,graph_box,1.0000,26,1,0,1,to the right,500,375,"395.0,188.0,437.0,308.0"
7747,2407415,2407415,1,2_hop,man,graph_box,1.0000,26,1,0,3,to the right,500,375,"395.0,188.0,437.0,308.0"
7748,2407415,2407415,1,and,man,graph_box,1.0000,26,1,0,3,to the right,500,375,"395.0,188.0,437.0,308.0"
7749,2407415,2407415,1,0_hop,bus,graph_box,1.0000,26,1,0,1,to the center,500,375,"41.0,114.0,401.0,307.0"
7750,2407415,2407415,1,and,bus,graph_box,1.0000,26,1,0,3,to the center,500,375,"41.0,114.0,401.0,307.0"
7751,2336032,2336032,2,0_hop,bag,graph_box,1.0000,12,2,1,1,to the left,374,500,"25.0,232.0,160.0,306.0"
7752,2336032,2336032,1,1_hop,box,graph_box,1.0000,12,1,0,2,to the center,374,500,"120.0,275.0,176.0,420.0"
7753,2377542,2377542,1,0_hop,bike,graph_box,1.0000,15,1,0,1,to the center,500,375,"64.0,81.0,283.0,207.0"
7754,2377542,2377542,1,2_hop,bike,graph_box,1.0000,15,1,0,3,to the center,500,375,"64.0,81.0,283.0,207.0"
7755,2377542,2377542,1,1_hop,bike,graph_box,1.0000,15,1,0,2,to the center,500,375,"64.0,81.0,283.0,207.0"
7756,2403521,2403521,1,0_hop,giraffe,graph_box,1.0000,16,1,0,1,to the center,334,500,"106.0,118.0,252.0,390.0"
7757,2371269,2371269,2,2_hop,car,graph_box,1.0000,36,5,4,3,to the center,500,375,"247.0,264.0,336.0,345.0"
7760,2342478,2342478,1,2_hop,clock,graph_box,1.0000,26,1,0,3,to the left,375,500,"67.0,131.0,144.0,403.0"
7761,2342478,2342478,1,and,clock,graph_box,1.0000,26,1,0,3,to the left,375,500,"67.0,131.0,144.0,403.0"
7762,1591829,1591829,1,2_hop,suv,graph_box,1.0000,19,1,0,3,to the left,768,1024,"0.0,284.0,438.0,629.0"
7763,1591829,1591829,1,2_hop,piano,graph_box,1.0000,19,1,0,3,to the center,768,1024,"187.0,342.0,523.0,908.0"
7764,2327398,2327398,1,1_hop,sail,graph_box,1.0000,20,1,0,2,to the left,500,438,"115.0,122.0,205.0,325.0"
7765,2417595,2417595,2,2_hop,chair,graph_box,1.0000,22,2,1,3,to the center,500,333,"169.0,206.0,237.0,299.0"
7766,2417595,2417595,2,1_hop,chair,graph_box,1.0000,22,2,1,2,to the center,500,333,"169.0,206.0,237.0,299.0"
7767,2409967,2409967,1,0_hop,table,graph_box,1.0000,20,1,0,1,to the right,500,375,"206.0,286.0,500.0,375.0"
7768,2409967,2409967,2,and,child,graph_box,1.0000,20,1,0,3,to the center,500,375,"221.0,175.0,330.0,288.0"
7769,2315504,2315504,1,2_hop,bus,graph_box,1.0000,36,1,0,3,to the right,500,333,"263.0,148.0,462.0,305.0"
7771,2315504,2315504,2,and,street light,graph_box,1.0000,36,5,4,3,to the left,500,333,"92.0,107.0,136.0,298.0"
7773,2331358,2331358,1,0_hop,table,graph_box,1.0000,18,1,0,1,to the center,375,500,"1.0,91.0,374.0,499.0"
7774,2331358,2331358,2,1_hop,chair,graph_box,1.0000,18,2,1,2,to the right,375,500,"252.0,38.0,375.0,131.0"
7775,2381259,2381259,1,0_hop,man,graph_box,1.0000,17,1,0,1,to the center,500,333,"163.0,12.0,381.0,301.0"
7776,2352065,2352065,1,0_hop,television,graph_box,1.0000,5,1,0,1,to the center,500,333,"110.0,30.0,246.0,118.0"
7777,2333075,2333075,1,and,boy,graph_box,1.0000,18,1,0,3,to the center,333,500,"112.0,196.0,262.0,448.0"
7778,2333075,2333075,1,2_hop,bag,graph_box,1.0000,18,1,0,3,to the left,333,500,"52.0,316.0,136.0,416.0"
7779,2333075,2333075,1,and,bag,graph_box,1.0000,18,1,0,3,to the left,333,500,"52.0,316.0,136.0,416.0"
7780,2333075,2333075,1,0_hop,bench,graph_box,1.0000,18,1,0,1,to the center,333,500,"34.0,255.0,333.0,497.0"
7781,1816,1816,1,1_hop,woman,graph_box,1.0000,20,1,0,2,to the right,800,600,"634.0,330.0,712.0,551.0"
7782,2321256,2321256,1,0_hop,cat,graph_box,1.0000,17,1,0,1,to the center,500,335,"129.0,218.0,341.0,300.0"
7785,2369640,2369640,2,0_hop,man,graph_box,1.0000,23,2,1,1,to the left,500,375,"2.0,178.0,165.0,372.0"
7786,2355043,2355043,1,0_hop,man,graph_box,1.0000,15,1,0,1,to the right,500,333,"254.0,155.0,446.0,294.0"
7787,2355043,2355043,1,1_hop,man,graph_box,1.0000,15,1,0,2,to the right,500,333,"254.0,155.0,446.0,294.0"
7788,2367977,2367977,1,and,dishwasher,graph_box,1.0000,30,1,0,3,to the left,500,375,"10.0,227.0,222.0,374.0"
7792,2327560,2327560,3,2_hop,man,graph_box,1.0000,24,2,1,3,to the right,500,375,"314.0,209.0,380.0,374.0"
7793,2370909,2370909,2,0_hop,bus,graph_box,1.0000,17,2,1,1,to the right,500,282,"293.0,9.0,491.0,252.0"
7794,2370909,2370909,2,2_hop,bus,graph_box,1.0000,17,2,1,3,to the right,500,282,"293.0,9.0,491.0,252.0"
7795,2370909,2370909,2,1_hop,bus,graph_box,1.0000,17,2,1,2,to the right,500,282,"293.0,9.0,491.0,252.0"
7796,2370909,2370909,2,0_hop,bus,graph_box,1.0000,17,2,1,1,to the center,500,282,"174.0,98.0,294.0,183.0"
7797,2402333,2402333,2,2_hop,table,graph_box,1.0000,32,2,1,3,to the center,500,375,"142.0,217.0,234.0,321.0"
7798,2402333,2402333,2,and,table,graph_box,1.0000,32,2,1,3,to the center,500,375,"142.0,217.0,234.0,321.0"
7799,2402333,2402333,2,2_hop,table,graph_box,1.0000,32,2,1,3,to the right,500,375,"368.0,226.0,446.0,296.0"
7800,2402333,2402333,2,and,table,graph_box,1.0000,32,2,1,3,to the right,500,375,"368.0,226.0,446.0,296.0"
7801,2402333,2402333,1,2_hop,chair,graph_box,1.0000,32,1,0,3,to the center,500,375,"233.0,209.0,371.0,336.0"
7802,2402333,2402333,1,1_hop,chair,graph_box,1.0000,32,1,0,2,to the center,500,375,"233.0,209.0,371.0,336.0"
7805,2381533,2381533,1,0_hop,fire hydrant,graph_box,1.0000,13,1,0,1,to the left,333,500,"35.0,219.0,180.0,482.0"
7808,2417104,2417104,1,2_hop,lamp,graph_box,1.0000,10,1,0,3,to the center,500,333,"188.0,0.0,247.0,188.0"
7809,2417104,2417104,1,0_hop,chair,graph_box,1.0000,10,1,0,1,to the center,500,333,"138.0,198.0,251.0,322.0"
7810,2386080,2386080,1,0_hop,man,graph_box,1.0000,23,1,0,1,to the right,500,334,"384.0,170.0,444.0,310.0"
7811,2386080,2386080,1,and,man,graph_box,1.0000,23,1,0,3,to the right,500,334,"384.0,170.0,444.0,310.0"
7812,2386080,2386080,2,2_hop,arrow,graph_box,1.0000,23,1,0,3,to the left,500,334,"97.0,10.0,234.0,58.0"
7813,2386080,2386080,1,1_hop,arrow,graph_box,1.0000,23,1,0,2,to the left,500,334,"97.0,10.0,234.0,58.0"
7814,2374686,2374686,1,2_hop,man,graph_box,1.0000,17,1,0,3,to the center,495,500,"261.0,223.0,325.0,321.0"
7816,2340420,2340420,1,and,bear,graph_box,1.0000,11,1,0,3,to the left,500,332,"0.0,16.0,265.0,331.0"
7817,2401019,2401019,1,1_hop,boy,graph_box,1.0000,15,1,0,2,to the center,500,250,"193.0,94.0,318.0,223.0"
7818,2373482,2373482,2,1_hop,giraffe,graph_box,1.0000,26,3,2,2,to the center,375,500,"105.0,246.0,217.0,460.0"
7819,2373482,2373482,2,1_hop,giraffe,graph_box,1.0000,26,3,2,2,to the right,375,500,"303.0,273.0,375.0,500.0"
7821,2319336,2319336,2,and,bike,graph_box,1.0000,26,2,1,3,to the right,333,500,"255.0,220.0,333.0,433.0"
7826,2373660,2373660,1,0_hop,blanket,graph_box,1.0000,17,1,0,1,to the center,500,375,"25.0,268.0,411.0,373.0"
7827,2373660,2373660,1,2_hop,blanket,graph_box,1.0000,17,1,0,3,to the center,500,375,"25.0,268.0,411.0,373.0"
7829,2366837,2366837,1,and,taxi,graph_box,1.0000,22,1,0,3,to the center,500,333,"170.0,226.0,403.0,332.0"
7831,2366837,2366837,2,0_hop,car,graph_box,1.0000,22,3,2,1,to the center,500,333,"133.0,235.0,239.0,282.0"
7832,2366832,2366832,1,2_hop,car,graph_box,1.0000,13,1,0,3,to the left,500,290,"19.0,117.0,243.0,250.0"
7833,2336900,2336900,1,0_hop,bear,graph_box,1.0000,17,1,0,1,to the center,500,334,"1.0,93.0,352.0,295.0"
7834,2410739,2410739,1,0_hop,bus,graph_box,1.0000,19,1,0,1,to the center,500,375,"97.0,14.0,421.0,363.0"
7835,2410739,2410739,1,2_hop,bus,graph_box,1.0000,19,1,0,3,to the center,500,375,"97.0,14.0,421.0,363.0"
7836,2410739,2410739,1,and,bus,graph_box,1.0000,19,1,0,3,to the center,500,375,"97.0,14.0,421.0,363.0"
7837,2400050,2400050,1,1_hop,surfboard,graph_box,1.0000,8,1,0,2,to the right,368,500,"240.0,239.0,330.0,310.0"
7838,2400050,2400050,1,2_hop,man,graph_box,1.0000,8,1,0,3,to the center,368,500,"170.0,153.0,305.0,297.0"
7839,2400050,2400050,1,1_hop,man,graph_box,1.0000,8,1,0,2,to the center,368,500,"170.0,153.0,305.0,297.0"
7840,2352650,2352650,1,0_hop,microwave,graph_box,1.0000,16,1,0,1,to the right,500,375,"362.0,108.0,442.0,171.0"
7841,2361804,2361804,2,0_hop,bag,graph_box,1.0000,20,2,1,1,to the center,500,375,"196.0,215.0,300.0,373.0"
7843,2361804,2361804,2,1_hop,man,graph_box,1.0000,20,2,1,2,to the center,500,375,"266.0,99.0,391.0,374.0"
7852,2409810,2409810,2,1_hop,zebra,graph_box,1.0000,23,2,1,2,to the center,500,333,"197.0,31.0,340.0,316.0"
7854,2324040,2324040,2,2_hop,man,graph_box,1.0000,27,3,2,3,to the right,500,396,"293.0,70.0,442.0,378.0"
7855,2324040,2324040,2,and,man,graph_box,1.0000,27,3,2,3,to the right,500,396,"293.0,70.0,442.0,378.0"
7856,2319598,2319598,1,and,woman,graph_box,1.0000,14,1,0,3,to the center,500,375,"161.0,2.0,364.0,373.0"
7857,2403858,2403858,1,0_hop,airplane,graph_box,1.0000,16,1,0,1,to the center,500,333,"16.0,113.0,480.0,238.0"
7858,2403858,2403858,1,1_hop,airplane,graph_box,1.0000,16,1,0,2,to the center,500,333,"16.0,113.0,480.0,238.0"
7859,2407559,2407559,2,0_hop,bus,graph_box,1.0000,24,2,1,1,to the left,500,375,"1.0,197.0,222.0,375.0"
7860,2407559,2407559,2,2_hop,bus,graph_box,1.0000,24,2,1,3,to the left,500,375,"1.0,197.0,222.0,375.0"
7861,2407559,2407559,2,and,bus,graph_box,1.0000,24,2,1,3,to the left,500,375,"1.0,197.0,222.0,375.0"
7862,438,438,2,0_hop,car,graph_box,1.0000,22,5,4,1,to the right,800,600,"579.0,230.0,728.0,347.0"
7863,438,438,2,2_hop,car,graph_box,1.0000,22,5,4,3,to the right,800,600,"579.0,230.0,728.0,347.0"
7866,2390681,2390681,1,0_hop,bus,graph_box,1.0000,13,1,0,1,to the center,500,375,"203.0,144.0,340.0,188.0"
7867,2390681,2390681,1,and,bus,graph_box,1.0000,13,1,0,3,to the center,500,375,"203.0,144.0,340.0,188.0"
7868,2390681,2390681,1,0_hop,boat,graph_box,1.0000,13,1,0,1,to the center,500,375,"182.0,243.0,335.0,374.0"
7869,2390681,2390681,1,2_hop,boat,graph_box,1.0000,13,1,0,3,to the center,500,375,"182.0,243.0,335.0,374.0"
7870,2390681,2390681,1,1_hop,boat,graph_box,1.0000,13,1,0,2,to the center,500,375,"182.0,243.0,335.0,374.0"
7871,2316465,2316465,2,2_hop,man,graph_box,1.0000,26,2,1,3,to the center,500,375,"95.0,74.0,345.0,362.0"
7872,2316465,2316465,2,and,man,graph_box,1.0000,26,2,1,3,to the center,500,375,"95.0,74.0,345.0,362.0"
7873,2316465,2316465,1,0_hop,woman,graph_box,1.0000,26,1,0,1,to the right,500,375,"277.0,150.0,500.0,375.0"
7874,2316465,2316465,1,2_hop,woman,graph_box,1.0000,26,1,0,3,to the right,500,375,"277.0,150.0,500.0,375.0"
7875,2416197,2416197,2,and,man,graph_box,1.0000,17,1,0,3,to the right,500,333,"251.0,47.0,442.0,331.0"
7876,2416197,2416197,1,0_hop,sign,graph_box,1.0000,17,1,0,1,to the left,500,333,"1.0,1.0,305.0,117.0"
7877,2416197,2416197,1,2_hop,sign,graph_box,1.0000,17,1,0,3,to the left,500,333,"1.0,1.0,305.0,117.0"
7878,2356833,2356833,1,0_hop,radiator,graph_box,1.0000,19,1,0,1,to the center,500,333,"128.0,104.0,205.0,267.0"
7879,2356833,2356833,1,and,pillow,graph_box,1.0000,19,1,0,3,to the center,500,333,"261.0,155.0,351.0,226.0"
7880,2356833,2356833,1,0_hop,man,graph_box,1.0000,19,1,0,1,to the right,500,333,"196.0,56.0,498.0,333.0"
7881,2379292,2379292,1,2_hop,girl,graph_box,1.0000,14,1,0,3,to the right,500,333,"330.0,141.0,396.0,282.0"
7882,498265,498265,2,0_hop,bus,graph_box,1.0000,19,2,1,1,to the center,640,427,"254.0,179.0,408.0,376.0"
7885,2378167,2378167,1,and,man,graph_box,1.0000,17,1,0,3,to the center,333,500,"120.0,131.0,278.0,491.0"
7886,2376199,2376199,1,0_hop,jet,graph_box,1.0000,16,1,0,1,to the center,500,333,"177.0,16.0,313.0,77.0"
7888,2352009,2352009,1,2_hop,fire hydrant,graph_box,1.0000,18,1,0,3,to the right,374,500,"227.0,212.0,374.0,499.0"
7889,2352009,2352009,1,and,fire hydrant,graph_box,1.0000,18,1,0,3,to the right,374,500,"227.0,212.0,374.0,499.0"
7890,2352009,2352009,1,0_hop,bike,graph_box,1.0000,18,1,0,1,to the center,374,500,"53.0,153.0,276.0,346.0"
7891,2352009,2352009,1,2_hop,bike,graph_box,1.0000,18,1,0,3,to the center,374,500,"53.0,153.0,276.0,346.0"
7892,2352009,2352009,1,and,bike,graph_box,1.0000,18,1,0,3,to the center,374,500,"53.0,153.0,276.0,346.0"
7893,2417910,2417910,1,2_hop,plate,graph_box,1.0000,32,1,0,3,to the right,375,500,"205.0,342.0,367.0,443.0"
7894,2417910,2417910,1,0_hop,baby,graph_box,1.0000,32,1,0,1,to the center,375,500,"59.0,68.0,260.0,489.0"
7895,2417910,2417910,1,2_hop,baby,graph_box,1.0000,32,1,0,3,to the center,375,500,"59.0,68.0,260.0,489.0"
7896,2380239,2380239,1,0_hop,fire hydrant,graph_box,1.0000,20,1,0,1,to the right,416,500,"299.0,62.0,359.0,176.0"
7899,2400423,2400423,1,0_hop,bike,graph_box,1.0000,17,1,0,1,to the center,500,335,"228.0,147.0,428.0,296.0"
7900,2408211,2408211,2,1_hop,bus,graph_box,1.0000,26,2,1,2,to the center,500,375,"165.0,158.0,376.0,285.0"
7902,2319473,2319473,2,2_hop,child,graph_box,1.0000,21,2,1,3,to the left,500,400,"67.0,27.0,252.0,397.0"
7904,2362672,2362672,1,0_hop,boy,graph_box,1.0000,19,1,0,1,to the left,500,334,"95.0,172.0,206.0,292.0"
7905,2362672,2362672,1,and,boy,graph_box,1.0000,19,1,0,3,to the left,500,334,"95.0,172.0,206.0,292.0"
7906,1159372,1159372,2,0_hop,horse,graph_box,1.0000,21,2,1,1,to the center,1024,683,"315.0,540.0,1000.0,677.0"
7908,1159372,1159372,2,0_hop,horse,graph_box,1.0000,21,2,1,1,to the center,1024,683,"158.0,429.0,672.0,663.0"
7910,1159372,1159372,2,1_hop,horse,graph_box,1.0000,21,2,1,2,to the center,1024,683,"158.0,429.0,672.0,663.0"
7912,2372456,2372456,2,and,man,graph_box,1.0000,21,2,1,3,to the center,487,500,"49.0,47.0,320.0,500.0"
7913,2372456,2372456,2,2_hop,man,graph_box,1.0000,21,2,1,3,to the right,487,500,"281.0,48.0,443.0,395.0"
7914,2372456,2372456,2,and,man,graph_box,1.0000,21,2,1,3,to the right,487,500,"281.0,48.0,443.0,395.0"
7915,2367770,2367770,1,and,donut,graph_box,1.0000,24,1,0,3,to the center,375,500,"54.0,328.0,273.0,499.0"
7916,2367770,2367770,2,2_hop,sign,graph_box,1.0000,24,4,3,3,to the right,375,500,"279.0,45.0,373.0,131.0"
7917,2367770,2367770,2,and,sign,graph_box,1.0000,24,4,3,3,to the right,375,500,"279.0,45.0,373.0,131.0"
7918,2367770,2367770,1,1_hop,paper,graph_box,1.0000,24,1,0,2,to the center,375,500,"8.0,365.0,345.0,500.0"
7922,2346104,2346104,2,0_hop,chair,graph_box,1.0000,15,2,1,1,to the left,500,375,"86.0,191.0,236.0,348.0"
7923,2346104,2346104,2,2_hop,chair,graph_box,1.0000,15,2,1,3,to the left,500,375,"86.0,191.0,236.0,348.0"
7925,2346104,2346104,1,0_hop,table,graph_box,1.0000,15,1,0,1,to the center,500,375,"229.0,230.0,295.0,317.0"
7926,2346104,2346104,1,2_hop,table,graph_box,1.0000,15,1,0,3,to the center,500,375,"229.0,230.0,295.0,317.0"
7927,2346104,2346104,1,and,table,graph_box,1.0000,15,1,0,3,to the center,500,375,"229.0,230.0,295.0,317.0"
7928,2346104,2346104,2,0_hop,chair,graph_box,1.0000,15,2,1,1,to the right,500,375,"280.0,169.0,421.0,314.0"
7929,2346104,2346104,2,2_hop,chair,graph_box,1.0000,15,2,1,3,to the right,500,375,"280.0,169.0,421.0,314.0"
7933,2359715,2359715,2,2_hop,man,graph_box,1.0000,25,2,1,3,to the center,500,375,"111.0,73.0,234.0,340.0"
7934,2359715,2359715,2,and,man,graph_box,1.0000,25,2,1,3,to the center,500,375,"111.0,73.0,234.0,340.0"
7935,2359715,2359715,1,and,table,graph_box,1.0000,25,1,0,3,to the center,500,375,"230.0,240.0,349.0,350.0"
7936,2359715,2359715,1,0_hop,child,graph_box,1.0000,25,1,0,1,to the right,500,375,"307.0,181.0,449.0,374.0"
7937,2359715,2359715,1,and,child,graph_box,1.0000,25,1,0,3,to the right,500,375,"307.0,181.0,449.0,374.0"
7938,2371761,2371761,1,1_hop,train,graph_box,1.0000,22,1,0,2,to the center,500,332,"234.0,204.0,368.0,287.0"
7939,2324564,2324564,1,0_hop,blanket,graph_box,1.0000,25,1,0,1,to the center,500,375,"139.0,263.0,369.0,370.0"
7940,2364579,2364579,1,0_hop,pole,graph_box,1.0000,18,1,0,1,to the center,500,375,"194.0,0.0,222.0,375.0"
7941,2364579,2364579,1,and,pole,graph_box,1.0000,18,1,0,3,to the center,500,375,"194.0,0.0,222.0,375.0"
7942,2374803,2374803,1,1_hop,umpire,graph_box,1.0000,26,1,0,2,to the center,500,332,"222.0,188.0,312.0,276.0"
7943,2374800,2374800,1,0_hop,boy,graph_box,1.0000,17,1,0,1,to the left,375,500,"52.0,172.0,140.0,498.0"
7944,2401073,2401073,1,1_hop,boy,graph_box,1.0000,15,1,0,2,to the right,333,500,"185.0,251.0,297.0,486.0"
7945,2401073,2401073,1,0_hop,man,graph_box,1.0000,15,1,0,1,to the center,333,500,"57.0,29.0,174.0,425.0"
7946,3494,3494,2,2_hop,table,graph_box,1.0000,30,2,1,3,to the left,640,480,"86.0,357.0,186.0,475.0"
7947,3494,3494,2,1_hop,table,graph_box,1.0000,30,2,1,2,to the left,640,480,"86.0,357.0,186.0,475.0"
7948,3494,3494,2,2_hop,table,graph_box,1.0000,30,2,1,3,to the center,640,480,"258.0,253.0,349.0,346.0"
7949,3494,3494,2,1_hop,table,graph_box,1.0000,30,2,1,2,to the center,640,480,"258.0,253.0,349.0,346.0"
7950,2320407,2320407,1,0_hop,girl,graph_box,1.0000,28,1,0,1,to the center,375,500,"137.0,176.0,268.0,483.0"
7951,2320407,2320407,1,0_hop,surfboard,graph_box,1.0000,28,1,0,1,to the center,375,500,"138.0,9.0,289.0,456.0"
7952,2320407,2320407,1,2_hop,surfboard,graph_box,1.0000,28,1,0,3,to the center,375,500,"138.0,9.0,289.0,456.0"
7954,2408048,2408048,1,and,woman,graph_box,1.0000,11,1,0,3,to the center,500,375,"51.0,60.0,317.0,337.0"
7955,2408048,2408048,1,0_hop,man,graph_box,1.0000,11,1,0,1,to the center,500,375,"188.0,21.0,385.0,310.0"
7956,2355944,2355944,1,0_hop,dishwasher,graph_box,1.0000,13,1,0,1,to the right,500,375,"247.0,0.0,499.0,299.0"
7957,2355944,2355944,1,and,dishwasher,graph_box,1.0000,13,1,0,3,to the right,500,375,"247.0,0.0,499.0,299.0"
7958,2355944,2355944,1,2_hop,dog,graph_box,1.0000,13,1,0,3,to the center,500,375,"0.0,129.0,403.0,373.0"
7959,2355944,2355944,1,1_hop,dog,graph_box,1.0000,13,1,0,2,to the center,500,375,"0.0,129.0,403.0,373.0"
7961,2348770,2348770,1,0_hop,train,graph_box,1.0000,26,1,0,1,to the center,500,376,"16.0,249.0,500.0,348.0"
7964,1159498,1159498,2,1_hop,car,graph_box,1.0000,37,3,2,2,to the left,768,1024,"8.0,499.0,242.0,646.0"
7967,2322719,2322719,1,0_hop,skateboard,graph_box,1.0000,32,1,0,1,to the center,333,500,"117.0,73.0,244.0,281.0"
7968,2322719,2322719,1,2_hop,skateboard,graph_box,1.0000,32,1,0,3,to the center,333,500,"117.0,73.0,244.0,281.0"
7969,2322719,2322719,1,and,skateboard,graph_box,1.0000,32,1,0,3,to the center,333,500,"117.0,73.0,244.0,281.0"
7970,2322244,2322244,1,2_hop,man,graph_box,1.0000,25,1,0,3,to the center,375,500,"39.0,27.0,374.0,456.0"
7971,2322244,2322244,1,and,man,graph_box,1.0000,25,1,0,3,to the center,375,500,"39.0,27.0,374.0,456.0"
7972,2322244,2322244,1,2_hop,woman,graph_box,1.0000,25,1,0,3,to the left,375,500,"0.0,60.0,101.0,390.0"
7973,2322244,2322244,1,and,woman,graph_box,1.0000,25,1,0,3,to the left,375,500,"0.0,60.0,101.0,390.0"
7974,2367895,2367895,1,0_hop,bus,graph_box,1.0000,20,1,0,1,to the center,333,500,"60.0,112.0,282.0,274.0"
7975,2390512,2390512,1,1_hop,woman,graph_box,1.0000,14,1,0,2,to the right,500,396,"288.0,133.0,399.0,390.0"
7976,2390512,2390512,1,1_hop,piano,graph_box,1.0000,14,1,0,2,to the center,500,396,"181.0,146.0,287.0,259.0"
7978,2342432,2342432,2,1_hop,zebra,graph_box,1.0000,20,2,1,2,to the right,500,375,"264.0,0.0,500.0,374.0"
7979,2342125,2342125,1,and,girl,graph_box,1.0000,9,1,0,3,to the left,500,333,"89.0,117.0,233.0,182.0"
7980,2342125,2342125,1,0_hop,boy,graph_box,1.0000,9,1,0,1,to the center,500,333,"107.0,158.0,469.0,282.0"
7981,2392919,2392919,2,1_hop,man,graph_box,1.0000,22,3,2,2,to the center,424,500,"154.0,19.0,318.0,438.0"
7982,2367090,2367090,1,0_hop,bear,graph_box,1.0000,16,1,0,1,to the left,500,332,"0.0,20.0,276.0,286.0"
7983,2367090,2367090,1,2_hop,bear,graph_box,1.0000,16,1,0,3,to the left,500,332,"0.0,20.0,276.0,286.0"
7984,2393352,2393352,1,and,boy,graph_box,1.0000,20,1,0,3,to the left,500,375,"21.0,184.0,159.0,373.0"
7985,2325828,2325828,1,2_hop,boat,graph_box,1.0000,17,1,0,3,to the right,500,325,"351.0,119.0,411.0,216.0"
7986,2325828,2325828,1,1_hop,boat,graph_box,1.0000,17,1,0,2,to the right,500,325,"351.0,119.0,411.0,216.0"
7987,2320675,2320675,2,2_hop,boy,graph_box,1.0000,32,3,2,3,to the right,500,375,"263.0,153.0,431.0,375.0"
7988,2320675,2320675,2,1_hop,boy,graph_box,1.0000,32,3,2,2,to the right,500,375,"263.0,153.0,431.0,375.0"
7989,2320675,2320675,1,0_hop,girl,graph_box,1.0000,32,1,0,1,to the center,500,375,"244.0,31.0,364.0,375.0"
7990,2324712,2324712,1,0_hop,car,graph_box,1.0000,15,1,0,1,to the center,500,333,"269.0,89.0,380.0,130.0"
7991,2324712,2324712,1,2_hop,car,graph_box,1.0000,15,1,0,3,to the center,500,333,"269.0,89.0,380.0,130.0"
7993,2316099,2316099,1,and,umpire,graph_box,1.0000,34,1,0,3,to the right,385,500,"237.0,161.0,316.0,338.0"
7994,2316099,2316099,2,2_hop,man,graph_box,1.0000,34,2,1,3,to the left,385,500,"75.0,172.0,147.0,361.0"
7996,2317947,2317947,1,and,boy,graph_box,1.0000,19,1,0,3,to the center,500,375,"158.0,12.0,333.0,348.0"
7997,2359504,2359504,1,0_hop,man,graph_box,1.0000,17,1,0,1,to the right,500,332,"261.0,23.0,420.0,141.0"
7998,2352022,2352022,1,1_hop,animal,graph_box,1.0000,15,1,0,2,to the left,375,500,"0.0,76.0,193.0,500.0"
7999,2357039,2357039,1,0_hop,motorcycle,graph_box,1.0000,20,1,0,1,to the center,335,500,"9.0,137.0,322.0,418.0"
8000,2357039,2357039,1,1_hop,motorcycle,graph_box,1.0000,20,1,0,2,to the center,335,500,"9.0,137.0,322.0,418.0"
8001,2357039,2357039,1,2_hop,man,graph_box,1.0000,20,1,0,3,to the center,335,500,"67.0,46.0,275.0,347.0"
8002,2357039,2357039,1,and,man,graph_box,1.0000,20,1,0,3,to the center,335,500,"67.0,46.0,275.0,347.0"
8003,2397985,2397985,1,0_hop,surfer,graph_box,1.0000,7,1,0,1,to the center,500,375,"290.0,77.0,364.0,187.0"
8004,2397987,2397987,1,0_hop,television,graph_box,1.0000,19,1,0,1,to the left,500,333,"59.0,157.0,175.0,236.0"
8005,2397987,2397987,1,0_hop,chair,graph_box,1.0000,19,1,0,1,to the right,500,333,"297.0,214.0,405.0,303.0"
8007,2328729,2328729,2,0_hop,car,graph_box,1.0000,6,2,1,1,to the center,500,334,"144.0,166.0,226.0,224.0"
8009,70,70,2,1_hop,woman,graph_box,1.0000,25,3,2,2,to the left,600,446,"50.0,210.0,166.0,321.0"
8010,70,70,3,2_hop,woman,graph_box,1.0000,25,3,2,3,to the left,600,446,"50.0,210.0,166.0,321.0"
8013,2325293,2325293,2,0_hop,kite,graph_box,1.0000,21,2,1,1,to the center,500,269,"66.0,182.0,283.0,223.0"
8014,2325296,2325296,2,1_hop,man,graph_box,1.0000,21,2,1,2,to the left,309,500,"13.0,332.0,71.0,415.0"
8016,2364986,2364986,1,1_hop,giraffe,graph_box,1.0000,15,1,0,2,to the right,500,333,"273.0,95.0,457.0,246.0"
8017,2381574,2381574,1,and,man,graph_box,1.0000,19,1,0,3,to the center,500,333,"195.0,54.0,316.0,230.0"
8018,2381574,2381574,1,0_hop,motorcycle,graph_box,1.0000,19,1,0,1,to the center,500,333,"158.0,114.0,317.0,281.0"
8019,2381574,2381574,1,1_hop,motorcycle,graph_box,1.0000,19,1,0,2,to the center,500,333,"158.0,114.0,317.0,281.0"
8020,2366550,2366550,1,1_hop,boy,graph_box,1.0000,28,1,0,2,to the right,500,311,"357.0,62.0,425.0,200.0"
8021,2346389,2346389,2,1_hop,man,graph_box,1.0000,26,8,7,2,to the left,500,335,"129.0,90.0,203.0,166.0"
8022,2417328,2417328,1,0_hop,pillow,graph_box,1.0000,20,1,0,1,to the right,500,364,"279.0,54.0,415.0,152.0"
8023,2417328,2417328,2,2_hop,blanket,graph_box,1.0000,20,3,2,3,to the left,500,364,"0.0,45.0,204.0,154.0"
8024,2417328,2417328,2,1_hop,blanket,graph_box,1.0000,20,3,2,2,to the left,500,364,"0.0,45.0,204.0,154.0"
8025,2417328,2417328,1,2_hop,boy,graph_box,1.0000,20,1,0,3,to the center,500,364,"197.0,33.0,421.0,271.0"
8026,2417328,2417328,1,1_hop,boy,graph_box,1.0000,20,1,0,2,to the center,500,364,"197.0,33.0,421.0,271.0"
8027,2417328,2417328,1,2_hop,radio,graph_box,1.0000,20,1,0,3,to the right,500,364,"300.0,176.0,451.0,347.0"
8028,2417328,2417328,1,0_hop,table,graph_box,1.0000,20,1,0,1,to the right,500,364,"254.0,240.0,474.0,364.0"
8029,2326215,2326215,1,0_hop,bear,graph_box,1.0000,19,1,0,1,to the center,500,375,"0.0,181.0,367.0,308.0"
8030,2326215,2326215,1,and,man,graph_box,1.0000,19,1,0,3,to the center,500,375,"226.0,72.0,344.0,205.0"
8031,2356041,2356041,2,and,man,graph_box,1.0000,24,4,3,3,to the center,500,375,"114.0,233.0,220.0,375.0"
8032,2414419,2414419,1,1_hop,bear,graph_box,1.0000,25,1,0,2,to the center,500,309,"155.0,134.0,268.0,252.0"
8033,2368877,2368877,2,0_hop,bag,graph_box,1.0000,54,2,1,1,to the right,500,333,"334.0,49.0,440.0,136.0"
8037,2341730,2341730,1,0_hop,bear,graph_box,1.0000,22,1,0,1,to the center,500,333,"62.0,29.0,427.0,290.0"
8039,2348175,2348175,2,2_hop,chair,graph_box,1.0000,21,5,4,3,to the left,500,333,"1.0,278.0,220.0,332.0"
8040,2348175,2348175,2,1_hop,chair,graph_box,1.0000,21,5,4,2,to the left,500,333,"1.0,278.0,220.0,332.0"
8041,2352617,2352617,1,0_hop,armchair,graph_box,1.0000,18,1,0,1,to the right,500,375,"376.0,103.0,480.0,179.0"
8044,2391114,2391114,1,0_hop,dog,graph_box,1.0000,20,1,0,1,to the center,500,333,"130.0,181.0,297.0,265.0"
8045,2391114,2391114,1,1_hop,dog,graph_box,1.0000,20,1,0,2,to the center,500,333,"130.0,181.0,297.0,265.0"
8046,2391114,2391114,1,2_hop,dumpster,graph_box,1.0000,20,1,0,3,to the center,500,333,"186.0,87.0,261.0,153.0"
8047,2355962,2355962,2,1_hop,car,graph_box,1.0000,21,10,9,2,to the right,341,500,"257.0,218.0,324.0,287.0"
8048,2348712,2348712,1,0_hop,bench,graph_box,1.0000,12,1,0,1,to the center,333,500,"13.0,81.0,316.0,278.0"
8049,2348712,2348712,1,1_hop,bench,graph_box,1.0000,12,1,0,2,to the center,333,500,"13.0,81.0,316.0,278.0"
8050,2401618,2401618,1,and,giraffe,graph_box,1.0000,4,1,0,3,to the center,500,333,"159.0,10.0,302.0,332.0"
8051,2326672,2326672,1,1_hop,boy,graph_box,1.0000,42,1,0,2,to the center,333,500,"158.0,219.0,271.0,462.0"
8052,2386537,2386537,3,2_hop,bus,graph_box,1.0000,23,2,1,3,to the center,500,334,"87.0,118.0,400.0,214.0"
8053,2417684,2417684,1,and,bus,graph_box,1.0000,4,1,0,3,to the center,500,333,"119.0,141.0,264.0,217.0"
8054,2389793,2389793,1,0_hop,man,graph_box,1.0000,17,1,0,1,to the center,500,375,"185.0,194.0,253.0,309.0"
8055,2389793,2389793,1,2_hop,man,graph_box,1.0000,17,1,0,3,to the center,500,375,"185.0,194.0,253.0,309.0"
8056,2389793,2389793,1,and,man,graph_box,1.0000,17,1,0,3,to the center,500,375,"185.0,194.0,253.0,309.0"
8057,2389793,2389793,1,2_hop,dog,graph_box,1.0000,17,1,0,3,to the center,500,375,"241.0,279.0,331.0,334.0"
8058,2389793,2389793,1,and,dog,graph_box,1.0000,17,1,0,3,to the center,500,375,"241.0,279.0,331.0,334.0"
8059,2389793,2389793,1,2_hop,bench,graph_box,1.0000,17,1,0,3,to the center,500,375,"131.0,231.0,299.0,320.0"
8060,2389793,2389793,1,and,bench,graph_box,1.0000,17,1,0,3,to the center,500,375,"131.0,231.0,299.0,320.0"
8061,2350783,2350783,2,0_hop,elephant,graph_box,1.0000,13,2,1,1,to the left,500,375,"69.0,152.0,161.0,227.0"
8063,2332220,2332220,1,0_hop,van,graph_box,1.0000,17,1,0,1,to the right,375,500,"311.0,71.0,375.0,192.0"
8064,2332220,2332220,2,2_hop,post,graph_box,1.0000,17,2,1,3,to the center,375,500,"85.0,0.0,219.0,500.0"
8065,2332220,2332220,2,1_hop,post,graph_box,1.0000,17,2,1,2,to the center,375,500,"85.0,0.0,219.0,500.0"
8067,2405982,2405982,1,0_hop,fire hydrant,graph_box,1.0000,7,1,0,1,to the center,375,500,"123.0,27.0,248.0,422.0"
8068,2392397,2392397,1,0_hop,coffee table,graph_box,1.0000,23,1,0,1,to the center,500,375,"151.0,186.0,353.0,300.0"
8069,2315569,2315569,2,1_hop,man,graph_box,1.0000,21,3,2,2,to the left,500,333,"72.0,165.0,115.0,281.0"
8071,2315569,2315569,2,and,man,graph_box,1.0000,21,3,2,3,to the right,500,333,"309.0,147.0,364.0,291.0"
8074,2315569,2315569,3,2_hop,car,graph_box,1.0000,21,2,1,3,to the center,500,333,"124.0,198.0,355.0,268.0"
8075,2315563,2315563,1,2_hop,clock,graph_box,1.0000,23,1,0,3,to the right,375,500,"226.0,74.0,298.0,148.0"
8076,2315563,2315563,1,1_hop,clock,graph_box,1.0000,23,1,0,2,to the right,375,500,"226.0,74.0,298.0,148.0"
8078,2378619,2378619,2,and,lamp,graph_box,1.0000,27,2,1,3,to the center,500,236,"297.0,86.0,355.0,160.0"
8079,2378619,2378619,3,2_hop,lamp,graph_box,1.0000,27,2,1,3,to the center,500,236,"297.0,86.0,355.0,160.0"
8080,2378619,2378619,1,and,pillow,graph_box,1.0000,27,1,0,3,to the left,500,236,"92.0,144.0,197.0,174.0"
8081,2378619,2378619,2,0_hop,blanket,graph_box,1.0000,27,2,1,1,to the center,500,236,"190.0,139.0,464.0,221.0"
8082,2378619,2378619,2,2_hop,blanket,graph_box,1.0000,27,2,1,3,to the center,500,236,"190.0,139.0,464.0,221.0"
8083,2378619,2378619,2,and,blanket,graph_box,1.0000,27,2,1,3,to the center,500,236,"190.0,139.0,464.0,221.0"
8086,2356182,2356182,2,1_hop,chair,graph_box,1.0000,27,3,2,2,to the left,375,500,"0.0,260.0,155.0,500.0"
8087,2356182,2356182,1,2_hop,coffee table,graph_box,1.0000,27,1,0,3,to the right,375,500,"209.0,309.0,375.0,496.0"
8088,2356182,2356182,1,1_hop,girl,graph_box,1.0000,27,1,0,2,to the left,375,500,"14.0,238.0,116.0,393.0"
8089,2361675,2361675,1,0_hop,street sign,graph_box,1.0000,20,1,0,1,to the center,500,375,"190.0,102.0,358.0,187.0"
8090,2361675,2361675,1,1_hop,traffic light,graph_box,1.0000,20,1,0,2,to the left,500,375,"33.0,27.0,91.0,135.0"
8091,2412740,2412740,1,0_hop,man,graph_box,1.0000,13,1,0,1,to the center,500,334,"235.0,3.0,407.0,331.0"
8092,2412740,2412740,1,1_hop,luggage,graph_box,1.0000,13,1,0,2,to the right,500,334,"369.0,194.0,435.0,330.0"
8093,2395119,2395119,1,2_hop,surfboard,graph_box,1.0000,10,1,0,3,to the center,500,281,"151.0,236.0,306.0,279.0"
8094,2395119,2395119,1,1_hop,surfboard,graph_box,1.0000,10,1,0,2,to the center,500,281,"151.0,236.0,306.0,279.0"
8096,2369517,2369517,1,0_hop,stick,objects_id_first,0.0000,19,1,0,1,to the center,500,335,"15.8,73.5,230.8,190.0"
8097,2373165,2373165,1,0_hop,woman,graph_box,1.0000,17,1,0,1,to the left,500,375,"41.0,0.0,251.0,188.0"
8102,2368264,2368264,1,0_hop,man,graph_box,1.0000,10,1,0,1,to the center,500,331,"136.0,115.0,201.0,204.0"
8103,2342977,2342977,2,1_hop,pole,graph_box,1.0000,31,2,1,2,to the right,500,375,"386.0,59.0,419.0,375.0"
8104,2342977,2342977,3,2_hop,pole,graph_box,1.0000,31,2,1,3,to the right,500,375,"386.0,59.0,419.0,375.0"
8106,2401427,2401427,2,1_hop,man,graph_box,1.0000,23,2,1,2,to the center,500,500,"104.0,60.0,477.0,500.0"
8107,2401427,2401427,1,0_hop,food,graph_box,1.0000,23,1,0,1,to the left,500,500,"54.0,288.0,267.0,424.0"
8108,2379138,2379138,1,0_hop,woman,graph_box,1.0000,19,1,0,1,to the right,374,500,"214.0,233.0,283.0,429.0"
8109,2386024,2386024,1,0_hop,pole,graph_box,1.0000,15,1,0,1,to the center,500,375,"243.0,0.0,263.0,316.0"
8110,2386024,2386024,1,2_hop,pole,graph_box,1.0000,15,1,0,3,to the center,500,375,"243.0,0.0,263.0,316.0"
8111,2386024,2386024,2,and,pole,graph_box,1.0000,15,1,0,3,to the center,500,375,"243.0,0.0,263.0,316.0"
8112,2386024,2386024,1,and,car,graph_box,1.0000,15,1,0,3,to the right,500,375,"276.0,248.0,497.0,369.0"
8113,2347454,2347454,1,0_hop,water bottle,graph_box,1.0000,19,1,0,1,to the right,500,375,"357.0,53.0,411.0,178.0"
8114,2347454,2347454,1,and,water bottle,graph_box,1.0000,19,1,0,3,to the right,500,375,"357.0,53.0,411.0,178.0"
8115,2347454,2347454,1,and,cat,graph_box,1.0000,19,1,0,3,to the center,500,375,"35.0,35.0,339.0,374.0"
8116,2354241,2354241,1,0_hop,bowl,graph_box,1.0000,10,1,0,1,to the center,500,425,"267.0,159.0,352.0,233.0"
8120,2354249,2354249,2,1_hop,backpack,graph_box,1.0000,19,2,1,2,to the center,500,333,"193.0,140.0,256.0,215.0"
8122,2414658,2414658,2,1_hop,child,graph_box,1.0000,38,2,1,2,to the center,500,375,"269.0,134.0,342.0,219.0"
8127,2350630,2350630,1,1_hop,man,graph_box,1.0000,9,1,0,2,to the right,500,332,"351.0,1.0,423.0,117.0"
8128,150274,150274,1,0_hop,airplane,graph_box,1.0000,16,1,0,1,to the center,1024,910,"15.0,237.0,1025.0,617.0"
8129,150274,150274,1,1_hop,airplane,graph_box,1.0000,16,1,0,2,to the center,1024,910,"15.0,237.0,1025.0,617.0"
8131,2370458,2370458,2,0_hop,sign,graph_box,1.0000,8,2,1,1,to the right,500,375,"341.0,198.0,468.0,236.0"
8132,2370458,2370458,2,1_hop,sign,graph_box,1.0000,8,2,1,2,to the right,500,375,"341.0,198.0,468.0,236.0"
8136,2330211,2330211,1,and,boy,graph_box,1.0000,12,1,0,3,to the center,500,465,"72.0,179.0,358.0,441.0"
8137,2330211,2330211,1,2_hop,pillow,graph_box,1.0000,12,1,0,3,to the left,500,465,"0.0,353.0,319.0,465.0"
8138,2330211,2330211,1,1_hop,pillow,graph_box,1.0000,12,1,0,2,to the left,500,465,"0.0,353.0,319.0,465.0"
8139,2330211,2330211,1,0_hop,remote control,graph_box,1.0000,12,1,0,1,to the left,500,465,"22.0,233.0,125.0,378.0"
8140,2373399,2373399,1,0_hop,bear,graph_box,1.0000,17,1,0,1,to the center,500,333,"226.0,110.0,428.0,257.0"
8141,2373399,2373399,1,and,bear,graph_box,1.0000,17,1,0,3,to the center,500,333,"226.0,110.0,428.0,257.0"
8142,2416499,2416499,1,0_hop,pole,graph_box,1.0000,27,1,0,1,to the center,375,500,"213.0,1.0,271.0,445.0"
8143,2416499,2416499,1,and,pole,graph_box,1.0000,27,1,0,3,to the center,375,500,"213.0,1.0,271.0,445.0"
8149,2388975,2388975,1,1_hop,towel,objects_id_first,0.1445,21,1,0,2,to the right,500,375,"382.7,238.0,496.0,344.1"
8150,2388975,2388975,1,and,child,graph_box,1.0000,21,1,0,3,to the center,500,375,"91.0,0.0,242.0,276.0"
8155,2388975,2388975,2,and,sandwich,graph_box,1.0000,21,1,0,3,to the center,500,375,"273.0,250.0,381.0,358.0"
8157,2338215,2338215,1,2_hop,child,graph_box,1.0000,12,1,0,3,to the center,375,500,"110.0,76.0,215.0,469.0"
8158,2338215,2338215,2,and,child,graph_box,1.0000,12,1,0,3,to the center,375,500,"110.0,76.0,215.0,469.0"
8159,2352361,2352361,1,2_hop,boy,graph_box,1.0000,29,1,0,3,to the center,500,500,"198.0,154.0,302.0,343.0"
8162,2321316,2321316,2,1_hop,boat,graph_box,1.0000,30,4,3,2,to the right,324,328,"277.0,90.0,324.0,168.0"
8163,2411058,2411058,1,0_hop,cat,graph_box,1.0000,16,1,0,1,to the left,500,375,"39.0,26.0,215.0,365.0"
8164,2411058,2411058,1,and,cat,graph_box,1.0000,16,1,0,3,to the left,500,375,"39.0,26.0,215.0,365.0"
8165,2401635,2401635,1,and,chair,objects_id_first,0.3823,18,1,0,3,to the left,500,375,"75.4,162.5,217.7,281.4"
8166,2401635,2401635,1,0_hop,lamp,graph_box,1.0000,18,1,0,1,to the center,500,375,"263.0,97.0,314.0,200.0"
8167,2401635,2401635,1,and,lamp,graph_box,1.0000,18,1,0,3,to the center,500,375,"263.0,97.0,314.0,200.0"
8169,2351048,2351048,1,1_hop,car,graph_box,1.0000,28,1,0,2,to the center,500,333,"150.0,275.0,236.0,328.0"
8175,2406620,2406620,1,2_hop,pan,graph_box,1.0000,24,1,0,3,to the center,500,375,"98.0,281.0,305.0,375.0"
8176,2406620,2406620,1,and,pan,graph_box,1.0000,24,1,0,3,to the center,500,375,"98.0,281.0,305.0,375.0"
8177,2406620,2406620,1,0_hop,pot,graph_box,1.0000,24,1,0,1,to the center,500,375,"198.0,222.0,309.0,284.0"
8178,2251,2251,1,0_hop,van,graph_box,1.0000,30,1,0,1,to the right,600,800,"463.0,501.0,600.0,600.0"
8180,2251,2251,2,1_hop,man,graph_box,1.0000,30,5,4,2,to the right,600,800,"541.0,519.0,599.0,792.0"
8182,2378984,2378984,1,0_hop,stop sign,graph_box,1.0000,23,1,0,1,to the left,500,333,"56.0,0.0,124.0,63.0"
8183,2378984,2378984,1,1_hop,stop sign,graph_box,1.0000,23,1,0,2,to the left,500,333,"56.0,0.0,124.0,63.0"
8184,2378984,2378984,2,2_hop,motorcycle,graph_box,1.0000,23,2,1,3,to the center,500,333,"161.0,52.0,498.0,327.0"
8185,2378984,2378984,2,1_hop,motorcycle,graph_box,1.0000,23,2,1,2,to the center,500,333,"161.0,52.0,498.0,327.0"
8187,2378984,2378984,3,1_hop,motorcycle,graph_box,1.0000,23,2,1,2,to the center,500,333,"161.0,52.0,498.0,327.0"
8190,2374722,2374722,2,1_hop,bench,graph_box,1.0000,27,2,1,2,to the center,500,396,"91.0,240.0,247.0,285.0"
8191,2364800,2364800,1,2_hop,man,graph_box,1.0000,21,1,0,3,to the left,500,357,"69.0,121.0,212.0,350.0"
8192,2364800,2364800,2,2_hop,car,graph_box,1.0000,21,3,2,3,to the center,500,357,"177.0,160.0,261.0,233.0"
8193,2364800,2364800,2,1_hop,car,graph_box,1.0000,21,3,2,2,to the center,500,357,"177.0,160.0,261.0,233.0"
8196,2409167,2409167,1,and,street sign,graph_box,1.0000,15,1,0,3,to the center,500,333,"123.0,56.0,278.0,264.0"
8197,2409167,2409167,1,2_hop,sign,graph_box,1.0000,15,1,0,3,to the left,500,333,"37.0,60.0,267.0,170.0"
8199,2330666,2330666,2,2_hop,woman,graph_box,1.0000,18,1,0,3,to the center,500,333,"232.0,142.0,293.0,317.0"
8200,2330666,2330666,2,1_hop,woman,graph_box,1.0000,18,1,0,2,to the center,500,333,"232.0,142.0,293.0,317.0"
8202,2409168,2409168,2,1_hop,cone,graph_box,1.0000,17,2,1,2,to the left,500,375,"130.0,240.0,198.0,353.0"
8203,2409168,2409168,2,1_hop,cone,graph_box,1.0000,17,2,1,2,to the right,500,375,"384.0,237.0,457.0,355.0"
8204,2399930,2399930,1,0_hop,man,graph_box,1.0000,10,1,0,1,to the center,466,500,"243.0,123.0,314.0,220.0"
8205,2399930,2399930,1,2_hop,man,graph_box,1.0000,10,1,0,3,to the center,466,500,"243.0,123.0,314.0,220.0"
8206,2399930,2399930,1,and,man,graph_box,1.0000,10,1,0,3,to the center,466,500,"243.0,123.0,314.0,220.0"
8207,2407938,2407938,1,and,bicycle,graph_box,1.0000,28,1,0,3,to the right,500,333,"351.0,180.0,434.0,239.0"
8208,2407938,2407938,2,2_hop,towel,graph_box,1.0000,28,2,1,3,to the center,500,333,"151.0,191.0,235.0,273.0"
8210,2387456,2387456,1,2_hop,bus,graph_box,1.0000,20,1,0,3,to the left,500,375,"21.0,74.0,165.0,264.0"
8211,2387456,2387456,2,0_hop,car,graph_box,1.0000,20,2,1,1,to the center,500,375,"68.0,252.0,302.0,373.0"
8212,2387456,2387456,1,0_hop,horse,graph_box,1.0000,20,1,0,1,to the center,500,375,"159.0,125.0,310.0,258.0"
8213,2387456,2387456,1,2_hop,horse,graph_box,1.0000,20,1,0,3,to the center,500,375,"159.0,125.0,310.0,258.0"
8214,2387456,2387456,1,and,horse,graph_box,1.0000,20,1,0,3,to the center,500,375,"159.0,125.0,310.0,258.0"
8215,2387456,2387456,2,0_hop,car,graph_box,1.0000,20,2,1,1,to the center,500,375,"194.0,178.0,438.0,265.0"
8216,2387456,2387456,2,2_hop,car,graph_box,1.0000,20,2,1,3,to the center,500,375,"194.0,178.0,438.0,265.0"
8217,2387456,2387456,2,and,car,graph_box,1.0000,20,2,1,3,to the center,500,375,"194.0,178.0,438.0,265.0"
8218,2341441,2341441,2,1_hop,boy,graph_box,1.0000,19,2,1,2,to the center,500,380,"123.0,59.0,245.0,369.0"
8219,2341441,2341441,2,1_hop,boy,graph_box,1.0000,19,2,1,2,to the right,500,380,"276.0,118.0,393.0,371.0"
8220,4925,4925,2,2_hop,chair,graph_box,1.0000,25,4,3,3,to the right,380,300,"274.0,144.0,314.0,227.0"
8221,4925,4925,2,1_hop,chair,graph_box,1.0000,25,4,3,2,to the right,380,300,"274.0,144.0,314.0,227.0"
8222,2358834,2358834,1,1_hop,floor lamp,graph_box,1.0000,29,1,0,2,to the left,500,334,"101.0,130.0,143.0,235.0"
8223,2358834,2358834,1,0_hop,chair,graph_box,1.0000,29,1,0,1,to the center,500,334,"98.0,234.0,265.0,334.0"
8224,2358834,2358834,1,2_hop,table,graph_box,1.0000,29,1,0,3,to the center,500,334,"234.0,212.0,317.0,287.0"
8226,2342152,2342152,1,0_hop,woman,graph_box,1.0000,26,1,0,1,to the right,333,500,"148.0,181.0,332.0,499.0"
8227,2342152,2342152,1,2_hop,woman,graph_box,1.0000,26,1,0,3,to the right,333,500,"148.0,181.0,332.0,499.0"
8228,2342152,2342152,1,and,woman,graph_box,1.0000,26,1,0,3,to the right,333,500,"148.0,181.0,332.0,499.0"
8229,2342152,2342152,1,2_hop,giraffe,graph_box,1.0000,26,1,0,3,to the left,333,500,"0.0,69.0,154.0,276.0"
8230,2342152,2342152,1,and,giraffe,graph_box,1.0000,26,1,0,3,to the left,333,500,"0.0,69.0,154.0,276.0"
8231,2389148,2389148,1,0_hop,bus,graph_box,1.0000,25,1,0,1,to the center,500,333,"128.0,112.0,283.0,308.0"
8232,2389148,2389148,1,and,bus,graph_box,1.0000,25,1,0,3,to the center,500,333,"128.0,112.0,283.0,308.0"
8233,2389148,2389148,1,0_hop,post,graph_box,1.0000,25,1,0,1,to the left,500,333,"92.0,0.0,135.0,328.0"
8234,2389148,2389148,1,and,post,graph_box,1.0000,25,1,0,3,to the left,500,333,"92.0,0.0,135.0,328.0"
8235,2388090,2388090,1,1_hop,van,graph_box,1.0000,9,1,0,2,to the right,500,375,"214.0,99.0,468.0,234.0"
8236,2333298,2333298,1,1_hop,television,graph_box,1.0000,19,1,0,2,to the center,500,333,"126.0,38.0,408.0,239.0"
8238,2397381,2397381,1,0_hop,knife,graph_box,1.0000,13,1,0,1,to the center,334,500,"42.0,244.0,218.0,332.0"
8239,2397381,2397381,1,1_hop,knife,graph_box,1.0000,13,1,0,2,to the center,334,500,"42.0,244.0,218.0,332.0"
8240,2366510,2366510,1,2_hop,sign,graph_box,1.0000,19,1,0,3,to the left,500,333,"79.0,0.0,230.0,272.0"
8241,2366510,2366510,1,and,sign,objects_id_first,0.1177,19,1,0,3,to the left,500,333,"112.9,77.5,203.4,130.9"
8242,2366510,2366510,1,2_hop,man,graph_box,1.0000,19,1,0,3,to the right,500,333,"309.0,15.0,366.0,146.0"
8244,2372163,2372163,1,2_hop,table,graph_box,1.0000,24,1,0,3,to the center,500,327,"244.0,194.0,323.0,247.0"
8245,2372163,2372163,1,and,table,graph_box,1.0000,24,1,0,3,to the center,500,327,"244.0,194.0,323.0,247.0"
8246,2373839,2373839,1,and,man,graph_box,1.0000,16,1,0,3,to the right,500,335,"297.0,61.0,384.0,257.0"
8247,2373839,2373839,1,0_hop,man,graph_box,0.9107,16,1,0,1,to the center,500,335,"291.8,63.0,385.3,259.4"
8250,2332903,2332903,1,and,woman,graph_box,1.0000,24,1,0,3,to the center,375,500,"112.0,26.0,207.0,235.0"
8251,2332903,2332903,1,2_hop,man,graph_box,1.0000,24,1,0,3,to the right,375,500,"265.0,0.0,374.0,243.0"
8253,2375806,2375806,2,and,man,graph_box,1.0000,24,1,0,3,to the right,375,500,"307.0,167.0,370.0,300.0"
8256,2375806,2375806,2,2_hop,guy,graph_box,1.0000,24,2,1,3,to the center,375,500,"132.0,173.0,242.0,500.0"
8257,2375806,2375806,2,1_hop,guy,graph_box,1.0000,24,2,1,2,to the center,375,500,"132.0,173.0,242.0,500.0"
8258,2367641,2367641,2,0_hop,bag,graph_box,1.0000,30,2,1,1,to the left,500,375,"28.0,268.0,163.0,373.0"
8259,2367641,2367641,2,2_hop,bag,graph_box,1.0000,30,2,1,3,to the left,500,375,"28.0,268.0,163.0,373.0"
8260,2367641,2367641,2,1_hop,bag,graph_box,1.0000,30,2,1,2,to the left,500,375,"28.0,268.0,163.0,373.0"
8261,2367641,2367641,2,2_hop,man,graph_box,1.0000,30,3,2,3,to the left,500,375,"55.0,57.0,119.0,164.0"
8262,2367641,2367641,2,and,man,graph_box,1.0000,30,3,2,3,to the left,500,375,"55.0,57.0,119.0,164.0"
8265,2414630,2414630,1,0_hop,surfboard,objects_id_first,0.4808,22,1,0,1,to the right,343,500,"181.2,208.4,327.7,306.3"
8267,2315622,2315622,2,1_hop,car,graph_box,1.0000,19,7,6,2,to the center,500,375,"241.0,197.0,348.0,258.0"
8275,2399095,2399095,1,1_hop,cow,graph_box,1.0000,11,1,0,2,to the left,500,334,"62.0,189.0,198.0,304.0"
8276,2335384,2335384,2,1_hop,woman,graph_box,1.0000,31,3,2,2,to the center,500,375,"200.0,275.0,253.0,372.0"
8277,2415581,2415581,1,and,man,graph_box,1.0000,14,1,0,3,to the right,500,334,"303.0,70.0,385.0,189.0"
8279,2328848,2328848,2,and,cat,graph_box,1.0000,23,2,1,3,to the right,500,375,"310.0,93.0,499.0,356.0"
8280,2328848,2328848,1,0_hop,lamp,graph_box,1.0000,23,1,0,1,to the center,500,375,"150.0,8.0,265.0,166.0"
8281,2328848,2328848,1,2_hop,lamp,graph_box,1.0000,23,1,0,3,to the center,500,375,"150.0,8.0,265.0,166.0"
8282,2328848,2328848,1,1_hop,lamp,graph_box,1.0000,23,1,0,2,to the center,500,375,"150.0,8.0,265.0,166.0"
8283,2328848,2328848,1,0_hop,computer,graph_box,1.0000,23,1,0,1,to the center,500,375,"10.0,83.0,327.0,374.0"
8284,2328848,2328848,2,2_hop,cat,graph_box,1.0000,23,2,1,3,to the left,500,375,"45.0,108.0,133.0,221.0"
8285,2328848,2328848,2,and,cat,graph_box,1.0000,23,2,1,3,to the left,500,375,"45.0,108.0,133.0,221.0"
8288,2403721,2403721,1,0_hop,airplane,graph_box,1.0000,11,1,0,1,to the center,500,400,"163.0,74.0,365.0,143.0"
8289,2328511,2328511,2,1_hop,bench,graph_box,1.0000,12,2,1,2,to the center,500,333,"225.0,190.0,401.0,290.0"
8290,2385173,2385173,1,and,giraffe,graph_box,1.0000,26,1,0,3,to the center,333,500,"86.0,66.0,289.0,488.0"
8292,2390571,2390571,1,0_hop,car,graph_box,1.0000,24,1,0,1,to the right,500,357,"227.0,294.0,461.0,352.0"
8293,2390571,2390571,1,2_hop,car,graph_box,1.0000,24,1,0,3,to the right,500,357,"227.0,294.0,461.0,352.0"
8294,2390571,2390571,1,0_hop,clock,graph_box,1.0000,24,1,0,1,to the center,500,357,"131.0,119.0,215.0,201.0"
8295,2390571,2390571,1,2_hop,clock,graph_box,1.0000,24,1,0,3,to the center,500,357,"131.0,119.0,215.0,201.0"
8296,2390571,2390571,1,and,clock,graph_box,1.0000,24,1,0,3,to the center,500,357,"131.0,119.0,215.0,201.0"
8297,2390571,2390571,1,0_hop,pole,graph_box,1.0000,24,1,0,1,to the left,500,357,"106.0,102.0,131.0,348.0"
8298,2388049,2388049,2,2_hop,picture,graph_box,1.0000,21,2,1,3,to the center,500,375,"186.0,72.0,258.0,139.0"
8300,2388049,2388049,2,2_hop,picture,graph_box,1.0000,21,2,1,3,to the right,500,375,"300.0,34.0,461.0,142.0"
8302,2388049,2388049,1,and,television,graph_box,1.0000,21,1,0,3,to the right,500,375,"300.0,24.0,477.0,157.0"
8303,2398382,2398382,2,2_hop,zebra,graph_box,1.0000,11,3,2,3,to the center,500,334,"292.0,86.0,363.0,147.0"
8304,2398382,2398382,2,1_hop,zebra,graph_box,1.0000,11,3,2,2,to the center,500,334,"292.0,86.0,363.0,147.0"
8305,2387991,2387991,1,1_hop,lamp,graph_box,1.0000,13,1,0,2,to the left,500,375,"36.0,20.0,180.0,232.0"
8306,2387991,2387991,1,and,blanket,graph_box,1.0000,13,1,0,3,to the left,500,375,"80.0,108.0,178.0,157.0"
8308,2387991,2387991,1,and,chair,graph_box,1.0000,13,1,0,3,to the right,500,375,"290.0,119.0,498.0,374.0"
8310,1159654,1159654,2,1_hop,dog,graph_box,1.0000,25,2,1,2,to the left,683,1024,"0.0,673.0,252.0,1023.0"
8311,2392384,2392384,1,2_hop,bus,graph_box,1.0000,17,1,0,3,to the center,500,335,"100.0,75.0,421.0,254.0"
8312,2392384,2392384,1,and,bus,graph_box,1.0000,17,1,0,3,to the center,500,335,"100.0,75.0,421.0,254.0"
8314,1160207,1160207,1,1_hop,boat,graph_box,1.0000,26,1,0,2,to the left,612,612,"54.0,250.0,341.0,442.0"
8315,2331512,2331512,1,0_hop,boy,graph_box,1.0000,17,1,0,1,to the center,496,500,"121.0,107.0,290.0,405.0"
8317,2405536,2405536,1,0_hop,girl,graph_box,1.0000,11,1,0,1,to the center,375,500,"0.0,55.0,278.0,500.0"
8318,2405536,2405536,1,and,girl,graph_box,1.0000,11,1,0,3,to the center,375,500,"0.0,55.0,278.0,500.0"
8321,2335607,2335607,2,0_hop,horse,graph_box,1.0000,19,2,1,1,to the center,500,450,"38.0,27.0,501.0,448.0"
8322,2335604,2335604,2,2_hop,woman,graph_box,1.0000,30,6,5,3,to the center,500,335,"228.0,54.0,422.0,332.0"
8323,2335604,2335604,2,1_hop,woman,graph_box,1.0000,30,6,5,2,to the center,500,335,"228.0,54.0,422.0,332.0"
8324,2357279,2357279,2,2_hop,towel,graph_box,1.0000,14,3,2,3,to the left,500,333,"44.0,198.0,148.0,333.0"
8327,2378689,2378689,2,2_hop,player,graph_box,1.0000,18,1,0,3,to the right,500,335,"276.0,83.0,418.0,254.0"
8328,2378689,2378689,1,and,player,graph_box,1.0000,18,1,0,3,to the right,500,335,"276.0,83.0,418.0,254.0"
8329,2412723,2412723,1,and,man,graph_box,1.0000,13,1,0,3,to the center,500,375,"115.0,256.0,231.0,373.0"
8330,2347001,2347001,2,2_hop,motorcycle,graph_box,1.0000,12,2,1,3,to the center,500,281,"21.0,0.0,427.0,281.0"
8332,4900,4900,2,2_hop,chair,graph_box,1.0000,33,3,2,3,to the left,396,297,"67.0,210.0,132.0,292.0"
8334,4900,4900,3,2_hop,chair,graph_box,1.0000,33,3,2,3,to the left,396,297,"67.0,210.0,132.0,292.0"
8335,4900,4900,2,2_hop,chair,graph_box,1.0000,33,3,2,3,to the right,396,297,"273.0,197.0,331.0,295.0"
8336,4900,4900,2,1_hop,chair,graph_box,1.0000,33,3,2,2,to the right,396,297,"273.0,197.0,331.0,295.0"
8338,2339751,2339751,1,1_hop,laptop,graph_box,1.0000,18,1,0,2,to the center,500,333,"155.0,75.0,262.0,140.0"
8339,2327683,2327683,1,0_hop,man,graph_box,1.0000,21,1,0,1,to the center,333,500,"142.0,172.0,245.0,332.0"
8341,2408291,2408291,1,1_hop,zebra,graph_box,1.0000,4,1,0,2,to the center,500,333,"181.0,205.0,266.0,264.0"
8342,2408298,2408298,1,0_hop,train,graph_box,1.0000,20,1,0,1,to the center,500,281,"0.0,68.0,484.0,210.0"
8343,2332094,2332094,2,0_hop,table,graph_box,1.0000,7,2,1,1,to the center,500,333,"95.0,254.0,299.0,301.0"
8351,2348437,2348437,1,0_hop,shower curtain,graph_box,1.0000,16,1,0,1,to the center,333,500,"155.0,121.0,277.0,437.0"
8352,2348437,2348437,1,2_hop,shower curtain,graph_box,1.0000,16,1,0,3,to the center,333,500,"155.0,121.0,277.0,437.0"
8353,2363548,2363548,1,2_hop,man,graph_box,1.0000,30,1,0,3,to the left,500,375,"90.0,159.0,188.0,300.0"
8354,2363548,2363548,1,and,man,graph_box,1.0000,30,1,0,3,to the left,500,375,"90.0,159.0,188.0,300.0"
8356,713667,713667,1,0_hop,car,graph_box,1.0000,12,1,0,1,to the right,1024,732,"699.0,146.0,1024.0,482.0"
8357,713667,713667,1,and,car,graph_box,1.0000,12,1,0,3,to the right,1024,732,"699.0,146.0,1024.0,482.0"
8359,2353890,2353890,1,0_hop,box,graph_box,1.0000,21,1,0,1,to the right,500,333,"344.0,115.0,420.0,181.0"
8360,2353890,2353890,1,and,box,graph_box,1.0000,21,1,0,3,to the right,500,333,"344.0,115.0,420.0,181.0"
8361,2353890,2353890,1,0_hop,coffee table,graph_box,1.0000,21,1,0,1,to the center,500,333,"188.0,198.0,342.0,303.0"
8362,2353890,2353890,1,2_hop,coffee table,graph_box,1.0000,21,1,0,3,to the center,500,333,"188.0,198.0,342.0,303.0"
8363,2343059,2343059,1,1_hop,train,graph_box,1.0000,28,1,0,2,to the center,500,330,"46.0,96.0,457.0,245.0"
8367,2376032,2376032,1,1_hop,man,graph_box,1.0000,16,1,0,2,to the center,500,375,"262.0,106.0,304.0,222.0"
8368,2343326,2343326,2,2_hop,man,graph_box,1.0000,40,3,2,3,to the left,500,375,"54.0,214.0,175.0,375.0"
8369,2343326,2343326,2,and,man,graph_box,1.0000,40,3,2,3,to the left,500,375,"54.0,214.0,175.0,375.0"
8370,2343326,2343326,2,2_hop,man,graph_box,1.0000,40,3,2,3,to the right,500,375,"333.0,167.0,500.0,375.0"
8372,2343326,2343326,2,2_hop,man,graph_box,1.0000,40,3,2,3,to the center,500,375,"201.0,39.0,344.0,375.0"
8376,2397824,2397824,2,2_hop,man,graph_box,1.0000,20,2,1,3,to the center,333,500,"76.0,70.0,251.0,288.0"
8378,2397824,2397824,1,2_hop,pizza,graph_box,1.0000,20,1,0,3,to the center,333,500,"0.0,278.0,293.0,500.0"
8379,2397824,2397824,1,1_hop,pizza,graph_box,1.0000,20,1,0,2,to the center,333,500,"0.0,278.0,293.0,500.0"
8380,988,988,1,and,man,graph_box,1.0000,14,1,0,3,to the left,800,508,"215.0,273.0,310.0,473.0"
8381,2352324,2352324,1,1_hop,cat,graph_box,1.0000,10,1,0,2,to the center,375,500,"35.0,237.0,231.0,304.0"
8382,2352324,2352324,2,2_hop,pillow,graph_box,1.0000,10,2,1,3,to the right,375,500,"181.0,70.0,331.0,274.0"
8383,2352324,2352324,2,1_hop,pillow,graph_box,1.0000,10,2,1,2,to the right,375,500,"181.0,70.0,331.0,274.0"
8384,2374558,2374558,1,0_hop,lamp,graph_box,1.0000,18,1,0,1,to the center,500,332,"246.0,129.0,323.0,238.0"
8385,2386662,2386662,1,0_hop,urinal,graph_box,1.0000,13,1,0,1,to the center,500,334,"108.0,0.0,260.0,167.0"
8386,2386662,2386662,1,and,urinal,graph_box,1.0000,13,1,0,3,to the center,500,334,"108.0,0.0,260.0,167.0"
8387,2353633,2353633,1,0_hop,man,graph_box,1.0000,20,1,0,1,to the center,376,479,"78.0,149.0,371.0,479.0"
8388,2353633,2353633,1,and,man,graph_box,1.0000,20,1,0,3,to the center,376,479,"78.0,149.0,371.0,479.0"
8389,2353633,2353633,1,1_hop,surfboard,graph_box,1.0000,20,1,0,2,to the left,376,479,"5.0,16.0,95.0,349.0"
8390,2364364,2364364,2,1_hop,bus,graph_box,1.0000,23,3,2,2,to the left,375,500,"0.0,161.0,63.0,360.0"
8391,2364364,2364364,1,0_hop,table,objects_id_first,0.3362,23,1,0,1,to the left,375,500,"11.2,317.5,188.8,372.7"
8392,2334053,2334053,2,0_hop,cat,graph_box,1.0000,18,2,1,1,to the left,500,438,"53.0,65.0,211.0,285.0"
8394,2334053,2334053,2,1_hop,cat,graph_box,1.0000,18,2,1,2,to the left,500,438,"53.0,65.0,211.0,285.0"
8395,2334053,2334053,1,0_hop,lamp,graph_box,1.0000,18,1,0,1,to the center,500,438,"215.0,159.0,342.0,354.0"
8396,2334053,2334053,1,0_hop,dresser,graph_box,1.0000,18,1,0,1,to the center,500,438,"81.0,333.0,404.0,439.0"
8397,2334053,2334053,1,2_hop,dresser,graph_box,1.0000,18,1,0,3,to the center,500,438,"81.0,333.0,404.0,439.0"
8398,2334053,2334053,2,0_hop,cat,graph_box,1.0000,18,2,1,1,to the left,500,438,"0.0,176.0,218.0,438.0"
8400,2334053,2334053,2,and,cat,graph_box,1.0000,18,2,1,3,to the left,500,438,"0.0,176.0,218.0,438.0"
8401,2348442,2348442,2,2_hop,lamp,graph_box,1.0000,23,2,1,3,to the right,500,375,"375.0,198.0,439.0,273.0"
8402,2348442,2348442,2,1_hop,lamp,graph_box,1.0000,23,2,1,2,to the right,500,375,"375.0,198.0,439.0,273.0"
8403,2348442,2348442,3,2_hop,lamp,graph_box,1.0000,23,2,1,3,to the right,500,375,"375.0,198.0,439.0,273.0"
8404,2348442,2348442,3,1_hop,lamp,graph_box,1.0000,23,2,1,2,to the right,500,375,"375.0,198.0,439.0,273.0"
8405,2348442,2348442,1,2_hop,table,graph_box,1.0000,23,1,0,3,to the left,500,375,"33.0,216.0,116.0,295.0"
8406,2348442,2348442,1,0_hop,blanket,graph_box,1.0000,23,1,0,1,to the center,500,375,"141.0,181.0,230.0,255.0"
8407,2348442,2348442,1,1_hop,blanket,graph_box,1.0000,23,1,0,2,to the center,500,375,"141.0,181.0,230.0,255.0"
8408,2348442,2348442,2,0_hop,chair,graph_box,1.0000,23,2,1,1,to the center,500,375,"243.0,208.0,358.0,337.0"
8409,2348442,2348442,2,1_hop,chair,graph_box,1.0000,23,2,1,2,to the center,500,375,"243.0,208.0,358.0,337.0"
8411,2348442,2348442,2,0_hop,chair,graph_box,1.0000,23,2,1,1,to the center,500,375,"115.0,179.0,231.0,313.0"
8412,2385158,2385158,1,0_hop,train,graph_box,1.0000,19,1,0,1,to the center,500,375,"94.0,154.0,499.0,293.0"
8413,2372640,2372640,1,1_hop,man,graph_box,1.0000,13,1,0,2,to the center,500,331,"148.0,163.0,242.0,300.0"
8414,2372640,2372640,2,2_hop,pole,graph_box,1.0000,13,2,1,3,to the left,500,331,"77.0,225.0,167.0,301.0"
8415,2372640,2372640,2,1_hop,pole,graph_box,1.0000,13,2,1,2,to the left,500,331,"77.0,225.0,167.0,301.0"
8416,2327357,2327357,1,0_hop,snowboard,graph_box,1.0000,21,1,0,1,to the center,500,333,"225.0,179.0,423.0,212.0"
8417,2327357,2327357,1,1_hop,snowboard,graph_box,1.0000,21,1,0,2,to the center,500,333,"225.0,179.0,423.0,212.0"
8418,2327357,2327357,1,0_hop,dog,graph_box,1.0000,21,1,0,1,to the center,500,333,"123.0,139.0,246.0,213.0"
8419,2327357,2327357,1,and,dog,graph_box,1.0000,21,1,0,3,to the center,500,333,"123.0,139.0,246.0,213.0"
8420,2327357,2327357,1,2_hop,man,graph_box,1.0000,21,1,0,3,to the center,500,333,"265.0,104.0,373.0,181.0"
8421,2327357,2327357,1,1_hop,man,graph_box,1.0000,21,1,0,2,to the center,500,333,"265.0,104.0,373.0,181.0"
8423,2402652,2402652,2,1_hop,giraffe,graph_box,1.0000,13,2,1,2,to the left,500,398,"51.0,115.0,200.0,326.0"
8425,2402652,2402652,2,1_hop,giraffe,graph_box,1.0000,13,2,1,2,to the right,500,398,"370.0,208.0,450.0,321.0"
8426,2360894,2360894,1,0_hop,train,graph_box,1.0000,14,1,0,1,to the center,500,331,"47.0,85.0,380.0,240.0"
8427,2360894,2360894,1,2_hop,train,graph_box,1.0000,14,1,0,3,to the center,500,331,"47.0,85.0,380.0,240.0"
8428,2368567,2368567,2,and,cow,graph_box,1.0000,23,2,1,3,to the center,500,322,"192.0,147.0,257.0,255.0"
8429,2412704,2412704,1,0_hop,cat,graph_box,1.0000,11,1,0,1,to the center,500,409,"104.0,67.0,419.0,232.0"
8430,2412704,2412704,1,and,cat,graph_box,1.0000,11,1,0,3,to the center,500,409,"104.0,67.0,419.0,232.0"
8431,2396174,2396174,1,1_hop,boy,graph_box,1.0000,33,1,0,2,to the center,500,382,"195.0,90.0,288.0,278.0"
8432,2396174,2396174,1,0_hop,skateboard,graph_box,1.0000,33,1,0,1,to the center,500,382,"218.0,280.0,324.0,334.0"
8433,2396174,2396174,1,1_hop,skateboard,graph_box,1.0000,33,1,0,2,to the center,500,382,"218.0,280.0,324.0,334.0"
8434,2321166,2321166,1,0_hop,coffee table,graph_box,1.0000,22,1,0,1,to the center,500,375,"86.0,251.0,248.0,328.0"
8435,2321166,2321166,1,2_hop,coffee table,graph_box,1.0000,22,1,0,3,to the center,500,375,"86.0,251.0,248.0,328.0"
8436,2321166,2321166,1,2_hop,floor lamp,graph_box,1.0000,22,1,0,3,to the center,500,375,"197.0,167.0,239.0,281.0"
8437,2383731,2383731,1,2_hop,woman,graph_box,1.0000,23,1,0,3,to the center,500,333,"93.0,100.0,278.0,332.0"
8438,2383731,2383731,1,1_hop,woman,graph_box,1.0000,23,1,0,2,to the center,500,333,"93.0,100.0,278.0,332.0"
8439,2383730,2383730,1,0_hop,giraffe,graph_box,1.0000,15,1,0,1,to the center,500,500,"11.0,91.0,404.0,426.0"
8440,2383730,2383730,1,and,giraffe,graph_box,1.0000,15,1,0,3,to the center,500,500,"11.0,91.0,404.0,426.0"
8441,2380291,2380291,1,1_hop,post,graph_box,1.0000,28,1,0,2,to the center,500,333,"193.0,226.0,254.0,332.0"
8442,2380291,2380291,1,2_hop,girl,graph_box,1.0000,28,1,0,3,to the center,500,333,"62.0,43.0,272.0,333.0"
8443,2380291,2380291,1,0_hop,sheep,graph_box,1.0000,28,1,0,1,to the right,500,333,"262.0,112.0,498.0,328.0"
8444,2380291,2380291,1,2_hop,sheep,graph_box,1.0000,28,1,0,3,to the right,500,333,"262.0,112.0,498.0,328.0"
8445,2335718,2335718,1,1_hop,child,graph_box,1.0000,12,1,0,2,to the left,500,333,"90.0,40.0,229.0,302.0"
8446,2356693,2356693,2,and,man,graph_box,1.0000,22,2,1,3,to the center,375,500,"0.0,107.0,375.0,500.0"
8447,2356693,2356693,2,and,man,graph_box,1.0000,22,2,1,3,to the left,375,500,"0.0,160.0,108.0,350.0"
8448,2365064,2365064,1,0_hop,dryer,graph_box,1.0000,30,1,0,1,to the right,375,500,"317.0,277.0,375.0,499.0"
8450,2387148,2387148,1,2_hop,bicycle,graph_box,1.0000,24,1,0,3,to the center,500,333,"197.0,185.0,297.0,332.0"
8451,2400484,2400484,1,0_hop,train,graph_box,1.0000,13,1,0,1,to the center,500,333,"111.0,81.0,341.0,262.0"
8457,2389819,2389819,1,2_hop,flower,graph_box,1.0000,17,1,0,3,to the center,500,399,"210.0,25.0,293.0,153.0"
8458,2343687,2343687,1,and,horse,graph_box,1.0000,26,1,0,3,to the center,500,500,"230.0,208.0,287.0,326.0"
8460,2390936,2390936,1,1_hop,man,graph_box,1.0000,17,1,0,2,to the right,387,500,"291.0,247.0,366.0,433.0"
8461,2408813,2408813,1,0_hop,bench,graph_box,1.0000,22,1,0,1,to the left,500,368,"58.0,205.0,234.0,302.0"
8462,2408813,2408813,1,1_hop,bench,graph_box,1.0000,22,1,0,2,to the left,500,368,"58.0,205.0,234.0,302.0"
8464,2403468,2403468,1,1_hop,boat,graph_box,1.0000,18,1,0,2,to the center,500,254,"37.0,125.0,469.0,231.0"
8465,2342794,2342794,1,0_hop,bowl,graph_box,1.0000,20,1,0,1,to the left,334,500,"0.0,316.0,75.0,373.0"
8466,2336562,2336562,1,0_hop,bike,graph_box,1.0000,6,1,0,1,to the left,500,375,"62.0,213.0,212.0,374.0"
8472,2351967,2351967,1,2_hop,woman,graph_box,1.0000,26,1,0,3,to the right,375,500,"326.0,204.0,375.0,447.0"
8474,2375371,2375371,1,0_hop,woman,graph_box,1.0000,19,1,0,1,to the right,375,500,"184.0,64.0,374.0,500.0"
8476,2394821,2394821,1,0_hop,player,graph_box,1.0000,19,1,0,1,to the left,450,500,"32.0,35.0,171.0,493.0"
8477,2358715,2358715,2,1_hop,boat,graph_box,1.0000,24,2,1,2,to the left,500,333,"27.0,255.0,220.0,307.0"
8478,2415549,2415549,1,2_hop,woman,graph_box,1.0000,22,1,0,3,to the right,500,375,"281.0,3.0,497.0,373.0"
8479,2415549,2415549,1,and,woman,graph_box,1.0000,22,1,0,3,to the right,500,375,"281.0,3.0,497.0,373.0"
8480,2415549,2415549,1,2_hop,paper,graph_box,1.0000,22,1,0,3,to the center,500,375,"148.0,303.0,271.0,372.0"
8481,2415549,2415549,1,and,television,graph_box,1.0000,22,1,0,3,to the center,500,375,"169.0,32.0,387.0,199.0"
8482,2411038,2411038,1,and,radiator,graph_box,1.0000,29,1,0,3,to the center,500,375,"162.0,92.0,214.0,197.0"
8483,2411038,2411038,1,0_hop,ottoman,graph_box,1.0000,29,1,0,1,to the center,500,375,"150.0,227.0,307.0,305.0"
8484,2411038,2411038,1,1_hop,ottoman,graph_box,1.0000,29,1,0,2,to the center,500,375,"150.0,227.0,307.0,305.0"
8485,2411038,2411038,2,0_hop,chair,graph_box,1.0000,29,2,1,1,to the center,500,375,"165.0,259.0,337.0,375.0"
8486,2411038,2411038,2,2_hop,chair,graph_box,1.0000,29,2,1,3,to the center,500,375,"165.0,259.0,337.0,375.0"
8487,2411038,2411038,2,1_hop,chair,graph_box,1.0000,29,2,1,2,to the center,500,375,"165.0,259.0,337.0,375.0"
8489,2317251,2317251,2,1_hop,boy,graph_box,1.0000,25,2,1,2,to the center,500,333,"150.0,187.0,209.0,303.0"
8492,2333645,2333645,1,and,man,graph_box,1.0000,17,1,0,3,to the right,500,375,"297.0,84.0,399.0,327.0"
8493,3521,3521,1,and,man,graph_box,1.0000,17,1,0,3,to the center,800,600,"203.0,0.0,645.0,372.0"
8494,3521,3521,1,and,bag,graph_box,1.0000,17,1,0,3,to the center,800,600,"206.0,75.0,632.0,438.0"
8496,2395059,2395059,1,0_hop,keyboard,graph_box,1.0000,17,1,0,1,to the center,500,333,"222.0,174.0,317.0,222.0"
8497,2395059,2395059,1,2_hop,keyboard,graph_box,1.0000,17,1,0,3,to the center,500,333,"222.0,174.0,317.0,222.0"
8498,2395059,2395059,1,0_hop,computer,graph_box,1.0000,17,1,0,1,to the left,500,333,"50.0,67.0,176.0,181.0"
8499,2395059,2395059,1,0_hop,chair,graph_box,1.0000,17,1,0,1,to the right,500,333,"264.0,235.0,456.0,331.0"
8500,2403874,2403874,1,0_hop,truck,graph_box,1.0000,17,1,0,1,to the center,500,500,"178.0,291.0,286.0,355.0"
8501,2340652,2340652,2,1_hop,boy,graph_box,1.0000,27,4,3,2,to the left,500,333,"67.0,25.0,206.0,222.0"
8502,2413869,2413869,1,0_hop,can,graph_box,1.0000,17,1,0,1,to the right,500,375,"277.0,186.0,500.0,375.0"
8503,1159437,1159437,1,and,bus,graph_box,1.0000,15,1,0,3,to the center,1024,683,"295.0,161.0,715.0,612.0"
8505,2377787,2377787,1,and,blender,graph_box,1.0000,14,1,0,3,to the center,500,375,"136.0,19.0,325.0,357.0"
8506,2332116,2332116,2,2_hop,keyboard,graph_box,1.0000,16,2,1,3,to the center,500,375,"180.0,275.0,453.0,374.0"
8507,2332116,2332116,2,1_hop,keyboard,graph_box,1.0000,16,2,1,2,to the center,500,375,"180.0,275.0,453.0,374.0"
8508,2332116,2332116,1,0_hop,monitor,graph_box,1.0000,16,1,0,1,to the center,500,375,"223.0,51.0,318.0,134.0"
8509,2332116,2332116,1,and,monitor,graph_box,1.0000,16,1,0,3,to the center,500,375,"223.0,51.0,318.0,134.0"
8510,2332116,2332116,1,0_hop,dresser,graph_box,1.0000,16,1,0,1,to the center,500,375,"1.0,136.0,366.0,197.0"
8511,2332116,2332116,1,0_hop,chair,graph_box,1.0000,16,1,0,1,to the right,500,375,"341.0,129.0,454.0,210.0"
8513,2324119,2324119,1,and,horse,graph_box,1.0000,14,1,0,3,to the center,500,375,"63.0,54.0,368.0,288.0"
8514,2324445,2324445,1,0_hop,train,graph_box,1.0000,28,1,0,1,to the center,500,375,"205.0,101.0,348.0,233.0"
8515,2324445,2324445,1,and,train,graph_box,1.0000,28,1,0,3,to the center,500,375,"205.0,101.0,348.0,233.0"
8516,2347772,2347772,1,0_hop,man,graph_box,1.0000,20,1,0,1,to the center,500,375,"224.0,119.0,335.0,215.0"
8517,2347772,2347772,1,1_hop,man,graph_box,1.0000,20,1,0,2,to the center,500,375,"224.0,119.0,335.0,215.0"
8518,2386383,2386383,1,0_hop,player,graph_box,1.0000,11,1,0,1,to the center,359,500,"91.0,33.0,264.0,457.0"
8519,2386383,2386383,1,1_hop,player,graph_box,1.0000,11,1,0,2,to the center,359,500,"91.0,33.0,264.0,457.0"
8520,2334672,2334672,1,and,man,graph_box,1.0000,15,1,0,3,to the center,500,333,"144.0,0.0,241.0,113.0"
8523,2329253,2329253,3,2_hop,man,graph_box,1.0000,16,2,1,3,to the right,500,332,"372.0,210.0,414.0,323.0"
8524,2330606,2330606,1,2_hop,man,graph_box,1.0000,14,1,0,3,to the left,500,375,"75.0,1.0,169.0,219.0"
8525,2347518,2347518,1,and,television,graph_box,1.0000,18,1,0,3,to the center,500,375,"155.0,166.0,315.0,316.0"
8528,2390800,2390800,1,2_hop,post,graph_box,1.0000,17,1,0,3,to the right,500,279,"376.0,29.0,399.0,245.0"
8530,2353425,2353425,1,2_hop,car,objects_id_first,0.0205,19,1,0,3,to the center,500,229,"358.8,137.2,498.7,223.8"
8531,4633,4633,1,0_hop,table,graph_box,1.0000,17,1,0,1,to the center,512,359,"216.0,175.0,454.0,305.0"
8532,4633,4633,1,1_hop,table,graph_box,1.0000,17,1,0,2,to the center,512,359,"216.0,175.0,454.0,305.0"
8533,2320720,2320720,1,2_hop,man,graph_box,1.0000,28,1,0,3,to the left,500,333,"61.0,124.0,148.0,300.0"
8534,2320720,2320720,1,and,man,graph_box,1.0000,28,1,0,3,to the left,500,333,"61.0,124.0,148.0,300.0"
8535,2413051,2413051,1,0_hop,toilet seat,graph_box,1.0000,13,1,0,1,to the center,374,500,"1.0,150.0,338.0,438.0"
8536,2416714,2416714,1,1_hop,car,graph_box,1.0000,26,1,0,2,to the center,500,374,"140.0,32.0,378.0,224.0"
8537,2335208,2335208,1,1_hop,shower curtain,graph_box,1.0000,15,1,0,2,to the center,333,500,"144.0,213.0,188.0,348.0"
8538,2388870,2388870,1,0_hop,woman,graph_box,1.0000,12,1,0,1,to the right,375,500,"161.0,124.0,359.0,376.0"
8539,2388873,2388873,1,and,man,graph_box,1.0000,20,1,0,3,to the center,500,333,"214.0,135.0,314.0,314.0"
8540,2388873,2388873,1,and,woman,graph_box,1.0000,20,1,0,3,to the left,500,333,"0.0,49.0,193.0,333.0"
8541,2329566,2329566,2,2_hop,man,graph_box,1.0000,15,2,1,3,to the right,500,333,"356.0,95.0,416.0,330.0"
8542,2329566,2329566,2,1_hop,man,graph_box,1.0000,15,2,1,2,to the right,500,333,"356.0,95.0,416.0,330.0"
8544,2362398,2362398,2,1_hop,woman,graph_box,1.0000,32,2,1,2,to the center,333,500,"119.0,171.0,297.0,486.0"
8545,2329693,2329693,1,2_hop,bus,graph_box,1.0000,8,1,0,3,to the center,500,375,"134.0,28.0,383.0,329.0"
8548,2317561,2317561,1,0_hop,chair,graph_box,1.0000,12,1,0,1,to the center,500,377,"90.0,194.0,340.0,376.0"
8549,2403669,2403669,2,2_hop,book,graph_box,1.0000,19,2,1,3,to the right,375,500,"262.0,318.0,375.0,406.0"
8550,2403669,2403669,2,and,book,graph_box,1.0000,19,2,1,3,to the right,375,500,"262.0,318.0,375.0,406.0"
8551,2403669,2403669,1,0_hop,table,graph_box,1.0000,19,1,0,1,to the center,375,500,"59.0,242.0,301.0,446.0"
8552,2403669,2403669,1,2_hop,chair,graph_box,1.0000,19,1,0,3,to the right,375,500,"245.0,158.0,372.0,306.0"
8553,2403669,2403669,2,0_hop,pillow,graph_box,1.0000,19,3,2,1,to the left,375,500,"4.0,178.0,97.0,258.0"
8555,2403669,2403669,2,1_hop,pillow,graph_box,1.0000,19,3,2,2,to the left,375,500,"4.0,178.0,97.0,258.0"
8556,2403669,2403669,2,0_hop,pillow,graph_box,1.0000,19,3,2,1,to the left,375,500,"75.0,148.0,148.0,230.0"
8557,2388658,2388658,1,0_hop,bag,graph_box,1.0000,22,1,0,1,to the right,500,375,"311.0,164.0,453.0,256.0"
8558,2388658,2388658,1,1_hop,lettuce,graph_box,1.0000,22,1,0,2,to the right,500,375,"332.0,85.0,482.0,199.0"
8559,2388658,2388658,1,0_hop,table,graph_box,1.0000,22,1,0,1,to the center,500,375,"0.0,142.0,478.0,374.0"
8560,2388658,2388658,1,1_hop,table,graph_box,1.0000,22,1,0,2,to the center,500,375,"0.0,142.0,478.0,374.0"
8565,1776,1776,2,0_hop,car,graph_box,1.0000,20,3,2,1,to the right,800,600,"503.0,289.0,747.0,393.0"
8566,1776,1776,2,0_hop,car,graph_box,1.0000,20,3,2,1,to the center,800,600,"130.0,289.0,471.0,418.0"
8570,1771,1771,2,1_hop,car,graph_box,1.0000,19,2,1,2,to the left,800,600,"121.0,258.0,398.0,378.0"
8571,2326760,2326760,1,0_hop,lamp,objects_id_first,0.2947,26,1,0,1,to the left,500,332,"49.0,134.0,116.0,198.0"
8572,2326760,2326760,1,and,lamp,graph_box,1.0000,26,1,0,3,to the left,500,332,"51.0,134.0,122.0,331.0"
8573,2326760,2326760,1,0_hop,table,graph_box,1.0000,26,1,0,1,to the left,500,332,"77.0,278.0,161.0,332.0"
8574,2326760,2326760,1,2_hop,table,graph_box,1.0000,26,1,0,3,to the left,500,332,"77.0,278.0,161.0,332.0"
8575,2326760,2326760,1,and,table,graph_box,1.0000,26,1,0,3,to the left,500,332,"77.0,278.0,161.0,332.0"
8576,2411522,2411522,1,2_hop,cat,graph_box,1.0000,19,1,0,3,to the right,500,375,"273.0,59.0,498.0,312.0"
8577,2411522,2411522,1,0_hop,television,graph_box,1.0000,19,1,0,1,to the left,500,375,"0.0,33.0,154.0,138.0"
8578,2324941,2324941,1,0_hop,boat,graph_box,1.0000,16,1,0,1,to the left,500,333,"49.0,88.0,184.0,278.0"
8579,2355130,2355130,1,2_hop,man,graph_box,1.0000,21,1,0,3,to the center,375,500,"153.0,341.0,210.0,496.0"
8580,2327499,2327499,1,and,chair,graph_box,1.0000,9,1,0,3,to the right,249,500,"148.0,85.0,249.0,470.0"
8581,2327499,2327499,1,2_hop,flower,graph_box,1.0000,9,1,0,3,to the center,249,500,"87.0,172.0,151.0,482.0"
8582,2327499,2327499,1,and,flower,graph_box,1.0000,9,1,0,3,to the center,249,500,"87.0,172.0,151.0,482.0"
8583,2413608,2413608,1,0_hop,table,graph_box,1.0000,16,1,0,1,to the center,500,353,"203.0,205.0,348.0,305.0"
8584,2413608,2413608,1,0_hop,television,graph_box,1.0000,16,1,0,1,to the right,500,353,"290.0,27.0,394.0,102.0"
8585,2394202,2394202,2,2_hop,man,graph_box,1.0000,30,3,2,3,to the left,500,345,"84.0,203.0,144.0,345.0"
8588,2331215,2331215,1,1_hop,bird,graph_box,1.0000,20,1,0,2,to the center,500,375,"8.0,121.0,485.0,358.0"
8589,2345261,2345261,1,2_hop,skateboard,graph_box,1.0000,23,1,0,3,to the center,410,500,"118.0,335.0,302.0,459.0"
8590,2345261,2345261,1,and,skateboard,graph_box,1.0000,23,1,0,3,to the center,410,500,"118.0,335.0,302.0,459.0"
8591,2345261,2345261,1,and,boy,graph_box,1.0000,23,1,0,3,to the center,410,500,"105.0,0.0,302.0,462.0"
8592,2345855,2345855,1,0_hop,towel,graph_box,1.0000,17,1,0,1,to the center,281,500,"100.0,199.0,176.0,275.0"
8593,2345855,2345855,1,and,towel,graph_box,1.0000,17,1,0,3,to the center,281,500,"100.0,199.0,176.0,275.0"
8594,2397573,2397573,2,2_hop,towel,graph_box,1.0000,12,2,1,3,to the right,500,375,"305.0,291.0,367.0,374.0"
8595,2397573,2397573,2,1_hop,towel,graph_box,1.0000,12,2,1,2,to the right,500,375,"305.0,291.0,367.0,374.0"
8596,2397573,2397573,1,0_hop,table,graph_box,1.0000,12,1,0,1,to the left,500,375,"115.0,237.0,198.0,308.0"
8597,2397573,2397573,1,1_hop,table,graph_box,1.0000,12,1,0,2,to the left,500,375,"115.0,237.0,198.0,308.0"
8598,2321647,2321647,2,2_hop,girl,graph_box,1.0000,37,1,0,3,to the center,329,500,"111.0,85.0,219.0,474.0"
8599,2321647,2321647,2,and,girl,graph_box,1.0000,37,1,0,3,to the center,329,500,"111.0,85.0,219.0,474.0"
8600,2383089,2383089,1,0_hop,toilet seat,graph_box,1.0000,16,1,0,1,to the left,375,500,"82.0,308.0,136.0,429.0"
8601,2383089,2383089,1,2_hop,toilet seat,graph_box,1.0000,16,1,0,3,to the left,375,500,"82.0,308.0,136.0,429.0"
8602,2338030,2338030,2,1_hop,woman,graph_box,1.0000,23,3,2,2,to the center,500,332,"134.0,154.0,346.0,307.0"
8603,2338030,2338030,3,1_hop,woman,graph_box,1.0000,23,3,2,2,to the center,500,332,"134.0,154.0,346.0,307.0"
8604,2338030,2338030,3,1_hop,woman,graph_box,1.0000,23,3,2,2,to the right,500,332,"338.0,149.0,436.0,279.0"
8607,2387624,2387624,1,1_hop,boat,graph_box,1.0000,8,1,0,2,to the center,500,250,"272.0,88.0,332.0,152.0"
8608,2333840,2333840,1,2_hop,table,graph_box,1.0000,17,1,0,3,to the center,500,375,"174.0,295.0,412.0,373.0"
8611,2355636,2355636,1,and,bus,graph_box,1.0000,30,1,0,3,to the center,500,375,"124.0,120.0,364.0,250.0"
8612,285765,285765,1,0_hop,bus,graph_box,1.0000,26,1,0,1,to the center,1024,639,"143.0,82.0,964.0,538.0"
8613,285765,285765,1,2_hop,bus,graph_box,1.0000,26,1,0,3,to the center,1024,639,"143.0,82.0,964.0,538.0"
8614,2395783,2395783,1,and,horse,graph_box,1.0000,11,1,0,3,to the center,500,375,"163.0,93.0,273.0,218.0"
8615,2362041,2362041,1,2_hop,bus,graph_box,1.0000,24,1,0,3,to the center,500,333,"173.0,135.0,367.0,247.0"
8616,2362041,2362041,1,and,bus,graph_box,1.0000,24,1,0,3,to the center,500,333,"173.0,135.0,367.0,247.0"
8617,2402921,2402921,1,0_hop,street light,graph_box,1.0000,12,1,0,1,to the center,375,500,"135.0,28.0,285.0,398.0"
8619,2385668,2385668,2,2_hop,giraffe,graph_box,1.0000,22,2,1,3,to the center,500,333,"242.0,57.0,420.0,318.0"
8621,2385668,2385668,3,2_hop,giraffe,graph_box,1.0000,22,2,1,3,to the center,500,333,"242.0,57.0,420.0,318.0"
8622,2385668,2385668,2,2_hop,giraffe,graph_box,1.0000,22,2,1,3,to the left,500,333,"22.0,58.0,242.0,322.0"
8624,2403341,2403341,1,and,dog,graph_box,1.0000,16,1,0,3,to the left,400,300,"56.0,171.0,124.0,217.0"
8625,2381632,2381632,1,0_hop,surfboard,graph_box,1.0000,7,1,0,1,to the center,500,375,"45.0,289.0,358.0,353.0"
8626,2381632,2381632,1,1_hop,surfboard,graph_box,1.0000,7,1,0,2,to the center,500,375,"45.0,289.0,358.0,353.0"
8627,2412075,2412075,2,2_hop,pillow,graph_box,1.0000,18,2,1,3,to the center,500,333,"250.0,91.0,400.0,235.0"
8628,2412075,2412075,2,1_hop,pillow,graph_box,1.0000,18,2,1,2,to the center,500,333,"250.0,91.0,400.0,235.0"
8629,2412075,2412075,2,2_hop,pillow,graph_box,1.0000,18,2,1,3,to the center,500,333,"117.0,157.0,216.0,211.0"
8630,2412075,2412075,2,1_hop,pillow,graph_box,1.0000,18,2,1,2,to the center,500,333,"117.0,157.0,216.0,211.0"
8632,150356,150356,1,2_hop,bus,graph_box,1.0000,29,1,0,3,to the left,1024,576,"200.0,90.0,450.0,353.0"
8633,2349976,2349976,2,1_hop,man,graph_box,1.0000,20,1,0,2,to the left,500,400,"12.0,85.0,145.0,385.0"
8635,2387037,2387037,1,0_hop,man,graph_box,1.0000,24,1,0,1,to the center,500,438,"47.0,3.0,441.0,438.0"
8636,2387037,2387037,1,2_hop,man,graph_box,1.0000,24,1,0,3,to the center,500,438,"47.0,3.0,441.0,438.0"
8637,2387037,2387037,1,1_hop,man,graph_box,1.0000,24,1,0,2,to the center,500,438,"47.0,3.0,441.0,438.0"
8638,2334716,2334716,1,0_hop,pole,graph_box,1.0000,21,1,0,1,to the center,500,331,"173.0,132.0,256.0,228.0"
8642,2410223,2410223,2,2_hop,giraffe,graph_box,1.0000,25,3,2,3,to the right,500,333,"319.0,108.0,453.0,325.0"
8643,2410223,2410223,2,1_hop,giraffe,graph_box,1.0000,25,3,2,2,to the right,500,333,"319.0,108.0,453.0,325.0"
8644,2380609,2380609,2,0_hop,player,graph_box,1.0000,21,2,1,1,to the center,500,388,"155.0,238.0,280.0,310.0"
8645,2339022,2339022,1,0_hop,pole,graph_box,1.0000,29,1,0,1,to the center,500,333,"183.0,0.0,204.0,257.0"
8646,2339022,2339022,1,2_hop,pole,graph_box,1.0000,29,1,0,3,to the center,500,333,"183.0,0.0,204.0,257.0"
8647,2339022,2339022,2,2_hop,man,graph_box,1.0000,29,3,2,3,to the center,500,333,"291.0,156.0,354.0,237.0"
8648,2339022,2339022,2,1_hop,man,graph_box,1.0000,29,3,2,2,to the center,500,333,"291.0,156.0,354.0,237.0"
8649,2387101,2387101,1,0_hop,shower curtain,graph_box,1.0000,24,1,0,1,to the left,333,500,"25.0,38.0,109.0,392.0"
8650,2381948,2381948,1,0_hop,bus,graph_box,1.0000,15,1,0,1,to the center,500,375,"137.0,40.0,443.0,307.0"
8651,2381948,2381948,1,2_hop,bus,graph_box,1.0000,15,1,0,3,to the center,500,375,"137.0,40.0,443.0,307.0"
8654,2412855,2412855,2,2_hop,paper,graph_box,1.0000,12,2,1,3,to the left,375,500,"20.0,292.0,75.0,402.0"
8656,2359380,2359380,1,0_hop,van,graph_box,1.0000,18,1,0,1,to the left,375,500,"1.0,343.0,147.0,473.0"
8657,2359380,2359380,1,1_hop,van,graph_box,1.0000,18,1,0,2,to the left,375,500,"1.0,343.0,147.0,473.0"
8660,2359380,2359380,3,2_hop,sign,graph_box,1.0000,18,2,1,3,to the right,375,500,"216.0,414.0,322.0,471.0"
8664,2400734,2400734,1,2_hop,lamp,graph_box,1.0000,26,1,0,3,to the left,329,500,"36.0,299.0,91.0,499.0"
8665,2363072,2363072,1,0_hop,drawing,graph_box,1.0000,19,1,0,1,to the left,278,500,"51.0,156.0,113.0,218.0"
8666,2363072,2363072,1,2_hop,drawing,graph_box,1.0000,19,1,0,3,to the left,278,500,"51.0,156.0,113.0,218.0"
8667,2363072,2363072,1,and,drawing,graph_box,1.0000,19,1,0,3,to the left,278,500,"51.0,156.0,113.0,218.0"
8668,2404342,2404342,1,0_hop,train,graph_box,1.0000,19,1,0,1,to the right,500,375,"226.0,113.0,447.0,298.0"
8669,2404342,2404342,1,and,pole,graph_box,1.0000,19,1,0,3,to the left,500,375,"88.0,1.0,106.0,266.0"
8671,2403427,2403427,2,1_hop,cow,graph_box,1.0000,19,2,1,2,to the center,500,332,"25.0,33.0,499.0,330.0"
8672,2357214,2357214,1,0_hop,pole,graph_box,1.0000,6,1,0,1,to the center,500,375,"301.0,248.0,362.0,375.0"
8677,2391908,2391908,1,2_hop,trash can,graph_box,1.0000,17,1,0,3,to the right,375,500,"264.0,360.0,334.0,448.0"
8678,2391908,2391908,1,1_hop,trash can,graph_box,1.0000,17,1,0,2,to the right,375,500,"264.0,360.0,334.0,448.0"
8679,2391908,2391908,1,0_hop,clock,graph_box,1.0000,17,1,0,1,to the center,375,500,"152.0,108.0,221.0,202.0"
8680,2391908,2391908,1,2_hop,clock,graph_box,1.0000,17,1,0,3,to the center,375,500,"152.0,108.0,221.0,202.0"
8681,2391908,2391908,1,1_hop,clock,graph_box,1.0000,17,1,0,2,to the center,375,500,"152.0,108.0,221.0,202.0"
8682,2391908,2391908,2,1_hop,street light,graph_box,1.0000,17,2,1,2,to the right,375,500,"258.0,13.0,311.0,468.0"
8684,2391908,2391908,1,1_hop,jeep,graph_box,1.0000,17,1,0,2,to the right,375,500,"290.0,290.0,374.0,353.0"
8685,2367178,2367178,1,and,sign,graph_box,1.0000,14,1,0,3,to the center,500,333,"148.0,140.0,371.0,216.0"
8686,2354154,2354154,1,2_hop,cake,graph_box,1.0000,27,1,0,3,to the center,500,375,"3.0,275.0,358.0,374.0"
8687,2354154,2354154,2,2_hop,boy,graph_box,1.0000,27,2,1,3,to the left,500,375,"36.0,18.0,179.0,308.0"
8688,2354154,2354154,2,and,boy,graph_box,1.0000,27,2,1,3,to the left,500,375,"36.0,18.0,179.0,308.0"
8690,2388260,2388260,1,0_hop,man,graph_box,1.0000,15,1,0,1,to the center,500,334,"118.0,7.0,293.0,332.0"
8691,2388260,2388260,1,2_hop,man,graph_box,1.0000,15,1,0,3,to the center,500,334,"118.0,7.0,293.0,332.0"
8692,2345482,2345482,1,1_hop,bus,graph_box,1.0000,44,1,0,2,to the center,500,375,"30.0,111.0,482.0,321.0"
8693,2371822,2371822,1,2_hop,boy,graph_box,1.0000,21,1,0,3,to the center,500,375,"153.0,77.0,329.0,375.0"
8694,2371822,2371822,1,and,boy,graph_box,1.0000,21,1,0,3,to the center,500,375,"153.0,77.0,329.0,375.0"
8695,2412745,2412745,1,2_hop,bike,graph_box,1.0000,22,1,0,3,to the center,500,311,"163.0,260.0,274.0,308.0"
8696,2412745,2412745,1,and,bike,graph_box,1.0000,22,1,0,3,to the center,500,311,"163.0,260.0,274.0,308.0"
8697,2412745,2412745,2,2_hop,car,graph_box,1.0000,22,2,1,3,to the right,500,311,"313.0,230.0,479.0,304.0"
8699,2325945,2325945,1,2_hop,surfer,graph_box,1.0000,6,1,0,3,to the left,500,375,"1.0,156.0,162.0,228.0"
8700,2325945,2325945,1,0_hop,surfboard,graph_box,1.0000,6,1,0,1,to the center,500,375,"114.0,212.0,284.0,240.0"
8701,2325945,2325945,1,2_hop,surfboard,graph_box,1.0000,6,1,0,3,to the center,500,375,"114.0,212.0,284.0,240.0"
8702,2325945,2325945,1,and,surfboard,graph_box,1.0000,6,1,0,3,to the center,500,375,"114.0,212.0,284.0,240.0"
8703,2413626,2413626,1,0_hop,cat,graph_box,1.0000,17,1,0,1,to the center,375,500,"5.0,39.0,309.0,448.0"
8704,2413626,2413626,1,1_hop,cat,graph_box,1.0000,17,1,0,2,to the center,375,500,"5.0,39.0,309.0,448.0"
8705,2324093,2324093,1,0_hop,television,graph_box,1.0000,20,1,0,1,to the left,500,333,"71.0,136.0,254.0,282.0"
8706,2359402,2359402,1,2_hop,pole,graph_box,1.0000,26,1,0,3,to the left,333,500,"11.0,3.0,48.0,376.0"
8709,2397884,2397884,1,and,train,graph_box,1.0000,15,1,0,3,to the center,500,331,"156.0,185.0,342.0,252.0"
8710,2379799,2379799,1,1_hop,man,graph_box,1.0000,24,1,0,2,to the right,500,374,"344.0,163.0,412.0,372.0"
8712,2361006,2361006,2,1_hop,boy,graph_box,1.0000,33,2,1,2,to the center,500,333,"166.0,119.0,229.0,280.0"
8713,2330419,2330419,2,2_hop,car,graph_box,1.0000,21,2,1,3,to the left,500,333,"58.0,193.0,145.0,274.0"
8714,2330419,2330419,2,and,car,graph_box,1.0000,21,2,1,3,to the left,500,333,"58.0,193.0,145.0,274.0"
8715,2380130,2380130,2,0_hop,car,graph_box,1.0000,21,2,1,1,to the right,375,500,"231.0,370.0,375.0,451.0"
8717,2380130,2380130,2,1_hop,street light,graph_box,1.0000,21,2,1,2,to the center,375,500,"220.0,193.0,257.0,392.0"
8718,2380130,2380130,3,2_hop,street light,graph_box,1.0000,21,2,1,3,to the center,375,500,"220.0,193.0,257.0,392.0"
8719,2380130,2380130,2,1_hop,street light,graph_box,1.0000,21,2,1,2,to the left,375,500,"42.0,115.0,78.0,413.0"
8720,2371990,2371990,1,1_hop,man,graph_box,1.0000,25,1,0,2,to the center,500,334,"255.0,127.0,394.0,329.0"
8721,2348427,2348427,1,0_hop,chair,graph_box,1.0000,35,1,0,1,to the left,500,333,"58.0,230.0,158.0,331.0"
8722,2348427,2348427,3,2_hop,man,graph_box,1.0000,35,3,2,3,to the center,500,333,"129.0,125.0,240.0,330.0"
8723,2352839,2352839,2,0_hop,car,graph_box,1.0000,19,2,1,1,to the center,500,281,"172.0,116.0,347.0,229.0"
8724,2362204,2362204,1,0_hop,bear,graph_box,1.0000,9,1,0,1,to the center,500,400,"147.0,57.0,336.0,375.0"
8725,2362204,2362204,1,and,bear,graph_box,1.0000,9,1,0,3,to the center,500,400,"147.0,57.0,336.0,375.0"
8726,2336817,2336817,1,0_hop,man,graph_box,1.0000,19,1,0,1,to the right,500,375,"299.0,175.0,368.0,324.0"
8727,2317151,2317151,2,0_hop,sign,graph_box,1.0000,12,2,1,1,to the center,333,500,"71.0,35.0,218.0,182.0"
8728,2405250,2405250,2,0_hop,man,graph_box,1.0000,19,1,0,1,to the left,500,375,"143.0,146.0,181.0,332.0"
8729,2405250,2405250,1,2_hop,bus,graph_box,1.0000,19,1,0,3,to the center,500,375,"177.0,4.0,483.0,339.0"
8730,2319267,2319267,1,0_hop,bus,graph_box,1.0000,27,1,0,1,to the center,338,500,"33.0,211.0,225.0,303.0"
8731,2319267,2319267,2,1_hop,bus,graph_box,1.0000,27,1,0,2,to the center,338,500,"33.0,211.0,225.0,303.0"
8732,2332159,2332159,1,2_hop,cyclist,graph_box,1.0000,12,1,0,3,to the left,500,333,"103.0,155.0,171.0,244.0"
8733,2345674,2345674,1,0_hop,towel,graph_box,1.0000,17,1,0,1,to the left,500,375,"49.0,196.0,117.0,325.0"
8734,2352528,2352528,1,0_hop,man,graph_box,1.0000,12,1,0,1,to the left,500,500,"60.0,207.0,216.0,408.0"
8735,2352528,2352528,1,and,man,graph_box,1.0000,12,1,0,3,to the left,500,500,"60.0,207.0,216.0,408.0"
8736,2352528,2352528,1,2_hop,surfboard,graph_box,1.0000,12,1,0,3,to the center,500,500,"213.0,332.0,389.0,406.0"
8737,2352528,2352528,1,1_hop,surfboard,graph_box,1.0000,12,1,0,2,to the center,500,500,"213.0,332.0,389.0,406.0"
8738,2412339,2412339,2,2_hop,stick,graph_box,1.0000,31,3,2,3,to the center,500,313,"86.0,180.0,249.0,284.0"
8739,2412339,2412339,2,and,stick,graph_box,1.0000,31,3,2,3,to the center,500,313,"86.0,180.0,249.0,284.0"
8740,713765,713765,1,0_hop,bus,graph_box,1.0000,29,1,0,1,to the left,1024,768,"24.0,423.0,549.0,601.0"
8741,2324153,2324153,1,and,bus,graph_box,1.0000,10,1,0,3,to the center,500,375,"100.0,125.0,447.0,375.0"
8743,2324153,2324153,2,and,sign,graph_box,1.0000,10,2,1,3,to the center,500,375,"210.0,62.0,375.0,265.0"
8744,2324153,2324153,3,2_hop,sign,graph_box,1.0000,10,2,1,3,to the center,500,375,"210.0,62.0,375.0,265.0"
8745,2402018,2402018,2,0_hop,bench,graph_box,1.0000,20,2,1,1,to the left,500,333,"62.0,174.0,174.0,231.0"
8746,2401298,2401298,1,0_hop,luggage,graph_box,1.0000,13,1,0,1,to the center,500,399,"109.0,13.0,436.0,254.0"
8747,2401298,2401298,1,and,luggage,graph_box,1.0000,13,1,0,3,to the center,500,399,"109.0,13.0,436.0,254.0"
8748,2336262,2336262,1,2_hop,man,graph_box,1.0000,17,1,0,3,to the right,500,332,"311.0,70.0,422.0,176.0"
8749,2336262,2336262,1,and,man,graph_box,1.0000,17,1,0,3,to the right,500,332,"311.0,70.0,422.0,176.0"
8751,2392252,2392252,1,0_hop,man,graph_box,1.0000,15,1,0,1,to the center,500,334,"168.0,34.0,270.0,333.0"
8752,2392252,2392252,1,and,man,graph_box,1.0000,15,1,0,3,to the center,500,334,"168.0,34.0,270.0,333.0"
8754,2392252,2392252,2,0_hop,car,graph_box,1.0000,15,4,3,1,to the left,500,334,"0.0,53.0,178.0,122.0"
8755,2392252,2392252,2,0_hop,car,graph_box,1.0000,15,4,3,1,to the center,500,334,"149.0,58.0,362.0,125.0"
8756,2356634,2356634,2,1_hop,man,graph_box,1.0000,22,1,0,2,to the center,500,400,"175.0,209.0,303.0,375.0"
8757,2370550,2370550,1,0_hop,boy,graph_box,1.0000,11,1,0,1,to the center,500,333,"240.0,5.0,386.0,309.0"
8758,2370550,2370550,1,2_hop,boy,graph_box,1.0000,11,1,0,3,to the center,500,333,"240.0,5.0,386.0,309.0"
8759,2370550,2370550,1,and,boy,graph_box,1.0000,11,1,0,3,to the center,500,333,"240.0,5.0,386.0,309.0"
8760,2410200,2410200,1,and,lamp,graph_box,1.0000,13,1,0,3,to the left,500,332,"21.0,167.0,188.0,331.0"
8761,2346426,2346426,1,2_hop,table,graph_box,1.0000,18,1,0,3,to the center,500,220,"177.0,138.0,305.0,220.0"
8762,2346426,2346426,1,and,table,graph_box,1.0000,18,1,0,3,to the center,500,220,"177.0,138.0,305.0,220.0"
8763,2358298,2358298,1,0_hop,scissors,graph_box,1.0000,10,1,0,1,to the center,375,500,"129.0,32.0,191.0,132.0"
8765,2379388,2379388,1,0_hop,bench,graph_box,1.0000,10,1,0,1,to the center,500,333,"158.0,255.0,296.0,323.0"
8766,2399660,2399660,1,0_hop,sign,graph_box,1.0000,11,1,0,1,to the center,375,500,"50.0,83.0,375.0,416.0"
8767,2399660,2399660,1,1_hop,sign,graph_box,1.0000,11,1,0,2,to the center,375,500,"50.0,83.0,375.0,416.0"
8769,2383313,2383313,1,0_hop,bag,graph_box,1.0000,18,1,0,1,to the center,500,375,"279.0,273.0,355.0,360.0"
8770,2383313,2383313,1,2_hop,bag,graph_box,1.0000,18,1,0,3,to the center,500,375,"279.0,273.0,355.0,360.0"
8771,2324983,2324983,1,0_hop,stick,graph_box,1.0000,23,1,0,1,to the center,333,500,"90.0,113.0,287.0,140.0"
8772,2345247,2345247,1,0_hop,bag,graph_box,1.0000,19,1,0,1,to the right,500,375,"331.0,120.0,499.0,362.0"
8773,2349540,2349540,2,1_hop,boat,graph_box,1.0000,43,7,6,2,to the right,500,288,"312.0,161.0,436.0,222.0"
8775,2376400,2376400,1,1_hop,tissue,graph_box,1.0000,22,1,0,2,to the center,500,333,"112.0,127.0,451.0,251.0"
8776,2376400,2376400,1,and,bench,graph_box,1.0000,22,1,0,3,to the left,500,333,"19.0,84.0,307.0,151.0"
8777,2376400,2376400,1,2_hop,pizza,graph_box,1.0000,22,1,0,3,to the center,500,333,"61.0,141.0,387.0,281.0"
8778,2376400,2376400,1,and,pizza,graph_box,1.0000,22,1,0,3,to the center,500,333,"61.0,141.0,387.0,281.0"
8779,2376400,2376400,1,0_hop,cup,graph_box,1.0000,22,1,0,1,to the right,500,333,"298.0,39.0,388.0,158.0"
8780,2376400,2376400,1,2_hop,cup,graph_box,1.0000,22,1,0,3,to the right,500,333,"298.0,39.0,388.0,158.0"
8781,2376400,2376400,1,and,woman,graph_box,1.0000,22,1,0,3,to the right,500,333,"355.0,3.0,416.0,157.0"
8782,2376400,2376400,1,0_hop,paper,graph_box,1.0000,22,1,0,1,to the center,500,333,"59.0,133.0,451.0,271.0"
8783,2405925,2405925,1,0_hop,sofa,graph_box,1.0000,28,1,0,1,to the center,500,375,"0.0,178.0,370.0,368.0"
8784,2405925,2405925,1,1_hop,sofa,graph_box,1.0000,28,1,0,2,to the center,500,375,"0.0,178.0,370.0,368.0"
8785,2405925,2405925,2,2_hop,chair,graph_box,1.0000,28,3,2,3,to the right,500,375,"337.0,253.0,456.0,375.0"
8788,1160078,1160078,1,and,blanket,graph_box,1.0000,18,1,0,3,to the center,1024,671,"94.0,349.0,730.0,656.0"
8789,2334759,2334759,1,1_hop,truck,graph_box,1.0000,24,1,0,2,to the left,500,375,"26.0,138.0,190.0,259.0"
8794,2354285,2354285,2,2_hop,dog,graph_box,1.0000,18,2,1,3,to the center,500,281,"219.0,104.0,290.0,266.0"
8796,2354285,2354285,1,2_hop,woman,graph_box,1.0000,18,1,0,3,to the center,500,281,"70.0,0.0,332.0,277.0"
8797,2354285,2354285,1,and,woman,graph_box,1.0000,18,1,0,3,to the center,500,281,"70.0,0.0,332.0,277.0"
8798,2411367,2411367,2,1_hop,car,graph_box,1.0000,10,2,1,2,to the left,500,333,"54.0,8.0,246.0,82.0"
8799,2357735,2357735,2,2_hop,boy,graph_box,1.0000,25,2,1,3,to the left,415,500,"27.0,145.0,172.0,401.0"
8800,2357735,2357735,2,and,boy,graph_box,1.0000,25,2,1,3,to the left,415,500,"27.0,145.0,172.0,401.0"
8801,2357735,2357735,2,2_hop,boy,graph_box,1.0000,25,2,1,3,to the right,415,500,"265.0,70.0,375.0,290.0"
8802,2357735,2357735,2,and,boy,graph_box,1.0000,25,2,1,3,to the right,415,500,"265.0,70.0,375.0,290.0"
8803,2357735,2357735,1,0_hop,table,graph_box,1.0000,25,1,0,1,to the center,415,500,"154.0,233.0,390.0,400.0"
8804,2357735,2357735,1,0_hop,plant,graph_box,1.0000,25,1,0,1,to the right,415,500,"197.0,27.0,363.0,105.0"
8805,2357735,2357735,1,1_hop,plant,graph_box,1.0000,25,1,0,2,to the right,415,500,"197.0,27.0,363.0,105.0"
8806,2414784,2414784,1,0_hop,cat,graph_box,1.0000,8,1,0,1,to the right,375,500,"153.0,49.0,374.0,500.0"
8807,2414784,2414784,1,1_hop,cat,graph_box,1.0000,8,1,0,2,to the right,375,500,"153.0,49.0,374.0,500.0"
8808,2412554,2412554,2,0_hop,man,graph_box,1.0000,44,2,1,1,to the right,500,335,"231.0,148.0,456.0,331.0"
8809,2412554,2412554,2,2_hop,man,graph_box,1.0000,44,2,1,3,to the right,500,335,"231.0,148.0,456.0,331.0"
8810,2412554,2412554,2,and,man,graph_box,1.0000,44,2,1,3,to the right,500,335,"231.0,148.0,456.0,331.0"
8811,2412554,2412554,3,2_hop,man,graph_box,1.0000,44,2,1,3,to the right,500,335,"231.0,148.0,456.0,331.0"
8812,2412554,2412554,2,2_hop,woman,graph_box,1.0000,44,2,1,3,to the center,500,335,"170.0,141.0,295.0,334.0"
8813,2412554,2412554,2,1_hop,woman,graph_box,1.0000,44,2,1,2,to the center,500,335,"170.0,141.0,295.0,334.0"
8814,2412053,2412053,3,2_hop,woman,graph_box,1.0000,31,2,1,3,to the right,500,376,"358.0,171.0,478.0,337.0"
8816,2412053,2412053,3,2_hop,woman,graph_box,1.0000,31,2,1,3,to the center,500,376,"122.0,147.0,262.0,284.0"
8817,2412053,2412053,2,1_hop,man,graph_box,1.0000,31,2,1,2,to the center,500,376,"257.0,163.0,349.0,299.0"
8818,2376437,2376437,1,0_hop,window frame,graph_box,1.0000,14,1,0,1,to the center,375,500,"93.0,100.0,218.0,289.0"
8819,2376437,2376437,1,1_hop,window frame,graph_box,1.0000,14,1,0,2,to the center,375,500,"93.0,100.0,218.0,289.0"
8820,2342893,2342893,1,0_hop,elephant,graph_box,1.0000,9,1,0,1,to the left,500,334,"1.0,0.0,269.0,334.0"
8821,2413209,2413209,1,and,girl,objects_id_first,0.3136,29,1,0,3,to the right,500,375,"293.2,109.0,396.1,293.3"
8822,2413209,2413209,1,0_hop,woman,graph_box,1.0000,29,1,0,1,to the right,500,375,"303.0,113.0,377.0,286.0"
8823,2362262,2362262,2,1_hop,dog,graph_box,1.0000,28,2,1,2,to the right,500,400,"321.0,25.0,440.0,278.0"
8824,2362262,2362262,2,1_hop,dog,graph_box,1.0000,28,2,1,2,to the center,500,400,"220.0,89.0,333.0,272.0"
8825,2325359,2325359,2,2_hop,car,graph_box,1.0000,18,3,2,3,to the right,500,333,"307.0,178.0,415.0,223.0"
8826,2325359,2325359,2,1_hop,car,graph_box,1.0000,18,3,2,2,to the right,500,333,"307.0,178.0,415.0,223.0"
8827,2325359,2325359,1,and,bus,graph_box,1.0000,18,1,0,3,to the left,500,333,"77.0,147.0,223.0,226.0"
8828,2385401,2385401,1,and,cow,graph_box,1.0000,12,1,0,3,to the center,300,225,"111.0,98.0,171.0,140.0"
8829,2394408,2394408,2,0_hop,arrow,graph_box,1.0000,17,3,2,1,to the center,440,500,"122.0,9.0,224.0,67.0"
8830,2394744,2394744,1,0_hop,man,graph_box,1.0000,11,1,0,1,to the center,500,333,"108.0,63.0,268.0,238.0"
8831,2345386,2345386,1,2_hop,girl,graph_box,1.0000,15,1,0,3,to the center,500,334,"126.0,122.0,323.0,335.0"
8832,2345386,2345386,1,2_hop,dog,graph_box,1.0000,15,1,0,3,to the right,500,334,"363.0,157.0,432.0,323.0"
8833,2345386,2345386,1,and,dog,graph_box,1.0000,15,1,0,3,to the right,500,334,"363.0,157.0,432.0,323.0"
8836,2378967,2378967,1,0_hop,dog,graph_box,1.0000,11,1,0,1,to the center,500,263,"237.0,124.0,416.0,197.0"
8838,2378967,2378967,1,0_hop,man,graph_box,1.0000,11,1,0,1,to the left,500,263,"61.0,43.0,182.0,214.0"
8839,2378967,2378967,1,2_hop,man,graph_box,1.0000,11,1,0,3,to the left,500,263,"61.0,43.0,182.0,214.0"
8840,2378967,2378967,1,and,man,graph_box,1.0000,11,1,0,3,to the left,500,263,"61.0,43.0,182.0,214.0"
8848,2407279,2407279,1,0_hop,log,graph_box,1.0000,22,1,0,1,to the center,500,333,"53.0,100.0,458.0,332.0"
8849,2407279,2407279,1,1_hop,log,graph_box,1.0000,22,1,0,2,to the center,500,333,"53.0,100.0,458.0,332.0"
8850,2407279,2407279,1,0_hop,bear,graph_box,1.0000,22,1,0,1,to the center,500,333,"210.0,71.0,313.0,231.0"
8851,2407279,2407279,1,2_hop,bear,graph_box,1.0000,22,1,0,3,to the center,500,333,"210.0,71.0,313.0,231.0"
8852,2407279,2407279,1,and,bear,graph_box,1.0000,22,1,0,3,to the center,500,333,"210.0,71.0,313.0,231.0"
8854,2318085,2318085,1,0_hop,skateboard,graph_box,1.0000,27,1,0,1,to the center,500,422,"100.0,291.0,399.0,347.0"
8855,2318085,2318085,1,1_hop,boy,graph_box,1.0000,27,1,0,2,to the center,500,422,"159.0,68.0,353.0,324.0"
8856,2324171,2324171,1,0_hop,bench,graph_box,1.0000,11,1,0,1,to the center,500,500,"139.0,6.0,489.0,416.0"
8857,2324171,2324171,1,1_hop,bench,graph_box,1.0000,11,1,0,2,to the center,500,500,"139.0,6.0,489.0,416.0"
8858,2324176,2324176,2,and,bus,graph_box,1.0000,22,2,1,3,to the center,500,333,"137.0,19.0,458.0,302.0"
8859,2324176,2324176,3,2_hop,bus,graph_box,1.0000,22,2,1,3,to the center,500,333,"137.0,19.0,458.0,302.0"
8860,2336202,2336202,2,2_hop,girl,graph_box,1.0000,22,2,1,3,to the center,500,375,"283.0,157.0,323.0,287.0"
8862,2336202,2336202,2,2_hop,woman,graph_box,1.0000,22,3,2,3,to the right,500,375,"351.0,145.0,418.0,317.0"
8863,2336202,2336202,2,and,woman,graph_box,1.0000,22,3,2,3,to the right,500,375,"351.0,145.0,418.0,317.0"
8865,2407602,2407602,1,0_hop,laptop,graph_box,1.0000,26,1,0,1,to the center,375,500,"102.0,61.0,223.0,216.0"
8866,2378945,2378945,1,0_hop,coffee table,graph_box,1.0000,22,1,0,1,to the center,333,500,"93.0,355.0,188.0,403.0"
8868,22,22,1,1_hop,train,graph_box,1.0000,26,1,0,2,to the left,800,600,"64.0,260.0,411.0,392.0"
8869,22,22,2,2_hop,pole,graph_box,1.0000,26,2,1,3,to the right,800,600,"550.0,0.0,582.0,463.0"
8871,28,28,1,2_hop,table,graph_box,1.0000,25,1,0,3,to the center,800,600,"82.0,456.0,535.0,600.0"
8872,2392802,2392802,1,0_hop,bus,graph_box,1.0000,18,1,0,1,to the center,500,500,"94.0,295.0,307.0,428.0"
8873,2392802,2392802,1,1_hop,bus,graph_box,1.0000,18,1,0,2,to the center,500,500,"94.0,295.0,307.0,428.0"
8874,2402712,2402712,1,0_hop,woman,graph_box,1.0000,12,1,0,1,to the center,500,301,"182.0,142.0,269.0,255.0"
8875,2402712,2402712,1,1_hop,woman,graph_box,1.0000,12,1,0,2,to the center,500,301,"182.0,142.0,269.0,255.0"
8877,2354614,2354614,1,and,bench,graph_box,1.0000,18,1,0,3,to the center,500,428,"149.0,192.0,299.0,262.0"
8878,2354614,2354614,1,1_hop,table,graph_box,1.0000,18,1,0,2,to the center,500,428,"76.0,229.0,399.0,423.0"
8880,2413785,2413785,1,and,cow,graph_box,1.0000,12,1,0,3,to the center,500,363,"206.0,9.0,397.0,255.0"
8885,2406807,2406807,2,2_hop,plant,graph_box,1.0000,28,2,1,3,to the left,500,375,"62.0,3.0,141.0,68.0"
8886,2406807,2406807,2,and,plant,graph_box,1.0000,28,2,1,3,to the left,500,375,"62.0,3.0,141.0,68.0"
8887,2316316,2316316,2,2_hop,man,graph_box,1.0000,19,4,3,3,to the center,500,375,"147.0,135.0,202.0,264.0"
8888,2316316,2316316,2,1_hop,man,graph_box,1.0000,19,4,3,2,to the center,500,375,"147.0,135.0,202.0,264.0"
8896,2399600,2399600,3,1_hop,woman,graph_box,1.0000,25,1,0,2,to the left,500,404,"58.0,113.0,161.0,404.0"
8900,2399600,2399600,2,and,man,graph_box,1.0000,25,2,1,3,to the right,500,404,"385.0,132.0,490.0,308.0"
8901,2399600,2399600,3,1_hop,man,graph_box,1.0000,25,2,1,2,to the right,500,404,"385.0,132.0,490.0,308.0"
8902,2399600,2399600,2,and,man,graph_box,1.0000,25,2,1,3,to the center,500,404,"270.0,101.0,365.0,378.0"
8904,2387492,2387492,1,1_hop,fire hydrant,graph_box,1.0000,22,1,0,2,to the center,500,313,"199.0,178.0,253.0,254.0"
8905,2387492,2387492,1,0_hop,suv,graph_box,1.0000,22,1,0,1,to the center,500,313,"67.0,85.0,356.0,222.0"
8906,2387492,2387492,1,and,suv,graph_box,1.0000,22,1,0,3,to the center,500,313,"67.0,85.0,356.0,222.0"
8907,2387495,2387495,2,1_hop,bike,graph_box,1.0000,16,2,1,2,to the left,500,375,"46.0,176.0,149.0,340.0"
8908,2387495,2387495,2,1_hop,bike,graph_box,1.0000,16,2,1,2,to the right,500,375,"191.0,178.0,489.0,360.0"
8909,2343572,2343572,1,and,train,graph_box,1.0000,22,1,0,3,to the center,500,375,"1.0,186.0,393.0,235.0"
8912,2321034,2321034,1,and,child,graph_box,1.0000,23,1,0,3,to the left,500,375,"64.0,122.0,239.0,328.0"
8914,2408724,2408724,1,1_hop,truck,graph_box,1.0000,18,1,0,2,to the center,500,333,"3.0,88.0,438.0,272.0"
8915,2352909,2352909,1,1_hop,bicycle,graph_box,1.0000,19,1,0,2,to the center,500,375,"33.0,1.0,467.0,336.0"
8916,2352909,2352909,1,0_hop,bus,graph_box,1.0000,19,1,0,1,to the right,500,375,"289.0,40.0,451.0,112.0"
8919,2365689,2365689,2,1_hop,guy,graph_box,1.0000,15,2,1,2,to the right,500,275,"320.0,13.0,383.0,91.0"
8920,2344245,2344245,1,0_hop,surfboard,graph_box,1.0000,15,1,0,1,to the center,375,500,"146.0,16.0,235.0,388.0"
8921,2344245,2344245,1,2_hop,surfboard,graph_box,1.0000,15,1,0,3,to the center,375,500,"146.0,16.0,235.0,388.0"
8922,2344245,2344245,1,0_hop,child,graph_box,1.0000,15,1,0,1,to the center,375,500,"82.0,305.0,185.0,500.0"
8923,2344245,2344245,1,0_hop,woman,graph_box,1.0000,15,1,0,1,to the center,375,500,"111.0,151.0,170.0,292.0"
8924,2344245,2344245,1,0_hop,man,graph_box,1.0000,15,1,0,1,to the right,375,500,"205.0,152.0,297.0,421.0"
8925,2411547,2411547,1,0_hop,boat,graph_box,1.0000,13,1,0,1,to the center,500,333,"241.0,78.0,409.0,143.0"
8926,2411547,2411547,1,and,boat,graph_box,1.0000,13,1,0,3,to the center,500,333,"241.0,78.0,409.0,143.0"
8927,2395605,2395605,1,0_hop,fire hydrant,graph_box,1.0000,23,1,0,1,to the center,500,375,"219.0,160.0,316.0,375.0"
8928,2385163,2385163,2,0_hop,picture,graph_box,1.0000,26,3,2,1,to the right,500,333,"303.0,50.0,394.0,139.0"
8932,2385163,2385163,1,and,woman,graph_box,1.0000,26,1,0,3,to the center,500,333,"210.0,76.0,378.0,333.0"
8933,2385163,2385163,1,2_hop,man,graph_box,1.0000,26,1,0,3,to the center,500,333,"132.0,71.0,257.0,332.0"
8934,2390097,2390097,1,0_hop,man,graph_box,1.0000,16,1,0,1,to the center,475,500,"155.0,55.0,411.0,399.0"
8935,2390097,2390097,1,0_hop,motorcycle,graph_box,1.0000,16,1,0,1,to the right,475,500,"368.0,172.0,461.0,251.0"
8936,2390097,2390097,1,and,motorcycle,graph_box,1.0000,16,1,0,3,to the right,475,500,"368.0,172.0,461.0,251.0"
8937,2380779,2380779,1,2_hop,man,graph_box,1.0000,15,1,0,3,to the center,332,500,"126.0,72.0,201.0,239.0"
8938,2380779,2380779,1,and,man,graph_box,1.0000,15,1,0,3,to the center,332,500,"126.0,72.0,201.0,239.0"
8939,2355196,2355196,1,2_hop,woman,graph_box,1.0000,14,1,0,3,to the right,500,375,"269.0,28.0,497.0,374.0"
8940,2355196,2355196,1,and,woman,graph_box,1.0000,14,1,0,3,to the right,500,375,"269.0,28.0,497.0,374.0"
8941,2355196,2355196,1,0_hop,horse,graph_box,1.0000,14,1,0,1,to the left,500,375,"0.0,26.0,286.0,374.0"
8942,2352278,2352278,1,1_hop,man,graph_box,1.0000,11,1,0,2,to the center,421,500,"148.0,113.0,301.0,424.0"
8947,2341067,2341067,1,2_hop,woman,graph_box,1.0000,27,1,0,3,to the center,500,314,"111.0,161.0,374.0,314.0"
8948,2341067,2341067,2,2_hop,chair,graph_box,1.0000,27,2,1,3,to the center,500,314,"90.0,179.0,257.0,314.0"
8954,2393542,2393542,1,and,train,graph_box,1.0000,17,1,0,3,to the center,500,375,"134.0,174.0,488.0,213.0"
8955,2318148,2318148,2,1_hop,giraffe,graph_box,1.0000,17,2,1,2,to the center,375,500,"58.0,187.0,198.0,377.0"
8957,2359195,2359195,2,2_hop,woman,graph_box,1.0000,26,1,0,3,to the right,333,500,"212.0,83.0,309.0,182.0"
8959,2359195,2359195,1,0_hop,laptop,graph_box,1.0000,26,1,0,1,to the center,333,500,"70.0,311.0,194.0,394.0"
8960,3947,3947,2,2_hop,car,graph_box,1.0000,36,2,1,3,to the left,800,600,"126.0,309.0,271.0,414.0"
8961,3947,3947,2,and,car,graph_box,1.0000,36,2,1,3,to the left,800,600,"126.0,309.0,271.0,414.0"
8962,3947,3947,3,2_hop,car,graph_box,1.0000,36,2,1,3,to the left,800,600,"126.0,309.0,271.0,414.0"
8963,2401550,2401550,1,0_hop,pole,graph_box,1.0000,27,1,0,1,to the right,500,333,"401.0,1.0,434.0,332.0"
8964,2321951,2321951,1,1_hop,animal,graph_box,1.0000,15,1,0,2,to the center,500,335,"146.0,51.0,322.0,278.0"
8967,2334343,2334343,1,0_hop,bus,graph_box,1.0000,31,1,0,1,to the center,500,333,"141.0,121.0,341.0,265.0"
8968,2334343,2334343,1,2_hop,bus,graph_box,1.0000,31,1,0,3,to the center,500,333,"141.0,121.0,341.0,265.0"
8969,2334343,2334343,2,0_hop,car,graph_box,1.0000,31,2,1,1,to the center,500,333,"47.0,199.0,299.0,301.0"
8970,2334343,2334343,2,2_hop,car,graph_box,1.0000,31,2,1,3,to the center,500,333,"47.0,199.0,299.0,301.0"
8971,2334343,2334343,2,and,car,graph_box,1.0000,31,2,1,3,to the center,500,333,"47.0,199.0,299.0,301.0"
8972,2383145,2383145,2,2_hop,surfboard,graph_box,1.0000,21,1,0,3,to the left,333,500,"5.0,77.0,121.0,447.0"
8973,2383145,2383145,1,and,man,objects_id_first,0.4297,21,1,0,3,to the right,333,500,"157.0,164.0,230.0,443.0"
8974,2383145,2383145,1,2_hop,woman,graph_box,1.0000,21,1,0,3,to the left,333,500,"7.0,211.0,125.0,454.0"
8975,3271,3271,1,2_hop,car,graph_box,1.0000,15,1,0,3,to the left,800,600,"34.0,308.0,307.0,431.0"
8977,2375481,2375481,1,1_hop,soap dispenser,graph_box,1.0000,21,1,0,2,to the right,500,375,"354.0,2.0,439.0,155.0"
8978,2328080,2328080,1,2_hop,bird,graph_box,1.0000,21,1,0,3,to the center,500,282,"112.0,70.0,284.0,161.0"
8979,2328080,2328080,1,1_hop,bird,graph_box,1.0000,21,1,0,2,to the center,500,282,"112.0,70.0,284.0,161.0"
8982,2325016,2325016,1,0_hop,pizza,graph_box,1.0000,19,1,0,1,to the center,500,375,"138.0,212.0,313.0,349.0"
8984,2364563,2364563,1,and,woman,graph_box,1.0000,22,1,0,3,to the center,500,332,"107.0,102.0,261.0,329.0"
8985,2364563,2364563,1,and,man,graph_box,1.0000,22,1,0,3,to the right,500,332,"222.0,61.0,489.0,330.0"
8986,2365744,2365744,2,1_hop,candle holder,graph_box,1.0000,11,2,1,2,to the left,500,373,"41.0,138.0,98.0,281.0"
8987,2365744,2365744,2,1_hop,candle holder,graph_box,1.0000,11,2,1,2,to the right,500,373,"348.0,120.0,411.0,273.0"
8990,2374257,2374257,1,0_hop,vehicle,graph_box,1.0000,23,1,0,1,to the right,375,500,"233.0,322.0,337.0,462.0"
8991,2374257,2374257,1,2_hop,vehicle,graph_box,1.0000,23,1,0,3,to the right,375,500,"233.0,322.0,337.0,462.0"
8992,2374257,2374257,1,and,vehicle,graph_box,1.0000,23,1,0,3,to the right,375,500,"233.0,322.0,337.0,462.0"
8996,2405711,2405711,1,1_hop,boy,graph_box,1.0000,20,1,0,2,to the center,332,500,"134.0,211.0,198.0,419.0"
8997,2394467,2394467,1,2_hop,bottle,graph_box,1.0000,22,1,0,3,to the center,500,302,"176.0,69.0,221.0,166.0"
8998,2394467,2394467,1,1_hop,bottle,graph_box,1.0000,22,1,0,2,to the center,500,302,"176.0,69.0,221.0,166.0"
8999,2394467,2394467,1,0_hop,bench,graph_box,1.0000,22,1,0,1,to the center,500,302,"3.0,27.0,493.0,301.0"
9000,2394467,2394467,1,and,bench,graph_box,1.0000,22,1,0,3,to the center,500,302,"3.0,27.0,493.0,301.0"
9003,2411932,2411932,2,2_hop,laptop,graph_box,1.0000,20,2,1,3,to the right,500,375,"257.0,158.0,498.0,295.0"
9004,2411932,2411932,2,and,laptop,graph_box,1.0000,20,2,1,3,to the right,500,375,"257.0,158.0,498.0,295.0"
9005,2411932,2411932,2,2_hop,laptop,graph_box,1.0000,20,2,1,3,to the left,500,375,"0.0,156.0,165.0,317.0"
9006,2411932,2411932,2,and,laptop,graph_box,1.0000,20,2,1,3,to the left,500,375,"0.0,156.0,165.0,317.0"
9007,2363398,2363398,1,1_hop,man,graph_box,1.0000,30,1,0,2,to the center,500,375,"226.0,188.0,289.0,340.0"
9008,2412014,2412014,2,2_hop,man,graph_box,1.0000,22,2,1,3,to the center,500,397,"205.0,45.0,356.0,269.0"
9010,2412014,2412014,1,0_hop,table,graph_box,1.0000,22,1,0,1,to the center,500,397,"67.0,268.0,306.0,385.0"
9011,2412014,2412014,1,2_hop,table,graph_box,1.0000,22,1,0,3,to the center,500,397,"67.0,268.0,306.0,385.0"
9014,2383963,2383963,1,and,man,graph_box,1.0000,14,1,0,3,to the left,500,375,"128.0,137.0,196.0,305.0"
9016,2351860,2351860,1,and,truck,graph_box,1.0000,18,1,0,3,to the left,500,375,"91.0,60.0,195.0,110.0"
9018,2351860,2351860,2,2_hop,car,graph_box,1.0000,18,2,1,3,to the center,500,375,"171.0,65.0,467.0,268.0"
9019,2351860,2351860,2,and,car,graph_box,1.0000,18,2,1,3,to the center,500,375,"171.0,65.0,467.0,268.0"
9021,2375250,2375250,2,2_hop,post,graph_box,1.0000,29,2,1,3,to the right,281,500,"227.0,110.0,241.0,450.0"
9022,2375250,2375250,2,and,post,graph_box,1.0000,29,2,1,3,to the right,281,500,"227.0,110.0,241.0,450.0"
9028,2344047,2344047,1,0_hop,microwave,graph_box,1.0000,12,1,0,1,to the center,500,375,"2.0,56.0,469.0,375.0"
9029,2361187,2361187,1,and,sign,graph_box,1.0000,23,1,0,3,to the center,500,457,"272.0,36.0,360.0,141.0"
9030,2343558,2343558,2,2_hop,woman,graph_box,1.0000,20,1,0,3,to the right,333,500,"228.0,158.0,296.0,226.0"
9032,2343558,2343558,1,and,man,graph_box,1.0000,20,1,0,3,to the center,333,500,"14.0,59.0,249.0,431.0"
9033,2365517,2365517,1,0_hop,dog,graph_box,1.0000,18,1,0,1,to the center,500,288,"178.0,149.0,261.0,233.0"
9034,2365515,2365515,1,2_hop,chair,graph_box,1.0000,25,1,0,3,to the right,500,375,"284.0,164.0,386.0,272.0"
9035,2365515,2365515,1,and,chair,graph_box,1.0000,25,1,0,3,to the right,500,375,"284.0,164.0,386.0,272.0"
9036,2365515,2365515,1,2_hop,sofa,objects_id_first,0.2807,25,1,0,3,to the left,500,375,"15.0,183.0,263.0,364.0"
9037,2395250,2395250,1,0_hop,surfboard,graph_box,1.0000,9,1,0,1,to the center,411,500,"97.0,205.0,225.0,256.0"
9038,2340459,2340459,1,and,girl,graph_box,1.0000,14,1,0,3,to the right,375,500,"240.0,17.0,375.0,356.0"
9039,2340459,2340459,1,0_hop,kite,graph_box,1.0000,14,1,0,1,to the center,375,500,"0.0,140.0,375.0,499.0"
9040,2340459,2340459,1,2_hop,man,graph_box,1.0000,14,1,0,3,to the left,375,500,"8.0,0.0,194.0,498.0"
9041,2334489,2334489,1,0_hop,surfboard,graph_box,1.0000,5,1,0,1,to the center,333,500,"4.0,195.0,297.0,423.0"
9042,2334489,2334489,1,and,surfboard,graph_box,1.0000,5,1,0,3,to the center,333,500,"4.0,195.0,297.0,423.0"
9047,2400287,2400287,1,and,man,graph_box,1.0000,34,1,0,3,to the left,500,333,"27.0,0.0,234.0,332.0"
9048,2400287,2400287,1,0_hop,bike,graph_box,1.0000,34,1,0,1,to the center,500,333,"1.0,139.0,377.0,333.0"
9049,2380325,2380325,1,0_hop,sign,graph_box,1.0000,15,1,0,1,to the center,500,375,"139.0,91.0,396.0,244.0"
9050,2380325,2380325,1,and,sign,graph_box,1.0000,15,1,0,3,to the center,500,375,"139.0,91.0,396.0,244.0"
9051,2407394,2407394,1,0_hop,surfer,graph_box,1.0000,13,1,0,1,to the center,500,339,"174.0,128.0,221.0,280.0"
9052,2407394,2407394,1,and,surfer,graph_box,1.0000,13,1,0,3,to the center,500,339,"174.0,128.0,221.0,280.0"
9053,2407394,2407394,1,0_hop,surfboard,graph_box,1.0000,13,1,0,1,to the center,500,339,"149.0,167.0,284.0,251.0"
9054,2385218,2385218,1,0_hop,cart,graph_box,1.0000,23,1,0,1,to the right,500,375,"249.0,194.0,448.0,313.0"
9055,2385218,2385218,1,2_hop,cart,graph_box,1.0000,23,1,0,3,to the right,500,375,"249.0,194.0,448.0,313.0"
9056,2385218,2385218,1,1_hop,cart,graph_box,1.0000,23,1,0,2,to the right,500,375,"249.0,194.0,448.0,313.0"
9059,2403228,2403228,1,and,man,graph_box,1.0000,7,1,0,3,to the center,500,333,"125.0,90.0,253.0,221.0"
9060,2403228,2403228,1,2_hop,surfboard,graph_box,1.0000,7,1,0,3,to the center,500,333,"234.0,152.0,414.0,226.0"
9061,2403228,2403228,1,1_hop,surfboard,graph_box,1.0000,7,1,0,2,to the center,500,333,"234.0,152.0,414.0,226.0"
9062,2402286,2402286,1,1_hop,dog,graph_box,1.0000,17,1,0,2,to the center,500,332,"213.0,106.0,295.0,171.0"
9063,2346673,2346673,1,0_hop,chair,graph_box,1.0000,18,1,0,1,to the center,500,480,"202.0,266.0,288.0,382.0"
9064,2351458,2351458,1,1_hop,horse,graph_box,1.0000,11,1,0,2,to the center,500,500,"201.0,168.0,398.0,339.0"
9065,2326327,2326327,2,2_hop,boy,graph_box,1.0000,40,2,1,3,to the center,330,500,"147.0,174.0,188.0,329.0"
9067,61562,61562,1,0_hop,blanket,graph_box,1.0000,15,1,0,1,to the center,1024,612,"254.0,0.0,816.0,367.0"
9068,61562,61562,2,2_hop,chair,graph_box,1.0000,15,2,1,3,to the center,1024,612,"332.0,3.0,756.0,305.0"
9069,61562,61562,2,1_hop,chair,graph_box,1.0000,15,2,1,2,to the center,1024,612,"332.0,3.0,756.0,305.0"
9070,61562,61562,1,and,cat,graph_box,1.0000,15,1,0,3,to the center,1024,612,"406.0,178.0,630.0,608.0"
9071,61562,61562,1,0_hop,table,graph_box,1.0000,15,1,0,1,to the left,1024,612,"2.0,229.0,561.0,611.0"
9072,61562,61562,1,1_hop,table,graph_box,1.0000,15,1,0,2,to the left,1024,612,"2.0,229.0,561.0,611.0"
9073,2371055,2371055,1,and,man,graph_box,1.0000,21,1,0,3,to the center,500,331,"116.0,55.0,219.0,303.0"
9075,498003,498003,1,2_hop,chair,graph_box,1.0000,28,1,0,3,to the left,1024,683,"158.0,272.0,330.0,517.0"
9076,498003,498003,2,2_hop,man,graph_box,1.0000,28,2,1,3,to the center,1024,683,"358.0,193.0,675.0,513.0"
9077,498003,498003,2,and,man,graph_box,1.0000,28,2,1,3,to the center,1024,683,"358.0,193.0,675.0,513.0"
9079,498003,498003,2,and,man,graph_box,1.0000,28,2,1,3,to the left,1024,683,"205.0,78.0,455.0,543.0"
9080,2384663,2384663,2,1_hop,man,graph_box,1.0000,23,2,1,2,to the right,500,347,"388.0,210.0,431.0,320.0"
9082,2413240,2413240,1,0_hop,towel,graph_box,1.0000,14,1,0,1,to the right,500,375,"296.0,177.0,469.0,329.0"
9084,2385910,2385910,2,0_hop,sheep,graph_box,1.0000,21,3,2,1,to the left,500,320,"32.0,187.0,163.0,271.0"
9085,2352092,2352092,1,2_hop,woman,graph_box,1.0000,23,1,0,3,to the center,500,331,"172.0,78.0,269.0,258.0"
9086,2352092,2352092,2,2_hop,man,graph_box,1.0000,23,1,0,3,to the center,500,331,"222.0,92.0,322.0,296.0"
9087,2352092,2352092,2,and,man,graph_box,1.0000,23,1,0,3,to the center,500,331,"222.0,92.0,322.0,296.0"
9089,2368611,2368611,1,2_hop,banana,graph_box,1.0000,17,1,0,3,to the center,375,500,"79.0,307.0,277.0,383.0"
9090,2368611,2368611,1,and,banana,graph_box,1.0000,17,1,0,3,to the center,375,500,"79.0,307.0,277.0,383.0"
9091,2368611,2368611,1,2_hop,cat,graph_box,1.0000,17,1,0,3,to the center,375,500,"69.0,89.0,269.0,389.0"
9092,2322576,2322576,1,1_hop,coffee table,graph_box,1.0000,32,1,0,2,to the center,500,334,"190.0,222.0,289.0,333.0"
9093,2322576,2322576,1,2_hop,sofa,graph_box,1.0000,32,1,0,3,to the right,500,334,"310.0,172.0,500.0,333.0"
9094,1653,1653,2,2_hop,man,graph_box,1.0000,37,2,1,3,to the right,800,600,"566.0,231.0,632.0,417.0"
9096,1653,1653,3,2_hop,man,graph_box,1.0000,37,2,1,3,to the right,800,600,"566.0,231.0,632.0,417.0"
9097,1653,1653,1,0_hop,car,graph_box,1.0000,37,1,0,1,to the center,800,600,"207.0,315.0,516.0,560.0"
9098,1653,1653,1,1_hop,car,graph_box,1.0000,37,1,0,2,to the center,800,600,"207.0,315.0,516.0,560.0"
9099,713705,713705,1,0_hop,suv,graph_box,1.0000,8,1,0,1,to the left,832,1024,"0.0,551.0,227.0,726.0"
9100,2386261,2386261,1,0_hop,tray,graph_box,1.0000,16,1,0,1,to the center,500,333,"211.0,235.0,370.0,281.0"
9101,2386261,2386261,1,1_hop,tray,graph_box,1.0000,16,1,0,2,to the center,500,333,"211.0,235.0,370.0,281.0"
9102,2386261,2386261,1,0_hop,woman,graph_box,1.0000,16,1,0,1,to the left,500,333,"85.0,53.0,213.0,333.0"
9103,2386261,2386261,1,2_hop,woman,graph_box,1.0000,16,1,0,3,to the left,500,333,"85.0,53.0,213.0,333.0"
9104,2386261,2386261,1,and,woman,graph_box,1.0000,16,1,0,3,to the left,500,333,"85.0,53.0,213.0,333.0"
9105,1432,1432,1,1_hop,car,graph_box,1.0000,11,1,0,2,to the center,800,600,"385.0,364.0,664.0,464.0"
9106,2389666,2389666,1,0_hop,surfboard,graph_box,1.0000,15,1,0,1,to the left,500,345,"75.0,142.0,191.0,331.0"
9107,2389666,2389666,1,0_hop,man,graph_box,1.0000,15,1,0,1,to the left,500,345,"64.0,84.0,110.0,279.0"
9108,2389666,2389666,1,1_hop,man,graph_box,1.0000,15,1,0,2,to the left,500,345,"64.0,84.0,110.0,279.0"
9109,2409782,2409782,1,0_hop,cup,graph_box,1.0000,20,1,0,1,to the center,500,340,"196.0,221.0,256.0,292.0"
9110,2409782,2409782,1,and,bucket,graph_box,1.0000,20,1,0,3,to the right,500,340,"305.0,133.0,433.0,280.0"
9112,2409782,2409782,1,and,glass,graph_box,1.0000,20,1,0,3,to the center,500,340,"192.0,218.0,256.0,299.0"
9113,2346199,2346199,1,0_hop,box,graph_box,1.0000,17,1,0,1,to the left,500,336,"105.0,105.0,183.0,162.0"
9114,2346199,2346199,1,2_hop,box,graph_box,1.0000,17,1,0,3,to the left,500,336,"105.0,105.0,183.0,162.0"
9115,2346199,2346199,1,and,box,graph_box,1.0000,17,1,0,3,to the left,500,336,"105.0,105.0,183.0,162.0"
9117,2346199,2346199,1,0_hop,girl,graph_box,1.0000,17,1,0,1,to the center,500,336,"270.0,15.0,375.0,286.0"
9118,2346199,2346199,1,2_hop,girl,graph_box,1.0000,17,1,0,3,to the center,500,336,"270.0,15.0,375.0,286.0"
9120,2382178,2382178,2,0_hop,cow,graph_box,1.0000,18,1,0,1,to the center,500,281,"193.0,90.0,357.0,202.0"
9121,2374983,2374983,1,and,car,graph_box,1.0000,15,1,0,3,to the left,500,375,"2.0,94.0,235.0,339.0"
9122,2374983,2374983,1,and,elephant,graph_box,1.0000,15,1,0,3,to the right,500,375,"242.0,105.0,479.0,255.0"
9124,2374188,2374188,1,1_hop,motorcycle,graph_box,1.0000,17,1,0,2,to the center,500,374,"150.0,54.0,236.0,180.0"
9125,2364911,2364911,1,0_hop,dishwasher,graph_box,1.0000,34,1,0,1,to the right,500,365,"296.0,210.0,382.0,341.0"
9126,2364911,2364911,1,and,dishwasher,graph_box,1.0000,34,1,0,3,to the right,500,365,"296.0,210.0,382.0,341.0"
9127,2361439,2361439,1,0_hop,sign,graph_box,1.0000,14,1,0,1,to the center,500,375,"128.0,72.0,338.0,286.0"
9128,2361439,2361439,1,2_hop,sign,graph_box,1.0000,14,1,0,3,to the center,500,375,"128.0,72.0,338.0,286.0"
9131,2335723,2335723,1,0_hop,truck,graph_box,1.0000,41,1,0,1,to the center,391,500,"2.0,379.0,287.0,486.0"
9133,2355528,2355528,2,1_hop,backpack,graph_box,1.0000,13,2,1,2,to the center,500,333,"82.0,34.0,296.0,234.0"
9135,2355528,2355528,1,0_hop,luggage,graph_box,1.0000,13,1,0,1,to the right,500,333,"299.0,21.0,410.0,159.0"
9136,2403857,2403857,1,1_hop,chair,graph_box,1.0000,12,1,0,2,to the right,375,500,"302.0,359.0,375.0,500.0"
9137,2415373,2415373,1,and,box,graph_box,1.0000,21,1,0,3,to the left,500,375,"47.0,171.0,116.0,246.0"
9140,2408760,2408760,1,0_hop,truck,graph_box,1.0000,18,1,0,1,to the center,500,334,"48.0,74.0,471.0,294.0"
9141,2408760,2408760,1,1_hop,truck,graph_box,1.0000,18,1,0,2,to the center,500,334,"48.0,74.0,471.0,294.0"
9142,2364622,2364622,2,2_hop,player,graph_box,1.0000,20,2,1,3,to the right,500,349,"256.0,170.0,455.0,322.0"
9145,2364622,2364622,1,0_hop,man,graph_box,1.0000,20,1,0,1,to the center,500,349,"117.0,36.0,264.0,291.0"
9147,2404618,2404618,1,2_hop,bird,graph_box,1.0000,12,1,0,3,to the center,500,375,"236.0,162.0,363.0,247.0"
9148,2364116,2364116,1,1_hop,man,graph_box,1.0000,17,1,0,2,to the center,500,375,"160.0,133.0,223.0,282.0"
9149,2388187,2388187,1,0_hop,pole,graph_box,1.0000,27,1,0,1,to the right,500,375,"316.0,0.0,349.0,246.0"
9150,2388187,2388187,1,0_hop,box,graph_box,1.0000,27,1,0,1,to the center,500,375,"188.0,61.0,304.0,321.0"
9152,2365398,2365398,1,0_hop,bus,graph_box,1.0000,28,1,0,1,to the right,500,417,"331.0,188.0,500.0,306.0"
9153,2365398,2365398,1,and,bus,graph_box,1.0000,28,1,0,3,to the right,500,417,"331.0,188.0,500.0,306.0"
9154,2365398,2365398,1,0_hop,pot,graph_box,1.0000,28,1,0,1,to the center,500,417,"206.0,346.0,378.0,417.0"
9155,2373321,2373321,2,2_hop,street light,graph_box,1.0000,27,2,1,3,to the left,375,500,"54.0,367.0,134.0,500.0"
9156,2373321,2373321,2,1_hop,street light,graph_box,1.0000,27,2,1,2,to the left,375,500,"54.0,367.0,134.0,500.0"
9157,2373321,2373321,1,1_hop,train,graph_box,1.0000,27,1,0,2,to the center,375,500,"124.0,208.0,375.0,500.0"
9158,2353336,2353336,1,0_hop,kite,graph_box,1.0000,21,1,0,1,to the right,500,333,"283.0,19.0,500.0,289.0"
9159,2353336,2353336,1,1_hop,kite,graph_box,1.0000,21,1,0,2,to the right,500,333,"283.0,19.0,500.0,289.0"
9160,2379879,2379879,1,2_hop,motorcycle,graph_box,1.0000,22,1,0,3,to the center,500,333,"169.0,227.0,306.0,299.0"
9161,2379879,2379879,1,1_hop,motorcycle,graph_box,1.0000,22,1,0,2,to the center,500,333,"169.0,227.0,306.0,299.0"
9162,2329491,2329491,1,1_hop,man,graph_box,1.0000,13,1,0,2,to the center,500,375,"176.0,289.0,317.0,374.0"
9163,2397129,2397129,1,0_hop,train,graph_box,1.0000,17,1,0,1,to the center,500,336,"229.0,209.0,411.0,257.0"
9164,2416057,2416057,1,2_hop,boy,graph_box,1.0000,32,1,0,3,to the center,500,334,"23.0,15.0,310.0,312.0"
9165,2416057,2416057,1,and,boy,graph_box,1.0000,32,1,0,3,to the center,500,334,"23.0,15.0,310.0,312.0"
9166,2342753,2342753,1,2_hop,ladder,graph_box,1.0000,11,1,0,3,to the left,375,500,"54.0,0.0,161.0,190.0"
9167,2342753,2342753,1,and,fire truck,graph_box,1.0000,11,1,0,3,to the center,375,500,"26.0,0.0,346.0,409.0"
9168,2359158,2359158,1,and,folding chair,graph_box,1.0000,33,1,0,3,to the right,500,368,"355.0,207.0,435.0,319.0"
9169,2359158,2359158,2,2_hop,girl,graph_box,1.0000,33,3,2,3,to the center,500,368,"194.0,67.0,394.0,300.0"
9170,2359158,2359158,2,1_hop,girl,graph_box,1.0000,33,3,2,2,to the center,500,368,"194.0,67.0,394.0,300.0"
9171,2366663,2366663,2,2_hop,girl,graph_box,1.0000,23,2,1,3,to the left,500,333,"42.0,22.0,208.0,315.0"
9172,2366663,2366663,2,1_hop,girl,graph_box,1.0000,23,2,1,2,to the left,500,333,"42.0,22.0,208.0,315.0"
9175,713064,713064,2,0_hop,sheep,objects_id_first,0.2921,7,1,0,1,to the center,1024,768,"0.2,516.9,415.7,764.8"
9176,713064,713064,2,1_hop,sheep,objects_id_first,0.2953,7,1,0,2,to the center,1024,768,"0.4,516.4,416.7,766.2"
9177,713064,713064,1,0_hop,child,graph_box,1.0000,7,1,0,1,to the left,1024,768,"236.0,217.0,331.0,506.0"
9178,713064,713064,1,2_hop,child,graph_box,1.0000,7,1,0,3,to the left,1024,768,"236.0,217.0,331.0,506.0"
9179,713064,713064,1,1_hop,child,graph_box,1.0000,7,1,0,2,to the left,1024,768,"236.0,217.0,331.0,506.0"
9181,2375919,2375919,1,0_hop,boy,graph_box,1.0000,14,1,0,1,to the left,500,500,"115.0,159.0,180.0,391.0"
9182,2375919,2375919,1,2_hop,boy,graph_box,1.0000,14,1,0,3,to the left,500,500,"115.0,159.0,180.0,391.0"
9183,2375919,2375919,1,and,boy,graph_box,1.0000,14,1,0,3,to the left,500,500,"115.0,159.0,180.0,391.0"
9185,2320294,2320294,1,1_hop,dresser,graph_box,1.0000,8,1,0,2,to the center,500,374,"240.0,114.0,417.0,210.0"
9186,2358682,2358682,1,0_hop,airplane,graph_box,1.0000,16,1,0,1,to the center,500,329,"220.0,159.0,367.0,206.0"
9191,2375777,2375777,2,1_hop,cow,graph_box,1.0000,17,6,5,2,to the right,500,333,"238.0,34.0,500.0,235.0"
9192,2410472,2410472,2,0_hop,horse,graph_box,1.0000,20,2,1,1,to the center,500,334,"179.0,120.0,373.0,255.0"
9193,2410472,2410472,2,1_hop,horse,graph_box,1.0000,20,2,1,2,to the center,500,334,"179.0,120.0,373.0,255.0"
9194,2410472,2410472,2,0_hop,horse,graph_box,1.0000,20,2,1,1,to the center,500,334,"105.0,110.0,231.0,287.0"
9195,2321994,2321994,2,1_hop,surfboard,graph_box,1.0000,18,2,1,2,to the center,500,375,"101.0,144.0,390.0,258.0"
9196,2335127,2335127,1,2_hop,man,graph_box,1.0000,10,1,0,3,to the center,500,375,"206.0,83.0,351.0,313.0"
9197,2376663,2376663,1,1_hop,boy,graph_box,1.0000,11,1,0,2,to the center,500,375,"238.0,116.0,314.0,253.0"
9198,2399182,2399182,1,0_hop,pole,graph_box,1.0000,15,1,0,1,to the center,500,323,"240.0,21.0,257.0,270.0"
9199,2399182,2399182,1,2_hop,pole,graph_box,1.0000,15,1,0,3,to the center,500,323,"240.0,21.0,257.0,270.0"
9200,2352216,2352216,1,1_hop,umpire,graph_box,1.0000,31,1,0,2,to the right,375,500,"256.0,299.0,352.0,447.0"
9201,2374423,2374423,1,0_hop,bench,graph_box,1.0000,18,1,0,1,to the center,500,375,"256.0,273.0,385.0,332.0"
9202,2321227,2321227,2,1_hop,train,graph_box,1.0000,16,1,0,2,to the center,375,500,"92.0,248.0,245.0,499.0"
9203,2321227,2321227,3,2_hop,train,graph_box,1.0000,16,1,0,3,to the center,375,500,"92.0,248.0,245.0,499.0"
9204,2391082,2391082,1,2_hop,giraffe,graph_box,1.0000,19,1,0,3,to the right,500,375,"251.0,55.0,419.0,334.0"
9205,2391082,2391082,1,and,giraffe,graph_box,1.0000,19,1,0,3,to the right,500,375,"251.0,55.0,419.0,334.0"
9206,2363629,2363629,2,1_hop,bear,graph_box,1.0000,25,2,1,2,to the right,500,375,"221.0,177.0,453.0,334.0"
9207,2408242,2408242,2,2_hop,towel,graph_box,1.0000,20,2,1,3,to the left,500,332,"110.0,207.0,178.0,332.0"
9209,1987,1987,1,and,radiator,graph_box,1.0000,13,1,0,3,to the center,800,600,"327.0,302.0,557.0,523.0"
9210,1987,1987,1,2_hop,lamp,graph_box,1.0000,13,1,0,3,to the left,800,600,"186.0,46.0,330.0,292.0"
9211,1987,1987,1,and,lamp,graph_box,1.0000,13,1,0,3,to the left,800,600,"186.0,46.0,330.0,292.0"
9216,2401748,2401748,1,0_hop,plate,graph_box,1.0000,14,1,0,1,to the center,500,281,"54.0,26.0,436.0,279.0"
9217,2342324,2342324,2,2_hop,sign,graph_box,1.0000,24,3,2,3,to the right,333,500,"244.0,73.0,275.0,240.0"
9218,2342324,2342324,2,1_hop,sign,graph_box,1.0000,24,3,2,2,to the right,333,500,"244.0,73.0,275.0,240.0"
9219,2342324,2342324,2,1_hop,man,graph_box,1.0000,24,2,1,2,to the center,333,500,"134.0,340.0,180.0,460.0"
9220,2365878,2365878,2,1_hop,girl,graph_box,1.0000,10,2,1,2,to the right,500,333,"316.0,109.0,356.0,231.0"
9221,2365878,2365878,2,1_hop,girl,graph_box,1.0000,10,2,1,2,to the center,500,333,"185.0,110.0,229.0,233.0"
9222,2351822,2351822,2,2_hop,player,graph_box,1.0000,27,1,0,3,to the center,500,375,"158.0,154.0,262.0,354.0"
9223,2351822,2351822,2,1_hop,player,graph_box,1.0000,27,1,0,2,to the center,500,375,"158.0,154.0,262.0,354.0"
9224,2351828,2351828,1,0_hop,zebra,graph_box,1.0000,11,1,0,1,to the center,500,375,"108.0,23.0,439.0,312.0"
9225,2351828,2351828,1,1_hop,zebra,graph_box,1.0000,11,1,0,2,to the center,500,375,"108.0,23.0,439.0,312.0"
9226,1593080,1593080,3,2_hop,bus,graph_box,1.0000,30,2,1,3,to the center,1024,683,"173.0,152.0,579.0,487.0"
9227,1593086,1593086,1,and,boy,graph_box,1.0000,23,1,0,3,to the center,1024,681,"219.0,92.0,539.0,475.0"
9228,2372268,2372268,2,2_hop,ship,graph_box,1.0000,28,2,1,3,to the center,500,281,"169.0,107.0,237.0,167.0"
9229,2372268,2372268,2,1_hop,ship,graph_box,1.0000,28,2,1,2,to the center,500,281,"169.0,107.0,237.0,167.0"
9231,2372268,2372268,1,1_hop,boat,graph_box,1.0000,28,1,0,2,to the center,500,281,"242.0,85.0,351.0,216.0"
9233,2402094,2402094,1,1_hop,goat,graph_box,1.0000,11,1,0,2,to the right,500,375,"311.0,249.0,381.0,337.0"
9241,2395214,2395214,1,0_hop,giraffe,graph_box,1.0000,18,1,0,1,to the center,401,500,"56.0,31.0,352.0,413.0"
9242,2395214,2395214,1,1_hop,giraffe,graph_box,1.0000,18,1,0,2,to the center,401,500,"56.0,31.0,352.0,413.0"
9243,2339668,2339668,1,0_hop,backpack,graph_box,1.0000,30,1,0,1,to the right,332,500,"204.0,195.0,322.0,346.0"
9244,2339668,2339668,2,0_hop,sign,graph_box,1.0000,30,2,1,1,to the left,332,500,"0.0,54.0,101.0,176.0"
9246,2339668,2339668,2,and,sign,graph_box,1.0000,30,2,1,3,to the left,332,500,"0.0,54.0,101.0,176.0"
9251,2330750,2330750,1,0_hop,can,graph_box,1.0000,13,1,0,1,to the left,500,375,"38.0,172.0,142.0,288.0"
9252,2330750,2330750,1,2_hop,can,graph_box,1.0000,13,1,0,3,to the left,500,375,"38.0,172.0,142.0,288.0"
9254,2362149,2362149,1,2_hop,woman,graph_box,1.0000,32,1,0,3,to the center,500,332,"208.0,195.0,250.0,299.0"
9262,2405542,2405542,1,0_hop,dog,graph_box,1.0000,22,1,0,1,to the right,500,332,"365.0,226.0,424.0,326.0"
9265,2416404,2416404,2,1_hop,zebra,graph_box,1.0000,21,2,1,2,to the right,500,375,"272.0,181.0,412.0,316.0"
9267,2376957,2376957,1,1_hop,basket,graph_box,1.0000,17,1,0,2,to the left,500,380,"93.0,129.0,239.0,184.0"
9268,2376957,2376957,2,0_hop,crate,graph_box,1.0000,17,1,0,1,to the center,500,380,"230.0,142.0,386.0,188.0"
9269,2376957,2376957,2,2_hop,crate,graph_box,1.0000,17,1,0,3,to the center,500,380,"230.0,142.0,386.0,188.0"
9270,2376957,2376957,2,and,crate,graph_box,1.0000,17,1,0,3,to the center,500,380,"230.0,142.0,386.0,188.0"
9271,2379791,2379791,1,0_hop,man,graph_box,1.0000,30,1,0,1,to the center,375,500,"44.0,9.0,374.0,497.0"
9272,2375976,2375976,1,0_hop,taxi,graph_box,1.0000,24,1,0,1,to the center,500,330,"236.0,178.0,366.0,272.0"
9277,2375976,2375976,2,and,man,graph_box,1.0000,24,6,5,3,to the right,500,330,"345.0,82.0,451.0,329.0"
9280,2320260,2320260,2,2_hop,man,graph_box,1.0000,18,1,0,3,to the left,460,500,"10.0,86.0,107.0,294.0"
9281,2320260,2320260,2,and,man,graph_box,1.0000,18,1,0,3,to the left,460,500,"10.0,86.0,107.0,294.0"
9282,2320260,2320260,3,2_hop,man,graph_box,1.0000,18,1,0,3,to the left,460,500,"10.0,86.0,107.0,294.0"
9284,61526,61526,3,2_hop,boy,graph_box,1.0000,29,3,2,3,to the center,1024,683,"329.0,256.0,494.0,576.0"
9285,61526,61526,3,2_hop,boy,graph_box,1.0000,29,3,2,3,to the right,1024,683,"480.0,0.0,901.0,458.0"
9286,498259,498259,2,2_hop,boat,graph_box,1.0000,13,1,0,3,to the left,1024,768,"1.0,354.0,274.0,766.0"
9287,2405043,2405043,2,and,man,graph_box,1.0000,14,2,1,3,to the center,500,375,"179.0,84.0,340.0,268.0"
9288,2343903,2343903,1,1_hop,man,graph_box,1.0000,11,1,0,2,to the left,375,500,"40.0,294.0,81.0,439.0"
9289,2317756,2317756,1,0_hop,woman,graph_box,1.0000,17,1,0,1,to the center,500,335,"146.0,192.0,202.0,276.0"
9290,2317756,2317756,1,2_hop,woman,graph_box,1.0000,17,1,0,3,to the center,500,335,"146.0,192.0,202.0,276.0"
9291,2317756,2317756,1,1_hop,woman,graph_box,1.0000,17,1,0,2,to the center,500,335,"146.0,192.0,202.0,276.0"
9292,2317756,2317756,2,2_hop,bench,graph_box,1.0000,17,2,1,3,to the center,500,335,"257.0,221.0,375.0,275.0"
9293,2317756,2317756,2,and,bench,graph_box,1.0000,17,2,1,3,to the center,500,335,"257.0,221.0,375.0,275.0"
9294,2317756,2317756,2,2_hop,bench,graph_box,1.0000,17,2,1,3,to the left,500,335,"76.0,222.0,199.0,277.0"
9295,2317756,2317756,2,and,bench,graph_box,1.0000,17,2,1,3,to the left,500,335,"76.0,222.0,199.0,277.0"
9296,2324842,2324842,2,1_hop,man,graph_box,1.0000,25,2,1,2,to the right,500,405,"244.0,17.0,448.0,392.0"
9297,2324842,2324842,2,and,man,graph_box,1.0000,25,2,1,3,to the left,500,405,"39.0,10.0,208.0,349.0"
9298,2398104,2398104,1,2_hop,man,graph_box,1.0000,21,1,0,3,to the center,500,333,"198.0,0.0,372.0,216.0"
9299,2398104,2398104,1,and,man,graph_box,1.0000,21,1,0,3,to the center,500,333,"198.0,0.0,372.0,216.0"
9300,2398104,2398104,1,0_hop,skateboard,graph_box,1.0000,21,1,0,1,to the center,500,333,"194.0,212.0,375.0,249.0"
9301,2390489,2390489,1,0_hop,umpire,graph_box,1.0000,22,1,0,1,to the left,500,358,"34.0,200.0,136.0,331.0"
9302,2390489,2390489,1,and,umpire,graph_box,1.0000,22,1,0,3,to the left,500,358,"34.0,200.0,136.0,331.0"
9304,2390488,2390488,2,and,girl,graph_box,1.0000,30,3,2,3,to the right,500,375,"320.0,27.0,498.0,370.0"
9305,2390488,2390488,2,2_hop,girl,graph_box,1.0000,30,3,2,3,to the left,500,375,"1.0,134.0,201.0,374.0"
9306,2390488,2390488,2,and,girl,graph_box,1.0000,30,3,2,3,to the left,500,375,"1.0,134.0,201.0,374.0"
9307,2390488,2390488,2,2_hop,girl,graph_box,1.0000,30,3,2,3,to the center,500,375,"184.0,72.0,377.0,372.0"
9308,2390488,2390488,2,1_hop,girl,graph_box,1.0000,30,3,2,2,to the center,500,375,"184.0,72.0,377.0,372.0"
9309,2390480,2390480,1,0_hop,cat,graph_box,1.0000,13,1,0,1,to the center,200,189,"59.0,48.0,104.0,127.0"
9310,2390480,2390480,1,2_hop,cat,graph_box,1.0000,13,1,0,3,to the center,200,189,"59.0,48.0,104.0,127.0"
9311,2390480,2390480,1,1_hop,cat,graph_box,1.0000,13,1,0,2,to the center,200,189,"59.0,48.0,104.0,127.0"
9312,2390480,2390480,1,0_hop,trash can,graph_box,1.0000,13,1,0,1,to the left,200,189,"13.0,114.0,61.0,174.0"
9313,2390480,2390480,1,and,trash can,graph_box,1.0000,13,1,0,3,to the left,200,189,"13.0,114.0,61.0,174.0"
9314,2390480,2390480,1,0_hop,basket,graph_box,1.0000,13,1,0,1,to the right,200,189,"115.0,120.0,163.0,189.0"
9315,2390480,2390480,1,0_hop,box,graph_box,1.0000,13,1,0,1,to the center,200,189,"57.0,16.0,100.0,41.0"
9316,2372463,2372463,1,1_hop,girl,graph_box,1.0000,18,1,0,2,to the center,500,375,"211.0,178.0,263.0,318.0"
9317,2393682,2393682,1,0_hop,table,graph_box,1.0000,22,1,0,1,to the left,375,500,"4.0,333.0,97.0,400.0"
9318,2393682,2393682,1,2_hop,table,graph_box,1.0000,22,1,0,3,to the left,375,500,"4.0,333.0,97.0,400.0"
9319,2393682,2393682,1,1_hop,table,graph_box,1.0000,22,1,0,2,to the left,375,500,"4.0,333.0,97.0,400.0"
9320,2343749,2343749,1,1_hop,car,graph_box,1.0000,18,1,0,2,to the right,375,500,"164.0,161.0,375.0,272.0"
9322,2400817,2400817,1,0_hop,sheep,graph_box,1.0000,9,1,0,1,to the center,500,333,"0.0,33.0,375.0,333.0"
9324,1160153,1160153,1,0_hop,car,graph_box,1.0000,14,1,0,1,to the center,1024,768,"369.0,337.0,796.0,674.0"
9325,2360986,2360986,2,2_hop,man,graph_box,1.0000,15,3,2,3,to the center,500,375,"254.0,145.0,371.0,316.0"
9326,2360986,2360986,2,1_hop,man,graph_box,1.0000,15,3,2,2,to the center,500,375,"254.0,145.0,371.0,316.0"
9327,362,362,1,2_hop,woman,graph_box,1.0000,23,1,0,3,to the left,800,600,"53.0,382.0,179.0,571.0"
9328,362,362,1,and,woman,graph_box,1.0000,23,1,0,3,to the left,800,600,"53.0,382.0,179.0,571.0"
9329,362,362,1,0_hop,van,graph_box,1.0000,23,1,0,1,to the left,800,600,"0.0,359.0,217.0,462.0"
9330,362,362,1,1_hop,van,graph_box,1.0000,23,1,0,2,to the left,800,600,"0.0,359.0,217.0,462.0"
9332,2374146,2374146,1,1_hop,chair,graph_box,1.0000,14,1,0,2,to the center,500,375,"225.0,123.0,347.0,225.0"
9334,2374144,2374144,1,1_hop,palm tree,graph_box,1.0000,11,1,0,2,to the center,369,500,"99.0,298.0,333.0,500.0"
9335,150282,150282,2,0_hop,pillow,graph_box,1.0000,18,2,1,1,to the center,1024,768,"310.0,148.0,538.0,269.0"
9336,2384806,2384806,1,0_hop,dryer,graph_box,1.0000,16,1,0,1,to the left,375,500,"52.0,265.0,99.0,378.0"
9337,2384806,2384806,1,and,dryer,graph_box,1.0000,16,1,0,3,to the left,375,500,"52.0,265.0,99.0,378.0"
9339,2347683,2347683,1,0_hop,floor lamp,graph_box,1.0000,22,1,0,1,to the center,500,333,"158.0,84.0,191.0,223.0"
9340,2347683,2347683,2,2_hop,chair,graph_box,1.0000,22,1,0,3,to the left,500,333,"82.0,167.0,186.0,236.0"
9341,2347683,2347683,2,and,chair,graph_box,1.0000,22,1,0,3,to the left,500,333,"82.0,167.0,186.0,236.0"
9342,2347683,2347683,1,2_hop,coffee table,graph_box,1.0000,22,1,0,3,to the center,500,333,"117.0,223.0,286.0,332.0"
9343,2347683,2347683,1,and,coffee table,graph_box,1.0000,22,1,0,3,to the center,500,333,"117.0,223.0,286.0,332.0"
9346,2395232,2395232,1,1_hop,cow,graph_box,1.0000,22,1,0,2,to the center,500,332,"236.0,171.0,318.0,252.0"
9348,2395232,2395232,2,and,man,graph_box,1.0000,22,2,1,3,to the left,500,332,"67.0,94.0,177.0,215.0"
9349,2395232,2395232,1,0_hop,canoe,graph_box,1.0000,22,1,0,1,to the center,500,332,"86.0,160.0,373.0,257.0"
9350,2395232,2395232,1,1_hop,canoe,graph_box,1.0000,22,1,0,2,to the center,500,332,"86.0,160.0,373.0,257.0"
9353,2387762,2387762,1,2_hop,skateboard,graph_box,1.0000,18,1,0,3,to the left,424,500,"23.0,221.0,215.0,442.0"
9354,2387762,2387762,1,1_hop,skateboard,graph_box,1.0000,18,1,0,2,to the left,424,500,"23.0,221.0,215.0,442.0"
9355,2369355,2369355,1,0_hop,bike,graph_box,1.0000,17,1,0,1,to the center,334,500,"1.0,163.0,322.0,368.0"
9356,2369355,2369355,1,1_hop,woman,graph_box,1.0000,17,1,0,2,to the center,334,500,"126.0,55.0,251.0,324.0"
9357,2415266,2415266,1,1_hop,lighthouse,graph_box,1.0000,14,1,0,2,to the right,332,500,"171.0,18.0,320.0,482.0"
9358,2362120,2362120,2,2_hop,man,graph_box,1.0000,24,4,3,3,to the left,500,375,"88.0,173.0,136.0,315.0"
9359,2362120,2362120,2,1_hop,man,graph_box,1.0000,24,4,3,2,to the left,500,375,"88.0,173.0,136.0,315.0"
9360,2355262,2355262,1,1_hop,skateboard,graph_box,1.0000,17,1,0,2,to the right,375,500,"257.0,117.0,375.0,242.0"
9361,2412272,2412272,2,0_hop,boat,graph_box,1.0000,31,2,1,1,to the center,500,333,"119.0,203.0,321.0,311.0"
9362,2412272,2412272,2,1_hop,boat,graph_box,1.0000,31,2,1,2,to the center,500,333,"119.0,203.0,321.0,311.0"
9364,59,59,2,2_hop,car,graph_box,1.0000,16,2,1,3,to the center,800,600,"367.0,321.0,634.0,514.0"
9365,59,59,2,and,car,graph_box,1.0000,16,2,1,3,to the center,800,600,"367.0,321.0,634.0,514.0"
9366,59,59,2,0_hop,sign,graph_box,1.0000,16,2,1,1,to the right,800,600,"489.0,0.0,756.0,53.0"
9367,59,59,1,0_hop,suv,graph_box,1.0000,16,1,0,1,to the left,800,600,"119.0,321.0,272.0,445.0"
9370,2366110,2366110,2,2_hop,bus,graph_box,1.0000,16,4,3,3,to the center,500,353,"220.0,35.0,414.0,321.0"
9372,2409538,2409538,2,0_hop,giraffe,graph_box,1.0000,16,2,1,1,to the center,375,500,"85.0,68.0,254.0,467.0"
9374,2402114,2402114,1,1_hop,bike,graph_box,1.0000,20,1,0,2,to the center,500,401,"168.0,202.0,443.0,377.0"
9375,2402114,2402114,1,0_hop,dog,graph_box,1.0000,20,1,0,1,to the left,500,401,"64.0,219.0,150.0,341.0"
9376,2402114,2402114,1,and,dog,graph_box,1.0000,20,1,0,3,to the left,500,401,"64.0,219.0,150.0,341.0"
9377,2402114,2402114,1,0_hop,woman,graph_box,1.0000,20,1,0,1,to the center,500,401,"264.0,81.0,397.0,347.0"
9378,2402114,2402114,1,and,woman,graph_box,1.0000,20,1,0,3,to the center,500,401,"264.0,81.0,397.0,347.0"
9379,2402116,2402116,1,0_hop,airplane,graph_box,1.0000,24,1,0,1,to the center,500,333,"103.0,153.0,319.0,210.0"
9380,2402116,2402116,1,2_hop,airplane,graph_box,1.0000,24,1,0,3,to the center,500,333,"103.0,153.0,319.0,210.0"
9381,2402116,2402116,1,and,airplane,graph_box,1.0000,24,1,0,3,to the center,500,333,"103.0,153.0,319.0,210.0"
9382,2324724,2324724,1,2_hop,child,graph_box,1.0000,32,1,0,3,to the right,500,281,"349.0,154.0,403.0,268.0"
9383,2324724,2324724,1,1_hop,boy,graph_box,1.0000,32,1,0,2,to the right,500,281,"359.0,154.0,395.0,265.0"
9386,2343846,2343846,2,1_hop,pole,graph_box,1.0000,22,2,1,2,to the center,500,333,"285.0,174.0,346.0,245.0"
9387,2343846,2343846,1,0_hop,man,graph_box,1.0000,22,1,0,1,to the center,500,333,"138.0,89.0,348.0,257.0"
9388,2343846,2343846,1,1_hop,man,graph_box,1.0000,22,1,0,2,to the center,500,333,"138.0,89.0,348.0,257.0"
9389,2354084,2354084,1,0_hop,baseball,graph_box,1.0000,13,1,0,1,to the right,471,500,"323.0,288.0,471.0,422.0"
9390,2354084,2354084,1,2_hop,baseball,graph_box,1.0000,13,1,0,3,to the right,471,500,"323.0,288.0,471.0,422.0"
9391,2402332,2402332,1,0_hop,pole,graph_box,1.0000,15,1,0,1,to the center,500,375,"293.0,0.0,355.0,142.0"
9392,2402332,2402332,1,0_hop,car,graph_box,1.0000,15,1,0,1,to the center,500,375,"177.0,0.0,301.0,69.0"
9393,2402332,2402332,1,and,car,graph_box,1.0000,15,1,0,3,to the center,500,375,"177.0,0.0,301.0,69.0"
9394,2402332,2402332,1,0_hop,fire hydrant,graph_box,1.0000,15,1,0,1,to the center,500,375,"268.0,105.0,327.0,226.0"
9395,2402332,2402332,1,and,fire hydrant,graph_box,1.0000,15,1,0,3,to the center,500,375,"268.0,105.0,327.0,226.0"
9396,2354550,2354550,1,1_hop,bench,graph_box,1.0000,23,1,0,2,to the left,500,375,"101.0,204.0,187.0,272.0"
9397,2382094,2382094,1,2_hop,pear,graph_box,1.0000,7,1,0,3,to the center,500,333,"173.0,10.0,310.0,249.0"
9398,2382094,2382094,1,0_hop,apple,graph_box,1.0000,7,1,0,1,to the right,500,333,"297.0,136.0,442.0,261.0"
9399,2382094,2382094,1,and,apple,graph_box,1.0000,7,1,0,3,to the right,500,333,"297.0,136.0,442.0,261.0"
9400,2382094,2382094,1,and,orange,graph_box,1.0000,7,1,0,3,to the left,500,333,"56.0,109.0,182.0,233.0"
9401,2376974,2376974,1,0_hop,bird,graph_box,1.0000,23,1,0,1,to the center,500,375,"210.0,55.0,420.0,351.0"
9403,2376974,2376974,1,and,giraffe,graph_box,1.0000,23,1,0,3,to the left,500,375,"46.0,0.0,136.0,229.0"
9404,2376976,2376976,1,0_hop,stop sign,graph_box,1.0000,22,1,0,1,to the center,500,375,"206.0,3.0,354.0,238.0"
9405,2376976,2376976,1,2_hop,stop sign,graph_box,1.0000,22,1,0,3,to the center,500,375,"206.0,3.0,354.0,238.0"
9406,2376976,2376976,1,0_hop,pole,graph_box,1.0000,22,1,0,1,to the center,500,375,"200.0,0.0,303.0,373.0"
9407,2391252,2391252,2,and,man,graph_box,1.0000,16,2,1,3,to the left,500,352,"2.0,0.0,255.0,351.0"
9408,2321264,2321264,2,1_hop,man,graph_box,1.0000,29,3,2,2,to the right,253,500,"155.0,263.0,214.0,385.0"
9409,2321264,2321264,2,1_hop,man,graph_box,1.0000,29,3,2,2,to the center,253,500,"55.0,55.0,231.0,467.0"
9411,2408466,2408466,2,1_hop,blanket,graph_box,1.0000,27,2,1,2,to the left,375,500,"2.0,277.0,178.0,421.0"
9412,2384006,2384006,1,0_hop,fire hydrant,graph_box,1.0000,20,1,0,1,to the center,500,390,"292.0,214.0,341.0,328.0"
9413,2384006,2384006,1,2_hop,fire hydrant,graph_box,1.0000,20,1,0,3,to the center,500,390,"292.0,214.0,341.0,328.0"
9414,2384006,2384006,1,and,fire hydrant,graph_box,1.0000,20,1,0,3,to the center,500,390,"292.0,214.0,341.0,328.0"
9415,2384006,2384006,1,0_hop,girl,graph_box,1.0000,20,1,0,1,to the right,500,390,"351.0,137.0,450.0,340.0"
9416,2328801,2328801,1,2_hop,man,graph_box,1.0000,11,1,0,3,to the left,500,472,"132.0,227.0,191.0,377.0"
9417,2328801,2328801,1,1_hop,man,graph_box,1.0000,11,1,0,2,to the left,500,472,"132.0,227.0,191.0,377.0"
9419,2411607,2411607,1,2_hop,towel,graph_box,1.0000,17,1,0,3,to the center,500,375,"215.0,49.0,285.0,151.0"
9420,2344633,2344633,1,and,bag,graph_box,1.0000,9,1,0,3,to the right,500,375,"331.0,133.0,500.0,322.0"
9423,2316790,2316790,1,0_hop,parking meter,graph_box,1.0000,27,1,0,1,to the center,375,500,"89.0,78.0,306.0,497.0"
9424,2316790,2316790,1,and,parking meter,graph_box,1.0000,27,1,0,3,to the center,375,500,"89.0,78.0,306.0,497.0"
9425,1498,1498,1,0_hop,car,graph_box,1.0000,20,1,0,1,to the right,800,600,"462.0,298.0,784.0,405.0"
9426,2380656,2380656,1,1_hop,bench,graph_box,1.0000,15,1,0,2,to the center,334,500,"48.0,334.0,225.0,426.0"
9427,2380656,2380656,1,2_hop,man,graph_box,1.0000,15,1,0,3,to the center,334,500,"110.0,89.0,298.0,353.0"
9428,2380656,2380656,1,and,man,graph_box,1.0000,15,1,0,3,to the center,334,500,"110.0,89.0,298.0,353.0"
9429,2367964,2367964,1,and,basket,graph_box,1.0000,31,1,0,3,to the right,375,500,"307.0,224.0,375.0,352.0"
9430,2367964,2367964,1,0_hop,child,graph_box,1.0000,31,1,0,1,to the center,375,500,"47.0,5.0,318.0,500.0"
9431,2367964,2367964,1,2_hop,child,graph_box,1.0000,31,1,0,3,to the center,375,500,"47.0,5.0,318.0,500.0"
9432,2367964,2367964,1,and,child,graph_box,1.0000,31,1,0,3,to the center,375,500,"47.0,5.0,318.0,500.0"
9433,2367964,2367964,1,2_hop,banana,graph_box,1.0000,31,1,0,3,to the center,375,500,"118.0,234.0,252.0,394.0"
9434,2367964,2367964,1,1_hop,banana,graph_box,1.0000,31,1,0,2,to the center,375,500,"118.0,234.0,252.0,394.0"
9435,2323643,2323643,1,0_hop,post,graph_box,1.0000,24,1,0,1,to the left,500,334,"141.0,75.0,165.0,332.0"
9436,2323643,2323643,1,and,post,graph_box,1.0000,24,1,0,3,to the left,500,334,"141.0,75.0,165.0,332.0"
9437,2323643,2323643,1,0_hop,sign,graph_box,1.0000,24,1,0,1,to the left,500,334,"109.0,114.0,172.0,204.0"
9439,2402321,2402321,3,2_hop,cup,graph_box,1.0000,26,1,0,3,to the left,500,377,"53.0,103.0,133.0,205.0"
9440,2398780,2398780,1,0_hop,giraffe,graph_box,1.0000,14,1,0,1,to the center,500,333,"211.0,74.0,351.0,274.0"
9444,2366569,2366569,1,0_hop,car,graph_box,1.0000,20,1,0,1,to the right,500,375,"318.0,169.0,474.0,263.0"
9445,2366569,2366569,1,and,car,graph_box,1.0000,20,1,0,3,to the right,500,375,"318.0,169.0,474.0,263.0"
9446,2394367,2394367,1,2_hop,cat,graph_box,1.0000,23,1,0,3,to the left,500,375,"131.0,112.0,198.0,236.0"
9447,2394367,2394367,1,0_hop,dog,graph_box,1.0000,23,1,0,1,to the right,500,375,"268.0,159.0,403.0,270.0"
9454,2374121,2374121,2,1_hop,car,graph_box,1.0000,23,2,1,2,to the left,500,333,"69.0,181.0,187.0,246.0"
9455,2374121,2374121,2,2_hop,giraffe,graph_box,1.0000,23,2,1,3,to the center,500,333,"195.0,145.0,295.0,249.0"
9456,2374121,2374121,2,1_hop,giraffe,graph_box,1.0000,23,2,1,2,to the center,500,333,"195.0,145.0,295.0,249.0"
9457,2357363,2357363,1,0_hop,sign,graph_box,1.0000,14,1,0,1,to the right,500,375,"214.0,69.0,484.0,322.0"
9458,1592221,1592221,1,0_hop,train,graph_box,1.0000,13,1,0,1,to the center,1024,678,"351.0,254.0,695.0,491.0"
9459,1592221,1592221,1,2_hop,train,graph_box,1.0000,13,1,0,3,to the center,1024,678,"351.0,254.0,695.0,491.0"
9460,2340989,2340989,1,0_hop,truck,graph_box,1.0000,31,1,0,1,to the center,500,315,"54.0,110.0,471.0,278.0"
9461,2378341,2378341,1,2_hop,woman,graph_box,1.0000,29,1,0,3,to the center,333,500,"121.0,221.0,222.0,465.0"
9463,2378341,2378341,2,2_hop,pole,graph_box,1.0000,29,1,0,3,to the left,333,500,"93.0,87.0,108.0,367.0"
9464,2392204,2392204,2,1_hop,bear,graph_box,1.0000,23,1,0,2,to the left,500,332,"38.0,13.0,274.0,294.0"
9465,2411191,2411191,1,and,boat,graph_box,1.0000,14,1,0,3,to the left,500,288,"61.0,128.0,254.0,245.0"
9466,2359816,2359816,1,0_hop,camera,graph_box,1.0000,16,1,0,1,to the center,500,333,"269.0,189.0,379.0,295.0"
9467,2359816,2359816,1,2_hop,camera,graph_box,1.0000,16,1,0,3,to the center,500,333,"269.0,189.0,379.0,295.0"
9468,2359816,2359816,1,and,camera,graph_box,1.0000,16,1,0,3,to the center,500,333,"269.0,189.0,379.0,295.0"
9469,2359816,2359816,1,0_hop,backpack,graph_box,1.0000,16,1,0,1,to the left,500,333,"23.0,0.0,302.0,258.0"
9470,2359816,2359816,1,2_hop,man,graph_box,1.0000,16,1,0,3,to the center,500,333,"1.0,0.0,400.0,331.0"
9471,2359816,2359816,1,and,man,graph_box,1.0000,16,1,0,3,to the center,500,333,"1.0,0.0,400.0,331.0"
9472,2359816,2359816,1,2_hop,banana,graph_box,1.0000,16,1,0,3,to the center,500,333,"191.0,52.0,299.0,194.0"
9473,2359816,2359816,1,and,banana,graph_box,1.0000,16,1,0,3,to the center,500,333,"191.0,52.0,299.0,194.0"
9474,2339113,2339113,1,and,girl,graph_box,1.0000,22,1,0,3,to the center,500,332,"233.0,59.0,362.0,289.0"
9475,2413325,2413325,1,0_hop,sign,graph_box,1.0000,19,1,0,1,to the center,500,333,"40.0,0.0,312.0,253.0"
9476,2413325,2413325,1,and,sign,graph_box,1.0000,19,1,0,3,to the center,500,333,"40.0,0.0,312.0,253.0"
9477,2413325,2413325,1,2_hop,man,graph_box,1.0000,19,1,0,3,to the right,500,333,"289.0,141.0,395.0,333.0"
9478,2413325,2413325,1,and,man,graph_box,1.0000,19,1,0,3,to the right,500,333,"289.0,141.0,395.0,333.0"
9479,2327936,2327936,1,1_hop,bear,graph_box,1.0000,16,1,0,2,to the right,500,334,"323.0,36.0,400.0,136.0"
9480,2369488,2369488,1,and,boy,graph_box,1.0000,19,1,0,3,to the center,500,333,"88.0,40.0,433.0,210.0"
9482,2387036,2387036,2,2_hop,man,graph_box,1.0000,26,2,1,3,to the center,500,333,"158.0,52.0,460.0,331.0"
9484,2387036,2387036,1,0_hop,plate,graph_box,1.0000,26,1,0,1,to the center,500,333,"264.0,203.0,355.0,250.0"
9485,2387036,2387036,1,0_hop,bag,graph_box,1.0000,26,1,0,1,to the left,500,333,"67.0,285.0,183.0,332.0"
9487,2387036,2387036,1,2_hop,woman,graph_box,1.0000,26,1,0,3,to the center,500,333,"14.0,63.0,323.0,333.0"
9488,2387036,2387036,1,and,woman,graph_box,1.0000,26,1,0,3,to the center,500,333,"14.0,63.0,323.0,333.0"
9489,2406339,2406339,2,2_hop,pole,graph_box,1.0000,28,3,2,3,to the center,500,375,"245.0,0.0,275.0,255.0"
9491,2410742,2410742,2,2_hop,boat,graph_box,1.0000,22,2,1,3,to the right,282,500,"121.0,88.0,259.0,374.0"
9492,2410742,2410742,2,and,boat,graph_box,1.0000,22,2,1,3,to the right,282,500,"121.0,88.0,259.0,374.0"
9494,2405583,2405583,1,and,passenger,graph_box,1.0000,17,1,0,3,to the left,500,400,"105.0,95.0,170.0,217.0"
9495,2355935,2355935,2,1_hop,boy,graph_box,1.0000,21,2,1,2,to the right,500,333,"330.0,102.0,423.0,302.0"
9496,2398665,2398665,1,0_hop,bag,graph_box,1.0000,15,1,0,1,to the center,333,500,"150.0,124.0,207.0,271.0"
9497,2398665,2398665,2,0_hop,man,graph_box,1.0000,15,2,1,1,to the left,333,500,"1.0,111.0,77.0,372.0"
9498,2398665,2398665,2,and,man,graph_box,1.0000,15,2,1,3,to the left,333,500,"1.0,111.0,77.0,372.0"
9499,2398665,2398665,2,0_hop,man,graph_box,1.0000,15,2,1,1,to the center,333,500,"116.0,77.0,211.0,373.0"
9500,2398665,2398665,2,2_hop,man,graph_box,1.0000,15,2,1,3,to the center,333,500,"116.0,77.0,211.0,373.0"
9501,2398665,2398665,2,and,man,graph_box,1.0000,15,2,1,3,to the center,333,500,"116.0,77.0,211.0,373.0"
9502,2348984,2348984,1,2_hop,girl,graph_box,1.0000,38,1,0,3,to the left,500,458,"15.0,229.0,79.0,391.0"
9503,2348984,2348984,1,1_hop,girl,graph_box,1.0000,38,1,0,2,to the left,500,458,"15.0,229.0,79.0,391.0"
9504,2348984,2348984,1,1_hop,bike,graph_box,1.0000,38,1,0,2,to the left,500,458,"9.0,299.0,82.0,414.0"
9505,2348984,2348984,1,1_hop,truck,graph_box,1.0000,38,1,0,2,to the right,500,458,"216.0,174.0,494.0,414.0"
9506,2397140,2397140,1,0_hop,elephant,graph_box,1.0000,16,1,0,1,to the center,375,500,"1.0,22.0,357.0,444.0"
9507,2397140,2397140,1,1_hop,elephant,graph_box,1.0000,16,1,0,2,to the center,375,500,"1.0,22.0,357.0,444.0"
9508,2401645,2401645,1,0_hop,van,graph_box,1.0000,9,1,0,1,to the center,500,335,"290.0,203.0,357.0,277.0"
9509,2401645,2401645,1,0_hop,sign,graph_box,1.0000,9,1,0,1,to the center,500,335,"185.0,145.0,292.0,188.0"
9510,2359131,2359131,2,0_hop,bottle,graph_box,1.0000,18,2,1,1,to the center,375,500,"160.0,169.0,206.0,348.0"
9511,2359131,2359131,1,0_hop,bag,graph_box,1.0000,18,1,0,1,to the center,375,500,"0.0,309.0,269.0,500.0"
9512,2359131,2359131,1,and,bag,graph_box,1.0000,18,1,0,3,to the center,375,500,"0.0,309.0,269.0,500.0"
9513,2359131,2359131,1,1_hop,boy,graph_box,1.0000,18,1,0,2,to the center,375,500,"142.0,53.0,280.0,192.0"
9514,713550,713550,2,and,woman,graph_box,1.0000,24,4,3,3,to the right,683,1024,"428.0,480.0,615.0,946.0"
9515,2371505,2371505,1,0_hop,bus,graph_box,1.0000,22,1,0,1,to the right,500,281,"338.0,103.0,433.0,248.0"
9516,2342119,2342119,1,and,girl,graph_box,1.0000,30,1,0,3,to the center,500,333,"180.0,20.0,286.0,319.0"
9518,2386171,2386171,1,0_hop,boat,graph_box,1.0000,17,1,0,1,to the center,500,389,"34.0,272.0,439.0,361.0"
9519,2392698,2392698,2,1_hop,giraffe,graph_box,1.0000,32,3,2,2,to the right,500,334,"312.0,154.0,406.0,280.0"
9522,2360681,2360681,2,1_hop,man,graph_box,1.0000,18,1,0,2,to the center,500,281,"276.0,81.0,348.0,213.0"
9523,2381993,2381993,1,1_hop,towel,graph_box,1.0000,14,1,0,2,to the center,333,500,"121.0,289.0,165.0,439.0"
9525,2405401,2405401,1,0_hop,bucket,graph_box,1.0000,21,1,0,1,to the center,393,500,"112.0,397.0,203.0,474.0"
9526,2405401,2405401,1,0_hop,man,graph_box,1.0000,21,1,0,1,to the left,393,500,"0.0,55.0,82.0,291.0"
9527,2405401,2405401,1,2_hop,man,graph_box,1.0000,21,1,0,3,to the left,393,500,"0.0,55.0,82.0,291.0"
9529,2342823,2342823,2,2_hop,cyclist,graph_box,0.9564,20,1,0,3,to the right,500,335,"48.6,40.6,90.8,120.1"
9530,2333049,2333049,1,1_hop,woman,graph_box,1.0000,27,1,0,2,to the left,500,500,"19.0,305.0,258.0,437.0"
9531,2333049,2333049,2,2_hop,towel,graph_box,1.0000,27,2,1,3,to the center,500,500,"229.0,391.0,360.0,462.0"
9532,2333049,2333049,2,1_hop,towel,graph_box,1.0000,27,2,1,2,to the center,500,500,"229.0,391.0,360.0,462.0"
9533,2333049,2333049,2,2_hop,towel,graph_box,1.0000,27,2,1,3,to the left,500,500,"45.0,380.0,224.0,445.0"
9534,2333049,2333049,2,1_hop,towel,graph_box,1.0000,27,2,1,2,to the left,500,500,"45.0,380.0,224.0,445.0"
9535,2333049,2333049,1,0_hop,surfboard,graph_box,1.0000,27,1,0,1,to the left,500,500,"19.0,297.0,193.0,350.0"
9536,2374484,2374484,1,1_hop,boy,graph_box,1.0000,8,1,0,2,to the center,500,333,"187.0,102.0,271.0,198.0"
9539,2333221,2333221,2,2_hop,boy,graph_box,1.0000,19,1,0,3,to the left,500,452,"0.0,72.0,233.0,441.0"
9540,2344615,2344615,1,and,carriage,graph_box,1.0000,16,1,0,3,to the center,500,375,"155.0,199.0,336.0,267.0"
9541,2344615,2344615,1,and,horse,graph_box,1.0000,16,1,0,3,to the center,500,375,"258.0,167.0,376.0,291.0"
9544,2324889,2324889,2,1_hop,horse,graph_box,1.0000,25,2,1,2,to the center,500,331,"159.0,108.0,263.0,330.0"
9546,2395165,2395165,1,0_hop,kite,objects_id_first,0.2937,16,1,0,1,to the center,375,500,"118.2,138.7,266.7,302.4"
9547,2395165,2395165,1,2_hop,kite,graph_box,1.0000,16,1,0,3,to the center,375,500,"117.0,135.0,374.0,457.0"
9548,2368477,2368477,1,0_hop,elephant,graph_box,1.0000,14,1,0,1,to the center,500,366,"64.0,112.0,462.0,364.0"
9549,2368477,2368477,1,1_hop,elephant,graph_box,1.0000,14,1,0,2,to the center,500,366,"64.0,112.0,462.0,364.0"
9550,2390293,2390293,1,2_hop,man,graph_box,1.0000,17,1,0,3,to the center,500,333,"232.0,66.0,296.0,204.0"
9551,2390293,2390293,1,1_hop,man,graph_box,1.0000,17,1,0,2,to the center,500,333,"232.0,66.0,296.0,204.0"
9552,2390293,2390293,1,0_hop,horse,graph_box,1.0000,17,1,0,1,to the center,500,333,"164.0,110.0,430.0,259.0"
9553,2390293,2390293,1,1_hop,horse,graph_box,1.0000,17,1,0,2,to the center,500,333,"164.0,110.0,430.0,259.0"
9554,2416356,2416356,1,and,vase,graph_box,1.0000,12,1,0,3,to the center,375,500,"150.0,280.0,273.0,498.0"
9557,2329665,2329665,1,2_hop,boy,graph_box,1.0000,12,1,0,3,to the right,500,281,"293.0,0.0,375.0,281.0"
9558,2329665,2329665,1,1_hop,boy,graph_box,1.0000,12,1,0,2,to the right,500,281,"293.0,0.0,375.0,281.0"
9561,2394690,2394690,1,0_hop,cat,graph_box,1.0000,15,1,0,1,to the right,375,500,"261.0,288.0,356.0,346.0"
9562,2394690,2394690,1,1_hop,cat,graph_box,1.0000,15,1,0,2,to the right,375,500,"261.0,288.0,356.0,346.0"
9563,2409470,2409470,1,and,girl,graph_box,1.0000,14,1,0,3,to the center,500,333,"217.0,85.0,317.0,309.0"
9564,2374101,2374101,1,and,man,graph_box,1.0000,19,1,0,3,to the center,500,375,"185.0,83.0,241.0,226.0"
9565,2374101,2374101,1,2_hop,woman,graph_box,1.0000,19,1,0,3,to the left,500,375,"129.0,86.0,169.0,228.0"
9566,2374101,2374101,1,and,woman,graph_box,1.0000,19,1,0,3,to the left,500,375,"129.0,86.0,169.0,228.0"
9567,2340967,2340967,1,2_hop,dog,graph_box,1.0000,26,1,0,3,to the center,500,469,"183.0,58.0,469.0,468.0"
9568,2340967,2340967,1,and,cat,graph_box,1.0000,26,1,0,3,to the center,500,469,"186.0,160.0,254.0,414.0"
9569,2340965,2340965,1,2_hop,man,graph_box,1.0000,23,1,0,3,to the center,448,500,"175.0,157.0,280.0,449.0"
9570,2340965,2340965,1,and,man,graph_box,1.0000,23,1,0,3,to the center,448,500,"175.0,157.0,280.0,449.0"
9571,2340962,2340962,1,0_hop,bench,graph_box,1.0000,22,1,0,1,to the center,500,250,"68.0,48.0,431.0,201.0"
9572,2384847,2384847,2,2_hop,woman,graph_box,1.0000,28,3,2,3,to the center,500,375,"104.0,207.0,309.0,374.0"
9573,2384847,2384847,2,1_hop,woman,graph_box,1.0000,28,3,2,2,to the center,500,375,"104.0,207.0,309.0,374.0"
9574,2384847,2384847,3,2_hop,woman,graph_box,1.0000,28,3,2,3,to the center,500,375,"104.0,207.0,309.0,374.0"
9575,2384847,2384847,2,2_hop,man,graph_box,1.0000,28,3,2,3,to the right,500,375,"357.0,223.0,500.0,366.0"
9576,2384847,2384847,2,1_hop,man,graph_box,1.0000,28,3,2,2,to the right,500,375,"357.0,223.0,500.0,366.0"
9577,2384847,2384847,3,2_hop,man,graph_box,1.0000,28,3,2,3,to the left,500,375,"21.0,245.0,134.0,371.0"
9579,2362894,2362894,1,1_hop,boy,graph_box,1.0000,28,1,0,2,to the center,375,500,"104.0,250.0,217.0,498.0"
9580,2325119,2325119,1,0_hop,kettle,graph_box,1.0000,25,1,0,1,to the left,375,500,"0.0,241.0,112.0,429.0"
9581,2325119,2325119,1,2_hop,kettle,graph_box,1.0000,25,1,0,3,to the left,375,500,"0.0,241.0,112.0,429.0"
9582,2325119,2325119,1,2_hop,tray,graph_box,1.0000,25,1,0,3,to the center,375,500,"175.0,319.0,312.0,403.0"
9583,2325119,2325119,1,0_hop,cutting board,graph_box,1.0000,25,1,0,1,to the center,375,500,"102.0,264.0,204.0,374.0"
9584,2325119,2325119,1,0_hop,plate,graph_box,1.0000,25,1,0,1,to the center,375,500,"183.0,269.0,280.0,328.0"
9585,2325119,2325119,1,2_hop,plate,graph_box,1.0000,25,1,0,3,to the center,375,500,"183.0,269.0,280.0,328.0"
9586,2325119,2325119,1,and,plate,graph_box,1.0000,25,1,0,3,to the center,375,500,"183.0,269.0,280.0,328.0"
9587,2325405,2325405,2,2_hop,sign,graph_box,1.0000,14,2,1,3,to the left,375,500,"85.0,169.0,125.0,358.0"
9588,2325405,2325405,2,and,sign,graph_box,1.0000,14,2,1,3,to the left,375,500,"85.0,169.0,125.0,358.0"
9589,2364335,2364335,1,0_hop,woman,graph_box,1.0000,29,1,0,1,to the left,500,375,"88.0,41.0,161.0,196.0"
9590,2364335,2364335,1,and,woman,graph_box,1.0000,29,1,0,3,to the left,500,375,"88.0,41.0,161.0,196.0"
9591,2364335,2364335,1,0_hop,chair,graph_box,1.0000,29,1,0,1,to the left,500,375,"14.0,138.0,117.0,260.0"
9592,2364335,2364335,1,1_hop,chair,graph_box,1.0000,29,1,0,2,to the left,500,375,"14.0,138.0,117.0,260.0"
9593,2359280,2359280,2,1_hop,player,graph_box,1.0000,30,2,1,2,to the center,500,429,"150.0,27.0,297.0,414.0"
9594,2359937,2359937,1,0_hop,box,graph_box,1.0000,12,1,0,1,to the left,500,375,"0.0,339.0,181.0,375.0"
9595,2359937,2359937,1,1_hop,box,graph_box,1.0000,12,1,0,2,to the left,500,375,"0.0,339.0,181.0,375.0"
9596,2405611,2405611,1,and,glass,graph_box,1.0000,18,1,0,3,to the left,500,375,"104.0,0.0,203.0,54.0"
9597,2405611,2405611,1,0_hop,table,graph_box,1.0000,18,1,0,1,to the center,500,375,"4.0,102.0,499.0,369.0"
9598,2405611,2405611,1,2_hop,table,graph_box,1.0000,18,1,0,3,to the center,500,375,"4.0,102.0,499.0,369.0"
9599,2405611,2405611,1,1_hop,table,graph_box,1.0000,18,1,0,2,to the center,500,375,"4.0,102.0,499.0,369.0"
9600,2405611,2405611,1,0_hop,coffee,graph_box,1.0000,18,1,0,1,to the left,500,375,"110.0,1.0,197.0,58.0"
9601,2405611,2405611,2,2_hop,plate,graph_box,1.0000,18,3,2,3,to the right,500,375,"167.0,160.0,500.0,373.0"
9602,2405611,2405611,2,1_hop,plate,graph_box,1.0000,18,3,2,2,to the right,500,375,"167.0,160.0,500.0,373.0"
9603,2405611,2405611,1,0_hop,sandwich,graph_box,1.0000,18,1,0,1,to the right,500,375,"287.0,157.0,499.0,365.0"
9604,2405611,2405611,1,and,woman,graph_box,1.0000,18,1,0,3,to the right,500,375,"203.0,0.0,497.0,114.0"
9605,2348169,2348169,1,0_hop,bird,graph_box,1.0000,21,1,0,1,to the center,423,500,"120.0,141.0,363.0,429.0"
9606,2348169,2348169,1,2_hop,bird,graph_box,1.0000,21,1,0,3,to the center,423,500,"120.0,141.0,363.0,429.0"
9607,2348169,2348169,1,1_hop,bird,graph_box,1.0000,21,1,0,2,to the center,423,500,"120.0,141.0,363.0,429.0"
9608,2329411,2329411,1,1_hop,man,graph_box,1.0000,4,1,0,2,to the center,500,375,"139.0,121.0,224.0,324.0"
9610,2318983,2318983,1,1_hop,boat,graph_box,1.0000,30,1,0,2,to the center,500,375,"205.0,76.0,321.0,303.0"
9611,2363784,2363784,2,1_hop,man,graph_box,1.0000,19,2,1,2,to the left,500,333,"106.0,146.0,177.0,258.0"
9613,2403289,2403289,2,1_hop,woman,graph_box,1.0000,15,2,1,2,to the left,500,333,"97.0,68.0,196.0,314.0"
9614,2403289,2403289,1,0_hop,man,graph_box,1.0000,15,1,0,1,to the right,500,333,"369.0,44.0,433.0,299.0"
9615,2403289,2403289,1,2_hop,man,graph_box,1.0000,15,1,0,3,to the right,500,333,"369.0,44.0,433.0,299.0"
9620,2403289,2403289,3,2_hop,flower pot,graph_box,1.0000,15,2,1,3,to the left,500,333,"74.0,187.0,149.0,261.0"
9622,713572,713572,1,2_hop,man,graph_box,1.0000,25,1,0,3,to the center,1024,768,"203.0,404.0,535.0,670.0"
9623,713572,713572,1,and,man,graph_box,1.0000,25,1,0,3,to the center,1024,768,"203.0,404.0,535.0,670.0"
9627,2320864,2320864,1,0_hop,player,graph_box,1.0000,30,1,0,1,to the center,500,375,"236.0,92.0,360.0,250.0"
9632,2371387,2371387,1,0_hop,knife,graph_box,1.0000,16,1,0,1,to the left,323,500,"3.0,158.0,58.0,285.0"
9633,2371387,2371387,1,2_hop,knife,graph_box,1.0000,16,1,0,3,to the left,323,500,"3.0,158.0,58.0,285.0"
9634,2371386,2371386,2,2_hop,suitcase,graph_box,1.0000,18,3,2,3,to the left,500,375,"61.0,120.0,179.0,341.0"
9636,2371386,2371386,2,0_hop,bag,graph_box,1.0000,18,1,0,1,to the left,500,375,"84.0,119.0,162.0,190.0"
9637,2371386,2371386,1,2_hop,bag,graph_box,1.0000,18,1,0,3,to the left,500,375,"84.0,119.0,162.0,190.0"
9639,2374714,2374714,1,0_hop,truck,graph_box,1.0000,26,1,0,1,to the center,500,375,"31.0,72.0,476.0,331.0"
9640,2374714,2374714,2,0_hop,car,graph_box,1.0000,26,2,1,1,to the left,500,375,"0.0,84.0,202.0,182.0"
9642,2374714,2374714,3,2_hop,car,graph_box,1.0000,26,2,1,3,to the left,500,375,"0.0,84.0,202.0,182.0"
9643,2343895,2343895,1,2_hop,carriage,graph_box,1.0000,24,1,0,3,to the center,500,332,"0.0,94.0,446.0,275.0"
9644,2343895,2343895,2,2_hop,horse,graph_box,1.0000,24,2,1,3,to the left,500,332,"2.0,94.0,236.0,271.0"
9646,2343895,2343895,3,2_hop,horse,graph_box,1.0000,24,2,1,3,to the left,500,332,"2.0,94.0,236.0,271.0"
9650,2373844,2373844,2,1_hop,kite,graph_box,1.0000,16,2,1,2,to the left,500,375,"91.0,222.0,210.0,269.0"
9651,2373844,2373844,2,2_hop,kite,graph_box,1.0000,16,2,1,3,to the center,500,375,"257.0,221.0,385.0,275.0"
9652,2373844,2373844,2,and,kite,graph_box,1.0000,16,2,1,3,to the center,500,375,"257.0,221.0,385.0,275.0"
9653,2361665,2361665,1,2_hop,man,graph_box,1.0000,28,1,0,3,to the right,500,375,"388.0,193.0,436.0,339.0"
9655,2361666,2361666,2,and,man,graph_box,1.0000,19,2,1,3,to the right,333,500,"265.0,164.0,322.0,350.0"
9656,2361666,2361666,1,2_hop,woman,graph_box,1.0000,19,1,0,3,to the center,333,500,"59.0,170.0,283.0,499.0"
9657,2326858,2326858,1,1_hop,biker,graph_box,1.0000,24,1,0,2,to the center,500,375,"227.0,109.0,406.0,252.0"
9660,2377926,2377926,3,2_hop,woman,graph_box,1.0000,25,2,1,3,to the center,333,500,"107.0,144.0,220.0,423.0"
9661,2382835,2382835,1,0_hop,child,graph_box,1.0000,23,1,0,1,to the left,500,497,"108.0,271.0,176.0,439.0"
9662,2382835,2382835,1,2_hop,child,graph_box,1.0000,23,1,0,3,to the left,500,497,"108.0,271.0,176.0,439.0"
9664,2349150,2349150,1,2_hop,player,graph_box,1.0000,14,1,0,3,to the center,500,333,"91.0,48.0,252.0,332.0"
9666,2381560,2381560,1,2_hop,skater,graph_box,1.0000,18,1,0,3,to the center,500,334,"166.0,13.0,301.0,288.0"
9667,2381560,2381560,1,and,skater,graph_box,1.0000,18,1,0,3,to the center,500,334,"166.0,13.0,301.0,288.0"
9672,2381560,2381560,1,0_hop,skateboard,graph_box,1.0000,18,1,0,1,to the center,500,334,"231.0,234.0,312.0,288.0"
9673,2381560,2381560,1,1_hop,skateboard,graph_box,1.0000,18,1,0,2,to the center,500,334,"231.0,234.0,312.0,288.0"
9674,2398522,2398522,1,and,bench,graph_box,1.0000,11,1,0,3,to the center,391,500,"25.0,109.0,374.0,487.0"
9675,2350598,2350598,1,and,train,graph_box,1.0000,13,1,0,3,to the center,500,376,"164.0,148.0,332.0,233.0"
9676,2376384,2376384,1,0_hop,towel,graph_box,1.0000,18,1,0,1,to the left,500,375,"47.0,1.0,108.0,177.0"
9677,2376384,2376384,1,1_hop,towel,graph_box,1.0000,18,1,0,2,to the left,500,375,"47.0,1.0,108.0,177.0"
9678,2315969,2315969,1,0_hop,truck,graph_box,1.0000,15,1,0,1,to the center,500,334,"67.0,97.0,363.0,227.0"
9679,2378834,2378834,2,0_hop,man,objects_id_first,0.0000,19,1,0,1,to the left,500,333,"0.6,140.5,65.6,271.9"
9680,2378834,2378834,1,and,man,graph_box,1.0000,19,1,0,3,to the left,500,333,"134.0,51.0,192.0,188.0"
9681,2378834,2378834,1,and,bicycle,graph_box,1.0000,19,1,0,3,to the left,500,333,"96.0,131.0,214.0,199.0"
9683,2349842,2349842,2,0_hop,horse,graph_box,1.0000,13,2,1,1,to the right,500,494,"239.0,147.0,428.0,344.0"
9686,2331158,2331158,1,and,radiator,graph_box,1.0000,23,1,0,3,to the right,500,317,"302.0,172.0,387.0,223.0"
9687,2340293,2340293,1,0_hop,cyclist,graph_box,1.0000,25,1,0,1,to the left,500,375,"24.0,104.0,131.0,338.0"
9688,2340490,2340490,1,0_hop,toilet seat,graph_box,1.0000,16,1,0,1,to the center,375,500,"181.0,282.0,257.0,360.0"
9689,2340490,2340490,1,1_hop,toilet seat,graph_box,1.0000,16,1,0,2,to the center,375,500,"181.0,282.0,257.0,360.0"
9692,2320180,2320180,2,and,man,graph_box,1.0000,37,3,2,3,to the left,500,500,"49.0,161.0,155.0,334.0"
9693,2320180,2320180,3,2_hop,man,graph_box,1.0000,37,3,2,3,to the left,500,500,"49.0,161.0,155.0,334.0"
9694,2320180,2320180,2,2_hop,horse,graph_box,1.0000,37,4,3,3,to the left,500,500,"77.0,198.0,152.0,423.0"
9695,2320180,2320180,2,and,horse,graph_box,1.0000,37,4,3,3,to the left,500,500,"77.0,198.0,152.0,423.0"
9697,1591822,1591822,2,2_hop,man,graph_box,1.0000,23,2,1,3,to the right,1024,768,"475.0,32.0,961.0,759.0"
9698,1591822,1591822,2,and,man,graph_box,1.0000,23,2,1,3,to the right,1024,768,"475.0,32.0,961.0,759.0"
9699,1591822,1591822,1,0_hop,scissors,graph_box,1.0000,23,1,0,1,to the center,1024,768,"386.0,335.0,546.0,477.0"
9700,1591822,1591822,1,1_hop,scissors,graph_box,1.0000,23,1,0,2,to the center,1024,768,"386.0,335.0,546.0,477.0"
9701,2364317,2364317,1,2_hop,boy,graph_box,1.0000,15,1,0,3,to the right,500,333,"177.0,54.0,499.0,331.0"
9704,2381360,2381360,1,2_hop,laptop,graph_box,1.0000,31,1,0,3,to the center,500,375,"144.0,83.0,257.0,132.0"
9705,2381360,2381360,1,and,laptop,graph_box,1.0000,31,1,0,3,to the center,500,375,"144.0,83.0,257.0,132.0"
9706,2381360,2381360,1,2_hop,pillow,graph_box,1.0000,31,1,0,3,to the center,500,375,"139.0,1.0,291.0,62.0"
9707,2381360,2381360,1,2_hop,blanket,graph_box,1.0000,31,1,0,3,to the center,500,375,"63.0,43.0,434.0,326.0"
9712,2384787,2384787,2,and,woman,graph_box,1.0000,29,2,1,3,to the left,500,500,"114.0,104.0,190.0,341.0"
9713,2384787,2384787,2,1_hop,man,graph_box,1.0000,29,4,3,2,to the center,500,500,"274.0,57.0,383.0,438.0"
9714,2334602,2334602,1,0_hop,chair,graph_box,1.0000,18,1,0,1,to the center,500,323,"205.0,201.0,330.0,269.0"
9715,2334602,2334602,1,2_hop,chair,graph_box,1.0000,18,1,0,3,to the center,500,323,"205.0,201.0,330.0,269.0"
9716,2334602,2334602,1,2_hop,table,graph_box,1.0000,18,1,0,3,to the center,500,323,"102.0,251.0,381.0,323.0"
9717,2334602,2334602,1,and,table,graph_box,1.0000,18,1,0,3,to the center,500,323,"102.0,251.0,381.0,323.0"
9720,2362410,2362410,1,1_hop,snowboard,graph_box,1.0000,44,1,0,2,to the center,500,357,"110.0,246.0,263.0,277.0"
9721,2355973,2355973,2,1_hop,girl,graph_box,1.0000,15,2,1,2,to the right,500,333,"310.0,87.0,441.0,331.0"
9723,2362419,2362419,2,1_hop,man,graph_box,1.0000,31,1,0,2,to the center,333,500,"130.0,134.0,235.0,385.0"
9726,2383204,2383204,1,0_hop,bus,graph_box,1.0000,16,1,0,1,to the center,500,375,"82.0,131.0,371.0,244.0"
9727,2322211,2322211,1,2_hop,man,graph_box,1.0000,24,1,0,3,to the right,333,500,"202.0,98.0,304.0,458.0"
9728,2365993,2365993,1,0_hop,table,graph_box,1.0000,26,1,0,1,to the center,375,500,"18.0,242.0,313.0,500.0"
9730,2365993,2365993,1,and,chair,graph_box,1.0000,26,1,0,3,to the center,375,500,"178.0,245.0,304.0,484.0"
9731,2395738,2395738,1,1_hop,bench,graph_box,1.0000,17,1,0,2,to the center,500,333,"117.0,192.0,356.0,286.0"
9732,2395738,2395738,1,2_hop,man,graph_box,1.0000,17,1,0,3,to the center,500,333,"111.0,200.0,325.0,235.0"
9733,2342151,2342151,1,0_hop,table,graph_box,1.0000,21,1,0,1,to the right,500,399,"195.0,243.0,499.0,395.0"
9735,3121,3121,1,1_hop,car,graph_box,1.0000,20,1,0,2,to the right,800,600,"530.0,401.0,798.0,568.0"
9736,2405707,2405707,1,0_hop,blanket,graph_box,1.0000,19,1,0,1,to the right,500,375,"324.0,260.0,468.0,374.0"
9738,2405707,2405707,2,1_hop,man,graph_box,1.0000,19,3,2,2,to the center,500,375,"175.0,180.0,314.0,374.0"
9739,2394067,2394067,1,2_hop,man,graph_box,1.0000,11,1,0,3,to the right,500,375,"225.0,97.0,467.0,374.0"
9740,2376266,2376266,1,0_hop,plate,graph_box,1.0000,27,1,0,1,to the left,500,375,"96.0,315.0,218.0,374.0"
9741,2376266,2376266,1,2_hop,plate,graph_box,1.0000,27,1,0,3,to the left,500,375,"96.0,315.0,218.0,374.0"
9742,2376266,2376266,1,0_hop,woman,graph_box,1.0000,27,1,0,1,to the right,500,375,"223.0,33.0,485.0,369.0"
9744,2376266,2376266,2,and,glass,graph_box,1.0000,27,1,0,3,to the center,500,375,"248.0,284.0,310.0,375.0"
9745,2376266,2376266,3,2_hop,glass,graph_box,1.0000,27,1,0,3,to the center,500,375,"248.0,284.0,310.0,375.0"
9746,2375467,2375467,2,2_hop,sign,graph_box,1.0000,26,8,7,3,to the right,375,500,"331.0,204.0,374.0,334.0"
9747,2375467,2375467,2,1_hop,sign,graph_box,1.0000,26,8,7,2,to the right,375,500,"331.0,204.0,374.0,334.0"
9748,2375467,2375467,1,0_hop,street sign,graph_box,1.0000,26,1,0,1,to the right,375,500,"147.0,35.0,374.0,152.0"
9750,2382034,2382034,1,and,man,graph_box,1.0000,14,1,0,3,to the left,500,271,"80.0,59.0,188.0,225.0"
9751,2382034,2382034,1,1_hop,motorcycle,graph_box,1.0000,14,1,0,2,to the left,500,271,"81.0,86.0,209.0,260.0"
9752,2405382,2405382,1,0_hop,woman,graph_box,1.0000,14,1,0,1,to the center,500,500,"110.0,220.0,273.0,462.0"
9754,2405382,2405382,1,1_hop,basket,graph_box,1.0000,14,1,0,2,to the center,500,500,"255.0,303.0,402.0,413.0"
9756,2397602,2397602,2,and,man,graph_box,1.0000,31,3,2,3,to the right,500,381,"365.0,129.0,485.0,375.0"
9757,2397602,2397602,2,2_hop,man,graph_box,1.0000,31,3,2,3,to the left,500,381,"75.0,169.0,200.0,374.0"
9759,2397602,2397602,3,2_hop,man,graph_box,1.0000,31,3,2,3,to the left,500,381,"75.0,169.0,200.0,374.0"
9760,2397602,2397602,2,2_hop,sign,graph_box,1.0000,31,2,1,3,to the left,500,381,"27.0,14.0,237.0,167.0"
9762,2397600,2397600,2,2_hop,boy,graph_box,1.0000,31,3,2,3,to the center,500,315,"4.0,28.0,339.0,306.0"
9763,2397600,2397600,2,1_hop,boy,graph_box,1.0000,31,3,2,2,to the center,500,315,"4.0,28.0,339.0,306.0"
9764,2393949,2393949,1,0_hop,girl,graph_box,1.0000,14,1,0,1,to the center,200,500,"43.0,101.0,185.0,477.0"
9765,2401381,2401381,1,1_hop,chair,graph_box,1.0000,18,1,0,2,to the center,500,375,"54.0,220.0,317.0,374.0"
9766,2401381,2401381,1,2_hop,table,graph_box,1.0000,18,1,0,3,to the center,500,375,"254.0,195.0,404.0,331.0"
9767,2401381,2401381,1,0_hop,backpack,graph_box,1.0000,18,1,0,1,to the center,500,375,"197.0,231.0,288.0,322.0"
9768,2401381,2401381,1,2_hop,backpack,graph_box,1.0000,18,1,0,3,to the center,500,375,"197.0,231.0,288.0,322.0"
9769,2404476,2404476,1,0_hop,woman,graph_box,1.0000,13,1,0,1,to the center,429,500,"58.0,44.0,309.0,500.0"
9770,2378665,2378665,1,2_hop,cow,graph_box,1.0000,16,1,0,3,to the center,500,395,"172.0,91.0,332.0,195.0"
9771,2378665,2378665,1,and,cow,graph_box,1.0000,16,1,0,3,to the center,500,395,"172.0,91.0,332.0,195.0"
9772,2378665,2378665,2,2_hop,lamb,graph_box,1.0000,16,3,2,3,to the center,500,395,"227.0,192.0,330.0,252.0"
9773,2378665,2378665,2,and,lamb,graph_box,1.0000,16,3,2,3,to the center,500,395,"227.0,192.0,330.0,252.0"
9774,2378665,2378665,1,0_hop,sheep,graph_box,1.0000,16,1,0,1,to the center,500,395,"151.0,94.0,261.0,250.0"
9775,2378665,2378665,1,and,sheep,graph_box,1.0000,16,1,0,3,to the center,500,395,"151.0,94.0,261.0,250.0"
9776,2408154,2408154,1,2_hop,boy,graph_box,1.0000,25,1,0,3,to the center,500,375,"127.0,25.0,343.0,244.0"
9777,2408154,2408154,1,and,boy,graph_box,1.0000,25,1,0,3,to the center,500,375,"127.0,25.0,343.0,244.0"
9778,2408154,2408154,1,2_hop,boat,graph_box,1.0000,25,1,0,3,to the center,500,375,"0.0,59.0,500.0,375.0"
9779,2408154,2408154,1,1_hop,boat,graph_box,1.0000,25,1,0,2,to the center,500,375,"0.0,59.0,500.0,375.0"
9780,2358823,2358823,1,and,boy,graph_box,1.0000,15,1,0,3,to the center,500,333,"148.0,0.0,422.0,333.0"
9781,2355500,2355500,2,1_hop,elephant,graph_box,1.0000,21,2,1,2,to the left,500,333,"18.0,175.0,188.0,327.0"
9784,2355500,2355500,3,2_hop,elephant,graph_box,1.0000,21,2,1,3,to the right,500,333,"206.0,0.0,499.0,333.0"
9785,2356314,2356314,1,2_hop,giraffe,graph_box,1.0000,13,1,0,3,to the center,333,500,"19.0,81.0,256.0,499.0"
9786,2356314,2356314,1,1_hop,giraffe,graph_box,1.0000,13,1,0,2,to the center,333,500,"19.0,81.0,256.0,499.0"
9787,2343586,2343586,2,1_hop,train,graph_box,1.0000,13,2,1,2,to the right,500,375,"229.0,82.0,500.0,271.0"
9791,2343183,2343183,2,1_hop,horse,graph_box,1.0000,14,2,1,2,to the left,382,500,"52.0,317.0,140.0,438.0"
9792,1159271,1159271,1,1_hop,boat,graph_box,1.0000,14,1,0,2,to the center,1024,672,"378.0,515.0,734.0,671.0"
9793,2345741,2345741,1,0_hop,man,graph_box,1.0000,18,1,0,1,to the left,500,445,"44.0,146.0,196.0,417.0"
9794,2345741,2345741,1,2_hop,man,graph_box,1.0000,18,1,0,3,to the left,500,445,"44.0,146.0,196.0,417.0"
9795,2345741,2345741,1,and,man,graph_box,1.0000,18,1,0,3,to the left,500,445,"44.0,146.0,196.0,417.0"
9796,2345741,2345741,1,0_hop,car,graph_box,1.0000,18,1,0,1,to the center,500,445,"97.0,0.0,499.0,145.0"
9797,2351260,2351260,1,0_hop,horse,graph_box,1.0000,13,1,0,1,to the right,500,374,"171.0,42.0,500.0,374.0"
9798,2351260,2351260,1,and,horse,graph_box,1.0000,13,1,0,3,to the right,500,374,"171.0,42.0,500.0,374.0"
9799,285673,285673,1,0_hop,chandelier,graph_box,1.0000,25,1,0,1,to the left,768,1024,"69.0,0.0,244.0,312.0"
9802,2396397,2396397,1,1_hop,man,graph_box,1.0000,23,1,0,2,to the center,500,333,"153.0,17.0,267.0,221.0"
9803,2340921,2340921,1,0_hop,boy,graph_box,1.0000,14,1,0,1,to the center,500,333,"144.0,111.0,263.0,332.0"
9804,2340921,2340921,1,1_hop,boy,graph_box,1.0000,14,1,0,2,to the center,500,333,"144.0,111.0,263.0,332.0"
9805,2409383,2409383,1,0_hop,kite,graph_box,1.0000,5,1,0,1,to the center,500,333,"150.0,95.0,315.0,220.0"
9806,2409383,2409383,1,2_hop,kite,graph_box,1.0000,5,1,0,3,to the center,500,333,"150.0,95.0,315.0,220.0"
9807,2409383,2409383,1,and,woman,graph_box,1.0000,5,1,0,3,to the left,500,333,"46.0,13.0,209.0,272.0"
9808,2386019,2386019,1,0_hop,jeep,graph_box,1.0000,24,1,0,1,to the center,375,500,"0.0,319.0,350.0,494.0"
9809,2386019,2386019,1,2_hop,jeep,graph_box,1.0000,24,1,0,3,to the center,375,500,"0.0,319.0,350.0,494.0"
9810,2336536,2336536,1,0_hop,sculpture,objects_id_first,0.4007,14,1,0,1,to the center,375,500,"117.4,249.5,160.3,338.9"
9811,2336536,2336536,1,1_hop,sculpture,graph_box,1.0000,14,1,0,2,to the center,375,500,"85.0,247.0,172.0,357.0"
9812,2370283,2370283,2,1_hop,man,graph_box,1.0000,27,6,5,2,to the center,500,375,"211.0,103.0,325.0,247.0"
9813,2410083,2410083,1,2_hop,table,graph_box,1.0000,15,1,0,3,to the center,500,375,"204.0,231.0,302.0,327.0"
9814,2413696,2413696,3,2_hop,suitcase,graph_box,1.0000,14,8,7,3,to the left,374,500,"65.0,250.0,171.0,402.0"
9815,2343034,2343034,1,0_hop,surfboard,graph_box,1.0000,12,1,0,1,to the center,500,333,"111.0,224.0,405.0,260.0"
9816,2343034,2343034,1,0_hop,boy,graph_box,1.0000,12,1,0,1,to the center,500,333,"65.0,23.0,302.0,237.0"
9827,2387278,2387278,1,2_hop,girl,graph_box,1.0000,15,1,0,3,to the center,500,500,"194.0,201.0,284.0,422.0"
9828,2315632,2315632,1,0_hop,woman,graph_box,1.0000,29,1,0,1,to the left,500,332,"62.0,104.0,120.0,214.0"
9830,2379166,2379166,2,2_hop,man,graph_box,1.0000,28,3,2,3,to the center,500,375,"286.0,126.0,333.0,308.0"
9831,2379166,2379166,2,and,man,graph_box,1.0000,28,3,2,3,to the center,500,375,"286.0,126.0,333.0,308.0"
9832,2379166,2379166,2,2_hop,man,graph_box,1.0000,28,3,2,3,to the center,500,375,"146.0,140.0,226.0,370.0"
9833,2379166,2379166,2,1_hop,man,graph_box,1.0000,28,3,2,2,to the center,500,375,"146.0,140.0,226.0,370.0"
9834,2416484,2416484,1,and,boy,graph_box,1.0000,16,1,0,3,to the center,300,500,"47.0,116.0,164.0,471.0"
9836,2416484,2416484,1,1_hop,backpack,graph_box,1.0000,16,1,0,2,to the center,300,500,"136.0,327.0,238.0,415.0"
9837,2343353,2343353,2,2_hop,bag,graph_box,1.0000,17,2,1,3,to the right,375,500,"238.0,344.0,372.0,473.0"
9838,2343353,2343353,2,1_hop,bag,graph_box,1.0000,17,2,1,2,to the right,375,500,"238.0,344.0,372.0,473.0"
9839,2324557,2324557,1,1_hop,man,graph_box,1.0000,11,1,0,2,to the center,500,375,"260.0,89.0,371.0,375.0"
9840,2368848,2368848,1,2_hop,girl,graph_box,1.0000,14,1,0,3,to the center,500,375,"138.0,127.0,497.0,370.0"
9841,2369714,2369714,2,1_hop,player,graph_box,1.0000,35,6,5,2,to the left,500,374,"79.0,96.0,136.0,196.0"
9842,2318945,2318945,1,0_hop,bus,graph_box,1.0000,29,1,0,1,to the right,500,375,"342.0,104.0,453.0,156.0"
9846,2333619,2333619,1,and,stuffed bear,graph_box,1.0000,12,1,0,3,to the center,500,333,"226.0,65.0,438.0,286.0"
9847,2384502,2384502,1,0_hop,surfboard,graph_box,1.0000,11,1,0,1,to the center,500,166,"209.0,71.0,255.0,123.0"
9848,2384502,2384502,1,2_hop,surfer,objects_id_first,0.4854,11,1,0,3,to the center,500,166,"202.0,25.0,286.0,104.0"
9849,2348125,2348125,1,0_hop,stop sign,graph_box,1.0000,6,1,0,1,to the center,500,334,"148.0,115.0,292.0,285.0"
9850,2348125,2348125,1,1_hop,stop sign,graph_box,1.0000,6,1,0,2,to the center,500,334,"148.0,115.0,292.0,285.0"
9851,2316817,2316817,1,and,boy,graph_box,1.0000,34,1,0,3,to the left,500,375,"47.0,39.0,233.0,373.0"
9853,714,714,2,and,car,graph_box,1.0000,20,4,3,3,to the left,800,600,"33.0,359.0,282.0,447.0"
9855,2344827,2344827,1,2_hop,boy,graph_box,1.0000,21,1,0,3,to the right,296,500,"109.0,4.0,292.0,433.0"
9857,2344827,2344827,2,and,bike,graph_box,1.0000,21,2,1,3,to the right,296,500,"238.0,154.0,296.0,218.0"
9860,2389115,2389115,2,0_hop,towel,graph_box,1.0000,26,2,1,1,to the left,500,325,"52.0,180.0,256.0,271.0"
9861,2389115,2389115,2,2_hop,towel,graph_box,1.0000,26,2,1,3,to the left,500,325,"52.0,180.0,256.0,271.0"
9862,2389115,2389115,2,1_hop,towel,graph_box,1.0000,26,2,1,2,to the left,500,325,"52.0,180.0,256.0,271.0"
9864,2389115,2389115,3,2_hop,woman,graph_box,1.0000,26,4,3,3,to the center,500,325,"82.0,182.0,257.0,235.0"
9865,2389115,2389115,3,1_hop,woman,graph_box,1.0000,26,4,3,2,to the center,500,325,"82.0,182.0,257.0,235.0"
9866,2389115,2389115,1,0_hop,chair,graph_box,1.0000,26,1,0,1,to the left,500,325,"19.0,183.0,272.0,277.0"
9867,2389115,2389115,1,1_hop,chair,graph_box,1.0000,26,1,0,2,to the left,500,325,"19.0,183.0,272.0,277.0"
9869,2346071,2346071,2,1_hop,man,graph_box,1.0000,27,2,1,2,to the right,500,375,"293.0,68.0,408.0,328.0"
9870,2381683,2381683,1,1_hop,blanket,graph_box,1.0000,12,1,0,2,to the center,500,375,"171.0,271.0,336.0,367.0"
9871,2389455,2389455,1,0_hop,dishwasher,graph_box,1.0000,15,1,0,1,to the left,500,375,"60.0,239.0,132.0,338.0"
9872,2341246,2341246,1,0_hop,pillow,graph_box,1.0000,10,1,0,1,to the left,500,336,"67.0,215.0,183.0,255.0"
9873,2341246,2341246,1,1_hop,pillow,graph_box,1.0000,10,1,0,2,to the left,500,336,"67.0,215.0,183.0,255.0"
9875,2362999,2362999,1,1_hop,umpire,graph_box,1.0000,15,1,0,2,to the right,500,333,"293.0,117.0,475.0,319.0"
9876,2334624,2334624,1,0_hop,chair,graph_box,1.0000,12,1,0,1,to the center,500,375,"220.0,192.0,326.0,361.0"
9877,2334624,2334624,1,2_hop,chair,graph_box,1.0000,12,1,0,3,to the center,500,375,"220.0,192.0,326.0,361.0"
9878,2334624,2334624,1,2_hop,pillow,graph_box,1.0000,12,1,0,3,to the left,500,375,"8.0,235.0,131.0,313.0"
9879,2318376,2318376,1,2_hop,woman,graph_box,1.0000,21,1,0,3,to the left,500,346,"13.0,1.0,257.0,345.0"
9880,2318376,2318376,1,and,woman,graph_box,1.0000,21,1,0,3,to the left,500,346,"13.0,1.0,257.0,345.0"
9881,2325810,2325810,1,0_hop,coffee table,graph_box,1.0000,17,1,0,1,to the center,500,375,"221.0,221.0,373.0,369.0"
9882,2404132,2404132,1,0_hop,pole,graph_box,1.0000,16,1,0,1,to the right,500,375,"309.0,3.0,445.0,373.0"
9883,2404132,2404132,2,2_hop,sign,graph_box,1.0000,16,2,1,3,to the left,500,375,"0.0,0.0,210.0,352.0"
9884,2404132,2404132,2,and,sign,graph_box,1.0000,16,2,1,3,to the left,500,375,"0.0,0.0,210.0,352.0"
9885,150433,150433,1,0_hop,bus,graph_box,1.0000,26,1,0,1,to the right,1024,681,"578.0,90.0,856.0,180.0"
9886,150433,150433,1,1_hop,bus,graph_box,1.0000,26,1,0,2,to the right,1024,681,"578.0,90.0,856.0,180.0"
9888,150433,150433,2,and,woman,graph_box,1.0000,26,2,1,3,to the center,1024,681,"435.0,151.0,578.0,469.0"
9889,150433,150433,1,0_hop,van,graph_box,1.0000,26,1,0,1,to the right,1024,681,"731.0,247.0,884.0,368.0"
9892,2378646,2378646,1,and,man,graph_box,1.0000,14,1,0,3,to the center,500,357,"135.0,126.0,227.0,308.0"
9893,2401360,2401360,1,0_hop,blanket,graph_box,1.0000,11,1,0,1,to the center,500,375,"127.0,173.0,425.0,371.0"
9896,2388881,2388881,1,0_hop,post,graph_box,1.0000,11,1,0,1,to the center,500,333,"252.0,0.0,278.0,332.0"
9897,2388881,2388881,2,0_hop,sign,graph_box,1.0000,11,2,1,1,to the left,500,333,"66.0,69.0,255.0,106.0"
9898,2353784,2353784,1,0_hop,bus,graph_box,1.0000,15,1,0,1,to the center,500,281,"146.0,114.0,348.0,214.0"
9899,2353784,2353784,1,1_hop,bus,graph_box,1.0000,15,1,0,2,to the center,500,281,"146.0,114.0,348.0,214.0"
9900,2352785,2352785,2,2_hop,bench,graph_box,1.0000,29,5,4,3,to the right,500,333,"354.0,216.0,446.0,268.0"
9901,2352785,2352785,2,1_hop,bench,graph_box,1.0000,29,5,4,2,to the right,500,333,"354.0,216.0,446.0,268.0"
9903,2388089,2388089,1,0_hop,skateboarder,graph_box,1.0000,23,1,0,1,to the center,332,500,"4.0,93.0,263.0,385.0"
9905,2387842,2387842,1,0_hop,boy,graph_box,1.0000,18,1,0,1,to the left,500,500,"52.0,271.0,199.0,500.0"
9906,2387842,2387842,1,and,boy,graph_box,1.0000,18,1,0,3,to the left,500,500,"52.0,271.0,199.0,500.0"
9907,2387842,2387842,1,0_hop,elephant,graph_box,1.0000,18,1,0,1,to the center,500,500,"43.0,69.0,409.0,398.0"
9908,2360682,2360682,1,0_hop,airplane,graph_box,1.0000,12,1,0,1,to the center,500,357,"14.0,44.0,476.0,268.0"
9909,2393484,2393484,2,2_hop,woman,graph_box,1.0000,18,1,0,3,to the center,500,333,"189.0,37.0,289.0,331.0"
9910,2393484,2393484,2,and,woman,graph_box,1.0000,18,1,0,3,to the center,500,333,"189.0,37.0,289.0,331.0"
9912,2404338,2404338,1,0_hop,truck,graph_box,1.0000,25,1,0,1,to the center,500,375,"58.0,72.0,474.0,276.0"
9914,2404338,2404338,2,and,man,graph_box,1.0000,25,2,1,3,to the left,500,375,"57.0,0.0,137.0,172.0"
9915,2371139,2371139,1,and,dog,graph_box,1.0000,30,1,0,3,to the center,500,375,"237.0,149.0,382.0,328.0"
9916,2371139,2371139,2,2_hop,woman,graph_box,1.0000,30,5,4,3,to the center,500,375,"185.0,0.0,309.0,271.0"
9917,2371139,2371139,2,and,woman,graph_box,1.0000,30,5,4,3,to the center,500,375,"185.0,0.0,309.0,271.0"
9919,1507,1507,1,0_hop,truck,graph_box,1.0000,27,1,0,1,to the center,800,600,"422.0,266.0,613.0,427.0"
9920,1507,1507,1,2_hop,truck,graph_box,1.0000,27,1,0,3,to the center,800,600,"422.0,266.0,613.0,427.0"
9921,2377695,2377695,1,0_hop,frisbee,graph_box,1.0000,15,1,0,1,to the right,375,500,"219.0,342.0,333.0,451.0"
9922,2377695,2377695,1,1_hop,frisbee,graph_box,1.0000,15,1,0,2,to the right,375,500,"219.0,342.0,333.0,451.0"
9923,2377695,2377695,1,0_hop,dog,graph_box,1.0000,15,1,0,1,to the center,375,500,"9.0,69.0,296.0,406.0"
9924,2377695,2377695,1,1_hop,dog,graph_box,1.0000,15,1,0,2,to the center,375,500,"9.0,69.0,296.0,406.0"
9925,2315383,2315383,2,0_hop,girl,graph_box,1.0000,23,2,1,1,to the center,375,500,"72.0,154.0,341.0,500.0"
9926,2315383,2315383,2,1_hop,girl,graph_box,1.0000,23,2,1,2,to the center,375,500,"72.0,154.0,341.0,500.0"
9927,2363539,2363539,1,0_hop,train,graph_box,1.0000,17,1,0,1,to the center,332,500,"0.0,135.0,268.0,419.0"
9928,2363539,2363539,1,2_hop,train,graph_box,1.0000,17,1,0,3,to the center,332,500,"0.0,135.0,268.0,419.0"
9929,2345888,2345888,2,1_hop,sheep,graph_box,1.0000,18,7,6,2,to the center,500,333,"266.0,186.0,375.0,272.0"
9930,2366017,2366017,2,and,sheep,graph_box,1.0000,19,2,1,3,to the right,500,375,"226.0,110.0,500.0,324.0"
9931,2352843,2352843,1,1_hop,bus,graph_box,1.0000,15,1,0,2,to the center,500,220,"22.0,72.0,385.0,187.0"
9932,2380181,2380181,1,0_hop,dog,graph_box,1.0000,24,1,0,1,to the center,500,375,"0.0,180.0,345.0,375.0"
9933,2380186,2380186,1,1_hop,man,graph_box,1.0000,18,1,0,2,to the right,500,334,"240.0,61.0,442.0,317.0"
9934,2357869,2357869,2,1_hop,zebra,graph_box,1.0000,20,4,3,2,to the left,500,377,"49.0,209.0,131.0,326.0"
9935,2401998,2401998,1,0_hop,train,graph_box,1.0000,17,1,0,1,to the center,500,333,"10.0,121.0,446.0,232.0"
9936,2374021,2374021,1,0_hop,laptop,graph_box,1.0000,18,1,0,1,to the right,500,332,"300.0,213.0,410.0,287.0"
9938,2374021,2374021,1,1_hop,coffee table,graph_box,1.0000,18,1,0,2,to the center,500,332,"228.0,184.0,432.0,329.0"
9939,2388923,2388923,1,2_hop,man,graph_box,1.0000,9,1,0,3,to the right,375,500,"256.0,287.0,340.0,400.0"
9940,2388923,2388923,1,and,man,graph_box,1.0000,9,1,0,3,to the right,375,500,"256.0,287.0,340.0,400.0"
9941,2335740,2335740,1,0_hop,paddle,graph_box,1.0000,20,1,0,1,to the left,500,375,"84.0,191.0,231.0,363.0"
9942,2335740,2335740,2,1_hop,girl,graph_box,1.0000,20,1,0,2,to the center,500,375,"55.0,134.0,329.0,357.0"
9944,2360719,2360719,1,and,baby,graph_box,1.0000,14,1,0,3,to the center,375,500,"155.0,250.0,310.0,498.0"
9945,2383402,2383402,1,2_hop,car,graph_box,1.0000,7,1,0,3,to the right,500,375,"277.0,318.0,390.0,369.0"
9946,2383402,2383402,1,and,car,graph_box,1.0000,7,1,0,3,to the right,500,375,"277.0,318.0,390.0,369.0"
9948,2383409,2383409,2,2_hop,traffic light,graph_box,1.0000,13,2,1,3,to the center,332,500,"184.0,133.0,229.0,465.0"
9950,2321959,2321959,1,1_hop,train,graph_box,1.0000,20,1,0,2,to the center,500,332,"174.0,47.0,390.0,296.0"
9954,2368141,2368141,3,2_hop,woman,graph_box,1.0000,27,4,3,3,to the left,500,486,"102.0,42.0,229.0,182.0"
9955,2368141,2368141,2,2_hop,elephant,graph_box,1.0000,27,2,1,3,to the right,500,486,"312.0,159.0,485.0,409.0"
9956,2368141,2368141,2,1_hop,elephant,graph_box,1.0000,27,2,1,2,to the right,500,486,"312.0,159.0,485.0,409.0"
9957,2368141,2368141,3,2_hop,elephant,graph_box,1.0000,27,2,1,3,to the right,500,486,"312.0,159.0,485.0,409.0"
9959,2368141,2368141,3,2_hop,elephant,graph_box,1.0000,27,2,1,3,to the center,500,486,"46.0,146.0,327.0,449.0"
9960,2368141,2368141,2,1_hop,woman,graph_box,1.0000,27,4,3,2,to the right,500,486,"339.0,257.0,431.0,454.0"
9961,2368141,2368141,3,2_hop,woman,graph_box,1.0000,27,4,3,3,to the right,500,486,"339.0,257.0,431.0,454.0"
9962,2368141,2368141,3,2_hop,man,graph_box,1.0000,27,6,5,3,to the right,500,486,"458.0,255.0,497.0,412.0"
9963,2368141,2368141,2,2_hop,man,graph_box,1.0000,27,6,5,3,to the center,500,486,"141.0,185.0,361.0,485.0"
9964,2368141,2368141,2,and,man,graph_box,1.0000,27,6,5,3,to the center,500,486,"141.0,185.0,361.0,485.0"
9965,2368141,2368141,1,2_hop,bag,graph_box,1.0000,27,1,0,3,to the right,500,486,"362.0,340.0,437.0,445.0"
9966,2399964,2399964,1,0_hop,bench,graph_box,1.0000,12,1,0,1,to the left,500,334,"53.0,176.0,277.0,311.0"
9967,2407964,2407964,3,2_hop,man,graph_box,1.0000,44,3,2,3,to the center,500,375,"276.0,142.0,318.0,257.0"
9968,2386805,2386805,1,2_hop,man,graph_box,1.0000,18,1,0,3,to the center,500,378,"256.0,278.0,305.0,375.0"
9969,2386805,2386805,1,1_hop,man,graph_box,1.0000,18,1,0,2,to the center,500,378,"256.0,278.0,305.0,375.0"
9970,2328203,2328203,1,0_hop,man,graph_box,1.0000,8,1,0,1,to the center,500,320,"234.0,81.0,287.0,224.0"
9971,2328203,2328203,1,1_hop,man,graph_box,1.0000,8,1,0,2,to the center,500,320,"234.0,81.0,287.0,224.0"
9972,2409866,2409866,1,and,skater,graph_box,1.0000,25,1,0,3,to the left,500,333,"62.0,48.0,207.0,180.0"
9973,4648,4648,1,0_hop,table,graph_box,1.0000,26,1,0,1,to the left,640,438,"113.0,252.0,295.0,382.0"
9974,4648,4648,1,2_hop,table,graph_box,1.0000,26,1,0,3,to the left,640,438,"113.0,252.0,295.0,382.0"
9976,2349045,2349045,2,and,woman,graph_box,1.0000,38,1,0,3,to the left,500,375,"52.0,65.0,204.0,312.0"
9977,2349045,2349045,1,0_hop,man,graph_box,1.0000,38,1,0,1,to the center,500,375,"192.0,8.0,322.0,308.0"
9978,2349045,2349045,1,2_hop,man,graph_box,1.0000,38,1,0,3,to the center,500,375,"192.0,8.0,322.0,308.0"
9979,2416722,2416722,1,and,man,graph_box,1.0000,25,1,0,3,to the left,500,333,"135.0,137.0,188.0,295.0"
9980,2416722,2416722,1,0_hop,bus,graph_box,1.0000,25,1,0,1,to the center,500,333,"240.0,120.0,314.0,181.0"
9981,2416722,2416722,1,2_hop,bus,graph_box,1.0000,25,1,0,3,to the center,500,333,"240.0,120.0,314.0,181.0"
9982,2416722,2416722,1,and,bus,graph_box,1.0000,25,1,0,3,to the center,500,333,"240.0,120.0,314.0,181.0"
9983,2400343,2400343,1,and,man,graph_box,1.0000,28,1,0,3,to the right,500,375,"295.0,9.0,415.0,297.0"
9984,2400343,2400343,1,0_hop,television,graph_box,1.0000,28,1,0,1,to the left,500,375,"24.0,74.0,180.0,205.0"
9985,2400343,2400343,1,and,television,graph_box,1.0000,28,1,0,3,to the left,500,375,"24.0,74.0,180.0,205.0"
9986,2400343,2400343,1,2_hop,table,graph_box,1.0000,28,1,0,3,to the right,500,375,"309.0,297.0,499.0,376.0"
9987,2387159,2387159,1,0_hop,boat,graph_box,1.0000,23,1,0,1,to the center,500,351,"58.0,164.0,292.0,224.0"
9988,2387159,2387159,1,2_hop,boat,graph_box,1.0000,23,1,0,3,to the center,500,351,"58.0,164.0,292.0,224.0"
9989,2405197,2405197,1,0_hop,bear,graph_box,1.0000,17,1,0,1,to the center,500,298,"121.0,89.0,255.0,161.0"
9990,2365676,2365676,1,2_hop,clock,graph_box,1.0000,13,1,0,3,to the center,500,333,"207.0,53.0,326.0,159.0"
9991,2415035,2415035,2,and,man,graph_box,1.0000,27,3,2,3,to the left,500,332,"117.0,38.0,173.0,197.0"
9992,2415035,2415035,3,2_hop,man,graph_box,1.0000,27,3,2,3,to the left,500,332,"117.0,38.0,173.0,197.0"
9999,2402876,2402876,2,2_hop,horse,graph_box,1.0000,22,3,2,3,to the left,500,333,"3.0,76.0,319.0,313.0"
10000,2402876,2402876,2,and,horse,graph_box,1.0000,22,3,2,3,to the left,500,333,"3.0,76.0,319.0,313.0"
10001,2402876,2402876,1,0_hop,pole,graph_box,1.0000,22,1,0,1,to the center,500,333,"230.0,71.0,415.0,95.0"
10002,2402876,2402876,1,1_hop,pole,graph_box,1.0000,22,1,0,2,to the center,500,333,"230.0,71.0,415.0,95.0"
10003,2417896,2417896,1,1_hop,child,graph_box,1.0000,12,1,0,2,to the center,500,334,"216.0,61.0,306.0,266.0"
10009,2324917,2324917,2,2_hop,guy,graph_box,1.0000,26,1,0,3,to the center,500,500,"89.0,55.0,248.0,392.0"
10010,2324917,2324917,2,and,guy,graph_box,1.0000,26,1,0,3,to the center,500,500,"89.0,55.0,248.0,392.0"
10011,2324917,2324917,3,2_hop,guy,graph_box,1.0000,26,1,0,3,to the center,500,500,"89.0,55.0,248.0,392.0"
10012,2324917,2324917,1,2_hop,man,graph_box,1.0000,26,1,0,3,to the right,500,500,"390.0,24.0,491.0,319.0"
10013,2324917,2324917,1,and,woman,objects_id_first,0.4992,26,1,0,3,to the center,500,500,"250.3,61.5,347.8,261.0"
10015,713470,713470,1,and,man,graph_box,1.0000,22,1,0,3,to the center,1024,737,"361.0,96.0,968.0,737.0"
10016,2408787,2408787,2,2_hop,horse,graph_box,1.0000,21,2,1,3,to the center,500,302,"168.0,17.0,375.0,238.0"
10017,2408787,2408787,2,1_hop,horse,graph_box,1.0000,21,2,1,2,to the center,500,302,"168.0,17.0,375.0,238.0"
10019,2322424,2322424,1,and,man,graph_box,1.0000,14,1,0,3,to the center,375,500,"52.0,1.0,214.0,498.0"
10020,2335674,2335674,1,and,woman,graph_box,1.0000,18,1,0,3,to the left,500,375,"77.0,47.0,186.0,218.0"
10022,1294,1294,3,2_hop,sheep,graph_box,1.0000,16,7,6,3,to the center,800,600,"320.0,370.0,469.0,490.0"
10023,1294,1294,3,1_hop,sheep,graph_box,1.0000,16,7,6,2,to the center,800,600,"320.0,370.0,469.0,490.0"
10027,2372792,2372792,2,1_hop,guy,graph_box,1.0000,28,1,0,2,to the right,500,333,"384.0,179.0,446.0,265.0"
10028,2347977,2347977,1,same_attr,cupboard,graph_box,1.0000,11,1,0,2,,375,500,"27.0,16.0,221.0,219.0"
10029,2347977,2347977,1,same_attr,cupboard,graph_box,1.0000,11,1,0,2,,375,500,"27.0,16.0,221.0,219.0"
10031,2395984,2395984,1,same_attr,fork,graph_box,1.0000,12,1,0,2,,500,334,"173.0,73.0,497.0,198.0"
10032,2379172,2379172,1,same_attr,table,graph_box,1.0000,8,1,0,2,,500,375,"4.0,129.0,500.0,374.0"
10037,2395363,2395363,1,same_attr,toilet seat,graph_box,1.0000,5,1,0,2,,500,333,"127.0,112.0,312.0,188.0"
10038,2395363,2395363,1,same_attr,toilet seat,graph_box,1.0000,5,1,0,2,,500,333,"127.0,112.0,312.0,188.0"
10040,2385677,2385677,1,same_attr,lid,graph_box,1.0000,13,1,0,2,,334,500,"129.0,332.0,202.0,380.0"
10041,2385677,2385677,1,same_attr,lid,graph_box,1.0000,13,1,0,2,,334,500,"129.0,332.0,202.0,380.0"
10044,2336256,2336256,1,same_attr,lamp,graph_box,1.0000,11,1,0,2,,500,333,"153.0,44.0,270.0,159.0"
10045,2401586,2401586,1,same_attr,bathtub,graph_box,1.0000,19,1,0,2,,500,375,"334.0,192.0,499.0,250.0"
10046,2401586,2401586,1,same_attr,bathtub,graph_box,1.0000,19,1,0,2,,500,375,"334.0,192.0,499.0,250.0"
10047,2401586,2401586,1,same_attr,bathtub,graph_box,1.0000,19,1,0,2,,500,375,"334.0,192.0,499.0,250.0"
10048,2355548,2355548,1,same_attr,carriage,graph_box,1.0000,20,1,0,2,,500,335,"205.0,50.0,441.0,283.0"
10052,498329,498329,1,same_attr,drawer,graph_box,1.0000,7,1,0,2,,1024,683,"169.0,415.0,539.0,561.0"
10054,2394699,2394699,1,same_attr,toilet,graph_box,1.0000,20,1,0,2,,333,500,"175.0,371.0,332.0,500.0"
10055,2394699,2394699,1,same_attr,toilet,graph_box,1.0000,20,1,0,2,,333,500,"175.0,371.0,332.0,500.0"
10056,2394699,2394699,1,same_attr,toilet,graph_box,1.0000,20,1,0,2,,333,500,"175.0,371.0,332.0,500.0"
10057,2394699,2394699,1,same_attr,toilet,graph_box,1.0000,20,1,0,2,,333,500,"175.0,371.0,332.0,500.0"
10058,2394699,2394699,1,same_attr,toilet,graph_box,1.0000,20,1,0,2,,333,500,"175.0,371.0,332.0,500.0"
10059,2394699,2394699,1,same_attr,toilet tank,graph_box,1.0000,20,1,0,2,,333,500,"268.0,369.0,334.0,498.0"
10061,2394699,2394699,1,same_attr,toilet tank,graph_box,1.0000,20,1,0,2,,333,500,"268.0,369.0,334.0,498.0"
10062,2394699,2394699,1,same_attr,toilet tank,graph_box,1.0000,20,1,0,2,,333,500,"268.0,369.0,334.0,498.0"
10063,2394699,2394699,1,same_attr,toilet tank,graph_box,1.0000,20,1,0,2,,333,500,"268.0,369.0,334.0,498.0"
10064,2394699,2394699,1,same_attr,cabinet,graph_box,1.0000,20,1,0,2,,333,500,"175.0,352.0,275.0,487.0"
10065,2394699,2394699,1,same_attr,cabinet,graph_box,1.0000,20,1,0,2,,333,500,"175.0,352.0,275.0,487.0"
10067,2394699,2394699,1,same_attr,cabinet,graph_box,1.0000,20,1,0,2,,333,500,"175.0,352.0,275.0,487.0"
10068,2394699,2394699,1,same_attr,cabinet,graph_box,1.0000,20,1,0,2,,333,500,"175.0,352.0,275.0,487.0"
10076,150495,150495,1,same_attr,bathtub,graph_box,1.0000,22,1,0,2,,1000,750,"117.0,518.0,331.0,733.0"
10078,2385221,2385221,2,same_attr,clock,graph_box,1.0000,10,2,1,2,,500,333,"96.0,131.0,233.0,257.0"
10079,2402704,2402704,1,same_attr,fireplace,graph_box,1.0000,13,1,0,2,,375,500,"227.0,190.0,289.0,270.0"
10086,4849,4849,1,same_attr,spoon,graph_box,1.0000,17,1,0,2,,500,375,"189.0,185.0,359.0,258.0"
10092,2374296,2374296,1,same_attr,garment,graph_box,1.0000,22,1,0,2,,343,500,"30.0,152.0,118.0,426.0"
10093,2335178,2335178,1,same_attr,dog,graph_box,1.0000,22,1,0,2,,500,500,"11.0,248.0,237.0,500.0"
10094,2344009,2344009,1,same_attr,table,graph_box,1.0000,13,1,0,2,,375,500,"0.0,259.0,375.0,500.0"
10095,2344009,2344009,1,same_attr,box,graph_box,1.0000,13,1,0,2,,375,500,"0.0,74.0,375.0,488.0"
10097,2412344,2412344,1,same_attr,roof,graph_box,1.0000,14,1,0,2,,356,500,"43.0,0.0,201.0,62.0"
10099,1669,1669,1,same_attr,poster,graph_box,1.0000,21,1,0,2,,800,600,"107.0,163.0,265.0,254.0"
10101,2383162,2383162,1,same_attr,path,graph_box,1.0000,13,1,0,2,,500,331,"1.0,118.0,259.0,329.0"
10105,2392660,2392660,1,same_attr,coffee mug,graph_box,1.0000,17,1,0,2,,500,500,"397.0,85.0,484.0,251.0"
10106,2392660,2392660,1,same_attr,coffee mug,graph_box,1.0000,17,1,0,2,,500,500,"397.0,85.0,484.0,251.0"
10107,2392660,2392660,1,same_attr,coffee mug,graph_box,1.0000,17,1,0,2,,500,500,"397.0,85.0,484.0,251.0"
10108,2406999,2406999,1,same_attr,dog,graph_box,1.0000,15,1,0,2,,500,333,"99.0,0.0,337.0,282.0"
10109,2343793,2343793,1,same_attr,computer,graph_box,1.0000,17,1,0,2,,500,281,"277.0,207.0,343.0,280.0"
10111,2343793,2343793,1,same_attr,phone,graph_box,1.0000,17,1,0,2,,500,281,"134.0,7.0,213.0,78.0"
10112,2343793,2343793,1,same_attr,phone,graph_box,1.0000,17,1,0,2,,500,281,"134.0,7.0,213.0,78.0"
10113,575,575,1,same_attr,chair,graph_box,1.0000,22,1,0,2,,800,600,"34.0,220.0,243.0,558.0"
10114,575,575,1,same_attr,chair,graph_box,1.0000,22,1,0,2,,800,600,"34.0,220.0,243.0,558.0"
10115,575,575,1,same_attr,chair,graph_box,1.0000,22,1,0,2,,800,600,"34.0,220.0,243.0,558.0"
10116,575,575,1,same_attr,chair,graph_box,1.0000,22,1,0,2,,800,600,"34.0,220.0,243.0,558.0"
10117,575,575,1,same_attr,chair,graph_box,1.0000,22,1,0,2,,800,600,"34.0,220.0,243.0,558.0"
10123,2352598,2352598,1,same_attr,clock,objects_id_first,0.1132,9,1,0,2,,333,500,"55.6,164.7,128.0,234.8"
10126,2382128,2382128,1,same_attr,clock,graph_box,1.0000,11,1,0,2,,500,375,"169.0,62.0,347.0,179.0"
10127,2317027,2317027,1,same_attr,headboard,graph_box,1.0000,20,1,0,2,,500,375,"301.0,129.0,466.0,214.0"
10128,2397116,2397116,2,same_attr,car,graph_box,1.0000,23,2,1,2,,500,331,"275.0,40.0,497.0,315.0"
10130,2362052,2362052,1,same_attr,sink,graph_box,1.0000,11,1,0,2,,500,375,"77.0,211.0,190.0,291.0"
10131,2362052,2362052,1,same_attr,sink,graph_box,1.0000,11,1,0,2,,500,375,"77.0,211.0,190.0,291.0"
10132,2356811,2356811,1,same_attr,tent,graph_box,1.0000,37,1,0,2,,500,357,"2.0,0.0,499.0,217.0"
10133,2356811,2356811,1,same_attr,tent,graph_box,1.0000,37,1,0,2,,500,357,"2.0,0.0,499.0,217.0"
10134,2386700,2386700,1,same_attr,pan,graph_box,1.0000,14,1,0,2,,500,500,"231.0,327.0,487.0,489.0"
10137,2367978,2367978,1,same_attr,sauce,objects_id_first,0.3310,15,1,0,2,,500,357,"154.9,132.2,198.0,150.2"
10138,2367978,2367978,1,same_attr,paper,graph_box,1.0000,15,1,0,2,,500,357,"26.0,281.0,499.0,356.0"
10140,2367978,2367978,1,same_attr,paper,graph_box,1.0000,15,1,0,2,,500,357,"26.0,281.0,499.0,356.0"
10141,2413903,2413903,2,same_attr,laptop,graph_box,1.0000,19,2,1,2,,500,376,"209.0,127.0,364.0,232.0"
10143,2384830,2384830,1,same_attr,fork,graph_box,1.0000,14,1,0,2,,500,375,"31.0,81.0,82.0,273.0"
10144,2387028,2387028,1,same_attr,seat,graph_box,1.0000,11,1,0,2,,332,500,"110.0,406.0,176.0,476.0"
10145,2387028,2387028,1,same_attr,toilet,graph_box,1.0000,11,1,0,2,,332,500,"110.0,339.0,188.0,499.0"
10149,2319627,2319627,1,same_attr,hat,graph_box,1.0000,30,1,0,2,,333,500,"206.0,155.0,265.0,184.0"
10150,2319627,2319627,1,same_attr,outfit,graph_box,1.0000,30,1,0,2,,333,500,"210.0,221.0,320.0,350.0"
10151,2386162,2386162,1,same_attr,bed,graph_box,1.0000,14,1,0,2,,500,375,"0.0,262.0,344.0,373.0"
10153,2386162,2386162,1,same_attr,bed,graph_box,1.0000,14,1,0,2,,500,375,"0.0,262.0,344.0,373.0"
10160,2355364,2355364,2,same_attr,bowl,graph_box,1.0000,18,2,1,2,,500,331,"307.0,227.0,372.0,290.0"
10161,2354705,2354705,1,same_attr,bench,graph_box,1.0000,12,1,0,2,,500,335,"87.0,129.0,231.0,221.0"
10162,2408981,2408981,1,same_attr,toilet,graph_box,1.0000,13,1,0,2,,334,500,"198.0,177.0,297.0,336.0"
10164,2350614,2350614,1,same_attr,bowl,graph_box,1.0000,14,1,0,2,,500,333,"24.0,69.0,108.0,149.0"
10165,2347380,2347380,1,same_attr,laptop,graph_box,1.0000,17,1,0,2,,500,335,"208.0,136.0,445.0,317.0"
10166,2347380,2347380,1,same_attr,laptop,graph_box,1.0000,17,1,0,2,,500,335,"208.0,136.0,445.0,317.0"
10167,2347380,2347380,1,same_attr,laptop,graph_box,1.0000,17,1,0,2,,500,335,"208.0,136.0,445.0,317.0"
10169,2380020,2380020,1,same_attr,tray,graph_box,1.0000,7,1,0,2,,500,375,"41.0,59.0,353.0,303.0"
10173,2317625,2317625,1,same_attr,letters,graph_box,1.0000,5,1,0,2,,500,327,"50.0,84.0,451.0,143.0"
10174,2371956,2371956,1,same_attr,blinds,graph_box,1.0000,13,1,0,2,,375,500,"230.0,1.0,346.0,23.0"
10175,2375916,2375916,1,same_attr,box,graph_box,1.0000,12,1,0,2,,500,375,"400.0,35.0,472.0,95.0"
10178,2322694,2322694,1,same_attr,roof,graph_box,1.0000,20,1,0,2,,500,375,"167.0,0.0,499.0,57.0"
10179,2336505,2336505,1,same_attr,fence,graph_box,1.0000,15,1,0,2,,500,365,"3.0,118.0,496.0,313.0"
10180,2336505,2336505,1,same_attr,fence,graph_box,1.0000,15,1,0,2,,500,365,"3.0,118.0,496.0,313.0"
10181,2336505,2336505,1,same_attr,bench,graph_box,1.0000,15,1,0,2,,500,365,"118.0,200.0,313.0,340.0"
10182,2336505,2336505,1,same_attr,bench,graph_box,1.0000,15,1,0,2,,500,365,"118.0,200.0,313.0,340.0"
10183,2384793,2384793,1,same_attr,book,graph_box,1.0000,10,1,0,2,,500,317,"176.0,106.0,361.0,307.0"
10190,2374729,2374729,1,same_attr,couch,graph_box,1.0000,12,1,0,2,,500,347,"295.0,2.0,498.0,257.0"
10191,2330002,2330002,1,same_attr,computer mouse,graph_box,1.0000,13,1,0,2,,500,375,"396.0,202.0,476.0,245.0"
10193,2330002,2330002,1,same_attr,cat,graph_box,1.0000,13,1,0,2,,500,375,"71.0,76.0,339.0,303.0"
10194,2330002,2330002,1,same_attr,desk,graph_box,1.0000,13,1,0,2,,500,375,"1.0,134.0,499.0,374.0"
10198,2389320,2389320,1,same_attr,fire hydrant,graph_box,1.0000,23,1,0,2,,500,333,"385.0,269.0,413.0,332.0"
10199,2389320,2389320,1,same_attr,fire hydrant,graph_box,1.0000,23,1,0,2,,500,333,"385.0,269.0,413.0,332.0"
10200,2375803,2375803,1,same_attr,horse,graph_box,1.0000,8,1,0,2,,500,333,"0.0,112.0,178.0,332.0"
10202,2381337,2381337,1,same_attr,desk lamp,graph_box,1.0000,15,1,0,2,,500,332,"8.0,65.0,112.0,292.0"
10203,2381337,2381337,1,same_attr,desk lamp,graph_box,1.0000,15,1,0,2,,500,332,"8.0,65.0,112.0,292.0"
10204,2381337,2381337,1,same_attr,desk lamp,graph_box,1.0000,15,1,0,2,,500,332,"8.0,65.0,112.0,292.0"
10205,2381337,2381337,1,same_attr,desk lamp,graph_box,1.0000,15,1,0,2,,500,332,"8.0,65.0,112.0,292.0"
10206,2400631,2400631,1,same_attr,train,graph_box,1.0000,14,1,0,2,,500,500,"78.0,82.0,389.0,486.0"
10207,2400631,2400631,1,same_attr,train,graph_box,1.0000,14,1,0,2,,500,500,"78.0,82.0,389.0,486.0"
10208,2400631,2400631,1,same_attr,fence,graph_box,1.0000,14,1,0,2,,500,500,"81.0,71.0,454.0,219.0"
10209,2400631,2400631,1,same_attr,fence,graph_box,1.0000,14,1,0,2,,500,500,"81.0,71.0,454.0,219.0"
10211,2323933,2323933,2,same_attr,motorcycle,graph_box,1.0000,14,3,2,2,,500,333,"58.0,2.0,463.0,330.0"
10215,2372789,2372789,1,same_attr,beer bottle,graph_box,1.0000,7,1,0,2,,500,365,"90.0,51.0,423.0,148.0"
10216,2414949,2414949,1,same_attr,table,graph_box,1.0000,9,1,0,2,,375,500,"6.0,461.0,372.0,496.0"
10217,2414949,2414949,1,same_attr,table,graph_box,1.0000,9,1,0,2,,375,500,"6.0,461.0,372.0,496.0"
10218,2370438,2370438,1,same_attr,door,graph_box,1.0000,15,1,0,2,,500,333,"425.0,122.0,473.0,293.0"
10219,2357756,2357756,1,same_attr,letters,graph_box,1.0000,19,1,0,2,,500,419,"85.0,9.0,265.0,55.0"
10226,2339000,2339000,1,same_attr,building,graph_box,1.0000,16,1,0,2,,500,334,"0.0,123.0,168.0,226.0"
10227,2361908,2361908,1,same_attr,bathtub,graph_box,1.0000,13,1,0,2,,500,313,"0.0,220.0,285.0,311.0"
10228,2361908,2361908,1,same_attr,bathtub,graph_box,1.0000,13,1,0,2,,500,313,"0.0,220.0,285.0,311.0"
10229,1592413,1592413,1,same_attr,camera,graph_box,1.0000,20,1,0,2,,1024,683,"75.0,39.0,429.0,547.0"
10231,2326965,2326965,1,same_attr,costume,graph_box,1.0000,8,1,0,2,,500,333,"231.0,133.0,444.0,312.0"
10232,2386629,2386629,1,same_attr,rocks,graph_box,1.0000,19,1,0,2,,500,334,"0.0,236.0,155.0,333.0"
10233,2333843,2333843,1,same_attr,building,graph_box,1.0000,14,1,0,2,,500,500,"66.0,0.0,499.0,499.0"
10234,2379723,2379723,1,same_attr,box,graph_box,1.0000,13,1,0,2,,500,375,"86.0,1.0,418.0,271.0"
10239,2369019,2369019,1,same_attr,desk,graph_box,1.0000,17,1,0,2,,500,375,"1.0,287.0,256.0,375.0"
10240,2389735,2389735,1,same_attr,knife,graph_box,1.0000,12,1,0,2,,500,500,"428.0,116.0,490.0,346.0"
10241,2389735,2389735,1,same_attr,knife,graph_box,1.0000,12,1,0,2,,500,500,"428.0,116.0,490.0,346.0"
10242,2389735,2389735,1,same_attr,spoon,graph_box,1.0000,12,1,0,2,,500,500,"456.0,122.0,499.0,357.0"
10243,2389735,2389735,1,same_attr,spoon,graph_box,1.0000,12,1,0,2,,500,500,"456.0,122.0,499.0,357.0"
10245,2390522,2390522,1,same_attr,trunk,graph_box,1.0000,10,1,0,2,,500,333,"398.0,151.0,427.0,309.0"
10250,2379457,2379457,1,same_attr,blinds,graph_box,1.0000,16,1,0,2,,500,375,"402.0,80.0,499.0,117.0"
10251,2379457,2379457,1,same_attr,bed,graph_box,1.0000,16,1,0,2,,500,375,"105.0,177.0,441.0,374.0"
10253,2320395,2320395,1,same_attr,paper,graph_box,1.0000,12,1,0,2,,500,500,"0.0,394.0,322.0,479.0"
10254,2356442,2356442,1,same_attr,desk,graph_box,1.0000,14,1,0,2,,337,500,"85.0,218.0,284.0,477.0"
10256,2368098,2368098,1,same_attr,seat,graph_box,1.0000,10,1,0,2,,500,375,"87.0,62.0,188.0,140.0"
10257,2362264,2362264,1,same_attr,donut,graph_box,1.0000,7,1,0,2,,500,375,"253.0,160.0,388.0,334.0"
10258,2391828,2391828,1,same_attr,end table,graph_box,1.0000,13,1,0,2,,500,375,"226.0,159.0,338.0,202.0"
10261,2395431,2395431,1,same_attr,backpack,graph_box,1.0000,31,1,0,2,,323,500,"9.0,418.0,59.0,461.0"
10262,2395431,2395431,1,same_attr,backpack,graph_box,1.0000,31,1,0,2,,323,500,"9.0,418.0,59.0,461.0"
10265,2372977,2372977,2,same_attr,pole,graph_box,1.0000,15,2,1,2,,500,334,"189.0,112.0,223.0,218.0"
10267,2389990,2389990,1,same_attr,oven,graph_box,1.0000,17,1,0,2,,333,500,"116.0,333.0,224.0,415.0"
10270,2397470,2397470,1,same_attr,toilet seat,graph_box,1.0000,7,1,0,2,,500,375,"40.0,1.0,394.0,125.0"
10272,2336858,2336858,1,same_attr,bag,graph_box,1.0000,23,1,0,2,,375,500,"232.0,187.0,295.0,244.0"
10274,2350328,2350328,1,same_attr,bathtub,graph_box,1.0000,9,1,0,2,,500,375,"0.0,220.0,129.0,376.0"
10277,2372240,2372240,1,same_attr,tower,graph_box,1.0000,10,1,0,2,,333,500,"82.0,15.0,264.0,500.0"
10278,2335779,2335779,1,same_attr,can,graph_box,1.0000,16,1,0,2,,352,500,"36.0,309.0,104.0,499.0"
10279,2335779,2335779,1,same_attr,seat,graph_box,1.0000,16,1,0,2,,352,500,"107.0,358.0,169.0,427.0"
10280,2372032,2372032,1,same_attr,skateboard,graph_box,1.0000,15,1,0,2,,500,500,"176.0,375.0,292.0,462.0"
10281,2398351,2398351,1,same_attr,headband,graph_box,1.0000,12,1,0,2,,400,255,"179.0,107.0,228.0,129.0"
10282,2413727,2413727,1,same_attr,logs,graph_box,1.0000,15,1,0,2,,500,375,"1.0,167.0,420.0,315.0"
10283,2413727,2413727,1,same_attr,logs,objects_id_first,0.2793,15,1,0,2,,500,375,"5.4,202.2,280.0,265.3"
10285,2413727,2413727,1,same_attr,logs,objects_id_first,0.2746,15,1,0,2,,500,375,"7.6,202.1,279.1,264.8"
10288,2413727,2413727,1,same_attr,mane,objects_id_first,0.2517,15,1,0,2,,500,375,"151.9,59.7,297.2,109.9"
10289,2413727,2413727,1,same_attr,mane,objects_id_first,0.2533,15,1,0,2,,500,375,"151.8,59.7,298.5,109.8"
10290,2413727,2413727,1,same_attr,mane,objects_id_first,0.2533,15,1,0,2,,500,375,"152.3,59.6,298.5,109.8"
10291,2413727,2413727,1,same_attr,mane,objects_id_first,0.2563,15,1,0,2,,500,375,"152.6,59.9,298.2,111.0"
10295,2371685,2371685,1,same_attr,sign,graph_box,1.0000,26,1,0,2,,500,375,"195.0,177.0,295.0,196.0"
10296,2403141,2403141,1,same_attr,toilet,graph_box,1.0000,12,1,0,2,,500,500,"371.0,316.0,474.0,497.0"
10297,2403141,2403141,1,same_attr,toilet,graph_box,1.0000,12,1,0,2,,500,500,"371.0,316.0,474.0,497.0"
10300,2368981,2368981,1,same_attr,boat,graph_box,1.0000,34,1,0,2,,500,500,"164.0,128.0,354.0,197.0"
10301,2367720,2367720,1,same_attr,egg,graph_box,1.0000,9,1,0,2,,500,375,"33.0,187.0,498.0,331.0"
10302,2406142,2406142,1,same_attr,street,graph_box,1.0000,16,1,0,2,,375,500,"37.0,295.0,318.0,499.0"
10303,2403107,2403107,2,same_attr,refrigerator,graph_box,1.0000,19,2,1,2,,500,333,"294.0,130.0,415.0,327.0"
10304,2403107,2403107,2,same_attr,refrigerator,graph_box,1.0000,19,2,1,2,,500,333,"294.0,130.0,415.0,327.0"
10310,2415263,2415263,1,same_attr,skateboard,graph_box,1.0000,13,1,0,2,,500,334,"216.0,231.0,303.0,291.0"
10313,2402117,2402117,1,same_attr,cup,graph_box,1.0000,16,1,0,2,,500,333,"98.0,143.0,207.0,257.0"
10314,2334559,2334559,1,same_attr,tissue,graph_box,1.0000,17,1,0,2,,500,332,"0.0,253.0,61.0,290.0"
10316,2373804,2373804,1,same_attr,elephant,graph_box,1.0000,6,1,0,2,,500,281,"25.0,67.0,331.0,256.0"
10317,2341761,2341761,1,same_attr,donut,graph_box,1.0000,12,1,0,2,,500,500,"262.0,284.0,347.0,373.0"
10320,2341761,2341761,1,same_attr,icing,graph_box,1.0000,12,1,0,2,,500,500,"264.0,285.0,346.0,365.0"
10321,2389036,2389036,1,same_attr,refrigerator,graph_box,1.0000,9,1,0,2,,300,400,"161.0,37.0,298.0,399.0"
10325,2408616,2408616,1,same_attr,dog,graph_box,1.0000,19,1,0,2,,500,335,"230.0,93.0,323.0,198.0"
10326,2408616,2408616,1,same_attr,dog,graph_box,1.0000,19,1,0,2,,500,335,"230.0,93.0,323.0,198.0"
10327,2408616,2408616,1,same_attr,dog,graph_box,1.0000,19,1,0,2,,500,335,"230.0,93.0,323.0,198.0"
10328,2408616,2408616,1,same_attr,dog,graph_box,1.0000,19,1,0,2,,500,335,"230.0,93.0,323.0,198.0"
10334,2398501,2398501,1,same_attr,screen,graph_box,1.0000,28,1,0,2,,500,344,"41.0,147.0,89.0,221.0"
10335,2401064,2401064,1,same_attr,blinds,graph_box,1.0000,10,1,0,2,,500,375,"125.0,4.0,353.0,140.0"
10336,2401064,2401064,1,same_attr,blinds,graph_box,1.0000,10,1,0,2,,500,375,"125.0,4.0,353.0,140.0"
10337,2401064,2401064,1,same_attr,toilet,graph_box,1.0000,10,1,0,2,,500,375,"50.0,240.0,236.0,374.0"
10338,2401064,2401064,1,same_attr,toilet,graph_box,1.0000,10,1,0,2,,500,375,"50.0,240.0,236.0,374.0"
10340,2319927,2319927,1,same_attr,bag,graph_box,1.0000,28,1,0,2,,375,500,"0.0,336.0,32.0,398.0"
10341,2352604,2352604,1,same_attr,mirror,graph_box,1.0000,14,1,0,2,,500,333,"222.0,3.0,346.0,151.0"
10342,2352604,2352604,1,same_attr,mirror,graph_box,1.0000,14,1,0,2,,500,333,"222.0,3.0,346.0,151.0"
10343,2352604,2352604,1,same_attr,mirror,graph_box,1.0000,14,1,0,2,,500,333,"222.0,3.0,346.0,151.0"
10344,2352604,2352604,1,same_attr,mirror,graph_box,1.0000,14,1,0,2,,500,333,"222.0,3.0,346.0,151.0"
10346,2374131,2374131,2,same_attr,cabinet,graph_box,1.0000,18,1,0,2,,500,375,"129.0,210.0,174.0,374.0"
10347,2402622,2402622,1,same_attr,box,graph_box,1.0000,18,1,0,2,,375,500,"15.0,91.0,95.0,158.0"
10348,2333798,2333798,1,same_attr,bike,graph_box,1.0000,10,1,0,2,,500,333,"7.0,53.0,318.0,296.0"
10349,2340708,2340708,1,same_attr,fence,graph_box,1.0000,18,1,0,2,,323,500,"275.0,311.0,323.0,406.0"
10350,2362311,2362311,1,same_attr,bag,graph_box,1.0000,20,1,0,2,,500,375,"60.0,37.0,194.0,215.0"
10351,2400147,2400147,1,same_attr,airplane,graph_box,1.0000,26,1,0,2,,500,444,"9.0,153.0,492.0,291.0"
10352,2400147,2400147,1,same_attr,wings,graph_box,1.0000,26,1,0,2,,500,444,"256.0,197.0,456.0,244.0"
10353,2351714,2351714,1,same_attr,chair,graph_box,1.0000,28,1,0,2,,500,500,"381.0,338.0,429.0,394.0"
10355,2386032,2386032,1,same_attr,drapes,graph_box,1.0000,17,1,0,2,,500,500,"213.0,0.0,499.0,187.0"
10359,2384254,2384254,1,same_attr,table,graph_box,1.0000,14,1,0,2,,500,375,"384.0,165.0,482.0,265.0"
10362,2411437,2411437,1,same_attr,cupboard,graph_box,1.0000,18,1,0,2,,374,500,"41.0,0.0,372.0,66.0"
10365,2365427,2365427,1,same_attr,bat,graph_box,1.0000,14,1,0,2,,400,500,"27.0,207.0,169.0,298.0"
10367,2344826,2344826,1,same_attr,router,graph_box,1.0000,23,1,0,2,,500,374,"108.0,288.0,163.0,336.0"
10370,2330018,2330018,1,same_attr,phone,graph_box,1.0000,11,1,0,2,,500,375,"390.0,223.0,499.0,374.0"
10371,2330018,2330018,1,same_attr,paper,graph_box,1.0000,11,1,0,2,,500,375,"302.0,195.0,370.0,230.0"
10372,2330018,2330018,1,same_attr,keyboard,graph_box,1.0000,11,1,0,2,,500,375,"0.0,313.0,292.0,375.0"
10382,2399966,2399966,1,same_attr,toilet,graph_box,1.0000,16,1,0,2,,375,500,"268.0,300.0,373.0,498.0"
10383,2399966,2399966,1,same_attr,toilet,graph_box,1.0000,16,1,0,2,,375,500,"268.0,300.0,373.0,498.0"
10384,2399966,2399966,1,same_attr,toilet,graph_box,1.0000,16,1,0,2,,375,500,"268.0,300.0,373.0,498.0"
10387,2327696,2327696,1,same_attr,banana,graph_box,1.0000,8,1,0,2,,500,375,"106.0,88.0,426.0,220.0"
10393,2397589,2397589,1,same_attr,laptop,graph_box,1.0000,15,1,0,2,,500,375,"179.0,136.0,280.0,227.0"
10394,2397589,2397589,1,same_attr,monitor,graph_box,1.0000,15,1,0,2,,500,375,"234.0,116.0,313.0,178.0"
10395,2347208,2347208,1,same_attr,chair,graph_box,1.0000,17,1,0,2,,500,333,"16.0,232.0,140.0,334.0"
10400,2365742,2365742,1,same_attr,table,graph_box,1.0000,19,1,0,2,,500,333,"205.0,185.0,493.0,261.0"
10401,90,90,1,same_attr,bicycle,graph_box,1.0000,25,1,0,2,,800,534,"406.0,209.0,529.0,334.0"
10402,90,90,1,same_attr,bicycle,graph_box,1.0000,25,1,0,2,,800,534,"406.0,209.0,529.0,334.0"
10403,90,90,1,same_attr,bicycle,graph_box,1.0000,25,1,0,2,,800,534,"406.0,209.0,529.0,334.0"
10409,2403677,2403677,1,same_attr,microwave,graph_box,1.0000,30,1,0,2,,334,500,"0.0,18.0,121.0,152.0"
10412,2384407,2384407,1,same_attr,snowboard,graph_box,1.0000,15,1,0,2,,500,333,"25.0,225.0,463.0,285.0"
10413,2412502,2412502,1,same_attr,coffee table,graph_box,1.0000,23,1,0,2,,500,331,"240.0,227.0,417.0,309.0"
10414,2412502,2412502,1,same_attr,coffee table,graph_box,1.0000,23,1,0,2,,500,331,"240.0,227.0,417.0,309.0"
10417,2378743,2378743,1,same_attr,trash can,graph_box,1.0000,11,1,0,2,,335,500,"223.0,252.0,277.0,339.0"
10418,2401792,2401792,1,same_attr,dog,graph_box,1.0000,20,1,0,2,,333,500,"0.0,165.0,331.0,500.0"
10419,2401792,2401792,1,same_attr,dog,graph_box,1.0000,20,1,0,2,,333,500,"0.0,165.0,331.0,500.0"
10420,150366,150366,1,same_attr,coffee table,graph_box,1.0000,14,1,0,2,,1024,685,"194.0,358.0,481.0,567.0"
10421,2367404,2367404,1,same_attr,table,graph_box,1.0000,20,1,0,2,,500,375,"0.0,13.0,272.0,189.0"
10423,2352531,2352531,1,same_attr,train,graph_box,1.0000,22,1,0,2,,500,333,"0.0,137.0,461.0,224.0"
10424,2352531,2352531,1,same_attr,train,graph_box,1.0000,22,1,0,2,,500,333,"0.0,137.0,461.0,224.0"
10426,2403637,2403637,1,same_attr,toilet seat,graph_box,1.0000,11,1,0,2,,375,500,"101.0,219.0,265.0,384.0"
10427,2403637,2403637,1,same_attr,toilet seat,graph_box,1.0000,11,1,0,2,,375,500,"101.0,219.0,265.0,384.0"
10428,2403637,2403637,1,same_attr,toilet seat,graph_box,1.0000,11,1,0,2,,375,500,"101.0,219.0,265.0,384.0"
10429,2391816,2391816,1,same_attr,remote control,graph_box,1.0000,8,1,0,2,,500,375,"88.0,232.0,281.0,376.0"
10430,2391816,2391816,1,same_attr,television,graph_box,1.0000,8,1,0,2,,500,375,"280.0,18.0,391.0,108.0"
10431,2413957,2413957,1,same_attr,shower curtain,graph_box,1.0000,15,1,0,2,,333,500,"0.0,155.0,15.0,434.0"
10432,2413957,2413957,1,same_attr,shower curtain,graph_box,1.0000,15,1,0,2,,333,500,"0.0,155.0,15.0,434.0"
10434,2413957,2413957,1,same_attr,shower curtain,graph_box,1.0000,15,1,0,2,,333,500,"0.0,155.0,15.0,434.0"
10435,2413957,2413957,1,same_attr,shower curtain,graph_box,1.0000,15,1,0,2,,333,500,"0.0,155.0,15.0,434.0"
10436,2413957,2413957,1,same_attr,shower curtain,graph_box,1.0000,15,1,0,2,,333,500,"0.0,155.0,15.0,434.0"
10439,2411252,2411252,1,same_attr,pole,graph_box,1.0000,17,1,0,2,,321,500,"120.0,0.0,169.0,497.0"
10442,2411252,2411252,1,same_attr,traffic light,graph_box,1.0000,17,1,0,2,,321,500,"71.0,153.0,123.0,277.0"
10444,2348014,2348014,1,same_attr,table,graph_box,1.0000,16,1,0,2,,500,281,"31.0,65.0,406.0,281.0"
10445,2322920,2322920,1,same_attr,microwave,graph_box,1.0000,16,1,0,2,,350,500,"230.0,63.0,331.0,160.0"
10446,2322920,2322920,1,same_attr,microwave,graph_box,1.0000,16,1,0,2,,350,500,"230.0,63.0,331.0,160.0"
10447,2402021,2402021,1,same_attr,dog,graph_box,1.0000,16,1,0,2,,374,500,"240.0,319.0,371.0,499.0"
10453,2386495,2386495,1,same_attr,coffee table,graph_box,1.0000,36,1,0,2,,500,279,"272.0,188.0,355.0,278.0"
10454,2387481,2387481,1,same_attr,vase,graph_box,1.0000,14,1,0,2,,375,500,"21.0,188.0,137.0,320.0"
10455,2387481,2387481,1,same_attr,vase,graph_box,1.0000,14,1,0,2,,375,500,"21.0,188.0,137.0,320.0"
10456,2417813,2417813,1,same_attr,dishwasher,graph_box,1.0000,16,1,0,2,,375,500,"18.0,337.0,128.0,484.0"
10457,2317536,2317536,1,same_attr,dishwasher,graph_box,1.0000,21,1,0,2,,334,500,"171.0,261.0,241.0,354.0"
10465,2336424,2336424,1,same_attr,chair,graph_box,1.0000,21,1,0,2,,500,375,"53.0,186.0,264.0,374.0"
10466,2336424,2336424,1,same_attr,computer monitor,graph_box,1.0000,21,1,0,2,,500,375,"248.0,87.0,360.0,179.0"
10468,2385419,2385419,1,same_attr,motorcycle,graph_box,1.0000,16,1,0,2,,500,409,"35.0,127.0,385.0,360.0"
10471,2369857,2369857,1,same_attr,locomotive,graph_box,1.0000,30,1,0,2,,500,282,"177.0,26.0,434.0,221.0"
10472,2369857,2369857,1,same_attr,locomotive,graph_box,1.0000,30,1,0,2,,500,282,"177.0,26.0,434.0,221.0"
10473,2401553,2401553,1,same_attr,elephant,graph_box,1.0000,17,1,0,2,,500,333,"108.0,71.0,332.0,262.0"
10478,2321578,2321578,1,same_attr,shower curtain,graph_box,1.0000,13,1,0,2,,375,500,"203.0,13.0,278.0,369.0"
10479,2321578,2321578,1,same_attr,shower curtain,graph_box,1.0000,13,1,0,2,,375,500,"203.0,13.0,278.0,369.0"
10480,2381061,2381061,1,same_attr,laptop,graph_box,1.0000,12,1,0,2,,500,375,"325.0,291.0,433.0,370.0"
10484,2327623,2327623,1,same_attr,surfboard,graph_box,1.0000,10,1,0,2,,500,333,"47.0,90.0,193.0,250.0"
10485,2384623,2384623,1,same_attr,coffee table,graph_box,1.0000,16,1,0,2,,500,333,"223.0,261.0,378.0,310.0"
10486,2384623,2384623,1,same_attr,coffee table,graph_box,1.0000,16,1,0,2,,500,333,"223.0,261.0,378.0,310.0"
10487,2366876,2366876,1,same_attr,chandelier,graph_box,1.0000,33,1,0,2,,500,333,"92.0,1.0,177.0,101.0"
10488,2366876,2366876,2,same_attr,table,graph_box,1.0000,33,2,1,2,,500,333,"9.0,195.0,240.0,316.0"
10489,2366876,2366876,2,same_attr,table,graph_box,1.0000,33,2,1,2,,500,333,"9.0,195.0,240.0,316.0"
10490,2366876,2366876,2,same_attr,table,graph_box,1.0000,33,2,1,2,,500,333,"273.0,187.0,359.0,236.0"
10491,2366876,2366876,2,same_attr,table,graph_box,1.0000,33,2,1,2,,500,333,"273.0,187.0,359.0,236.0"
10492,2391999,2391999,1,same_attr,pillow,graph_box,1.0000,14,1,0,2,,375,500,"145.0,346.0,230.0,422.0"
10493,2391999,2391999,1,same_attr,pillow,graph_box,1.0000,14,1,0,2,,375,500,"145.0,346.0,230.0,422.0"
10494,2391999,2391999,1,same_attr,pillow,graph_box,1.0000,14,1,0,2,,375,500,"145.0,346.0,230.0,422.0"
10495,2391999,2391999,1,same_attr,pillow,graph_box,1.0000,14,1,0,2,,375,500,"145.0,346.0,230.0,422.0"
10496,2359166,2359166,1,same_attr,stop sign,graph_box,1.0000,36,2,1,2,,500,375,"186.0,30.0,252.0,104.0"
10503,2349328,2349328,1,same_attr,truck,graph_box,1.0000,17,1,0,2,,333,500,"205.0,383.0,284.0,446.0"
10505,2383984,2383984,1,same_attr,side table,graph_box,1.0000,28,1,0,2,,500,472,"1.0,325.0,180.0,435.0"
10506,2383984,2383984,1,same_attr,chair,graph_box,1.0000,28,1,0,2,,500,472,"337.0,248.0,499.0,467.0"
10507,2383984,2383984,1,same_attr,chair,graph_box,1.0000,28,1,0,2,,500,472,"337.0,248.0,499.0,467.0"
10508,2383984,2383984,1,same_attr,sofa,graph_box,1.0000,28,1,0,2,,500,472,"0.0,199.0,241.0,472.0"
10509,2383984,2383984,1,same_attr,sofa,graph_box,1.0000,28,1,0,2,,500,472,"0.0,199.0,241.0,472.0"
10510,498126,498126,1,same_attr,bowl,graph_box,1.0000,14,1,0,2,,768,1024,"584.0,352.0,768.0,465.0"
10511,498126,498126,2,same_attr,towel,graph_box,1.0000,14,3,2,2,,768,1024,"213.0,247.0,339.0,645.0"
10512,498126,498126,2,same_attr,towel,graph_box,1.0000,14,3,2,2,,768,1024,"213.0,247.0,339.0,645.0"
10516,2321256,2321256,1,same_attr,cat,graph_box,1.0000,17,1,0,2,,500,335,"129.0,218.0,341.0,300.0"
10517,2321256,2321256,1,same_attr,lamp,graph_box,1.0000,17,1,0,2,,500,335,"154.0,63.0,237.0,233.0"
10518,2355043,2355043,1,same_attr,chair,graph_box,1.0000,15,1,0,2,,500,333,"284.0,225.0,500.0,333.0"
10520,2367977,2367977,1,same_attr,microwave,graph_box,1.0000,30,1,0,2,,500,375,"312.0,0.0,499.0,68.0"
10521,2367977,2367977,1,same_attr,microwave,graph_box,1.0000,30,1,0,2,,500,375,"312.0,0.0,499.0,68.0"
10522,2367977,2367977,1,same_attr,microwave,graph_box,1.0000,30,1,0,2,,500,375,"312.0,0.0,499.0,68.0"
10523,2417104,2417104,1,same_attr,lamp,graph_box,1.0000,10,1,0,2,,500,333,"188.0,0.0,247.0,188.0"
10525,2373660,2373660,1,same_attr,blanket,graph_box,1.0000,17,1,0,2,,500,375,"25.0,268.0,411.0,373.0"
10528,2352650,2352650,1,same_attr,microwave,graph_box,1.0000,16,1,0,2,,500,375,"362.0,108.0,442.0,171.0"
10529,2367770,2367770,1,same_attr,paper,graph_box,1.0000,24,1,0,2,,375,500,"8.0,365.0,345.0,500.0"
10530,2324564,2324564,1,same_attr,blanket,graph_box,1.0000,25,1,0,2,,500,375,"139.0,263.0,369.0,370.0"
10531,2352617,2352617,1,same_attr,armchair,graph_box,1.0000,18,1,0,2,,500,375,"376.0,103.0,480.0,179.0"
10534,2401618,2401618,1,same_attr,giraffe,graph_box,1.0000,4,1,0,2,,500,333,"159.0,10.0,302.0,332.0"
10537,2354241,2354241,1,same_attr,bowl,graph_box,1.0000,10,1,0,2,,500,425,"267.0,159.0,352.0,233.0"
10544,2406620,2406620,1,same_attr,pan,graph_box,1.0000,24,1,0,2,,500,375,"98.0,281.0,305.0,375.0"
10546,2387456,2387456,2,same_attr,car,graph_box,1.0000,20,2,1,2,,500,375,"68.0,252.0,302.0,373.0"
10548,2388049,2388049,1,same_attr,television,graph_box,1.0000,21,1,0,2,,500,375,"300.0,24.0,477.0,157.0"
10549,2388049,2388049,1,same_attr,television,graph_box,1.0000,21,1,0,2,,500,375,"300.0,24.0,477.0,157.0"
10551,2348437,2348437,1,same_attr,shower curtain,graph_box,1.0000,16,1,0,2,,333,500,"155.0,121.0,277.0,437.0"
10552,2348437,2348437,1,same_attr,shower curtain,graph_box,1.0000,16,1,0,2,,333,500,"155.0,121.0,277.0,437.0"
10553,2348437,2348437,1,same_attr,shower curtain,graph_box,1.0000,16,1,0,2,,333,500,"155.0,121.0,277.0,437.0"
10554,2348437,2348437,1,same_attr,shower curtain,graph_box,1.0000,16,1,0,2,,333,500,"155.0,121.0,277.0,437.0"
10559,2353890,2353890,1,same_attr,coffee table,graph_box,1.0000,21,1,0,2,,500,333,"188.0,198.0,342.0,303.0"
10560,2386662,2386662,1,same_attr,urinal,graph_box,1.0000,13,1,0,2,,500,334,"108.0,0.0,260.0,167.0"
10561,2386662,2386662,1,same_attr,urinal,graph_box,1.0000,13,1,0,2,,500,334,"108.0,0.0,260.0,167.0"
10563,2334053,2334053,1,same_attr,lamp,graph_box,1.0000,18,1,0,2,,500,438,"215.0,159.0,342.0,354.0"
10564,2321166,2321166,1,same_attr,coffee table,graph_box,1.0000,22,1,0,2,,500,375,"86.0,251.0,248.0,328.0"
10565,2319836,2319836,1,same_attr,armchair,graph_box,1.0000,19,1,0,2,,500,281,"126.0,111.0,232.0,205.0"
10566,2319836,2319836,1,same_attr,armchair,graph_box,1.0000,19,1,0,2,,500,281,"126.0,111.0,232.0,205.0"
10575,2389819,2389819,1,same_attr,flower,graph_box,1.0000,17,1,0,2,,500,399,"210.0,25.0,293.0,153.0"
10580,2411038,2411038,2,same_attr,chair,graph_box,1.0000,29,2,1,2,,500,375,"165.0,259.0,337.0,375.0"
10582,2395059,2395059,1,same_attr,keyboard,graph_box,1.0000,17,1,0,2,,500,333,"222.0,174.0,317.0,222.0"
10586,2403669,2403669,1,same_attr,table,graph_box,1.0000,19,1,0,2,,375,500,"59.0,242.0,301.0,446.0"
10588,2388658,2388658,1,same_attr,bag,graph_box,1.0000,22,1,0,2,,500,375,"311.0,164.0,453.0,256.0"
10593,2383089,2383089,1,same_attr,toilet seat,graph_box,1.0000,16,1,0,2,,375,500,"82.0,308.0,136.0,429.0"
10594,2383089,2383089,1,same_attr,toilet seat,graph_box,1.0000,16,1,0,2,,375,500,"82.0,308.0,136.0,429.0"
10595,2383089,2383089,1,same_attr,toilet seat,objects_id_first,0.3535,16,1,0,2,,375,500,"92.8,309.2,132.9,366.8"
10597,2381758,2381758,1,same_attr,bus,graph_box,1.0000,25,1,0,2,,500,334,"162.0,61.0,378.0,232.0"
10598,2403341,2403341,1,same_attr,dog,graph_box,1.0000,16,1,0,2,,400,300,"56.0,171.0,124.0,217.0"
10599,2403341,2403341,1,same_attr,bike,graph_box,1.0000,16,1,0,2,,400,300,"151.0,140.0,357.0,277.0"
10600,2387101,2387101,1,same_attr,shower curtain,graph_box,1.0000,24,1,0,2,,333,500,"25.0,38.0,109.0,392.0"
10601,2387101,2387101,1,same_attr,shower curtain,graph_box,1.0000,24,1,0,2,,333,500,"25.0,38.0,109.0,392.0"
10602,2387101,2387101,1,same_attr,shower curtain,graph_box,1.0000,24,1,0,2,,333,500,"25.0,38.0,109.0,392.0"
10603,2359380,2359380,1,same_attr,van,graph_box,1.0000,18,1,0,2,,375,500,"1.0,343.0,147.0,473.0"
10604,2357214,2357214,1,same_attr,map,graph_box,1.0000,6,1,0,2,,500,375,"92.0,0.0,427.0,266.0"
10608,2325945,2325945,1,same_attr,surfboard,graph_box,1.0000,6,1,0,2,,500,375,"114.0,212.0,284.0,240.0"
10609,2413626,2413626,1,same_attr,cat,graph_box,1.0000,17,1,0,2,,375,500,"5.0,39.0,309.0,448.0"
10610,2324093,2324093,1,same_attr,box,graph_box,1.0000,20,1,0,2,,500,333,"128.0,275.0,207.0,332.0"
10611,2412682,2412682,1,same_attr,bus,graph_box,1.0000,32,1,0,2,,500,351,"356.0,211.0,457.0,255.0"
10614,2352839,2352839,2,same_attr,car,graph_box,1.0000,19,2,1,2,,500,281,"172.0,116.0,347.0,229.0"
10615,2345674,2345674,1,same_attr,towel,graph_box,1.0000,17,1,0,2,,500,375,"49.0,196.0,117.0,325.0"
10616,2345674,2345674,1,same_attr,towel,graph_box,1.0000,17,1,0,2,,500,375,"49.0,196.0,117.0,325.0"
10617,2392252,2392252,2,same_attr,car,graph_box,1.0000,15,4,3,2,,500,334,"149.0,58.0,362.0,125.0"
10618,2392252,2392252,2,same_attr,car,graph_box,1.0000,15,4,3,2,,500,334,"149.0,58.0,362.0,125.0"
10619,2376400,2376400,1,same_attr,bench,graph_box,1.0000,22,1,0,2,,500,333,"19.0,84.0,307.0,151.0"
10620,2376400,2376400,1,same_attr,bench,graph_box,1.0000,22,1,0,2,,500,333,"19.0,84.0,307.0,151.0"
10621,2376400,2376400,1,same_attr,cup,graph_box,1.0000,22,1,0,2,,500,333,"298.0,39.0,388.0,158.0"
10622,2376400,2376400,1,same_attr,table,graph_box,1.0000,22,1,0,2,,500,333,"0.0,146.0,499.0,333.0"
10623,2376400,2376400,1,same_attr,table,graph_box,1.0000,22,1,0,2,,500,333,"0.0,146.0,499.0,333.0"
10624,2376400,2376400,1,same_attr,paper,graph_box,1.0000,22,1,0,2,,500,333,"59.0,133.0,451.0,271.0"
10626,2357735,2357735,1,same_attr,table,graph_box,1.0000,25,1,0,2,,415,500,"154.0,233.0,390.0,400.0"
10628,2357735,2357735,1,same_attr,plant,graph_box,1.0000,25,1,0,2,,415,500,"197.0,27.0,363.0,105.0"
10630,2407602,2407602,1,same_attr,laptop,graph_box,1.0000,26,1,0,2,,375,500,"102.0,61.0,223.0,216.0"
10631,2407602,2407602,1,same_attr,laptop,graph_box,1.0000,26,1,0,2,,375,500,"102.0,61.0,223.0,216.0"
10636,2354614,2354614,1,same_attr,table,objects_id_first,0.2479,18,1,0,2,,500,428,"152.0,225.0,319.0,323.0"
10637,2354614,2354614,1,same_attr,table,objects_id_first,0.1896,18,1,0,2,,500,428,"151.1,228.7,326.8,296.7"
10639,3271,3271,1,same_attr,suv,graph_box,1.0000,15,1,0,2,,800,600,"356.0,299.0,651.0,444.0"
10642,2375481,2375481,1,same_attr,soap dispenser,graph_box,1.0000,21,1,0,2,,500,375,"354.0,2.0,439.0,155.0"
10643,2394467,2394467,1,same_attr,bottle,graph_box,1.0000,22,1,0,2,,500,302,"176.0,69.0,221.0,166.0"
10646,2351860,2351860,2,same_attr,car,graph_box,1.0000,18,2,1,2,,500,375,"171.0,65.0,467.0,268.0"
10647,2344047,2344047,1,same_attr,microwave,graph_box,1.0000,12,1,0,2,,500,375,"2.0,56.0,469.0,375.0"
10650,61562,61562,2,same_attr,table,graph_box,1.0000,15,1,0,2,,1024,612,"2.0,229.0,561.0,611.0"
10651,2413240,2413240,1,same_attr,towel,graph_box,1.0000,14,1,0,2,,500,375,"296.0,177.0,469.0,329.0"
10652,2413240,2413240,1,same_attr,towel,graph_box,1.0000,14,1,0,2,,500,375,"296.0,177.0,469.0,329.0"
10655,2346199,2346199,1,same_attr,box,graph_box,1.0000,17,1,0,2,,500,336,"105.0,105.0,183.0,162.0"
10656,2346199,2346199,1,same_attr,box,graph_box,1.0000,17,1,0,2,,500,336,"105.0,105.0,183.0,162.0"
10657,2346199,2346199,1,same_attr,box,graph_box,1.0000,17,1,0,2,,500,336,"105.0,105.0,183.0,162.0"
10658,2350792,2350792,1,same_attr,bike,graph_box,1.0000,21,1,0,2,,500,333,"42.0,3.0,435.0,333.0"
10659,2374983,2374983,1,same_attr,elephant,graph_box,1.0000,15,1,0,2,,500,375,"242.0,105.0,479.0,255.0"
10668,2395214,2395214,1,same_attr,giraffe,graph_box,1.0000,18,1,0,2,,401,500,"56.0,31.0,352.0,413.0"
10671,2405542,2405542,1,same_attr,dog,graph_box,1.0000,22,1,0,2,,500,332,"365.0,226.0,424.0,326.0"
10674,2390480,2390480,1,same_attr,toilet paper,graph_box,1.0000,13,1,0,2,,200,189,"138.0,24.0,173.0,57.0"
10675,362,362,1,same_attr,van,graph_box,1.0000,23,1,0,2,,800,600,"0.0,359.0,217.0,462.0"
10676,362,362,1,same_attr,van,graph_box,1.0000,23,1,0,2,,800,600,"0.0,359.0,217.0,462.0"
10677,2374146,2374146,1,same_attr,chair,graph_box,1.0000,14,1,0,2,,500,375,"225.0,123.0,347.0,225.0"
10679,59,59,1,same_attr,suv,graph_box,1.0000,16,1,0,2,,800,600,"119.0,321.0,272.0,445.0"
10681,2402114,2402114,1,same_attr,dog,graph_box,1.0000,20,1,0,2,,500,401,"64.0,219.0,150.0,341.0"
10682,2411607,2411607,1,same_attr,broom,graph_box,1.0000,17,1,0,2,,500,375,"213.0,163.0,266.0,271.0"
10683,2411607,2411607,1,same_attr,towel,graph_box,1.0000,17,1,0,2,,500,375,"215.0,49.0,285.0,151.0"
10684,2411607,2411607,1,same_attr,dishwasher,graph_box,1.0000,17,1,0,2,,500,375,"371.0,54.0,475.0,204.0"
10688,2397140,2397140,1,same_attr,elephant,graph_box,1.0000,16,1,0,2,,375,500,"1.0,22.0,357.0,444.0"
10694,2381993,2381993,1,same_attr,towel,graph_box,1.0000,14,1,0,2,,333,500,"121.0,289.0,165.0,439.0"
10695,2381993,2381993,1,same_attr,towel,graph_box,1.0000,14,1,0,2,,333,500,"121.0,289.0,165.0,439.0"
10696,2394690,2394690,1,same_attr,cat,graph_box,1.0000,15,1,0,2,,375,500,"261.0,288.0,356.0,346.0"
10697,2394690,2394690,1,same_attr,cat,graph_box,1.0000,15,1,0,2,,375,500,"261.0,288.0,356.0,346.0"
10698,2364335,2364335,1,same_attr,chair,graph_box,1.0000,29,1,0,2,,500,375,"14.0,138.0,117.0,260.0"
10699,2364335,2364335,1,same_attr,chair,graph_box,1.0000,29,1,0,2,,500,375,"14.0,138.0,117.0,260.0"
10700,2364335,2364335,1,same_attr,chair,graph_box,1.0000,29,1,0,2,,500,375,"14.0,138.0,117.0,260.0"
10701,2364335,2364335,1,same_attr,chair,graph_box,1.0000,29,1,0,2,,500,375,"14.0,138.0,117.0,260.0"
10702,2359937,2359937,1,same_attr,box,graph_box,1.0000,12,1,0,2,,500,375,"0.0,339.0,181.0,375.0"
10704,2374714,2374714,2,same_attr,car,graph_box,1.0000,26,2,1,2,,500,375,"0.0,84.0,202.0,182.0"
10705,2381560,2381560,2,same_attr,car,graph_box,1.0000,18,2,1,2,,500,334,"208.0,190.0,476.0,268.0"
10706,2331158,2331158,1,same_attr,radiator,graph_box,1.0000,23,1,0,2,,500,317,"302.0,172.0,387.0,223.0"
10707,2331158,2331158,1,same_attr,radiator,graph_box,1.0000,23,1,0,2,,500,317,"302.0,172.0,387.0,223.0"
10708,2334602,2334602,1,same_attr,dishwasher,graph_box,1.0000,18,1,0,2,,500,323,"189.0,126.0,258.0,218.0"
10710,2334602,2334602,1,same_attr,chair,graph_box,1.0000,18,1,0,2,,500,323,"205.0,201.0,330.0,269.0"
10711,2334602,2334602,1,same_attr,chair,graph_box,1.0000,18,1,0,2,,500,323,"205.0,201.0,330.0,269.0"
10712,2365993,2365993,1,same_attr,table,graph_box,1.0000,26,1,0,2,,375,500,"18.0,242.0,313.0,500.0"
10714,2342151,2342151,1,same_attr,table,graph_box,1.0000,21,1,0,2,,500,399,"195.0,243.0,499.0,395.0"
10717,2345741,2345741,1,same_attr,backpack,graph_box,1.0000,18,1,0,2,,500,445,"98.0,183.0,185.0,287.0"
10720,2345741,2345741,1,same_attr,car,graph_box,1.0000,18,1,0,2,,500,445,"97.0,0.0,499.0,145.0"
10728,2389455,2389455,1,same_attr,dishwasher,graph_box,1.0000,15,1,0,2,,500,375,"60.0,239.0,132.0,338.0"
10729,2389455,2389455,1,same_attr,dishwasher,graph_box,1.0000,15,1,0,2,,500,375,"60.0,239.0,132.0,338.0"
10731,2389455,2389455,1,same_attr,dishwasher,graph_box,1.0000,15,1,0,2,,500,375,"60.0,239.0,132.0,338.0"
10734,2390027,2390027,1,same_attr,dishwasher,graph_box,1.0000,15,1,0,2,,500,375,"118.0,214.0,204.0,327.0"
10735,2367639,2367639,2,same_attr,sofa,graph_box,1.0000,23,2,1,2,,500,333,"35.0,180.0,135.0,267.0"
10736,2414605,2414605,1,same_attr,horse,graph_box,1.0000,17,1,0,2,,500,333,"200.0,93.0,501.0,332.0"
10738,2374892,2374892,1,same_attr,lamp,graph_box,1.0000,24,1,0,2,,500,375,"145.0,0.0,246.0,126.0"
10739,2341787,2341787,1,same_attr,pot,objects_id_first,0.3927,24,1,0,2,,500,375,"148.1,333.1,298.2,373.6"
10743,2417543,2417543,1,same_attr,basket,graph_box,1.0000,17,1,0,2,,500,465,"53.0,110.0,174.0,188.0"
10745,2347569,2347569,1,same_attr,fence,graph_box,1.0000,13,1,0,2,,500,500,"0.0,0.0,215.0,384.0"
10746,2368165,2368165,1,same_attr,bicycle,graph_box,1.0000,15,1,0,2,,493,500,"252.0,269.0,486.0,463.0"
10749,174,174,1,same_attr,table,graph_box,1.0000,13,1,0,2,,800,594,"14.0,519.0,127.0,593.0"
10750,174,174,1,same_attr,table,graph_box,1.0000,13,1,0,2,,800,594,"14.0,519.0,127.0,593.0"
10752,2366034,2366034,1,same_attr,armchair,graph_box,1.0000,18,1,0,2,,500,375,"418.0,106.0,499.0,194.0"
10754,2402230,2402230,1,same_attr,curtain,graph_box,1.0000,19,1,0,2,,334,500,"208.0,166.0,333.0,301.0"
10760,2396376,2396376,1,same_attr,bottle,graph_box,1.0000,22,1,0,2,,500,375,"191.0,243.0,248.0,375.0"
10761,1547,1547,1,same_attr,packet,graph_box,1.0000,4,1,0,2,,640,480,"472.0,15.0,540.0,79.0"
10762,2410392,2410392,1,same_attr,dog,graph_box,1.0000,16,1,0,2,,500,339,"163.0,169.0,290.0,234.0"
10764,2359433,2359433,1,same_attr,platter,graph_box,1.0000,37,1,0,2,,500,500,"38.0,275.0,203.0,341.0"
10767,2398481,2398481,1,same_attr,backpack,graph_box,1.0000,18,1,0,2,,500,335,"83.0,19.0,323.0,200.0"
10768,2398481,2398481,1,same_attr,backpack,graph_box,1.0000,18,1,0,2,,500,335,"83.0,19.0,323.0,200.0"
10769,2398481,2398481,1,same_attr,backpack,graph_box,1.0000,18,1,0,2,,500,335,"83.0,19.0,323.0,200.0"
10773,2410230,2410230,1,same_attr,stump,graph_box,1.0000,16,1,0,2,,375,500,"277.0,336.0,375.0,488.0"
10779,2411516,2411516,2,same_attr,hat,graph_box,1.0000,24,2,1,2,,500,500,"328.0,44.0,406.0,91.0"
10782,2382646,2382646,1,same_attr,door,graph_box,1.0000,18,1,0,2,,500,375,"399.0,61.0,470.0,310.0"
10785,286053,286053,1,same_attr,sign,graph_box,1.0000,23,1,0,2,,1000,666,"642.0,186.0,774.0,264.0"
10786,286053,286053,1,same_attr,sign,graph_box,1.0000,23,1,0,2,,1000,666,"642.0,186.0,774.0,264.0"
10787,2361741,2361741,1,same_attr,hat,graph_box,1.0000,18,1,0,2,,333,500,"176.0,33.0,279.0,97.0"
10788,2408446,2408446,1,same_attr,table,graph_box,1.0000,20,1,0,2,,500,374,"0.0,215.0,483.0,372.0"
10793,2335787,2335787,1,same_attr,desk,graph_box,1.0000,20,1,0,2,,500,375,"0.0,221.0,498.0,376.0"
10804,2413526,2413526,1,same_attr,sheet,graph_box,1.0000,4,1,0,2,,500,375,"2.0,104.0,498.0,375.0"
10805,2394824,2394824,1,same_attr,toilet,graph_box,1.0000,8,1,0,2,,299,500,"0.0,160.0,286.0,492.0"
10808,2360098,2360098,1,same_attr,carpet,graph_box,1.0000,24,1,0,2,,500,333,"0.0,230.0,353.0,333.0"
10811,2361468,2361468,1,same_attr,mask,graph_box,1.0000,21,1,0,2,,500,333,"255.0,99.0,302.0,152.0"
10812,2361468,2361468,1,same_attr,mask,graph_box,1.0000,21,1,0,2,,500,333,"255.0,99.0,302.0,152.0"
10813,2321020,2321020,2,same_attr,microphone,graph_box,1.0000,18,4,3,2,,333,500,"0.0,389.0,97.0,495.0"
10814,2411141,2411141,1,same_attr,cup,graph_box,1.0000,17,1,0,2,,500,375,"144.0,46.0,240.0,143.0"
10815,2411141,2411141,1,same_attr,cup,graph_box,1.0000,17,1,0,2,,500,375,"144.0,46.0,240.0,143.0"
10816,2403961,2403961,1,same_attr,building,graph_box,1.0000,15,1,0,2,,500,333,"1.0,0.0,456.0,286.0"
10817,2400705,2400705,1,same_attr,frisbee,graph_box,1.0000,13,1,0,2,,375,500,"75.0,212.0,156.0,280.0"
10818,2345259,2345259,1,same_attr,oven,graph_box,1.0000,24,1,0,2,,500,375,"120.0,93.0,255.0,211.0"
10822,2394254,2394254,1,same_attr,fence,graph_box,1.0000,13,1,0,2,,500,333,"0.0,78.0,283.0,133.0"
10823,2316451,2316451,1,same_attr,paper,graph_box,1.0000,8,1,0,2,,500,375,"0.0,7.0,156.0,152.0"
10825,2317322,2317322,1,same_attr,paper towel,graph_box,1.0000,40,1,0,2,,500,375,"402.0,0.0,499.0,328.0"
10826,2415117,2415117,1,same_attr,toilet,graph_box,1.0000,13,1,0,2,,375,500,"212.0,261.0,292.0,412.0"
10827,2415117,2415117,1,same_attr,toilet,graph_box,1.0000,13,1,0,2,,375,500,"212.0,261.0,292.0,412.0"
10829,2365977,2365977,1,same_attr,plate,graph_box,1.0000,10,1,0,2,,500,375,"92.0,67.0,393.0,348.0"
10834,2395429,2395429,1,same_attr,water,graph_box,1.0000,5,1,0,2,,500,375,"0.0,169.0,501.0,368.0"
10835,2384550,2384550,1,same_attr,boat,graph_box,1.0000,8,1,0,2,,500,500,"53.0,381.0,138.0,413.0"
10837,2367468,2367468,1,same_attr,laptop,graph_box,1.0000,19,1,0,2,,500,333,"191.0,123.0,242.0,161.0"
10842,2404668,2404668,1,same_attr,flower,objects_id_first,0.4277,11,1,0,2,,375,500,"40.0,82.0,352.0,493.0"
10844,2401893,2401893,1,same_attr,soap dish,graph_box,1.0000,9,1,0,2,,375,500,"235.0,359.0,296.0,408.0"
10845,2407388,2407388,1,same_attr,canopy,graph_box,1.0000,15,1,0,2,,500,332,"89.0,31.0,320.0,120.0"
10849,2318172,2318172,1,same_attr,book,graph_box,1.0000,16,1,0,2,,500,375,"1.0,117.0,96.0,231.0"
10850,2318172,2318172,1,same_attr,book,graph_box,1.0000,16,1,0,2,,500,375,"1.0,117.0,96.0,231.0"
10851,2318172,2318172,1,same_attr,book,graph_box,1.0000,16,1,0,2,,500,375,"1.0,117.0,96.0,231.0"
10852,2380141,2380141,1,same_attr,bowl,graph_box,1.0000,7,1,0,2,,500,500,"348.0,168.0,491.0,336.0"
10854,2410522,2410522,1,same_attr,plate,graph_box,1.0000,11,1,0,2,,374,500,"18.0,299.0,268.0,436.0"
10855,2410524,2410524,1,same_attr,toilet paper,graph_box,1.0000,14,1,0,2,,374,500,"8.0,379.0,45.0,437.0"
10857,2346326,2346326,1,same_attr,fence,graph_box,1.0000,17,1,0,2,,215,500,"0.0,15.0,214.0,371.0"
10858,2381592,2381592,1,same_attr,bowl,graph_box,1.0000,18,1,0,2,,500,375,"159.0,134.0,295.0,225.0"
10859,2381592,2381592,1,same_attr,bowl,graph_box,1.0000,18,1,0,2,,500,375,"159.0,134.0,295.0,225.0"
10860,2381592,2381592,1,same_attr,bowl,graph_box,1.0000,18,1,0,2,,500,375,"159.0,134.0,295.0,225.0"
10861,2381592,2381592,1,same_attr,bowl,graph_box,1.0000,18,1,0,2,,500,375,"159.0,134.0,295.0,225.0"
10862,2381592,2381592,1,same_attr,bowl,graph_box,1.0000,18,1,0,2,,500,375,"159.0,134.0,295.0,225.0"
10865,2360132,2360132,1,same_attr,curtain,graph_box,1.0000,11,1,0,2,,500,375,"2.0,3.0,27.0,169.0"
10866,2360132,2360132,1,same_attr,curtain,graph_box,1.0000,11,1,0,2,,500,375,"2.0,3.0,27.0,169.0"
10867,2360132,2360132,1,same_attr,blanket,graph_box,1.0000,11,1,0,2,,500,375,"0.0,217.0,500.0,373.0"
10869,2363785,2363785,1,same_attr,meat,graph_box,1.0000,18,1,0,2,,500,307,"243.0,42.0,399.0,151.0"
10870,2332462,2332462,1,same_attr,drawer,objects_id_first,0.3461,16,1,0,2,,500,374,"350.3,244.8,489.3,372.0"
10873,2359140,2359140,1,same_attr,bowl,graph_box,1.0000,39,1,0,2,,500,500,"387.0,72.0,497.0,149.0"
10878,2392663,2392663,1,same_attr,carpet,graph_box,1.0000,22,1,0,2,,375,500,"0.0,384.0,84.0,499.0"
10885,2399513,2399513,1,same_attr,plate,graph_box,1.0000,7,1,0,2,,500,375,"36.0,12.0,337.0,315.0"
10888,523,523,1,same_attr,toilet,graph_box,1.0000,11,1,0,2,,800,600,"490.0,208.0,751.0,598.0"
10889,523,523,1,same_attr,toilet,graph_box,1.0000,11,1,0,2,,800,600,"490.0,208.0,751.0,598.0"
10890,523,523,1,same_attr,toilet,graph_box,1.0000,11,1,0,2,,800,600,"490.0,208.0,751.0,598.0"
10896,2354664,2354664,1,same_attr,table,graph_box,1.0000,17,1,0,2,,333,500,"0.0,290.0,333.0,496.0"
10897,2400829,2400829,1,same_attr,street sign,graph_box,1.0000,18,1,0,2,,500,281,"447.0,14.0,500.0,50.0"
10901,2379863,2379863,1,same_attr,fire hydrant,graph_box,1.0000,18,1,0,2,,375,500,"119.0,83.0,217.0,186.0"
10904,2393739,2393739,1,same_attr,ceiling,graph_box,1.0000,19,1,0,2,,500,375,"1.0,2.0,496.0,165.0"
10906,2390647,2390647,1,same_attr,cake,graph_box,1.0000,11,1,0,2,,333,500,"148.0,308.0,297.0,419.0"
10907,2390647,2390647,1,same_attr,cake,graph_box,1.0000,11,1,0,2,,333,500,"148.0,308.0,297.0,419.0"
10908,2390647,2390647,1,same_attr,cake,graph_box,1.0000,11,1,0,2,,333,500,"148.0,308.0,297.0,419.0"
10909,2390647,2390647,1,same_attr,plate,graph_box,1.0000,11,1,0,2,,333,500,"130.0,350.0,306.0,424.0"
10910,2390647,2390647,1,same_attr,plate,graph_box,1.0000,11,1,0,2,,333,500,"130.0,350.0,306.0,424.0"
10911,2401699,2401699,1,same_attr,sign,graph_box,1.0000,8,1,0,2,,500,375,"102.0,48.0,388.0,345.0"
10914,2392463,2392463,1,same_attr,pole,graph_box,1.0000,14,1,0,2,,500,375,"20.0,122.0,76.0,374.0"
10915,2396616,2396616,1,same_attr,curtain,graph_box,1.0000,19,1,0,2,,375,500,"1.0,1.0,81.0,499.0"
10916,2396616,2396616,1,same_attr,curtain,graph_box,1.0000,19,1,0,2,,375,500,"1.0,1.0,81.0,499.0"
10917,2396616,2396616,1,same_attr,curtain,graph_box,1.0000,19,1,0,2,,375,500,"1.0,1.0,81.0,499.0"
10922,2394922,2394922,1,same_attr,toilet seat,graph_box,1.0000,13,1,0,2,,332,500,"106.0,285.0,160.0,332.0"
10923,2394922,2394922,1,same_attr,toilet seat,graph_box,1.0000,13,1,0,2,,332,500,"106.0,285.0,160.0,332.0"
10929,2363141,2363141,1,same_attr,mirror,graph_box,1.0000,7,1,0,2,,500,375,"337.0,9.0,396.0,72.0"
10931,2324852,2324852,1,same_attr,fence,graph_box,1.0000,9,1,0,2,,500,375,"0.0,0.0,500.0,199.0"
10933,2358501,2358501,1,same_attr,sink,graph_box,1.0000,10,1,0,2,,359,500,"0.0,438.0,92.0,498.0"
10934,2405831,2405831,1,same_attr,train,graph_box,1.0000,16,1,0,2,,500,333,"39.0,36.0,487.0,271.0"
10935,2347819,2347819,1,same_attr,lamp shade,graph_box,1.0000,19,1,0,2,,375,500,"316.0,302.0,374.0,363.0"
10939,2051,2051,1,same_attr,stove,graph_box,1.0000,18,1,0,2,,800,600,"145.0,330.0,431.0,594.0"
10940,2051,2051,1,same_attr,stove,objects_id_first,0.4405,18,1,0,2,,800,600,"137.7,416.0,435.3,534.4"
10941,2351153,2351153,1,same_attr,toilet,graph_box,1.0000,11,1,0,2,,333,500,"179.0,122.0,334.0,398.0"
10944,2361827,2361827,1,same_attr,pen,graph_box,1.0000,6,1,0,2,,500,334,"201.0,182.0,500.0,232.0"
10945,2370134,2370134,1,same_attr,dishwasher,graph_box,1.0000,30,1,0,2,,500,375,"421.0,256.0,498.0,374.0"
10947,2343201,2343201,1,same_attr,cabinets,graph_box,1.0000,21,1,0,2,,500,375,"1.0,0.0,52.0,56.0"
10948,2343201,2343201,1,same_attr,cabinets,graph_box,1.0000,21,1,0,2,,500,375,"1.0,0.0,52.0,56.0"
10960,150297,150297,1,same_attr,smoke,graph_box,1.0000,25,1,0,2,,1024,681,"106.0,4.0,591.0,463.0"
10961,2395951,2395951,1,same_attr,meat,graph_box,1.0000,8,1,0,2,,500,333,"126.0,174.0,358.0,271.0"
10962,2384950,2384950,1,same_attr,couch,graph_box,1.0000,19,1,0,2,,500,333,"0.0,118.0,499.0,331.0"
10965,2377561,2377561,1,same_attr,cupboard,graph_box,1.0000,18,1,0,2,,500,333,"211.0,182.0,328.0,259.0"
10971,2359718,2359718,1,same_attr,bike,graph_box,1.0000,22,1,0,2,,500,331,"13.0,45.0,464.0,304.0"
10973,2374119,2374119,1,same_attr,pillow,graph_box,1.0000,15,1,0,2,,500,375,"328.0,50.0,457.0,139.0"
10976,2414690,2414690,1,same_attr,outfit,graph_box,1.0000,7,1,0,2,,500,333,"317.0,96.0,447.0,279.0"
10981,2388933,2388933,1,same_attr,coffee cup,graph_box,1.0000,23,1,0,2,,333,500,"226.0,118.0,316.0,226.0"
10983,2410753,2410753,1,same_attr,laptop,graph_box,1.0000,21,1,0,2,,500,375,"90.0,223.0,179.0,303.0"
10986,2412204,2412204,1,same_attr,table,graph_box,1.0000,35,1,0,2,,500,334,"62.0,133.0,499.0,333.0"
10987,2412204,2412204,1,same_attr,table,graph_box,1.0000,35,1,0,2,,500,334,"62.0,133.0,499.0,333.0"
10989,2404247,2404247,1,same_attr,beer,graph_box,1.0000,5,1,0,2,,500,374,"1.0,7.0,75.0,134.0"
10991,2359509,2359509,1,same_attr,cat,graph_box,1.0000,16,1,0,2,,500,375,"112.0,136.0,442.0,321.0"
10994,2338953,2338953,1,same_attr,fork,graph_box,1.0000,17,1,0,2,,500,334,"1.0,178.0,79.0,256.0"
10995,2402809,2402809,1,same_attr,fence,graph_box,1.0000,11,1,0,2,,500,333,"3.0,10.0,499.0,181.0"
10998,2368244,2368244,1,same_attr,napkin,graph_box,1.0000,15,1,0,2,,500,500,"357.0,26.0,398.0,92.0"
11002,2315486,2315486,1,same_attr,dessert,graph_box,1.0000,17,1,0,2,,500,334,"311.0,264.0,425.0,333.0"
11008,2369303,2369303,1,same_attr,door,graph_box,1.0000,19,1,0,2,,500,333,"325.0,0.0,449.0,20.0"
11009,2316956,2316956,1,same_attr,toilet,graph_box,1.0000,15,1,0,2,,500,375,"201.0,198.0,387.0,375.0"
11010,2316956,2316956,1,same_attr,toilet,graph_box,1.0000,15,1,0,2,,500,375,"201.0,198.0,387.0,375.0"
11013,2364826,2364826,1,same_attr,building,graph_box,1.0000,12,1,0,2,,500,332,"7.0,78.0,249.0,118.0"
11020,2394645,2394645,1,same_attr,sink,graph_box,1.0000,20,1,0,2,,500,333,"160.0,181.0,243.0,208.0"
11021,2394645,2394645,1,same_attr,sink,graph_box,1.0000,20,1,0,2,,500,333,"160.0,181.0,243.0,208.0"
11022,2342626,2342626,1,same_attr,platform,graph_box,1.0000,12,1,0,2,,500,341,"86.0,178.0,475.0,341.0"
11023,2398883,2398883,1,same_attr,hat,graph_box,1.0000,17,1,0,2,,500,333,"380.0,170.0,491.0,246.0"
11025,2354842,2354842,1,same_attr,pillow,graph_box,1.0000,14,1,0,2,,375,500,"0.0,85.0,134.0,500.0"
11028,2350053,2350053,1,same_attr,bag,graph_box,1.0000,15,1,0,2,,500,375,"1.0,0.0,185.0,136.0"
11032,2631,2631,1,same_attr,water,graph_box,1.0000,21,1,0,2,,800,534,"0.0,341.0,377.0,534.0"
11033,2359844,2359844,1,same_attr,stove,graph_box,1.0000,41,1,0,2,,500,334,"293.0,101.0,364.0,161.0"
11034,2365189,2365189,1,same_attr,keyboard,graph_box,1.0000,6,1,0,2,,500,500,"82.0,357.0,344.0,459.0"
11035,2344346,2344346,1,same_attr,keyboard,graph_box,1.0000,15,1,0,2,,333,500,"0.0,258.0,98.0,367.0"
11036,2344346,2344346,1,same_attr,keyboard,graph_box,1.0000,15,1,0,2,,333,500,"0.0,258.0,98.0,367.0"
11037,2344346,2344346,1,same_attr,keyboard,graph_box,1.0000,15,1,0,2,,333,500,"0.0,258.0,98.0,367.0"
11038,2390555,2390555,1,same_attr,knife,graph_box,1.0000,8,1,0,2,,500,500,"10.0,305.0,481.0,388.0"
11039,2382364,2382364,1,same_attr,desk,graph_box,1.0000,12,1,0,2,,500,375,"475.0,202.0,500.0,312.0"
11043,2393941,2393941,1,same_attr,bench,graph_box,1.0000,26,1,0,2,,500,333,"175.0,166.0,332.0,317.0"
11044,2323361,2323361,1,same_attr,tie,graph_box,1.0000,14,1,0,2,,500,333,"249.0,182.0,279.0,286.0"
11048,2356933,2356933,1,same_attr,stick,graph_box,1.0000,18,1,0,2,,500,375,"247.0,6.0,279.0,89.0"
11051,2342838,2342838,1,same_attr,television,graph_box,1.0000,12,1,0,2,,500,375,"75.0,181.0,229.0,302.0"
11052,2342838,2342838,1,same_attr,television,graph_box,1.0000,12,1,0,2,,500,375,"75.0,181.0,229.0,302.0"
11053,2342838,2342838,1,same_attr,television,graph_box,1.0000,12,1,0,2,,500,375,"75.0,181.0,229.0,302.0"
11054,2342838,2342838,1,same_attr,chair,graph_box,1.0000,12,1,0,2,,500,375,"355.0,178.0,459.0,365.0"
11055,2342838,2342838,1,same_attr,chair,graph_box,1.0000,12,1,0,2,,500,375,"355.0,178.0,459.0,365.0"
11057,2395361,2395361,1,same_attr,cutting board,graph_box,1.0000,32,1,0,2,,375,500,"13.0,118.0,258.0,257.0"
11066,2381255,2381255,1,same_attr,microwave oven,graph_box,1.0000,35,1,0,2,,500,375,"336.0,59.0,473.0,141.0"
11069,2316705,2316705,1,same_attr,door,graph_box,1.0000,14,1,0,2,,500,307,"244.0,133.0,279.0,215.0"
11072,2352441,2352441,1,same_attr,table,graph_box,1.0000,17,1,0,2,,500,375,"0.0,192.0,501.0,372.0"
11074,2391016,2391016,1,same_attr,stick,graph_box,1.0000,15,1,0,2,,500,375,"308.0,110.0,441.0,146.0"
11075,2377465,2377465,1,same_attr,bird,graph_box,1.0000,9,1,0,2,,500,309,"143.0,118.0,348.0,206.0"
11077,2355228,2355228,1,same_attr,fence,graph_box,1.0000,8,1,0,2,,500,358,"0.0,7.0,500.0,221.0"
11087,2349792,2349792,1,same_attr,cabinets,graph_box,1.0000,15,1,0,2,,333,500,"152.0,131.0,325.0,499.0"
11090,2032,2032,1,same_attr,nightstand,graph_box,1.0000,10,1,0,2,,800,600,"199.0,380.0,528.0,599.0"
11091,2032,2032,1,same_attr,nightstand,graph_box,1.0000,10,1,0,2,,800,600,"199.0,380.0,528.0,599.0"
11092,150391,150391,1,same_attr,tie,graph_box,1.0000,15,1,0,2,,1024,913,"164.0,140.0,227.0,382.0"
11095,2387143,2387143,1,same_attr,table,graph_box,1.0000,12,1,0,2,,500,374,"6.0,160.0,501.0,373.0"
11099,2403460,2403460,1,same_attr,paper,graph_box,1.0000,16,1,0,2,,375,500,"183.0,103.0,237.0,181.0"
11100,2403460,2403460,1,same_attr,paper,graph_box,1.0000,16,1,0,2,,375,500,"183.0,103.0,237.0,181.0"
11104,2374515,2374515,1,same_attr,post,graph_box,1.0000,14,1,0,2,,500,332,"443.0,169.0,469.0,265.0"
11107,2407766,2407766,1,same_attr,toilet,graph_box,1.0000,8,1,0,2,,375,500,"196.0,221.0,259.0,351.0"
11108,2407766,2407766,1,same_attr,toilet,graph_box,1.0000,8,1,0,2,,375,500,"196.0,221.0,259.0,351.0"
11109,2405230,2405230,1,same_attr,newspaper,graph_box,1.0000,15,1,0,2,,500,500,"112.0,146.0,244.0,244.0"
11114,2332111,2332111,2,same_attr,building,graph_box,1.0000,20,1,0,2,,333,500,"0.0,1.0,129.0,145.0"
11119,2399190,2399190,1,same_attr,airplane,objects_id_first,0.4639,17,1,0,2,,500,334,"9.0,122.0,475.0,218.0"
11125,2397559,2397559,1,same_attr,house,graph_box,1.0000,25,1,0,2,,500,281,"5.0,17.0,159.0,182.0"
11130,2396367,2396367,1,same_attr,bed,graph_box,1.0000,22,1,0,2,,333,500,"0.0,55.0,332.0,334.0"
11131,2396367,2396367,1,same_attr,bed,graph_box,1.0000,22,1,0,2,,333,500,"0.0,55.0,332.0,334.0"
11132,2396367,2396367,1,same_attr,envelope,graph_box,1.0000,22,1,0,2,,333,500,"111.0,393.0,249.0,445.0"
11135,2320242,2320242,1,same_attr,television,graph_box,1.0000,42,1,0,2,,500,375,"408.0,177.0,472.0,262.0"
11142,2374597,2374597,1,same_attr,hat,graph_box,1.0000,15,1,0,2,,500,400,"229.0,63.0,273.0,109.0"
11143,2365459,2365459,1,same_attr,knife,graph_box,1.0000,13,1,0,2,,500,333,"448.0,194.0,499.0,292.0"
11145,2360506,2360506,1,same_attr,curtain,graph_box,1.0000,13,1,0,2,,333,500,"0.0,0.0,331.0,447.0"
11149,2373271,2373271,1,same_attr,spoon,graph_box,1.0000,16,1,0,2,,375,500,"61.0,246.0,112.0,332.0"
11153,286061,286061,1,same_attr,door,graph_box,1.0000,19,1,0,2,,1024,768,"5.0,1.0,155.0,767.0"
11156,2414271,2414271,1,same_attr,fork,graph_box,1.0000,16,1,0,2,,500,375,"268.0,31.0,499.0,204.0"
11163,2349483,2349483,1,same_attr,table,graph_box,1.0000,20,1,0,2,,500,334,"175.0,212.0,258.0,302.0"
11164,2360831,2360831,1,same_attr,pillow,graph_box,1.0000,23,1,0,2,,500,375,"45.0,132.0,137.0,245.0"
11171,2329521,2329521,1,same_attr,van,graph_box,1.0000,19,1,0,2,,500,375,"80.0,61.0,440.0,320.0"
11172,2321052,2321052,1,same_attr,lamp shade,graph_box,1.0000,18,1,0,2,,500,375,"420.0,103.0,499.0,163.0"
11173,2403994,2403994,1,same_attr,burner,graph_box,1.0000,10,1,0,2,,333,500,"46.0,159.0,300.0,283.0"
11174,2403994,2403994,1,same_attr,burner,graph_box,1.0000,10,1,0,2,,333,500,"46.0,159.0,300.0,283.0"
11175,2403994,2403994,1,same_attr,burner,graph_box,1.0000,10,1,0,2,,333,500,"46.0,159.0,300.0,283.0"
11177,2402570,2402570,1,same_attr,table,graph_box,1.0000,16,1,0,2,,500,340,"61.0,248.0,281.0,339.0"
11178,2402570,2402570,1,same_attr,table,graph_box,1.0000,16,1,0,2,,500,340,"61.0,248.0,281.0,339.0"
11183,2379978,2379978,1,same_attr,shelf,graph_box,1.0000,25,1,0,2,,375,500,"157.0,161.0,375.0,201.0"
11184,2379978,2379978,1,same_attr,shelf,graph_box,1.0000,25,1,0,2,,375,500,"157.0,161.0,375.0,201.0"
11186,2379978,2379978,1,same_attr,cabinet,graph_box,1.0000,25,1,0,2,,375,500,"140.0,0.0,202.0,141.0"
11199,2414525,2414525,1,same_attr,bowl,graph_box,1.0000,19,1,0,2,,500,283,"448.0,34.0,499.0,99.0"
11200,2347730,2347730,1,same_attr,laptop,graph_box,1.0000,13,1,0,2,,500,299,"58.0,39.0,417.0,285.0"
11201,285729,285729,1,same_attr,bookcase,graph_box,1.0000,23,1,0,2,,1024,768,"551.0,0.0,723.0,294.0"
11202,285729,285729,2,same_attr,laptop,graph_box,1.0000,23,2,1,2,,1024,768,"265.0,531.0,463.0,750.0"
11206,2383490,2383490,1,same_attr,tree,graph_box,1.0000,15,1,0,2,,419,500,"56.0,14.0,418.0,328.0"
11210,2021,2021,1,same_attr,toilet,graph_box,1.0000,12,1,0,2,,600,800,"134.0,158.0,539.0,731.0"
11212,2359040,2359040,1,same_attr,toilet,graph_box,1.0000,15,1,0,2,,375,500,"221.0,257.0,326.0,466.0"
11213,2359040,2359040,1,same_attr,toilet,graph_box,1.0000,15,1,0,2,,375,500,"221.0,257.0,326.0,466.0"
11214,107937,107937,1,same_attr,clock,graph_box,1.0000,4,1,0,2,,576,1024,"139.0,662.0,410.0,914.0"
11217,2404539,2404539,1,same_attr,tray,graph_box,1.0000,18,1,0,2,,375,500,"1.0,89.0,376.0,500.0"
11219,2318553,2318553,1,same_attr,plate,graph_box,1.0000,15,1,0,2,,500,375,"163.0,112.0,455.0,365.0"
11220,2318553,2318553,1,same_attr,lid,graph_box,1.0000,15,1,0,2,,500,375,"338.0,1.0,455.0,52.0"
11221,2318553,2318553,1,same_attr,lid,graph_box,1.0000,15,1,0,2,,500,375,"338.0,1.0,455.0,52.0"
11224,2336563,2336563,1,same_attr,pole,graph_box,1.0000,23,1,0,2,,443,500,"320.0,0.0,344.0,149.0"
11228,2320680,2320680,1,same_attr,bear,graph_box,1.0000,25,1,0,2,,500,436,"106.0,38.0,351.0,373.0"
11232,2394728,2394728,1,same_attr,gate,graph_box,1.0000,14,1,0,2,,500,500,"79.0,351.0,121.0,412.0"
11238,1082,1082,1,same_attr,basket,graph_box,1.0000,10,1,0,2,,600,402,"119.0,264.0,410.0,402.0"
11240,2362452,2362452,1,same_attr,skateboard,graph_box,1.0000,17,1,0,2,,333,500,"0.0,406.0,99.0,499.0"
11242,2404878,2404878,1,same_attr,door,graph_box,1.0000,19,1,0,2,,500,500,"327.0,2.0,500.0,500.0"
11243,2404878,2404878,1,same_attr,frame,graph_box,1.0000,19,1,0,2,,500,500,"325.0,0.0,468.0,500.0"
11245,2383167,2383167,1,same_attr,table,graph_box,1.0000,11,1,0,2,,375,500,"290.0,219.0,374.0,283.0"
11249,2411910,2411910,1,same_attr,door,graph_box,1.0000,18,1,0,2,,375,500,"5.0,0.0,118.0,232.0"
11251,2411910,2411910,1,same_attr,door,graph_box,1.0000,18,1,0,2,,375,500,"5.0,0.0,118.0,232.0"
11252,2392847,2392847,2,same_attr,door,graph_box,1.0000,15,2,1,2,,500,375,"419.0,0.0,497.0,375.0"
11253,2392847,2392847,2,same_attr,door,graph_box,1.0000,15,2,1,2,,500,375,"419.0,0.0,497.0,375.0"
11254,2392847,2392847,2,same_attr,door,graph_box,1.0000,15,2,1,2,,500,375,"419.0,0.0,497.0,375.0"
11255,2392847,2392847,1,same_attr,lid,graph_box,1.0000,15,1,0,2,,500,375,"288.0,35.0,428.0,203.0"
11256,2392847,2392847,1,same_attr,lid,graph_box,1.0000,15,1,0,2,,500,375,"288.0,35.0,428.0,203.0"
11258,2392845,2392845,1,same_attr,building,graph_box,1.0000,19,1,0,2,,500,333,"292.0,64.0,434.0,129.0"
11259,2390938,2390938,1,same_attr,whipped cream,graph_box,1.0000,14,1,0,2,,281,500,"89.0,185.0,192.0,225.0"
11261,2390938,2390938,1,same_attr,cake,graph_box,0.9057,14,1,0,2,,281,500,"86.7,190.0,194.5,290.4"
11263,2390938,2390938,1,same_attr,cake,graph_box,1.0000,14,1,0,2,,281,500,"88.0,192.0,193.0,296.0"
11264,2390938,2390938,1,same_attr,cake,graph_box,1.0000,14,1,0,2,,281,500,"88.0,192.0,193.0,296.0"
11265,2390938,2390938,1,same_attr,cake,graph_box,1.0000,14,1,0,2,,281,500,"88.0,192.0,193.0,296.0"
11267,2390938,2390938,1,same_attr,dish,graph_box,1.0000,14,1,0,2,,281,500,"0.0,329.0,167.0,438.0"
11270,2317278,2317278,1,same_attr,bench,graph_box,1.0000,20,1,0,2,,304,500,"0.0,107.0,302.0,459.0"
11271,2384182,2384182,1,same_attr,door,graph_box,1.0000,18,1,0,2,,332,500,"121.0,189.0,189.0,325.0"
11273,2384182,2384182,1,same_attr,door,graph_box,1.0000,18,1,0,2,,332,500,"121.0,189.0,189.0,325.0"
11274,2384182,2384182,1,same_attr,door,graph_box,1.0000,18,1,0,2,,332,500,"121.0,189.0,189.0,325.0"
11277,2064,2064,1,same_attr,sink,graph_box,1.0000,13,1,0,2,,600,800,"97.0,500.0,256.0,592.0"
11278,2064,2064,1,same_attr,sink,graph_box,1.0000,13,1,0,2,,600,800,"97.0,500.0,256.0,592.0"
11281,2355225,2355225,1,same_attr,book,graph_box,1.0000,13,1,0,2,,500,358,"429.0,2.0,499.0,357.0"
11282,2369861,2369861,1,same_attr,toilet,graph_box,1.0000,12,1,0,2,,375,500,"59.0,18.0,342.0,413.0"
11283,2375415,2375415,1,same_attr,fork,graph_box,1.0000,27,1,0,2,,500,375,"420.0,159.0,499.0,281.0"
11286,2391218,2391218,1,same_attr,counter,graph_box,1.0000,18,1,0,2,,500,116,"185.0,71.0,303.0,107.0"
11287,2391218,2391218,1,same_attr,counter,graph_box,1.0000,18,1,0,2,,500,116,"185.0,71.0,303.0,107.0"
11288,2391218,2391218,1,same_attr,counter,graph_box,1.0000,18,1,0,2,,500,116,"185.0,71.0,303.0,107.0"
11289,2384518,2384518,1,same_attr,knife,graph_box,1.0000,9,1,0,2,,500,409,"156.0,305.0,499.0,390.0"
11290,2384518,2384518,1,same_attr,knife,graph_box,1.0000,9,1,0,2,,500,409,"156.0,305.0,499.0,390.0"
11291,2384518,2384518,1,same_attr,knife,graph_box,1.0000,9,1,0,2,,500,409,"156.0,305.0,499.0,390.0"
11292,2368963,2368963,1,same_attr,desk,graph_box,1.0000,27,1,0,2,,500,413,"225.0,280.0,500.0,413.0"
11293,2368963,2368963,1,same_attr,desk,graph_box,1.0000,27,1,0,2,,500,413,"225.0,280.0,500.0,413.0"
11295,2814,2814,1,same_attr,pole,graph_box,1.0000,12,1,0,2,,800,534,"180.0,85.0,208.0,372.0"
11296,1592280,1592280,1,same_attr,bathtub,graph_box,1.0000,23,1,0,2,,1024,768,"147.0,249.0,797.0,575.0"
11301,2371684,2371684,1,same_attr,computer mouse,graph_box,1.0000,13,1,0,2,,500,313,"437.0,245.0,500.0,313.0"
11303,2334194,2334194,2,same_attr,vases,graph_box,1.0000,15,2,1,2,,375,500,"203.0,152.0,257.0,251.0"
11307,2366862,2366862,1,same_attr,lid,graph_box,1.0000,11,1,0,2,,500,333,"1.0,146.0,272.0,331.0"
11317,2388064,2388064,1,same_attr,fence,graph_box,1.0000,20,1,0,2,,400,500,"0.0,0.0,399.0,314.0"
11318,2388064,2388064,1,same_attr,fence,graph_box,1.0000,20,1,0,2,,400,500,"0.0,0.0,399.0,314.0"
11319,2395359,2395359,1,same_attr,package,graph_box,0.9467,11,1,0,2,,334,500,"63.5,114.7,186.6,250.5"
11320,2395359,2395359,1,same_attr,toilet,graph_box,0.9602,11,1,0,2,,334,500,"95.0,202.9,248.4,476.5"
11322,1618,1618,1,same_attr,phone,graph_box,1.0000,17,1,0,2,,800,600,"534.0,415.0,669.0,540.0"
11323,1618,1618,1,same_attr,phone,graph_box,1.0000,17,1,0,2,,800,600,"534.0,415.0,669.0,540.0"
11327,2389837,2389837,1,same_attr,roadway,graph_box,1.0000,17,1,0,2,,500,333,"0.0,249.0,500.0,331.0"
11329,2374329,2374329,1,same_attr,mane,graph_box,1.0000,16,1,0,2,,500,333,"2.0,91.0,219.0,331.0"
11330,2333995,2333995,1,same_attr,door,graph_box,1.0000,18,1,0,2,,500,334,"252.0,112.0,286.0,217.0"
11332,2361163,2361163,1,same_attr,pole,graph_box,1.0000,15,1,0,2,,500,375,"302.0,57.0,352.0,375.0"
11335,2375955,2375955,1,same_attr,wings,graph_box,1.0000,16,1,0,2,,500,374,"206.0,180.0,249.0,259.0"
11336,2390677,2390677,1,same_attr,oven,graph_box,1.0000,14,1,0,2,,500,335,"327.0,0.0,499.0,315.0"
11339,2318442,2318442,1,same_attr,door,graph_box,1.0000,12,1,0,2,,375,500,"0.0,0.0,91.0,500.0"
11342,2342674,2342674,1,same_attr,minute hand,graph_box,1.0000,10,1,0,2,,346,500,"165.0,141.0,253.0,256.0"
11345,2373119,2373119,2,same_attr,plate,graph_box,1.0000,29,2,1,2,,500,333,"190.0,57.0,360.0,117.0"
11346,2373119,2373119,2,same_attr,plate,graph_box,1.0000,29,2,1,2,,500,333,"190.0,57.0,360.0,117.0"
11351,2321723,2321723,1,same_attr,sink,graph_box,1.0000,15,1,0,2,,500,333,"120.0,196.0,209.0,236.0"
11352,2321723,2321723,1,same_attr,sink,graph_box,1.0000,15,1,0,2,,500,333,"120.0,196.0,209.0,236.0"
11353,2321723,2321723,1,same_attr,sink,graph_box,1.0000,15,1,0,2,,500,333,"120.0,196.0,209.0,236.0"
11354,2349807,2349807,1,same_attr,fence,graph_box,1.0000,13,1,0,2,,500,333,"0.0,129.0,462.0,211.0"
11356,2385521,2385521,1,same_attr,door,graph_box,1.0000,23,1,0,2,,500,400,"4.0,117.0,38.0,337.0"
11360,2409804,2409804,1,same_attr,end table,graph_box,1.0000,19,1,0,2,,375,500,"106.0,179.0,195.0,253.0"
11362,2391275,2391275,1,same_attr,bathtub,graph_box,1.0000,12,1,0,2,,500,333,"89.0,165.0,413.0,315.0"
11363,2391275,2391275,1,same_attr,bathtub,graph_box,1.0000,12,1,0,2,,500,333,"89.0,165.0,413.0,315.0"
11364,2405005,2405005,1,same_attr,fence,graph_box,1.0000,18,1,0,2,,500,375,"0.0,190.0,499.0,236.0"
11372,2353722,2353722,1,same_attr,plate,graph_box,1.0000,20,1,0,2,,500,375,"176.0,229.0,348.0,280.0"
11373,2373289,2373289,1,same_attr,chair,objects_id_first,0.1540,9,1,0,2,,500,436,"172.7,151.7,500.0,433.6"
11374,2373289,2373289,1,same_attr,chair,objects_id_first,0.4483,9,1,0,2,,500,436,"387.2,153.8,499.9,432.9"
11375,2373289,2373289,1,same_attr,laptop,graph_box,1.0000,9,1,0,2,,500,436,"5.0,23.0,320.0,334.0"
11376,2342945,2342945,1,same_attr,mouse pad,graph_box,1.0000,20,1,0,2,,500,375,"203.0,234.0,372.0,345.0"
11378,2342618,2342618,1,same_attr,fireplace,graph_box,1.0000,20,1,0,2,,500,500,"11.0,203.0,238.0,411.0"
11379,2342618,2342618,1,same_attr,cake,graph_box,1.0000,20,1,0,2,,500,500,"247.0,345.0,410.0,494.0"
11382,2395905,2395905,1,same_attr,horse,graph_box,1.0000,27,1,0,2,,500,333,"145.0,63.0,269.0,329.0"
11385,2368800,2368800,1,same_attr,fence,graph_box,1.0000,9,1,0,2,,500,333,"122.0,49.0,345.0,197.0"
11388,2338551,2338551,1,same_attr,table,graph_box,1.0000,13,1,0,2,,500,375,"0.0,144.0,500.0,376.0"
11390,2400081,2400081,1,same_attr,pole,graph_box,1.0000,8,1,0,2,,500,375,"0.0,17.0,498.0,145.0"
11394,2382058,2382058,1,same_attr,bathtub,graph_box,1.0000,31,1,0,2,,500,375,"147.0,151.0,291.0,279.0"
11399,2330050,2330050,1,same_attr,stove,graph_box,1.0000,21,1,0,2,,500,375,"82.0,133.0,234.0,361.0"
11400,2330050,2330050,1,same_attr,stove,graph_box,1.0000,21,1,0,2,,500,375,"82.0,133.0,234.0,361.0"
11401,2330050,2330050,1,same_attr,kettle,graph_box,1.0000,21,1,0,2,,500,375,"105.0,139.0,146.0,188.0"
11402,2344499,2344499,1,same_attr,binder,graph_box,1.0000,9,1,0,2,,375,500,"78.0,0.0,279.0,243.0"
11403,2372157,2372157,1,same_attr,knife,graph_box,1.0000,8,1,0,2,,500,375,"417.0,85.0,497.0,345.0"
11404,2345454,2345454,1,same_attr,pole,graph_box,1.0000,12,1,0,2,,500,375,"0.0,296.0,40.0,372.0"
11411,2353024,2353024,1,same_attr,hat,graph_box,1.0000,13,1,0,2,,500,333,"259.0,17.0,421.0,147.0"
11412,2323989,2323989,1,same_attr,collar,graph_box,1.0000,14,1,0,2,,333,500,"125.0,199.0,241.0,323.0"
11414,2382557,2382557,1,same_attr,post,graph_box,1.0000,13,1,0,2,,500,333,"394.0,227.0,413.0,333.0"
11415,2413563,2413563,1,same_attr,headboard,graph_box,1.0000,13,1,0,2,,500,286,"95.0,84.0,247.0,173.0"
11416,2323938,2323938,1,same_attr,broccoli,graph_box,1.0000,6,1,0,2,,500,332,"177.0,1.0,499.0,139.0"
11417,2393383,2393383,1,same_attr,toilet seat,graph_box,0.9427,12,1,0,2,,375,500,"160.9,349.1,372.3,498.7"
11419,2328240,2328240,1,same_attr,helmet,graph_box,1.0000,21,1,0,2,,500,333,"217.0,34.0,271.0,71.0"
11420,2385332,2385332,1,same_attr,microwave,graph_box,1.0000,26,1,0,2,,375,500,"197.0,110.0,263.0,208.0"
11421,2359333,2359333,1,same_attr,bag,graph_box,1.0000,15,1,0,2,,500,375,"2.0,68.0,244.0,321.0"
11424,2412168,2412168,1,same_attr,door frame,graph_box,1.0000,12,1,0,2,,500,375,"444.0,1.0,500.0,326.0"
11439,2416292,2416292,1,same_attr,fence,graph_box,1.0000,19,1,0,2,,397,500,"1.0,0.0,395.0,294.0"
11441,2408823,2408823,1,same_attr,dish,graph_box,1.0000,8,1,0,2,,500,333,"8.0,244.0,390.0,333.0"
11442,2408823,2408823,1,same_attr,dish,graph_box,1.0000,8,1,0,2,,500,333,"8.0,244.0,390.0,333.0"
11444,2378535,2378535,1,same_attr,shopping bag,graph_box,1.0000,16,1,0,2,,500,332,"297.0,172.0,340.0,252.0"
11445,2391577,2391577,1,same_attr,toilet,graph_box,1.0000,11,1,0,2,,500,375,"1.0,174.0,219.0,374.0"
11446,2405677,2405677,1,same_attr,vehicle,graph_box,1.0000,14,1,0,2,,500,281,"221.0,101.0,340.0,258.0"
11447,2355648,2355648,1,same_attr,sauce,graph_box,1.0000,10,1,0,2,,500,375,"56.0,202.0,500.0,269.0"
11448,285860,285860,1,same_attr,computer mouse,graph_box,1.0000,14,1,0,2,,1024,768,"410.0,546.0,512.0,668.0"
11452,2382358,2382358,2,same_attr,horse,graph_box,1.0000,20,2,1,2,,500,375,"332.0,122.0,478.0,375.0"
11453,2397231,2397231,1,same_attr,bench,graph_box,1.0000,20,1,0,2,,500,332,"16.0,107.0,207.0,176.0"
11454,2397231,2397231,1,same_attr,bench,graph_box,1.0000,20,1,0,2,,500,332,"16.0,107.0,207.0,176.0"
11455,2397231,2397231,1,same_attr,table,graph_box,1.0000,20,1,0,2,,500,332,"95.0,138.0,500.0,332.0"
11457,2406612,2406612,1,same_attr,counter,graph_box,1.0000,11,1,0,2,,333,500,"3.0,244.0,313.0,373.0"
11458,2406612,2406612,1,same_attr,mirror,graph_box,1.0000,11,1,0,2,,333,500,"0.0,0.0,205.0,251.0"
11462,2412735,2412735,1,same_attr,wire,graph_box,1.0000,9,1,0,2,,500,339,"350.0,39.0,384.0,132.0"
11463,2364725,2364725,1,same_attr,fan,graph_box,1.0000,22,1,0,2,,500,334,"134.0,21.0,236.0,72.0"
11464,2353347,2353347,1,same_attr,bat,graph_box,1.0000,4,1,0,2,,500,400,"297.0,55.0,470.0,265.0"
11465,2416721,2416721,1,same_attr,cutting board,graph_box,1.0000,26,1,0,2,,332,500,"248.0,318.0,329.0,387.0"
11466,2403478,2403478,1,same_attr,computer mouse,graph_box,1.0000,7,1,0,2,,500,400,"317.0,0.0,471.0,344.0"
11467,2412122,2412122,1,same_attr,sink,objects_id_first,0.4994,14,1,0,2,,333,500,"109.8,341.8,214.8,388.1"
11468,2341372,2341372,1,same_attr,cable,graph_box,1.0000,10,1,0,2,,500,375,"0.0,111.0,194.0,354.0"
11469,2347977,2347977,1,same_attr_two_hop,cupboard,graph_box,1.0000,11,1,0,3,,375,500,"27.0,16.0,221.0,219.0"
11471,2395984,2395984,1,same_attr_two_hop,fork,graph_box,1.0000,12,1,0,3,,500,334,"173.0,73.0,497.0,198.0"
11472,2395363,2395363,1,same_attr_two_hop,toilet seat,graph_box,1.0000,5,1,0,3,,500,333,"127.0,112.0,312.0,188.0"
11473,2385677,2385677,1,same_attr_two_hop,lid,graph_box,1.0000,13,1,0,3,,334,500,"129.0,332.0,202.0,380.0"
11474,2381600,2381600,1,same_attr_two_hop,boat,graph_box,1.0000,18,1,0,3,,500,333,"42.0,59.0,394.0,330.0"
11476,2401586,2401586,1,same_attr_two_hop,bathtub,graph_box,1.0000,19,1,0,3,,500,375,"334.0,192.0,499.0,250.0"
11477,2387110,2387110,1,same_attr_two_hop,clock,graph_box,1.0000,17,1,0,3,,333,500,"93.0,82.0,259.0,276.0"
11478,2394699,2394699,1,same_attr_two_hop,toilet,graph_box,1.0000,20,1,0,3,,333,500,"175.0,371.0,332.0,500.0"
11482,4849,4849,1,same_attr_two_hop,spoon,graph_box,1.0000,17,1,0,3,,500,375,"189.0,185.0,359.0,258.0"
11483,4849,4849,1,same_attr_two_hop,spoon,graph_box,1.0000,17,1,0,3,,500,375,"189.0,185.0,359.0,258.0"
11484,2329137,2329137,1,same_attr_two_hop,planter,graph_box,1.0000,8,1,0,3,,500,375,"177.0,0.0,385.0,62.0"
11493,2392660,2392660,1,same_attr_two_hop,coffee mug,graph_box,1.0000,17,1,0,3,,500,500,"397.0,85.0,484.0,251.0"
11496,2389064,2389064,1,same_attr_two_hop,blanket,graph_box,1.0000,15,1,0,3,,500,375,"276.0,92.0,431.0,154.0"
11499,2317027,2317027,1,same_attr_two_hop,drapes,graph_box,1.0000,20,1,0,3,,500,375,"109.0,42.0,220.0,85.0"
11500,2317027,2317027,1,same_attr_two_hop,headboard,graph_box,1.0000,20,1,0,3,,500,375,"301.0,129.0,466.0,214.0"
11503,2356811,2356811,1,same_attr_two_hop,tent,graph_box,1.0000,37,1,0,3,,500,357,"2.0,0.0,499.0,217.0"
11505,2384830,2384830,1,same_attr_two_hop,fork,graph_box,1.0000,14,1,0,3,,500,375,"31.0,81.0,82.0,273.0"
11506,2387028,2387028,1,same_attr_two_hop,seat,graph_box,1.0000,11,1,0,3,,332,500,"110.0,406.0,176.0,476.0"
11508,2355364,2355364,2,same_attr_two_hop,bowl,graph_box,1.0000,18,2,1,3,,500,331,"307.0,227.0,372.0,290.0"
11509,2354705,2354705,1,same_attr_two_hop,bench,graph_box,1.0000,12,1,0,3,,500,335,"87.0,129.0,231.0,221.0"
11510,2350614,2350614,1,same_attr_two_hop,bowl,graph_box,1.0000,14,1,0,3,,500,333,"24.0,69.0,108.0,149.0"
11515,2371956,2371956,1,same_attr_two_hop,blinds,graph_box,1.0000,13,1,0,3,,375,500,"230.0,1.0,346.0,23.0"
11517,2336505,2336505,1,same_attr_two_hop,fence,graph_box,1.0000,15,1,0,3,,500,365,"3.0,118.0,496.0,313.0"
11518,2384793,2384793,1,same_attr_two_hop,book,graph_box,1.0000,10,1,0,3,,500,317,"176.0,106.0,361.0,307.0"
11523,2381337,2381337,1,same_attr_two_hop,desk lamp,graph_box,1.0000,15,1,0,3,,500,332,"8.0,65.0,112.0,292.0"
11524,2381337,2381337,1,same_attr_two_hop,desk lamp,graph_box,1.0000,15,1,0,3,,500,332,"8.0,65.0,112.0,292.0"
11525,2381337,2381337,1,same_attr_two_hop,desk lamp,graph_box,1.0000,15,1,0,3,,500,332,"8.0,65.0,112.0,292.0"
11528,2323933,2323933,3,same_attr_two_hop,motorcycle,graph_box,1.0000,14,3,2,3,,500,333,"58.0,2.0,463.0,330.0"
11529,1159718,1159718,1,same_attr_two_hop,suitcase,graph_box,1.0000,23,1,0,3,,1024,768,"251.0,587.0,386.0,723.0"
11536,2361908,2361908,1,same_attr_two_hop,bathtub,graph_box,1.0000,13,1,0,3,,500,313,"0.0,220.0,285.0,311.0"
11537,2361908,2361908,1,same_attr_two_hop,bathtub,graph_box,1.0000,13,1,0,3,,500,313,"0.0,220.0,285.0,311.0"
11538,2326965,2326965,1,same_attr_two_hop,costume,graph_box,1.0000,8,1,0,3,,500,333,"231.0,133.0,444.0,312.0"
11540,2389735,2389735,1,same_attr_two_hop,knife,graph_box,1.0000,12,1,0,3,,500,500,"428.0,116.0,490.0,346.0"
11541,2390522,2390522,1,same_attr_two_hop,trunk,graph_box,1.0000,10,1,0,3,,500,333,"398.0,151.0,427.0,309.0"
11542,2390522,2390522,1,same_attr_two_hop,trunk,graph_box,1.0000,10,1,0,3,,500,333,"398.0,151.0,427.0,309.0"
11550,2383983,2383983,1,same_attr_two_hop,seat,graph_box,1.0000,11,1,0,3,,375,500,"58.0,280.0,292.0,488.0"
11552,2413727,2413727,1,same_attr_two_hop,logs,objects_id_first,0.2684,15,1,0,3,,500,375,"4.1,202.9,279.5,263.4"
11557,2334559,2334559,1,same_attr_two_hop,tissue,graph_box,1.0000,17,1,0,3,,500,332,"0.0,253.0,61.0,290.0"
11559,2341761,2341761,1,same_attr_two_hop,donut,graph_box,1.0000,12,1,0,3,,500,500,"262.0,284.0,347.0,373.0"
11566,2401064,2401064,1,same_attr_two_hop,blinds,graph_box,1.0000,10,1,0,3,,500,375,"125.0,4.0,353.0,140.0"
11568,2352604,2352604,1,same_attr_two_hop,mirror,graph_box,1.0000,14,1,0,3,,500,333,"222.0,3.0,346.0,151.0"
11570,2402622,2402622,1,same_attr_two_hop,box,graph_box,1.0000,18,1,0,3,,375,500,"15.0,91.0,95.0,158.0"
11573,2386032,2386032,1,same_attr_two_hop,drapes,graph_box,1.0000,17,1,0,3,,500,500,"213.0,0.0,499.0,187.0"
11575,2330018,2330018,1,same_attr_two_hop,phone,graph_box,1.0000,11,1,0,3,,500,375,"390.0,223.0,499.0,374.0"
11576,2397589,2397589,1,same_attr_two_hop,laptop,graph_box,1.0000,15,1,0,3,,500,375,"179.0,136.0,280.0,227.0"
11578,90,90,1,same_attr_two_hop,bicycle,graph_box,1.0000,25,1,0,3,,800,534,"406.0,209.0,529.0,334.0"
11581,4622,4622,1,same_attr_two_hop,table,graph_box,1.0000,12,1,0,3,,800,600,"326.0,197.0,597.0,358.0"
11583,2400997,2400997,1,same_attr_two_hop,bag,graph_box,1.0000,23,1,0,3,,500,375,"325.0,314.0,411.0,372.0"
11584,2412502,2412502,1,same_attr_two_hop,coffee table,graph_box,1.0000,23,1,0,3,,500,331,"240.0,227.0,417.0,309.0"
11585,2401792,2401792,1,same_attr_two_hop,dog,graph_box,1.0000,20,1,0,3,,333,500,"0.0,165.0,331.0,500.0"
11586,2367404,2367404,1,same_attr_two_hop,table,graph_box,1.0000,20,1,0,3,,500,375,"0.0,13.0,272.0,189.0"
11587,2403637,2403637,1,same_attr_two_hop,toilet seat,graph_box,1.0000,11,1,0,3,,375,500,"101.0,219.0,265.0,384.0"
11588,2403637,2403637,1,same_attr_two_hop,toilet seat,graph_box,1.0000,11,1,0,3,,375,500,"101.0,219.0,265.0,384.0"
11589,2413957,2413957,1,same_attr_two_hop,shower curtain,graph_box,1.0000,15,1,0,3,,333,500,"0.0,155.0,15.0,434.0"
11590,2413957,2413957,1,same_attr_two_hop,shower curtain,graph_box,1.0000,15,1,0,3,,333,500,"0.0,155.0,15.0,434.0"
11594,2322920,2322920,1,same_attr_two_hop,microwave,graph_box,1.0000,16,1,0,3,,350,500,"230.0,63.0,331.0,160.0"
11596,2386495,2386495,1,same_attr_two_hop,coffee table,graph_box,1.0000,36,1,0,3,,500,279,"272.0,188.0,355.0,278.0"
11597,2386495,2386495,1,same_attr_two_hop,coffee table,graph_box,1.0000,36,1,0,3,,500,279,"272.0,188.0,355.0,278.0"
11598,2386495,2386495,1,same_attr_two_hop,coffee table,graph_box,1.0000,36,1,0,3,,500,279,"272.0,188.0,355.0,278.0"
11599,2403960,2403960,2,same_attr_two_hop,table,graph_box,1.0000,20,2,1,3,,500,333,"1.0,169.0,203.0,333.0"
11600,2336424,2336424,1,same_attr_two_hop,chair,graph_box,1.0000,21,1,0,3,,500,375,"53.0,186.0,264.0,374.0"
11602,2362756,2362756,1,same_attr_two_hop,skateboard,graph_box,1.0000,19,1,0,3,,500,400,"118.0,187.0,227.0,267.0"
11603,2369857,2369857,1,same_attr_two_hop,locomotive,graph_box,1.0000,30,1,0,3,,500,282,"177.0,26.0,434.0,221.0"
11604,2401553,2401553,1,same_attr_two_hop,elephant,graph_box,1.0000,17,1,0,3,,500,333,"108.0,71.0,332.0,262.0"
11605,1592272,1592272,3,same_attr_two_hop,horse,graph_box,1.0000,32,1,0,3,,1024,778,"493.0,320.0,859.0,683.0"
11606,2384623,2384623,1,same_attr_two_hop,coffee table,graph_box,1.0000,16,1,0,3,,500,333,"223.0,261.0,378.0,310.0"
11607,2366876,2366876,1,same_attr_two_hop,chandelier,graph_box,1.0000,33,1,0,3,,500,333,"92.0,1.0,177.0,101.0"
11612,2383984,2383984,1,same_attr_two_hop,side table,graph_box,1.0000,28,1,0,3,,500,472,"1.0,325.0,180.0,435.0"
11614,2368368,2368368,1,same_attr_two_hop,sign,graph_box,1.0000,13,1,0,3,,495,500,"224.0,193.0,281.0,312.0"
11615,2396407,2396407,1,same_attr_two_hop,motorcycle,graph_box,1.0000,15,1,0,3,,500,333,"20.0,80.0,475.0,333.0"
11616,2321256,2321256,1,same_attr_two_hop,cat,graph_box,1.0000,17,1,0,3,,500,335,"129.0,218.0,341.0,300.0"
11617,2355043,2355043,1,same_attr_two_hop,chair,graph_box,1.0000,15,1,0,3,,500,333,"284.0,225.0,500.0,333.0"
11619,2367977,2367977,1,same_attr_two_hop,microwave,graph_box,1.0000,30,1,0,3,,500,375,"312.0,0.0,499.0,68.0"
11625,2367770,2367770,1,same_attr_two_hop,paper,graph_box,1.0000,24,1,0,3,,375,500,"8.0,365.0,345.0,500.0"
11626,2367770,2367770,1,same_attr_two_hop,paper,graph_box,1.0000,24,1,0,3,,375,500,"8.0,365.0,345.0,500.0"
11628,2324564,2324564,1,same_attr_two_hop,blanket,graph_box,1.0000,25,1,0,3,,500,375,"139.0,263.0,369.0,370.0"
11631,2354241,2354241,1,same_attr_two_hop,bowl,graph_box,1.0000,10,1,0,3,,500,425,"267.0,159.0,352.0,233.0"
11636,2328848,2328848,1,same_attr_two_hop,lamp,graph_box,1.0000,23,1,0,3,,500,375,"150.0,8.0,265.0,166.0"
11637,2328848,2328848,1,same_attr_two_hop,keyboard,graph_box,1.0000,23,1,0,3,,500,375,"97.0,253.0,261.0,349.0"
11639,2388049,2388049,1,same_attr_two_hop,television,graph_box,1.0000,21,1,0,3,,500,375,"300.0,24.0,477.0,157.0"
11640,2348437,2348437,1,same_attr_two_hop,shower curtain,graph_box,1.0000,16,1,0,3,,333,500,"155.0,121.0,277.0,437.0"
11641,2348437,2348437,1,same_attr_two_hop,shower curtain,graph_box,1.0000,16,1,0,3,,333,500,"155.0,121.0,277.0,437.0"
11643,2353890,2353890,1,same_attr_two_hop,box,graph_box,1.0000,21,1,0,3,,500,333,"344.0,115.0,420.0,181.0"
11645,2353890,2353890,1,same_attr_two_hop,coffee table,graph_box,1.0000,21,1,0,3,,500,333,"188.0,198.0,342.0,303.0"
11646,2353890,2353890,1,same_attr_two_hop,coffee table,graph_box,1.0000,21,1,0,3,,500,333,"188.0,198.0,342.0,303.0"
11647,2374558,2374558,1,same_attr_two_hop,lamp,graph_box,1.0000,18,1,0,3,,500,332,"246.0,129.0,323.0,238.0"
11649,2386662,2386662,1,same_attr_two_hop,urinal,graph_box,1.0000,13,1,0,3,,500,334,"108.0,0.0,260.0,167.0"
11650,2321166,2321166,1,same_attr_two_hop,coffee table,graph_box,1.0000,22,1,0,3,,500,375,"86.0,251.0,248.0,328.0"
11651,2319836,2319836,1,same_attr_two_hop,armchair,graph_box,1.0000,19,1,0,3,,500,281,"126.0,111.0,232.0,205.0"
11653,2389819,2389819,1,same_attr_two_hop,flower,graph_box,1.0000,17,1,0,3,,500,399,"210.0,25.0,293.0,153.0"
11655,2411038,2411038,1,same_attr_two_hop,ottoman,graph_box,1.0000,29,1,0,3,,500,375,"150.0,227.0,307.0,305.0"
11656,2395059,2395059,1,same_attr_two_hop,keyboard,graph_box,1.0000,17,1,0,3,,500,333,"222.0,174.0,317.0,222.0"
11657,2395059,2395059,1,same_attr_two_hop,keyboard,graph_box,1.0000,17,1,0,3,,500,333,"222.0,174.0,317.0,222.0"
11658,2403874,2403874,1,same_attr_two_hop,truck,graph_box,1.0000,17,1,0,3,,500,500,"178.0,291.0,286.0,355.0"
11662,2406434,2406434,1,same_attr_two_hop,train,graph_box,1.0000,17,1,0,3,,500,290,"205.0,114.0,292.0,173.0"
11664,2403341,2403341,1,same_attr_two_hop,dog,graph_box,1.0000,16,1,0,3,,400,300,"56.0,171.0,124.0,217.0"
11666,2387101,2387101,1,same_attr_two_hop,shower curtain,graph_box,1.0000,24,1,0,3,,333,500,"25.0,38.0,109.0,392.0"
11668,2391908,2391908,1,same_attr_two_hop,jeep,graph_box,1.0000,17,1,0,3,,375,500,"290.0,290.0,374.0,353.0"
11671,2324093,2324093,1,same_attr_two_hop,box,graph_box,1.0000,20,1,0,3,,500,333,"128.0,275.0,207.0,332.0"
11673,2352839,2352839,2,same_attr_two_hop,car,graph_box,1.0000,19,2,1,3,,500,281,"172.0,116.0,347.0,229.0"
11674,2345674,2345674,1,same_attr_two_hop,towel,graph_box,1.0000,17,1,0,3,,500,375,"49.0,196.0,117.0,325.0"
11678,2407602,2407602,1,same_attr_two_hop,laptop,graph_box,1.0000,26,1,0,3,,375,500,"102.0,61.0,223.0,216.0"
11681,2375481,2375481,1,same_attr_two_hop,soap dispenser,graph_box,1.0000,21,1,0,3,,500,375,"354.0,2.0,439.0,155.0"
11682,2411932,2411932,1,same_attr_two_hop,table,graph_box,1.0000,20,1,0,3,,500,375,"2.0,224.0,499.0,374.0"
11684,2380325,2380325,1,same_attr_two_hop,sign,graph_box,1.0000,15,1,0,3,,500,375,"139.0,91.0,396.0,244.0"
11686,2413240,2413240,1,same_attr_two_hop,towel,graph_box,1.0000,14,1,0,3,,500,375,"296.0,177.0,469.0,329.0"
11690,2339668,2339668,1,same_attr_two_hop,backpack,graph_box,1.0000,30,1,0,3,,332,500,"204.0,195.0,322.0,346.0"
11691,2339668,2339668,1,same_attr_two_hop,backpack,graph_box,1.0000,30,1,0,3,,332,500,"204.0,195.0,322.0,346.0"
11692,2339668,2339668,1,same_attr_two_hop,backpack,graph_box,1.0000,30,1,0,3,,332,500,"204.0,195.0,322.0,346.0"
11693,2376957,2376957,1,same_attr_two_hop,basket,graph_box,1.0000,17,1,0,3,,500,380,"93.0,129.0,239.0,184.0"
11694,2390480,2390480,1,same_attr_two_hop,toilet paper,graph_box,1.0000,13,1,0,3,,200,189,"138.0,24.0,173.0,57.0"
11696,2347683,2347683,1,same_attr_two_hop,coffee table,graph_box,1.0000,22,1,0,3,,500,333,"117.0,223.0,286.0,332.0"
11699,2411607,2411607,1,same_attr_two_hop,dishwasher,graph_box,1.0000,17,1,0,3,,500,375,"371.0,54.0,475.0,204.0"
11701,2394690,2394690,1,same_attr_two_hop,cat,graph_box,1.0000,15,1,0,3,,375,500,"261.0,288.0,356.0,346.0"
11702,2364335,2364335,1,same_attr_two_hop,chair,graph_box,1.0000,29,1,0,3,,500,375,"14.0,138.0,117.0,260.0"
11703,2364335,2364335,1,same_attr_two_hop,chair,graph_box,1.0000,29,1,0,3,,500,375,"14.0,138.0,117.0,260.0"
11706,2374714,2374714,2,same_attr_two_hop,car,graph_box,1.0000,26,2,1,3,,500,375,"0.0,84.0,202.0,182.0"
11707,2334602,2334602,1,same_attr_two_hop,dishwasher,graph_box,1.0000,18,1,0,3,,500,323,"189.0,126.0,258.0,218.0"
11708,2342151,2342151,1,same_attr_two_hop,table,graph_box,1.0000,21,1,0,3,,500,399,"195.0,243.0,499.0,395.0"
11709,2345741,2345741,1,same_attr_two_hop,backpack,graph_box,1.0000,18,1,0,3,,500,445,"98.0,183.0,185.0,287.0"
11712,2389455,2389455,1,same_attr_two_hop,dishwasher,graph_box,1.0000,15,1,0,3,,500,375,"60.0,239.0,132.0,338.0"
11718,2367639,2367639,2,same_attr_two_hop,sofa,graph_box,1.0000,23,2,1,3,,500,333,"35.0,180.0,135.0,267.0"
11720,2380474,2380474,1,same_attr_two_hop,onions,graph_box,1.0000,9,1,0,3,,500,375,"173.0,163.0,383.0,257.0"
11723,2334521,2334521,1,same_attr_two_hop,can,graph_box,1.0000,16,1,0,3,,500,375,"444.0,4.0,500.0,157.0"
11727,4626,4626,1,same_attr_two_hop,desk,graph_box,1.0000,22,1,0,3,,512,396,"279.0,207.0,512.0,383.0"
11731,2402230,2402230,1,same_attr_two_hop,curtain,graph_box,1.0000,19,1,0,3,,334,500,"208.0,166.0,333.0,301.0"
11732,2359433,2359433,1,same_attr_two_hop,platter,graph_box,1.0000,37,1,0,3,,500,500,"38.0,275.0,203.0,341.0"
11740,2411516,2411516,2,same_attr_two_hop,hat,graph_box,1.0000,24,2,1,3,,500,500,"328.0,44.0,406.0,91.0"
11743,286053,286053,1,same_attr_two_hop,sign,graph_box,1.0000,23,1,0,3,,1000,666,"642.0,186.0,774.0,264.0"
11744,2361741,2361741,1,same_attr_two_hop,hat,graph_box,1.0000,18,1,0,3,,333,500,"176.0,33.0,279.0,97.0"
11747,2335787,2335787,1,same_attr_two_hop,desk,graph_box,1.0000,20,1,0,3,,500,375,"0.0,221.0,498.0,376.0"
11749,2348601,2348601,1,same_attr_two_hop,sheet,graph_box,1.0000,19,1,0,3,,500,333,"389.0,268.0,500.0,333.0"
11755,2413526,2413526,1,same_attr_two_hop,sheet,graph_box,1.0000,4,1,0,3,,500,375,"2.0,104.0,498.0,375.0"
11756,2360098,2360098,1,same_attr_two_hop,carpet,graph_box,1.0000,24,1,0,3,,500,333,"0.0,230.0,353.0,333.0"
11757,2320261,2320261,1,same_attr_two_hop,glass,graph_box,1.0000,17,1,0,3,,375,500,"94.0,0.0,204.0,147.0"
11760,2345259,2345259,1,same_attr_two_hop,oven,graph_box,1.0000,24,1,0,3,,500,375,"120.0,93.0,255.0,211.0"
11761,2316663,2316663,1,same_attr_two_hop,truck,graph_box,1.0000,15,1,0,3,,500,375,"75.0,194.0,494.0,374.0"
11764,2415117,2415117,1,same_attr_two_hop,toilet,graph_box,1.0000,13,1,0,3,,375,500,"212.0,261.0,292.0,412.0"
11766,2329855,2329855,1,same_attr_two_hop,napkin,graph_box,1.0000,24,1,0,3,,500,375,"132.0,233.0,200.0,307.0"
11767,2384550,2384550,1,same_attr_two_hop,boat,graph_box,1.0000,8,1,0,3,,500,500,"53.0,381.0,138.0,413.0"
11768,2367468,2367468,1,same_attr_two_hop,laptop,graph_box,1.0000,19,1,0,3,,500,333,"191.0,123.0,242.0,161.0"
11770,2401893,2401893,1,same_attr_two_hop,soap dish,graph_box,1.0000,9,1,0,3,,375,500,"235.0,359.0,296.0,408.0"
11772,2344726,2344726,1,same_attr_two_hop,knife,graph_box,1.0000,18,1,0,3,,375,500,"136.0,243.0,342.0,326.0"
11775,2410524,2410524,1,same_attr_two_hop,toilet paper,graph_box,1.0000,14,1,0,3,,374,500,"8.0,379.0,45.0,437.0"
11777,2381592,2381592,1,same_attr_two_hop,bowl,graph_box,1.0000,18,1,0,3,,500,375,"159.0,134.0,295.0,225.0"
11779,2360132,2360132,1,same_attr_two_hop,curtain,graph_box,1.0000,11,1,0,3,,500,375,"2.0,3.0,27.0,169.0"
11785,2376905,2376905,1,same_attr_two_hop,trunk,graph_box,1.0000,15,1,0,3,,375,500,"100.0,415.0,283.0,500.0"
11795,2351166,2351166,1,same_attr_two_hop,bird,graph_box,1.0000,12,1,0,3,,500,319,"248.0,119.0,328.0,190.0"
11796,2400829,2400829,1,same_attr_two_hop,street sign,graph_box,1.0000,18,1,0,3,,500,281,"447.0,14.0,500.0,50.0"
11801,2401699,2401699,1,same_attr_two_hop,sign,graph_box,1.0000,8,1,0,3,,500,375,"102.0,48.0,388.0,345.0"
11802,2396616,2396616,1,same_attr_two_hop,curtain,graph_box,1.0000,19,1,0,3,,375,500,"1.0,1.0,81.0,499.0"
11803,2396616,2396616,1,same_attr_two_hop,curtain,graph_box,1.0000,19,1,0,3,,375,500,"1.0,1.0,81.0,499.0"
11805,2396616,2396616,1,same_attr_two_hop,dresser,graph_box,1.0000,19,1,0,3,,375,500,"57.0,283.0,187.0,499.0"
11807,2363141,2363141,2,same_attr_two_hop,mirror,graph_box,1.0000,7,1,0,3,,500,375,"337.0,9.0,396.0,72.0"
11808,2324852,2324852,1,same_attr_two_hop,fence,graph_box,1.0000,9,1,0,3,,500,375,"0.0,0.0,500.0,199.0"
11810,370,370,1,same_attr_two_hop,blinds,graph_box,1.0000,16,1,0,3,,800,600,"313.0,11.0,519.0,366.0"
11811,2361827,2361827,1,same_attr_two_hop,pen,graph_box,1.0000,6,1,0,3,,500,334,"201.0,182.0,500.0,232.0"
11812,2370134,2370134,1,same_attr_two_hop,dishwasher,graph_box,1.0000,30,1,0,3,,500,375,"421.0,256.0,498.0,374.0"
11814,2343201,2343201,1,same_attr_two_hop,cabinets,graph_box,1.0000,21,1,0,3,,500,375,"1.0,0.0,52.0,56.0"
11821,150297,150297,1,same_attr_two_hop,smoke,graph_box,1.0000,25,1,0,3,,1024,681,"106.0,4.0,591.0,463.0"
11825,2377561,2377561,1,same_attr_two_hop,cupboard,graph_box,1.0000,18,1,0,3,,500,333,"211.0,182.0,328.0,259.0"
11830,2350095,2350095,1,same_attr_two_hop,building,graph_box,1.0000,17,1,0,3,,500,333,"0.0,210.0,500.0,332.0"
11831,2412204,2412204,1,same_attr_two_hop,table,graph_box,1.0000,35,1,0,3,,500,334,"62.0,133.0,499.0,333.0"
11832,2404247,2404247,1,same_attr_two_hop,beer,graph_box,1.0000,5,1,0,3,,500,374,"1.0,7.0,75.0,134.0"
11833,2359509,2359509,1,same_attr_two_hop,cat,graph_box,1.0000,16,1,0,3,,500,375,"112.0,136.0,442.0,321.0"
11834,2361301,2361301,1,same_attr_two_hop,lamp,graph_box,1.0000,17,1,0,3,,375,500,"71.0,113.0,116.0,188.0"
11835,2338953,2338953,1,same_attr_two_hop,fork,graph_box,1.0000,17,1,0,3,,500,334,"1.0,178.0,79.0,256.0"
11836,2349160,2349160,1,same_attr_two_hop,rhino,graph_box,1.0000,20,1,0,3,,375,500,"93.0,305.0,365.0,404.0"
11838,2392767,2392767,1,same_attr_two_hop,lettuce,graph_box,1.0000,14,1,0,3,,500,334,"78.0,170.0,240.0,310.0"
11844,2316956,2316956,1,same_attr_two_hop,toilet,graph_box,1.0000,15,1,0,3,,500,375,"201.0,198.0,387.0,375.0"
11847,2411225,2411225,1,same_attr_two_hop,carpet,graph_box,1.0000,9,1,0,3,,500,333,"0.0,243.0,500.0,332.0"
11849,2321100,2321100,1,same_attr_two_hop,pine tree,graph_box,1.0000,22,1,0,3,,500,375,"147.0,3.0,261.0,204.0"
11854,2394645,2394645,1,same_attr_two_hop,sink,graph_box,1.0000,20,1,0,3,,500,333,"160.0,181.0,243.0,208.0"
11857,2350053,2350053,1,same_attr_two_hop,bag,graph_box,1.0000,15,1,0,3,,500,375,"1.0,0.0,185.0,136.0"
11859,2323361,2323361,1,same_attr_two_hop,tie,graph_box,1.0000,14,1,0,3,,500,333,"249.0,182.0,279.0,286.0"
11862,2356933,2356933,1,same_attr_two_hop,tablecloth,objects_id_first,0.2110,18,1,0,3,,500,375,"0.2,83.5,232.8,371.7"
11863,2357683,2357683,1,same_attr_two_hop,coffee pot,graph_box,1.0000,12,1,0,3,,500,281,"202.0,0.0,405.0,51.0"
11864,2357683,2357683,1,same_attr_two_hop,coffee pot,graph_box,1.0000,12,1,0,3,,500,281,"202.0,0.0,405.0,51.0"
11865,2400583,2400583,1,same_attr_two_hop,dispenser,graph_box,1.0000,20,1,0,3,,500,375,"402.0,140.0,439.0,221.0"
11866,2342838,2342838,1,same_attr_two_hop,television,graph_box,1.0000,12,1,0,3,,500,375,"75.0,181.0,229.0,302.0"
11873,2387080,2387080,1,same_attr_two_hop,cable,graph_box,1.0000,27,1,0,3,,500,375,"375.0,304.0,404.0,374.0"
11878,2346959,2346959,1,same_attr_two_hop,sheep,graph_box,1.0000,12,1,0,3,,500,334,"210.0,114.0,500.0,334.0"
11880,2032,2032,1,same_attr_two_hop,nightstand,graph_box,1.0000,10,1,0,3,,800,600,"199.0,380.0,528.0,599.0"
11890,2395556,2395556,1,same_attr_two_hop,scooter,graph_box,1.0000,26,1,0,3,,500,349,"359.0,147.0,439.0,258.0"
11893,221,221,1,same_attr_two_hop,lawn,graph_box,1.0000,18,1,0,3,,400,200,"2.0,174.0,238.0,192.0"
11899,2391657,2391657,1,same_attr_two_hop,door,graph_box,1.0000,10,1,0,3,,500,333,"244.0,95.0,303.0,173.0"
11901,2374063,2374063,1,same_attr_two_hop,nightstand,graph_box,1.0000,19,1,0,3,,500,375,"417.0,213.0,499.0,257.0"
11905,2369074,2369074,1,same_attr_two_hop,wristband,graph_box,1.0000,17,1,0,3,,500,321,"15.0,0.0,100.0,75.0"
11908,2360831,2360831,1,same_attr_two_hop,pillow,graph_box,1.0000,23,1,0,3,,500,375,"45.0,132.0,137.0,245.0"
11910,2392355,2392355,1,same_attr_two_hop,building,graph_box,1.0000,20,1,0,3,,500,333,"23.0,19.0,498.0,153.0"
11912,2379978,2379978,1,same_attr_two_hop,bottle,graph_box,1.0000,25,1,0,3,,375,500,"4.0,118.0,40.0,180.0"
11913,2379978,2379978,1,same_attr_two_hop,bottle,graph_box,1.0000,25,1,0,3,,375,500,"4.0,118.0,40.0,180.0"
11919,2347730,2347730,1,same_attr_two_hop,laptop,graph_box,1.0000,13,1,0,3,,500,299,"58.0,39.0,417.0,285.0"
11920,285729,285729,1,same_attr_two_hop,bookcase,graph_box,1.0000,23,1,0,3,,1024,768,"551.0,0.0,723.0,294.0"
11928,2320680,2320680,1,same_attr_two_hop,bear,graph_box,1.0000,25,1,0,3,,500,436,"106.0,38.0,351.0,373.0"
11929,2361045,2361045,1,same_attr_two_hop,wing,graph_box,1.0000,16,1,0,3,,500,333,"233.0,128.0,370.0,208.0"
11933,2356670,2356670,1,same_attr_two_hop,bench,graph_box,0.9663,30,1,0,3,,500,333,"12.2,88.4,385.9,323.0"
11939,2411910,2411910,1,same_attr_two_hop,door,graph_box,1.0000,18,1,0,3,,375,500,"5.0,0.0,118.0,232.0"
11940,2392847,2392847,2,same_attr_two_hop,door,graph_box,1.0000,15,2,1,3,,500,375,"419.0,0.0,497.0,375.0"
11941,2392847,2392847,2,same_attr_two_hop,door,graph_box,1.0000,15,2,1,3,,500,375,"419.0,0.0,497.0,375.0"
11942,2392845,2392845,1,same_attr_two_hop,building,graph_box,1.0000,19,1,0,3,,500,333,"292.0,64.0,434.0,129.0"
11947,2064,2064,1,same_attr_two_hop,sink,graph_box,1.0000,13,1,0,3,,600,800,"97.0,500.0,256.0,592.0"
11949,2391219,2391219,1,same_attr_two_hop,table,graph_box,1.0000,17,1,0,3,,500,390,"0.0,264.0,499.0,389.0"
11951,2368963,2368963,1,same_attr_two_hop,desk,graph_box,1.0000,27,1,0,3,,500,413,"225.0,280.0,500.0,413.0"
11957,2366862,2366862,1,same_attr_two_hop,lid,graph_box,1.0000,11,1,0,3,,500,333,"1.0,146.0,272.0,331.0"
11959,2417941,2417941,1,same_attr_two_hop,nightstand,graph_box,1.0000,12,1,0,3,,500,476,"63.0,355.0,341.0,474.0"
11969,2390677,2390677,1,same_attr_two_hop,oven,graph_box,1.0000,14,1,0,3,,500,335,"327.0,0.0,499.0,315.0"
11971,2373119,2373119,3,same_attr_two_hop,plate,graph_box,1.0000,29,2,1,3,,500,333,"23.0,232.0,359.0,333.0"
11973,2321723,2321723,1,same_attr_two_hop,sink,graph_box,1.0000,15,1,0,3,,500,333,"120.0,196.0,209.0,236.0"
11974,2321723,2321723,1,same_attr_two_hop,sink,graph_box,1.0000,15,1,0,3,,500,333,"120.0,196.0,209.0,236.0"
11976,2341763,2341763,1,same_attr_two_hop,cutting board,graph_box,1.0000,30,1,0,3,,500,333,"328.0,55.0,355.0,121.0"
11977,2409804,2409804,1,same_attr_two_hop,end table,graph_box,1.0000,19,1,0,3,,375,500,"106.0,179.0,195.0,253.0"
11978,2362883,2362883,1,same_attr_two_hop,umbrella,graph_box,1.0000,23,1,0,3,,500,287,"159.0,93.0,223.0,143.0"
11979,2391275,2391275,1,same_attr_two_hop,bathtub,graph_box,1.0000,12,1,0,3,,500,333,"89.0,165.0,413.0,315.0"
11982,2414300,2414300,1,same_attr_two_hop,kettle,graph_box,1.0000,23,1,0,3,,281,500,"65.0,315.0,123.0,409.0"
11983,2353722,2353722,1,same_attr_two_hop,plate,graph_box,1.0000,20,1,0,3,,500,375,"176.0,229.0,348.0,280.0"
11984,2342945,2342945,1,same_attr_two_hop,mouse pad,graph_box,1.0000,20,1,0,3,,500,375,"203.0,234.0,372.0,345.0"
11985,2342618,2342618,1,same_attr_two_hop,cake,graph_box,1.0000,20,1,0,3,,500,500,"247.0,345.0,410.0,494.0"
11989,2400080,2400080,1,same_attr_two_hop,keyboard,graph_box,1.0000,13,1,0,3,,500,375,"24.0,246.0,279.0,309.0"
11998,2323938,2323938,1,same_attr_two_hop,broccoli,graph_box,1.0000,6,1,0,3,,500,332,"177.0,1.0,499.0,139.0"
11999,2359333,2359333,1,same_attr_two_hop,bag,graph_box,1.0000,15,1,0,3,,500,375,"2.0,68.0,244.0,321.0"
12002,2386651,2386651,1,same_attr_two_hop,desk,graph_box,1.0000,14,1,0,3,,500,357,"334.0,66.0,500.0,201.0"
12009,2416292,2416292,1,same_attr_two_hop,fence,graph_box,1.0000,19,1,0,3,,397,500,"1.0,0.0,395.0,294.0"
12011,2408823,2408823,1,same_attr_two_hop,dish,graph_box,1.0000,8,1,0,3,,500,333,"8.0,244.0,390.0,333.0"
12012,2378535,2378535,1,same_attr_two_hop,shopping bag,graph_box,1.0000,16,1,0,3,,500,332,"297.0,172.0,340.0,252.0"
12015,285860,285860,1,same_attr_two_hop,computer mouse,graph_box,1.0000,14,1,0,3,,1024,768,"410.0,546.0,512.0,668.0"
12018,2412735,2412735,1,same_attr_two_hop,wire,graph_box,1.0000,9,1,0,3,,500,339,"350.0,39.0,384.0,132.0"
12020,2394852,2394852,2,0_hop,girl,graph_box,1.0000,29,2,1,1,,500,333,"290.0,39.0,499.0,333.0"
12021,2394852,2394852,2,2_hop,girl,graph_box,1.0000,29,2,1,3,,500,333,"290.0,39.0,499.0,333.0"
12022,2394852,2394852,2,and,girl,graph_box,1.0000,29,2,1,3,,500,333,"290.0,39.0,499.0,333.0"
12024,2415552,2415552,2,2_hop,building,graph_box,1.0000,17,3,2,3,,500,375,"418.0,0.0,498.0,280.0"
12025,2415552,2415552,2,and,building,graph_box,1.0000,17,3,2,3,,500,375,"418.0,0.0,498.0,280.0"
12026,2415552,2415552,3,2_hop,building,graph_box,1.0000,17,3,2,3,,500,375,"418.0,0.0,498.0,280.0"
12031,2352862,2352862,2,1_hop,building,graph_box,1.0000,20,3,2,2,,500,337,"32.0,0.0,261.0,142.0"
12032,2352862,2352862,2,1_hop,building,graph_box,1.0000,20,3,2,2,,500,337,"394.0,0.0,467.0,59.0"
12034,2318653,2318653,3,2_hop,pizza,graph_box,1.0000,10,2,1,3,,500,375,"197.0,0.0,439.0,17.0"
12036,2383415,2383415,2,2_hop,snowboard,graph_box,1.0000,22,2,1,3,,500,499,"164.0,107.0,228.0,417.0"
12037,2383415,2383415,2,1_hop,snowboard,graph_box,1.0000,22,2,1,2,,500,499,"164.0,107.0,228.0,417.0"
12038,2383415,2383415,3,2_hop,snowboard,graph_box,1.0000,22,2,1,3,,500,499,"164.0,107.0,228.0,417.0"
12039,2317105,2317105,2,2_hop,man,graph_box,1.0000,27,2,1,3,,500,321,"404.0,0.0,499.0,317.0"
12040,2317105,2317105,2,and,man,graph_box,1.0000,27,2,1,3,,500,321,"404.0,0.0,499.0,317.0"
12041,2334060,2334060,2,2_hop,building,graph_box,1.0000,19,2,1,3,,500,333,"0.0,0.0,190.0,260.0"
12042,2334060,2334060,2,1_hop,building,graph_box,1.0000,19,2,1,2,,500,333,"0.0,0.0,190.0,260.0"
12043,2334060,2334060,2,2_hop,sign,graph_box,1.0000,19,4,3,3,,500,333,"0.0,109.0,111.0,169.0"
12044,2334060,2334060,2,1_hop,sign,graph_box,1.0000,19,4,3,2,,500,333,"0.0,109.0,111.0,169.0"
12046,2334060,2334060,2,1_hop,sign,graph_box,1.0000,19,4,3,2,,500,333,"363.0,184.0,392.0,213.0"
12048,2318908,2318908,2,and,cake,graph_box,1.0000,36,2,1,3,,500,386,"330.0,280.0,420.0,362.0"
12050,2346965,2346965,2,2_hop,man,graph_box,1.0000,24,2,1,3,,500,281,"271.0,102.0,286.0,122.0"
12051,2346965,2346965,2,and,man,graph_box,1.0000,24,2,1,3,,500,281,"271.0,102.0,286.0,122.0"
12053,2383595,2383595,2,and,girl,graph_box,1.0000,26,2,1,3,,500,375,"346.0,57.0,500.0,342.0"
12057,2401325,2401325,2,1_hop,motorcycle,graph_box,1.0000,26,8,7,2,,500,500,"0.0,170.0,62.0,336.0"
12058,2380286,2380286,2,2_hop,palm tree,graph_box,1.0000,12,2,1,3,,333,500,"55.0,293.0,100.0,423.0"
12059,2380286,2380286,2,1_hop,palm tree,graph_box,1.0000,12,2,1,2,,333,500,"55.0,293.0,100.0,423.0"
12060,4620,4620,2,2_hop,curtain,graph_box,1.0000,12,2,1,3,,512,405,"449.0,75.0,510.0,186.0"
12061,4620,4620,2,1_hop,curtain,graph_box,1.0000,12,2,1,2,,512,405,"449.0,75.0,510.0,186.0"
12062,2358240,2358240,2,2_hop,bus,graph_box,1.0000,12,2,1,3,,500,333,"227.0,89.0,397.0,223.0"
12063,2358240,2358240,2,1_hop,bus,graph_box,1.0000,12,2,1,2,,500,333,"227.0,89.0,397.0,223.0"
12066,2393871,2393871,2,and,platform,graph_box,1.0000,17,2,1,3,,500,332,"0.0,46.0,373.0,253.0"
12068,2407148,2407148,2,2_hop,lamp,graph_box,1.0000,23,2,1,3,,500,333,"405.0,83.0,451.0,153.0"
12069,2407148,2407148,2,and,lamp,graph_box,1.0000,23,2,1,3,,500,333,"405.0,83.0,451.0,153.0"
12070,2407148,2407148,3,2_hop,lamp,graph_box,1.0000,23,2,1,3,,500,333,"405.0,83.0,451.0,153.0"
12071,2407148,2407148,3,1_hop,lamp,graph_box,1.0000,23,2,1,2,,500,333,"405.0,83.0,451.0,153.0"
12072,2329573,2329573,2,1_hop,curtain,graph_box,1.0000,13,2,1,2,,500,333,"332.0,38.0,388.0,247.0"
12073,2398749,2398749,2,and,building,graph_box,1.0000,14,2,1,3,,500,350,"0.0,0.0,116.0,215.0"
12074,2398749,2398749,2,1_hop,train,graph_box,1.0000,14,2,1,2,,500,350,"58.0,130.0,432.0,257.0"
12075,2324933,2324933,2,1_hop,mirror,graph_box,1.0000,14,2,1,2,,500,379,"24.0,88.0,217.0,282.0"
12082,2416080,2416080,3,2_hop,paper,graph_box,1.0000,20,3,2,3,,500,375,"415.0,222.0,499.0,334.0"
12083,2320104,2320104,3,2_hop,tree,graph_box,1.0000,18,2,1,3,,500,333,"35.0,0.0,165.0,145.0"
12085,2324591,2324591,2,and,plate,graph_box,1.0000,28,4,3,3,,500,334,"475.0,97.0,499.0,252.0"
12086,2324597,2324597,2,1_hop,girl,graph_box,1.0000,15,2,1,2,,500,375,"219.0,80.0,326.0,229.0"
12088,2323906,2323906,2,1_hop,door,graph_box,1.0000,11,2,1,2,,500,332,"422.0,109.0,449.0,174.0"
12089,2379750,2379750,2,1_hop,curtain,graph_box,1.0000,11,2,1,2,,333,500,"43.0,0.0,84.0,265.0"
12090,2415537,2415537,2,2_hop,palm tree,graph_box,1.0000,27,2,1,3,,500,313,"412.0,75.0,498.0,269.0"
12091,2415537,2415537,2,and,palm tree,graph_box,1.0000,27,2,1,3,,500,313,"412.0,75.0,498.0,269.0"
12092,2415537,2415537,3,2_hop,palm tree,graph_box,1.0000,27,2,1,3,,500,313,"412.0,75.0,498.0,269.0"
12093,2317343,2317343,2,0_hop,man,graph_box,1.0000,13,1,0,1,,374,500,"28.0,63.0,256.0,498.0"
12098,2408305,2408305,2,2_hop,stump,graph_box,1.0000,19,3,2,3,,500,375,"0.0,25.0,72.0,245.0"
12099,2408305,2408305,2,and,stump,graph_box,1.0000,19,3,2,3,,500,375,"0.0,25.0,72.0,245.0"
12102,2379924,2379924,2,2_hop,tree,graph_box,1.0000,35,2,1,3,,500,333,"124.0,0.0,163.0,35.0"
12104,2398481,2398481,2,0_hop,wallet,graph_box,1.0000,18,2,1,1,,500,335,"254.0,178.0,327.0,234.0"
12107,2325219,2325219,2,1_hop,railroad,graph_box,1.0000,24,2,1,2,,500,281,"285.0,217.0,500.0,266.0"
12109,2417562,2417562,2,1_hop,tree,graph_box,1.0000,21,4,3,2,,500,375,"0.0,0.0,78.0,276.0"
12110,2417562,2417562,2,2_hop,tree,graph_box,1.0000,21,4,3,3,,500,375,"92.0,2.0,195.0,53.0"
12111,2417562,2417562,2,1_hop,tree,graph_box,1.0000,21,4,3,2,,500,375,"92.0,2.0,195.0,53.0"
12113,2380934,2380934,2,1_hop,fence,graph_box,1.0000,15,2,1,2,,500,375,"261.0,133.0,441.0,170.0"
12115,2378071,2378071,2,and,umbrella,graph_box,1.0000,26,6,5,3,,500,333,"0.0,89.0,122.0,217.0"
12118,2378071,2378071,2,and,umbrella,graph_box,1.0000,26,6,5,3,,500,333,"430.0,135.0,499.0,217.0"
12119,2189,2189,2,2_hop,counter,graph_box,1.0000,25,2,1,3,,712,800,"527.0,484.0,713.0,799.0"
12120,2189,2189,2,1_hop,counter,graph_box,1.0000,25,2,1,2,,712,800,"527.0,484.0,713.0,799.0"
12121,2388869,2388869,2,0_hop,sign,graph_box,1.0000,14,2,1,1,,500,333,"245.0,101.0,266.0,132.0"
12123,2388869,2388869,2,1_hop,sign,graph_box,1.0000,14,2,1,2,,500,333,"245.0,101.0,266.0,132.0"
12125,2413899,2413899,3,2_hop,roast beef,graph_box,1.0000,12,2,1,3,,500,375,"117.0,164.0,329.0,307.0"
12126,2354103,2354103,2,2_hop,carrot,graph_box,1.0000,18,3,2,3,,500,375,"215.0,160.0,412.0,331.0"
12128,2354103,2354103,3,2_hop,carrot,graph_box,1.0000,18,3,2,3,,500,375,"215.0,160.0,412.0,331.0"
12130,2366586,2366586,2,and,table,graph_box,1.0000,22,3,2,3,,500,375,"267.0,147.0,407.0,185.0"
12131,2366586,2366586,2,2_hop,table,graph_box,1.0000,22,3,2,3,,500,375,"3.0,229.0,497.0,335.0"
12132,2366586,2366586,2,1_hop,table,graph_box,1.0000,22,3,2,2,,500,375,"3.0,229.0,497.0,335.0"
12133,2411516,2411516,2,2_hop,man,graph_box,1.0000,24,2,1,3,,500,500,"251.0,46.0,338.0,381.0"
12135,2411516,2411516,3,1_hop,man,graph_box,1.0000,24,2,1,2,,500,500,"251.0,46.0,338.0,381.0"
12136,2358721,2358721,2,2_hop,baked goods,graph_box,1.0000,24,2,1,3,,500,333,"321.0,111.0,500.0,230.0"
12137,2358721,2358721,2,and,baked goods,graph_box,1.0000,24,2,1,3,,500,333,"321.0,111.0,500.0,230.0"
12138,2358727,2358727,2,1_hop,bowl,graph_box,1.0000,24,5,4,2,,500,500,"294.0,452.0,401.0,499.0"
12140,286059,286059,2,0_hop,teddy bear,graph_box,1.0000,10,2,1,1,,1024,642,"507.0,37.0,1022.0,641.0"
12141,286059,286059,2,2_hop,teddy bear,graph_box,1.0000,10,2,1,3,,1024,642,"507.0,37.0,1022.0,641.0"
12142,286059,286059,2,1_hop,teddy bear,graph_box,1.0000,10,2,1,2,,1024,642,"507.0,37.0,1022.0,641.0"
12143,2382646,2382646,2,0_hop,bookshelf,graph_box,1.0000,18,2,1,1,,500,375,"11.0,60.0,155.0,331.0"
12146,2371987,2371987,3,1_hop,boy,graph_box,1.0000,20,2,1,2,,334,500,"71.0,118.0,262.0,450.0"
12147,2342847,2342847,2,2_hop,bus,graph_box,1.0000,19,2,1,3,,500,325,"0.0,101.0,199.0,172.0"
12153,2349746,2349746,2,1_hop,man,graph_box,1.0000,24,2,1,2,,500,335,"428.0,146.0,468.0,230.0"
12155,2884,2884,2,and,building,graph_box,1.0000,24,2,1,3,,800,600,"6.0,74.0,212.0,246.0"
12156,1285,1285,2,0_hop,toolbox,graph_box,1.0000,16,2,1,1,,640,480,"228.0,361.0,253.0,389.0"
12158,2347528,2347528,2,0_hop,girl,graph_box,1.0000,26,2,1,1,,500,333,"177.0,171.0,442.0,332.0"
12161,2349431,2349431,2,1_hop,cat,graph_box,1.0000,16,2,1,2,,375,500,"108.0,303.0,278.0,459.0"
12162,2364217,2364217,2,2_hop,lid,graph_box,1.0000,9,2,1,3,,500,375,"1.0,168.0,111.0,197.0"
12163,2364217,2364217,2,and,lid,graph_box,1.0000,9,2,1,3,,500,375,"1.0,168.0,111.0,197.0"
12165,2378022,2378022,2,0_hop,bag,graph_box,1.0000,49,2,1,1,,500,375,"294.0,211.0,500.0,375.0"
12169,2385866,2385866,2,2_hop,man,graph_box,1.0000,17,2,1,3,,500,375,"254.0,143.0,295.0,214.0"
12171,2352703,2352703,2,1_hop,bracelet,graph_box,1.0000,22,2,1,2,,500,375,"95.0,299.0,153.0,338.0"
12174,1592175,1592175,2,0_hop,bag,graph_box,1.0000,44,2,1,1,,768,1024,"427.0,542.0,759.0,983.0"
12175,2366731,2366731,2,2_hop,bottle,graph_box,1.0000,21,3,2,3,,435,500,"342.0,168.0,398.0,296.0"
12176,2366731,2366731,2,and,bottle,graph_box,1.0000,21,3,2,3,,435,500,"342.0,168.0,398.0,296.0"
12177,2366731,2366731,2,2_hop,spots,graph_box,1.0000,21,2,1,3,,435,500,"252.0,232.0,332.0,301.0"
12178,2366731,2366731,2,1_hop,spots,graph_box,1.0000,21,2,1,2,,435,500,"252.0,232.0,332.0,301.0"
12179,2366731,2366731,3,2_hop,spots,graph_box,1.0000,21,2,1,3,,435,500,"252.0,232.0,332.0,301.0"
12180,2354416,2354416,2,2_hop,pole,graph_box,1.0000,32,4,3,3,,500,333,"307.0,105.0,400.0,313.0"
12181,2354416,2354416,2,and,pole,graph_box,1.0000,32,4,3,3,,500,333,"307.0,105.0,400.0,313.0"
12182,2323535,2323535,2,1_hop,liquid,graph_box,1.0000,16,2,1,2,,500,299,"354.0,164.0,496.0,247.0"
12183,2317142,2317142,1,1_hop,airplane,graph_box,1.0000,24,3,2,2,,375,500,"2.0,8.0,343.0,179.0"
12184,2317142,2317142,1,1_hop,airplane,graph_box,1.0000,24,3,2,2,,375,500,"9.0,2.0,362.0,222.0"
12186,214,214,2,2_hop,building,graph_box,1.0000,21,3,2,3,,600,800,"296.0,0.0,598.0,798.0"
12188,214,214,2,2_hop,building,graph_box,1.0000,21,3,2,3,,600,800,"0.0,415.0,165.0,705.0"
12190,2404536,2404536,2,2_hop,woman,graph_box,1.0000,19,2,1,3,,500,425,"231.0,110.0,364.0,425.0"
12191,2404536,2404536,2,and,woman,graph_box,1.0000,19,2,1,3,,500,425,"231.0,110.0,364.0,425.0"
12192,2411372,2411372,2,2_hop,pole,graph_box,1.0000,20,3,2,3,,500,332,"379.0,62.0,410.0,332.0"
12193,2411372,2411372,2,1_hop,pole,graph_box,1.0000,20,3,2,2,,500,332,"379.0,62.0,410.0,332.0"
12197,2344041,2344041,2,2_hop,pole,graph_box,1.0000,23,2,1,3,,500,374,"7.0,250.0,24.0,372.0"
12198,2344041,2344041,2,and,pole,graph_box,1.0000,23,2,1,3,,500,374,"7.0,250.0,24.0,372.0"
12200,2386511,2386511,2,and,guy,graph_box,1.0000,13,2,1,3,,332,500,"186.0,146.0,258.0,271.0"
12201,2386511,2386511,2,0_hop,man,graph_box,1.0000,13,1,0,1,,332,500,"5.0,47.0,71.0,165.0"
12202,2341555,2341555,2,0_hop,building,graph_box,1.0000,39,2,1,1,,333,500,"149.0,136.0,316.0,228.0"
12203,1592231,1592231,2,and,building,graph_box,1.0000,17,2,1,3,,1024,727,"408.0,0.0,945.0,249.0"
12210,2351890,2351890,2,1_hop,bucket,graph_box,1.0000,21,3,2,2,,375,500,"270.0,271.0,308.0,309.0"
12213,2331434,2331434,2,1_hop,plate,graph_box,1.0000,45,5,4,2,,500,375,"276.0,5.0,454.0,177.0"
12215,2331434,2331434,2,and,plate,graph_box,1.0000,45,5,4,3,,500,375,"41.0,260.0,81.0,319.0"
12217,2331434,2331434,2,2_hop,cookies,graph_box,1.0000,45,8,7,3,,500,375,"378.0,132.0,499.0,228.0"
12219,2338308,2338308,1,2_hop,airplane,graph_box,1.0000,28,2,1,3,,500,333,"4.0,83.0,383.0,212.0"
12232,2389885,2389885,3,2_hop,man,graph_box,1.0000,33,2,1,3,,500,333,"339.0,120.0,378.0,175.0"
12235,3935,3935,2,0_hop,car,graph_box,1.0000,21,2,1,1,,338,510,"290.0,450.0,338.0,510.0"
12236,2334745,2334745,2,2_hop,container,graph_box,1.0000,17,2,1,3,,500,500,"118.0,286.0,225.0,410.0"
12237,2334745,2334745,2,1_hop,container,graph_box,1.0000,17,2,1,2,,500,500,"118.0,286.0,225.0,410.0"
12238,2334745,2334745,3,2_hop,butter,graph_box,1.0000,17,2,1,3,,500,500,"271.0,206.0,395.0,300.0"
12239,2325919,2325919,2,2_hop,cabinet,graph_box,1.0000,18,2,1,3,,500,282,"131.0,0.0,195.0,96.0"
12240,2325919,2325919,2,1_hop,cabinet,graph_box,1.0000,18,2,1,2,,500,282,"131.0,0.0,195.0,96.0"
12241,2325919,2325919,3,2_hop,cabinet,graph_box,1.0000,18,2,1,3,,500,282,"131.0,0.0,195.0,96.0"
12242,2396677,2396677,2,2_hop,boy,graph_box,1.0000,33,2,1,3,,500,331,"43.0,228.0,151.0,328.0"
12243,2396677,2396677,2,and,boy,graph_box,1.0000,33,2,1,3,,500,331,"43.0,228.0,151.0,328.0"
12244,2396905,2396905,2,1_hop,traffic light,graph_box,1.0000,10,3,2,2,,500,337,"222.0,107.0,259.0,185.0"
12247,2404370,2404370,2,0_hop,giraffe,graph_box,1.0000,15,2,1,1,,342,500,"118.0,43.0,315.0,449.0"
12248,2404370,2404370,2,2_hop,giraffe,graph_box,1.0000,15,2,1,3,,342,500,"118.0,43.0,315.0,449.0"
12250,1592783,1592783,2,0_hop,umbrella,graph_box,1.0000,26,5,4,1,,1024,576,"598.0,124.0,737.0,228.0"
12252,2384329,2384329,2,and,plate,graph_box,1.0000,22,2,1,3,,500,375,"379.0,126.0,487.0,191.0"
12256,2322586,2322586,2,2_hop,sign,graph_box,1.0000,22,3,2,3,,500,357,"248.0,240.0,270.0,331.0"
12257,2322586,2322586,2,1_hop,sign,graph_box,1.0000,22,3,2,2,,500,357,"248.0,240.0,270.0,331.0"
12258,2322586,2322586,3,2_hop,sign,graph_box,1.0000,22,3,2,3,,500,357,"248.0,240.0,270.0,331.0"
12259,2322586,2322586,2,2_hop,pole,graph_box,1.0000,22,2,1,3,,500,357,"254.0,261.0,263.0,305.0"
12261,2412363,2412363,2,2_hop,bowl,graph_box,1.0000,35,3,2,3,,500,375,"35.0,107.0,180.0,207.0"
12262,2412363,2412363,2,and,bowl,graph_box,1.0000,35,3,2,3,,500,375,"35.0,107.0,180.0,207.0"
12263,2412363,2412363,2,2_hop,bowl,graph_box,1.0000,35,3,2,3,,500,375,"294.0,58.0,391.0,118.0"
12264,2412363,2412363,2,and,bowl,graph_box,1.0000,35,3,2,3,,500,375,"294.0,58.0,391.0,118.0"
12267,2324839,2324839,2,2_hop,faucet,graph_box,1.0000,11,2,1,3,,375,500,"1.0,270.0,132.0,418.0"
12268,2324839,2324839,2,and,faucet,graph_box,1.0000,11,2,1,3,,375,500,"1.0,270.0,132.0,418.0"
12269,2334914,2334914,2,2_hop,plate,graph_box,1.0000,19,3,2,3,,500,500,"0.0,113.0,93.0,235.0"
12270,2334914,2334914,2,1_hop,plate,graph_box,1.0000,19,3,2,2,,500,500,"0.0,113.0,93.0,235.0"
12271,2367461,2367461,2,2_hop,man,graph_box,1.0000,16,3,2,3,,333,500,"220.0,144.0,332.0,499.0"
12272,2367461,2367461,2,and,man,graph_box,1.0000,16,3,2,3,,333,500,"220.0,144.0,332.0,499.0"
12273,2367468,2367468,2,2_hop,bag,graph_box,1.0000,19,3,2,3,,500,333,"235.0,203.0,285.0,263.0"
12274,2367468,2367468,2,1_hop,bag,graph_box,1.0000,19,3,2,2,,500,333,"235.0,203.0,285.0,263.0"
12275,2376684,2376684,2,0_hop,cat,graph_box,1.0000,21,2,1,1,,500,375,"279.0,74.0,460.0,363.0"
12276,2376684,2376684,3,1_hop,cat,graph_box,1.0000,21,2,1,2,,500,375,"279.0,74.0,460.0,363.0"
12277,2376684,2376684,2,0_hop,car,graph_box,1.0000,21,2,1,1,,500,375,"429.0,92.0,498.0,169.0"
12279,2376684,2376684,2,1_hop,car,graph_box,1.0000,21,2,1,2,,500,375,"429.0,92.0,498.0,169.0"
12280,2376684,2376684,3,2_hop,car,graph_box,1.0000,21,2,1,3,,500,375,"429.0,92.0,498.0,169.0"
12281,2376684,2376684,3,1_hop,car,graph_box,1.0000,21,2,1,2,,500,375,"429.0,92.0,498.0,169.0"
12282,2370523,2370523,3,2_hop,windshield,graph_box,1.0000,18,2,1,3,,500,375,"277.0,226.0,337.0,253.0"
12286,2364969,2364969,2,0_hop,sign,graph_box,1.0000,12,3,2,1,,500,375,"183.0,212.0,293.0,344.0"
12287,2391049,2391049,3,2_hop,minute hand,graph_box,1.0000,16,2,1,3,,332,500,"207.0,246.0,241.0,329.0"
12289,2408571,2408571,2,1_hop,clock,graph_box,1.0000,25,6,5,2,,375,500,"34.0,372.0,102.0,450.0"
12294,2344726,2344726,2,2_hop,dish,graph_box,1.0000,18,2,1,3,,375,500,"116.0,0.0,253.0,53.0"
12295,2344726,2344726,2,and,dish,graph_box,1.0000,18,2,1,3,,375,500,"116.0,0.0,253.0,53.0"
12296,2395639,2395639,2,0_hop,toilet,graph_box,1.0000,12,2,1,1,,500,375,"211.0,4.0,493.0,375.0"
12299,2395639,2395639,3,2_hop,toilet,graph_box,1.0000,12,2,1,3,,500,375,"211.0,4.0,493.0,375.0"
12306,2357112,2357112,2,1_hop,bowl,graph_box,1.0000,12,2,1,2,,500,375,"266.0,52.0,474.0,216.0"
12308,2369851,2369851,2,1_hop,bus,graph_box,1.0000,25,2,1,2,,500,375,"96.0,91.0,256.0,260.0"
12311,2381995,2381995,3,2_hop,man,graph_box,1.0000,20,2,1,3,,500,333,"403.0,132.0,438.0,179.0"
12316,2357457,2357457,2,0_hop,car,graph_box,1.0000,18,2,1,1,,500,326,"88.0,105.0,404.0,230.0"
12317,2409543,2409543,3,2_hop,plate,graph_box,1.0000,22,2,1,3,,500,375,"239.0,178.0,285.0,200.0"
12319,2409543,2409543,2,1_hop,phone,graph_box,1.0000,22,2,1,2,,500,375,"1.0,229.0,27.0,280.0"
12322,2326319,2326319,2,1_hop,dish,graph_box,1.0000,31,3,2,2,,375,500,"0.0,246.0,80.0,311.0"
12323,2326319,2326319,3,2_hop,dish,graph_box,1.0000,31,3,2,3,,375,500,"0.0,246.0,80.0,311.0"
12325,2326319,2326319,3,2_hop,bowl,graph_box,1.0000,31,4,3,3,,375,500,"0.0,194.0,125.0,278.0"
12326,2407802,2407802,2,0_hop,player,graph_box,1.0000,30,5,4,1,,500,333,"236.0,112.0,340.0,250.0"
12327,2407802,2407802,2,2_hop,player,graph_box,1.0000,30,5,4,3,,500,333,"236.0,112.0,340.0,250.0"
12328,2407802,2407802,2,1_hop,player,graph_box,1.0000,30,5,4,2,,500,333,"236.0,112.0,340.0,250.0"
12331,2356417,2356417,2,2_hop,bowl,graph_box,1.0000,12,3,2,3,,333,500,"75.0,30.0,281.0,85.0"
12334,2368936,2368936,2,1_hop,monitor,graph_box,1.0000,21,2,1,2,,500,329,"75.0,238.0,155.0,291.0"
12335,2368936,2368936,3,2_hop,monitor,graph_box,1.0000,21,2,1,3,,500,329,"75.0,238.0,155.0,291.0"
12337,2410522,2410522,2,and,cup,graph_box,1.0000,11,2,1,3,,374,500,"237.0,371.0,336.0,468.0"
12339,2365794,2365794,2,and,nightstand,graph_box,1.0000,18,2,1,3,,500,281,"0.0,122.0,118.0,261.0"
12340,2412343,2412343,2,2_hop,statue,graph_box,1.0000,19,2,1,3,,500,339,"389.0,127.0,426.0,178.0"
12341,2412343,2412343,2,1_hop,statue,graph_box,1.0000,19,2,1,2,,500,339,"389.0,127.0,426.0,178.0"
12342,2403002,2403002,3,2_hop,statue,graph_box,1.0000,23,2,1,3,,500,375,"215.0,198.0,270.0,285.0"
12345,2336230,2336230,2,2_hop,bed,graph_box,1.0000,16,2,1,3,,500,375,"0.0,308.0,440.0,375.0"
12354,2319888,2319888,2,2_hop,man,graph_box,1.0000,24,2,1,3,,332,500,"228.0,281.0,296.0,391.0"
12355,2319888,2319888,2,and,man,graph_box,1.0000,24,2,1,3,,332,500,"228.0,281.0,296.0,391.0"
12356,2378883,2378883,2,1_hop,building,graph_box,1.0000,20,2,1,2,,324,500,"221.0,0.0,324.0,396.0"
12357,2356643,2356643,2,2_hop,building,graph_box,1.0000,14,2,1,3,,500,333,"363.0,71.0,498.0,164.0"
12358,2356643,2356643,2,and,building,graph_box,1.0000,14,2,1,3,,500,333,"363.0,71.0,498.0,164.0"
12359,2361429,2361429,2,0_hop,man,graph_box,1.0000,15,2,1,1,,500,375,"0.0,52.0,143.0,374.0"
12360,2361429,2361429,2,2_hop,man,graph_box,1.0000,15,2,1,3,,500,375,"0.0,52.0,143.0,374.0"
12361,2361429,2361429,2,1_hop,man,graph_box,1.0000,15,2,1,2,,500,375,"0.0,52.0,143.0,374.0"
12362,2355234,2355234,2,2_hop,blanket,graph_box,1.0000,28,2,1,3,,500,375,"93.0,212.0,173.0,260.0"
12363,2355234,2355234,2,and,blanket,graph_box,1.0000,28,2,1,3,,500,375,"93.0,212.0,173.0,260.0"
12365,2355234,2355234,2,2_hop,sofa,graph_box,1.0000,28,2,1,3,,500,375,"290.0,166.0,500.0,374.0"
12366,2355234,2355234,2,and,sofa,graph_box,1.0000,28,2,1,3,,500,375,"290.0,166.0,500.0,374.0"
12367,2355234,2355234,3,2_hop,sofa,graph_box,1.0000,28,2,1,3,,500,375,"290.0,166.0,500.0,374.0"
12368,2359495,2359495,2,2_hop,frame,graph_box,1.0000,33,5,4,3,,500,375,"400.0,12.0,499.0,89.0"
12369,2359495,2359495,2,and,frame,graph_box,1.0000,33,5,4,3,,500,375,"400.0,12.0,499.0,89.0"
12370,2401506,2401506,2,2_hop,woman,graph_box,1.0000,22,2,1,3,,500,375,"292.0,0.0,499.0,375.0"
12371,2401506,2401506,2,and,woman,graph_box,1.0000,22,2,1,3,,500,375,"292.0,0.0,499.0,375.0"
12372,2396750,2396750,2,2_hop,woman,graph_box,1.0000,22,2,1,3,,281,500,"27.0,28.0,281.0,372.0"
12373,2396750,2396750,2,and,woman,graph_box,1.0000,22,2,1,3,,281,500,"27.0,28.0,281.0,372.0"
12375,2378087,2378087,2,2_hop,pizza,graph_box,1.0000,23,2,1,3,,500,375,"50.0,230.0,460.0,373.0"
12378,2378087,2378087,2,2_hop,fork,graph_box,1.0000,23,2,1,3,,500,375,"0.0,142.0,69.0,251.0"
12379,2378087,2378087,2,and,fork,graph_box,1.0000,23,2,1,3,,500,375,"0.0,142.0,69.0,251.0"
12380,2378087,2378087,3,2_hop,fork,graph_box,1.0000,23,2,1,3,,500,375,"0.0,142.0,69.0,251.0"
12381,2378436,2378436,2,2_hop,man,graph_box,1.0000,25,2,1,3,,500,375,"340.0,42.0,479.0,289.0"
12382,2378436,2378436,2,and,man,graph_box,1.0000,25,2,1,3,,500,375,"340.0,42.0,479.0,289.0"
12385,2375761,2375761,2,2_hop,plate,graph_box,1.0000,18,3,2,3,,500,335,"291.0,2.0,499.0,90.0"
12386,2375761,2375761,2,and,plate,graph_box,1.0000,18,3,2,3,,500,335,"291.0,2.0,499.0,90.0"
12387,2410441,2410441,2,2_hop,banana,graph_box,1.0000,18,2,1,3,,500,334,"0.0,264.0,89.0,333.0"
12388,2410441,2410441,2,and,banana,graph_box,1.0000,18,2,1,3,,500,334,"0.0,264.0,89.0,333.0"
12389,2469,2469,2,0_hop,suv,graph_box,1.0000,22,3,2,1,,800,600,"418.0,394.0,542.0,459.0"
12390,2469,2469,2,0_hop,suv,graph_box,1.0000,22,3,2,1,,800,600,"246.0,387.0,418.0,467.0"
12393,2404030,2404030,2,0_hop,building,graph_box,1.0000,21,2,1,1,,500,369,"75.0,113.0,263.0,184.0"
12394,2404030,2404030,2,2_hop,building,graph_box,1.0000,21,2,1,3,,500,369,"75.0,113.0,263.0,184.0"
12395,2404030,2404030,2,1_hop,building,graph_box,1.0000,21,2,1,2,,500,369,"75.0,113.0,263.0,184.0"
12401,2317835,2317835,2,1_hop,towels,graph_box,1.0000,18,2,1,2,,334,500,"192.0,241.0,229.0,260.0"
12402,2345081,2345081,2,0_hop,umbrella,graph_box,1.0000,24,2,1,1,,333,500,"194.0,363.0,227.0,390.0"
12404,2340266,2340266,2,2_hop,banana,graph_box,1.0000,19,2,1,3,,500,425,"367.0,168.0,486.0,278.0"
12405,2340266,2340266,2,and,banana,graph_box,1.0000,19,2,1,3,,500,425,"367.0,168.0,486.0,278.0"
12406,2413410,2413410,2,2_hop,building,graph_box,1.0000,23,2,1,3,,500,375,"414.0,159.0,492.0,185.0"
12407,2413410,2413410,2,and,building,graph_box,1.0000,23,2,1,3,,500,375,"414.0,159.0,492.0,185.0"
12409,2400828,2400828,2,and,refrigerator,graph_box,1.0000,27,2,1,3,,334,500,"245.0,99.0,333.0,396.0"
12410,2315739,2315739,2,1_hop,tag,graph_box,1.0000,8,3,2,2,,500,333,"338.0,78.0,421.0,155.0"
12411,2315739,2315739,2,1_hop,tag,graph_box,1.0000,8,3,2,2,,500,333,"45.0,90.0,107.0,207.0"
12413,2359959,2359959,2,2_hop,orchid,graph_box,1.0000,11,2,1,3,,333,500,"20.0,389.0,84.0,452.0"
12414,2359959,2359959,2,1_hop,orchid,graph_box,1.0000,11,2,1,2,,333,500,"20.0,389.0,84.0,452.0"
12420,2404623,2404623,2,1_hop,olive,graph_box,1.0000,8,3,2,2,,500,500,"125.0,219.0,188.0,284.0"
12422,2416438,2416438,2,2_hop,table,graph_box,1.0000,5,2,1,3,,500,375,"271.0,42.0,497.0,374.0"
12423,2416438,2416438,2,1_hop,table,graph_box,1.0000,5,2,1,2,,500,375,"271.0,42.0,497.0,374.0"
12424,2372006,2372006,2,0_hop,blanket,graph_box,1.0000,17,2,1,1,,375,500,"91.0,65.0,258.0,163.0"
12425,2372006,2372006,2,2_hop,blanket,graph_box,1.0000,17,2,1,3,,375,500,"91.0,65.0,258.0,163.0"
12426,2372006,2372006,2,1_hop,blanket,graph_box,1.0000,17,2,1,2,,375,500,"91.0,65.0,258.0,163.0"
12427,2416048,2416048,3,2_hop,woman,graph_box,1.0000,18,3,2,3,,500,375,"111.0,136.0,221.0,373.0"
12429,2416048,2416048,2,1_hop,woman,graph_box,1.0000,18,3,2,2,,500,375,"216.0,150.0,286.0,374.0"
12431,2393739,2393739,2,2_hop,man,graph_box,1.0000,19,2,1,3,,500,375,"23.0,91.0,200.0,375.0"
12432,2393739,2393739,2,and,man,graph_box,1.0000,19,2,1,3,,500,375,"23.0,91.0,200.0,375.0"
12433,2360431,2360431,3,2_hop,lid,graph_box,1.0000,19,3,2,3,,500,500,"155.0,111.0,257.0,207.0"
12434,2360431,2360431,2,0_hop,lid,graph_box,1.0000,19,3,2,1,,500,500,"47.0,118.0,123.0,191.0"
12438,2332640,2332640,2,2_hop,knife,graph_box,1.0000,17,2,1,3,,500,375,"336.0,62.0,459.0,88.0"
12439,2332640,2332640,2,and,knife,graph_box,1.0000,17,2,1,3,,500,375,"336.0,62.0,459.0,88.0"
12442,2379780,2379780,2,0_hop,elephant,graph_box,1.0000,25,2,1,1,,500,333,"265.0,32.0,500.0,320.0"
12443,2390911,2390911,2,2_hop,tree trunk,graph_box,1.0000,15,2,1,3,,500,333,"443.0,1.0,497.0,264.0"
12444,2390911,2390911,2,1_hop,tree trunk,graph_box,1.0000,15,2,1,2,,500,333,"443.0,1.0,497.0,264.0"
12445,2416954,2416954,2,2_hop,fingers,graph_box,1.0000,14,2,1,3,,500,474,"115.0,191.0,187.0,285.0"
12446,2416954,2416954,2,and,fingers,graph_box,1.0000,14,2,1,3,,500,474,"115.0,191.0,187.0,285.0"
12448,2367525,2367525,2,1_hop,rock,graph_box,1.0000,22,2,1,2,,500,333,"303.0,279.0,470.0,332.0"
12451,2396616,2396616,2,0_hop,rug,graph_box,1.0000,19,2,1,1,,375,500,"294.0,400.0,376.0,490.0"
12452,2391207,2391207,2,and,roof,graph_box,1.0000,15,2,1,3,,500,330,"0.0,217.0,199.0,323.0"
12454,2394928,2394928,2,2_hop,drawer,graph_box,1.0000,16,2,1,3,,375,500,"291.0,82.0,364.0,167.0"
12455,2394928,2394928,2,1_hop,drawer,graph_box,1.0000,16,2,1,2,,375,500,"291.0,82.0,364.0,167.0"
12461,2328169,2328169,2,0_hop,cone,graph_box,1.0000,15,2,1,1,,500,333,"262.0,255.0,290.0,293.0"
12464,2405831,2405831,2,0_hop,door,graph_box,1.0000,16,2,1,1,,500,333,"27.0,195.0,38.0,216.0"
12466,2405831,2405831,2,1_hop,door,graph_box,1.0000,16,2,1,2,,500,333,"27.0,195.0,38.0,216.0"
12471,2345208,2345208,2,2_hop,plate,graph_box,1.0000,18,2,1,3,,500,374,"0.0,6.0,288.0,289.0"
12472,2345208,2345208,2,and,plate,graph_box,1.0000,18,2,1,3,,500,374,"0.0,6.0,288.0,289.0"
12485,2383658,2383658,3,2_hop,giraffe,graph_box,1.0000,26,2,1,3,,500,375,"246.0,167.0,399.0,294.0"
12489,2401039,2401039,2,1_hop,girl,graph_box,1.0000,20,2,1,2,,500,375,"231.0,145.0,311.0,244.0"
12490,2401037,2401037,2,0_hop,man,graph_box,1.0000,29,2,1,1,,500,334,"317.0,96.0,368.0,212.0"
12491,2401037,2401037,2,2_hop,man,graph_box,1.0000,29,2,1,3,,500,334,"317.0,96.0,368.0,212.0"
12492,2401037,2401037,2,and,man,graph_box,1.0000,29,2,1,3,,500,334,"317.0,96.0,368.0,212.0"
12493,2051,2051,2,2_hop,counter,graph_box,1.0000,18,2,1,3,,800,600,"1.0,423.0,150.0,513.0"
12494,2051,2051,2,and,counter,graph_box,1.0000,18,2,1,3,,800,600,"1.0,423.0,150.0,513.0"
12496,2054,2054,2,1_hop,frame,graph_box,1.0000,4,2,1,2,,800,600,"434.0,96.0,643.0,510.0"
12497,2351159,2351159,2,0_hop,hat,graph_box,1.0000,22,2,1,1,,500,335,"100.0,158.0,187.0,235.0"
12498,2351159,2351159,2,1_hop,hat,graph_box,1.0000,22,2,1,2,,500,335,"100.0,158.0,187.0,235.0"
12499,2361825,2361825,2,2_hop,building,graph_box,1.0000,26,2,1,3,,500,375,"98.0,0.0,500.0,375.0"
12500,2361825,2361825,2,and,building,graph_box,1.0000,26,2,1,3,,500,375,"98.0,0.0,500.0,375.0"
12501,2361825,2361825,3,2_hop,building,graph_box,1.0000,26,2,1,3,,500,375,"98.0,0.0,500.0,375.0"
12502,2325104,2325104,2,1_hop,man,graph_box,1.0000,16,3,2,2,,500,333,"97.0,67.0,198.0,327.0"
12503,2325104,2325104,2,1_hop,man,graph_box,1.0000,16,3,2,2,,500,333,"2.0,1.0,70.0,121.0"
12507,2315508,2315508,2,2_hop,child,graph_box,1.0000,23,3,2,3,,500,331,"162.0,14.0,245.0,269.0"
12509,2315508,2315508,2,2_hop,child,graph_box,1.0000,23,3,2,3,,500,331,"353.0,79.0,454.0,331.0"
12510,2315508,2315508,2,1_hop,child,graph_box,1.0000,23,3,2,2,,500,331,"353.0,79.0,454.0,331.0"
12511,2315508,2315508,3,2_hop,child,graph_box,1.0000,23,3,2,3,,500,331,"353.0,79.0,454.0,331.0"
12512,2406957,2406957,2,2_hop,bowl,graph_box,1.0000,16,2,1,3,,500,374,"447.0,69.0,500.0,120.0"
12513,2406957,2406957,2,and,bowl,graph_box,1.0000,16,2,1,3,,500,374,"447.0,69.0,500.0,120.0"
12514,2330193,2330193,2,2_hop,building,graph_box,1.0000,10,2,1,3,,500,375,"398.0,1.0,499.0,372.0"
12515,2330193,2330193,2,and,building,graph_box,1.0000,10,2,1,3,,500,375,"398.0,1.0,499.0,372.0"
12516,2330193,2330193,2,2_hop,sign,graph_box,1.0000,10,2,1,3,,500,375,"220.0,183.0,407.0,252.0"
12517,2330193,2330193,2,1_hop,sign,graph_box,1.0000,10,2,1,2,,500,375,"220.0,183.0,407.0,252.0"
12524,1973,1973,2,2_hop,building,graph_box,1.0000,20,2,1,3,,800,600,"0.0,305.0,100.0,399.0"
12525,1973,1973,2,and,building,graph_box,1.0000,20,2,1,3,,800,600,"0.0,305.0,100.0,399.0"
12526,2349120,2349120,2,2_hop,sign,graph_box,1.0000,9,4,3,3,,500,333,"213.0,11.0,454.0,332.0"
12527,2349120,2349120,2,and,sign,graph_box,1.0000,9,4,3,3,,500,333,"213.0,11.0,454.0,332.0"
12528,2355044,2355044,2,2_hop,clock,graph_box,1.0000,21,2,1,3,,500,500,"425.0,350.0,482.0,408.0"
12532,2349346,2349346,2,and,vase,graph_box,1.0000,15,2,1,3,,500,401,"319.0,203.0,402.0,396.0"
12533,2349346,2349346,3,2_hop,vase,graph_box,1.0000,15,2,1,3,,500,401,"319.0,203.0,402.0,396.0"
12535,2318261,2318261,2,2_hop,man,graph_box,1.0000,23,2,1,3,,500,283,"312.0,183.0,466.0,282.0"
12536,2318261,2318261,2,and,man,graph_box,1.0000,23,2,1,3,,500,283,"312.0,183.0,466.0,282.0"
12539,2340421,2340421,2,0_hop,paper,graph_box,1.0000,15,2,1,1,,500,333,"134.0,142.0,219.0,173.0"
12540,2340421,2340421,2,1_hop,paper,graph_box,1.0000,15,2,1,2,,500,333,"134.0,142.0,219.0,173.0"
12541,2358063,2358063,2,2_hop,curtain,graph_box,1.0000,18,2,1,3,,500,375,"23.0,56.0,69.0,107.0"
12542,2358063,2358063,2,and,curtain,graph_box,1.0000,18,2,1,3,,500,375,"23.0,56.0,69.0,107.0"
12546,2341341,2341341,2,2_hop,building,graph_box,1.0000,17,2,1,3,,500,281,"0.0,0.0,273.0,153.0"
12548,2341341,2341341,3,2_hop,building,graph_box,1.0000,17,2,1,3,,500,281,"0.0,0.0,273.0,153.0"
12551,2341341,2341341,2,2_hop,bus,graph_box,1.0000,17,2,1,3,,500,281,"269.0,12.0,446.0,268.0"
12553,2341341,2341341,3,2_hop,bus,graph_box,1.0000,17,2,1,3,,500,281,"269.0,12.0,446.0,268.0"
12554,2341341,2341341,3,1_hop,bus,graph_box,1.0000,17,2,1,2,,500,281,"269.0,12.0,446.0,268.0"
12556,2414738,2414738,2,0_hop,horse,graph_box,1.0000,13,3,2,1,,500,301,"365.0,98.0,494.0,275.0"
12557,2414738,2414738,2,0_hop,horse,graph_box,1.0000,13,3,2,1,,500,301,"9.0,88.0,204.0,263.0"
12559,2362675,2362675,2,2_hop,man,graph_box,1.0000,20,2,1,3,,500,312,"239.0,194.0,392.0,277.0"
12560,2362675,2362675,2,and,man,graph_box,1.0000,20,2,1,3,,500,312,"239.0,194.0,392.0,277.0"
12562,2363671,2363671,2,2_hop,woman,graph_box,1.0000,29,2,1,3,,500,375,"171.0,85.0,248.0,325.0"
12563,2363671,2363671,2,1_hop,woman,graph_box,1.0000,29,2,1,2,,500,375,"171.0,85.0,248.0,325.0"
12564,2363671,2363671,3,2_hop,woman,graph_box,1.0000,29,2,1,3,,500,375,"171.0,85.0,248.0,325.0"
12565,2410696,2410696,2,2_hop,basket,graph_box,1.0000,9,2,1,3,,500,374,"446.0,169.0,483.0,374.0"
12566,2410696,2410696,2,and,basket,graph_box,1.0000,9,2,1,3,,500,374,"446.0,169.0,483.0,374.0"
12574,2354399,2354399,2,1_hop,cup,graph_box,1.0000,15,2,1,2,,375,500,"64.0,320.0,294.0,495.0"
12575,2354399,2354399,3,2_hop,cup,graph_box,1.0000,15,2,1,3,,375,500,"64.0,320.0,294.0,495.0"
12576,2379179,2379179,2,2_hop,cat,graph_box,1.0000,8,2,1,3,,500,375,"0.0,3.0,346.0,374.0"
12577,2379179,2379179,2,and,cat,graph_box,1.0000,8,2,1,3,,500,375,"0.0,3.0,346.0,374.0"
12579,2369322,2369322,2,1_hop,bear,graph_box,1.0000,16,2,1,2,,500,338,"208.0,17.0,500.0,339.0"
12580,2362116,2362116,2,0_hop,sign,graph_box,1.0000,7,3,2,1,,500,375,"278.0,156.0,455.0,335.0"
12585,2341715,2341715,3,2_hop,chair,graph_box,1.0000,26,4,3,3,,500,333,"67.0,158.0,163.0,308.0"
12590,2398672,2398672,2,0_hop,roof,graph_box,1.0000,18,2,1,1,,500,333,"226.0,49.0,466.0,115.0"
12591,2316339,2316339,2,0_hop,chair,graph_box,1.0000,23,2,1,1,,500,333,"1.0,204.0,96.0,321.0"
12592,2316339,2316339,2,2_hop,chair,graph_box,1.0000,23,2,1,3,,500,333,"1.0,204.0,96.0,321.0"
12595,2316339,2316339,3,1_hop,chair,graph_box,1.0000,23,2,1,2,,500,333,"1.0,204.0,96.0,321.0"
12596,2327964,2327964,2,2_hop,tree,graph_box,1.0000,33,4,3,3,,500,375,"407.0,48.0,502.0,243.0"
12597,2327964,2327964,2,and,tree,graph_box,1.0000,33,4,3,3,,500,375,"407.0,48.0,502.0,243.0"
12598,2388759,2388759,2,0_hop,suitcase,graph_box,1.0000,9,4,3,1,,332,500,"1.0,393.0,331.0,500.0"
12599,2388759,2388759,2,0_hop,suitcase,graph_box,1.0000,9,4,3,1,,332,500,"0.0,288.0,306.0,403.0"
12603,2367894,2367894,2,1_hop,pillow,graph_box,1.0000,11,2,1,2,,333,500,"14.0,297.0,79.0,363.0"
12604,2382986,2382986,2,0_hop,towel,graph_box,1.0000,19,2,1,1,,500,333,"0.0,233.0,402.0,332.0"
12606,2382986,2382986,2,and,towel,graph_box,1.0000,19,2,1,3,,500,333,"0.0,233.0,402.0,332.0"
12607,2383582,2383582,2,and,man,graph_box,1.0000,26,2,1,3,,500,430,"17.0,24.0,161.0,352.0"
12608,2383583,2383583,2,0_hop,remote control,graph_box,1.0000,14,4,3,1,,500,375,"257.0,39.0,343.0,110.0"
12609,2383583,2383583,2,0_hop,remote control,graph_box,1.0000,14,4,3,1,,500,375,"329.0,30.0,402.0,129.0"
12614,2378836,2378836,2,0_hop,appliance,graph_box,1.0000,8,2,1,1,,500,500,"198.0,131.0,401.0,298.0"
12619,2415408,2415408,2,2_hop,pole,graph_box,1.0000,21,5,4,3,,500,333,"118.0,230.0,135.0,331.0"
12620,2415408,2415408,2,and,pole,graph_box,1.0000,21,5,4,3,,500,333,"118.0,230.0,135.0,331.0"
12621,2415408,2415408,3,2_hop,pole,graph_box,1.0000,21,5,4,3,,500,333,"118.0,230.0,135.0,331.0"
12624,2408187,2408187,2,1_hop,kite,graph_box,1.0000,15,2,1,2,,500,375,"381.0,50.0,432.0,166.0"
12625,2408984,2408984,2,2_hop,zebra,graph_box,1.0000,19,2,1,3,,346,500,"192.0,85.0,339.0,465.0"
12626,2408984,2408984,2,1_hop,zebra,graph_box,1.0000,19,2,1,2,,346,500,"192.0,85.0,339.0,465.0"
12628,285917,285917,2,2_hop,butterfly,graph_box,1.0000,9,2,1,3,,1024,681,"695.0,0.0,1024.0,681.0"
12629,285917,285917,2,and,butterfly,graph_box,1.0000,9,2,1,3,,1024,681,"695.0,0.0,1024.0,681.0"
12630,2347441,2347441,3,2_hop,cup,graph_box,1.0000,15,3,2,3,,500,340,"135.0,119.0,211.0,195.0"
12631,2347441,2347441,2,2_hop,cup,graph_box,1.0000,15,3,2,3,,500,340,"230.0,177.0,325.0,247.0"
12632,2347441,2347441,2,1_hop,cup,graph_box,1.0000,15,3,2,2,,500,340,"230.0,177.0,325.0,247.0"
12635,2382843,2382843,2,2_hop,sheep,graph_box,1.0000,11,3,2,3,,500,333,"372.0,161.0,432.0,211.0"
12636,2382843,2382843,2,1_hop,sheep,graph_box,1.0000,11,3,2,2,,500,333,"372.0,161.0,432.0,211.0"
12637,2382843,2382843,2,2_hop,sheep,graph_box,1.0000,11,3,2,3,,500,333,"112.0,211.0,179.0,246.0"
12638,2382843,2382843,2,and,sheep,graph_box,1.0000,11,3,2,3,,500,333,"112.0,211.0,179.0,246.0"
12639,2390106,2390106,2,2_hop,tree,graph_box,1.0000,18,2,1,3,,331,500,"131.0,62.0,217.0,274.0"
12641,2390106,2390106,2,2_hop,trunk,graph_box,1.0000,18,2,1,3,,331,500,"292.0,188.0,329.0,278.0"
12642,2390106,2390106,2,and,trunk,graph_box,1.0000,18,2,1,3,,331,500,"292.0,188.0,329.0,278.0"
12644,2345737,2345737,2,1_hop,plate,graph_box,1.0000,17,2,1,2,,500,333,"173.0,191.0,339.0,331.0"
12645,2317570,2317570,2,0_hop,box,graph_box,1.0000,22,2,1,1,,444,500,"261.0,1.0,356.0,50.0"
12646,2317570,2317570,2,1_hop,box,graph_box,1.0000,22,2,1,2,,444,500,"261.0,1.0,356.0,50.0"
12648,4559,4559,2,and,woman,graph_box,1.0000,44,2,1,3,,640,483,"581.0,263.0,638.0,338.0"
12649,4559,4559,3,2_hop,woman,graph_box,1.0000,44,2,1,3,,640,483,"581.0,263.0,638.0,338.0"
12650,2369303,2369303,2,0_hop,cat,graph_box,1.0000,19,2,1,1,,500,333,"96.0,91.0,347.0,198.0"
12651,2369303,2369303,2,2_hop,cat,graph_box,1.0000,19,2,1,3,,500,333,"96.0,91.0,347.0,198.0"
12653,2352611,2352611,2,2_hop,building,graph_box,1.0000,20,3,2,3,,500,334,"214.0,0.0,497.0,333.0"
12654,2352611,2352611,2,and,building,graph_box,1.0000,20,3,2,3,,500,334,"214.0,0.0,497.0,333.0"
12659,2319596,2319596,3,2_hop,building,graph_box,1.0000,19,5,4,3,,500,400,"1.0,250.0,62.0,400.0"
12660,2319596,2319596,3,1_hop,building,graph_box,1.0000,19,5,4,2,,500,400,"1.0,250.0,62.0,400.0"
12668,2354767,2354767,2,0_hop,duck,graph_box,1.0000,9,2,1,1,,500,400,"235.0,133.0,290.0,171.0"
12671,2371579,2371579,2,1_hop,sign,graph_box,1.0000,36,6,5,2,,375,500,"219.0,364.0,240.0,372.0"
12679,2331553,2331553,2,2_hop,collar,graph_box,1.0000,16,3,2,3,,500,375,"174.0,236.0,216.0,284.0"
12680,2331553,2331553,2,1_hop,collar,graph_box,1.0000,16,3,2,2,,500,375,"174.0,236.0,216.0,284.0"
12684,2325821,2325821,3,2_hop,glass,graph_box,1.0000,16,2,1,3,,500,500,"265.0,182.0,387.0,481.0"
12686,2330973,2330973,2,1_hop,man,graph_box,1.0000,13,3,2,2,,500,333,"225.0,281.0,275.0,332.0"
12689,2383798,2383798,2,0_hop,cord,graph_box,1.0000,17,2,1,1,,500,375,"0.0,209.0,120.0,292.0"
12690,2383798,2383798,2,2_hop,cord,graph_box,1.0000,17,2,1,3,,500,375,"0.0,209.0,120.0,292.0"
12691,2383798,2383798,2,1_hop,cord,graph_box,1.0000,17,2,1,2,,500,375,"0.0,209.0,120.0,292.0"
12692,2414335,2414335,2,0_hop,drawer,graph_box,1.0000,21,2,1,1,,375,500,"43.0,179.0,336.0,314.0"
12694,2344660,2344660,2,0_hop,cat,graph_box,1.0000,13,2,1,1,,375,500,"283.0,42.0,368.0,77.0"
12695,2344660,2344660,3,2_hop,cat,graph_box,1.0000,13,2,1,3,,375,500,"283.0,42.0,368.0,77.0"
12697,2355577,2355577,2,1_hop,door,graph_box,1.0000,25,2,1,2,,500,375,"0.0,126.0,44.0,232.0"
12699,2407282,2407282,2,and,buildings,graph_box,1.0000,10,2,1,3,,500,375,"412.0,45.0,479.0,142.0"
12701,2393966,2393966,2,0_hop,airplane,graph_box,1.0000,8,2,1,1,,500,176,"20.0,66.0,180.0,121.0"
12702,2349636,2349636,2,2_hop,animal,graph_box,1.0000,19,2,1,3,,500,375,"0.0,180.0,110.0,345.0"
12704,2343972,2343972,2,1_hop,chair,graph_box,1.0000,18,2,1,2,,500,500,"190.0,390.0,253.0,477.0"
12705,2343972,2343972,3,2_hop,chair,graph_box,1.0000,18,2,1,3,,500,500,"190.0,390.0,253.0,477.0"
12706,713628,713628,2,2_hop,man,graph_box,1.0000,19,2,1,3,,1024,411,"681.0,109.0,857.0,378.0"
12708,713628,713628,3,2_hop,man,graph_box,1.0000,19,2,1,3,,1024,411,"681.0,109.0,857.0,378.0"
12709,713628,713628,3,1_hop,man,graph_box,1.0000,19,2,1,2,,1024,411,"681.0,109.0,857.0,378.0"
12710,2386029,2386029,2,2_hop,lamp,graph_box,1.0000,25,2,1,3,,500,324,"354.0,109.0,399.0,175.0"
12711,2386029,2386029,2,and,lamp,graph_box,1.0000,25,2,1,3,,500,324,"354.0,109.0,399.0,175.0"
12713,2336506,2336506,2,0_hop,hat,graph_box,1.0000,12,2,1,1,,500,331,"164.0,77.0,231.0,121.0"
12715,2336506,2336506,2,1_hop,hat,graph_box,1.0000,12,2,1,2,,500,331,"164.0,77.0,231.0,121.0"
12716,2336506,2336506,3,2_hop,hat,graph_box,1.0000,12,2,1,3,,500,331,"164.0,77.0,231.0,121.0"
12717,2336506,2336506,2,2_hop,boy,graph_box,1.0000,12,2,1,3,,500,331,"262.0,64.0,442.0,204.0"
12719,2336506,2336506,3,2_hop,boy,graph_box,1.0000,12,2,1,3,,500,331,"262.0,64.0,442.0,204.0"
12722,2359989,2359989,2,1_hop,bird,graph_box,1.0000,22,3,2,2,,375,500,"46.0,314.0,108.0,381.0"
12723,2363316,2363316,2,0_hop,peppers,graph_box,1.0000,12,2,1,1,,500,500,"238.0,129.0,292.0,196.0"
12726,2346506,2346506,2,and,man,graph_box,1.0000,25,3,2,3,,500,375,"269.0,16.0,499.0,376.0"
12729,2400942,2400942,2,1_hop,fence,graph_box,1.0000,17,2,1,2,,500,375,"65.0,321.0,350.0,365.0"
12731,2327318,2327318,2,1_hop,tree,graph_box,1.0000,23,2,1,2,,500,375,"0.0,284.0,162.0,375.0"
12732,2382798,2382798,2,and,building,graph_box,1.0000,16,2,1,3,,500,375,"331.0,279.0,499.0,373.0"
12733,2382798,2382798,3,2_hop,building,graph_box,1.0000,16,2,1,3,,500,375,"331.0,279.0,499.0,373.0"
12736,2414353,2414353,2,2_hop,bench,graph_box,1.0000,32,2,1,3,,500,334,"6.0,110.0,94.0,154.0"
12741,2414353,2414353,2,2_hop,boy,graph_box,1.0000,32,3,2,3,,500,334,"410.0,147.0,459.0,227.0"
12746,2382804,2382804,2,and,woman,graph_box,1.0000,14,3,2,3,,360,500,"65.0,152.0,209.0,389.0"
12747,2393941,2393941,2,2_hop,man,graph_box,1.0000,26,3,2,3,,500,333,"211.0,125.0,331.0,285.0"
12750,2393941,2393941,3,2_hop,sign,graph_box,1.0000,26,3,2,3,,500,333,"374.0,20.0,399.0,63.0"
12751,2393941,2393941,2,0_hop,sign,graph_box,1.0000,26,3,2,1,,500,333,"113.0,0.0,172.0,75.0"
12753,2393943,2393943,2,1_hop,pole,graph_box,1.0000,9,2,1,2,,500,466,"217.0,1.0,499.0,359.0"
12759,2356933,2356933,2,2_hop,water,graph_box,1.0000,18,2,1,3,,500,375,"156.0,45.0,221.0,87.0"
12762,2356933,2356933,2,2_hop,glass,graph_box,1.0000,18,2,1,3,,500,375,"158.0,41.0,226.0,88.0"
12763,2356933,2356933,2,and,glass,graph_box,1.0000,18,2,1,3,,500,375,"158.0,41.0,226.0,88.0"
12764,2387207,2387207,2,0_hop,car,graph_box,1.0000,15,2,1,1,,500,375,"27.0,88.0,46.0,102.0"
12766,2365430,2365430,2,and,basket,graph_box,1.0000,22,2,1,3,,500,333,"433.0,138.0,500.0,191.0"
12767,2400583,2400583,2,1_hop,vending machine,graph_box,1.0000,20,2,1,2,,500,375,"156.0,85.0,187.0,245.0"
12768,2344585,2344585,2,0_hop,man,graph_box,1.0000,17,2,1,1,,357,500,"45.0,3.0,158.0,243.0"
12773,2387990,2387990,3,2_hop,knife,graph_box,1.0000,25,2,1,3,,500,375,"105.0,29.0,126.0,58.0"
12774,2335819,2335819,2,1_hop,tree,graph_box,1.0000,17,3,2,2,,500,333,"339.0,168.0,407.0,258.0"
12775,2331048,2331048,2,2_hop,vehicle,graph_box,1.0000,20,2,1,3,,500,377,"176.0,73.0,233.0,150.0"
12777,1159495,1159495,2,2_hop,boy,graph_box,1.0000,10,2,1,3,,683,1024,"143.0,293.0,260.0,770.0"
12778,1159495,1159495,2,and,boy,graph_box,1.0000,10,2,1,3,,683,1024,"143.0,293.0,260.0,770.0"
12781,2350772,2350772,2,and,man,graph_box,1.0000,41,4,3,3,,500,338,"264.0,13.0,499.0,337.0"
12794,2347006,2347006,2,1_hop,car,graph_box,1.0000,31,2,1,2,,500,281,"0.0,109.0,150.0,190.0"
12796,2334557,2334557,2,1_hop,plant,graph_box,1.0000,20,2,1,2,,500,375,"131.0,0.0,272.0,91.0"
12799,2408166,2408166,2,2_hop,bear,graph_box,1.0000,21,2,1,3,,500,366,"106.0,132.0,277.0,295.0"
12801,2408166,2408166,3,2_hop,bear,graph_box,1.0000,21,2,1,3,,500,366,"106.0,132.0,277.0,295.0"
12802,2408166,2408166,2,2_hop,chain,graph_box,1.0000,21,2,1,3,,500,366,"0.0,193.0,135.0,364.0"
12803,2408166,2408166,2,and,chain,graph_box,1.0000,21,2,1,3,,500,366,"0.0,193.0,135.0,364.0"
12804,2408166,2408166,3,2_hop,chain,graph_box,1.0000,21,2,1,3,,500,366,"0.0,193.0,135.0,364.0"
12805,2381255,2381255,2,2_hop,counter,graph_box,1.0000,35,2,1,3,,500,375,"62.0,177.0,215.0,202.0"
12806,2381255,2381255,2,and,counter,graph_box,1.0000,35,2,1,3,,500,375,"62.0,177.0,215.0,202.0"
12807,2381255,2381255,3,2_hop,counter,graph_box,1.0000,35,2,1,3,,500,375,"62.0,177.0,215.0,202.0"
12810,2414593,2414593,2,and,man,graph_box,1.0000,23,2,1,3,,500,333,"0.0,105.0,40.0,319.0"
12816,2354467,2354467,2,2_hop,plate,graph_box,1.0000,21,3,2,3,,500,500,"0.0,179.0,169.0,253.0"
12817,2354467,2354467,2,and,plate,graph_box,1.0000,21,3,2,3,,500,500,"0.0,179.0,169.0,253.0"
12820,2354467,2354467,3,2_hop,plate,graph_box,1.0000,21,3,2,3,,500,500,"341.0,243.0,493.0,348.0"
12825,285806,285806,2,1_hop,food,graph_box,1.0000,20,2,1,2,,685,1024,"208.0,61.0,488.0,205.0"
12826,285806,285806,3,2_hop,food,graph_box,1.0000,20,2,1,3,,685,1024,"208.0,61.0,488.0,205.0"
12827,2372814,2372814,2,2_hop,sign,graph_box,1.0000,27,2,1,3,,500,309,"453.0,126.0,473.0,148.0"
12832,2411015,2411015,2,and,elephant,graph_box,1.0000,18,3,2,3,,500,411,"143.0,88.0,364.0,388.0"
12838,2408330,2408330,2,0_hop,girl,graph_box,1.0000,12,2,1,1,,500,375,"303.0,0.0,483.0,289.0"
12839,2408330,2408330,2,1_hop,girl,graph_box,1.0000,12,2,1,2,,500,375,"303.0,0.0,483.0,289.0"
12840,2327746,2327746,2,1_hop,elephant,graph_box,1.0000,25,8,7,2,,500,333,"63.0,111.0,161.0,190.0"
12844,2381908,2381908,2,0_hop,mango,graph_box,1.0000,8,4,3,1,,500,333,"256.0,136.0,366.0,252.0"
12845,2381908,2381908,3,2_hop,mango,graph_box,1.0000,8,4,3,3,,500,333,"256.0,136.0,366.0,252.0"
12846,2381671,2381671,2,2_hop,purse,graph_box,1.0000,10,2,1,3,,500,375,"130.0,168.0,206.0,241.0"
12850,1716,1716,2,1_hop,building,graph_box,1.0000,23,2,1,2,,800,600,"409.0,39.0,798.0,315.0"
12855,2325846,2325846,2,1_hop,bench,graph_box,1.0000,22,2,1,2,,500,282,"356.0,221.0,442.0,249.0"
12856,2325846,2325846,3,2_hop,bench,graph_box,1.0000,22,2,1,3,,500,282,"356.0,221.0,442.0,249.0"
12859,2331930,2331930,2,and,teddy bear,graph_box,1.0000,37,2,1,3,,375,500,"278.0,352.0,375.0,497.0"
12860,2386599,2386599,2,0_hop,ipod,graph_box,1.0000,10,2,1,1,,500,298,"277.0,45.0,365.0,98.0"
12866,2398753,2398753,2,0_hop,sign,graph_box,1.0000,16,3,2,1,,500,375,"263.0,312.0,295.0,337.0"
12867,2366268,2366268,2,0_hop,train,graph_box,1.0000,13,2,1,1,,500,336,"67.0,63.0,439.0,299.0"
12868,2366268,2366268,2,2_hop,train,graph_box,1.0000,13,2,1,3,,500,336,"67.0,63.0,439.0,299.0"
12875,2414806,2414806,3,2_hop,building,graph_box,1.0000,31,3,2,3,,333,500,"91.0,157.0,256.0,414.0"
12883,2410072,2410072,3,2_hop,cow,graph_box,1.0000,26,4,3,3,,500,349,"355.0,121.0,451.0,218.0"
12890,2391520,2391520,2,1_hop,woman,graph_box,1.0000,13,2,1,2,,375,500,"0.0,193.0,373.0,501.0"
12895,2395994,2395994,2,and,pitcher,graph_box,1.0000,23,3,2,3,,374,500,"310.0,246.0,350.0,293.0"
12900,2408373,2408373,2,2_hop,cabinet,graph_box,1.0000,16,2,1,3,,500,333,"207.0,0.0,303.0,103.0"
12901,2408373,2408373,2,1_hop,cabinet,graph_box,1.0000,16,2,1,2,,500,333,"207.0,0.0,303.0,103.0"
12903,2356592,2356592,2,1_hop,man,graph_box,1.0000,30,6,5,2,,500,375,"0.0,92.0,139.0,344.0"
12906,2344540,2344540,2,1_hop,building,graph_box,1.0000,10,2,1,2,,331,500,"236.0,59.0,331.0,500.0"
12907,2383270,2383270,2,2_hop,glass,graph_box,1.0000,21,2,1,3,,375,500,"1.0,107.0,66.0,210.0"
12908,2383270,2383270,2,and,glass,graph_box,1.0000,21,2,1,3,,375,500,"1.0,107.0,66.0,210.0"
12909,2383270,2383270,3,2_hop,pizza,graph_box,1.0000,21,2,1,3,,375,500,"134.0,165.0,250.0,199.0"
12913,2410808,2410808,2,2_hop,plate,graph_box,1.0000,14,2,1,3,,500,375,"373.0,72.0,499.0,171.0"
12914,2410808,2410808,2,and,plate,graph_box,1.0000,14,2,1,3,,500,375,"373.0,72.0,499.0,171.0"
12915,2378976,2378976,3,2_hop,hot dog,graph_box,1.0000,11,2,1,3,,500,334,"14.0,209.0,152.0,332.0"
12916,2346025,2346025,2,2_hop,girl,graph_box,1.0000,17,2,1,3,,500,333,"183.0,80.0,280.0,333.0"
12917,2346025,2346025,2,and,girl,graph_box,1.0000,17,2,1,3,,500,333,"183.0,80.0,280.0,333.0"
12918,2359611,2359611,2,and,sign,graph_box,1.0000,13,5,4,3,,375,500,"174.0,38.0,263.0,128.0"
12919,2318064,2318064,2,2_hop,man,graph_box,1.0000,23,3,2,3,,333,500,"79.0,34.0,236.0,238.0"
12920,2318064,2318064,2,and,man,graph_box,1.0000,23,3,2,3,,333,500,"79.0,34.0,236.0,238.0"
12922,2358252,2358252,2,0_hop,man,graph_box,1.0000,19,1,0,1,,500,333,"266.0,72.0,427.0,331.0"
12923,2373259,2373259,2,2_hop,man,graph_box,1.0000,31,3,2,3,,500,281,"162.0,18.0,224.0,111.0"
12924,2373259,2373259,2,1_hop,man,graph_box,1.0000,31,3,2,2,,500,281,"162.0,18.0,224.0,111.0"
12926,2373259,2373259,2,and,man,graph_box,1.0000,31,3,2,3,,500,281,"291.0,15.0,388.0,117.0"
12941,2393788,2393788,2,0_hop,teddy bear,graph_box,1.0000,22,2,1,1,,375,500,"112.0,276.0,210.0,430.0"
12943,2390071,2390071,2,and,rice,graph_box,1.0000,21,3,2,3,,500,333,"389.0,58.0,500.0,144.0"
12945,2395555,2395555,2,and,building,graph_box,1.0000,27,2,1,3,,375,500,"0.0,184.0,110.0,500.0"
12948,2354426,2354426,2,1_hop,cow,graph_box,1.0000,34,2,1,2,,500,333,"8.0,119.0,160.0,239.0"
12949,2354426,2354426,3,2_hop,cow,graph_box,1.0000,34,2,1,3,,500,333,"8.0,119.0,160.0,239.0"
12950,2335448,2335448,2,0_hop,motorcycle,graph_box,1.0000,15,2,1,1,,500,375,"269.0,44.0,484.0,358.0"
12952,2324615,2324615,2,2_hop,building,graph_box,1.0000,20,3,2,3,,375,500,"0.0,355.0,53.0,404.0"
12953,2324615,2324615,2,and,building,graph_box,1.0000,20,3,2,3,,375,500,"0.0,355.0,53.0,404.0"
12956,2358081,2358081,2,1_hop,spectator,graph_box,1.0000,15,4,3,2,,500,313,"365.0,0.0,432.0,17.0"
12958,2320242,2320242,2,1_hop,man,graph_box,1.0000,42,2,1,2,,500,375,"73.0,69.0,284.0,375.0"
12960,2375043,2375043,2,and,man,graph_box,1.0000,22,3,2,3,,500,375,"345.0,98.0,450.0,283.0"
12961,2375043,2375043,2,0_hop,horse,graph_box,1.0000,22,2,1,1,,500,375,"356.0,119.0,438.0,326.0"
12962,2375043,2375043,2,2_hop,horse,graph_box,1.0000,22,2,1,3,,500,375,"356.0,119.0,438.0,326.0"
12968,2376999,2376999,2,and,plate,graph_box,1.0000,10,2,1,3,,500,500,"289.0,0.0,501.0,74.0"
12970,2375242,2375242,2,1_hop,giraffe,graph_box,1.0000,16,6,5,2,,500,333,"42.0,173.0,92.0,243.0"
12972,2357778,2357778,2,1_hop,flower,graph_box,1.0000,11,4,3,2,,500,375,"172.0,63.0,260.0,131.0"
12975,2378779,2378779,3,2_hop,rock,graph_box,1.0000,14,3,2,3,,500,333,"443.0,2.0,469.0,28.0"
12976,2412518,2412518,2,2_hop,teddy bear,graph_box,1.0000,23,3,2,3,,500,375,"0.0,56.0,86.0,229.0"
12979,2352812,2352812,2,2_hop,banana,graph_box,1.0000,19,3,2,3,,500,375,"324.0,176.0,405.0,263.0"
12982,2352815,2352815,2,and,man,graph_box,1.0000,27,3,2,3,,332,500,"272.0,107.0,332.0,382.0"
12985,2371480,2371480,2,0_hop,sauce,graph_box,1.0000,11,2,1,1,,500,375,"406.0,0.0,500.0,26.0"
12989,2384710,2384710,2,2_hop,utensil,graph_box,1.0000,24,2,1,3,,333,500,"245.0,359.0,301.0,399.0"
12990,2384710,2384710,2,1_hop,utensil,graph_box,1.0000,24,2,1,2,,333,500,"245.0,359.0,301.0,399.0"
12991,2387627,2387627,2,1_hop,man,graph_box,1.0000,21,4,3,2,,333,500,"72.0,72.0,206.0,323.0"
12993,2317688,2317688,2,1_hop,sign,graph_box,1.0000,18,4,3,2,,500,281,"147.0,97.0,191.0,156.0"
12994,2317688,2317688,2,0_hop,sign,graph_box,1.0000,18,4,3,1,,500,281,"247.0,70.0,322.0,103.0"
12995,2341585,2341585,2,1_hop,woman,graph_box,1.0000,24,4,3,2,,500,331,"0.0,109.0,57.0,314.0"
12996,2341585,2341585,3,2_hop,woman,graph_box,1.0000,24,4,3,3,,500,331,"0.0,109.0,57.0,314.0"
12998,2341585,2341585,2,and,man,graph_box,1.0000,24,3,2,3,,500,331,"39.0,97.0,86.0,176.0"
13002,2341585,2341585,2,1_hop,man,graph_box,1.0000,24,3,2,2,,500,331,"273.0,138.0,363.0,325.0"
13003,2341585,2341585,3,2_hop,man,graph_box,1.0000,24,3,2,3,,500,331,"273.0,138.0,363.0,325.0"
13008,2382935,2382935,2,2_hop,suitcase,graph_box,1.0000,20,3,2,3,,463,500,"139.0,365.0,320.0,497.0"
13009,2382935,2382935,2,1_hop,suitcase,graph_box,1.0000,20,3,2,2,,463,500,"139.0,365.0,320.0,497.0"
13011,2382935,2382935,2,and,suitcase,graph_box,1.0000,20,3,2,3,,463,500,"278.0,173.0,442.0,498.0"
13014,2374901,2374901,2,0_hop,kite,graph_box,1.0000,21,3,2,1,,500,333,"163.0,88.0,228.0,107.0"
13015,2374901,2374901,2,0_hop,kite,graph_box,1.0000,21,3,2,1,,500,333,"175.0,9.0,195.0,34.0"
13030,2364030,2364030,2,2_hop,airplane,graph_box,1.0000,27,3,2,3,,500,333,"3.0,179.0,140.0,214.0"
13031,2364030,2364030,2,1_hop,airplane,graph_box,1.0000,27,3,2,2,,500,333,"3.0,179.0,140.0,214.0"
13035,2347255,2347255,2,1_hop,tree,graph_box,1.0000,16,3,2,2,,500,333,"103.0,74.0,220.0,164.0"
13042,2348288,2348288,2,0_hop,dog,graph_box,1.0000,13,2,1,1,,500,281,"146.0,18.0,295.0,186.0"
13043,2348288,2348288,3,2_hop,dog,graph_box,1.0000,13,2,1,3,,500,281,"146.0,18.0,295.0,186.0"
13044,2348288,2348288,3,1_hop,dog,graph_box,1.0000,13,2,1,2,,500,281,"146.0,18.0,295.0,186.0"
13046,2345013,2345013,2,2_hop,chair,graph_box,1.0000,21,2,1,3,,375,500,"0.0,257.0,80.0,385.0"
13047,2345013,2345013,2,and,chair,graph_box,1.0000,21,2,1,3,,375,500,"0.0,257.0,80.0,385.0"
13054,2386200,2386200,2,1_hop,house,graph_box,1.0000,24,3,2,2,,500,370,"0.0,33.0,127.0,106.0"
13055,2376650,2376650,2,1_hop,fork,graph_box,1.0000,17,2,1,2,,500,375,"368.0,327.0,492.0,375.0"
13058,2315787,2315787,2,0_hop,cow,graph_box,1.0000,21,2,1,1,,500,375,"52.0,204.0,90.0,231.0"
13069,2329521,2329521,2,2_hop,door,graph_box,1.0000,19,2,1,3,,500,375,"170.0,89.0,219.0,280.0"
13070,2329521,2329521,2,and,door,graph_box,1.0000,19,2,1,3,,500,375,"170.0,89.0,219.0,280.0"
13080,2340398,2340398,2,2_hop,plate,graph_box,1.0000,23,2,1,3,,500,353,"62.0,163.0,192.0,329.0"
13081,2340398,2340398,2,and,plate,graph_box,1.0000,23,2,1,3,,500,353,"62.0,163.0,192.0,329.0"
13084,2340391,2340391,2,1_hop,house,graph_box,1.0000,31,2,1,2,,500,375,"0.0,0.0,234.0,95.0"
13087,2400591,2400591,2,and,shop,graph_box,1.0000,29,3,2,3,,500,500,"158.0,59.0,500.0,239.0"
13088,2409043,2409043,2,0_hop,building,graph_box,1.0000,13,2,1,1,,500,333,"3.0,209.0,133.0,332.0"
13089,2409043,2409043,2,0_hop,door,graph_box,1.0000,13,2,1,1,,500,333,"74.0,255.0,124.0,332.0"
13090,2409043,2409043,2,2_hop,door,graph_box,1.0000,13,2,1,3,,500,333,"74.0,255.0,124.0,332.0"
13091,2409043,2409043,2,1_hop,door,graph_box,1.0000,13,2,1,2,,500,333,"74.0,255.0,124.0,332.0"
13092,2409043,2409043,3,2_hop,door,graph_box,1.0000,13,2,1,3,,500,333,"74.0,255.0,124.0,332.0"
13093,2409043,2409043,3,1_hop,door,graph_box,1.0000,13,2,1,2,,500,333,"74.0,255.0,124.0,332.0"
13094,3582,3582,2,2_hop,tree,graph_box,1.0000,18,3,2,3,,640,480,"577.0,10.0,640.0,238.0"
13096,3582,3582,3,2_hop,tree,graph_box,1.0000,18,3,2,3,,640,480,"577.0,10.0,640.0,238.0"
13097,2339783,2339783,2,2_hop,building,graph_box,1.0000,8,2,1,3,,500,333,"0.0,2.0,197.0,209.0"
13098,2339783,2339783,2,and,building,graph_box,1.0000,8,2,1,3,,500,333,"0.0,2.0,197.0,209.0"
13107,2389957,2389957,2,1_hop,tree,graph_box,1.0000,11,2,1,2,,500,333,"10.0,257.0,33.0,286.0"
13114,285729,285729,2,0_hop,boy,graph_box,1.0000,23,1,0,1,,1024,768,"881.0,104.0,1022.0,530.0"
13115,285729,285729,3,2_hop,guy,graph_box,1.0000,23,2,1,3,,1024,768,"397.0,497.0,914.0,764.0"
13116,285729,285729,3,1_hop,guy,graph_box,1.0000,23,2,1,2,,1024,768,"397.0,497.0,914.0,764.0"
13120,2372885,2372885,2,1_hop,bench,graph_box,1.0000,17,3,2,2,,500,326,"287.0,178.0,389.0,237.0"
13122,2412311,2412311,2,2_hop,man,graph_box,1.0000,20,2,1,3,,500,333,"128.0,35.0,265.0,332.0"
13123,2412311,2412311,2,1_hop,man,graph_box,1.0000,20,2,1,2,,500,333,"128.0,35.0,265.0,332.0"
13124,2412311,2412311,3,2_hop,man,graph_box,1.0000,20,2,1,3,,500,333,"128.0,35.0,265.0,332.0"
13126,2376094,2376094,2,and,man,graph_box,1.0000,29,2,1,3,,500,334,"259.0,126.0,460.0,334.0"
13129,2341689,2341689,2,0_hop,kite,graph_box,1.0000,17,2,1,1,,433,500,"118.0,200.0,241.0,288.0"
13130,2315810,2315810,2,2_hop,paper,graph_box,1.0000,16,2,1,3,,500,500,"94.0,333.0,301.0,480.0"
13131,2315810,2315810,2,and,paper,graph_box,1.0000,16,2,1,3,,500,500,"94.0,333.0,301.0,480.0"
13136,2352905,2352905,2,and,bench,graph_box,1.0000,27,2,1,3,,500,375,"313.0,149.0,499.0,375.0"
13137,2372702,2372702,2,2_hop,plate,graph_box,1.0000,20,2,1,3,,374,500,"0.0,296.0,364.0,477.0"
13140,2404539,2404539,2,2_hop,paper,graph_box,1.0000,18,2,1,3,,375,500,"128.0,199.0,368.0,448.0"
13141,2404539,2404539,2,and,paper,graph_box,1.0000,18,2,1,3,,375,500,"128.0,199.0,368.0,448.0"
13144,2565,2565,2,and,building,graph_box,1.0000,23,2,1,3,,375,500,"183.0,1.0,375.0,448.0"
13147,2415102,2415102,2,0_hop,zebra,graph_box,1.0000,12,3,2,1,,500,375,"24.0,161.0,115.0,245.0"
13150,2402947,2402947,2,2_hop,woman,graph_box,1.0000,54,2,1,3,,500,373,"252.0,152.0,316.0,271.0"
13151,2402947,2402947,2,and,woman,graph_box,1.0000,54,2,1,3,,500,373,"252.0,152.0,316.0,271.0"
13157,2397288,2397288,2,0_hop,sign,graph_box,1.0000,9,3,2,1,,375,500,"16.0,53.0,315.0,315.0"
13158,2412372,2412372,2,and,light fixture,graph_box,1.0000,10,2,1,3,,375,500,"171.0,74.0,209.0,118.0"
13160,2412373,2412373,2,2_hop,post,graph_box,1.0000,19,3,2,3,,500,333,"27.0,207.0,49.0,333.0"
13162,1670,1670,2,2_hop,paper,graph_box,1.0000,11,2,1,3,,800,600,"416.0,30.0,619.0,172.0"
13163,1670,1670,2,and,paper,graph_box,1.0000,11,2,1,3,,800,600,"416.0,30.0,619.0,172.0"
13166,2386308,2386308,2,2_hop,lamp,graph_box,1.0000,25,2,1,3,,500,375,"292.0,142.0,319.0,190.0"
13167,2386308,2386308,2,1_hop,lamp,graph_box,1.0000,25,2,1,2,,500,375,"292.0,142.0,319.0,190.0"
13169,2366508,2366508,2,and,flag,graph_box,1.0000,35,2,1,3,,500,375,"190.0,301.0,196.0,362.0"
13176,2360121,2360121,2,1_hop,tree,graph_box,1.0000,26,7,6,2,,500,375,"442.0,0.0,499.0,143.0"
13177,2360121,2360121,2,2_hop,tree,graph_box,1.0000,26,7,6,3,,500,375,"0.0,0.0,148.0,147.0"
13178,2360121,2360121,2,1_hop,tree,graph_box,1.0000,26,7,6,2,,500,375,"0.0,0.0,148.0,147.0"
13182,2318766,2318766,2,2_hop,keyboard,graph_box,1.0000,19,2,1,3,,500,375,"17.0,196.0,139.0,209.0"
13183,2318766,2318766,2,and,keyboard,graph_box,1.0000,19,2,1,3,,500,375,"17.0,196.0,139.0,209.0"
13184,2318766,2318766,3,2_hop,keyboard,graph_box,1.0000,19,2,1,3,,500,375,"17.0,196.0,139.0,209.0"
13185,2318766,2318766,2,2_hop,monitor,graph_box,1.0000,19,2,1,3,,500,375,"3.0,118.0,126.0,198.0"
13186,2318766,2318766,2,1_hop,monitor,graph_box,1.0000,19,2,1,2,,500,375,"3.0,118.0,126.0,198.0"
13190,2386490,2386490,2,2_hop,man,graph_box,1.0000,19,3,2,3,,334,500,"93.0,20.0,317.0,280.0"
13191,2386490,2386490,2,1_hop,man,graph_box,1.0000,19,3,2,2,,334,500,"93.0,20.0,317.0,280.0"
13192,2386490,2386490,3,2_hop,man,graph_box,1.0000,19,3,2,3,,334,500,"93.0,20.0,317.0,280.0"
13193,2386490,2386490,2,2_hop,man,graph_box,1.0000,19,3,2,3,,334,500,"206.0,234.0,283.0,355.0"
13194,2386490,2386490,2,and,man,graph_box,1.0000,19,3,2,3,,334,500,"206.0,234.0,283.0,355.0"
13196,1339,1339,2,2_hop,utensil,graph_box,1.0000,9,2,1,3,,500,375,"76.0,101.0,118.0,292.0"
13197,1339,1339,2,and,utensil,graph_box,1.0000,9,2,1,3,,500,375,"76.0,101.0,118.0,292.0"
13201,2341084,2341084,2,2_hop,paper,graph_box,1.0000,15,4,3,3,,500,375,"366.0,157.0,470.0,251.0"
13202,2341084,2341084,2,1_hop,paper,graph_box,1.0000,15,4,3,2,,500,375,"366.0,157.0,470.0,251.0"
13203,2371234,2371234,3,2_hop,smoke,graph_box,1.0000,11,2,1,3,,500,349,"22.0,166.0,185.0,255.0"
13204,107964,107964,2,0_hop,racket,graph_box,1.0000,18,2,1,1,,1024,768,"531.0,467.0,759.0,603.0"
13205,107964,107964,3,2_hop,racket,graph_box,1.0000,18,2,1,3,,1024,768,"531.0,467.0,759.0,603.0"
13208,2375931,2375931,2,2_hop,glass,graph_box,1.0000,14,5,4,3,,500,375,"0.0,103.0,138.0,374.0"
13209,2375931,2375931,2,1_hop,glass,graph_box,1.0000,14,5,4,2,,500,375,"0.0,103.0,138.0,374.0"
13210,2409083,2409083,2,0_hop,car,graph_box,1.0000,29,2,1,1,,500,375,"138.0,31.0,263.0,78.0"
13213,2364349,2364349,3,2_hop,napkin,graph_box,1.0000,23,2,1,3,,329,500,"23.0,242.0,68.0,327.0"
13215,2369230,2369230,2,and,man,graph_box,1.0000,21,2,1,3,,500,333,"174.0,17.0,244.0,99.0"
13221,2388625,2388625,2,2_hop,chair,graph_box,1.0000,25,2,1,3,,500,421,"0.0,330.0,112.0,420.0"
13222,2388625,2388625,2,1_hop,chair,graph_box,1.0000,25,2,1,2,,500,421,"0.0,330.0,112.0,420.0"
13223,2388625,2388625,3,2_hop,chair,graph_box,1.0000,25,2,1,3,,500,421,"0.0,330.0,112.0,420.0"
13232,2392847,2392847,2,2_hop,door,graph_box,1.0000,15,2,1,3,,500,375,"1.0,94.0,14.0,304.0"
13233,2392847,2392847,2,and,door,graph_box,1.0000,15,2,1,3,,500,375,"1.0,94.0,14.0,304.0"
13236,2392845,2392845,2,0_hop,child,graph_box,1.0000,19,1,0,1,,500,333,"99.0,130.0,111.0,159.0"
13244,2397720,2397720,2,and,bowl,graph_box,1.0000,27,5,4,3,,500,375,"0.0,194.0,74.0,268.0"
13245,2344759,2344759,2,1_hop,flower,graph_box,1.0000,11,2,1,2,,333,500,"24.0,70.0,84.0,139.0"
13246,2340042,2340042,2,2_hop,bear,graph_box,1.0000,25,2,1,3,,500,333,"237.0,229.0,330.0,333.0"
13247,2340042,2340042,2,1_hop,bear,graph_box,1.0000,25,2,1,2,,500,333,"237.0,229.0,330.0,333.0"
13250,2379919,2379919,2,0_hop,sign,graph_box,1.0000,18,4,3,1,,333,500,"76.0,232.0,88.0,255.0"
13251,2379919,2379919,2,0_hop,sign,graph_box,1.0000,18,4,3,1,,333,500,"87.0,278.0,98.0,295.0"
13257,2393588,2393588,2,0_hop,graffiti,graph_box,1.0000,24,2,1,1,,357,500,"1.0,389.0,65.0,439.0"
13258,2393588,2393588,2,2_hop,graffiti,graph_box,1.0000,24,2,1,3,,357,500,"1.0,389.0,65.0,439.0"
13259,2393588,2393588,2,1_hop,graffiti,graph_box,1.0000,24,2,1,2,,357,500,"1.0,389.0,65.0,439.0"
13260,2351308,2351308,2,2_hop,hedge,graph_box,1.0000,20,2,1,3,,500,390,"5.0,176.0,320.0,261.0"
13263,2405983,2405983,2,2_hop,tree,graph_box,1.0000,15,2,1,3,,500,333,"346.0,0.0,418.0,132.0"
13264,2405983,2405983,2,and,tree,graph_box,1.0000,15,2,1,3,,500,333,"346.0,0.0,418.0,132.0"
13265,2416035,2416035,2,2_hop,crate,graph_box,1.0000,31,2,1,3,,500,333,"121.0,222.0,165.0,268.0"
13266,2416035,2416035,2,and,crate,graph_box,1.0000,31,2,1,3,,500,333,"121.0,222.0,165.0,268.0"
13268,2354849,2354849,2,and,cup,graph_box,1.0000,15,2,1,3,,500,375,"0.0,0.0,74.0,104.0"
13271,2391219,2391219,3,2_hop,plate,graph_box,1.0000,17,2,1,3,,500,390,"169.0,282.0,269.0,318.0"
13272,2391219,2391219,3,1_hop,plate,graph_box,1.0000,17,2,1,2,,500,390,"169.0,282.0,269.0,318.0"
13282,2344416,2344416,2,and,elephant,graph_box,1.0000,26,3,2,3,,500,375,"216.0,0.0,500.0,375.0"
13285,2349334,2349334,2,and,pizza,graph_box,1.0000,38,2,1,3,,500,334,"140.0,274.0,187.0,310.0"
13287,2392869,2392869,2,1_hop,logo,graph_box,1.0000,16,2,1,2,,500,375,"270.0,222.0,341.0,281.0"
13289,2381876,2381876,2,1_hop,street,graph_box,1.0000,53,5,4,2,,500,375,"1.0,297.0,114.0,334.0"
13290,2381876,2381876,2,and,building,graph_box,1.0000,53,3,2,3,,500,375,"442.0,66.0,497.0,271.0"
13297,2397743,2397743,2,0_hop,traffic light,graph_box,1.0000,30,2,1,1,,500,375,"208.0,122.0,240.0,152.0"
13298,2368399,2368399,2,1_hop,building,graph_box,1.0000,21,3,2,2,,500,375,"261.0,165.0,458.0,270.0"
13299,2368399,2368399,2,and,building,graph_box,1.0000,21,3,2,3,,500,375,"0.0,58.0,147.0,244.0"
13311,2410704,2410704,2,2_hop,man,graph_box,1.0000,26,2,1,3,,500,334,"165.0,0.0,449.0,307.0"
13312,2410704,2410704,2,and,man,graph_box,1.0000,26,2,1,3,,500,334,"165.0,0.0,449.0,307.0"
13314,2343442,2343442,2,2_hop,woman,graph_box,1.0000,27,2,1,3,,500,331,"219.0,0.0,498.0,332.0"
13315,2343442,2343442,2,and,woman,graph_box,1.0000,27,2,1,3,,500,331,"219.0,0.0,498.0,332.0"
13316,2343442,2343442,3,2_hop,woman,graph_box,1.0000,27,2,1,3,,500,331,"219.0,0.0,498.0,332.0"
13317,2341337,2341337,2,2_hop,platform,graph_box,1.0000,24,2,1,3,,500,375,"0.0,331.0,94.0,375.0"
13318,2341337,2341337,2,and,platform,graph_box,1.0000,24,2,1,3,,500,375,"0.0,331.0,94.0,375.0"
13319,2363456,2363456,2,2_hop,building,graph_box,1.0000,41,3,2,3,,375,500,"0.0,251.0,48.0,500.0"
13320,2363456,2363456,2,and,building,graph_box,1.0000,41,3,2,3,,375,500,"0.0,251.0,48.0,500.0"
13325,2368989,2368989,2,2_hop,building,graph_box,1.0000,26,2,1,3,,374,500,"0.0,221.0,151.0,458.0"
13327,2368989,2368989,3,1_hop,building,graph_box,1.0000,26,2,1,2,,374,500,"0.0,221.0,151.0,458.0"
13328,2368989,2368989,2,0_hop,sign,graph_box,1.0000,26,3,2,1,,374,500,"231.0,448.0,279.0,479.0"
13330,2368984,2368984,2,1_hop,man,graph_box,1.0000,40,10,9,2,,346,500,"69.0,154.0,106.0,243.0"
13332,2368984,2368984,2,1_hop,man,graph_box,1.0000,40,10,9,2,,346,500,"128.0,236.0,197.0,398.0"
13336,2328178,2328178,2,and,sandwich,graph_box,1.0000,22,2,1,3,,500,500,"83.0,184.0,345.0,343.0"
13337,2873,2873,3,2_hop,man,graph_box,1.0000,21,2,1,3,,800,600,"407.0,334.0,455.0,417.0"
13338,2393687,2393687,2,2_hop,woman,graph_box,1.0000,26,3,2,3,,500,333,"394.0,272.0,446.0,332.0"
13339,2393687,2393687,2,and,woman,graph_box,1.0000,26,3,2,3,,500,333,"394.0,272.0,446.0,332.0"
13345,2393687,2393687,2,and,woman,graph_box,1.0000,26,3,2,3,,500,333,"394.0,272.0,446.0,332.0"
13350,2389837,2389837,2,2_hop,man,graph_box,1.0000,17,3,2,3,,500,333,"101.0,61.0,182.0,283.0"
13351,2389837,2389837,2,and,man,graph_box,1.0000,17,3,2,3,,500,333,"101.0,61.0,182.0,283.0"
13357,2346486,2346486,2,and,man,graph_box,1.0000,20,3,2,3,,500,375,"17.0,60.0,163.0,375.0"
13359,2382132,2382132,2,0_hop,tie,graph_box,1.0000,19,4,3,1,,500,375,"380.0,129.0,478.0,348.0"
13360,2382132,2382132,2,0_hop,tie,graph_box,1.0000,19,4,3,1,,500,375,"352.0,106.0,448.0,343.0"
13370,2336649,2336649,2,2_hop,plate,graph_box,1.0000,21,2,1,3,,374,500,"135.0,356.0,301.0,430.0"
13373,2355912,2355912,2,2_hop,car,graph_box,1.0000,20,2,1,3,,500,375,"303.0,208.0,344.0,240.0"
13379,2373679,2373679,2,and,buildings,graph_box,1.0000,22,5,4,3,,500,332,"376.0,15.0,488.0,166.0"
13382,2316362,2316362,2,1_hop,flower,graph_box,1.0000,17,9,8,2,,500,375,"425.0,123.0,463.0,170.0"
13384,2368905,2368905,2,2_hop,gate,graph_box,1.0000,22,2,1,3,,500,375,"336.0,150.0,500.0,345.0"
13388,2365760,2365760,2,1_hop,sandwich,graph_box,1.0000,26,7,6,2,,500,375,"0.0,134.0,133.0,317.0"
13394,2365760,2365760,2,2_hop,bread,graph_box,1.0000,26,4,3,3,,500,375,"267.0,218.0,389.0,268.0"
13396,2412270,2412270,2,0_hop,tree,graph_box,1.0000,21,2,1,1,,334,500,"217.0,20.0,333.0,495.0"
13398,2360401,2360401,2,1_hop,container,graph_box,1.0000,12,2,1,2,,500,333,"47.0,250.0,98.0,285.0"
13401,2336004,2336004,2,1_hop,sign,graph_box,1.0000,13,3,2,2,,500,375,"115.0,178.0,348.0,336.0"
13408,2367577,2367577,2,and,costume,graph_box,1.0000,29,4,3,3,,500,444,"0.0,125.0,63.0,212.0"
13414,2378658,2378658,2,0_hop,scissors,graph_box,1.0000,9,4,3,1,,414,500,"233.0,196.0,313.0,495.0"
13415,2378658,2378658,2,1_hop,scissors,graph_box,1.0000,9,4,3,2,,414,500,"318.0,116.0,410.0,497.0"
13416,2373803,2373803,2,1_hop,guy,graph_box,1.0000,26,4,3,2,,500,333,"433.0,214.0,484.0,333.0"
13422,2373119,2373119,2,1_hop,bowl,graph_box,1.0000,29,6,5,2,,500,333,"425.0,110.0,499.0,202.0"
13423,2373119,2373119,3,2_hop,bowl,graph_box,1.0000,29,6,5,3,,500,333,"425.0,110.0,499.0,202.0"
13424,2338501,2338501,2,2_hop,plate,graph_box,1.0000,11,2,1,3,,500,375,"0.0,124.0,499.0,352.0"
13425,2338501,2338501,2,1_hop,plate,graph_box,1.0000,11,2,1,2,,500,375,"0.0,124.0,499.0,352.0"
13431,2383601,2383601,2,and,man,graph_box,1.0000,19,2,1,3,,500,333,"181.0,0.0,438.0,333.0"
13432,4505,4505,2,2_hop,bag,graph_box,1.0000,15,2,1,3,,500,375,"463.0,12.0,500.0,115.0"
13433,4505,4505,2,1_hop,bag,graph_box,1.0000,15,2,1,2,,500,375,"463.0,12.0,500.0,115.0"
13434,4505,4505,3,2_hop,bag,graph_box,1.0000,15,2,1,3,,500,375,"463.0,12.0,500.0,115.0"
13435,2410355,2410355,2,1_hop,cow,graph_box,1.0000,15,5,4,2,,500,375,"100.0,140.0,146.0,191.0"
13440,2400207,2400207,2,1_hop,tree,graph_box,1.0000,14,2,1,2,,500,375,"0.0,0.0,123.0,171.0"
13441,2385529,2385529,2,0_hop,door,graph_box,1.0000,14,2,1,1,,500,375,"0.0,28.0,135.0,338.0"
13442,2385529,2385529,2,2_hop,door,graph_box,1.0000,14,2,1,3,,500,375,"0.0,28.0,135.0,338.0"
13443,2385529,2385529,2,and,door,graph_box,1.0000,14,2,1,3,,500,375,"0.0,28.0,135.0,338.0"
13444,2341763,2341763,2,and,cabinet,graph_box,1.0000,30,2,1,3,,500,333,"362.0,217.0,496.0,333.0"
13445,2391784,2391784,2,and,man,graph_box,1.0000,15,3,2,3,,500,388,"106.0,175.0,135.0,277.0"
13446,2391784,2391784,2,1_hop,man,graph_box,1.0000,15,3,2,2,,500,388,"221.0,89.0,267.0,186.0"
13447,2391784,2391784,2,1_hop,fence,graph_box,1.0000,15,2,1,2,,500,388,"467.0,181.0,499.0,225.0"
13448,2391784,2391784,3,2_hop,fence,graph_box,1.0000,15,2,1,3,,500,388,"467.0,181.0,499.0,225.0"
13450,2336064,2336064,2,2_hop,computer monitor,graph_box,1.0000,13,2,1,3,,500,375,"141.0,56.0,298.0,181.0"
13451,2336064,2336064,2,and,computer monitor,graph_box,1.0000,13,2,1,3,,500,375,"141.0,56.0,298.0,181.0"
13454,2362883,2362883,2,1_hop,boat,graph_box,1.0000,23,3,2,2,,500,287,"52.0,161.0,436.0,234.0"
13461,2393822,2393822,2,0_hop,woman,graph_box,1.0000,17,1,0,1,,500,333,"32.0,3.0,316.0,305.0"
13462,2404437,2404437,2,0_hop,umbrella,graph_box,1.0000,27,4,3,1,,500,281,"67.0,237.0,125.0,275.0"
13465,2361313,2361313,2,2_hop,cup,graph_box,1.0000,15,2,1,3,,375,500,"313.0,217.0,375.0,253.0"
13466,2361313,2361313,2,1_hop,cup,graph_box,1.0000,15,2,1,2,,375,500,"313.0,217.0,375.0,253.0"
13467,2361313,2361313,3,2_hop,cup,graph_box,1.0000,15,2,1,3,,375,500,"313.0,217.0,375.0,253.0"
13468,2321280,2321280,2,2_hop,poster,graph_box,1.0000,23,2,1,3,,375,500,"129.0,170.0,169.0,214.0"
13469,2321280,2321280,2,1_hop,poster,graph_box,1.0000,23,2,1,2,,375,500,"129.0,170.0,169.0,214.0"
13470,2342828,2342828,2,0_hop,luggage,graph_box,1.0000,17,3,2,1,,500,334,"269.0,119.0,416.0,272.0"
13471,2342828,2342828,2,1_hop,luggage,graph_box,1.0000,17,3,2,2,,500,334,"269.0,119.0,416.0,272.0"
13474,4498,4498,2,and,tree,graph_box,1.0000,30,17,16,3,,800,600,"0.0,0.0,313.0,600.0"
13475,2397082,2397082,2,2_hop,woman,graph_box,1.0000,21,2,1,3,,500,333,"385.0,217.0,499.0,332.0"
13476,2397082,2397082,2,1_hop,woman,graph_box,1.0000,21,2,1,2,,500,333,"385.0,217.0,499.0,332.0"
13478,2397082,2397082,2,and,man,graph_box,1.0000,21,3,2,3,,500,333,"432.0,253.0,465.0,332.0"
13482,2340966,2340966,3,2_hop,man,graph_box,1.0000,24,3,2,3,,500,375,"457.0,186.0,488.0,237.0"
13486,2417483,2417483,2,2_hop,flower,graph_box,1.0000,18,3,2,3,,500,375,"367.0,221.0,490.0,335.0"
13487,2417483,2417483,2,and,flower,graph_box,1.0000,18,3,2,3,,500,375,"367.0,221.0,490.0,335.0"
13492,2353266,2353266,2,1_hop,pole,graph_box,1.0000,16,5,4,2,,375,500,"20.0,279.0,26.0,381.0"
13496,2395905,2395905,2,2_hop,tree,graph_box,1.0000,27,3,2,3,,500,333,"308.0,0.0,499.0,233.0"
13497,2395905,2395905,2,and,tree,graph_box,1.0000,27,3,2,3,,500,333,"308.0,0.0,499.0,233.0"
13498,2395905,2395905,2,2_hop,carriage,graph_box,1.0000,27,2,1,3,,500,333,"311.0,178.0,463.0,293.0"
13499,2395905,2395905,2,and,carriage,graph_box,1.0000,27,2,1,3,,500,333,"311.0,178.0,463.0,293.0"
13500,2388902,2388902,2,0_hop,giraffe,graph_box,1.0000,13,3,2,1,,320,240,"35.0,34.0,156.0,210.0"
13502,2321611,2321611,2,and,woman,graph_box,1.0000,25,3,2,3,,375,500,"323.0,96.0,358.0,200.0"
13505,2350474,2350474,2,0_hop,truck,graph_box,1.0000,17,2,1,1,,500,333,"38.0,207.0,67.0,228.0"
13507,2402155,2402155,2,0_hop,sign,graph_box,1.0000,21,3,2,1,,500,375,"83.0,67.0,134.0,111.0"
13510,2346709,2346709,2,0_hop,fence,graph_box,1.0000,28,2,1,1,,500,375,"451.0,178.0,499.0,212.0"
13511,2406678,2406678,2,2_hop,wing,graph_box,1.0000,27,2,1,3,,500,298,"0.0,189.0,96.0,218.0"
13512,2406678,2406678,2,and,wing,graph_box,1.0000,27,2,1,3,,500,298,"0.0,189.0,96.0,218.0"
13515,2370386,2370386,2,2_hop,sign,graph_box,1.0000,19,2,1,3,,500,375,"0.0,209.0,216.0,360.0"
13516,2370386,2370386,2,1_hop,sign,graph_box,1.0000,19,2,1,2,,500,375,"0.0,209.0,216.0,360.0"
13517,2370386,2370386,3,2_hop,sign,graph_box,1.0000,19,2,1,3,,500,375,"0.0,209.0,216.0,360.0"
13518,2360005,2360005,2,1_hop,pole,graph_box,1.0000,20,3,2,2,,500,375,"327.0,0.0,380.0,332.0"
13519,2360005,2360005,2,1_hop,pole,graph_box,1.0000,20,3,2,2,,500,375,"31.0,244.0,55.0,305.0"
13526,498237,498237,2,2_hop,man,graph_box,1.0000,31,3,2,3,,768,1024,"0.0,64.0,385.0,1021.0"
13527,498237,498237,2,and,man,graph_box,1.0000,31,3,2,3,,768,1024,"0.0,64.0,385.0,1021.0"
13529,2317403,2317403,2,2_hop,pole,graph_box,1.0000,11,2,1,3,,500,335,"40.0,165.0,48.0,301.0"
13530,2317403,2317403,2,1_hop,pole,graph_box,1.0000,11,2,1,2,,500,335,"40.0,165.0,48.0,301.0"
13535,2344674,2344674,2,2_hop,door,graph_box,1.0000,37,2,1,3,,500,333,"0.0,2.0,55.0,332.0"
13536,2344674,2344674,2,and,door,graph_box,1.0000,37,2,1,3,,500,333,"0.0,2.0,55.0,332.0"
13537,2319119,2319119,2,0_hop,sign,graph_box,1.0000,14,2,1,1,,500,374,"26.0,176.0,472.0,290.0"
13539,2373157,2373157,2,and,man,graph_box,1.0000,18,2,1,3,,500,333,"180.0,98.0,299.0,318.0"
13540,2369691,2369691,2,2_hop,cat,graph_box,1.0000,15,3,2,3,,500,375,"314.0,140.0,479.0,240.0"
13541,2369691,2369691,2,and,cat,graph_box,1.0000,15,3,2,3,,500,375,"314.0,140.0,479.0,240.0"
13542,2329061,2329061,2,1_hop,pole,graph_box,1.0000,24,2,1,2,,333,500,"233.0,32.0,246.0,112.0"
13545,2349159,2349159,2,2_hop,bowl,graph_box,1.0000,19,2,1,3,,500,319,"52.0,228.0,101.0,269.0"
13546,2349159,2349159,2,and,bowl,graph_box,1.0000,19,2,1,3,,500,319,"52.0,228.0,101.0,269.0"
13547,2343942,2343942,2,2_hop,screen,graph_box,1.0000,25,2,1,3,,500,375,"404.0,249.0,431.0,270.0"
13548,2343942,2343942,2,1_hop,screen,graph_box,1.0000,25,2,1,2,,500,375,"404.0,249.0,431.0,270.0"
13549,2381569,2381569,2,1_hop,man,graph_box,1.0000,26,8,7,2,,500,333,"275.0,15.0,399.0,331.0"
13550,2381569,2381569,2,1_hop,man,graph_box,1.0000,26,8,7,2,,500,333,"425.0,51.0,468.0,223.0"
13556,2324515,2324515,2,1_hop,sign,graph_box,1.0000,13,4,3,2,,375,500,"178.0,289.0,317.0,428.0"
13558,2319168,2319168,2,2_hop,giraffe,graph_box,1.0000,26,2,1,3,,500,375,"274.0,58.0,400.0,279.0"
13559,2319168,2319168,2,1_hop,giraffe,graph_box,1.0000,26,2,1,2,,500,375,"274.0,58.0,400.0,279.0"
13561,2325003,2325003,2,1_hop,building,graph_box,1.0000,17,2,1,2,,500,375,"309.0,0.0,499.0,191.0"
13569,2378224,2378224,2,0_hop,car,graph_box,1.0000,32,2,1,1,,500,331,"0.0,144.0,326.0,270.0"
13570,2378224,2378224,2,2_hop,car,graph_box,1.0000,32,2,1,3,,500,331,"0.0,144.0,326.0,270.0"
13571,2378224,2378224,2,and,car,graph_box,1.0000,32,2,1,3,,500,331,"0.0,144.0,326.0,270.0"
13572,2378224,2378224,3,2_hop,car,graph_box,1.0000,32,2,1,3,,500,331,"0.0,144.0,326.0,270.0"
13576,2316052,2316052,2,1_hop,man,graph_box,1.0000,26,2,1,2,,329,500,"33.0,77.0,175.0,490.0"
13578,2395732,2395732,3,2_hop,building,graph_box,1.0000,29,3,2,3,,333,500,"231.0,136.0,301.0,318.0"
13580,2367044,2367044,2,and,man,graph_box,1.0000,28,3,2,3,,500,326,"450.0,139.0,495.0,224.0"
13594,2410143,2410143,2,1_hop,fence,graph_box,1.0000,16,2,1,2,,500,333,"299.0,57.0,499.0,154.0"
13597,2406655,2406655,2,0_hop,fork,graph_box,1.0000,17,2,1,1,,330,500,"0.0,285.0,143.0,326.0"
13598,2406655,2406655,3,2_hop,cake,graph_box,1.0000,17,3,2,3,,330,500,"129.0,349.0,235.0,440.0"
13600,2371241,2371241,2,0_hop,bowl,graph_box,1.0000,34,2,1,1,,499,500,"201.0,0.0,315.0,38.0"
13601,2371241,2371241,2,0_hop,mushrooms,graph_box,1.0000,34,2,1,1,,499,500,"118.0,137.0,497.0,431.0"
13602,713018,713018,2,1_hop,woman,graph_box,1.0000,25,2,1,2,,1024,749,"331.0,283.0,418.0,458.0"
13604,2390896,2390896,2,0_hop,train car,graph_box,1.0000,17,5,4,1,,500,360,"157.0,95.0,185.0,125.0"
13605,2390896,2390896,2,0_hop,train car,graph_box,1.0000,17,5,4,1,,500,360,"221.0,141.0,305.0,202.0"
13607,2317428,2317428,2,1_hop,soda,graph_box,1.0000,19,2,1,2,,500,375,"410.0,335.0,499.0,374.0"
13608,2362629,2362629,2,1_hop,sign,graph_box,1.0000,22,2,1,2,,500,333,"458.0,12.0,498.0,51.0"
13609,2389152,2389152,2,2_hop,luggage,graph_box,1.0000,24,3,2,3,,500,333,"384.0,214.0,441.0,297.0"
13610,2389152,2389152,2,and,luggage,graph_box,1.0000,24,3,2,3,,500,333,"384.0,214.0,441.0,297.0"
13611,2389152,2389152,3,2_hop,luggage,graph_box,1.0000,24,3,2,3,,500,333,"384.0,214.0,441.0,297.0"
13612,2397042,2397042,3,1_hop,boat,graph_box,1.0000,23,3,2,2,,500,375,"0.0,185.0,167.0,270.0"
13614,2393602,2393602,2,2_hop,man,graph_box,1.0000,24,2,1,3,,500,375,"96.0,77.0,281.0,375.0"
13615,2393602,2393602,2,and,man,graph_box,1.0000,24,2,1,3,,500,375,"96.0,77.0,281.0,375.0"
13616,2393602,2393602,3,2_hop,man,graph_box,1.0000,24,2,1,3,,500,375,"96.0,77.0,281.0,375.0"
13619,2371156,2371156,2,2_hop,child,graph_box,1.0000,18,2,1,3,,500,281,"21.0,1.0,215.0,281.0"
13621,2377671,2377671,2,0_hop,bag,graph_box,1.0000,23,3,2,1,,500,366,"61.0,197.0,109.0,275.0"
13622,2386013,2386013,2,2_hop,man,graph_box,1.0000,17,2,1,3,,500,333,"238.0,72.0,407.0,333.0"
13623,2386013,2386013,2,and,man,graph_box,1.0000,17,2,1,3,,500,333,"238.0,72.0,407.0,333.0"
13624,2315907,2315907,2,2_hop,chair,graph_box,1.0000,25,2,1,3,,500,388,"380.0,35.0,497.0,385.0"
13625,2315907,2315907,2,and,chair,graph_box,1.0000,25,2,1,3,,500,388,"380.0,35.0,497.0,385.0"
13626,2327131,2327131,2,0_hop,bike,graph_box,1.0000,19,2,1,1,,500,331,"416.0,164.0,469.0,210.0"
13632,2414425,2414425,2,1_hop,car,graph_box,1.0000,11,2,1,2,,500,282,"419.0,104.0,499.0,282.0"
13634,2381305,2381305,2,0_hop,book,graph_box,1.0000,11,7,6,1,,500,375,"60.0,106.0,134.0,122.0"
13635,2381305,2381305,2,0_hop,book,graph_box,1.0000,11,7,6,1,,500,375,"69.0,88.0,150.0,107.0"
13636,2381305,2381305,2,0_hop,book,graph_box,1.0000,11,7,6,1,,500,375,"69.0,130.0,93.0,222.0"
13637,2343352,2343352,2,2_hop,bowl,graph_box,1.0000,13,2,1,3,,500,375,"345.0,0.0,500.0,121.0"
13638,2343352,2343352,2,and,bowl,graph_box,1.0000,13,2,1,3,,500,375,"345.0,0.0,500.0,121.0"
13641,2326465,2326465,2,1_hop,pepper,graph_box,1.0000,16,2,1,2,,500,334,"45.0,143.0,170.0,258.0"
13647,4912,4912,2,and,lamp,graph_box,1.0000,13,3,2,3,,640,480,"559.0,221.0,604.0,328.0"
13650,2407675,2407675,2,0_hop,rock,graph_box,1.0000,30,4,3,1,,333,500,"162.0,369.0,230.0,418.0"
13651,2353781,2353781,2,2_hop,tent,graph_box,1.0000,29,5,4,3,,500,353,"433.0,75.0,500.0,172.0"
13652,2353781,2353781,2,1_hop,tent,graph_box,1.0000,29,5,4,2,,500,353,"433.0,75.0,500.0,172.0"
13653,2353781,2353781,3,2_hop,tent,graph_box,1.0000,29,5,4,3,,500,353,"433.0,75.0,500.0,172.0"
13654,2369526,2369526,2,2_hop,elephant,graph_box,1.0000,16,2,1,3,,500,334,"71.0,140.0,499.0,332.0"
13657,2369618,2369618,2,2_hop,statue,graph_box,1.0000,14,2,1,3,,500,484,"70.0,193.0,241.0,442.0"
13658,2369618,2369618,2,1_hop,statue,graph_box,1.0000,14,2,1,2,,500,484,"70.0,193.0,241.0,442.0"
13665,2332087,2332087,2,0_hop,airplane,graph_box,1.0000,9,3,2,1,,500,375,"197.0,123.0,359.0,212.0"
13666,2332087,2332087,2,0_hop,airplane,graph_box,1.0000,9,3,2,1,,500,375,"0.0,196.0,220.0,255.0"
13671,2333428,2333428,2,1_hop,building,graph_box,1.0000,27,2,1,2,,500,333,"240.0,1.0,500.0,232.0"
13673,285690,285690,2,and,tree,graph_box,1.0000,18,2,1,3,,1024,683,"0.0,338.0,132.0,528.0"
13676,2371134,2371134,2,1_hop,tray,graph_box,1.0000,33,2,1,2,,500,281,"422.0,98.0,500.0,116.0"
13677,2322400,2322400,2,and,building,graph_box,1.0000,16,3,2,3,,375,500,"0.0,298.0,68.0,497.0"
13678,2322400,2322400,2,and,building,graph_box,1.0000,16,3,2,3,,375,500,"273.0,305.0,372.0,496.0"
13679,713411,713411,3,2_hop,sign,graph_box,1.0000,30,3,2,3,,1024,768,"740.0,25.0,832.0,350.0"
13683,2392289,2392289,2,2_hop,girl,graph_box,1.0000,34,2,1,3,,500,347,"370.0,48.0,477.0,272.0"
13684,2392289,2392289,2,and,girl,graph_box,1.0000,34,2,1,3,,500,347,"370.0,48.0,477.0,272.0"
13685,2392289,2392289,2,2_hop,girl,graph_box,1.0000,34,2,1,3,,500,347,"274.0,42.0,334.0,236.0"
13689,3888,3888,2,1_hop,building,graph_box,1.0000,24,3,2,2,,700,405,"136.0,57.0,225.0,91.0"
13690,2320068,2320068,3,1_hop,glass,graph_box,1.0000,9,4,3,2,,500,500,"253.0,43.0,436.0,342.0"
13693,2379471,2379471,2,2_hop,pillow,graph_box,1.0000,15,2,1,3,,500,277,"129.0,178.0,190.0,224.0"
13694,2379471,2379471,2,and,pillow,graph_box,1.0000,15,2,1,3,,500,277,"129.0,178.0,190.0,224.0"
13695,2315386,2315386,2,2_hop,tree,graph_box,1.0000,14,2,1,3,,500,334,"0.0,64.0,286.0,333.0"
13696,2315386,2315386,2,and,tree,graph_box,1.0000,14,2,1,3,,500,334,"0.0,64.0,286.0,333.0"
13698,2379479,2379479,2,and,sign,graph_box,1.0000,20,2,1,3,,333,500,"46.0,0.0,113.0,86.0"
13700,2378535,2378535,2,0_hop,woman,graph_box,1.0000,16,2,1,1,,500,332,"145.0,34.0,328.0,331.0"
13701,2378535,2378535,2,1_hop,woman,graph_box,1.0000,16,2,1,2,,500,332,"145.0,34.0,328.0,331.0"
13702,2378535,2378535,3,2_hop,woman,graph_box,1.0000,16,2,1,3,,500,332,"145.0,34.0,328.0,331.0"
13703,2317877,2317877,2,1_hop,giraffe,graph_box,1.0000,29,5,4,2,,500,400,"1.0,213.0,88.0,366.0"
13704,2317877,2317877,2,1_hop,giraffe,graph_box,1.0000,29,5,4,2,,500,400,"404.0,139.0,499.0,360.0"
13705,2317877,2317877,2,2_hop,giraffe,graph_box,1.0000,29,5,4,3,,500,400,"108.0,155.0,293.0,360.0"
13706,2317877,2317877,2,and,giraffe,graph_box,1.0000,29,5,4,3,,500,400,"108.0,155.0,293.0,360.0"
13707,2337735,2337735,2,1_hop,bird,graph_box,1.0000,7,2,1,2,,500,500,"329.0,252.0,462.0,321.0"
13708,2352159,2352159,2,2_hop,man,graph_box,1.0000,19,3,2,3,,500,333,"236.0,62.0,272.0,126.0"
13709,2352159,2352159,2,1_hop,man,graph_box,1.0000,19,3,2,2,,500,333,"236.0,62.0,272.0,126.0"
13713,2319306,2319306,2,1_hop,man,graph_box,1.0000,17,2,1,2,,500,500,"323.0,40.0,500.0,350.0"
13716,2348458,2348458,2,2_hop,chair,graph_box,1.0000,8,2,1,3,,500,367,"423.0,19.0,499.0,278.0"
13717,2348458,2348458,2,1_hop,chair,graph_box,1.0000,8,2,1,2,,500,367,"423.0,19.0,499.0,278.0"
13722,285860,285860,2,and,keyboard,graph_box,1.0000,14,2,1,3,,1024,768,"0.0,503.0,340.0,650.0"
13723,1592581,1592581,2,0_hop,curtain,graph_box,1.0000,24,2,1,1,,1024,768,"36.0,194.0,95.0,768.0"
13725,1592584,1592584,2,and,truck,graph_box,1.0000,19,2,1,3,,768,1024,"0.0,517.0,358.0,1018.0"
13727,1159400,1159400,2,1_hop,woman,graph_box,1.0000,30,2,1,2,,1024,768,"628.0,374.0,946.0,768.0"
13728,1159400,1159400,3,2_hop,woman,graph_box,1.0000,30,2,1,3,,1024,768,"628.0,374.0,946.0,768.0"
13729,2335554,2335554,2,1_hop,building,graph_box,1.0000,11,2,1,2,,317,500,"233.0,24.0,316.0,498.0"
13731,2323120,2323120,2,and,train tracks,graph_box,1.0000,13,2,1,3,,500,333,"263.0,42.0,496.0,332.0"
13733,2323120,2323120,2,1_hop,roof,graph_box,1.0000,13,2,1,2,,500,333,"102.0,25.0,219.0,99.0"
13734,2382358,2382358,2,1_hop,policeman,graph_box,1.0000,20,2,1,2,,500,375,"30.0,17.0,173.0,250.0"
13735,2382358,2382358,3,1_hop,policeman,graph_box,1.0000,20,2,1,2,,500,375,"30.0,17.0,173.0,250.0"
13736,2382358,2382358,2,0_hop,horse,graph_box,1.0000,20,2,1,1,,500,375,"0.0,162.0,150.0,374.0"
13747,2386440,2386440,2,0_hop,truck,graph_box,1.0000,22,2,1,1,,500,332,"138.0,53.0,499.0,331.0"
13749,2386440,2386440,2,and,truck,graph_box,1.0000,22,2,1,3,,500,332,"138.0,53.0,499.0,331.0"
13750,2386440,2386440,3,2_hop,truck,graph_box,1.0000,22,2,1,3,,500,332,"138.0,53.0,499.0,331.0"
13751,2323337,2323337,2,2_hop,elephant,graph_box,1.0000,21,3,2,3,,500,380,"0.0,147.0,173.0,347.0"
13752,2323337,2323337,2,1_hop,elephant,graph_box,1.0000,21,3,2,2,,500,380,"0.0,147.0,173.0,347.0"
13753,2323337,2323337,3,2_hop,elephant,graph_box,1.0000,21,3,2,3,,500,380,"0.0,147.0,173.0,347.0"
13754,2377320,2377320,2,2_hop,spoon,graph_box,1.0000,15,2,1,3,,500,374,"96.0,72.0,123.0,112.0"
13763,2358767,2358767,2,and,building,graph_box,1.0000,16,2,1,3,,500,334,"247.0,0.0,498.0,334.0"
13764,2358767,2358767,3,2_hop,building,graph_box,1.0000,16,2,1,3,,500,334,"247.0,0.0,498.0,334.0"
13772,2362812,2362812,2,2_hop,end table,graph_box,1.0000,18,2,1,3,,500,344,"132.0,185.0,208.0,240.0"
13773,2362812,2362812,2,and,end table,graph_box,1.0000,18,2,1,3,,500,344,"132.0,185.0,208.0,240.0"
13774,2362812,2362812,3,2_hop,end table,graph_box,1.0000,18,2,1,3,,500,344,"132.0,185.0,208.0,240.0"
13777,2355489,2355489,2,and,horse,graph_box,1.0000,19,2,1,3,,500,333,"400.0,0.0,498.0,179.0"
13778,2409205,2409205,2,and,woman,graph_box,1.0000,28,2,1,3,,500,376,"321.0,115.0,475.0,276.0"
13779,2409205,2409205,3,2_hop,woman,graph_box,1.0000,28,2,1,3,,500,376,"321.0,115.0,475.0,276.0"
13782,2384158,2384158,2,2_hop,guy,graph_box,1.0000,24,2,1,3,,363,500,"313.0,374.0,350.0,447.0"
13783,2384158,2384158,2,and,guy,graph_box,1.0000,24,2,1,3,,363,500,"313.0,374.0,350.0,447.0"
13784,2333753,2333753,2,2_hop,woman,graph_box,1.0000,21,2,1,3,,500,333,"0.0,8.0,205.0,331.0"
13785,2333753,2333753,2,and,woman,graph_box,1.0000,21,2,1,3,,500,333,"0.0,8.0,205.0,331.0"
13786,2333753,2333753,3,2_hop,woman,graph_box,1.0000,21,2,1,3,,500,333,"0.0,8.0,205.0,331.0"
13787,2333753,2333753,3,1_hop,woman,graph_box,1.0000,21,2,1,2,,500,333,"0.0,8.0,205.0,331.0"
13791,2316248,2316248,2,1_hop,bush,graph_box,1.0000,45,2,1,2,,333,500,"6.0,293.0,198.0,496.0"
13794,2324567,2324567,2,2_hop,clock,graph_box,1.0000,18,3,2,3,,500,333,"330.0,82.0,362.0,173.0"
13795,2324567,2324567,2,1_hop,clock,graph_box,1.0000,18,3,2,2,,500,333,"330.0,82.0,362.0,173.0"
13796,2328560,2328560,2,and,fence,graph_box,1.0000,27,2,1,3,,500,357,"133.0,293.0,403.0,357.0"
13797,2380483,2380483,2,2_hop,man,graph_box,1.0000,23,2,1,3,,500,375,"157.0,133.0,299.0,375.0"
13798,2380483,2380483,2,1_hop,man,graph_box,1.0000,23,2,1,2,,500,375,"157.0,133.0,299.0,375.0"
13799,2315868,2315868,3,2_hop,screen,graph_box,1.0000,11,3,2,3,,500,333,"69.0,145.0,151.0,204.0"
13800,2315868,2315868,3,2_hop,screen,graph_box,1.0000,11,3,2,3,,500,333,"404.0,10.0,495.0,94.0"
13801,2404963,2404963,2,1_hop,fence,graph_box,1.0000,33,2,1,2,,500,375,"337.0,22.0,499.0,85.0"
13803,2393797,2393797,2,0_hop,airplane,graph_box,1.0000,15,2,1,1,,500,333,"99.0,228.0,300.0,311.0"
13805,2414858,2414858,2,2_hop,fence,graph_box,1.0000,17,2,1,3,,500,334,"0.0,18.0,499.0,115.0"
13806,2414858,2414858,2,1_hop,fence,graph_box,1.0000,17,2,1,2,,500,334,"0.0,18.0,499.0,115.0"
13811,2383328,2383328,2,2_hop,boy,graph_box,1.0000,17,2,1,3,,374,500,"29.0,124.0,132.0,303.0"
13820,2361019,2361019,2,2_hop,building,graph_box,1.0000,26,2,1,3,,500,368,"0.0,33.0,162.0,323.0"
13821,2361019,2361019,2,1_hop,building,graph_box,1.0000,26,2,1,2,,500,368,"0.0,33.0,162.0,323.0"
13822,2398196,2398196,2,0_hop,giraffe,graph_box,1.0000,11,3,2,1,,500,349,"22.0,86.0,180.0,260.0"
13825,2346114,2346114,2,0_hop,plate,graph_box,1.0000,10,2,1,1,,500,332,"477.0,126.0,500.0,277.0"
13828,1110,1110,2,1_hop,computer,graph_box,1.0000,16,3,2,2,,800,600,"107.0,232.0,197.0,337.0"
13831,2350857,2350857,3,2_hop,motorcycle,graph_box,1.0000,22,2,1,3,,500,280,"305.0,90.0,404.0,172.0"
13832,2316914,2316914,2,2_hop,tree,graph_box,1.0000,14,2,1,3,,333,500,"175.0,268.0,278.0,372.0"
13833,2316914,2316914,2,and,tree,graph_box,1.0000,14,2,1,3,,333,500,"175.0,268.0,278.0,372.0"
13834,2396578,2396578,2,0_hop,woman,graph_box,1.0000,19,1,0,1,,500,329,"5.0,1.0,250.0,328.0"
13836,2385221,2385221,2,0_hop,clock,graph_box,1.0000,10,2,1,1,,500,333,"300.0,105.0,333.0,152.0"
13838,2368472,2368472,2,2_hop,wine,graph_box,1.0000,22,2,1,3,,500,375,"365.0,248.0,393.0,267.0"
13839,2368472,2368472,2,1_hop,wine,graph_box,1.0000,22,2,1,2,,500,375,"365.0,248.0,393.0,267.0"
13842,2410899,2410899,1,0_hop,hat,graph_box,1.0000,15,2,1,1,,500,335,"302.0,89.0,378.0,126.0"
13843,2379823,2379823,2,0_hop,sheep,graph_box,1.0000,15,2,1,1,,500,333,"261.0,177.0,444.0,288.0"
13844,2403230,2403230,2,0_hop,tie,graph_box,1.0000,29,2,1,1,,500,333,"322.0,153.0,355.0,311.0"
13845,2403230,2403230,3,2_hop,tie,graph_box,1.0000,29,2,1,3,,500,333,"322.0,153.0,355.0,311.0"
13846,2349042,2349042,2,1_hop,tree,graph_box,1.0000,23,2,1,2,,375,500,"292.0,339.0,353.0,435.0"
13847,2349042,2349042,3,1_hop,tree,graph_box,1.0000,23,2,1,2,,375,500,"292.0,339.0,353.0,435.0"
13850,2351463,2351463,2,and,skier,graph_box,1.0000,26,3,2,3,,375,500,"310.0,259.0,363.0,401.0"
13852,2378299,2378299,2,2_hop,chair,graph_box,1.0000,19,2,1,3,,328,500,"230.0,101.0,325.0,189.0"
13854,2353354,2353354,2,2_hop,mirror,graph_box,1.0000,20,2,1,3,,240,320,"59.0,24.0,113.0,68.0"
13855,2353354,2353354,2,and,mirror,graph_box,1.0000,20,2,1,3,,240,320,"59.0,24.0,113.0,68.0"
13856,2336104,2336104,2,and,pole,graph_box,1.0000,14,3,2,3,,500,375,"387.0,32.0,422.0,357.0"
13859,4488,4488,2,and,plant,graph_box,1.0000,22,2,1,3,,500,333,"300.0,261.0,390.0,333.0"
13870,2408028,2408028,2,and,man,graph_box,1.0000,20,2,1,3,,500,333,"0.0,146.0,28.0,186.0"
13871,2391197,2391197,2,and,man,graph_box,1.0000,27,3,2,3,,348,500,"18.0,57.0,198.0,499.0"
13875,2390913,2390913,2,0_hop,pillow,graph_box,1.0000,11,2,1,1,,500,374,"239.0,30.0,337.0,191.0"
13876,167,167,2,0_hop,chair,graph_box,1.0000,18,2,1,1,,400,291,"84.0,144.0,118.0,184.0"
13879,2360173,2360173,3,1_hop,glass,graph_box,1.0000,20,2,1,2,,500,500,"150.0,163.0,228.0,247.0"
13880,2360173,2360173,2,2_hop,plate,graph_box,1.0000,20,2,1,3,,500,500,"0.0,233.0,214.0,413.0"
13881,2360173,2360173,2,and,plate,graph_box,1.0000,20,2,1,3,,500,500,"0.0,233.0,214.0,413.0"
13882,2360173,2360173,3,2_hop,plate,graph_box,1.0000,20,2,1,3,,500,500,"0.0,233.0,214.0,413.0"
13883,2399690,2399690,2,0_hop,pillow,graph_box,1.0000,11,2,1,1,,333,500,"156.0,20.0,333.0,175.0"
13889,2412249,2412249,2,0_hop,wire,graph_box,1.0000,11,2,1,1,,500,375,"1.0,44.0,108.0,104.0"
13890,2412249,2412249,2,2_hop,wire,graph_box,1.0000,11,2,1,3,,500,375,"1.0,44.0,108.0,104.0"
13891,2412249,2412249,2,and,wire,graph_box,1.0000,11,2,1,3,,500,375,"1.0,44.0,108.0,104.0"
13892,2372684,2372684,2,1_hop,bird,graph_box,1.0000,10,3,2,2,,333,500,"251.0,211.0,280.0,311.0"
13894,2341698,2341698,2,and,woman,graph_box,1.0000,25,2,1,3,,500,269,"54.0,25.0,178.0,269.0"
13899,2388018,2388018,2,2_hop,bottle,graph_box,1.0000,11,3,2,3,,500,375,"238.0,258.0,272.0,371.0"
13900,2388018,2388018,2,1_hop,bottle,graph_box,1.0000,11,3,2,2,,500,375,"238.0,258.0,272.0,371.0"
13901,2386700,2386700,2,0_hop,plate,graph_box,1.0000,14,2,1,1,,500,500,"9.0,327.0,221.0,488.0"
13905,2403060,2403060,2,1_hop,child,graph_box,1.0000,25,2,1,2,,500,375,"343.0,233.0,371.0,310.0"
13906,2403060,2403060,3,2_hop,child,graph_box,1.0000,25,2,1,3,,500,375,"343.0,233.0,371.0,310.0"
13908,2403060,2403060,2,and,man,graph_box,1.0000,25,2,1,3,,500,375,"62.0,32.0,101.0,107.0"
13909,2355736,2355736,2,2_hop,boy,graph_box,1.0000,34,3,2,3,,500,305,"179.0,77.0,292.0,276.0"
13915,2413903,2413903,2,0_hop,laptop,graph_box,1.0000,19,2,1,1,,500,376,"240.0,151.0,423.0,322.0"
13916,2413903,2413903,2,2_hop,laptop,graph_box,1.0000,19,2,1,3,,500,376,"240.0,151.0,423.0,322.0"
13918,2416361,2416361,2,0_hop,label,graph_box,1.0000,19,3,2,1,,500,332,"409.0,125.0,445.0,206.0"
13919,2416361,2416361,2,0_hop,label,graph_box,1.0000,19,3,2,1,,500,332,"218.0,172.0,254.0,245.0"
13920,2370902,2370902,2,and,bear,graph_box,1.0000,31,3,2,3,,500,333,"202.0,220.0,329.0,302.0"
13921,2372217,2372217,3,2_hop,train tracks,graph_box,1.0000,21,3,2,3,,500,316,"287.0,236.0,320.0,245.0"
13923,2319140,2319140,2,2_hop,street light,graph_box,1.0000,22,3,2,3,,500,283,"407.0,119.0,432.0,209.0"
13924,2319140,2319140,2,and,street light,graph_box,1.0000,22,3,2,3,,500,283,"407.0,119.0,432.0,209.0"
13925,2357649,2357649,2,2_hop,man,graph_box,1.0000,29,3,2,3,,357,500,"282.0,109.0,357.0,499.0"
13926,2357649,2357649,2,1_hop,man,graph_box,1.0000,29,3,2,2,,357,500,"282.0,109.0,357.0,499.0"
13927,2357649,2357649,2,2_hop,man,graph_box,1.0000,29,3,2,3,,357,500,"97.0,82.0,357.0,422.0"
13928,2357649,2357649,2,1_hop,man,graph_box,1.0000,29,3,2,2,,357,500,"97.0,82.0,357.0,422.0"
13933,2344193,2344193,1,1_hop,gate,objects_id_first,0.4990,32,2,1,2,,500,375,"98.9,65.8,294.6,200.0"
13934,2416348,2416348,2,0_hop,dog,graph_box,1.0000,9,2,1,1,,375,500,"147.0,243.0,296.0,343.0"
13936,2366523,2366523,2,1_hop,tree,graph_box,1.0000,19,5,4,2,,320,240,"263.0,44.0,320.0,111.0"
13937,2366523,2366523,3,1_hop,tree,graph_box,1.0000,19,5,4,2,,320,240,"19.0,0.0,61.0,55.0"
13938,2379178,2379178,2,2_hop,apple,graph_box,1.0000,17,2,1,3,,500,375,"58.0,341.0,137.0,375.0"
13939,2379178,2379178,2,1_hop,apple,graph_box,1.0000,17,2,1,2,,500,375,"58.0,341.0,137.0,375.0"
13940,2343415,2343415,2,and,man,graph_box,1.0000,27,3,2,3,,500,449,"0.0,214.0,65.0,403.0"
13941,2343415,2343415,3,2_hop,man,graph_box,1.0000,27,3,2,3,,500,449,"0.0,214.0,65.0,403.0"
13952,2316861,2316861,2,2_hop,man,graph_box,1.0000,30,2,1,3,,342,500,"128.0,116.0,318.0,499.0"
13953,2316861,2316861,2,1_hop,man,graph_box,1.0000,30,2,1,2,,342,500,"128.0,116.0,318.0,499.0"
13954,2381963,2381963,2,2_hop,laptop,graph_box,1.0000,31,3,2,3,,500,375,"460.0,132.0,499.0,201.0"
13955,2381963,2381963,2,and,laptop,graph_box,1.0000,31,3,2,3,,500,375,"460.0,132.0,499.0,201.0"
13957,2408934,2408934,2,2_hop,cat,graph_box,1.0000,17,2,1,3,,375,500,"70.0,4.0,219.0,105.0"
13958,2408934,2408934,2,1_hop,cat,graph_box,1.0000,17,2,1,2,,375,500,"70.0,4.0,219.0,105.0"
13959,2353755,2353755,2,2_hop,train,graph_box,1.0000,21,2,1,3,,500,380,"116.0,111.0,279.0,268.0"
13960,2353755,2353755,2,1_hop,train,graph_box,1.0000,21,2,1,2,,500,380,"116.0,111.0,279.0,268.0"
13961,2364476,2364476,2,2_hop,towel,graph_box,1.0000,15,2,1,3,,375,500,"239.0,335.0,325.0,500.0"
13962,2364476,2364476,2,and,towel,graph_box,1.0000,15,2,1,3,,375,500,"239.0,335.0,325.0,500.0"
13963,2347670,2347670,2,2_hop,man,graph_box,1.0000,19,2,1,3,,500,422,"35.0,22.0,147.0,419.0"
13964,2347670,2347670,2,and,man,graph_box,1.0000,19,2,1,3,,500,422,"35.0,22.0,147.0,419.0"
13968,2373429,2373429,2,1_hop,building,graph_box,1.0000,42,2,1,2,,500,333,"1.0,17.0,171.0,166.0"
13970,2381312,2381312,2,2_hop,train,graph_box,1.0000,10,2,1,3,,500,333,"418.0,92.0,499.0,161.0"
13971,2381312,2381312,2,and,train,graph_box,1.0000,10,2,1,3,,500,333,"418.0,92.0,499.0,161.0"
13975,2397862,2397862,2,2_hop,building,graph_box,1.0000,19,2,1,3,,500,332,"285.0,64.0,420.0,122.0"
13976,2397862,2397862,2,1_hop,building,graph_box,1.0000,19,2,1,2,,500,332,"285.0,64.0,420.0,122.0"
13978,2397862,2397862,3,1_hop,building,graph_box,1.0000,19,2,1,2,,500,332,"285.0,64.0,420.0,122.0"
13979,2366184,2366184,2,1_hop,woman,graph_box,1.0000,30,2,1,2,,334,500,"142.0,21.0,303.0,234.0"
13980,2327311,2327311,2,2_hop,man,graph_box,1.0000,22,2,1,3,,500,333,"0.0,1.0,139.0,324.0"
13981,2327311,2327311,2,and,man,graph_box,1.0000,22,2,1,3,,500,333,"0.0,1.0,139.0,324.0"
13984,2371555,2371555,2,1_hop,tree,graph_box,1.0000,14,2,1,2,,500,375,"4.0,1.0,500.0,374.0"
13986,2395309,2395309,2,2_hop,woman,graph_box,1.0000,33,4,3,3,,500,500,"63.0,33.0,236.0,499.0"
13987,2395309,2395309,2,and,woman,graph_box,1.0000,33,4,3,3,,500,500,"63.0,33.0,236.0,499.0"
13988,2363481,2363481,2,2_hop,tree,graph_box,1.0000,25,2,1,3,,500,500,"262.0,0.0,500.0,315.0"
13989,2363481,2363481,2,1_hop,tree,graph_box,1.0000,25,2,1,2,,500,500,"262.0,0.0,500.0,315.0"
13990,2360703,2360703,2,2_hop,table,graph_box,1.0000,9,2,1,3,,331,500,"175.0,416.0,295.0,500.0"
13992,2377467,2377467,2,2_hop,man,graph_box,1.0000,48,11,10,3,,500,393,"0.0,143.0,55.0,297.0"
13993,2377467,2377467,2,1_hop,man,graph_box,1.0000,48,11,10,2,,500,393,"0.0,143.0,55.0,297.0"
13997,2410056,2410056,3,2_hop,pole,graph_box,1.0000,24,4,3,3,,500,329,"85.0,1.0,103.0,326.0"
13998,2323933,2323933,2,0_hop,motorcycle,graph_box,1.0000,14,3,2,1,,500,333,"182.0,2.0,490.0,206.0"
13999,2323933,2323933,2,2_hop,motorcycle,graph_box,1.0000,14,3,2,3,,500,333,"182.0,2.0,490.0,206.0"
14003,268,268,2,0_hop,tower,graph_box,1.0000,24,2,1,1,,640,480,"395.0,340.0,604.0,479.0"
14004,268,268,2,2_hop,tower,graph_box,1.0000,24,2,1,3,,640,480,"395.0,340.0,604.0,479.0"
14005,268,268,2,and,tower,graph_box,1.0000,24,2,1,3,,640,480,"395.0,340.0,604.0,479.0"
14006,268,268,3,2_hop,tower,graph_box,1.0000,24,2,1,3,,640,480,"395.0,340.0,604.0,479.0"
14008,2405664,2405664,2,1_hop,pillow,graph_box,1.0000,14,3,2,2,,500,375,"75.0,142.0,149.0,240.0"
14009,1592594,1592594,2,0_hop,sign,graph_box,1.0000,18,2,1,1,,612,612,"390.0,338.0,411.0,352.0"
14010,2389372,2389372,2,0_hop,box,graph_box,1.0000,24,2,1,1,,500,375,"176.0,164.0,229.0,267.0"
14011,2339061,2339061,2,2_hop,glass,graph_box,1.0000,21,2,1,3,,500,487,"446.0,51.0,499.0,281.0"
14012,2339061,2339061,2,and,glass,graph_box,1.0000,21,2,1,3,,500,487,"446.0,51.0,499.0,281.0"
14013,2339061,2339061,3,2_hop,glass,graph_box,1.0000,21,2,1,3,,500,487,"446.0,51.0,499.0,281.0"
14014,2339061,2339061,2,2_hop,beverage,graph_box,1.0000,21,2,1,3,,500,487,"360.0,113.0,451.0,245.0"
14015,2339061,2339061,2,and,beverage,graph_box,1.0000,21,2,1,3,,500,487,"360.0,113.0,451.0,245.0"
14017,2636,2636,2,2_hop,tree,graph_box,1.0000,67,7,6,3,,800,600,"677.0,221.0,798.0,399.0"
14018,2636,2636,2,1_hop,tree,graph_box,1.0000,67,7,6,2,,800,600,"677.0,221.0,798.0,399.0"
14019,2636,2636,2,2_hop,tree,graph_box,1.0000,67,7,6,3,,800,600,"48.0,263.0,206.0,517.0"
14028,2391752,2391752,2,0_hop,umbrella,graph_box,1.0000,23,5,4,1,,500,375,"136.0,214.0,199.0,259.0"
14030,2397439,2397439,2,2_hop,pipe,graph_box,1.0000,17,2,1,3,,375,500,"359.0,160.0,367.0,176.0"
14031,2397439,2397439,2,1_hop,pipe,graph_box,1.0000,17,2,1,2,,375,500,"359.0,160.0,367.0,176.0"
14033,2405496,2405496,2,2_hop,bird,graph_box,1.0000,14,2,1,3,,500,333,"2.0,39.0,60.0,72.0"
14034,2405496,2405496,2,1_hop,bird,graph_box,1.0000,14,2,1,2,,500,333,"2.0,39.0,60.0,72.0"
14035,1592413,1592413,2,2_hop,man,graph_box,1.0000,20,3,2,3,,1024,683,"279.0,0.0,770.0,683.0"
14036,1592413,1592413,2,1_hop,man,graph_box,1.0000,20,3,2,2,,1024,683,"279.0,0.0,770.0,683.0"
14037,2335053,2335053,2,1_hop,racket,graph_box,1.0000,13,2,1,2,,331,500,"148.0,20.0,222.0,155.0"
14043,2383905,2383905,2,2_hop,man,graph_box,1.0000,19,2,1,3,,500,332,"124.0,34.0,244.0,255.0"
14045,2339026,2339026,2,2_hop,man,graph_box,1.0000,17,3,2,3,,500,334,"0.0,2.0,196.0,334.0"
14046,2339026,2339026,2,1_hop,man,graph_box,1.0000,17,3,2,2,,500,334,"0.0,2.0,196.0,334.0"
14047,2339026,2339026,3,2_hop,man,graph_box,1.0000,17,3,2,3,,500,334,"0.0,2.0,196.0,334.0"
14048,2339026,2339026,3,1_hop,man,graph_box,1.0000,17,3,2,2,,500,334,"0.0,2.0,196.0,334.0"
14049,2385274,2385274,2,2_hop,bear,graph_box,1.0000,17,8,7,3,,500,375,"125.0,198.0,211.0,313.0"
14050,2385274,2385274,2,and,bear,graph_box,1.0000,17,8,7,3,,500,375,"125.0,198.0,211.0,313.0"
14051,2385274,2385274,2,2_hop,bear,graph_box,1.0000,17,8,7,3,,500,375,"60.0,58.0,359.0,374.0"
14052,2385274,2385274,2,1_hop,bear,graph_box,1.0000,17,8,7,2,,500,375,"60.0,58.0,359.0,374.0"
14054,2411509,2411509,2,1_hop,building,graph_box,1.0000,27,2,1,2,,500,375,"3.0,0.0,185.0,76.0"
14055,2404504,2404504,2,2_hop,tool,graph_box,1.0000,8,3,2,3,,500,366,"216.0,48.0,490.0,242.0"
14056,2404504,2404504,2,and,tool,graph_box,1.0000,8,3,2,3,,500,366,"216.0,48.0,490.0,242.0"
14059,2395374,2395374,2,2_hop,traffic light,graph_box,1.0000,23,2,1,3,,500,375,"228.0,124.0,247.0,149.0"
14060,2395374,2395374,2,1_hop,traffic light,graph_box,1.0000,23,2,1,2,,500,375,"228.0,124.0,247.0,149.0"
14061,2319006,2319006,2,2_hop,plant,graph_box,1.0000,31,2,1,3,,500,375,"177.0,110.0,274.0,195.0"
14062,2319006,2319006,2,and,plant,graph_box,1.0000,31,2,1,3,,500,375,"177.0,110.0,274.0,195.0"
14063,2381612,2381612,2,0_hop,kite,graph_box,1.0000,13,2,1,1,,500,375,"39.0,181.0,256.0,319.0"
14064,2381612,2381612,2,2_hop,kite,graph_box,1.0000,13,2,1,3,,500,375,"39.0,181.0,256.0,319.0"
14065,2381612,2381612,2,and,kite,graph_box,1.0000,13,2,1,3,,500,375,"39.0,181.0,256.0,319.0"
14066,2417463,2417463,2,2_hop,tree,graph_box,1.0000,12,2,1,3,,500,338,"247.0,1.0,396.0,168.0"
14067,2417463,2417463,2,1_hop,tree,graph_box,1.0000,12,2,1,2,,500,338,"247.0,1.0,396.0,168.0"
14068,2383551,2383551,2,1_hop,man,graph_box,1.0000,20,2,1,2,,500,375,"63.0,133.0,258.0,374.0"
14074,2391642,2391642,2,0_hop,bowl,graph_box,1.0000,15,2,1,1,,500,331,"263.0,266.0,413.0,330.0"
14075,2391642,2391642,2,2_hop,bowl,graph_box,1.0000,15,2,1,3,,500,331,"263.0,266.0,413.0,330.0"
14077,2395431,2395431,2,1_hop,bench,graph_box,1.0000,31,3,2,2,,323,500,"42.0,352.0,190.0,455.0"
14079,2388666,2388666,2,0_hop,cup,graph_box,1.0000,10,3,2,1,,500,409,"0.0,136.0,70.0,254.0"
14080,2388666,2388666,2,0_hop,cup,graph_box,1.0000,10,3,2,1,,500,409,"54.0,159.0,146.0,268.0"
14082,2372977,2372977,2,2_hop,pole,graph_box,1.0000,15,2,1,3,,500,334,"8.0,0.0,37.0,200.0"
14084,2336990,2336990,2,2_hop,people,graph_box,1.0000,27,2,1,3,,500,335,"0.0,0.0,263.0,334.0"
14085,2336990,2336990,2,and,people,graph_box,1.0000,27,2,1,3,,500,335,"0.0,0.0,263.0,334.0"
14089,1159289,1159289,2,2_hop,books,graph_box,1.0000,23,3,2,3,,800,600,"295.0,271.0,301.0,303.0"
14090,1159289,1159289,2,1_hop,books,graph_box,1.0000,23,3,2,2,,800,600,"295.0,271.0,301.0,303.0"
14091,2346877,2346877,2,0_hop,horse,graph_box,1.0000,21,2,1,1,,500,281,"182.0,67.0,288.0,140.0"
14093,2356402,2356402,2,1_hop,man,graph_box,1.0000,31,3,2,2,,500,375,"116.0,46.0,262.0,230.0"
14096,2335755,2335755,2,1_hop,tree,graph_box,1.0000,17,2,1,2,,333,500,"0.0,222.0,87.0,391.0"
14098,2377976,2377976,3,2_hop,wine,graph_box,1.0000,51,5,4,3,,500,375,"467.0,308.0,500.0,347.0"
14101,2407398,2407398,2,1_hop,cake,graph_box,1.0000,20,2,1,2,,500,331,"36.0,155.0,196.0,255.0"
14102,2368926,2368926,2,0_hop,surfer,graph_box,1.0000,18,2,1,1,,333,500,"103.0,105.0,227.0,392.0"
14104,2409884,2409884,2,0_hop,man,graph_box,1.0000,16,2,1,1,,375,500,"97.0,111.0,268.0,408.0"
14105,2409884,2409884,2,2_hop,man,graph_box,1.0000,16,2,1,3,,375,500,"97.0,111.0,268.0,408.0"
14106,2409884,2409884,2,and,man,graph_box,1.0000,16,2,1,3,,375,500,"97.0,111.0,268.0,408.0"
14108,2405322,2405322,2,2_hop,zebra,graph_box,1.0000,21,3,2,3,,500,375,"153.0,150.0,213.0,191.0"
14109,2405322,2405322,2,and,zebra,graph_box,1.0000,21,3,2,3,,500,375,"153.0,150.0,213.0,191.0"
14110,2405322,2405322,3,2_hop,tree,graph_box,1.0000,21,3,2,3,,500,375,"1.0,0.0,133.0,173.0"
14113,2408602,2408602,2,0_hop,girl,graph_box,1.0000,26,3,2,1,,500,333,"216.0,148.0,289.0,304.0"
14114,2378136,2378136,2,2_hop,pole,graph_box,1.0000,9,2,1,3,,500,331,"121.0,188.0,127.0,248.0"
14115,2378136,2378136,2,1_hop,pole,graph_box,1.0000,9,2,1,2,,500,331,"121.0,188.0,127.0,248.0"
14116,2335122,2335122,2,1_hop,towel,graph_box,1.0000,14,2,1,2,,335,500,"237.0,322.0,271.0,387.0"
14117,2371775,2371775,2,2_hop,door,graph_box,1.0000,21,2,1,3,,500,336,"44.0,191.0,70.0,247.0"
14118,2371775,2371775,2,and,door,graph_box,1.0000,21,2,1,3,,500,336,"44.0,191.0,70.0,247.0"
14119,2389688,2389688,2,1_hop,bush,graph_box,1.0000,30,6,5,2,,500,333,"10.0,249.0,61.0,281.0"
14120,2389688,2389688,3,2_hop,bush,graph_box,1.0000,30,6,5,3,,500,333,"10.0,249.0,61.0,281.0"
14124,2393111,2393111,2,0_hop,bird,graph_box,1.0000,20,2,1,1,,500,333,"84.0,22.0,114.0,63.0"
14125,2407372,2407372,2,2_hop,girl,graph_box,1.0000,33,2,1,3,,500,333,"8.0,118.0,57.0,285.0"
14126,2407372,2407372,2,and,girl,graph_box,1.0000,33,2,1,3,,500,333,"8.0,118.0,57.0,285.0"
14127,2384964,2384964,2,0_hop,smoke,graph_box,1.0000,12,2,1,1,,500,333,"116.0,134.0,500.0,333.0"
14128,713860,713860,1,1_hop,man,graph_box,1.0000,24,2,1,2,,1024,682,"547.0,217.0,955.0,682.0"
14129,2364642,2364642,2,2_hop,basket,graph_box,1.0000,28,2,1,3,,500,334,"455.0,175.0,500.0,278.0"
14131,2364642,2364642,3,2_hop,basket,graph_box,1.0000,28,2,1,3,,500,334,"455.0,175.0,500.0,278.0"
14133,2403266,2403266,2,0_hop,woman,graph_box,1.0000,20,1,0,1,,500,333,"149.0,276.0,196.0,332.0"
14134,2371279,2371279,2,0_hop,wire,graph_box,1.0000,19,3,2,1,,375,500,"0.0,447.0,116.0,479.0"
14135,2371279,2371279,2,1_hop,wire,graph_box,1.0000,19,3,2,2,,375,500,"0.0,447.0,116.0,479.0"
14136,2367515,2367515,2,0_hop,bear,graph_box,1.0000,15,2,1,1,,500,500,"285.0,68.0,442.0,269.0"
14137,2367515,2367515,2,1_hop,bear,graph_box,1.0000,15,2,1,2,,500,500,"285.0,68.0,442.0,269.0"
14139,2411633,2411633,2,and,kite,graph_box,1.0000,17,4,3,3,,500,485,"369.0,184.0,423.0,199.0"
14142,2398108,2398108,2,1_hop,man,graph_box,1.0000,22,2,1,2,,500,333,"235.0,78.0,405.0,332.0"
14143,2384397,2384397,3,2_hop,seat,graph_box,1.0000,24,2,1,3,,375,500,"16.0,286.0,155.0,356.0"
14144,2384397,2384397,3,1_hop,seat,graph_box,1.0000,24,2,1,2,,375,500,"16.0,286.0,155.0,356.0"
14146,2403107,2403107,2,0_hop,refrigerator,graph_box,1.0000,19,2,1,1,,500,333,"104.0,93.0,307.0,332.0"
14149,2350644,2350644,2,1_hop,man,graph_box,1.0000,31,7,6,2,,375,500,"127.0,48.0,305.0,382.0"
14150,2353040,2353040,2,2_hop,food,graph_box,1.0000,23,2,1,3,,375,500,"286.0,253.0,374.0,274.0"
14151,2353040,2353040,2,1_hop,food,graph_box,1.0000,23,2,1,2,,375,500,"286.0,253.0,374.0,274.0"
14153,2413251,2413251,2,and,boy,graph_box,1.0000,20,2,1,3,,500,500,"281.0,97.0,483.0,443.0"
14154,2327809,2327809,2,2_hop,chair,graph_box,1.0000,18,2,1,3,,500,375,"92.0,0.0,177.0,97.0"
14155,2327809,2327809,2,1_hop,chair,graph_box,1.0000,18,2,1,2,,500,375,"92.0,0.0,177.0,97.0"
14156,2992,2992,2,1_hop,building,graph_box,1.0000,20,2,1,2,,800,600,"0.0,1.0,60.0,515.0"
14157,2377004,2377004,2,1_hop,sign,graph_box,1.0000,19,2,1,2,,500,332,"264.0,39.0,312.0,96.0"
14158,2367570,2367570,2,1_hop,dock,graph_box,1.0000,35,2,1,2,,500,333,"0.0,248.0,154.0,268.0"
14159,2367570,2367570,3,2_hop,dock,graph_box,1.0000,35,2,1,3,,500,333,"0.0,248.0,154.0,268.0"
14160,2367570,2367570,3,1_hop,dock,graph_box,1.0000,35,2,1,2,,500,333,"0.0,248.0,154.0,268.0"
14163,2411294,2411294,2,0_hop,letters,graph_box,1.0000,18,2,1,1,,500,192,"204.0,112.0,257.0,126.0"
14164,2350086,2350086,2,2_hop,tree,graph_box,1.0000,29,2,1,3,,500,375,"0.0,73.0,240.0,375.0"
14165,2350086,2350086,2,and,tree,graph_box,1.0000,29,2,1,3,,500,375,"0.0,73.0,240.0,375.0"
14166,2350086,2350086,3,2_hop,tree,graph_box,1.0000,29,2,1,3,,500,375,"0.0,73.0,240.0,375.0"
14167,2350887,2350887,3,2_hop,buildings,graph_box,1.0000,22,2,1,3,,500,374,"36.0,146.0,243.0,202.0"
14168,2368828,2368828,2,2_hop,man,graph_box,1.0000,21,2,1,3,,375,500,"284.0,39.0,363.0,262.0"
14169,2368828,2368828,2,and,man,graph_box,1.0000,21,2,1,3,,375,500,"284.0,39.0,363.0,262.0"
14173,2337816,2337816,2,and,man,graph_box,1.0000,13,2,1,3,,500,333,"322.0,164.0,387.0,330.0"
14175,2395223,2395223,2,0_hop,helmet,graph_box,1.0000,17,2,1,1,,500,333,"244.0,99.0,275.0,125.0"
14176,2395223,2395223,2,1_hop,player,graph_box,1.0000,17,2,1,2,,500,333,"175.0,49.0,284.0,278.0"
14177,2364858,2364858,2,2_hop,tray,graph_box,1.0000,17,2,1,3,,500,375,"158.0,1.0,499.0,40.0"
14179,2318427,2318427,3,2_hop,salad,graph_box,1.0000,24,2,1,3,,500,333,"250.0,120.0,346.0,193.0"
14180,2323628,2323628,2,2_hop,table,graph_box,1.0000,33,4,3,3,,500,375,"99.0,171.0,409.0,353.0"
14181,2323628,2323628,2,1_hop,table,graph_box,1.0000,33,4,3,2,,500,375,"99.0,171.0,409.0,353.0"
14185,2323628,2323628,2,and,man,graph_box,1.0000,33,2,1,3,,500,375,"298.0,24.0,500.0,373.0"
14186,2387820,2387820,2,1_hop,sheep,graph_box,1.0000,13,6,5,2,,375,500,"0.0,7.0,180.0,411.0"
14187,2387820,2387820,2,0_hop,sheep,graph_box,1.0000,13,6,5,1,,375,500,"273.0,0.0,365.0,107.0"
14188,2325759,2325759,2,2_hop,cup,graph_box,1.0000,11,2,1,3,,500,374,"325.0,0.0,395.0,59.0"
14189,2325759,2325759,2,1_hop,cup,graph_box,1.0000,11,2,1,2,,500,374,"325.0,0.0,395.0,59.0"
14191,2398501,2398501,2,0_hop,girl,graph_box,1.0000,28,1,0,1,,500,344,"29.0,78.0,152.0,206.0"
14195,2338882,2338882,2,0_hop,paper,graph_box,1.0000,8,2,1,1,,375,500,"138.0,378.0,199.0,429.0"
14198,2407446,2407446,2,2_hop,bus,graph_box,1.0000,22,2,1,3,,500,333,"463.0,16.0,500.0,84.0"
14199,2407446,2407446,2,1_hop,bus,graph_box,1.0000,22,2,1,2,,500,333,"463.0,16.0,500.0,84.0"
14200,2407446,2407446,3,2_hop,bus,graph_box,1.0000,22,2,1,3,,500,333,"463.0,16.0,500.0,84.0"
14201,2379554,2379554,2,and,pole,graph_box,1.0000,7,2,1,3,,500,332,"10.0,144.0,58.0,328.0"
14207,2358034,2358034,2,and,kettle,graph_box,1.0000,30,2,1,3,,333,500,"16.0,231.0,151.0,377.0"
14210,2326447,2326447,2,and,woman,graph_box,1.0000,12,3,2,3,,500,399,"128.0,203.0,171.0,317.0"
14212,2406734,2406734,2,2_hop,man,graph_box,1.0000,36,4,3,3,,500,333,"48.0,11.0,185.0,330.0"
14214,2406734,2406734,3,2_hop,man,graph_box,1.0000,36,4,3,3,,500,333,"48.0,11.0,185.0,330.0"
14215,2383780,2383780,2,0_hop,chair,graph_box,1.0000,22,2,1,1,,500,375,"231.0,18.0,351.0,144.0"
14216,2342100,2342100,2,1_hop,hot dog,graph_box,1.0000,30,2,1,2,,500,396,"148.0,143.0,160.0,166.0"
14220,1526,1526,2,2_hop,chair,graph_box,1.0000,14,2,1,3,,800,600,"0.0,370.0,282.0,599.0"
14221,1526,1526,2,and,chair,graph_box,1.0000,14,2,1,3,,800,600,"0.0,370.0,282.0,599.0"
14222,1526,1526,3,2_hop,chair,graph_box,1.0000,14,2,1,3,,800,600,"0.0,370.0,282.0,599.0"
14224,1522,1522,2,1_hop,computer,graph_box,1.0000,18,2,1,2,,640,480,"133.0,333.0,198.0,473.0"
14225,2378852,2378852,2,2_hop,door,graph_box,1.0000,26,2,1,3,,500,296,"121.0,40.0,185.0,184.0"
14226,2378852,2378852,2,and,door,graph_box,1.0000,26,2,1,3,,500,296,"121.0,40.0,185.0,184.0"
14227,2378857,2378857,2,0_hop,man,graph_box,1.0000,15,1,0,1,,500,334,"227.0,185.0,275.0,298.0"
14228,2378858,2378858,2,0_hop,boat,graph_box,1.0000,12,2,1,1,,500,375,"83.0,165.0,143.0,246.0"
14230,2346511,2346511,3,2_hop,sign,graph_box,1.0000,17,5,4,3,,324,500,"211.0,386.0,225.0,395.0"
14231,2346511,2346511,3,2_hop,sign,graph_box,1.0000,17,5,4,3,,324,500,"43.0,398.0,60.0,414.0"
14235,2383197,2383197,2,2_hop,plate,graph_box,1.0000,16,2,1,3,,500,375,"36.0,66.0,282.0,241.0"
14236,2383197,2383197,2,and,plate,graph_box,1.0000,16,2,1,3,,500,375,"36.0,66.0,282.0,241.0"
14237,2911,2911,2,1_hop,building,graph_box,1.0000,4,2,1,2,,800,600,"0.0,202.0,310.0,529.0"
14239,2377088,2377088,2,2_hop,table,graph_box,1.0000,14,2,1,3,,500,375,"0.0,33.0,185.0,292.0"
14240,2377088,2377088,2,1_hop,table,graph_box,1.0000,14,2,1,2,,500,375,"0.0,33.0,185.0,292.0"
14242,2413503,2413503,2,2_hop,snowboard,graph_box,1.0000,18,2,1,3,,500,375,"29.0,233.0,50.0,270.0"
14244,2368124,2368124,2,2_hop,building,graph_box,1.0000,26,2,1,3,,500,333,"0.0,117.0,500.0,191.0"
14245,2368124,2368124,2,1_hop,building,graph_box,1.0000,26,2,1,2,,500,333,"0.0,117.0,500.0,191.0"
14246,1159258,1159258,2,2_hop,speaker,graph_box,1.0000,10,2,1,3,,1024,576,"526.0,253.0,568.0,381.0"
14247,1159258,1159258,2,1_hop,speaker,graph_box,1.0000,10,2,1,2,,1024,576,"526.0,253.0,568.0,381.0"
14251,2397009,2397009,2,2_hop,boy,graph_box,1.0000,30,2,1,3,,500,333,"26.0,160.0,113.0,294.0"
14253,2361636,2361636,2,1_hop,bus,graph_box,1.0000,10,2,1,2,,500,375,"0.0,219.0,118.0,333.0"
14259,2316520,2316520,2,1_hop,man,graph_box,1.0000,19,2,1,2,,333,500,"0.0,111.0,111.0,502.0"
14260,2316520,2316520,3,2_hop,man,graph_box,1.0000,19,2,1,3,,333,500,"0.0,111.0,111.0,502.0"
14261,713086,713086,2,and,man,graph_box,1.0000,26,2,1,3,,1024,680,"0.0,457.0,157.0,680.0"
14263,2339294,2339294,2,1_hop,car,graph_box,1.0000,23,3,2,2,,500,281,"0.0,142.0,82.0,192.0"
14264,2399966,2399966,2,2_hop,towels,graph_box,1.0000,16,2,1,3,,375,500,"186.0,229.0,239.0,250.0"
14265,2399966,2399966,2,1_hop,towels,graph_box,1.0000,16,2,1,2,,375,500,"186.0,229.0,239.0,250.0"
14267,2396519,2396519,2,1_hop,donut,graph_box,1.0000,17,4,3,2,,500,375,"300.0,81.0,456.0,224.0"
14270,2396519,2396519,2,2_hop,donut,graph_box,1.0000,17,4,3,3,,500,375,"1.0,196.0,198.0,373.0"
14271,2396519,2396519,2,and,donut,graph_box,1.0000,17,4,3,3,,500,375,"1.0,196.0,198.0,373.0"
14274,2371443,2371443,2,1_hop,man,graph_box,1.0000,19,3,2,2,,500,273,"67.0,86.0,108.0,159.0"
14275,713692,713692,2,2_hop,newspaper,graph_box,1.0000,34,2,1,3,,828,1024,"512.0,512.0,714.0,645.0"
14276,713692,713692,2,1_hop,newspaper,graph_box,1.0000,34,2,1,2,,828,1024,"512.0,512.0,714.0,645.0"
14277,2413380,2413380,2,2_hop,surfboard,graph_box,1.0000,31,3,2,3,,500,375,"389.0,84.0,500.0,180.0"
14278,2413380,2413380,2,and,surfboard,graph_box,1.0000,31,3,2,3,,500,375,"389.0,84.0,500.0,180.0"
14279,2343318,2343318,2,2_hop,car,graph_box,1.0000,20,2,1,3,,500,375,"478.0,145.0,500.0,165.0"
14280,2343318,2343318,2,1_hop,car,graph_box,1.0000,20,2,1,2,,500,375,"478.0,145.0,500.0,165.0"
14283,2349252,2349252,2,2_hop,table,graph_box,1.0000,19,2,1,3,,500,357,"295.0,172.0,347.0,182.0"
14284,2349252,2349252,2,and,table,graph_box,1.0000,19,2,1,3,,500,357,"295.0,172.0,347.0,182.0"
14285,2349252,2349252,2,2_hop,lamp,graph_box,1.0000,19,2,1,3,,500,357,"294.0,124.0,324.0,177.0"
14286,2349252,2349252,2,and,lamp,graph_box,1.0000,19,2,1,3,,500,357,"294.0,124.0,324.0,177.0"
14290,2356371,2356371,2,2_hop,table,graph_box,1.0000,27,2,1,3,,500,375,"328.0,185.0,376.0,244.0"
14291,2356371,2356371,2,and,table,graph_box,1.0000,27,2,1,3,,500,375,"328.0,185.0,376.0,244.0"
14292,2356128,2356128,2,0_hop,sign,graph_box,1.0000,12,5,4,1,,500,334,"38.0,114.0,85.0,205.0"
14295,2361918,2361918,2,2_hop,bus,graph_box,1.0000,27,2,1,3,,500,375,"0.0,177.0,153.0,277.0"
14296,2361918,2361918,2,1_hop,bus,graph_box,1.0000,27,2,1,2,,500,375,"0.0,177.0,153.0,277.0"
14298,2326282,2326282,2,2_hop,chair,graph_box,1.0000,18,2,1,3,,500,243,"369.0,128.0,492.0,241.0"
14299,2326282,2326282,2,and,chair,graph_box,1.0000,18,2,1,3,,500,243,"369.0,128.0,492.0,241.0"
14300,2358741,2358741,2,2_hop,bush,graph_box,1.0000,22,2,1,3,,500,375,"10.0,245.0,138.0,324.0"
14301,2358741,2358741,2,1_hop,bush,graph_box,1.0000,22,2,1,2,,500,375,"10.0,245.0,138.0,324.0"
14302,2394837,2394837,2,2_hop,car,graph_box,1.0000,16,2,1,3,,500,357,"169.0,175.0,194.0,193.0"
14304,2333677,2333677,2,2_hop,woman,graph_box,1.0000,21,2,1,3,,500,313,"0.0,32.0,143.0,312.0"
14305,2333677,2333677,2,and,woman,graph_box,1.0000,21,2,1,3,,500,313,"0.0,32.0,143.0,312.0"
14311,2367404,2367404,2,2_hop,chicken,graph_box,1.0000,20,2,1,3,,500,375,"131.0,111.0,177.0,182.0"
14312,2367404,2367404,2,and,chicken,graph_box,1.0000,20,2,1,3,,500,375,"131.0,111.0,177.0,182.0"
14319,2341429,2341429,2,0_hop,cow,graph_box,1.0000,20,3,2,1,,500,375,"208.0,145.0,260.0,229.0"
14320,2355857,2355857,3,2_hop,player,graph_box,1.0000,30,3,2,3,,500,333,"83.0,106.0,118.0,162.0"
14321,2317575,2317575,2,2_hop,man,graph_box,1.0000,40,3,2,3,,500,331,"3.0,81.0,90.0,329.0"
14322,2317575,2317575,2,1_hop,man,graph_box,1.0000,40,3,2,2,,500,331,"3.0,81.0,90.0,329.0"
14325,2401498,2401498,2,2_hop,plate,graph_box,1.0000,25,2,1,3,,500,346,"83.0,157.0,188.0,192.0"
14326,2401498,2401498,2,and,plate,graph_box,1.0000,25,2,1,3,,500,346,"83.0,157.0,188.0,192.0"
14329,2412845,2412845,2,2_hop,kite,graph_box,1.0000,23,2,1,3,,375,500,"0.0,132.0,48.0,246.0"
14330,2412845,2412845,2,1_hop,kite,graph_box,1.0000,23,2,1,2,,375,500,"0.0,132.0,48.0,246.0"
14334,713369,713369,2,2_hop,car,graph_box,1.0000,16,2,1,3,,1024,679,"0.0,118.0,213.0,557.0"
14335,713369,713369,2,and,car,graph_box,1.0000,16,2,1,3,,1024,679,"0.0,118.0,213.0,557.0"
14341,2345027,2345027,2,and,sign,graph_box,1.0000,17,4,3,3,,500,375,"206.0,178.0,274.0,240.0"
14343,2351098,2351098,2,1_hop,bike,graph_box,1.0000,20,2,1,2,,500,333,"320.0,182.0,357.0,222.0"
14352,2396483,2396483,2,2_hop,woman,graph_box,1.0000,26,3,2,3,,500,500,"79.0,151.0,119.0,275.0"
14353,2396483,2396483,2,and,woman,graph_box,1.0000,26,3,2,3,,500,500,"79.0,151.0,119.0,275.0"
14354,2396483,2396483,3,2_hop,woman,graph_box,1.0000,26,3,2,3,,500,500,"79.0,151.0,119.0,275.0"
14355,2396483,2396483,2,2_hop,woman,graph_box,1.0000,26,3,2,3,,500,500,"398.0,158.0,423.0,226.0"
14356,2396483,2396483,2,and,woman,graph_box,1.0000,26,3,2,3,,500,500,"398.0,158.0,423.0,226.0"
14357,2396483,2396483,3,2_hop,woman,graph_box,1.0000,26,3,2,3,,500,500,"398.0,158.0,423.0,226.0"
14360,2396483,2396483,3,2_hop,man,graph_box,1.0000,26,2,1,3,,500,500,"159.0,150.0,195.0,267.0"
14361,1159729,1159729,2,2_hop,dishwasher,graph_box,1.0000,15,2,1,3,,1024,685,"444.0,427.0,504.0,659.0"
14362,1159729,1159729,2,and,dishwasher,graph_box,1.0000,15,2,1,3,,1024,685,"444.0,427.0,504.0,659.0"
14363,2367853,2367853,2,and,girl,graph_box,1.0000,33,2,1,3,,500,375,"0.0,191.0,91.0,335.0"
14365,2371774,2371774,3,2_hop,sign,graph_box,1.0000,22,2,1,3,,500,375,"464.0,64.0,499.0,110.0"
14366,2361073,2361073,2,1_hop,man,graph_box,1.0000,24,3,2,2,,500,333,"2.0,104.0,128.0,259.0"
14371,2388377,2388377,2,2_hop,table,graph_box,1.0000,18,2,1,3,,500,375,"0.0,208.0,107.0,338.0"
14372,2388377,2388377,2,and,table,graph_box,1.0000,18,2,1,3,,500,375,"0.0,208.0,107.0,338.0"
14373,2388377,2388377,3,2_hop,table,graph_box,1.0000,18,2,1,3,,500,375,"0.0,208.0,107.0,338.0"
14374,2411323,2411323,2,0_hop,car,graph_box,1.0000,27,3,2,1,,500,333,"271.0,144.0,341.0,202.0"
14379,1159529,1159529,2,2_hop,airplane,graph_box,1.0000,21,2,1,3,,800,533,"559.0,144.0,797.0,296.0"
14380,1159529,1159529,2,and,airplane,graph_box,1.0000,21,2,1,3,,800,533,"559.0,144.0,797.0,296.0"
14383,2405174,2405174,2,and,motorcycle,graph_box,1.0000,20,2,1,3,,500,375,"0.0,162.0,141.0,373.0"
14384,2405174,2405174,3,2_hop,motorcycle,graph_box,1.0000,20,2,1,3,,500,375,"0.0,162.0,141.0,373.0"
14385,2349725,2349725,2,1_hop,horse,graph_box,1.0000,16,2,1,2,,333,500,"169.0,325.0,195.0,370.0"
14387,2342518,2342518,2,2_hop,man,graph_box,1.0000,30,2,1,3,,500,375,"360.0,170.0,383.0,240.0"
14388,2342518,2342518,2,1_hop,man,graph_box,1.0000,30,2,1,2,,500,375,"360.0,170.0,383.0,240.0"
14391,2318281,2318281,2,2_hop,bus,graph_box,1.0000,25,2,1,3,,500,375,"439.0,175.0,500.0,274.0"
14396,2342742,2342742,2,0_hop,bucket,graph_box,1.0000,19,2,1,1,,334,500,"60.0,434.0,98.0,498.0"
14397,2354877,2354877,2,2_hop,man,graph_box,1.0000,17,2,1,3,,333,500,"197.0,294.0,220.0,356.0"
14398,2354877,2354877,2,1_hop,man,graph_box,1.0000,17,2,1,2,,333,500,"197.0,294.0,220.0,356.0"
14400,2322092,2322092,2,2_hop,box,graph_box,1.0000,18,5,4,3,,333,500,"169.0,97.0,201.0,131.0"
14401,2322092,2322092,2,1_hop,box,graph_box,1.0000,18,5,4,2,,333,500,"169.0,97.0,201.0,131.0"
14402,2322092,2322092,2,2_hop,box,graph_box,1.0000,18,5,4,3,,333,500,"235.0,293.0,327.0,499.0"
14403,2322092,2322092,2,1_hop,box,graph_box,1.0000,18,5,4,2,,333,500,"235.0,293.0,327.0,499.0"
14407,2380622,2380622,2,0_hop,truck,graph_box,1.0000,20,2,1,1,,500,375,"0.0,70.0,27.0,137.0"
14408,2380622,2380622,3,2_hop,truck,graph_box,1.0000,20,2,1,3,,500,375,"0.0,70.0,27.0,137.0"
14410,2390108,2390108,2,and,napkin,graph_box,1.0000,33,2,1,3,,500,375,"404.0,277.0,499.0,373.0"
14411,2345085,2345085,2,2_hop,zebra,graph_box,1.0000,24,3,2,3,,500,375,"438.0,248.0,499.0,330.0"
14412,2345085,2345085,2,and,zebra,graph_box,1.0000,24,3,2,3,,500,375,"438.0,248.0,499.0,330.0"
14415,2366877,2366877,2,2_hop,car,graph_box,1.0000,23,3,2,3,,500,281,"84.0,51.0,133.0,92.0"
14416,2366877,2366877,2,1_hop,car,graph_box,1.0000,23,3,2,2,,500,281,"84.0,51.0,133.0,92.0"
14418,2366877,2366877,2,2_hop,car,graph_box,1.0000,23,3,2,3,,500,281,"431.0,60.0,500.0,90.0"
14420,2366877,2366877,3,2_hop,car,graph_box,1.0000,23,3,2,3,,500,281,"431.0,60.0,500.0,90.0"
14422,2380870,2380870,2,2_hop,blanket,graph_box,1.0000,14,2,1,3,,500,375,"1.0,180.0,134.0,223.0"
14423,2380870,2380870,2,1_hop,blanket,graph_box,1.0000,14,2,1,2,,500,375,"1.0,180.0,134.0,223.0"
14425,2412382,2412382,2,1_hop,dog,graph_box,1.0000,37,6,5,2,,500,333,"32.0,108.0,104.0,247.0"
14429,2320004,2320004,2,0_hop,car,graph_box,1.0000,28,4,3,1,,500,374,"363.0,200.0,499.0,249.0"
14430,2320916,2320916,2,2_hop,boat,graph_box,1.0000,21,3,2,3,,500,282,"1.0,214.0,272.0,283.0"
14431,2320916,2320916,2,1_hop,boat,graph_box,1.0000,21,3,2,2,,500,282,"1.0,214.0,272.0,283.0"
14433,2396407,2396407,2,and,man,graph_box,1.0000,15,2,1,3,,500,333,"406.0,27.0,467.0,153.0"
14435,2333515,2333515,2,2_hop,picture,graph_box,1.0000,13,2,1,3,,500,331,"419.0,174.0,500.0,290.0"
14436,2333515,2333515,2,and,picture,graph_box,1.0000,13,2,1,3,,500,331,"419.0,174.0,500.0,290.0"
14437,2336032,2336032,2,0_hop,bag,graph_box,1.0000,12,2,1,1,,374,500,"43.0,349.0,122.0,420.0"
14440,2331358,2331358,2,1_hop,chair,graph_box,1.0000,18,2,1,2,,375,500,"0.0,1.0,137.0,157.0"
14444,2319336,2319336,2,2_hop,sign,graph_box,1.0000,26,4,3,3,,333,500,"39.0,175.0,71.0,196.0"
14445,2319336,2319336,2,1_hop,sign,graph_box,1.0000,26,4,3,2,,333,500,"39.0,175.0,71.0,196.0"
14450,2366837,2366837,2,0_hop,car,graph_box,1.0000,22,3,2,1,,500,333,"433.0,231.0,485.0,265.0"
14453,2366837,2366837,2,0_hop,car,graph_box,1.0000,22,3,2,1,,500,333,"1.0,242.0,165.0,324.0"
14454,2366837,2366837,2,2_hop,car,graph_box,1.0000,22,3,2,3,,500,333,"1.0,242.0,165.0,324.0"
14456,2361804,2361804,2,0_hop,bag,graph_box,1.0000,20,2,1,1,,500,375,"0.0,194.0,35.0,257.0"
14459,2361804,2361804,3,1_hop,man,graph_box,1.0000,20,2,1,2,,500,375,"0.0,79.0,73.0,265.0"
14461,2344852,2344852,2,2_hop,bike,graph_box,1.0000,17,2,1,3,,500,375,"3.0,166.0,88.0,291.0"
14462,2344852,2344852,2,1_hop,bike,graph_box,1.0000,17,2,1,2,,500,375,"3.0,166.0,88.0,291.0"
14464,2407559,2407559,2,0_hop,bus,graph_box,1.0000,24,2,1,1,,500,375,"216.0,181.0,255.0,198.0"
14467,2316465,2316465,2,and,man,graph_box,1.0000,26,2,1,3,,500,375,"417.0,86.0,499.0,234.0"
14472,2367770,2367770,2,1_hop,sign,graph_box,1.0000,24,4,3,2,,375,500,"212.0,32.0,237.0,54.0"
14473,2359715,2359715,2,2_hop,man,graph_box,1.0000,25,2,1,3,,500,375,"438.0,151.0,500.0,316.0"
14474,2359715,2359715,2,and,man,graph_box,1.0000,25,2,1,3,,500,375,"438.0,151.0,500.0,316.0"
14483,2368877,2368877,2,0_hop,bag,graph_box,1.0000,54,2,1,1,,500,333,"236.0,137.0,247.0,155.0"
14484,2386537,2386537,2,1_hop,bus,graph_box,1.0000,23,2,1,2,,500,334,"425.0,130.0,499.0,198.0"
14489,2332220,2332220,2,2_hop,post,graph_box,1.0000,17,2,1,3,,375,500,"3.0,55.0,22.0,192.0"
14490,2332220,2332220,2,1_hop,post,graph_box,1.0000,17,2,1,2,,375,500,"3.0,55.0,22.0,192.0"
14493,2378619,2378619,2,and,lamp,graph_box,1.0000,27,2,1,3,,500,236,"0.0,71.0,38.0,180.0"
14496,2389334,2389334,2,1_hop,woman,graph_box,1.0000,25,2,1,2,,500,375,"413.0,36.0,498.0,159.0"
14499,2388975,2388975,2,2_hop,bacon,graph_box,1.0000,21,2,1,3,,500,375,"474.0,228.0,499.0,248.0"
14500,2388975,2388975,2,1_hop,bacon,graph_box,1.0000,21,2,1,2,,500,375,"474.0,228.0,499.0,248.0"
14505,2374722,2374722,2,2_hop,bench,graph_box,1.0000,27,2,1,3,,500,396,"0.0,239.0,49.0,287.0"
14513,2367641,2367641,2,2_hop,bag,graph_box,1.0000,30,2,1,3,,500,375,"114.0,197.0,140.0,256.0"
14514,2367641,2367641,2,and,bag,graph_box,1.0000,30,2,1,3,,500,375,"114.0,197.0,140.0,256.0"
14524,2335607,2335607,2,0_hop,horse,graph_box,1.0000,19,2,1,1,,500,450,"396.0,109.0,454.0,178.0"
14526,2335604,2335604,2,and,woman,graph_box,1.0000,30,6,5,3,,500,335,"422.0,233.0,499.0,333.0"
14530,2380610,2380610,2,1_hop,chair,graph_box,1.0000,13,3,2,2,,500,332,"29.0,100.0,159.0,332.0"
14531,2339751,2339751,2,2_hop,chair,graph_box,1.0000,18,3,2,3,,500,333,"3.0,101.0,115.0,306.0"
14532,2339751,2339751,2,and,chair,graph_box,1.0000,18,3,2,3,,500,333,"3.0,101.0,115.0,306.0"
14533,2339751,2339751,2,2_hop,chair,graph_box,1.0000,18,3,2,3,,500,333,"354.0,108.0,492.0,307.0"
14534,2339751,2339751,2,1_hop,chair,graph_box,1.0000,18,3,2,2,,500,333,"354.0,108.0,492.0,307.0"
14535,2402862,2402862,2,0_hop,man,graph_box,1.0000,31,2,1,1,,500,333,"6.0,199.0,129.0,333.0"
14540,2350545,2350545,2,1_hop,boat,graph_box,1.0000,27,6,5,2,,500,375,"447.0,211.0,498.0,230.0"
14541,2364364,2364364,2,1_hop,bus,graph_box,1.0000,23,3,2,2,,375,500,"340.0,229.0,372.0,303.0"
14542,2348442,2348442,2,2_hop,lamp,graph_box,1.0000,23,2,1,3,,500,375,"146.0,118.0,191.0,180.0"
14543,2348442,2348442,2,1_hop,lamp,graph_box,1.0000,23,2,1,2,,500,375,"146.0,118.0,191.0,180.0"
14546,2372640,2372640,2,2_hop,pole,graph_box,1.0000,13,2,1,3,,500,331,"238.0,217.0,320.0,267.0"
14550,2411038,2411038,2,and,chair,graph_box,1.0000,29,2,1,3,,500,375,"0.0,236.0,68.0,374.0"
14551,2408642,2408642,2,0_hop,towel,graph_box,1.0000,17,2,1,1,,331,500,"197.0,279.0,215.0,388.0"
14552,2332116,2332116,2,2_hop,keyboard,graph_box,1.0000,16,2,1,3,,500,375,"233.0,138.0,321.0,147.0"
14555,2403669,2403669,2,2_hop,book,graph_box,1.0000,19,2,1,3,,375,500,"127.0,275.0,210.0,323.0"
14556,2403669,2403669,2,and,book,graph_box,1.0000,19,2,1,3,,375,500,"127.0,275.0,210.0,323.0"
14557,2403669,2403669,2,0_hop,pillow,graph_box,1.0000,19,3,2,1,,375,500,"260.0,170.0,368.0,228.0"
14558,2403669,2403669,2,2_hop,pillow,graph_box,1.0000,19,3,2,3,,375,500,"260.0,170.0,368.0,228.0"
14559,2403669,2403669,2,and,pillow,graph_box,1.0000,19,3,2,3,,375,500,"260.0,170.0,368.0,228.0"
14562,2326769,2326769,2,and,chair,graph_box,1.0000,34,3,2,3,,500,375,"441.0,223.0,494.0,274.0"
14564,1776,1776,2,0_hop,car,graph_box,1.0000,20,3,2,1,,800,600,"727.0,293.0,800.0,376.0"
14565,2397573,2397573,2,2_hop,towel,graph_box,1.0000,12,2,1,3,,500,375,"134.0,255.0,180.0,274.0"
14566,2397573,2397573,2,1_hop,towel,graph_box,1.0000,12,2,1,2,,500,375,"134.0,255.0,180.0,274.0"
14567,2338030,2338030,3,1_hop,woman,graph_box,1.0000,23,3,2,2,,500,332,"318.0,127.0,385.0,273.0"
14574,2339022,2339022,2,2_hop,man,graph_box,1.0000,29,3,2,3,,500,333,"423.0,122.0,453.0,210.0"
14578,2403427,2403427,2,1_hop,cow,graph_box,1.0000,19,2,1,2,,500,332,"355.0,0.0,499.0,94.0"
14579,2354154,2354154,2,2_hop,boy,graph_box,1.0000,27,2,1,3,,500,375,"387.0,52.0,500.0,374.0"
14580,2354154,2354154,2,and,boy,graph_box,1.0000,27,2,1,3,,500,375,"387.0,52.0,500.0,374.0"
14581,2354154,2354154,3,2_hop,boy,graph_box,1.0000,27,2,1,3,,500,375,"387.0,52.0,500.0,374.0"
14582,2412745,2412745,2,2_hop,car,graph_box,1.0000,22,2,1,3,,500,311,"79.0,229.0,154.0,257.0"
14583,2412745,2412745,2,and,car,graph_box,1.0000,22,2,1,3,,500,311,"79.0,229.0,154.0,257.0"
14585,2330419,2330419,2,1_hop,car,graph_box,1.0000,21,2,1,2,,500,333,"196.0,159.0,220.0,185.0"
14586,2380130,2380130,2,0_hop,car,graph_box,1.0000,21,2,1,1,,375,500,"0.0,402.0,268.0,500.0"
14587,2380130,2380130,2,2_hop,car,graph_box,1.0000,21,2,1,3,,375,500,"0.0,402.0,268.0,500.0"
14590,2352839,2352839,2,0_hop,car,graph_box,1.0000,19,2,1,1,,500,281,"140.0,136.0,179.0,196.0"
14592,2352839,2352839,2,1_hop,car,graph_box,1.0000,19,2,1,2,,500,281,"140.0,136.0,179.0,196.0"
14593,2317151,2317151,2,0_hop,sign,graph_box,1.0000,12,2,1,1,,333,500,"218.0,261.0,291.0,306.0"
14597,2402018,2402018,2,0_hop,bench,graph_box,1.0000,20,2,1,1,,500,333,"66.0,178.0,156.0,216.0"
14599,2392252,2392252,2,0_hop,car,graph_box,1.0000,15,4,3,1,,500,334,"402.0,49.0,497.0,99.0"
14601,2392252,2392252,2,and,car,graph_box,1.0000,15,4,3,3,,500,334,"402.0,49.0,497.0,99.0"
14603,2405925,2405925,2,1_hop,chair,graph_box,1.0000,28,3,2,2,,500,375,"462.0,171.0,499.0,234.0"
14605,2412554,2412554,2,0_hop,man,graph_box,1.0000,44,2,1,1,,500,335,"1.0,63.0,205.0,329.0"
14607,2412554,2412554,2,and,man,graph_box,1.0000,44,2,1,3,,500,335,"1.0,63.0,205.0,329.0"
14608,2412554,2412554,3,2_hop,man,graph_box,1.0000,44,2,1,3,,500,335,"1.0,63.0,205.0,329.0"
14609,2412554,2412554,2,2_hop,woman,graph_box,1.0000,44,2,1,3,,500,335,"380.0,157.0,496.0,328.0"
14610,2412554,2412554,2,1_hop,woman,graph_box,1.0000,44,2,1,2,,500,335,"380.0,157.0,496.0,328.0"
14613,2324176,2324176,3,2_hop,bus,graph_box,1.0000,22,2,1,3,,500,333,"0.0,160.0,30.0,205.0"
14619,28,28,2,2_hop,pillow,graph_box,1.0000,25,2,1,3,,800,600,"22.0,395.0,120.0,495.0"
14620,28,28,2,and,pillow,graph_box,1.0000,25,2,1,3,,800,600,"22.0,395.0,120.0,495.0"
14623,2367450,2367450,2,and,animal,graph_box,1.0000,25,3,2,3,,500,332,"0.0,87.0,92.0,330.0"
14624,2367450,2367450,3,2_hop,animal,graph_box,1.0000,25,3,2,3,,500,332,"0.0,87.0,92.0,330.0"
14625,2406807,2406807,2,2_hop,plant,graph_box,1.0000,28,2,1,3,,500,375,"381.0,45.0,428.0,84.0"
14629,2316316,2316316,3,2_hop,man,graph_box,1.0000,19,4,3,3,,500,375,"0.0,103.0,66.0,360.0"
14636,2360109,2360109,2,and,man,graph_box,1.0000,41,9,8,3,,500,333,"0.0,80.0,84.0,295.0"
14637,2341067,2341067,2,2_hop,chair,graph_box,1.0000,27,2,1,3,,500,314,"354.0,190.0,442.0,304.0"
14638,2341067,2341067,2,1_hop,chair,graph_box,1.0000,27,2,1,2,,500,314,"354.0,190.0,442.0,304.0"
14639,2351478,2351478,2,1_hop,boy,graph_box,1.0000,22,2,1,2,,500,333,"0.0,28.0,150.0,295.0"
14644,2334343,2334343,2,and,car,graph_box,1.0000,31,2,1,3,,500,333,"346.0,182.0,500.0,289.0"
14645,2399149,2399149,2,1_hop,woman,graph_box,1.0000,22,2,1,2,,370,500,"82.0,56.0,127.0,124.0"
14653,2412014,2412014,2,and,man,graph_box,1.0000,22,2,1,3,,500,397,"63.0,49.0,207.0,221.0"
14654,2355038,2355038,2,2_hop,sheep,graph_box,1.0000,18,3,2,3,,500,221,"370.0,106.0,489.0,191.0"
14655,2355038,2355038,2,1_hop,sheep,graph_box,1.0000,18,3,2,2,,500,221,"370.0,106.0,489.0,191.0"
14656,2355038,2355038,2,2_hop,sheep,graph_box,1.0000,18,3,2,3,,500,221,"48.0,131.0,136.0,189.0"
14659,2351860,2351860,2,2_hop,car,graph_box,1.0000,18,2,1,3,,500,375,"49.0,68.0,96.0,104.0"
14667,1653,1653,2,2_hop,man,graph_box,1.0000,37,2,1,3,,800,600,"64.0,277.0,102.0,376.0"
14668,1653,1653,2,and,man,graph_box,1.0000,37,2,1,3,,800,600,"64.0,277.0,102.0,376.0"
14669,1653,1653,3,2_hop,man,graph_box,1.0000,37,2,1,3,,800,600,"64.0,277.0,102.0,376.0"
14672,2387312,2387312,2,2_hop,boat,graph_box,1.0000,15,2,1,3,,500,358,"444.0,299.0,499.0,357.0"
14673,2387312,2387312,2,and,boat,graph_box,1.0000,15,2,1,3,,500,358,"444.0,299.0,499.0,357.0"
14674,2364622,2364622,2,2_hop,player,graph_box,1.0000,20,2,1,3,,500,349,"11.0,90.0,189.0,330.0"
14675,2364622,2364622,2,and,player,graph_box,1.0000,20,2,1,3,,500,349,"11.0,90.0,189.0,330.0"
14677,2365398,2365398,2,2_hop,man,graph_box,1.0000,28,4,3,3,,500,417,"389.0,248.0,433.0,359.0"
14678,2365398,2365398,2,and,man,graph_box,1.0000,28,4,3,3,,500,417,"389.0,248.0,433.0,359.0"
14679,2365398,2365398,2,2_hop,man,graph_box,1.0000,28,4,3,3,,500,417,"77.0,244.0,118.0,337.0"
14680,2365398,2365398,2,and,man,graph_box,1.0000,28,4,3,3,,500,417,"77.0,244.0,118.0,337.0"
14682,2359158,2359158,2,2_hop,girl,graph_box,1.0000,33,3,2,3,,500,368,"1.0,109.0,97.0,271.0"
14683,2359158,2359158,2,and,girl,graph_box,1.0000,33,3,2,3,,500,368,"1.0,109.0,97.0,271.0"
14686,2321994,2321994,2,1_hop,surfboard,graph_box,1.0000,18,2,1,2,,500,375,"0.0,74.0,47.0,308.0"
14687,2408242,2408242,2,2_hop,towel,graph_box,1.0000,20,2,1,3,,500,332,"201.0,236.0,274.0,261.0"
14688,2408242,2408242,2,1_hop,towel,graph_box,1.0000,20,2,1,2,,500,332,"201.0,236.0,274.0,261.0"
14691,1593080,1593080,3,2_hop,bus,graph_box,1.0000,30,2,1,3,,1024,683,"668.0,322.0,1022.0,480.0"
14699,2339668,2339668,2,0_hop,sign,graph_box,1.0000,30,2,1,1,,332,500,"251.0,93.0,315.0,193.0"
14700,2339668,2339668,2,2_hop,sign,graph_box,1.0000,30,2,1,3,,332,500,"251.0,93.0,315.0,193.0"
14701,2339668,2339668,2,and,sign,graph_box,1.0000,30,2,1,3,,332,500,"251.0,93.0,315.0,193.0"
14708,2375976,2375976,3,2_hop,sign,graph_box,1.0000,24,3,2,3,,500,330,"474.0,104.0,500.0,132.0"
14709,2375976,2375976,2,2_hop,man,graph_box,1.0000,24,6,5,3,,500,330,"115.0,172.0,159.0,249.0"
14710,2375976,2375976,2,1_hop,man,graph_box,1.0000,24,6,5,2,,500,330,"115.0,172.0,159.0,249.0"
14711,2375976,2375976,2,2_hop,man,graph_box,1.0000,24,6,5,3,,500,330,"56.0,165.0,85.0,275.0"
14712,2375976,2375976,2,and,man,graph_box,1.0000,24,6,5,3,,500,330,"56.0,165.0,85.0,275.0"
14719,2347683,2347683,2,1_hop,girl,graph_box,1.0000,22,2,1,2,,500,333,"388.0,88.0,500.0,229.0"
14725,2412272,2412272,2,2_hop,boat,graph_box,1.0000,31,2,1,3,,500,333,"46.0,164.0,129.0,200.0"
14726,2412272,2412272,2,and,boat,graph_box,1.0000,31,2,1,3,,500,333,"46.0,164.0,129.0,200.0"
14729,59,59,2,and,car,graph_box,1.0000,16,2,1,3,,800,600,"44.0,344.0,140.0,423.0"
14730,59,59,2,0_hop,sign,graph_box,1.0000,16,2,1,1,,800,600,"687.0,70.0,753.0,149.0"
14731,59,59,2,2_hop,sign,graph_box,1.0000,16,2,1,3,,800,600,"687.0,70.0,753.0,149.0"
14732,59,59,2,1_hop,sign,graph_box,1.0000,16,2,1,2,,800,600,"687.0,70.0,753.0,149.0"
14733,2366110,2366110,2,2_hop,bus,graph_box,1.0000,16,4,3,3,,500,353,"0.0,202.0,42.0,244.0"
14734,2366110,2366110,2,1_hop,bus,graph_box,1.0000,16,4,3,2,,500,353,"0.0,202.0,42.0,244.0"
14736,2408466,2408466,2,0_hop,blanket,graph_box,1.0000,27,2,1,1,,375,500,"37.0,277.0,149.0,351.0"
14737,2408466,2408466,2,2_hop,blanket,graph_box,1.0000,27,2,1,3,,375,500,"37.0,277.0,149.0,351.0"
14738,2408466,2408466,2,1_hop,blanket,graph_box,1.0000,27,2,1,2,,375,500,"37.0,277.0,149.0,351.0"
14739,2316790,2316790,2,2_hop,car,graph_box,1.0000,27,2,1,3,,375,500,"0.0,193.0,47.0,240.0"
14740,2316790,2316790,2,1_hop,car,graph_box,1.0000,27,2,1,2,,375,500,"0.0,193.0,47.0,240.0"
14745,2387036,2387036,2,2_hop,man,graph_box,1.0000,26,2,1,3,,500,333,"421.0,96.0,451.0,129.0"
14754,2329665,2329665,2,2_hop,skateboard,graph_box,1.0000,12,2,1,3,,500,281,"116.0,140.0,131.0,168.0"
14755,2329665,2329665,2,1_hop,skateboard,graph_box,1.0000,12,2,1,2,,500,281,"116.0,140.0,131.0,168.0"
14764,2374714,2374714,2,0_hop,car,graph_box,1.0000,26,2,1,1,,500,375,"446.0,112.0,497.0,162.0"
14767,2343895,2343895,2,2_hop,horse,graph_box,1.0000,24,2,1,3,,500,332,"430.0,136.0,475.0,249.0"
14768,2343895,2343895,2,and,horse,graph_box,1.0000,24,2,1,3,,500,332,"430.0,136.0,475.0,249.0"
14769,2343895,2343895,3,2_hop,horse,graph_box,1.0000,24,2,1,3,,500,332,"430.0,136.0,475.0,249.0"
14771,2381560,2381560,2,0_hop,car,graph_box,1.0000,18,2,1,1,,500,334,"0.0,90.0,100.0,122.0"
14772,2381560,2381560,2,2_hop,car,graph_box,1.0000,18,2,1,3,,500,334,"0.0,90.0,100.0,122.0"
14773,2381560,2381560,2,and,car,graph_box,1.0000,18,2,1,3,,500,334,"0.0,90.0,100.0,122.0"
14774,2381560,2381560,3,2_hop,car,graph_box,1.0000,18,2,1,3,,500,334,"0.0,90.0,100.0,122.0"
14775,2349842,2349842,2,0_hop,horse,graph_box,1.0000,13,2,1,1,,500,494,"172.0,196.0,354.0,353.0"
14776,2349842,2349842,2,2_hop,horse,graph_box,1.0000,13,2,1,3,,500,494,"172.0,196.0,354.0,353.0"
14779,2320180,2320180,2,and,man,graph_box,1.0000,37,3,2,3,,500,500,"328.0,181.0,367.0,274.0"
14782,1591822,1591822,2,and,man,graph_box,1.0000,23,2,1,3,,1024,768,"5.0,4.0,224.0,767.0"
14788,2337001,2337001,2,2_hop,sign,graph_box,1.0000,28,6,5,3,,500,375,"454.0,7.0,499.0,197.0"
14789,2337001,2337001,2,1_hop,sign,graph_box,1.0000,28,6,5,2,,500,375,"454.0,7.0,499.0,197.0"
14790,2337001,2337001,3,2_hop,sign,graph_box,1.0000,28,6,5,3,,500,375,"454.0,7.0,499.0,197.0"
14791,2337001,2337001,2,2_hop,sign,graph_box,1.0000,28,6,5,3,,500,375,"181.0,156.0,219.0,241.0"
14792,2337001,2337001,2,1_hop,sign,graph_box,1.0000,28,6,5,2,,500,375,"181.0,156.0,219.0,241.0"
14796,2397602,2397602,2,1_hop,sign,graph_box,1.0000,31,2,1,2,,500,381,"285.0,160.0,305.0,181.0"
14798,2397600,2397600,2,2_hop,boy,graph_box,1.0000,31,3,2,3,,500,315,"2.0,32.0,127.0,309.0"
14801,2397600,2397600,2,and,boy,graph_box,1.0000,31,3,2,3,,500,315,"349.0,38.0,500.0,308.0"
14807,2397600,2397600,2,0_hop,man,graph_box,1.0000,31,3,2,1,,500,315,"318.0,35.0,498.0,315.0"
14818,2343353,2343353,2,2_hop,bag,graph_box,1.0000,17,2,1,3,,375,500,"0.0,341.0,30.0,414.0"
14819,2343353,2343353,2,1_hop,bag,graph_box,1.0000,17,2,1,2,,375,500,"0.0,341.0,30.0,414.0"
14823,2344827,2344827,2,and,bike,graph_box,1.0000,21,2,1,3,,296,500,"1.0,164.0,40.0,245.0"
14826,2389115,2389115,2,0_hop,towel,graph_box,1.0000,26,2,1,1,,500,325,"329.0,252.0,499.0,275.0"
14828,2389115,2389115,3,2_hop,towel,graph_box,1.0000,26,2,1,3,,500,325,"329.0,252.0,499.0,275.0"
14829,2346071,2346071,2,2_hop,man,graph_box,1.0000,27,2,1,3,,500,375,"401.0,204.0,499.0,351.0"
14831,2404132,2404132,2,2_hop,sign,graph_box,1.0000,16,2,1,3,,500,375,"395.0,151.0,435.0,210.0"
14833,150433,150433,2,2_hop,woman,graph_box,1.0000,26,2,1,3,,1024,681,"120.0,331.0,155.0,415.0"
14834,150433,150433,2,and,woman,graph_box,1.0000,26,2,1,3,,1024,681,"120.0,331.0,155.0,415.0"
14843,2315383,2315383,2,2_hop,girl,graph_box,1.0000,23,2,1,3,,375,500,"43.0,312.0,58.0,403.0"
14846,2383409,2383409,2,0_hop,traffic light,graph_box,1.0000,13,2,1,1,,332,500,"185.0,132.0,220.0,231.0"
14850,2368141,2368141,3,2_hop,woman,graph_box,1.0000,27,4,3,3,,500,486,"7.0,258.0,28.0,338.0"
14851,2368141,2368141,2,1_hop,man,graph_box,1.0000,27,6,5,2,,500,486,"12.0,249.0,61.0,361.0"
14865,713470,713470,2,and,boat,graph_box,1.0000,22,4,3,3,,1024,737,"758.0,386.0,1023.0,685.0"
14871,2367639,2367639,2,0_hop,sofa,graph_box,1.0000,23,2,1,1,,500,333,"116.0,170.0,194.0,210.0"
14873,2367894,2367894,2,same_attr,pillow,graph_box,1.0000,11,2,1,2,,333,500,"14.0,297.0,79.0,363.0"
14874,2367894,2367894,2,same_attr,pillow,graph_box,1.0000,11,2,1,2,,333,500,"14.0,297.0,79.0,363.0"
14879,2412249,2412249,2,same_attr,wire,graph_box,1.0000,11,2,1,2,,500,375,"1.0,44.0,108.0,104.0"
14880,2389372,2389372,2,same_attr,box,graph_box,1.0000,24,2,1,2,,500,375,"176.0,164.0,229.0,267.0"
14881,2318281,2318281,2,same_attr,bus,graph_box,1.0000,25,2,1,2,,500,375,"439.0,175.0,500.0,274.0"
14884,2411038,2411038,2,same_attr,chair,graph_box,1.0000,29,2,1,2,,500,375,"0.0,236.0,68.0,374.0"
