family,image_id,ann_id,true_target_category_id,true_target_category_name,n_refs,n_expressions,n_mismatches,mismatch_rate,proposal_category_counts_json
DETR,154,590410,24,zebra,1,3,0,0.0,"{""24"":3}"
DETR,154,590623,24,zebra,1,3,0,0.0,"{""24"":3}"
DETR,605,670466,47,cup,1,3,0,0.0,"{""47"":3}"
DETR,605,1513172,47,cup,1,3,0,0.0,"{""47"":3}"
DETR,839,482127,1,person,1,3,0,0.0,"{""1"":3}"
DETR,839,1226048,1,person,1,3,0,0.0,"{""1"":3}"
DETR,2083,206056,1,person,1,3,0,0.0,"{""1"":3}"
DETR,2083,206653,1,person,1,3,0,0.0,"{""1"":3}"
DETR,2281,355568,3,car,1,2,0,0.0,"{""3"":2}"
DETR,2281,1772721,3,car,1,3,0,0.0,"{""3"":3}"
DETR,2400,6277,18,dog,1,3,0,0.0,"{""18"":3}"
DETR,2400,15680,18,dog,1,3,0,0.0,"{""18"":3}"
DETR,2843,1071593,59,pizza,1,3,0,0.0,"{""59"":3}"
DETR,2843,1923472,59,pizza,1,3,0,0.0,"{""59"":3}"
DETR,3293,1721891,1,person,1,3,0,0.0,"{""1"":3}"
DETR,3293,2152799,1,person,1,3,0,0.0,"{""1"":3}"
DETR,3751,1183479,33,suitcase,1,3,0,0.0,"{""33"":3}"
DETR,4032,164266,6,bus,1,3,0,0.0,"{""6"":3}"
DETR,4032,247788,6,bus,1,3,0,0.0,"{""6"":3}"
DETR,4032,248461,6,bus,1,3,0,0.0,"{""6"":3}"
DETR,4424,325550,77,cell phone,1,3,0,0.0,"{""77"":3}"
DETR,4424,2195939,77,cell phone,1,3,0,0.0,"{""77"":3}"
DETR,4714,436513,1,person,1,3,0,0.0,"{""1"":3}"
DETR,4714,504738,1,person,1,3,0,0.0,"{""1"":3}"
DETR,4993,434943,1,person,1,3,0,0.0,"{""1"":3}"
DETR,4993,1221670,1,person,1,3,0,0.0,"{""1"":3}"
DETR,4993,1229117,1,person,1,3,0,0.0,"{""1"":3}"
DETR,5152,469501,1,person,1,1,0,0.0,"{""1"":1}"
DETR,5152,1740732,1,person,1,3,0,0.0,"{""1"":3}"
DETR,5215,531457,1,person,1,3,0,0.0,"{""1"":3}"
DETR,5215,545070,1,person,1,3,0,0.0,"{""1"":3}"
DETR,5434,20641,64,potted plant,1,3,0,0.0,"{""64"":3}"
DETR,5434,25658,64,potted plant,1,3,0,0.0,"{""64"":3}"
DETR,5962,460109,1,person,1,3,0,0.0,"{""1"":3}"
DETR,5962,470890,1,person,1,3,0,0.0,"{""1"":3}"
DETR,6332,647898,42,surfboard,1,3,0,0.0,"{""42"":3}"
DETR,6332,1862563,42,surfboard,1,3,0,0.0,"{""42"":3}"
DETR,6964,436348,1,person,1,3,0,0.0,"{""1"":3}"
DETR,6964,446146,1,person,1,3,0,0.0,"{""1"":3}"
DETR,7028,1915086,56,broccoli,1,3,0,0.0,"{""56"":3}"
DETR,7028,2115056,56,broccoli,1,2,0,0.0,"{""56"":2}"
DETR,7145,1073200,59,pizza,1,1,0,0.0,"{""59"":1}"
DETR,7145,1570810,59,pizza,1,1,0,0.0,"{""59"":1}"
DETR,7145,1571184,59,pizza,1,2,0,0.0,"{""59"":2}"
DETR,7476,87176,44,bottle,1,2,0,0.0,"{""44"":2}"
DETR,7476,90804,44,bottle,1,1,0,0.0,"{""44"":1}"
DETR,7944,711793,51,bowl,1,3,3,1.0,"{""47"":3}"
DETR,7944,1539102,51,bowl,1,3,0,0.0,"{""51"":3}"
DETR,7946,465622,1,person,1,3,0,0.0,"{""1"":3}"
DETR,7946,482653,1,person,1,3,0,0.0,"{""1"":3}"
DETR,7946,555912,1,person,1,3,0,0.0,"{""1"":3}"
DETR,8630,435099,1,person,1,3,0,0.0,"{""1"":3}"
DETR,8630,518713,1,person,1,3,0,0.0,"{""1"":3}"
DETR,8657,215789,1,person,1,3,0,0.0,"{""1"":3}"
DETR,8657,224895,1,person,1,3,0,0.0,"{""1"":3}"
DETR,8936,596072,25,giraffe,1,3,0,0.0,"{""25"":3}"
DETR,8936,597609,25,giraffe,1,3,0,0.0,"{""25"":3}"
DETR,8936,598334,25,giraffe,1,3,0,0.0,"{""25"":3}"
DETR,9017,1079126,60,donut,1,3,0,0.0,"{""60"":3}"
DETR,9017,1081856,60,donut,1,3,0,0.0,"{""60"":3}"
DETR,9017,1081899,60,donut,1,3,0,0.0,"{""60"":3}"
DETR,9353,1791012,4,motorcycle,1,3,0,0.0,"{""4"":3}"
DETR,9353,1791935,4,motorcycle,1,3,0,0.0,"{""4"":3}"
DETR,9353,1792191,4,motorcycle,1,2,0,0.0,"{""4"":2}"
DETR,9846,461033,1,person,1,3,0,0.0,"{""1"":3}"
DETR,9846,473562,1,person,1,3,0,0.0,"{""1"":3}"
DETR,9846,499261,1,person,1,3,0,0.0,"{""1"":3}"
DETR,10229,242854,3,car,1,3,0,0.0,"{""3"":3}"
DETR,10229,243118,3,car,1,3,0,0.0,"{""3"":3}"
DETR,10229,397350,8,truck,1,3,3,1.0,"{""3"":3}"
DETR,10229,399754,8,truck,1,3,0,0.0,"{""8"":3}"
DETR,10881,1090902,67,dining table,1,3,0,0.0,"{""67"":3}"
DETR,12424,475185,1,person,1,3,0,0.0,"{""1"":3}"
DETR,12424,498399,1,person,1,1,0,0.0,"{""1"":1}"
DETR,12424,1738741,1,person,1,3,0,0.0,"{""1"":3}"
DETR,12614,216777,1,person,1,3,0,0.0,"{""1"":3}"
DETR,12614,2160566,1,person,1,3,0,0.0,"{""1"":3}"
DETR,13763,580524,22,elephant,1,3,0,0.0,"{""22"":3}"
DETR,13763,583857,22,elephant,1,3,0,0.0,"{""22"":3}"
DETR,14008,581421,22,elephant,1,3,0,0.0,"{""22"":3}"
DETR,14008,584964,22,elephant,1,2,0,0.0,"{""22"":2}"
DETR,14025,1084500,61,cake,1,3,0,0.0,"{""61"":3}"
DETR,14025,1085669,61,cake,1,3,0,0.0,"{""61"":3}"
DETR,14502,443819,1,person,1,3,0,0.0,"{""1"":3}"
DETR,14502,464637,1,person,1,3,0,0.0,"{""1"":3}"
DETR,14864,481879,1,person,1,1,0,0.0,"{""1"":1}"
DETR,14864,1747200,1,person,1,1,0,0.0,"{""1"":1}"
DETR,15195,471851,1,person,1,3,0,0.0,"{""1"":3}"
DETR,15195,485157,1,person,1,3,0,0.0,"{""1"":3}"
DETR,15195,2206781,1,person,1,3,0,0.0,"{""1"":3}"
DETR,15485,108341,62,chair,1,3,0,0.0,"{""62"":3}"
DETR,15485,115263,63,couch,1,3,0,0.0,"{""63"":3}"
DETR,15485,116867,63,couch,1,3,3,1.0,"{""62"":3}"
DETR,15485,320623,67,dining table,1,2,0,0.0,"{""67"":2}"
DETR,15485,1594027,62,chair,1,3,0,0.0,"{""62"":3}"
DETR,15485,1966004,67,dining table,1,3,0,0.0,"{""67"":3}"
DETR,16089,310216,54,sandwich,1,3,0,0.0,"{""54"":3}"
DETR,16089,310911,54,sandwich,1,3,0,0.0,"{""54"":3}"
DETR,16089,1554508,54,sandwich,1,2,0,0.0,"{""54"":2}"
DETR,16322,436716,1,person,1,3,0,0.0,"{""1"":3}"
DETR,16322,479631,1,person,1,3,0,0.0,"{""1"":3}"
DETR,16496,1361787,4,motorcycle,1,3,0,0.0,"{""4"":3}"
DETR,16496,1361813,4,motorcycle,1,3,0,0.0,"{""4"":3}"
DETR,16496,1362140,4,motorcycle,1,1,0,0.0,"{""4"":1}"
DETR,16496,1790861,4,motorcycle,1,2,0,0.0,"{""4"":2}"
DETR,16496,2047834,4,motorcycle,1,3,0,0.0,"{""4"":3}"
DETR,16659,513756,1,person,1,3,0,0.0,"{""1"":3}"
DETR,16659,516933,1,person,1,2,0,0.0,"{""1"":2}"
DETR,16870,1152534,86,vase,1,3,0,0.0,"{""86"":3}"
DETR,16870,1154077,86,vase,1,3,0,0.0,"{""86"":3}"
DETR,17938,468257,1,person,1,3,0,0.0,"{""1"":3}"
DETR,17938,485616,1,person,1,3,0,0.0,"{""1"":3}"
DETR,17938,495890,1,person,1,3,0,0.0,"{""1"":3}"
DETR,17945,1752448,1,person,1,3,0,0.0,"{""1"":3}"
DETR,17945,2001126,1,person,1,3,0,0.0,"{""1"":3}"
DETR,17945,2161700,1,person,1,3,0,0.0,"{""1"":3}"
DETR,18276,308881,54,sandwich,1,2,0,0.0,"{""54"":2}"
DETR,18276,310355,54,sandwich,1,2,0,0.0,"{""54"":2}"
DETR,18276,310752,54,sandwich,1,2,0,0.0,"{""54"":2}"
DETR,18276,311543,54,sandwich,1,3,0,0.0,"{""54"":3}"
DETR,18885,1292380,1,person,1,2,0,0.0,"{""1"":2}"
DETR,18885,1747039,1,person,1,3,0,0.0,"{""1"":3}"
DETR,19123,198676,1,person,1,3,0,0.0,"{""1"":3}"
DETR,19123,217925,1,person,1,3,0,0.0,"{""1"":3}"
DETR,19123,1751694,1,person,1,3,0,0.0,"{""1"":3}"
DETR,19789,445145,1,person,1,3,0,0.0,"{""1"":3}"
DETR,19789,478698,1,person,1,3,0,0.0,"{""1"":3}"
DETR,20044,459959,1,person,1,3,0,0.0,"{""1"":3}"
DETR,20044,488511,1,person,1,3,0,0.0,"{""1"":3}"
DETR,20052,1412017,24,zebra,1,3,0,0.0,"{""24"":3}"
DETR,20052,1413038,24,zebra,1,3,0,0.0,"{""24"":3}"
DETR,21276,474674,1,person,1,3,0,0.0,"{""1"":3}"
DETR,21276,497365,1,person,1,3,0,0.0,"{""1"":3}"
DETR,21504,1532378,51,bowl,1,2,0,0.0,"{""51"":2}"
DETR,21504,1535143,51,bowl,1,1,0,0.0,"{""51"":1}"
DETR,21780,457882,1,person,1,3,0,0.0,"{""1"":3}"
DETR,21780,484684,1,person,1,3,0,0.0,"{""1"":3}"
DETR,21780,2151007,1,person,1,3,0,0.0,"{""1"":3}"
DETR,21830,481814,1,person,1,3,0,0.0,"{""1"":3}"
DETR,21830,1275080,1,person,1,3,0,0.0,"{""1"":3}"
DETR,22102,422845,1,person,1,3,0,0.0,"{""1"":3}"
DETR,22102,1070648,59,pizza,1,3,0,0.0,"{""59"":3}"
DETR,22102,1072136,59,pizza,1,3,0,0.0,"{""59"":3}"
DETR,22102,1742822,1,person,1,3,0,0.0,"{""1"":3}"
DETR,23014,594719,25,giraffe,1,3,0,0.0,"{""25"":3}"
DETR,23014,599310,25,giraffe,1,3,0,0.0,"{""25"":3}"
DETR,23420,471105,1,person,1,2,0,0.0,"{""1"":2}"
DETR,23420,1189019,1,person,1,3,0,0.0,"{""1"":3}"
DETR,23539,440804,1,person,1,3,0,0.0,"{""1"":3}"
DETR,23539,457864,1,person,1,3,0,0.0,"{""1"":3}"
DETR,23539,2155328,1,person,1,3,0,0.0,"{""1"":3}"
DETR,24038,314521,65,bed,1,3,0,0.0,"{""65"":3}"
DETR,24319,595384,25,giraffe,1,3,0,0.0,"{""25"":3}"
DETR,24319,601162,25,giraffe,1,1,0,0.0,"{""25"":1}"
DETR,24706,485902,1,person,1,1,0,0.0,"{""1"":1}"
DETR,24706,553771,1,person,1,2,0,0.0,"{""1"":2}"
DETR,24706,561596,1,person,1,3,0,0.0,"{""1"":3}"
DETR,24706,1710853,1,person,1,2,0,0.0,"{""1"":2}"
DETR,24762,12721,18,dog,1,3,0,0.0,"{""18"":3}"
DETR,24762,16996,18,dog,1,3,0,0.0,"{""18"":3}"
DETR,25414,316218,65,bed,1,3,0,0.0,"{""65"":3}"
DETR,25414,319653,65,bed,1,3,0,0.0,"{""65"":3}"
DETR,26438,189113,1,person,1,3,0,0.0,"{""1"":3}"
DETR,26438,216488,1,person,1,3,0,0.0,"{""1"":3}"
DETR,26438,229858,1,person,1,3,0,0.0,"{""1"":3}"
DETR,26438,252176,1,person,1,2,0,0.0,"{""1"":2}"
DETR,26583,441187,1,person,1,3,0,0.0,"{""1"":3}"
DETR,26583,450055,1,person,1,3,0,0.0,"{""1"":3}"
DETR,26800,1674651,88,teddy bear,1,3,0,0.0,"{""88"":3}"
DETR,26800,1675369,88,teddy bear,1,3,0,0.0,"{""88"":3}"
DETR,26800,1675491,88,teddy bear,1,1,0,0.0,"{""88"":1}"
DETR,26800,1675531,88,teddy bear,1,3,0,0.0,"{""88"":3}"
DETR,27299,1213502,1,person,1,3,0,0.0,"{""1"":3}"
DETR,27299,1232487,1,person,1,3,0,0.0,"{""1"":3}"
DETR,27299,1267416,1,person,1,3,0,0.0,"{""1"":3}"
DETR,27299,1273672,1,person,1,3,0,0.0,"{""1"":3}"
DETR,27299,1301951,1,person,1,3,0,0.0,"{""1"":3}"
DETR,27679,1126266,79,oven,1,3,0,0.0,"{""79"":3}"
DETR,27679,1127893,79,oven,1,3,0,0.0,"{""79"":3}"
DETR,28069,600196,25,giraffe,1,3,0,0.0,"{""25"":3}"
DETR,28069,1414163,25,giraffe,1,3,0,0.0,"{""25"":3}"
DETR,28560,202062,1,person,1,3,0,0.0,"{""1"":3}"
DETR,28560,225319,1,person,1,3,0,0.0,"{""1"":3}"
DETR,28560,1373363,8,truck,1,3,0,0.0,"{""8"":3}"
DETR,28560,2053476,8,truck,1,3,0,0.0,"{""8"":3}"
DETR,28870,161838,5,airplane,1,3,0,0.0,"{""5"":3}"
DETR,28870,267973,5,airplane,1,3,0,0.0,"{""5"":3}"
DETR,28870,2171384,5,airplane,1,2,0,0.0,"{""5"":2}"
DETR,28953,483473,1,person,1,3,0,0.0,"{""1"":3}"
DETR,28953,544579,1,person,1,2,0,0.0,"{""1"":2}"
DETR,28953,1707041,1,person,1,3,0,0.0,"{""1"":3}"
DETR,28953,1710361,1,person,1,2,0,0.0,"{""1"":2}"
DETR,29712,61225,20,sheep,1,3,0,0.0,"{""20"":3}"
DETR,29712,65135,20,sheep,1,3,0,0.0,"{""20"":3}"
DETR,29712,65593,20,sheep,1,2,0,0.0,"{""20"":2}"
DETR,29712,65712,20,sheep,1,3,0,0.0,"{""20"":3}"
DETR,29712,66682,20,sheep,1,3,0,0.0,"{""20"":3}"
DETR,29712,67073,20,sheep,1,1,0,0.0,"{""20"":1}"
DETR,29752,460555,1,person,1,3,0,0.0,"{""1"":3}"
DETR,29752,462801,1,person,1,3,0,0.0,"{""1"":3}"
DETR,29799,523455,1,person,1,3,0,0.0,"{""1"":3}"
DETR,29799,542728,1,person,1,3,0,0.0,"{""1"":3}"
DETR,29799,2151941,1,person,1,3,0,0.0,"{""1"":3}"
DETR,30340,443461,1,person,1,3,0,0.0,"{""1"":3}"
DETR,30340,1184552,33,suitcase,1,3,0,0.0,"{""33"":3}"
DETR,30340,1445743,33,suitcase,1,3,0,0.0,"{""33"":3}"
DETR,30340,2151225,1,person,1,3,0,0.0,"{""1"":3}"
DETR,30631,595257,25,giraffe,1,3,0,0.0,"{""25"":3}"
DETR,30631,597575,25,giraffe,1,3,0,0.0,"{""25"":3}"
DETR,31230,211374,1,person,1,3,0,0.0,"{""1"":3}"
DETR,31329,102736,62,chair,1,3,0,0.0,"{""62"":3}"
DETR,31374,173203,7,train,1,3,0,0.0,"{""7"":3}"
DETR,31374,174709,7,train,1,3,0,0.0,"{""7"":3}"
DETR,31374,175167,7,train,1,2,0,0.0,"{""7"":2}"
DETR,31382,716515,51,bowl,1,3,0,0.0,"{""51"":3}"
DETR,31382,1038240,51,bowl,1,2,0,0.0,"{""51"":2}"
DETR,31382,2185908,51,bowl,1,3,0,0.0,"{""51"":3}"
DETR,31411,595642,25,giraffe,1,3,0,0.0,"{""25"":3}"
DETR,31411,595933,25,giraffe,1,3,0,0.0,"{""25"":3}"
DETR,31885,1063178,57,carrot,1,3,0,0.0,"{""57"":3}"
DETR,31885,1065084,57,carrot,1,2,0,0.0,"{""57"":2}"
DETR,31885,1065581,57,carrot,1,3,0,0.0,"{""57"":3}"
DETR,31885,1065905,57,carrot,1,2,0,0.0,"{""57"":2}"
DETR,31885,1066020,57,carrot,1,3,0,0.0,"{""57"":3}"
DETR,33572,213648,1,person,1,3,0,0.0,"{""1"":3}"
DETR,33572,235706,1,person,1,3,0,0.0,"{""1"":3}"
DETR,34223,478471,1,person,1,3,0,0.0,"{""1"":3}"
DETR,34223,487862,1,person,1,3,0,0.0,"{""1"":3}"
DETR,34223,537445,1,person,1,3,0,0.0,"{""1"":3}"
DETR,34439,425715,1,person,1,3,0,0.0,"{""1"":3}"
DETR,35150,504934,1,person,1,3,0,0.0,"{""1"":3}"
DETR,35150,1724501,1,person,1,3,0,0.0,"{""1"":3}"
DETR,35529,1185133,33,suitcase,1,2,0,0.0,"{""33"":2}"
DETR,35529,1186487,33,suitcase,1,3,0,0.0,"{""33"":3}"
DETR,35529,1186643,33,suitcase,1,3,0,0.0,"{""33"":3}"
DETR,35529,1187291,33,suitcase,1,3,0,0.0,"{""33"":3}"
DETR,35529,1187733,33,suitcase,1,3,0,0.0,"{""33"":3}"
DETR,35796,1607968,64,potted plant,1,2,0,0.0,"{""64"":2}"
DETR,35796,1608319,64,potted plant,1,2,0,0.0,"{""64"":2}"
DETR,35964,471462,1,person,1,3,0,0.0,"{""1"":3}"
DETR,35964,526426,1,person,1,3,0,0.0,"{""1"":3}"
DETR,35964,2207391,1,person,1,3,0,0.0,"{""1"":3}"
DETR,36017,1496686,46,wine glass,1,1,0,0.0,"{""46"":1}"
DETR,36017,1498960,46,wine glass,1,2,0,0.0,"{""46"":2}"
DETR,36017,1748671,1,person,1,3,0,0.0,"{""1"":3}"
DETR,36017,2153865,1,person,1,2,0,0.0,"{""1"":2}"
DETR,36658,421457,1,person,1,3,0,0.0,"{""1"":3}"
DETR,36658,448034,1,person,1,3,0,0.0,"{""1"":3}"
DETR,37282,455711,1,person,1,3,0,0.0,"{""1"":3}"
DETR,37282,486675,1,person,1,3,0,0.0,"{""1"":3}"
DETR,37286,1239915,1,person,1,3,0,0.0,"{""1"":3}"
DETR,37286,1248631,1,person,1,3,0,0.0,"{""1"":3}"
DETR,37286,1256337,1,person,1,3,0,0.0,"{""1"":3}"
DETR,37286,1326964,1,person,1,3,0,0.0,"{""1"":3}"
DETR,37429,443306,1,person,1,2,0,0.0,"{""1"":2}"
DETR,37429,447536,1,person,1,3,0,0.0,"{""1"":3}"
DETR,37582,586560,23,bear,1,3,0,0.0,"{""23"":3}"
DETR,37582,587438,23,bear,1,3,0,0.0,"{""23"":3}"
DETR,37800,1075034,59,pizza,1,2,0,0.0,"{""59"":2}"
DETR,37800,1076748,59,pizza,1,1,0,0.0,"{""59"":1}"
DETR,37800,1076907,59,pizza,1,3,0,0.0,"{""59"":3}"
DETR,38046,710022,51,bowl,1,3,0,0.0,"{""51"":3}"
DETR,38046,711002,51,bowl,1,3,0,0.0,"{""51"":3}"
DETR,38046,1900302,51,bowl,1,3,0,0.0,"{""51"":3}"
DETR,38365,61212,20,sheep,1,3,0,0.0,"{""20"":3}"
DETR,38558,133235,3,car,1,3,0,0.0,"{""3"":3}"
DETR,38558,136196,3,car,1,3,0,0.0,"{""3"":3}"
DETR,39185,1072969,59,pizza,1,3,0,0.0,"{""59"":3}"
DETR,39185,1076544,59,pizza,1,4,0,0.0,"{""59"":4}"
DETR,39195,1208565,1,person,1,3,0,0.0,"{""1"":3}"
DETR,39195,1252020,1,person,1,3,0,0.0,"{""1"":3}"
DETR,39195,1254480,1,person,1,3,0,0.0,"{""1"":3}"
DETR,39195,1269070,1,person,1,3,0,0.0,"{""1"":3}"
DETR,39195,1279369,1,person,1,3,0,0.0,"{""1"":3}"
DETR,39195,1296181,1,person,1,2,0,0.0,"{""1"":2}"
DETR,39258,192785,1,person,1,3,0,0.0,"{""1"":3}"
DETR,39258,195102,1,person,1,3,0,0.0,"{""1"":3}"
DETR,39395,588168,24,zebra,1,3,0,0.0,"{""24"":3}"
DETR,39395,592290,24,zebra,1,3,0,0.0,"{""24"":3}"
DETR,40346,448119,1,person,1,3,0,0.0,"{""1"":3}"
DETR,40346,1224861,1,person,1,3,0,0.0,"{""1"":3}"
DETR,40433,583334,22,elephant,1,3,0,0.0,"{""22"":3}"
DETR,40433,583467,22,elephant,1,3,0,0.0,"{""22"":3}"
DETR,40708,440218,1,person,1,3,0,0.0,"{""1"":3}"
DETR,40708,1712463,1,person,1,2,0,0.0,"{""1"":2}"
DETR,41233,399852,8,truck,1,3,0,0.0,"{""8"":3}"
DETR,41233,401649,8,truck,1,2,0,0.0,"{""8"":2}"
DETR,41233,1369146,8,truck,1,3,0,0.0,"{""8"":3}"
DETR,41713,598581,25,giraffe,1,3,0,0.0,"{""25"":3}"
DETR,41713,600529,25,giraffe,1,3,0,0.0,"{""25"":3}"
DETR,41840,486333,1,person,1,3,0,0.0,"{""1"":3}"
DETR,41840,1189290,1,person,1,3,0,0.0,"{""1"":3}"
DETR,41840,2160893,1,person,1,3,0,0.0,"{""1"":3}"
DETR,41913,1546636,52,banana,1,3,0,0.0,"{""52"":3}"
DETR,41913,1546785,52,banana,1,2,0,0.0,"{""52"":2}"
DETR,42081,1078056,60,donut,1,3,0,0.0,"{""60"":3}"
DETR,42297,481777,1,person,1,3,0,0.0,"{""1"":3}"
DETR,42297,488330,1,person,1,3,0,0.0,"{""1"":3}"
DETR,42297,1684208,1,person,1,2,0,0.0,"{""1"":2}"
DETR,42463,223229,1,person,1,3,0,0.0,"{""1"":3}"
DETR,42463,1714162,1,person,1,3,0,0.0,"{""1"":3}"
DETR,42804,1242031,1,person,1,4,0,0.0,"{""1"":4}"
DETR,42804,1265839,1,person,1,3,0,0.0,"{""1"":3}"
DETR,42804,1288278,1,person,1,3,0,0.0,"{""1"":3}"
DETR,42804,1320552,1,person,1,3,0,0.0,"{""1"":3}"
DETR,43232,1230552,1,person,1,2,0,0.0,"{""1"":2}"
DETR,43232,1285752,1,person,1,2,0,0.0,"{""1"":2}"
DETR,43813,517456,1,person,1,3,0,0.0,"{""1"":3}"
DETR,43813,2160761,1,person,1,3,0,0.0,"{""1"":3}"
DETR,44625,1219181,1,person,1,3,0,0.0,"{""1"":3}"
DETR,44625,1285219,1,person,1,2,0,0.0,"{""1"":2}"
DETR,44625,1286095,1,person,1,3,0,0.0,"{""1"":3}"
DETR,44625,1722899,1,person,1,3,0,0.0,"{""1"":3}"
DETR,44901,421659,1,person,1,4,0,0.0,"{""1"":4}"
DETR,44901,457867,1,person,1,3,0,0.0,"{""1"":3}"
DETR,45659,448001,1,person,1,3,0,0.0,"{""1"":3}"
DETR,45659,1715477,1,person,1,3,0,0.0,"{""1"":3}"
DETR,46592,2121963,62,chair,1,3,0,0.0,"{""62"":3}"
DETR,46592,2125453,62,chair,1,3,0,0.0,"{""62"":3}"
DETR,46809,341545,90,toothbrush,1,3,0,0.0,"{""90"":3}"
DETR,46809,343420,90,toothbrush,1,3,0,0.0,"{""90"":3}"
DETR,46997,308191,54,sandwich,1,2,0,0.0,"{""54"":2}"
DETR,46997,311799,54,sandwich,1,3,0,0.0,"{""54"":3}"
DETR,46997,709932,51,bowl,1,1,0,0.0,"{""51"":1}"
DETR,46997,1037915,51,bowl,1,3,0,0.0,"{""51"":3}"
DETR,47001,1077664,59,pizza,1,2,0,0.0,"{""59"":2}"
DETR,47001,1077792,59,pizza,1,3,0,0.0,"{""59"":3}"
DETR,47093,449470,1,person,1,3,0,0.0,"{""1"":3}"
DETR,47093,494270,1,person,1,3,0,0.0,"{""1"":3}"
DETR,47175,248635,7,train,1,3,0,0.0,"{""7"":3}"
DETR,47175,1366974,7,train,1,3,0,0.0,"{""7"":3}"
DETR,47953,444328,1,person,1,3,0,0.0,"{""1"":3}"
DETR,47953,499541,1,person,1,3,0,0.0,"{""1"":3}"
DETR,47953,542642,1,person,1,3,0,0.0,"{""1"":3}"
DETR,48150,467370,1,person,1,3,0,0.0,"{""1"":3}"
DETR,48150,479903,1,person,1,3,0,0.0,"{""1"":3}"
DETR,48150,488543,1,person,1,3,0,0.0,"{""1"":3}"
DETR,48150,508634,1,person,1,3,0,0.0,"{""1"":3}"
DETR,48150,530765,1,person,1,3,0,0.0,"{""1"":3}"
DETR,50105,1578001,61,cake,1,3,0,0.0,"{""61"":3}"
DETR,50105,1578607,61,cake,1,3,0,0.0,"{""61"":3}"
DETR,50161,451554,1,person,1,3,0,0.0,"{""1"":3}"
DETR,50161,475209,1,person,1,3,0,0.0,"{""1"":3}"
DETR,50161,1716335,1,person,1,3,0,0.0,"{""1"":3}"
DETR,50736,589319,24,zebra,1,3,0,0.0,"{""24"":3}"
DETR,50736,590560,24,zebra,1,3,0,0.0,"{""24"":3}"
DETR,51052,184164,1,person,1,3,0,0.0,"{""1"":3}"
DETR,51052,195383,1,person,1,3,0,0.0,"{""1"":3}"
DETR,51835,582545,22,elephant,1,3,0,0.0,"{""22"":3}"
DETR,51835,582886,22,elephant,1,2,0,0.0,"{""22"":2}"
DETR,51835,583948,22,elephant,1,2,0,0.0,"{""22"":2}"
DETR,52248,1544415,52,banana,1,2,0,0.0,"{""52"":2}"
DETR,52248,1545657,52,banana,1,3,0,0.0,"{""52"":3}"
DETR,52248,1546443,52,banana,1,3,0,0.0,"{""52"":3}"
DETR,52299,396138,8,truck,1,3,0,0.0,"{""8"":3}"
DETR,52299,1197162,8,truck,1,3,0,0.0,"{""8"":3}"
DETR,52929,438591,1,person,1,3,0,0.0,"{""1"":3}"
DETR,52929,1247519,1,person,1,3,0,0.0,"{""1"":3}"
DETR,52929,2206103,1,person,1,3,0,0.0,"{""1"":3}"
DETR,53335,189204,1,person,1,3,0,0.0,"{""1"":3}"
DETR,53729,1302378,1,person,1,2,0,0.0,"{""1"":2}"
DETR,53729,1308600,1,person,1,3,0,0.0,"{""1"":3}"
DETR,53729,1319726,1,person,1,3,0,0.0,"{""1"":3}"
DETR,53823,1208680,1,person,1,3,0,0.0,"{""1"":3}"
DETR,53823,1270797,1,person,1,3,0,0.0,"{""1"":3}"
DETR,54003,465908,1,person,1,3,0,0.0,"{""1"":3}"
DETR,54003,503695,1,person,1,3,0,0.0,"{""1"":3}"
DETR,54003,515495,1,person,1,3,0,0.0,"{""1"":3}"
DETR,54402,515102,1,person,1,3,0,0.0,"{""1"":3}"
DETR,54402,2157832,1,person,1,3,0,0.0,"{""1"":3}"
DETR,54806,673295,47,cup,1,2,0,0.0,"{""47"":2}"
DETR,54806,675201,47,cup,1,3,0,0.0,"{""47"":3}"
DETR,55966,1446700,33,suitcase,1,3,0,0.0,"{""33"":3}"
DETR,55966,1446889,33,suitcase,1,3,0,0.0,"{""33"":3}"
DETR,55966,1446993,33,suitcase,1,1,0,0.0,"{""33"":1}"
DETR,55966,1841931,33,suitcase,1,1,0,0.0,"{""33"":1}"
DETR,55966,1842304,33,suitcase,1,3,0,0.0,"{""33"":3}"
DETR,56667,318140,65,bed,1,3,0,0.0,"{""65"":3}"
DETR,56667,319662,65,bed,1,3,0,0.0,"{""65"":3}"
DETR,56676,1202048,1,person,1,3,0,0.0,"{""1"":3}"
DETR,56676,1248701,1,person,1,2,0,0.0,"{""1"":2}"
DETR,56676,1264566,1,person,1,3,0,0.0,"{""1"":3}"
DETR,56676,1270461,1,person,1,2,0,0.0,"{""1"":2}"
DETR,56676,1323376,1,person,1,2,0,0.0,"{""1"":2}"
DETR,56676,1325527,1,person,1,2,0,0.0,"{""1"":2}"
DETR,56676,1325635,1,person,1,3,0,0.0,"{""1"":3}"
DETR,56859,482576,1,person,1,3,0,0.0,"{""1"":3}"
DETR,56859,1708021,1,person,1,3,0,0.0,"{""1"":3}"
DETR,56859,1735863,1,person,1,3,0,0.0,"{""1"":3}"
DETR,57242,1957148,65,bed,1,2,0,0.0,"{""65"":2}"
DETR,57242,1957436,65,bed,1,3,0,0.0,"{""65"":3}"
DETR,57828,418175,14,parking meter,1,3,0,0.0,"{""14"":3}"
DETR,57828,419453,14,parking meter,1,3,0,0.0,"{""14"":3}"
DETR,58405,1674981,88,teddy bear,1,3,0,0.0,"{""88"":3}"
DETR,58405,1675334,88,teddy bear,1,3,0,0.0,"{""88"":3}"
DETR,58405,1675418,88,teddy bear,1,3,0,0.0,"{""88"":3}"
DETR,58405,1995185,88,teddy bear,1,3,0,0.0,"{""88"":3}"
DETR,58405,1995679,88,teddy bear,1,3,0,0.0,"{""88"":3}"
DETR,58677,89480,44,bottle,1,2,0,0.0,"{""44"":2}"
DETR,58677,92954,44,bottle,1,3,0,0.0,"{""44"":3}"
DETR,59231,418565,14,parking meter,1,3,0,0.0,"{""14"":3}"
DETR,59231,419015,14,parking meter,1,3,0,0.0,"{""14"":3}"
DETR,59654,2198597,1,person,1,3,0,0.0,"{""1"":3}"
DETR,60155,1216316,1,person,1,3,0,0.0,"{""1"":3}"
DETR,60155,1678398,1,person,1,3,0,0.0,"{""1"":3}"
DETR,60182,492541,1,person,1,3,0,0.0,"{""1"":3}"
DETR,60182,2206034,1,person,1,3,0,0.0,"{""1"":3}"
DETR,60378,240712,1,person,1,3,0,0.0,"{""1"":3}"
DETR,60378,240729,1,person,1,1,0,0.0,"{""1"":1}"
DETR,60624,203624,1,person,1,3,0,0.0,"{""1"":3}"
DETR,60624,259053,1,person,1,3,0,0.0,"{""1"":3}"
DETR,61144,1674378,88,teddy bear,1,3,0,0.0,"{""88"":3}"
DETR,61144,1675118,88,teddy bear,1,3,0,0.0,"{""88"":3}"
DETR,61144,2147787,88,teddy bear,1,2,0,0.0,"{""88"":2}"
DETR,61328,494311,1,person,1,3,0,0.0,"{""1"":3}"
DETR,61328,2204504,1,person,1,3,0,0.0,"{""1"":3}"
DETR,61372,539703,1,person,1,3,0,0.0,"{""1"":3}"
DETR,61372,1232274,1,person,1,3,0,0.0,"{""1"":3}"
DETR,61459,457711,1,person,1,2,0,0.0,"{""1"":2}"
DETR,61459,508325,1,person,1,3,0,0.0,"{""1"":3}"
DETR,61459,511856,1,person,1,3,0,0.0,"{""1"":3}"
DETR,61478,1236552,1,person,1,3,0,0.0,"{""1"":3}"
DETR,61478,1265479,1,person,1,2,0,0.0,"{""1"":2}"
DETR,61478,1273794,1,person,1,3,0,0.0,"{""1"":3}"
DETR,61843,1228142,1,person,1,3,0,0.0,"{""1"":3}"
DETR,61843,1254616,1,person,1,3,0,0.0,"{""1"":3}"
DETR,61843,2205053,1,person,1,3,0,0.0,"{""1"":3}"
DETR,61936,1094383,70,toilet,1,3,0,0.0,"{""70"":3}"
DETR,61936,1094635,70,toilet,1,3,0,0.0,"{""70"":3}"
DETR,62203,463321,1,person,1,3,0,0.0,"{""1"":3}"
DETR,62203,1727501,1,person,1,3,0,0.0,"{""1"":3}"
DETR,62455,434347,1,person,1,3,0,0.0,"{""1"":3}"
DETR,62455,434537,1,person,1,3,0,0.0,"{""1"":3}"
DETR,62455,1727746,1,person,1,3,0,0.0,"{""1"":3}"
DETR,62477,349851,3,car,1,3,0,0.0,"{""3"":3}"
DETR,62477,361077,3,car,1,3,0,0.0,"{""3"":3}"
DETR,62477,1777418,3,car,1,3,0,0.0,"{""3"":3}"
DETR,63084,312627,54,sandwich,1,3,0,0.0,"{""54"":3}"
DETR,63084,313064,54,sandwich,1,3,0,0.0,"{""54"":3}"
DETR,63182,61748,20,sheep,1,3,0,0.0,"{""20"":3}"
DETR,63182,63218,20,sheep,1,3,0,0.0,"{""20"":3}"
DETR,63275,1096868,70,toilet,1,3,0,0.0,"{""70"":3}"
DETR,63337,471607,1,person,1,3,0,0.0,"{""1"":3}"
DETR,63337,506276,1,person,1,3,0,0.0,"{""1"":3}"
DETR,63485,311478,54,sandwich,1,3,0,0.0,"{""54"":3}"
DETR,63485,1909378,54,sandwich,1,3,0,0.0,"{""54"":3}"
DETR,63485,1910775,54,sandwich,1,3,0,0.0,"{""54"":3}"
DETR,63485,1911381,54,sandwich,1,2,0,0.0,"{""54"":2}"
DETR,63485,1911450,54,sandwich,1,2,0,0.0,"{""54"":2}"
DETR,63485,1911507,54,sandwich,1,2,0,0.0,"{""54"":2}"
DETR,63485,2219647,54,sandwich,1,1,0,0.0,"{""54"":1}"
DETR,63683,470988,1,person,1,3,0,0.0,"{""1"":3}"
DETR,63683,2157435,1,person,1,3,0,0.0,"{""1"":3}"
DETR,63820,160676,5,airplane,1,3,0,0.0,"{""5"":3}"
DETR,63820,161285,5,airplane,1,3,0,0.0,"{""5"":3}"
DETR,64317,157037,5,airplane,1,3,0,0.0,"{""5"":3}"
DETR,64317,247400,5,airplane,1,3,0,0.0,"{""5"":3}"
DETR,64392,498728,1,person,1,3,0,0.0,"{""1"":3}"
DETR,64392,2161162,1,person,1,3,0,0.0,"{""1"":3}"
DETR,64962,594949,25,giraffe,1,3,0,0.0,"{""25"":3}"
DETR,64962,596452,25,giraffe,1,3,0,0.0,"{""25"":3}"
DETR,65085,1565136,57,carrot,1,3,0,0.0,"{""57"":3}"
DETR,65085,1918883,57,carrot,1,3,0,0.0,"{""57"":3}"
DETR,65841,315260,65,bed,1,3,0,0.0,"{""65"":3}"
DETR,65841,318801,65,bed,1,3,0,0.0,"{""65"":3}"
DETR,66566,1091400,67,dining table,1,2,0,0.0,"{""67"":2}"
DETR,66566,1900923,51,bowl,1,2,0,0.0,"{""51"":2}"
DETR,66566,1900979,51,bowl,1,3,0,0.0,"{""51"":3}"
DETR,66566,1964206,67,dining table,1,2,0,0.0,"{""67"":2}"
DETR,66669,1161123,88,teddy bear,1,3,0,0.0,"{""88"":3}"
DETR,66669,1161670,88,teddy bear,1,3,0,0.0,"{""88"":3}"
DETR,68159,431170,1,person,1,3,0,0.0,"{""1"":3}"
DETR,68159,527248,1,person,1,3,0,0.0,"{""1"":3}"
DETR,68159,554353,1,person,1,3,0,0.0,"{""1"":3}"
DETR,68459,441167,1,person,1,3,0,0.0,"{""1"":3}"
DETR,68459,457917,1,person,1,3,0,0.0,"{""1"":3}"
DETR,68797,1267104,1,person,1,3,0,0.0,"{""1"":3}"
DETR,68866,1182983,33,suitcase,1,2,0,0.0,"{""33"":2}"
DETR,68866,1184014,33,suitcase,1,3,0,0.0,"{""33"":3}"
DETR,68866,1187979,33,suitcase,1,3,0,0.0,"{""33"":3}"
DETR,68866,1444754,33,suitcase,1,1,0,0.0,"{""33"":1}"
DETR,69432,521716,1,person,1,3,0,0.0,"{""1"":3}"
DETR,69432,555812,1,person,1,3,0,0.0,"{""1"":3}"
DETR,69488,457848,1,person,1,3,0,0.0,"{""1"":3}"
DETR,69488,462553,1,person,1,3,0,0.0,"{""1"":3}"
DETR,69510,73671,21,cow,1,2,0,0.0,"{""21"":2}"
DETR,69510,75256,21,cow,1,2,0,0.0,"{""21"":2}"
DETR,71221,1044802,52,banana,1,2,0,0.0,"{""52"":2}"
DETR,71221,1045416,52,banana,1,2,0,0.0,"{""52"":2}"
DETR,71221,1046464,52,banana,1,2,0,0.0,"{""52"":2}"
DETR,71221,1046570,52,banana,1,1,0,0.0,"{""52"":1}"
DETR,71221,2186260,52,banana,1,2,0,0.0,"{""52"":2}"
DETR,71714,398060,8,truck,1,3,0,0.0,"{""8"":3}"
DETR,71714,2054005,8,truck,1,3,0,0.0,"{""8"":3}"
DETR,72701,313450,54,sandwich,1,2,0,0.0,"{""54"":2}"
DETR,72701,313545,54,sandwich,1,3,0,0.0,"{""54"":3}"
DETR,73174,221578,1,person,1,3,0,0.0,"{""1"":3}"
DETR,73174,1678300,1,person,1,3,0,0.0,"{""1"":3}"
DETR,73591,599729,25,giraffe,1,3,0,0.0,"{""25"":3}"
DETR,73591,599947,25,giraffe,1,3,0,0.0,"{""25"":3}"
DETR,73602,1184009,33,suitcase,1,3,0,0.0,"{""33"":3}"
DETR,73602,1842329,33,suitcase,1,3,0,0.0,"{""33"":3}"
DETR,73680,1092899,70,toilet,1,3,0,0.0,"{""70"":3}"
DETR,73680,1094643,70,toilet,1,3,0,0.0,"{""70"":3}"
DETR,74065,1271311,1,person,1,3,0,0.0,"{""1"":3}"
DETR,74065,1276935,1,person,1,3,0,0.0,"{""1"":3}"
DETR,74065,1687603,1,person,1,3,0,0.0,"{""1"":3}"
DETR,74065,1703208,1,person,1,3,0,0.0,"{""1"":3}"
DETR,74065,1710821,1,person,1,3,0,0.0,"{""1"":3}"
DETR,74549,309805,54,sandwich,1,3,0,0.0,"{""54"":3}"
DETR,74549,309956,54,sandwich,1,3,0,0.0,"{""54"":3}"
DETR,74942,1535819,51,bowl,1,3,0,0.0,"{""51"":3}"
DETR,74942,1898151,51,bowl,1,3,0,0.0,"{""51"":3}"
DETR,74942,1908583,54,sandwich,1,3,0,0.0,"{""54"":3}"
DETR,74942,1909097,54,sandwich,1,3,0,0.0,"{""54"":3}"
DETR,75691,38030,16,bird,1,3,0,0.0,"{""16"":3}"
DETR,75841,442787,1,person,1,3,0,0.0,"{""1"":3}"
DETR,75841,2198392,1,person,1,3,0,0.0,"{""1"":3}"
DETR,76245,357941,3,car,1,3,0,0.0,"{""3"":3}"
DETR,76245,466013,1,person,1,3,0,0.0,"{""1"":3}"
DETR,76245,543555,1,person,1,3,0,0.0,"{""1"":3}"
DETR,76245,1784502,3,car,1,4,0,0.0,"{""3"":4}"
DETR,76590,676341,47,cup,1,3,0,0.0,"{""47"":3}"
DETR,76590,683423,47,cup,1,3,0,0.0,"{""47"":3}"
DETR,76590,683530,47,cup,1,3,0,0.0,"{""47"":3}"
DETR,76590,1759890,1,person,1,3,0,0.0,"{""1"":3}"
DETR,76590,1760330,1,person,1,2,0,0.0,"{""1"":2}"
DETR,76590,1761609,1,person,1,3,0,0.0,"{""1"":3}"
DETR,76740,201385,1,person,1,1,0,0.0,"{""1"":1}"
DETR,76740,212911,1,person,1,2,0,0.0,"{""1"":2}"
DETR,76746,515193,1,person,1,3,0,0.0,"{""1"":3}"
DETR,76746,557897,1,person,1,3,0,0.0,"{""1"":3}"
DETR,76937,197946,1,person,1,3,0,0.0,"{""1"":3}"
DETR,76937,209202,1,person,1,3,0,0.0,"{""1"":3}"
DETR,76937,225824,1,person,1,3,0,0.0,"{""1"":3}"
DETR,77005,419935,67,dining table,1,3,0,0.0,"{""67"":3}"
DETR,77005,1210631,1,person,1,3,0,0.0,"{""1"":3}"
DETR,77005,1255434,1,person,1,2,0,0.0,"{""1"":2}"
DETR,77005,1310910,1,person,1,3,0,0.0,"{""1"":3}"
DETR,77005,2132479,67,dining table,1,3,0,0.0,"{""67"":3}"
DETR,77377,519603,1,person,1,3,0,0.0,"{""1"":3}"
DETR,77377,1612050,65,bed,1,3,0,0.0,"{""65"":3}"
DETR,77377,1612166,65,bed,1,3,0,0.0,"{""65"":3}"
DETR,77377,2151691,1,person,1,3,0,0.0,"{""1"":3}"
DETR,78009,1086351,61,cake,1,2,0,0.0,"{""61"":2}"
DETR,78009,1088885,61,cake,1,3,0,0.0,"{""61"":3}"
DETR,78425,154789,4,motorcycle,1,3,0,0.0,"{""4"":3}"
DETR,78425,155497,4,motorcycle,1,3,0,0.0,"{""4"":3}"
DETR,78425,1223855,1,person,1,3,0,0.0,"{""1"":3}"
DETR,78425,1236499,1,person,1,3,0,0.0,"{""1"":3}"
DETR,78425,1276081,1,person,1,3,0,0.0,"{""1"":3}"
DETR,78425,1697173,1,person,1,3,0,0.0,"{""1"":3}"
DETR,78425,1791398,4,motorcycle,1,2,0,0.0,"{""4"":2}"
DETR,78517,1243787,1,person,1,3,0,0.0,"{""1"":3}"
DETR,78536,310094,54,sandwich,1,2,0,0.0,"{""54"":2}"
DETR,78536,313427,54,sandwich,1,3,0,0.0,"{""54"":3}"
DETR,78583,438207,1,person,1,2,0,0.0,"{""1"":2}"
DETR,78583,440327,1,person,1,1,0,0.0,"{""1"":1}"
DETR,78583,468669,1,person,1,2,0,0.0,"{""1"":2}"
DETR,78583,474581,1,person,1,3,0,0.0,"{""1"":3}"
DETR,79313,534605,1,person,1,3,0,0.0,"{""1"":3}"
DETR,79313,545424,1,person,1,3,0,0.0,"{""1"":3}"
DETR,80305,482496,1,person,1,3,0,0.0,"{""1"":3}"
DETR,80305,553625,67,dining table,1,3,0,0.0,"{""67"":3}"
DETR,80305,554496,1,person,1,3,0,0.0,"{""1"":3}"
DETR,80818,592744,24,zebra,1,3,0,0.0,"{""24"":3}"
DETR,80818,593090,24,zebra,1,3,0,0.0,"{""24"":3}"
DETR,80818,593793,24,zebra,1,3,0,0.0,"{""24"":3}"
DETR,80835,36645,16,bird,1,2,0,0.0,"{""16"":2}"
DETR,80835,42019,16,bird,1,3,0,0.0,"{""16"":3}"
DETR,81135,1236618,1,person,1,3,0,0.0,"{""1"":3}"
DETR,81135,1256487,1,person,1,3,0,0.0,"{""1"":3}"
DETR,81799,172382,7,train,1,3,0,0.0,"{""7"":3}"
DETR,83959,1078968,60,donut,1,3,0,0.0,"{""60"":3}"
DETR,83959,1081799,60,donut,1,3,0,0.0,"{""60"":3}"
DETR,84167,431117,1,person,1,3,0,0.0,"{""1"":3}"
DETR,84167,458956,1,person,1,3,0,0.0,"{""1"":3}"
DETR,84259,710146,51,bowl,1,3,0,0.0,"{""51"":3}"
DETR,84259,1538552,51,bowl,1,2,0,0.0,"{""51"":2}"
DETR,84259,1539043,51,bowl,1,2,0,0.0,"{""51"":2}"
DETR,84594,188790,1,person,1,3,0,0.0,"{""1"":3}"
DETR,84594,2151098,1,person,1,3,0,0.0,"{""1"":3}"
DETR,87235,1543048,52,banana,1,3,0,0.0,"{""52"":3}"
DETR,87235,1544713,52,banana,1,1,0,0.0,"{""52"":1}"
DETR,87671,189186,1,person,1,3,0,0.0,"{""1"":3}"
DETR,87671,238027,1,person,1,3,0,0.0,"{""1"":3}"
DETR,87878,1623839,70,toilet,1,2,0,0.0,"{""70"":2}"
DETR,87878,1624178,70,toilet,1,2,0,0.0,"{""70"":2}"
DETR,87878,1624255,70,toilet,1,2,0,0.0,"{""70"":2}"
DETR,87878,1624281,70,toilet,1,3,0,0.0,"{""70"":3}"
DETR,87878,1624301,70,toilet,1,3,0,0.0,"{""70"":3}"
DETR,87878,1624327,70,toilet,1,4,0,0.0,"{""70"":4}"
DETR,88425,648591,42,surfboard,1,3,0,0.0,"{""42"":3}"
DETR,88425,651102,42,surfboard,1,3,0,0.0,"{""42"":3}"
DETR,88726,38630,16,bird,1,3,0,0.0,"{""16"":3}"
DETR,88726,39960,16,bird,1,3,0,0.0,"{""16"":3}"
DETR,89005,39939,16,bird,1,3,0,0.0,"{""16"":3}"
DETR,89005,272846,16,bird,1,3,0,0.0,"{""16"":3}"
DETR,89181,505347,1,person,1,3,0,0.0,"{""1"":3}"
DETR,89181,514884,1,person,1,3,0,0.0,"{""1"":3}"
DETR,89651,450350,1,person,1,4,0,0.0,"{""1"":4}"
DETR,89651,469483,1,person,1,3,0,0.0,"{""1"":3}"
DETR,89882,431078,1,person,1,3,0,0.0,"{""1"":3}"
DETR,89882,525768,1,person,1,3,0,0.0,"{""1"":3}"
DETR,90350,57546,19,horse,1,3,0,0.0,"{""19"":3}"
DETR,90350,273670,19,horse,1,3,0,0.0,"{""19"":3}"
DETR,91055,192539,1,person,1,3,0,0.0,"{""1"":3}"
DETR,91055,215209,1,person,1,3,0,0.0,"{""1"":3}"
DETR,91055,256495,1,person,1,3,0,0.0,"{""1"":3}"
DETR,91056,84923,44,bottle,1,3,0,0.0,"{""44"":3}"
DETR,91056,91815,44,bottle,1,2,0,0.0,"{""44"":2}"
DETR,91056,441159,1,person,1,3,0,0.0,"{""1"":3}"
DETR,91056,1749805,1,person,1,2,0,0.0,"{""1"":2}"
DETR,92480,48704,17,cat,1,3,0,0.0,"{""17"":3}"
DETR,92480,50718,17,cat,1,3,0,0.0,"{""17"":3}"
DETR,92974,2203802,1,person,1,3,0,0.0,"{""1"":3}"
DETR,92974,2203893,1,person,1,3,0,0.0,"{""1"":3}"
DETR,93078,422692,1,person,1,3,0,0.0,"{""1"":3}"
DETR,93078,547078,1,person,1,3,0,0.0,"{""1"":3}"
DETR,93171,63910,20,sheep,1,3,0,0.0,"{""20"":3}"
DETR,93171,64321,20,sheep,1,3,0,0.0,"{""20"":3}"
DETR,93885,433814,1,person,1,3,0,0.0,"{""1"":3}"
DETR,93992,715981,51,bowl,1,3,0,0.0,"{""51"":3}"
DETR,93992,1039806,51,bowl,1,3,0,0.0,"{""51"":3}"
DETR,93992,1040221,51,bowl,1,1,0,0.0,"{""51"":1}"
DETR,93992,1040955,51,bowl,1,2,0,0.0,"{""51"":2}"
DETR,93992,1531551,51,bowl,1,3,0,0.0,"{""51"":3}"
DETR,94084,1055496,56,broccoli,1,1,0,0.0,"{""56"":1}"
DETR,94084,1056828,56,broccoli,1,2,0,0.0,"{""56"":2}"
DETR,94084,1059082,56,broccoli,1,2,0,0.0,"{""56"":2}"
DETR,94084,1060779,56,broccoli,1,3,0,0.0,"{""56"":3}"
DETR,94826,64842,20,sheep,1,3,0,0.0,"{""20"":3}"
DETR,94826,66443,20,sheep,1,3,0,0.0,"{""20"":3}"
DETR,95257,428361,1,person,1,3,0,0.0,"{""1"":3}"
DETR,95257,507699,1,person,1,3,0,0.0,"{""1"":3}"
DETR,95257,583172,22,elephant,1,3,0,0.0,"{""22"":3}"
DETR,95257,583211,22,elephant,1,3,0,0.0,"{""22"":3}"
DETR,95257,583479,22,elephant,1,3,0,0.0,"{""22"":3}"
DETR,95455,1208825,1,person,1,3,0,0.0,"{""1"":3}"
DETR,95455,1212567,1,person,1,3,0,0.0,"{""1"":3}"
DETR,95455,2161843,1,person,1,3,0,0.0,"{""1"":3}"
DETR,96586,1823321,25,giraffe,1,3,0,0.0,"{""25"":3}"
DETR,96586,1823544,25,giraffe,1,2,0,0.0,"{""25"":2}"
DETR,96808,317392,65,bed,1,2,0,0.0,"{""65"":2}"
DETR,96808,317947,65,bed,1,3,0,0.0,"{""65"":3}"
DETR,97450,208631,1,person,1,3,0,0.0,"{""1"":3}"
DETR,97450,213444,1,person,1,3,0,0.0,"{""1"":3}"
DETR,97795,429469,1,person,1,3,0,0.0,"{""1"":3}"
DETR,97795,450102,1,person,1,3,0,0.0,"{""1"":3}"
DETR,99040,597445,25,giraffe,1,3,0,0.0,"{""25"":3}"
DETR,99040,599414,25,giraffe,1,3,0,0.0,"{""25"":3}"
DETR,99159,2096586,44,bottle,1,3,0,0.0,"{""44"":3}"
DETR,99724,486376,1,person,1,3,0,0.0,"{""1"":3}"
DETR,99724,570027,1,person,1,3,0,0.0,"{""1"":3}"
DETR,100667,460001,1,person,1,3,0,0.0,"{""1"":3}"
DETR,100667,506735,1,person,1,3,0,0.0,"{""1"":3}"
DETR,100667,1042185,52,banana,1,2,0,0.0,"{""52"":2}"
DETR,100667,1265445,1,person,1,3,0,0.0,"{""1"":3}"
DETR,100722,635994,40,baseball glove,1,3,0,0.0,"{""40"":3}"
DETR,100812,106787,62,chair,1,2,0,0.0,"{""62"":2}"
DETR,100812,111208,62,chair,1,3,0,0.0,"{""62"":3}"
DETR,101479,28259,72,tv,1,3,0,0.0,"{""72"":3}"
DETR,101479,34791,72,tv,1,3,0,0.0,"{""72"":3}"
DETR,101548,1957828,65,bed,1,3,0,0.0,"{""65"":3}"
DETR,101548,1957862,65,bed,1,3,0,0.0,"{""65"":3}"
DETR,101697,103882,62,chair,1,3,0,0.0,"{""62"":3}"
DETR,101807,600157,25,giraffe,1,3,0,0.0,"{""25"":3}"
DETR,101807,600871,25,giraffe,1,3,0,0.0,"{""25"":3}"
DETR,102252,583477,22,elephant,1,3,0,0.0,"{""22"":3}"
DETR,102252,583954,22,elephant,1,3,0,0.0,"{""22"":3}"
DETR,102667,229105,1,person,1,3,0,0.0,"{""1"":3}"
DETR,102667,1280566,1,person,1,3,0,0.0,"{""1"":3}"
DETR,104114,1544258,52,banana,1,1,0,0.0,"{""52"":1}"
DETR,104114,1547536,52,banana,1,1,0,0.0,"{""52"":1}"
DETR,104114,1547780,52,banana,1,2,0,0.0,"{""52"":2}"
DETR,104114,1548260,52,banana,1,2,0,0.0,"{""52"":2}"
DETR,104114,2110491,52,banana,1,3,0,0.0,"{""52"":3}"
DETR,104410,1097332,70,toilet,1,3,0,0.0,"{""70"":3}"
DETR,104410,1097403,70,toilet,1,3,0,0.0,"{""70"":3}"
DETR,104752,487734,1,person,1,3,0,0.0,"{""1"":3}"
DETR,104752,520291,1,person,1,3,0,0.0,"{""1"":3}"
DETR,104752,2139141,79,oven,1,3,0,0.0,"{""79"":3}"
DETR,104752,2139203,79,oven,1,2,0,0.0,"{""79"":2}"
DETR,104973,470237,1,person,1,3,0,0.0,"{""1"":3}"
DETR,104973,471652,1,person,1,3,0,0.0,"{""1"":3}"
DETR,104973,1238418,1,person,1,3,0,0.0,"{""1"":3}"
DETR,105063,475742,1,person,1,3,0,0.0,"{""1"":3}"
DETR,105063,496504,1,person,1,3,0,0.0,"{""1"":3}"
DETR,105620,1545157,52,banana,1,2,0,0.0,"{""52"":2}"
DETR,105620,1904416,52,banana,1,3,0,0.0,"{""52"":3}"
DETR,105620,1905402,52,banana,1,2,0,0.0,"{""52"":2}"
DETR,105633,2158346,1,person,1,3,0,0.0,"{""1"":3}"
DETR,105633,2159406,1,person,1,3,0,0.0,"{""1"":3}"
DETR,105660,595130,25,giraffe,1,2,0,0.0,"{""25"":2}"
DETR,105660,598281,25,giraffe,1,3,0,0.0,"{""25"":3}"
DETR,106315,1052016,55,orange,1,3,0,0.0,"{""55"":3}"
DETR,106315,1911604,55,orange,1,3,0,0.0,"{""55"":3}"
DETR,106397,418237,14,parking meter,1,3,0,0.0,"{""14"":3}"
DETR,106397,418586,14,parking meter,1,3,0,0.0,"{""14"":3}"
DETR,106637,449679,1,person,1,3,0,0.0,"{""1"":3}"
DETR,106637,481118,1,person,1,3,0,0.0,"{""1"":3}"
DETR,106994,456865,1,person,1,3,0,0.0,"{""1"":3}"
DETR,106994,1237010,1,person,1,2,0,0.0,"{""1"":2}"
DETR,108123,516208,1,person,1,2,0,0.0,"{""1"":2}"
DETR,108123,527757,1,person,1,3,0,0.0,"{""1"":3}"
DETR,108123,2160741,1,person,1,3,0,0.0,"{""1"":3}"
DETR,108501,1268000,1,person,1,3,0,0.0,"{""1"":3}"
DETR,108501,1282721,1,person,1,3,0,0.0,"{""1"":3}"
DETR,108501,1285068,1,person,1,3,0,0.0,"{""1"":3}"
DETR,108920,71033,21,cow,1,3,0,0.0,"{""21"":3}"
DETR,108920,72553,21,cow,1,3,0,0.0,"{""21"":3}"
DETR,109008,1682791,1,person,1,3,0,0.0,"{""1"":3}"
DETR,109008,1701660,1,person,1,3,0,0.0,"{""1"":3}"
DETR,109114,308543,54,sandwich,1,3,0,0.0,"{""54"":3}"
DETR,109114,1552953,54,sandwich,1,3,0,0.0,"{""54"":3}"
DETR,109777,148046,4,motorcycle,1,3,0,0.0,"{""4"":3}"
DETR,109777,154498,4,motorcycle,1,3,0,0.0,"{""4"":3}"
DETR,109778,504349,1,person,1,4,0,0.0,"{""1"":4}"
DETR,109778,522844,1,person,1,3,0,0.0,"{""1"":3}"
DETR,109778,1077361,59,pizza,1,2,0,0.0,"{""59"":2}"
DETR,109778,1570388,59,pizza,1,3,0,0.0,"{""59"":3}"
DETR,109908,1361643,4,motorcycle,1,2,0,0.0,"{""4"":2}"
DETR,109908,1791872,4,motorcycle,1,3,0,0.0,"{""4"":3}"
DETR,110230,13854,18,dog,1,3,0,0.0,"{""18"":3}"
DETR,110230,17252,18,dog,1,3,0,0.0,"{""18"":3}"
DETR,110252,1041544,52,banana,1,3,0,0.0,"{""52"":3}"
DETR,110252,1544196,52,banana,1,3,0,0.0,"{""52"":3}"
DETR,110989,51833,17,cat,1,3,0,0.0,"{""17"":3}"
DETR,110989,52888,17,cat,1,3,0,0.0,"{""17"":3}"
DETR,111045,482960,1,person,1,3,0,0.0,"{""1"":3}"
DETR,111045,513792,1,person,1,3,0,0.0,"{""1"":3}"
DETR,111195,1201134,1,person,1,3,0,0.0,"{""1"":3}"
DETR,111195,1223853,1,person,1,3,0,0.0,"{""1"":3}"
DETR,111195,1256959,1,person,1,3,0,0.0,"{""1"":3}"
DETR,111543,331890,82,refrigerator,1,3,0,0.0,"{""82"":3}"
DETR,111705,120013,67,dining table,1,3,0,0.0,"{""67"":3}"
DETR,111705,120557,67,dining table,1,3,0,0.0,"{""67"":3}"
DETR,111754,428442,1,person,1,3,0,0.0,"{""1"":3}"
DETR,111754,490486,1,person,1,3,0,0.0,"{""1"":3}"
DETR,111998,1297468,1,person,1,3,0,0.0,"{""1"":3}"
DETR,111998,1317917,1,person,1,3,0,0.0,"{""1"":3}"
DETR,111998,1319873,1,person,1,3,0,0.0,"{""1"":3}"
DETR,111998,1324241,1,person,1,3,0,0.0,"{""1"":3}"
DETR,112495,1533353,51,bowl,1,3,0,0.0,"{""51"":3}"
DETR,112495,1536631,51,bowl,1,3,0,0.0,"{""51"":3}"
DETR,113123,1184759,33,suitcase,1,3,0,0.0,"{""33"":3}"
DETR,113123,1842623,33,suitcase,1,2,0,0.0,"{""33"":2}"
DETR,113244,1084583,61,cake,1,3,0,0.0,"{""61"":3}"
DETR,113244,1086183,61,cake,1,2,0,0.0,"{""61"":2}"
DETR,113244,1089530,61,cake,1,2,0,0.0,"{""61"":2}"
DETR,113244,1089675,61,cake,1,2,0,0.0,"{""61"":2}"
DETR,113844,328479,77,cell phone,1,1,0,0.0,"{""77"":1}"
DETR,113844,328597,77,cell phone,1,3,0,0.0,"{""77"":3}"
DETR,113844,328692,77,cell phone,1,3,0,0.0,"{""77"":3}"
DETR,114132,317821,65,bed,1,2,0,0.0,"{""65"":2}"
DETR,114132,319111,65,bed,1,3,0,0.0,"{""65"":3}"
DETR,114185,462867,1,person,1,2,0,0.0,"{""1"":2}"
DETR,114185,501032,1,person,1,3,0,0.0,"{""1"":3}"
DETR,114801,462020,1,person,1,3,0,0.0,"{""1"":3}"
DETR,114801,512436,1,person,1,3,0,0.0,"{""1"":3}"
DETR,115524,48934,17,cat,1,3,0,0.0,"{""17"":3}"
DETR,115524,50754,17,cat,1,3,0,0.0,"{""17"":3}"
DETR,116049,1212451,1,person,1,3,0,0.0,"{""1"":3}"
DETR,116049,1227169,1,person,1,3,0,0.0,"{""1"":3}"
DETR,116049,1265888,1,person,1,3,0,0.0,"{""1"":3}"
DETR,116603,1052136,55,orange,1,3,0,0.0,"{""55"":3}"
DETR,116603,1052245,55,orange,1,3,0,0.0,"{""55"":3}"
DETR,116607,396829,8,truck,1,2,0,0.0,"{""8"":2}"
DETR,116607,399470,8,truck,1,3,0,0.0,"{""8"":3}"
DETR,117114,493499,1,person,1,3,0,0.0,"{""1"":3}"
DETR,117114,1728917,1,person,1,3,0,0.0,"{""1"":3}"
DETR,117114,2156806,1,person,1,3,0,0.0,"{""1"":3}"
DETR,117250,459801,1,person,1,3,0,0.0,"{""1"":3}"
DETR,117250,1722822,1,person,1,3,0,0.0,"{""1"":3}"
DETR,117447,1099187,73,laptop,1,3,0,0.0,"{""73"":3}"
DETR,117447,1102591,73,laptop,1,3,0,0.0,"{""73"":3}"
DETR,117578,1070799,59,pizza,1,2,0,0.0,"{""59"":2}"
DETR,117578,1073951,59,pizza,1,3,0,0.0,"{""59"":3}"
DETR,117578,1570901,59,pizza,1,3,0,0.0,"{""59"":3}"
DETR,117677,487016,1,person,1,3,0,0.0,"{""1"":3}"
DETR,117677,495826,1,person,1,3,0,0.0,"{""1"":3}"
DETR,117677,513035,1,person,1,3,0,0.0,"{""1"":3}"
DETR,117969,591161,24,zebra,1,3,0,0.0,"{""24"":3}"
DETR,117969,591583,24,zebra,1,2,0,0.0,"{""24"":2}"
DETR,118150,1247819,1,person,1,3,0,0.0,"{""1"":3}"
DETR,118543,1048993,53,apple,1,3,0,0.0,"{""53"":3}"
DETR,118543,1049798,53,apple,1,3,0,0.0,"{""53"":3}"
DETR,118543,1049848,53,apple,1,3,0,0.0,"{""53"":3}"
DETR,118780,72130,21,cow,1,3,0,0.0,"{""21"":3}"
DETR,118780,1820214,21,cow,1,3,0,0.0,"{""21"":3}"
DETR,119129,380874,62,chair,1,3,0,0.0,"{""62"":3}"
DETR,119129,382722,62,chair,1,2,0,0.0,"{""62"":2}"
DETR,119263,215252,1,person,1,3,0,0.0,"{""1"":3}"
DETR,119263,227985,1,person,1,3,0,0.0,"{""1"":3}"
DETR,120333,357841,3,car,1,3,0,0.0,"{""3"":3}"
DETR,120333,425303,1,person,1,3,0,0.0,"{""1"":3}"
DETR,120333,461453,1,person,1,3,0,0.0,"{""1"":3}"
DETR,120431,458335,1,person,1,3,0,0.0,"{""1"":3}"
DETR,120431,2204971,1,person,1,3,0,0.0,"{""1"":3}"
DETR,121174,505119,1,person,1,3,0,0.0,"{""1"":3}"
DETR,121174,509710,1,person,1,2,0,0.0,"{""1"":2}"
DETR,121174,539551,1,person,1,3,0,0.0,"{""1"":3}"
DETR,121174,549305,1,person,1,3,0,0.0,"{""1"":3}"
DETR,121174,2153326,1,person,1,3,0,0.0,"{""1"":3}"
DETR,121181,1213525,1,person,1,2,0,0.0,"{""1"":2}"
DETR,121181,1231175,1,person,1,3,0,0.0,"{""1"":3}"
DETR,121181,1258986,1,person,1,3,0,0.0,"{""1"":3}"
DETR,121683,478056,1,person,1,3,0,0.0,"{""1"":3}"
DETR,121683,1100091,73,laptop,1,2,0,0.0,"{""73"":2}"
DETR,121683,1257555,1,person,1,3,0,0.0,"{""1"":3}"
DETR,121683,1626944,73,laptop,1,3,0,0.0,"{""73"":3}"
DETR,121683,1627462,73,laptop,1,3,0,0.0,"{""73"":3}"
DETR,121683,2165278,1,person,1,3,0,0.0,"{""1"":3}"
DETR,122436,309661,54,sandwich,1,3,0,0.0,"{""54"":3}"
DETR,122436,311340,54,sandwich,1,3,0,0.0,"{""54"":3}"
DETR,122459,70892,21,cow,1,3,0,0.0,"{""21"":3}"
DETR,122459,71797,21,cow,1,3,0,0.0,"{""21"":3}"
DETR,122560,582877,22,elephant,1,3,0,0.0,"{""22"":3}"
DETR,122560,583586,22,elephant,1,3,0,0.0,"{""22"":3}"
DETR,122918,422754,1,person,1,3,0,0.0,"{""1"":3}"
DETR,122918,1716779,1,person,1,2,0,0.0,"{""1"":2}"
DETR,122959,1674458,88,teddy bear,1,1,0,0.0,"{""88"":1}"
DETR,122959,1674548,88,teddy bear,1,2,0,0.0,"{""88"":2}"
DETR,122959,1674993,88,teddy bear,1,2,0,0.0,"{""88"":2}"
DETR,122959,1675061,88,teddy bear,1,3,0,0.0,"{""88"":3}"
DETR,122959,1675684,88,teddy bear,1,2,0,0.0,"{""88"":2}"
DETR,122959,1675807,88,teddy bear,1,3,0,0.0,"{""88"":3}"
DETR,123180,594892,25,giraffe,1,3,0,0.0,"{""25"":3}"
DETR,123180,597759,25,giraffe,1,3,0,0.0,"{""25"":3}"
DETR,124347,525134,1,person,1,3,0,0.0,"{""1"":3}"
DETR,124347,540130,1,person,1,3,0,0.0,"{""1"":3}"
DETR,125298,1187761,33,suitcase,1,3,0,0.0,"{""33"":3}"
DETR,125298,1187952,33,suitcase,1,2,0,0.0,"{""33"":2}"
DETR,125550,425379,1,person,1,2,0,0.0,"{""1"":2}"
DETR,125550,474150,1,person,1,3,0,0.0,"{""1"":3}"
DETR,125550,518190,1,person,1,3,0,0.0,"{""1"":3}"
DETR,125550,518312,1,person,1,2,0,0.0,"{""1"":2}"
DETR,125690,51172,17,cat,1,3,0,0.0,"{""17"":3}"
DETR,125690,52077,17,cat,1,3,0,0.0,"{""17"":3}"
DETR,125785,170873,7,train,1,3,0,0.0,"{""7"":3}"
DETR,125785,1795687,7,train,1,3,0,0.0,"{""7"":3}"
DETR,125882,380258,62,chair,1,3,0,0.0,"{""62"":3}"
DETR,125882,452724,1,person,1,3,0,0.0,"{""1"":3}"
DETR,125882,452866,1,person,1,3,0,0.0,"{""1"":3}"
DETR,125882,467078,1,person,1,3,0,0.0,"{""1"":3}"
DETR,126825,594638,25,giraffe,1,3,0,0.0,"{""25"":3}"
DETR,127214,585447,22,elephant,1,3,0,0.0,"{""22"":3}"
DETR,127214,585493,22,elephant,1,2,0,0.0,"{""22"":2}"
DETR,127214,585727,22,elephant,1,2,0,0.0,"{""22"":2}"
DETR,127282,1153593,86,vase,1,3,0,0.0,"{""86"":3}"
DETR,127282,1154308,86,vase,1,3,0,0.0,"{""86"":3}"
DETR,127282,1154727,86,vase,1,3,0,0.0,"{""86"":3}"
DETR,128127,530972,1,person,1,3,0,0.0,"{""1"":3}"
DETR,128127,1242930,1,person,1,3,0,0.0,"{""1"":3}"
DETR,128286,1465870,38,kite,1,1,0,0.0,"{""38"":1}"
DETR,128286,1856611,38,kite,1,2,0,0.0,"{""38"":2}"
DETR,128434,104569,62,chair,1,3,0,0.0,"{""62"":3}"
DETR,128955,208469,1,person,1,3,0,0.0,"{""1"":3}"
DETR,128955,209738,1,person,1,3,0,0.0,"{""1"":3}"
DETR,129551,494387,1,person,1,3,0,0.0,"{""1"":3}"
DETR,129551,502005,1,person,1,3,0,0.0,"{""1"":3}"
DETR,129771,91780,44,bottle,1,3,0,0.0,"{""44"":3}"
DETR,129806,10730,18,dog,1,3,0,0.0,"{""18"":3}"
DETR,129806,16530,18,dog,1,3,0,0.0,"{""18"":3}"
DETR,129806,16537,18,dog,1,3,0,0.0,"{""18"":3}"
DETR,130081,431079,1,person,1,3,0,0.0,"{""1"":3}"
DETR,130081,459567,1,person,1,3,0,0.0,"{""1"":3}"
DETR,130081,492578,1,person,1,3,0,0.0,"{""1"":3}"
DETR,130324,1064607,57,carrot,1,3,0,0.0,"{""57"":3}"
DETR,130324,1919207,57,carrot,1,2,0,0.0,"{""57"":2}"
DETR,131030,428628,1,person,1,3,0,0.0,"{""1"":3}"
DETR,131030,493291,1,person,1,3,0,0.0,"{""1"":3}"
DETR,131030,1735067,1,person,1,3,0,0.0,"{""1"":3}"
DETR,131058,427445,1,person,1,3,0,0.0,"{""1"":3}"
DETR,131058,1714605,1,person,1,3,0,0.0,"{""1"":3}"
DETR,131074,318235,65,bed,1,3,0,0.0,"{""65"":3}"
DETR,131074,319598,65,bed,1,3,0,0.0,"{""65"":3}"
DETR,131118,159318,5,airplane,1,3,0,0.0,"{""5"":3}"
DETR,131595,341029,85,clock,1,3,0,0.0,"{""85"":3}"
DETR,131595,341065,85,clock,1,2,0,0.0,"{""85"":2}"
DETR,131595,2197162,85,clock,1,3,0,0.0,"{""85"":3}"
DETR,131816,478257,1,person,1,3,0,0.0,"{""1"":3}"
DETR,131816,479040,1,person,1,3,0,0.0,"{""1"":3}"
DETR,131816,1724981,1,person,1,3,0,0.0,"{""1"":3}"
DETR,132165,14089,18,dog,1,3,0,0.0,"{""18"":3}"
DETR,132165,17321,18,dog,1,3,0,0.0,"{""18"":3}"
DETR,132529,101528,62,chair,1,2,0,0.0,"{""62"":2}"
DETR,132529,106244,62,chair,1,3,0,0.0,"{""62"":3}"
DETR,132529,184535,1,person,1,3,0,0.0,"{""1"":3}"
DETR,132529,185712,1,person,1,3,0,0.0,"{""1"":3}"
DETR,132889,427094,1,person,1,3,0,0.0,"{""1"":3}"
DETR,132889,469881,1,person,1,3,0,0.0,"{""1"":3}"
DETR,132889,1214012,1,person,1,3,0,0.0,"{""1"":3}"
DETR,133654,545505,1,person,1,2,0,0.0,"{""1"":2}"
DETR,133654,547869,1,person,1,3,0,0.0,"{""1"":3}"
DETR,133654,549295,1,person,1,3,0,0.0,"{""1"":3}"
DETR,133654,1706674,1,person,1,3,0,0.0,"{""1"":3}"
DETR,134100,432884,1,person,1,2,0,0.0,"{""1"":2}"
DETR,134100,437862,1,person,1,3,0,0.0,"{""1"":3}"
DETR,134100,504466,1,person,1,3,0,0.0,"{""1"":3}"
DETR,134447,500556,1,person,1,3,0,0.0,"{""1"":3}"
DETR,134447,509504,1,person,1,3,0,0.0,"{""1"":3}"
DETR,134447,1728699,1,person,1,3,0,0.0,"{""1"":3}"
DETR,134474,586499,23,bear,1,3,0,0.0,"{""23"":3}"
DETR,134474,587031,23,bear,1,3,0,0.0,"{""23"":3}"
DETR,134755,1902997,51,bowl,1,3,0,0.0,"{""51"":3}"
DETR,134755,1903420,51,bowl,1,3,0,0.0,"{""51"":3}"
DETR,134755,1903564,51,bowl,1,3,0,0.0,"{""51"":3}"
DETR,134755,1903599,51,bowl,1,3,0,0.0,"{""51"":3}"
DETR,135242,223440,1,person,1,3,0,0.0,"{""1"":3}"
DETR,135242,225761,1,person,1,3,0,0.0,"{""1"":3}"
DETR,135338,1424756,28,umbrella,1,2,0,0.0,"{""28"":2}"
DETR,135338,1427260,28,umbrella,1,1,0,0.0,"{""28"":1}"
DETR,135338,1428722,28,umbrella,1,1,0,0.0,"{""28"":1}"
DETR,136184,1212039,1,person,1,3,0,0.0,"{""1"":3}"
DETR,136184,1257337,1,person,1,3,0,0.0,"{""1"":3}"
DETR,136184,1738983,1,person,1,3,0,0.0,"{""1"":3}"
DETR,136232,312494,54,sandwich,1,3,0,0.0,"{""54"":3}"
DETR,136232,312684,54,sandwich,1,3,0,0.0,"{""54"":3}"
DETR,136232,312770,54,sandwich,1,2,0,0.0,"{""54"":2}"
DETR,136651,192712,1,person,1,3,0,0.0,"{""1"":3}"
DETR,136651,1249864,1,person,1,3,0,0.0,"{""1"":3}"
DETR,136811,464733,1,person,1,3,0,0.0,"{""1"":3}"
DETR,136811,502208,1,person,1,3,0,0.0,"{""1"":3}"
DETR,136811,520495,1,person,1,3,0,0.0,"{""1"":3}"
DETR,137320,1042719,52,banana,1,2,0,0.0,"{""52"":2}"
DETR,138772,327318,77,cell phone,1,3,0,0.0,"{""77"":3}"
DETR,138772,2195989,77,cell phone,1,3,0,0.0,"{""77"":3}"
DETR,139429,188298,1,person,1,3,0,0.0,"{""1"":3}"
DETR,139429,201350,1,person,1,3,0,0.0,"{""1"":3}"
DETR,139568,71958,21,cow,1,3,0,0.0,"{""21"":3}"
DETR,139568,72489,21,cow,1,3,0,0.0,"{""21"":3}"
DETR,139811,368701,19,horse,1,2,0,0.0,"{""19"":2}"
DETR,140108,112975,63,couch,1,3,0,0.0,"{""63"":3}"
DETR,140108,114565,63,couch,1,2,0,0.0,"{""63"":2}"
DETR,140291,434823,1,person,1,3,0,0.0,"{""1"":3}"
DETR,140291,466250,1,person,1,3,0,0.0,"{""1"":3}"
DETR,140320,98501,63,couch,1,3,0,0.0,"{""63"":3}"
DETR,140320,115080,63,couch,1,3,0,0.0,"{""63"":3}"
DETR,140954,189260,1,person,1,3,0,0.0,"{""1"":3}"
DETR,140954,213317,1,person,1,3,0,0.0,"{""1"":3}"
DETR,141056,1075728,59,pizza,1,3,0,0.0,"{""59"":3}"
DETR,141056,1076859,59,pizza,1,1,0,0.0,"{""59"":1}"
DETR,141101,485976,1,person,1,3,0,0.0,"{""1"":3}"
DETR,141101,1223252,1,person,1,3,0,0.0,"{""1"":3}"
DETR,141702,487242,1,person,1,3,0,0.0,"{""1"":3}"
DETR,141702,515313,1,person,1,3,0,0.0,"{""1"":3}"
DETR,141827,590642,24,zebra,1,3,0,0.0,"{""24"":3}"
DETR,141827,1412280,24,zebra,1,3,0,0.0,"{""24"":3}"
DETR,142426,1183958,33,suitcase,1,2,0,0.0,"{""33"":2}"
DETR,142426,1184413,33,suitcase,1,3,0,0.0,"{""33"":3}"
DETR,142426,1187958,33,suitcase,1,3,0,0.0,"{""33"":3}"
DETR,143003,1039374,51,bowl,1,3,0,0.0,"{""51"":3}"
DETR,143003,1039875,51,bowl,1,3,0,0.0,"{""51"":3}"
DETR,143003,1040728,51,bowl,1,3,0,0.0,"{""51"":3}"
DETR,143323,711731,51,bowl,1,3,0,0.0,"{""51"":3}"
DETR,143323,1537560,51,bowl,1,3,0,0.0,"{""51"":3}"
DETR,143323,1900188,51,bowl,1,3,0,0.0,"{""51"":3}"
DETR,143665,184119,1,person,1,3,0,0.0,"{""1"":3}"
DETR,143665,198273,1,person,1,3,0,0.0,"{""1"":3}"
DETR,143665,204488,1,person,1,3,0,0.0,"{""1"":3}"
DETR,144018,1803477,9,boat,1,3,0,0.0,"{""9"":3}"
DETR,144018,1803962,9,boat,1,1,0,0.0,"{""9"":1}"
DETR,144320,1071868,59,pizza,1,2,0,0.0,"{""59"":2}"
DETR,144320,1075113,59,pizza,1,3,0,0.0,"{""59"":3}"
DETR,144817,446441,1,person,1,3,0,0.0,"{""1"":3}"
DETR,144817,512624,1,person,1,3,0,0.0,"{""1"":3}"
DETR,144851,459097,1,person,1,3,0,0.0,"{""1"":3}"
DETR,144851,1725452,1,person,1,2,0,0.0,"{""1"":2}"
DETR,145351,426906,1,person,1,3,0,0.0,"{""1"":3}"
DETR,145351,2155218,1,person,1,2,0,0.0,"{""1"":2}"
DETR,147701,488802,1,person,1,3,0,0.0,"{""1"":3}"
DETR,147701,514926,1,person,1,3,0,0.0,"{""1"":3}"
DETR,147701,1239052,1,person,1,3,0,0.0,"{""1"":3}"
DETR,147733,1041529,52,banana,1,3,0,0.0,"{""52"":3}"
DETR,147733,1041933,52,banana,1,3,0,0.0,"{""52"":3}"
DETR,148044,22594,64,potted plant,1,3,0,0.0,"{""64"":3}"
DETR,148044,26283,64,potted plant,1,2,0,0.0,"{""64"":2}"
DETR,148044,1155675,86,vase,1,3,0,0.0,"{""86"":3}"
DETR,148044,1156596,86,vase,1,3,0,0.0,"{""86"":3}"
DETR,148047,463791,1,person,1,3,0,0.0,"{""1"":3}"
DETR,148047,474228,1,person,1,3,0,0.0,"{""1"":3}"
DETR,148602,158797,5,airplane,1,3,0,0.0,"{""5"":3}"
DETR,148602,160832,5,airplane,1,3,0,0.0,"{""5"":3}"
DETR,148809,106584,62,chair,1,3,0,0.0,"{""62"":3}"
DETR,148809,1585604,62,chair,1,3,0,0.0,"{""62"":3}"
DETR,148809,2190497,62,chair,1,3,0,0.0,"{""62"":3}"
DETR,149253,63324,20,sheep,1,3,0,0.0,"{""20"":3}"
DETR,149253,64857,20,sheep,1,2,0,0.0,"{""20"":2}"
DETR,149498,426236,1,person,1,3,0,0.0,"{""1"":3}"
DETR,149498,1221191,1,person,1,3,0,0.0,"{""1"":3}"
DETR,150100,461684,1,person,1,3,0,0.0,"{""1"":3}"
DETR,150100,488640,1,person,1,3,0,0.0,"{""1"":3}"
DETR,150477,465765,1,person,1,3,0,0.0,"{""1"":3}"
DETR,150477,2204843,1,person,1,3,0,0.0,"{""1"":3}"
DETR,151163,458461,1,person,1,3,0,0.0,"{""1"":3}"
DETR,151163,464944,1,person,1,3,0,0.0,"{""1"":3}"
DETR,151236,484584,1,person,1,3,0,0.0,"{""1"":3}"
DETR,151236,1750421,1,person,1,3,0,0.0,"{""1"":3}"
DETR,151729,427795,1,person,1,3,0,0.0,"{""1"":3}"
DETR,151729,443886,1,person,1,3,0,0.0,"{""1"":3}"
DETR,151729,573111,15,bench,1,3,0,0.0,"{""15"":3}"
DETR,151729,1392487,15,bench,1,3,0,0.0,"{""15"":3}"
DETR,151854,455110,1,person,1,3,0,0.0,"{""1"":3}"
DETR,151854,491469,1,person,1,3,0,0.0,"{""1"":3}"
DETR,151854,495616,1,person,1,3,0,0.0,"{""1"":3}"
DETR,152079,1161827,88,teddy bear,1,2,0,0.0,"{""88"":2}"
DETR,152079,1161917,88,teddy bear,1,2,0,0.0,"{""88"":2}"
DETR,152079,1161981,88,teddy bear,1,3,0,0.0,"{""88"":3}"
DETR,152079,1996607,88,teddy bear,1,3,0,0.0,"{""88"":3}"
DETR,152197,596439,25,giraffe,1,3,0,0.0,"{""25"":3}"
DETR,152197,598009,25,giraffe,1,3,0,0.0,"{""25"":3}"
DETR,152309,1724621,1,person,1,3,0,0.0,"{""1"":3}"
DETR,152309,2204583,1,person,1,3,0,0.0,"{""1"":3}"
DETR,153591,1874931,46,wine glass,1,3,0,0.0,"{""46"":3}"
DETR,153591,1875649,46,wine glass,1,3,0,0.0,"{""46"":3}"
DETR,153671,458616,1,person,1,3,0,0.0,"{""1"":3}"
DETR,153671,468800,1,person,1,3,0,0.0,"{""1"":3}"
DETR,153845,662063,46,wine glass,1,3,0,0.0,"{""46"":3}"
DETR,153845,663915,46,wine glass,1,3,0,0.0,"{""46"":3}"
DETR,153845,664453,46,wine glass,1,3,0,0.0,"{""46"":3}"
DETR,154244,1053571,55,orange,1,3,0,0.0,"{""55"":3}"
DETR,154244,1912666,55,orange,1,3,0,0.0,"{""55"":3}"
DETR,154888,454142,1,person,1,3,0,0.0,"{""1"":3}"
DETR,154888,456198,1,person,1,3,0,0.0,"{""1"":3}"
DETR,154888,474332,1,person,1,3,0,0.0,"{""1"":3}"
DETR,154888,476031,1,person,1,3,0,0.0,"{""1"":3}"
DETR,154895,309401,54,sandwich,1,3,0,0.0,"{""54"":3}"
DETR,154895,313105,54,sandwich,1,3,0,0.0,"{""54"":3}"
DETR,156757,1734640,1,person,1,3,0,0.0,"{""1"":3}"
DETR,156757,2006913,1,person,1,3,0,0.0,"{""1"":3}"
DETR,157744,1118973,78,microwave,1,3,0,0.0,"{""78"":3}"
DETR,157744,1119592,78,microwave,1,3,0,0.0,"{""78"":3}"
DETR,157744,1121060,78,microwave,1,3,0,0.0,"{""78"":3}"
DETR,157744,1647323,82,refrigerator,1,3,0,0.0,"{""82"":3}"
DETR,157744,1647471,82,refrigerator,1,2,0,0.0,"{""82"":2}"
DETR,157793,433706,1,person,1,3,0,0.0,"{""1"":3}"
DETR,157793,2148547,1,person,1,3,0,0.0,"{""1"":3}"
DETR,158362,1425546,28,umbrella,1,3,0,0.0,"{""28"":3}"
DETR,158362,1426268,28,umbrella,1,3,0,0.0,"{""28"":3}"
DETR,159682,1042990,52,banana,1,3,0,0.0,"{""52"":3}"
DETR,159682,1043492,52,banana,1,2,0,0.0,"{""52"":2}"
DETR,159682,1043968,52,banana,1,2,0,0.0,"{""52"":2}"
DETR,160503,1076205,59,pizza,1,1,0,0.0,"{""59"":1}"
DETR,160503,1076977,59,pizza,1,3,0,0.0,"{""59"":3}"
DETR,160648,593306,24,zebra,1,3,0,0.0,"{""24"":3}"
DETR,160648,1412405,24,zebra,1,3,0,0.0,"{""24"":3}"
DETR,161381,1226214,1,person,1,3,0,0.0,"{""1"":3}"
DETR,161381,1263360,1,person,1,3,0,0.0,"{""1"":3}"
DETR,161381,1266424,1,person,1,3,0,0.0,"{""1"":3}"
DETR,162046,399413,8,truck,1,3,0,0.0,"{""8"":3}"
DETR,162046,1197470,8,truck,1,3,0,0.0,"{""8"":3}"
DETR,162300,51666,17,cat,1,3,0,0.0,"{""17"":3}"
DETR,162300,273509,17,cat,1,3,0,0.0,"{""17"":3}"
DETR,162963,474021,1,person,1,4,0,0.0,"{""1"":4}"
DETR,162963,498627,1,person,1,3,0,0.0,"{""1"":3}"
DETR,163559,1055210,56,broccoli,1,3,0,0.0,"{""56"":3}"
DETR,163559,1914431,56,broccoli,1,3,0,0.0,"{""56"":3}"
DETR,163991,1730322,1,person,1,3,0,0.0,"{""1"":3}"
DETR,163991,2207860,1,person,1,3,0,0.0,"{""1"":3}"
DETR,164042,422202,1,person,1,3,0,0.0,"{""1"":3}"
DETR,164100,438495,1,person,1,3,0,0.0,"{""1"":3}"
DETR,164100,2152195,1,person,1,3,0,0.0,"{""1"":3}"
DETR,164855,591075,24,zebra,1,3,0,0.0,"{""24"":3}"
DETR,164855,593713,24,zebra,1,3,0,0.0,"{""24"":3}"
DETR,165606,210125,1,person,1,3,0,0.0,"{""1"":3}"
DETR,165606,225169,1,person,1,3,0,0.0,"{""1"":3}"
DETR,165606,1715656,1,person,1,3,0,0.0,"{""1"":3}"
DETR,165606,2156760,1,person,1,3,0,0.0,"{""1"":3}"
DETR,165847,201555,1,person,1,3,0,0.0,"{""1"":3}"
DETR,165868,111712,63,couch,1,3,0,0.0,"{""63"":3}"
DETR,165868,114360,63,couch,1,3,0,0.0,"{""63"":3}"
DETR,166230,453091,1,person,1,1,0,0.0,"{""1"":1}"
DETR,166230,455367,1,person,1,3,0,0.0,"{""1"":3}"
DETR,166408,193658,1,person,1,2,0,0.0,"{""1"":2}"
DETR,166408,204090,1,person,1,3,0,0.0,"{""1"":3}"
DETR,166653,1444245,33,suitcase,1,3,0,0.0,"{""33"":3}"
DETR,166653,2081466,33,suitcase,1,3,0,0.0,"{""33"":3}"
DETR,166985,493308,1,person,1,3,0,0.0,"{""1"":3}"
DETR,166985,1731429,1,person,1,3,0,0.0,"{""1"":3}"
DETR,167220,424879,1,person,1,3,0,0.0,"{""1"":3}"
DETR,167220,1706457,1,person,1,3,0,0.0,"{""1"":3}"
DETR,167765,15580,18,dog,1,3,0,0.0,"{""18"":3}"
DETR,167765,183813,1,person,1,3,0,0.0,"{""1"":3}"
DETR,167765,254764,1,person,1,3,0,0.0,"{""1"":3}"
DETR,167765,1817357,18,dog,1,3,0,0.0,"{""18"":3}"
DETR,168349,1237999,1,person,1,3,0,0.0,"{""1"":3}"
DETR,168349,1247168,1,person,1,3,0,0.0,"{""1"":3}"
DETR,169529,1049138,53,apple,1,3,0,0.0,"{""53"":3}"
DETR,169529,1049869,53,apple,1,3,0,0.0,"{""53"":3}"
DETR,169529,1050968,55,orange,1,3,0,0.0,"{""55"":3}"
DETR,169529,1052640,55,orange,1,2,0,0.0,"{""55"":2}"
DETR,169529,1549213,53,apple,1,1,0,0.0,"{""53"":1}"
DETR,170712,378908,62,chair,1,3,0,0.0,"{""62"":3}"
DETR,170712,379683,62,chair,1,3,0,0.0,"{""62"":3}"
DETR,170809,284556,28,umbrella,1,3,0,0.0,"{""28"":3}"
DETR,170809,285445,28,umbrella,1,3,0,0.0,"{""28"":3}"
DETR,170809,511033,1,person,1,3,0,0.0,"{""1"":3}"
DETR,170809,513119,1,person,1,3,0,0.0,"{""1"":3}"
DETR,170809,514657,1,person,1,3,0,0.0,"{""1"":3}"
DETR,170976,1122878,79,oven,1,3,0,0.0,"{""79"":3}"
DETR,170976,1126744,79,oven,1,2,0,0.0,"{""79"":2}"
DETR,171086,1079920,60,donut,1,3,0,0.0,"{""60"":3}"
DETR,171086,1572464,60,donut,1,2,0,0.0,"{""60"":2}"
DETR,171086,1574680,60,donut,1,1,0,0.0,"{""60"":1}"
DETR,171120,1171640,27,backpack,1,3,0,0.0,"{""27"":3}"
DETR,171120,1186413,33,suitcase,1,3,0,0.0,"{""33"":3}"
DETR,171120,1445695,33,suitcase,1,3,0,0.0,"{""33"":3}"
DETR,171120,1833785,31,handbag,1,3,0,0.0,"{""31"":3}"
DETR,171120,2175602,27,backpack,1,2,2,1.0,"{""31"":2}"
DETR,171536,193796,1,person,1,3,0,0.0,"{""1"":3}"
DETR,171536,212697,1,person,1,2,0,0.0,"{""1"":2}"
DETR,171536,2160803,1,person,1,3,0,0.0,"{""1"":3}"
DETR,171729,455395,1,person,1,3,0,0.0,"{""1"":3}"
DETR,171729,2198710,1,person,1,3,0,0.0,"{""1"":3}"
DETR,171943,517428,1,person,1,3,0,0.0,"{""1"":3}"
DETR,171943,1710978,1,person,1,3,0,0.0,"{""1"":3}"
DETR,172680,427150,1,person,1,3,0,0.0,"{""1"":3}"
DETR,172680,554035,1,person,1,3,0,0.0,"{""1"":3}"
DETR,173538,38578,16,bird,1,3,0,0.0,"{""16"":3}"
DETR,173538,39608,16,bird,1,3,0,0.0,"{""16"":3}"
DETR,173631,1212812,1,person,1,3,0,0.0,"{""1"":3}"
DETR,173631,1226867,1,person,1,3,0,0.0,"{""1"":3}"
DETR,173631,1309118,1,person,1,3,0,0.0,"{""1"":3}"
DETR,173631,1314808,1,person,1,2,0,0.0,"{""1"":2}"
DETR,173814,52039,17,cat,1,3,0,0.0,"{""17"":3}"
DETR,173814,52112,17,cat,1,3,0,0.0,"{""17"":3}"
DETR,173882,1058974,56,broccoli,1,3,0,0.0,"{""56"":3}"
DETR,173882,1059341,56,broccoli,1,3,0,0.0,"{""56"":3}"
DETR,173882,1060399,56,broccoli,1,2,0,0.0,"{""56"":2}"
DETR,173882,1060707,56,broccoli,1,1,0,0.0,"{""56"":1}"
DETR,174059,1728227,1,person,1,3,0,0.0,"{""1"":3}"
DETR,174554,289349,62,chair,1,1,0,0.0,"{""62"":1}"
DETR,174554,1943213,62,chair,1,2,2,1.0,"{""63"":2}"
DETR,174896,1586864,62,chair,1,3,0,0.0,"{""62"":3}"
DETR,174896,1590157,62,chair,1,3,0,0.0,"{""62"":3}"
DETR,175118,451327,1,person,1,3,0,0.0,"{""1"":3}"
DETR,175118,466963,1,person,1,3,0,0.0,"{""1"":3}"
DETR,175195,1099890,73,laptop,1,3,0,0.0,"{""73"":3}"
DETR,175195,1971537,73,laptop,1,3,0,0.0,"{""73"":3}"
DETR,175480,424673,1,person,1,3,0,0.0,"{""1"":3}"
DETR,175480,441094,1,person,1,3,0,0.0,"{""1"":3}"
DETR,175881,331687,82,refrigerator,1,3,0,0.0,"{""82"":3}"
DETR,175881,2140898,82,refrigerator,1,3,0,0.0,"{""82"":3}"
DETR,176386,1073045,59,pizza,1,3,0,0.0,"{""59"":3}"
DETR,176386,1570533,59,pizza,1,2,0,0.0,"{""59"":2}"
DETR,176810,134026,3,car,1,3,0,0.0,"{""3"":3}"
DETR,176810,1779443,3,car,1,3,0,0.0,"{""3"":3}"
DETR,177472,1039300,51,bowl,1,3,3,1.0,"{""47"":3}"
DETR,177821,478241,1,person,1,3,0,0.0,"{""1"":3}"
DETR,177821,530639,1,person,1,3,0,0.0,"{""1"":3}"
DETR,178017,1426588,28,umbrella,1,3,0,0.0,"{""28"":3}"
DETR,178017,1427491,28,umbrella,1,3,0,0.0,"{""28"":3}"
DETR,178987,1067219,58,hot dog,1,2,0,0.0,"{""58"":2}"
DETR,178987,1568021,58,hot dog,1,3,0,0.0,"{""58"":3}"
DETR,179504,444864,1,person,1,3,0,0.0,"{""1"":3}"
DETR,179504,503910,1,person,1,3,0,0.0,"{""1"":3}"
DETR,179504,525200,1,person,1,2,0,0.0,"{""1"":2}"
DETR,179753,1216219,1,person,1,2,0,0.0,"{""1"":2}"
DETR,179753,1224143,1,person,1,3,0,0.0,"{""1"":3}"
DETR,179753,1263534,1,person,1,3,0,0.0,"{""1"":3}"
DETR,179753,1294806,1,person,1,3,0,0.0,"{""1"":3}"
DETR,179823,1221023,1,person,1,2,0,0.0,"{""1"":2}"
DETR,179823,1237152,1,person,1,3,0,0.0,"{""1"":3}"
DETR,179823,1253687,1,person,1,3,0,0.0,"{""1"":3}"
DETR,179823,1263999,1,person,1,2,0,0.0,"{""1"":2}"
DETR,179823,1308059,1,person,1,3,0,0.0,"{""1"":3}"
DETR,179823,2163956,1,person,1,3,0,0.0,"{""1"":3}"
DETR,180285,485992,1,person,1,3,0,0.0,"{""1"":3}"
DETR,180285,1726578,1,person,1,3,0,0.0,"{""1"":3}"
DETR,180285,1755756,1,person,1,3,0,0.0,"{""1"":3}"
DETR,180354,186179,1,person,1,3,0,0.0,"{""1"":3}"
DETR,180354,228063,1,person,1,3,0,0.0,"{""1"":3}"
DETR,180667,581863,22,elephant,1,3,0,0.0,"{""22"":3}"
DETR,180667,583095,22,elephant,1,3,0,0.0,"{""22"":3}"
DETR,182335,197883,1,person,1,3,0,0.0,"{""1"":3}"
DETR,182335,215679,1,person,1,3,0,0.0,"{""1"":3}"
DETR,182335,218086,1,person,1,3,0,0.0,"{""1"":3}"
DETR,182335,232310,1,person,1,3,0,0.0,"{""1"":3}"
DETR,182505,499906,1,person,1,3,0,0.0,"{""1"":3}"
DETR,182505,1743891,1,person,1,3,0,0.0,"{""1"":3}"
DETR,182947,490375,1,person,1,3,0,0.0,"{""1"":3}"
DETR,182947,494704,1,person,1,3,0,0.0,"{""1"":3}"
DETR,182947,537870,1,person,1,3,0,0.0,"{""1"":3}"
DETR,183495,438458,1,person,1,3,0,0.0,"{""1"":3}"
DETR,183495,483438,1,person,1,3,0,0.0,"{""1"":3}"
DETR,183495,533901,1,person,1,3,0,0.0,"{""1"":3}"
DETR,184184,677879,47,cup,1,3,0,0.0,"{""47"":3}"
DETR,184184,2215191,47,cup,1,3,0,0.0,"{""47"":3}"
DETR,185153,195009,1,person,1,2,0,0.0,"{""1"":2}"
DETR,185153,1715422,1,person,1,3,0,0.0,"{""1"":3}"
DETR,186476,1240996,1,person,1,3,0,0.0,"{""1"":3}"
DETR,186476,1288906,1,person,1,3,0,0.0,"{""1"":3}"
DETR,186476,1305050,1,person,1,3,0,0.0,"{""1"":3}"
DETR,187566,1069665,58,hot dog,1,2,0,0.0,"{""58"":2}"
DETR,187566,1069976,58,hot dog,1,2,0,0.0,"{""58"":2}"
DETR,187566,1070006,58,hot dog,1,3,0,0.0,"{""58"":3}"
DETR,187566,1568151,58,hot dog,1,3,0,0.0,"{""58"":3}"
DETR,187566,1568186,58,hot dog,1,3,0,0.0,"{""58"":3}"
DETR,187566,2221356,58,hot dog,1,2,0,0.0,"{""58"":2}"
DETR,187577,493470,1,person,1,3,0,0.0,"{""1"":3}"
DETR,187577,1707054,1,person,1,3,0,0.0,"{""1"":3}"
DETR,188184,1078975,60,donut,1,3,0,0.0,"{""60"":3}"
DETR,188184,1572460,60,donut,1,3,0,0.0,"{""60"":3}"
DETR,188585,462346,1,person,1,3,0,0.0,"{""1"":3}"
DETR,188585,489914,1,person,1,3,0,0.0,"{""1"":3}"
DETR,188585,508885,1,person,1,3,0,0.0,"{""1"":3}"
DETR,188585,1183723,33,suitcase,1,3,0,0.0,"{""33"":3}"
DETR,188621,1055694,56,broccoli,1,3,0,0.0,"{""56"":3}"
DETR,188621,1058029,56,broccoli,1,3,0,0.0,"{""56"":3}"
DETR,189957,668932,47,cup,1,3,0,0.0,"{""47"":3}"
DETR,189957,679238,47,cup,1,3,0,0.0,"{""47"":3}"
DETR,189957,1531910,51,bowl,1,3,0,0.0,"{""51"":3}"
DETR,190087,1244814,1,person,1,3,0,0.0,"{""1"":3}"
DETR,190087,1297272,1,person,1,3,0,0.0,"{""1"":3}"
DETR,190087,1300412,1,person,1,4,0,0.0,"{""1"":4}"
DETR,190219,581671,22,elephant,1,3,0,0.0,"{""22"":3}"
DETR,190219,582421,22,elephant,1,3,0,0.0,"{""22"":3}"
DETR,190277,677195,47,cup,1,3,0,0.0,"{""47"":3}"
DETR,190277,679290,47,cup,1,1,0,0.0,"{""47"":1}"
DETR,191327,246331,4,motorcycle,1,3,0,0.0,"{""4"":3}"
DETR,191327,246653,4,motorcycle,1,3,0,0.0,"{""4"":3}"
DETR,191561,468843,1,person,1,2,0,0.0,"{""1"":2}"
DETR,191561,469147,1,person,1,3,0,0.0,"{""1"":3}"
DETR,191561,1081530,60,donut,1,3,0,0.0,"{""60"":3}"
DETR,191667,1946304,62,chair,1,3,0,0.0,"{""62"":3}"
DETR,191667,2190551,62,chair,1,3,0,0.0,"{""62"":3}"
DETR,191754,164447,6,bus,1,3,0,0.0,"{""6"":3}"
DETR,191754,165541,6,bus,1,3,0,0.0,"{""6"":3}"
DETR,191754,166323,6,bus,1,3,0,0.0,"{""6"":3}"
DETR,192337,590456,24,zebra,1,3,0,0.0,"{""24"":3}"
DETR,192400,467955,1,person,1,3,0,0.0,"{""1"":3}"
DETR,192400,503147,1,person,1,3,0,0.0,"{""1"":3}"
DETR,192407,509341,1,person,1,2,0,0.0,"{""1"":2}"
DETR,192407,2207548,1,person,1,3,0,0.0,"{""1"":3}"
DETR,192476,1078514,60,donut,1,3,0,0.0,"{""60"":3}"
DETR,192476,1078677,60,donut,1,3,0,0.0,"{""60"":3}"
DETR,192476,1082329,60,donut,1,2,0,0.0,"{""60"":2}"
DETR,192524,198314,1,person,1,3,0,0.0,"{""1"":3}"
DETR,192524,216458,1,person,1,3,0,0.0,"{""1"":3}"
DETR,192524,221340,1,person,1,2,0,0.0,"{""1"":2}"
DETR,192524,232444,1,person,1,3,0,0.0,"{""1"":3}"
DETR,192878,234507,1,person,1,3,0,0.0,"{""1"":3}"
DETR,192878,239099,1,person,1,3,0,0.0,"{""1"":3}"
DETR,194193,580599,22,elephant,1,3,0,0.0,"{""22"":3}"
DETR,194193,584160,22,elephant,1,2,0,0.0,"{""22"":2}"
DETR,194564,1570367,59,pizza,1,2,0,0.0,"{""59"":2}"
DETR,194564,1923425,59,pizza,1,3,0,0.0,"{""59"":3}"
DETR,194677,495168,1,person,1,3,0,0.0,"{""1"":3}"
DETR,194677,520753,1,person,1,3,0,0.0,"{""1"":3}"
DETR,194726,404486,10,traffic light,1,3,0,0.0,"{""10"":3}"
DETR,194847,590797,24,zebra,1,3,0,0.0,"{""24"":3}"
DETR,196653,193077,1,person,1,3,0,0.0,"{""1"":3}"
DETR,196653,1709781,1,person,1,4,0,0.0,"{""1"":4}"
DETR,196971,51748,17,cat,1,3,0,0.0,"{""17"":3}"
DETR,196971,52189,17,cat,1,3,0,0.0,"{""17"":3}"
DETR,197407,88799,44,bottle,1,3,0,0.0,"{""44"":3}"
DETR,197407,370345,44,bottle,1,2,0,0.0,"{""44"":2}"
DETR,197407,371376,44,bottle,1,3,0,0.0,"{""44"":3}"
DETR,197407,371832,44,bottle,1,3,0,0.0,"{""44"":3}"
DETR,197407,371973,44,bottle,1,2,0,0.0,"{""44"":2}"
DETR,197407,1485124,44,bottle,1,3,0,0.0,"{""44"":3}"
DETR,199234,198864,1,person,1,3,0,0.0,"{""1"":3}"
DETR,199234,200852,1,person,1,3,0,0.0,"{""1"":3}"
DETR,199836,443757,1,person,1,3,0,0.0,"{""1"":3}"
DETR,199836,487676,1,person,1,3,0,0.0,"{""1"":3}"
DETR,199836,508067,1,person,1,3,0,0.0,"{""1"":3}"
DETR,199963,561533,1,person,1,3,0,0.0,"{""1"":3}"
DETR,199963,569519,1,person,1,3,0,0.0,"{""1"":3}"
DETR,199963,570535,1,person,1,3,0,0.0,"{""1"":3}"
DETR,200181,1076596,59,pizza,1,3,0,0.0,"{""59"":3}"
DETR,200181,1077989,59,pizza,1,2,0,0.0,"{""59"":2}"
DETR,200181,1570456,59,pizza,1,3,0,0.0,"{""59"":3}"
DETR,200181,2117419,59,pizza,1,1,0,0.0,"{""59"":1}"
DETR,200181,2117607,59,pizza,1,2,0,0.0,"{""59"":2}"
DETR,200971,332867,82,refrigerator,1,3,0,0.0,"{""82"":3}"
DETR,200971,333039,82,refrigerator,1,2,0,0.0,"{""82"":2}"
DETR,201368,590369,24,zebra,1,3,0,0.0,"{""24"":3}"
DETR,201368,1411948,24,zebra,1,3,0,0.0,"{""24"":3}"
DETR,202567,471546,1,person,1,3,0,0.0,"{""1"":3}"
DETR,202567,494289,1,person,1,3,0,0.0,"{""1"":3}"
DETR,203036,454209,1,person,1,3,0,0.0,"{""1"":3}"
DETR,203036,477590,1,person,1,3,0,0.0,"{""1"":3}"
DETR,203036,490961,1,person,1,3,0,0.0,"{""1"":3}"
DETR,203036,1708380,1,person,1,3,0,0.0,"{""1"":3}"
DETR,204792,61249,20,sheep,1,3,0,0.0,"{""20"":3}"
DETR,204792,61467,20,sheep,1,3,0,0.0,"{""20"":3}"
DETR,204792,195577,1,person,1,3,0,0.0,"{""1"":3}"
DETR,204792,212675,1,person,1,3,0,0.0,"{""1"":3}"
DETR,204800,9768,18,dog,1,3,0,0.0,"{""18"":3}"
DETR,204800,16319,18,dog,1,3,0,0.0,"{""18"":3}"
DETR,205313,463761,1,person,1,3,0,0.0,"{""1"":3}"
DETR,205313,1737321,1,person,1,2,0,0.0,"{""1"":2}"
DETR,205354,463684,1,person,1,3,0,0.0,"{""1"":3}"
DETR,205354,482117,1,person,1,3,0,0.0,"{""1"":3}"
DETR,205460,30466,72,tv,1,3,0,0.0,"{""72"":3}"
DETR,205460,35336,72,tv,1,3,0,0.0,"{""72"":3}"
DETR,206198,1230890,1,person,1,3,0,0.0,"{""1"":3}"
DETR,206198,1231104,1,person,1,3,0,0.0,"{""1"":3}"
DETR,206968,554296,1,person,1,3,0,0.0,"{""1"":3}"
DETR,206968,557613,1,person,1,3,0,0.0,"{""1"":3}"
DETR,207496,324925,77,cell phone,1,3,0,0.0,"{""77"":3}"
DETR,207496,1977990,77,cell phone,1,3,0,0.0,"{""77"":3}"
DETR,207629,1087719,61,cake,1,3,0,0.0,"{""61"":3}"
DETR,207629,1088928,61,cake,1,2,0,0.0,"{""61"":2}"
DETR,207629,1533854,51,bowl,1,3,0,0.0,"{""51"":3}"
DETR,207629,1537435,51,bowl,1,3,0,0.0,"{""51"":3}"
DETR,208243,150740,4,motorcycle,1,3,0,0.0,"{""4"":3}"
DETR,208243,151982,4,motorcycle,1,3,0,0.0,"{""4"":3}"
DETR,208379,488315,1,person,1,3,0,0.0,"{""1"":3}"
DETR,208379,493975,1,person,1,3,0,0.0,"{""1"":3}"
DETR,208845,1122937,79,oven,1,3,0,0.0,"{""79"":3}"
DETR,208845,1979497,79,oven,1,2,0,0.0,"{""79"":2}"
DETR,209089,186854,1,person,1,3,0,0.0,"{""1"":3}"
DETR,209089,220849,1,person,1,3,0,0.0,"{""1"":3}"
DETR,209178,422632,1,person,1,3,0,0.0,"{""1"":3}"
DETR,209178,444459,1,person,1,3,0,0.0,"{""1"":3}"
DETR,209191,1075846,59,pizza,1,2,0,0.0,"{""59"":2}"
DETR,209794,1068918,58,hot dog,1,3,0,0.0,"{""58"":3}"
DETR,209794,1069556,58,hot dog,1,3,0,0.0,"{""58"":3}"
DETR,209844,468525,1,person,1,1,0,0.0,"{""1"":1}"
DETR,210710,1409443,22,elephant,1,3,0,0.0,"{""22"":3}"
DETR,210710,1409556,22,elephant,1,3,0,0.0,"{""22"":3}"
DETR,212070,286935,28,umbrella,1,3,0,0.0,"{""28"":3}"
DETR,212070,287519,28,umbrella,1,3,0,0.0,"{""28"":3}"
DETR,212450,1078493,60,donut,1,3,0,0.0,"{""60"":3}"
DETR,212450,1925038,60,donut,1,3,0,0.0,"{""60"":3}"
DETR,212532,462348,1,person,1,3,0,0.0,"{""1"":3}"
DETR,212532,2156623,1,person,1,3,0,0.0,"{""1"":3}"
DETR,213005,61846,20,sheep,1,3,0,0.0,"{""20"":3}"
DETR,213005,62102,20,sheep,1,2,0,0.0,"{""20"":2}"
DETR,213005,65473,20,sheep,1,3,0,0.0,"{""20"":3}"
DETR,213408,439911,1,person,1,3,0,0.0,"{""1"":3}"
DETR,213408,488869,1,person,1,3,0,0.0,"{""1"":3}"
DETR,213426,518682,1,person,1,3,0,0.0,"{""1"":3}"
DETR,213426,2207015,1,person,1,3,0,0.0,"{""1"":3}"
DETR,214265,495277,1,person,1,3,0,0.0,"{""1"":3}"
DETR,214265,554067,1,person,1,3,0,0.0,"{""1"":3}"
DETR,214265,2154778,1,person,1,3,0,0.0,"{""1"":3}"
DETR,214524,437508,1,person,1,3,0,0.0,"{""1"":3}"
DETR,214524,1202319,1,person,1,3,0,0.0,"{""1"":3}"
DETR,214875,419513,14,parking meter,1,3,0,0.0,"{""14"":3}"
DETR,214875,419553,14,parking meter,1,3,0,0.0,"{""14"":3}"
DETR,215003,475053,1,person,1,3,0,0.0,"{""1"":3}"
DETR,215003,499094,1,person,1,3,0,0.0,"{""1"":3}"
DETR,215003,531752,1,person,1,3,0,0.0,"{""1"":3}"
DETR,215003,2152307,1,person,1,3,0,0.0,"{""1"":3}"
DETR,215026,61589,20,sheep,1,2,0,0.0,"{""20"":2}"
DETR,215026,1817979,20,sheep,1,3,0,0.0,"{""20"":3}"
DETR,215289,65925,20,sheep,1,3,0,0.0,"{""20"":3}"
DETR,215289,66709,20,sheep,1,4,0,0.0,"{""20"":4}"
DETR,215357,594597,25,giraffe,1,3,0,0.0,"{""25"":3}"
DETR,215357,598843,25,giraffe,1,3,0,0.0,"{""25"":3}"
DETR,215493,59286,19,horse,1,3,0,0.0,"{""19"":3}"
DETR,215563,1389475,14,parking meter,1,3,0,0.0,"{""14"":3}"
DETR,215701,312721,54,sandwich,1,3,0,0.0,"{""54"":3}"
DETR,215701,1554976,54,sandwich,1,2,0,0.0,"{""54"":2}"
DETR,216579,398435,8,truck,1,3,0,0.0,"{""8"":3}"
DETR,216579,401265,8,truck,1,2,0,0.0,"{""8"":2}"
DETR,216822,470865,1,person,1,3,0,0.0,"{""1"":3}"
DETR,216822,497906,1,person,1,3,0,0.0,"{""1"":3}"
DETR,216822,498705,1,person,1,3,0,0.0,"{""1"":3}"
DETR,216822,514568,1,person,1,3,0,0.0,"{""1"":3}"
DETR,216822,2151155,1,person,1,3,0,0.0,"{""1"":3}"
DETR,216840,151956,4,motorcycle,1,3,0,0.0,"{""4"":3}"
DETR,216840,152248,4,motorcycle,1,3,0,0.0,"{""4"":3}"
DETR,216840,152497,4,motorcycle,1,3,0,0.0,"{""4"":3}"
DETR,217043,1151206,86,vase,1,3,0,0.0,"{""86"":3}"
DETR,217043,1153520,86,vase,1,1,0,0.0,"{""86"":1}"
DETR,217043,1155664,86,vase,1,3,0,0.0,"{""86"":3}"
DETR,217151,474534,1,person,1,3,0,0.0,"{""1"":3}"
DETR,217151,489684,1,person,1,3,0,0.0,"{""1"":3}"
DETR,217290,366371,6,bus,1,1,0,0.0,"{""6"":1}"
DETR,217290,366428,6,bus,1,3,0,0.0,"{""6"":3}"
DETR,217290,366481,6,bus,1,3,0,0.0,"{""6"":3}"
DETR,217429,99699,63,couch,1,3,0,0.0,"{""63"":3}"
DETR,217429,461380,1,person,1,3,0,0.0,"{""1"":3}"
DETR,217429,466008,1,person,1,3,0,0.0,"{""1"":3}"
DETR,217429,1950520,63,couch,1,3,0,0.0,"{""63"":3}"
DETR,217461,447671,1,person,1,3,0,0.0,"{""1"":3}"
DETR,217461,498803,1,person,1,3,0,0.0,"{""1"":3}"
DETR,217925,506560,1,person,1,3,0,0.0,"{""1"":3}"
DETR,217925,519216,1,person,1,3,0,0.0,"{""1"":3}"
DETR,218579,441514,1,person,1,3,0,0.0,"{""1"":3}"
DETR,218579,464823,1,person,1,3,0,0.0,"{""1"":3}"
DETR,218579,469460,1,person,1,3,0,0.0,"{""1"":3}"
DETR,218579,474103,1,person,1,2,0,0.0,"{""1"":2}"
DETR,219229,63731,20,sheep,1,1,0,0.0,"{""20"":1}"
DETR,219229,63814,20,sheep,1,3,0,0.0,"{""20"":3}"
DETR,219229,65309,20,sheep,1,1,0,0.0,"{""20"":1}"
DETR,219229,67702,20,sheep,1,3,0,0.0,"{""20"":3}"
DETR,219229,68437,20,sheep,1,3,0,0.0,"{""20"":3}"
DETR,219248,58355,19,horse,1,3,0,0.0,"{""19"":3}"
DETR,219248,274465,19,horse,1,3,0,0.0,"{""19"":3}"
DETR,219349,680703,47,cup,1,3,0,0.0,"{""47"":3}"
DETR,219349,684101,47,cup,1,3,0,0.0,"{""47"":3}"
DETR,219349,1531900,51,bowl,1,3,0,0.0,"{""51"":3}"
DETR,219349,1535661,51,bowl,1,3,0,0.0,"{""51"":3}"
DETR,219349,2099621,47,cup,1,3,0,0.0,"{""47"":3}"
DETR,219349,2183316,47,cup,1,3,3,1.0,"{""51"":3}"
DETR,219535,459208,1,person,1,2,0,0.0,"{""1"":2}"
DETR,219535,554903,1,person,1,3,0,0.0,"{""1"":3}"
DETR,219535,557026,1,person,1,3,0,0.0,"{""1"":3}"
DETR,219943,313306,54,sandwich,1,2,0,0.0,"{""54"":2}"
DETR,219943,313397,54,sandwich,1,3,0,0.0,"{""54"":3}"
DETR,221119,448970,1,person,1,3,0,0.0,"{""1"":3}"
DETR,221119,472690,1,person,1,3,0,0.0,"{""1"":3}"
DETR,221187,462483,1,person,1,3,0,0.0,"{""1"":3}"
DETR,221187,509342,1,person,1,3,0,0.0,"{""1"":3}"
DETR,221187,1717602,1,person,1,3,0,0.0,"{""1"":3}"
DETR,221252,423971,1,person,1,3,0,0.0,"{""1"":3}"
DETR,221252,443926,1,person,1,3,0,0.0,"{""1"":3}"
DETR,221674,64139,20,sheep,1,3,0,0.0,"{""20"":3}"
DETR,221674,64774,20,sheep,1,3,0,0.0,"{""20"":3}"
DETR,222113,594711,25,giraffe,1,3,0,0.0,"{""25"":3}"
DETR,222113,595656,25,giraffe,1,3,0,0.0,"{""25"":3}"
DETR,223270,321275,72,tv,1,3,0,0.0,"{""72"":3}"
DETR,223270,1970191,72,tv,1,3,0,0.0,"{""72"":3}"
DETR,223650,419298,14,parking meter,1,3,0,0.0,"{""14"":3}"
DETR,223650,419367,14,parking meter,1,3,0,0.0,"{""14"":3}"
DETR,223790,669961,47,cup,1,3,0,0.0,"{""47"":3}"
DETR,223790,1513592,47,cup,1,2,0,0.0,"{""47"":2}"
DETR,223871,463042,1,person,1,3,0,0.0,"{""1"":3}"
DETR,223871,474354,1,person,1,3,0,0.0,"{""1"":3}"
DETR,224541,493687,1,person,1,3,0,0.0,"{""1"":3}"
DETR,224541,495494,1,person,1,3,0,0.0,"{""1"":3}"
DETR,224753,395327,8,truck,1,3,0,0.0,"{""8"":3}"
DETR,224753,395780,8,truck,1,3,0,0.0,"{""8"":3}"
DETR,225069,48687,17,cat,1,3,0,0.0,"{""17"":3}"
DETR,225069,49499,17,cat,1,3,0,0.0,"{""17"":3}"
DETR,225468,2107518,51,bowl,1,3,0,0.0,"{""51"":3}"
DETR,225468,2109357,51,bowl,1,3,0,0.0,"{""51"":3}"
DETR,225539,457019,1,person,1,3,0,0.0,"{""1"":3}"
DETR,225539,486253,1,person,1,3,0,0.0,"{""1"":3}"
DETR,225539,490262,1,person,1,3,0,0.0,"{""1"":3}"
DETR,225755,429855,1,person,1,4,0,0.0,"{""1"":4}"
DETR,225755,1200720,1,person,1,4,0,0.0,"{""1"":4}"
DETR,226357,199145,1,person,1,3,0,0.0,"{""1"":3}"
DETR,226357,1733343,1,person,1,3,0,0.0,"{""1"":3}"
DETR,226541,151768,4,motorcycle,1,2,0,0.0,"{""4"":2}"
DETR,226541,153058,4,motorcycle,1,2,0,0.0,"{""4"":2}"
DETR,226541,155317,4,motorcycle,1,3,0,0.0,"{""4"":3}"
DETR,226712,1163280,88,teddy bear,1,3,0,0.0,"{""88"":3}"
DETR,226712,1163405,88,teddy bear,1,3,0,0.0,"{""88"":3}"
DETR,226734,51876,17,cat,1,3,0,0.0,"{""17"":3}"
DETR,226734,53293,17,cat,1,3,0,0.0,"{""17"":3}"
DETR,227012,428506,1,person,1,3,0,0.0,"{""1"":3}"
DETR,227012,475546,1,person,1,3,0,0.0,"{""1"":3}"
DETR,227520,447417,1,person,1,3,0,0.0,"{""1"":3}"
DETR,227520,1098776,73,laptop,1,3,0,0.0,"{""73"":3}"
DETR,227520,1104225,73,laptop,1,1,0,0.0,"{""73"":1}"
DETR,227520,1706734,1,person,1,3,0,0.0,"{""1"":3}"
DETR,227554,1184124,33,suitcase,1,3,0,0.0,"{""33"":3}"
DETR,227554,1186400,33,suitcase,1,2,0,0.0,"{""33"":2}"
DETR,227554,1187428,33,suitcase,1,2,0,0.0,"{""33"":2}"
DETR,227554,1187533,33,suitcase,1,3,0,0.0,"{""33"":3}"
DETR,228356,1215906,1,person,1,3,0,0.0,"{""1"":3}"
DETR,228356,1221424,1,person,1,2,0,0.0,"{""1"":2}"
DETR,228356,1227269,1,person,1,3,0,0.0,"{""1"":3}"
DETR,228356,1247329,1,person,1,3,0,0.0,"{""1"":3}"
DETR,228356,1270122,1,person,1,3,0,0.0,"{""1"":3}"
DETR,228356,1281584,1,person,1,3,0,0.0,"{""1"":3}"
DETR,228356,1289298,1,person,1,1,0,0.0,"{""1"":1}"
DETR,228356,1305942,1,person,1,3,0,0.0,"{""1"":3}"
DETR,229041,73971,21,cow,1,3,0,0.0,"{""21"":3}"
DETR,229041,74077,21,cow,1,2,0,0.0,"{""21"":2}"
DETR,229105,474471,1,person,1,3,0,0.0,"{""1"":3}"
DETR,229105,494750,1,person,1,3,0,0.0,"{""1"":3}"
DETR,229193,472104,1,person,1,3,0,0.0,"{""1"":3}"
DETR,229193,489043,1,person,1,3,0,0.0,"{""1"":3}"
DETR,229362,429938,1,person,1,3,0,0.0,"{""1"":3}"
DETR,229362,442482,1,person,1,3,0,0.0,"{""1"":3}"
DETR,229541,22508,64,potted plant,1,2,0,0.0,"{""64"":2}"
DETR,229541,22515,64,potted plant,1,3,0,0.0,"{""64"":3}"
DETR,229541,26236,64,potted plant,1,3,0,0.0,"{""64"":3}"
DETR,229598,438163,1,person,1,3,0,0.0,"{""1"":3}"
DETR,229598,449082,1,person,1,3,0,0.0,"{""1"":3}"
DETR,230321,316215,65,bed,1,3,0,0.0,"{""65"":3}"
DETR,230321,318765,65,bed,1,3,0,0.0,"{""65"":3}"
DETR,230321,318822,65,bed,1,2,0,0.0,"{""65"":2}"
DETR,230515,581727,22,elephant,1,3,0,0.0,"{""22"":3}"
DETR,230515,583138,22,elephant,1,3,0,0.0,"{""22"":3}"
DETR,231047,462806,1,person,1,3,0,0.0,"{""1"":3}"
DETR,231047,505470,1,person,1,3,0,0.0,"{""1"":3}"
DETR,232167,321223,72,tv,1,2,0,0.0,"{""72"":2}"
DETR,232167,2134255,72,tv,1,3,0,0.0,"{""72"":3}"
DETR,234637,542512,1,person,1,3,0,0.0,"{""1"":3}"
DETR,234637,548461,1,person,1,3,0,0.0,"{""1"":3}"
DETR,234637,565387,1,person,1,3,0,0.0,"{""1"":3}"
DETR,234637,2204847,1,person,1,3,0,0.0,"{""1"":3}"
DETR,236174,348456,3,car,1,3,0,0.0,"{""3"":3}"
DETR,236174,354878,3,car,1,3,0,0.0,"{""3"":3}"
DETR,236381,163779,6,bus,1,3,0,0.0,"{""6"":3}"
DETR,236397,1945263,62,chair,1,2,0,0.0,"{""62"":2}"
DETR,236556,467238,1,person,1,3,0,0.0,"{""1"":3}"
DETR,236556,552166,1,person,1,3,0,0.0,"{""1"":3}"
DETR,237002,284925,28,umbrella,1,3,0,0.0,"{""28"":3}"
DETR,237002,286229,28,umbrella,1,3,0,0.0,"{""28"":3}"
DETR,237137,421379,1,person,1,3,0,0.0,"{""1"":3}"
DETR,237137,1086434,61,cake,1,3,0,0.0,"{""61"":3}"
DETR,237137,1272966,1,person,1,3,0,0.0,"{""1"":3}"
DETR,237355,483245,1,person,1,3,0,0.0,"{""1"":3}"
DETR,237355,522033,1,person,1,3,0,0.0,"{""1"":3}"
DETR,237515,109203,62,chair,1,3,0,0.0,"{""62"":3}"
DETR,237515,1937131,62,chair,1,1,0,0.0,"{""62"":1}"
DETR,237922,196116,1,person,1,3,0,0.0,"{""1"":3}"
DETR,237922,199577,1,person,1,3,0,0.0,"{""1"":3}"
DETR,239461,429808,1,person,1,3,0,0.0,"{""1"":3}"
DETR,239461,441589,1,person,1,3,0,0.0,"{""1"":3}"
DETR,239784,212710,1,person,1,3,0,0.0,"{""1"":3}"
DETR,239784,215490,1,person,1,3,0,0.0,"{""1"":3}"
DETR,239784,232204,1,person,1,2,0,0.0,"{""1"":2}"
DETR,239784,1746978,1,person,1,3,0,0.0,"{""1"":3}"
DETR,239870,158099,5,airplane,1,3,0,0.0,"{""5"":3}"
DETR,239870,1363687,5,airplane,1,2,0,0.0,"{""5"":2}"
DETR,239933,152099,4,motorcycle,1,3,0,0.0,"{""4"":3}"
DETR,239933,152477,4,motorcycle,1,3,0,0.0,"{""4"":3}"
DETR,239933,154039,4,motorcycle,1,3,0,0.0,"{""4"":3}"
DETR,240586,398117,8,truck,1,3,0,0.0,"{""8"":3}"
DETR,240586,1368013,8,truck,1,3,0,0.0,"{""8"":3}"
DETR,240662,679334,47,cup,1,3,0,0.0,"{""47"":3}"
DETR,240662,683661,47,cup,1,3,0,0.0,"{""47"":3}"
DETR,240945,471017,1,person,1,3,0,0.0,"{""1"":3}"
DETR,240945,505614,1,person,1,3,0,0.0,"{""1"":3}"
DETR,241265,1233168,1,person,1,3,0,0.0,"{""1"":3}"
DETR,241265,1308776,1,person,1,3,0,0.0,"{""1"":3}"
DETR,241265,1315600,1,person,1,3,0,0.0,"{""1"":3}"
DETR,242350,1161110,88,teddy bear,1,3,0,0.0,"{""88"":3}"
DETR,242350,1161613,88,teddy bear,1,3,0,0.0,"{""88"":3}"
DETR,242350,1162603,88,teddy bear,1,3,0,0.0,"{""88"":3}"
DETR,242453,471989,1,person,1,3,0,0.0,"{""1"":3}"
DETR,242453,1731868,1,person,1,3,0,0.0,"{""1"":3}"
DETR,242854,435058,1,person,1,3,0,0.0,"{""1"":3}"
DETR,242854,1215316,1,person,1,3,0,0.0,"{""1"":3}"
DETR,243071,150760,4,motorcycle,1,3,0,0.0,"{""4"":3}"
DETR,243071,150952,4,motorcycle,1,3,0,0.0,"{""4"":3}"
DETR,243071,227225,1,person,1,3,0,0.0,"{""1"":3}"
DETR,243071,227952,1,person,1,3,0,0.0,"{""1"":3}"
DETR,243120,596319,25,giraffe,1,1,0,0.0,"{""25"":1}"
DETR,243120,599512,25,giraffe,1,2,0,0.0,"{""25"":2}"
DETR,243120,1823713,25,giraffe,1,2,0,0.0,"{""25"":2}"
DETR,243120,1823728,25,giraffe,1,3,0,0.0,"{""25"":3}"
DETR,243120,1823731,25,giraffe,1,3,0,0.0,"{""25"":3}"
DETR,243373,1918147,57,carrot,1,3,0,0.0,"{""57"":3}"
DETR,243373,1919201,57,carrot,1,3,0,0.0,"{""57"":3}"
DETR,243782,428787,1,person,1,3,0,0.0,"{""1"":3}"
DETR,243782,471099,1,person,1,3,0,0.0,"{""1"":3}"
DETR,244179,70822,21,cow,1,3,0,0.0,"{""21"":3}"
DETR,244179,278338,21,cow,1,3,3,1.0,"{""20"":3}"
DETR,244528,309760,54,sandwich,1,3,0,0.0,"{""54"":3}"
DETR,244528,310504,54,sandwich,1,3,0,0.0,"{""54"":3}"
DETR,244839,10298,18,dog,1,3,0,0.0,"{""18"":3}"
DETR,244839,16442,18,dog,1,4,0,0.0,"{""18"":4}"
DETR,244844,203085,1,person,1,3,0,0.0,"{""1"":3}"
DETR,244844,221744,1,person,1,3,0,0.0,"{""1"":3}"
DETR,245946,595577,25,giraffe,1,3,0,0.0,"{""25"":3}"
DETR,245946,597086,25,giraffe,1,3,0,0.0,"{""25"":3}"
DETR,246342,1092233,70,toilet,1,3,0,0.0,"{""70"":3}"
DETR,246342,1094039,70,toilet,1,3,0,0.0,"{""70"":3}"
DETR,246356,48240,17,cat,1,3,0,0.0,"{""17"":3}"
DETR,246356,1816289,17,cat,1,3,0,0.0,"{""17"":3}"
DETR,246390,502114,1,person,1,3,0,0.0,"{""1"":3}"
DETR,246390,517234,1,person,1,3,0,0.0,"{""1"":3}"
DETR,246390,2154860,1,person,1,3,0,0.0,"{""1"":3}"
DETR,247082,466880,1,person,1,3,0,0.0,"{""1"":3}"
DETR,247082,526879,1,person,1,3,0,0.0,"{""1"":3}"
DETR,247271,486238,1,person,1,3,0,0.0,"{""1"":3}"
DETR,247271,522204,1,person,1,2,0,0.0,"{""1"":2}"
DETR,248830,480067,1,person,1,3,0,0.0,"{""1"":3}"
DETR,248830,570022,1,person,1,2,0,0.0,"{""1"":2}"
DETR,248957,374134,62,chair,1,3,0,0.0,"{""62"":3}"
DETR,248957,1944700,62,chair,1,3,0,0.0,"{""62"":3}"
DETR,248979,174466,7,train,1,3,0,0.0,"{""7"":3}"
DETR,249384,490576,1,person,1,3,0,0.0,"{""1"":3}"
DETR,249384,530796,1,person,1,3,0,0.0,"{""1"":3}"
DETR,249384,1724057,1,person,1,3,0,0.0,"{""1"":3}"
DETR,249869,206776,1,person,1,3,0,0.0,"{""1"":3}"
DETR,249869,211619,1,person,1,3,0,0.0,"{""1"":3}"
DETR,249869,220347,1,person,1,3,0,0.0,"{""1"":3}"
DETR,249905,431907,1,person,1,3,0,0.0,"{""1"":3}"
DETR,249905,515018,1,person,1,3,0,0.0,"{""1"":3}"
DETR,250295,439918,1,person,1,3,0,0.0,"{""1"":3}"
DETR,250295,485219,1,person,1,3,0,0.0,"{""1"":3}"
DETR,253430,451159,1,person,1,3,0,0.0,"{""1"":3}"
DETR,253430,482886,1,person,1,3,0,0.0,"{""1"":3}"
DETR,253904,291594,64,potted plant,1,3,0,0.0,"{""64"":3}"
DETR,253904,313946,64,potted plant,1,3,0,0.0,"{""64"":3}"
DETR,253904,314096,64,potted plant,1,3,0,0.0,"{""64"":3}"
DETR,253904,314177,64,potted plant,1,3,0,0.0,"{""64"":3}"
DETR,254194,450604,1,person,1,3,0,0.0,"{""1"":3}"
DETR,254194,452388,1,person,1,3,0,0.0,"{""1"":3}"
DETR,254291,595215,25,giraffe,1,3,0,0.0,"{""25"":3}"
DETR,254291,595839,25,giraffe,1,3,0,0.0,"{""25"":3}"
DETR,254577,430615,1,person,1,3,0,0.0,"{""1"":3}"
DETR,254577,444931,1,person,1,3,0,0.0,"{""1"":3}"
DETR,254577,492924,1,person,1,3,0,0.0,"{""1"":3}"
DETR,254585,450738,1,person,1,3,0,0.0,"{""1"":3}"
DETR,254585,488199,1,person,1,3,0,0.0,"{""1"":3}"
DETR,257301,226198,1,person,1,3,0,0.0,"{""1"":3}"
DETR,257301,257907,1,person,1,3,0,0.0,"{""1"":3}"
DETR,258165,426332,1,person,1,3,0,0.0,"{""1"":3}"
DETR,258165,438107,1,person,1,3,0,0.0,"{""1"":3}"
DETR,258165,467696,1,person,1,3,0,0.0,"{""1"":3}"
DETR,258249,280832,28,umbrella,1,3,0,0.0,"{""28"":3}"
DETR,258249,533443,1,person,1,3,0,0.0,"{""1"":3}"
DETR,258249,1679436,1,person,1,3,0,0.0,"{""1"":3}"
DETR,259484,1536922,51,bowl,1,3,0,0.0,"{""51"":3}"
DETR,259655,442848,1,person,1,3,0,0.0,"{""1"":3}"
DETR,259655,2205561,1,person,1,3,0,0.0,"{""1"":3}"
DETR,259809,391544,67,dining table,1,3,0,0.0,"{""67"":3}"
DETR,259809,393630,67,dining table,1,2,0,0.0,"{""67"":2}"
DETR,259809,1225528,1,person,1,3,0,0.0,"{""1"":3}"
DETR,259809,1258004,1,person,1,3,0,0.0,"{""1"":3}"
DETR,259809,1303931,1,person,1,3,0,0.0,"{""1"":3}"
DETR,260029,1140815,84,book,1,3,0,0.0,"{""84"":3}"
DETR,260029,1142461,84,book,1,3,0,0.0,"{""84"":3}"
DETR,260299,1117546,76,keyboard,1,3,0,0.0,"{""76"":3}"
DETR,260317,1139000,84,book,1,3,0,0.0,"{""84"":3}"
DETR,260317,1141957,84,book,1,3,0,0.0,"{""84"":3}"
DETR,260317,1142834,84,book,1,3,0,0.0,"{""84"":3}"
DETR,260668,1074586,59,pizza,1,2,0,0.0,"{""59"":2}"
DETR,260668,1075645,59,pizza,1,3,0,0.0,"{""59"":3}"
DETR,261283,311731,54,sandwich,1,2,0,0.0,"{""54"":2}"
DETR,261283,1553893,54,sandwich,1,4,0,0.0,"{""54"":4}"
DETR,261521,561551,1,person,1,3,0,0.0,"{""1"":3}"
DETR,261521,565460,1,person,1,3,0,0.0,"{""1"":3}"
DETR,261720,1534919,51,bowl,1,3,0,0.0,"{""51"":3}"
DETR,261843,1208299,1,person,1,3,0,0.0,"{""1"":3}"
DETR,261843,1236764,1,person,1,3,0,0.0,"{""1"":3}"
DETR,261990,489792,1,person,1,3,0,0.0,"{""1"":3}"
DETR,261990,1213740,1,person,1,3,0,0.0,"{""1"":3}"
DETR,262239,477026,1,person,1,3,0,0.0,"{""1"":3}"
DETR,262239,538737,1,person,1,3,0,0.0,"{""1"":3}"
DETR,262935,1210386,1,person,1,2,0,0.0,"{""1"":2}"
DETR,262935,1303383,1,person,1,3,0,0.0,"{""1"":3}"
DETR,263924,1075767,59,pizza,1,3,0,0.0,"{""59"":3}"
DETR,263924,1076692,59,pizza,1,3,0,0.0,"{""59"":3}"
DETR,264233,478607,1,person,1,3,0,0.0,"{""1"":3}"
DETR,264233,481042,1,person,1,3,0,0.0,"{""1"":3}"
DETR,264371,342431,90,toothbrush,1,3,0,0.0,"{""90"":3}"
DETR,264371,343749,90,toothbrush,1,3,0,0.0,"{""90"":3}"
DETR,264567,53973,19,horse,1,3,0,0.0,"{""19"":3}"
DETR,264567,56429,19,horse,1,3,0,0.0,"{""19"":3}"
DETR,264567,58131,19,horse,1,2,0,0.0,"{""19"":2}"
DETR,264567,1201897,1,person,1,3,0,0.0,"{""1"":3}"
DETR,264567,1255435,1,person,1,3,0,0.0,"{""1"":3}"
DETR,264885,48882,17,cat,1,3,0,0.0,"{""17"":3}"
DETR,264885,1402086,17,cat,1,3,0,0.0,"{""17"":3}"
DETR,265186,1216381,1,person,1,2,0,0.0,"{""1"":2}"
DETR,265186,1763109,1,person,1,3,0,0.0,"{""1"":3}"
DETR,265292,1554842,54,sandwich,1,3,0,0.0,"{""54"":3}"
DETR,265292,1555209,54,sandwich,1,3,0,0.0,"{""54"":3}"
DETR,266207,66436,20,sheep,1,3,0,0.0,"{""20"":3}"
DETR,266207,66986,20,sheep,1,3,0,0.0,"{""20"":3}"
DETR,266240,446865,1,person,1,3,0,0.0,"{""1"":3}"
DETR,266240,524389,1,person,1,3,0,0.0,"{""1"":3}"
DETR,266240,1084505,61,cake,1,3,0,0.0,"{""61"":3}"
DETR,266240,1088739,61,cake,1,3,0,0.0,"{""61"":3}"
DETR,266240,1740181,1,person,1,3,0,0.0,"{""1"":3}"
DETR,266898,1095063,70,toilet,1,3,0,0.0,"{""70"":3}"
DETR,266898,1095761,70,toilet,1,3,0,0.0,"{""70"":3}"
DETR,267189,1118647,78,microwave,1,3,0,0.0,"{""78"":3}"
DETR,267189,1119170,78,microwave,1,3,0,0.0,"{""78"":3}"
DETR,267604,139308,3,car,1,3,0,0.0,"{""3"":3}"
DETR,267604,1339695,3,car,1,3,0,0.0,"{""3"":3}"
DETR,267697,593325,24,zebra,1,2,0,0.0,"{""24"":2}"
DETR,267697,594124,24,zebra,1,3,0,0.0,"{""24"":3}"
DETR,267697,594433,24,zebra,1,3,0,0.0,"{""24"":3}"
DETR,267794,48857,17,cat,1,3,0,0.0,"{""17"":3}"
DETR,267794,51661,17,cat,1,3,0,0.0,"{""17"":3}"
DETR,267898,586397,23,bear,1,3,0,0.0,"{""23"":3}"
DETR,267898,587713,23,bear,1,3,0,0.0,"{""23"":3}"
DETR,267907,427674,1,person,1,3,0,0.0,"{""1"":3}"
DETR,267907,445292,1,person,1,3,0,0.0,"{""1"":3}"
DETR,268897,598313,25,giraffe,1,3,0,0.0,"{""25"":3}"
DETR,268897,1414651,25,giraffe,1,3,0,0.0,"{""25"":3}"
DETR,270269,409114,10,traffic light,1,3,0,0.0,"{""10"":3}"
DETR,270269,1385462,10,traffic light,1,1,0,0.0,"{""10"":1}"
DETR,270269,1385828,10,traffic light,1,3,0,0.0,"{""10"":3}"
DETR,270715,431577,1,person,1,3,0,0.0,"{""1"":3}"
DETR,270715,2005576,1,person,1,3,0,0.0,"{""1"":3}"
DETR,271941,1201210,1,person,1,3,0,0.0,"{""1"":3}"
DETR,271941,1317147,1,person,1,3,0,0.0,"{""1"":3}"
DETR,272235,442937,1,person,1,3,0,0.0,"{""1"":3}"
DETR,272235,480910,1,person,1,3,0,0.0,"{""1"":3}"
DETR,272235,1680366,1,person,1,3,0,0.0,"{""1"":3}"
DETR,272463,164465,6,bus,1,3,0,0.0,"{""6"":3}"
DETR,272463,167161,6,bus,1,2,0,0.0,"{""6"":2}"
DETR,272773,586522,23,bear,1,3,0,0.0,"{""23"":3}"
DETR,272773,587505,23,bear,1,3,0,0.0,"{""23"":3}"
DETR,274267,384333,62,chair,1,1,0,0.0,"{""62"":1}"
DETR,274267,1262527,1,person,1,3,0,0.0,"{""1"":3}"
DETR,274267,1682103,1,person,1,3,0,0.0,"{""1"":3}"
DETR,274267,2122590,62,chair,1,3,0,0.0,"{""62"":3}"
DETR,274275,477914,1,person,1,3,0,0.0,"{""1"":3}"
DETR,274275,503201,1,person,1,3,0,0.0,"{""1"":3}"
DETR,274839,427862,1,person,1,3,0,0.0,"{""1"":3}"
DETR,274839,448820,1,person,1,3,0,0.0,"{""1"":3}"
DETR,275180,518744,1,person,1,3,0,0.0,"{""1"":3}"
DETR,275180,2166236,1,person,1,3,0,0.0,"{""1"":3}"
DETR,275180,2166720,1,person,1,3,0,0.0,"{""1"":3}"
DETR,275741,1686173,1,person,1,3,0,0.0,"{""1"":3}"
DETR,275741,1697125,1,person,1,3,0,0.0,"{""1"":3}"
DETR,275741,1697258,1,person,1,3,0,0.0,"{""1"":3}"
DETR,275741,1704929,1,person,1,2,0,0.0,"{""1"":2}"
DETR,275775,483401,1,person,1,3,0,0.0,"{""1"":3}"
DETR,275775,485318,1,person,1,3,0,0.0,"{""1"":3}"
DETR,275775,2207299,1,person,1,3,0,0.0,"{""1"":3}"
DETR,275932,40745,16,bird,1,3,0,0.0,"{""16"":3}"
DETR,275932,41736,16,bird,1,2,0,0.0,"{""16"":2}"
DETR,276244,28835,72,tv,1,3,0,0.0,"{""72"":3}"
DETR,276244,28843,72,tv,1,3,0,0.0,"{""72"":3}"
DETR,276621,465601,1,person,1,3,0,0.0,"{""1"":3}"
DETR,276621,501461,1,person,1,3,0,0.0,"{""1"":3}"
DETR,276845,153342,4,motorcycle,1,3,0,0.0,"{""4"":3}"
DETR,276845,155041,4,motorcycle,1,3,0,0.0,"{""4"":3}"
DETR,277188,394146,8,truck,1,3,0,0.0,"{""8"":3}"
DETR,277188,399435,8,truck,1,3,0,0.0,"{""8"":3}"
DETR,277188,401531,8,truck,1,2,0,0.0,"{""8"":2}"
DETR,277267,487570,1,person,1,3,0,0.0,"{""1"":3}"
DETR,277267,520436,1,person,1,3,0,0.0,"{""1"":3}"
DETR,277439,428211,1,person,1,3,0,0.0,"{""1"":3}"
DETR,277439,446200,1,person,1,3,0,0.0,"{""1"":3}"
DETR,277867,1376977,9,boat,1,3,0,0.0,"{""9"":3}"
DETR,277867,1377212,9,boat,1,3,0,0.0,"{""9"":3}"
DETR,277867,1378385,9,boat,1,3,0,0.0,"{""9"":3}"
DETR,277867,1378849,9,boat,1,3,0,0.0,"{""9"":3}"
DETR,278457,1043053,52,banana,1,2,0,0.0,"{""52"":2}"
DETR,278457,1544268,52,banana,1,3,0,0.0,"{""52"":3}"
DETR,278816,319729,65,bed,1,3,0,0.0,"{""65"":3}"
DETR,278816,319794,65,bed,1,3,0,0.0,"{""65"":3}"
DETR,278816,1417683,27,backpack,1,2,0,0.0,"{""27"":2}"
DETR,278816,2072352,27,backpack,1,3,0,0.0,"{""27"":3}"
DETR,279632,489830,1,person,1,3,0,0.0,"{""1"":3}"
DETR,279632,521304,1,person,1,4,0,0.0,"{""1"":4}"
DETR,279632,617952,36,snowboard,1,3,0,0.0,"{""36"":3}"
DETR,279632,620639,36,snowboard,1,2,0,0.0,"{""36"":2}"
DETR,279632,1734292,1,person,1,3,0,0.0,"{""1"":3}"
DETR,280873,1114893,76,keyboard,1,3,0,0.0,"{""76"":3}"
DETR,280873,1114992,76,keyboard,1,3,0,0.0,"{""76"":3}"
DETR,281003,1979381,79,oven,1,2,0,0.0,"{""79"":2}"
DETR,281003,2139401,79,oven,1,3,0,0.0,"{""79"":3}"
DETR,281840,450702,1,person,1,3,0,0.0,"{""1"":3}"
DETR,281840,475501,1,person,1,3,0,0.0,"{""1"":3}"
DETR,281840,483083,1,person,1,3,0,0.0,"{""1"":3}"
DETR,281840,1723251,1,person,1,3,0,0.0,"{""1"":3}"
DETR,282514,484507,1,person,1,3,0,0.0,"{""1"":3}"
DETR,282514,1725177,1,person,1,3,0,0.0,"{""1"":3}"
DETR,282930,1058040,56,broccoli,1,2,0,0.0,"{""56"":2}"
DETR,282930,1060954,56,broccoli,1,2,0,0.0,"{""56"":2}"
DETR,282930,1560004,56,broccoli,1,2,0,0.0,"{""56"":2}"
DETR,284639,33567,72,tv,1,3,0,0.0,"{""72"":3}"
DETR,284639,35379,72,tv,1,2,0,0.0,"{""72"":2}"
DETR,285093,580854,22,elephant,1,3,0,0.0,"{""22"":3}"
DETR,285093,581273,22,elephant,1,3,0,0.0,"{""22"":3}"
DETR,285170,671832,47,cup,1,3,0,0.0,"{""47"":3}"
DETR,285170,1884179,47,cup,1,3,0,0.0,"{""47"":3}"
DETR,285220,457770,1,person,1,3,0,0.0,"{""1"":3}"
DETR,285220,505070,1,person,1,3,0,0.0,"{""1"":3}"
DETR,285395,183336,1,person,1,3,0,0.0,"{""1"":3}"
DETR,285395,207145,1,person,1,2,0,0.0,"{""1"":2}"
DETR,285395,2001380,1,person,1,3,0,0.0,"{""1"":3}"
DETR,285529,1047386,53,apple,1,3,0,0.0,"{""53"":3}"
DETR,285529,2111582,53,apple,1,3,0,0.0,"{""53"":3}"
DETR,285897,1623744,70,toilet,1,3,0,0.0,"{""70"":3}"
DETR,285897,1624184,70,toilet,1,1,0,0.0,"{""70"":1}"
DETR,286000,456927,1,person,1,3,0,0.0,"{""1"":3}"
DETR,286000,1207243,1,person,1,3,0,0.0,"{""1"":3}"
DETR,286190,168083,6,bus,1,3,0,0.0,"{""6"":3}"
DETR,286190,168719,6,bus,1,2,0,0.0,"{""6"":2}"
DETR,286190,168807,6,bus,1,3,0,0.0,"{""6"":3}"
DETR,286469,1162006,88,teddy bear,1,3,0,0.0,"{""88"":3}"
DETR,286469,1162496,88,teddy bear,1,3,0,0.0,"{""88"":3}"
DETR,286745,587543,23,bear,1,3,0,0.0,"{""23"":3}"
DETR,286745,587986,23,bear,1,3,0,0.0,"{""23"":3}"
DETR,287029,441762,1,person,1,3,0,0.0,"{""1"":3}"
DETR,287029,2164856,1,person,1,3,0,0.0,"{""1"":3}"
DETR,288039,470088,1,person,1,3,0,0.0,"{""1"":3}"
DETR,288039,477367,1,person,1,3,0,0.0,"{""1"":3}"
DETR,288039,486347,1,person,1,3,0,0.0,"{""1"":3}"
DETR,288610,114583,63,couch,1,3,0,0.0,"{""63"":3}"
DETR,288610,117303,63,couch,1,3,0,0.0,"{""63"":3}"
DETR,288943,453653,1,person,1,3,0,0.0,"{""1"":3}"
DETR,288943,1740994,1,person,1,2,0,0.0,"{""1"":2}"
DETR,289140,1533165,51,bowl,1,3,0,0.0,"{""51"":3}"
DETR,289140,1535995,51,bowl,1,3,0,0.0,"{""51"":3}"
DETR,289425,459375,1,person,1,3,0,0.0,"{""1"":3}"
DETR,289425,476344,1,person,1,3,0,0.0,"{""1"":3}"
DETR,289791,467205,1,person,1,3,0,0.0,"{""1"":3}"
DETR,289791,2151612,1,person,1,3,0,0.0,"{""1"":3}"
DETR,290114,511527,1,person,1,3,0,0.0,"{""1"":3}"
DETR,290114,518069,1,person,1,3,0,0.0,"{""1"":3}"
DETR,290265,59370,19,horse,1,3,0,0.0,"{""19"":3}"
DETR,290549,1137907,84,book,1,2,0,0.0,"{""84"":2}"
DETR,290620,440573,1,person,1,3,0,0.0,"{""1"":3}"
DETR,290620,1720912,1,person,1,3,0,0.0,"{""1"":3}"
DETR,290938,1152812,86,vase,1,3,0,0.0,"{""86"":3}"
DETR,290938,1670356,86,vase,1,3,0,0.0,"{""86"":3}"
DETR,291039,28434,72,tv,1,3,0,0.0,"{""72"":3}"
DETR,291039,34810,72,tv,1,3,0,0.0,"{""72"":3}"
DETR,293293,13538,18,dog,1,3,0,0.0,"{""18"":3}"
DETR,293293,17196,18,dog,1,3,0,0.0,"{""18"":3}"
DETR,293489,718525,51,bowl,1,3,0,0.0,"{""51"":3}"
DETR,294409,459147,1,person,1,3,0,0.0,"{""1"":3}"
DETR,294409,484552,1,person,1,1,0,0.0,"{""1"":1}"
DETR,294823,418847,14,parking meter,1,2,0,0.0,"{""14"":2}"
DETR,294823,1390269,14,parking meter,1,3,0,0.0,"{""14"":3}"
DETR,294823,2060896,14,parking meter,1,3,0,0.0,"{""14"":3}"
DETR,295257,1206511,1,person,1,3,0,0.0,"{""1"":3}"
DETR,295257,1247053,1,person,1,3,0,0.0,"{""1"":3}"
DETR,295257,1314276,1,person,1,2,0,0.0,"{""1"":2}"
DETR,296009,19733,64,potted plant,1,2,0,0.0,"{""64"":2}"
DETR,296009,25331,64,potted plant,1,3,0,0.0,"{""64"":3}"
DETR,296009,1152727,86,vase,1,3,0,0.0,"{""86"":3}"
DETR,296009,1155903,86,vase,1,2,0,0.0,"{""86"":2}"
DETR,296093,459768,1,person,1,3,0,0.0,"{""1"":3}"
DETR,296093,467734,1,person,1,3,0,0.0,"{""1"":3}"
DETR,296631,494675,1,person,1,3,0,0.0,"{""1"":3}"
DETR,296631,498903,1,person,1,3,0,0.0,"{""1"":3}"
DETR,296631,499809,1,person,1,2,0,0.0,"{""1"":2}"
DETR,296635,570458,1,person,1,2,0,0.0,"{""1"":2}"
DETR,296635,570557,1,person,1,3,0,0.0,"{""1"":3}"
DETR,296635,1066945,58,hot dog,1,3,0,0.0,"{""58"":3}"
DETR,296635,1922344,58,hot dog,1,3,0,0.0,"{""58"":3}"
DETR,297011,127357,2,bicycle,1,3,0,0.0,"{""2"":3}"
DETR,297011,1335031,2,bicycle,1,1,0,0.0,"{""2"":1}"
DETR,297527,1066849,58,hot dog,1,3,0,0.0,"{""58"":3}"
DETR,297527,1067310,58,hot dog,1,3,0,0.0,"{""58"":3}"
DETR,298353,1563288,57,carrot,1,1,0,0.0,"{""57"":1}"
DETR,298353,1566540,57,carrot,1,1,0,0.0,"{""57"":1}"
DETR,298360,72846,21,cow,1,2,0,0.0,"{""21"":2}"
DETR,298360,278520,21,cow,1,2,0,0.0,"{""21"":2}"
DETR,298360,369942,21,cow,1,2,0,0.0,"{""21"":2}"
DETR,299041,281760,28,umbrella,1,3,0,0.0,"{""28"":3}"
DETR,299041,282143,28,umbrella,1,3,0,0.0,"{""28"":3}"
DETR,299041,283245,28,umbrella,1,3,0,0.0,"{""28"":3}"
DETR,299123,57406,19,horse,1,2,0,0.0,"{""19"":2}"
DETR,299123,273911,19,horse,1,3,0,0.0,"{""19"":3}"
DETR,299463,1112776,75,remote,1,3,0,0.0,"{""75"":3}"
DETR,299463,1631127,75,remote,1,2,0,0.0,"{""75"":2}"
DETR,299932,454776,1,person,1,3,0,0.0,"{""1"":3}"
DETR,299932,467682,1,person,1,3,0,0.0,"{""1"":3}"
DETR,299932,516148,1,person,1,3,0,0.0,"{""1"":3}"
DETR,299933,51949,17,cat,1,3,0,0.0,"{""17"":3}"
DETR,299933,2210141,17,cat,1,3,0,0.0,"{""17"":3}"
DETR,300197,228252,1,person,1,3,0,0.0,"{""1"":3}"
DETR,300197,231239,1,person,1,3,0,0.0,"{""1"":3}"
DETR,300197,1710985,1,person,1,3,0,0.0,"{""1"":3}"
DETR,300197,2152810,1,person,1,3,0,0.0,"{""1"":3}"
DETR,300392,1967652,70,toilet,1,2,0,0.0,"{""70"":2}"
DETR,300392,1967776,70,toilet,1,3,0,0.0,"{""70"":3}"
DETR,300392,1967859,70,toilet,1,3,0,0.0,"{""70"":3}"
DETR,300392,1967967,70,toilet,1,3,0,0.0,"{""70"":3}"
DETR,300578,421300,1,person,1,3,0,0.0,"{""1"":3}"
DETR,300578,448627,1,person,1,3,0,0.0,"{""1"":3}"
DETR,300578,453588,1,person,1,3,0,0.0,"{""1"":3}"
DETR,301109,491155,1,person,1,3,0,0.0,"{""1"":3}"
DETR,301109,1743420,1,person,1,3,0,0.0,"{""1"":3}"
DETR,301109,2161826,1,person,1,3,0,0.0,"{""1"":3}"
DETR,301158,366173,6,bus,1,3,0,0.0,"{""6"":3}"
DETR,301158,366334,6,bus,1,3,0,0.0,"{""6"":3}"
DETR,301938,1427131,28,umbrella,1,3,0,0.0,"{""28"":3}"
DETR,301938,1427364,28,umbrella,1,3,0,0.0,"{""28"":3}"
DETR,301988,190992,1,person,1,3,0,0.0,"{""1"":3}"
DETR,301988,198034,1,person,1,3,0,0.0,"{""1"":3}"
DETR,302199,463670,1,person,1,3,0,0.0,"{""1"":3}"
DETR,302199,473946,1,person,1,2,0,0.0,"{""1"":2}"
DETR,302415,440936,1,person,1,1,0,0.0,"{""1"":1}"
DETR,302415,505906,1,person,1,3,0,0.0,"{""1"":3}"
DETR,302415,1735148,1,person,1,3,0,0.0,"{""1"":3}"
DETR,303144,444714,1,person,1,3,0,0.0,"{""1"":3}"
DETR,303144,531708,1,person,1,2,0,0.0,"{""1"":2}"
DETR,303144,533587,1,person,1,3,0,0.0,"{""1"":3}"
DETR,303144,538165,1,person,1,3,0,0.0,"{""1"":3}"
DETR,303471,476345,1,person,1,1,0,0.0,"{""1"":1}"
DETR,303471,515673,1,person,1,3,0,0.0,"{""1"":3}"
DETR,303804,1156059,86,vase,1,3,0,0.0,"{""86"":3}"
DETR,303804,1156214,86,vase,1,1,0,0.0,"{""86"":1}"
DETR,303804,1668058,86,vase,1,2,0,0.0,"{""86"":2}"
DETR,303923,499263,1,person,1,3,0,0.0,"{""1"":3}"
DETR,303923,506125,1,person,1,3,0,0.0,"{""1"":3}"
DETR,303923,1710626,1,person,1,3,0,0.0,"{""1"":3}"
DETR,304125,491064,1,person,1,3,0,0.0,"{""1"":3}"
DETR,304125,534265,1,person,1,3,0,0.0,"{""1"":3}"
DETR,304319,1651979,84,book,1,2,0,0.0,"{""84"":2}"
DETR,304319,1654015,84,book,1,3,0,0.0,"{""84"":3}"
DETR,304757,1102641,73,laptop,1,3,0,0.0,"{""73"":3}"
DETR,304757,1103622,73,laptop,1,3,0,0.0,"{""73"":3}"
DETR,304765,382532,62,chair,1,3,0,0.0,"{""62"":3}"
DETR,304833,580137,22,elephant,1,3,0,0.0,"{""22"":3}"
DETR,305546,51086,17,cat,1,3,0,0.0,"{""17"":3}"
DETR,305546,51371,17,cat,1,3,0,0.0,"{""17"":3}"
DETR,305546,52136,17,cat,1,2,0,0.0,"{""17"":2}"
DETR,305546,1584156,62,chair,1,2,0,0.0,"{""62"":2}"
DETR,305546,1939527,62,chair,1,3,0,0.0,"{""62"":3}"
DETR,305905,1186839,33,suitcase,1,3,0,0.0,"{""33"":3}"
DETR,305905,1842075,33,suitcase,1,3,0,0.0,"{""33"":3}"
DETR,306359,1726013,1,person,1,3,0,0.0,"{""1"":3}"
DETR,306359,2156607,1,person,1,3,0,0.0,"{""1"":3}"
DETR,306393,442181,1,person,1,3,0,0.0,"{""1"":3}"
DETR,306393,522262,1,person,1,3,0,0.0,"{""1"":3}"
DETR,306420,516436,1,person,1,3,0,0.0,"{""1"":3}"
DETR,306420,531777,1,person,1,3,0,0.0,"{""1"":3}"
DETR,306420,543486,1,person,1,3,0,0.0,"{""1"":3}"
DETR,306561,204788,1,person,1,3,0,0.0,"{""1"":3}"
DETR,306561,1720198,1,person,1,3,0,0.0,"{""1"":3}"
DETR,307757,190372,1,person,1,3,0,0.0,"{""1"":3}"
DETR,307757,204610,1,person,1,3,0,0.0,"{""1"":3}"
DETR,307881,490448,1,person,1,3,0,0.0,"{""1"":3}"
DETR,307881,512780,1,person,1,3,0,0.0,"{""1"":3}"
DETR,308139,214384,1,person,1,3,0,0.0,"{""1"":3}"
DETR,308139,222765,1,person,1,3,0,0.0,"{""1"":3}"
DETR,308210,1183269,33,suitcase,1,3,0,0.0,"{""33"":3}"
DETR,308210,1184087,33,suitcase,1,3,0,0.0,"{""33"":3}"
DETR,308222,1070835,59,pizza,1,3,0,0.0,"{""59"":3}"
DETR,308222,1073528,59,pizza,1,3,0,0.0,"{""59"":3}"
DETR,308222,1074457,59,pizza,1,3,0,0.0,"{""59"":3}"
DETR,308222,1075118,59,pizza,1,2,0,0.0,"{""59"":2}"
DETR,308470,1213168,1,person,1,3,0,0.0,"{""1"":3}"
DETR,308470,1263876,1,person,1,3,0,0.0,"{""1"":3}"
DETR,308470,1280600,1,person,1,4,0,0.0,"{""1"":4}"
DETR,308470,1297055,1,person,1,2,0,0.0,"{""1"":2}"
DETR,308524,2162553,1,person,1,3,0,0.0,"{""1"":3}"
DETR,309087,1484082,44,bottle,1,3,0,0.0,"{""44"":3}"
DETR,309087,1867229,44,bottle,1,2,0,0.0,"{""44"":2}"
DETR,309087,1867380,44,bottle,1,2,0,0.0,"{""44"":2}"
DETR,309087,1871102,44,bottle,1,2,0,0.0,"{""44"":2}"
DETR,309087,1872895,44,bottle,1,1,0,0.0,"{""44"":1}"
DETR,309252,56416,19,horse,1,3,0,0.0,"{""19"":3}"
DETR,309252,56712,19,horse,1,3,0,0.0,"{""19"":3}"
DETR,310158,584117,22,elephant,1,3,0,0.0,"{""22"":3}"
DETR,310158,584732,22,elephant,1,3,0,0.0,"{""22"":3}"
DETR,310780,48697,17,cat,1,3,0,0.0,"{""17"":3}"
DETR,310780,1402085,17,cat,1,3,0,0.0,"{""17"":3}"
DETR,310780,2129476,65,bed,1,3,0,0.0,"{""65"":3}"
DETR,310865,455848,1,person,1,3,0,0.0,"{""1"":3}"
DETR,310865,1738072,1,person,1,3,0,0.0,"{""1"":3}"
DETR,310865,2217385,51,bowl,1,3,0,0.0,"{""51"":3}"
DETR,311388,1911162,54,sandwich,1,3,0,0.0,"{""54"":3}"
DETR,311388,2219142,54,sandwich,1,3,0,0.0,"{""54"":3}"
DETR,311616,378110,62,chair,1,3,0,0.0,"{""62"":3}"
DETR,311616,379829,62,chair,1,3,0,0.0,"{""62"":3}"
DETR,311709,71020,21,cow,1,3,0,0.0,"{""21"":3}"
DETR,311709,72895,21,cow,1,3,0,0.0,"{""21"":3}"
DETR,311709,74088,21,cow,1,3,0,0.0,"{""21"":3}"
DETR,311773,464308,1,person,1,3,0,0.0,"{""1"":3}"
DETR,311773,1247241,1,person,1,3,0,0.0,"{""1"":3}"
DETR,312154,598784,25,giraffe,1,3,0,0.0,"{""25"":3}"
DETR,312154,600203,25,giraffe,1,3,0,0.0,"{""25"":3}"
DETR,312454,589780,24,zebra,1,2,0,0.0,"{""24"":2}"
DETR,312454,591697,24,zebra,1,3,0,0.0,"{""24"":3}"
DETR,312454,593244,24,zebra,1,3,0,0.0,"{""24"":3}"
DETR,313073,185498,1,person,1,3,0,0.0,"{""1"":3}"
DETR,313073,223821,1,person,1,3,0,0.0,"{""1"":3}"
DETR,313073,228777,1,person,1,3,0,0.0,"{""1"":3}"
DETR,313360,1402472,17,cat,1,3,0,0.0,"{""17"":3}"
DETR,313360,1816504,17,cat,1,3,0,0.0,"{""17"":3}"
DETR,313381,1256121,1,person,1,3,0,0.0,"{""1"":3}"
DETR,313381,2151369,1,person,1,3,0,0.0,"{""1"":3}"
DETR,313518,594664,25,giraffe,1,3,0,0.0,"{""25"":3}"
DETR,313786,1375044,9,boat,1,3,0,0.0,"{""9"":3}"
DETR,313786,1375728,9,boat,1,2,0,0.0,"{""9"":2}"
DETR,313946,1045203,52,banana,1,3,0,0.0,"{""52"":3}"
DETR,313946,1046090,52,banana,1,2,0,0.0,"{""52"":2}"
DETR,314247,1204131,1,person,1,2,0,0.0,"{""1"":2}"
DETR,314247,1206747,1,person,1,3,0,0.0,"{""1"":3}"
DETR,314247,1231638,1,person,1,3,0,0.0,"{""1"":3}"
DETR,314257,183122,1,person,1,2,0,0.0,"{""1"":2}"
DETR,314257,211783,1,person,1,3,0,0.0,"{""1"":3}"
DETR,314257,1744213,1,person,1,3,0,0.0,"{""1"":3}"
DETR,314414,1280177,1,person,1,3,0,0.0,"{""1"":3}"
DETR,314414,1282486,1,person,1,3,0,0.0,"{""1"":3}"
DETR,314414,1316695,1,person,1,3,0,0.0,"{""1"":3}"
DETR,314951,426889,1,person,1,3,0,0.0,"{""1"":3}"
DETR,314951,462690,1,person,1,3,0,0.0,"{""1"":3}"
DETR,314951,519067,1,person,1,3,0,0.0,"{""1"":3}"
DETR,315043,1926784,60,donut,1,2,0,0.0,"{""60"":2}"
DETR,315057,1560826,56,broccoli,1,3,0,0.0,"{""56"":3}"
DETR,315057,1561369,56,broccoli,1,2,0,0.0,"{""56"":2}"
DETR,315168,424465,1,person,1,3,0,0.0,"{""1"":3}"
DETR,315168,470034,1,person,1,3,0,0.0,"{""1"":3}"
DETR,315521,1048054,53,apple,1,2,0,0.0,"{""53"":2}"
DETR,315521,1049766,53,apple,1,3,0,0.0,"{""53"":3}"
DETR,315521,1050490,53,apple,1,3,0,0.0,"{""53"":3}"
DETR,315751,478931,1,person,1,3,0,0.0,"{""1"":3}"
DETR,315751,496559,1,person,1,3,0,0.0,"{""1"":3}"
DETR,315751,2162322,1,person,1,3,0,0.0,"{""1"":3}"
DETR,316293,711879,51,bowl,1,3,0,0.0,"{""51"":3}"
DETR,316293,717416,51,bowl,1,3,0,0.0,"{""51"":3}"
DETR,316293,1051327,55,orange,1,3,0,0.0,"{""55"":3}"
DETR,316293,1052336,55,orange,1,2,0,0.0,"{""55"":2}"
DETR,316293,2187341,55,orange,1,3,0,0.0,"{""55"":3}"
DETR,316446,474195,1,person,1,3,0,0.0,"{""1"":3}"
DETR,316446,502899,1,person,1,2,0,0.0,"{""1"":2}"
DETR,317054,573163,15,bench,1,3,0,0.0,"{""15"":3}"
DETR,317054,573794,15,bench,1,1,0,0.0,"{""15"":1}"
DETR,317349,442710,1,person,1,3,0,0.0,"{""1"":3}"
DETR,317349,477623,1,person,1,3,0,0.0,"{""1"":3}"
DETR,317905,30658,72,tv,1,3,0,0.0,"{""72"":3}"
DETR,317905,1625356,72,tv,1,3,0,0.0,"{""72"":3}"
DETR,318071,1141529,84,book,1,3,0,0.0,"{""84"":3}"
DETR,318071,1147332,84,book,1,2,0,0.0,"{""84"":2}"
DETR,318117,132352,3,car,1,2,0,0.0,"{""3"":2}"
DETR,318117,140821,3,car,1,3,0,0.0,"{""3"":3}"
DETR,318183,1153336,86,vase,1,3,0,0.0,"{""86"":3}"
DETR,318183,1154122,86,vase,1,2,0,0.0,"{""86"":2}"
DETR,318183,1670300,86,vase,1,2,0,0.0,"{""86"":2}"
DETR,318937,444873,1,person,1,3,0,0.0,"{""1"":3}"
DETR,318937,483364,1,person,1,3,0,0.0,"{""1"":3}"
DETR,318953,296150,32,tie,1,3,0,0.0,"{""32"":3}"
DETR,318953,1442904,32,tie,1,3,0,0.0,"{""32"":3}"
DETR,318953,1840310,32,tie,1,3,0,0.0,"{""32"":3}"
DETR,319712,193692,1,person,1,3,0,0.0,"{""1"":3}"
DETR,319712,226868,1,person,1,3,0,0.0,"{""1"":3}"
DETR,319712,1225787,1,person,1,3,0,0.0,"{""1"":3}"
DETR,319866,62406,20,sheep,1,3,0,0.0,"{""20"":3}"
DETR,319866,62709,20,sheep,1,3,0,0.0,"{""20"":3}"
DETR,320077,102968,62,chair,1,2,0,0.0,"{""62"":2}"
DETR,320077,114406,63,couch,1,3,0,0.0,"{""63"":3}"
DETR,320077,2224999,63,couch,1,2,0,0.0,"{""63"":2}"
DETR,320390,1551071,53,apple,1,3,0,0.0,"{""53"":3}"
DETR,320432,1232873,1,person,1,3,0,0.0,"{""1"":3}"
DETR,320432,1233203,1,person,1,3,0,0.0,"{""1"":3}"
DETR,320432,1252243,1,person,1,3,0,0.0,"{""1"":3}"
DETR,320432,1280397,1,person,1,3,0,0.0,"{""1"":3}"
DETR,320957,531913,1,person,1,3,0,0.0,"{""1"":3}"
DETR,320957,556468,1,person,1,3,0,0.0,"{""1"":3}"
DETR,320963,382566,62,chair,1,3,0,0.0,"{""62"":3}"
DETR,320963,1581473,62,chair,1,2,0,0.0,"{""62"":2}"
DETR,320963,1599759,62,chair,1,2,0,0.0,"{""62"":2}"
DETR,321305,590645,24,zebra,1,2,0,0.0,"{""24"":2}"
DETR,321673,598886,25,giraffe,1,3,0,0.0,"{""25"":3}"
DETR,321673,599557,25,giraffe,1,3,0,0.0,"{""25"":3}"
DETR,321969,113595,63,couch,1,2,0,0.0,"{""63"":2}"
DETR,321969,116252,63,couch,1,3,3,1.0,"{""62"":3}"
DETR,322634,471138,1,person,1,3,0,0.0,"{""1"":3}"
DETR,322634,515179,1,person,1,2,0,0.0,"{""1"":2}"
DETR,323030,507717,1,person,1,3,0,0.0,"{""1"":3}"
DETR,323030,655825,43,tennis racket,1,3,0,0.0,"{""43"":3}"
DETR,323030,658749,43,tennis racket,1,3,0,0.0,"{""43"":3}"
DETR,323052,172005,7,train,1,3,0,0.0,"{""7"":3}"
DETR,323052,2050906,7,train,1,3,0,0.0,"{""7"":3}"
DETR,323475,1048295,53,apple,1,2,0,0.0,"{""53"":2}"
DETR,323475,1049783,53,apple,1,3,0,0.0,"{""53"":3}"
DETR,323475,1051106,55,orange,1,3,0,0.0,"{""55"":3}"
DETR,323475,1051211,55,orange,1,2,0,0.0,"{""55"":2}"
DETR,323475,1912032,55,orange,1,3,0,0.0,"{""55"":3}"
DETR,323896,133130,3,car,1,3,0,0.0,"{""3"":3}"
DETR,323896,134796,3,car,1,3,0,0.0,"{""3"":3}"
DETR,323896,144876,3,car,1,2,0,0.0,"{""3"":2}"
DETR,324401,1052188,55,orange,1,2,0,0.0,"{""55"":2}"
DETR,324401,1054685,55,orange,1,3,0,0.0,"{""55"":3}"
DETR,324682,414286,67,dining table,1,3,0,0.0,"{""67"":3}"
DETR,324682,1091703,67,dining table,1,1,0,0.0,"{""67"":1}"
DETR,326056,1042974,52,banana,1,3,0,0.0,"{""52"":3}"
DETR,326056,1546143,52,banana,1,2,0,0.0,"{""52"":2}"
DETR,326569,445500,1,person,1,3,0,0.0,"{""1"":3}"
DETR,326569,466521,1,person,1,3,0,0.0,"{""1"":3}"
DETR,326836,443460,1,person,1,3,0,0.0,"{""1"":3}"
DETR,326836,476790,1,person,1,3,0,0.0,"{""1"":3}"
DETR,327063,498221,1,person,1,2,0,0.0,"{""1"":2}"
DETR,327063,527077,1,person,1,3,0,0.0,"{""1"":3}"
DETR,327063,544365,1,person,1,3,0,0.0,"{""1"":3}"
DETR,327063,546014,1,person,1,3,0,0.0,"{""1"":3}"
DETR,327063,1204333,1,person,1,3,0,0.0,"{""1"":3}"
DETR,327132,1071797,59,pizza,1,2,0,0.0,"{""59"":2}"
DETR,327132,1075274,59,pizza,1,3,0,0.0,"{""59"":3}"
DETR,327198,124572,72,tv,1,3,0,0.0,"{""72"":3}"
DETR,327198,1114665,76,keyboard,1,2,0,0.0,"{""76"":2}"
DETR,327198,1116837,76,keyboard,1,3,0,0.0,"{""76"":3}"
DETR,327198,1968616,72,tv,1,2,0,0.0,"{""72"":2}"
DETR,327258,55469,19,horse,1,3,0,0.0,"{""19"":3}"
DETR,327258,56074,19,horse,1,3,0,0.0,"{""19"":3}"
DETR,327881,588651,24,zebra,1,3,0,0.0,"{""24"":3}"
DETR,327881,591076,24,zebra,1,3,0,0.0,"{""24"":3}"
DETR,328298,681869,47,cup,1,3,0,0.0,"{""47"":3}"
DETR,328298,683534,47,cup,1,3,0,0.0,"{""47"":3}"
DETR,329343,107479,62,chair,1,3,0,0.0,"{""62"":3}"
DETR,329343,1589371,62,chair,1,2,0,0.0,"{""62"":2}"
DETR,329551,202206,1,person,1,3,0,0.0,"{""1"":3}"
DETR,329551,210246,1,person,1,3,0,0.0,"{""1"":3}"
DETR,329993,36422,16,bird,1,3,0,0.0,"{""16"":3}"
DETR,329993,1814195,16,bird,1,2,0,0.0,"{""16"":2}"
DETR,330607,1870880,44,bottle,1,3,0,0.0,"{""44"":3}"
DETR,330607,2093241,44,bottle,1,3,0,0.0,"{""44"":3}"
DETR,331216,1063455,57,carrot,1,3,0,0.0,"{""57"":3}"
DETR,331216,1064904,57,carrot,1,3,0,0.0,"{""57"":3}"
DETR,331331,254215,1,person,1,3,0,0.0,"{""1"":3}"
DETR,331331,256023,1,person,1,3,0,0.0,"{""1"":3}"
DETR,331331,1075644,59,pizza,1,3,0,0.0,"{""59"":3}"
DETR,331331,1923208,59,pizza,1,3,0,0.0,"{""59"":3}"
DETR,331409,1291158,1,person,1,3,0,0.0,"{""1"":3}"
DETR,331409,1295154,1,person,1,3,0,0.0,"{""1"":3}"
DETR,331409,1301701,1,person,1,2,0,0.0,"{""1"":2}"
DETR,331616,433598,1,person,1,3,0,0.0,"{""1"":3}"
DETR,331616,2162783,1,person,1,2,0,0.0,"{""1"":2}"
DETR,332547,568922,1,person,1,3,0,0.0,"{""1"":3}"
DETR,333383,501019,1,person,1,1,0,0.0,"{""1"":1}"
DETR,333461,483169,1,person,1,3,0,0.0,"{""1"":3}"
DETR,333461,518906,1,person,1,2,0,0.0,"{""1"":2}"
DETR,333461,529715,1,person,1,3,0,0.0,"{""1"":3}"
DETR,333461,555697,1,person,1,3,0,0.0,"{""1"":3}"
DETR,333461,563648,1,person,1,3,0,0.0,"{""1"":3}"
DETR,333461,615958,36,snowboard,1,3,0,0.0,"{""36"":3}"
DETR,333461,620612,36,snowboard,1,2,0,0.0,"{""36"":2}"
DETR,333461,2159640,1,person,1,3,0,0.0,"{""1"":3}"
DETR,333492,1254825,1,person,1,3,0,0.0,"{""1"":3}"
DETR,333492,1258747,1,person,1,3,0,0.0,"{""1"":3}"
DETR,333492,1271283,1,person,1,3,0,0.0,"{""1"":3}"
DETR,333492,1302178,1,person,1,2,0,0.0,"{""1"":2}"
DETR,333492,1755525,1,person,1,1,0,0.0,"{""1"":1}"
DETR,333546,424576,1,person,1,2,0,0.0,"{""1"":2}"
DETR,333546,428051,1,person,1,3,0,0.0,"{""1"":3}"
DETR,334529,435196,1,person,1,3,0,0.0,"{""1"":3}"
DETR,334529,478510,1,person,1,3,0,0.0,"{""1"":3}"
DETR,334714,623960,38,kite,1,2,0,0.0,"{""38"":2}"
DETR,334714,624397,38,kite,1,3,0,0.0,"{""38"":3}"
DETR,334714,624574,38,kite,1,3,0,0.0,"{""38"":3}"
DETR,334714,1741687,1,person,1,3,0,0.0,"{""1"":3}"
DETR,334714,2016778,1,person,1,3,0,0.0,"{""1"":3}"
DETR,334775,318262,65,bed,1,2,0,0.0,"{""65"":2}"
DETR,334775,319594,65,bed,1,3,0,0.0,"{""65"":3}"
DETR,335107,89502,44,bottle,1,3,0,0.0,"{""44"":3}"
DETR,335107,1485514,44,bottle,1,1,0,0.0,"{""44"":1}"
DETR,335304,115535,63,couch,1,2,0,0.0,"{""63"":2}"
DETR,335304,1950236,63,couch,1,3,0,0.0,"{""63"":3}"
DETR,335525,471417,1,person,1,3,0,0.0,"{""1"":3}"
DETR,335525,533796,1,person,1,3,0,0.0,"{""1"":3}"
DETR,335752,312510,54,sandwich,1,3,0,0.0,"{""54"":3}"
DETR,335752,312772,54,sandwich,1,2,0,0.0,"{""54"":2}"
DETR,336078,1237381,1,person,1,2,0,0.0,"{""1"":2}"
DETR,336078,1241982,1,person,1,3,0,0.0,"{""1"":3}"
DETR,336078,1261514,1,person,1,3,0,0.0,"{""1"":3}"
DETR,336078,1285454,1,person,1,2,0,0.0,"{""1"":2}"
DETR,336491,61080,20,sheep,1,3,0,0.0,"{""20"":3}"
DETR,336491,193849,1,person,1,3,0,0.0,"{""1"":3}"
DETR,336491,211440,1,person,1,3,0,0.0,"{""1"":3}"
DETR,336491,1405540,20,sheep,1,3,0,0.0,"{""20"":3}"
DETR,336688,112683,63,couch,1,3,0,0.0,"{""63"":3}"
DETR,336688,117410,63,couch,1,3,0,0.0,"{""63"":3}"
DETR,337147,668869,47,cup,1,2,0,0.0,"{""47"":2}"
DETR,337147,677585,47,cup,1,2,0,0.0,"{""47"":2}"
DETR,337164,428996,1,person,1,3,0,0.0,"{""1"":3}"
DETR,337164,1248244,1,person,1,3,0,0.0,"{""1"":3}"
DETR,337628,1080169,60,donut,1,3,0,0.0,"{""60"":3}"
DETR,337628,1080481,60,donut,1,3,0,0.0,"{""60"":3}"
DETR,337689,192869,1,person,1,2,0,0.0,"{""1"":2}"
DETR,337689,1683144,1,person,1,3,0,0.0,"{""1"":3}"
DETR,337895,1723365,1,person,1,3,0,0.0,"{""1"":3}"
DETR,337975,457608,1,person,1,3,0,0.0,"{""1"":3}"
DETR,337975,497473,1,person,1,3,0,0.0,"{""1"":3}"
DETR,337975,499184,1,person,1,3,0,0.0,"{""1"":3}"
DETR,337976,487449,1,person,1,3,0,0.0,"{""1"":3}"
DETR,337976,596250,25,giraffe,1,3,0,0.0,"{""25"":3}"
DETR,337976,598321,25,giraffe,1,4,0,0.0,"{""25"":4}"
DETR,337976,1704537,1,person,1,3,0,0.0,"{""1"":3}"
DETR,337976,1740631,1,person,1,3,0,0.0,"{""1"":3}"
DETR,337976,1750600,1,person,1,3,0,0.0,"{""1"":3}"
DETR,337976,1753799,1,person,1,3,0,0.0,"{""1"":3}"
DETR,337976,1758587,1,person,1,3,0,0.0,"{""1"":3}"
DETR,338120,175345,9,boat,1,2,0,0.0,"{""9"":2}"
DETR,338120,176487,9,boat,1,3,0,0.0,"{""9"":3}"
DETR,338120,177229,9,boat,1,3,0,0.0,"{""9"":3}"
DETR,338872,443845,1,person,1,3,0,0.0,"{""1"":3}"
DETR,338872,475982,1,person,1,3,0,0.0,"{""1"":3}"
DETR,338872,507151,1,person,1,3,0,0.0,"{""1"":3}"
DETR,338978,1373396,8,truck,1,2,0,0.0,"{""8"":2}"
DETR,338978,1800053,8,truck,1,3,3,1.0,"{""3"":3}"
DETR,339589,348758,3,car,1,3,0,0.0,"{""3"":3}"
DETR,339589,355192,3,car,1,3,0,0.0,"{""3"":3}"
DETR,339597,513208,1,person,1,3,0,0.0,"{""1"":3}"
DETR,339597,1745539,1,person,1,3,0,0.0,"{""1"":3}"
DETR,339918,516584,1,person,1,3,0,0.0,"{""1"":3}"
DETR,339918,543396,1,person,1,3,0,0.0,"{""1"":3}"
DETR,339918,2159106,1,person,1,2,0,0.0,"{""1"":2}"
DETR,340160,12489,18,dog,1,3,0,0.0,"{""18"":3}"
DETR,340160,16925,18,dog,1,3,0,0.0,"{""18"":3}"
DETR,340703,1184746,33,suitcase,1,3,0,0.0,"{""33"":3}"
DETR,340703,1186784,33,suitcase,1,2,0,0.0,"{""33"":2}"
DETR,340703,1186880,33,suitcase,1,3,0,0.0,"{""33"":3}"
DETR,340703,1444634,33,suitcase,1,3,0,0.0,"{""33"":3}"
DETR,340897,620789,36,snowboard,1,3,0,0.0,"{""36"":3}"
DETR,340897,620870,36,snowboard,1,3,0,0.0,"{""36"":3}"
DETR,340897,1222925,1,person,1,4,0,0.0,"{""1"":4}"
DETR,340897,1229195,1,person,1,3,0,0.0,"{""1"":3}"
DETR,340897,1243135,1,person,1,3,0,0.0,"{""1"":3}"
DETR,340897,1287561,1,person,1,2,0,0.0,"{""1"":2}"
DETR,341027,424911,1,person,1,3,0,0.0,"{""1"":3}"
DETR,341027,475105,1,person,1,3,0,0.0,"{""1"":3}"
DETR,341636,464233,1,person,1,3,0,0.0,"{""1"":3}"
DETR,341636,506962,1,person,1,3,0,0.0,"{""1"":3}"
DETR,342963,510124,1,person,1,3,0,0.0,"{""1"":3}"
DETR,342963,526172,1,person,1,3,0,0.0,"{""1"":3}"
DETR,342963,556811,1,person,1,3,0,0.0,"{""1"":3}"
DETR,343009,489430,1,person,1,3,0,0.0,"{""1"":3}"
DETR,343009,534740,1,person,1,3,0,0.0,"{""1"":3}"
DETR,343291,203157,1,person,1,3,0,0.0,"{""1"":3}"
DETR,343291,2152523,1,person,1,3,0,0.0,"{""1"":3}"
DETR,343407,524836,1,person,1,3,0,0.0,"{""1"":3}"
DETR,343407,539249,1,person,1,3,0,0.0,"{""1"":3}"
DETR,343407,550407,1,person,1,3,0,0.0,"{""1"":3}"
DETR,343655,427709,1,person,1,2,0,0.0,"{""1"":2}"
DETR,343655,433899,1,person,1,3,0,0.0,"{""1"":3}"
DETR,343969,501074,1,person,1,3,0,0.0,"{""1"":3}"
DETR,343969,1744265,1,person,1,2,0,0.0,"{""1"":2}"
DETR,344399,429444,1,person,1,3,0,0.0,"{""1"":3}"
DETR,344399,445249,1,person,1,3,0,0.0,"{""1"":3}"
DETR,345207,133290,3,car,1,3,0,0.0,"{""3"":3}"
DETR,345207,141974,3,car,1,3,0,0.0,"{""3"":3}"
DETR,345388,1187196,33,suitcase,1,3,0,0.0,"{""33"":3}"
DETR,345388,1187623,33,suitcase,1,3,0,0.0,"{""33"":3}"
DETR,345388,1187665,33,suitcase,1,3,0,0.0,"{""33"":3}"
DETR,345390,198229,1,person,1,3,0,0.0,"{""1"":3}"
DETR,345390,1076347,59,pizza,1,3,0,0.0,"{""59"":3}"
DETR,345390,1077136,59,pizza,1,3,0,0.0,"{""59"":3}"
DETR,345390,1077622,59,pizza,1,3,0,0.0,"{""59"":3}"
DETR,345390,1717939,1,person,1,3,0,0.0,"{""1"":3}"
DETR,345835,73364,21,cow,1,3,0,0.0,"{""21"":3}"
DETR,345835,77040,21,cow,1,3,0,0.0,"{""21"":3}"
DETR,345835,1407594,21,cow,1,3,0,0.0,"{""21"":3}"
DETR,345882,492809,1,person,1,3,0,0.0,"{""1"":3}"
DETR,345882,496977,1,person,1,3,0,0.0,"{""1"":3}"
DETR,346250,518130,1,person,1,3,0,0.0,"{""1"":3}"
DETR,346250,1731859,1,person,1,3,0,0.0,"{""1"":3}"
DETR,347796,459669,1,person,1,3,0,0.0,"{""1"":3}"
DETR,347796,536845,1,person,1,1,0,0.0,"{""1"":1}"
DETR,347796,1103175,73,laptop,1,3,0,0.0,"{""73"":3}"
DETR,347796,1103315,73,laptop,1,3,0,0.0,"{""73"":3}"
DETR,347796,1103398,73,laptop,1,3,0,0.0,"{""73"":3}"
DETR,348580,441004,1,person,1,3,0,0.0,"{""1"":3}"
DETR,348580,2205187,1,person,1,3,0,0.0,"{""1"":3}"
DETR,348616,1153681,86,vase,1,3,0,0.0,"{""86"":3}"
DETR,348616,1154662,86,vase,1,3,0,0.0,"{""86"":3}"
DETR,348616,1154731,86,vase,1,2,0,0.0,"{""86"":2}"
DETR,348639,173319,7,train,1,3,0,0.0,"{""7"":3}"
DETR,348639,174253,7,train,1,3,0,0.0,"{""7"":3}"
DETR,349038,156736,5,airplane,1,3,0,0.0,"{""5"":3}"
DETR,349038,161393,5,airplane,1,3,0,0.0,"{""5"":3}"
DETR,349663,447906,1,person,1,3,0,0.0,"{""1"":3}"
DETR,349663,504495,1,person,1,3,0,0.0,"{""1"":3}"
DETR,350070,554370,1,person,1,3,0,0.0,"{""1"":3}"
DETR,350070,562484,1,person,1,3,0,0.0,"{""1"":3}"
DETR,350070,564981,1,person,1,3,0,0.0,"{""1"":3}"
DETR,350070,566270,1,person,1,3,0,0.0,"{""1"":3}"
DETR,350765,472773,1,person,1,3,0,0.0,"{""1"":3}"
DETR,350765,481568,1,person,1,3,0,0.0,"{""1"":3}"
DETR,350819,1938324,62,chair,1,3,0,0.0,"{""62"":3}"
DETR,350819,1944675,62,chair,1,3,0,0.0,"{""62"":3}"
DETR,351719,499595,1,person,1,3,0,0.0,"{""1"":3}"
DETR,351719,1086491,61,cake,1,3,0,0.0,"{""61"":3}"
DETR,351719,1086618,61,cake,1,3,0,0.0,"{""61"":3}"
DETR,351719,2167791,1,person,1,3,0,0.0,"{""1"":3}"
DETR,351807,207277,1,person,1,3,0,0.0,"{""1"":3}"
DETR,351807,209697,1,person,1,3,0,0.0,"{""1"":3}"
DETR,352357,191259,1,person,1,3,0,0.0,"{""1"":3}"
DETR,352357,195546,1,person,1,3,0,0.0,"{""1"":3}"
DETR,352357,228956,1,person,1,3,0,0.0,"{""1"":3}"
DETR,352389,443111,1,person,1,3,0,0.0,"{""1"":3}"
DETR,352389,488310,1,person,1,3,0,0.0,"{""1"":3}"
DETR,352814,718283,51,bowl,1,3,0,0.0,"{""51"":3}"
DETR,352814,1038249,51,bowl,1,3,0,0.0,"{""51"":3}"
DETR,352814,1038341,51,bowl,1,3,0,0.0,"{""51"":3}"
DETR,352814,1039653,51,bowl,1,3,0,0.0,"{""51"":3}"
DETR,352821,112970,63,couch,1,3,0,0.0,"{""63"":3}"
DETR,352821,116401,63,couch,1,4,0,0.0,"{""63"":4}"
DETR,353200,472031,1,person,1,2,0,0.0,"{""1"":2}"
DETR,353200,1243553,1,person,1,3,0,0.0,"{""1"":3}"
DETR,353284,586064,23,bear,1,3,0,0.0,"{""23"":3}"
DETR,353284,587390,23,bear,1,3,0,0.0,"{""23"":3}"
DETR,353893,100431,62,chair,1,3,0,0.0,"{""62"":3}"
DETR,353893,289538,62,chair,1,3,0,0.0,"{""62"":3}"
DETR,353997,1545082,52,banana,1,3,0,0.0,"{""52"":3}"
DETR,353997,1904590,52,banana,1,3,0,0.0,"{""52"":3}"
DETR,354557,1679072,1,person,1,3,0,0.0,"{""1"":3}"
DETR,354608,1138064,84,book,1,3,0,0.0,"{""84"":3}"
DETR,354608,1143973,84,book,1,3,0,0.0,"{""84"":3}"
DETR,354608,1144672,84,book,1,3,0,0.0,"{""84"":3}"
DETR,354608,1145761,84,book,1,3,0,0.0,"{""84"":3}"
DETR,354738,501345,1,person,1,3,0,0.0,"{""1"":3}"
DETR,354738,512798,1,person,1,3,0,0.0,"{""1"":3}"
DETR,354771,435113,1,person,1,3,0,0.0,"{""1"":3}"
DETR,354771,558656,1,person,1,3,0,0.0,"{""1"":3}"
DETR,354771,1747686,1,person,1,3,0,0.0,"{""1"":3}"
DETR,354771,2203758,1,person,1,3,0,0.0,"{""1"":3}"
DETR,354772,1222811,1,person,1,3,0,0.0,"{""1"":3}"
DETR,354772,1229403,1,person,1,3,0,0.0,"{""1"":3}"
DETR,354772,1718732,1,person,1,3,0,0.0,"{""1"":3}"
DETR,355159,530463,1,person,1,3,0,0.0,"{""1"":3}"
DETR,355159,1076717,59,pizza,1,3,0,0.0,"{""59"":3}"
DETR,355159,2166645,1,person,1,3,0,0.0,"{""1"":3}"
DETR,355440,212676,1,person,1,3,0,0.0,"{""1"":3}"
DETR,355440,223500,1,person,1,3,0,0.0,"{""1"":3}"
DETR,355440,229875,1,person,1,3,0,0.0,"{""1"":3}"
DETR,355440,2164292,1,person,1,3,0,0.0,"{""1"":3}"
DETR,355571,196860,1,person,1,3,0,0.0,"{""1"":3}"
DETR,355571,236682,1,person,1,3,0,0.0,"{""1"":3}"
DETR,355593,421489,1,person,1,3,0,0.0,"{""1"":3}"
DETR,355593,429027,1,person,1,3,0,0.0,"{""1"":3}"
DETR,355593,448997,1,person,1,3,0,0.0,"{""1"":3}"
DETR,356702,440555,1,person,1,3,0,0.0,"{""1"":3}"
DETR,356702,2151738,1,person,1,3,0,0.0,"{""1"":3}"
DETR,357010,482381,1,person,1,2,0,0.0,"{""1"":2}"
DETR,357010,536014,1,person,1,3,0,0.0,"{""1"":3}"
DETR,357010,1270393,1,person,1,3,0,0.0,"{""1"":3}"
DETR,357340,199003,1,person,1,3,0,0.0,"{""1"":3}"
DETR,357340,214688,1,person,1,3,0,0.0,"{""1"":3}"
DETR,357790,346031,3,car,1,3,0,0.0,"{""3"":3}"
DETR,357790,352120,3,car,1,3,0,0.0,"{""3"":3}"
DETR,359308,1722738,1,person,1,3,0,0.0,"{""1"":3}"
DETR,359308,1730019,1,person,1,3,0,0.0,"{""1"":3}"
DETR,359308,1751511,1,person,1,3,0,0.0,"{""1"":3}"
DETR,359357,1912136,55,orange,1,3,0,0.0,"{""55"":3}"
DETR,359357,1912952,55,orange,1,3,0,0.0,"{""55"":3}"
DETR,359357,1913111,55,orange,1,3,0,0.0,"{""55"":3}"
DETR,360017,459466,1,person,1,3,0,0.0,"{""1"":3}"
DETR,360017,1735979,1,person,1,3,0,0.0,"{""1"":3}"
DETR,360017,2162103,1,person,1,3,0,0.0,"{""1"":3}"
DETR,360399,473791,1,person,1,2,0,0.0,"{""1"":2}"
DETR,360555,713194,51,bowl,1,3,0,0.0,"{""51"":3}"
DETR,360555,1038146,51,bowl,1,3,0,0.0,"{""51"":3}"
DETR,360555,1039353,51,bowl,1,3,0,0.0,"{""51"":3}"
DETR,360555,1039908,51,bowl,1,3,0,0.0,"{""51"":3}"
DETR,360585,53644,19,horse,1,3,0,0.0,"{""19"":3}"
DETR,360585,57173,19,horse,1,3,0,0.0,"{""19"":3}"
DETR,360811,214315,1,person,1,3,0,0.0,"{""1"":3}"
DETR,361907,1206533,1,person,1,3,0,0.0,"{""1"":3}"
DETR,361907,1227271,1,person,1,2,0,0.0,"{""1"":2}"
DETR,361907,1245131,1,person,1,3,0,0.0,"{""1"":3}"
DETR,361907,1264317,1,person,1,3,0,0.0,"{""1"":3}"
DETR,361907,1299850,1,person,1,3,0,0.0,"{""1"":3}"
DETR,361907,1310391,1,person,1,3,0,0.0,"{""1"":3}"
DETR,361907,1580238,62,chair,1,3,0,0.0,"{""62"":3}"
DETR,361907,1582587,62,chair,1,1,0,0.0,"{""62"":1}"
DETR,362031,1626509,72,tv,1,3,0,0.0,"{""72"":3}"
DETR,362157,216874,1,person,1,3,0,0.0,"{""1"":3}"
DETR,362157,230253,1,person,1,3,0,0.0,"{""1"":3}"
DETR,362157,1744194,1,person,1,2,0,0.0,"{""1"":2}"
DETR,362247,597085,25,giraffe,1,3,0,0.0,"{""25"":3}"
DETR,362247,598356,25,giraffe,1,3,0,0.0,"{""25"":3}"
DETR,362399,1710471,1,person,1,3,0,0.0,"{""1"":3}"
DETR,362399,2166651,1,person,1,3,0,0.0,"{""1"":3}"
DETR,363150,537530,1,person,1,3,0,0.0,"{""1"":3}"
DETR,363150,1217802,1,person,1,3,0,0.0,"{""1"":3}"
DETR,363602,435247,1,person,1,3,0,0.0,"{""1"":3}"
DETR,363624,440861,1,person,1,3,0,0.0,"{""1"":3}"
DETR,363624,476766,1,person,1,3,0,0.0,"{""1"":3}"
DETR,363718,1223125,1,person,1,3,0,0.0,"{""1"":3}"
DETR,363718,1253497,1,person,1,3,0,0.0,"{""1"":3}"
DETR,363718,1332364,1,person,1,3,0,0.0,"{""1"":3}"
DETR,364455,451387,1,person,1,3,0,0.0,"{""1"":3}"
DETR,364455,481431,1,person,1,3,0,0.0,"{""1"":3}"
DETR,364455,1728907,1,person,1,3,0,0.0,"{""1"":3}"
DETR,364467,1577849,61,cake,1,3,0,0.0,"{""61"":3}"
DETR,364467,1578112,61,cake,1,3,0,0.0,"{""61"":3}"
DETR,364653,62512,20,sheep,1,3,0,0.0,"{""20"":3}"
DETR,364653,64745,20,sheep,1,3,0,0.0,"{""20"":3}"
DETR,364862,1245422,1,person,1,3,0,0.0,"{""1"":3}"
DETR,364862,1274012,1,person,1,2,0,0.0,"{""1"":2}"
DETR,364862,1698822,1,person,1,3,0,0.0,"{""1"":3}"
DETR,364862,1740387,1,person,1,3,0,0.0,"{""1"":3}"
DETR,364913,61365,20,sheep,1,3,0,0.0,"{""20"":3}"
DETR,364913,276268,20,sheep,1,3,0,0.0,"{""20"":3}"
DETR,364913,1818381,20,sheep,1,2,0,0.0,"{""20"":2}"
DETR,365205,46996,17,cat,1,3,0,0.0,"{""17"":3}"
DETR,365205,47886,17,cat,1,3,0,0.0,"{""17"":3}"
DETR,366329,1215419,1,person,1,3,0,0.0,"{""1"":3}"
DETR,366329,1220056,1,person,1,3,0,0.0,"{""1"":3}"
DETR,366329,1224488,1,person,1,3,0,0.0,"{""1"":3}"
DETR,367164,595218,25,giraffe,1,3,0,0.0,"{""25"":3}"
DETR,367164,597844,25,giraffe,1,3,0,0.0,"{""25"":3}"
DETR,367716,1973363,75,remote,1,3,0,0.0,"{""75"":3}"
DETR,367716,1973733,75,remote,1,3,0,0.0,"{""75"":3}"
DETR,367869,447817,1,person,1,3,0,0.0,"{""1"":3}"
DETR,367869,457803,1,person,1,3,0,0.0,"{""1"":3}"
DETR,367869,1753084,1,person,1,3,0,0.0,"{""1"":3}"
DETR,368589,418929,14,parking meter,1,3,0,0.0,"{""14"":3}"
DETR,368589,419282,14,parking meter,1,1,0,0.0,"{""14"":1}"
DETR,368833,508475,1,person,1,3,0,0.0,"{""1"":3}"
DETR,368833,535180,1,person,1,3,0,0.0,"{""1"":3}"
DETR,369016,580841,22,elephant,1,3,0,0.0,"{""22"":3}"
DETR,369016,583279,22,elephant,1,3,0,0.0,"{""22"":3}"
DETR,369801,280490,28,umbrella,1,3,0,0.0,"{""28"":3}"
DETR,369801,1204147,1,person,1,3,0,0.0,"{""1"":3}"
DETR,369801,2074485,28,umbrella,1,3,0,0.0,"{""28"":3}"
DETR,370152,470112,1,person,1,3,0,0.0,"{""1"":3}"
DETR,370152,470682,1,person,1,3,0,0.0,"{""1"":3}"
DETR,370461,1822192,24,zebra,1,3,0,0.0,"{""24"":3}"
DETR,370461,2175344,24,zebra,1,3,0,0.0,"{""24"":3}"
DETR,370524,497056,1,person,1,3,0,0.0,"{""1"":3}"
DETR,370524,562303,1,person,1,3,0,0.0,"{""1"":3}"
DETR,370537,1039232,51,bowl,1,3,0,0.0,"{""51"":3}"
DETR,370537,1536829,51,bowl,1,3,0,0.0,"{""51"":3}"
DETR,370741,39999,16,bird,1,3,0,0.0,"{""16"":3}"
DETR,370741,1815161,16,bird,1,3,0,0.0,"{""16"":3}"
DETR,370802,119853,67,dining table,1,3,0,0.0,"{""67"":3}"
DETR,370802,213447,1,person,1,1,0,0.0,"{""1"":1}"
DETR,370802,216349,1,person,1,3,0,0.0,"{""1"":3}"
DETR,370802,2167684,1,person,1,3,0,0.0,"{""1"":3}"
DETR,370802,2194588,67,dining table,1,2,0,0.0,"{""67"":2}"
DETR,372292,1371428,8,truck,1,3,0,0.0,"{""8"":3}"
DETR,372309,111243,63,couch,1,3,0,0.0,"{""63"":3}"
DETR,372309,113492,63,couch,1,3,0,0.0,"{""63"":3}"
DETR,372309,226784,1,person,1,3,0,0.0,"{""1"":3}"
DETR,372309,230467,1,person,1,3,0,0.0,"{""1"":3}"
DETR,372352,470307,1,person,1,3,0,0.0,"{""1"":3}"
DETR,372352,489571,1,person,1,3,0,0.0,"{""1"":3}"
DETR,372404,551004,1,person,1,3,0,0.0,"{""1"":3}"
DETR,372669,7250,18,dog,1,3,0,0.0,"{""18"":3}"
DETR,372669,15810,18,dog,1,3,0,0.0,"{""18"":3}"
DETR,372748,1957414,65,bed,1,3,0,0.0,"{""65"":3}"
DETR,372748,1957851,65,bed,1,2,0,0.0,"{""65"":2}"
DETR,372788,448303,1,person,1,3,0,0.0,"{""1"":3}"
DETR,372788,538277,1,person,1,3,0,0.0,"{""1"":3}"
DETR,373393,171230,7,train,1,4,0,0.0,"{""7"":4}"
DETR,373393,171936,7,train,1,2,0,0.0,"{""7"":2}"
DETR,373444,184980,1,person,1,3,0,0.0,"{""1"":3}"
DETR,373444,210391,1,person,1,3,0,0.0,"{""1"":3}"
DETR,373444,213511,1,person,1,3,0,0.0,"{""1"":3}"
DETR,373444,226991,1,person,1,3,0,0.0,"{""1"":3}"
DETR,373639,675850,47,cup,1,3,0,0.0,"{""47"":3}"
DETR,374374,458774,1,person,1,3,0,0.0,"{""1"":3}"
DETR,374374,464422,1,person,1,3,0,0.0,"{""1"":3}"
DETR,374553,461751,1,person,1,3,0,0.0,"{""1"":3}"
DETR,374553,463040,1,person,1,3,0,0.0,"{""1"":3}"
DETR,374553,500888,1,person,1,2,0,0.0,"{""1"":2}"
DETR,374553,2161289,1,person,1,2,0,0.0,"{""1"":2}"
DETR,375331,195148,1,person,1,3,0,0.0,"{""1"":3}"
DETR,375331,199993,1,person,1,3,0,0.0,"{""1"":3}"
DETR,375568,385868,62,chair,1,2,0,0.0,"{""62"":2}"
DETR,375568,1581555,62,chair,1,2,0,0.0,"{""62"":2}"
DETR,376750,149636,4,motorcycle,1,3,0,0.0,"{""4"":3}"
DETR,376750,151273,4,motorcycle,1,3,0,0.0,"{""4"":3}"
DETR,376750,153169,4,motorcycle,1,3,0,0.0,"{""4"":3}"
DETR,376750,153324,4,motorcycle,1,2,0,0.0,"{""4"":2}"
DETR,376802,172780,7,train,1,2,0,0.0,"{""7"":2}"
DETR,376802,174169,7,train,1,2,0,0.0,"{""7"":2}"
DETR,376819,385911,62,chair,1,3,0,0.0,"{""62"":3}"
DETR,376819,1938351,62,chair,1,3,0,0.0,"{""62"":3}"
DETR,376945,76073,21,cow,1,2,0,0.0,"{""21"":2}"
DETR,377513,195640,1,person,1,3,0,0.0,"{""1"":3}"
DETR,377513,220582,1,person,1,3,0,0.0,"{""1"":3}"
DETR,377594,1306676,1,person,1,2,0,0.0,"{""1"":2}"
DETR,377594,1311931,1,person,1,3,0,0.0,"{""1"":3}"
DETR,377594,1707742,1,person,1,3,0,0.0,"{""1"":3}"
DETR,378775,463698,1,person,1,3,0,0.0,"{""1"":3}"
DETR,378775,523805,1,person,1,3,0,0.0,"{""1"":3}"
DETR,378916,423871,1,person,1,3,0,0.0,"{""1"":3}"
DETR,378916,1706495,1,person,1,3,0,0.0,"{""1"":3}"
DETR,379093,473321,1,person,1,3,0,0.0,"{""1"":3}"
DETR,379093,503652,1,person,1,3,0,0.0,"{""1"":3}"
DETR,379349,314750,65,bed,1,3,0,0.0,"{""65"":3}"
DETR,379349,1611786,65,bed,1,3,0,0.0,"{""65"":3}"
DETR,379434,442962,1,person,1,3,0,0.0,"{""1"":3}"
DETR,379434,1200730,1,person,1,3,0,0.0,"{""1"":3}"
DETR,379820,197836,1,person,1,3,0,0.0,"{""1"":3}"
DETR,379820,227739,1,person,1,3,0,0.0,"{""1"":3}"
DETR,380122,206019,1,person,1,3,0,0.0,"{""1"":3}"
DETR,380122,1715921,1,person,1,3,0,0.0,"{""1"":3}"
DETR,380395,210485,1,person,1,3,0,0.0,"{""1"":3}"
DETR,380395,1723565,1,person,1,3,0,0.0,"{""1"":3}"
DETR,380429,547302,1,person,1,3,0,0.0,"{""1"":3}"
DETR,380429,1715808,1,person,1,3,0,0.0,"{""1"":3}"
DETR,381128,182254,9,boat,1,3,0,0.0,"{""9"":3}"
DETR,381128,249373,9,boat,1,1,0,0.0,"{""9"":1}"
DETR,381128,1801443,9,boat,1,3,0,0.0,"{""9"":3}"
DETR,381128,1802379,9,boat,1,2,0,0.0,"{""9"":2}"
DETR,381858,596039,25,giraffe,1,3,0,0.0,"{""25"":3}"
DETR,381858,597262,25,giraffe,1,3,0,0.0,"{""25"":3}"
DETR,382341,448246,1,person,1,3,0,0.0,"{""1"":3}"
DETR,382341,486509,1,person,1,3,0,0.0,"{""1"":3}"
DETR,382341,490453,1,person,1,3,0,0.0,"{""1"":3}"
DETR,382620,116918,63,couch,1,3,0,0.0,"{""63"":3}"
DETR,382620,1604488,63,couch,1,3,3,1.0,"{""62"":3}"
DETR,384029,1086559,61,cake,1,2,0,0.0,"{""61"":2}"
DETR,384029,2222000,61,cake,1,3,0,0.0,"{""61"":3}"
DETR,384691,59326,19,horse,1,3,0,0.0,"{""19"":3}"
DETR,384691,59547,19,horse,1,3,0,0.0,"{""19"":3}"
DETR,384745,223263,1,person,1,3,0,0.0,"{""1"":3}"
DETR,384745,1714226,1,person,1,3,0,0.0,"{""1"":3}"
DETR,385882,2153533,1,person,1,3,0,0.0,"{""1"":3}"
DETR,385882,2204691,1,person,1,2,0,0.0,"{""1"":2}"
DETR,386154,22755,64,potted plant,1,2,0,0.0,"{""64"":2}"
DETR,386154,1610050,64,potted plant,1,3,0,0.0,"{""64"":3}"
DETR,387202,1068397,58,hot dog,1,3,0,0.0,"{""58"":3}"
DETR,387202,1567916,58,hot dog,1,3,0,0.0,"{""58"":3}"
DETR,387338,422699,1,person,1,3,0,0.0,"{""1"":3}"
DETR,387338,1211679,1,person,1,3,0,0.0,"{""1"":3}"
DETR,387338,2159927,1,person,1,3,0,0.0,"{""1"":3}"
DETR,387365,489574,1,person,1,3,0,0.0,"{""1"":3}"
DETR,388031,1490853,44,bottle,1,2,0,0.0,"{""44"":2}"
DETR,388031,1491023,44,bottle,1,2,0,0.0,"{""44"":2}"
DETR,388031,1493095,44,bottle,1,1,0,0.0,"{""44"":1}"
DETR,388031,1494124,44,bottle,1,2,0,0.0,"{""44"":2}"
DETR,388031,1870014,44,bottle,1,2,0,0.0,"{""44"":2}"
DETR,388031,1871286,44,bottle,1,3,0,0.0,"{""44"":3}"
DETR,388057,1930995,62,chair,1,2,0,0.0,"{""62"":2}"
DETR,388057,1940551,62,chair,1,2,0,0.0,"{""62"":2}"
DETR,388148,1226579,1,person,1,3,0,0.0,"{""1"":3}"
DETR,388148,1294093,1,person,1,3,0,0.0,"{""1"":3}"
DETR,388403,471719,1,person,1,3,0,0.0,"{""1"":3}"
DETR,388403,490893,1,person,1,3,0,0.0,"{""1"":3}"
DETR,388403,507197,1,person,1,3,0,0.0,"{""1"":3}"
DETR,388807,1160050,88,teddy bear,1,3,0,0.0,"{""88"":3}"
DETR,388807,1161102,88,teddy bear,1,3,0,0.0,"{""88"":3}"
DETR,388807,1673838,88,teddy bear,1,3,0,0.0,"{""88"":3}"
DETR,389145,450907,1,person,1,3,0,0.0,"{""1"":3}"
DETR,389145,1676620,1,person,1,3,0,0.0,"{""1"":3}"
DETR,389145,1753852,1,person,1,1,0,0.0,"{""1"":1}"
DETR,389145,2162902,1,person,1,2,0,0.0,"{""1"":2}"
DETR,389157,549393,1,person,1,3,0,0.0,"{""1"":3}"
DETR,389425,23781,64,potted plant,1,3,0,0.0,"{""64"":3}"
DETR,389425,26619,64,potted plant,1,3,0,0.0,"{""64"":3}"
DETR,389425,26620,64,potted plant,1,3,0,0.0,"{""64"":3}"
DETR,389425,27555,64,potted plant,1,2,0,0.0,"{""64"":2}"
DETR,390286,1674012,88,teddy bear,1,1,0,0.0,"{""88"":1}"
DETR,390286,1675820,88,teddy bear,1,1,0,0.0,"{""88"":1}"
DETR,390365,334497,85,clock,1,3,0,0.0,"{""85"":3}"
DETR,390365,337957,85,clock,1,3,0,0.0,"{""85"":3}"
DETR,390365,2144937,85,clock,1,3,0,0.0,"{""85"":3}"
DETR,390414,188360,1,person,1,3,0,0.0,"{""1"":3}"
DETR,390567,394540,8,truck,1,3,0,0.0,"{""8"":3}"
DETR,390567,2171933,8,truck,1,3,0,0.0,"{""8"":3}"
DETR,391175,1627518,73,laptop,1,3,0,0.0,"{""73"":3}"
DETR,391175,1971260,73,laptop,1,3,0,0.0,"{""73"":3}"
DETR,391272,513734,1,person,1,3,0,0.0,"{""1"":3}"
DETR,391272,514615,1,person,1,3,0,0.0,"{""1"":3}"
DETR,391272,1745720,1,person,1,3,0,0.0,"{""1"":3}"
DETR,391272,2010352,1,person,1,3,0,0.0,"{""1"":3}"
DETR,391332,1626319,72,tv,1,3,0,0.0,"{""72"":3}"
DETR,391332,1663773,85,clock,1,3,0,0.0,"{""85"":3}"
DETR,391332,1664281,85,clock,1,3,0,0.0,"{""85"":3}"
DETR,391332,1968459,72,tv,1,3,0,0.0,"{""72"":3}"
DETR,391439,1225634,1,person,1,3,0,0.0,"{""1"":3}"
DETR,391439,1265114,1,person,1,3,0,0.0,"{""1"":3}"
DETR,391439,1271260,1,person,1,3,0,0.0,"{""1"":3}"
DETR,391733,332632,82,refrigerator,1,1,0,0.0,"{""82"":1}"
DETR,391733,1983249,82,refrigerator,1,3,0,0.0,"{""82"":3}"
DETR,392015,601111,25,giraffe,1,4,0,0.0,"{""25"":4}"
DETR,392015,601380,25,giraffe,1,3,0,0.0,"{""25"":3}"
DETR,392015,601586,25,giraffe,1,3,0,0.0,"{""25"":3}"
DETR,392145,290008,62,chair,1,3,0,0.0,"{""62"":3}"
DETR,392145,290366,62,chair,1,3,0,0.0,"{""62"":3}"
DETR,392145,290410,62,chair,1,3,0,0.0,"{""62"":3}"
DETR,392145,1935639,62,chair,1,3,0,0.0,"{""62"":3}"
DETR,392197,160390,5,airplane,1,3,0,0.0,"{""5"":3}"
DETR,392362,1084528,61,cake,1,3,0,0.0,"{""61"":3}"
DETR,392394,1412993,24,zebra,1,3,0,0.0,"{""24"":3}"
DETR,392394,1822898,24,zebra,1,3,0,0.0,"{""24"":3}"
DETR,392394,1822988,24,zebra,1,1,0,0.0,"{""24"":1}"
DETR,392394,1823041,24,zebra,1,1,0,0.0,"{""24"":1}"
DETR,392520,525281,1,person,1,2,0,0.0,"{""1"":2}"
DETR,392520,1730739,1,person,1,1,0,0.0,"{""1"":1}"
DETR,392747,1162994,88,teddy bear,1,3,0,0.0,"{""88"":3}"
DETR,392747,1163049,88,teddy bear,1,3,0,0.0,"{""88"":3}"
DETR,392747,1163224,88,teddy bear,1,3,0,0.0,"{""88"":3}"
DETR,392869,163403,6,bus,1,3,0,0.0,"{""6"":3}"
DETR,392869,166601,6,bus,1,3,0,0.0,"{""6"":3}"
DETR,393325,71545,21,cow,1,3,0,0.0,"{""21"":3}"
DETR,393325,369806,21,cow,1,3,0,0.0,"{""21"":3}"
DETR,393325,369894,21,cow,1,2,0,0.0,"{""21"":2}"
DETR,394975,32204,72,tv,1,3,0,0.0,"{""72"":3}"
DETR,394975,1624782,72,tv,1,3,0,0.0,"{""72"":3}"
DETR,394975,1969587,72,tv,1,2,0,0.0,"{""72"":2}"
DETR,394975,2194883,72,tv,1,3,0,0.0,"{""72"":3}"
DETR,395271,456773,1,person,1,3,0,0.0,"{""1"":3}"
DETR,395271,471478,1,person,1,3,0,0.0,"{""1"":3}"
DETR,395853,1226510,1,person,1,3,0,0.0,"{""1"":3}"
DETR,395853,1255298,1,person,1,3,0,0.0,"{""1"":3}"
DETR,395853,1269487,1,person,1,3,0,0.0,"{""1"":3}"
DETR,395853,1304061,1,person,1,3,0,0.0,"{""1"":3}"
DETR,395853,1307951,1,person,1,3,0,0.0,"{""1"":3}"
DETR,395853,1309194,1,person,1,3,0,0.0,"{""1"":3}"
DETR,396380,465225,1,person,1,3,0,0.0,"{""1"":3}"
DETR,396380,485581,1,person,1,3,0,0.0,"{""1"":3}"
DETR,396495,453006,1,person,1,3,0,0.0,"{""1"":3}"
DETR,396495,476913,1,person,1,3,0,0.0,"{""1"":3}"
DETR,396663,163989,6,bus,1,3,0,0.0,"{""6"":3}"
DETR,396663,168783,6,bus,1,3,0,0.0,"{""6"":3}"
DETR,396663,168994,6,bus,1,3,0,0.0,"{""6"":3}"
DETR,396784,1186391,33,suitcase,1,3,0,0.0,"{""33"":3}"
DETR,396784,1186564,33,suitcase,1,3,0,0.0,"{""33"":3}"
DETR,397390,513577,1,person,1,3,0,0.0,"{""1"":3}"
DETR,397390,517197,1,person,1,3,0,0.0,"{""1"":3}"
DETR,397423,113964,63,couch,1,3,0,0.0,"{""63"":3}"
DETR,397423,2224645,63,couch,1,3,0,0.0,"{""63"":3}"
DETR,397569,32598,72,tv,1,3,0,0.0,"{""72"":3}"
DETR,397569,35798,72,tv,1,3,0,0.0,"{""72"":3}"
DETR,397569,1969750,72,tv,1,3,0,0.0,"{""72"":3}"
DETR,398924,1553028,54,sandwich,1,3,0,0.0,"{""54"":3}"
DETR,398924,1908801,54,sandwich,1,3,0,0.0,"{""54"":3}"
DETR,399442,469634,1,person,1,3,0,0.0,"{""1"":3}"
DETR,399442,489715,1,person,1,3,0,0.0,"{""1"":3}"
DETR,400124,1050952,55,orange,1,3,0,0.0,"{""55"":3}"
DETR,400124,1911593,55,orange,1,2,0,0.0,"{""55"":2}"
DETR,400343,183459,1,person,1,3,0,0.0,"{""1"":3}"
DETR,400343,187380,1,person,1,3,0,0.0,"{""1"":3}"
DETR,400534,1942568,62,chair,1,1,0,0.0,"{""62"":1}"
DETR,400534,1944464,62,chair,1,1,0,0.0,"{""62"":1}"
DETR,401001,1728112,1,person,1,3,0,0.0,"{""1"":3}"
DETR,401269,1072446,59,pizza,1,3,0,0.0,"{""59"":3}"
DETR,401269,1076052,59,pizza,1,3,0,0.0,"{""59"":3}"
DETR,402298,418903,14,parking meter,1,3,0,0.0,"{""14"":3}"
DETR,402298,419214,14,parking meter,1,3,0,0.0,"{""14"":3}"
DETR,402563,422370,1,person,1,3,0,0.0,"{""1"":3}"
DETR,402563,1268625,1,person,1,3,0,0.0,"{""1"":3}"
DETR,402632,253866,1,person,1,2,0,0.0,"{""1"":2}"
DETR,402632,255652,1,person,1,3,0,0.0,"{""1"":3}"
DETR,403535,582269,22,elephant,1,2,0,0.0,"{""22"":2}"
DETR,403535,583362,22,elephant,1,3,0,0.0,"{""22"":3}"
DETR,403730,581118,22,elephant,1,3,0,0.0,"{""22"":3}"
DETR,403730,581190,22,elephant,1,3,0,0.0,"{""22"":3}"
DETR,403730,1410211,22,elephant,1,2,0,0.0,"{""22"":2}"
DETR,403888,429840,1,person,1,3,0,0.0,"{""1"":3}"
DETR,403888,467794,1,person,1,3,0,0.0,"{""1"":3}"
DETR,404473,458457,1,person,1,3,0,0.0,"{""1"":3}"
DETR,404852,456529,1,person,1,3,0,0.0,"{""1"":3}"
DETR,404852,478235,1,person,1,3,0,0.0,"{""1"":3}"
DETR,404852,519483,1,person,1,3,0,0.0,"{""1"":3}"
DETR,404852,548500,1,person,1,2,0,0.0,"{""1"":2}"
DETR,404852,2152446,1,person,1,2,0,0.0,"{""1"":2}"
DETR,405136,188388,1,person,1,3,0,0.0,"{""1"":3}"
DETR,405136,2152382,1,person,1,3,0,0.0,"{""1"":3}"
DETR,405246,499734,1,person,1,4,0,0.0,"{""1"":4}"
DETR,405246,538334,1,person,1,3,0,0.0,"{""1"":3}"
DETR,405582,2168126,2,bicycle,1,3,0,0.0,"{""2"":3}"
DETR,405582,2168596,2,bicycle,1,3,0,0.0,"{""2"":3}"
DETR,405663,56308,19,horse,1,3,0,0.0,"{""19"":3}"
DETR,405663,57239,19,horse,1,3,0,0.0,"{""19"":3}"
DETR,405709,313299,54,sandwich,1,3,0,0.0,"{""54"":3}"
DETR,405709,1924057,59,pizza,1,2,0,0.0,"{""59"":2}"
DETR,405709,1924225,59,pizza,1,3,0,0.0,"{""59"":3}"
DETR,405709,2218790,54,sandwich,1,3,0,0.0,"{""54"":3}"
DETR,406187,426445,1,person,1,3,0,0.0,"{""1"":3}"
DETR,406187,465919,1,person,1,3,0,0.0,"{""1"":3}"
DETR,406187,1210963,1,person,1,3,0,0.0,"{""1"":3}"
DETR,406295,78618,44,bottle,1,3,0,0.0,"{""44"":3}"
DETR,406295,1867158,44,bottle,1,2,0,0.0,"{""44"":2}"
DETR,407688,126005,2,bicycle,1,2,0,0.0,"{""2"":2}"
DETR,407688,128566,2,bicycle,1,2,0,0.0,"{""2"":2}"
DETR,408204,453673,1,person,1,3,0,0.0,"{""1"":3}"
DETR,408204,500859,1,person,1,3,0,0.0,"{""1"":3}"
DETR,408204,505436,1,person,1,3,0,0.0,"{""1"":3}"
DETR,408266,520906,1,person,1,3,0,0.0,"{""1"":3}"
DETR,408266,523456,1,person,1,2,0,0.0,"{""1"":2}"
DETR,408266,567504,1,person,1,3,0,0.0,"{""1"":3}"
DETR,408266,1621530,67,dining table,1,2,0,0.0,"{""67"":2}"
DETR,408266,1959062,67,dining table,1,3,0,0.0,"{""67"":3}"
DETR,408390,1058739,56,broccoli,1,2,0,0.0,"{""56"":2}"
DETR,408390,1061171,56,broccoli,1,3,0,0.0,"{""56"":3}"
DETR,408390,1061423,56,broccoli,1,2,0,0.0,"{""56"":2}"
DETR,409111,63912,20,sheep,1,3,0,0.0,"{""20"":3}"
DETR,409111,64827,20,sheep,1,3,0,0.0,"{""20"":3}"
DETR,409111,65300,20,sheep,1,3,0,0.0,"{""20"":3}"
DETR,409111,275656,20,sheep,1,2,0,0.0,"{""20"":2}"
DETR,409111,275828,20,sheep,1,1,0,0.0,"{""20"":1}"
DETR,409166,1084779,61,cake,1,3,0,0.0,"{""61"":3}"
DETR,409166,1085984,61,cake,1,3,0,0.0,"{""61"":3}"
DETR,409616,438240,1,person,1,3,0,0.0,"{""1"":3}"
DETR,409616,475018,1,person,1,3,0,0.0,"{""1"":3}"
DETR,409732,202489,1,person,1,3,0,0.0,"{""1"":3}"
DETR,409732,219649,1,person,1,3,0,0.0,"{""1"":3}"
DETR,409824,599682,25,giraffe,1,3,0,0.0,"{""25"":3}"
DETR,409824,601322,25,giraffe,1,3,0,0.0,"{""25"":3}"
DETR,409918,587118,23,bear,1,3,0,0.0,"{""23"":3}"
DETR,409918,587179,23,bear,1,3,0,0.0,"{""23"":3}"
DETR,410024,114716,63,couch,1,3,0,0.0,"{""63"":3}"
DETR,410024,115138,63,couch,1,3,0,0.0,"{""63"":3}"
DETR,410107,434545,1,person,1,3,0,0.0,"{""1"":3}"
DETR,410107,446571,1,person,1,3,0,0.0,"{""1"":3}"
DETR,410707,201628,1,person,1,3,0,0.0,"{""1"":3}"
DETR,410707,203830,1,person,1,3,0,0.0,"{""1"":3}"
DETR,410779,438588,1,person,1,3,0,0.0,"{""1"":3}"
DETR,410779,568429,1,person,1,3,0,0.0,"{""1"":3}"
DETR,410963,525760,1,person,1,3,0,0.0,"{""1"":3}"
DETR,410963,541972,1,person,1,3,0,0.0,"{""1"":3}"
DETR,410963,545135,1,person,1,3,0,0.0,"{""1"":3}"
DETR,410992,332289,82,refrigerator,1,3,0,0.0,"{""82"":3}"
DETR,410992,332327,82,refrigerator,1,3,0,0.0,"{""82"":3}"
DETR,410992,1983312,82,refrigerator,1,3,0,0.0,"{""82"":3}"
DETR,411104,419067,14,parking meter,1,1,0,0.0,"{""14"":1}"
DETR,411104,1389761,14,parking meter,1,3,0,0.0,"{""14"":3}"
DETR,411191,1559681,56,broccoli,1,3,0,0.0,"{""56"":3}"
DETR,411191,1559969,56,broccoli,1,3,0,0.0,"{""56"":3}"
DETR,411803,174528,7,train,1,3,0,0.0,"{""7"":3}"
DETR,411803,174682,7,train,1,3,0,0.0,"{""7"":3}"
DETR,411862,442015,1,person,1,2,0,0.0,"{""1"":2}"
DETR,411862,1713600,1,person,1,3,0,0.0,"{""1"":3}"
DETR,411862,1747853,1,person,1,3,0,0.0,"{""1"":3}"
DETR,412167,581061,22,elephant,1,3,0,0.0,"{""22"":3}"
DETR,412167,581570,22,elephant,1,3,0,0.0,"{""22"":3}"
DETR,412167,584442,22,elephant,1,3,0,0.0,"{""22"":3}"
DETR,412194,1050134,53,apple,1,3,0,0.0,"{""53"":3}"
DETR,412194,1549149,53,apple,1,3,0,0.0,"{""53"":3}"
DETR,412194,1911757,55,orange,1,2,0,0.0,"{""55"":2}"
DETR,412194,1913560,55,orange,1,3,0,0.0,"{""55"":3}"
DETR,412691,458742,1,person,1,3,0,0.0,"{""1"":3}"
DETR,412691,463602,1,person,1,2,0,0.0,"{""1"":2}"
DETR,413088,40200,16,bird,1,3,0,0.0,"{""16"":3}"
DETR,413088,41575,16,bird,1,3,0,0.0,"{""16"":3}"
DETR,413297,588472,24,zebra,1,3,0,0.0,"{""24"":3}"
DETR,413297,1822262,24,zebra,1,2,0,0.0,"{""24"":2}"
DETR,414002,464280,1,person,1,3,0,0.0,"{""1"":3}"
DETR,414002,562949,1,person,1,3,0,0.0,"{""1"":3}"
DETR,414002,1726002,1,person,1,3,0,0.0,"{""1"":3}"
DETR,414607,1140394,84,book,1,3,0,0.0,"{""84"":3}"
DETR,414607,1658106,84,book,1,3,0,0.0,"{""84"":3}"
DETR,414916,474193,1,person,1,3,0,0.0,"{""1"":3}"
DETR,414916,510372,1,person,1,3,0,0.0,"{""1"":3}"
DETR,414916,534546,1,person,1,3,0,0.0,"{""1"":3}"
DETR,414916,535146,1,person,1,4,0,0.0,"{""1"":4}"
DETR,414961,422873,1,person,1,3,0,0.0,"{""1"":3}"
DETR,414961,457496,1,person,1,3,0,0.0,"{""1"":3}"
DETR,415235,70310,21,cow,1,3,0,0.0,"{""21"":3}"
DETR,415235,72812,21,cow,1,3,0,0.0,"{""21"":3}"
DETR,415529,478436,1,person,1,3,0,0.0,"{""1"":3}"
DETR,415529,506785,1,person,1,3,0,0.0,"{""1"":3}"
DETR,415697,339191,85,clock,1,3,0,0.0,"{""85"":3}"
DETR,415697,339529,85,clock,1,3,0,0.0,"{""85"":3}"
DETR,416723,450686,1,person,1,3,0,0.0,"{""1"":3}"
DETR,416723,497628,1,person,1,3,0,0.0,"{""1"":3}"
DETR,416723,529021,1,person,1,3,0,0.0,"{""1"":3}"
DETR,416723,1711929,1,person,1,3,0,0.0,"{""1"":3}"
DETR,417070,448935,1,person,1,3,0,0.0,"{""1"":3}"
DETR,417070,1712248,1,person,1,3,0,0.0,"{""1"":3}"
DETR,417365,440615,1,person,1,3,0,0.0,"{""1"":3}"
DETR,417365,461881,1,person,1,3,0,0.0,"{""1"":3}"
DETR,417844,588628,24,zebra,1,3,0,0.0,"{""24"":3}"
DETR,417844,591306,24,zebra,1,3,0,0.0,"{""24"":3}"
DETR,418056,432651,1,person,1,3,0,0.0,"{""1"":3}"
DETR,418056,483945,1,person,1,3,0,0.0,"{""1"":3}"
DETR,418056,506371,1,person,1,3,0,0.0,"{""1"":3}"
DETR,418056,529354,1,person,1,3,0,0.0,"{""1"":3}"
DETR,418065,151032,4,motorcycle,1,3,0,0.0,"{""4"":3}"
DETR,418065,151267,4,motorcycle,1,2,0,0.0,"{""4"":2}"
DETR,418065,214085,1,person,1,3,0,0.0,"{""1"":3}"
DETR,418065,220987,1,person,1,3,0,0.0,"{""1"":3}"
DETR,419019,384174,62,chair,1,3,0,0.0,"{""62"":3}"
DETR,419019,384263,62,chair,1,3,0,0.0,"{""62"":3}"
DETR,419019,466877,1,person,1,3,0,0.0,"{""1"":3}"
DETR,419019,1211554,1,person,1,3,0,0.0,"{""1"":3}"
DETR,419171,1043026,52,banana,1,3,0,0.0,"{""52"":3}"
DETR,419171,1044154,52,banana,1,3,0,0.0,"{""52"":3}"
DETR,420028,531244,1,person,1,3,0,0.0,"{""1"":3}"
DETR,420028,561786,1,person,1,3,0,0.0,"{""1"":3}"
DETR,420028,1209089,1,person,1,3,0,0.0,"{""1"":3}"
DETR,420028,1740534,1,person,1,3,0,0.0,"{""1"":3}"
DETR,420028,2157909,1,person,1,3,0,0.0,"{""1"":3}"
DETR,420146,313082,54,sandwich,1,3,0,0.0,"{""54"":3}"
DETR,420864,105250,62,chair,1,3,0,0.0,"{""62"":3}"
DETR,420864,105361,62,chair,1,3,0,0.0,"{""62"":3}"
DETR,420864,107945,62,chair,1,1,0,0.0,"{""62"":1}"
DETR,420864,252049,1,person,1,2,0,0.0,"{""1"":2}"
DETR,420864,256858,1,person,1,3,0,0.0,"{""1"":3}"
DETR,421086,488434,1,person,1,3,0,0.0,"{""1"":3}"
DETR,421086,1070924,59,pizza,1,3,0,0.0,"{""59"":3}"
DETR,421086,1077251,59,pizza,1,3,0,0.0,"{""59"":3}"
DETR,421086,1706357,1,person,1,3,0,0.0,"{""1"":3}"
DETR,422583,455340,1,person,1,3,0,0.0,"{""1"":3}"
DETR,422583,557463,1,person,1,3,0,0.0,"{""1"":3}"
DETR,422705,1043427,52,banana,1,2,0,0.0,"{""52"":2}"
DETR,422705,1043971,52,banana,1,3,0,0.0,"{""52"":3}"
DETR,422705,1046087,52,banana,1,3,0,0.0,"{""52"":3}"
DETR,422705,1046238,52,banana,1,3,0,0.0,"{""52"":3}"
DETR,422782,188134,1,person,1,3,0,0.0,"{""1"":3}"
DETR,422782,189176,1,person,1,2,0,0.0,"{""1"":2}"
DETR,422969,102897,62,chair,1,3,0,0.0,"{""62"":3}"
DETR,422969,107348,62,chair,1,3,0,0.0,"{""62"":3}"
DETR,423341,135320,3,car,1,3,0,0.0,"{""3"":3}"
DETR,423341,164550,6,bus,1,3,0,0.0,"{""6"":3}"
DETR,423341,165994,6,bus,1,3,0,0.0,"{""6"":3}"
DETR,423412,1079686,60,donut,1,3,0,0.0,"{""60"":3}"
DETR,423412,1080472,60,donut,1,3,0,0.0,"{""60"":3}"
DETR,423412,1081885,60,donut,1,3,0,0.0,"{""60"":3}"
DETR,423481,656287,43,tennis racket,1,2,0,0.0,"{""43"":2}"
DETR,423481,660173,43,tennis racket,1,3,0,0.0,"{""43"":3}"
DETR,423806,1211893,1,person,1,3,0,0.0,"{""1"":3}"
DETR,423806,1232692,1,person,1,3,0,0.0,"{""1"":3}"
DETR,424068,97789,63,couch,1,3,0,0.0,"{""63"":3}"
DETR,424068,98252,63,couch,1,2,0,0.0,"{""63"":2}"
DETR,424485,2227458,72,tv,1,3,0,0.0,"{""72"":3}"
DETR,425052,595182,25,giraffe,1,3,0,0.0,"{""25"":3}"
DETR,425052,1413724,25,giraffe,1,3,0,0.0,"{""25"":3}"
DETR,425325,527829,1,person,1,3,0,0.0,"{""1"":3}"
DETR,425325,542210,1,person,1,3,0,0.0,"{""1"":3}"
DETR,425325,2154546,1,person,1,3,0,0.0,"{""1"":3}"
DETR,426383,163157,6,bus,1,3,0,0.0,"{""6"":3}"
DETR,426383,167237,6,bus,1,3,0,0.0,"{""6"":3}"
DETR,426510,175108,7,train,1,3,0,0.0,"{""7"":3}"
DETR,426510,1795692,7,train,1,3,0,0.0,"{""7"":3}"
DETR,426525,278001,21,cow,1,1,0,0.0,"{""21"":1}"
DETR,426525,278470,21,cow,1,3,0,0.0,"{""21"":3}"
DETR,426525,369730,21,cow,1,2,0,0.0,"{""21"":2}"
DETR,426979,149890,4,motorcycle,1,3,0,0.0,"{""4"":3}"
DETR,426979,150049,4,motorcycle,1,3,0,0.0,"{""4"":3}"
DETR,426979,151271,4,motorcycle,1,3,0,0.0,"{""4"":3}"
DETR,427051,365676,6,bus,1,3,0,0.0,"{""6"":3}"
DETR,427051,1366089,6,bus,1,2,0,0.0,"{""6"":2}"
DETR,427238,434077,1,person,1,3,0,0.0,"{""1"":3}"
DETR,427238,492668,1,person,1,3,0,0.0,"{""1"":3}"
DETR,427238,507531,1,person,1,3,0,0.0,"{""1"":3}"
DETR,427238,556910,1,person,1,3,0,0.0,"{""1"":3}"
DETR,427555,484670,1,person,1,3,0,0.0,"{""1"":3}"
DETR,427555,531968,1,person,1,3,0,0.0,"{""1"":3}"
DETR,427555,1620195,67,dining table,1,2,0,0.0,"{""67"":2}"
DETR,427756,484664,1,person,1,3,0,0.0,"{""1"":3}"
DETR,427756,490450,1,person,1,3,0,0.0,"{""1"":3}"
DETR,427779,466589,1,person,1,3,0,0.0,"{""1"":3}"
DETR,427779,537261,1,person,1,3,0,0.0,"{""1"":3}"
DETR,427852,520874,1,person,1,2,0,0.0,"{""1"":2}"
DETR,427852,1718343,1,person,1,3,0,0.0,"{""1"":3}"
DETR,427868,40253,16,bird,1,3,0,0.0,"{""16"":3}"
DETR,427868,42719,16,bird,1,2,0,0.0,"{""16"":2}"
DETR,428208,1537115,51,bowl,1,1,0,0.0,"{""51"":1}"
DETR,428208,1539987,51,bowl,1,2,0,0.0,"{""51"":2}"
DETR,428208,1541010,51,bowl,1,3,0,0.0,"{""51"":3}"
DETR,428208,1541210,51,bowl,1,2,0,0.0,"{""51"":2}"
DETR,428208,1898919,51,bowl,1,2,0,0.0,"{""51"":2}"
DETR,428208,1902625,51,bowl,1,3,0,0.0,"{""51"":3}"
DETR,428208,1902753,51,bowl,1,3,0,0.0,"{""51"":3}"
DETR,428208,2217454,51,bowl,1,3,0,0.0,"{""51"":3}"
DETR,428787,1673438,88,teddy bear,1,3,0,0.0,"{""88"":3}"
DETR,428787,1673860,88,teddy bear,1,3,0,0.0,"{""88"":3}"
DETR,429437,481631,1,person,1,3,0,0.0,"{""1"":3}"
DETR,429437,715286,51,bowl,1,3,0,0.0,"{""51"":3}"
DETR,429437,1901304,51,bowl,1,4,0,0.0,"{""51"":4}"
DETR,429437,2206947,1,person,1,3,0,0.0,"{""1"":3}"
DETR,429745,205146,1,person,1,3,0,0.0,"{""1"":3}"
DETR,429745,255915,1,person,1,3,0,0.0,"{""1"":3}"
DETR,429887,340606,85,clock,1,3,0,0.0,"{""85"":3}"
DETR,429887,1990990,85,clock,1,3,0,0.0,"{""85"":3}"
DETR,430759,1081573,60,donut,1,3,0,0.0,"{""60"":3}"
DETR,430759,1926526,60,donut,1,3,0,0.0,"{""60"":3}"
DETR,430925,57183,19,horse,1,3,0,0.0,"{""19"":3}"
DETR,430925,1404410,19,horse,1,2,0,0.0,"{""19"":2}"
DETR,431178,433734,1,person,1,3,0,0.0,"{""1"":3}"
DETR,431178,455025,1,person,1,3,0,0.0,"{""1"":3}"
DETR,431211,587102,23,bear,1,3,0,0.0,"{""23"":3}"
DETR,431211,587824,23,bear,1,2,0,0.0,"{""23"":2}"
DETR,431376,166746,6,bus,1,3,0,0.0,"{""6"":3}"
DETR,431376,167285,6,bus,1,3,0,0.0,"{""6"":3}"
DETR,431704,438352,1,person,1,3,0,0.0,"{""1"":3}"
DETR,431704,509043,1,person,1,3,0,0.0,"{""1"":3}"
DETR,431704,511888,1,person,1,3,0,0.0,"{""1"":3}"
DETR,432615,601318,25,giraffe,1,3,0,0.0,"{""25"":3}"
DETR,432615,601566,25,giraffe,1,3,0,0.0,"{""25"":3}"
DETR,432754,492632,1,person,1,3,0,0.0,"{""1"":3}"
DETR,432754,2150972,1,person,1,3,0,0.0,"{""1"":3}"
DETR,433405,1497057,46,wine glass,1,3,0,0.0,"{""46"":3}"
DETR,433405,1498128,46,wine glass,1,2,0,0.0,"{""46"":2}"
DETR,433405,1500360,46,wine glass,1,1,0,0.0,"{""46"":1}"
DETR,434951,74670,21,cow,1,3,0,0.0,"{""21"":3}"
DETR,434951,75151,21,cow,1,3,0,0.0,"{""21"":3}"
DETR,435453,452058,1,person,1,3,0,0.0,"{""1"":3}"
DETR,435453,478153,1,person,1,3,0,0.0,"{""1"":3}"
DETR,435869,497937,1,person,1,3,0,0.0,"{""1"":3}"
DETR,435869,536694,1,person,1,3,0,0.0,"{""1"":3}"
DETR,435869,1714193,1,person,1,3,0,0.0,"{""1"":3}"
DETR,436362,179242,9,boat,1,3,0,0.0,"{""9"":3}"
DETR,436362,179543,9,boat,1,3,0,0.0,"{""9"":3}"
DETR,436515,1739148,1,person,1,3,0,0.0,"{""1"":3}"
DETR,436515,1746819,1,person,1,3,0,0.0,"{""1"":3}"
DETR,438099,573943,15,bench,1,2,0,0.0,"{""15"":2}"
DETR,438099,577501,15,bench,1,2,0,0.0,"{""15"":2}"
DETR,439060,148880,4,motorcycle,1,2,0,0.0,"{""4"":2}"
DETR,439060,154845,4,motorcycle,1,2,0,0.0,"{""4"":2}"
DETR,439060,155627,4,motorcycle,1,3,0,0.0,"{""4"":3}"
DETR,439509,366006,6,bus,1,3,0,0.0,"{""6"":3}"
DETR,439509,366106,6,bus,1,3,0,0.0,"{""6"":3}"
DETR,439509,366269,6,bus,1,3,0,0.0,"{""6"":3}"
DETR,439692,595738,25,giraffe,1,3,0,0.0,"{""25"":3}"
DETR,439692,600789,25,giraffe,1,3,0,0.0,"{""25"":3}"
DETR,439906,121215,67,dining table,1,2,0,0.0,"{""67"":2}"
DETR,439906,1614971,67,dining table,1,3,0,0.0,"{""67"":3}"
DETR,440313,458454,1,person,1,3,0,0.0,"{""1"":3}"
DETR,440313,2204628,1,person,1,3,0,0.0,"{""1"":3}"
DETR,441212,416443,11,fire hydrant,1,3,0,0.0,"{""11"":3}"
DETR,441212,418083,11,fire hydrant,1,3,0,0.0,"{""11"":3}"
DETR,441640,582597,22,elephant,1,3,0,0.0,"{""22"":3}"
DETR,441640,1821236,22,elephant,1,2,0,0.0,"{""22"":2}"
DETR,441640,2191357,1,person,1,3,0,0.0,"{""1"":3}"
DETR,441972,56491,19,horse,1,3,0,0.0,"{""19"":3}"
DETR,441972,274598,19,horse,1,3,0,0.0,"{""19"":3}"
DETR,442680,591871,24,zebra,1,3,0,0.0,"{""24"":3}"
DETR,442680,593104,24,zebra,1,3,0,0.0,"{""24"":3}"
DETR,443093,1081513,60,donut,1,2,0,0.0,"{""60"":2}"
DETR,443093,1081857,60,donut,1,3,0,0.0,"{""60"":3}"
DETR,443093,1082257,60,donut,1,1,0,0.0,"{""60"":1}"
DETR,443093,1082893,60,donut,1,3,0,0.0,"{""60"":3}"
DETR,443093,1083150,60,donut,1,2,0,0.0,"{""60"":2}"
DETR,443093,1572366,60,donut,1,3,0,0.0,"{""60"":3}"
DETR,443093,1572739,60,donut,1,3,0,0.0,"{""60"":3}"
DETR,443527,148659,4,motorcycle,1,3,0,0.0,"{""4"":3}"
DETR,443527,151262,4,motorcycle,1,3,0,0.0,"{""4"":3}"
DETR,443916,1674436,88,teddy bear,1,3,3,1.0,"{""23"":3}"
DETR,443916,1674457,88,teddy bear,1,3,0,0.0,"{""88"":3}"
DETR,443916,2210352,23,bear,1,3,0,0.0,"{""23"":3}"
DETR,443916,2210474,23,bear,1,3,0,0.0,"{""23"":3}"
DETR,444166,71758,21,cow,1,3,0,0.0,"{""21"":3}"
DETR,444166,73298,21,cow,1,3,0,0.0,"{""21"":3}"
DETR,444166,73888,21,cow,1,3,0,0.0,"{""21"":3}"
DETR,444214,1226371,1,person,1,3,0,0.0,"{""1"":3}"
DETR,444214,1254299,1,person,1,3,0,0.0,"{""1"":3}"
DETR,444214,1275873,1,person,1,3,0,0.0,"{""1"":3}"
DETR,444214,1285030,1,person,1,3,0,0.0,"{""1"":3}"
DETR,444214,1301596,1,person,1,3,0,0.0,"{""1"":3}"
DETR,444214,1304826,1,person,1,3,0,0.0,"{""1"":3}"
DETR,444285,218528,1,person,1,3,0,0.0,"{""1"":3}"
DETR,444285,224505,1,person,1,3,0,0.0,"{""1"":3}"
DETR,444445,437977,1,person,1,3,0,0.0,"{""1"":3}"
DETR,444445,473601,1,person,1,3,0,0.0,"{""1"":3}"
DETR,444598,1574383,60,donut,1,2,0,0.0,"{""60"":2}"
DETR,444598,1574709,60,donut,1,2,0,0.0,"{""60"":2}"
DETR,444598,1575187,60,donut,1,3,0,0.0,"{""60"":3}"
DETR,444598,1575736,60,donut,1,1,0,0.0,"{""60"":1}"
DETR,444598,1575752,60,donut,1,1,0,0.0,"{""60"":1}"
DETR,444598,1575853,60,donut,1,2,0,0.0,"{""60"":2}"
DETR,444598,1575903,60,donut,1,3,0,0.0,"{""60"":3}"
DETR,444598,1575952,60,donut,1,2,0,0.0,"{""60"":2}"
DETR,444598,1575978,60,donut,1,2,0,0.0,"{""60"":2}"
DETR,444598,1924877,60,donut,1,3,0,0.0,"{""60"":3}"
DETR,445405,441142,1,person,1,3,0,0.0,"{""1"":3}"
DETR,445405,484755,1,person,1,3,0,0.0,"{""1"":3}"
DETR,446539,472813,1,person,1,3,0,0.0,"{""1"":3}"
DETR,446539,1759072,1,person,1,3,0,0.0,"{""1"":3}"
DETR,446677,204503,1,person,1,1,0,0.0,"{""1"":1}"
DETR,446677,1722461,1,person,1,3,0,0.0,"{""1"":3}"
DETR,446726,487343,1,person,1,3,0,0.0,"{""1"":3}"
DETR,446726,491896,1,person,1,2,0,0.0,"{""1"":2}"
DETR,447681,2229087,1,person,1,3,0,0.0,"{""1"":3}"
DETR,447681,2229179,1,person,1,3,0,0.0,"{""1"":3}"
DETR,448274,452480,1,person,1,3,0,0.0,"{""1"":3}"
DETR,448274,2150335,1,person,1,3,0,0.0,"{""1"":3}"
DETR,448274,2204931,1,person,1,3,0,0.0,"{""1"":3}"
DETR,449414,457259,1,person,1,3,0,0.0,"{""1"":3}"
DETR,450878,444397,1,person,1,3,0,0.0,"{""1"":3}"
DETR,450878,554043,1,person,1,3,0,0.0,"{""1"":3}"
DETR,450878,1243789,1,person,1,3,0,0.0,"{""1"":3}"
DETR,451336,1733141,1,person,1,2,0,0.0,"{""1"":2}"
DETR,451336,1754301,1,person,1,3,0,0.0,"{""1"":3}"
DETR,451818,1938137,62,chair,1,3,3,1.0,"{""63"":3}"
DETR,451818,1944036,62,chair,1,3,3,1.0,"{""63"":3}"
DETR,451818,1949138,63,couch,1,3,0,0.0,"{""63"":3}"
DETR,451818,1949296,63,couch,1,3,0,0.0,"{""63"":3}"
DETR,452380,667781,46,wine glass,1,3,0,0.0,"{""46"":3}"
DETR,452380,1497786,46,wine glass,1,1,0,0.0,"{""46"":1}"
DETR,453137,464785,1,person,1,3,0,0.0,"{""1"":3}"
DETR,453137,479013,1,person,1,3,0,0.0,"{""1"":3}"
DETR,453549,1232008,1,person,1,3,0,0.0,"{""1"":3}"
DETR,453549,1275333,1,person,1,3,0,0.0,"{""1"":3}"
DETR,453549,1314769,1,person,1,3,0,0.0,"{""1"":3}"
DETR,453563,1562047,56,broccoli,1,3,0,0.0,"{""56"":3}"
DETR,453563,2187947,56,broccoli,1,2,0,0.0,"{""56"":2}"
DETR,453930,1210714,1,person,1,3,0,0.0,"{""1"":3}"
DETR,453930,1223382,1,person,1,3,0,0.0,"{""1"":3}"
DETR,453930,1255057,1,person,1,3,0,0.0,"{""1"":3}"
DETR,454174,396217,8,truck,1,3,0,0.0,"{""8"":3}"
DETR,454174,397751,8,truck,1,3,0,0.0,"{""8"":3}"
DETR,454258,1050921,55,orange,1,2,0,0.0,"{""55"":2}"
DETR,454258,1051499,55,orange,1,2,0,0.0,"{""55"":2}"
DETR,454541,1225888,1,person,1,3,0,0.0,"{""1"":3}"
DETR,454541,1260113,1,person,1,3,0,0.0,"{""1"":3}"
DETR,454541,1286863,1,person,1,3,0,0.0,"{""1"":3}"
DETR,454541,1298043,1,person,1,2,0,0.0,"{""1"":2}"
DETR,455313,448413,1,person,1,3,0,0.0,"{""1"":3}"
DETR,455313,502191,1,person,1,3,0,0.0,"{""1"":3}"
DETR,455369,458262,1,person,1,3,0,0.0,"{""1"":3}"
DETR,455369,1713640,1,person,1,3,0,0.0,"{""1"":3}"
DETR,455369,2155784,1,person,1,3,0,0.0,"{""1"":3}"
DETR,455406,112441,63,couch,1,2,0,0.0,"{""63"":2}"
DETR,455406,113694,63,couch,1,3,0,0.0,"{""63"":3}"
DETR,455406,212824,1,person,1,3,0,0.0,"{""1"":3}"
DETR,455406,217453,1,person,1,3,0,0.0,"{""1"":3}"
DETR,455406,218399,1,person,1,2,0,0.0,"{""1"":2}"
DETR,455406,219019,1,person,1,3,0,0.0,"{""1"":3}"
DETR,455543,423807,1,person,1,3,0,0.0,"{""1"":3}"
DETR,455543,469534,1,person,1,3,0,0.0,"{""1"":3}"
DETR,456286,103179,62,chair,1,2,0,0.0,"{""62"":2}"
DETR,456286,109738,62,chair,1,3,0,0.0,"{""62"":3}"
DETR,456389,494854,1,person,1,3,0,0.0,"{""1"":3}"
DETR,456389,529999,1,person,1,3,0,0.0,"{""1"":3}"
DETR,456554,479375,1,person,1,3,0,0.0,"{""1"":3}"
DETR,457085,49882,17,cat,1,2,0,0.0,"{""17"":2}"
DETR,457660,1099115,73,laptop,1,3,0,0.0,"{""73"":3}"
DETR,457660,1104043,73,laptop,1,3,0,0.0,"{""73"":3}"
DETR,458143,436783,1,person,1,3,0,0.0,"{""1"":3}"
DETR,458143,1278747,1,person,1,3,0,0.0,"{""1"":3}"
DETR,459346,463669,1,person,1,3,0,0.0,"{""1"":3}"
DETR,459346,538153,1,person,1,3,0,0.0,"{""1"":3}"
DETR,459747,37173,16,bird,1,3,0,0.0,"{""16"":3}"
DETR,459747,39140,16,bird,1,3,0,0.0,"{""16"":3}"
DETR,460362,437790,1,person,1,2,0,0.0,"{""1"":2}"
DETR,460362,503265,1,person,1,3,0,0.0,"{""1"":3}"
DETR,461530,1200551,1,person,1,3,0,0.0,"{""1"":3}"
DETR,461530,1684475,1,person,1,1,0,0.0,"{""1"":1}"
DETR,462067,431403,1,person,1,3,0,0.0,"{""1"":3}"
DETR,462067,1205518,1,person,1,3,0,0.0,"{""1"":3}"
DETR,462383,352985,3,car,1,3,0,0.0,"{""3"":3}"
DETR,462383,353645,3,car,1,3,0,0.0,"{""3"":3}"
DETR,462398,149356,4,motorcycle,1,3,0,0.0,"{""4"":3}"
DETR,462398,152036,4,motorcycle,1,3,0,0.0,"{""4"":3}"
DETR,462445,458135,1,person,1,3,0,0.0,"{""1"":3}"
DETR,462445,477451,1,person,1,3,0,0.0,"{""1"":3}"
DETR,462445,1161168,88,teddy bear,1,3,0,0.0,"{""88"":3}"
DETR,462445,1161263,88,teddy bear,1,3,0,0.0,"{""88"":3}"
DETR,462899,461023,1,person,1,3,0,0.0,"{""1"":3}"
DETR,463474,465941,1,person,1,3,0,0.0,"{""1"":3}"
DETR,463474,519648,1,person,1,3,0,0.0,"{""1"":3}"
DETR,463814,1410090,22,elephant,1,3,0,0.0,"{""22"":3}"
DETR,463814,1410110,22,elephant,1,3,0,0.0,"{""22"":3}"
DETR,463814,1410334,22,elephant,1,2,0,0.0,"{""22"":2}"
DETR,464174,463028,1,person,1,3,0,0.0,"{""1"":3}"
DETR,464174,479107,1,person,1,3,0,0.0,"{""1"":3}"
DETR,464174,2206656,1,person,1,2,0,0.0,"{""1"":2}"
DETR,464917,1310417,1,person,1,3,0,0.0,"{""1"":3}"
DETR,464917,1318246,1,person,1,3,0,0.0,"{""1"":3}"
DETR,464917,1330861,1,person,1,3,0,0.0,"{""1"":3}"
DETR,464917,1331801,1,person,1,3,0,0.0,"{""1"":3}"
DETR,464917,1332346,1,person,1,3,0,0.0,"{""1"":3}"
DETR,464917,2013887,1,person,1,3,0,0.0,"{""1"":3}"
DETR,465101,186998,1,person,1,3,0,0.0,"{""1"":3}"
DETR,465101,187129,1,person,1,3,0,0.0,"{""1"":3}"
DETR,465200,1568661,58,hot dog,1,3,0,0.0,"{""58"":3}"
DETR,465200,1568824,58,hot dog,1,3,0,0.0,"{""58"":3}"
DETR,465829,469311,1,person,1,3,0,0.0,"{""1"":3}"
DETR,465829,505585,1,person,1,3,0,0.0,"{""1"":3}"
DETR,465829,673819,47,cup,1,3,0,0.0,"{""47"":3}"
DETR,466024,587795,23,bear,1,3,0,0.0,"{""23"":3}"
DETR,466024,587961,23,bear,1,3,0,0.0,"{""23"":3}"
DETR,466223,183184,1,person,1,3,0,0.0,"{""1"":3}"
DETR,466223,256684,1,person,1,3,0,0.0,"{""1"":3}"
DETR,467273,503183,1,person,1,3,0,0.0,"{""1"":3}"
DETR,467273,520855,1,person,1,3,0,0.0,"{""1"":3}"
DETR,467774,56885,19,horse,1,3,0,0.0,"{""19"":3}"
DETR,467774,57431,19,horse,1,3,0,0.0,"{""19"":3}"
DETR,467774,274359,19,horse,1,3,0,0.0,"{""19"":3}"
DETR,468401,490364,1,person,1,3,0,0.0,"{""1"":3}"
DETR,468401,2015273,1,person,1,3,0,0.0,"{""1"":3}"
DETR,468401,2025580,1,person,1,2,0,0.0,"{""1"":2}"
DETR,468465,193564,1,person,1,3,0,0.0,"{""1"":3}"
DETR,468465,202755,1,person,1,3,0,0.0,"{""1"":3}"
DETR,468465,2206404,1,person,1,3,0,0.0,"{""1"":3}"
DETR,468760,56079,19,horse,1,3,0,0.0,"{""19"":3}"
DETR,468760,59789,19,horse,1,2,0,0.0,"{""19"":2}"
DETR,469024,489742,1,person,1,3,0,0.0,"{""1"":3}"
DETR,469024,497575,1,person,1,3,0,0.0,"{""1"":3}"
DETR,469559,508246,1,person,1,3,0,0.0,"{""1"":3}"
DETR,469559,529782,1,person,1,3,0,0.0,"{""1"":3}"
DETR,470174,99023,63,couch,1,3,0,0.0,"{""63"":3}"
DETR,470174,100002,63,couch,1,3,0,0.0,"{""63"":3}"
DETR,471315,582489,22,elephant,1,3,0,0.0,"{""22"":3}"
DETR,471315,583547,22,elephant,1,1,0,0.0,"{""22"":1}"
DETR,471315,1821278,22,elephant,1,2,0,0.0,"{""22"":2}"
DETR,471332,1805380,10,traffic light,1,3,0,0.0,"{""10"":3}"
DETR,471665,596275,25,giraffe,1,3,0,0.0,"{""25"":3}"
DETR,471665,1413711,25,giraffe,1,3,0,0.0,"{""25"":3}"
DETR,471905,1062581,57,carrot,1,3,0,0.0,"{""57"":3}"
DETR,471905,1065548,57,carrot,1,2,0,0.0,"{""57"":2}"
DETR,471905,1065975,57,carrot,1,3,0,0.0,"{""57"":3}"
DETR,471962,595288,25,giraffe,1,3,0,0.0,"{""25"":3}"
DETR,471962,600186,25,giraffe,1,3,0,0.0,"{""25"":3}"
DETR,472393,521058,1,person,1,3,0,0.0,"{""1"":3}"
DETR,472393,530701,1,person,1,3,0,0.0,"{""1"":3}"
DETR,472393,543135,1,person,1,3,0,0.0,"{""1"":3}"
DETR,472602,1226671,1,person,1,3,0,0.0,"{""1"":3}"
DETR,472602,1228756,1,person,1,2,0,0.0,"{""1"":2}"
DETR,472602,1314654,1,person,1,3,0,0.0,"{""1"":3}"
DETR,472749,538325,1,person,1,3,0,0.0,"{""1"":3}"
DETR,472749,1711006,1,person,1,3,0,0.0,"{""1"":3}"
DETR,473352,1793269,5,airplane,1,3,0,0.0,"{""5"":3}"
DETR,473352,1793498,5,airplane,1,3,0,0.0,"{""5"":3}"
DETR,473588,180933,9,boat,1,3,0,0.0,"{""9"":3}"
DETR,473588,249313,9,boat,1,2,0,0.0,"{""9"":2}"
DETR,473588,249593,9,boat,1,3,0,0.0,"{""9"":3}"
DETR,473588,1375356,9,boat,1,1,0,0.0,"{""9"":1}"
DETR,475142,1573392,60,donut,1,3,0,0.0,"{""60"":3}"
DETR,475142,1574409,60,donut,1,1,0,0.0,"{""60"":1}"
DETR,475142,1575026,60,donut,1,1,0,0.0,"{""60"":1}"
DETR,475142,1575428,60,donut,1,1,0,0.0,"{""60"":1}"
DETR,475236,1081609,60,donut,1,3,0,0.0,"{""60"":3}"
DETR,475236,1082730,60,donut,1,3,0,0.0,"{""60"":3}"
DETR,475754,215493,1,person,1,3,0,0.0,"{""1"":3}"
DETR,475754,221161,1,person,1,3,0,0.0,"{""1"":3}"
DETR,475999,544024,1,person,1,3,0,0.0,"{""1"":3}"
DETR,475999,547607,1,person,1,3,0,0.0,"{""1"":3}"
DETR,476060,365719,6,bus,1,3,0,0.0,"{""6"":3}"
DETR,476060,366143,6,bus,1,3,0,0.0,"{""6"":3}"
DETR,476347,37834,16,bird,1,3,0,0.0,"{""16"":3}"
DETR,476347,38371,16,bird,1,3,0,0.0,"{""16"":3}"
DETR,476347,39457,16,bird,1,3,0,0.0,"{""16"":3}"
DETR,480014,150446,4,motorcycle,1,3,0,0.0,"{""4"":3}"
DETR,480014,150679,4,motorcycle,1,2,0,0.0,"{""4"":2}"
DETR,480196,211034,1,person,1,3,0,0.0,"{""1"":3}"
DETR,480196,223014,1,person,1,3,0,0.0,"{""1"":3}"
DETR,480196,224399,1,person,1,3,0,0.0,"{""1"":3}"
DETR,480196,234569,1,person,1,3,0,0.0,"{""1"":3}"
DETR,480729,1080552,60,donut,1,2,0,0.0,"{""60"":2}"
DETR,480729,1081073,60,donut,1,3,0,0.0,"{""60"":3}"
DETR,480729,1082247,60,donut,1,1,0,0.0,"{""60"":1}"
DETR,480729,1925045,60,donut,1,3,0,0.0,"{""60"":3}"
DETR,481218,62657,20,sheep,1,3,0,0.0,"{""20"":3}"
DETR,481218,64221,20,sheep,1,3,0,0.0,"{""20"":3}"
DETR,481428,74624,21,cow,1,3,0,0.0,"{""21"":3}"
DETR,481428,74856,21,cow,1,3,0,0.0,"{""21"":3}"
DETR,481428,75202,21,cow,1,3,0,0.0,"{""21"":3}"
DETR,481530,370789,44,bottle,1,3,0,0.0,"{""44"":3}"
DETR,481530,370881,44,bottle,1,3,0,0.0,"{""44"":3}"
DETR,481667,425837,1,person,1,3,0,0.0,"{""1"":3}"
DETR,481667,514468,1,person,1,3,0,0.0,"{""1"":3}"
DETR,481667,547250,1,person,1,3,0,0.0,"{""1"":3}"
DETR,481667,1740126,1,person,1,3,0,0.0,"{""1"":3}"
DETR,481667,2153347,1,person,1,3,0,0.0,"{""1"":3}"
DETR,481736,183105,1,person,1,3,0,0.0,"{""1"":3}"
DETR,481736,187210,1,person,1,3,0,0.0,"{""1"":3}"
DETR,481736,1742646,1,person,1,3,0,0.0,"{""1"":3}"
DETR,482093,1079068,60,donut,1,3,0,0.0,"{""60"":3}"
DETR,482326,515515,1,person,1,3,0,0.0,"{""1"":3}"
DETR,482326,531416,1,person,1,3,0,0.0,"{""1"":3}"
DETR,482326,2162637,1,person,1,2,0,0.0,"{""1"":2}"
DETR,482330,1214979,1,person,1,3,0,0.0,"{""1"":3}"
DETR,482330,1253918,1,person,1,3,0,0.0,"{""1"":3}"
DETR,482330,1258164,1,person,1,3,0,0.0,"{""1"":3}"
DETR,482330,1286823,1,person,1,3,0,0.0,"{""1"":3}"
DETR,482330,1611140,65,bed,1,3,0,0.0,"{""65"":3}"
DETR,482454,190254,1,person,1,3,0,0.0,"{""1"":3}"
DETR,482454,192224,1,person,1,3,0,0.0,"{""1"":3}"
DETR,482454,210454,1,person,1,3,0,0.0,"{""1"":3}"
DETR,482472,143458,3,car,1,3,0,0.0,"{""3"":3}"
DETR,482775,1535670,51,bowl,1,3,0,0.0,"{""51"":3}"
DETR,482775,2107800,51,bowl,1,3,0,0.0,"{""51"":3}"
DETR,484385,439529,1,person,1,3,0,0.0,"{""1"":3}"
DETR,484385,1718117,1,person,1,3,0,0.0,"{""1"":3}"
DETR,484385,1761327,1,person,1,2,0,0.0,"{""1"":2}"
DETR,484563,205670,1,person,1,3,0,0.0,"{""1"":3}"
DETR,484563,220157,1,person,1,4,0,0.0,"{""1"":4}"
DETR,484563,237700,1,person,1,3,0,0.0,"{""1"":3}"
DETR,485364,229674,1,person,1,3,0,0.0,"{""1"":3}"
DETR,485364,231273,1,person,1,3,0,0.0,"{""1"":3}"
DETR,485364,253140,1,person,1,3,0,0.0,"{""1"":3}"
DETR,485364,264079,1,person,1,3,0,0.0,"{""1"":3}"
DETR,485705,1041950,52,banana,1,2,0,0.0,"{""52"":2}"
DETR,485705,1043190,52,banana,1,1,0,0.0,"{""52"":1}"
DETR,485705,1904763,52,banana,1,3,0,0.0,"{""52"":3}"
DETR,485757,477171,1,person,1,3,0,0.0,"{""1"":3}"
DETR,485757,498122,1,person,1,2,0,0.0,"{""1"":2}"
DETR,485757,1577119,61,cake,1,3,0,0.0,"{""61"":3}"
DETR,485757,1718283,1,person,1,3,0,0.0,"{""1"":3}"
DETR,485757,1927129,61,cake,1,3,0,0.0,"{""61"":3}"
DETR,485954,55004,19,horse,1,3,0,0.0,"{""19"":3}"
DETR,485954,55478,19,horse,1,3,0,0.0,"{""19"":3}"
DETR,485954,205454,1,person,1,3,0,0.0,"{""1"":3}"
DETR,485954,2158275,1,person,1,3,0,0.0,"{""1"":3}"
DETR,485984,32745,72,tv,1,2,0,0.0,"{""72"":2}"
DETR,485984,35730,72,tv,1,3,0,0.0,"{""72"":3}"
DETR,486606,426136,1,person,1,3,0,0.0,"{""1"":3}"
DETR,486606,521306,1,person,1,3,0,0.0,"{""1"":3}"
DETR,486606,1707710,1,person,1,3,0,0.0,"{""1"":3}"
DETR,487228,464676,1,person,1,3,0,0.0,"{""1"":3}"
DETR,487228,466297,1,person,1,3,0,0.0,"{""1"":3}"
DETR,487502,427658,1,person,1,3,0,0.0,"{""1"":3}"
DETR,487502,462106,1,person,1,3,0,0.0,"{""1"":3}"
DETR,487502,520316,1,person,1,3,0,0.0,"{""1"":3}"
DETR,487502,1257222,1,person,1,3,0,0.0,"{""1"":3}"
DETR,487510,113175,63,couch,1,3,0,0.0,"{""63"":3}"
DETR,487510,114456,63,couch,1,3,0,0.0,"{""63"":3}"
DETR,488553,1160833,88,teddy bear,1,2,0,0.0,"{""88"":2}"
DETR,488676,477767,1,person,1,3,0,0.0,"{""1"":3}"
DETR,488676,482876,1,person,1,3,0,0.0,"{""1"":3}"
DETR,488676,1742783,1,person,1,3,0,0.0,"{""1"":3}"
DETR,488676,1753678,1,person,1,3,0,0.0,"{""1"":3}"
DETR,489107,1223420,1,person,1,3,0,0.0,"{""1"":3}"
DETR,489107,1246479,1,person,1,3,0,0.0,"{""1"":3}"
DETR,489145,422187,1,person,1,3,0,0.0,"{""1"":3}"
DETR,489145,1721831,1,person,1,3,0,0.0,"{""1"":3}"
DETR,489167,581826,22,elephant,1,3,0,0.0,"{""22"":3}"
DETR,490182,483107,1,person,1,3,0,0.0,"{""1"":3}"
DETR,490182,543487,1,person,1,3,0,0.0,"{""1"":3}"
DETR,490610,211520,1,person,1,3,0,0.0,"{""1"":3}"
DETR,490610,214754,1,person,1,3,0,0.0,"{""1"":3}"
DETR,490801,447650,1,person,1,3,0,0.0,"{""1"":3}"
DETR,490801,449795,1,person,1,3,0,0.0,"{""1"":3}"
DETR,490801,539144,1,person,1,3,0,0.0,"{""1"":3}"
DETR,490801,542599,1,person,1,3,0,0.0,"{""1"":3}"
DETR,491302,531303,1,person,1,3,0,0.0,"{""1"":3}"
DETR,491302,1724393,1,person,1,3,0,0.0,"{""1"":3}"
DETR,491477,1075419,59,pizza,1,3,0,0.0,"{""59"":3}"
DETR,491477,1075851,59,pizza,1,2,0,0.0,"{""59"":2}"
DETR,491666,54523,19,horse,1,3,0,0.0,"{""19"":3}"
DETR,491666,55440,19,horse,1,3,0,0.0,"{""19"":3}"
DETR,491707,468376,1,person,1,3,0,0.0,"{""1"":3}"
DETR,491707,492803,1,person,1,3,0,0.0,"{""1"":3}"
DETR,492096,1243144,1,person,1,3,0,0.0,"{""1"":3}"
DETR,492096,1259440,1,person,1,3,0,0.0,"{""1"":3}"
DETR,492096,1268261,1,person,1,3,0,0.0,"{""1"":3}"
DETR,492096,1279457,1,person,1,3,0,0.0,"{""1"":3}"
DETR,492096,1691243,1,person,1,3,0,0.0,"{""1"":3}"
DETR,492114,443615,1,person,1,3,0,0.0,"{""1"":3}"
DETR,492114,503059,1,person,1,3,0,0.0,"{""1"":3}"
DETR,492114,536403,1,person,1,3,0,0.0,"{""1"":3}"
DETR,492155,66219,20,sheep,1,3,0,0.0,"{""20"":3}"
DETR,492155,66531,20,sheep,1,3,0,0.0,"{""20"":3}"
DETR,492155,67088,20,sheep,1,2,0,0.0,"{""20"":2}"
DETR,492354,1056044,56,broccoli,1,3,0,0.0,"{""56"":3}"
DETR,492354,1058150,56,broccoli,1,1,0,0.0,"{""56"":1}"
DETR,492408,284676,28,umbrella,1,3,0,0.0,"{""28"":3}"
DETR,492408,285987,28,umbrella,1,3,0,0.0,"{""28"":3}"
DETR,493072,1235119,1,person,1,3,0,0.0,"{""1"":3}"
DETR,493072,1267494,1,person,1,3,0,0.0,"{""1"":3}"
DETR,493448,533388,1,person,1,3,0,0.0,"{""1"":3}"
DETR,493448,549269,1,person,1,3,0,0.0,"{""1"":3}"
DETR,493448,551049,1,person,1,3,0,0.0,"{""1"":3}"
DETR,494382,40361,16,bird,1,3,0,0.0,"{""16"":3}"
DETR,494382,43947,16,bird,1,3,0,0.0,"{""16"":3}"
DETR,494382,44917,16,bird,1,3,0,0.0,"{""16"":3}"
DETR,494415,165707,6,bus,1,3,0,0.0,"{""6"":3}"
DETR,494415,166369,6,bus,1,3,0,0.0,"{""6"":3}"
DETR,494706,530460,1,person,1,3,0,0.0,"{""1"":3}"
DETR,494706,1732430,1,person,1,3,0,0.0,"{""1"":3}"
DETR,494733,522315,1,person,1,3,0,0.0,"{""1"":3}"
DETR,494733,532234,1,person,1,3,0,0.0,"{""1"":3}"
DETR,494733,545146,1,person,1,3,0,0.0,"{""1"":3}"
DETR,494733,1725533,1,person,1,3,0,0.0,"{""1"":3}"
DETR,495169,114964,63,couch,1,3,0,0.0,"{""63"":3}"
DETR,495169,115528,63,couch,1,3,0,0.0,"{""63"":3}"
DETR,495169,194815,1,person,1,3,0,0.0,"{""1"":3}"
DETR,495169,213980,1,person,1,3,0,0.0,"{""1"":3}"
DETR,495169,220551,1,person,1,3,0,0.0,"{""1"":3}"
DETR,495169,2159841,1,person,1,3,0,0.0,"{""1"":3}"
DETR,495233,253238,1,person,1,3,0,0.0,"{""1"":3}"
DETR,495233,253263,1,person,1,3,0,0.0,"{""1"":3}"
DETR,495233,253858,1,person,1,3,0,0.0,"{""1"":3}"
DETR,495875,428481,1,person,1,3,0,0.0,"{""1"":3}"
DETR,495875,448467,1,person,1,3,0,0.0,"{""1"":3}"
DETR,495875,529599,1,person,1,3,0,0.0,"{""1"":3}"
DETR,495875,560855,1,person,1,3,0,0.0,"{""1"":3}"
DETR,495987,466715,1,person,1,3,0,0.0,"{""1"":3}"
DETR,495987,1721038,1,person,1,3,0,0.0,"{""1"":3}"
DETR,496942,190264,1,person,1,3,0,0.0,"{""1"":3}"
DETR,496942,236822,1,person,1,2,0,0.0,"{""1"":2}"
DETR,496942,237015,1,person,1,3,0,0.0,"{""1"":3}"
DETR,498007,1182845,33,suitcase,1,3,0,0.0,"{""33"":3}"
DETR,498007,1184121,33,suitcase,1,2,0,0.0,"{""33"":2}"
DETR,498007,1187358,33,suitcase,1,3,0,0.0,"{""33"":3}"
DETR,498508,150224,4,motorcycle,1,3,0,0.0,"{""4"":3}"
DETR,498508,155031,4,motorcycle,1,2,0,0.0,"{""4"":2}"
DETR,498679,72323,21,cow,1,3,0,0.0,"{""21"":3}"
DETR,498679,73306,21,cow,1,3,0,0.0,"{""21"":3}"
DETR,498702,465319,1,person,1,3,0,0.0,"{""1"":3}"
DETR,498702,504492,1,person,1,3,0,0.0,"{""1"":3}"
DETR,498702,1240455,1,person,1,3,0,0.0,"{""1"":3}"
DETR,499141,217761,1,person,1,3,0,0.0,"{""1"":3}"
DETR,499141,1224294,1,person,1,3,0,0.0,"{""1"":3}"
DETR,499538,1137836,84,book,1,3,0,0.0,"{""84"":3}"
DETR,499538,1140193,84,book,1,3,0,0.0,"{""84"":3}"
DETR,499679,1206142,1,person,1,3,0,0.0,"{""1"":3}"
DETR,499679,1230172,1,person,1,3,0,0.0,"{""1"":3}"
DETR,499679,1319341,1,person,1,3,0,0.0,"{""1"":3}"
DETR,499862,1561200,56,broccoli,1,2,0,0.0,"{""56"":2}"
DETR,499862,1561366,56,broccoli,1,2,0,0.0,"{""56"":2}"
DETR,500036,1058185,56,broccoli,1,3,0,0.0,"{""56"":3}"
DETR,500036,1060108,56,broccoli,1,3,0,0.0,"{""56"":3}"
DETR,501269,185215,1,person,1,3,0,0.0,"{""1"":3}"
DETR,501269,210330,1,person,1,3,0,0.0,"{""1"":3}"
DETR,501269,2228904,1,person,1,3,0,0.0,"{""1"":3}"
DETR,502148,314756,65,bed,1,3,0,0.0,"{""65"":3}"
DETR,502148,316649,65,bed,1,3,0,0.0,"{""65"":3}"
DETR,502288,445834,1,person,1,3,0,0.0,"{""1"":3}"
DETR,502288,460977,1,person,1,3,0,0.0,"{""1"":3}"
DETR,502288,2157953,1,person,1,3,0,0.0,"{""1"":3}"
DETR,502553,316106,65,bed,1,3,0,0.0,"{""65"":3}"
DETR,502553,316143,65,bed,1,3,0,0.0,"{""65"":3}"
DETR,502553,317822,65,bed,1,3,0,0.0,"{""65"":3}"
DETR,503497,2231896,85,clock,1,2,0,0.0,"{""85"":2}"
DETR,503497,2231900,85,clock,1,3,0,0.0,"{""85"":3}"
DETR,503822,483419,1,person,1,3,0,0.0,"{""1"":3}"
DETR,503822,483940,1,person,1,3,0,0.0,"{""1"":3}"
DETR,503844,427048,1,person,1,3,0,0.0,"{""1"":3}"
DETR,503844,557854,1,person,1,2,0,0.0,"{""1"":2}"
DETR,503906,455045,1,person,1,3,0,0.0,"{""1"":3}"
DETR,503906,1208151,1,person,1,3,0,0.0,"{""1"":3}"
DETR,505020,1227319,1,person,1,3,0,0.0,"{""1"":3}"
DETR,505020,1243798,1,person,1,3,0,0.0,"{""1"":3}"
DETR,506056,1253456,1,person,1,3,0,0.0,"{""1"":3}"
DETR,507761,477088,1,person,1,3,0,0.0,"{""1"":3}"
DETR,507761,1711535,1,person,1,3,0,0.0,"{""1"":3}"
DETR,509652,709723,51,bowl,1,3,0,0.0,"{""51"":3}"
DETR,509652,1040598,51,bowl,1,3,0,0.0,"{""51"":3}"
DETR,510027,310948,54,sandwich,1,3,0,0.0,"{""54"":3}"
DETR,510027,311169,54,sandwich,1,3,0,0.0,"{""54"":3}"
DETR,510027,311773,54,sandwich,1,3,0,0.0,"{""54"":3}"
DETR,510027,1536273,51,bowl,1,3,0,0.0,"{""51"":3}"
DETR,510027,1899469,51,bowl,1,3,0,0.0,"{""51"":3}"
DETR,510027,2108780,51,bowl,1,3,0,0.0,"{""51"":3}"
DETR,510334,75268,21,cow,1,3,3,1.0,"{""20"":3}"
DETR,510334,370113,21,cow,1,2,0,0.0,"{""21"":2}"
DETR,510334,1407715,21,cow,1,3,0,0.0,"{""21"":3}"
DETR,510342,424792,1,person,1,3,0,0.0,"{""1"":3}"
DETR,510572,255352,1,person,1,3,0,0.0,"{""1"":3}"
DETR,510572,258410,1,person,1,3,0,0.0,"{""1"":3}"
DETR,510572,260662,1,person,1,3,0,0.0,"{""1"":3}"
DETR,510860,189515,1,person,1,3,0,0.0,"{""1"":3}"
DETR,510860,201993,1,person,1,3,0,0.0,"{""1"":3}"
DETR,511869,1254599,1,person,1,3,0,0.0,"{""1"":3}"
DETR,511869,1682805,1,person,1,3,0,0.0,"{""1"":3}"
DETR,512458,191782,1,person,1,4,0,0.0,"{""1"":4}"
DETR,512458,210971,1,person,1,3,0,0.0,"{""1"":3}"
DETR,512561,513172,1,person,1,3,0,0.0,"{""1"":3}"
DETR,512561,537187,1,person,1,2,0,0.0,"{""1"":2}"
DETR,512658,1996455,88,teddy bear,1,3,0,0.0,"{""88"":3}"
DETR,512658,1996790,88,teddy bear,1,3,0,0.0,"{""88"":3}"
DETR,512658,2110281,52,banana,1,3,0,0.0,"{""52"":3}"
DETR,512658,2110311,52,banana,1,2,0,0.0,"{""52"":2}"
DETR,512941,428148,1,person,1,3,0,0.0,"{""1"":3}"
DETR,512941,429031,1,person,1,3,0,0.0,"{""1"":3}"
DETR,513704,1924838,60,donut,1,3,0,0.0,"{""60"":3}"
DETR,513704,1924948,60,donut,1,3,0,0.0,"{""60"":3}"
DETR,513704,1925874,60,donut,1,1,0,0.0,"{""60"":1}"
DETR,513704,1926634,60,donut,1,3,0,0.0,"{""60"":3}"
DETR,514295,713506,51,bowl,1,3,0,0.0,"{""51"":3}"
DETR,514295,714523,51,bowl,1,3,0,0.0,"{""51"":3}"
DETR,514295,1203643,1,person,1,3,0,0.0,"{""1"":3}"
DETR,514295,1211131,1,person,1,1,0,0.0,"{""1"":1}"
DETR,515252,165120,6,bus,1,3,0,0.0,"{""6"":3}"
DETR,515252,247885,6,bus,1,3,0,0.0,"{""6"":3}"
DETR,515252,267967,6,bus,1,3,0,0.0,"{""6"":3}"
DETR,515470,201858,1,person,1,3,0,0.0,"{""1"":3}"
DETR,515470,223853,1,person,1,3,0,0.0,"{""1"":3}"
DETR,515512,1088642,61,cake,1,3,0,0.0,"{""61"":3}"
DETR,515512,1088956,61,cake,1,3,0,0.0,"{""61"":3}"
DETR,515590,173620,7,train,1,3,0,0.0,"{""7"":3}"
DETR,515590,174965,7,train,1,3,0,0.0,"{""7"":3}"
DETR,515702,489186,1,person,1,3,0,0.0,"{""1"":3}"
DETR,515702,492802,1,person,1,3,0,0.0,"{""1"":3}"
DETR,515702,1690898,1,person,1,3,0,0.0,"{""1"":3}"
DETR,515815,193750,1,person,1,3,0,0.0,"{""1"":3}"
DETR,515815,201409,1,person,1,3,0,0.0,"{""1"":3}"
DETR,515928,203848,1,person,1,2,0,0.0,"{""1"":2}"
DETR,515928,208395,1,person,1,3,0,0.0,"{""1"":3}"
DETR,515928,2165104,1,person,1,3,0,0.0,"{""1"":3}"
DETR,516906,97887,63,couch,1,3,0,0.0,"{""63"":3}"
DETR,516906,2225300,63,couch,1,3,3,1.0,"{""62"":3}"
DETR,517123,62713,20,sheep,1,3,0,0.0,"{""20"":3}"
DETR,517123,64968,20,sheep,1,3,0,0.0,"{""20"":3}"
DETR,517403,197469,1,person,1,3,0,0.0,"{""1"":3}"
DETR,517403,199491,1,person,1,3,0,0.0,"{""1"":3}"
DETR,517403,207930,1,person,1,3,0,0.0,"{""1"":3}"
DETR,517451,1093189,70,toilet,1,3,0,0.0,"{""70"":3}"
DETR,517451,1967683,70,toilet,1,3,0,0.0,"{""70"":3}"
DETR,517685,457473,1,person,1,3,0,0.0,"{""1"":3}"
DETR,518318,440265,1,person,1,3,0,0.0,"{""1"":3}"
DETR,518318,488245,1,person,1,3,0,0.0,"{""1"":3}"
DETR,518318,1228909,1,person,1,3,0,0.0,"{""1"":3}"
DETR,518455,1160347,88,teddy bear,1,3,0,0.0,"{""88"":3}"
DETR,518455,1163106,88,teddy bear,1,2,0,0.0,"{""88"":2}"
DETR,518455,1163259,88,teddy bear,1,3,0,0.0,"{""88"":3}"
DETR,518455,1163334,88,teddy bear,1,2,0,0.0,"{""88"":2}"
DETR,518455,1163360,88,teddy bear,1,2,0,0.0,"{""88"":2}"
DETR,518455,1163442,88,teddy bear,1,3,0,0.0,"{""88"":3}"
DETR,518455,1674248,88,teddy bear,1,3,0,0.0,"{""88"":3}"
DETR,518785,345627,3,car,1,3,0,0.0,"{""3"":3}"
DETR,518785,358892,3,car,1,3,0,0.0,"{""3"":3}"
DETR,518785,359545,3,car,1,3,0,0.0,"{""3"":3}"
DETR,519616,461502,1,person,1,3,0,0.0,"{""1"":3}"
DETR,519616,520346,1,person,1,3,0,0.0,"{""1"":3}"
DETR,520272,581919,22,elephant,1,3,0,0.0,"{""22"":3}"
DETR,520272,2175072,22,elephant,1,3,0,0.0,"{""22"":3}"
DETR,520456,53927,19,horse,1,3,0,0.0,"{""19"":3}"
DETR,520456,54381,19,horse,1,3,0,0.0,"{""19"":3}"
DETR,520456,57287,19,horse,1,3,0,0.0,"{""19"":3}"
DETR,520590,459587,1,person,1,3,0,0.0,"{""1"":3}"
DETR,520590,472323,1,person,1,3,0,0.0,"{""1"":3}"
DETR,520590,2164265,1,person,1,3,0,0.0,"{""1"":3}"
DETR,520883,76829,21,cow,1,3,0,0.0,"{""21"":3}"
DETR,520883,76922,21,cow,1,3,0,0.0,"{""21"":3}"
DETR,520978,1204630,1,person,1,3,0,0.0,"{""1"":3}"
DETR,520978,1225418,1,person,1,3,0,0.0,"{""1"":3}"
DETR,520978,1229742,1,person,1,3,0,0.0,"{""1"":3}"
DETR,520978,1249088,1,person,1,3,0,0.0,"{""1"":3}"
DETR,520978,1274996,1,person,1,3,0,0.0,"{""1"":3}"
DETR,521437,199006,1,person,1,3,0,0.0,"{""1"":3}"
DETR,521437,215568,1,person,1,3,0,0.0,"{""1"":3}"
DETR,521514,30958,72,tv,1,3,0,0.0,"{""72"":3}"
DETR,521514,124198,72,tv,1,2,0,0.0,"{""72"":2}"
DETR,522240,711646,51,bowl,1,3,0,0.0,"{""51"":3}"
DETR,522240,711838,51,bowl,1,4,0,0.0,"{""51"":4}"
DETR,522240,1074123,59,pizza,1,3,0,0.0,"{""59"":3}"
DETR,522240,1532886,51,bowl,1,3,0,0.0,"{""51"":3}"
DETR,522288,211106,1,person,1,2,0,0.0,"{""1"":2}"
DETR,522288,219473,1,person,1,2,0,0.0,"{""1"":2}"
DETR,522416,190282,1,person,1,3,0,0.0,"{""1"":3}"
DETR,522416,197812,1,person,1,3,0,0.0,"{""1"":3}"
DETR,522827,454222,1,person,1,3,0,0.0,"{""1"":3}"
DETR,522827,485999,1,person,1,3,0,0.0,"{""1"":3}"
DETR,522856,312937,54,sandwich,1,3,0,0.0,"{""54"":3}"
DETR,522856,1908647,54,sandwich,1,3,0,0.0,"{""54"":3}"
DETR,523495,1068722,58,hot dog,1,3,0,0.0,"{""58"":3}"
DETR,523495,1069955,58,hot dog,1,3,0,0.0,"{""58"":3}"
DETR,523505,1108526,75,remote,1,2,0,0.0,"{""75"":2}"
DETR,523505,1108639,75,remote,1,1,0,0.0,"{""75"":1}"
DETR,523795,598622,25,giraffe,1,3,0,0.0,"{""25"":3}"
DETR,523795,599884,25,giraffe,1,3,0,0.0,"{""25"":3}"
DETR,523831,65848,20,sheep,1,3,0,0.0,"{""20"":3}"
DETR,523831,66605,20,sheep,1,2,0,0.0,"{""20"":2}"
DETR,523831,67105,20,sheep,1,3,0,0.0,"{""20"":3}"
DETR,524155,544355,1,person,1,3,0,0.0,"{""1"":3}"
DETR,524340,51266,17,cat,1,3,0,0.0,"{""17"":3}"
DETR,524340,1402218,17,cat,1,3,0,0.0,"{""17"":3}"
DETR,524520,353258,3,car,1,3,0,0.0,"{""3"":3}"
DETR,524520,353518,3,car,1,3,0,0.0,"{""3"":3}"
DETR,524662,1062396,57,carrot,1,1,0,0.0,"{""57"":1}"
DETR,524662,1062898,57,carrot,1,2,0,0.0,"{""57"":2}"
DETR,525342,1047856,53,apple,1,2,0,0.0,"{""53"":2}"
DETR,525342,1050886,55,orange,1,3,0,0.0,"{""55"":3}"
DETR,525342,1051532,55,orange,1,2,0,0.0,"{""55"":2}"
DETR,525342,1907837,53,apple,1,1,0,0.0,"{""53"":1}"
DETR,525459,1079321,60,donut,1,3,0,0.0,"{""60"":3}"
DETR,525459,1080260,60,donut,1,3,0,0.0,"{""60"":3}"
DETR,525459,1080517,60,donut,1,1,0,0.0,"{""60"":1}"
DETR,525459,1080646,60,donut,1,2,0,0.0,"{""60"":2}"
DETR,525459,1924674,60,donut,1,1,0,0.0,"{""60"":1}"
DETR,525555,382868,62,chair,1,3,0,0.0,"{""62"":3}"
DETR,525555,1933942,62,chair,1,3,0,0.0,"{""62"":3}"
DETR,526070,442504,1,person,1,2,0,0.0,"{""1"":2}"
DETR,526070,485746,1,person,1,3,0,0.0,"{""1"":3}"
DETR,526070,1243435,1,person,1,2,0,0.0,"{""1"":2}"
DETR,526695,1183179,33,suitcase,1,3,0,0.0,"{""33"":3}"
DETR,526695,2080923,33,suitcase,1,3,0,0.0,"{""33"":3}"
DETR,526769,169307,6,bus,1,3,0,0.0,"{""6"":3}"
DETR,527277,448271,1,person,1,3,0,0.0,"{""1"":3}"
DETR,527277,461562,1,person,1,3,0,0.0,"{""1"":3}"
DETR,527822,675723,47,cup,1,3,0,0.0,"{""47"":3}"
DETR,528020,193058,1,person,1,3,0,0.0,"{""1"":3}"
DETR,528020,193576,1,person,1,3,0,0.0,"{""1"":3}"
DETR,529016,190477,1,person,1,3,0,0.0,"{""1"":3}"
DETR,529016,197949,1,person,1,3,0,0.0,"{""1"":3}"
DETR,529352,252440,1,person,1,3,0,0.0,"{""1"":3}"
DETR,529352,252498,1,person,1,3,0,0.0,"{""1"":3}"
DETR,529352,2161334,1,person,1,3,0,0.0,"{""1"":3}"
DETR,529376,459111,1,person,1,3,0,0.0,"{""1"":3}"
DETR,529376,472990,1,person,1,3,0,0.0,"{""1"":3}"
DETR,530406,589326,24,zebra,1,3,0,0.0,"{""24"":3}"
DETR,530406,591041,24,zebra,1,3,0,0.0,"{""24"":3}"
DETR,530629,56721,19,horse,1,3,0,0.0,"{""19"":3}"
DETR,530629,56985,19,horse,1,3,0,0.0,"{""19"":3}"
DETR,530629,57663,19,horse,1,2,0,0.0,"{""19"":2}"
DETR,530629,213375,1,person,1,3,0,0.0,"{""1"":3}"
DETR,530629,214185,1,person,1,3,0,0.0,"{""1"":3}"
DETR,530903,482816,1,person,1,3,0,0.0,"{""1"":3}"
DETR,530903,514054,1,person,1,3,0,0.0,"{""1"":3}"
DETR,530903,1730947,1,person,1,3,0,0.0,"{""1"":3}"
DETR,531778,2150362,1,person,1,3,0,0.0,"{""1"":3}"
DETR,531778,2150525,1,person,1,3,0,0.0,"{""1"":3}"
DETR,532260,1254525,1,person,1,3,0,0.0,"{""1"":3}"
DETR,532260,1258923,1,person,1,3,0,0.0,"{""1"":3}"
DETR,532260,1261503,1,person,1,3,0,0.0,"{""1"":3}"
DETR,532376,194591,1,person,1,3,0,0.0,"{""1"":3}"
DETR,532376,199246,1,person,1,3,0,0.0,"{""1"":3}"
DETR,532419,589143,24,zebra,1,3,0,0.0,"{""24"":3}"
DETR,532419,590738,24,zebra,1,3,0,0.0,"{""24"":3}"
DETR,532622,455151,1,person,1,3,0,0.0,"{""1"":3}"
DETR,532622,487252,1,person,1,3,0,0.0,"{""1"":3}"
DETR,534166,195730,1,person,1,3,0,0.0,"{""1"":3}"
DETR,534166,208611,1,person,1,3,0,0.0,"{""1"":3}"
DETR,534224,193611,1,person,1,3,0,0.0,"{""1"":3}"
DETR,534292,565491,1,person,1,3,0,0.0,"{""1"":3}"
DETR,534292,1189409,1,person,1,3,0,0.0,"{""1"":3}"
DETR,534419,1209881,1,person,1,3,0,0.0,"{""1"":3}"
DETR,534419,1232172,1,person,1,2,0,0.0,"{""1"":2}"
DETR,534419,1289488,1,person,1,3,0,0.0,"{""1"":3}"
DETR,534440,516617,1,person,1,2,0,0.0,"{""1"":2}"
DETR,534440,1723997,1,person,1,3,0,0.0,"{""1"":3}"
DETR,534559,188340,1,person,1,3,0,0.0,"{""1"":3}"
DETR,534559,2153460,1,person,1,3,0,0.0,"{""1"":3}"
DETR,534711,1210853,1,person,1,2,0,0.0,"{""1"":2}"
DETR,534711,1233505,1,person,1,3,0,0.0,"{""1"":3}"
DETR,534711,2206857,1,person,1,3,0,0.0,"{""1"":3}"
DETR,535218,453445,1,person,1,3,0,0.0,"{""1"":3}"
DETR,535218,528482,1,person,1,3,0,0.0,"{""1"":3}"
DETR,535289,468321,1,person,1,3,0,0.0,"{""1"":3}"
DETR,535289,1733627,1,person,1,3,0,0.0,"{""1"":3}"
DETR,535399,87534,44,bottle,1,3,0,0.0,"{""44"":3}"
DETR,535399,88875,44,bottle,1,3,0,0.0,"{""44"":3}"
DETR,535399,94323,44,bottle,1,2,0,0.0,"{""44"":2}"
DETR,535399,1491433,44,bottle,1,2,0,0.0,"{""44"":2}"
DETR,536039,313512,54,sandwich,1,3,0,0.0,"{""54"":3}"
DETR,536039,313697,54,sandwich,1,3,0,0.0,"{""54"":3}"
DETR,536055,448696,1,person,1,3,0,0.0,"{""1"":3}"
DETR,536055,467295,1,person,1,3,0,0.0,"{""1"":3}"
DETR,536055,486835,1,person,1,3,0,0.0,"{""1"":3}"
DETR,536055,521166,1,person,1,3,0,0.0,"{""1"":3}"
DETR,536127,2077932,31,handbag,1,3,0,0.0,"{""31"":3}"
DETR,536127,2078312,31,handbag,1,3,0,0.0,"{""31"":3}"
DETR,536145,1256733,1,person,1,3,0,0.0,"{""1"":3}"
DETR,536145,1259402,1,person,1,3,0,0.0,"{""1"":3}"
DETR,536730,1161343,88,teddy bear,1,3,0,0.0,"{""88"":3}"
DETR,536730,1995208,88,teddy bear,1,1,0,0.0,"{""88"":1}"
DETR,536823,1159973,88,teddy bear,1,3,0,0.0,"{""88"":3}"
DETR,536823,1162780,88,teddy bear,1,3,0,0.0,"{""88"":3}"
DETR,536823,1673876,88,teddy bear,1,3,0,0.0,"{""88"":3}"
DETR,536902,1085309,61,cake,1,3,0,0.0,"{""61"":3}"
DETR,536902,1577967,61,cake,1,3,0,0.0,"{""61"":3}"
DETR,536960,79247,44,bottle,1,4,0,0.0,"{""44"":4}"
DETR,536960,79359,44,bottle,1,3,0,0.0,"{""44"":3}"
DETR,537127,117394,63,couch,1,3,3,1.0,"{""62"":3}"
DETR,537127,117566,63,couch,1,1,0,0.0,"{""63"":1}"
DETR,537188,1184638,33,suitcase,1,3,0,0.0,"{""33"":3}"
DETR,537188,1185957,33,suitcase,1,3,0,0.0,"{""33"":3}"
DETR,537188,1186316,33,suitcase,1,2,0,0.0,"{""33"":2}"
DETR,537553,587567,23,bear,1,3,0,0.0,"{""23"":3}"
DETR,537553,588061,23,bear,1,2,0,0.0,"{""23"":2}"
DETR,537807,105298,62,chair,1,2,0,0.0,"{""62"":2}"
DETR,537807,1586508,62,chair,1,2,0,0.0,"{""62"":2}"
DETR,538518,206335,1,person,1,2,0,0.0,"{""1"":2}"
DETR,538518,232483,1,person,1,3,0,0.0,"{""1"":3}"
DETR,538518,235828,1,person,1,3,0,0.0,"{""1"":3}"
DETR,538805,440389,1,person,1,3,0,0.0,"{""1"":3}"
DETR,538805,1716037,1,person,1,3,0,0.0,"{""1"":3}"
DETR,538872,507614,1,person,1,3,0,0.0,"{""1"":3}"
DETR,538872,1294784,1,person,1,2,0,0.0,"{""1"":2}"
DETR,540370,1962578,67,dining table,1,3,0,0.0,"{""67"":3}"
DETR,540370,1963045,67,dining table,1,2,0,0.0,"{""67"":2}"
DETR,543490,42331,16,bird,1,2,0,0.0,"{""16"":2}"
DETR,543490,43695,16,bird,1,3,0,0.0,"{""16"":3}"
DETR,543803,1302282,1,person,1,2,0,0.0,"{""1"":2}"
DETR,543803,1690136,1,person,1,3,0,0.0,"{""1"":3}"
DETR,544516,54873,19,horse,1,3,0,0.0,"{""19"":3}"
DETR,544516,56505,19,horse,1,2,0,0.0,"{""19"":2}"
DETR,545187,556827,1,person,1,3,0,0.0,"{""1"":3}"
DETR,545187,568803,1,person,1,3,0,0.0,"{""1"":3}"
DETR,545187,568955,1,person,1,3,0,0.0,"{""1"":3}"
DETR,545187,569334,1,person,1,3,0,0.0,"{""1"":3}"
DETR,545260,435900,1,person,1,3,0,0.0,"{""1"":3}"
DETR,545260,1758928,1,person,1,3,0,0.0,"{""1"":3}"
DETR,545411,1904089,51,bowl,1,3,0,0.0,"{""51"":3}"
DETR,545411,1904106,51,bowl,1,3,0,0.0,"{""51"":3}"
DETR,545411,2217613,51,bowl,1,3,0,0.0,"{""51"":3}"
DETR,546408,281095,28,umbrella,1,3,0,0.0,"{""28"":3}"
DETR,546408,281983,28,umbrella,1,3,0,0.0,"{""28"":3}"
DETR,547662,21883,64,potted plant,1,3,0,0.0,"{""64"":3}"
DETR,547662,26073,64,potted plant,1,3,0,0.0,"{""64"":3}"
DETR,548175,1236132,1,person,1,3,0,0.0,"{""1"":3}"
DETR,548175,1257855,1,person,1,3,0,0.0,"{""1"":3}"
DETR,548559,173743,7,train,1,3,0,0.0,"{""7"":3}"
DETR,548559,174047,7,train,1,3,0,0.0,"{""7"":3}"
DETR,548575,1083979,61,cake,1,3,0,0.0,"{""61"":3}"
DETR,548575,1085497,61,cake,1,3,0,0.0,"{""61"":3}"
DETR,548704,1042223,52,banana,1,2,0,0.0,"{""52"":2}"
DETR,548704,1045008,52,banana,1,2,0,0.0,"{""52"":2}"
DETR,548704,2110609,52,banana,1,2,0,0.0,"{""52"":2}"
DETR,548704,2110679,52,banana,1,3,0,0.0,"{""52"":3}"
DETR,548704,2111148,52,banana,1,3,0,0.0,"{""52"":3}"
DETR,548772,11630,18,dog,1,3,0,0.0,"{""18"":3}"
DETR,548772,16735,18,dog,1,3,0,0.0,"{""18"":3}"
DETR,548875,584131,22,elephant,1,3,0,0.0,"{""22"":3}"
DETR,548875,584916,22,elephant,1,2,0,0.0,"{""22"":2}"
DETR,548875,585468,22,elephant,1,3,0,0.0,"{""22"":3}"
DETR,549605,46924,17,cat,1,3,0,0.0,"{""17"":3}"
DETR,549605,47683,17,cat,1,4,0,0.0,"{""17"":4}"
DETR,550140,520632,1,person,1,3,0,0.0,"{""1"":3}"
DETR,550140,532278,1,person,1,3,0,0.0,"{""1"":3}"
DETR,550140,1207315,1,person,1,2,0,0.0,"{""1"":2}"
DETR,550726,191094,1,person,1,3,0,0.0,"{""1"":3}"
DETR,550726,202181,1,person,1,3,0,0.0,"{""1"":3}"
DETR,550993,1662229,84,book,1,2,0,0.0,"{""84"":2}"
DETR,550993,1662754,84,book,1,2,0,0.0,"{""84"":2}"
DETR,551172,439078,1,person,1,3,0,0.0,"{""1"":3}"
DETR,551172,567534,1,person,1,3,0,0.0,"{""1"":3}"
DETR,551472,150082,4,motorcycle,1,3,0,0.0,"{""4"":3}"
DETR,551472,245997,4,motorcycle,1,2,0,0.0,"{""4"":2}"
DETR,551472,246741,4,motorcycle,1,3,0,0.0,"{""4"":3}"
DETR,551994,1609783,64,potted plant,1,2,0,0.0,"{""64"":2}"
DETR,551994,1610129,64,potted plant,1,3,0,0.0,"{""64"":3}"
DETR,551994,2128315,64,potted plant,1,2,0,0.0,"{""64"":2}"
DETR,552549,675273,47,cup,1,3,0,0.0,"{""47"":3}"
DETR,552549,680871,47,cup,1,3,0,0.0,"{""47"":3}"
DETR,552549,1554857,54,sandwich,1,3,0,0.0,"{""54"":3}"
DETR,552549,1554885,54,sandwich,1,2,0,0.0,"{""54"":2}"
DETR,553176,32719,72,tv,1,3,0,0.0,"{""72"":3}"
DETR,553176,35748,72,tv,1,3,0,0.0,"{""72"":3}"
DETR,554010,365573,6,bus,1,3,0,0.0,"{""6"":3}"
DETR,554010,365709,6,bus,1,2,0,0.0,"{""6"":2}"
DETR,554703,1979727,79,oven,1,3,0,0.0,"{""79"":3}"
DETR,554703,1980384,79,oven,1,3,0,0.0,"{""79"":3}"
DETR,554950,198290,1,person,1,3,0,0.0,"{""1"":3}"
DETR,554950,200400,1,person,1,3,0,0.0,"{""1"":3}"
DETR,555020,1041776,52,banana,1,3,0,0.0,"{""52"":3}"
DETR,555020,1542143,52,banana,1,2,0,0.0,"{""52"":2}"
DETR,556176,499719,1,person,1,3,0,0.0,"{""1"":3}"
DETR,556176,535539,1,person,1,3,0,0.0,"{""1"":3}"
DETR,556698,459043,1,person,1,3,0,0.0,"{""1"":3}"
DETR,556698,513701,1,person,1,3,0,0.0,"{""1"":3}"
DETR,556830,472188,1,person,1,3,0,0.0,"{""1"":3}"
DETR,556830,492310,1,person,1,3,0,0.0,"{""1"":3}"
DETR,557694,471674,1,person,1,3,0,0.0,"{""1"":3}"
DETR,557694,515790,1,person,1,3,0,0.0,"{""1"":3}"
DETR,558444,1307758,1,person,1,3,0,0.0,"{""1"":3}"
DETR,558444,1327787,1,person,1,3,0,0.0,"{""1"":3}"
DETR,558444,2006742,1,person,1,3,0,0.0,"{""1"":3}"
DETR,558576,1572646,60,donut,1,3,0,0.0,"{""60"":3}"
DETR,558576,1573062,60,donut,1,3,0,0.0,"{""60"":3}"
DETR,558576,1573734,60,donut,1,2,0,0.0,"{""60"":2}"
DETR,558576,1924775,60,donut,1,1,0,0.0,"{""60"":1}"
DETR,558576,1925889,60,donut,1,3,0,0.0,"{""60"":3}"
DETR,558817,1089473,61,cake,1,3,0,0.0,"{""61"":3}"
DETR,558817,1929294,61,cake,1,3,0,0.0,"{""61"":3}"
DETR,558817,1929390,61,cake,1,3,0,0.0,"{""61"":3}"
DETR,559830,582271,22,elephant,1,3,0,0.0,"{""22"":3}"
DETR,559830,584976,22,elephant,1,2,0,0.0,"{""22"":2}"
DETR,560155,432612,1,person,1,3,0,0.0,"{""1"":3}"
DETR,560155,501662,1,person,1,3,0,0.0,"{""1"":3}"
DETR,560372,527319,1,person,1,3,0,0.0,"{""1"":3}"
DETR,560372,529956,1,person,1,3,0,0.0,"{""1"":3}"
DETR,560476,512528,1,person,1,2,0,0.0,"{""1"":2}"
DETR,560476,549444,1,person,1,3,0,0.0,"{""1"":3}"
DETR,560476,2166314,1,person,1,3,0,0.0,"{""1"":3}"
DETR,560476,2167280,1,person,1,1,0,0.0,"{""1"":1}"
DETR,561454,524863,1,person,1,3,0,0.0,"{""1"":3}"
DETR,561454,534165,1,person,1,3,0,0.0,"{""1"":3}"
DETR,561545,312688,54,sandwich,1,3,3,1.0,"{""58"":3}"
DETR,561545,313455,54,sandwich,1,3,0,0.0,"{""54"":3}"
DETR,561545,313572,54,sandwich,1,3,0,0.0,"{""54"":3}"
DETR,561545,313586,54,sandwich,1,3,0,0.0,"{""54"":3}"
DETR,561545,313632,54,sandwich,1,3,0,0.0,"{""54"":3}"
DETR,561545,313678,54,sandwich,1,2,0,0.0,"{""54"":2}"
DETR,561545,1552919,54,sandwich,1,3,0,0.0,"{""54"":3}"
DETR,561590,186142,1,person,1,3,0,0.0,"{""1"":3}"
DETR,561590,213878,1,person,1,3,0,0.0,"{""1"":3}"
DETR,561907,440721,1,person,1,3,0,0.0,"{""1"":3}"
DETR,561907,1275121,1,person,1,3,0,0.0,"{""1"":3}"
DETR,562162,1056049,56,broccoli,1,3,0,0.0,"{""56"":3}"
DETR,562162,1057622,56,broccoli,1,2,0,0.0,"{""56"":2}"
DETR,563364,1201992,1,person,1,3,0,0.0,"{""1"":3}"
DETR,563364,1243600,1,person,1,3,0,0.0,"{""1"":3}"
DETR,563364,1259868,1,person,1,3,0,0.0,"{""1"":3}"
DETR,563364,1324285,1,person,1,2,0,0.0,"{""1"":2}"
DETR,563364,1325633,1,person,1,3,0,0.0,"{""1"":3}"
DETR,563364,1331492,1,person,1,2,0,0.0,"{""1"":2}"
DETR,563658,394094,8,truck,1,3,0,0.0,"{""8"":3}"
DETR,563658,1368956,8,truck,1,3,0,0.0,"{""8"":3}"
DETR,563791,450718,1,person,1,3,0,0.0,"{""1"":3}"
DETR,563791,516160,1,person,1,3,0,0.0,"{""1"":3}"
DETR,564349,444940,1,person,1,3,0,0.0,"{""1"":3}"
DETR,564349,477407,1,person,1,3,0,0.0,"{""1"":3}"
DETR,564449,485057,1,person,1,3,0,0.0,"{""1"":3}"
DETR,564449,1727045,1,person,1,2,0,0.0,"{""1"":2}"
DETR,566245,490789,1,person,1,3,0,0.0,"{""1"":3}"
DETR,566245,513431,1,person,1,3,0,0.0,"{""1"":3}"
DETR,566584,544969,1,person,1,3,0,0.0,"{""1"":3}"
DETR,566584,547410,1,person,1,3,0,0.0,"{""1"":3}"
DETR,566592,70678,21,cow,1,3,0,0.0,"{""21"":3}"
DETR,566612,1717438,1,person,1,4,0,0.0,"{""1"":4}"
DETR,566612,1754619,1,person,1,3,0,0.0,"{""1"":3}"
DETR,566992,331333,82,refrigerator,1,3,0,0.0,"{""82"":3}"
DETR,566992,331686,82,refrigerator,1,3,0,0.0,"{""82"":3}"
DETR,567008,1292597,1,person,1,3,0,0.0,"{""1"":3}"
DETR,567008,1678379,1,person,1,3,0,0.0,"{""1"":3}"
DETR,567396,2191497,19,horse,1,3,0,0.0,"{""19"":3}"
DETR,567616,1051876,55,orange,1,3,0,0.0,"{""55"":3}"
DETR,567616,1052668,55,orange,1,3,0,0.0,"{""55"":3}"
DETR,567937,580960,22,elephant,1,3,0,0.0,"{""22"":3}"
DETR,567937,581807,22,elephant,1,3,0,0.0,"{""22"":3}"
DETR,568341,1075585,59,pizza,1,3,0,0.0,"{""59"":3}"
DETR,568341,1075918,59,pizza,1,3,0,0.0,"{""59"":3}"
DETR,568440,1544652,52,banana,1,3,0,0.0,"{""52"":3}"
DETR,568440,1546005,52,banana,1,3,0,0.0,"{""52"":3}"
DETR,569234,1071601,59,pizza,1,2,0,0.0,"{""59"":2}"
DETR,569234,1570357,59,pizza,1,3,0,0.0,"{""59"":3}"
DETR,569255,478098,1,person,1,3,0,0.0,"{""1"":3}"
DETR,569255,528800,1,person,1,2,0,0.0,"{""1"":2}"
DETR,569255,2151056,1,person,1,3,0,0.0,"{""1"":3}"
DETR,570211,199280,1,person,1,3,0,0.0,"{""1"":3}"
DETR,570211,214354,1,person,1,3,0,0.0,"{""1"":3}"
DETR,570581,450215,1,person,1,3,0,0.0,"{""1"":3}"
DETR,570581,463547,1,person,1,3,0,0.0,"{""1"":3}"
DETR,571563,474473,1,person,1,2,0,0.0,"{""1"":2}"
DETR,571563,497377,1,person,1,3,0,0.0,"{""1"":3}"
DETR,571563,554608,1,person,1,3,0,0.0,"{""1"":3}"
DETR,571648,481362,1,person,1,3,0,0.0,"{""1"":3}"
DETR,571648,499421,1,person,1,3,0,0.0,"{""1"":3}"
DETR,571648,539352,1,person,1,3,0,0.0,"{""1"":3}"
DETR,571654,1625895,72,tv,1,3,0,0.0,"{""72"":3}"
DETR,571654,1968985,72,tv,1,3,0,0.0,"{""72"":3}"
DETR,571661,503603,1,person,1,3,0,0.0,"{""1"":3}"
DETR,571661,556260,1,person,1,3,0,0.0,"{""1"":3}"
DETR,571661,1715849,1,person,1,3,0,0.0,"{""1"":3}"
DETR,571694,298437,32,tie,1,3,0,0.0,"{""32"":3}"
DETR,571694,298741,32,tie,1,3,0,0.0,"{""32"":3}"
DETR,571694,298954,32,tie,1,2,0,0.0,"{""32"":2}"
DETR,571694,1442290,32,tie,1,3,0,0.0,"{""32"":3}"
DETR,572310,1360362,4,motorcycle,1,3,0,0.0,"{""4"":3}"
DETR,572310,1792287,4,motorcycle,1,3,0,0.0,"{""4"":3}"
DETR,572487,407458,10,traffic light,1,3,0,0.0,"{""10"":3}"
DETR,572487,410507,10,traffic light,1,2,0,0.0,"{""10"":2}"
DETR,572554,190116,1,person,1,3,0,0.0,"{""1"":3}"
DETR,572554,215128,1,person,1,3,0,0.0,"{""1"":3}"
DETR,572689,466867,1,person,1,3,0,0.0,"{""1"":3}"
DETR,572689,1211515,1,person,1,3,0,0.0,"{""1"":3}"
DETR,573476,1713014,1,person,1,3,0,0.0,"{""1"":3}"
DETR,573476,2157292,1,person,1,3,0,0.0,"{""1"":3}"
DETR,573704,438108,1,person,1,3,0,0.0,"{""1"":3}"
DETR,573704,516151,1,person,1,3,0,0.0,"{""1"":3}"
DETR,573704,1746124,1,person,1,3,0,0.0,"{""1"":3}"
DETR,573825,121129,67,dining table,1,3,0,0.0,"{""67"":3}"
DETR,573825,1616333,67,dining table,1,2,0,0.0,"{""67"":2}"
DETR,574299,148616,4,motorcycle,1,2,0,0.0,"{""4"":2}"
DETR,574299,154399,4,motorcycle,1,3,0,0.0,"{""4"":3}"
DETR,574443,314559,65,bed,1,3,0,0.0,"{""65"":3}"
DETR,574443,1957087,65,bed,1,3,0,0.0,"{""65"":3}"
DETR,574760,515455,1,person,1,3,0,0.0,"{""1"":3}"
DETR,574760,2159201,1,person,1,3,0,0.0,"{""1"":3}"
DETR,574961,344574,3,car,1,3,0,0.0,"{""3"":3}"
DETR,574961,356409,3,car,1,2,0,0.0,"{""3"":2}"
DETR,575519,249393,9,boat,1,3,0,0.0,"{""9"":3}"
DETR,575649,517144,1,person,1,2,0,0.0,"{""1"":2}"
DETR,575649,524140,1,person,1,3,0,0.0,"{""1"":3}"
DETR,575980,424789,1,person,1,3,0,0.0,"{""1"":3}"
DETR,575980,473060,1,person,1,4,0,0.0,"{""1"":4}"
DETR,576153,583088,22,elephant,1,3,0,0.0,"{""22"":3}"
DETR,576188,425901,1,person,1,3,0,0.0,"{""1"":3}"
DETR,576188,426713,1,person,1,3,0,0.0,"{""1"":3}"
DETR,576188,457156,1,person,1,3,0,0.0,"{""1"":3}"
DETR,576286,451559,1,person,1,3,0,0.0,"{""1"":3}"
DETR,576286,465887,1,person,1,3,0,0.0,"{""1"":3}"
DETR,576286,494453,1,person,1,3,0,0.0,"{""1"":3}"
DETR,576286,510855,1,person,1,3,0,0.0,"{""1"":3}"
DETR,576322,476773,1,person,1,3,0,0.0,"{""1"":3}"
DETR,576322,2206523,1,person,1,3,0,0.0,"{""1"":3}"
DETR,576758,170968,7,train,1,3,0,0.0,"{""7"":3}"
DETR,576758,171816,7,train,1,3,0,0.0,"{""7"":3}"
DETR,577197,54187,19,horse,1,3,0,0.0,"{""19"":3}"
DETR,577197,56788,19,horse,1,3,0,0.0,"{""19"":3}"
DETR,577725,205480,1,person,1,3,0,0.0,"{""1"":3}"
DETR,577725,1219171,1,person,1,3,0,0.0,"{""1"":3}"
DETR,578002,87597,44,bottle,1,1,0,0.0,"{""44"":1}"
DETR,578002,87697,44,bottle,1,2,0,0.0,"{""44"":2}"
DETR,578002,95243,44,bottle,1,3,0,0.0,"{""44"":3}"
DETR,578002,666957,46,wine glass,1,3,0,0.0,"{""46"":3}"
DETR,578002,667386,46,wine glass,1,3,0,0.0,"{""46"":3}"
DETR,578294,1154846,86,vase,1,3,0,0.0,"{""86"":3}"
DETR,578294,1155078,86,vase,1,3,0,0.0,"{""86"":3}"
DETR,578294,1155308,86,vase,1,3,0,0.0,"{""86"":3}"
DETR,578619,1996142,88,teddy bear,1,3,0,0.0,"{""88"":3}"
DETR,578619,1996346,88,teddy bear,1,3,0,0.0,"{""88"":3}"
DETR,578734,1912853,55,orange,1,1,0,0.0,"{""55"":1}"
DETR,578734,1914006,55,orange,1,3,0,0.0,"{""55"":3}"
DETR,578734,1914054,55,orange,1,3,0,0.0,"{""55"":3}"
DETR,578734,1914107,55,orange,1,1,0,0.0,"{""55"":1}"
DETR,579057,1048673,53,apple,1,2,0,0.0,"{""53"":2}"
DETR,579057,1050727,55,orange,1,3,0,0.0,"{""55"":3}"
DETR,579057,1912382,55,orange,1,3,0,0.0,"{""55"":3}"
DETR,579299,669388,47,cup,1,3,0,0.0,"{""47"":3}"
DETR,579299,680596,47,cup,1,3,0,0.0,"{""47"":3}"
DETR,579299,1071411,59,pizza,1,2,0,0.0,"{""59"":2}"
DETR,579299,1571106,59,pizza,1,3,0,0.0,"{""59"":3}"
DETR,580238,574236,15,bench,1,3,0,0.0,"{""15"":3}"
DETR,580238,576314,15,bench,1,2,0,0.0,"{""15"":2}"
DETR,580238,1391053,15,bench,1,3,0,0.0,"{""15"":3}"
DETR,580668,344471,3,car,1,3,0,0.0,"{""3"":3}"
DETR,580668,356741,3,car,1,2,0,0.0,"{""3"":2}"
DETR,580668,428963,1,person,1,3,0,0.0,"{""1"":3}"
DETR,580668,2151630,1,person,1,3,0,0.0,"{""1"":3}"
DETR,581282,1313895,1,person,1,3,0,0.0,"{""1"":3}"
DETR,581346,588533,24,zebra,1,3,0,0.0,"{""24"":3}"
DETR,581346,591091,24,zebra,1,3,0,0.0,"{""24"":3}"
DETR,581518,1081593,60,donut,1,3,0,0.0,"{""60"":3}"
DETR,581518,1082811,60,donut,1,3,0,0.0,"{""60"":3}"
DETR,581563,344837,3,car,1,3,0,0.0,"{""3"":3}"
DETR,581563,1345868,3,car,1,3,0,0.0,"{""3"":3}"
RPN,154,590410,24,zebra,1,3,0,0.0,"{""24"":3}"
RPN,154,590623,24,zebra,1,3,0,0.0,"{""24"":3}"
RPN,605,670466,47,cup,1,3,0,0.0,"{""47"":3}"
RPN,605,1513172,47,cup,1,3,0,0.0,"{""47"":3}"
RPN,839,482127,1,person,1,3,0,0.0,"{""1"":3}"
RPN,839,1226048,1,person,1,3,0,0.0,"{""1"":3}"
RPN,2083,206056,1,person,1,3,0,0.0,"{""1"":3}"
RPN,2083,206653,1,person,1,3,0,0.0,"{""1"":3}"
RPN,2281,355568,3,car,1,2,0,0.0,"{""3"":2}"
RPN,2281,1772721,3,car,1,3,0,0.0,"{""3"":3}"
RPN,2400,6277,18,dog,1,3,0,0.0,"{""18"":3}"
RPN,2400,15680,18,dog,1,3,0,0.0,"{""18"":3}"
RPN,2843,1071593,59,pizza,1,3,0,0.0,"{""59"":3}"
RPN,2843,1923472,59,pizza,1,3,0,0.0,"{""59"":3}"
RPN,3293,1721891,1,person,1,3,0,0.0,"{""1"":3}"
RPN,3293,2152799,1,person,1,3,0,0.0,"{""1"":3}"
RPN,3751,1183479,33,suitcase,1,3,0,0.0,"{""33"":3}"
RPN,4032,164266,6,bus,1,3,0,0.0,"{""6"":3}"
RPN,4032,247788,6,bus,1,3,0,0.0,"{""6"":3}"
RPN,4032,248461,6,bus,1,3,0,0.0,"{""6"":3}"
RPN,4424,325550,77,cell phone,1,3,0,0.0,"{""77"":3}"
RPN,4424,2195939,77,cell phone,1,3,0,0.0,"{""77"":3}"
RPN,4714,436513,1,person,1,3,0,0.0,"{""1"":3}"
RPN,4714,504738,1,person,1,3,0,0.0,"{""1"":3}"
RPN,4993,434943,1,person,1,3,0,0.0,"{""1"":3}"
RPN,4993,1221670,1,person,1,3,0,0.0,"{""1"":3}"
RPN,4993,1229117,1,person,1,3,0,0.0,"{""1"":3}"
RPN,5152,469501,1,person,1,1,0,0.0,"{""1"":1}"
RPN,5152,1740732,1,person,1,3,0,0.0,"{""1"":3}"
RPN,5215,531457,1,person,1,3,0,0.0,"{""1"":3}"
RPN,5215,545070,1,person,1,3,0,0.0,"{""1"":3}"
RPN,5434,20641,64,potted plant,1,3,0,0.0,"{""64"":3}"
RPN,5434,25658,64,potted plant,1,3,0,0.0,"{""64"":3}"
RPN,5962,460109,1,person,1,3,0,0.0,"{""1"":3}"
RPN,5962,470890,1,person,1,3,0,0.0,"{""1"":3}"
RPN,6332,647898,42,surfboard,1,3,0,0.0,"{""42"":3}"
RPN,6332,1862563,42,surfboard,1,3,0,0.0,"{""42"":3}"
RPN,6964,436348,1,person,1,3,0,0.0,"{""1"":3}"
RPN,6964,446146,1,person,1,3,0,0.0,"{""1"":3}"
RPN,7028,1915086,56,broccoli,1,3,0,0.0,"{""56"":3}"
RPN,7028,2115056,56,broccoli,1,2,0,0.0,"{""56"":2}"
RPN,7145,1073200,59,pizza,1,1,0,0.0,"{""59"":1}"
RPN,7145,1571184,59,pizza,1,2,0,0.0,"{""59"":2}"
RPN,7476,87176,44,bottle,1,2,0,0.0,"{""44"":2}"
RPN,7476,90804,44,bottle,1,1,0,0.0,"{""44"":1}"
RPN,7944,711793,51,bowl,1,3,0,0.0,"{""51"":3}"
RPN,7944,1539102,51,bowl,1,3,0,0.0,"{""51"":3}"
RPN,7946,465622,1,person,1,3,0,0.0,"{""1"":3}"
RPN,7946,482653,1,person,1,3,0,0.0,"{""1"":3}"
RPN,7946,555912,1,person,1,3,0,0.0,"{""1"":3}"
RPN,8630,435099,1,person,1,3,0,0.0,"{""1"":3}"
RPN,8630,518713,1,person,1,3,0,0.0,"{""1"":3}"
RPN,8657,215789,1,person,1,3,0,0.0,"{""1"":3}"
RPN,8657,224895,1,person,1,3,0,0.0,"{""1"":3}"
RPN,8936,596072,25,giraffe,1,3,0,0.0,"{""25"":3}"
RPN,8936,597609,25,giraffe,1,3,0,0.0,"{""25"":3}"
RPN,8936,598334,25,giraffe,1,3,0,0.0,"{""25"":3}"
RPN,9017,1079126,60,donut,1,3,0,0.0,"{""60"":3}"
RPN,9017,1081856,60,donut,1,3,0,0.0,"{""60"":3}"
RPN,9017,1081899,60,donut,1,3,0,0.0,"{""60"":3}"
RPN,9353,1791012,4,motorcycle,1,3,0,0.0,"{""4"":3}"
RPN,9353,1791935,4,motorcycle,1,3,0,0.0,"{""4"":3}"
RPN,9353,1792191,4,motorcycle,1,2,0,0.0,"{""4"":2}"
RPN,9846,461033,1,person,1,3,0,0.0,"{""1"":3}"
RPN,9846,473562,1,person,1,3,0,0.0,"{""1"":3}"
RPN,9846,499261,1,person,1,3,0,0.0,"{""1"":3}"
RPN,10229,242854,3,car,1,3,3,1.0,"{""8"":3}"
RPN,10229,243118,3,car,1,3,3,1.0,"{""8"":3}"
RPN,10229,397350,8,truck,1,3,0,0.0,"{""8"":3}"
RPN,10229,399754,8,truck,1,3,0,0.0,"{""8"":3}"
RPN,10881,1090902,67,dining table,1,3,0,0.0,"{""67"":3}"
RPN,12424,475185,1,person,1,3,0,0.0,"{""1"":3}"
RPN,12424,498399,1,person,1,1,0,0.0,"{""1"":1}"
RPN,12424,1738741,1,person,1,3,0,0.0,"{""1"":3}"
RPN,12614,216777,1,person,1,3,0,0.0,"{""1"":3}"
RPN,12614,2160566,1,person,1,3,0,0.0,"{""1"":3}"
RPN,13763,580524,22,elephant,1,3,0,0.0,"{""22"":3}"
RPN,13763,583857,22,elephant,1,3,0,0.0,"{""22"":3}"
RPN,14008,581421,22,elephant,1,3,0,0.0,"{""22"":3}"
RPN,14008,584964,22,elephant,1,2,0,0.0,"{""22"":2}"
RPN,14025,1084500,61,cake,1,3,0,0.0,"{""61"":3}"
RPN,14025,1085669,61,cake,1,3,0,0.0,"{""61"":3}"
RPN,14502,443819,1,person,1,3,0,0.0,"{""1"":3}"
RPN,14502,464637,1,person,1,3,0,0.0,"{""1"":3}"
RPN,14864,481879,1,person,1,1,0,0.0,"{""1"":1}"
RPN,14864,1747200,1,person,1,1,0,0.0,"{""1"":1}"
RPN,15195,471851,1,person,1,3,0,0.0,"{""1"":3}"
RPN,15195,485157,1,person,1,3,0,0.0,"{""1"":3}"
RPN,15195,2206781,1,person,1,3,0,0.0,"{""1"":3}"
RPN,15485,108341,62,chair,1,3,0,0.0,"{""62"":3}"
RPN,15485,115263,63,couch,1,3,0,0.0,"{""63"":3}"
RPN,15485,116867,63,couch,1,3,3,1.0,"{""62"":3}"
RPN,15485,320623,67,dining table,1,2,0,0.0,"{""67"":2}"
RPN,15485,1594027,62,chair,1,3,0,0.0,"{""62"":3}"
RPN,15485,1966004,67,dining table,1,3,0,0.0,"{""67"":3}"
RPN,16089,310216,54,sandwich,1,3,0,0.0,"{""54"":3}"
RPN,16089,310911,54,sandwich,1,3,0,0.0,"{""54"":3}"
RPN,16089,1554508,54,sandwich,1,2,0,0.0,"{""54"":2}"
RPN,16322,436716,1,person,1,3,0,0.0,"{""1"":3}"
RPN,16322,479631,1,person,1,3,0,0.0,"{""1"":3}"
RPN,16496,1361787,4,motorcycle,1,3,0,0.0,"{""4"":3}"
RPN,16496,1361813,4,motorcycle,1,3,0,0.0,"{""4"":3}"
RPN,16496,1362140,4,motorcycle,1,1,0,0.0,"{""4"":1}"
RPN,16496,1790861,4,motorcycle,1,2,0,0.0,"{""4"":2}"
RPN,16496,2047834,4,motorcycle,1,3,0,0.0,"{""4"":3}"
RPN,16659,513756,1,person,1,3,0,0.0,"{""1"":3}"
RPN,16659,516933,1,person,1,2,0,0.0,"{""1"":2}"
RPN,16870,1152534,86,vase,1,3,0,0.0,"{""86"":3}"
RPN,16870,1154077,86,vase,1,3,0,0.0,"{""86"":3}"
RPN,17938,468257,1,person,1,3,0,0.0,"{""1"":3}"
RPN,17938,485616,1,person,1,3,0,0.0,"{""1"":3}"
RPN,17938,495890,1,person,1,3,0,0.0,"{""1"":3}"
RPN,17945,1752448,1,person,1,3,0,0.0,"{""1"":3}"
RPN,17945,2001126,1,person,1,3,0,0.0,"{""1"":3}"
RPN,17945,2161700,1,person,1,3,0,0.0,"{""1"":3}"
RPN,18276,308881,54,sandwich,1,2,0,0.0,"{""54"":2}"
RPN,18276,310355,54,sandwich,1,2,0,0.0,"{""54"":2}"
RPN,18276,310752,54,sandwich,1,2,0,0.0,"{""54"":2}"
RPN,18276,311543,54,sandwich,1,3,0,0.0,"{""54"":3}"
RPN,18885,1292380,1,person,1,2,0,0.0,"{""1"":2}"
RPN,18885,1747039,1,person,1,3,0,0.0,"{""1"":3}"
RPN,19123,198676,1,person,1,3,0,0.0,"{""1"":3}"
RPN,19123,217925,1,person,1,3,0,0.0,"{""1"":3}"
RPN,19123,1751694,1,person,1,3,0,0.0,"{""1"":3}"
RPN,19789,445145,1,person,1,3,0,0.0,"{""1"":3}"
RPN,19789,478698,1,person,1,3,0,0.0,"{""1"":3}"
RPN,20044,459959,1,person,1,3,0,0.0,"{""1"":3}"
RPN,20044,488511,1,person,1,3,0,0.0,"{""1"":3}"
RPN,20052,1412017,24,zebra,1,3,0,0.0,"{""24"":3}"
RPN,20052,1413038,24,zebra,1,3,0,0.0,"{""24"":3}"
RPN,21276,474674,1,person,1,3,0,0.0,"{""1"":3}"
RPN,21276,497365,1,person,1,3,0,0.0,"{""1"":3}"
RPN,21780,457882,1,person,1,3,0,0.0,"{""1"":3}"
RPN,21780,484684,1,person,1,3,0,0.0,"{""1"":3}"
RPN,21780,2151007,1,person,1,3,0,0.0,"{""1"":3}"
RPN,21830,481814,1,person,1,3,0,0.0,"{""1"":3}"
RPN,21830,1275080,1,person,1,3,0,0.0,"{""1"":3}"
RPN,22102,422845,1,person,1,3,0,0.0,"{""1"":3}"
RPN,22102,1070648,59,pizza,1,3,0,0.0,"{""59"":3}"
RPN,22102,1072136,59,pizza,1,3,0,0.0,"{""59"":3}"
RPN,22102,1742822,1,person,1,3,0,0.0,"{""1"":3}"
RPN,23014,594719,25,giraffe,1,3,0,0.0,"{""25"":3}"
RPN,23014,599310,25,giraffe,1,3,0,0.0,"{""25"":3}"
RPN,23420,471105,1,person,1,2,0,0.0,"{""1"":2}"
RPN,23420,1189019,1,person,1,3,0,0.0,"{""1"":3}"
RPN,23539,440804,1,person,1,3,0,0.0,"{""1"":3}"
RPN,23539,457864,1,person,1,3,0,0.0,"{""1"":3}"
RPN,23539,2155328,1,person,1,3,0,0.0,"{""1"":3}"
RPN,24038,314521,65,bed,1,3,0,0.0,"{""65"":3}"
RPN,24319,595384,25,giraffe,1,3,0,0.0,"{""25"":3}"
RPN,24319,601162,25,giraffe,1,1,0,0.0,"{""25"":1}"
RPN,24706,485902,1,person,1,1,0,0.0,"{""1"":1}"
RPN,24706,553771,1,person,1,2,0,0.0,"{""1"":2}"
RPN,24706,561596,1,person,1,3,0,0.0,"{""1"":3}"
RPN,24706,1710853,1,person,1,2,0,0.0,"{""1"":2}"
RPN,24762,12721,18,dog,1,3,0,0.0,"{""18"":3}"
RPN,24762,16996,18,dog,1,3,0,0.0,"{""18"":3}"
RPN,25414,316218,65,bed,1,3,0,0.0,"{""65"":3}"
RPN,25414,319653,65,bed,1,3,0,0.0,"{""65"":3}"
RPN,26438,189113,1,person,1,3,0,0.0,"{""1"":3}"
RPN,26438,216488,1,person,1,3,0,0.0,"{""1"":3}"
RPN,26438,229858,1,person,1,3,0,0.0,"{""1"":3}"
RPN,26438,252176,1,person,1,2,0,0.0,"{""1"":2}"
RPN,26583,441187,1,person,1,3,0,0.0,"{""1"":3}"
RPN,26583,450055,1,person,1,3,0,0.0,"{""1"":3}"
RPN,26800,1674651,88,teddy bear,1,3,0,0.0,"{""88"":3}"
RPN,26800,1675369,88,teddy bear,1,3,0,0.0,"{""88"":3}"
RPN,26800,1675491,88,teddy bear,1,1,0,0.0,"{""88"":1}"
RPN,26800,1675531,88,teddy bear,1,3,0,0.0,"{""88"":3}"
RPN,27299,1213502,1,person,1,3,0,0.0,"{""1"":3}"
RPN,27299,1232487,1,person,1,3,0,0.0,"{""1"":3}"
RPN,27299,1267416,1,person,1,3,0,0.0,"{""1"":3}"
RPN,27299,1269400,1,person,1,3,0,0.0,"{""1"":3}"
RPN,27299,1273672,1,person,1,3,0,0.0,"{""1"":3}"
RPN,27299,1301951,1,person,1,3,0,0.0,"{""1"":3}"
RPN,27679,1126266,79,oven,1,3,0,0.0,"{""79"":3}"
RPN,27679,1127893,79,oven,1,3,0,0.0,"{""79"":3}"
RPN,28069,600196,25,giraffe,1,3,0,0.0,"{""25"":3}"
RPN,28069,1414163,25,giraffe,1,3,0,0.0,"{""25"":3}"
RPN,28560,202062,1,person,1,3,0,0.0,"{""1"":3}"
RPN,28560,225319,1,person,1,3,0,0.0,"{""1"":3}"
RPN,28560,1373363,8,truck,1,3,0,0.0,"{""8"":3}"
RPN,28560,2053476,8,truck,1,3,0,0.0,"{""8"":3}"
RPN,28870,161838,5,airplane,1,3,0,0.0,"{""5"":3}"
RPN,28870,267973,5,airplane,1,3,0,0.0,"{""5"":3}"
RPN,28870,2171384,5,airplane,1,2,0,0.0,"{""5"":2}"
RPN,28953,483473,1,person,1,3,0,0.0,"{""1"":3}"
RPN,28953,544579,1,person,1,2,0,0.0,"{""1"":2}"
RPN,28953,1707041,1,person,1,3,0,0.0,"{""1"":3}"
RPN,28953,1710361,1,person,1,2,0,0.0,"{""1"":2}"
RPN,29712,61225,20,sheep,1,3,0,0.0,"{""20"":3}"
RPN,29712,65135,20,sheep,1,3,0,0.0,"{""20"":3}"
RPN,29712,65593,20,sheep,1,2,0,0.0,"{""20"":2}"
RPN,29712,65712,20,sheep,1,3,0,0.0,"{""20"":3}"
RPN,29712,66682,20,sheep,1,3,0,0.0,"{""20"":3}"
RPN,29712,67073,20,sheep,1,1,0,0.0,"{""20"":1}"
RPN,29752,460555,1,person,1,3,0,0.0,"{""1"":3}"
RPN,29752,462801,1,person,1,3,0,0.0,"{""1"":3}"
RPN,29799,523455,1,person,1,3,0,0.0,"{""1"":3}"
RPN,29799,542728,1,person,1,3,0,0.0,"{""1"":3}"
RPN,29799,2151941,1,person,1,3,0,0.0,"{""1"":3}"
RPN,30340,443461,1,person,1,3,0,0.0,"{""1"":3}"
RPN,30340,1184552,33,suitcase,1,3,0,0.0,"{""33"":3}"
RPN,30340,1445743,33,suitcase,1,3,0,0.0,"{""33"":3}"
RPN,30340,2151225,1,person,1,3,0,0.0,"{""1"":3}"
RPN,30631,595257,25,giraffe,1,3,0,0.0,"{""25"":3}"
RPN,30631,597575,25,giraffe,1,3,0,0.0,"{""25"":3}"
RPN,31230,211374,1,person,1,3,0,0.0,"{""1"":3}"
RPN,31329,102736,62,chair,1,3,0,0.0,"{""62"":3}"
RPN,31374,173203,7,train,1,3,0,0.0,"{""7"":3}"
RPN,31374,174709,7,train,1,3,0,0.0,"{""7"":3}"
RPN,31374,175167,7,train,1,2,0,0.0,"{""7"":2}"
RPN,31382,716515,51,bowl,1,3,0,0.0,"{""51"":3}"
RPN,31382,1038240,51,bowl,1,2,0,0.0,"{""51"":2}"
RPN,31382,2185908,51,bowl,1,3,0,0.0,"{""51"":3}"
RPN,31411,595642,25,giraffe,1,3,0,0.0,"{""25"":3}"
RPN,31411,595933,25,giraffe,1,3,0,0.0,"{""25"":3}"
RPN,31885,1063178,57,carrot,1,3,0,0.0,"{""57"":3}"
RPN,31885,1065084,57,carrot,1,2,0,0.0,"{""57"":2}"
RPN,31885,1065581,57,carrot,1,3,0,0.0,"{""57"":3}"
RPN,31885,1065905,57,carrot,1,2,0,0.0,"{""57"":2}"
RPN,31885,1066020,57,carrot,1,3,0,0.0,"{""57"":3}"
RPN,33572,213648,1,person,1,3,0,0.0,"{""1"":3}"
RPN,33572,235706,1,person,1,3,0,0.0,"{""1"":3}"
RPN,34223,478471,1,person,1,3,0,0.0,"{""1"":3}"
RPN,34223,487862,1,person,1,3,0,0.0,"{""1"":3}"
RPN,34223,537445,1,person,1,3,0,0.0,"{""1"":3}"
RPN,34439,425715,1,person,1,3,0,0.0,"{""1"":3}"
RPN,35150,504934,1,person,1,3,0,0.0,"{""1"":3}"
RPN,35150,1724501,1,person,1,3,0,0.0,"{""1"":3}"
RPN,35529,1185133,33,suitcase,1,2,0,0.0,"{""33"":2}"
RPN,35529,1186487,33,suitcase,1,3,0,0.0,"{""33"":3}"
RPN,35529,1186643,33,suitcase,1,3,0,0.0,"{""33"":3}"
RPN,35529,1187291,33,suitcase,1,3,0,0.0,"{""33"":3}"
RPN,35529,1187733,33,suitcase,1,3,0,0.0,"{""33"":3}"
RPN,35796,1607968,64,potted plant,1,2,0,0.0,"{""64"":2}"
RPN,35796,1608319,64,potted plant,1,2,0,0.0,"{""64"":2}"
RPN,35964,471462,1,person,1,3,0,0.0,"{""1"":3}"
RPN,35964,526426,1,person,1,3,0,0.0,"{""1"":3}"
RPN,35964,2207391,1,person,1,3,0,0.0,"{""1"":3}"
RPN,36017,1496686,46,wine glass,1,1,0,0.0,"{""46"":1}"
RPN,36017,1498960,46,wine glass,1,2,0,0.0,"{""46"":2}"
RPN,36017,1748671,1,person,1,3,0,0.0,"{""1"":3}"
RPN,36017,2153865,1,person,1,2,0,0.0,"{""1"":2}"
RPN,36658,421457,1,person,1,3,0,0.0,"{""1"":3}"
RPN,36658,448034,1,person,1,3,0,0.0,"{""1"":3}"
RPN,37282,455711,1,person,1,3,0,0.0,"{""1"":3}"
RPN,37282,486675,1,person,1,3,0,0.0,"{""1"":3}"
RPN,37286,1239915,1,person,1,3,0,0.0,"{""1"":3}"
RPN,37286,1248631,1,person,1,3,0,0.0,"{""1"":3}"
RPN,37286,1256337,1,person,1,3,0,0.0,"{""1"":3}"
RPN,37286,1326964,1,person,1,3,0,0.0,"{""1"":3}"
RPN,37429,443306,1,person,1,2,0,0.0,"{""1"":2}"
RPN,37429,447536,1,person,1,3,0,0.0,"{""1"":3}"
RPN,37582,586560,23,bear,1,3,0,0.0,"{""23"":3}"
RPN,37582,587438,23,bear,1,3,0,0.0,"{""23"":3}"
RPN,37800,1075034,59,pizza,1,2,0,0.0,"{""59"":2}"
RPN,37800,1076748,59,pizza,1,1,0,0.0,"{""59"":1}"
RPN,37800,1076907,59,pizza,1,3,0,0.0,"{""59"":3}"
RPN,38046,710022,51,bowl,1,3,0,0.0,"{""51"":3}"
RPN,38046,711002,51,bowl,1,3,0,0.0,"{""51"":3}"
RPN,38046,1900302,51,bowl,1,3,0,0.0,"{""51"":3}"
RPN,38365,61212,20,sheep,1,3,0,0.0,"{""20"":3}"
RPN,38558,133235,3,car,1,3,0,0.0,"{""3"":3}"
RPN,38558,136196,3,car,1,3,0,0.0,"{""3"":3}"
RPN,39185,1072969,59,pizza,1,3,0,0.0,"{""59"":3}"
RPN,39185,1076544,59,pizza,1,4,0,0.0,"{""59"":4}"
RPN,39195,1208565,1,person,1,3,0,0.0,"{""1"":3}"
RPN,39195,1252020,1,person,1,3,0,0.0,"{""1"":3}"
RPN,39195,1254480,1,person,1,3,0,0.0,"{""1"":3}"
RPN,39195,1269070,1,person,1,3,0,0.0,"{""1"":3}"
RPN,39195,1279369,1,person,1,3,0,0.0,"{""1"":3}"
RPN,39195,1296181,1,person,1,2,0,0.0,"{""1"":2}"
RPN,39258,192785,1,person,1,3,0,0.0,"{""1"":3}"
RPN,39258,195102,1,person,1,3,0,0.0,"{""1"":3}"
RPN,39395,588168,24,zebra,1,3,0,0.0,"{""24"":3}"
RPN,39395,592290,24,zebra,1,3,0,0.0,"{""24"":3}"
RPN,40346,448119,1,person,1,3,0,0.0,"{""1"":3}"
RPN,40346,1224861,1,person,1,3,0,0.0,"{""1"":3}"
RPN,40433,583334,22,elephant,1,3,0,0.0,"{""22"":3}"
RPN,40433,583467,22,elephant,1,3,0,0.0,"{""22"":3}"
RPN,40708,440218,1,person,1,3,0,0.0,"{""1"":3}"
RPN,40708,1712463,1,person,1,2,0,0.0,"{""1"":2}"
RPN,41233,399852,8,truck,1,3,0,0.0,"{""8"":3}"
RPN,41233,1369146,8,truck,1,3,0,0.0,"{""8"":3}"
RPN,41713,598581,25,giraffe,1,3,0,0.0,"{""25"":3}"
RPN,41713,600529,25,giraffe,1,3,0,0.0,"{""25"":3}"
RPN,41840,486333,1,person,1,3,0,0.0,"{""1"":3}"
RPN,41840,1189290,1,person,1,3,0,0.0,"{""1"":3}"
RPN,41840,2160893,1,person,1,3,0,0.0,"{""1"":3}"
RPN,41913,1546636,52,banana,1,3,0,0.0,"{""52"":3}"
RPN,41913,1546785,52,banana,1,2,0,0.0,"{""52"":2}"
RPN,42081,1078056,60,donut,1,3,0,0.0,"{""60"":3}"
RPN,42297,481777,1,person,1,3,0,0.0,"{""1"":3}"
RPN,42297,488330,1,person,1,3,0,0.0,"{""1"":3}"
RPN,42463,223229,1,person,1,3,0,0.0,"{""1"":3}"
RPN,42463,1714162,1,person,1,3,0,0.0,"{""1"":3}"
RPN,42804,1242031,1,person,1,4,0,0.0,"{""1"":4}"
RPN,42804,1265839,1,person,1,3,0,0.0,"{""1"":3}"
RPN,42804,1288278,1,person,1,3,0,0.0,"{""1"":3}"
RPN,42804,1320552,1,person,1,3,0,0.0,"{""1"":3}"
RPN,43232,1230552,1,person,1,2,0,0.0,"{""1"":2}"
RPN,43232,1285752,1,person,1,2,0,0.0,"{""1"":2}"
RPN,43813,517456,1,person,1,3,0,0.0,"{""1"":3}"
RPN,43813,2160761,1,person,1,3,0,0.0,"{""1"":3}"
RPN,44625,1219181,1,person,1,3,0,0.0,"{""1"":3}"
RPN,44625,1285219,1,person,1,2,0,0.0,"{""1"":2}"
RPN,44625,1286095,1,person,1,3,0,0.0,"{""1"":3}"
RPN,44625,1722899,1,person,1,3,0,0.0,"{""1"":3}"
RPN,44901,421659,1,person,1,4,0,0.0,"{""1"":4}"
RPN,44901,457867,1,person,1,3,0,0.0,"{""1"":3}"
RPN,45659,448001,1,person,1,3,0,0.0,"{""1"":3}"
RPN,45659,1715477,1,person,1,3,0,0.0,"{""1"":3}"
RPN,46592,2121963,62,chair,1,3,0,0.0,"{""62"":3}"
RPN,46592,2125453,62,chair,1,3,0,0.0,"{""62"":3}"
RPN,46809,341545,90,toothbrush,1,3,0,0.0,"{""90"":3}"
RPN,46809,343420,90,toothbrush,1,3,0,0.0,"{""90"":3}"
RPN,46997,308191,54,sandwich,1,2,0,0.0,"{""54"":2}"
RPN,46997,311799,54,sandwich,1,3,0,0.0,"{""54"":3}"
RPN,46997,709932,51,bowl,1,1,0,0.0,"{""51"":1}"
RPN,46997,1037915,51,bowl,1,3,0,0.0,"{""51"":3}"
RPN,47001,1077664,59,pizza,1,2,0,0.0,"{""59"":2}"
RPN,47001,1077792,59,pizza,1,3,0,0.0,"{""59"":3}"
RPN,47093,449470,1,person,1,3,0,0.0,"{""1"":3}"
RPN,47093,494270,1,person,1,3,0,0.0,"{""1"":3}"
RPN,47175,248635,7,train,1,3,0,0.0,"{""7"":3}"
RPN,47175,1366974,7,train,1,3,0,0.0,"{""7"":3}"
RPN,47953,444328,1,person,1,3,0,0.0,"{""1"":3}"
RPN,47953,499541,1,person,1,3,0,0.0,"{""1"":3}"
RPN,47953,542642,1,person,1,3,0,0.0,"{""1"":3}"
RPN,48150,467370,1,person,1,3,0,0.0,"{""1"":3}"
RPN,48150,479903,1,person,1,3,0,0.0,"{""1"":3}"
RPN,48150,488543,1,person,1,3,0,0.0,"{""1"":3}"
RPN,48150,508634,1,person,1,3,0,0.0,"{""1"":3}"
RPN,48150,530765,1,person,1,3,0,0.0,"{""1"":3}"
RPN,50105,1578001,61,cake,1,3,0,0.0,"{""61"":3}"
RPN,50105,1578607,61,cake,1,3,0,0.0,"{""61"":3}"
RPN,50161,451554,1,person,1,3,0,0.0,"{""1"":3}"
RPN,50161,475209,1,person,1,3,0,0.0,"{""1"":3}"
RPN,50161,1716335,1,person,1,3,0,0.0,"{""1"":3}"
RPN,50736,589319,24,zebra,1,3,0,0.0,"{""24"":3}"
RPN,50736,590560,24,zebra,1,3,0,0.0,"{""24"":3}"
RPN,51052,184164,1,person,1,3,0,0.0,"{""1"":3}"
RPN,51052,195383,1,person,1,3,0,0.0,"{""1"":3}"
RPN,51835,582545,22,elephant,1,3,0,0.0,"{""22"":3}"
RPN,51835,582886,22,elephant,1,2,0,0.0,"{""22"":2}"
RPN,51835,583948,22,elephant,1,2,0,0.0,"{""22"":2}"
RPN,52248,1544415,52,banana,1,2,0,0.0,"{""52"":2}"
RPN,52248,1545657,52,banana,1,3,0,0.0,"{""52"":3}"
RPN,52248,1546443,52,banana,1,3,0,0.0,"{""52"":3}"
RPN,52299,396138,8,truck,1,3,0,0.0,"{""8"":3}"
RPN,52299,1197162,8,truck,1,3,0,0.0,"{""8"":3}"
RPN,52929,438591,1,person,1,3,0,0.0,"{""1"":3}"
RPN,52929,1247519,1,person,1,3,0,0.0,"{""1"":3}"
RPN,52929,2206103,1,person,1,3,0,0.0,"{""1"":3}"
RPN,53335,189204,1,person,1,3,0,0.0,"{""1"":3}"
RPN,53729,1302378,1,person,1,2,0,0.0,"{""1"":2}"
RPN,53729,1308600,1,person,1,3,0,0.0,"{""1"":3}"
RPN,53729,1319726,1,person,1,3,0,0.0,"{""1"":3}"
RPN,53823,1208680,1,person,1,3,0,0.0,"{""1"":3}"
RPN,53823,1270797,1,person,1,3,0,0.0,"{""1"":3}"
RPN,54003,465908,1,person,1,3,0,0.0,"{""1"":3}"
RPN,54003,503695,1,person,1,3,0,0.0,"{""1"":3}"
RPN,54003,515495,1,person,1,3,0,0.0,"{""1"":3}"
RPN,54402,515102,1,person,1,3,0,0.0,"{""1"":3}"
RPN,54402,2157832,1,person,1,3,0,0.0,"{""1"":3}"
RPN,54806,673295,47,cup,1,2,0,0.0,"{""47"":2}"
RPN,54806,675201,47,cup,1,3,0,0.0,"{""47"":3}"
RPN,55966,1446700,33,suitcase,1,3,0,0.0,"{""33"":3}"
RPN,55966,1446889,33,suitcase,1,3,0,0.0,"{""33"":3}"
RPN,55966,1446993,33,suitcase,1,1,0,0.0,"{""33"":1}"
RPN,55966,1841931,33,suitcase,1,1,0,0.0,"{""33"":1}"
RPN,55966,1842304,33,suitcase,1,3,0,0.0,"{""33"":3}"
RPN,56667,318140,65,bed,1,3,0,0.0,"{""65"":3}"
RPN,56667,319662,65,bed,1,3,0,0.0,"{""65"":3}"
RPN,56676,1202048,1,person,1,3,0,0.0,"{""1"":3}"
RPN,56676,1248701,1,person,1,2,0,0.0,"{""1"":2}"
RPN,56676,1264566,1,person,1,3,0,0.0,"{""1"":3}"
RPN,56676,1270461,1,person,1,2,0,0.0,"{""1"":2}"
RPN,56676,1323376,1,person,1,2,0,0.0,"{""1"":2}"
RPN,56676,1325527,1,person,1,2,0,0.0,"{""1"":2}"
RPN,56676,1325635,1,person,1,3,0,0.0,"{""1"":3}"
RPN,56859,482576,1,person,1,3,0,0.0,"{""1"":3}"
RPN,56859,1708021,1,person,1,3,0,0.0,"{""1"":3}"
RPN,56859,1735863,1,person,1,3,0,0.0,"{""1"":3}"
RPN,57242,1957148,65,bed,1,2,0,0.0,"{""65"":2}"
RPN,57242,1957436,65,bed,1,3,0,0.0,"{""65"":3}"
RPN,57828,418175,14,parking meter,1,3,0,0.0,"{""14"":3}"
RPN,57828,419453,14,parking meter,1,3,0,0.0,"{""14"":3}"
RPN,58405,1674981,88,teddy bear,1,3,0,0.0,"{""88"":3}"
RPN,58405,1675334,88,teddy bear,1,3,0,0.0,"{""88"":3}"
RPN,58405,1675418,88,teddy bear,1,3,0,0.0,"{""88"":3}"
RPN,58405,1995185,88,teddy bear,1,3,0,0.0,"{""88"":3}"
RPN,58405,1995679,88,teddy bear,1,3,0,0.0,"{""88"":3}"
RPN,58677,89480,44,bottle,1,2,0,0.0,"{""44"":2}"
RPN,58677,92954,44,bottle,1,3,0,0.0,"{""44"":3}"
RPN,59231,418565,14,parking meter,1,3,0,0.0,"{""14"":3}"
RPN,59231,419015,14,parking meter,1,3,0,0.0,"{""14"":3}"
RPN,59654,2198597,1,person,1,3,0,0.0,"{""1"":3}"
RPN,60155,1216316,1,person,1,3,0,0.0,"{""1"":3}"
RPN,60155,1678398,1,person,1,3,0,0.0,"{""1"":3}"
RPN,60182,492541,1,person,1,3,0,0.0,"{""1"":3}"
RPN,60182,2206034,1,person,1,3,0,0.0,"{""1"":3}"
RPN,60378,240712,1,person,1,3,0,0.0,"{""1"":3}"
RPN,60378,240729,1,person,1,1,0,0.0,"{""1"":1}"
RPN,60624,203624,1,person,1,3,0,0.0,"{""1"":3}"
RPN,60624,259053,1,person,1,3,0,0.0,"{""1"":3}"
RPN,61144,1674378,88,teddy bear,1,3,0,0.0,"{""88"":3}"
RPN,61144,1675118,88,teddy bear,1,3,0,0.0,"{""88"":3}"
RPN,61144,2147787,88,teddy bear,1,2,0,0.0,"{""88"":2}"
RPN,61328,494311,1,person,1,3,0,0.0,"{""1"":3}"
RPN,61328,2204504,1,person,1,3,0,0.0,"{""1"":3}"
RPN,61372,539703,1,person,1,3,0,0.0,"{""1"":3}"
RPN,61372,1232274,1,person,1,3,0,0.0,"{""1"":3}"
RPN,61459,457711,1,person,1,2,0,0.0,"{""1"":2}"
RPN,61459,508325,1,person,1,3,0,0.0,"{""1"":3}"
RPN,61459,511856,1,person,1,3,0,0.0,"{""1"":3}"
RPN,61478,1236552,1,person,1,3,0,0.0,"{""1"":3}"
RPN,61478,1265479,1,person,1,2,0,0.0,"{""1"":2}"
RPN,61478,1273794,1,person,1,3,0,0.0,"{""1"":3}"
RPN,61843,1228142,1,person,1,3,0,0.0,"{""1"":3}"
RPN,61843,2205053,1,person,1,3,0,0.0,"{""1"":3}"
RPN,61936,1094383,70,toilet,1,3,0,0.0,"{""70"":3}"
RPN,61936,1094635,70,toilet,1,3,0,0.0,"{""70"":3}"
RPN,62203,463321,1,person,1,3,0,0.0,"{""1"":3}"
RPN,62203,1727501,1,person,1,3,0,0.0,"{""1"":3}"
RPN,62455,434347,1,person,1,3,0,0.0,"{""1"":3}"
RPN,62455,434537,1,person,1,3,0,0.0,"{""1"":3}"
RPN,62455,1727746,1,person,1,3,0,0.0,"{""1"":3}"
RPN,62477,349851,3,car,1,3,0,0.0,"{""3"":3}"
RPN,62477,361077,3,car,1,3,0,0.0,"{""3"":3}"
RPN,62477,1777418,3,car,1,3,0,0.0,"{""3"":3}"
RPN,63084,312627,54,sandwich,1,3,0,0.0,"{""54"":3}"
RPN,63084,313064,54,sandwich,1,3,0,0.0,"{""54"":3}"
RPN,63182,61748,20,sheep,1,3,0,0.0,"{""20"":3}"
RPN,63182,63218,20,sheep,1,3,0,0.0,"{""20"":3}"
RPN,63275,1096868,70,toilet,1,3,0,0.0,"{""70"":3}"
RPN,63337,471607,1,person,1,3,0,0.0,"{""1"":3}"
RPN,63337,506276,1,person,1,3,0,0.0,"{""1"":3}"
RPN,63485,311478,54,sandwich,1,3,0,0.0,"{""54"":3}"
RPN,63485,1909378,54,sandwich,1,3,0,0.0,"{""54"":3}"
RPN,63485,1910775,54,sandwich,1,3,0,0.0,"{""54"":3}"
RPN,63485,1911381,54,sandwich,1,2,0,0.0,"{""54"":2}"
RPN,63485,1911450,54,sandwich,1,2,0,0.0,"{""54"":2}"
RPN,63485,1911507,54,sandwich,1,2,0,0.0,"{""54"":2}"
RPN,63485,2219647,54,sandwich,1,1,0,0.0,"{""54"":1}"
RPN,63683,470988,1,person,1,3,0,0.0,"{""1"":3}"
RPN,63683,2157435,1,person,1,3,0,0.0,"{""1"":3}"
RPN,63820,160676,5,airplane,1,3,0,0.0,"{""5"":3}"
RPN,63820,161285,5,airplane,1,3,0,0.0,"{""5"":3}"
RPN,64317,157037,5,airplane,1,3,0,0.0,"{""5"":3}"
RPN,64317,247400,5,airplane,1,3,0,0.0,"{""5"":3}"
RPN,64392,498728,1,person,1,3,0,0.0,"{""1"":3}"
RPN,64392,2161162,1,person,1,3,0,0.0,"{""1"":3}"
RPN,64962,594949,25,giraffe,1,3,0,0.0,"{""25"":3}"
RPN,64962,596452,25,giraffe,1,3,0,0.0,"{""25"":3}"
RPN,65085,1565136,57,carrot,1,3,0,0.0,"{""57"":3}"
RPN,65085,1918883,57,carrot,1,3,0,0.0,"{""57"":3}"
RPN,65841,315260,65,bed,1,3,0,0.0,"{""65"":3}"
RPN,65841,318801,65,bed,1,3,0,0.0,"{""65"":3}"
RPN,66566,1900923,51,bowl,1,2,0,0.0,"{""51"":2}"
RPN,66566,1900979,51,bowl,1,3,0,0.0,"{""51"":3}"
RPN,66566,1964206,67,dining table,1,2,0,0.0,"{""67"":2}"
RPN,66669,1161123,88,teddy bear,1,3,0,0.0,"{""88"":3}"
RPN,66669,1161670,88,teddy bear,1,3,0,0.0,"{""88"":3}"
RPN,68159,431170,1,person,1,3,0,0.0,"{""1"":3}"
RPN,68159,527248,1,person,1,3,0,0.0,"{""1"":3}"
RPN,68159,554353,1,person,1,3,0,0.0,"{""1"":3}"
RPN,68459,441167,1,person,1,3,0,0.0,"{""1"":3}"
RPN,68459,457917,1,person,1,3,0,0.0,"{""1"":3}"
RPN,68797,1267104,1,person,1,3,0,0.0,"{""1"":3}"
RPN,68866,1182983,33,suitcase,1,2,0,0.0,"{""33"":2}"
RPN,68866,1184014,33,suitcase,1,3,0,0.0,"{""33"":3}"
RPN,68866,1187979,33,suitcase,1,3,0,0.0,"{""33"":3}"
RPN,68866,1444754,33,suitcase,1,1,0,0.0,"{""33"":1}"
RPN,69432,521716,1,person,1,3,0,0.0,"{""1"":3}"
RPN,69432,555812,1,person,1,3,0,0.0,"{""1"":3}"
RPN,69488,457848,1,person,1,3,0,0.0,"{""1"":3}"
RPN,69488,462553,1,person,1,3,0,0.0,"{""1"":3}"
RPN,69510,73671,21,cow,1,2,0,0.0,"{""21"":2}"
RPN,69510,75256,21,cow,1,2,0,0.0,"{""21"":2}"
RPN,71221,1044802,52,banana,1,2,0,0.0,"{""52"":2}"
RPN,71221,1045416,52,banana,1,2,0,0.0,"{""52"":2}"
RPN,71221,1046464,52,banana,1,2,0,0.0,"{""52"":2}"
RPN,71221,1046570,52,banana,1,1,0,0.0,"{""52"":1}"
RPN,71221,2186260,52,banana,1,2,0,0.0,"{""52"":2}"
RPN,71714,398060,8,truck,1,3,0,0.0,"{""8"":3}"
RPN,71714,2054005,8,truck,1,3,0,0.0,"{""8"":3}"
RPN,72701,313450,54,sandwich,1,2,0,0.0,"{""54"":2}"
RPN,72701,313545,54,sandwich,1,3,0,0.0,"{""54"":3}"
RPN,73174,221578,1,person,1,3,0,0.0,"{""1"":3}"
RPN,73174,1678300,1,person,1,3,0,0.0,"{""1"":3}"
RPN,73591,599729,25,giraffe,1,3,0,0.0,"{""25"":3}"
RPN,73591,599947,25,giraffe,1,3,0,0.0,"{""25"":3}"
RPN,73602,1184009,33,suitcase,1,3,0,0.0,"{""33"":3}"
RPN,73602,1842329,33,suitcase,1,3,0,0.0,"{""33"":3}"
RPN,73680,1092899,70,toilet,1,3,0,0.0,"{""70"":3}"
RPN,73680,1094643,70,toilet,1,3,0,0.0,"{""70"":3}"
RPN,74065,1271311,1,person,1,3,0,0.0,"{""1"":3}"
RPN,74065,1276935,1,person,1,3,0,0.0,"{""1"":3}"
RPN,74065,1687603,1,person,1,3,0,0.0,"{""1"":3}"
RPN,74065,1703208,1,person,1,3,0,0.0,"{""1"":3}"
RPN,74065,1710821,1,person,1,3,0,0.0,"{""1"":3}"
RPN,74549,309805,54,sandwich,1,3,0,0.0,"{""54"":3}"
RPN,74549,309956,54,sandwich,1,3,0,0.0,"{""54"":3}"
RPN,74942,1535819,51,bowl,1,3,0,0.0,"{""51"":3}"
RPN,74942,1898151,51,bowl,1,3,0,0.0,"{""51"":3}"
RPN,74942,1908583,54,sandwich,1,3,0,0.0,"{""54"":3}"
RPN,75691,38030,16,bird,1,3,0,0.0,"{""16"":3}"
RPN,75841,442787,1,person,1,3,0,0.0,"{""1"":3}"
RPN,75841,2198392,1,person,1,3,0,0.0,"{""1"":3}"
RPN,76245,357941,3,car,1,3,0,0.0,"{""3"":3}"
RPN,76245,466013,1,person,1,3,0,0.0,"{""1"":3}"
RPN,76245,543555,1,person,1,3,0,0.0,"{""1"":3}"
RPN,76245,1784502,3,car,1,4,0,0.0,"{""3"":4}"
RPN,76590,676341,47,cup,1,3,0,0.0,"{""47"":3}"
RPN,76590,683423,47,cup,1,3,0,0.0,"{""47"":3}"
RPN,76590,683530,47,cup,1,3,0,0.0,"{""47"":3}"
RPN,76590,1759890,1,person,1,3,0,0.0,"{""1"":3}"
RPN,76590,1760330,1,person,1,2,0,0.0,"{""1"":2}"
RPN,76590,1761609,1,person,1,3,0,0.0,"{""1"":3}"
RPN,76740,201385,1,person,1,1,0,0.0,"{""1"":1}"
RPN,76740,212911,1,person,1,2,0,0.0,"{""1"":2}"
RPN,76746,515193,1,person,1,3,0,0.0,"{""1"":3}"
RPN,76746,557897,1,person,1,3,0,0.0,"{""1"":3}"
RPN,76937,197946,1,person,1,3,0,0.0,"{""1"":3}"
RPN,76937,209202,1,person,1,3,0,0.0,"{""1"":3}"
RPN,76937,225824,1,person,1,3,0,0.0,"{""1"":3}"
RPN,77005,1210631,1,person,1,3,0,0.0,"{""1"":3}"
RPN,77005,1255434,1,person,1,2,0,0.0,"{""1"":2}"
RPN,77005,1310910,1,person,1,3,0,0.0,"{""1"":3}"
RPN,77005,2132479,67,dining table,1,3,0,0.0,"{""67"":3}"
RPN,77377,519603,1,person,1,3,0,0.0,"{""1"":3}"
RPN,77377,1612050,65,bed,1,3,3,1.0,"{""1"":3}"
RPN,77377,1612166,65,bed,1,3,0,0.0,"{""65"":3}"
RPN,77377,2151691,1,person,1,3,0,0.0,"{""1"":3}"
RPN,78009,1086351,61,cake,1,2,0,0.0,"{""61"":2}"
RPN,78009,1088885,61,cake,1,3,0,0.0,"{""61"":3}"
RPN,78425,154789,4,motorcycle,1,3,0,0.0,"{""4"":3}"
RPN,78425,155497,4,motorcycle,1,3,0,0.0,"{""4"":3}"
RPN,78425,1223855,1,person,1,3,0,0.0,"{""1"":3}"
RPN,78425,1236499,1,person,1,3,0,0.0,"{""1"":3}"
RPN,78425,1276081,1,person,1,3,0,0.0,"{""1"":3}"
RPN,78425,1697173,1,person,1,3,0,0.0,"{""1"":3}"
RPN,78425,1791398,4,motorcycle,1,2,0,0.0,"{""4"":2}"
RPN,78517,1243787,1,person,1,3,0,0.0,"{""1"":3}"
RPN,78536,310094,54,sandwich,1,2,0,0.0,"{""54"":2}"
RPN,78536,313427,54,sandwich,1,3,0,0.0,"{""54"":3}"
RPN,78583,438207,1,person,1,2,0,0.0,"{""1"":2}"
RPN,78583,440327,1,person,1,1,0,0.0,"{""1"":1}"
RPN,78583,468669,1,person,1,2,0,0.0,"{""1"":2}"
RPN,78583,474581,1,person,1,3,0,0.0,"{""1"":3}"
RPN,79313,534605,1,person,1,3,0,0.0,"{""1"":3}"
RPN,79313,545424,1,person,1,3,0,0.0,"{""1"":3}"
RPN,80305,482496,1,person,1,3,0,0.0,"{""1"":3}"
RPN,80305,554496,1,person,1,3,0,0.0,"{""1"":3}"
RPN,80818,592744,24,zebra,1,3,0,0.0,"{""24"":3}"
RPN,80818,593090,24,zebra,1,3,0,0.0,"{""24"":3}"
RPN,80818,593793,24,zebra,1,3,0,0.0,"{""24"":3}"
RPN,80835,36645,16,bird,1,2,0,0.0,"{""16"":2}"
RPN,80835,42019,16,bird,1,3,0,0.0,"{""16"":3}"
RPN,81135,1236618,1,person,1,3,0,0.0,"{""1"":3}"
RPN,81135,1256487,1,person,1,3,0,0.0,"{""1"":3}"
RPN,81799,172382,7,train,1,3,0,0.0,"{""7"":3}"
RPN,83959,1078968,60,donut,1,3,0,0.0,"{""60"":3}"
RPN,83959,1081799,60,donut,1,3,0,0.0,"{""60"":3}"
RPN,84167,431117,1,person,1,3,0,0.0,"{""1"":3}"
RPN,84167,458956,1,person,1,3,0,0.0,"{""1"":3}"
RPN,84259,710146,51,bowl,1,3,0,0.0,"{""51"":3}"
RPN,84259,1538552,51,bowl,1,2,0,0.0,"{""51"":2}"
RPN,84259,1539043,51,bowl,1,2,0,0.0,"{""51"":2}"
RPN,84594,188790,1,person,1,3,0,0.0,"{""1"":3}"
RPN,84594,2151098,1,person,1,3,0,0.0,"{""1"":3}"
RPN,87235,1543048,52,banana,1,3,0,0.0,"{""52"":3}"
RPN,87235,1544713,52,banana,1,1,0,0.0,"{""52"":1}"
RPN,87671,189186,1,person,1,3,0,0.0,"{""1"":3}"
RPN,87671,238027,1,person,1,3,0,0.0,"{""1"":3}"
RPN,87878,1623839,70,toilet,1,2,0,0.0,"{""70"":2}"
RPN,87878,1624178,70,toilet,1,2,0,0.0,"{""70"":2}"
RPN,87878,1624255,70,toilet,1,2,0,0.0,"{""70"":2}"
RPN,87878,1624281,70,toilet,1,3,0,0.0,"{""70"":3}"
RPN,87878,1624301,70,toilet,1,3,0,0.0,"{""70"":3}"
RPN,87878,1624327,70,toilet,1,4,0,0.0,"{""70"":4}"
RPN,88425,648591,42,surfboard,1,3,0,0.0,"{""42"":3}"
RPN,88425,651102,42,surfboard,1,3,0,0.0,"{""42"":3}"
RPN,88726,38630,16,bird,1,3,0,0.0,"{""16"":3}"
RPN,88726,39960,16,bird,1,3,0,0.0,"{""16"":3}"
RPN,89005,39939,16,bird,1,3,0,0.0,"{""16"":3}"
RPN,89005,272846,16,bird,1,3,0,0.0,"{""16"":3}"
RPN,89181,505347,1,person,1,3,0,0.0,"{""1"":3}"
RPN,89181,514884,1,person,1,3,0,0.0,"{""1"":3}"
RPN,89651,450350,1,person,1,4,0,0.0,"{""1"":4}"
RPN,89651,469483,1,person,1,3,0,0.0,"{""1"":3}"
RPN,89882,431078,1,person,1,3,0,0.0,"{""1"":3}"
RPN,89882,525768,1,person,1,3,0,0.0,"{""1"":3}"
RPN,90350,57546,19,horse,1,3,0,0.0,"{""19"":3}"
RPN,90350,273670,19,horse,1,3,0,0.0,"{""19"":3}"
RPN,91055,192539,1,person,1,3,0,0.0,"{""1"":3}"
RPN,91055,215209,1,person,1,3,0,0.0,"{""1"":3}"
RPN,91055,256495,1,person,1,3,0,0.0,"{""1"":3}"
RPN,91056,84923,44,bottle,1,3,0,0.0,"{""44"":3}"
RPN,91056,91815,44,bottle,1,2,0,0.0,"{""44"":2}"
RPN,91056,441159,1,person,1,3,0,0.0,"{""1"":3}"
RPN,91056,1749805,1,person,1,2,0,0.0,"{""1"":2}"
RPN,92480,48704,17,cat,1,3,0,0.0,"{""17"":3}"
RPN,92480,50718,17,cat,1,3,0,0.0,"{""17"":3}"
RPN,92974,2203802,1,person,1,3,0,0.0,"{""1"":3}"
RPN,92974,2203893,1,person,1,3,0,0.0,"{""1"":3}"
RPN,93078,422692,1,person,1,3,0,0.0,"{""1"":3}"
RPN,93078,547078,1,person,1,3,0,0.0,"{""1"":3}"
RPN,93171,63910,20,sheep,1,3,0,0.0,"{""20"":3}"
RPN,93171,64321,20,sheep,1,3,0,0.0,"{""20"":3}"
RPN,93885,433814,1,person,1,3,0,0.0,"{""1"":3}"
RPN,93992,715981,51,bowl,1,3,0,0.0,"{""51"":3}"
RPN,93992,1040221,51,bowl,1,1,0,0.0,"{""51"":1}"
RPN,93992,1040955,51,bowl,1,2,0,0.0,"{""51"":2}"
RPN,93992,1531551,51,bowl,1,3,0,0.0,"{""51"":3}"
RPN,94084,1055496,56,broccoli,1,1,0,0.0,"{""56"":1}"
RPN,94084,1056828,56,broccoli,1,2,0,0.0,"{""56"":2}"
RPN,94084,1059082,56,broccoli,1,2,0,0.0,"{""56"":2}"
RPN,94084,1060779,56,broccoli,1,3,0,0.0,"{""56"":3}"
RPN,94084,1562655,56,broccoli,1,1,0,0.0,"{""56"":1}"
RPN,94826,64842,20,sheep,1,3,0,0.0,"{""20"":3}"
RPN,94826,66443,20,sheep,1,3,0,0.0,"{""20"":3}"
RPN,95257,428361,1,person,1,3,0,0.0,"{""1"":3}"
RPN,95257,507699,1,person,1,3,0,0.0,"{""1"":3}"
RPN,95257,583172,22,elephant,1,3,0,0.0,"{""22"":3}"
RPN,95257,583211,22,elephant,1,3,0,0.0,"{""22"":3}"
RPN,95257,583479,22,elephant,1,3,0,0.0,"{""22"":3}"
RPN,95455,1208825,1,person,1,3,0,0.0,"{""1"":3}"
RPN,95455,1212567,1,person,1,3,0,0.0,"{""1"":3}"
RPN,95455,2161843,1,person,1,3,0,0.0,"{""1"":3}"
RPN,96586,1823321,25,giraffe,1,3,0,0.0,"{""25"":3}"
RPN,96586,1823544,25,giraffe,1,2,0,0.0,"{""25"":2}"
RPN,96808,317392,65,bed,1,2,0,0.0,"{""65"":2}"
RPN,96808,317947,65,bed,1,3,0,0.0,"{""65"":3}"
RPN,97450,208631,1,person,1,3,0,0.0,"{""1"":3}"
RPN,97450,213444,1,person,1,3,0,0.0,"{""1"":3}"
RPN,97795,429469,1,person,1,3,0,0.0,"{""1"":3}"
RPN,97795,450102,1,person,1,3,0,0.0,"{""1"":3}"
RPN,99040,597445,25,giraffe,1,3,0,0.0,"{""25"":3}"
RPN,99040,599414,25,giraffe,1,3,0,0.0,"{""25"":3}"
RPN,99159,2096586,44,bottle,1,3,0,0.0,"{""44"":3}"
RPN,99724,486376,1,person,1,3,0,0.0,"{""1"":3}"
RPN,99724,570027,1,person,1,3,0,0.0,"{""1"":3}"
RPN,100667,460001,1,person,1,3,0,0.0,"{""1"":3}"
RPN,100667,506735,1,person,1,3,0,0.0,"{""1"":3}"
RPN,100667,1042185,52,banana,1,2,0,0.0,"{""52"":2}"
RPN,100667,1265445,1,person,1,3,0,0.0,"{""1"":3}"
RPN,100722,635994,40,baseball glove,1,3,0,0.0,"{""40"":3}"
RPN,100812,106787,62,chair,1,2,0,0.0,"{""62"":2}"
RPN,100812,111208,62,chair,1,3,0,0.0,"{""62"":3}"
RPN,101479,28259,72,tv,1,3,0,0.0,"{""72"":3}"
RPN,101479,34791,72,tv,1,3,0,0.0,"{""72"":3}"
RPN,101548,1957828,65,bed,1,3,0,0.0,"{""65"":3}"
RPN,101548,1957862,65,bed,1,3,0,0.0,"{""65"":3}"
RPN,101697,103882,62,chair,1,3,0,0.0,"{""62"":3}"
RPN,101807,600157,25,giraffe,1,3,0,0.0,"{""25"":3}"
RPN,101807,600871,25,giraffe,1,3,0,0.0,"{""25"":3}"
RPN,102252,583477,22,elephant,1,3,0,0.0,"{""22"":3}"
RPN,102252,583954,22,elephant,1,3,0,0.0,"{""22"":3}"
RPN,102667,229105,1,person,1,3,0,0.0,"{""1"":3}"
RPN,102667,1280566,1,person,1,3,0,0.0,"{""1"":3}"
RPN,104114,1544258,52,banana,1,1,0,0.0,"{""52"":1}"
RPN,104114,1547536,52,banana,1,1,0,0.0,"{""52"":1}"
RPN,104114,1547780,52,banana,1,2,0,0.0,"{""52"":2}"
RPN,104114,1548260,52,banana,1,2,0,0.0,"{""52"":2}"
RPN,104114,2110491,52,banana,1,3,0,0.0,"{""52"":3}"
RPN,104410,1097332,70,toilet,1,3,0,0.0,"{""70"":3}"
RPN,104410,1097403,70,toilet,1,3,0,0.0,"{""70"":3}"
RPN,104752,487734,1,person,1,3,0,0.0,"{""1"":3}"
RPN,104752,520291,1,person,1,3,0,0.0,"{""1"":3}"
RPN,104752,2139141,79,oven,1,3,0,0.0,"{""79"":3}"
RPN,104973,470237,1,person,1,3,0,0.0,"{""1"":3}"
RPN,104973,471652,1,person,1,3,0,0.0,"{""1"":3}"
RPN,104973,1238418,1,person,1,3,0,0.0,"{""1"":3}"
RPN,105063,475742,1,person,1,3,0,0.0,"{""1"":3}"
RPN,105063,496504,1,person,1,3,0,0.0,"{""1"":3}"
RPN,105620,1545157,52,banana,1,2,0,0.0,"{""52"":2}"
RPN,105620,1904416,52,banana,1,3,0,0.0,"{""52"":3}"
RPN,105633,2158346,1,person,1,3,0,0.0,"{""1"":3}"
RPN,105633,2159406,1,person,1,3,0,0.0,"{""1"":3}"
RPN,105660,595130,25,giraffe,1,2,0,0.0,"{""25"":2}"
RPN,105660,598281,25,giraffe,1,3,0,0.0,"{""25"":3}"
RPN,106315,1052016,55,orange,1,3,0,0.0,"{""55"":3}"
RPN,106315,1911604,55,orange,1,3,0,0.0,"{""55"":3}"
RPN,106397,418237,14,parking meter,1,3,0,0.0,"{""14"":3}"
RPN,106397,418586,14,parking meter,1,3,0,0.0,"{""14"":3}"
RPN,106637,449679,1,person,1,3,0,0.0,"{""1"":3}"
RPN,106637,481118,1,person,1,3,0,0.0,"{""1"":3}"
RPN,106994,456865,1,person,1,3,0,0.0,"{""1"":3}"
RPN,106994,1237010,1,person,1,2,0,0.0,"{""1"":2}"
RPN,108123,516208,1,person,1,2,0,0.0,"{""1"":2}"
RPN,108123,527757,1,person,1,3,0,0.0,"{""1"":3}"
RPN,108123,2160741,1,person,1,3,0,0.0,"{""1"":3}"
RPN,108501,1268000,1,person,1,3,0,0.0,"{""1"":3}"
RPN,108501,1282721,1,person,1,3,0,0.0,"{""1"":3}"
RPN,108501,1285068,1,person,1,3,0,0.0,"{""1"":3}"
RPN,108920,71033,21,cow,1,3,0,0.0,"{""21"":3}"
RPN,108920,72553,21,cow,1,3,0,0.0,"{""21"":3}"
RPN,109008,1682791,1,person,1,3,0,0.0,"{""1"":3}"
RPN,109008,1701660,1,person,1,3,0,0.0,"{""1"":3}"
RPN,109114,308543,54,sandwich,1,3,0,0.0,"{""54"":3}"
RPN,109114,1552953,54,sandwich,1,3,0,0.0,"{""54"":3}"
RPN,109777,148046,4,motorcycle,1,3,0,0.0,"{""4"":3}"
RPN,109777,154498,4,motorcycle,1,3,0,0.0,"{""4"":3}"
RPN,109778,504349,1,person,1,4,0,0.0,"{""1"":4}"
RPN,109778,522844,1,person,1,3,0,0.0,"{""1"":3}"
RPN,109778,1570388,59,pizza,1,3,0,0.0,"{""59"":3}"
RPN,109908,1361643,4,motorcycle,1,2,0,0.0,"{""4"":2}"
RPN,109908,1791872,4,motorcycle,1,3,0,0.0,"{""4"":3}"
RPN,110230,13854,18,dog,1,3,0,0.0,"{""18"":3}"
RPN,110230,17252,18,dog,1,3,0,0.0,"{""18"":3}"
RPN,110252,1041544,52,banana,1,3,0,0.0,"{""52"":3}"
RPN,110989,51833,17,cat,1,3,0,0.0,"{""17"":3}"
RPN,110989,52888,17,cat,1,3,0,0.0,"{""17"":3}"
RPN,111045,482960,1,person,1,3,0,0.0,"{""1"":3}"
RPN,111045,513792,1,person,1,3,0,0.0,"{""1"":3}"
RPN,111195,1201134,1,person,1,3,0,0.0,"{""1"":3}"
RPN,111195,1223853,1,person,1,3,0,0.0,"{""1"":3}"
RPN,111195,1256959,1,person,1,3,0,0.0,"{""1"":3}"
RPN,111543,331890,82,refrigerator,1,3,0,0.0,"{""82"":3}"
RPN,111705,120013,67,dining table,1,3,0,0.0,"{""67"":3}"
RPN,111705,120557,67,dining table,1,3,0,0.0,"{""67"":3}"
RPN,111754,428442,1,person,1,3,0,0.0,"{""1"":3}"
RPN,111754,490486,1,person,1,3,0,0.0,"{""1"":3}"
RPN,111998,1297468,1,person,1,3,0,0.0,"{""1"":3}"
RPN,111998,1317917,1,person,1,3,0,0.0,"{""1"":3}"
RPN,111998,1319873,1,person,1,3,0,0.0,"{""1"":3}"
RPN,111998,1324241,1,person,1,3,0,0.0,"{""1"":3}"
RPN,112495,1533353,51,bowl,1,3,0,0.0,"{""51"":3}"
RPN,112495,1536631,51,bowl,1,3,0,0.0,"{""51"":3}"
RPN,113123,1184759,33,suitcase,1,3,0,0.0,"{""33"":3}"
RPN,113123,1842623,33,suitcase,1,2,0,0.0,"{""33"":2}"
RPN,113244,1084583,61,cake,1,3,0,0.0,"{""61"":3}"
RPN,113244,1086183,61,cake,1,2,0,0.0,"{""61"":2}"
RPN,113244,1089530,61,cake,1,2,0,0.0,"{""61"":2}"
RPN,113244,1089675,61,cake,1,2,0,0.0,"{""61"":2}"
RPN,113844,328479,77,cell phone,1,1,0,0.0,"{""77"":1}"
RPN,113844,328597,77,cell phone,1,3,0,0.0,"{""77"":3}"
RPN,113844,328692,77,cell phone,1,3,0,0.0,"{""77"":3}"
RPN,114132,317821,65,bed,1,2,0,0.0,"{""65"":2}"
RPN,114132,319111,65,bed,1,3,0,0.0,"{""65"":3}"
RPN,114185,462867,1,person,1,2,0,0.0,"{""1"":2}"
RPN,114185,501032,1,person,1,3,0,0.0,"{""1"":3}"
RPN,114801,462020,1,person,1,3,0,0.0,"{""1"":3}"
RPN,114801,512436,1,person,1,3,0,0.0,"{""1"":3}"
RPN,115524,48934,17,cat,1,3,0,0.0,"{""17"":3}"
RPN,115524,50754,17,cat,1,3,0,0.0,"{""17"":3}"
RPN,116049,1212451,1,person,1,3,0,0.0,"{""1"":3}"
RPN,116049,1227169,1,person,1,3,0,0.0,"{""1"":3}"
RPN,116049,1265888,1,person,1,3,0,0.0,"{""1"":3}"
RPN,116603,1052136,55,orange,1,3,0,0.0,"{""55"":3}"
RPN,116603,1052245,55,orange,1,3,0,0.0,"{""55"":3}"
RPN,116607,396829,8,truck,1,2,0,0.0,"{""8"":2}"
RPN,116607,399470,8,truck,1,3,0,0.0,"{""8"":3}"
RPN,117114,493499,1,person,1,3,0,0.0,"{""1"":3}"
RPN,117114,1728917,1,person,1,3,0,0.0,"{""1"":3}"
RPN,117114,2156806,1,person,1,3,0,0.0,"{""1"":3}"
RPN,117250,459801,1,person,1,3,0,0.0,"{""1"":3}"
RPN,117250,1722822,1,person,1,3,0,0.0,"{""1"":3}"
RPN,117447,1099187,73,laptop,1,3,0,0.0,"{""73"":3}"
RPN,117447,1102591,73,laptop,1,3,0,0.0,"{""73"":3}"
RPN,117578,1070799,59,pizza,1,2,0,0.0,"{""59"":2}"
RPN,117578,1073951,59,pizza,1,3,0,0.0,"{""59"":3}"
RPN,117578,1570901,59,pizza,1,3,0,0.0,"{""59"":3}"
RPN,117677,487016,1,person,1,3,0,0.0,"{""1"":3}"
RPN,117677,495826,1,person,1,3,0,0.0,"{""1"":3}"
RPN,117677,513035,1,person,1,3,0,0.0,"{""1"":3}"
RPN,117969,591161,24,zebra,1,3,0,0.0,"{""24"":3}"
RPN,117969,591583,24,zebra,1,2,0,0.0,"{""24"":2}"
RPN,118150,1247819,1,person,1,3,0,0.0,"{""1"":3}"
RPN,118543,1048993,53,apple,1,3,0,0.0,"{""53"":3}"
RPN,118543,1049798,53,apple,1,3,0,0.0,"{""53"":3}"
RPN,118543,1049848,53,apple,1,3,0,0.0,"{""53"":3}"
RPN,118780,72130,21,cow,1,3,0,0.0,"{""21"":3}"
RPN,118780,1820214,21,cow,1,3,0,0.0,"{""21"":3}"
RPN,119129,380874,62,chair,1,3,0,0.0,"{""62"":3}"
RPN,119129,382722,62,chair,1,2,0,0.0,"{""62"":2}"
RPN,119263,215252,1,person,1,3,0,0.0,"{""1"":3}"
RPN,119263,227985,1,person,1,3,0,0.0,"{""1"":3}"
RPN,120333,357841,3,car,1,3,0,0.0,"{""3"":3}"
RPN,120333,425303,1,person,1,3,0,0.0,"{""1"":3}"
RPN,120333,461453,1,person,1,3,0,0.0,"{""1"":3}"
RPN,120431,458335,1,person,1,3,0,0.0,"{""1"":3}"
RPN,120431,2204971,1,person,1,3,0,0.0,"{""1"":3}"
RPN,121174,505119,1,person,1,3,0,0.0,"{""1"":3}"
RPN,121174,509710,1,person,1,2,0,0.0,"{""1"":2}"
RPN,121174,539551,1,person,1,3,0,0.0,"{""1"":3}"
RPN,121174,549305,1,person,1,3,0,0.0,"{""1"":3}"
RPN,121174,2153326,1,person,1,3,0,0.0,"{""1"":3}"
RPN,121181,1213525,1,person,1,2,0,0.0,"{""1"":2}"
RPN,121181,1231175,1,person,1,3,0,0.0,"{""1"":3}"
RPN,121181,1258986,1,person,1,3,0,0.0,"{""1"":3}"
RPN,121683,478056,1,person,1,3,0,0.0,"{""1"":3}"
RPN,121683,1100091,73,laptop,1,2,0,0.0,"{""73"":2}"
RPN,121683,1257555,1,person,1,3,0,0.0,"{""1"":3}"
RPN,121683,1626944,73,laptop,1,3,0,0.0,"{""73"":3}"
RPN,121683,1627462,73,laptop,1,3,0,0.0,"{""73"":3}"
RPN,121683,2165278,1,person,1,3,0,0.0,"{""1"":3}"
RPN,122436,309661,54,sandwich,1,3,0,0.0,"{""54"":3}"
RPN,122436,311340,54,sandwich,1,3,0,0.0,"{""54"":3}"
RPN,122459,70892,21,cow,1,3,0,0.0,"{""21"":3}"
RPN,122459,71797,21,cow,1,3,0,0.0,"{""21"":3}"
RPN,122560,582877,22,elephant,1,3,0,0.0,"{""22"":3}"
RPN,122560,583586,22,elephant,1,3,0,0.0,"{""22"":3}"
RPN,122918,422754,1,person,1,3,0,0.0,"{""1"":3}"
RPN,122918,1716779,1,person,1,2,0,0.0,"{""1"":2}"
RPN,122959,1674458,88,teddy bear,1,1,0,0.0,"{""88"":1}"
RPN,122959,1674548,88,teddy bear,1,2,0,0.0,"{""88"":2}"
RPN,122959,1674993,88,teddy bear,1,2,0,0.0,"{""88"":2}"
RPN,122959,1675807,88,teddy bear,1,3,0,0.0,"{""88"":3}"
RPN,123180,594892,25,giraffe,1,3,0,0.0,"{""25"":3}"
RPN,123180,597759,25,giraffe,1,3,0,0.0,"{""25"":3}"
RPN,124347,525134,1,person,1,3,0,0.0,"{""1"":3}"
RPN,124347,540130,1,person,1,3,0,0.0,"{""1"":3}"
RPN,125298,1187761,33,suitcase,1,3,0,0.0,"{""33"":3}"
RPN,125298,1187952,33,suitcase,1,2,0,0.0,"{""33"":2}"
RPN,125550,425379,1,person,1,2,0,0.0,"{""1"":2}"
RPN,125550,474150,1,person,1,3,0,0.0,"{""1"":3}"
RPN,125550,518190,1,person,1,3,0,0.0,"{""1"":3}"
RPN,125550,518312,1,person,1,2,0,0.0,"{""1"":2}"
RPN,125690,51172,17,cat,1,3,0,0.0,"{""17"":3}"
RPN,125690,52077,17,cat,1,3,0,0.0,"{""17"":3}"
RPN,125785,170873,7,train,1,3,0,0.0,"{""7"":3}"
RPN,125785,1795687,7,train,1,3,0,0.0,"{""7"":3}"
RPN,125882,380258,62,chair,1,3,0,0.0,"{""62"":3}"
RPN,125882,452724,1,person,1,3,0,0.0,"{""1"":3}"
RPN,125882,452866,1,person,1,3,0,0.0,"{""1"":3}"
RPN,125882,467078,1,person,1,3,0,0.0,"{""1"":3}"
RPN,126825,594638,25,giraffe,1,3,0,0.0,"{""25"":3}"
RPN,127214,585447,22,elephant,1,3,0,0.0,"{""22"":3}"
RPN,127214,585493,22,elephant,1,2,0,0.0,"{""22"":2}"
RPN,127214,585727,22,elephant,1,2,0,0.0,"{""22"":2}"
RPN,127282,1153593,86,vase,1,3,0,0.0,"{""86"":3}"
RPN,127282,1154308,86,vase,1,3,0,0.0,"{""86"":3}"
RPN,127282,1154727,86,vase,1,3,0,0.0,"{""86"":3}"
RPN,128127,530972,1,person,1,3,0,0.0,"{""1"":3}"
RPN,128127,1242930,1,person,1,3,0,0.0,"{""1"":3}"
RPN,128286,1465870,38,kite,1,1,0,0.0,"{""38"":1}"
RPN,128286,1856611,38,kite,1,2,0,0.0,"{""38"":2}"
RPN,128434,104569,62,chair,1,3,0,0.0,"{""62"":3}"
RPN,128955,208469,1,person,1,3,0,0.0,"{""1"":3}"
RPN,128955,209738,1,person,1,3,0,0.0,"{""1"":3}"
RPN,129551,494387,1,person,1,3,0,0.0,"{""1"":3}"
RPN,129551,502005,1,person,1,3,0,0.0,"{""1"":3}"
RPN,129771,91780,44,bottle,1,3,0,0.0,"{""44"":3}"
RPN,129806,10730,18,dog,1,3,0,0.0,"{""18"":3}"
RPN,129806,16530,18,dog,1,3,0,0.0,"{""18"":3}"
RPN,129806,16537,18,dog,1,3,0,0.0,"{""18"":3}"
RPN,130081,431079,1,person,1,3,0,0.0,"{""1"":3}"
RPN,130081,459567,1,person,1,3,0,0.0,"{""1"":3}"
RPN,130081,492578,1,person,1,3,0,0.0,"{""1"":3}"
RPN,130324,1064607,57,carrot,1,3,0,0.0,"{""57"":3}"
RPN,130324,1919207,57,carrot,1,2,0,0.0,"{""57"":2}"
RPN,131030,428628,1,person,1,3,0,0.0,"{""1"":3}"
RPN,131030,493291,1,person,1,3,0,0.0,"{""1"":3}"
RPN,131030,1735067,1,person,1,3,0,0.0,"{""1"":3}"
RPN,131058,427445,1,person,1,3,0,0.0,"{""1"":3}"
RPN,131058,1714605,1,person,1,3,0,0.0,"{""1"":3}"
RPN,131074,318235,65,bed,1,3,0,0.0,"{""65"":3}"
RPN,131074,319598,65,bed,1,3,0,0.0,"{""65"":3}"
RPN,131118,159318,5,airplane,1,3,0,0.0,"{""5"":3}"
RPN,131595,341029,85,clock,1,3,0,0.0,"{""85"":3}"
RPN,131595,341065,85,clock,1,2,0,0.0,"{""85"":2}"
RPN,131595,2197162,85,clock,1,3,0,0.0,"{""85"":3}"
RPN,131816,478257,1,person,1,3,0,0.0,"{""1"":3}"
RPN,131816,479040,1,person,1,3,0,0.0,"{""1"":3}"
RPN,131816,1724981,1,person,1,3,0,0.0,"{""1"":3}"
RPN,132165,14089,18,dog,1,3,0,0.0,"{""18"":3}"
RPN,132165,17321,18,dog,1,3,0,0.0,"{""18"":3}"
RPN,132529,101528,62,chair,1,2,0,0.0,"{""62"":2}"
RPN,132529,106244,62,chair,1,3,0,0.0,"{""62"":3}"
RPN,132529,184535,1,person,1,3,0,0.0,"{""1"":3}"
RPN,132529,185712,1,person,1,3,0,0.0,"{""1"":3}"
RPN,132889,427094,1,person,1,3,0,0.0,"{""1"":3}"
RPN,132889,469881,1,person,1,3,0,0.0,"{""1"":3}"
RPN,132889,1214012,1,person,1,3,0,0.0,"{""1"":3}"
RPN,133654,545505,1,person,1,2,0,0.0,"{""1"":2}"
RPN,133654,547869,1,person,1,3,0,0.0,"{""1"":3}"
RPN,133654,549295,1,person,1,3,0,0.0,"{""1"":3}"
RPN,133654,1706674,1,person,1,3,0,0.0,"{""1"":3}"
RPN,134100,432884,1,person,1,2,0,0.0,"{""1"":2}"
RPN,134100,437862,1,person,1,3,0,0.0,"{""1"":3}"
RPN,134100,504466,1,person,1,3,0,0.0,"{""1"":3}"
RPN,134447,500556,1,person,1,3,0,0.0,"{""1"":3}"
RPN,134447,509504,1,person,1,3,0,0.0,"{""1"":3}"
RPN,134447,1728699,1,person,1,3,0,0.0,"{""1"":3}"
RPN,134474,586499,23,bear,1,3,0,0.0,"{""23"":3}"
RPN,134474,587031,23,bear,1,3,0,0.0,"{""23"":3}"
RPN,134755,1902997,51,bowl,1,3,0,0.0,"{""51"":3}"
RPN,134755,1903420,51,bowl,1,3,0,0.0,"{""51"":3}"
RPN,134755,1903564,51,bowl,1,3,0,0.0,"{""51"":3}"
RPN,134755,1903599,51,bowl,1,3,0,0.0,"{""51"":3}"
RPN,135242,223440,1,person,1,3,0,0.0,"{""1"":3}"
RPN,135242,225761,1,person,1,3,0,0.0,"{""1"":3}"
RPN,136184,1212039,1,person,1,3,0,0.0,"{""1"":3}"
RPN,136184,1257337,1,person,1,3,0,0.0,"{""1"":3}"
RPN,136184,1738983,1,person,1,3,0,0.0,"{""1"":3}"
RPN,136232,312494,54,sandwich,1,3,0,0.0,"{""54"":3}"
RPN,136232,312684,54,sandwich,1,3,0,0.0,"{""54"":3}"
RPN,136232,312770,54,sandwich,1,2,0,0.0,"{""54"":2}"
RPN,136651,192712,1,person,1,3,0,0.0,"{""1"":3}"
RPN,136651,1249864,1,person,1,3,0,0.0,"{""1"":3}"
RPN,136811,464733,1,person,1,3,0,0.0,"{""1"":3}"
RPN,136811,502208,1,person,1,3,0,0.0,"{""1"":3}"
RPN,136811,520495,1,person,1,3,0,0.0,"{""1"":3}"
RPN,137320,1042719,52,banana,1,2,0,0.0,"{""52"":2}"
RPN,138772,327318,77,cell phone,1,3,0,0.0,"{""77"":3}"
RPN,138772,2195989,77,cell phone,1,3,0,0.0,"{""77"":3}"
RPN,139429,188298,1,person,1,3,0,0.0,"{""1"":3}"
RPN,139429,201350,1,person,1,3,0,0.0,"{""1"":3}"
RPN,139568,71958,21,cow,1,3,0,0.0,"{""21"":3}"
RPN,139568,72489,21,cow,1,3,0,0.0,"{""21"":3}"
RPN,139811,368701,19,horse,1,2,0,0.0,"{""19"":2}"
RPN,140108,112975,63,couch,1,3,0,0.0,"{""63"":3}"
RPN,140108,114565,63,couch,1,2,0,0.0,"{""63"":2}"
RPN,140291,434823,1,person,1,3,0,0.0,"{""1"":3}"
RPN,140291,466250,1,person,1,3,0,0.0,"{""1"":3}"
RPN,140320,98501,63,couch,1,3,0,0.0,"{""63"":3}"
RPN,140320,115080,63,couch,1,3,0,0.0,"{""63"":3}"
RPN,140954,189260,1,person,1,3,0,0.0,"{""1"":3}"
RPN,140954,213317,1,person,1,3,0,0.0,"{""1"":3}"
RPN,141056,1075728,59,pizza,1,3,0,0.0,"{""59"":3}"
RPN,141056,1076859,59,pizza,1,1,0,0.0,"{""59"":1}"
RPN,141101,485976,1,person,1,3,0,0.0,"{""1"":3}"
RPN,141101,1223252,1,person,1,3,0,0.0,"{""1"":3}"
RPN,141702,487242,1,person,1,3,0,0.0,"{""1"":3}"
RPN,141702,515313,1,person,1,3,0,0.0,"{""1"":3}"
RPN,141827,590642,24,zebra,1,3,0,0.0,"{""24"":3}"
RPN,141827,1412280,24,zebra,1,3,0,0.0,"{""24"":3}"
RPN,142426,1183958,33,suitcase,1,2,0,0.0,"{""33"":2}"
RPN,142426,1184413,33,suitcase,1,3,0,0.0,"{""33"":3}"
RPN,142426,1187958,33,suitcase,1,3,0,0.0,"{""33"":3}"
RPN,143003,1039374,51,bowl,1,3,0,0.0,"{""51"":3}"
RPN,143003,1039875,51,bowl,1,3,0,0.0,"{""51"":3}"
RPN,143003,1040728,51,bowl,1,3,0,0.0,"{""51"":3}"
RPN,143323,711731,51,bowl,1,3,3,1.0,"{""53"":3}"
RPN,143323,1537560,51,bowl,1,3,0,0.0,"{""51"":3}"
RPN,143323,1900188,51,bowl,1,3,0,0.0,"{""51"":3}"
RPN,143665,184119,1,person,1,3,0,0.0,"{""1"":3}"
RPN,143665,198273,1,person,1,3,0,0.0,"{""1"":3}"
RPN,143665,204488,1,person,1,3,0,0.0,"{""1"":3}"
RPN,144018,1803477,9,boat,1,3,0,0.0,"{""9"":3}"
RPN,144018,1803962,9,boat,1,1,0,0.0,"{""9"":1}"
RPN,144320,1071868,59,pizza,1,2,0,0.0,"{""59"":2}"
RPN,144320,1075113,59,pizza,1,3,0,0.0,"{""59"":3}"
RPN,144817,446441,1,person,1,3,0,0.0,"{""1"":3}"
RPN,144817,512624,1,person,1,3,0,0.0,"{""1"":3}"
RPN,144851,459097,1,person,1,3,0,0.0,"{""1"":3}"
RPN,144851,1725452,1,person,1,2,0,0.0,"{""1"":2}"
RPN,145351,426906,1,person,1,3,0,0.0,"{""1"":3}"
RPN,145351,2155218,1,person,1,2,0,0.0,"{""1"":2}"
RPN,147701,488802,1,person,1,3,0,0.0,"{""1"":3}"
RPN,147701,514926,1,person,1,3,0,0.0,"{""1"":3}"
RPN,147701,1239052,1,person,1,3,0,0.0,"{""1"":3}"
RPN,147733,1041529,52,banana,1,3,0,0.0,"{""52"":3}"
RPN,147733,1041933,52,banana,1,3,0,0.0,"{""52"":3}"
RPN,148044,22594,64,potted plant,1,3,0,0.0,"{""64"":3}"
RPN,148044,26283,64,potted plant,1,2,0,0.0,"{""64"":2}"
RPN,148044,1155675,86,vase,1,3,0,0.0,"{""86"":3}"
RPN,148044,1156596,86,vase,1,3,0,0.0,"{""86"":3}"
RPN,148047,463791,1,person,1,3,0,0.0,"{""1"":3}"
RPN,148047,474228,1,person,1,3,0,0.0,"{""1"":3}"
RPN,148602,158797,5,airplane,1,3,0,0.0,"{""5"":3}"
RPN,148602,160832,5,airplane,1,3,0,0.0,"{""5"":3}"
RPN,148809,106584,62,chair,1,3,0,0.0,"{""62"":3}"
RPN,148809,1585604,62,chair,1,3,0,0.0,"{""62"":3}"
RPN,148809,2190497,62,chair,1,3,0,0.0,"{""62"":3}"
RPN,149253,63324,20,sheep,1,3,0,0.0,"{""20"":3}"
RPN,149253,64857,20,sheep,1,2,0,0.0,"{""20"":2}"
RPN,149498,426236,1,person,1,3,0,0.0,"{""1"":3}"
RPN,149498,1221191,1,person,1,3,0,0.0,"{""1"":3}"
RPN,150100,461684,1,person,1,3,0,0.0,"{""1"":3}"
RPN,150100,488640,1,person,1,3,0,0.0,"{""1"":3}"
RPN,150477,465765,1,person,1,3,0,0.0,"{""1"":3}"
RPN,150477,2204843,1,person,1,3,0,0.0,"{""1"":3}"
RPN,151163,458461,1,person,1,3,0,0.0,"{""1"":3}"
RPN,151163,464944,1,person,1,3,0,0.0,"{""1"":3}"
RPN,151236,484584,1,person,1,3,0,0.0,"{""1"":3}"
RPN,151236,1750421,1,person,1,3,0,0.0,"{""1"":3}"
RPN,151729,427795,1,person,1,3,0,0.0,"{""1"":3}"
RPN,151729,443886,1,person,1,3,0,0.0,"{""1"":3}"
RPN,151729,573111,15,bench,1,3,0,0.0,"{""15"":3}"
RPN,151729,1392487,15,bench,1,3,0,0.0,"{""15"":3}"
RPN,151854,455110,1,person,1,3,0,0.0,"{""1"":3}"
RPN,151854,491469,1,person,1,3,0,0.0,"{""1"":3}"
RPN,151854,495616,1,person,1,3,0,0.0,"{""1"":3}"
RPN,152079,1161827,88,teddy bear,1,2,0,0.0,"{""88"":2}"
RPN,152079,1161917,88,teddy bear,1,2,0,0.0,"{""88"":2}"
RPN,152079,1161981,88,teddy bear,1,3,0,0.0,"{""88"":3}"
RPN,152079,1996607,88,teddy bear,1,3,0,0.0,"{""88"":3}"
RPN,152197,596439,25,giraffe,1,3,0,0.0,"{""25"":3}"
RPN,152197,598009,25,giraffe,1,3,0,0.0,"{""25"":3}"
RPN,152309,1724621,1,person,1,3,0,0.0,"{""1"":3}"
RPN,152309,2204583,1,person,1,3,0,0.0,"{""1"":3}"
RPN,153591,1874931,46,wine glass,1,3,0,0.0,"{""46"":3}"
RPN,153591,1875649,46,wine glass,1,3,0,0.0,"{""46"":3}"
RPN,153671,458616,1,person,1,3,0,0.0,"{""1"":3}"
RPN,153671,468800,1,person,1,3,0,0.0,"{""1"":3}"
RPN,153845,662063,46,wine glass,1,3,0,0.0,"{""46"":3}"
RPN,153845,663915,46,wine glass,1,3,0,0.0,"{""46"":3}"
RPN,153845,664453,46,wine glass,1,3,0,0.0,"{""46"":3}"
RPN,154244,1053571,55,orange,1,3,0,0.0,"{""55"":3}"
RPN,154244,1912666,55,orange,1,3,0,0.0,"{""55"":3}"
RPN,154888,454142,1,person,1,3,0,0.0,"{""1"":3}"
RPN,154888,456198,1,person,1,3,0,0.0,"{""1"":3}"
RPN,154888,474332,1,person,1,3,0,0.0,"{""1"":3}"
RPN,154888,476031,1,person,1,3,0,0.0,"{""1"":3}"
RPN,154895,309401,54,sandwich,1,3,0,0.0,"{""54"":3}"
RPN,154895,313105,54,sandwich,1,3,0,0.0,"{""54"":3}"
RPN,156757,1734640,1,person,1,3,0,0.0,"{""1"":3}"
RPN,156757,2006913,1,person,1,3,0,0.0,"{""1"":3}"
RPN,157744,1118973,78,microwave,1,3,0,0.0,"{""78"":3}"
RPN,157744,1119592,78,microwave,1,3,0,0.0,"{""78"":3}"
RPN,157744,1121060,78,microwave,1,3,0,0.0,"{""78"":3}"
RPN,157744,1647323,82,refrigerator,1,3,0,0.0,"{""82"":3}"
RPN,157744,1647471,82,refrigerator,1,2,0,0.0,"{""82"":2}"
RPN,157793,433706,1,person,1,3,0,0.0,"{""1"":3}"
RPN,157793,2148547,1,person,1,3,0,0.0,"{""1"":3}"
RPN,158362,1425546,28,umbrella,1,3,0,0.0,"{""28"":3}"
RPN,159682,1042990,52,banana,1,3,0,0.0,"{""52"":3}"
RPN,159682,1043492,52,banana,1,2,0,0.0,"{""52"":2}"
RPN,159682,1043968,52,banana,1,2,0,0.0,"{""52"":2}"
RPN,160503,1076205,59,pizza,1,1,0,0.0,"{""59"":1}"
RPN,160503,1076977,59,pizza,1,3,0,0.0,"{""59"":3}"
RPN,160648,593306,24,zebra,1,3,0,0.0,"{""24"":3}"
RPN,160648,1412405,24,zebra,1,3,0,0.0,"{""24"":3}"
RPN,161381,1226214,1,person,1,3,0,0.0,"{""1"":3}"
RPN,161381,1263360,1,person,1,3,0,0.0,"{""1"":3}"
RPN,161381,1266424,1,person,1,3,0,0.0,"{""1"":3}"
RPN,162046,399413,8,truck,1,3,0,0.0,"{""8"":3}"
RPN,162046,1197470,8,truck,1,3,0,0.0,"{""8"":3}"
RPN,162300,51666,17,cat,1,3,0,0.0,"{""17"":3}"
RPN,162300,273509,17,cat,1,3,0,0.0,"{""17"":3}"
RPN,162963,474021,1,person,1,4,0,0.0,"{""1"":4}"
RPN,162963,498627,1,person,1,3,0,0.0,"{""1"":3}"
RPN,163559,1055210,56,broccoli,1,3,0,0.0,"{""56"":3}"
RPN,163559,1914431,56,broccoli,1,3,0,0.0,"{""56"":3}"
RPN,163991,2207860,1,person,1,3,0,0.0,"{""1"":3}"
RPN,164042,422202,1,person,1,3,0,0.0,"{""1"":3}"
RPN,164100,438495,1,person,1,3,0,0.0,"{""1"":3}"
RPN,164100,2152195,1,person,1,3,0,0.0,"{""1"":3}"
RPN,164855,591075,24,zebra,1,3,0,0.0,"{""24"":3}"
RPN,164855,593713,24,zebra,1,3,0,0.0,"{""24"":3}"
RPN,165606,210125,1,person,1,3,0,0.0,"{""1"":3}"
RPN,165606,225169,1,person,1,3,0,0.0,"{""1"":3}"
RPN,165606,1715656,1,person,1,3,0,0.0,"{""1"":3}"
RPN,165606,2156760,1,person,1,3,0,0.0,"{""1"":3}"
RPN,165847,201555,1,person,1,3,0,0.0,"{""1"":3}"
RPN,165868,111712,63,couch,1,3,0,0.0,"{""63"":3}"
RPN,165868,114360,63,couch,1,3,0,0.0,"{""63"":3}"
RPN,166230,453091,1,person,1,1,0,0.0,"{""1"":1}"
RPN,166230,455367,1,person,1,3,0,0.0,"{""1"":3}"
RPN,166408,193658,1,person,1,2,0,0.0,"{""1"":2}"
RPN,166408,204090,1,person,1,3,0,0.0,"{""1"":3}"
RPN,166653,1444245,33,suitcase,1,3,0,0.0,"{""33"":3}"
RPN,166653,2081466,33,suitcase,1,3,0,0.0,"{""33"":3}"
RPN,166985,493308,1,person,1,3,0,0.0,"{""1"":3}"
RPN,166985,1731429,1,person,1,3,0,0.0,"{""1"":3}"
RPN,167220,424879,1,person,1,3,0,0.0,"{""1"":3}"
RPN,167220,1706457,1,person,1,3,0,0.0,"{""1"":3}"
RPN,167765,15580,18,dog,1,3,0,0.0,"{""18"":3}"
RPN,167765,183813,1,person,1,3,0,0.0,"{""1"":3}"
RPN,167765,254764,1,person,1,3,0,0.0,"{""1"":3}"
RPN,167765,1817357,18,dog,1,3,0,0.0,"{""18"":3}"
RPN,168349,1237999,1,person,1,3,0,0.0,"{""1"":3}"
RPN,168349,1247168,1,person,1,3,0,0.0,"{""1"":3}"
RPN,169529,1049138,53,apple,1,3,0,0.0,"{""53"":3}"
RPN,169529,1049869,53,apple,1,3,0,0.0,"{""53"":3}"
RPN,169529,1050968,55,orange,1,3,0,0.0,"{""55"":3}"
RPN,169529,1052640,55,orange,1,2,0,0.0,"{""55"":2}"
RPN,169529,1549213,53,apple,1,1,0,0.0,"{""53"":1}"
RPN,170712,378908,62,chair,1,3,0,0.0,"{""62"":3}"
RPN,170712,379683,62,chair,1,3,0,0.0,"{""62"":3}"
RPN,170809,284556,28,umbrella,1,3,0,0.0,"{""28"":3}"
RPN,170809,285445,28,umbrella,1,3,0,0.0,"{""28"":3}"
RPN,170809,511033,1,person,1,3,0,0.0,"{""1"":3}"
RPN,170809,513119,1,person,1,3,0,0.0,"{""1"":3}"
RPN,170809,514657,1,person,1,3,0,0.0,"{""1"":3}"
RPN,170976,1122878,79,oven,1,3,0,0.0,"{""79"":3}"
RPN,170976,1126744,79,oven,1,2,0,0.0,"{""79"":2}"
RPN,171086,1079920,60,donut,1,3,0,0.0,"{""60"":3}"
RPN,171086,1572464,60,donut,1,2,0,0.0,"{""60"":2}"
RPN,171086,1574680,60,donut,1,1,0,0.0,"{""60"":1}"
RPN,171120,1171640,27,backpack,1,3,0,0.0,"{""27"":3}"
RPN,171120,1186413,33,suitcase,1,3,0,0.0,"{""33"":3}"
RPN,171120,1445695,33,suitcase,1,3,0,0.0,"{""33"":3}"
RPN,171120,1833785,31,handbag,1,3,0,0.0,"{""31"":3}"
RPN,171120,2175602,27,backpack,1,2,0,0.0,"{""27"":2}"
RPN,171536,193796,1,person,1,3,0,0.0,"{""1"":3}"
RPN,171536,212697,1,person,1,2,0,0.0,"{""1"":2}"
RPN,171536,2160803,1,person,1,3,0,0.0,"{""1"":3}"
RPN,171729,455395,1,person,1,3,0,0.0,"{""1"":3}"
RPN,171729,2198710,1,person,1,3,0,0.0,"{""1"":3}"
RPN,171943,517428,1,person,1,3,0,0.0,"{""1"":3}"
RPN,171943,1710978,1,person,1,3,0,0.0,"{""1"":3}"
RPN,172680,427150,1,person,1,3,0,0.0,"{""1"":3}"
RPN,172680,554035,1,person,1,3,0,0.0,"{""1"":3}"
RPN,173538,38578,16,bird,1,3,0,0.0,"{""16"":3}"
RPN,173538,39608,16,bird,1,3,0,0.0,"{""16"":3}"
RPN,173631,1212812,1,person,1,3,0,0.0,"{""1"":3}"
RPN,173631,1226867,1,person,1,3,0,0.0,"{""1"":3}"
RPN,173631,1309118,1,person,1,3,0,0.0,"{""1"":3}"
RPN,173631,1314808,1,person,1,2,0,0.0,"{""1"":2}"
RPN,173814,52039,17,cat,1,3,0,0.0,"{""17"":3}"
RPN,173814,52112,17,cat,1,3,0,0.0,"{""17"":3}"
RPN,173882,1058974,56,broccoli,1,3,0,0.0,"{""56"":3}"
RPN,173882,1059341,56,broccoli,1,3,0,0.0,"{""56"":3}"
RPN,173882,1060399,56,broccoli,1,2,0,0.0,"{""56"":2}"
RPN,173882,1060707,56,broccoli,1,1,0,0.0,"{""56"":1}"
RPN,174059,1728227,1,person,1,3,0,0.0,"{""1"":3}"
RPN,174554,289349,62,chair,1,1,0,0.0,"{""62"":1}"
RPN,174554,1943213,62,chair,1,2,2,1.0,"{""63"":2}"
RPN,174896,1590157,62,chair,1,3,3,1.0,"{""73"":3}"
RPN,175118,451327,1,person,1,3,0,0.0,"{""1"":3}"
RPN,175118,466963,1,person,1,3,0,0.0,"{""1"":3}"
RPN,175195,1099890,73,laptop,1,3,0,0.0,"{""73"":3}"
RPN,175195,1971537,73,laptop,1,3,0,0.0,"{""73"":3}"
RPN,175480,424673,1,person,1,3,0,0.0,"{""1"":3}"
RPN,175480,441094,1,person,1,3,0,0.0,"{""1"":3}"
RPN,175881,331687,82,refrigerator,1,3,0,0.0,"{""82"":3}"
RPN,175881,2140898,82,refrigerator,1,3,0,0.0,"{""82"":3}"
RPN,176386,1073045,59,pizza,1,3,0,0.0,"{""59"":3}"
RPN,176386,1570533,59,pizza,1,2,0,0.0,"{""59"":2}"
RPN,176810,134026,3,car,1,3,0,0.0,"{""3"":3}"
RPN,176810,1779443,3,car,1,3,0,0.0,"{""3"":3}"
RPN,177472,1039300,51,bowl,1,3,0,0.0,"{""51"":3}"
RPN,177821,478241,1,person,1,3,0,0.0,"{""1"":3}"
RPN,177821,530639,1,person,1,3,0,0.0,"{""1"":3}"
RPN,178017,1426588,28,umbrella,1,3,0,0.0,"{""28"":3}"
RPN,178017,1427491,28,umbrella,1,3,0,0.0,"{""28"":3}"
RPN,178987,1067219,58,hot dog,1,2,0,0.0,"{""58"":2}"
RPN,178987,1568021,58,hot dog,1,3,0,0.0,"{""58"":3}"
RPN,179504,444864,1,person,1,3,0,0.0,"{""1"":3}"
RPN,179504,503910,1,person,1,3,0,0.0,"{""1"":3}"
RPN,179504,525200,1,person,1,2,0,0.0,"{""1"":2}"
RPN,179753,1216219,1,person,1,2,0,0.0,"{""1"":2}"
RPN,179753,1224143,1,person,1,3,0,0.0,"{""1"":3}"
RPN,179753,1263534,1,person,1,3,0,0.0,"{""1"":3}"
RPN,179753,1294806,1,person,1,3,0,0.0,"{""1"":3}"
RPN,179823,1221023,1,person,1,2,0,0.0,"{""1"":2}"
RPN,179823,1253687,1,person,1,3,0,0.0,"{""1"":3}"
RPN,179823,1263999,1,person,1,2,0,0.0,"{""1"":2}"
RPN,179823,1308059,1,person,1,3,0,0.0,"{""1"":3}"
RPN,179823,2163956,1,person,1,3,0,0.0,"{""1"":3}"
RPN,180285,485992,1,person,1,3,0,0.0,"{""1"":3}"
RPN,180285,1726578,1,person,1,3,0,0.0,"{""1"":3}"
RPN,180285,1755756,1,person,1,3,0,0.0,"{""1"":3}"
RPN,180354,186179,1,person,1,3,0,0.0,"{""1"":3}"
RPN,180354,228063,1,person,1,3,0,0.0,"{""1"":3}"
RPN,180667,581863,22,elephant,1,3,0,0.0,"{""22"":3}"
RPN,180667,583095,22,elephant,1,3,0,0.0,"{""22"":3}"
RPN,182335,197883,1,person,1,3,0,0.0,"{""1"":3}"
RPN,182335,215679,1,person,1,3,0,0.0,"{""1"":3}"
RPN,182335,218086,1,person,1,3,0,0.0,"{""1"":3}"
RPN,182335,232310,1,person,1,3,0,0.0,"{""1"":3}"
RPN,182505,499906,1,person,1,3,0,0.0,"{""1"":3}"
RPN,182505,1743891,1,person,1,3,0,0.0,"{""1"":3}"
RPN,182947,490375,1,person,1,3,0,0.0,"{""1"":3}"
RPN,182947,494704,1,person,1,3,0,0.0,"{""1"":3}"
RPN,182947,537870,1,person,1,3,0,0.0,"{""1"":3}"
RPN,183495,438458,1,person,1,3,0,0.0,"{""1"":3}"
RPN,183495,483438,1,person,1,3,0,0.0,"{""1"":3}"
RPN,183495,533901,1,person,1,3,0,0.0,"{""1"":3}"
RPN,184184,677879,47,cup,1,3,0,0.0,"{""47"":3}"
RPN,184184,2215191,47,cup,1,3,0,0.0,"{""47"":3}"
RPN,185153,195009,1,person,1,2,0,0.0,"{""1"":2}"
RPN,185153,1715422,1,person,1,3,0,0.0,"{""1"":3}"
RPN,186476,1240996,1,person,1,3,0,0.0,"{""1"":3}"
RPN,186476,1288906,1,person,1,3,0,0.0,"{""1"":3}"
RPN,186476,1305050,1,person,1,3,0,0.0,"{""1"":3}"
RPN,187566,1069665,58,hot dog,1,2,0,0.0,"{""58"":2}"
RPN,187566,1069976,58,hot dog,1,2,0,0.0,"{""58"":2}"
RPN,187566,1070006,58,hot dog,1,3,0,0.0,"{""58"":3}"
RPN,187566,1568151,58,hot dog,1,3,0,0.0,"{""58"":3}"
RPN,187566,1568186,58,hot dog,1,3,0,0.0,"{""58"":3}"
RPN,187566,2221356,58,hot dog,1,2,0,0.0,"{""58"":2}"
RPN,187577,493470,1,person,1,3,0,0.0,"{""1"":3}"
RPN,187577,1707054,1,person,1,3,0,0.0,"{""1"":3}"
RPN,188184,1078975,60,donut,1,3,0,0.0,"{""60"":3}"
RPN,188184,1572460,60,donut,1,3,0,0.0,"{""60"":3}"
RPN,188585,462346,1,person,1,3,0,0.0,"{""1"":3}"
RPN,188585,489914,1,person,1,3,0,0.0,"{""1"":3}"
RPN,188585,508885,1,person,1,3,0,0.0,"{""1"":3}"
RPN,188585,1183723,33,suitcase,1,3,0,0.0,"{""33"":3}"
RPN,188621,1055694,56,broccoli,1,3,0,0.0,"{""56"":3}"
RPN,188621,1058029,56,broccoli,1,3,0,0.0,"{""56"":3}"
RPN,189957,668932,47,cup,1,3,0,0.0,"{""47"":3}"
RPN,189957,679238,47,cup,1,3,0,0.0,"{""47"":3}"
RPN,189957,1531910,51,bowl,1,3,0,0.0,"{""51"":3}"
RPN,190087,1244814,1,person,1,3,0,0.0,"{""1"":3}"
RPN,190087,1297272,1,person,1,3,0,0.0,"{""1"":3}"
RPN,190087,1300412,1,person,1,4,0,0.0,"{""1"":4}"
RPN,190219,581671,22,elephant,1,3,0,0.0,"{""22"":3}"
RPN,190219,582421,22,elephant,1,3,0,0.0,"{""22"":3}"
RPN,190277,677195,47,cup,1,3,0,0.0,"{""47"":3}"
RPN,190277,679290,47,cup,1,1,0,0.0,"{""47"":1}"
RPN,191327,246331,4,motorcycle,1,3,0,0.0,"{""4"":3}"
RPN,191327,246653,4,motorcycle,1,3,0,0.0,"{""4"":3}"
RPN,191561,468843,1,person,1,2,0,0.0,"{""1"":2}"
RPN,191561,469147,1,person,1,3,0,0.0,"{""1"":3}"
RPN,191561,1081530,60,donut,1,3,0,0.0,"{""60"":3}"
RPN,191667,1946304,62,chair,1,3,0,0.0,"{""62"":3}"
RPN,191667,2190551,62,chair,1,3,0,0.0,"{""62"":3}"
RPN,191754,164447,6,bus,1,3,0,0.0,"{""6"":3}"
RPN,191754,165541,6,bus,1,3,0,0.0,"{""6"":3}"
RPN,191754,166323,6,bus,1,3,0,0.0,"{""6"":3}"
RPN,192337,590456,24,zebra,1,3,0,0.0,"{""24"":3}"
RPN,192400,467955,1,person,1,3,0,0.0,"{""1"":3}"
RPN,192400,503147,1,person,1,3,0,0.0,"{""1"":3}"
RPN,192407,509341,1,person,1,2,0,0.0,"{""1"":2}"
RPN,192407,2207548,1,person,1,3,0,0.0,"{""1"":3}"
RPN,192476,1078514,60,donut,1,3,0,0.0,"{""60"":3}"
RPN,192476,1078677,60,donut,1,3,0,0.0,"{""60"":3}"
RPN,192476,1082329,60,donut,1,2,0,0.0,"{""60"":2}"
RPN,192524,198314,1,person,1,3,0,0.0,"{""1"":3}"
RPN,192524,216458,1,person,1,3,0,0.0,"{""1"":3}"
RPN,192524,221340,1,person,1,2,0,0.0,"{""1"":2}"
RPN,192524,232444,1,person,1,3,0,0.0,"{""1"":3}"
RPN,192878,234507,1,person,1,3,0,0.0,"{""1"":3}"
RPN,192878,239099,1,person,1,3,0,0.0,"{""1"":3}"
RPN,194193,580599,22,elephant,1,3,0,0.0,"{""22"":3}"
RPN,194193,584160,22,elephant,1,2,0,0.0,"{""22"":2}"
RPN,194564,1570367,59,pizza,1,2,0,0.0,"{""59"":2}"
RPN,194564,1923425,59,pizza,1,3,0,0.0,"{""59"":3}"
RPN,194677,495168,1,person,1,3,0,0.0,"{""1"":3}"
RPN,194677,520753,1,person,1,3,0,0.0,"{""1"":3}"
RPN,194726,404486,10,traffic light,1,3,0,0.0,"{""10"":3}"
RPN,194847,590797,24,zebra,1,3,0,0.0,"{""24"":3}"
RPN,196653,193077,1,person,1,3,0,0.0,"{""1"":3}"
RPN,196653,1709781,1,person,1,4,0,0.0,"{""1"":4}"
RPN,196971,51748,17,cat,1,3,0,0.0,"{""17"":3}"
RPN,196971,52189,17,cat,1,3,0,0.0,"{""17"":3}"
RPN,197407,88799,44,bottle,1,3,0,0.0,"{""44"":3}"
RPN,197407,370345,44,bottle,1,2,0,0.0,"{""44"":2}"
RPN,197407,371376,44,bottle,1,3,0,0.0,"{""44"":3}"
RPN,197407,371832,44,bottle,1,3,0,0.0,"{""44"":3}"
RPN,197407,371973,44,bottle,1,2,0,0.0,"{""44"":2}"
RPN,197407,1485124,44,bottle,1,3,0,0.0,"{""44"":3}"
RPN,199234,198864,1,person,1,3,0,0.0,"{""1"":3}"
RPN,199234,200852,1,person,1,3,0,0.0,"{""1"":3}"
RPN,199836,443757,1,person,1,3,0,0.0,"{""1"":3}"
RPN,199836,487676,1,person,1,3,0,0.0,"{""1"":3}"
RPN,199836,508067,1,person,1,3,0,0.0,"{""1"":3}"
RPN,199963,561533,1,person,1,3,0,0.0,"{""1"":3}"
RPN,199963,569519,1,person,1,3,0,0.0,"{""1"":3}"
RPN,199963,570535,1,person,1,3,0,0.0,"{""1"":3}"
RPN,200181,1076596,59,pizza,1,3,0,0.0,"{""59"":3}"
RPN,200181,1570456,59,pizza,1,3,0,0.0,"{""59"":3}"
RPN,200181,2117419,59,pizza,1,1,0,0.0,"{""59"":1}"
RPN,200181,2117607,59,pizza,1,2,0,0.0,"{""59"":2}"
RPN,200971,332867,82,refrigerator,1,3,0,0.0,"{""82"":3}"
RPN,200971,333039,82,refrigerator,1,2,0,0.0,"{""82"":2}"
RPN,201368,590369,24,zebra,1,3,0,0.0,"{""24"":3}"
RPN,201368,1411948,24,zebra,1,3,0,0.0,"{""24"":3}"
RPN,202567,471546,1,person,1,3,0,0.0,"{""1"":3}"
RPN,202567,494289,1,person,1,3,0,0.0,"{""1"":3}"
RPN,203036,454209,1,person,1,3,0,0.0,"{""1"":3}"
RPN,203036,477590,1,person,1,3,0,0.0,"{""1"":3}"
RPN,203036,490961,1,person,1,3,0,0.0,"{""1"":3}"
RPN,203036,1708380,1,person,1,3,0,0.0,"{""1"":3}"
RPN,204792,61249,20,sheep,1,3,0,0.0,"{""20"":3}"
RPN,204792,61467,20,sheep,1,3,0,0.0,"{""20"":3}"
RPN,204792,195577,1,person,1,3,0,0.0,"{""1"":3}"
RPN,204792,212675,1,person,1,3,0,0.0,"{""1"":3}"
RPN,204800,9768,18,dog,1,3,0,0.0,"{""18"":3}"
RPN,204800,16319,18,dog,1,3,0,0.0,"{""18"":3}"
RPN,205313,463761,1,person,1,3,0,0.0,"{""1"":3}"
RPN,205313,1737321,1,person,1,2,0,0.0,"{""1"":2}"
RPN,205354,463684,1,person,1,3,0,0.0,"{""1"":3}"
RPN,205354,482117,1,person,1,3,0,0.0,"{""1"":3}"
RPN,205460,30466,72,tv,1,3,0,0.0,"{""72"":3}"
RPN,205460,35336,72,tv,1,3,0,0.0,"{""72"":3}"
RPN,206198,1230890,1,person,1,3,0,0.0,"{""1"":3}"
RPN,206198,1231104,1,person,1,3,0,0.0,"{""1"":3}"
RPN,206968,554296,1,person,1,3,0,0.0,"{""1"":3}"
RPN,206968,557613,1,person,1,3,0,0.0,"{""1"":3}"
RPN,207496,324925,77,cell phone,1,3,0,0.0,"{""77"":3}"
RPN,207496,1977990,77,cell phone,1,3,0,0.0,"{""77"":3}"
RPN,207629,1087719,61,cake,1,3,0,0.0,"{""61"":3}"
RPN,207629,1088928,61,cake,1,2,0,0.0,"{""61"":2}"
RPN,207629,1533854,51,bowl,1,3,0,0.0,"{""51"":3}"
RPN,207629,1537435,51,bowl,1,3,0,0.0,"{""51"":3}"
RPN,208243,150740,4,motorcycle,1,3,0,0.0,"{""4"":3}"
RPN,208243,151982,4,motorcycle,1,3,0,0.0,"{""4"":3}"
RPN,208379,488315,1,person,1,3,0,0.0,"{""1"":3}"
RPN,208379,493975,1,person,1,3,0,0.0,"{""1"":3}"
RPN,208845,1122937,79,oven,1,3,0,0.0,"{""79"":3}"
RPN,208845,1979497,79,oven,1,2,0,0.0,"{""79"":2}"
RPN,209089,186854,1,person,1,3,0,0.0,"{""1"":3}"
RPN,209089,220849,1,person,1,3,0,0.0,"{""1"":3}"
RPN,209178,422632,1,person,1,3,0,0.0,"{""1"":3}"
RPN,209178,444459,1,person,1,3,0,0.0,"{""1"":3}"
RPN,209794,1068918,58,hot dog,1,3,0,0.0,"{""58"":3}"
RPN,209794,1069556,58,hot dog,1,3,0,0.0,"{""58"":3}"
RPN,209844,468525,1,person,1,1,0,0.0,"{""1"":1}"
RPN,210710,1409443,22,elephant,1,3,0,0.0,"{""22"":3}"
RPN,210710,1409556,22,elephant,1,3,0,0.0,"{""22"":3}"
RPN,212070,286935,28,umbrella,1,3,0,0.0,"{""28"":3}"
RPN,212070,287519,28,umbrella,1,3,0,0.0,"{""28"":3}"
RPN,212450,1078493,60,donut,1,3,0,0.0,"{""60"":3}"
RPN,212450,1925038,60,donut,1,3,0,0.0,"{""60"":3}"
RPN,212532,462348,1,person,1,3,0,0.0,"{""1"":3}"
RPN,212532,2156623,1,person,1,3,0,0.0,"{""1"":3}"
RPN,213005,61846,20,sheep,1,3,0,0.0,"{""20"":3}"
RPN,213005,62102,20,sheep,1,2,0,0.0,"{""20"":2}"
RPN,213005,65473,20,sheep,1,3,0,0.0,"{""20"":3}"
RPN,213408,439911,1,person,1,3,0,0.0,"{""1"":3}"
RPN,213408,488869,1,person,1,3,0,0.0,"{""1"":3}"
RPN,213426,518682,1,person,1,3,0,0.0,"{""1"":3}"
RPN,213426,2207015,1,person,1,3,0,0.0,"{""1"":3}"
RPN,214265,495277,1,person,1,3,0,0.0,"{""1"":3}"
RPN,214265,554067,1,person,1,3,0,0.0,"{""1"":3}"
RPN,214265,2154778,1,person,1,3,0,0.0,"{""1"":3}"
RPN,214524,437508,1,person,1,3,0,0.0,"{""1"":3}"
RPN,214524,1202319,1,person,1,3,0,0.0,"{""1"":3}"
RPN,214875,419513,14,parking meter,1,3,0,0.0,"{""14"":3}"
RPN,214875,419553,14,parking meter,1,3,0,0.0,"{""14"":3}"
RPN,215003,475053,1,person,1,3,0,0.0,"{""1"":3}"
RPN,215003,499094,1,person,1,3,0,0.0,"{""1"":3}"
RPN,215003,531752,1,person,1,3,0,0.0,"{""1"":3}"
RPN,215003,2152307,1,person,1,3,0,0.0,"{""1"":3}"
RPN,215026,61589,20,sheep,1,2,0,0.0,"{""20"":2}"
RPN,215026,1817979,20,sheep,1,3,0,0.0,"{""20"":3}"
RPN,215289,65925,20,sheep,1,3,0,0.0,"{""20"":3}"
RPN,215289,66709,20,sheep,1,4,0,0.0,"{""20"":4}"
RPN,215357,594597,25,giraffe,1,3,0,0.0,"{""25"":3}"
RPN,215493,59286,19,horse,1,3,0,0.0,"{""19"":3}"
RPN,215563,1389475,14,parking meter,1,3,0,0.0,"{""14"":3}"
RPN,215701,312721,54,sandwich,1,3,0,0.0,"{""54"":3}"
RPN,215701,1554976,54,sandwich,1,2,0,0.0,"{""54"":2}"
RPN,216579,398435,8,truck,1,3,0,0.0,"{""8"":3}"
RPN,216579,401265,8,truck,1,2,0,0.0,"{""8"":2}"
RPN,216822,470865,1,person,1,3,0,0.0,"{""1"":3}"
RPN,216822,497906,1,person,1,3,0,0.0,"{""1"":3}"
RPN,216822,498705,1,person,1,3,0,0.0,"{""1"":3}"
RPN,216822,514568,1,person,1,3,0,0.0,"{""1"":3}"
RPN,216822,2151155,1,person,1,3,0,0.0,"{""1"":3}"
RPN,216840,151956,4,motorcycle,1,3,0,0.0,"{""4"":3}"
RPN,216840,152248,4,motorcycle,1,3,0,0.0,"{""4"":3}"
RPN,216840,152497,4,motorcycle,1,3,0,0.0,"{""4"":3}"
RPN,217043,1151206,86,vase,1,3,0,0.0,"{""86"":3}"
RPN,217043,1153520,86,vase,1,1,0,0.0,"{""86"":1}"
RPN,217043,1155664,86,vase,1,3,0,0.0,"{""86"":3}"
RPN,217151,474534,1,person,1,3,0,0.0,"{""1"":3}"
RPN,217151,489684,1,person,1,3,0,0.0,"{""1"":3}"
RPN,217290,366371,6,bus,1,1,0,0.0,"{""6"":1}"
RPN,217290,366428,6,bus,1,3,0,0.0,"{""6"":3}"
RPN,217290,366481,6,bus,1,3,0,0.0,"{""6"":3}"
RPN,217429,99699,63,couch,1,3,0,0.0,"{""63"":3}"
RPN,217429,461380,1,person,1,3,0,0.0,"{""1"":3}"
RPN,217429,466008,1,person,1,3,0,0.0,"{""1"":3}"
RPN,217429,1950520,63,couch,1,3,0,0.0,"{""63"":3}"
RPN,217461,447671,1,person,1,3,0,0.0,"{""1"":3}"
RPN,217461,498803,1,person,1,3,0,0.0,"{""1"":3}"
RPN,217925,506560,1,person,1,3,0,0.0,"{""1"":3}"
RPN,217925,519216,1,person,1,3,0,0.0,"{""1"":3}"
RPN,218579,441514,1,person,1,3,0,0.0,"{""1"":3}"
RPN,218579,464823,1,person,1,3,0,0.0,"{""1"":3}"
RPN,218579,469460,1,person,1,3,0,0.0,"{""1"":3}"
RPN,218579,474103,1,person,1,2,0,0.0,"{""1"":2}"
RPN,219229,63731,20,sheep,1,1,0,0.0,"{""20"":1}"
RPN,219229,63814,20,sheep,1,3,0,0.0,"{""20"":3}"
RPN,219229,65309,20,sheep,1,1,0,0.0,"{""20"":1}"
RPN,219229,67702,20,sheep,1,3,0,0.0,"{""20"":3}"
RPN,219229,68437,20,sheep,1,3,0,0.0,"{""20"":3}"
RPN,219248,58355,19,horse,1,3,0,0.0,"{""19"":3}"
RPN,219248,274465,19,horse,1,3,0,0.0,"{""19"":3}"
RPN,219349,680703,47,cup,1,3,0,0.0,"{""47"":3}"
RPN,219349,684101,47,cup,1,3,0,0.0,"{""47"":3}"
RPN,219349,1531900,51,bowl,1,3,0,0.0,"{""51"":3}"
RPN,219349,1535661,51,bowl,1,3,0,0.0,"{""51"":3}"
RPN,219349,2099621,47,cup,1,3,0,0.0,"{""47"":3}"
RPN,219349,2183316,47,cup,1,3,3,1.0,"{""51"":3}"
RPN,219535,459208,1,person,1,2,0,0.0,"{""1"":2}"
RPN,219535,554903,1,person,1,3,0,0.0,"{""1"":3}"
RPN,219535,557026,1,person,1,3,0,0.0,"{""1"":3}"
RPN,219943,313306,54,sandwich,1,2,0,0.0,"{""54"":2}"
RPN,219943,313397,54,sandwich,1,3,0,0.0,"{""54"":3}"
RPN,221119,448970,1,person,1,3,0,0.0,"{""1"":3}"
RPN,221119,472690,1,person,1,3,0,0.0,"{""1"":3}"
RPN,221187,462483,1,person,1,3,0,0.0,"{""1"":3}"
RPN,221187,509342,1,person,1,3,0,0.0,"{""1"":3}"
RPN,221187,1717602,1,person,1,3,0,0.0,"{""1"":3}"
RPN,221252,423971,1,person,1,3,0,0.0,"{""1"":3}"
RPN,221252,443926,1,person,1,3,0,0.0,"{""1"":3}"
RPN,221674,64139,20,sheep,1,3,0,0.0,"{""20"":3}"
RPN,221674,64774,20,sheep,1,3,0,0.0,"{""20"":3}"
RPN,222113,594711,25,giraffe,1,3,0,0.0,"{""25"":3}"
RPN,222113,595656,25,giraffe,1,3,0,0.0,"{""25"":3}"
RPN,223270,321275,72,tv,1,3,0,0.0,"{""72"":3}"
RPN,223270,1970191,72,tv,1,3,0,0.0,"{""72"":3}"
RPN,223650,419298,14,parking meter,1,3,0,0.0,"{""14"":3}"
RPN,223650,419367,14,parking meter,1,3,0,0.0,"{""14"":3}"
RPN,223790,669961,47,cup,1,3,0,0.0,"{""47"":3}"
RPN,223790,1513592,47,cup,1,2,0,0.0,"{""47"":2}"
RPN,223871,463042,1,person,1,3,0,0.0,"{""1"":3}"
RPN,223871,474354,1,person,1,3,0,0.0,"{""1"":3}"
RPN,224541,493687,1,person,1,3,0,0.0,"{""1"":3}"
RPN,224541,495494,1,person,1,3,0,0.0,"{""1"":3}"
RPN,224753,395327,8,truck,1,3,0,0.0,"{""8"":3}"
RPN,224753,395780,8,truck,1,3,0,0.0,"{""8"":3}"
RPN,225069,48687,17,cat,1,3,0,0.0,"{""17"":3}"
RPN,225069,49499,17,cat,1,3,0,0.0,"{""17"":3}"
RPN,225468,2107518,51,bowl,1,3,0,0.0,"{""51"":3}"
RPN,225468,2109357,51,bowl,1,3,0,0.0,"{""51"":3}"
RPN,225539,457019,1,person,1,3,0,0.0,"{""1"":3}"
RPN,225539,486253,1,person,1,3,0,0.0,"{""1"":3}"
RPN,225539,490262,1,person,1,3,0,0.0,"{""1"":3}"
RPN,225755,429855,1,person,1,4,0,0.0,"{""1"":4}"
RPN,225755,1200720,1,person,1,4,0,0.0,"{""1"":4}"
RPN,226357,199145,1,person,1,3,0,0.0,"{""1"":3}"
RPN,226357,1733343,1,person,1,3,0,0.0,"{""1"":3}"
RPN,226541,151768,4,motorcycle,1,2,0,0.0,"{""4"":2}"
RPN,226541,153058,4,motorcycle,1,2,0,0.0,"{""4"":2}"
RPN,226541,155317,4,motorcycle,1,3,0,0.0,"{""4"":3}"
RPN,226712,1163280,88,teddy bear,1,3,0,0.0,"{""88"":3}"
RPN,226712,1163405,88,teddy bear,1,3,0,0.0,"{""88"":3}"
RPN,226734,51876,17,cat,1,3,0,0.0,"{""17"":3}"
RPN,226734,53293,17,cat,1,3,0,0.0,"{""17"":3}"
RPN,227012,428506,1,person,1,3,0,0.0,"{""1"":3}"
RPN,227012,475546,1,person,1,3,0,0.0,"{""1"":3}"
RPN,227520,447417,1,person,1,3,0,0.0,"{""1"":3}"
RPN,227520,1098776,73,laptop,1,3,0,0.0,"{""73"":3}"
RPN,227520,1104225,73,laptop,1,1,0,0.0,"{""73"":1}"
RPN,227520,1706734,1,person,1,3,0,0.0,"{""1"":3}"
RPN,227554,1184124,33,suitcase,1,3,0,0.0,"{""33"":3}"
RPN,227554,1186400,33,suitcase,1,2,0,0.0,"{""33"":2}"
RPN,227554,1187428,33,suitcase,1,2,0,0.0,"{""33"":2}"
RPN,227554,1187533,33,suitcase,1,3,0,0.0,"{""33"":3}"
RPN,228356,1215906,1,person,1,3,0,0.0,"{""1"":3}"
RPN,228356,1221424,1,person,1,2,0,0.0,"{""1"":2}"
RPN,228356,1227269,1,person,1,3,0,0.0,"{""1"":3}"
RPN,228356,1247329,1,person,1,3,0,0.0,"{""1"":3}"
RPN,228356,1270122,1,person,1,3,0,0.0,"{""1"":3}"
RPN,228356,1281584,1,person,1,3,0,0.0,"{""1"":3}"
RPN,228356,1289298,1,person,1,1,0,0.0,"{""1"":1}"
RPN,228356,1305942,1,person,1,3,0,0.0,"{""1"":3}"
RPN,229041,73971,21,cow,1,3,0,0.0,"{""21"":3}"
RPN,229041,74077,21,cow,1,2,0,0.0,"{""21"":2}"
RPN,229105,474471,1,person,1,3,0,0.0,"{""1"":3}"
RPN,229105,494750,1,person,1,3,0,0.0,"{""1"":3}"
RPN,229193,472104,1,person,1,3,0,0.0,"{""1"":3}"
RPN,229193,489043,1,person,1,3,0,0.0,"{""1"":3}"
RPN,229362,429938,1,person,1,3,0,0.0,"{""1"":3}"
RPN,229362,442482,1,person,1,3,0,0.0,"{""1"":3}"
RPN,229541,22508,64,potted plant,1,2,0,0.0,"{""64"":2}"
RPN,229541,22515,64,potted plant,1,3,0,0.0,"{""64"":3}"
RPN,229541,26236,64,potted plant,1,3,0,0.0,"{""64"":3}"
RPN,229598,438163,1,person,1,3,0,0.0,"{""1"":3}"
RPN,229598,449082,1,person,1,3,0,0.0,"{""1"":3}"
RPN,230321,316215,65,bed,1,3,0,0.0,"{""65"":3}"
RPN,230321,318765,65,bed,1,3,0,0.0,"{""65"":3}"
RPN,230321,318822,65,bed,1,2,0,0.0,"{""65"":2}"
RPN,230515,581727,22,elephant,1,3,0,0.0,"{""22"":3}"
RPN,230515,583138,22,elephant,1,3,0,0.0,"{""22"":3}"
RPN,231047,462806,1,person,1,3,0,0.0,"{""1"":3}"
RPN,231047,505470,1,person,1,3,0,0.0,"{""1"":3}"
RPN,234637,542512,1,person,1,3,0,0.0,"{""1"":3}"
RPN,234637,548461,1,person,1,3,0,0.0,"{""1"":3}"
RPN,234637,565387,1,person,1,3,0,0.0,"{""1"":3}"
RPN,234637,2204847,1,person,1,3,0,0.0,"{""1"":3}"
RPN,236174,348456,3,car,1,3,0,0.0,"{""3"":3}"
RPN,236174,354878,3,car,1,3,0,0.0,"{""3"":3}"
RPN,236381,163779,6,bus,1,3,0,0.0,"{""6"":3}"
RPN,236397,1945263,62,chair,1,2,0,0.0,"{""62"":2}"
RPN,236556,467238,1,person,1,3,0,0.0,"{""1"":3}"
RPN,236556,552166,1,person,1,3,0,0.0,"{""1"":3}"
RPN,237002,284925,28,umbrella,1,3,0,0.0,"{""28"":3}"
RPN,237002,286229,28,umbrella,1,3,0,0.0,"{""28"":3}"
RPN,237137,421379,1,person,1,3,0,0.0,"{""1"":3}"
RPN,237137,1086434,61,cake,1,3,0,0.0,"{""61"":3}"
RPN,237137,1272966,1,person,1,3,0,0.0,"{""1"":3}"
RPN,237355,483245,1,person,1,3,0,0.0,"{""1"":3}"
RPN,237355,522033,1,person,1,3,0,0.0,"{""1"":3}"
RPN,237515,109203,62,chair,1,3,0,0.0,"{""62"":3}"
RPN,237515,1937131,62,chair,1,1,0,0.0,"{""62"":1}"
RPN,237922,196116,1,person,1,3,0,0.0,"{""1"":3}"
RPN,237922,199577,1,person,1,3,0,0.0,"{""1"":3}"
RPN,239461,429808,1,person,1,3,0,0.0,"{""1"":3}"
RPN,239461,441589,1,person,1,3,0,0.0,"{""1"":3}"
RPN,239784,212710,1,person,1,3,0,0.0,"{""1"":3}"
RPN,239784,215490,1,person,1,3,0,0.0,"{""1"":3}"
RPN,239784,232204,1,person,1,2,0,0.0,"{""1"":2}"
RPN,239784,1746978,1,person,1,3,0,0.0,"{""1"":3}"
RPN,239870,158099,5,airplane,1,3,0,0.0,"{""5"":3}"
RPN,239870,1363687,5,airplane,1,2,0,0.0,"{""5"":2}"
RPN,239933,152099,4,motorcycle,1,3,0,0.0,"{""4"":3}"
RPN,239933,152477,4,motorcycle,1,3,0,0.0,"{""4"":3}"
RPN,239933,154039,4,motorcycle,1,3,0,0.0,"{""4"":3}"
RPN,240586,398117,8,truck,1,3,0,0.0,"{""8"":3}"
RPN,240586,1368013,8,truck,1,3,0,0.0,"{""8"":3}"
RPN,240662,679334,47,cup,1,3,0,0.0,"{""47"":3}"
RPN,240662,683661,47,cup,1,3,0,0.0,"{""47"":3}"
RPN,240945,471017,1,person,1,3,0,0.0,"{""1"":3}"
RPN,240945,505614,1,person,1,3,0,0.0,"{""1"":3}"
RPN,241265,1233168,1,person,1,3,0,0.0,"{""1"":3}"
RPN,241265,1308776,1,person,1,3,0,0.0,"{""1"":3}"
RPN,241265,1315600,1,person,1,3,0,0.0,"{""1"":3}"
RPN,242350,1161110,88,teddy bear,1,3,0,0.0,"{""88"":3}"
RPN,242350,1161613,88,teddy bear,1,3,0,0.0,"{""88"":3}"
RPN,242350,1162603,88,teddy bear,1,3,0,0.0,"{""88"":3}"
RPN,242453,471989,1,person,1,3,0,0.0,"{""1"":3}"
RPN,242453,1731868,1,person,1,3,0,0.0,"{""1"":3}"
RPN,242854,435058,1,person,1,3,0,0.0,"{""1"":3}"
RPN,242854,1215316,1,person,1,3,0,0.0,"{""1"":3}"
RPN,243071,150760,4,motorcycle,1,3,0,0.0,"{""4"":3}"
RPN,243071,150952,4,motorcycle,1,3,0,0.0,"{""4"":3}"
RPN,243071,227225,1,person,1,3,0,0.0,"{""1"":3}"
RPN,243071,227952,1,person,1,3,0,0.0,"{""1"":3}"
RPN,243120,596319,25,giraffe,1,1,0,0.0,"{""25"":1}"
RPN,243120,599512,25,giraffe,1,2,0,0.0,"{""25"":2}"
RPN,243120,1823713,25,giraffe,1,2,0,0.0,"{""25"":2}"
RPN,243120,1823728,25,giraffe,1,3,0,0.0,"{""25"":3}"
RPN,243120,1823731,25,giraffe,1,3,0,0.0,"{""25"":3}"
RPN,243373,1918147,57,carrot,1,3,0,0.0,"{""57"":3}"
RPN,243373,1919201,57,carrot,1,3,0,0.0,"{""57"":3}"
RPN,243782,428787,1,person,1,3,0,0.0,"{""1"":3}"
RPN,243782,471099,1,person,1,3,0,0.0,"{""1"":3}"
RPN,244179,70822,21,cow,1,3,0,0.0,"{""21"":3}"
RPN,244179,278338,21,cow,1,3,3,1.0,"{""20"":3}"
RPN,244528,309760,54,sandwich,1,3,0,0.0,"{""54"":3}"
RPN,244528,310504,54,sandwich,1,3,0,0.0,"{""54"":3}"
RPN,244839,10298,18,dog,1,3,0,0.0,"{""18"":3}"
RPN,244839,16442,18,dog,1,4,0,0.0,"{""18"":4}"
RPN,244844,203085,1,person,1,3,0,0.0,"{""1"":3}"
RPN,244844,221744,1,person,1,3,0,0.0,"{""1"":3}"
RPN,245946,595577,25,giraffe,1,3,0,0.0,"{""25"":3}"
RPN,245946,597086,25,giraffe,1,3,0,0.0,"{""25"":3}"
RPN,246342,1092233,70,toilet,1,3,0,0.0,"{""70"":3}"
RPN,246342,1094039,70,toilet,1,3,0,0.0,"{""70"":3}"
RPN,246356,48240,17,cat,1,3,0,0.0,"{""17"":3}"
RPN,246356,1816289,17,cat,1,3,0,0.0,"{""17"":3}"
RPN,246390,502114,1,person,1,3,0,0.0,"{""1"":3}"
RPN,246390,517234,1,person,1,3,0,0.0,"{""1"":3}"
RPN,246390,2154860,1,person,1,3,0,0.0,"{""1"":3}"
RPN,247082,466880,1,person,1,3,0,0.0,"{""1"":3}"
RPN,247082,526879,1,person,1,3,0,0.0,"{""1"":3}"
RPN,247271,486238,1,person,1,3,0,0.0,"{""1"":3}"
RPN,247271,522204,1,person,1,2,0,0.0,"{""1"":2}"
RPN,248830,480067,1,person,1,3,0,0.0,"{""1"":3}"
RPN,248830,570022,1,person,1,2,0,0.0,"{""1"":2}"
RPN,248957,374134,62,chair,1,3,0,0.0,"{""62"":3}"
RPN,248957,1944700,62,chair,1,3,0,0.0,"{""62"":3}"
RPN,248979,174466,7,train,1,3,0,0.0,"{""7"":3}"
RPN,249384,490576,1,person,1,3,0,0.0,"{""1"":3}"
RPN,249384,530796,1,person,1,3,0,0.0,"{""1"":3}"
RPN,249869,206776,1,person,1,3,0,0.0,"{""1"":3}"
RPN,249869,211619,1,person,1,3,0,0.0,"{""1"":3}"
RPN,249869,220347,1,person,1,3,0,0.0,"{""1"":3}"
RPN,249905,431907,1,person,1,3,0,0.0,"{""1"":3}"
RPN,249905,515018,1,person,1,3,0,0.0,"{""1"":3}"
RPN,250295,439918,1,person,1,3,0,0.0,"{""1"":3}"
RPN,250295,485219,1,person,1,3,0,0.0,"{""1"":3}"
RPN,253430,451159,1,person,1,3,0,0.0,"{""1"":3}"
RPN,253430,482886,1,person,1,3,0,0.0,"{""1"":3}"
RPN,253904,291594,64,potted plant,1,3,0,0.0,"{""64"":3}"
RPN,253904,313946,64,potted plant,1,3,0,0.0,"{""64"":3}"
RPN,253904,314096,64,potted plant,1,3,0,0.0,"{""64"":3}"
RPN,253904,314177,64,potted plant,1,3,0,0.0,"{""64"":3}"
RPN,254194,450604,1,person,1,3,0,0.0,"{""1"":3}"
RPN,254194,452388,1,person,1,3,0,0.0,"{""1"":3}"
RPN,254291,595215,25,giraffe,1,3,0,0.0,"{""25"":3}"
RPN,254291,595839,25,giraffe,1,3,0,0.0,"{""25"":3}"
RPN,254577,430615,1,person,1,3,0,0.0,"{""1"":3}"
RPN,254577,444931,1,person,1,3,0,0.0,"{""1"":3}"
RPN,254577,492924,1,person,1,3,0,0.0,"{""1"":3}"
RPN,254585,450738,1,person,1,3,0,0.0,"{""1"":3}"
RPN,254585,488199,1,person,1,3,0,0.0,"{""1"":3}"
RPN,257301,226198,1,person,1,3,0,0.0,"{""1"":3}"
RPN,257301,257907,1,person,1,3,0,0.0,"{""1"":3}"
RPN,258165,426332,1,person,1,3,0,0.0,"{""1"":3}"
RPN,258165,438107,1,person,1,3,0,0.0,"{""1"":3}"
RPN,258165,467696,1,person,1,3,0,0.0,"{""1"":3}"
RPN,258249,280832,28,umbrella,1,3,0,0.0,"{""28"":3}"
RPN,258249,533443,1,person,1,3,0,0.0,"{""1"":3}"
RPN,258249,1679436,1,person,1,3,0,0.0,"{""1"":3}"
RPN,259484,1536922,51,bowl,1,3,0,0.0,"{""51"":3}"
RPN,259655,442848,1,person,1,3,0,0.0,"{""1"":3}"
RPN,259655,2205561,1,person,1,3,0,0.0,"{""1"":3}"
RPN,259809,1225528,1,person,1,3,0,0.0,"{""1"":3}"
RPN,259809,1258004,1,person,1,3,0,0.0,"{""1"":3}"
RPN,259809,1303931,1,person,1,3,0,0.0,"{""1"":3}"
RPN,260029,1140815,84,book,1,3,0,0.0,"{""84"":3}"
RPN,260029,1142461,84,book,1,3,0,0.0,"{""84"":3}"
RPN,260299,1117546,76,keyboard,1,3,0,0.0,"{""76"":3}"
RPN,260317,1139000,84,book,1,3,0,0.0,"{""84"":3}"
RPN,260317,1141957,84,book,1,3,0,0.0,"{""84"":3}"
RPN,260317,1142834,84,book,1,3,0,0.0,"{""84"":3}"
RPN,260668,1074586,59,pizza,1,2,0,0.0,"{""59"":2}"
RPN,260668,1075645,59,pizza,1,3,0,0.0,"{""59"":3}"
RPN,261283,311731,54,sandwich,1,2,0,0.0,"{""54"":2}"
RPN,261283,1553893,54,sandwich,1,4,0,0.0,"{""54"":4}"
RPN,261521,561551,1,person,1,3,0,0.0,"{""1"":3}"
RPN,261521,565460,1,person,1,3,0,0.0,"{""1"":3}"
RPN,261720,1534919,51,bowl,1,3,3,1.0,"{""57"":3}"
RPN,261843,1208299,1,person,1,3,0,0.0,"{""1"":3}"
RPN,261843,1236764,1,person,1,3,0,0.0,"{""1"":3}"
RPN,261990,489792,1,person,1,3,0,0.0,"{""1"":3}"
RPN,261990,1213740,1,person,1,3,0,0.0,"{""1"":3}"
RPN,262239,477026,1,person,1,3,0,0.0,"{""1"":3}"
RPN,262239,538737,1,person,1,3,0,0.0,"{""1"":3}"
RPN,262935,1210386,1,person,1,2,0,0.0,"{""1"":2}"
RPN,262935,1303383,1,person,1,3,0,0.0,"{""1"":3}"
RPN,263924,1075767,59,pizza,1,3,0,0.0,"{""59"":3}"
RPN,263924,1076692,59,pizza,1,3,0,0.0,"{""59"":3}"
RPN,264233,478607,1,person,1,3,0,0.0,"{""1"":3}"
RPN,264233,481042,1,person,1,3,0,0.0,"{""1"":3}"
RPN,264371,342431,90,toothbrush,1,3,0,0.0,"{""90"":3}"
RPN,264371,343749,90,toothbrush,1,3,0,0.0,"{""90"":3}"
RPN,264567,53973,19,horse,1,3,0,0.0,"{""19"":3}"
RPN,264567,56429,19,horse,1,3,0,0.0,"{""19"":3}"
RPN,264567,58131,19,horse,1,2,0,0.0,"{""19"":2}"
RPN,264567,1201897,1,person,1,3,0,0.0,"{""1"":3}"
RPN,264567,1255435,1,person,1,3,0,0.0,"{""1"":3}"
RPN,264885,48882,17,cat,1,3,0,0.0,"{""17"":3}"
RPN,264885,1402086,17,cat,1,3,0,0.0,"{""17"":3}"
RPN,265186,1216381,1,person,1,2,0,0.0,"{""1"":2}"
RPN,265186,1763109,1,person,1,3,0,0.0,"{""1"":3}"
RPN,265292,1554842,54,sandwich,1,3,0,0.0,"{""54"":3}"
RPN,265292,1555209,54,sandwich,1,3,0,0.0,"{""54"":3}"
RPN,266207,66436,20,sheep,1,3,0,0.0,"{""20"":3}"
RPN,266207,66986,20,sheep,1,3,0,0.0,"{""20"":3}"
RPN,266240,446865,1,person,1,3,0,0.0,"{""1"":3}"
RPN,266240,524389,1,person,1,3,0,0.0,"{""1"":3}"
RPN,266240,1084505,61,cake,1,3,0,0.0,"{""61"":3}"
RPN,266240,1088739,61,cake,1,3,0,0.0,"{""61"":3}"
RPN,266240,1740181,1,person,1,3,0,0.0,"{""1"":3}"
RPN,266898,1095063,70,toilet,1,3,0,0.0,"{""70"":3}"
RPN,266898,1095761,70,toilet,1,3,0,0.0,"{""70"":3}"
RPN,267189,1118647,78,microwave,1,3,0,0.0,"{""78"":3}"
RPN,267189,1119170,78,microwave,1,3,0,0.0,"{""78"":3}"
RPN,267604,139308,3,car,1,3,0,0.0,"{""3"":3}"
RPN,267604,1339695,3,car,1,3,0,0.0,"{""3"":3}"
RPN,267697,593325,24,zebra,1,2,0,0.0,"{""24"":2}"
RPN,267697,594124,24,zebra,1,3,0,0.0,"{""24"":3}"
RPN,267697,594433,24,zebra,1,3,0,0.0,"{""24"":3}"
RPN,267794,48857,17,cat,1,3,0,0.0,"{""17"":3}"
RPN,267794,51661,17,cat,1,3,0,0.0,"{""17"":3}"
RPN,267898,586397,23,bear,1,3,0,0.0,"{""23"":3}"
RPN,267898,587713,23,bear,1,3,0,0.0,"{""23"":3}"
RPN,267907,427674,1,person,1,3,0,0.0,"{""1"":3}"
RPN,267907,445292,1,person,1,3,0,0.0,"{""1"":3}"
RPN,268897,598313,25,giraffe,1,3,0,0.0,"{""25"":3}"
RPN,268897,1414651,25,giraffe,1,3,0,0.0,"{""25"":3}"
RPN,270269,409114,10,traffic light,1,3,0,0.0,"{""10"":3}"
RPN,270715,431577,1,person,1,3,0,0.0,"{""1"":3}"
RPN,270715,2005576,1,person,1,3,0,0.0,"{""1"":3}"
RPN,271941,1201210,1,person,1,3,0,0.0,"{""1"":3}"
RPN,271941,1317147,1,person,1,3,0,0.0,"{""1"":3}"
RPN,272235,442937,1,person,1,3,0,0.0,"{""1"":3}"
RPN,272235,480910,1,person,1,3,0,0.0,"{""1"":3}"
RPN,272235,1680366,1,person,1,3,0,0.0,"{""1"":3}"
RPN,272463,164465,6,bus,1,3,0,0.0,"{""6"":3}"
RPN,272773,586522,23,bear,1,3,0,0.0,"{""23"":3}"
RPN,272773,587505,23,bear,1,3,0,0.0,"{""23"":3}"
RPN,274267,1262527,1,person,1,3,0,0.0,"{""1"":3}"
RPN,274267,1682103,1,person,1,3,0,0.0,"{""1"":3}"
RPN,274267,2122590,62,chair,1,3,3,1.0,"{""1"":3}"
RPN,274275,477914,1,person,1,3,0,0.0,"{""1"":3}"
RPN,274275,503201,1,person,1,3,0,0.0,"{""1"":3}"
RPN,274839,427862,1,person,1,3,0,0.0,"{""1"":3}"
RPN,274839,448820,1,person,1,3,0,0.0,"{""1"":3}"
RPN,275180,518744,1,person,1,3,0,0.0,"{""1"":3}"
RPN,275180,2166236,1,person,1,3,0,0.0,"{""1"":3}"
RPN,275180,2166720,1,person,1,3,0,0.0,"{""1"":3}"
RPN,275741,1686173,1,person,1,3,0,0.0,"{""1"":3}"
RPN,275741,1697125,1,person,1,3,0,0.0,"{""1"":3}"
RPN,275741,1697258,1,person,1,3,0,0.0,"{""1"":3}"
RPN,275741,1704929,1,person,1,2,0,0.0,"{""1"":2}"
RPN,275775,483401,1,person,1,3,0,0.0,"{""1"":3}"
RPN,275775,485318,1,person,1,3,0,0.0,"{""1"":3}"
RPN,275775,2207299,1,person,1,3,0,0.0,"{""1"":3}"
RPN,275932,40745,16,bird,1,3,0,0.0,"{""16"":3}"
RPN,275932,41736,16,bird,1,2,0,0.0,"{""16"":2}"
RPN,276244,28835,72,tv,1,3,0,0.0,"{""72"":3}"
RPN,276244,28843,72,tv,1,3,0,0.0,"{""72"":3}"
RPN,276621,465601,1,person,1,3,0,0.0,"{""1"":3}"
RPN,276621,501461,1,person,1,3,0,0.0,"{""1"":3}"
RPN,276845,153342,4,motorcycle,1,3,0,0.0,"{""4"":3}"
RPN,276845,155041,4,motorcycle,1,3,0,0.0,"{""4"":3}"
RPN,277188,394146,8,truck,1,3,0,0.0,"{""8"":3}"
RPN,277188,399435,8,truck,1,3,0,0.0,"{""8"":3}"
RPN,277188,401531,8,truck,1,2,0,0.0,"{""8"":2}"
RPN,277267,487570,1,person,1,3,0,0.0,"{""1"":3}"
RPN,277267,520436,1,person,1,3,0,0.0,"{""1"":3}"
RPN,277439,428211,1,person,1,3,0,0.0,"{""1"":3}"
RPN,277439,446200,1,person,1,3,0,0.0,"{""1"":3}"
RPN,277867,1376977,9,boat,1,3,0,0.0,"{""9"":3}"
RPN,277867,1377212,9,boat,1,3,0,0.0,"{""9"":3}"
RPN,277867,1378385,9,boat,1,3,0,0.0,"{""9"":3}"
RPN,277867,1378849,9,boat,1,3,0,0.0,"{""9"":3}"
RPN,278457,1043053,52,banana,1,2,0,0.0,"{""52"":2}"
RPN,278457,1544268,52,banana,1,3,0,0.0,"{""52"":3}"
RPN,278816,319729,65,bed,1,3,0,0.0,"{""65"":3}"
RPN,278816,319794,65,bed,1,3,0,0.0,"{""65"":3}"
RPN,278816,1417683,27,backpack,1,2,0,0.0,"{""27"":2}"
RPN,278816,2072352,27,backpack,1,3,0,0.0,"{""27"":3}"
RPN,279632,489830,1,person,1,3,0,0.0,"{""1"":3}"
RPN,279632,521304,1,person,1,4,0,0.0,"{""1"":4}"
RPN,279632,617952,36,snowboard,1,3,0,0.0,"{""36"":3}"
RPN,279632,620639,36,snowboard,1,2,0,0.0,"{""36"":2}"
RPN,279632,1734292,1,person,1,3,0,0.0,"{""1"":3}"
RPN,280873,1114893,76,keyboard,1,3,0,0.0,"{""76"":3}"
RPN,280873,1114992,76,keyboard,1,3,0,0.0,"{""76"":3}"
RPN,281003,2139401,79,oven,1,3,0,0.0,"{""79"":3}"
RPN,281840,450702,1,person,1,3,0,0.0,"{""1"":3}"
RPN,281840,475501,1,person,1,3,0,0.0,"{""1"":3}"
RPN,281840,483083,1,person,1,3,0,0.0,"{""1"":3}"
RPN,281840,1723251,1,person,1,3,0,0.0,"{""1"":3}"
RPN,282514,484507,1,person,1,3,0,0.0,"{""1"":3}"
RPN,282514,1725177,1,person,1,3,0,0.0,"{""1"":3}"
RPN,282930,1058040,56,broccoli,1,2,0,0.0,"{""56"":2}"
RPN,282930,1060954,56,broccoli,1,2,0,0.0,"{""56"":2}"
RPN,282930,1560004,56,broccoli,1,2,0,0.0,"{""56"":2}"
RPN,284639,33567,72,tv,1,3,0,0.0,"{""72"":3}"
RPN,284639,35379,72,tv,1,2,0,0.0,"{""72"":2}"
RPN,285093,580854,22,elephant,1,3,0,0.0,"{""22"":3}"
RPN,285093,581273,22,elephant,1,3,0,0.0,"{""22"":3}"
RPN,285170,671832,47,cup,1,3,0,0.0,"{""47"":3}"
RPN,285170,1884179,47,cup,1,3,0,0.0,"{""47"":3}"
RPN,285220,457770,1,person,1,3,0,0.0,"{""1"":3}"
RPN,285220,505070,1,person,1,3,0,0.0,"{""1"":3}"
RPN,285395,183336,1,person,1,3,0,0.0,"{""1"":3}"
RPN,285395,207145,1,person,1,2,0,0.0,"{""1"":2}"
RPN,285395,2001380,1,person,1,3,0,0.0,"{""1"":3}"
RPN,285529,1047386,53,apple,1,3,0,0.0,"{""53"":3}"
RPN,285529,2111582,53,apple,1,3,0,0.0,"{""53"":3}"
RPN,285897,1623744,70,toilet,1,3,0,0.0,"{""70"":3}"
RPN,285897,1624184,70,toilet,1,1,0,0.0,"{""70"":1}"
RPN,286000,456927,1,person,1,3,0,0.0,"{""1"":3}"
RPN,286000,1207243,1,person,1,3,0,0.0,"{""1"":3}"
RPN,286190,168083,6,bus,1,3,0,0.0,"{""6"":3}"
RPN,286190,168719,6,bus,1,2,0,0.0,"{""6"":2}"
RPN,286190,168807,6,bus,1,3,0,0.0,"{""6"":3}"
RPN,286469,1162006,88,teddy bear,1,3,0,0.0,"{""88"":3}"
RPN,286469,1162496,88,teddy bear,1,3,0,0.0,"{""88"":3}"
RPN,286745,587543,23,bear,1,3,0,0.0,"{""23"":3}"
RPN,286745,587986,23,bear,1,3,0,0.0,"{""23"":3}"
RPN,287029,441762,1,person,1,3,0,0.0,"{""1"":3}"
RPN,287029,2164856,1,person,1,3,0,0.0,"{""1"":3}"
RPN,288039,470088,1,person,1,3,0,0.0,"{""1"":3}"
RPN,288039,477367,1,person,1,3,0,0.0,"{""1"":3}"
RPN,288039,486347,1,person,1,3,0,0.0,"{""1"":3}"
RPN,288610,114583,63,couch,1,3,0,0.0,"{""63"":3}"
RPN,288610,117303,63,couch,1,3,0,0.0,"{""63"":3}"
RPN,288943,453653,1,person,1,3,0,0.0,"{""1"":3}"
RPN,288943,1740994,1,person,1,2,0,0.0,"{""1"":2}"
RPN,289140,1533165,51,bowl,1,3,0,0.0,"{""51"":3}"
RPN,289140,1535995,51,bowl,1,3,0,0.0,"{""51"":3}"
RPN,289425,459375,1,person,1,3,0,0.0,"{""1"":3}"
RPN,289425,476344,1,person,1,3,0,0.0,"{""1"":3}"
RPN,289791,467205,1,person,1,3,0,0.0,"{""1"":3}"
RPN,289791,2151612,1,person,1,3,0,0.0,"{""1"":3}"
RPN,290114,511527,1,person,1,3,0,0.0,"{""1"":3}"
RPN,290114,518069,1,person,1,3,0,0.0,"{""1"":3}"
RPN,290265,59370,19,horse,1,3,0,0.0,"{""19"":3}"
RPN,290549,1137907,84,book,1,2,0,0.0,"{""84"":2}"
RPN,290620,440573,1,person,1,3,0,0.0,"{""1"":3}"
RPN,290620,1720912,1,person,1,3,0,0.0,"{""1"":3}"
RPN,290938,1152812,86,vase,1,3,0,0.0,"{""86"":3}"
RPN,290938,1670356,86,vase,1,3,0,0.0,"{""86"":3}"
RPN,291039,28434,72,tv,1,3,0,0.0,"{""72"":3}"
RPN,291039,34810,72,tv,1,3,0,0.0,"{""72"":3}"
RPN,293293,13538,18,dog,1,3,0,0.0,"{""18"":3}"
RPN,293293,17196,18,dog,1,3,0,0.0,"{""18"":3}"
RPN,293489,718525,51,bowl,1,3,0,0.0,"{""51"":3}"
RPN,294409,459147,1,person,1,3,0,0.0,"{""1"":3}"
RPN,294409,484552,1,person,1,1,0,0.0,"{""1"":1}"
RPN,294823,418847,14,parking meter,1,2,0,0.0,"{""14"":2}"
RPN,294823,1390269,14,parking meter,1,3,0,0.0,"{""14"":3}"
RPN,294823,2060896,14,parking meter,1,3,0,0.0,"{""14"":3}"
RPN,295257,1206511,1,person,1,3,0,0.0,"{""1"":3}"
RPN,295257,1247053,1,person,1,3,0,0.0,"{""1"":3}"
RPN,295257,1314276,1,person,1,2,0,0.0,"{""1"":2}"
RPN,296009,19733,64,potted plant,1,2,0,0.0,"{""64"":2}"
RPN,296009,25331,64,potted plant,1,3,0,0.0,"{""64"":3}"
RPN,296009,1152727,86,vase,1,3,0,0.0,"{""86"":3}"
RPN,296009,1155903,86,vase,1,2,0,0.0,"{""86"":2}"
RPN,296093,459768,1,person,1,3,0,0.0,"{""1"":3}"
RPN,296093,467734,1,person,1,3,0,0.0,"{""1"":3}"
RPN,296631,494675,1,person,1,3,0,0.0,"{""1"":3}"
RPN,296631,498903,1,person,1,3,0,0.0,"{""1"":3}"
RPN,296631,499809,1,person,1,2,0,0.0,"{""1"":2}"
RPN,296635,570458,1,person,1,2,0,0.0,"{""1"":2}"
RPN,296635,570557,1,person,1,3,0,0.0,"{""1"":3}"
RPN,296635,1066945,58,hot dog,1,3,0,0.0,"{""58"":3}"
RPN,296635,1922344,58,hot dog,1,3,0,0.0,"{""58"":3}"
RPN,297011,127357,2,bicycle,1,3,0,0.0,"{""2"":3}"
RPN,297011,1335031,2,bicycle,1,1,0,0.0,"{""2"":1}"
RPN,297527,1066849,58,hot dog,1,3,0,0.0,"{""58"":3}"
RPN,297527,1067310,58,hot dog,1,3,0,0.0,"{""58"":3}"
RPN,298353,1563288,57,carrot,1,1,0,0.0,"{""57"":1}"
RPN,298360,72846,21,cow,1,2,0,0.0,"{""21"":2}"
RPN,298360,278520,21,cow,1,2,0,0.0,"{""21"":2}"
RPN,298360,369942,21,cow,1,2,0,0.0,"{""21"":2}"
RPN,299041,281760,28,umbrella,1,3,0,0.0,"{""28"":3}"
RPN,299123,57406,19,horse,1,2,0,0.0,"{""19"":2}"
RPN,299123,273911,19,horse,1,3,0,0.0,"{""19"":3}"
RPN,299463,1112776,75,remote,1,3,0,0.0,"{""75"":3}"
RPN,299463,1631127,75,remote,1,2,0,0.0,"{""75"":2}"
RPN,299932,454776,1,person,1,3,0,0.0,"{""1"":3}"
RPN,299932,467682,1,person,1,3,0,0.0,"{""1"":3}"
RPN,299932,516148,1,person,1,3,0,0.0,"{""1"":3}"
RPN,299933,51949,17,cat,1,3,0,0.0,"{""17"":3}"
RPN,299933,2210141,17,cat,1,3,0,0.0,"{""17"":3}"
RPN,300197,228252,1,person,1,3,0,0.0,"{""1"":3}"
RPN,300197,231239,1,person,1,3,0,0.0,"{""1"":3}"
RPN,300197,1710985,1,person,1,3,0,0.0,"{""1"":3}"
RPN,300197,2152810,1,person,1,3,0,0.0,"{""1"":3}"
RPN,300392,1967652,70,toilet,1,2,0,0.0,"{""70"":2}"
RPN,300392,1967776,70,toilet,1,3,0,0.0,"{""70"":3}"
RPN,300392,1967859,70,toilet,1,3,0,0.0,"{""70"":3}"
RPN,300392,1967967,70,toilet,1,3,0,0.0,"{""70"":3}"
RPN,300578,421300,1,person,1,3,0,0.0,"{""1"":3}"
RPN,300578,448627,1,person,1,3,0,0.0,"{""1"":3}"
RPN,300578,453588,1,person,1,3,0,0.0,"{""1"":3}"
RPN,301109,491155,1,person,1,3,0,0.0,"{""1"":3}"
RPN,301109,1743420,1,person,1,3,0,0.0,"{""1"":3}"
RPN,301109,2161826,1,person,1,3,0,0.0,"{""1"":3}"
RPN,301158,366173,6,bus,1,3,0,0.0,"{""6"":3}"
RPN,301158,366334,6,bus,1,3,0,0.0,"{""6"":3}"
RPN,301938,1427131,28,umbrella,1,3,0,0.0,"{""28"":3}"
RPN,301938,1427364,28,umbrella,1,3,0,0.0,"{""28"":3}"
RPN,301988,190992,1,person,1,3,0,0.0,"{""1"":3}"
RPN,301988,198034,1,person,1,3,0,0.0,"{""1"":3}"
RPN,302199,463670,1,person,1,3,0,0.0,"{""1"":3}"
RPN,302199,473946,1,person,1,2,0,0.0,"{""1"":2}"
RPN,302415,440936,1,person,1,1,0,0.0,"{""1"":1}"
RPN,302415,505906,1,person,1,3,0,0.0,"{""1"":3}"
RPN,302415,1735148,1,person,1,3,0,0.0,"{""1"":3}"
RPN,303144,444714,1,person,1,3,0,0.0,"{""1"":3}"
RPN,303144,531708,1,person,1,2,0,0.0,"{""1"":2}"
RPN,303144,533587,1,person,1,3,0,0.0,"{""1"":3}"
RPN,303144,538165,1,person,1,3,0,0.0,"{""1"":3}"
RPN,303471,476345,1,person,1,1,0,0.0,"{""1"":1}"
RPN,303471,515673,1,person,1,3,0,0.0,"{""1"":3}"
RPN,303804,1156059,86,vase,1,3,0,0.0,"{""86"":3}"
RPN,303804,1156214,86,vase,1,1,0,0.0,"{""86"":1}"
RPN,303804,1668058,86,vase,1,2,0,0.0,"{""86"":2}"
RPN,303923,499263,1,person,1,3,0,0.0,"{""1"":3}"
RPN,303923,506125,1,person,1,3,0,0.0,"{""1"":3}"
RPN,303923,1710626,1,person,1,3,0,0.0,"{""1"":3}"
RPN,304125,491064,1,person,1,3,0,0.0,"{""1"":3}"
RPN,304125,534265,1,person,1,3,0,0.0,"{""1"":3}"
RPN,304319,1651979,84,book,1,2,0,0.0,"{""84"":2}"
RPN,304319,1654015,84,book,1,3,0,0.0,"{""84"":3}"
RPN,304757,1102641,73,laptop,1,3,0,0.0,"{""73"":3}"
RPN,304757,1103622,73,laptop,1,3,0,0.0,"{""73"":3}"
RPN,304765,382532,62,chair,1,3,0,0.0,"{""62"":3}"
RPN,304833,580137,22,elephant,1,3,0,0.0,"{""22"":3}"
RPN,305546,51086,17,cat,1,3,0,0.0,"{""17"":3}"
RPN,305546,51371,17,cat,1,3,0,0.0,"{""17"":3}"
RPN,305546,52136,17,cat,1,2,0,0.0,"{""17"":2}"
RPN,305546,1584156,62,chair,1,2,0,0.0,"{""62"":2}"
RPN,305546,1939527,62,chair,1,3,3,1.0,"{""17"":3}"
RPN,305905,1186839,33,suitcase,1,3,0,0.0,"{""33"":3}"
RPN,305905,1842075,33,suitcase,1,3,0,0.0,"{""33"":3}"
RPN,306359,1726013,1,person,1,3,0,0.0,"{""1"":3}"
RPN,306359,2156607,1,person,1,3,0,0.0,"{""1"":3}"
RPN,306393,442181,1,person,1,3,0,0.0,"{""1"":3}"
RPN,306393,522262,1,person,1,3,0,0.0,"{""1"":3}"
RPN,306420,516436,1,person,1,3,0,0.0,"{""1"":3}"
RPN,306420,531777,1,person,1,3,0,0.0,"{""1"":3}"
RPN,306420,543486,1,person,1,3,0,0.0,"{""1"":3}"
RPN,306561,204788,1,person,1,3,0,0.0,"{""1"":3}"
RPN,306561,1720198,1,person,1,3,0,0.0,"{""1"":3}"
RPN,307757,190372,1,person,1,3,0,0.0,"{""1"":3}"
RPN,307757,204610,1,person,1,3,0,0.0,"{""1"":3}"
RPN,307881,490448,1,person,1,3,0,0.0,"{""1"":3}"
RPN,307881,512780,1,person,1,3,0,0.0,"{""1"":3}"
RPN,308139,214384,1,person,1,3,0,0.0,"{""1"":3}"
RPN,308139,222765,1,person,1,3,0,0.0,"{""1"":3}"
RPN,308210,1183269,33,suitcase,1,3,0,0.0,"{""33"":3}"
RPN,308210,1184087,33,suitcase,1,3,0,0.0,"{""33"":3}"
RPN,308222,1070835,59,pizza,1,3,0,0.0,"{""59"":3}"
RPN,308222,1073528,59,pizza,1,3,0,0.0,"{""59"":3}"
RPN,308222,1074457,59,pizza,1,3,0,0.0,"{""59"":3}"
RPN,308222,1075118,59,pizza,1,2,0,0.0,"{""59"":2}"
RPN,308470,1213168,1,person,1,3,0,0.0,"{""1"":3}"
RPN,308470,1263876,1,person,1,3,0,0.0,"{""1"":3}"
RPN,308470,1280600,1,person,1,4,0,0.0,"{""1"":4}"
RPN,308470,1297055,1,person,1,2,0,0.0,"{""1"":2}"
RPN,308524,2162553,1,person,1,3,0,0.0,"{""1"":3}"
RPN,309087,1484082,44,bottle,1,3,0,0.0,"{""44"":3}"
RPN,309087,1867229,44,bottle,1,2,0,0.0,"{""44"":2}"
RPN,309087,1867380,44,bottle,1,2,0,0.0,"{""44"":2}"
RPN,309087,1871102,44,bottle,1,2,0,0.0,"{""44"":2}"
RPN,309087,1872895,44,bottle,1,1,0,0.0,"{""44"":1}"
RPN,309252,56416,19,horse,1,3,0,0.0,"{""19"":3}"
RPN,309252,56712,19,horse,1,3,0,0.0,"{""19"":3}"
RPN,310158,584117,22,elephant,1,3,0,0.0,"{""22"":3}"
RPN,310158,584732,22,elephant,1,3,0,0.0,"{""22"":3}"
RPN,310780,48697,17,cat,1,3,0,0.0,"{""17"":3}"
RPN,310780,1402085,17,cat,1,3,0,0.0,"{""17"":3}"
RPN,310780,2129476,65,bed,1,3,3,1.0,"{""17"":3}"
RPN,310865,455848,1,person,1,3,0,0.0,"{""1"":3}"
RPN,310865,1738072,1,person,1,3,0,0.0,"{""1"":3}"
RPN,310865,2217385,51,bowl,1,3,0,0.0,"{""51"":3}"
RPN,311388,1911162,54,sandwich,1,3,0,0.0,"{""54"":3}"
RPN,311388,2219142,54,sandwich,1,3,0,0.0,"{""54"":3}"
RPN,311616,378110,62,chair,1,3,0,0.0,"{""62"":3}"
RPN,311616,379829,62,chair,1,3,0,0.0,"{""62"":3}"
RPN,311709,71020,21,cow,1,3,0,0.0,"{""21"":3}"
RPN,311709,72895,21,cow,1,3,0,0.0,"{""21"":3}"
RPN,311709,74088,21,cow,1,3,0,0.0,"{""21"":3}"
RPN,311773,464308,1,person,1,3,0,0.0,"{""1"":3}"
RPN,311773,1247241,1,person,1,3,0,0.0,"{""1"":3}"
RPN,312154,598784,25,giraffe,1,3,0,0.0,"{""25"":3}"
RPN,312154,600203,25,giraffe,1,3,0,0.0,"{""25"":3}"
RPN,312454,589780,24,zebra,1,2,0,0.0,"{""24"":2}"
RPN,312454,591697,24,zebra,1,3,0,0.0,"{""24"":3}"
RPN,312454,593244,24,zebra,1,3,0,0.0,"{""24"":3}"
RPN,313073,185498,1,person,1,3,0,0.0,"{""1"":3}"
RPN,313073,223821,1,person,1,3,0,0.0,"{""1"":3}"
RPN,313073,228777,1,person,1,3,0,0.0,"{""1"":3}"
RPN,313360,1402472,17,cat,1,3,0,0.0,"{""17"":3}"
RPN,313360,1816504,17,cat,1,3,0,0.0,"{""17"":3}"
RPN,313381,1256121,1,person,1,3,0,0.0,"{""1"":3}"
RPN,313381,2151369,1,person,1,3,0,0.0,"{""1"":3}"
RPN,313518,594664,25,giraffe,1,3,0,0.0,"{""25"":3}"
RPN,313786,1375044,9,boat,1,3,0,0.0,"{""9"":3}"
RPN,313786,1375728,9,boat,1,2,0,0.0,"{""9"":2}"
RPN,313946,1045203,52,banana,1,3,0,0.0,"{""52"":3}"
RPN,313946,1046090,52,banana,1,2,0,0.0,"{""52"":2}"
RPN,314247,1204131,1,person,1,2,0,0.0,"{""1"":2}"
RPN,314247,1206747,1,person,1,3,0,0.0,"{""1"":3}"
RPN,314247,1231638,1,person,1,3,0,0.0,"{""1"":3}"
RPN,314257,183122,1,person,1,2,0,0.0,"{""1"":2}"
RPN,314257,211783,1,person,1,3,0,0.0,"{""1"":3}"
RPN,314257,1744213,1,person,1,3,0,0.0,"{""1"":3}"
RPN,314414,1280177,1,person,1,3,0,0.0,"{""1"":3}"
RPN,314414,1282486,1,person,1,3,0,0.0,"{""1"":3}"
RPN,314414,1316695,1,person,1,3,0,0.0,"{""1"":3}"
RPN,314951,426889,1,person,1,3,0,0.0,"{""1"":3}"
RPN,314951,462690,1,person,1,3,0,0.0,"{""1"":3}"
RPN,314951,519067,1,person,1,3,0,0.0,"{""1"":3}"
RPN,315043,1926784,60,donut,1,2,0,0.0,"{""60"":2}"
RPN,315057,1560826,56,broccoli,1,3,0,0.0,"{""56"":3}"
RPN,315057,1561369,56,broccoli,1,2,0,0.0,"{""56"":2}"
RPN,315057,1561776,56,broccoli,1,2,0,0.0,"{""56"":2}"
RPN,315168,424465,1,person,1,3,0,0.0,"{""1"":3}"
RPN,315168,470034,1,person,1,3,0,0.0,"{""1"":3}"
RPN,315521,1048054,53,apple,1,2,0,0.0,"{""53"":2}"
RPN,315521,1050490,53,apple,1,3,0,0.0,"{""53"":3}"
RPN,315751,478931,1,person,1,3,0,0.0,"{""1"":3}"
RPN,315751,496559,1,person,1,3,0,0.0,"{""1"":3}"
RPN,315751,2162322,1,person,1,3,0,0.0,"{""1"":3}"
RPN,316293,711879,51,bowl,1,3,0,0.0,"{""51"":3}"
RPN,316293,717416,51,bowl,1,3,0,0.0,"{""51"":3}"
RPN,316293,1051327,55,orange,1,3,0,0.0,"{""55"":3}"
RPN,316293,1052336,55,orange,1,2,0,0.0,"{""55"":2}"
RPN,316293,2187341,55,orange,1,3,0,0.0,"{""55"":3}"
RPN,316446,474195,1,person,1,3,0,0.0,"{""1"":3}"
RPN,316446,502899,1,person,1,2,0,0.0,"{""1"":2}"
RPN,317054,573163,15,bench,1,3,0,0.0,"{""15"":3}"
RPN,317054,573794,15,bench,1,1,0,0.0,"{""15"":1}"
RPN,317349,442710,1,person,1,3,0,0.0,"{""1"":3}"
RPN,317349,477623,1,person,1,3,0,0.0,"{""1"":3}"
RPN,317905,30658,72,tv,1,3,0,0.0,"{""72"":3}"
RPN,317905,1625356,72,tv,1,3,0,0.0,"{""72"":3}"
RPN,318071,1141529,84,book,1,3,0,0.0,"{""84"":3}"
RPN,318117,132352,3,car,1,2,0,0.0,"{""3"":2}"
RPN,318117,140821,3,car,1,3,0,0.0,"{""3"":3}"
RPN,318183,1153336,86,vase,1,3,0,0.0,"{""86"":3}"
RPN,318183,1154122,86,vase,1,2,0,0.0,"{""86"":2}"
RPN,318183,1670300,86,vase,1,2,0,0.0,"{""86"":2}"
RPN,318937,444873,1,person,1,3,0,0.0,"{""1"":3}"
RPN,318937,483364,1,person,1,3,0,0.0,"{""1"":3}"
RPN,318953,296150,32,tie,1,3,0,0.0,"{""32"":3}"
RPN,318953,1442904,32,tie,1,3,0,0.0,"{""32"":3}"
RPN,318953,1840310,32,tie,1,3,0,0.0,"{""32"":3}"
RPN,319712,193692,1,person,1,3,0,0.0,"{""1"":3}"
RPN,319712,226868,1,person,1,3,0,0.0,"{""1"":3}"
RPN,319866,62406,20,sheep,1,3,0,0.0,"{""20"":3}"
RPN,319866,62709,20,sheep,1,3,0,0.0,"{""20"":3}"
RPN,320077,102968,62,chair,1,2,0,0.0,"{""62"":2}"
RPN,320077,114406,63,couch,1,3,0,0.0,"{""63"":3}"
RPN,320077,2224999,63,couch,1,2,0,0.0,"{""63"":2}"
RPN,320390,1551071,53,apple,1,3,0,0.0,"{""53"":3}"
RPN,320432,1232873,1,person,1,3,0,0.0,"{""1"":3}"
RPN,320432,1233203,1,person,1,3,0,0.0,"{""1"":3}"
RPN,320432,1252243,1,person,1,3,0,0.0,"{""1"":3}"
RPN,320432,1280397,1,person,1,3,0,0.0,"{""1"":3}"
RPN,320957,531913,1,person,1,3,0,0.0,"{""1"":3}"
RPN,320957,556468,1,person,1,3,0,0.0,"{""1"":3}"
RPN,320963,382566,62,chair,1,3,0,0.0,"{""62"":3}"
RPN,320963,1581473,62,chair,1,2,0,0.0,"{""62"":2}"
RPN,320963,1599759,62,chair,1,2,0,0.0,"{""62"":2}"
RPN,321305,590645,24,zebra,1,2,0,0.0,"{""24"":2}"
RPN,321673,598886,25,giraffe,1,3,0,0.0,"{""25"":3}"
RPN,321673,599557,25,giraffe,1,3,0,0.0,"{""25"":3}"
RPN,321969,113595,63,couch,1,2,0,0.0,"{""63"":2}"
RPN,321969,116252,63,couch,1,3,0,0.0,"{""63"":3}"
RPN,322634,471138,1,person,1,3,0,0.0,"{""1"":3}"
RPN,322634,515179,1,person,1,2,0,0.0,"{""1"":2}"
RPN,323030,507717,1,person,1,3,0,0.0,"{""1"":3}"
RPN,323030,655825,43,tennis racket,1,3,0,0.0,"{""43"":3}"
RPN,323030,658749,43,tennis racket,1,3,3,1.0,"{""1"":3}"
RPN,323052,172005,7,train,1,3,0,0.0,"{""7"":3}"
RPN,323052,2050906,7,train,1,3,0,0.0,"{""7"":3}"
RPN,323475,1048295,53,apple,1,2,0,0.0,"{""53"":2}"
RPN,323475,1049783,53,apple,1,3,0,0.0,"{""53"":3}"
RPN,323475,1051106,55,orange,1,3,0,0.0,"{""55"":3}"
RPN,323475,1051211,55,orange,1,2,0,0.0,"{""55"":2}"
RPN,323475,1912032,55,orange,1,3,0,0.0,"{""55"":3}"
RPN,323896,133130,3,car,1,3,0,0.0,"{""3"":3}"
RPN,323896,134796,3,car,1,3,0,0.0,"{""3"":3}"
RPN,323896,144876,3,car,1,2,0,0.0,"{""3"":2}"
RPN,324401,1052188,55,orange,1,2,0,0.0,"{""55"":2}"
RPN,324401,1054685,55,orange,1,3,0,0.0,"{""55"":3}"
RPN,324682,414286,67,dining table,1,3,0,0.0,"{""67"":3}"
RPN,324682,1091703,67,dining table,1,1,0,0.0,"{""67"":1}"
RPN,326056,1042974,52,banana,1,3,0,0.0,"{""52"":3}"
RPN,326056,1546143,52,banana,1,2,0,0.0,"{""52"":2}"
RPN,326569,445500,1,person,1,3,0,0.0,"{""1"":3}"
RPN,326569,466521,1,person,1,3,0,0.0,"{""1"":3}"
RPN,326836,443460,1,person,1,3,0,0.0,"{""1"":3}"
RPN,326836,476790,1,person,1,3,0,0.0,"{""1"":3}"
RPN,327063,498221,1,person,1,2,0,0.0,"{""1"":2}"
RPN,327063,527077,1,person,1,3,0,0.0,"{""1"":3}"
RPN,327063,544365,1,person,1,3,0,0.0,"{""1"":3}"
RPN,327063,546014,1,person,1,3,0,0.0,"{""1"":3}"
RPN,327063,1204333,1,person,1,3,0,0.0,"{""1"":3}"
RPN,327132,1071797,59,pizza,1,2,0,0.0,"{""59"":2}"
RPN,327132,1075274,59,pizza,1,3,0,0.0,"{""59"":3}"
RPN,327198,1114665,76,keyboard,1,2,0,0.0,"{""76"":2}"
RPN,327198,1116837,76,keyboard,1,3,0,0.0,"{""76"":3}"
RPN,327198,1968616,72,tv,1,2,0,0.0,"{""72"":2}"
RPN,327258,55469,19,horse,1,3,0,0.0,"{""19"":3}"
RPN,327258,56074,19,horse,1,3,0,0.0,"{""19"":3}"
RPN,327881,588651,24,zebra,1,3,0,0.0,"{""24"":3}"
RPN,327881,591076,24,zebra,1,3,0,0.0,"{""24"":3}"
RPN,328298,681869,47,cup,1,3,0,0.0,"{""47"":3}"
RPN,328298,683534,47,cup,1,3,0,0.0,"{""47"":3}"
RPN,329343,107479,62,chair,1,3,0,0.0,"{""62"":3}"
RPN,329343,1589371,62,chair,1,2,0,0.0,"{""62"":2}"
RPN,329551,202206,1,person,1,3,0,0.0,"{""1"":3}"
RPN,329551,210246,1,person,1,3,0,0.0,"{""1"":3}"
RPN,329993,36422,16,bird,1,3,0,0.0,"{""16"":3}"
RPN,329993,1814195,16,bird,1,2,0,0.0,"{""16"":2}"
RPN,330607,1870880,44,bottle,1,3,0,0.0,"{""44"":3}"
RPN,330607,2093241,44,bottle,1,3,0,0.0,"{""44"":3}"
RPN,331216,1063455,57,carrot,1,3,0,0.0,"{""57"":3}"
RPN,331216,1064904,57,carrot,1,3,0,0.0,"{""57"":3}"
RPN,331331,254215,1,person,1,3,0,0.0,"{""1"":3}"
RPN,331331,256023,1,person,1,3,0,0.0,"{""1"":3}"
RPN,331331,1075644,59,pizza,1,3,0,0.0,"{""59"":3}"
RPN,331331,1923208,59,pizza,1,3,0,0.0,"{""59"":3}"
RPN,331409,1291158,1,person,1,3,0,0.0,"{""1"":3}"
RPN,331409,1295154,1,person,1,3,0,0.0,"{""1"":3}"
RPN,331409,1301701,1,person,1,2,0,0.0,"{""1"":2}"
RPN,331616,433598,1,person,1,3,0,0.0,"{""1"":3}"
RPN,331616,2162783,1,person,1,2,0,0.0,"{""1"":2}"
RPN,332547,568922,1,person,1,3,0,0.0,"{""1"":3}"
RPN,333383,501019,1,person,1,1,0,0.0,"{""1"":1}"
RPN,333461,483169,1,person,1,3,0,0.0,"{""1"":3}"
RPN,333461,518906,1,person,1,2,0,0.0,"{""1"":2}"
RPN,333461,529715,1,person,1,3,0,0.0,"{""1"":3}"
RPN,333461,555697,1,person,1,3,0,0.0,"{""1"":3}"
RPN,333461,563648,1,person,1,3,0,0.0,"{""1"":3}"
RPN,333461,615958,36,snowboard,1,3,0,0.0,"{""36"":3}"
RPN,333461,620612,36,snowboard,1,2,0,0.0,"{""36"":2}"
RPN,333461,2159640,1,person,1,3,0,0.0,"{""1"":3}"
RPN,333492,1254825,1,person,1,3,0,0.0,"{""1"":3}"
RPN,333492,1258747,1,person,1,3,0,0.0,"{""1"":3}"
RPN,333492,1271283,1,person,1,3,0,0.0,"{""1"":3}"
RPN,333492,1302178,1,person,1,2,0,0.0,"{""1"":2}"
RPN,333492,1755525,1,person,1,1,0,0.0,"{""1"":1}"
RPN,333546,424576,1,person,1,2,0,0.0,"{""1"":2}"
RPN,333546,428051,1,person,1,3,0,0.0,"{""1"":3}"
RPN,334529,435196,1,person,1,3,0,0.0,"{""1"":3}"
RPN,334529,478510,1,person,1,3,0,0.0,"{""1"":3}"
RPN,334714,623960,38,kite,1,2,0,0.0,"{""38"":2}"
RPN,334714,624397,38,kite,1,3,0,0.0,"{""38"":3}"
RPN,334714,624574,38,kite,1,3,0,0.0,"{""38"":3}"
RPN,334714,1741687,1,person,1,3,0,0.0,"{""1"":3}"
RPN,334714,2016778,1,person,1,3,0,0.0,"{""1"":3}"
RPN,334775,318262,65,bed,1,2,0,0.0,"{""65"":2}"
RPN,334775,319594,65,bed,1,3,0,0.0,"{""65"":3}"
RPN,335107,89502,44,bottle,1,3,0,0.0,"{""44"":3}"
RPN,335107,1485514,44,bottle,1,1,0,0.0,"{""44"":1}"
RPN,335304,115535,63,couch,1,2,0,0.0,"{""63"":2}"
RPN,335304,1950236,63,couch,1,3,0,0.0,"{""63"":3}"
RPN,335525,471417,1,person,1,3,0,0.0,"{""1"":3}"
RPN,335525,533796,1,person,1,3,0,0.0,"{""1"":3}"
RPN,335752,312510,54,sandwich,1,3,0,0.0,"{""54"":3}"
RPN,335752,312772,54,sandwich,1,2,0,0.0,"{""54"":2}"
RPN,336078,1237381,1,person,1,2,0,0.0,"{""1"":2}"
RPN,336078,1241982,1,person,1,3,0,0.0,"{""1"":3}"
RPN,336078,1261514,1,person,1,3,0,0.0,"{""1"":3}"
RPN,336078,1285454,1,person,1,2,0,0.0,"{""1"":2}"
RPN,336491,61080,20,sheep,1,3,0,0.0,"{""20"":3}"
RPN,336491,193849,1,person,1,3,0,0.0,"{""1"":3}"
RPN,336491,211440,1,person,1,3,0,0.0,"{""1"":3}"
RPN,336491,1405540,20,sheep,1,3,0,0.0,"{""20"":3}"
RPN,336688,112683,63,couch,1,3,0,0.0,"{""63"":3}"
RPN,336688,117410,63,couch,1,3,0,0.0,"{""63"":3}"
RPN,337147,668869,47,cup,1,2,0,0.0,"{""47"":2}"
RPN,337147,677585,47,cup,1,2,0,0.0,"{""47"":2}"
RPN,337164,428996,1,person,1,3,0,0.0,"{""1"":3}"
RPN,337164,1248244,1,person,1,3,0,0.0,"{""1"":3}"
RPN,337628,1080169,60,donut,1,3,0,0.0,"{""60"":3}"
RPN,337628,1080481,60,donut,1,3,0,0.0,"{""60"":3}"
RPN,337689,192869,1,person,1,2,0,0.0,"{""1"":2}"
RPN,337895,1723365,1,person,1,3,0,0.0,"{""1"":3}"
RPN,337975,457608,1,person,1,3,0,0.0,"{""1"":3}"
RPN,337975,497473,1,person,1,3,0,0.0,"{""1"":3}"
RPN,337975,499184,1,person,1,3,0,0.0,"{""1"":3}"
RPN,337976,487449,1,person,1,3,0,0.0,"{""1"":3}"
RPN,337976,596250,25,giraffe,1,3,0,0.0,"{""25"":3}"
RPN,337976,598321,25,giraffe,1,4,0,0.0,"{""25"":4}"
RPN,337976,1704537,1,person,1,3,0,0.0,"{""1"":3}"
RPN,337976,1740631,1,person,1,3,0,0.0,"{""1"":3}"
RPN,337976,1750600,1,person,1,3,0,0.0,"{""1"":3}"
RPN,337976,1753799,1,person,1,3,0,0.0,"{""1"":3}"
RPN,337976,1758587,1,person,1,3,0,0.0,"{""1"":3}"
RPN,338120,175345,9,boat,1,2,0,0.0,"{""9"":2}"
RPN,338120,176487,9,boat,1,3,0,0.0,"{""9"":3}"
RPN,338120,177229,9,boat,1,3,0,0.0,"{""9"":3}"
RPN,338872,443845,1,person,1,3,0,0.0,"{""1"":3}"
RPN,338872,475982,1,person,1,3,0,0.0,"{""1"":3}"
RPN,338872,507151,1,person,1,3,0,0.0,"{""1"":3}"
RPN,338978,1373396,8,truck,1,2,0,0.0,"{""8"":2}"
RPN,338978,1800053,8,truck,1,3,0,0.0,"{""8"":3}"
RPN,339589,348758,3,car,1,3,0,0.0,"{""3"":3}"
RPN,339589,355192,3,car,1,3,0,0.0,"{""3"":3}"
RPN,339597,513208,1,person,1,3,0,0.0,"{""1"":3}"
RPN,339597,1745539,1,person,1,3,0,0.0,"{""1"":3}"
RPN,339918,516584,1,person,1,3,0,0.0,"{""1"":3}"
RPN,339918,543396,1,person,1,3,0,0.0,"{""1"":3}"
RPN,339918,2159106,1,person,1,2,0,0.0,"{""1"":2}"
RPN,340160,12489,18,dog,1,3,0,0.0,"{""18"":3}"
RPN,340160,16925,18,dog,1,3,0,0.0,"{""18"":3}"
RPN,340703,1184746,33,suitcase,1,3,0,0.0,"{""33"":3}"
RPN,340703,1186784,33,suitcase,1,2,0,0.0,"{""33"":2}"
RPN,340703,1186880,33,suitcase,1,3,0,0.0,"{""33"":3}"
RPN,340703,1444634,33,suitcase,1,3,0,0.0,"{""33"":3}"
RPN,340897,620789,36,snowboard,1,3,0,0.0,"{""36"":3}"
RPN,340897,620870,36,snowboard,1,3,0,0.0,"{""36"":3}"
RPN,340897,1222925,1,person,1,4,0,0.0,"{""1"":4}"
RPN,340897,1229195,1,person,1,3,0,0.0,"{""1"":3}"
RPN,340897,1243135,1,person,1,3,0,0.0,"{""1"":3}"
RPN,340897,1287561,1,person,1,2,0,0.0,"{""1"":2}"
RPN,341027,424911,1,person,1,3,0,0.0,"{""1"":3}"
RPN,341027,475105,1,person,1,3,0,0.0,"{""1"":3}"
RPN,341636,464233,1,person,1,3,0,0.0,"{""1"":3}"
RPN,341636,506962,1,person,1,3,0,0.0,"{""1"":3}"
RPN,342963,510124,1,person,1,3,0,0.0,"{""1"":3}"
RPN,342963,526172,1,person,1,3,0,0.0,"{""1"":3}"
RPN,342963,556811,1,person,1,3,0,0.0,"{""1"":3}"
RPN,343009,489430,1,person,1,3,0,0.0,"{""1"":3}"
RPN,343009,534740,1,person,1,3,0,0.0,"{""1"":3}"
RPN,343291,203157,1,person,1,3,0,0.0,"{""1"":3}"
RPN,343291,2152523,1,person,1,3,0,0.0,"{""1"":3}"
RPN,343407,524836,1,person,1,3,0,0.0,"{""1"":3}"
RPN,343407,539249,1,person,1,3,0,0.0,"{""1"":3}"
RPN,343407,550407,1,person,1,3,0,0.0,"{""1"":3}"
RPN,343655,427709,1,person,1,2,0,0.0,"{""1"":2}"
RPN,343655,433899,1,person,1,3,0,0.0,"{""1"":3}"
RPN,343969,501074,1,person,1,3,0,0.0,"{""1"":3}"
RPN,343969,1744265,1,person,1,2,0,0.0,"{""1"":2}"
RPN,344399,429444,1,person,1,3,0,0.0,"{""1"":3}"
RPN,344399,445249,1,person,1,3,0,0.0,"{""1"":3}"
RPN,345207,133290,3,car,1,3,0,0.0,"{""3"":3}"
RPN,345207,141974,3,car,1,3,0,0.0,"{""3"":3}"
RPN,345388,1187196,33,suitcase,1,3,0,0.0,"{""33"":3}"
RPN,345388,1187623,33,suitcase,1,3,0,0.0,"{""33"":3}"
RPN,345388,1187665,33,suitcase,1,3,0,0.0,"{""33"":3}"
RPN,345390,198229,1,person,1,3,0,0.0,"{""1"":3}"
RPN,345390,1076347,59,pizza,1,3,0,0.0,"{""59"":3}"
RPN,345390,1077136,59,pizza,1,3,0,0.0,"{""59"":3}"
RPN,345390,1077622,59,pizza,1,3,0,0.0,"{""59"":3}"
RPN,345390,1717939,1,person,1,3,0,0.0,"{""1"":3}"
RPN,345835,73364,21,cow,1,3,0,0.0,"{""21"":3}"
RPN,345835,77040,21,cow,1,3,0,0.0,"{""21"":3}"
RPN,345835,1407594,21,cow,1,3,0,0.0,"{""21"":3}"
RPN,345882,492809,1,person,1,3,0,0.0,"{""1"":3}"
RPN,345882,496977,1,person,1,3,0,0.0,"{""1"":3}"
RPN,346250,518130,1,person,1,3,0,0.0,"{""1"":3}"
RPN,346250,1731859,1,person,1,3,0,0.0,"{""1"":3}"
RPN,347796,459669,1,person,1,3,0,0.0,"{""1"":3}"
RPN,347796,536845,1,person,1,1,0,0.0,"{""1"":1}"
RPN,347796,1103175,73,laptop,1,3,0,0.0,"{""73"":3}"
RPN,347796,1103315,73,laptop,1,3,0,0.0,"{""73"":3}"
RPN,347796,1103398,73,laptop,1,3,0,0.0,"{""73"":3}"
RPN,348580,441004,1,person,1,3,0,0.0,"{""1"":3}"
RPN,348580,2205187,1,person,1,3,0,0.0,"{""1"":3}"
RPN,348616,1153681,86,vase,1,3,0,0.0,"{""86"":3}"
RPN,348616,1154662,86,vase,1,3,0,0.0,"{""86"":3}"
RPN,348616,1154731,86,vase,1,2,0,0.0,"{""86"":2}"
RPN,348639,173319,7,train,1,3,0,0.0,"{""7"":3}"
RPN,348639,174253,7,train,1,3,0,0.0,"{""7"":3}"
RPN,349038,156736,5,airplane,1,3,0,0.0,"{""5"":3}"
RPN,349663,447906,1,person,1,3,0,0.0,"{""1"":3}"
RPN,349663,504495,1,person,1,3,0,0.0,"{""1"":3}"
RPN,350070,554370,1,person,1,3,0,0.0,"{""1"":3}"
RPN,350070,562484,1,person,1,3,0,0.0,"{""1"":3}"
RPN,350070,564981,1,person,1,3,0,0.0,"{""1"":3}"
RPN,350070,566270,1,person,1,3,0,0.0,"{""1"":3}"
RPN,350765,472773,1,person,1,3,0,0.0,"{""1"":3}"
RPN,350765,481568,1,person,1,3,0,0.0,"{""1"":3}"
RPN,350819,1938324,62,chair,1,3,0,0.0,"{""62"":3}"
RPN,350819,1944675,62,chair,1,3,0,0.0,"{""62"":3}"
RPN,351719,499595,1,person,1,3,0,0.0,"{""1"":3}"
RPN,351719,1086491,61,cake,1,3,0,0.0,"{""61"":3}"
RPN,351719,1086618,61,cake,1,3,0,0.0,"{""61"":3}"
RPN,351719,2167791,1,person,1,3,0,0.0,"{""1"":3}"
RPN,351807,207277,1,person,1,3,0,0.0,"{""1"":3}"
RPN,351807,209697,1,person,1,3,0,0.0,"{""1"":3}"
RPN,352357,191259,1,person,1,3,0,0.0,"{""1"":3}"
RPN,352357,195546,1,person,1,3,0,0.0,"{""1"":3}"
RPN,352357,228956,1,person,1,3,0,0.0,"{""1"":3}"
RPN,352389,443111,1,person,1,3,0,0.0,"{""1"":3}"
RPN,352389,488310,1,person,1,3,0,0.0,"{""1"":3}"
RPN,352814,718283,51,bowl,1,3,0,0.0,"{""51"":3}"
RPN,352814,1038249,51,bowl,1,3,0,0.0,"{""51"":3}"
RPN,352814,1038341,51,bowl,1,3,0,0.0,"{""51"":3}"
RPN,352814,1039653,51,bowl,1,3,0,0.0,"{""51"":3}"
RPN,352821,112970,63,couch,1,3,0,0.0,"{""63"":3}"
RPN,353200,472031,1,person,1,2,0,0.0,"{""1"":2}"
RPN,353200,1243553,1,person,1,3,0,0.0,"{""1"":3}"
RPN,353284,586064,23,bear,1,3,0,0.0,"{""23"":3}"
RPN,353284,587390,23,bear,1,3,0,0.0,"{""23"":3}"
RPN,353893,289538,62,chair,1,3,0,0.0,"{""62"":3}"
RPN,353997,1545082,52,banana,1,3,0,0.0,"{""52"":3}"
RPN,353997,1904590,52,banana,1,3,0,0.0,"{""52"":3}"
RPN,354557,1679072,1,person,1,3,0,0.0,"{""1"":3}"
RPN,354608,1138064,84,book,1,3,0,0.0,"{""84"":3}"
RPN,354608,1143973,84,book,1,3,0,0.0,"{""84"":3}"
RPN,354608,1144672,84,book,1,3,0,0.0,"{""84"":3}"
RPN,354608,1145761,84,book,1,3,0,0.0,"{""84"":3}"
RPN,354738,501345,1,person,1,3,0,0.0,"{""1"":3}"
RPN,354738,512798,1,person,1,3,0,0.0,"{""1"":3}"
RPN,354771,435113,1,person,1,3,0,0.0,"{""1"":3}"
RPN,354771,558656,1,person,1,3,0,0.0,"{""1"":3}"
RPN,354771,1747686,1,person,1,3,0,0.0,"{""1"":3}"
RPN,354771,2203758,1,person,1,3,0,0.0,"{""1"":3}"
RPN,354772,1222811,1,person,1,3,0,0.0,"{""1"":3}"
RPN,354772,1229403,1,person,1,3,0,0.0,"{""1"":3}"
RPN,354772,1718732,1,person,1,3,0,0.0,"{""1"":3}"
RPN,355159,530463,1,person,1,3,0,0.0,"{""1"":3}"
RPN,355159,1076717,59,pizza,1,3,0,0.0,"{""59"":3}"
RPN,355159,2166645,1,person,1,3,0,0.0,"{""1"":3}"
RPN,355440,212676,1,person,1,3,0,0.0,"{""1"":3}"
RPN,355440,223500,1,person,1,3,0,0.0,"{""1"":3}"
RPN,355440,229875,1,person,1,3,0,0.0,"{""1"":3}"
RPN,355440,2164292,1,person,1,3,0,0.0,"{""1"":3}"
RPN,355571,196860,1,person,1,3,0,0.0,"{""1"":3}"
RPN,355571,236682,1,person,1,3,0,0.0,"{""1"":3}"
RPN,355593,421489,1,person,1,3,0,0.0,"{""1"":3}"
RPN,355593,429027,1,person,1,3,0,0.0,"{""1"":3}"
RPN,355593,448997,1,person,1,3,0,0.0,"{""1"":3}"
RPN,356702,440555,1,person,1,3,0,0.0,"{""1"":3}"
RPN,356702,2151738,1,person,1,3,0,0.0,"{""1"":3}"
RPN,357010,482381,1,person,1,2,0,0.0,"{""1"":2}"
RPN,357010,536014,1,person,1,3,0,0.0,"{""1"":3}"
RPN,357010,1270393,1,person,1,3,0,0.0,"{""1"":3}"
RPN,357340,199003,1,person,1,3,0,0.0,"{""1"":3}"
RPN,357340,214688,1,person,1,3,0,0.0,"{""1"":3}"
RPN,357790,346031,3,car,1,3,0,0.0,"{""3"":3}"
RPN,357790,352120,3,car,1,3,0,0.0,"{""3"":3}"
RPN,359308,1722738,1,person,1,3,0,0.0,"{""1"":3}"
RPN,359308,1730019,1,person,1,3,0,0.0,"{""1"":3}"
RPN,359308,1751511,1,person,1,3,0,0.0,"{""1"":3}"
RPN,359357,1912136,55,orange,1,3,0,0.0,"{""55"":3}"
RPN,359357,1912952,55,orange,1,3,0,0.0,"{""55"":3}"
RPN,359357,1913111,55,orange,1,3,0,0.0,"{""55"":3}"
RPN,360017,459466,1,person,1,3,0,0.0,"{""1"":3}"
RPN,360017,1735979,1,person,1,3,0,0.0,"{""1"":3}"
RPN,360017,2162103,1,person,1,3,0,0.0,"{""1"":3}"
RPN,360399,473791,1,person,1,2,0,0.0,"{""1"":2}"
RPN,360555,713194,51,bowl,1,3,0,0.0,"{""51"":3}"
RPN,360555,1038146,51,bowl,1,3,0,0.0,"{""51"":3}"
RPN,360555,1039353,51,bowl,1,3,0,0.0,"{""51"":3}"
RPN,360555,1039908,51,bowl,1,3,0,0.0,"{""51"":3}"
RPN,360585,53644,19,horse,1,3,0,0.0,"{""19"":3}"
RPN,360585,57173,19,horse,1,3,0,0.0,"{""19"":3}"
RPN,360811,214315,1,person,1,3,0,0.0,"{""1"":3}"
RPN,361907,1206533,1,person,1,3,0,0.0,"{""1"":3}"
RPN,361907,1227271,1,person,1,2,0,0.0,"{""1"":2}"
RPN,361907,1245131,1,person,1,3,0,0.0,"{""1"":3}"
RPN,361907,1264317,1,person,1,3,0,0.0,"{""1"":3}"
RPN,361907,1299850,1,person,1,3,0,0.0,"{""1"":3}"
RPN,361907,1310391,1,person,1,3,0,0.0,"{""1"":3}"
RPN,361907,1582587,62,chair,1,1,0,0.0,"{""62"":1}"
RPN,362031,1626509,72,tv,1,3,0,0.0,"{""72"":3}"
RPN,362157,216874,1,person,1,3,0,0.0,"{""1"":3}"
RPN,362157,230253,1,person,1,3,0,0.0,"{""1"":3}"
RPN,362157,1744194,1,person,1,2,0,0.0,"{""1"":2}"
RPN,362247,597085,25,giraffe,1,3,0,0.0,"{""25"":3}"
RPN,362247,598356,25,giraffe,1,3,0,0.0,"{""25"":3}"
RPN,362399,1710471,1,person,1,3,0,0.0,"{""1"":3}"
RPN,362399,2166651,1,person,1,3,0,0.0,"{""1"":3}"
RPN,363150,537530,1,person,1,3,0,0.0,"{""1"":3}"
RPN,363150,1217802,1,person,1,3,0,0.0,"{""1"":3}"
RPN,363602,435247,1,person,1,3,0,0.0,"{""1"":3}"
RPN,363624,440861,1,person,1,3,0,0.0,"{""1"":3}"
RPN,363624,476766,1,person,1,3,0,0.0,"{""1"":3}"
RPN,363718,1223125,1,person,1,3,0,0.0,"{""1"":3}"
RPN,363718,1253497,1,person,1,3,0,0.0,"{""1"":3}"
RPN,363718,1332364,1,person,1,3,0,0.0,"{""1"":3}"
RPN,364455,451387,1,person,1,3,0,0.0,"{""1"":3}"
RPN,364455,481431,1,person,1,3,0,0.0,"{""1"":3}"
RPN,364455,1728907,1,person,1,3,0,0.0,"{""1"":3}"
RPN,364467,1577849,61,cake,1,3,0,0.0,"{""61"":3}"
RPN,364467,1578112,61,cake,1,3,0,0.0,"{""61"":3}"
RPN,364653,62512,20,sheep,1,3,0,0.0,"{""20"":3}"
RPN,364653,64745,20,sheep,1,3,0,0.0,"{""20"":3}"
RPN,364862,1245422,1,person,1,3,0,0.0,"{""1"":3}"
RPN,364862,1274012,1,person,1,2,0,0.0,"{""1"":2}"
RPN,364862,1698822,1,person,1,3,0,0.0,"{""1"":3}"
RPN,364862,1740387,1,person,1,3,0,0.0,"{""1"":3}"
RPN,364913,61365,20,sheep,1,3,0,0.0,"{""20"":3}"
RPN,364913,276268,20,sheep,1,3,0,0.0,"{""20"":3}"
RPN,364913,1818381,20,sheep,1,2,0,0.0,"{""20"":2}"
RPN,365205,46996,17,cat,1,3,0,0.0,"{""17"":3}"
RPN,365205,47886,17,cat,1,3,0,0.0,"{""17"":3}"
RPN,366329,1215419,1,person,1,3,0,0.0,"{""1"":3}"
RPN,366329,1220056,1,person,1,3,0,0.0,"{""1"":3}"
RPN,366329,1224488,1,person,1,3,0,0.0,"{""1"":3}"
RPN,367164,595218,25,giraffe,1,3,0,0.0,"{""25"":3}"
RPN,367164,597844,25,giraffe,1,3,0,0.0,"{""25"":3}"
RPN,367716,1973363,75,remote,1,3,0,0.0,"{""75"":3}"
RPN,367716,1973733,75,remote,1,3,0,0.0,"{""75"":3}"
RPN,367869,447817,1,person,1,3,0,0.0,"{""1"":3}"
RPN,367869,457803,1,person,1,3,0,0.0,"{""1"":3}"
RPN,367869,1753084,1,person,1,3,0,0.0,"{""1"":3}"
RPN,368589,418929,14,parking meter,1,3,0,0.0,"{""14"":3}"
RPN,368589,419282,14,parking meter,1,1,0,0.0,"{""14"":1}"
RPN,368833,508475,1,person,1,3,0,0.0,"{""1"":3}"
RPN,368833,535180,1,person,1,3,0,0.0,"{""1"":3}"
RPN,369016,580841,22,elephant,1,3,0,0.0,"{""22"":3}"
RPN,369016,583279,22,elephant,1,3,0,0.0,"{""22"":3}"
RPN,369801,280490,28,umbrella,1,3,0,0.0,"{""28"":3}"
RPN,369801,1204147,1,person,1,3,0,0.0,"{""1"":3}"
RPN,369801,2074485,28,umbrella,1,3,0,0.0,"{""28"":3}"
RPN,370152,470112,1,person,1,3,0,0.0,"{""1"":3}"
RPN,370152,470682,1,person,1,3,0,0.0,"{""1"":3}"
RPN,370461,1822192,24,zebra,1,3,0,0.0,"{""24"":3}"
RPN,370461,2175344,24,zebra,1,3,0,0.0,"{""24"":3}"
RPN,370524,497056,1,person,1,3,0,0.0,"{""1"":3}"
RPN,370524,562303,1,person,1,3,0,0.0,"{""1"":3}"
RPN,370537,1039232,51,bowl,1,3,0,0.0,"{""51"":3}"
RPN,370537,1536829,51,bowl,1,3,0,0.0,"{""51"":3}"
RPN,370741,39999,16,bird,1,3,0,0.0,"{""16"":3}"
RPN,370741,1815161,16,bird,1,3,0,0.0,"{""16"":3}"
RPN,370802,213447,1,person,1,1,0,0.0,"{""1"":1}"
RPN,370802,216349,1,person,1,3,0,0.0,"{""1"":3}"
RPN,370802,2167684,1,person,1,3,0,0.0,"{""1"":3}"
RPN,372292,1371428,8,truck,1,3,0,0.0,"{""8"":3}"
RPN,372309,111243,63,couch,1,3,0,0.0,"{""63"":3}"
RPN,372309,113492,63,couch,1,3,3,1.0,"{""1"":3}"
RPN,372309,226784,1,person,1,3,0,0.0,"{""1"":3}"
RPN,372309,230467,1,person,1,3,0,0.0,"{""1"":3}"
RPN,372352,470307,1,person,1,3,0,0.0,"{""1"":3}"
RPN,372352,489571,1,person,1,3,0,0.0,"{""1"":3}"
RPN,372404,551004,1,person,1,3,0,0.0,"{""1"":3}"
RPN,372669,7250,18,dog,1,3,0,0.0,"{""18"":3}"
RPN,372669,15810,18,dog,1,3,0,0.0,"{""18"":3}"
RPN,372748,1957414,65,bed,1,3,0,0.0,"{""65"":3}"
RPN,372748,1957851,65,bed,1,2,0,0.0,"{""65"":2}"
RPN,372788,448303,1,person,1,3,0,0.0,"{""1"":3}"
RPN,372788,538277,1,person,1,3,0,0.0,"{""1"":3}"
RPN,373393,171230,7,train,1,4,0,0.0,"{""7"":4}"
RPN,373393,171936,7,train,1,2,0,0.0,"{""7"":2}"
RPN,373444,184980,1,person,1,3,0,0.0,"{""1"":3}"
RPN,373444,210391,1,person,1,3,0,0.0,"{""1"":3}"
RPN,373444,213511,1,person,1,3,0,0.0,"{""1"":3}"
RPN,373444,226991,1,person,1,3,0,0.0,"{""1"":3}"
RPN,373639,675850,47,cup,1,3,0,0.0,"{""47"":3}"
RPN,374374,458774,1,person,1,3,0,0.0,"{""1"":3}"
RPN,374374,464422,1,person,1,3,0,0.0,"{""1"":3}"
RPN,374553,461751,1,person,1,3,0,0.0,"{""1"":3}"
RPN,374553,463040,1,person,1,3,0,0.0,"{""1"":3}"
RPN,374553,500888,1,person,1,2,0,0.0,"{""1"":2}"
RPN,374553,2161289,1,person,1,2,0,0.0,"{""1"":2}"
RPN,375331,195148,1,person,1,3,0,0.0,"{""1"":3}"
RPN,375331,199993,1,person,1,3,0,0.0,"{""1"":3}"
RPN,375568,385868,62,chair,1,2,0,0.0,"{""62"":2}"
RPN,375568,1581555,62,chair,1,2,0,0.0,"{""62"":2}"
RPN,376750,149636,4,motorcycle,1,3,0,0.0,"{""4"":3}"
RPN,376750,151273,4,motorcycle,1,3,0,0.0,"{""4"":3}"
RPN,376750,153169,4,motorcycle,1,3,0,0.0,"{""4"":3}"
RPN,376750,153324,4,motorcycle,1,2,0,0.0,"{""4"":2}"
RPN,376802,172780,7,train,1,2,0,0.0,"{""7"":2}"
RPN,376802,174169,7,train,1,2,0,0.0,"{""7"":2}"
RPN,376819,385911,62,chair,1,3,0,0.0,"{""62"":3}"
RPN,376819,1938351,62,chair,1,3,0,0.0,"{""62"":3}"
RPN,376945,76073,21,cow,1,2,0,0.0,"{""21"":2}"
RPN,377513,195640,1,person,1,3,0,0.0,"{""1"":3}"
RPN,377513,220582,1,person,1,3,0,0.0,"{""1"":3}"
RPN,377594,1306676,1,person,1,2,0,0.0,"{""1"":2}"
RPN,377594,1311931,1,person,1,3,0,0.0,"{""1"":3}"
RPN,377594,1707742,1,person,1,3,0,0.0,"{""1"":3}"
RPN,378775,463698,1,person,1,3,0,0.0,"{""1"":3}"
RPN,378775,523805,1,person,1,3,0,0.0,"{""1"":3}"
RPN,378916,423871,1,person,1,3,0,0.0,"{""1"":3}"
RPN,378916,1706495,1,person,1,3,0,0.0,"{""1"":3}"
RPN,379093,473321,1,person,1,3,0,0.0,"{""1"":3}"
RPN,379093,503652,1,person,1,3,0,0.0,"{""1"":3}"
RPN,379349,314750,65,bed,1,3,0,0.0,"{""65"":3}"
RPN,379349,1611786,65,bed,1,3,0,0.0,"{""65"":3}"
RPN,379434,442962,1,person,1,3,0,0.0,"{""1"":3}"
RPN,379434,1200730,1,person,1,3,0,0.0,"{""1"":3}"
RPN,379820,197836,1,person,1,3,0,0.0,"{""1"":3}"
RPN,379820,227739,1,person,1,3,0,0.0,"{""1"":3}"
RPN,380122,206019,1,person,1,3,0,0.0,"{""1"":3}"
RPN,380122,1715921,1,person,1,3,0,0.0,"{""1"":3}"
RPN,380395,210485,1,person,1,3,0,0.0,"{""1"":3}"
RPN,380395,1723565,1,person,1,3,0,0.0,"{""1"":3}"
RPN,380429,547302,1,person,1,3,0,0.0,"{""1"":3}"
RPN,380429,1715808,1,person,1,3,0,0.0,"{""1"":3}"
RPN,381128,182254,9,boat,1,3,0,0.0,"{""9"":3}"
RPN,381128,249373,9,boat,1,1,0,0.0,"{""9"":1}"
RPN,381128,1801443,9,boat,1,3,0,0.0,"{""9"":3}"
RPN,381128,1802379,9,boat,1,2,0,0.0,"{""9"":2}"
RPN,381858,596039,25,giraffe,1,3,0,0.0,"{""25"":3}"
RPN,381858,597262,25,giraffe,1,3,0,0.0,"{""25"":3}"
RPN,382341,448246,1,person,1,3,0,0.0,"{""1"":3}"
RPN,382341,486509,1,person,1,3,0,0.0,"{""1"":3}"
RPN,382341,490453,1,person,1,3,0,0.0,"{""1"":3}"
RPN,382620,1604488,63,couch,1,3,0,0.0,"{""63"":3}"
RPN,384029,1086559,61,cake,1,2,0,0.0,"{""61"":2}"
RPN,384029,2222000,61,cake,1,3,0,0.0,"{""61"":3}"
RPN,384691,59326,19,horse,1,3,0,0.0,"{""19"":3}"
RPN,384691,59547,19,horse,1,3,0,0.0,"{""19"":3}"
RPN,384745,223263,1,person,1,3,0,0.0,"{""1"":3}"
RPN,384745,1714226,1,person,1,3,0,0.0,"{""1"":3}"
RPN,385882,2153533,1,person,1,3,0,0.0,"{""1"":3}"
RPN,386154,22755,64,potted plant,1,2,0,0.0,"{""64"":2}"
RPN,386154,1610050,64,potted plant,1,3,0,0.0,"{""64"":3}"
RPN,387202,1068397,58,hot dog,1,3,0,0.0,"{""58"":3}"
RPN,387202,1567916,58,hot dog,1,3,0,0.0,"{""58"":3}"
RPN,387338,422699,1,person,1,3,0,0.0,"{""1"":3}"
RPN,387338,1211679,1,person,1,3,0,0.0,"{""1"":3}"
RPN,387338,2159927,1,person,1,3,0,0.0,"{""1"":3}"
RPN,387365,489574,1,person,1,3,0,0.0,"{""1"":3}"
RPN,388031,1490853,44,bottle,1,2,0,0.0,"{""44"":2}"
RPN,388031,1491023,44,bottle,1,2,0,0.0,"{""44"":2}"
RPN,388031,1493095,44,bottle,1,1,0,0.0,"{""44"":1}"
RPN,388031,1494124,44,bottle,1,2,0,0.0,"{""44"":2}"
RPN,388031,1870014,44,bottle,1,2,0,0.0,"{""44"":2}"
RPN,388031,1871286,44,bottle,1,3,0,0.0,"{""44"":3}"
RPN,388057,1930995,62,chair,1,2,0,0.0,"{""62"":2}"
RPN,388057,1940551,62,chair,1,2,0,0.0,"{""62"":2}"
RPN,388148,1226579,1,person,1,3,0,0.0,"{""1"":3}"
RPN,388148,1294093,1,person,1,3,0,0.0,"{""1"":3}"
RPN,388403,471719,1,person,1,3,0,0.0,"{""1"":3}"
RPN,388403,490893,1,person,1,3,0,0.0,"{""1"":3}"
RPN,388403,507197,1,person,1,3,0,0.0,"{""1"":3}"
RPN,388807,1160050,88,teddy bear,1,3,0,0.0,"{""88"":3}"
RPN,388807,1161102,88,teddy bear,1,3,0,0.0,"{""88"":3}"
RPN,388807,1673838,88,teddy bear,1,3,0,0.0,"{""88"":3}"
RPN,389145,450907,1,person,1,3,0,0.0,"{""1"":3}"
RPN,389145,1676620,1,person,1,3,0,0.0,"{""1"":3}"
RPN,389145,1753852,1,person,1,1,0,0.0,"{""1"":1}"
RPN,389145,2162902,1,person,1,2,0,0.0,"{""1"":2}"
RPN,389157,549393,1,person,1,3,0,0.0,"{""1"":3}"
RPN,389425,23781,64,potted plant,1,3,0,0.0,"{""64"":3}"
RPN,389425,26620,64,potted plant,1,3,0,0.0,"{""64"":3}"
RPN,389425,27555,64,potted plant,1,2,0,0.0,"{""64"":2}"
RPN,390286,1675820,88,teddy bear,1,1,0,0.0,"{""88"":1}"
RPN,390365,334497,85,clock,1,3,0,0.0,"{""85"":3}"
RPN,390365,337957,85,clock,1,3,0,0.0,"{""85"":3}"
RPN,390365,2144937,85,clock,1,3,0,0.0,"{""85"":3}"
RPN,390414,188360,1,person,1,3,3,1.0,"{""19"":3}"
RPN,390567,394540,8,truck,1,3,0,0.0,"{""8"":3}"
RPN,390567,2171933,8,truck,1,3,0,0.0,"{""8"":3}"
RPN,391175,1627518,73,laptop,1,3,0,0.0,"{""73"":3}"
RPN,391175,1971260,73,laptop,1,3,0,0.0,"{""73"":3}"
RPN,391272,513734,1,person,1,3,0,0.0,"{""1"":3}"
RPN,391272,514615,1,person,1,3,0,0.0,"{""1"":3}"
RPN,391272,1745720,1,person,1,3,0,0.0,"{""1"":3}"
RPN,391272,2010352,1,person,1,3,0,0.0,"{""1"":3}"
RPN,391332,1626319,72,tv,1,3,0,0.0,"{""72"":3}"
RPN,391332,1663773,85,clock,1,3,0,0.0,"{""85"":3}"
RPN,391332,1664281,85,clock,1,3,0,0.0,"{""85"":3}"
RPN,391332,1968459,72,tv,1,3,0,0.0,"{""72"":3}"
RPN,391439,1225634,1,person,1,3,0,0.0,"{""1"":3}"
RPN,391439,1265114,1,person,1,3,0,0.0,"{""1"":3}"
RPN,391439,1271260,1,person,1,3,0,0.0,"{""1"":3}"
RPN,391733,332632,82,refrigerator,1,1,0,0.0,"{""82"":1}"
RPN,391733,1983249,82,refrigerator,1,3,0,0.0,"{""82"":3}"
RPN,392015,601111,25,giraffe,1,4,0,0.0,"{""25"":4}"
RPN,392015,601380,25,giraffe,1,3,0,0.0,"{""25"":3}"
RPN,392015,601586,25,giraffe,1,3,0,0.0,"{""25"":3}"
RPN,392145,290008,62,chair,1,3,0,0.0,"{""62"":3}"
RPN,392145,290366,62,chair,1,3,0,0.0,"{""62"":3}"
RPN,392145,290410,62,chair,1,3,0,0.0,"{""62"":3}"
RPN,392145,1935639,62,chair,1,3,0,0.0,"{""62"":3}"
RPN,392197,160390,5,airplane,1,3,0,0.0,"{""5"":3}"
RPN,392362,1084528,61,cake,1,3,0,0.0,"{""61"":3}"
RPN,392394,1412993,24,zebra,1,3,0,0.0,"{""24"":3}"
RPN,392394,1822898,24,zebra,1,3,0,0.0,"{""24"":3}"
RPN,392394,1822988,24,zebra,1,1,0,0.0,"{""24"":1}"
RPN,392394,1823041,24,zebra,1,1,0,0.0,"{""24"":1}"
RPN,392520,525281,1,person,1,2,0,0.0,"{""1"":2}"
RPN,392520,1730739,1,person,1,1,0,0.0,"{""1"":1}"
RPN,392747,1162994,88,teddy bear,1,3,0,0.0,"{""88"":3}"
RPN,392747,1163049,88,teddy bear,1,3,0,0.0,"{""88"":3}"
RPN,392747,1163224,88,teddy bear,1,3,0,0.0,"{""88"":3}"
RPN,392869,163403,6,bus,1,3,0,0.0,"{""6"":3}"
RPN,392869,166601,6,bus,1,3,0,0.0,"{""6"":3}"
RPN,393325,71545,21,cow,1,3,0,0.0,"{""21"":3}"
RPN,393325,369806,21,cow,1,3,0,0.0,"{""21"":3}"
RPN,393325,369894,21,cow,1,2,0,0.0,"{""21"":2}"
RPN,394975,32204,72,tv,1,3,0,0.0,"{""72"":3}"
RPN,394975,1624782,72,tv,1,3,0,0.0,"{""72"":3}"
RPN,394975,1969587,72,tv,1,2,0,0.0,"{""72"":2}"
RPN,394975,2194883,72,tv,1,3,0,0.0,"{""72"":3}"
RPN,395271,456773,1,person,1,3,0,0.0,"{""1"":3}"
RPN,395271,471478,1,person,1,3,0,0.0,"{""1"":3}"
RPN,395853,1226510,1,person,1,3,0,0.0,"{""1"":3}"
RPN,395853,1255298,1,person,1,3,0,0.0,"{""1"":3}"
RPN,395853,1269487,1,person,1,3,0,0.0,"{""1"":3}"
RPN,395853,1304061,1,person,1,3,0,0.0,"{""1"":3}"
RPN,395853,1307951,1,person,1,3,0,0.0,"{""1"":3}"
RPN,395853,1309194,1,person,1,3,0,0.0,"{""1"":3}"
RPN,396380,465225,1,person,1,3,0,0.0,"{""1"":3}"
RPN,396380,485581,1,person,1,3,0,0.0,"{""1"":3}"
RPN,396495,453006,1,person,1,3,0,0.0,"{""1"":3}"
RPN,396495,476913,1,person,1,3,0,0.0,"{""1"":3}"
RPN,396663,163989,6,bus,1,3,0,0.0,"{""6"":3}"
RPN,396663,168783,6,bus,1,3,0,0.0,"{""6"":3}"
RPN,396663,168994,6,bus,1,3,0,0.0,"{""6"":3}"
RPN,396784,1186391,33,suitcase,1,3,0,0.0,"{""33"":3}"
RPN,396784,1186564,33,suitcase,1,3,0,0.0,"{""33"":3}"
RPN,397390,513577,1,person,1,3,0,0.0,"{""1"":3}"
RPN,397390,517197,1,person,1,3,0,0.0,"{""1"":3}"
RPN,397423,113964,63,couch,1,3,0,0.0,"{""63"":3}"
RPN,397423,2224645,63,couch,1,3,0,0.0,"{""63"":3}"
RPN,397569,32598,72,tv,1,3,0,0.0,"{""72"":3}"
RPN,397569,35798,72,tv,1,3,0,0.0,"{""72"":3}"
RPN,397569,1969750,72,tv,1,3,3,1.0,"{""73"":3}"
RPN,398924,1553028,54,sandwich,1,3,0,0.0,"{""54"":3}"
RPN,398924,1908801,54,sandwich,1,3,0,0.0,"{""54"":3}"
RPN,399442,469634,1,person,1,3,0,0.0,"{""1"":3}"
RPN,399442,489715,1,person,1,3,0,0.0,"{""1"":3}"
RPN,400124,1050952,55,orange,1,3,0,0.0,"{""55"":3}"
RPN,400124,1911593,55,orange,1,2,0,0.0,"{""55"":2}"
RPN,400343,183459,1,person,1,3,0,0.0,"{""1"":3}"
RPN,400343,187380,1,person,1,3,0,0.0,"{""1"":3}"
RPN,400534,1942568,62,chair,1,1,0,0.0,"{""62"":1}"
RPN,400534,1944464,62,chair,1,1,0,0.0,"{""62"":1}"
RPN,401001,1728112,1,person,1,3,0,0.0,"{""1"":3}"
RPN,401269,1072446,59,pizza,1,3,0,0.0,"{""59"":3}"
RPN,401269,1076052,59,pizza,1,3,0,0.0,"{""59"":3}"
RPN,402298,418903,14,parking meter,1,3,0,0.0,"{""14"":3}"
RPN,402298,419214,14,parking meter,1,3,0,0.0,"{""14"":3}"
RPN,402563,422370,1,person,1,3,0,0.0,"{""1"":3}"
RPN,402563,1268625,1,person,1,3,0,0.0,"{""1"":3}"
RPN,402632,253866,1,person,1,2,0,0.0,"{""1"":2}"
RPN,402632,255652,1,person,1,3,0,0.0,"{""1"":3}"
RPN,403535,582269,22,elephant,1,2,0,0.0,"{""22"":2}"
RPN,403535,583362,22,elephant,1,3,0,0.0,"{""22"":3}"
RPN,403730,581118,22,elephant,1,3,0,0.0,"{""22"":3}"
RPN,403730,581190,22,elephant,1,3,0,0.0,"{""22"":3}"
RPN,403730,1410211,22,elephant,1,2,0,0.0,"{""22"":2}"
RPN,403888,429840,1,person,1,3,0,0.0,"{""1"":3}"
RPN,403888,467794,1,person,1,3,0,0.0,"{""1"":3}"
RPN,404473,458457,1,person,1,3,0,0.0,"{""1"":3}"
RPN,404852,456529,1,person,1,3,0,0.0,"{""1"":3}"
RPN,404852,478235,1,person,1,3,0,0.0,"{""1"":3}"
RPN,404852,519483,1,person,1,3,0,0.0,"{""1"":3}"
RPN,404852,548500,1,person,1,2,0,0.0,"{""1"":2}"
RPN,404852,2152446,1,person,1,2,0,0.0,"{""1"":2}"
RPN,405136,188388,1,person,1,3,0,0.0,"{""1"":3}"
RPN,405136,2152382,1,person,1,3,0,0.0,"{""1"":3}"
RPN,405246,499734,1,person,1,4,0,0.0,"{""1"":4}"
RPN,405246,538334,1,person,1,3,0,0.0,"{""1"":3}"
RPN,405582,2168126,2,bicycle,1,3,0,0.0,"{""2"":3}"
RPN,405582,2168596,2,bicycle,1,3,0,0.0,"{""2"":3}"
RPN,405663,56308,19,horse,1,3,0,0.0,"{""19"":3}"
RPN,405663,57239,19,horse,1,3,0,0.0,"{""19"":3}"
RPN,405709,313299,54,sandwich,1,3,0,0.0,"{""54"":3}"
RPN,405709,1924057,59,pizza,1,2,0,0.0,"{""59"":2}"
RPN,405709,1924225,59,pizza,1,3,0,0.0,"{""59"":3}"
RPN,405709,2218790,54,sandwich,1,3,3,1.0,"{""59"":3}"
RPN,406187,426445,1,person,1,3,0,0.0,"{""1"":3}"
RPN,406187,465919,1,person,1,3,0,0.0,"{""1"":3}"
RPN,406187,1210963,1,person,1,3,0,0.0,"{""1"":3}"
RPN,406295,78618,44,bottle,1,3,0,0.0,"{""44"":3}"
RPN,406295,1867158,44,bottle,1,2,0,0.0,"{""44"":2}"
RPN,407688,126005,2,bicycle,1,2,0,0.0,"{""2"":2}"
RPN,407688,128566,2,bicycle,1,2,0,0.0,"{""2"":2}"
RPN,408204,453673,1,person,1,3,0,0.0,"{""1"":3}"
RPN,408204,500859,1,person,1,3,0,0.0,"{""1"":3}"
RPN,408204,505436,1,person,1,3,0,0.0,"{""1"":3}"
RPN,408266,520906,1,person,1,3,0,0.0,"{""1"":3}"
RPN,408266,523456,1,person,1,2,0,0.0,"{""1"":2}"
RPN,408266,567504,1,person,1,3,0,0.0,"{""1"":3}"
RPN,408266,1621530,67,dining table,1,2,0,0.0,"{""67"":2}"
RPN,408266,1959062,67,dining table,1,3,0,0.0,"{""67"":3}"
RPN,408390,1058739,56,broccoli,1,2,0,0.0,"{""56"":2}"
RPN,408390,1061171,56,broccoli,1,3,0,0.0,"{""56"":3}"
RPN,408390,1061423,56,broccoli,1,2,0,0.0,"{""56"":2}"
RPN,409111,63912,20,sheep,1,3,0,0.0,"{""20"":3}"
RPN,409111,64827,20,sheep,1,3,0,0.0,"{""20"":3}"
RPN,409111,65300,20,sheep,1,3,0,0.0,"{""20"":3}"
RPN,409111,275656,20,sheep,1,2,0,0.0,"{""20"":2}"
RPN,409111,275828,20,sheep,1,1,0,0.0,"{""20"":1}"
RPN,409166,1084779,61,cake,1,3,0,0.0,"{""61"":3}"
RPN,409166,1085984,61,cake,1,3,0,0.0,"{""61"":3}"
RPN,409616,438240,1,person,1,3,0,0.0,"{""1"":3}"
RPN,409616,475018,1,person,1,3,0,0.0,"{""1"":3}"
RPN,409732,202489,1,person,1,3,0,0.0,"{""1"":3}"
RPN,409732,219649,1,person,1,3,0,0.0,"{""1"":3}"
RPN,409824,599682,25,giraffe,1,3,0,0.0,"{""25"":3}"
RPN,409824,601322,25,giraffe,1,3,0,0.0,"{""25"":3}"
RPN,409918,587118,23,bear,1,3,0,0.0,"{""23"":3}"
RPN,409918,587179,23,bear,1,3,0,0.0,"{""23"":3}"
RPN,410024,114716,63,couch,1,3,0,0.0,"{""63"":3}"
RPN,410024,115138,63,couch,1,3,3,1.0,"{""62"":3}"
RPN,410107,434545,1,person,1,3,0,0.0,"{""1"":3}"
RPN,410107,446571,1,person,1,3,0,0.0,"{""1"":3}"
RPN,410707,201628,1,person,1,3,0,0.0,"{""1"":3}"
RPN,410707,203830,1,person,1,3,0,0.0,"{""1"":3}"
RPN,410779,438588,1,person,1,3,0,0.0,"{""1"":3}"
RPN,410779,568429,1,person,1,3,0,0.0,"{""1"":3}"
RPN,410963,525760,1,person,1,3,0,0.0,"{""1"":3}"
RPN,410963,541972,1,person,1,3,0,0.0,"{""1"":3}"
RPN,410963,545135,1,person,1,3,0,0.0,"{""1"":3}"
RPN,410992,332289,82,refrigerator,1,3,0,0.0,"{""82"":3}"
RPN,410992,332327,82,refrigerator,1,3,0,0.0,"{""82"":3}"
RPN,410992,1983312,82,refrigerator,1,3,0,0.0,"{""82"":3}"
RPN,411104,419067,14,parking meter,1,1,0,0.0,"{""14"":1}"
RPN,411104,1389761,14,parking meter,1,3,0,0.0,"{""14"":3}"
RPN,411191,1559681,56,broccoli,1,3,0,0.0,"{""56"":3}"
RPN,411191,1559969,56,broccoli,1,3,0,0.0,"{""56"":3}"
RPN,411803,174528,7,train,1,3,0,0.0,"{""7"":3}"
RPN,411803,174682,7,train,1,3,0,0.0,"{""7"":3}"
RPN,411862,442015,1,person,1,2,0,0.0,"{""1"":2}"
RPN,411862,1713600,1,person,1,3,0,0.0,"{""1"":3}"
RPN,411862,1747853,1,person,1,3,0,0.0,"{""1"":3}"
RPN,412167,581061,22,elephant,1,3,0,0.0,"{""22"":3}"
RPN,412167,581570,22,elephant,1,3,0,0.0,"{""22"":3}"
RPN,412167,584442,22,elephant,1,3,0,0.0,"{""22"":3}"
RPN,412194,1050134,53,apple,1,3,0,0.0,"{""53"":3}"
RPN,412194,1549149,53,apple,1,3,0,0.0,"{""53"":3}"
RPN,412194,1911757,55,orange,1,2,0,0.0,"{""55"":2}"
RPN,412194,1913560,55,orange,1,3,0,0.0,"{""55"":3}"
RPN,412691,458742,1,person,1,3,0,0.0,"{""1"":3}"
RPN,412691,463602,1,person,1,2,0,0.0,"{""1"":2}"
RPN,413088,40200,16,bird,1,3,0,0.0,"{""16"":3}"
RPN,413088,41575,16,bird,1,3,0,0.0,"{""16"":3}"
RPN,413297,588472,24,zebra,1,3,0,0.0,"{""24"":3}"
RPN,413297,1822262,24,zebra,1,2,0,0.0,"{""24"":2}"
RPN,414002,464280,1,person,1,3,0,0.0,"{""1"":3}"
RPN,414002,562949,1,person,1,3,0,0.0,"{""1"":3}"
RPN,414002,1726002,1,person,1,3,0,0.0,"{""1"":3}"
RPN,414607,1658106,84,book,1,3,0,0.0,"{""84"":3}"
RPN,414916,474193,1,person,1,3,0,0.0,"{""1"":3}"
RPN,414916,510372,1,person,1,3,0,0.0,"{""1"":3}"
RPN,414916,534546,1,person,1,3,0,0.0,"{""1"":3}"
RPN,414916,535146,1,person,1,4,0,0.0,"{""1"":4}"
RPN,414961,422873,1,person,1,3,0,0.0,"{""1"":3}"
RPN,414961,457496,1,person,1,3,0,0.0,"{""1"":3}"
RPN,415235,70310,21,cow,1,3,0,0.0,"{""21"":3}"
RPN,415235,72812,21,cow,1,3,0,0.0,"{""21"":3}"
RPN,415529,478436,1,person,1,3,0,0.0,"{""1"":3}"
RPN,415529,506785,1,person,1,3,0,0.0,"{""1"":3}"
RPN,415697,339191,85,clock,1,3,0,0.0,"{""85"":3}"
RPN,415697,339529,85,clock,1,3,0,0.0,"{""85"":3}"
RPN,416723,450686,1,person,1,3,0,0.0,"{""1"":3}"
RPN,416723,497628,1,person,1,3,0,0.0,"{""1"":3}"
RPN,416723,529021,1,person,1,3,0,0.0,"{""1"":3}"
RPN,416723,1711929,1,person,1,3,0,0.0,"{""1"":3}"
RPN,417070,448935,1,person,1,3,0,0.0,"{""1"":3}"
RPN,417070,1712248,1,person,1,3,0,0.0,"{""1"":3}"
RPN,417365,440615,1,person,1,3,0,0.0,"{""1"":3}"
RPN,417365,461881,1,person,1,3,0,0.0,"{""1"":3}"
RPN,417844,588628,24,zebra,1,3,0,0.0,"{""24"":3}"
RPN,417844,591306,24,zebra,1,3,0,0.0,"{""24"":3}"
RPN,418056,432651,1,person,1,3,0,0.0,"{""1"":3}"
RPN,418056,483945,1,person,1,3,0,0.0,"{""1"":3}"
RPN,418056,506371,1,person,1,3,0,0.0,"{""1"":3}"
RPN,418056,529354,1,person,1,3,0,0.0,"{""1"":3}"
RPN,418065,151032,4,motorcycle,1,3,0,0.0,"{""4"":3}"
RPN,418065,151267,4,motorcycle,1,2,0,0.0,"{""4"":2}"
RPN,418065,214085,1,person,1,3,0,0.0,"{""1"":3}"
RPN,418065,220987,1,person,1,3,0,0.0,"{""1"":3}"
RPN,419019,384174,62,chair,1,3,0,0.0,"{""62"":3}"
RPN,419019,384263,62,chair,1,3,0,0.0,"{""62"":3}"
RPN,419019,466877,1,person,1,3,0,0.0,"{""1"":3}"
RPN,419019,1211554,1,person,1,3,0,0.0,"{""1"":3}"
RPN,419171,1043026,52,banana,1,3,0,0.0,"{""52"":3}"
RPN,419171,1044154,52,banana,1,3,0,0.0,"{""52"":3}"
RPN,420028,531244,1,person,1,3,0,0.0,"{""1"":3}"
RPN,420028,561786,1,person,1,3,0,0.0,"{""1"":3}"
RPN,420028,1209089,1,person,1,3,0,0.0,"{""1"":3}"
RPN,420028,1740534,1,person,1,3,0,0.0,"{""1"":3}"
RPN,420028,2157909,1,person,1,3,0,0.0,"{""1"":3}"
RPN,420146,313082,54,sandwich,1,3,0,0.0,"{""54"":3}"
RPN,420864,105250,62,chair,1,3,0,0.0,"{""62"":3}"
RPN,420864,105361,62,chair,1,3,0,0.0,"{""62"":3}"
RPN,420864,107945,62,chair,1,1,0,0.0,"{""62"":1}"
RPN,420864,252049,1,person,1,2,0,0.0,"{""1"":2}"
RPN,420864,256858,1,person,1,3,0,0.0,"{""1"":3}"
RPN,421086,488434,1,person,1,3,0,0.0,"{""1"":3}"
RPN,421086,1070924,59,pizza,1,3,0,0.0,"{""59"":3}"
RPN,421086,1077251,59,pizza,1,3,0,0.0,"{""59"":3}"
RPN,421086,1706357,1,person,1,3,0,0.0,"{""1"":3}"
RPN,422583,455340,1,person,1,3,0,0.0,"{""1"":3}"
RPN,422583,557463,1,person,1,3,0,0.0,"{""1"":3}"
RPN,422705,1043427,52,banana,1,2,0,0.0,"{""52"":2}"
RPN,422705,1043971,52,banana,1,3,0,0.0,"{""52"":3}"
RPN,422705,1046087,52,banana,1,3,0,0.0,"{""52"":3}"
RPN,422705,1046238,52,banana,1,3,0,0.0,"{""52"":3}"
RPN,422782,188134,1,person,1,3,0,0.0,"{""1"":3}"
RPN,422782,189176,1,person,1,2,0,0.0,"{""1"":2}"
RPN,422969,102897,62,chair,1,3,0,0.0,"{""62"":3}"
RPN,422969,107348,62,chair,1,3,0,0.0,"{""62"":3}"
RPN,423341,135320,3,car,1,3,0,0.0,"{""3"":3}"
RPN,423412,1079686,60,donut,1,3,0,0.0,"{""60"":3}"
RPN,423412,1080472,60,donut,1,3,0,0.0,"{""60"":3}"
RPN,423412,1081885,60,donut,1,3,0,0.0,"{""60"":3}"
RPN,423481,656287,43,tennis racket,1,2,0,0.0,"{""43"":2}"
RPN,423481,660173,43,tennis racket,1,3,0,0.0,"{""43"":3}"
RPN,423806,1211893,1,person,1,3,0,0.0,"{""1"":3}"
RPN,423806,1232692,1,person,1,3,0,0.0,"{""1"":3}"
RPN,424068,97789,63,couch,1,3,0,0.0,"{""63"":3}"
RPN,424068,98252,63,couch,1,2,0,0.0,"{""63"":2}"
RPN,424485,2227458,72,tv,1,3,0,0.0,"{""72"":3}"
RPN,425052,595182,25,giraffe,1,3,0,0.0,"{""25"":3}"
RPN,425052,1413724,25,giraffe,1,3,0,0.0,"{""25"":3}"
RPN,425325,527829,1,person,1,3,0,0.0,"{""1"":3}"
RPN,425325,542210,1,person,1,3,0,0.0,"{""1"":3}"
RPN,425325,2154546,1,person,1,3,0,0.0,"{""1"":3}"
RPN,426383,163157,6,bus,1,3,0,0.0,"{""6"":3}"
RPN,426383,167237,6,bus,1,3,0,0.0,"{""6"":3}"
RPN,426510,175108,7,train,1,3,0,0.0,"{""7"":3}"
RPN,426510,1795692,7,train,1,3,0,0.0,"{""7"":3}"
RPN,426525,278001,21,cow,1,1,0,0.0,"{""21"":1}"
RPN,426525,278470,21,cow,1,3,0,0.0,"{""21"":3}"
RPN,426525,369730,21,cow,1,2,0,0.0,"{""21"":2}"
RPN,426979,149890,4,motorcycle,1,3,0,0.0,"{""4"":3}"
RPN,426979,150049,4,motorcycle,1,3,0,0.0,"{""4"":3}"
RPN,426979,151271,4,motorcycle,1,3,0,0.0,"{""4"":3}"
RPN,427051,365676,6,bus,1,3,0,0.0,"{""6"":3}"
RPN,427051,1366089,6,bus,1,2,0,0.0,"{""6"":2}"
RPN,427238,434077,1,person,1,3,0,0.0,"{""1"":3}"
RPN,427238,492668,1,person,1,3,0,0.0,"{""1"":3}"
RPN,427238,507531,1,person,1,3,0,0.0,"{""1"":3}"
RPN,427238,556910,1,person,1,3,0,0.0,"{""1"":3}"
RPN,427555,484670,1,person,1,3,0,0.0,"{""1"":3}"
RPN,427555,531968,1,person,1,3,0,0.0,"{""1"":3}"
RPN,427555,1620195,67,dining table,1,2,0,0.0,"{""67"":2}"
RPN,427756,484664,1,person,1,3,0,0.0,"{""1"":3}"
RPN,427756,490450,1,person,1,3,0,0.0,"{""1"":3}"
RPN,427779,466589,1,person,1,3,0,0.0,"{""1"":3}"
RPN,427779,537261,1,person,1,3,0,0.0,"{""1"":3}"
RPN,427852,520874,1,person,1,2,0,0.0,"{""1"":2}"
RPN,427852,1718343,1,person,1,3,0,0.0,"{""1"":3}"
RPN,427868,40253,16,bird,1,3,0,0.0,"{""16"":3}"
RPN,427868,42719,16,bird,1,2,0,0.0,"{""16"":2}"
RPN,428208,1537115,51,bowl,1,1,0,0.0,"{""51"":1}"
RPN,428208,1539987,51,bowl,1,2,0,0.0,"{""51"":2}"
RPN,428208,1541210,51,bowl,1,2,0,0.0,"{""51"":2}"
RPN,428208,1898919,51,bowl,1,2,0,0.0,"{""51"":2}"
RPN,428208,1902625,51,bowl,1,3,0,0.0,"{""51"":3}"
RPN,428208,1902753,51,bowl,1,3,0,0.0,"{""51"":3}"
RPN,428208,2217454,51,bowl,1,3,0,0.0,"{""51"":3}"
RPN,428787,1673438,88,teddy bear,1,3,0,0.0,"{""88"":3}"
RPN,428787,1673860,88,teddy bear,1,3,0,0.0,"{""88"":3}"
RPN,429437,481631,1,person,1,3,0,0.0,"{""1"":3}"
RPN,429437,715286,51,bowl,1,3,0,0.0,"{""51"":3}"
RPN,429437,1901304,51,bowl,1,4,0,0.0,"{""51"":4}"
RPN,429437,2206947,1,person,1,3,3,1.0,"{""62"":3}"
RPN,429745,205146,1,person,1,3,0,0.0,"{""1"":3}"
RPN,429745,255915,1,person,1,3,0,0.0,"{""1"":3}"
RPN,429887,340606,85,clock,1,3,0,0.0,"{""85"":3}"
RPN,429887,1990990,85,clock,1,3,0,0.0,"{""85"":3}"
RPN,430759,1081573,60,donut,1,3,0,0.0,"{""60"":3}"
RPN,430759,1926526,60,donut,1,3,0,0.0,"{""60"":3}"
RPN,430925,57183,19,horse,1,3,0,0.0,"{""19"":3}"
RPN,430925,1404410,19,horse,1,2,0,0.0,"{""19"":2}"
RPN,431178,433734,1,person,1,3,0,0.0,"{""1"":3}"
RPN,431178,455025,1,person,1,3,0,0.0,"{""1"":3}"
RPN,431211,587102,23,bear,1,3,0,0.0,"{""23"":3}"
RPN,431211,587824,23,bear,1,2,0,0.0,"{""23"":2}"
RPN,431376,166746,6,bus,1,3,0,0.0,"{""6"":3}"
RPN,431376,167285,6,bus,1,3,0,0.0,"{""6"":3}"
RPN,431704,438352,1,person,1,3,0,0.0,"{""1"":3}"
RPN,431704,509043,1,person,1,3,0,0.0,"{""1"":3}"
RPN,431704,511888,1,person,1,3,0,0.0,"{""1"":3}"
RPN,432615,601318,25,giraffe,1,3,0,0.0,"{""25"":3}"
RPN,432615,601566,25,giraffe,1,3,0,0.0,"{""25"":3}"
RPN,432754,492632,1,person,1,3,0,0.0,"{""1"":3}"
RPN,432754,2150972,1,person,1,3,0,0.0,"{""1"":3}"
RPN,433405,1497057,46,wine glass,1,3,0,0.0,"{""46"":3}"
RPN,433405,1498128,46,wine glass,1,2,0,0.0,"{""46"":2}"
RPN,433405,1500360,46,wine glass,1,1,0,0.0,"{""46"":1}"
RPN,434951,74670,21,cow,1,3,0,0.0,"{""21"":3}"
RPN,434951,75151,21,cow,1,3,0,0.0,"{""21"":3}"
RPN,435453,452058,1,person,1,3,0,0.0,"{""1"":3}"
RPN,435453,478153,1,person,1,3,0,0.0,"{""1"":3}"
RPN,435869,497937,1,person,1,3,0,0.0,"{""1"":3}"
RPN,435869,536694,1,person,1,3,0,0.0,"{""1"":3}"
RPN,435869,1714193,1,person,1,3,0,0.0,"{""1"":3}"
RPN,436362,179242,9,boat,1,3,0,0.0,"{""9"":3}"
RPN,436362,179543,9,boat,1,3,0,0.0,"{""9"":3}"
RPN,436515,1739148,1,person,1,3,0,0.0,"{""1"":3}"
RPN,436515,1746819,1,person,1,3,0,0.0,"{""1"":3}"
RPN,438099,573943,15,bench,1,2,0,0.0,"{""15"":2}"
RPN,438099,577501,15,bench,1,2,0,0.0,"{""15"":2}"
RPN,439060,148880,4,motorcycle,1,2,0,0.0,"{""4"":2}"
RPN,439060,154845,4,motorcycle,1,2,0,0.0,"{""4"":2}"
RPN,439060,155627,4,motorcycle,1,3,0,0.0,"{""4"":3}"
RPN,439509,366006,6,bus,1,3,0,0.0,"{""6"":3}"
RPN,439509,366106,6,bus,1,3,0,0.0,"{""6"":3}"
RPN,439509,366269,6,bus,1,3,0,0.0,"{""6"":3}"
RPN,439692,595738,25,giraffe,1,3,0,0.0,"{""25"":3}"
RPN,439692,600789,25,giraffe,1,3,0,0.0,"{""25"":3}"
RPN,439906,121215,67,dining table,1,2,0,0.0,"{""67"":2}"
RPN,439906,1614971,67,dining table,1,3,0,0.0,"{""67"":3}"
RPN,440313,458454,1,person,1,3,0,0.0,"{""1"":3}"
RPN,440313,2204628,1,person,1,3,0,0.0,"{""1"":3}"
RPN,441212,416443,11,fire hydrant,1,3,0,0.0,"{""11"":3}"
RPN,441212,418083,11,fire hydrant,1,3,0,0.0,"{""11"":3}"
RPN,441640,582597,22,elephant,1,3,0,0.0,"{""22"":3}"
RPN,441640,1821236,22,elephant,1,2,0,0.0,"{""22"":2}"
RPN,441640,2191357,1,person,1,3,0,0.0,"{""1"":3}"
RPN,441972,56491,19,horse,1,3,0,0.0,"{""19"":3}"
RPN,441972,274598,19,horse,1,3,0,0.0,"{""19"":3}"
RPN,442680,591871,24,zebra,1,3,0,0.0,"{""24"":3}"
RPN,442680,593104,24,zebra,1,3,0,0.0,"{""24"":3}"
RPN,443093,1081513,60,donut,1,2,0,0.0,"{""60"":2}"
RPN,443093,1081857,60,donut,1,3,0,0.0,"{""60"":3}"
RPN,443093,1082257,60,donut,1,1,0,0.0,"{""60"":1}"
RPN,443093,1082893,60,donut,1,3,0,0.0,"{""60"":3}"
RPN,443093,1083150,60,donut,1,2,0,0.0,"{""60"":2}"
RPN,443093,1572366,60,donut,1,3,0,0.0,"{""60"":3}"
RPN,443093,1572739,60,donut,1,3,0,0.0,"{""60"":3}"
RPN,443527,148659,4,motorcycle,1,3,0,0.0,"{""4"":3}"
RPN,443527,151262,4,motorcycle,1,3,0,0.0,"{""4"":3}"
RPN,443916,1674436,88,teddy bear,1,3,0,0.0,"{""88"":3}"
RPN,443916,1674457,88,teddy bear,1,3,3,1.0,"{""23"":3}"
RPN,443916,2210352,23,bear,1,3,3,1.0,"{""88"":3}"
RPN,443916,2210474,23,bear,1,3,0,0.0,"{""23"":3}"
RPN,444166,71758,21,cow,1,3,0,0.0,"{""21"":3}"
RPN,444166,73298,21,cow,1,3,0,0.0,"{""21"":3}"
RPN,444166,73888,21,cow,1,3,0,0.0,"{""21"":3}"
RPN,444214,1226371,1,person,1,3,0,0.0,"{""1"":3}"
RPN,444214,1254299,1,person,1,3,0,0.0,"{""1"":3}"
RPN,444214,1275873,1,person,1,3,0,0.0,"{""1"":3}"
RPN,444214,1285030,1,person,1,3,0,0.0,"{""1"":3}"
RPN,444214,1301596,1,person,1,3,0,0.0,"{""1"":3}"
RPN,444214,1304826,1,person,1,3,0,0.0,"{""1"":3}"
RPN,444285,218528,1,person,1,3,0,0.0,"{""1"":3}"
RPN,444285,224505,1,person,1,3,0,0.0,"{""1"":3}"
RPN,444445,437977,1,person,1,3,0,0.0,"{""1"":3}"
RPN,444445,473601,1,person,1,3,0,0.0,"{""1"":3}"
RPN,444598,1574383,60,donut,1,2,0,0.0,"{""60"":2}"
RPN,444598,1574709,60,donut,1,2,0,0.0,"{""60"":2}"
RPN,444598,1575187,60,donut,1,3,0,0.0,"{""60"":3}"
RPN,444598,1575736,60,donut,1,1,0,0.0,"{""60"":1}"
RPN,444598,1575752,60,donut,1,1,0,0.0,"{""60"":1}"
RPN,444598,1575853,60,donut,1,2,0,0.0,"{""60"":2}"
RPN,444598,1575903,60,donut,1,3,0,0.0,"{""60"":3}"
RPN,444598,1575952,60,donut,1,2,0,0.0,"{""60"":2}"
RPN,444598,1575978,60,donut,1,2,0,0.0,"{""60"":2}"
RPN,444598,1924877,60,donut,1,3,0,0.0,"{""60"":3}"
RPN,445405,441142,1,person,1,3,0,0.0,"{""1"":3}"
RPN,445405,484755,1,person,1,3,0,0.0,"{""1"":3}"
RPN,446539,472813,1,person,1,3,0,0.0,"{""1"":3}"
RPN,446539,1759072,1,person,1,3,0,0.0,"{""1"":3}"
RPN,446677,204503,1,person,1,1,0,0.0,"{""1"":1}"
RPN,446677,1722461,1,person,1,3,0,0.0,"{""1"":3}"
RPN,446726,487343,1,person,1,3,0,0.0,"{""1"":3}"
RPN,446726,491896,1,person,1,2,0,0.0,"{""1"":2}"
RPN,447681,2229087,1,person,1,3,0,0.0,"{""1"":3}"
RPN,447681,2229179,1,person,1,3,0,0.0,"{""1"":3}"
RPN,448274,452480,1,person,1,3,0,0.0,"{""1"":3}"
RPN,448274,2150335,1,person,1,3,0,0.0,"{""1"":3}"
RPN,448274,2204931,1,person,1,3,0,0.0,"{""1"":3}"
RPN,449414,457259,1,person,1,3,0,0.0,"{""1"":3}"
RPN,450878,444397,1,person,1,3,0,0.0,"{""1"":3}"
RPN,450878,554043,1,person,1,3,0,0.0,"{""1"":3}"
RPN,450878,1243789,1,person,1,3,0,0.0,"{""1"":3}"
RPN,451336,1733141,1,person,1,2,0,0.0,"{""1"":2}"
RPN,451336,1754301,1,person,1,3,0,0.0,"{""1"":3}"
RPN,451818,1938137,62,chair,1,3,0,0.0,"{""62"":3}"
RPN,451818,1944036,62,chair,1,3,0,0.0,"{""62"":3}"
RPN,451818,1949138,63,couch,1,3,3,1.0,"{""62"":3}"
RPN,451818,1949296,63,couch,1,3,0,0.0,"{""63"":3}"
RPN,452380,667781,46,wine glass,1,3,0,0.0,"{""46"":3}"
RPN,452380,1497786,46,wine glass,1,1,0,0.0,"{""46"":1}"
RPN,453137,464785,1,person,1,3,0,0.0,"{""1"":3}"
RPN,453137,479013,1,person,1,3,0,0.0,"{""1"":3}"
RPN,453549,1232008,1,person,1,3,0,0.0,"{""1"":3}"
RPN,453549,1275333,1,person,1,3,0,0.0,"{""1"":3}"
RPN,453549,1314769,1,person,1,3,0,0.0,"{""1"":3}"
RPN,453563,1562047,56,broccoli,1,3,0,0.0,"{""56"":3}"
RPN,453563,2187947,56,broccoli,1,2,0,0.0,"{""56"":2}"
RPN,453930,1210714,1,person,1,3,0,0.0,"{""1"":3}"
RPN,453930,1223382,1,person,1,3,0,0.0,"{""1"":3}"
RPN,453930,1255057,1,person,1,3,0,0.0,"{""1"":3}"
RPN,454174,396217,8,truck,1,3,3,1.0,"{""3"":3}"
RPN,454174,397751,8,truck,1,3,0,0.0,"{""8"":3}"
RPN,454258,1050921,55,orange,1,2,0,0.0,"{""55"":2}"
RPN,454258,1051499,55,orange,1,2,0,0.0,"{""55"":2}"
RPN,454541,1225888,1,person,1,3,0,0.0,"{""1"":3}"
RPN,454541,1260113,1,person,1,3,0,0.0,"{""1"":3}"
RPN,454541,1286863,1,person,1,3,0,0.0,"{""1"":3}"
RPN,454541,1298043,1,person,1,2,0,0.0,"{""1"":2}"
RPN,455313,448413,1,person,1,3,0,0.0,"{""1"":3}"
RPN,455313,502191,1,person,1,3,0,0.0,"{""1"":3}"
RPN,455369,458262,1,person,1,3,0,0.0,"{""1"":3}"
RPN,455369,1713640,1,person,1,3,0,0.0,"{""1"":3}"
RPN,455369,2155784,1,person,1,3,0,0.0,"{""1"":3}"
RPN,455406,112441,63,couch,1,2,0,0.0,"{""63"":2}"
RPN,455406,113694,63,couch,1,3,0,0.0,"{""63"":3}"
RPN,455406,212824,1,person,1,3,0,0.0,"{""1"":3}"
RPN,455406,217453,1,person,1,3,0,0.0,"{""1"":3}"
RPN,455406,218399,1,person,1,2,0,0.0,"{""1"":2}"
RPN,455406,219019,1,person,1,3,0,0.0,"{""1"":3}"
RPN,455543,423807,1,person,1,3,0,0.0,"{""1"":3}"
RPN,455543,469534,1,person,1,3,0,0.0,"{""1"":3}"
RPN,456286,103179,62,chair,1,2,0,0.0,"{""62"":2}"
RPN,456389,494854,1,person,1,3,0,0.0,"{""1"":3}"
RPN,456389,529999,1,person,1,3,0,0.0,"{""1"":3}"
RPN,456554,479375,1,person,1,3,0,0.0,"{""1"":3}"
RPN,457085,49882,17,cat,1,2,0,0.0,"{""17"":2}"
RPN,457660,1099115,73,laptop,1,3,0,0.0,"{""73"":3}"
RPN,457660,1104043,73,laptop,1,3,0,0.0,"{""73"":3}"
RPN,458143,436783,1,person,1,3,0,0.0,"{""1"":3}"
RPN,458143,1278747,1,person,1,3,0,0.0,"{""1"":3}"
RPN,459346,463669,1,person,1,3,0,0.0,"{""1"":3}"
RPN,459346,538153,1,person,1,3,0,0.0,"{""1"":3}"
RPN,459747,37173,16,bird,1,3,0,0.0,"{""16"":3}"
RPN,459747,39140,16,bird,1,3,0,0.0,"{""16"":3}"
RPN,460362,437790,1,person,1,2,0,0.0,"{""1"":2}"
RPN,460362,503265,1,person,1,3,0,0.0,"{""1"":3}"
RPN,461530,1200551,1,person,1,3,0,0.0,"{""1"":3}"
RPN,461530,1684475,1,person,1,1,0,0.0,"{""1"":1}"
RPN,462067,431403,1,person,1,3,0,0.0,"{""1"":3}"
RPN,462067,1205518,1,person,1,3,0,0.0,"{""1"":3}"
RPN,462383,352985,3,car,1,3,0,0.0,"{""3"":3}"
RPN,462383,353645,3,car,1,3,0,0.0,"{""3"":3}"
RPN,462398,149356,4,motorcycle,1,3,0,0.0,"{""4"":3}"
RPN,462398,152036,4,motorcycle,1,3,0,0.0,"{""4"":3}"
RPN,462445,458135,1,person,1,3,0,0.0,"{""1"":3}"
RPN,462445,477451,1,person,1,3,0,0.0,"{""1"":3}"
RPN,462445,1161168,88,teddy bear,1,3,0,0.0,"{""88"":3}"
RPN,462445,1161263,88,teddy bear,1,3,0,0.0,"{""88"":3}"
RPN,462899,461023,1,person,1,3,0,0.0,"{""1"":3}"
RPN,463474,465941,1,person,1,3,0,0.0,"{""1"":3}"
RPN,463474,519648,1,person,1,3,0,0.0,"{""1"":3}"
RPN,463814,1410090,22,elephant,1,3,0,0.0,"{""22"":3}"
RPN,463814,1410110,22,elephant,1,3,0,0.0,"{""22"":3}"
RPN,463814,1410334,22,elephant,1,2,0,0.0,"{""22"":2}"
RPN,464174,463028,1,person,1,3,0,0.0,"{""1"":3}"
RPN,464174,479107,1,person,1,3,0,0.0,"{""1"":3}"
RPN,464174,2206656,1,person,1,2,0,0.0,"{""1"":2}"
RPN,464917,1310417,1,person,1,3,0,0.0,"{""1"":3}"
RPN,464917,1318246,1,person,1,3,0,0.0,"{""1"":3}"
RPN,464917,1330861,1,person,1,3,0,0.0,"{""1"":3}"
RPN,464917,1331801,1,person,1,3,0,0.0,"{""1"":3}"
RPN,464917,1332346,1,person,1,3,0,0.0,"{""1"":3}"
RPN,464917,2013887,1,person,1,3,0,0.0,"{""1"":3}"
RPN,465101,186998,1,person,1,3,0,0.0,"{""1"":3}"
RPN,465101,187129,1,person,1,3,0,0.0,"{""1"":3}"
RPN,465200,1568661,58,hot dog,1,3,0,0.0,"{""58"":3}"
RPN,465200,1568824,58,hot dog,1,3,0,0.0,"{""58"":3}"
RPN,465829,469311,1,person,1,3,0,0.0,"{""1"":3}"
RPN,465829,505585,1,person,1,3,0,0.0,"{""1"":3}"
RPN,465829,673819,47,cup,1,3,0,0.0,"{""47"":3}"
RPN,466024,587795,23,bear,1,3,0,0.0,"{""23"":3}"
RPN,466024,587961,23,bear,1,3,0,0.0,"{""23"":3}"
RPN,466223,183184,1,person,1,3,0,0.0,"{""1"":3}"
RPN,466223,256684,1,person,1,3,0,0.0,"{""1"":3}"
RPN,467273,503183,1,person,1,3,0,0.0,"{""1"":3}"
RPN,467273,520855,1,person,1,3,0,0.0,"{""1"":3}"
RPN,467774,56885,19,horse,1,3,0,0.0,"{""19"":3}"
RPN,467774,57431,19,horse,1,3,0,0.0,"{""19"":3}"
RPN,467774,274359,19,horse,1,3,0,0.0,"{""19"":3}"
RPN,468401,490364,1,person,1,3,0,0.0,"{""1"":3}"
RPN,468401,2015273,1,person,1,3,0,0.0,"{""1"":3}"
RPN,468401,2025580,1,person,1,2,0,0.0,"{""1"":2}"
RPN,468465,193564,1,person,1,3,0,0.0,"{""1"":3}"
RPN,468465,202755,1,person,1,3,0,0.0,"{""1"":3}"
RPN,468465,2206404,1,person,1,3,0,0.0,"{""1"":3}"
RPN,468760,56079,19,horse,1,3,0,0.0,"{""19"":3}"
RPN,468760,59789,19,horse,1,2,0,0.0,"{""19"":2}"
RPN,469024,489742,1,person,1,3,0,0.0,"{""1"":3}"
RPN,469024,497575,1,person,1,3,0,0.0,"{""1"":3}"
RPN,469559,508246,1,person,1,3,0,0.0,"{""1"":3}"
RPN,469559,529782,1,person,1,3,0,0.0,"{""1"":3}"
RPN,470174,99023,63,couch,1,3,0,0.0,"{""63"":3}"
RPN,470174,100002,63,couch,1,3,0,0.0,"{""63"":3}"
RPN,471315,582489,22,elephant,1,3,0,0.0,"{""22"":3}"
RPN,471315,583547,22,elephant,1,1,0,0.0,"{""22"":1}"
RPN,471315,1821278,22,elephant,1,2,0,0.0,"{""22"":2}"
RPN,471332,1805380,10,traffic light,1,3,0,0.0,"{""10"":3}"
RPN,471665,596275,25,giraffe,1,3,0,0.0,"{""25"":3}"
RPN,471665,1413711,25,giraffe,1,3,0,0.0,"{""25"":3}"
RPN,471905,1062581,57,carrot,1,3,0,0.0,"{""57"":3}"
RPN,471905,1065548,57,carrot,1,2,0,0.0,"{""57"":2}"
RPN,471905,1065975,57,carrot,1,3,0,0.0,"{""57"":3}"
RPN,471962,595288,25,giraffe,1,3,0,0.0,"{""25"":3}"
RPN,471962,600186,25,giraffe,1,3,0,0.0,"{""25"":3}"
RPN,472393,521058,1,person,1,3,0,0.0,"{""1"":3}"
RPN,472393,530701,1,person,1,3,0,0.0,"{""1"":3}"
RPN,472393,543135,1,person,1,3,0,0.0,"{""1"":3}"
RPN,472602,1226671,1,person,1,3,0,0.0,"{""1"":3}"
RPN,472602,1228756,1,person,1,2,0,0.0,"{""1"":2}"
RPN,472602,1314654,1,person,1,3,0,0.0,"{""1"":3}"
RPN,472749,538325,1,person,1,3,0,0.0,"{""1"":3}"
RPN,472749,1711006,1,person,1,3,0,0.0,"{""1"":3}"
RPN,473352,1793269,5,airplane,1,3,0,0.0,"{""5"":3}"
RPN,473352,1793498,5,airplane,1,3,0,0.0,"{""5"":3}"
RPN,473588,180933,9,boat,1,3,0,0.0,"{""9"":3}"
RPN,473588,249313,9,boat,1,2,0,0.0,"{""9"":2}"
RPN,473588,249593,9,boat,1,3,0,0.0,"{""9"":3}"
RPN,473588,1375356,9,boat,1,1,0,0.0,"{""9"":1}"
RPN,475142,1573392,60,donut,1,3,0,0.0,"{""60"":3}"
RPN,475142,1574409,60,donut,1,1,0,0.0,"{""60"":1}"
RPN,475142,1575026,60,donut,1,1,0,0.0,"{""60"":1}"
RPN,475142,1575428,60,donut,1,1,0,0.0,"{""60"":1}"
RPN,475236,1081609,60,donut,1,3,0,0.0,"{""60"":3}"
RPN,475236,1082730,60,donut,1,3,0,0.0,"{""60"":3}"
RPN,475754,215493,1,person,1,3,0,0.0,"{""1"":3}"
RPN,475754,221161,1,person,1,3,0,0.0,"{""1"":3}"
RPN,475999,544024,1,person,1,3,0,0.0,"{""1"":3}"
RPN,475999,547607,1,person,1,3,0,0.0,"{""1"":3}"
RPN,476060,365719,6,bus,1,3,0,0.0,"{""6"":3}"
RPN,476060,366143,6,bus,1,3,0,0.0,"{""6"":3}"
RPN,476347,37834,16,bird,1,3,0,0.0,"{""16"":3}"
RPN,476347,38371,16,bird,1,3,0,0.0,"{""16"":3}"
RPN,476347,39457,16,bird,1,3,0,0.0,"{""16"":3}"
RPN,480014,150446,4,motorcycle,1,3,0,0.0,"{""4"":3}"
RPN,480014,150679,4,motorcycle,1,2,0,0.0,"{""4"":2}"
RPN,480196,211034,1,person,1,3,0,0.0,"{""1"":3}"
RPN,480196,223014,1,person,1,3,0,0.0,"{""1"":3}"
RPN,480196,224399,1,person,1,3,0,0.0,"{""1"":3}"
RPN,480196,234569,1,person,1,3,0,0.0,"{""1"":3}"
RPN,480729,1080552,60,donut,1,2,0,0.0,"{""60"":2}"
RPN,480729,1081073,60,donut,1,3,0,0.0,"{""60"":3}"
RPN,480729,1082247,60,donut,1,1,0,0.0,"{""60"":1}"
RPN,480729,1925045,60,donut,1,3,0,0.0,"{""60"":3}"
RPN,481218,62657,20,sheep,1,3,0,0.0,"{""20"":3}"
RPN,481218,64221,20,sheep,1,3,0,0.0,"{""20"":3}"
RPN,481428,74624,21,cow,1,3,0,0.0,"{""21"":3}"
RPN,481428,74856,21,cow,1,3,0,0.0,"{""21"":3}"
RPN,481428,75202,21,cow,1,3,0,0.0,"{""21"":3}"
RPN,481530,370789,44,bottle,1,3,0,0.0,"{""44"":3}"
RPN,481530,370881,44,bottle,1,3,0,0.0,"{""44"":3}"
RPN,481667,425837,1,person,1,3,0,0.0,"{""1"":3}"
RPN,481667,514468,1,person,1,3,0,0.0,"{""1"":3}"
RPN,481667,547250,1,person,1,3,0,0.0,"{""1"":3}"
RPN,481667,1740126,1,person,1,3,0,0.0,"{""1"":3}"
RPN,481667,2153347,1,person,1,3,0,0.0,"{""1"":3}"
RPN,481736,183105,1,person,1,3,0,0.0,"{""1"":3}"
RPN,481736,187210,1,person,1,3,0,0.0,"{""1"":3}"
RPN,481736,1742646,1,person,1,3,0,0.0,"{""1"":3}"
RPN,482093,1079068,60,donut,1,3,0,0.0,"{""60"":3}"
RPN,482326,515515,1,person,1,3,0,0.0,"{""1"":3}"
RPN,482326,531416,1,person,1,3,0,0.0,"{""1"":3}"
RPN,482326,2162637,1,person,1,2,0,0.0,"{""1"":2}"
RPN,482330,1214979,1,person,1,3,0,0.0,"{""1"":3}"
RPN,482330,1253918,1,person,1,3,0,0.0,"{""1"":3}"
RPN,482330,1258164,1,person,1,3,0,0.0,"{""1"":3}"
RPN,482330,1286823,1,person,1,3,0,0.0,"{""1"":3}"
RPN,482330,1611140,65,bed,1,3,0,0.0,"{""65"":3}"
RPN,482454,190254,1,person,1,3,0,0.0,"{""1"":3}"
RPN,482454,192224,1,person,1,3,0,0.0,"{""1"":3}"
RPN,482454,210454,1,person,1,3,0,0.0,"{""1"":3}"
RPN,482472,143458,3,car,1,3,0,0.0,"{""3"":3}"
RPN,482775,1535670,51,bowl,1,3,0,0.0,"{""51"":3}"
RPN,482775,2107800,51,bowl,1,3,0,0.0,"{""51"":3}"
RPN,484385,439529,1,person,1,3,0,0.0,"{""1"":3}"
RPN,484385,1718117,1,person,1,3,0,0.0,"{""1"":3}"
RPN,484385,1761327,1,person,1,2,0,0.0,"{""1"":2}"
RPN,484563,205670,1,person,1,3,0,0.0,"{""1"":3}"
RPN,484563,220157,1,person,1,4,0,0.0,"{""1"":4}"
RPN,484563,237700,1,person,1,3,0,0.0,"{""1"":3}"
RPN,485364,229674,1,person,1,3,0,0.0,"{""1"":3}"
RPN,485364,231273,1,person,1,3,0,0.0,"{""1"":3}"
RPN,485364,253140,1,person,1,3,0,0.0,"{""1"":3}"
RPN,485364,264079,1,person,1,3,0,0.0,"{""1"":3}"
RPN,485705,1041950,52,banana,1,2,0,0.0,"{""52"":2}"
RPN,485705,1043190,52,banana,1,1,0,0.0,"{""52"":1}"
RPN,485705,1904763,52,banana,1,3,0,0.0,"{""52"":3}"
RPN,485757,477171,1,person,1,3,0,0.0,"{""1"":3}"
RPN,485757,498122,1,person,1,2,0,0.0,"{""1"":2}"
RPN,485757,1577119,61,cake,1,3,0,0.0,"{""61"":3}"
RPN,485757,1718283,1,person,1,3,0,0.0,"{""1"":3}"
RPN,485757,1927129,61,cake,1,3,0,0.0,"{""61"":3}"
RPN,485954,55004,19,horse,1,3,0,0.0,"{""19"":3}"
RPN,485954,55478,19,horse,1,3,0,0.0,"{""19"":3}"
RPN,485954,205454,1,person,1,3,0,0.0,"{""1"":3}"
RPN,485954,2158275,1,person,1,3,0,0.0,"{""1"":3}"
RPN,485984,32745,72,tv,1,2,0,0.0,"{""72"":2}"
RPN,485984,35730,72,tv,1,3,0,0.0,"{""72"":3}"
RPN,486606,426136,1,person,1,3,0,0.0,"{""1"":3}"
RPN,486606,521306,1,person,1,3,0,0.0,"{""1"":3}"
RPN,486606,1707710,1,person,1,3,0,0.0,"{""1"":3}"
RPN,487228,464676,1,person,1,3,0,0.0,"{""1"":3}"
RPN,487228,466297,1,person,1,3,0,0.0,"{""1"":3}"
RPN,487502,427658,1,person,1,3,0,0.0,"{""1"":3}"
RPN,487502,462106,1,person,1,3,0,0.0,"{""1"":3}"
RPN,487502,520316,1,person,1,3,0,0.0,"{""1"":3}"
RPN,487502,1257222,1,person,1,3,0,0.0,"{""1"":3}"
RPN,487510,113175,63,couch,1,3,0,0.0,"{""63"":3}"
RPN,487510,114456,63,couch,1,3,0,0.0,"{""63"":3}"
RPN,488553,1160833,88,teddy bear,1,2,0,0.0,"{""88"":2}"
RPN,488676,477767,1,person,1,3,0,0.0,"{""1"":3}"
RPN,488676,482876,1,person,1,3,0,0.0,"{""1"":3}"
RPN,488676,1742783,1,person,1,3,0,0.0,"{""1"":3}"
RPN,488676,1753678,1,person,1,3,0,0.0,"{""1"":3}"
RPN,489107,1223420,1,person,1,3,0,0.0,"{""1"":3}"
RPN,489107,1246479,1,person,1,3,0,0.0,"{""1"":3}"
RPN,489145,422187,1,person,1,3,0,0.0,"{""1"":3}"
RPN,489145,1721831,1,person,1,3,0,0.0,"{""1"":3}"
RPN,489167,581826,22,elephant,1,3,0,0.0,"{""22"":3}"
RPN,490182,483107,1,person,1,3,0,0.0,"{""1"":3}"
RPN,490182,543487,1,person,1,3,0,0.0,"{""1"":3}"
RPN,490610,211520,1,person,1,3,0,0.0,"{""1"":3}"
RPN,490610,214754,1,person,1,3,0,0.0,"{""1"":3}"
RPN,490801,447650,1,person,1,3,0,0.0,"{""1"":3}"
RPN,490801,449795,1,person,1,3,0,0.0,"{""1"":3}"
RPN,490801,539144,1,person,1,3,0,0.0,"{""1"":3}"
RPN,490801,542599,1,person,1,3,0,0.0,"{""1"":3}"
RPN,491302,531303,1,person,1,3,0,0.0,"{""1"":3}"
RPN,491302,1724393,1,person,1,3,0,0.0,"{""1"":3}"
RPN,491477,1075419,59,pizza,1,3,0,0.0,"{""59"":3}"
RPN,491477,1075851,59,pizza,1,2,0,0.0,"{""59"":2}"
RPN,491666,54523,19,horse,1,3,0,0.0,"{""19"":3}"
RPN,491666,55440,19,horse,1,3,0,0.0,"{""19"":3}"
RPN,491707,468376,1,person,1,3,0,0.0,"{""1"":3}"
RPN,491707,492803,1,person,1,3,0,0.0,"{""1"":3}"
RPN,492096,1243144,1,person,1,3,0,0.0,"{""1"":3}"
RPN,492096,1259440,1,person,1,3,0,0.0,"{""1"":3}"
RPN,492096,1268261,1,person,1,3,0,0.0,"{""1"":3}"
RPN,492096,1279457,1,person,1,3,0,0.0,"{""1"":3}"
RPN,492096,1691243,1,person,1,3,0,0.0,"{""1"":3}"
RPN,492114,443615,1,person,1,3,0,0.0,"{""1"":3}"
RPN,492114,503059,1,person,1,3,0,0.0,"{""1"":3}"
RPN,492114,536403,1,person,1,3,0,0.0,"{""1"":3}"
RPN,492155,66219,20,sheep,1,3,0,0.0,"{""20"":3}"
RPN,492155,66531,20,sheep,1,3,0,0.0,"{""20"":3}"
RPN,492155,67088,20,sheep,1,2,0,0.0,"{""20"":2}"
RPN,492354,1056044,56,broccoli,1,3,0,0.0,"{""56"":3}"
RPN,492354,1058150,56,broccoli,1,1,0,0.0,"{""56"":1}"
RPN,492408,284676,28,umbrella,1,3,0,0.0,"{""28"":3}"
RPN,492408,285987,28,umbrella,1,3,0,0.0,"{""28"":3}"
RPN,493072,1235119,1,person,1,3,0,0.0,"{""1"":3}"
RPN,493072,1267494,1,person,1,3,0,0.0,"{""1"":3}"
RPN,493448,533388,1,person,1,3,0,0.0,"{""1"":3}"
RPN,493448,549269,1,person,1,3,0,0.0,"{""1"":3}"
RPN,493448,551049,1,person,1,3,0,0.0,"{""1"":3}"
RPN,494382,40361,16,bird,1,3,0,0.0,"{""16"":3}"
RPN,494382,43947,16,bird,1,3,0,0.0,"{""16"":3}"
RPN,494382,44917,16,bird,1,3,0,0.0,"{""16"":3}"
RPN,494415,165707,6,bus,1,3,0,0.0,"{""6"":3}"
RPN,494415,166369,6,bus,1,3,0,0.0,"{""6"":3}"
RPN,494706,530460,1,person,1,3,0,0.0,"{""1"":3}"
RPN,494706,1732430,1,person,1,3,0,0.0,"{""1"":3}"
RPN,494733,522315,1,person,1,3,0,0.0,"{""1"":3}"
RPN,494733,532234,1,person,1,3,0,0.0,"{""1"":3}"
RPN,494733,545146,1,person,1,3,0,0.0,"{""1"":3}"
RPN,494733,1725533,1,person,1,3,0,0.0,"{""1"":3}"
RPN,495169,114964,63,couch,1,3,0,0.0,"{""63"":3}"
RPN,495169,115528,63,couch,1,3,0,0.0,"{""63"":3}"
RPN,495169,194815,1,person,1,3,0,0.0,"{""1"":3}"
RPN,495169,213980,1,person,1,3,0,0.0,"{""1"":3}"
RPN,495169,220551,1,person,1,3,0,0.0,"{""1"":3}"
RPN,495169,2159841,1,person,1,3,0,0.0,"{""1"":3}"
RPN,495233,253238,1,person,1,3,0,0.0,"{""1"":3}"
RPN,495233,253263,1,person,1,3,0,0.0,"{""1"":3}"
RPN,495233,253858,1,person,1,3,0,0.0,"{""1"":3}"
RPN,495875,428481,1,person,1,3,0,0.0,"{""1"":3}"
RPN,495875,448467,1,person,1,3,0,0.0,"{""1"":3}"
RPN,495875,529599,1,person,1,3,0,0.0,"{""1"":3}"
RPN,495875,560855,1,person,1,3,0,0.0,"{""1"":3}"
RPN,495987,466715,1,person,1,3,0,0.0,"{""1"":3}"
RPN,495987,1721038,1,person,1,3,0,0.0,"{""1"":3}"
RPN,496942,190264,1,person,1,3,0,0.0,"{""1"":3}"
RPN,496942,236822,1,person,1,2,0,0.0,"{""1"":2}"
RPN,496942,237015,1,person,1,3,0,0.0,"{""1"":3}"
RPN,498007,1182845,33,suitcase,1,3,0,0.0,"{""33"":3}"
RPN,498007,1184121,33,suitcase,1,2,0,0.0,"{""33"":2}"
RPN,498007,1187358,33,suitcase,1,3,0,0.0,"{""33"":3}"
RPN,498508,150224,4,motorcycle,1,3,0,0.0,"{""4"":3}"
RPN,498508,155031,4,motorcycle,1,2,0,0.0,"{""4"":2}"
RPN,498679,72323,21,cow,1,3,0,0.0,"{""21"":3}"
RPN,498679,73306,21,cow,1,3,0,0.0,"{""21"":3}"
RPN,498702,465319,1,person,1,3,0,0.0,"{""1"":3}"
RPN,498702,504492,1,person,1,3,0,0.0,"{""1"":3}"
RPN,498702,1240455,1,person,1,3,0,0.0,"{""1"":3}"
RPN,499141,217761,1,person,1,3,0,0.0,"{""1"":3}"
RPN,499141,1224294,1,person,1,3,0,0.0,"{""1"":3}"
RPN,499538,1137836,84,book,1,3,0,0.0,"{""84"":3}"
RPN,499538,1140193,84,book,1,3,0,0.0,"{""84"":3}"
RPN,499679,1206142,1,person,1,3,0,0.0,"{""1"":3}"
RPN,499679,1230172,1,person,1,3,0,0.0,"{""1"":3}"
RPN,499679,1319341,1,person,1,3,0,0.0,"{""1"":3}"
RPN,499862,1561200,56,broccoli,1,2,0,0.0,"{""56"":2}"
RPN,499862,1561366,56,broccoli,1,2,0,0.0,"{""56"":2}"
RPN,500036,1058185,56,broccoli,1,3,0,0.0,"{""56"":3}"
RPN,500036,1060108,56,broccoli,1,3,0,0.0,"{""56"":3}"
RPN,501269,185215,1,person,1,3,0,0.0,"{""1"":3}"
RPN,501269,210330,1,person,1,3,0,0.0,"{""1"":3}"
RPN,501269,2228904,1,person,1,3,0,0.0,"{""1"":3}"
RPN,502148,314756,65,bed,1,3,0,0.0,"{""65"":3}"
RPN,502148,316649,65,bed,1,3,0,0.0,"{""65"":3}"
RPN,502288,445834,1,person,1,3,0,0.0,"{""1"":3}"
RPN,502288,460977,1,person,1,3,0,0.0,"{""1"":3}"
RPN,502288,2157953,1,person,1,3,0,0.0,"{""1"":3}"
RPN,502553,316106,65,bed,1,3,0,0.0,"{""65"":3}"
RPN,502553,316143,65,bed,1,3,0,0.0,"{""65"":3}"
RPN,502553,317822,65,bed,1,3,0,0.0,"{""65"":3}"
RPN,503497,2231896,85,clock,1,2,0,0.0,"{""85"":2}"
RPN,503497,2231900,85,clock,1,3,0,0.0,"{""85"":3}"
RPN,503822,483419,1,person,1,3,0,0.0,"{""1"":3}"
RPN,503822,483940,1,person,1,3,0,0.0,"{""1"":3}"
RPN,503844,427048,1,person,1,3,0,0.0,"{""1"":3}"
RPN,503844,557854,1,person,1,2,0,0.0,"{""1"":2}"
RPN,503906,455045,1,person,1,3,0,0.0,"{""1"":3}"
RPN,503906,1208151,1,person,1,3,0,0.0,"{""1"":3}"
RPN,505020,1227319,1,person,1,3,0,0.0,"{""1"":3}"
RPN,505020,1243798,1,person,1,3,0,0.0,"{""1"":3}"
RPN,506056,1253456,1,person,1,3,0,0.0,"{""1"":3}"
RPN,507761,477088,1,person,1,3,0,0.0,"{""1"":3}"
RPN,507761,1711535,1,person,1,3,0,0.0,"{""1"":3}"
RPN,509652,709723,51,bowl,1,3,0,0.0,"{""51"":3}"
RPN,509652,1040598,51,bowl,1,3,0,0.0,"{""51"":3}"
RPN,510027,310948,54,sandwich,1,3,0,0.0,"{""54"":3}"
RPN,510027,311169,54,sandwich,1,3,0,0.0,"{""54"":3}"
RPN,510027,1536273,51,bowl,1,3,0,0.0,"{""51"":3}"
RPN,510027,1899469,51,bowl,1,3,0,0.0,"{""51"":3}"
RPN,510027,2108780,51,bowl,1,3,0,0.0,"{""51"":3}"
RPN,510334,75268,21,cow,1,3,3,1.0,"{""20"":3}"
RPN,510334,370113,21,cow,1,2,0,0.0,"{""21"":2}"
RPN,510334,1407715,21,cow,1,3,0,0.0,"{""21"":3}"
RPN,510342,424792,1,person,1,3,0,0.0,"{""1"":3}"
RPN,510572,255352,1,person,1,3,0,0.0,"{""1"":3}"
RPN,510572,258410,1,person,1,3,0,0.0,"{""1"":3}"
RPN,510572,260662,1,person,1,3,0,0.0,"{""1"":3}"
RPN,510860,189515,1,person,1,3,0,0.0,"{""1"":3}"
RPN,510860,201993,1,person,1,3,0,0.0,"{""1"":3}"
RPN,511869,1254599,1,person,1,3,0,0.0,"{""1"":3}"
RPN,511869,1682805,1,person,1,3,0,0.0,"{""1"":3}"
RPN,512458,191782,1,person,1,4,0,0.0,"{""1"":4}"
RPN,512458,210971,1,person,1,3,0,0.0,"{""1"":3}"
RPN,512561,513172,1,person,1,3,0,0.0,"{""1"":3}"
RPN,512561,537187,1,person,1,2,0,0.0,"{""1"":2}"
RPN,512658,1996455,88,teddy bear,1,3,0,0.0,"{""88"":3}"
RPN,512658,1996790,88,teddy bear,1,3,0,0.0,"{""88"":3}"
RPN,512658,2110281,52,banana,1,3,0,0.0,"{""52"":3}"
RPN,512658,2110311,52,banana,1,2,0,0.0,"{""52"":2}"
RPN,512941,428148,1,person,1,3,0,0.0,"{""1"":3}"
RPN,512941,429031,1,person,1,3,0,0.0,"{""1"":3}"
RPN,513704,1924838,60,donut,1,3,0,0.0,"{""60"":3}"
RPN,513704,1925874,60,donut,1,1,0,0.0,"{""60"":1}"
RPN,513704,1926634,60,donut,1,3,0,0.0,"{""60"":3}"
RPN,514295,713506,51,bowl,1,3,0,0.0,"{""51"":3}"
RPN,514295,714523,51,bowl,1,3,0,0.0,"{""51"":3}"
RPN,514295,1203643,1,person,1,3,0,0.0,"{""1"":3}"
RPN,515252,165120,6,bus,1,3,0,0.0,"{""6"":3}"
RPN,515252,247885,6,bus,1,3,0,0.0,"{""6"":3}"
RPN,515252,267967,6,bus,1,3,0,0.0,"{""6"":3}"
RPN,515470,201858,1,person,1,3,0,0.0,"{""1"":3}"
RPN,515470,223853,1,person,1,3,0,0.0,"{""1"":3}"
RPN,515512,1088642,61,cake,1,3,0,0.0,"{""61"":3}"
RPN,515512,1088956,61,cake,1,3,0,0.0,"{""61"":3}"
RPN,515590,173620,7,train,1,3,0,0.0,"{""7"":3}"
RPN,515590,174965,7,train,1,3,0,0.0,"{""7"":3}"
RPN,515702,489186,1,person,1,3,0,0.0,"{""1"":3}"
RPN,515702,492802,1,person,1,3,0,0.0,"{""1"":3}"
RPN,515702,1690898,1,person,1,3,0,0.0,"{""1"":3}"
RPN,515815,193750,1,person,1,3,0,0.0,"{""1"":3}"
RPN,515928,203848,1,person,1,2,0,0.0,"{""1"":2}"
RPN,515928,208395,1,person,1,3,0,0.0,"{""1"":3}"
RPN,515928,2165104,1,person,1,3,0,0.0,"{""1"":3}"
RPN,516906,97887,63,couch,1,3,0,0.0,"{""63"":3}"
RPN,516906,2225300,63,couch,1,3,3,1.0,"{""62"":3}"
RPN,517123,62713,20,sheep,1,3,0,0.0,"{""20"":3}"
RPN,517123,64968,20,sheep,1,3,0,0.0,"{""20"":3}"
RPN,517403,197469,1,person,1,3,0,0.0,"{""1"":3}"
RPN,517403,199491,1,person,1,3,0,0.0,"{""1"":3}"
RPN,517403,207930,1,person,1,3,0,0.0,"{""1"":3}"
RPN,517451,1093189,70,toilet,1,3,0,0.0,"{""70"":3}"
RPN,517451,1967683,70,toilet,1,3,0,0.0,"{""70"":3}"
RPN,517685,457473,1,person,1,3,0,0.0,"{""1"":3}"
RPN,518318,440265,1,person,1,3,0,0.0,"{""1"":3}"
RPN,518318,488245,1,person,1,3,0,0.0,"{""1"":3}"
RPN,518318,1228909,1,person,1,3,0,0.0,"{""1"":3}"
RPN,518455,1160347,88,teddy bear,1,3,0,0.0,"{""88"":3}"
RPN,518455,1163106,88,teddy bear,1,2,0,0.0,"{""88"":2}"
RPN,518455,1163259,88,teddy bear,1,3,0,0.0,"{""88"":3}"
RPN,518455,1163334,88,teddy bear,1,2,0,0.0,"{""88"":2}"
RPN,518455,1163360,88,teddy bear,1,2,0,0.0,"{""88"":2}"
RPN,518455,1163442,88,teddy bear,1,3,0,0.0,"{""88"":3}"
RPN,518455,1674248,88,teddy bear,1,3,0,0.0,"{""88"":3}"
RPN,518785,345627,3,car,1,3,0,0.0,"{""3"":3}"
RPN,518785,358892,3,car,1,3,0,0.0,"{""3"":3}"
RPN,518785,359545,3,car,1,3,0,0.0,"{""3"":3}"
RPN,519616,461502,1,person,1,3,0,0.0,"{""1"":3}"
RPN,519616,520346,1,person,1,3,0,0.0,"{""1"":3}"
RPN,520272,581919,22,elephant,1,3,0,0.0,"{""22"":3}"
RPN,520272,2175072,22,elephant,1,3,0,0.0,"{""22"":3}"
RPN,520456,53927,19,horse,1,3,0,0.0,"{""19"":3}"
RPN,520456,54381,19,horse,1,3,0,0.0,"{""19"":3}"
RPN,520456,57287,19,horse,1,3,0,0.0,"{""19"":3}"
RPN,520590,459587,1,person,1,3,0,0.0,"{""1"":3}"
RPN,520590,472323,1,person,1,3,0,0.0,"{""1"":3}"
RPN,520590,2164265,1,person,1,3,0,0.0,"{""1"":3}"
RPN,520883,76829,21,cow,1,3,0,0.0,"{""21"":3}"
RPN,520883,76922,21,cow,1,3,0,0.0,"{""21"":3}"
RPN,520978,1204630,1,person,1,3,0,0.0,"{""1"":3}"
RPN,520978,1225418,1,person,1,3,0,0.0,"{""1"":3}"
RPN,520978,1229742,1,person,1,3,0,0.0,"{""1"":3}"
RPN,520978,1249088,1,person,1,3,0,0.0,"{""1"":3}"
RPN,520978,1274996,1,person,1,3,0,0.0,"{""1"":3}"
RPN,521437,199006,1,person,1,3,0,0.0,"{""1"":3}"
RPN,521437,215568,1,person,1,3,0,0.0,"{""1"":3}"
RPN,521514,30958,72,tv,1,3,0,0.0,"{""72"":3}"
RPN,521514,124198,72,tv,1,2,0,0.0,"{""72"":2}"
RPN,522240,711646,51,bowl,1,3,0,0.0,"{""51"":3}"
RPN,522240,711838,51,bowl,1,4,0,0.0,"{""51"":4}"
RPN,522240,1074123,59,pizza,1,3,0,0.0,"{""59"":3}"
RPN,522240,1532886,51,bowl,1,3,3,1.0,"{""54"":3}"
RPN,522288,211106,1,person,1,2,0,0.0,"{""1"":2}"
RPN,522288,219473,1,person,1,2,0,0.0,"{""1"":2}"
RPN,522416,190282,1,person,1,3,0,0.0,"{""1"":3}"
RPN,522416,197812,1,person,1,3,0,0.0,"{""1"":3}"
RPN,522827,454222,1,person,1,3,0,0.0,"{""1"":3}"
RPN,522827,485999,1,person,1,3,0,0.0,"{""1"":3}"
RPN,522856,312937,54,sandwich,1,3,0,0.0,"{""54"":3}"
RPN,522856,1908647,54,sandwich,1,3,0,0.0,"{""54"":3}"
RPN,523495,1068722,58,hot dog,1,3,0,0.0,"{""58"":3}"
RPN,523495,1069955,58,hot dog,1,3,0,0.0,"{""58"":3}"
RPN,523505,1108526,75,remote,1,2,0,0.0,"{""75"":2}"
RPN,523505,1108639,75,remote,1,1,0,0.0,"{""75"":1}"
RPN,523795,598622,25,giraffe,1,3,0,0.0,"{""25"":3}"
RPN,523795,599884,25,giraffe,1,3,0,0.0,"{""25"":3}"
RPN,523831,65848,20,sheep,1,3,0,0.0,"{""20"":3}"
RPN,523831,66605,20,sheep,1,2,0,0.0,"{""20"":2}"
RPN,523831,67105,20,sheep,1,3,0,0.0,"{""20"":3}"
RPN,524155,544355,1,person,1,3,0,0.0,"{""1"":3}"
RPN,524340,51266,17,cat,1,3,0,0.0,"{""17"":3}"
RPN,524340,1402218,17,cat,1,3,0,0.0,"{""17"":3}"
RPN,524520,353258,3,car,1,3,0,0.0,"{""3"":3}"
RPN,524520,353518,3,car,1,3,0,0.0,"{""3"":3}"
RPN,524662,1062396,57,carrot,1,1,0,0.0,"{""57"":1}"
RPN,524662,1062898,57,carrot,1,2,0,0.0,"{""57"":2}"
RPN,525342,1047856,53,apple,1,2,0,0.0,"{""53"":2}"
RPN,525342,1050886,55,orange,1,3,0,0.0,"{""55"":3}"
RPN,525342,1051532,55,orange,1,2,0,0.0,"{""55"":2}"
RPN,525342,1907837,53,apple,1,1,0,0.0,"{""53"":1}"
RPN,525459,1079321,60,donut,1,3,0,0.0,"{""60"":3}"
RPN,525459,1080260,60,donut,1,3,0,0.0,"{""60"":3}"
RPN,525459,1080517,60,donut,1,1,0,0.0,"{""60"":1}"
RPN,525459,1080646,60,donut,1,2,0,0.0,"{""60"":2}"
RPN,525555,382868,62,chair,1,3,0,0.0,"{""62"":3}"
RPN,525555,1933942,62,chair,1,3,0,0.0,"{""62"":3}"
RPN,526070,442504,1,person,1,2,0,0.0,"{""1"":2}"
RPN,526070,485746,1,person,1,3,0,0.0,"{""1"":3}"
RPN,526070,1243435,1,person,1,2,0,0.0,"{""1"":2}"
RPN,526695,1183179,33,suitcase,1,3,0,0.0,"{""33"":3}"
RPN,526695,2080923,33,suitcase,1,3,0,0.0,"{""33"":3}"
RPN,526769,169307,6,bus,1,3,0,0.0,"{""6"":3}"
RPN,527277,448271,1,person,1,3,0,0.0,"{""1"":3}"
RPN,527277,461562,1,person,1,3,0,0.0,"{""1"":3}"
RPN,527822,675723,47,cup,1,3,0,0.0,"{""47"":3}"
RPN,528020,193058,1,person,1,3,0,0.0,"{""1"":3}"
RPN,528020,193576,1,person,1,3,0,0.0,"{""1"":3}"
RPN,529016,190477,1,person,1,3,0,0.0,"{""1"":3}"
RPN,529016,197949,1,person,1,3,0,0.0,"{""1"":3}"
RPN,529352,252440,1,person,1,3,0,0.0,"{""1"":3}"
RPN,529352,252498,1,person,1,3,0,0.0,"{""1"":3}"
RPN,529352,2161334,1,person,1,3,0,0.0,"{""1"":3}"
RPN,529376,459111,1,person,1,3,0,0.0,"{""1"":3}"
RPN,529376,472990,1,person,1,3,0,0.0,"{""1"":3}"
RPN,530406,589326,24,zebra,1,3,0,0.0,"{""24"":3}"
RPN,530406,591041,24,zebra,1,3,0,0.0,"{""24"":3}"
RPN,530629,56721,19,horse,1,3,0,0.0,"{""19"":3}"
RPN,530629,56985,19,horse,1,3,0,0.0,"{""19"":3}"
RPN,530629,57663,19,horse,1,2,0,0.0,"{""19"":2}"
RPN,530629,213375,1,person,1,3,0,0.0,"{""1"":3}"
RPN,530629,214185,1,person,1,3,0,0.0,"{""1"":3}"
RPN,530903,482816,1,person,1,3,0,0.0,"{""1"":3}"
RPN,530903,514054,1,person,1,3,0,0.0,"{""1"":3}"
RPN,530903,1730947,1,person,1,3,0,0.0,"{""1"":3}"
RPN,531778,2150362,1,person,1,3,0,0.0,"{""1"":3}"
RPN,531778,2150525,1,person,1,3,0,0.0,"{""1"":3}"
RPN,532260,1254525,1,person,1,3,0,0.0,"{""1"":3}"
RPN,532260,1258923,1,person,1,3,0,0.0,"{""1"":3}"
RPN,532260,1261503,1,person,1,3,0,0.0,"{""1"":3}"
RPN,532376,194591,1,person,1,3,0,0.0,"{""1"":3}"
RPN,532376,199246,1,person,1,3,0,0.0,"{""1"":3}"
RPN,532419,589143,24,zebra,1,3,0,0.0,"{""24"":3}"
RPN,532419,590738,24,zebra,1,3,0,0.0,"{""24"":3}"
RPN,532622,455151,1,person,1,3,0,0.0,"{""1"":3}"
RPN,532622,487252,1,person,1,3,0,0.0,"{""1"":3}"
RPN,534166,195730,1,person,1,3,0,0.0,"{""1"":3}"
RPN,534166,208611,1,person,1,3,0,0.0,"{""1"":3}"
RPN,534224,193611,1,person,1,3,0,0.0,"{""1"":3}"
RPN,534292,565491,1,person,1,3,0,0.0,"{""1"":3}"
RPN,534292,1189409,1,person,1,3,0,0.0,"{""1"":3}"
RPN,534419,1209881,1,person,1,3,0,0.0,"{""1"":3}"
RPN,534419,1232172,1,person,1,2,0,0.0,"{""1"":2}"
RPN,534419,1289488,1,person,1,3,0,0.0,"{""1"":3}"
RPN,534440,516617,1,person,1,2,0,0.0,"{""1"":2}"
RPN,534440,1723997,1,person,1,3,0,0.0,"{""1"":3}"
RPN,534559,188340,1,person,1,3,0,0.0,"{""1"":3}"
RPN,534559,2153460,1,person,1,3,0,0.0,"{""1"":3}"
RPN,534711,1210853,1,person,1,2,0,0.0,"{""1"":2}"
RPN,534711,1233505,1,person,1,3,0,0.0,"{""1"":3}"
RPN,534711,2206857,1,person,1,3,0,0.0,"{""1"":3}"
RPN,535218,453445,1,person,1,3,0,0.0,"{""1"":3}"
RPN,535218,528482,1,person,1,3,0,0.0,"{""1"":3}"
RPN,535289,468321,1,person,1,3,0,0.0,"{""1"":3}"
RPN,535289,1733627,1,person,1,3,0,0.0,"{""1"":3}"
RPN,535399,87534,44,bottle,1,3,0,0.0,"{""44"":3}"
RPN,535399,88875,44,bottle,1,3,0,0.0,"{""44"":3}"
RPN,535399,94323,44,bottle,1,2,0,0.0,"{""44"":2}"
RPN,535399,1491433,44,bottle,1,2,0,0.0,"{""44"":2}"
RPN,536039,313512,54,sandwich,1,3,0,0.0,"{""54"":3}"
RPN,536039,313697,54,sandwich,1,3,0,0.0,"{""54"":3}"
RPN,536055,448696,1,person,1,3,0,0.0,"{""1"":3}"
RPN,536055,467295,1,person,1,3,0,0.0,"{""1"":3}"
RPN,536055,486835,1,person,1,3,0,0.0,"{""1"":3}"
RPN,536055,521166,1,person,1,3,0,0.0,"{""1"":3}"
RPN,536127,2077932,31,handbag,1,3,0,0.0,"{""31"":3}"
RPN,536127,2078312,31,handbag,1,3,0,0.0,"{""31"":3}"
RPN,536145,1256733,1,person,1,3,0,0.0,"{""1"":3}"
RPN,536145,1259402,1,person,1,3,0,0.0,"{""1"":3}"
RPN,536730,1161343,88,teddy bear,1,3,0,0.0,"{""88"":3}"
RPN,536730,1995208,88,teddy bear,1,1,0,0.0,"{""88"":1}"
RPN,536823,1159973,88,teddy bear,1,3,0,0.0,"{""88"":3}"
RPN,536823,1162780,88,teddy bear,1,3,0,0.0,"{""88"":3}"
RPN,536823,1673876,88,teddy bear,1,3,0,0.0,"{""88"":3}"
RPN,536902,1085309,61,cake,1,3,0,0.0,"{""61"":3}"
RPN,536902,1577967,61,cake,1,3,0,0.0,"{""61"":3}"
RPN,536960,79247,44,bottle,1,4,0,0.0,"{""44"":4}"
RPN,536960,79359,44,bottle,1,3,0,0.0,"{""44"":3}"
RPN,537127,117394,63,couch,1,3,0,0.0,"{""63"":3}"
RPN,537127,117566,63,couch,1,1,0,0.0,"{""63"":1}"
RPN,537188,1184638,33,suitcase,1,3,0,0.0,"{""33"":3}"
RPN,537188,1185957,33,suitcase,1,3,0,0.0,"{""33"":3}"
RPN,537188,1186316,33,suitcase,1,2,0,0.0,"{""33"":2}"
RPN,537553,587567,23,bear,1,3,0,0.0,"{""23"":3}"
RPN,537553,588061,23,bear,1,2,0,0.0,"{""23"":2}"
RPN,537807,105298,62,chair,1,2,0,0.0,"{""62"":2}"
RPN,537807,1586508,62,chair,1,2,0,0.0,"{""62"":2}"
RPN,538518,206335,1,person,1,2,0,0.0,"{""1"":2}"
RPN,538518,232483,1,person,1,3,0,0.0,"{""1"":3}"
RPN,538518,235828,1,person,1,3,0,0.0,"{""1"":3}"
RPN,538805,440389,1,person,1,3,0,0.0,"{""1"":3}"
RPN,538805,1716037,1,person,1,3,0,0.0,"{""1"":3}"
RPN,538872,507614,1,person,1,3,0,0.0,"{""1"":3}"
RPN,538872,1294784,1,person,1,2,0,0.0,"{""1"":2}"
RPN,543490,42331,16,bird,1,2,0,0.0,"{""16"":2}"
RPN,543490,43695,16,bird,1,3,0,0.0,"{""16"":3}"
RPN,543803,1302282,1,person,1,2,0,0.0,"{""1"":2}"
RPN,543803,1690136,1,person,1,3,0,0.0,"{""1"":3}"
RPN,544516,54873,19,horse,1,3,0,0.0,"{""19"":3}"
RPN,544516,56505,19,horse,1,2,0,0.0,"{""19"":2}"
RPN,545187,556827,1,person,1,3,0,0.0,"{""1"":3}"
RPN,545187,568803,1,person,1,3,0,0.0,"{""1"":3}"
RPN,545187,568955,1,person,1,3,0,0.0,"{""1"":3}"
RPN,545187,569334,1,person,1,3,0,0.0,"{""1"":3}"
RPN,545260,435900,1,person,1,3,0,0.0,"{""1"":3}"
RPN,545260,1758928,1,person,1,3,0,0.0,"{""1"":3}"
RPN,545411,1904089,51,bowl,1,3,0,0.0,"{""51"":3}"
RPN,545411,1904106,51,bowl,1,3,0,0.0,"{""51"":3}"
RPN,546408,281095,28,umbrella,1,3,0,0.0,"{""28"":3}"
RPN,546408,281983,28,umbrella,1,3,0,0.0,"{""28"":3}"
RPN,547662,21883,64,potted plant,1,3,0,0.0,"{""64"":3}"
RPN,547662,26073,64,potted plant,1,3,0,0.0,"{""64"":3}"
RPN,548175,1236132,1,person,1,3,0,0.0,"{""1"":3}"
RPN,548175,1257855,1,person,1,3,0,0.0,"{""1"":3}"
RPN,548559,173743,7,train,1,3,0,0.0,"{""7"":3}"
RPN,548559,174047,7,train,1,3,0,0.0,"{""7"":3}"
RPN,548575,1083979,61,cake,1,3,0,0.0,"{""61"":3}"
RPN,548575,1085497,61,cake,1,3,0,0.0,"{""61"":3}"
RPN,548704,1042223,52,banana,1,2,0,0.0,"{""52"":2}"
RPN,548704,1045008,52,banana,1,2,0,0.0,"{""52"":2}"
RPN,548704,2110609,52,banana,1,2,0,0.0,"{""52"":2}"
RPN,548704,2110679,52,banana,1,3,0,0.0,"{""52"":3}"
RPN,548704,2111148,52,banana,1,3,0,0.0,"{""52"":3}"
RPN,548772,11630,18,dog,1,3,0,0.0,"{""18"":3}"
RPN,548772,16735,18,dog,1,3,0,0.0,"{""18"":3}"
RPN,548875,584131,22,elephant,1,3,0,0.0,"{""22"":3}"
RPN,548875,584916,22,elephant,1,2,0,0.0,"{""22"":2}"
RPN,548875,585468,22,elephant,1,3,0,0.0,"{""22"":3}"
RPN,549605,46924,17,cat,1,3,0,0.0,"{""17"":3}"
RPN,549605,47683,17,cat,1,4,0,0.0,"{""17"":4}"
RPN,550140,520632,1,person,1,3,0,0.0,"{""1"":3}"
RPN,550140,532278,1,person,1,3,0,0.0,"{""1"":3}"
RPN,550140,1207315,1,person,1,2,0,0.0,"{""1"":2}"
RPN,550726,191094,1,person,1,3,0,0.0,"{""1"":3}"
RPN,550726,202181,1,person,1,3,0,0.0,"{""1"":3}"
RPN,551172,439078,1,person,1,3,0,0.0,"{""1"":3}"
RPN,551172,567534,1,person,1,3,0,0.0,"{""1"":3}"
RPN,551472,150082,4,motorcycle,1,3,0,0.0,"{""4"":3}"
RPN,551472,245997,4,motorcycle,1,2,0,0.0,"{""4"":2}"
RPN,551472,246741,4,motorcycle,1,3,0,0.0,"{""4"":3}"
RPN,551994,1609783,64,potted plant,1,2,0,0.0,"{""64"":2}"
RPN,551994,2128315,64,potted plant,1,2,0,0.0,"{""64"":2}"
RPN,552549,675273,47,cup,1,3,0,0.0,"{""47"":3}"
RPN,552549,680871,47,cup,1,3,0,0.0,"{""47"":3}"
RPN,552549,1554857,54,sandwich,1,3,0,0.0,"{""54"":3}"
RPN,552549,1554885,54,sandwich,1,2,0,0.0,"{""54"":2}"
RPN,553176,32719,72,tv,1,3,0,0.0,"{""72"":3}"
RPN,553176,35748,72,tv,1,3,0,0.0,"{""72"":3}"
RPN,554010,365573,6,bus,1,3,0,0.0,"{""6"":3}"
RPN,554010,365709,6,bus,1,2,0,0.0,"{""6"":2}"
RPN,554703,1979727,79,oven,1,3,0,0.0,"{""79"":3}"
RPN,554703,1980384,79,oven,1,3,0,0.0,"{""79"":3}"
RPN,554950,198290,1,person,1,3,0,0.0,"{""1"":3}"
RPN,554950,200400,1,person,1,3,0,0.0,"{""1"":3}"
RPN,555020,1041776,52,banana,1,3,0,0.0,"{""52"":3}"
RPN,555020,1542143,52,banana,1,2,0,0.0,"{""52"":2}"
RPN,556176,499719,1,person,1,3,0,0.0,"{""1"":3}"
RPN,556176,535539,1,person,1,3,0,0.0,"{""1"":3}"
RPN,556698,459043,1,person,1,3,0,0.0,"{""1"":3}"
RPN,556698,513701,1,person,1,3,0,0.0,"{""1"":3}"
RPN,556830,472188,1,person,1,3,0,0.0,"{""1"":3}"
RPN,556830,492310,1,person,1,3,0,0.0,"{""1"":3}"
RPN,557694,471674,1,person,1,3,0,0.0,"{""1"":3}"
RPN,557694,515790,1,person,1,3,0,0.0,"{""1"":3}"
RPN,558444,1307758,1,person,1,3,0,0.0,"{""1"":3}"
RPN,558444,1327787,1,person,1,3,0,0.0,"{""1"":3}"
RPN,558444,2006742,1,person,1,3,0,0.0,"{""1"":3}"
RPN,558576,1572646,60,donut,1,3,0,0.0,"{""60"":3}"
RPN,558576,1573062,60,donut,1,3,0,0.0,"{""60"":3}"
RPN,558576,1573734,60,donut,1,2,0,0.0,"{""60"":2}"
RPN,558576,1924775,60,donut,1,1,0,0.0,"{""60"":1}"
RPN,558576,1925889,60,donut,1,3,0,0.0,"{""60"":3}"
RPN,558817,1089473,61,cake,1,3,0,0.0,"{""61"":3}"
RPN,558817,1929294,61,cake,1,3,0,0.0,"{""61"":3}"
RPN,558817,1929390,61,cake,1,3,0,0.0,"{""61"":3}"
RPN,559830,582271,22,elephant,1,3,0,0.0,"{""22"":3}"
RPN,559830,584976,22,elephant,1,2,0,0.0,"{""22"":2}"
RPN,560155,432612,1,person,1,3,0,0.0,"{""1"":3}"
RPN,560155,501662,1,person,1,3,0,0.0,"{""1"":3}"
RPN,560372,527319,1,person,1,3,0,0.0,"{""1"":3}"
RPN,560372,529956,1,person,1,3,0,0.0,"{""1"":3}"
RPN,560476,512528,1,person,1,2,0,0.0,"{""1"":2}"
RPN,560476,549444,1,person,1,3,0,0.0,"{""1"":3}"
RPN,560476,2166314,1,person,1,3,0,0.0,"{""1"":3}"
RPN,560476,2167280,1,person,1,1,0,0.0,"{""1"":1}"
RPN,561454,524863,1,person,1,3,0,0.0,"{""1"":3}"
RPN,561454,534165,1,person,1,3,0,0.0,"{""1"":3}"
RPN,561545,312688,54,sandwich,1,3,3,1.0,"{""58"":3}"
RPN,561545,313455,54,sandwich,1,3,0,0.0,"{""54"":3}"
RPN,561545,313572,54,sandwich,1,3,0,0.0,"{""54"":3}"
RPN,561545,313586,54,sandwich,1,3,0,0.0,"{""54"":3}"
RPN,561545,313632,54,sandwich,1,3,0,0.0,"{""54"":3}"
RPN,561545,313678,54,sandwich,1,2,0,0.0,"{""54"":2}"
RPN,561545,1552919,54,sandwich,1,3,0,0.0,"{""54"":3}"
RPN,561590,186142,1,person,1,3,0,0.0,"{""1"":3}"
RPN,561590,213878,1,person,1,3,0,0.0,"{""1"":3}"
RPN,561907,440721,1,person,1,3,0,0.0,"{""1"":3}"
RPN,561907,1275121,1,person,1,3,0,0.0,"{""1"":3}"
RPN,562162,1056049,56,broccoli,1,3,0,0.0,"{""56"":3}"
RPN,562162,1057622,56,broccoli,1,2,0,0.0,"{""56"":2}"
RPN,563364,1201992,1,person,1,3,0,0.0,"{""1"":3}"
RPN,563364,1243600,1,person,1,3,0,0.0,"{""1"":3}"
RPN,563364,1259868,1,person,1,3,0,0.0,"{""1"":3}"
RPN,563364,1324285,1,person,1,2,0,0.0,"{""1"":2}"
RPN,563364,1325633,1,person,1,3,0,0.0,"{""1"":3}"
RPN,563364,1331492,1,person,1,2,0,0.0,"{""1"":2}"
RPN,563658,394094,8,truck,1,3,0,0.0,"{""8"":3}"
RPN,563658,1368956,8,truck,1,3,3,1.0,"{""3"":3}"
RPN,563791,450718,1,person,1,3,0,0.0,"{""1"":3}"
RPN,563791,516160,1,person,1,3,0,0.0,"{""1"":3}"
RPN,564349,444940,1,person,1,3,0,0.0,"{""1"":3}"
RPN,564349,477407,1,person,1,3,0,0.0,"{""1"":3}"
RPN,564449,485057,1,person,1,3,0,0.0,"{""1"":3}"
RPN,564449,1727045,1,person,1,2,0,0.0,"{""1"":2}"
RPN,566245,490789,1,person,1,3,0,0.0,"{""1"":3}"
RPN,566245,513431,1,person,1,3,0,0.0,"{""1"":3}"
RPN,566584,544969,1,person,1,3,0,0.0,"{""1"":3}"
RPN,566584,547410,1,person,1,3,0,0.0,"{""1"":3}"
RPN,566592,70678,21,cow,1,3,0,0.0,"{""21"":3}"
RPN,566612,1717438,1,person,1,4,0,0.0,"{""1"":4}"
RPN,566612,1754619,1,person,1,3,0,0.0,"{""1"":3}"
RPN,566992,331333,82,refrigerator,1,3,0,0.0,"{""82"":3}"
RPN,566992,331686,82,refrigerator,1,3,0,0.0,"{""82"":3}"
RPN,567008,1292597,1,person,1,3,0,0.0,"{""1"":3}"
RPN,567008,1678379,1,person,1,3,0,0.0,"{""1"":3}"
RPN,567396,2191497,19,horse,1,3,0,0.0,"{""19"":3}"
RPN,567616,1051876,55,orange,1,3,0,0.0,"{""55"":3}"
RPN,567616,1052668,55,orange,1,3,0,0.0,"{""55"":3}"
RPN,567937,580960,22,elephant,1,3,0,0.0,"{""22"":3}"
RPN,567937,581807,22,elephant,1,3,0,0.0,"{""22"":3}"
RPN,568341,1075585,59,pizza,1,3,0,0.0,"{""59"":3}"
RPN,568341,1075918,59,pizza,1,3,0,0.0,"{""59"":3}"
RPN,568440,1544652,52,banana,1,3,0,0.0,"{""52"":3}"
RPN,568440,1546005,52,banana,1,3,0,0.0,"{""52"":3}"
RPN,569234,1071601,59,pizza,1,2,0,0.0,"{""59"":2}"
RPN,569255,478098,1,person,1,3,0,0.0,"{""1"":3}"
RPN,569255,528800,1,person,1,2,0,0.0,"{""1"":2}"
RPN,569255,2151056,1,person,1,3,0,0.0,"{""1"":3}"
RPN,570211,199280,1,person,1,3,0,0.0,"{""1"":3}"
RPN,570211,214354,1,person,1,3,0,0.0,"{""1"":3}"
RPN,570581,450215,1,person,1,3,0,0.0,"{""1"":3}"
RPN,571563,474473,1,person,1,2,0,0.0,"{""1"":2}"
RPN,571563,497377,1,person,1,3,0,0.0,"{""1"":3}"
RPN,571563,554608,1,person,1,3,0,0.0,"{""1"":3}"
RPN,571648,481362,1,person,1,3,0,0.0,"{""1"":3}"
RPN,571648,499421,1,person,1,3,0,0.0,"{""1"":3}"
RPN,571648,539352,1,person,1,3,0,0.0,"{""1"":3}"
RPN,571654,1625895,72,tv,1,3,0,0.0,"{""72"":3}"
RPN,571654,1968985,72,tv,1,3,0,0.0,"{""72"":3}"
RPN,571661,503603,1,person,1,3,0,0.0,"{""1"":3}"
RPN,571661,556260,1,person,1,3,0,0.0,"{""1"":3}"
RPN,571661,1715849,1,person,1,3,0,0.0,"{""1"":3}"
RPN,571694,298437,32,tie,1,3,0,0.0,"{""32"":3}"
RPN,571694,298741,32,tie,1,3,0,0.0,"{""32"":3}"
RPN,571694,298954,32,tie,1,2,0,0.0,"{""32"":2}"
RPN,571694,1442290,32,tie,1,3,0,0.0,"{""32"":3}"
RPN,572310,1360362,4,motorcycle,1,3,0,0.0,"{""4"":3}"
RPN,572310,1792287,4,motorcycle,1,3,0,0.0,"{""4"":3}"
RPN,572487,407458,10,traffic light,1,3,0,0.0,"{""10"":3}"
RPN,572487,410507,10,traffic light,1,2,0,0.0,"{""10"":2}"
RPN,572554,190116,1,person,1,3,0,0.0,"{""1"":3}"
RPN,572554,215128,1,person,1,3,0,0.0,"{""1"":3}"
RPN,572689,466867,1,person,1,3,0,0.0,"{""1"":3}"
RPN,572689,1211515,1,person,1,3,0,0.0,"{""1"":3}"
RPN,573476,1713014,1,person,1,3,0,0.0,"{""1"":3}"
RPN,573476,2157292,1,person,1,3,0,0.0,"{""1"":3}"
RPN,573704,438108,1,person,1,3,0,0.0,"{""1"":3}"
RPN,573704,516151,1,person,1,3,0,0.0,"{""1"":3}"
RPN,573704,1746124,1,person,1,3,0,0.0,"{""1"":3}"
RPN,573825,121129,67,dining table,1,3,0,0.0,"{""67"":3}"
RPN,574299,148616,4,motorcycle,1,2,0,0.0,"{""4"":2}"
RPN,574299,154399,4,motorcycle,1,3,0,0.0,"{""4"":3}"
RPN,574443,314559,65,bed,1,3,0,0.0,"{""65"":3}"
RPN,574443,1957087,65,bed,1,3,0,0.0,"{""65"":3}"
RPN,574760,515455,1,person,1,3,0,0.0,"{""1"":3}"
RPN,574760,2159201,1,person,1,3,0,0.0,"{""1"":3}"
RPN,574961,344574,3,car,1,3,0,0.0,"{""3"":3}"
RPN,574961,356409,3,car,1,2,0,0.0,"{""3"":2}"
RPN,575519,249393,9,boat,1,3,0,0.0,"{""9"":3}"
RPN,575649,517144,1,person,1,2,0,0.0,"{""1"":2}"
RPN,575649,524140,1,person,1,3,0,0.0,"{""1"":3}"
RPN,575980,424789,1,person,1,3,0,0.0,"{""1"":3}"
RPN,575980,473060,1,person,1,4,0,0.0,"{""1"":4}"
RPN,576153,583088,22,elephant,1,3,0,0.0,"{""22"":3}"
RPN,576188,425901,1,person,1,3,0,0.0,"{""1"":3}"
RPN,576188,426713,1,person,1,3,0,0.0,"{""1"":3}"
RPN,576188,457156,1,person,1,3,0,0.0,"{""1"":3}"
RPN,576286,451559,1,person,1,3,0,0.0,"{""1"":3}"
RPN,576286,465887,1,person,1,3,0,0.0,"{""1"":3}"
RPN,576286,494453,1,person,1,3,0,0.0,"{""1"":3}"
RPN,576286,510855,1,person,1,3,0,0.0,"{""1"":3}"
RPN,576322,476773,1,person,1,3,0,0.0,"{""1"":3}"
RPN,576322,2206523,1,person,1,3,0,0.0,"{""1"":3}"
RPN,576758,170968,7,train,1,3,0,0.0,"{""7"":3}"
RPN,576758,171816,7,train,1,3,0,0.0,"{""7"":3}"
RPN,577197,54187,19,horse,1,3,0,0.0,"{""19"":3}"
RPN,577197,56788,19,horse,1,3,0,0.0,"{""19"":3}"
RPN,577725,205480,1,person,1,3,0,0.0,"{""1"":3}"
RPN,577725,1219171,1,person,1,3,0,0.0,"{""1"":3}"
RPN,578002,87597,44,bottle,1,1,0,0.0,"{""44"":1}"
RPN,578002,87697,44,bottle,1,2,0,0.0,"{""44"":2}"
RPN,578002,95243,44,bottle,1,3,0,0.0,"{""44"":3}"
RPN,578002,666957,46,wine glass,1,3,0,0.0,"{""46"":3}"
RPN,578002,667386,46,wine glass,1,3,0,0.0,"{""46"":3}"
RPN,578294,1154846,86,vase,1,3,0,0.0,"{""86"":3}"
RPN,578294,1155078,86,vase,1,3,0,0.0,"{""86"":3}"
RPN,578294,1155308,86,vase,1,3,0,0.0,"{""86"":3}"
RPN,578619,1996142,88,teddy bear,1,3,0,0.0,"{""88"":3}"
RPN,578619,1996346,88,teddy bear,1,3,0,0.0,"{""88"":3}"
RPN,578734,1912853,55,orange,1,1,0,0.0,"{""55"":1}"
RPN,578734,1914006,55,orange,1,3,0,0.0,"{""55"":3}"
RPN,578734,1914054,55,orange,1,3,0,0.0,"{""55"":3}"
RPN,579057,1048673,53,apple,1,2,0,0.0,"{""53"":2}"
RPN,579057,1050727,55,orange,1,3,0,0.0,"{""55"":3}"
RPN,579057,1912382,55,orange,1,3,0,0.0,"{""55"":3}"
RPN,579299,669388,47,cup,1,3,0,0.0,"{""47"":3}"
RPN,579299,680596,47,cup,1,3,0,0.0,"{""47"":3}"
RPN,579299,1071411,59,pizza,1,2,0,0.0,"{""59"":2}"
RPN,579299,1571106,59,pizza,1,3,0,0.0,"{""59"":3}"
RPN,580238,574236,15,bench,1,3,0,0.0,"{""15"":3}"
RPN,580238,576314,15,bench,1,2,0,0.0,"{""15"":2}"
RPN,580238,1391053,15,bench,1,3,0,0.0,"{""15"":3}"
RPN,580668,344471,3,car,1,3,0,0.0,"{""3"":3}"
RPN,580668,356741,3,car,1,2,0,0.0,"{""3"":2}"
RPN,580668,428963,1,person,1,3,0,0.0,"{""1"":3}"
RPN,580668,2151630,1,person,1,3,0,0.0,"{""1"":3}"
RPN,581282,1313895,1,person,1,3,0,0.0,"{""1"":3}"
RPN,581346,588533,24,zebra,1,3,0,0.0,"{""24"":3}"
RPN,581346,591091,24,zebra,1,3,0,0.0,"{""24"":3}"
RPN,581518,1081593,60,donut,1,3,0,0.0,"{""60"":3}"
RPN,581518,1082811,60,donut,1,3,0,0.0,"{""60"":3}"
RPN,581563,344837,3,car,1,3,0,0.0,"{""3"":3}"
RPN,581563,1345868,3,car,1,3,0,0.0,"{""3"":3}"
