family,true_target_category_id,true_target_category_name,target_proposal_category_id,target_proposal_category_name,target_proposal_assigned_gt_object_id,n_expressions
DETR,1,person,1,person,183105,3
DETR,1,person,1,person,183122,2
DETR,1,person,1,person,183184,3
DETR,1,person,1,person,183336,3
DETR,1,person,1,person,183459,3
DETR,1,person,1,person,183813,3
DETR,1,person,1,person,184119,3
DETR,1,person,1,person,184164,3
DETR,1,person,1,person,184535,3
DETR,1,person,1,person,184980,3
DETR,1,person,1,person,185215,3
DETR,1,person,1,person,185498,3
DETR,1,person,1,person,185712,3
DETR,1,person,1,person,186142,3
DETR,1,person,1,person,186179,3
DETR,1,person,1,person,186854,3
DETR,1,person,1,person,186998,3
DETR,1,person,1,person,187129,3
DETR,1,person,1,person,187210,3
DETR,1,person,1,person,187380,3
DETR,1,person,1,person,188134,3
DETR,1,person,1,person,188298,3
DETR,1,person,1,person,188340,3
DETR,1,person,1,person,188360,3
DETR,1,person,1,person,188388,3
DETR,1,person,1,person,188790,3
DETR,1,person,1,person,189113,3
DETR,1,person,1,person,189176,2
DETR,1,person,1,person,189186,3
DETR,1,person,1,person,189204,3
DETR,1,person,1,person,189260,3
DETR,1,person,1,person,189515,3
DETR,1,person,1,person,190116,3
DETR,1,person,1,person,190254,3
DETR,1,person,1,person,190264,3
DETR,1,person,1,person,190282,3
DETR,1,person,1,person,190372,3
DETR,1,person,1,person,190477,3
DETR,1,person,1,person,190992,3
DETR,1,person,1,person,191094,3
DETR,1,person,1,person,191259,3
DETR,1,person,1,person,191782,4
DETR,1,person,1,person,192224,3
DETR,1,person,1,person,192539,3
DETR,1,person,1,person,192712,3
DETR,1,person,1,person,192785,3
DETR,1,person,1,person,192869,2
DETR,1,person,1,person,193058,3
DETR,1,person,1,person,193077,3
DETR,1,person,1,person,193564,3
DETR,1,person,1,person,193576,3
DETR,1,person,1,person,193611,3
DETR,1,person,1,person,193658,2
DETR,1,person,1,person,193692,3
DETR,1,person,1,person,193750,3
DETR,1,person,1,person,193796,3
DETR,1,person,1,person,193849,3
DETR,1,person,1,person,194591,3
DETR,1,person,1,person,194815,3
DETR,1,person,1,person,195009,2
DETR,1,person,1,person,195102,3
DETR,1,person,1,person,195148,3
DETR,1,person,1,person,195383,3
DETR,1,person,1,person,195546,3
DETR,1,person,1,person,195577,3
DETR,1,person,1,person,195640,3
DETR,1,person,1,person,195730,3
DETR,1,person,1,person,196116,3
DETR,1,person,1,person,196860,3
DETR,1,person,1,person,197469,3
DETR,1,person,1,person,197812,3
DETR,1,person,1,person,197836,3
DETR,1,person,1,person,197883,3
DETR,1,person,1,person,197946,3
DETR,1,person,1,person,197949,3
DETR,1,person,1,person,198034,3
DETR,1,person,1,person,198229,3
DETR,1,person,1,person,198273,3
DETR,1,person,1,person,198290,3
DETR,1,person,1,person,198314,3
DETR,1,person,1,person,198676,3
DETR,1,person,1,person,198864,3
DETR,1,person,1,person,199003,3
DETR,1,person,1,person,199006,3
DETR,1,person,1,person,199145,3
DETR,1,person,1,person,199246,3
DETR,1,person,1,person,199280,3
DETR,1,person,1,person,199491,3
DETR,1,person,1,person,199577,3
DETR,1,person,1,person,199993,3
DETR,1,person,1,person,200400,3
DETR,1,person,1,person,200852,3
DETR,1,person,1,person,201350,3
DETR,1,person,1,person,201385,1
DETR,1,person,1,person,201409,3
DETR,1,person,1,person,201555,3
DETR,1,person,1,person,201628,3
DETR,1,person,1,person,201858,3
DETR,1,person,1,person,201993,3
DETR,1,person,1,person,202062,3
DETR,1,person,1,person,202181,3
DETR,1,person,1,person,202206,3
DETR,1,person,1,person,202489,3
DETR,1,person,1,person,202755,3
DETR,1,person,1,person,203085,3
DETR,1,person,1,person,203157,3
DETR,1,person,1,person,203624,3
DETR,1,person,1,person,203830,3
DETR,1,person,1,person,203848,2
DETR,1,person,1,person,204090,3
DETR,1,person,1,person,204488,3
DETR,1,person,1,person,204503,1
DETR,1,person,1,person,204610,3
DETR,1,person,1,person,204788,3
DETR,1,person,1,person,205146,3
DETR,1,person,1,person,205454,3
DETR,1,person,1,person,205480,3
DETR,1,person,1,person,205670,3
DETR,1,person,1,person,206019,3
DETR,1,person,1,person,206056,3
DETR,1,person,1,person,206335,2
DETR,1,person,1,person,206653,3
DETR,1,person,1,person,206776,3
DETR,1,person,1,person,207145,2
DETR,1,person,1,person,207277,3
DETR,1,person,1,person,207930,3
DETR,1,person,1,person,208395,3
DETR,1,person,1,person,208469,3
DETR,1,person,1,person,208611,3
DETR,1,person,1,person,208631,3
DETR,1,person,1,person,209202,3
DETR,1,person,1,person,209697,3
DETR,1,person,1,person,209738,3
DETR,1,person,1,person,210125,3
DETR,1,person,1,person,210246,3
DETR,1,person,1,person,210330,3
DETR,1,person,1,person,210391,3
DETR,1,person,1,person,210454,3
DETR,1,person,1,person,210485,3
DETR,1,person,1,person,210971,3
DETR,1,person,1,person,211034,3
DETR,1,person,1,person,211106,2
DETR,1,person,1,person,211374,3
DETR,1,person,1,person,211440,3
DETR,1,person,1,person,211520,3
DETR,1,person,1,person,211619,3
DETR,1,person,1,person,211783,3
DETR,1,person,1,person,212675,3
DETR,1,person,1,person,212676,3
DETR,1,person,1,person,212697,2
DETR,1,person,1,person,212710,3
DETR,1,person,1,person,212824,3
DETR,1,person,1,person,212911,2
DETR,1,person,1,person,213317,3
DETR,1,person,1,person,213375,3
DETR,1,person,1,person,213444,3
DETR,1,person,1,person,213447,1
DETR,1,person,1,person,213511,3
DETR,1,person,1,person,213648,3
DETR,1,person,1,person,213878,3
DETR,1,person,1,person,213980,3
DETR,1,person,1,person,214085,3
DETR,1,person,1,person,214185,3
DETR,1,person,1,person,214315,3
DETR,1,person,1,person,214354,3
DETR,1,person,1,person,214384,3
DETR,1,person,1,person,214688,3
DETR,1,person,1,person,214754,3
DETR,1,person,1,person,215128,3
DETR,1,person,1,person,215209,3
DETR,1,person,1,person,215252,3
DETR,1,person,1,person,215490,3
DETR,1,person,1,person,215493,3
DETR,1,person,1,person,215568,3
DETR,1,person,1,person,215679,3
DETR,1,person,1,person,215789,3
DETR,1,person,1,person,216349,3
DETR,1,person,1,person,216458,3
DETR,1,person,1,person,216488,3
DETR,1,person,1,person,216777,3
DETR,1,person,1,person,216874,3
DETR,1,person,1,person,217453,3
DETR,1,person,1,person,217761,3
DETR,1,person,1,person,217925,3
DETR,1,person,1,person,218086,3
DETR,1,person,1,person,218399,2
DETR,1,person,1,person,218528,3
DETR,1,person,1,person,219019,3
DETR,1,person,1,person,219473,2
DETR,1,person,1,person,219649,3
DETR,1,person,1,person,220157,4
DETR,1,person,1,person,220347,3
DETR,1,person,1,person,220551,3
DETR,1,person,1,person,220582,3
DETR,1,person,1,person,220849,3
DETR,1,person,1,person,220987,3
DETR,1,person,1,person,221161,3
DETR,1,person,1,person,221340,2
DETR,1,person,1,person,221578,3
DETR,1,person,1,person,221744,3
DETR,1,person,1,person,222765,3
DETR,1,person,1,person,223014,3
DETR,1,person,1,person,223229,3
DETR,1,person,1,person,223263,3
DETR,1,person,1,person,223440,3
DETR,1,person,1,person,223500,3
DETR,1,person,1,person,223821,3
DETR,1,person,1,person,223853,3
DETR,1,person,1,person,224399,3
DETR,1,person,1,person,224505,3
DETR,1,person,1,person,224895,3
DETR,1,person,1,person,225169,3
DETR,1,person,1,person,225319,3
DETR,1,person,1,person,225761,3
DETR,1,person,1,person,225824,3
DETR,1,person,1,person,226198,3
DETR,1,person,1,person,226784,3
DETR,1,person,1,person,226868,3
DETR,1,person,1,person,226991,3
DETR,1,person,1,person,227225,3
DETR,1,person,1,person,227739,3
DETR,1,person,1,person,227952,3
DETR,1,person,1,person,227985,3
DETR,1,person,1,person,228063,3
DETR,1,person,1,person,228252,3
DETR,1,person,1,person,228777,3
DETR,1,person,1,person,228956,3
DETR,1,person,1,person,229105,3
DETR,1,person,1,person,229674,3
DETR,1,person,1,person,229858,3
DETR,1,person,1,person,229875,3
DETR,1,person,1,person,230253,3
DETR,1,person,1,person,230467,3
DETR,1,person,1,person,231239,3
DETR,1,person,1,person,231273,3
DETR,1,person,1,person,232204,2
DETR,1,person,1,person,232310,3
DETR,1,person,1,person,232444,3
DETR,1,person,1,person,232483,3
DETR,1,person,1,person,234507,3
DETR,1,person,1,person,234569,3
DETR,1,person,1,person,235706,3
DETR,1,person,1,person,235828,3
DETR,1,person,1,person,236682,3
DETR,1,person,1,person,236822,2
DETR,1,person,1,person,237015,3
DETR,1,person,1,person,237700,3
DETR,1,person,1,person,238027,3
DETR,1,person,1,person,239099,3
DETR,1,person,1,person,240712,3
DETR,1,person,1,person,240729,1
DETR,1,person,1,person,252049,2
DETR,1,person,1,person,252176,2
DETR,1,person,1,person,252440,3
DETR,1,person,1,person,252498,3
DETR,1,person,1,person,253140,3
DETR,1,person,1,person,253238,3
DETR,1,person,1,person,253263,3
DETR,1,person,1,person,253858,3
DETR,1,person,1,person,253866,2
DETR,1,person,1,person,254215,3
DETR,1,person,1,person,254764,3
DETR,1,person,1,person,255352,3
DETR,1,person,1,person,255652,3
DETR,1,person,1,person,255915,3
DETR,1,person,1,person,256023,3
DETR,1,person,1,person,256495,3
DETR,1,person,1,person,256684,3
DETR,1,person,1,person,256858,3
DETR,1,person,1,person,257907,3
DETR,1,person,1,person,258410,3
DETR,1,person,1,person,259053,3
DETR,1,person,1,person,260662,3
DETR,1,person,1,person,264079,3
DETR,1,person,1,person,421300,3
DETR,1,person,1,person,421379,3
DETR,1,person,1,person,421457,3
DETR,1,person,1,person,421489,3
DETR,1,person,1,person,421659,4
DETR,1,person,1,person,422187,3
DETR,1,person,1,person,422202,3
DETR,1,person,1,person,422370,3
DETR,1,person,1,person,422632,3
DETR,1,person,1,person,422692,3
DETR,1,person,1,person,422699,3
DETR,1,person,1,person,422754,3
DETR,1,person,1,person,422845,3
DETR,1,person,1,person,422873,3
DETR,1,person,1,person,423807,3
DETR,1,person,1,person,423871,3
DETR,1,person,1,person,423971,3
DETR,1,person,1,person,424465,3
DETR,1,person,1,person,424576,2
DETR,1,person,1,person,424673,3
DETR,1,person,1,person,424789,3
DETR,1,person,1,person,424792,3
DETR,1,person,1,person,424879,3
DETR,1,person,1,person,424911,3
DETR,1,person,1,person,425303,3
DETR,1,person,1,person,425379,2
DETR,1,person,1,person,425715,3
DETR,1,person,1,person,425837,3
DETR,1,person,1,person,425901,3
DETR,1,person,1,person,426136,3
DETR,1,person,1,person,426236,3
DETR,1,person,1,person,426332,3
DETR,1,person,1,person,426445,3
DETR,1,person,1,person,426713,3
DETR,1,person,1,person,426889,3
DETR,1,person,1,person,426906,3
DETR,1,person,1,person,427048,3
DETR,1,person,1,person,427094,3
DETR,1,person,1,person,427150,3
DETR,1,person,1,person,427445,3
DETR,1,person,1,person,427658,3
DETR,1,person,1,person,427674,3
DETR,1,person,1,person,427709,2
DETR,1,person,1,person,427795,3
DETR,1,person,1,person,427862,3
DETR,1,person,1,person,428051,3
DETR,1,person,1,person,428148,3
DETR,1,person,1,person,428211,3
DETR,1,person,1,person,428361,3
DETR,1,person,1,person,428442,3
DETR,1,person,1,person,428481,3
DETR,1,person,1,person,428506,3
DETR,1,person,1,person,428628,3
DETR,1,person,1,person,428787,3
DETR,1,person,1,person,428963,3
DETR,1,person,1,person,428996,3
DETR,1,person,1,person,429027,3
DETR,1,person,1,person,429031,3
DETR,1,person,1,person,429444,3
DETR,1,person,1,person,429469,3
DETR,1,person,1,person,429808,3
DETR,1,person,1,person,429840,3
DETR,1,person,1,person,429855,4
DETR,1,person,1,person,429938,3
DETR,1,person,1,person,430615,3
DETR,1,person,1,person,431078,3
DETR,1,person,1,person,431079,3
DETR,1,person,1,person,431117,3
DETR,1,person,1,person,431170,3
DETR,1,person,1,person,431403,3
DETR,1,person,1,person,431577,3
DETR,1,person,1,person,431907,3
DETR,1,person,1,person,432612,3
DETR,1,person,1,person,432651,3
DETR,1,person,1,person,432884,2
DETR,1,person,1,person,433598,3
DETR,1,person,1,person,433706,3
DETR,1,person,1,person,433734,3
DETR,1,person,1,person,433814,3
DETR,1,person,1,person,433899,3
DETR,1,person,1,person,434077,3
DETR,1,person,1,person,434347,3
DETR,1,person,1,person,434537,3
DETR,1,person,1,person,434545,3
DETR,1,person,1,person,434823,3
DETR,1,person,1,person,434943,3
DETR,1,person,1,person,435058,3
DETR,1,person,1,person,435099,3
DETR,1,person,1,person,435113,3
DETR,1,person,1,person,435196,3
DETR,1,person,1,person,435247,3
DETR,1,person,1,person,435900,3
DETR,1,person,1,person,436348,3
DETR,1,person,1,person,436513,3
DETR,1,person,1,person,436716,3
DETR,1,person,1,person,436783,3
DETR,1,person,1,person,437508,3
DETR,1,person,1,person,437790,2
DETR,1,person,1,person,437862,3
DETR,1,person,1,person,437977,3
DETR,1,person,1,person,438107,3
DETR,1,person,1,person,438108,3
DETR,1,person,1,person,438163,3
DETR,1,person,1,person,438207,2
DETR,1,person,1,person,438240,3
DETR,1,person,1,person,438352,3
DETR,1,person,1,person,438458,3
DETR,1,person,1,person,438495,3
DETR,1,person,1,person,438588,3
DETR,1,person,1,person,438591,3
DETR,1,person,1,person,439078,3
DETR,1,person,1,person,439529,3
DETR,1,person,1,person,439911,3
DETR,1,person,1,person,439918,3
DETR,1,person,1,person,440218,3
DETR,1,person,1,person,440265,3
DETR,1,person,1,person,440327,1
DETR,1,person,1,person,440389,3
DETR,1,person,1,person,440555,3
DETR,1,person,1,person,440573,3
DETR,1,person,1,person,440615,3
DETR,1,person,1,person,440721,3
DETR,1,person,1,person,440804,3
DETR,1,person,1,person,440861,3
DETR,1,person,1,person,440936,1
DETR,1,person,1,person,441004,3
DETR,1,person,1,person,441094,3
DETR,1,person,1,person,441142,3
DETR,1,person,1,person,441159,3
DETR,1,person,1,person,441167,3
DETR,1,person,1,person,441187,3
DETR,1,person,1,person,441514,3
DETR,1,person,1,person,441589,3
DETR,1,person,1,person,441762,3
DETR,1,person,1,person,442015,2
DETR,1,person,1,person,442181,3
DETR,1,person,1,person,442482,3
DETR,1,person,1,person,442504,2
DETR,1,person,1,person,442710,3
DETR,1,person,1,person,442787,3
DETR,1,person,1,person,442848,3
DETR,1,person,1,person,442937,3
DETR,1,person,1,person,442962,3
DETR,1,person,1,person,443111,3
DETR,1,person,1,person,443306,2
DETR,1,person,1,person,443460,3
DETR,1,person,1,person,443461,3
DETR,1,person,1,person,443615,3
DETR,1,person,1,person,443757,3
DETR,1,person,1,person,443819,3
DETR,1,person,1,person,443845,3
DETR,1,person,1,person,443886,3
DETR,1,person,1,person,443926,3
DETR,1,person,1,person,444328,3
DETR,1,person,1,person,444397,3
DETR,1,person,1,person,444459,3
DETR,1,person,1,person,444714,3
DETR,1,person,1,person,444864,3
DETR,1,person,1,person,444873,3
DETR,1,person,1,person,444931,3
DETR,1,person,1,person,444940,3
DETR,1,person,1,person,445145,3
DETR,1,person,1,person,445249,3
DETR,1,person,1,person,445292,3
DETR,1,person,1,person,445500,3
DETR,1,person,1,person,445834,3
DETR,1,person,1,person,446146,3
DETR,1,person,1,person,446200,3
DETR,1,person,1,person,446441,3
DETR,1,person,1,person,446571,3
DETR,1,person,1,person,446865,3
DETR,1,person,1,person,447417,3
DETR,1,person,1,person,447536,3
DETR,1,person,1,person,447650,3
DETR,1,person,1,person,447671,3
DETR,1,person,1,person,447817,3
DETR,1,person,1,person,447906,3
DETR,1,person,1,person,448001,3
DETR,1,person,1,person,448034,3
DETR,1,person,1,person,448119,3
DETR,1,person,1,person,448246,3
DETR,1,person,1,person,448271,3
DETR,1,person,1,person,448303,3
DETR,1,person,1,person,448413,3
DETR,1,person,1,person,448467,3
DETR,1,person,1,person,448627,3
DETR,1,person,1,person,448696,3
DETR,1,person,1,person,448820,3
DETR,1,person,1,person,448935,3
DETR,1,person,1,person,448970,3
DETR,1,person,1,person,448997,3
DETR,1,person,1,person,449082,3
DETR,1,person,1,person,449470,3
DETR,1,person,1,person,449679,3
DETR,1,person,1,person,449795,3
DETR,1,person,1,person,450055,3
DETR,1,person,1,person,450102,3
DETR,1,person,1,person,450215,3
DETR,1,person,1,person,450350,4
DETR,1,person,1,person,450604,3
DETR,1,person,1,person,450686,3
DETR,1,person,1,person,450702,3
DETR,1,person,1,person,450718,3
DETR,1,person,1,person,450738,3
DETR,1,person,1,person,450907,3
DETR,1,person,1,person,451159,3
DETR,1,person,1,person,451327,3
DETR,1,person,1,person,451387,3
DETR,1,person,1,person,451554,3
DETR,1,person,1,person,451559,3
DETR,1,person,1,person,452058,3
DETR,1,person,1,person,452388,3
DETR,1,person,1,person,452480,3
DETR,1,person,1,person,452724,3
DETR,1,person,1,person,452866,3
DETR,1,person,1,person,453006,3
DETR,1,person,1,person,453091,1
DETR,1,person,1,person,453445,3
DETR,1,person,1,person,453588,3
DETR,1,person,1,person,453653,3
DETR,1,person,1,person,453673,3
DETR,1,person,1,person,454142,3
DETR,1,person,1,person,454209,3
DETR,1,person,1,person,454222,3
DETR,1,person,1,person,454776,3
DETR,1,person,1,person,455025,3
DETR,1,person,1,person,455045,3
DETR,1,person,1,person,455110,3
DETR,1,person,1,person,455151,3
DETR,1,person,1,person,455340,3
DETR,1,person,1,person,455367,3
DETR,1,person,1,person,455395,3
DETR,1,person,1,person,455711,3
DETR,1,person,1,person,455848,3
DETR,1,person,1,person,456198,3
DETR,1,person,1,person,456529,3
DETR,1,person,1,person,456773,3
DETR,1,person,1,person,456865,3
DETR,1,person,1,person,456927,3
DETR,1,person,1,person,457019,3
DETR,1,person,1,person,457156,3
DETR,1,person,1,person,457259,3
DETR,1,person,1,person,457473,3
DETR,1,person,1,person,457496,3
DETR,1,person,1,person,457608,3
DETR,1,person,1,person,457711,2
DETR,1,person,1,person,457770,3
DETR,1,person,1,person,457803,3
DETR,1,person,1,person,457848,3
DETR,1,person,1,person,457864,3
DETR,1,person,1,person,457867,3
DETR,1,person,1,person,457882,3
DETR,1,person,1,person,457917,3
DETR,1,person,1,person,458135,3
DETR,1,person,1,person,458262,3
DETR,1,person,1,person,458335,3
DETR,1,person,1,person,458454,3
DETR,1,person,1,person,458457,3
DETR,1,person,1,person,458461,3
DETR,1,person,1,person,458616,3
DETR,1,person,1,person,458742,3
DETR,1,person,1,person,458774,3
DETR,1,person,1,person,458956,3
DETR,1,person,1,person,459043,3
DETR,1,person,1,person,459097,3
DETR,1,person,1,person,459111,3
DETR,1,person,1,person,459147,3
DETR,1,person,1,person,459208,2
DETR,1,person,1,person,459375,3
DETR,1,person,1,person,459466,3
DETR,1,person,1,person,459567,3
DETR,1,person,1,person,459587,3
DETR,1,person,1,person,459669,3
DETR,1,person,1,person,459768,3
DETR,1,person,1,person,459801,3
DETR,1,person,1,person,459959,3
DETR,1,person,1,person,460001,3
DETR,1,person,1,person,460109,3
DETR,1,person,1,person,460555,3
DETR,1,person,1,person,460977,3
DETR,1,person,1,person,461023,3
DETR,1,person,1,person,461033,3
DETR,1,person,1,person,461380,3
DETR,1,person,1,person,461453,3
DETR,1,person,1,person,461502,3
DETR,1,person,1,person,461562,3
DETR,1,person,1,person,461684,3
DETR,1,person,1,person,461751,3
DETR,1,person,1,person,461881,3
DETR,1,person,1,person,462020,3
DETR,1,person,1,person,462106,3
DETR,1,person,1,person,462346,3
DETR,1,person,1,person,462348,3
DETR,1,person,1,person,462483,3
DETR,1,person,1,person,462553,3
DETR,1,person,1,person,462690,3
DETR,1,person,1,person,462801,3
DETR,1,person,1,person,462806,3
DETR,1,person,1,person,462867,2
DETR,1,person,1,person,463028,3
DETR,1,person,1,person,463040,3
DETR,1,person,1,person,463042,3
DETR,1,person,1,person,463321,3
DETR,1,person,1,person,463547,3
DETR,1,person,1,person,463602,2
DETR,1,person,1,person,463669,3
DETR,1,person,1,person,463670,3
DETR,1,person,1,person,463684,3
DETR,1,person,1,person,463698,3
DETR,1,person,1,person,463761,3
DETR,1,person,1,person,463791,3
DETR,1,person,1,person,464233,3
DETR,1,person,1,person,464280,3
DETR,1,person,1,person,464308,3
DETR,1,person,1,person,464422,3
DETR,1,person,1,person,464637,3
DETR,1,person,1,person,464676,3
DETR,1,person,1,person,464733,3
DETR,1,person,1,person,464785,3
DETR,1,person,1,person,464823,3
DETR,1,person,1,person,464944,3
DETR,1,person,1,person,465225,3
DETR,1,person,1,person,465319,3
DETR,1,person,1,person,465601,3
DETR,1,person,1,person,465622,3
DETR,1,person,1,person,465765,3
DETR,1,person,1,person,465887,3
DETR,1,person,1,person,465908,3
DETR,1,person,1,person,465919,3
DETR,1,person,1,person,465941,3
DETR,1,person,1,person,466008,3
DETR,1,person,1,person,466013,3
DETR,1,person,1,person,466250,3
DETR,1,person,1,person,466297,3
DETR,1,person,1,person,466521,3
DETR,1,person,1,person,466589,3
DETR,1,person,1,person,466715,3
DETR,1,person,1,person,466867,3
DETR,1,person,1,person,466877,3
DETR,1,person,1,person,466880,3
DETR,1,person,1,person,466963,3
DETR,1,person,1,person,467078,3
DETR,1,person,1,person,467205,3
DETR,1,person,1,person,467238,3
DETR,1,person,1,person,467295,3
DETR,1,person,1,person,467370,3
DETR,1,person,1,person,467682,3
DETR,1,person,1,person,467696,3
DETR,1,person,1,person,467734,3
DETR,1,person,1,person,467794,3
DETR,1,person,1,person,467955,3
DETR,1,person,1,person,468257,3
DETR,1,person,1,person,468321,3
DETR,1,person,1,person,468376,3
DETR,1,person,1,person,468525,1
DETR,1,person,1,person,468669,2
DETR,1,person,1,person,468800,3
DETR,1,person,1,person,468843,2
DETR,1,person,1,person,469147,3
DETR,1,person,1,person,469311,3
DETR,1,person,1,person,469460,3
DETR,1,person,1,person,469483,3
DETR,1,person,1,person,469501,1
DETR,1,person,1,person,469534,3
DETR,1,person,1,person,469634,3
DETR,1,person,1,person,469881,3
DETR,1,person,1,person,470034,3
DETR,1,person,1,person,470088,3
DETR,1,person,1,person,470112,3
DETR,1,person,1,person,470237,3
DETR,1,person,1,person,470307,3
DETR,1,person,1,person,470682,3
DETR,1,person,1,person,470865,3
DETR,1,person,1,person,470890,3
DETR,1,person,1,person,470988,3
DETR,1,person,1,person,471017,3
DETR,1,person,1,person,471099,3
DETR,1,person,1,person,471105,2
DETR,1,person,1,person,471138,3
DETR,1,person,1,person,471417,3
DETR,1,person,1,person,471462,3
DETR,1,person,1,person,471478,3
DETR,1,person,1,person,471546,3
DETR,1,person,1,person,471607,3
DETR,1,person,1,person,471652,3
DETR,1,person,1,person,471674,3
DETR,1,person,1,person,471719,3
DETR,1,person,1,person,471851,3
DETR,1,person,1,person,471989,3
DETR,1,person,1,person,472031,2
DETR,1,person,1,person,472104,3
DETR,1,person,1,person,472188,3
DETR,1,person,1,person,472323,3
DETR,1,person,1,person,472690,3
DETR,1,person,1,person,472773,3
DETR,1,person,1,person,472813,3
DETR,1,person,1,person,472990,3
DETR,1,person,1,person,473060,4
DETR,1,person,1,person,473321,3
DETR,1,person,1,person,473562,3
DETR,1,person,1,person,473601,3
DETR,1,person,1,person,473791,2
DETR,1,person,1,person,473946,2
DETR,1,person,1,person,474021,4
DETR,1,person,1,person,474103,2
DETR,1,person,1,person,474150,3
DETR,1,person,1,person,474193,3
DETR,1,person,1,person,474195,3
DETR,1,person,1,person,474228,3
DETR,1,person,1,person,474332,3
DETR,1,person,1,person,474354,3
DETR,1,person,1,person,474471,3
DETR,1,person,1,person,474473,2
DETR,1,person,1,person,474534,3
DETR,1,person,1,person,474581,3
DETR,1,person,1,person,474674,3
DETR,1,person,1,person,475018,3
DETR,1,person,1,person,475053,3
DETR,1,person,1,person,475105,3
DETR,1,person,1,person,475185,3
DETR,1,person,1,person,475209,3
DETR,1,person,1,person,475501,3
DETR,1,person,1,person,475546,3
DETR,1,person,1,person,475742,3
DETR,1,person,1,person,475982,3
DETR,1,person,1,person,476031,3
DETR,1,person,1,person,476344,3
DETR,1,person,1,person,476345,1
DETR,1,person,1,person,476766,3
DETR,1,person,1,person,476773,3
DETR,1,person,1,person,476790,3
DETR,1,person,1,person,476913,3
DETR,1,person,1,person,477026,3
DETR,1,person,1,person,477088,3
DETR,1,person,1,person,477171,3
DETR,1,person,1,person,477367,3
DETR,1,person,1,person,477407,3
DETR,1,person,1,person,477451,3
DETR,1,person,1,person,477590,3
DETR,1,person,1,person,477623,3
DETR,1,person,1,person,477767,3
DETR,1,person,1,person,477914,3
DETR,1,person,1,person,478056,3
DETR,1,person,1,person,478098,3
DETR,1,person,1,person,478153,3
DETR,1,person,1,person,478235,3
DETR,1,person,1,person,478241,3
DETR,1,person,1,person,478257,3
DETR,1,person,1,person,478436,3
DETR,1,person,1,person,478471,3
DETR,1,person,1,person,478510,3
DETR,1,person,1,person,478607,3
DETR,1,person,1,person,478698,3
DETR,1,person,1,person,478931,3
DETR,1,person,1,person,479013,3
DETR,1,person,1,person,479040,3
DETR,1,person,1,person,479107,3
DETR,1,person,1,person,479375,3
DETR,1,person,1,person,479631,3
DETR,1,person,1,person,479903,3
DETR,1,person,1,person,480067,3
DETR,1,person,1,person,480910,3
DETR,1,person,1,person,481042,3
DETR,1,person,1,person,481118,3
DETR,1,person,1,person,481362,3
DETR,1,person,1,person,481431,3
DETR,1,person,1,person,481568,3
DETR,1,person,1,person,481631,3
DETR,1,person,1,person,481777,3
DETR,1,person,1,person,481814,3
DETR,1,person,1,person,481879,1
DETR,1,person,1,person,482117,3
DETR,1,person,1,person,482127,3
DETR,1,person,1,person,482381,2
DETR,1,person,1,person,482496,3
DETR,1,person,1,person,482576,3
DETR,1,person,1,person,482653,3
DETR,1,person,1,person,482816,3
DETR,1,person,1,person,482876,3
DETR,1,person,1,person,482886,3
DETR,1,person,1,person,482960,3
DETR,1,person,1,person,483083,3
DETR,1,person,1,person,483107,3
DETR,1,person,1,person,483169,3
DETR,1,person,1,person,483245,3
DETR,1,person,1,person,483364,3
DETR,1,person,1,person,483401,3
DETR,1,person,1,person,483419,3
DETR,1,person,1,person,483438,3
DETR,1,person,1,person,483473,3
DETR,1,person,1,person,483940,3
DETR,1,person,1,person,483945,3
DETR,1,person,1,person,484507,3
DETR,1,person,1,person,484552,1
DETR,1,person,1,person,484584,3
DETR,1,person,1,person,484664,3
DETR,1,person,1,person,484670,3
DETR,1,person,1,person,484684,3
DETR,1,person,1,person,484755,3
DETR,1,person,1,person,485057,3
DETR,1,person,1,person,485157,3
DETR,1,person,1,person,485219,3
DETR,1,person,1,person,485318,3
DETR,1,person,1,person,485581,3
DETR,1,person,1,person,485616,3
DETR,1,person,1,person,485746,3
DETR,1,person,1,person,485902,1
DETR,1,person,1,person,485976,3
DETR,1,person,1,person,485992,3
DETR,1,person,1,person,485999,3
DETR,1,person,1,person,486238,3
DETR,1,person,1,person,486253,3
DETR,1,person,1,person,486333,3
DETR,1,person,1,person,486347,3
DETR,1,person,1,person,486376,3
DETR,1,person,1,person,486509,3
DETR,1,person,1,person,486675,3
DETR,1,person,1,person,486835,3
DETR,1,person,1,person,487016,3
DETR,1,person,1,person,487242,3
DETR,1,person,1,person,487252,3
DETR,1,person,1,person,487343,3
DETR,1,person,1,person,487449,3
DETR,1,person,1,person,487570,3
DETR,1,person,1,person,487676,3
DETR,1,person,1,person,487734,3
DETR,1,person,1,person,487862,3
DETR,1,person,1,person,488199,3
DETR,1,person,1,person,488245,3
DETR,1,person,1,person,488310,3
DETR,1,person,1,person,488315,3
DETR,1,person,1,person,488330,3
DETR,1,person,1,person,488434,3
DETR,1,person,1,person,488511,3
DETR,1,person,1,person,488543,3
DETR,1,person,1,person,488640,3
DETR,1,person,1,person,488802,3
DETR,1,person,1,person,488869,3
DETR,1,person,1,person,489043,3
DETR,1,person,1,person,489186,3
DETR,1,person,1,person,489430,3
DETR,1,person,1,person,489571,3
DETR,1,person,1,person,489574,3
DETR,1,person,1,person,489684,3
DETR,1,person,1,person,489715,3
DETR,1,person,1,person,489742,3
DETR,1,person,1,person,489792,3
DETR,1,person,1,person,489830,3
DETR,1,person,1,person,489914,3
DETR,1,person,1,person,490262,3
DETR,1,person,1,person,490364,3
DETR,1,person,1,person,490375,3
DETR,1,person,1,person,490448,3
DETR,1,person,1,person,490450,3
DETR,1,person,1,person,490453,3
DETR,1,person,1,person,490486,3
DETR,1,person,1,person,490576,3
DETR,1,person,1,person,490789,3
DETR,1,person,1,person,490893,3
DETR,1,person,1,person,490961,3
DETR,1,person,1,person,491064,3
DETR,1,person,1,person,491155,3
DETR,1,person,1,person,491469,3
DETR,1,person,1,person,491896,2
DETR,1,person,1,person,492310,3
DETR,1,person,1,person,492541,3
DETR,1,person,1,person,492578,3
DETR,1,person,1,person,492632,3
DETR,1,person,1,person,492668,3
DETR,1,person,1,person,492802,3
DETR,1,person,1,person,492803,3
DETR,1,person,1,person,492809,3
DETR,1,person,1,person,492924,3
DETR,1,person,1,person,493291,3
DETR,1,person,1,person,493308,3
DETR,1,person,1,person,493470,3
DETR,1,person,1,person,493499,3
DETR,1,person,1,person,493687,3
DETR,1,person,1,person,493975,3
DETR,1,person,1,person,494270,3
DETR,1,person,1,person,494289,3
DETR,1,person,1,person,494311,3
DETR,1,person,1,person,494387,3
DETR,1,person,1,person,494453,3
DETR,1,person,1,person,494675,3
DETR,1,person,1,person,494704,3
DETR,1,person,1,person,494750,3
DETR,1,person,1,person,494854,3
DETR,1,person,1,person,495168,3
DETR,1,person,1,person,495277,3
DETR,1,person,1,person,495494,3
DETR,1,person,1,person,495616,3
DETR,1,person,1,person,495826,3
DETR,1,person,1,person,495890,3
DETR,1,person,1,person,496504,3
DETR,1,person,1,person,496559,3
DETR,1,person,1,person,496977,3
DETR,1,person,1,person,497056,3
DETR,1,person,1,person,497365,3
DETR,1,person,1,person,497377,3
DETR,1,person,1,person,497473,3
DETR,1,person,1,person,497575,3
DETR,1,person,1,person,497628,3
DETR,1,person,1,person,497906,3
DETR,1,person,1,person,497937,3
DETR,1,person,1,person,498122,2
DETR,1,person,1,person,498221,2
DETR,1,person,1,person,498399,1
DETR,1,person,1,person,498627,3
DETR,1,person,1,person,498705,3
DETR,1,person,1,person,498728,3
DETR,1,person,1,person,498803,3
DETR,1,person,1,person,498903,3
DETR,1,person,1,person,499094,3
DETR,1,person,1,person,499184,3
DETR,1,person,1,person,499261,3
DETR,1,person,1,person,499263,3
DETR,1,person,1,person,499421,3
DETR,1,person,1,person,499541,3
DETR,1,person,1,person,499595,3
DETR,1,person,1,person,499719,3
DETR,1,person,1,person,499734,4
DETR,1,person,1,person,499809,2
DETR,1,person,1,person,499906,3
DETR,1,person,1,person,500556,3
DETR,1,person,1,person,500859,3
DETR,1,person,1,person,500888,2
DETR,1,person,1,person,501019,1
DETR,1,person,1,person,501032,3
DETR,1,person,1,person,501074,3
DETR,1,person,1,person,501345,3
DETR,1,person,1,person,501461,3
DETR,1,person,1,person,501662,3
DETR,1,person,1,person,502005,3
DETR,1,person,1,person,502114,3
DETR,1,person,1,person,502191,3
DETR,1,person,1,person,502208,3
DETR,1,person,1,person,502899,2
DETR,1,person,1,person,503059,3
DETR,1,person,1,person,503147,3
DETR,1,person,1,person,503183,3
DETR,1,person,1,person,503201,3
DETR,1,person,1,person,503265,3
DETR,1,person,1,person,503603,3
DETR,1,person,1,person,503652,3
DETR,1,person,1,person,503695,3
DETR,1,person,1,person,503910,3
DETR,1,person,1,person,504349,4
DETR,1,person,1,person,504466,3
DETR,1,person,1,person,504492,3
DETR,1,person,1,person,504495,3
DETR,1,person,1,person,504738,3
DETR,1,person,1,person,504934,3
DETR,1,person,1,person,505070,3
DETR,1,person,1,person,505119,3
DETR,1,person,1,person,505347,3
DETR,1,person,1,person,505436,3
DETR,1,person,1,person,505470,3
DETR,1,person,1,person,505585,3
DETR,1,person,1,person,505614,3
DETR,1,person,1,person,505906,3
DETR,1,person,1,person,506125,3
DETR,1,person,1,person,506276,3
DETR,1,person,1,person,506371,3
DETR,1,person,1,person,506560,3
DETR,1,person,1,person,506735,3
DETR,1,person,1,person,506785,3
DETR,1,person,1,person,506962,3
DETR,1,person,1,person,507151,3
DETR,1,person,1,person,507197,3
DETR,1,person,1,person,507531,3
DETR,1,person,1,person,507614,3
DETR,1,person,1,person,507699,3
DETR,1,person,1,person,507717,3
DETR,1,person,1,person,508067,3
DETR,1,person,1,person,508246,3
DETR,1,person,1,person,508325,3
DETR,1,person,1,person,508475,3
DETR,1,person,1,person,508634,3
DETR,1,person,1,person,508885,3
DETR,1,person,1,person,509043,3
DETR,1,person,1,person,509341,2
DETR,1,person,1,person,509342,3
DETR,1,person,1,person,509504,3
DETR,1,person,1,person,509710,2
DETR,1,person,1,person,510124,3
DETR,1,person,1,person,510372,3
DETR,1,person,1,person,510855,3
DETR,1,person,1,person,511033,3
DETR,1,person,1,person,511527,3
DETR,1,person,1,person,511856,3
DETR,1,person,1,person,511888,3
DETR,1,person,1,person,512436,3
DETR,1,person,1,person,512528,2
DETR,1,person,1,person,512624,3
DETR,1,person,1,person,512780,3
DETR,1,person,1,person,512798,3
DETR,1,person,1,person,513035,3
DETR,1,person,1,person,513119,3
DETR,1,person,1,person,513172,3
DETR,1,person,1,person,513208,3
DETR,1,person,1,person,513431,3
DETR,1,person,1,person,513577,3
DETR,1,person,1,person,513701,3
DETR,1,person,1,person,513734,3
DETR,1,person,1,person,513756,3
DETR,1,person,1,person,513792,3
DETR,1,person,1,person,514054,3
DETR,1,person,1,person,514468,3
DETR,1,person,1,person,514568,3
DETR,1,person,1,person,514615,3
DETR,1,person,1,person,514657,3
DETR,1,person,1,person,514884,3
DETR,1,person,1,person,514926,3
DETR,1,person,1,person,515018,3
DETR,1,person,1,person,515102,3
DETR,1,person,1,person,515179,2
DETR,1,person,1,person,515193,3
DETR,1,person,1,person,515313,3
DETR,1,person,1,person,515455,3
DETR,1,person,1,person,515495,3
DETR,1,person,1,person,515515,3
DETR,1,person,1,person,515673,3
DETR,1,person,1,person,515790,3
DETR,1,person,1,person,516148,3
DETR,1,person,1,person,516151,3
DETR,1,person,1,person,516160,3
DETR,1,person,1,person,516208,2
DETR,1,person,1,person,516436,3
DETR,1,person,1,person,516584,3
DETR,1,person,1,person,516617,2
DETR,1,person,1,person,516933,2
DETR,1,person,1,person,517144,2
DETR,1,person,1,person,517197,3
DETR,1,person,1,person,517234,3
DETR,1,person,1,person,517428,3
DETR,1,person,1,person,517456,3
DETR,1,person,1,person,518069,3
DETR,1,person,1,person,518130,3
DETR,1,person,1,person,518190,3
DETR,1,person,1,person,518312,2
DETR,1,person,1,person,518682,3
DETR,1,person,1,person,518713,3
DETR,1,person,1,person,518744,3
DETR,1,person,1,person,518906,2
DETR,1,person,1,person,519067,3
DETR,1,person,1,person,519216,3
DETR,1,person,1,person,519483,3
DETR,1,person,1,person,519603,3
DETR,1,person,1,person,519648,3
DETR,1,person,1,person,520291,3
DETR,1,person,1,person,520316,3
DETR,1,person,1,person,520346,3
DETR,1,person,1,person,520436,3
DETR,1,person,1,person,520495,3
DETR,1,person,1,person,520632,3
DETR,1,person,1,person,520753,3
DETR,1,person,1,person,520855,3
DETR,1,person,1,person,520874,2
DETR,1,person,1,person,520906,3
DETR,1,person,1,person,521058,3
DETR,1,person,1,person,521166,3
DETR,1,person,1,person,521304,4
DETR,1,person,1,person,521306,3
DETR,1,person,1,person,521716,3
DETR,1,person,1,person,522033,3
DETR,1,person,1,person,522204,2
DETR,1,person,1,person,522262,3
DETR,1,person,1,person,522315,3
DETR,1,person,1,person,522844,3
DETR,1,person,1,person,523455,3
DETR,1,person,1,person,523456,2
DETR,1,person,1,person,523805,3
DETR,1,person,1,person,524140,3
DETR,1,person,1,person,524389,3
DETR,1,person,1,person,524836,3
DETR,1,person,1,person,524863,3
DETR,1,person,1,person,525134,3
DETR,1,person,1,person,525200,2
DETR,1,person,1,person,525281,2
DETR,1,person,1,person,525760,3
DETR,1,person,1,person,525768,3
DETR,1,person,1,person,526172,3
DETR,1,person,1,person,526426,3
DETR,1,person,1,person,526879,3
DETR,1,person,1,person,527077,3
DETR,1,person,1,person,527248,3
DETR,1,person,1,person,527319,3
DETR,1,person,1,person,527757,3
DETR,1,person,1,person,527829,3
DETR,1,person,1,person,528482,3
DETR,1,person,1,person,528800,2
DETR,1,person,1,person,529021,3
DETR,1,person,1,person,529354,3
DETR,1,person,1,person,529599,3
DETR,1,person,1,person,529715,3
DETR,1,person,1,person,529782,3
DETR,1,person,1,person,529956,3
DETR,1,person,1,person,529999,3
DETR,1,person,1,person,530460,3
DETR,1,person,1,person,530463,3
DETR,1,person,1,person,530639,3
DETR,1,person,1,person,530701,3
DETR,1,person,1,person,530765,3
DETR,1,person,1,person,530796,3
DETR,1,person,1,person,530972,3
DETR,1,person,1,person,531244,3
DETR,1,person,1,person,531303,3
DETR,1,person,1,person,531416,3
DETR,1,person,1,person,531457,3
DETR,1,person,1,person,531708,2
DETR,1,person,1,person,531752,3
DETR,1,person,1,person,531777,3
DETR,1,person,1,person,531913,3
DETR,1,person,1,person,531968,3
DETR,1,person,1,person,532234,3
DETR,1,person,1,person,532278,3
DETR,1,person,1,person,533388,3
DETR,1,person,1,person,533443,3
DETR,1,person,1,person,533587,3
DETR,1,person,1,person,533796,3
DETR,1,person,1,person,533901,3
DETR,1,person,1,person,534165,3
DETR,1,person,1,person,534265,3
DETR,1,person,1,person,534546,3
DETR,1,person,1,person,534605,3
DETR,1,person,1,person,534740,3
DETR,1,person,1,person,535146,4
DETR,1,person,1,person,535180,3
DETR,1,person,1,person,535539,3
DETR,1,person,1,person,536014,3
DETR,1,person,1,person,536403,3
DETR,1,person,1,person,536694,3
DETR,1,person,1,person,536845,1
DETR,1,person,1,person,537187,2
DETR,1,person,1,person,537261,3
DETR,1,person,1,person,537445,3
DETR,1,person,1,person,537530,3
DETR,1,person,1,person,537870,3
DETR,1,person,1,person,538153,3
DETR,1,person,1,person,538165,3
DETR,1,person,1,person,538277,3
DETR,1,person,1,person,538325,3
DETR,1,person,1,person,538334,3
DETR,1,person,1,person,538737,3
DETR,1,person,1,person,539144,3
DETR,1,person,1,person,539249,3
DETR,1,person,1,person,539352,3
DETR,1,person,1,person,539551,3
DETR,1,person,1,person,539703,3
DETR,1,person,1,person,540130,3
DETR,1,person,1,person,541972,3
DETR,1,person,1,person,542210,3
DETR,1,person,1,person,542512,3
DETR,1,person,1,person,542599,3
DETR,1,person,1,person,542642,3
DETR,1,person,1,person,542728,3
DETR,1,person,1,person,543135,3
DETR,1,person,1,person,543396,3
DETR,1,person,1,person,543486,3
DETR,1,person,1,person,543487,3
DETR,1,person,1,person,543555,3
DETR,1,person,1,person,544024,3
DETR,1,person,1,person,544355,3
DETR,1,person,1,person,544365,3
DETR,1,person,1,person,544579,2
DETR,1,person,1,person,544969,3
DETR,1,person,1,person,545070,3
DETR,1,person,1,person,545135,3
DETR,1,person,1,person,545146,3
DETR,1,person,1,person,545424,3
DETR,1,person,1,person,545505,2
DETR,1,person,1,person,546014,3
DETR,1,person,1,person,547078,3
DETR,1,person,1,person,547250,3
DETR,1,person,1,person,547302,3
DETR,1,person,1,person,547410,3
DETR,1,person,1,person,547607,3
DETR,1,person,1,person,547869,3
DETR,1,person,1,person,548461,3
DETR,1,person,1,person,548500,2
DETR,1,person,1,person,549269,3
DETR,1,person,1,person,549295,3
DETR,1,person,1,person,549305,3
DETR,1,person,1,person,549393,3
DETR,1,person,1,person,549444,3
DETR,1,person,1,person,550407,3
DETR,1,person,1,person,551004,3
DETR,1,person,1,person,551049,3
DETR,1,person,1,person,552166,3
DETR,1,person,1,person,553771,2
DETR,1,person,1,person,554035,3
DETR,1,person,1,person,554043,3
DETR,1,person,1,person,554067,3
DETR,1,person,1,person,554296,3
DETR,1,person,1,person,554353,3
DETR,1,person,1,person,554370,3
DETR,1,person,1,person,554496,3
DETR,1,person,1,person,554608,3
DETR,1,person,1,person,554903,3
DETR,1,person,1,person,555697,3
DETR,1,person,1,person,555812,3
DETR,1,person,1,person,555912,3
DETR,1,person,1,person,556260,3
DETR,1,person,1,person,556468,3
DETR,1,person,1,person,556811,3
DETR,1,person,1,person,556827,3
DETR,1,person,1,person,556910,3
DETR,1,person,1,person,557026,3
DETR,1,person,1,person,557463,3
DETR,1,person,1,person,557613,3
DETR,1,person,1,person,557854,2
DETR,1,person,1,person,557897,3
DETR,1,person,1,person,558656,3
DETR,1,person,1,person,560855,3
DETR,1,person,1,person,561533,3
DETR,1,person,1,person,561551,3
DETR,1,person,1,person,561596,3
DETR,1,person,1,person,561786,3
DETR,1,person,1,person,562303,3
DETR,1,person,1,person,562484,3
DETR,1,person,1,person,562949,3
DETR,1,person,1,person,563648,3
DETR,1,person,1,person,564609,3
DETR,1,person,1,person,564981,3
DETR,1,person,1,person,565387,3
DETR,1,person,1,person,565460,3
DETR,1,person,1,person,565491,3
DETR,1,person,1,person,566270,3
DETR,1,person,1,person,567504,3
DETR,1,person,1,person,567534,3
DETR,1,person,1,person,568429,3
DETR,1,person,1,person,568803,3
DETR,1,person,1,person,568922,3
DETR,1,person,1,person,568955,3
DETR,1,person,1,person,569334,3
DETR,1,person,1,person,569519,3
DETR,1,person,1,person,570022,2
DETR,1,person,1,person,570027,3
DETR,1,person,1,person,570458,2
DETR,1,person,1,person,570535,3
DETR,1,person,1,person,570557,3
DETR,1,person,1,person,1189019,3
DETR,1,person,1,person,1189290,3
DETR,1,person,1,person,1189409,3
DETR,1,person,1,person,1200551,3
DETR,1,person,1,person,1200720,4
DETR,1,person,1,person,1200730,3
DETR,1,person,1,person,1201134,3
DETR,1,person,1,person,1201210,3
DETR,1,person,1,person,1201897,3
DETR,1,person,1,person,1201992,3
DETR,1,person,1,person,1202048,3
DETR,1,person,1,person,1202319,3
DETR,1,person,1,person,1203643,3
DETR,1,person,1,person,1204131,2
DETR,1,person,1,person,1204147,3
DETR,1,person,1,person,1204333,3
DETR,1,person,1,person,1204630,3
DETR,1,person,1,person,1205518,3
DETR,1,person,1,person,1206142,3
DETR,1,person,1,person,1206511,3
DETR,1,person,1,person,1206533,3
DETR,1,person,1,person,1206747,3
DETR,1,person,1,person,1207243,3
DETR,1,person,1,person,1207315,2
DETR,1,person,1,person,1208151,3
DETR,1,person,1,person,1208299,3
DETR,1,person,1,person,1208565,3
DETR,1,person,1,person,1208680,3
DETR,1,person,1,person,1208825,3
DETR,1,person,1,person,1209089,3
DETR,1,person,1,person,1209881,3
DETR,1,person,1,person,1210386,2
DETR,1,person,1,person,1210631,3
DETR,1,person,1,person,1210714,3
DETR,1,person,1,person,1210853,2
DETR,1,person,1,person,1210963,3
DETR,1,person,1,person,1211131,1
DETR,1,person,1,person,1211515,3
DETR,1,person,1,person,1211554,3
DETR,1,person,1,person,1211679,3
DETR,1,person,1,person,1211893,3
DETR,1,person,1,person,1212039,3
DETR,1,person,1,person,1212451,3
DETR,1,person,1,person,1212567,3
DETR,1,person,1,person,1212812,3
DETR,1,person,1,person,1213168,3
DETR,1,person,1,person,1213502,3
DETR,1,person,1,person,1213525,2
DETR,1,person,1,person,1213740,3
DETR,1,person,1,person,1214012,3
DETR,1,person,1,person,1214979,3
DETR,1,person,1,person,1215316,3
DETR,1,person,1,person,1215419,3
DETR,1,person,1,person,1215906,3
DETR,1,person,1,person,1216219,2
DETR,1,person,1,person,1216316,3
DETR,1,person,1,person,1216381,2
DETR,1,person,1,person,1217802,3
DETR,1,person,1,person,1219171,3
DETR,1,person,1,person,1219181,3
DETR,1,person,1,person,1220056,3
DETR,1,person,1,person,1221023,2
DETR,1,person,1,person,1221191,3
DETR,1,person,1,person,1221424,2
DETR,1,person,1,person,1221670,3
DETR,1,person,1,person,1222811,3
DETR,1,person,1,person,1222925,4
DETR,1,person,1,person,1223125,3
DETR,1,person,1,person,1223252,3
DETR,1,person,1,person,1223382,3
DETR,1,person,1,person,1223420,3
DETR,1,person,1,person,1223853,3
DETR,1,person,1,person,1223855,3
DETR,1,person,1,person,1224143,3
DETR,1,person,1,person,1224294,3
DETR,1,person,1,person,1224488,3
DETR,1,person,1,person,1224861,3
DETR,1,person,1,person,1225418,3
DETR,1,person,1,person,1225528,3
DETR,1,person,1,person,1225634,3
DETR,1,person,1,person,1225787,3
DETR,1,person,1,person,1225888,3
DETR,1,person,1,person,1226048,3
DETR,1,person,1,person,1226214,3
DETR,1,person,1,person,1226371,3
DETR,1,person,1,person,1226510,3
DETR,1,person,1,person,1226579,3
DETR,1,person,1,person,1226671,3
DETR,1,person,1,person,1226867,3
DETR,1,person,1,person,1227169,3
DETR,1,person,1,person,1227269,3
DETR,1,person,1,person,1227271,2
DETR,1,person,1,person,1227319,3
DETR,1,person,1,person,1228142,3
DETR,1,person,1,person,1228756,2
DETR,1,person,1,person,1228909,3
DETR,1,person,1,person,1229117,3
DETR,1,person,1,person,1229195,3
DETR,1,person,1,person,1229403,3
DETR,1,person,1,person,1229742,3
DETR,1,person,1,person,1230172,3
DETR,1,person,1,person,1230552,2
DETR,1,person,1,person,1230890,3
DETR,1,person,1,person,1231104,3
DETR,1,person,1,person,1231175,3
DETR,1,person,1,person,1231638,3
DETR,1,person,1,person,1232008,3
DETR,1,person,1,person,1232172,2
DETR,1,person,1,person,1232274,3
DETR,1,person,1,person,1232487,3
DETR,1,person,1,person,1232692,3
DETR,1,person,1,person,1232873,3
DETR,1,person,1,person,1233168,3
DETR,1,person,1,person,1233203,3
DETR,1,person,1,person,1233505,3
DETR,1,person,1,person,1235119,3
DETR,1,person,1,person,1236132,3
DETR,1,person,1,person,1236499,3
DETR,1,person,1,person,1236552,3
DETR,1,person,1,person,1236618,3
DETR,1,person,1,person,1236764,3
DETR,1,person,1,person,1237010,2
DETR,1,person,1,person,1237152,3
DETR,1,person,1,person,1237381,2
DETR,1,person,1,person,1237999,3
DETR,1,person,1,person,1238418,3
DETR,1,person,1,person,1239052,3
DETR,1,person,1,person,1239915,3
DETR,1,person,1,person,1240455,3
DETR,1,person,1,person,1240996,3
DETR,1,person,1,person,1241982,3
DETR,1,person,1,person,1242031,4
DETR,1,person,1,person,1242930,3
DETR,1,person,1,person,1243135,3
DETR,1,person,1,person,1243144,3
DETR,1,person,1,person,1243435,2
DETR,1,person,1,person,1243553,3
DETR,1,person,1,person,1243600,3
DETR,1,person,1,person,1243787,3
DETR,1,person,1,person,1243789,3
DETR,1,person,1,person,1243798,3
DETR,1,person,1,person,1244814,3
DETR,1,person,1,person,1245131,3
DETR,1,person,1,person,1245422,3
DETR,1,person,1,person,1246479,3
DETR,1,person,1,person,1247053,3
DETR,1,person,1,person,1247168,3
DETR,1,person,1,person,1247241,3
DETR,1,person,1,person,1247329,3
DETR,1,person,1,person,1247519,3
DETR,1,person,1,person,1247819,3
DETR,1,person,1,person,1248244,3
DETR,1,person,1,person,1248631,3
DETR,1,person,1,person,1248701,2
DETR,1,person,1,person,1249088,3
DETR,1,person,1,person,1249864,3
DETR,1,person,1,person,1252020,3
DETR,1,person,1,person,1252243,3
DETR,1,person,1,person,1253456,3
DETR,1,person,1,person,1253497,3
DETR,1,person,1,person,1253687,3
DETR,1,person,1,person,1253918,3
DETR,1,person,1,person,1254299,3
DETR,1,person,1,person,1254480,3
DETR,1,person,1,person,1254525,3
DETR,1,person,1,person,1254599,3
DETR,1,person,1,person,1254616,3
DETR,1,person,1,person,1254825,3
DETR,1,person,1,person,1255057,3
DETR,1,person,1,person,1255298,3
DETR,1,person,1,person,1255434,2
DETR,1,person,1,person,1255435,3
DETR,1,person,1,person,1256121,3
DETR,1,person,1,person,1256337,3
DETR,1,person,1,person,1256487,3
DETR,1,person,1,person,1256733,3
DETR,1,person,1,person,1256959,3
DETR,1,person,1,person,1257222,3
DETR,1,person,1,person,1257337,3
DETR,1,person,1,person,1257555,3
DETR,1,person,1,person,1257855,3
DETR,1,person,1,person,1258004,3
DETR,1,person,1,person,1258164,3
DETR,1,person,1,person,1258747,3
DETR,1,person,1,person,1258923,3
DETR,1,person,1,person,1258986,3
DETR,1,person,1,person,1259402,3
DETR,1,person,1,person,1259440,3
DETR,1,person,1,person,1259868,3
DETR,1,person,1,person,1260113,3
DETR,1,person,1,person,1261503,3
DETR,1,person,1,person,1261514,3
DETR,1,person,1,person,1262527,3
DETR,1,person,1,person,1263360,3
DETR,1,person,1,person,1263534,3
DETR,1,person,1,person,1263876,3
DETR,1,person,1,person,1263999,2
DETR,1,person,1,person,1264317,3
DETR,1,person,1,person,1264566,3
DETR,1,person,1,person,1265114,3
DETR,1,person,1,person,1265445,3
DETR,1,person,1,person,1265479,2
DETR,1,person,1,person,1265839,3
DETR,1,person,1,person,1265888,3
DETR,1,person,1,person,1266424,3
DETR,1,person,1,person,1267416,3
DETR,1,person,1,person,1267494,3
DETR,1,person,1,person,1268000,3
DETR,1,person,1,person,1268261,3
DETR,1,person,1,person,1268625,3
DETR,1,person,1,person,1269070,3
DETR,1,person,1,person,1269487,3
DETR,1,person,1,person,1270122,3
DETR,1,person,1,person,1270393,3
DETR,1,person,1,person,1270461,2
DETR,1,person,1,person,1270797,3
DETR,1,person,1,person,1271260,3
DETR,1,person,1,person,1271283,3
DETR,1,person,1,person,1271311,3
DETR,1,person,1,person,1272966,3
DETR,1,person,1,person,1273672,3
DETR,1,person,1,person,1273794,3
DETR,1,person,1,person,1274012,2
DETR,1,person,1,person,1274996,3
DETR,1,person,1,person,1275080,3
DETR,1,person,1,person,1275121,3
DETR,1,person,1,person,1275333,3
DETR,1,person,1,person,1275873,3
DETR,1,person,1,person,1276081,3
DETR,1,person,1,person,1276935,3
DETR,1,person,1,person,1278747,3
DETR,1,person,1,person,1279369,3
DETR,1,person,1,person,1279457,3
DETR,1,person,1,person,1280177,3
DETR,1,person,1,person,1280397,3
DETR,1,person,1,person,1280566,3
DETR,1,person,1,person,1280600,4
DETR,1,person,1,person,1281584,3
DETR,1,person,1,person,1282486,3
DETR,1,person,1,person,1282721,3
DETR,1,person,1,person,1285030,3
DETR,1,person,1,person,1285068,3
DETR,1,person,1,person,1285219,2
DETR,1,person,1,person,1285454,2
DETR,1,person,1,person,1285752,2
DETR,1,person,1,person,1286095,3
DETR,1,person,1,person,1286823,3
DETR,1,person,1,person,1286863,3
DETR,1,person,1,person,1287561,2
DETR,1,person,1,person,1288278,3
DETR,1,person,1,person,1288906,3
DETR,1,person,1,person,1289298,1
DETR,1,person,1,person,1289488,3
DETR,1,person,1,person,1291158,3
DETR,1,person,1,person,1292380,2
DETR,1,person,1,person,1292597,3
DETR,1,person,1,person,1294093,3
DETR,1,person,1,person,1294784,2
DETR,1,person,1,person,1294806,3
DETR,1,person,1,person,1295154,3
DETR,1,person,1,person,1296181,2
DETR,1,person,1,person,1297055,2
DETR,1,person,1,person,1297272,3
DETR,1,person,1,person,1297468,3
DETR,1,person,1,person,1298043,2
DETR,1,person,1,person,1299850,3
DETR,1,person,1,person,1300412,4
DETR,1,person,1,person,1301596,3
DETR,1,person,1,person,1301701,2
DETR,1,person,1,person,1301951,3
DETR,1,person,1,person,1302178,2
DETR,1,person,1,person,1302282,2
DETR,1,person,1,person,1302378,2
DETR,1,person,1,person,1303383,3
DETR,1,person,1,person,1303931,3
DETR,1,person,1,person,1304061,3
DETR,1,person,1,person,1304826,3
DETR,1,person,1,person,1305050,3
DETR,1,person,1,person,1305942,3
DETR,1,person,1,person,1306676,2
DETR,1,person,1,person,1307758,3
DETR,1,person,1,person,1307951,3
DETR,1,person,1,person,1308059,3
DETR,1,person,1,person,1308600,3
DETR,1,person,1,person,1308776,3
DETR,1,person,1,person,1309118,3
DETR,1,person,1,person,1309194,3
DETR,1,person,1,person,1310391,3
DETR,1,person,1,person,1310417,3
DETR,1,person,1,person,1310910,3
DETR,1,person,1,person,1311931,3
DETR,1,person,1,person,1313895,3
DETR,1,person,1,person,1314276,2
DETR,1,person,1,person,1314654,3
DETR,1,person,1,person,1314769,3
DETR,1,person,1,person,1314808,2
DETR,1,person,1,person,1315600,3
DETR,1,person,1,person,1316695,3
DETR,1,person,1,person,1317147,3
DETR,1,person,1,person,1317917,3
DETR,1,person,1,person,1318246,3
DETR,1,person,1,person,1319341,3
DETR,1,person,1,person,1319726,3
DETR,1,person,1,person,1319873,3
DETR,1,person,1,person,1320552,3
DETR,1,person,1,person,1323376,2
DETR,1,person,1,person,1324241,3
DETR,1,person,1,person,1324285,2
DETR,1,person,1,person,1325527,2
DETR,1,person,1,person,1325633,3
DETR,1,person,1,person,1325635,3
DETR,1,person,1,person,1326964,3
DETR,1,person,1,person,1327787,3
DETR,1,person,1,person,1330861,3
DETR,1,person,1,person,1331492,2
DETR,1,person,1,person,1331801,3
DETR,1,person,1,person,1332346,3
DETR,1,person,1,person,1332364,3
DETR,1,person,1,person,1676620,3
DETR,1,person,1,person,1678300,3
DETR,1,person,1,person,1678379,3
DETR,1,person,1,person,1678398,3
DETR,1,person,1,person,1679072,3
DETR,1,person,1,person,1679436,3
DETR,1,person,1,person,1680366,3
DETR,1,person,1,person,1682103,3
DETR,1,person,1,person,1682791,3
DETR,1,person,1,person,1682805,3
DETR,1,person,1,person,1683144,3
DETR,1,person,1,person,1684208,2
DETR,1,person,1,person,1684475,1
DETR,1,person,1,person,1686173,3
DETR,1,person,1,person,1687603,3
DETR,1,person,1,person,1690136,3
DETR,1,person,1,person,1690898,3
DETR,1,person,1,person,1691243,3
DETR,1,person,1,person,1697125,3
DETR,1,person,1,person,1697173,3
DETR,1,person,1,person,1697258,3
DETR,1,person,1,person,1698822,3
DETR,1,person,1,person,1701660,3
DETR,1,person,1,person,1703208,3
DETR,1,person,1,person,1704537,3
DETR,1,person,1,person,1704929,2
DETR,1,person,1,person,1706357,3
DETR,1,person,1,person,1706457,3
DETR,1,person,1,person,1706495,3
DETR,1,person,1,person,1706674,3
DETR,1,person,1,person,1706734,3
DETR,1,person,1,person,1707041,3
DETR,1,person,1,person,1707054,3
DETR,1,person,1,person,1707710,3
DETR,1,person,1,person,1707742,3
DETR,1,person,1,person,1708021,3
DETR,1,person,1,person,1708380,3
DETR,1,person,1,person,1709781,4
DETR,1,person,1,person,1710361,2
DETR,1,person,1,person,1710471,3
DETR,1,person,1,person,1710626,3
DETR,1,person,1,person,1710821,3
DETR,1,person,1,person,1710853,2
DETR,1,person,1,person,1710978,3
DETR,1,person,1,person,1710985,3
DETR,1,person,1,person,1711006,3
DETR,1,person,1,person,1711535,3
DETR,1,person,1,person,1711929,3
DETR,1,person,1,person,1712248,3
DETR,1,person,1,person,1712463,2
DETR,1,person,1,person,1713014,3
DETR,1,person,1,person,1713600,3
DETR,1,person,1,person,1713640,3
DETR,1,person,1,person,1714162,3
DETR,1,person,1,person,1714193,3
DETR,1,person,1,person,1714226,3
DETR,1,person,1,person,1714605,3
DETR,1,person,1,person,1715422,3
DETR,1,person,1,person,1715477,3
DETR,1,person,1,person,1715656,3
DETR,1,person,1,person,1715808,3
DETR,1,person,1,person,1715849,3
DETR,1,person,1,person,1715921,3
DETR,1,person,1,person,1716037,3
DETR,1,person,1,person,1716335,3
DETR,1,person,1,person,1716779,2
DETR,1,person,1,person,1717438,4
DETR,1,person,1,person,1717602,3
DETR,1,person,1,person,1717939,3
DETR,1,person,1,person,1718117,3
DETR,1,person,1,person,1718283,3
DETR,1,person,1,person,1718343,3
DETR,1,person,1,person,1718732,3
DETR,1,person,1,person,1720198,3
DETR,1,person,1,person,1720912,3
DETR,1,person,1,person,1721038,3
DETR,1,person,1,person,1721831,3
DETR,1,person,1,person,1721891,3
DETR,1,person,1,person,1722461,3
DETR,1,person,1,person,1722738,3
DETR,1,person,1,person,1722822,3
DETR,1,person,1,person,1722899,3
DETR,1,person,1,person,1723251,3
DETR,1,person,1,person,1723365,3
DETR,1,person,1,person,1723565,3
DETR,1,person,1,person,1723997,3
DETR,1,person,1,person,1724057,3
DETR,1,person,1,person,1724393,3
DETR,1,person,1,person,1724501,3
DETR,1,person,1,person,1724621,3
DETR,1,person,1,person,1724981,3
DETR,1,person,1,person,1725177,3
DETR,1,person,1,person,1725452,2
DETR,1,person,1,person,1725533,3
DETR,1,person,1,person,1726002,3
DETR,1,person,1,person,1726013,3
DETR,1,person,1,person,1726578,3
DETR,1,person,1,person,1727045,2
DETR,1,person,1,person,1727501,3
DETR,1,person,1,person,1727746,3
DETR,1,person,1,person,1728112,3
DETR,1,person,1,person,1728227,3
DETR,1,person,1,person,1728699,3
DETR,1,person,1,person,1728907,3
DETR,1,person,1,person,1728917,3
DETR,1,person,1,person,1730019,3
DETR,1,person,1,person,1730322,3
DETR,1,person,1,person,1730739,1
DETR,1,person,1,person,1730947,3
DETR,1,person,1,person,1731429,3
DETR,1,person,1,person,1731859,3
DETR,1,person,1,person,1731868,3
DETR,1,person,1,person,1732430,3
DETR,1,person,1,person,1733141,2
DETR,1,person,1,person,1733343,3
DETR,1,person,1,person,1733627,3
DETR,1,person,1,person,1734292,3
DETR,1,person,1,person,1734640,3
DETR,1,person,1,person,1735067,3
DETR,1,person,1,person,1735148,3
DETR,1,person,1,person,1735863,3
DETR,1,person,1,person,1735979,3
DETR,1,person,1,person,1737321,2
DETR,1,person,1,person,1738072,3
DETR,1,person,1,person,1738741,3
DETR,1,person,1,person,1738983,3
DETR,1,person,1,person,1739148,3
DETR,1,person,1,person,1740126,3
DETR,1,person,1,person,1740181,3
DETR,1,person,1,person,1740387,3
DETR,1,person,1,person,1740534,3
DETR,1,person,1,person,1740631,3
DETR,1,person,1,person,1740732,3
DETR,1,person,1,person,1740994,2
DETR,1,person,1,person,1741687,3
DETR,1,person,1,person,1742646,3
DETR,1,person,1,person,1742783,3
DETR,1,person,1,person,1742822,3
DETR,1,person,1,person,1743420,3
DETR,1,person,1,person,1743891,3
DETR,1,person,1,person,1744194,2
DETR,1,person,1,person,1744213,3
DETR,1,person,1,person,1744265,2
DETR,1,person,1,person,1745539,3
DETR,1,person,1,person,1745720,6
DETR,1,person,1,person,1746124,3
DETR,1,person,1,person,1746819,3
DETR,1,person,1,person,1746978,3
DETR,1,person,1,person,1747039,3
DETR,1,person,1,person,1747200,1
DETR,1,person,1,person,1747686,3
DETR,1,person,1,person,1747853,3
DETR,1,person,1,person,1748671,3
DETR,1,person,1,person,1749805,2
DETR,1,person,1,person,1750421,3
DETR,1,person,1,person,1750600,3
DETR,1,person,1,person,1751511,3
DETR,1,person,1,person,1751694,3
DETR,1,person,1,person,1752448,3
DETR,1,person,1,person,1753084,3
DETR,1,person,1,person,1753678,3
DETR,1,person,1,person,1753799,3
DETR,1,person,1,person,1753852,1
DETR,1,person,1,person,1754301,3
DETR,1,person,1,person,1754619,3
DETR,1,person,1,person,1755525,1
DETR,1,person,1,person,1755756,3
DETR,1,person,1,person,1758587,3
DETR,1,person,1,person,1758928,3
DETR,1,person,1,person,1759072,3
DETR,1,person,1,person,1759890,3
DETR,1,person,1,person,1760330,2
DETR,1,person,1,person,1761327,2
DETR,1,person,1,person,1761609,3
DETR,1,person,1,person,1763109,3
DETR,1,person,1,person,2001126,3
DETR,1,person,1,person,2001380,3
DETR,1,person,1,person,2005576,3
DETR,1,person,1,person,2006742,3
DETR,1,person,1,person,2006913,3
DETR,1,person,1,person,2013887,3
DETR,1,person,1,person,2015273,3
DETR,1,person,1,person,2016778,3
DETR,1,person,1,person,2025580,2
DETR,1,person,1,person,2148547,3
DETR,1,person,1,person,2150335,3
DETR,1,person,1,person,2150362,3
DETR,1,person,1,person,2150525,3
DETR,1,person,1,person,2150972,3
DETR,1,person,1,person,2151007,3
DETR,1,person,1,person,2151056,3
DETR,1,person,1,person,2151098,3
DETR,1,person,1,person,2151155,3
DETR,1,person,1,person,2151225,3
DETR,1,person,1,person,2151369,3
DETR,1,person,1,person,2151612,3
DETR,1,person,1,person,2151630,3
DETR,1,person,1,person,2151691,3
DETR,1,person,1,person,2151738,3
DETR,1,person,1,person,2151941,3
DETR,1,person,1,person,2152195,3
DETR,1,person,1,person,2152307,3
DETR,1,person,1,person,2152382,3
DETR,1,person,1,person,2152446,2
DETR,1,person,1,person,2152523,3
DETR,1,person,1,person,2152799,3
DETR,1,person,1,person,2152810,3
DETR,1,person,1,person,2153326,3
DETR,1,person,1,person,2153347,3
DETR,1,person,1,person,2153460,3
DETR,1,person,1,person,2153533,3
DETR,1,person,1,person,2153865,2
DETR,1,person,1,person,2154546,3
DETR,1,person,1,person,2154778,3
DETR,1,person,1,person,2154860,3
DETR,1,person,1,person,2155218,2
DETR,1,person,1,person,2155328,3
DETR,1,person,1,person,2155784,3
DETR,1,person,1,person,2156607,3
DETR,1,person,1,person,2156623,3
DETR,1,person,1,person,2156760,3
DETR,1,person,1,person,2156806,3
DETR,1,person,1,person,2157292,3
DETR,1,person,1,person,2157435,3
DETR,1,person,1,person,2157832,3
DETR,1,person,1,person,2157909,3
DETR,1,person,1,person,2157953,3
DETR,1,person,1,person,2158275,3
DETR,1,person,1,person,2158346,3
DETR,1,person,1,person,2159106,2
DETR,1,person,1,person,2159201,3
DETR,1,person,1,person,2159406,3
DETR,1,person,1,person,2159640,3
DETR,1,person,1,person,2159841,3
DETR,1,person,1,person,2159927,3
DETR,1,person,1,person,2160566,3
DETR,1,person,1,person,2160741,3
DETR,1,person,1,person,2160761,3
DETR,1,person,1,person,2160803,3
DETR,1,person,1,person,2160893,3
DETR,1,person,1,person,2161162,3
DETR,1,person,1,person,2161289,2
DETR,1,person,1,person,2161334,3
DETR,1,person,1,person,2161700,3
DETR,1,person,1,person,2161826,3
DETR,1,person,1,person,2161843,3
DETR,1,person,1,person,2162103,3
DETR,1,person,1,person,2162322,3
DETR,1,person,1,person,2162553,3
DETR,1,person,1,person,2162637,2
DETR,1,person,1,person,2162783,2
DETR,1,person,1,person,2162902,2
DETR,1,person,1,person,2163956,3
DETR,1,person,1,person,2164265,3
DETR,1,person,1,person,2164292,3
DETR,1,person,1,person,2164856,3
DETR,1,person,1,person,2165104,3
DETR,1,person,1,person,2165278,3
DETR,1,person,1,person,2166236,3
DETR,1,person,1,person,2166314,3
DETR,1,person,1,person,2166645,3
DETR,1,person,1,person,2166651,3
DETR,1,person,1,person,2166720,3
DETR,1,person,1,person,2167280,1
DETR,1,person,1,person,2167684,3
DETR,1,person,1,person,2167791,3
DETR,1,person,1,person,2191357,3
DETR,1,person,1,person,2198392,3
DETR,1,person,1,person,2198597,3
DETR,1,person,1,person,2198710,3
DETR,1,person,1,person,2203758,3
DETR,1,person,1,person,2203802,3
DETR,1,person,1,person,2203893,3
DETR,1,person,1,person,2204504,3
DETR,1,person,1,person,2204583,3
DETR,1,person,1,person,2204628,3
DETR,1,person,1,person,2204691,2
DETR,1,person,1,person,2204843,3
DETR,1,person,1,person,2204847,3
DETR,1,person,1,person,2204931,3
DETR,1,person,1,person,2204971,3
DETR,1,person,1,person,2205053,3
DETR,1,person,1,person,2205187,3
DETR,1,person,1,person,2205561,3
DETR,1,person,1,person,2206034,3
DETR,1,person,1,person,2206103,3
DETR,1,person,1,person,2206404,3
DETR,1,person,1,person,2206523,3
DETR,1,person,1,person,2206656,2
DETR,1,person,1,person,2206781,3
DETR,1,person,1,person,2206857,3
DETR,1,person,1,person,2206947,3
DETR,1,person,1,person,2207015,3
DETR,1,person,1,person,2207299,3
DETR,1,person,1,person,2207391,3
DETR,1,person,1,person,2207548,3
DETR,1,person,1,person,2207860,3
DETR,1,person,1,person,2228904,3
DETR,1,person,1,person,2229087,3
DETR,1,person,1,person,2229179,3
DETR,2,bicycle,2,bicycle,126005,2
DETR,2,bicycle,2,bicycle,127357,3
DETR,2,bicycle,2,bicycle,128566,2
DETR,2,bicycle,2,bicycle,1335031,1
DETR,2,bicycle,2,bicycle,2168126,3
DETR,2,bicycle,2,bicycle,2168596,3
DETR,3,car,3,car,132352,2
DETR,3,car,3,car,133130,3
DETR,3,car,3,car,133235,3
DETR,3,car,3,car,133290,3
DETR,3,car,3,car,134026,3
DETR,3,car,3,car,134796,3
DETR,3,car,3,car,135320,3
DETR,3,car,3,car,136196,3
DETR,3,car,3,car,139308,3
DETR,3,car,3,car,140821,3
DETR,3,car,3,car,141974,3
DETR,3,car,3,car,143458,3
DETR,3,car,3,car,144876,2
DETR,3,car,3,car,242854,3
DETR,3,car,3,car,243118,3
DETR,3,car,3,car,344471,3
DETR,3,car,3,car,344574,3
DETR,3,car,3,car,344837,3
DETR,3,car,3,car,345627,3
DETR,3,car,3,car,346031,3
DETR,3,car,3,car,348456,3
DETR,3,car,3,car,348758,3
DETR,3,car,3,car,349851,3
DETR,3,car,3,car,352120,3
DETR,3,car,3,car,352985,3
DETR,3,car,3,car,353258,3
DETR,3,car,3,car,353518,3
DETR,3,car,3,car,353645,3
DETR,3,car,3,car,354878,3
DETR,3,car,3,car,355192,3
DETR,3,car,3,car,355568,2
DETR,3,car,3,car,356409,2
DETR,3,car,3,car,356741,2
DETR,3,car,3,car,357841,3
DETR,3,car,3,car,357941,3
DETR,3,car,3,car,358892,3
DETR,3,car,3,car,359545,3
DETR,3,car,3,car,361077,3
DETR,3,car,3,car,1339695,3
DETR,3,car,3,car,1345868,3
DETR,3,car,3,car,1772721,3
DETR,3,car,3,car,1777418,3
DETR,3,car,3,car,1779443,3
DETR,3,car,3,car,1784502,4
DETR,4,motorcycle,4,motorcycle,148046,3
DETR,4,motorcycle,4,motorcycle,148616,2
DETR,4,motorcycle,4,motorcycle,148659,3
DETR,4,motorcycle,4,motorcycle,148880,2
DETR,4,motorcycle,4,motorcycle,149356,3
DETR,4,motorcycle,4,motorcycle,149636,3
DETR,4,motorcycle,4,motorcycle,149890,3
DETR,4,motorcycle,4,motorcycle,150049,3
DETR,4,motorcycle,4,motorcycle,150082,3
DETR,4,motorcycle,4,motorcycle,150224,3
DETR,4,motorcycle,4,motorcycle,150446,3
DETR,4,motorcycle,4,motorcycle,150679,2
DETR,4,motorcycle,4,motorcycle,150740,3
DETR,4,motorcycle,4,motorcycle,150760,3
DETR,4,motorcycle,4,motorcycle,150952,3
DETR,4,motorcycle,4,motorcycle,151032,3
DETR,4,motorcycle,4,motorcycle,151262,3
DETR,4,motorcycle,4,motorcycle,151267,2
DETR,4,motorcycle,4,motorcycle,151271,3
DETR,4,motorcycle,4,motorcycle,151273,3
DETR,4,motorcycle,4,motorcycle,151768,2
DETR,4,motorcycle,4,motorcycle,151956,3
DETR,4,motorcycle,4,motorcycle,151982,3
DETR,4,motorcycle,4,motorcycle,152036,3
DETR,4,motorcycle,4,motorcycle,152099,3
DETR,4,motorcycle,4,motorcycle,152248,3
DETR,4,motorcycle,4,motorcycle,152477,3
DETR,4,motorcycle,4,motorcycle,152497,3
DETR,4,motorcycle,4,motorcycle,153058,2
DETR,4,motorcycle,4,motorcycle,153169,3
DETR,4,motorcycle,4,motorcycle,153324,2
DETR,4,motorcycle,4,motorcycle,153342,3
DETR,4,motorcycle,4,motorcycle,154039,3
DETR,4,motorcycle,4,motorcycle,154399,3
DETR,4,motorcycle,4,motorcycle,154498,3
DETR,4,motorcycle,4,motorcycle,154789,3
DETR,4,motorcycle,4,motorcycle,154845,2
DETR,4,motorcycle,4,motorcycle,155031,2
DETR,4,motorcycle,4,motorcycle,155041,3
DETR,4,motorcycle,4,motorcycle,155317,3
DETR,4,motorcycle,4,motorcycle,155497,3
DETR,4,motorcycle,4,motorcycle,155627,3
DETR,4,motorcycle,4,motorcycle,245997,2
DETR,4,motorcycle,4,motorcycle,246331,3
DETR,4,motorcycle,4,motorcycle,246653,3
DETR,4,motorcycle,4,motorcycle,246741,3
DETR,4,motorcycle,4,motorcycle,1360362,3
DETR,4,motorcycle,4,motorcycle,1361643,2
DETR,4,motorcycle,4,motorcycle,1361787,3
DETR,4,motorcycle,4,motorcycle,1361813,3
DETR,4,motorcycle,4,motorcycle,1362140,1
DETR,4,motorcycle,4,motorcycle,1790861,2
DETR,4,motorcycle,4,motorcycle,1791012,3
DETR,4,motorcycle,4,motorcycle,1791398,2
DETR,4,motorcycle,4,motorcycle,1791872,3
DETR,4,motorcycle,4,motorcycle,1791935,3
DETR,4,motorcycle,4,motorcycle,1792191,2
DETR,4,motorcycle,4,motorcycle,1792287,3
DETR,4,motorcycle,4,motorcycle,2047834,3
DETR,5,airplane,5,airplane,156736,3
DETR,5,airplane,5,airplane,157037,3
DETR,5,airplane,5,airplane,158099,3
DETR,5,airplane,5,airplane,158797,3
DETR,5,airplane,5,airplane,159318,3
DETR,5,airplane,5,airplane,160390,3
DETR,5,airplane,5,airplane,160676,3
DETR,5,airplane,5,airplane,160832,3
DETR,5,airplane,5,airplane,161285,3
DETR,5,airplane,5,airplane,161393,3
DETR,5,airplane,5,airplane,161838,3
DETR,5,airplane,5,airplane,247400,3
DETR,5,airplane,5,airplane,267973,3
DETR,5,airplane,5,airplane,1363687,2
DETR,5,airplane,5,airplane,1793269,3
DETR,5,airplane,5,airplane,1793498,3
DETR,5,airplane,5,airplane,2171384,2
DETR,6,bus,6,bus,163157,3
DETR,6,bus,6,bus,163403,3
DETR,6,bus,6,bus,163779,3
DETR,6,bus,6,bus,163989,3
DETR,6,bus,6,bus,164266,3
DETR,6,bus,6,bus,164447,3
DETR,6,bus,6,bus,164465,3
DETR,6,bus,6,bus,164550,3
DETR,6,bus,6,bus,165120,3
DETR,6,bus,6,bus,165541,3
DETR,6,bus,6,bus,165707,3
DETR,6,bus,6,bus,165994,3
DETR,6,bus,6,bus,166323,3
DETR,6,bus,6,bus,166369,3
DETR,6,bus,6,bus,166601,3
DETR,6,bus,6,bus,166746,3
DETR,6,bus,6,bus,167161,2
DETR,6,bus,6,bus,167237,3
DETR,6,bus,6,bus,167285,3
DETR,6,bus,6,bus,168083,3
DETR,6,bus,6,bus,168719,2
DETR,6,bus,6,bus,168783,3
DETR,6,bus,6,bus,168807,3
DETR,6,bus,6,bus,168994,3
DETR,6,bus,6,bus,169307,3
DETR,6,bus,6,bus,247788,3
DETR,6,bus,6,bus,247885,3
DETR,6,bus,6,bus,248461,3
DETR,6,bus,6,bus,267967,3
DETR,6,bus,6,bus,365573,3
DETR,6,bus,6,bus,365676,3
DETR,6,bus,6,bus,365709,2
DETR,6,bus,6,bus,365719,3
DETR,6,bus,6,bus,366006,3
DETR,6,bus,6,bus,366106,3
DETR,6,bus,6,bus,366143,3
DETR,6,bus,6,bus,366173,3
DETR,6,bus,6,bus,366269,3
DETR,6,bus,6,bus,366334,3
DETR,6,bus,6,bus,366371,1
DETR,6,bus,6,bus,366428,3
DETR,6,bus,6,bus,366481,3
DETR,6,bus,6,bus,1366089,2
DETR,7,train,7,train,170873,3
DETR,7,train,7,train,170968,3
DETR,7,train,7,train,171230,4
DETR,7,train,7,train,171816,3
DETR,7,train,7,train,171936,2
DETR,7,train,7,train,172005,3
DETR,7,train,7,train,172382,3
DETR,7,train,7,train,172780,2
DETR,7,train,7,train,173203,3
DETR,7,train,7,train,173319,3
DETR,7,train,7,train,173620,3
DETR,7,train,7,train,173743,3
DETR,7,train,7,train,174047,3
DETR,7,train,7,train,174169,2
DETR,7,train,7,train,174253,3
DETR,7,train,7,train,174466,3
DETR,7,train,7,train,174528,3
DETR,7,train,7,train,174682,3
DETR,7,train,7,train,174709,3
DETR,7,train,7,train,174965,3
DETR,7,train,7,train,175108,3
DETR,7,train,7,train,175167,2
DETR,7,train,7,train,248635,3
DETR,7,train,7,train,1366974,3
DETR,7,train,7,train,1795687,3
DETR,7,train,7,train,1795692,3
DETR,7,train,7,train,2050906,3
DETR,8,truck,3,car,243118,3
DETR,8,truck,3,car,1338765,3
DETR,8,truck,8,truck,394094,3
DETR,8,truck,8,truck,394146,3
DETR,8,truck,8,truck,394540,3
DETR,8,truck,8,truck,395327,3
DETR,8,truck,8,truck,395780,3
DETR,8,truck,8,truck,396138,3
DETR,8,truck,8,truck,396217,3
DETR,8,truck,8,truck,396829,2
DETR,8,truck,8,truck,397751,3
DETR,8,truck,8,truck,398060,3
DETR,8,truck,8,truck,398117,3
DETR,8,truck,8,truck,398435,3
DETR,8,truck,8,truck,399413,3
DETR,8,truck,8,truck,399435,3
DETR,8,truck,8,truck,399470,3
DETR,8,truck,8,truck,399754,3
DETR,8,truck,8,truck,399852,3
DETR,8,truck,8,truck,401265,2
DETR,8,truck,8,truck,401531,2
DETR,8,truck,8,truck,401649,2
DETR,8,truck,8,truck,1197162,3
DETR,8,truck,8,truck,1197470,3
DETR,8,truck,8,truck,1368013,3
DETR,8,truck,8,truck,1368956,3
DETR,8,truck,8,truck,1369146,3
DETR,8,truck,8,truck,1371428,3
DETR,8,truck,8,truck,1373363,3
DETR,8,truck,8,truck,1373396,2
DETR,8,truck,8,truck,2053476,3
DETR,8,truck,8,truck,2054005,3
DETR,8,truck,8,truck,2171933,3
DETR,9,boat,9,boat,175345,2
DETR,9,boat,9,boat,176487,3
DETR,9,boat,9,boat,177229,3
DETR,9,boat,9,boat,179242,3
DETR,9,boat,9,boat,179543,3
DETR,9,boat,9,boat,180933,3
DETR,9,boat,9,boat,182254,3
DETR,9,boat,9,boat,249313,2
DETR,9,boat,9,boat,249373,1
DETR,9,boat,9,boat,249393,3
DETR,9,boat,9,boat,249593,3
DETR,9,boat,9,boat,1375044,3
DETR,9,boat,9,boat,1375356,1
DETR,9,boat,9,boat,1375728,2
DETR,9,boat,9,boat,1376977,3
DETR,9,boat,9,boat,1377212,3
DETR,9,boat,9,boat,1378385,3
DETR,9,boat,9,boat,1378849,3
DETR,9,boat,9,boat,1801443,3
DETR,9,boat,9,boat,1802379,2
DETR,9,boat,9,boat,1803477,3
DETR,9,boat,9,boat,1803962,1
DETR,10,traffic light,10,traffic light,404486,3
DETR,10,traffic light,10,traffic light,407458,3
DETR,10,traffic light,10,traffic light,409114,3
DETR,10,traffic light,10,traffic light,410507,2
DETR,10,traffic light,10,traffic light,1385462,1
DETR,10,traffic light,10,traffic light,1385828,3
DETR,10,traffic light,10,traffic light,1805380,3
DETR,11,fire hydrant,11,fire hydrant,416443,3
DETR,11,fire hydrant,11,fire hydrant,418083,3
DETR,14,parking meter,14,parking meter,418175,3
DETR,14,parking meter,14,parking meter,418237,3
DETR,14,parking meter,14,parking meter,418565,3
DETR,14,parking meter,14,parking meter,418586,3
DETR,14,parking meter,14,parking meter,418847,2
DETR,14,parking meter,14,parking meter,418903,3
DETR,14,parking meter,14,parking meter,418929,3
DETR,14,parking meter,14,parking meter,419015,3
DETR,14,parking meter,14,parking meter,419067,1
DETR,14,parking meter,14,parking meter,419214,3
DETR,14,parking meter,14,parking meter,419282,1
DETR,14,parking meter,14,parking meter,419298,3
DETR,14,parking meter,14,parking meter,419367,3
DETR,14,parking meter,14,parking meter,419453,3
DETR,14,parking meter,14,parking meter,419513,3
DETR,14,parking meter,14,parking meter,419553,3
DETR,14,parking meter,14,parking meter,1389475,3
DETR,14,parking meter,14,parking meter,1389761,3
DETR,14,parking meter,14,parking meter,1390269,3
DETR,14,parking meter,14,parking meter,2060896,3
DETR,15,bench,15,bench,573111,3
DETR,15,bench,15,bench,573163,3
DETR,15,bench,15,bench,573794,1
DETR,15,bench,15,bench,573943,2
DETR,15,bench,15,bench,574236,3
DETR,15,bench,15,bench,576314,2
DETR,15,bench,15,bench,577501,2
DETR,15,bench,15,bench,1391053,3
DETR,15,bench,15,bench,1392487,3
DETR,16,bird,16,bird,36422,3
DETR,16,bird,16,bird,36645,2
DETR,16,bird,16,bird,37173,3
DETR,16,bird,16,bird,37834,3
DETR,16,bird,16,bird,38030,3
DETR,16,bird,16,bird,38371,3
DETR,16,bird,16,bird,38578,3
DETR,16,bird,16,bird,38630,3
DETR,16,bird,16,bird,39140,3
DETR,16,bird,16,bird,39457,3
DETR,16,bird,16,bird,39608,3
DETR,16,bird,16,bird,39939,3
DETR,16,bird,16,bird,39960,3
DETR,16,bird,16,bird,39999,3
DETR,16,bird,16,bird,40200,3
DETR,16,bird,16,bird,40253,3
DETR,16,bird,16,bird,40361,3
DETR,16,bird,16,bird,40745,3
DETR,16,bird,16,bird,41575,3
DETR,16,bird,16,bird,41736,2
DETR,16,bird,16,bird,42019,3
DETR,16,bird,16,bird,42331,2
DETR,16,bird,16,bird,42719,2
DETR,16,bird,16,bird,43695,3
DETR,16,bird,16,bird,43947,3
DETR,16,bird,16,bird,44917,3
DETR,16,bird,16,bird,272846,3
DETR,16,bird,16,bird,1814195,2
DETR,16,bird,16,bird,1815161,3
DETR,17,cat,17,cat,46924,3
DETR,17,cat,17,cat,46996,3
DETR,17,cat,17,cat,47683,4
DETR,17,cat,17,cat,47886,3
DETR,17,cat,17,cat,48240,3
DETR,17,cat,17,cat,48687,3
DETR,17,cat,17,cat,48697,3
DETR,17,cat,17,cat,48704,3
DETR,17,cat,17,cat,48857,3
DETR,17,cat,17,cat,48882,3
DETR,17,cat,17,cat,48934,3
DETR,17,cat,17,cat,49499,3
DETR,17,cat,17,cat,49882,2
DETR,17,cat,17,cat,50718,3
DETR,17,cat,17,cat,50754,3
DETR,17,cat,17,cat,51086,3
DETR,17,cat,17,cat,51172,3
DETR,17,cat,17,cat,51266,3
DETR,17,cat,17,cat,51371,3
DETR,17,cat,17,cat,51661,3
DETR,17,cat,17,cat,51666,3
DETR,17,cat,17,cat,51748,3
DETR,17,cat,17,cat,51833,3
DETR,17,cat,17,cat,51876,3
DETR,17,cat,17,cat,51949,3
DETR,17,cat,17,cat,52039,3
DETR,17,cat,17,cat,52077,3
DETR,17,cat,17,cat,52112,3
DETR,17,cat,17,cat,52136,2
DETR,17,cat,17,cat,52189,3
DETR,17,cat,17,cat,52888,3
DETR,17,cat,17,cat,53293,3
DETR,17,cat,17,cat,273509,3
DETR,17,cat,17,cat,1402085,3
DETR,17,cat,17,cat,1402086,3
DETR,17,cat,17,cat,1402218,3
DETR,17,cat,17,cat,1402472,3
DETR,17,cat,17,cat,1816289,3
DETR,17,cat,17,cat,1816504,3
DETR,17,cat,17,cat,2210141,3
DETR,18,dog,18,dog,6277,3
DETR,18,dog,18,dog,7250,3
DETR,18,dog,18,dog,9768,3
DETR,18,dog,18,dog,10298,3
DETR,18,dog,18,dog,10730,3
DETR,18,dog,18,dog,11630,3
DETR,18,dog,18,dog,12489,3
DETR,18,dog,18,dog,12721,3
DETR,18,dog,18,dog,13538,3
DETR,18,dog,18,dog,13854,3
DETR,18,dog,18,dog,14089,3
DETR,18,dog,18,dog,15580,3
DETR,18,dog,18,dog,15680,3
DETR,18,dog,18,dog,15810,3
DETR,18,dog,18,dog,16319,3
DETR,18,dog,18,dog,16442,4
DETR,18,dog,18,dog,16530,3
DETR,18,dog,18,dog,16537,3
DETR,18,dog,18,dog,16735,3
DETR,18,dog,18,dog,16925,3
DETR,18,dog,18,dog,16996,3
DETR,18,dog,18,dog,17196,3
DETR,18,dog,18,dog,17252,3
DETR,18,dog,18,dog,17321,3
DETR,18,dog,18,dog,1817357,3
DETR,19,horse,19,horse,53644,3
DETR,19,horse,19,horse,53927,3
DETR,19,horse,19,horse,53973,3
DETR,19,horse,19,horse,54187,3
DETR,19,horse,19,horse,54381,3
DETR,19,horse,19,horse,54523,3
DETR,19,horse,19,horse,54873,3
DETR,19,horse,19,horse,55004,3
DETR,19,horse,19,horse,55440,3
DETR,19,horse,19,horse,55469,3
DETR,19,horse,19,horse,55478,3
DETR,19,horse,19,horse,56074,3
DETR,19,horse,19,horse,56079,3
DETR,19,horse,19,horse,56308,3
DETR,19,horse,19,horse,56416,3
DETR,19,horse,19,horse,56429,3
DETR,19,horse,19,horse,56491,3
DETR,19,horse,19,horse,56505,2
DETR,19,horse,19,horse,56712,3
DETR,19,horse,19,horse,56721,3
DETR,19,horse,19,horse,56788,3
DETR,19,horse,19,horse,56885,3
DETR,19,horse,19,horse,56985,3
DETR,19,horse,19,horse,57173,3
DETR,19,horse,19,horse,57183,3
DETR,19,horse,19,horse,57239,3
DETR,19,horse,19,horse,57287,3
DETR,19,horse,19,horse,57406,2
DETR,19,horse,19,horse,57431,3
DETR,19,horse,19,horse,57546,3
DETR,19,horse,19,horse,57663,2
DETR,19,horse,19,horse,58131,2
DETR,19,horse,19,horse,58355,3
DETR,19,horse,19,horse,59286,3
DETR,19,horse,19,horse,59326,3
DETR,19,horse,19,horse,59370,3
DETR,19,horse,19,horse,59547,3
DETR,19,horse,19,horse,59789,2
DETR,19,horse,19,horse,273670,3
DETR,19,horse,19,horse,273911,3
DETR,19,horse,19,horse,274359,3
DETR,19,horse,19,horse,274465,3
DETR,19,horse,19,horse,274598,3
DETR,19,horse,19,horse,368701,2
DETR,19,horse,19,horse,1404410,2
DETR,19,horse,19,horse,2191497,3
DETR,20,sheep,20,sheep,61080,3
DETR,20,sheep,20,sheep,61212,3
DETR,20,sheep,20,sheep,61225,3
DETR,20,sheep,20,sheep,61249,3
DETR,20,sheep,20,sheep,61365,3
DETR,20,sheep,20,sheep,61467,3
DETR,20,sheep,20,sheep,61589,2
DETR,20,sheep,20,sheep,61748,3
DETR,20,sheep,20,sheep,61846,3
DETR,20,sheep,20,sheep,62102,2
DETR,20,sheep,20,sheep,62406,3
DETR,20,sheep,20,sheep,62512,3
DETR,20,sheep,20,sheep,62657,3
DETR,20,sheep,20,sheep,62709,3
DETR,20,sheep,20,sheep,62713,3
DETR,20,sheep,20,sheep,63218,3
DETR,20,sheep,20,sheep,63324,3
DETR,20,sheep,20,sheep,63731,1
DETR,20,sheep,20,sheep,63814,3
DETR,20,sheep,20,sheep,63910,3
DETR,20,sheep,20,sheep,63912,3
DETR,20,sheep,20,sheep,64139,3
DETR,20,sheep,20,sheep,64221,3
DETR,20,sheep,20,sheep,64321,3
DETR,20,sheep,20,sheep,64745,3
DETR,20,sheep,20,sheep,64774,3
DETR,20,sheep,20,sheep,64827,3
DETR,20,sheep,20,sheep,64842,3
DETR,20,sheep,20,sheep,64857,2
DETR,20,sheep,20,sheep,64968,3
DETR,20,sheep,20,sheep,65135,3
DETR,20,sheep,20,sheep,65300,3
DETR,20,sheep,20,sheep,65309,1
DETR,20,sheep,20,sheep,65473,3
DETR,20,sheep,20,sheep,65593,2
DETR,20,sheep,20,sheep,65712,3
DETR,20,sheep,20,sheep,65848,3
DETR,20,sheep,20,sheep,65925,3
DETR,20,sheep,20,sheep,66219,3
DETR,20,sheep,20,sheep,66436,3
DETR,20,sheep,20,sheep,66443,3
DETR,20,sheep,20,sheep,66531,3
DETR,20,sheep,20,sheep,66605,2
DETR,20,sheep,20,sheep,66682,3
DETR,20,sheep,20,sheep,66709,4
DETR,20,sheep,20,sheep,66986,3
DETR,20,sheep,20,sheep,67073,1
DETR,20,sheep,20,sheep,67088,2
DETR,20,sheep,20,sheep,67105,3
DETR,20,sheep,20,sheep,67702,3
DETR,20,sheep,20,sheep,68437,3
DETR,20,sheep,20,sheep,275656,2
DETR,20,sheep,20,sheep,275828,1
DETR,20,sheep,20,sheep,276268,3
DETR,20,sheep,20,sheep,1405540,3
DETR,20,sheep,20,sheep,1817979,3
DETR,20,sheep,20,sheep,1818381,2
DETR,21,cow,20,sheep,64780,3
DETR,21,cow,20,sheep,1817734,3
DETR,21,cow,21,cow,70310,3
DETR,21,cow,21,cow,70678,3
DETR,21,cow,21,cow,70822,3
DETR,21,cow,21,cow,70892,3
DETR,21,cow,21,cow,71020,3
DETR,21,cow,21,cow,71033,3
DETR,21,cow,21,cow,71545,3
DETR,21,cow,21,cow,71758,3
DETR,21,cow,21,cow,71797,3
DETR,21,cow,21,cow,71958,3
DETR,21,cow,21,cow,72130,3
DETR,21,cow,21,cow,72323,3
DETR,21,cow,21,cow,72489,3
DETR,21,cow,21,cow,72553,3
DETR,21,cow,21,cow,72812,3
DETR,21,cow,21,cow,72846,2
DETR,21,cow,21,cow,72895,3
DETR,21,cow,21,cow,73298,3
DETR,21,cow,21,cow,73306,3
DETR,21,cow,21,cow,73364,3
DETR,21,cow,21,cow,73671,2
DETR,21,cow,21,cow,73888,3
DETR,21,cow,21,cow,73971,3
DETR,21,cow,21,cow,74077,2
DETR,21,cow,21,cow,74088,3
DETR,21,cow,21,cow,74624,3
DETR,21,cow,21,cow,74670,3
DETR,21,cow,21,cow,74856,3
DETR,21,cow,21,cow,75151,3
DETR,21,cow,21,cow,75202,3
DETR,21,cow,21,cow,75256,2
DETR,21,cow,21,cow,76073,2
DETR,21,cow,21,cow,76829,3
DETR,21,cow,21,cow,76922,3
DETR,21,cow,21,cow,77040,3
DETR,21,cow,21,cow,278001,1
DETR,21,cow,21,cow,278470,3
DETR,21,cow,21,cow,278520,2
DETR,21,cow,21,cow,369730,2
DETR,21,cow,21,cow,369806,3
DETR,21,cow,21,cow,369894,2
DETR,21,cow,21,cow,369942,2
DETR,21,cow,21,cow,370113,2
DETR,21,cow,21,cow,1407594,3
DETR,21,cow,21,cow,1407715,3
DETR,21,cow,21,cow,1820214,3
DETR,22,elephant,22,elephant,580137,3
DETR,22,elephant,22,elephant,580524,3
DETR,22,elephant,22,elephant,580599,3
DETR,22,elephant,22,elephant,580841,3
DETR,22,elephant,22,elephant,580854,3
DETR,22,elephant,22,elephant,580960,3
DETR,22,elephant,22,elephant,581061,3
DETR,22,elephant,22,elephant,581118,3
DETR,22,elephant,22,elephant,581190,3
DETR,22,elephant,22,elephant,581273,3
DETR,22,elephant,22,elephant,581421,3
DETR,22,elephant,22,elephant,581570,3
DETR,22,elephant,22,elephant,581671,3
DETR,22,elephant,22,elephant,581727,3
DETR,22,elephant,22,elephant,581807,3
DETR,22,elephant,22,elephant,581826,3
DETR,22,elephant,22,elephant,581863,3
DETR,22,elephant,22,elephant,581919,3
DETR,22,elephant,22,elephant,582269,2
DETR,22,elephant,22,elephant,582271,3
DETR,22,elephant,22,elephant,582421,3
DETR,22,elephant,22,elephant,582489,3
DETR,22,elephant,22,elephant,582545,3
DETR,22,elephant,22,elephant,582597,3
DETR,22,elephant,22,elephant,582877,3
DETR,22,elephant,22,elephant,582886,2
DETR,22,elephant,22,elephant,583088,3
DETR,22,elephant,22,elephant,583095,3
DETR,22,elephant,22,elephant,583138,3
DETR,22,elephant,22,elephant,583172,3
DETR,22,elephant,22,elephant,583211,3
DETR,22,elephant,22,elephant,583279,3
DETR,22,elephant,22,elephant,583334,3
DETR,22,elephant,22,elephant,583362,3
DETR,22,elephant,22,elephant,583467,3
DETR,22,elephant,22,elephant,583477,3
DETR,22,elephant,22,elephant,583479,3
DETR,22,elephant,22,elephant,583547,1
DETR,22,elephant,22,elephant,583586,3
DETR,22,elephant,22,elephant,583857,3
DETR,22,elephant,22,elephant,583948,2
DETR,22,elephant,22,elephant,583954,3
DETR,22,elephant,22,elephant,584117,3
DETR,22,elephant,22,elephant,584131,3
DETR,22,elephant,22,elephant,584160,2
DETR,22,elephant,22,elephant,584442,3
DETR,22,elephant,22,elephant,584732,3
DETR,22,elephant,22,elephant,584916,2
DETR,22,elephant,22,elephant,584964,2
DETR,22,elephant,22,elephant,584976,2
DETR,22,elephant,22,elephant,585447,3
DETR,22,elephant,22,elephant,585468,3
DETR,22,elephant,22,elephant,585493,2
DETR,22,elephant,22,elephant,585727,2
DETR,22,elephant,22,elephant,1409443,3
DETR,22,elephant,22,elephant,1409556,3
DETR,22,elephant,22,elephant,1410090,3
DETR,22,elephant,22,elephant,1410110,3
DETR,22,elephant,22,elephant,1410211,2
DETR,22,elephant,22,elephant,1410334,2
DETR,22,elephant,22,elephant,1821236,2
DETR,22,elephant,22,elephant,1821278,2
DETR,22,elephant,22,elephant,2175072,3
DETR,23,bear,23,bear,586064,3
DETR,23,bear,23,bear,586397,3
DETR,23,bear,23,bear,586499,3
DETR,23,bear,23,bear,586522,3
DETR,23,bear,23,bear,586560,3
DETR,23,bear,23,bear,587031,3
DETR,23,bear,23,bear,587102,3
DETR,23,bear,23,bear,587118,3
DETR,23,bear,23,bear,587179,3
DETR,23,bear,23,bear,587390,3
DETR,23,bear,23,bear,587438,3
DETR,23,bear,23,bear,587505,3
DETR,23,bear,23,bear,587543,3
DETR,23,bear,23,bear,587567,3
DETR,23,bear,23,bear,587713,3
DETR,23,bear,23,bear,587795,3
DETR,23,bear,23,bear,587824,2
DETR,23,bear,23,bear,587961,3
DETR,23,bear,23,bear,587986,3
DETR,23,bear,23,bear,588061,2
DETR,23,bear,23,bear,2210352,3
DETR,23,bear,23,bear,2210474,3
DETR,24,zebra,24,zebra,588168,3
DETR,24,zebra,24,zebra,588472,3
DETR,24,zebra,24,zebra,588533,3
DETR,24,zebra,24,zebra,588628,3
DETR,24,zebra,24,zebra,588651,3
DETR,24,zebra,24,zebra,589143,3
DETR,24,zebra,24,zebra,589319,3
DETR,24,zebra,24,zebra,589326,3
DETR,24,zebra,24,zebra,589780,2
DETR,24,zebra,24,zebra,590369,3
DETR,24,zebra,24,zebra,590410,3
DETR,24,zebra,24,zebra,590456,3
DETR,24,zebra,24,zebra,590560,3
DETR,24,zebra,24,zebra,590623,3
DETR,24,zebra,24,zebra,590642,3
DETR,24,zebra,24,zebra,590645,2
DETR,24,zebra,24,zebra,590738,3
DETR,24,zebra,24,zebra,590797,3
DETR,24,zebra,24,zebra,591041,3
DETR,24,zebra,24,zebra,591075,3
DETR,24,zebra,24,zebra,591076,3
DETR,24,zebra,24,zebra,591091,3
DETR,24,zebra,24,zebra,591161,3
DETR,24,zebra,24,zebra,591306,3
DETR,24,zebra,24,zebra,591583,2
DETR,24,zebra,24,zebra,591697,3
DETR,24,zebra,24,zebra,591871,3
DETR,24,zebra,24,zebra,592290,3
DETR,24,zebra,24,zebra,592744,3
DETR,24,zebra,24,zebra,593090,3
DETR,24,zebra,24,zebra,593104,3
DETR,24,zebra,24,zebra,593244,3
DETR,24,zebra,24,zebra,593306,3
DETR,24,zebra,24,zebra,593325,2
DETR,24,zebra,24,zebra,593713,3
DETR,24,zebra,24,zebra,593793,3
DETR,24,zebra,24,zebra,594124,3
DETR,24,zebra,24,zebra,594433,3
DETR,24,zebra,24,zebra,1411948,3
DETR,24,zebra,24,zebra,1412017,3
DETR,24,zebra,24,zebra,1412280,3
DETR,24,zebra,24,zebra,1412405,3
DETR,24,zebra,24,zebra,1412993,3
DETR,24,zebra,24,zebra,1413038,3
DETR,24,zebra,24,zebra,1822192,3
DETR,24,zebra,24,zebra,1822262,2
DETR,24,zebra,24,zebra,1822898,3
DETR,24,zebra,24,zebra,1822988,1
DETR,24,zebra,24,zebra,1823041,1
DETR,24,zebra,24,zebra,2175344,3
DETR,25,giraffe,25,giraffe,594597,3
DETR,25,giraffe,25,giraffe,594638,3
DETR,25,giraffe,25,giraffe,594664,3
DETR,25,giraffe,25,giraffe,594711,3
DETR,25,giraffe,25,giraffe,594719,3
DETR,25,giraffe,25,giraffe,594892,3
DETR,25,giraffe,25,giraffe,594949,3
DETR,25,giraffe,25,giraffe,595130,2
DETR,25,giraffe,25,giraffe,595182,3
DETR,25,giraffe,25,giraffe,595215,3
DETR,25,giraffe,25,giraffe,595218,3
DETR,25,giraffe,25,giraffe,595257,3
DETR,25,giraffe,25,giraffe,595288,3
DETR,25,giraffe,25,giraffe,595384,3
DETR,25,giraffe,25,giraffe,595577,3
DETR,25,giraffe,25,giraffe,595642,3
DETR,25,giraffe,25,giraffe,595656,3
DETR,25,giraffe,25,giraffe,595738,3
DETR,25,giraffe,25,giraffe,595839,3
DETR,25,giraffe,25,giraffe,595933,3
DETR,25,giraffe,25,giraffe,596039,3
DETR,25,giraffe,25,giraffe,596072,3
DETR,25,giraffe,25,giraffe,596250,3
DETR,25,giraffe,25,giraffe,596275,3
DETR,25,giraffe,25,giraffe,596319,1
DETR,25,giraffe,25,giraffe,596439,3
DETR,25,giraffe,25,giraffe,596452,3
DETR,25,giraffe,25,giraffe,597085,3
DETR,25,giraffe,25,giraffe,597086,3
DETR,25,giraffe,25,giraffe,597262,3
DETR,25,giraffe,25,giraffe,597445,3
DETR,25,giraffe,25,giraffe,597575,3
DETR,25,giraffe,25,giraffe,597609,3
DETR,25,giraffe,25,giraffe,597759,3
DETR,25,giraffe,25,giraffe,597844,3
DETR,25,giraffe,25,giraffe,598009,3
DETR,25,giraffe,25,giraffe,598281,3
DETR,25,giraffe,25,giraffe,598313,3
DETR,25,giraffe,25,giraffe,598321,4
DETR,25,giraffe,25,giraffe,598334,3
DETR,25,giraffe,25,giraffe,598356,3
DETR,25,giraffe,25,giraffe,598581,3
DETR,25,giraffe,25,giraffe,598622,3
DETR,25,giraffe,25,giraffe,598784,3
DETR,25,giraffe,25,giraffe,598843,3
DETR,25,giraffe,25,giraffe,598886,3
DETR,25,giraffe,25,giraffe,599310,3
DETR,25,giraffe,25,giraffe,599414,3
DETR,25,giraffe,25,giraffe,599512,2
DETR,25,giraffe,25,giraffe,599557,3
DETR,25,giraffe,25,giraffe,599682,3
DETR,25,giraffe,25,giraffe,599729,3
DETR,25,giraffe,25,giraffe,599884,3
DETR,25,giraffe,25,giraffe,599947,3
DETR,25,giraffe,25,giraffe,600157,3
DETR,25,giraffe,25,giraffe,600186,3
DETR,25,giraffe,25,giraffe,600196,3
DETR,25,giraffe,25,giraffe,600203,3
DETR,25,giraffe,25,giraffe,600529,3
DETR,25,giraffe,25,giraffe,600789,3
DETR,25,giraffe,25,giraffe,600871,3
DETR,25,giraffe,25,giraffe,601111,4
DETR,25,giraffe,25,giraffe,601162,1
DETR,25,giraffe,25,giraffe,601318,3
DETR,25,giraffe,25,giraffe,601322,3
DETR,25,giraffe,25,giraffe,601380,3
DETR,25,giraffe,25,giraffe,601566,3
DETR,25,giraffe,25,giraffe,601586,3
DETR,25,giraffe,25,giraffe,1413711,3
DETR,25,giraffe,25,giraffe,1413724,3
DETR,25,giraffe,25,giraffe,1414163,3
DETR,25,giraffe,25,giraffe,1414651,3
DETR,25,giraffe,25,giraffe,1823321,3
DETR,25,giraffe,25,giraffe,1823544,2
DETR,25,giraffe,25,giraffe,1823713,2
DETR,25,giraffe,25,giraffe,1823728,3
DETR,25,giraffe,25,giraffe,1823731,3
DETR,27,backpack,27,backpack,1171640,3
DETR,27,backpack,27,backpack,1417683,2
DETR,27,backpack,27,backpack,2072352,3
DETR,27,backpack,31,handbag,1174553,2
DETR,28,umbrella,28,umbrella,280490,3
DETR,28,umbrella,28,umbrella,280832,3
DETR,28,umbrella,28,umbrella,281095,3
DETR,28,umbrella,28,umbrella,281760,3
DETR,28,umbrella,28,umbrella,281983,3
DETR,28,umbrella,28,umbrella,282143,3
DETR,28,umbrella,28,umbrella,283245,3
DETR,28,umbrella,28,umbrella,284556,3
DETR,28,umbrella,28,umbrella,284676,3
DETR,28,umbrella,28,umbrella,284925,3
DETR,28,umbrella,28,umbrella,285445,3
DETR,28,umbrella,28,umbrella,285987,3
DETR,28,umbrella,28,umbrella,286229,3
DETR,28,umbrella,28,umbrella,286935,3
DETR,28,umbrella,28,umbrella,287519,3
DETR,28,umbrella,28,umbrella,1424756,2
DETR,28,umbrella,28,umbrella,1425546,3
DETR,28,umbrella,28,umbrella,1426268,3
DETR,28,umbrella,28,umbrella,1426588,3
DETR,28,umbrella,28,umbrella,1427131,3
DETR,28,umbrella,28,umbrella,1427260,1
DETR,28,umbrella,28,umbrella,1427364,3
DETR,28,umbrella,28,umbrella,1427491,3
DETR,28,umbrella,28,umbrella,1428722,1
DETR,28,umbrella,28,umbrella,2074485,3
DETR,31,handbag,31,handbag,1833785,3
DETR,31,handbag,31,handbag,2077932,3
DETR,31,handbag,31,handbag,2078312,3
DETR,32,tie,32,tie,296150,3
DETR,32,tie,32,tie,298437,3
DETR,32,tie,32,tie,298741,3
DETR,32,tie,32,tie,298954,2
DETR,32,tie,32,tie,1442290,3
DETR,32,tie,32,tie,1442904,3
DETR,32,tie,32,tie,1840310,3
DETR,33,suitcase,33,suitcase,1182845,3
DETR,33,suitcase,33,suitcase,1182983,2
DETR,33,suitcase,33,suitcase,1183179,3
DETR,33,suitcase,33,suitcase,1183269,3
DETR,33,suitcase,33,suitcase,1183479,3
DETR,33,suitcase,33,suitcase,1183723,3
DETR,33,suitcase,33,suitcase,1183958,2
DETR,33,suitcase,33,suitcase,1184009,3
DETR,33,suitcase,33,suitcase,1184014,3
DETR,33,suitcase,33,suitcase,1184087,3
DETR,33,suitcase,33,suitcase,1184121,2
DETR,33,suitcase,33,suitcase,1184124,3
DETR,33,suitcase,33,suitcase,1184413,3
DETR,33,suitcase,33,suitcase,1184552,3
DETR,33,suitcase,33,suitcase,1184638,3
DETR,33,suitcase,33,suitcase,1184746,3
DETR,33,suitcase,33,suitcase,1184759,3
DETR,33,suitcase,33,suitcase,1185133,2
DETR,33,suitcase,33,suitcase,1185957,3
DETR,33,suitcase,33,suitcase,1186316,2
DETR,33,suitcase,33,suitcase,1186391,3
DETR,33,suitcase,33,suitcase,1186400,2
DETR,33,suitcase,33,suitcase,1186413,3
DETR,33,suitcase,33,suitcase,1186487,3
DETR,33,suitcase,33,suitcase,1186564,3
DETR,33,suitcase,33,suitcase,1186643,3
DETR,33,suitcase,33,suitcase,1186784,2
DETR,33,suitcase,33,suitcase,1186839,3
DETR,33,suitcase,33,suitcase,1186880,3
DETR,33,suitcase,33,suitcase,1187196,3
DETR,33,suitcase,33,suitcase,1187291,3
DETR,33,suitcase,33,suitcase,1187358,3
DETR,33,suitcase,33,suitcase,1187428,2
DETR,33,suitcase,33,suitcase,1187533,3
DETR,33,suitcase,33,suitcase,1187623,3
DETR,33,suitcase,33,suitcase,1187665,3
DETR,33,suitcase,33,suitcase,1187733,3
DETR,33,suitcase,33,suitcase,1187761,3
DETR,33,suitcase,33,suitcase,1187952,2
DETR,33,suitcase,33,suitcase,1187958,3
DETR,33,suitcase,33,suitcase,1187979,3
DETR,33,suitcase,33,suitcase,1444245,3
DETR,33,suitcase,33,suitcase,1444634,3
DETR,33,suitcase,33,suitcase,1444754,1
DETR,33,suitcase,33,suitcase,1445695,3
DETR,33,suitcase,33,suitcase,1445743,3
DETR,33,suitcase,33,suitcase,1446700,3
DETR,33,suitcase,33,suitcase,1446889,3
DETR,33,suitcase,33,suitcase,1446993,1
DETR,33,suitcase,33,suitcase,1841931,1
DETR,33,suitcase,33,suitcase,1842075,3
DETR,33,suitcase,33,suitcase,1842304,3
DETR,33,suitcase,33,suitcase,1842329,3
DETR,33,suitcase,33,suitcase,1842623,2
DETR,33,suitcase,33,suitcase,2080923,3
DETR,33,suitcase,33,suitcase,2081466,3
DETR,36,snowboard,36,snowboard,615958,3
DETR,36,snowboard,36,snowboard,617952,3
DETR,36,snowboard,36,snowboard,620612,2
DETR,36,snowboard,36,snowboard,620639,2
DETR,36,snowboard,36,snowboard,620789,3
DETR,36,snowboard,36,snowboard,620870,3
DETR,38,kite,38,kite,623960,2
DETR,38,kite,38,kite,624397,3
DETR,38,kite,38,kite,624574,3
DETR,38,kite,38,kite,1465870,1
DETR,38,kite,38,kite,1856611,2
DETR,40,baseball glove,40,baseball glove,635994,3
DETR,42,surfboard,42,surfboard,647898,3
DETR,42,surfboard,42,surfboard,648591,3
DETR,42,surfboard,42,surfboard,651102,3
DETR,42,surfboard,42,surfboard,1862563,3
DETR,43,tennis racket,43,tennis racket,655825,3
DETR,43,tennis racket,43,tennis racket,656287,2
DETR,43,tennis racket,43,tennis racket,658749,3
DETR,43,tennis racket,43,tennis racket,660173,3
DETR,44,bottle,44,bottle,78618,3
DETR,44,bottle,44,bottle,79247,4
DETR,44,bottle,44,bottle,79359,3
DETR,44,bottle,44,bottle,84923,3
DETR,44,bottle,44,bottle,87176,2
DETR,44,bottle,44,bottle,87534,3
DETR,44,bottle,44,bottle,87597,1
DETR,44,bottle,44,bottle,87697,2
DETR,44,bottle,44,bottle,88799,3
DETR,44,bottle,44,bottle,88875,3
DETR,44,bottle,44,bottle,89480,2
DETR,44,bottle,44,bottle,89502,3
DETR,44,bottle,44,bottle,90804,1
DETR,44,bottle,44,bottle,91780,3
DETR,44,bottle,44,bottle,91815,2
DETR,44,bottle,44,bottle,92954,3
DETR,44,bottle,44,bottle,94323,2
DETR,44,bottle,44,bottle,95243,3
DETR,44,bottle,44,bottle,370345,2
DETR,44,bottle,44,bottle,370789,3
DETR,44,bottle,44,bottle,370881,3
DETR,44,bottle,44,bottle,371376,3
DETR,44,bottle,44,bottle,371832,3
DETR,44,bottle,44,bottle,371973,2
DETR,44,bottle,44,bottle,1484082,3
DETR,44,bottle,44,bottle,1485124,3
DETR,44,bottle,44,bottle,1485514,1
DETR,44,bottle,44,bottle,1490853,2
DETR,44,bottle,44,bottle,1491023,2
DETR,44,bottle,44,bottle,1491433,2
DETR,44,bottle,44,bottle,1493095,1
DETR,44,bottle,44,bottle,1494124,2
DETR,44,bottle,44,bottle,1867158,2
DETR,44,bottle,44,bottle,1867229,2
DETR,44,bottle,44,bottle,1867380,2
DETR,44,bottle,44,bottle,1870014,2
DETR,44,bottle,44,bottle,1870880,3
DETR,44,bottle,44,bottle,1871102,2
DETR,44,bottle,44,bottle,1871286,3
DETR,44,bottle,44,bottle,1872895,1
DETR,44,bottle,44,bottle,2093241,3
DETR,44,bottle,44,bottle,2096586,3
DETR,46,wine glass,46,wine glass,662063,3
DETR,46,wine glass,46,wine glass,663915,3
DETR,46,wine glass,46,wine glass,664453,3
DETR,46,wine glass,46,wine glass,666957,3
DETR,46,wine glass,46,wine glass,667386,3
DETR,46,wine glass,46,wine glass,667781,3
DETR,46,wine glass,46,wine glass,1496686,1
DETR,46,wine glass,46,wine glass,1497057,3
DETR,46,wine glass,46,wine glass,1497786,1
DETR,46,wine glass,46,wine glass,1498128,2
DETR,46,wine glass,46,wine glass,1498960,2
DETR,46,wine glass,46,wine glass,1500360,1
DETR,46,wine glass,46,wine glass,1874931,3
DETR,46,wine glass,46,wine glass,1875649,3
DETR,47,cup,47,cup,668869,2
DETR,47,cup,47,cup,668932,3
DETR,47,cup,47,cup,669388,3
DETR,47,cup,47,cup,669961,3
DETR,47,cup,47,cup,670466,3
DETR,47,cup,47,cup,671832,3
DETR,47,cup,47,cup,673295,2
DETR,47,cup,47,cup,673819,3
DETR,47,cup,47,cup,675201,3
DETR,47,cup,47,cup,675273,3
DETR,47,cup,47,cup,675723,3
DETR,47,cup,47,cup,675850,3
DETR,47,cup,47,cup,676341,3
DETR,47,cup,47,cup,677195,3
DETR,47,cup,47,cup,677585,2
DETR,47,cup,47,cup,677879,3
DETR,47,cup,47,cup,679238,3
DETR,47,cup,47,cup,679290,1
DETR,47,cup,47,cup,679334,3
DETR,47,cup,47,cup,680596,3
DETR,47,cup,47,cup,680703,3
DETR,47,cup,47,cup,680871,3
DETR,47,cup,47,cup,681869,3
DETR,47,cup,47,cup,683423,3
DETR,47,cup,47,cup,683530,3
DETR,47,cup,47,cup,683534,3
DETR,47,cup,47,cup,683661,3
DETR,47,cup,47,cup,684101,3
DETR,47,cup,47,cup,1513172,3
DETR,47,cup,47,cup,1513592,2
DETR,47,cup,47,cup,1884179,3
DETR,47,cup,47,cup,2099621,3
DETR,47,cup,47,cup,2215191,3
DETR,47,cup,51,bowl,1535661,3
DETR,51,bowl,47,cup,1504889,3
DETR,51,bowl,47,cup,1878364,3
DETR,51,bowl,51,bowl,709723,3
DETR,51,bowl,51,bowl,709932,1
DETR,51,bowl,51,bowl,710022,3
DETR,51,bowl,51,bowl,710146,3
DETR,51,bowl,51,bowl,711002,3
DETR,51,bowl,51,bowl,711646,3
DETR,51,bowl,51,bowl,711731,3
DETR,51,bowl,51,bowl,711838,4
DETR,51,bowl,51,bowl,711879,3
DETR,51,bowl,51,bowl,713194,3
DETR,51,bowl,51,bowl,713506,3
DETR,51,bowl,51,bowl,714523,3
DETR,51,bowl,51,bowl,715286,3
DETR,51,bowl,51,bowl,715981,3
DETR,51,bowl,51,bowl,716515,3
DETR,51,bowl,51,bowl,717416,3
DETR,51,bowl,51,bowl,718283,3
DETR,51,bowl,51,bowl,718525,3
DETR,51,bowl,51,bowl,1037915,3
DETR,51,bowl,51,bowl,1038146,3
DETR,51,bowl,51,bowl,1038240,2
DETR,51,bowl,51,bowl,1038249,3
DETR,51,bowl,51,bowl,1038341,3
DETR,51,bowl,51,bowl,1039232,3
DETR,51,bowl,51,bowl,1039353,3
DETR,51,bowl,51,bowl,1039374,3
DETR,51,bowl,51,bowl,1039653,3
DETR,51,bowl,51,bowl,1039806,3
DETR,51,bowl,51,bowl,1039875,3
DETR,51,bowl,51,bowl,1039908,3
DETR,51,bowl,51,bowl,1040221,1
DETR,51,bowl,51,bowl,1040598,3
DETR,51,bowl,51,bowl,1040728,3
DETR,51,bowl,51,bowl,1040955,2
DETR,51,bowl,51,bowl,1531551,3
DETR,51,bowl,51,bowl,1531900,3
DETR,51,bowl,51,bowl,1531910,3
DETR,51,bowl,51,bowl,1532378,2
DETR,51,bowl,51,bowl,1532886,3
DETR,51,bowl,51,bowl,1533165,3
DETR,51,bowl,51,bowl,1533353,3
DETR,51,bowl,51,bowl,1533854,3
DETR,51,bowl,51,bowl,1534919,3
DETR,51,bowl,51,bowl,1535143,1
DETR,51,bowl,51,bowl,1535661,3
DETR,51,bowl,51,bowl,1535670,3
DETR,51,bowl,51,bowl,1535819,3
DETR,51,bowl,51,bowl,1535995,3
DETR,51,bowl,51,bowl,1536273,3
DETR,51,bowl,51,bowl,1536631,3
DETR,51,bowl,51,bowl,1536829,3
DETR,51,bowl,51,bowl,1536922,3
DETR,51,bowl,51,bowl,1537115,1
DETR,51,bowl,51,bowl,1537435,3
DETR,51,bowl,51,bowl,1537560,3
DETR,51,bowl,51,bowl,1538552,2
DETR,51,bowl,51,bowl,1539043,2
DETR,51,bowl,51,bowl,1539102,3
DETR,51,bowl,51,bowl,1539987,2
DETR,51,bowl,51,bowl,1541010,3
DETR,51,bowl,51,bowl,1541210,2
DETR,51,bowl,51,bowl,1898151,3
DETR,51,bowl,51,bowl,1898919,2
DETR,51,bowl,51,bowl,1899469,3
DETR,51,bowl,51,bowl,1900188,3
DETR,51,bowl,51,bowl,1900302,3
DETR,51,bowl,51,bowl,1900923,2
DETR,51,bowl,51,bowl,1900979,3
DETR,51,bowl,51,bowl,1901304,4
DETR,51,bowl,51,bowl,1902625,3
DETR,51,bowl,51,bowl,1902753,3
DETR,51,bowl,51,bowl,1902997,3
DETR,51,bowl,51,bowl,1903420,3
DETR,51,bowl,51,bowl,1903564,3
DETR,51,bowl,51,bowl,1903599,3
DETR,51,bowl,51,bowl,1904089,3
DETR,51,bowl,51,bowl,1904106,3
DETR,51,bowl,51,bowl,2107518,3
DETR,51,bowl,51,bowl,2107800,3
DETR,51,bowl,51,bowl,2108780,3
DETR,51,bowl,51,bowl,2109357,3
DETR,51,bowl,51,bowl,2185908,3
DETR,51,bowl,51,bowl,2217385,3
DETR,51,bowl,51,bowl,2217454,3
DETR,51,bowl,51,bowl,2217613,3
DETR,52,banana,52,banana,1041529,3
DETR,52,banana,52,banana,1041544,3
DETR,52,banana,52,banana,1041776,3
DETR,52,banana,52,banana,1041933,3
DETR,52,banana,52,banana,1041950,2
DETR,52,banana,52,banana,1042185,2
DETR,52,banana,52,banana,1042223,2
DETR,52,banana,52,banana,1042719,2
DETR,52,banana,52,banana,1042974,3
DETR,52,banana,52,banana,1042990,3
DETR,52,banana,52,banana,1043026,3
DETR,52,banana,52,banana,1043053,2
DETR,52,banana,52,banana,1043190,1
DETR,52,banana,52,banana,1043427,2
DETR,52,banana,52,banana,1043492,2
DETR,52,banana,52,banana,1043968,2
DETR,52,banana,52,banana,1043971,3
DETR,52,banana,52,banana,1044154,3
DETR,52,banana,52,banana,1044802,2
DETR,52,banana,52,banana,1045008,2
DETR,52,banana,52,banana,1045203,3
DETR,52,banana,52,banana,1045416,2
DETR,52,banana,52,banana,1046087,3
DETR,52,banana,52,banana,1046090,2
DETR,52,banana,52,banana,1046238,3
DETR,52,banana,52,banana,1046464,2
DETR,52,banana,52,banana,1046570,1
DETR,52,banana,52,banana,1542143,2
DETR,52,banana,52,banana,1543048,3
DETR,52,banana,52,banana,1544196,3
DETR,52,banana,52,banana,1544258,1
DETR,52,banana,52,banana,1544268,3
DETR,52,banana,52,banana,1544415,2
DETR,52,banana,52,banana,1544652,3
DETR,52,banana,52,banana,1544713,1
DETR,52,banana,52,banana,1545082,3
DETR,52,banana,52,banana,1545157,2
DETR,52,banana,52,banana,1545657,3
DETR,52,banana,52,banana,1546005,3
DETR,52,banana,52,banana,1546143,2
DETR,52,banana,52,banana,1546443,3
DETR,52,banana,52,banana,1546636,3
DETR,52,banana,52,banana,1546785,2
DETR,52,banana,52,banana,1547536,1
DETR,52,banana,52,banana,1547780,2
DETR,52,banana,52,banana,1548260,2
DETR,52,banana,52,banana,1904416,3
DETR,52,banana,52,banana,1904590,3
DETR,52,banana,52,banana,1904763,3
DETR,52,banana,52,banana,1905402,2
DETR,52,banana,52,banana,2110281,3
DETR,52,banana,52,banana,2110311,2
DETR,52,banana,52,banana,2110491,3
DETR,52,banana,52,banana,2110609,2
DETR,52,banana,52,banana,2110679,3
DETR,52,banana,52,banana,2111148,3
DETR,52,banana,52,banana,2186260,2
DETR,53,apple,53,apple,1047386,3
DETR,53,apple,53,apple,1047856,2
DETR,53,apple,53,apple,1048054,2
DETR,53,apple,53,apple,1048295,2
DETR,53,apple,53,apple,1048673,2
DETR,53,apple,53,apple,1048993,3
DETR,53,apple,53,apple,1049138,3
DETR,53,apple,53,apple,1049766,3
DETR,53,apple,53,apple,1049783,3
DETR,53,apple,53,apple,1049798,3
DETR,53,apple,53,apple,1049848,3
DETR,53,apple,53,apple,1049869,3
DETR,53,apple,53,apple,1050134,3
DETR,53,apple,53,apple,1050490,3
DETR,53,apple,53,apple,1549149,3
DETR,53,apple,53,apple,1549213,1
DETR,53,apple,53,apple,1551071,3
DETR,53,apple,53,apple,1907837,1
DETR,53,apple,53,apple,2111582,3
DETR,54,sandwich,54,sandwich,308191,2
DETR,54,sandwich,54,sandwich,308543,3
DETR,54,sandwich,54,sandwich,308881,2
DETR,54,sandwich,54,sandwich,309401,3
DETR,54,sandwich,54,sandwich,309661,3
DETR,54,sandwich,54,sandwich,309760,3
DETR,54,sandwich,54,sandwich,309805,3
DETR,54,sandwich,54,sandwich,309956,3
DETR,54,sandwich,54,sandwich,310094,2
DETR,54,sandwich,54,sandwich,310216,3
DETR,54,sandwich,54,sandwich,310355,2
DETR,54,sandwich,54,sandwich,310504,3
DETR,54,sandwich,54,sandwich,310752,2
DETR,54,sandwich,54,sandwich,310911,3
DETR,54,sandwich,54,sandwich,310948,3
DETR,54,sandwich,54,sandwich,311169,3
DETR,54,sandwich,54,sandwich,311340,3
DETR,54,sandwich,54,sandwich,311478,3
DETR,54,sandwich,54,sandwich,311543,3
DETR,54,sandwich,54,sandwich,311731,2
DETR,54,sandwich,54,sandwich,311773,3
DETR,54,sandwich,54,sandwich,311799,3
DETR,54,sandwich,54,sandwich,312494,3
DETR,54,sandwich,54,sandwich,312510,3
DETR,54,sandwich,54,sandwich,312627,3
DETR,54,sandwich,54,sandwich,312684,3
DETR,54,sandwich,54,sandwich,312721,3
DETR,54,sandwich,54,sandwich,312770,2
DETR,54,sandwich,54,sandwich,312772,2
DETR,54,sandwich,54,sandwich,312937,3
DETR,54,sandwich,54,sandwich,313064,3
DETR,54,sandwich,54,sandwich,313082,3
DETR,54,sandwich,54,sandwich,313105,3
DETR,54,sandwich,54,sandwich,313299,3
DETR,54,sandwich,54,sandwich,313306,2
DETR,54,sandwich,54,sandwich,313397,3
DETR,54,sandwich,54,sandwich,313427,3
DETR,54,sandwich,54,sandwich,313450,2
DETR,54,sandwich,54,sandwich,313455,3
DETR,54,sandwich,54,sandwich,313512,3
DETR,54,sandwich,54,sandwich,313545,3
DETR,54,sandwich,54,sandwich,313572,3
DETR,54,sandwich,54,sandwich,313586,3
DETR,54,sandwich,54,sandwich,313632,3
DETR,54,sandwich,54,sandwich,313678,2
DETR,54,sandwich,54,sandwich,313697,3
DETR,54,sandwich,54,sandwich,1552919,3
DETR,54,sandwich,54,sandwich,1552953,3
DETR,54,sandwich,54,sandwich,1553028,3
DETR,54,sandwich,54,sandwich,1553893,4
DETR,54,sandwich,54,sandwich,1554508,2
DETR,54,sandwich,54,sandwich,1554842,3
DETR,54,sandwich,54,sandwich,1554857,3
DETR,54,sandwich,54,sandwich,1554885,2
DETR,54,sandwich,54,sandwich,1554976,2
DETR,54,sandwich,54,sandwich,1555209,3
DETR,54,sandwich,54,sandwich,1908583,3
DETR,54,sandwich,54,sandwich,1908647,3
DETR,54,sandwich,54,sandwich,1908801,3
DETR,54,sandwich,54,sandwich,1909097,3
DETR,54,sandwich,54,sandwich,1909378,3
DETR,54,sandwich,54,sandwich,1910775,3
DETR,54,sandwich,54,sandwich,1911162,3
DETR,54,sandwich,54,sandwich,1911381,2
DETR,54,sandwich,54,sandwich,1911450,2
DETR,54,sandwich,54,sandwich,1911507,2
DETR,54,sandwich,54,sandwich,2218790,3
DETR,54,sandwich,54,sandwich,2219142,3
DETR,54,sandwich,54,sandwich,2219647,1
DETR,54,sandwich,58,hot dog,1070257,3
DETR,55,orange,55,orange,1050727,3
DETR,55,orange,55,orange,1050886,3
DETR,55,orange,55,orange,1050921,2
DETR,55,orange,55,orange,1050952,3
DETR,55,orange,55,orange,1050968,3
DETR,55,orange,55,orange,1051106,3
DETR,55,orange,55,orange,1051211,2
DETR,55,orange,55,orange,1051327,3
DETR,55,orange,55,orange,1051499,2
DETR,55,orange,55,orange,1051532,2
DETR,55,orange,55,orange,1051876,3
DETR,55,orange,55,orange,1052016,3
DETR,55,orange,55,orange,1052136,3
DETR,55,orange,55,orange,1052188,2
DETR,55,orange,55,orange,1052245,3
DETR,55,orange,55,orange,1052336,2
DETR,55,orange,55,orange,1052640,2
DETR,55,orange,55,orange,1052668,3
DETR,55,orange,55,orange,1053571,3
DETR,55,orange,55,orange,1054685,3
DETR,55,orange,55,orange,1911593,2
DETR,55,orange,55,orange,1911604,3
DETR,55,orange,55,orange,1911757,2
DETR,55,orange,55,orange,1912032,3
DETR,55,orange,55,orange,1912136,3
DETR,55,orange,55,orange,1912382,3
DETR,55,orange,55,orange,1912666,3
DETR,55,orange,55,orange,1912853,1
DETR,55,orange,55,orange,1912952,3
DETR,55,orange,55,orange,1913111,3
DETR,55,orange,55,orange,1913560,3
DETR,55,orange,55,orange,1914006,3
DETR,55,orange,55,orange,1914054,3
DETR,55,orange,55,orange,1914107,1
DETR,55,orange,55,orange,2187341,3
DETR,56,broccoli,56,broccoli,1055210,3
DETR,56,broccoli,56,broccoli,1055496,1
DETR,56,broccoli,56,broccoli,1055694,3
DETR,56,broccoli,56,broccoli,1056044,3
DETR,56,broccoli,56,broccoli,1056049,3
DETR,56,broccoli,56,broccoli,1056828,2
DETR,56,broccoli,56,broccoli,1057622,2
DETR,56,broccoli,56,broccoli,1058029,3
DETR,56,broccoli,56,broccoli,1058040,2
DETR,56,broccoli,56,broccoli,1058150,1
DETR,56,broccoli,56,broccoli,1058185,3
DETR,56,broccoli,56,broccoli,1058739,2
DETR,56,broccoli,56,broccoli,1058974,3
DETR,56,broccoli,56,broccoli,1059082,2
DETR,56,broccoli,56,broccoli,1059341,3
DETR,56,broccoli,56,broccoli,1060108,3
DETR,56,broccoli,56,broccoli,1060399,2
DETR,56,broccoli,56,broccoli,1060707,1
DETR,56,broccoli,56,broccoli,1060779,3
DETR,56,broccoli,56,broccoli,1060954,2
DETR,56,broccoli,56,broccoli,1061171,3
DETR,56,broccoli,56,broccoli,1061423,2
DETR,56,broccoli,56,broccoli,1559681,3
DETR,56,broccoli,56,broccoli,1559969,3
DETR,56,broccoli,56,broccoli,1560004,2
DETR,56,broccoli,56,broccoli,1560826,3
DETR,56,broccoli,56,broccoli,1561200,2
DETR,56,broccoli,56,broccoli,1561366,2
DETR,56,broccoli,56,broccoli,1561369,2
DETR,56,broccoli,56,broccoli,1562047,3
DETR,56,broccoli,56,broccoli,1914431,3
DETR,56,broccoli,56,broccoli,1915086,3
DETR,56,broccoli,56,broccoli,2115056,2
DETR,56,broccoli,56,broccoli,2187947,2
DETR,57,carrot,57,carrot,1062396,1
DETR,57,carrot,57,carrot,1062581,3
DETR,57,carrot,57,carrot,1062898,2
DETR,57,carrot,57,carrot,1063178,3
DETR,57,carrot,57,carrot,1063455,3
DETR,57,carrot,57,carrot,1064607,3
DETR,57,carrot,57,carrot,1064904,3
DETR,57,carrot,57,carrot,1065084,2
DETR,57,carrot,57,carrot,1065548,2
DETR,57,carrot,57,carrot,1065581,3
DETR,57,carrot,57,carrot,1065905,2
DETR,57,carrot,57,carrot,1065975,3
DETR,57,carrot,57,carrot,1066020,3
DETR,57,carrot,57,carrot,1563288,1
DETR,57,carrot,57,carrot,1565136,3
DETR,57,carrot,57,carrot,1566540,1
DETR,57,carrot,57,carrot,1918147,3
DETR,57,carrot,57,carrot,1918883,3
DETR,57,carrot,57,carrot,1919201,3
DETR,57,carrot,57,carrot,1919207,2
DETR,58,hot dog,58,hot dog,1066849,3
DETR,58,hot dog,58,hot dog,1066945,3
DETR,58,hot dog,58,hot dog,1067219,2
DETR,58,hot dog,58,hot dog,1067310,3
DETR,58,hot dog,58,hot dog,1068397,3
DETR,58,hot dog,58,hot dog,1068722,3
DETR,58,hot dog,58,hot dog,1068918,3
DETR,58,hot dog,58,hot dog,1069556,3
DETR,58,hot dog,58,hot dog,1069665,2
DETR,58,hot dog,58,hot dog,1069955,3
DETR,58,hot dog,58,hot dog,1069976,2
DETR,58,hot dog,58,hot dog,1070006,3
DETR,58,hot dog,58,hot dog,1567916,3
DETR,58,hot dog,58,hot dog,1568021,3
DETR,58,hot dog,58,hot dog,1568151,3
DETR,58,hot dog,58,hot dog,1568186,3
DETR,58,hot dog,58,hot dog,1568661,3
DETR,58,hot dog,58,hot dog,1568824,3
DETR,58,hot dog,58,hot dog,1922344,3
DETR,58,hot dog,58,hot dog,2221356,2
DETR,59,pizza,59,pizza,1070648,3
DETR,59,pizza,59,pizza,1070799,2
DETR,59,pizza,59,pizza,1070835,3
DETR,59,pizza,59,pizza,1070924,3
DETR,59,pizza,59,pizza,1071411,2
DETR,59,pizza,59,pizza,1071593,3
DETR,59,pizza,59,pizza,1071601,2
DETR,59,pizza,59,pizza,1071797,2
DETR,59,pizza,59,pizza,1071868,2
DETR,59,pizza,59,pizza,1072136,3
DETR,59,pizza,59,pizza,1072446,3
DETR,59,pizza,59,pizza,1072969,3
DETR,59,pizza,59,pizza,1073045,3
DETR,59,pizza,59,pizza,1073200,1
DETR,59,pizza,59,pizza,1073528,3
DETR,59,pizza,59,pizza,1073951,3
DETR,59,pizza,59,pizza,1074123,3
DETR,59,pizza,59,pizza,1074457,3
DETR,59,pizza,59,pizza,1074586,2
DETR,59,pizza,59,pizza,1075034,2
DETR,59,pizza,59,pizza,1075113,3
DETR,59,pizza,59,pizza,1075118,2
DETR,59,pizza,59,pizza,1075274,3
DETR,59,pizza,59,pizza,1075419,3
DETR,59,pizza,59,pizza,1075585,3
DETR,59,pizza,59,pizza,1075644,3
DETR,59,pizza,59,pizza,1075645,3
DETR,59,pizza,59,pizza,1075728,3
DETR,59,pizza,59,pizza,1075767,3
DETR,59,pizza,59,pizza,1075846,2
DETR,59,pizza,59,pizza,1075851,2
DETR,59,pizza,59,pizza,1075918,3
DETR,59,pizza,59,pizza,1076052,3
DETR,59,pizza,59,pizza,1076205,1
DETR,59,pizza,59,pizza,1076347,3
DETR,59,pizza,59,pizza,1076544,4
DETR,59,pizza,59,pizza,1076596,3
DETR,59,pizza,59,pizza,1076692,3
DETR,59,pizza,59,pizza,1076717,3
DETR,59,pizza,59,pizza,1076748,1
DETR,59,pizza,59,pizza,1076859,1
DETR,59,pizza,59,pizza,1076907,3
DETR,59,pizza,59,pizza,1076977,3
DETR,59,pizza,59,pizza,1077136,3
DETR,59,pizza,59,pizza,1077251,3
DETR,59,pizza,59,pizza,1077361,2
DETR,59,pizza,59,pizza,1077622,3
DETR,59,pizza,59,pizza,1077664,2
DETR,59,pizza,59,pizza,1077792,3
DETR,59,pizza,59,pizza,1077989,2
DETR,59,pizza,59,pizza,1570357,3
DETR,59,pizza,59,pizza,1570367,2
DETR,59,pizza,59,pizza,1570388,3
DETR,59,pizza,59,pizza,1570456,3
DETR,59,pizza,59,pizza,1570533,2
DETR,59,pizza,59,pizza,1570810,1
DETR,59,pizza,59,pizza,1570901,3
DETR,59,pizza,59,pizza,1571106,3
DETR,59,pizza,59,pizza,1571184,2
DETR,59,pizza,59,pizza,1923208,3
DETR,59,pizza,59,pizza,1923425,3
DETR,59,pizza,59,pizza,1923472,3
DETR,59,pizza,59,pizza,1924057,2
DETR,59,pizza,59,pizza,1924225,3
DETR,59,pizza,59,pizza,2117419,1
DETR,59,pizza,59,pizza,2117607,2
DETR,60,donut,60,donut,1078056,3
DETR,60,donut,60,donut,1078493,3
DETR,60,donut,60,donut,1078514,3
DETR,60,donut,60,donut,1078677,3
DETR,60,donut,60,donut,1078968,3
DETR,60,donut,60,donut,1078975,3
DETR,60,donut,60,donut,1079068,3
DETR,60,donut,60,donut,1079126,3
DETR,60,donut,60,donut,1079321,3
DETR,60,donut,60,donut,1079686,3
DETR,60,donut,60,donut,1079920,3
DETR,60,donut,60,donut,1080169,3
DETR,60,donut,60,donut,1080260,3
DETR,60,donut,60,donut,1080472,3
DETR,60,donut,60,donut,1080481,3
DETR,60,donut,60,donut,1080517,1
DETR,60,donut,60,donut,1080552,2
DETR,60,donut,60,donut,1080646,2
DETR,60,donut,60,donut,1081073,3
DETR,60,donut,60,donut,1081513,2
DETR,60,donut,60,donut,1081530,3
DETR,60,donut,60,donut,1081573,3
DETR,60,donut,60,donut,1081593,3
DETR,60,donut,60,donut,1081609,3
DETR,60,donut,60,donut,1081799,3
DETR,60,donut,60,donut,1081856,3
DETR,60,donut,60,donut,1081857,3
DETR,60,donut,60,donut,1081885,3
DETR,60,donut,60,donut,1081899,3
DETR,60,donut,60,donut,1082247,1
DETR,60,donut,60,donut,1082257,1
DETR,60,donut,60,donut,1082329,2
DETR,60,donut,60,donut,1082730,3
DETR,60,donut,60,donut,1082811,3
DETR,60,donut,60,donut,1082893,3
DETR,60,donut,60,donut,1083150,2
DETR,60,donut,60,donut,1572366,3
DETR,60,donut,60,donut,1572460,3
DETR,60,donut,60,donut,1572464,2
DETR,60,donut,60,donut,1572646,3
DETR,60,donut,60,donut,1572739,3
DETR,60,donut,60,donut,1573062,3
DETR,60,donut,60,donut,1573392,3
DETR,60,donut,60,donut,1573734,2
DETR,60,donut,60,donut,1574383,2
DETR,60,donut,60,donut,1574409,1
DETR,60,donut,60,donut,1574680,1
DETR,60,donut,60,donut,1574709,2
DETR,60,donut,60,donut,1575026,1
DETR,60,donut,60,donut,1575187,3
DETR,60,donut,60,donut,1575428,1
DETR,60,donut,60,donut,1575736,1
DETR,60,donut,60,donut,1575752,1
DETR,60,donut,60,donut,1575853,2
DETR,60,donut,60,donut,1575903,3
DETR,60,donut,60,donut,1575952,2
DETR,60,donut,60,donut,1575978,2
DETR,60,donut,60,donut,1924674,1
DETR,60,donut,60,donut,1924775,1
DETR,60,donut,60,donut,1924838,3
DETR,60,donut,60,donut,1924877,3
DETR,60,donut,60,donut,1924948,3
DETR,60,donut,60,donut,1925038,3
DETR,60,donut,60,donut,1925045,3
DETR,60,donut,60,donut,1925874,1
DETR,60,donut,60,donut,1925889,3
DETR,60,donut,60,donut,1926526,3
DETR,60,donut,60,donut,1926634,3
DETR,60,donut,60,donut,1926784,2
DETR,61,cake,61,cake,1083979,3
DETR,61,cake,61,cake,1084500,3
DETR,61,cake,61,cake,1084505,3
DETR,61,cake,61,cake,1084528,3
DETR,61,cake,61,cake,1084583,3
DETR,61,cake,61,cake,1084779,3
DETR,61,cake,61,cake,1085309,3
DETR,61,cake,61,cake,1085497,3
DETR,61,cake,61,cake,1085669,3
DETR,61,cake,61,cake,1085984,3
DETR,61,cake,61,cake,1086183,2
DETR,61,cake,61,cake,1086351,2
DETR,61,cake,61,cake,1086434,3
DETR,61,cake,61,cake,1086491,3
DETR,61,cake,61,cake,1086559,2
DETR,61,cake,61,cake,1086618,3
DETR,61,cake,61,cake,1087719,3
DETR,61,cake,61,cake,1088642,3
DETR,61,cake,61,cake,1088739,3
DETR,61,cake,61,cake,1088885,3
DETR,61,cake,61,cake,1088928,2
DETR,61,cake,61,cake,1088956,3
DETR,61,cake,61,cake,1089473,3
DETR,61,cake,61,cake,1089530,2
DETR,61,cake,61,cake,1089675,2
DETR,61,cake,61,cake,1577119,3
DETR,61,cake,61,cake,1577849,3
DETR,61,cake,61,cake,1577967,3
DETR,61,cake,61,cake,1578001,3
DETR,61,cake,61,cake,1578112,3
DETR,61,cake,61,cake,1578607,3
DETR,61,cake,61,cake,1927129,3
DETR,61,cake,61,cake,1929294,3
DETR,61,cake,61,cake,1929390,3
DETR,61,cake,61,cake,2222000,3
DETR,62,chair,62,chair,100431,3
DETR,62,chair,62,chair,101528,2
DETR,62,chair,62,chair,102736,3
DETR,62,chair,62,chair,102897,3
DETR,62,chair,62,chair,102968,2
DETR,62,chair,62,chair,103179,2
DETR,62,chair,62,chair,103882,3
DETR,62,chair,62,chair,104569,3
DETR,62,chair,62,chair,105250,3
DETR,62,chair,62,chair,105298,2
DETR,62,chair,62,chair,105361,3
DETR,62,chair,62,chair,106244,3
DETR,62,chair,62,chair,106584,3
DETR,62,chair,62,chair,106787,2
DETR,62,chair,62,chair,107348,3
DETR,62,chair,62,chair,107479,3
DETR,62,chair,62,chair,107945,1
DETR,62,chair,62,chair,108341,3
DETR,62,chair,62,chair,109203,3
DETR,62,chair,62,chair,109738,3
DETR,62,chair,62,chair,111208,3
DETR,62,chair,62,chair,289349,1
DETR,62,chair,62,chair,289538,3
DETR,62,chair,62,chair,290008,3
DETR,62,chair,62,chair,290366,3
DETR,62,chair,62,chair,290410,3
DETR,62,chair,62,chair,374134,3
DETR,62,chair,62,chair,378110,3
DETR,62,chair,62,chair,378908,3
DETR,62,chair,62,chair,379683,3
DETR,62,chair,62,chair,379829,3
DETR,62,chair,62,chair,380258,3
DETR,62,chair,62,chair,380874,3
DETR,62,chair,62,chair,382532,3
DETR,62,chair,62,chair,382566,3
DETR,62,chair,62,chair,382722,2
DETR,62,chair,62,chair,382868,3
DETR,62,chair,62,chair,384174,3
DETR,62,chair,62,chair,384263,3
DETR,62,chair,62,chair,384333,1
DETR,62,chair,62,chair,385868,2
DETR,62,chair,62,chair,385911,3
DETR,62,chair,62,chair,1580238,3
DETR,62,chair,62,chair,1581473,2
DETR,62,chair,62,chair,1581555,2
DETR,62,chair,62,chair,1582587,1
DETR,62,chair,62,chair,1584156,2
DETR,62,chair,62,chair,1585604,3
DETR,62,chair,62,chair,1586508,2
DETR,62,chair,62,chair,1586864,3
DETR,62,chair,62,chair,1589371,2
DETR,62,chair,62,chair,1590157,3
DETR,62,chair,62,chair,1594027,3
DETR,62,chair,62,chair,1599759,2
DETR,62,chair,62,chair,1930995,2
DETR,62,chair,62,chair,1933942,3
DETR,62,chair,62,chair,1935639,3
DETR,62,chair,62,chair,1937131,1
DETR,62,chair,62,chair,1938324,3
DETR,62,chair,62,chair,1938351,3
DETR,62,chair,62,chair,1939527,3
DETR,62,chair,62,chair,1940551,2
DETR,62,chair,62,chair,1942568,1
DETR,62,chair,62,chair,1944464,1
DETR,62,chair,62,chair,1944675,3
DETR,62,chair,62,chair,1944700,3
DETR,62,chair,62,chair,1945263,2
DETR,62,chair,62,chair,1946304,3
DETR,62,chair,62,chair,2121963,3
DETR,62,chair,62,chair,2122590,3
DETR,62,chair,62,chair,2125453,3
DETR,62,chair,62,chair,2190497,3
DETR,62,chair,62,chair,2190551,3
DETR,62,chair,63,couch,114879,2
DETR,62,chair,63,couch,1949138,3
DETR,62,chair,63,couch,1949296,3
DETR,63,couch,62,chair,379408,3
DETR,63,couch,62,chair,1580755,3
DETR,63,couch,62,chair,1584285,3
DETR,63,couch,62,chair,1594027,3
DETR,63,couch,62,chair,1948717,3
DETR,63,couch,63,couch,97789,3
DETR,63,couch,63,couch,97887,3
DETR,63,couch,63,couch,98252,2
DETR,63,couch,63,couch,98501,3
DETR,63,couch,63,couch,99023,3
DETR,63,couch,63,couch,99699,3
DETR,63,couch,63,couch,100002,3
DETR,63,couch,63,couch,111243,3
DETR,63,couch,63,couch,111712,3
DETR,63,couch,63,couch,112441,2
DETR,63,couch,63,couch,112683,3
DETR,63,couch,63,couch,112970,3
DETR,63,couch,63,couch,112975,3
DETR,63,couch,63,couch,113175,3
DETR,63,couch,63,couch,113492,3
DETR,63,couch,63,couch,113595,2
DETR,63,couch,63,couch,113694,3
DETR,63,couch,63,couch,113964,3
DETR,63,couch,63,couch,114360,3
DETR,63,couch,63,couch,114406,3
DETR,63,couch,63,couch,114456,3
DETR,63,couch,63,couch,114565,2
DETR,63,couch,63,couch,114583,3
DETR,63,couch,63,couch,114716,3
DETR,63,couch,63,couch,114964,3
DETR,63,couch,63,couch,115080,3
DETR,63,couch,63,couch,115138,3
DETR,63,couch,63,couch,115263,3
DETR,63,couch,63,couch,115528,3
DETR,63,couch,63,couch,115535,2
DETR,63,couch,63,couch,116401,4
DETR,63,couch,63,couch,116918,3
DETR,63,couch,63,couch,117303,3
DETR,63,couch,63,couch,117410,3
DETR,63,couch,63,couch,117566,1
DETR,63,couch,63,couch,1949138,3
DETR,63,couch,63,couch,1949296,3
DETR,63,couch,63,couch,1950236,3
DETR,63,couch,63,couch,1950520,3
DETR,63,couch,63,couch,2224645,3
DETR,63,couch,63,couch,2224999,2
DETR,64,potted plant,64,potted plant,19733,2
DETR,64,potted plant,64,potted plant,20641,3
DETR,64,potted plant,64,potted plant,21883,3
DETR,64,potted plant,64,potted plant,22508,2
DETR,64,potted plant,64,potted plant,22515,3
DETR,64,potted plant,64,potted plant,22594,3
DETR,64,potted plant,64,potted plant,22755,2
DETR,64,potted plant,64,potted plant,23781,3
DETR,64,potted plant,64,potted plant,25331,3
DETR,64,potted plant,64,potted plant,25658,3
DETR,64,potted plant,64,potted plant,26073,3
DETR,64,potted plant,64,potted plant,26236,3
DETR,64,potted plant,64,potted plant,26283,2
DETR,64,potted plant,64,potted plant,26619,3
DETR,64,potted plant,64,potted plant,26620,3
DETR,64,potted plant,64,potted plant,27555,2
DETR,64,potted plant,64,potted plant,291594,3
DETR,64,potted plant,64,potted plant,313946,3
DETR,64,potted plant,64,potted plant,314096,3
DETR,64,potted plant,64,potted plant,314177,3
DETR,64,potted plant,64,potted plant,1607968,2
DETR,64,potted plant,64,potted plant,1608319,2
DETR,64,potted plant,64,potted plant,1609783,2
DETR,64,potted plant,64,potted plant,1610050,3
DETR,64,potted plant,64,potted plant,1610129,3
DETR,64,potted plant,64,potted plant,2128315,2
DETR,65,bed,65,bed,314521,3
DETR,65,bed,65,bed,314559,3
DETR,65,bed,65,bed,314750,3
DETR,65,bed,65,bed,314756,3
DETR,65,bed,65,bed,315260,3
DETR,65,bed,65,bed,316106,3
DETR,65,bed,65,bed,316143,3
DETR,65,bed,65,bed,316215,3
DETR,65,bed,65,bed,316218,3
DETR,65,bed,65,bed,316649,3
DETR,65,bed,65,bed,317392,2
DETR,65,bed,65,bed,317821,2
DETR,65,bed,65,bed,317822,3
DETR,65,bed,65,bed,317947,3
DETR,65,bed,65,bed,318140,3
DETR,65,bed,65,bed,318235,3
DETR,65,bed,65,bed,318262,2
DETR,65,bed,65,bed,318765,3
DETR,65,bed,65,bed,318801,3
DETR,65,bed,65,bed,318822,2
DETR,65,bed,65,bed,319111,3
DETR,65,bed,65,bed,319594,3
DETR,65,bed,65,bed,319598,3
DETR,65,bed,65,bed,319653,3
DETR,65,bed,65,bed,319662,3
DETR,65,bed,65,bed,319729,3
DETR,65,bed,65,bed,319794,3
DETR,65,bed,65,bed,1611140,3
DETR,65,bed,65,bed,1611786,3
DETR,65,bed,65,bed,1612050,3
DETR,65,bed,65,bed,1612166,3
DETR,65,bed,65,bed,1957087,3
DETR,65,bed,65,bed,1957148,2
DETR,65,bed,65,bed,1957414,3
DETR,65,bed,65,bed,1957436,3
DETR,65,bed,65,bed,1957828,3
DETR,65,bed,65,bed,1957851,2
DETR,65,bed,65,bed,1957862,3
DETR,65,bed,65,bed,2129476,3
DETR,67,dining table,67,dining table,119853,3
DETR,67,dining table,67,dining table,120013,3
DETR,67,dining table,67,dining table,120557,3
DETR,67,dining table,67,dining table,121129,3
DETR,67,dining table,67,dining table,121215,2
DETR,67,dining table,67,dining table,320623,2
DETR,67,dining table,67,dining table,391544,3
DETR,67,dining table,67,dining table,393630,2
DETR,67,dining table,67,dining table,414286,3
DETR,67,dining table,67,dining table,419935,3
DETR,67,dining table,67,dining table,553625,3
DETR,67,dining table,67,dining table,1090902,3
DETR,67,dining table,67,dining table,1091400,2
DETR,67,dining table,67,dining table,1091703,1
DETR,67,dining table,67,dining table,1614971,3
DETR,67,dining table,67,dining table,1616333,2
DETR,67,dining table,67,dining table,1620195,2
DETR,67,dining table,67,dining table,1621530,2
DETR,67,dining table,67,dining table,1959062,3
DETR,67,dining table,67,dining table,1962578,3
DETR,67,dining table,67,dining table,1963045,2
DETR,67,dining table,67,dining table,1964206,2
DETR,67,dining table,67,dining table,1966004,3
DETR,67,dining table,67,dining table,2132479,3
DETR,67,dining table,67,dining table,2194588,2
DETR,70,toilet,70,toilet,1092233,3
DETR,70,toilet,70,toilet,1092899,3
DETR,70,toilet,70,toilet,1093189,3
DETR,70,toilet,70,toilet,1094039,3
DETR,70,toilet,70,toilet,1094383,3
DETR,70,toilet,70,toilet,1094635,3
DETR,70,toilet,70,toilet,1094643,3
DETR,70,toilet,70,toilet,1095063,3
DETR,70,toilet,70,toilet,1095761,3
DETR,70,toilet,70,toilet,1096868,3
DETR,70,toilet,70,toilet,1097332,3
DETR,70,toilet,70,toilet,1097403,3
DETR,70,toilet,70,toilet,1623744,3
DETR,70,toilet,70,toilet,1623839,2
DETR,70,toilet,70,toilet,1624178,2
DETR,70,toilet,70,toilet,1624184,1
DETR,70,toilet,70,toilet,1624255,2
DETR,70,toilet,70,toilet,1624281,3
DETR,70,toilet,70,toilet,1624301,3
DETR,70,toilet,70,toilet,1624327,4
DETR,70,toilet,70,toilet,1967652,2
DETR,70,toilet,70,toilet,1967683,3
DETR,70,toilet,70,toilet,1967776,3
DETR,70,toilet,70,toilet,1967859,3
DETR,70,toilet,70,toilet,1967967,3
DETR,72,tv,72,tv,28259,3
DETR,72,tv,72,tv,28434,3
DETR,72,tv,72,tv,28835,6
DETR,72,tv,72,tv,30466,3
DETR,72,tv,72,tv,30658,3
DETR,72,tv,72,tv,30958,3
DETR,72,tv,72,tv,32204,3
DETR,72,tv,72,tv,32598,3
DETR,72,tv,72,tv,32719,3
DETR,72,tv,72,tv,32745,2
DETR,72,tv,72,tv,33567,3
DETR,72,tv,72,tv,34791,3
DETR,72,tv,72,tv,34810,3
DETR,72,tv,72,tv,35336,3
DETR,72,tv,72,tv,35379,2
DETR,72,tv,72,tv,35730,3
DETR,72,tv,72,tv,35748,3
DETR,72,tv,72,tv,35798,3
DETR,72,tv,72,tv,124198,2
DETR,72,tv,72,tv,124572,3
DETR,72,tv,72,tv,321223,2
DETR,72,tv,72,tv,321275,3
DETR,72,tv,72,tv,1624782,3
DETR,72,tv,72,tv,1625356,3
DETR,72,tv,72,tv,1625895,3
DETR,72,tv,72,tv,1626319,3
DETR,72,tv,72,tv,1626509,3
DETR,72,tv,72,tv,1968459,3
DETR,72,tv,72,tv,1968616,2
DETR,72,tv,72,tv,1968985,3
DETR,72,tv,72,tv,1969587,2
DETR,72,tv,72,tv,1969750,3
DETR,72,tv,72,tv,1970191,3
DETR,72,tv,72,tv,2134255,3
DETR,72,tv,72,tv,2194883,3
DETR,72,tv,72,tv,2227458,3
DETR,73,laptop,73,laptop,1098776,3
DETR,73,laptop,73,laptop,1099115,3
DETR,73,laptop,73,laptop,1099187,3
DETR,73,laptop,73,laptop,1099890,3
DETR,73,laptop,73,laptop,1100091,2
DETR,73,laptop,73,laptop,1102591,3
DETR,73,laptop,73,laptop,1102641,3
DETR,73,laptop,73,laptop,1103175,3
DETR,73,laptop,73,laptop,1103315,3
DETR,73,laptop,73,laptop,1103398,3
DETR,73,laptop,73,laptop,1103622,3
DETR,73,laptop,73,laptop,1104043,3
DETR,73,laptop,73,laptop,1104225,1
DETR,73,laptop,73,laptop,1626944,3
DETR,73,laptop,73,laptop,1627462,3
DETR,73,laptop,73,laptop,1627518,3
DETR,73,laptop,73,laptop,1971260,3
DETR,73,laptop,73,laptop,1971537,3
DETR,75,remote,75,remote,1108526,2
DETR,75,remote,75,remote,1108639,1
DETR,75,remote,75,remote,1112776,3
DETR,75,remote,75,remote,1631127,2
DETR,75,remote,75,remote,1973363,3
DETR,75,remote,75,remote,1973733,3
DETR,76,keyboard,76,keyboard,1114665,2
DETR,76,keyboard,76,keyboard,1114893,3
DETR,76,keyboard,76,keyboard,1114992,3
DETR,76,keyboard,76,keyboard,1116837,3
DETR,76,keyboard,76,keyboard,1117546,3
DETR,77,cell phone,77,cell phone,324925,3
DETR,77,cell phone,77,cell phone,325550,3
DETR,77,cell phone,77,cell phone,327318,3
DETR,77,cell phone,77,cell phone,328479,1
DETR,77,cell phone,77,cell phone,328597,3
DETR,77,cell phone,77,cell phone,328692,3
DETR,77,cell phone,77,cell phone,1977990,3
DETR,77,cell phone,77,cell phone,2195939,3
DETR,77,cell phone,77,cell phone,2195989,3
DETR,78,microwave,78,microwave,1118647,3
DETR,78,microwave,78,microwave,1118973,3
DETR,78,microwave,78,microwave,1119170,3
DETR,78,microwave,78,microwave,1119592,3
DETR,78,microwave,78,microwave,1121060,3
DETR,79,oven,79,oven,1122878,3
DETR,79,oven,79,oven,1122937,3
DETR,79,oven,79,oven,1126266,3
DETR,79,oven,79,oven,1126744,2
DETR,79,oven,79,oven,1127893,3
DETR,79,oven,79,oven,1979381,2
DETR,79,oven,79,oven,1979497,2
DETR,79,oven,79,oven,1979727,3
DETR,79,oven,79,oven,1980384,3
DETR,79,oven,79,oven,2139141,3
DETR,79,oven,79,oven,2139203,2
DETR,79,oven,79,oven,2139401,3
DETR,82,refrigerator,82,refrigerator,331333,3
DETR,82,refrigerator,82,refrigerator,331686,3
DETR,82,refrigerator,82,refrigerator,331687,3
DETR,82,refrigerator,82,refrigerator,331890,3
DETR,82,refrigerator,82,refrigerator,332289,3
DETR,82,refrigerator,82,refrigerator,332327,3
DETR,82,refrigerator,82,refrigerator,332632,1
DETR,82,refrigerator,82,refrigerator,332867,3
DETR,82,refrigerator,82,refrigerator,333039,2
DETR,82,refrigerator,82,refrigerator,1647323,3
DETR,82,refrigerator,82,refrigerator,1647471,2
DETR,82,refrigerator,82,refrigerator,1983249,3
DETR,82,refrigerator,82,refrigerator,1983312,3
DETR,82,refrigerator,82,refrigerator,2140898,3
DETR,84,book,84,book,1137836,3
DETR,84,book,84,book,1137907,2
DETR,84,book,84,book,1138064,3
DETR,84,book,84,book,1139000,3
DETR,84,book,84,book,1140193,3
DETR,84,book,84,book,1140394,3
DETR,84,book,84,book,1140815,3
DETR,84,book,84,book,1141529,3
DETR,84,book,84,book,1141957,3
DETR,84,book,84,book,1142461,3
DETR,84,book,84,book,1142834,3
DETR,84,book,84,book,1143973,3
DETR,84,book,84,book,1144672,3
DETR,84,book,84,book,1145761,3
DETR,84,book,84,book,1147332,2
DETR,84,book,84,book,1651979,2
DETR,84,book,84,book,1654015,3
DETR,84,book,84,book,1658106,3
DETR,84,book,84,book,1662229,2
DETR,84,book,84,book,1662754,2
DETR,85,clock,85,clock,334497,3
DETR,85,clock,85,clock,337957,3
DETR,85,clock,85,clock,339191,3
DETR,85,clock,85,clock,339529,3
DETR,85,clock,85,clock,340606,3
DETR,85,clock,85,clock,341029,3
DETR,85,clock,85,clock,341065,2
DETR,85,clock,85,clock,1663773,3
DETR,85,clock,85,clock,1664281,3
DETR,85,clock,85,clock,1990990,3
DETR,85,clock,85,clock,2144937,3
DETR,85,clock,85,clock,2197162,3
DETR,85,clock,85,clock,2231896,2
DETR,85,clock,85,clock,2231900,3
DETR,86,vase,86,vase,1151206,3
DETR,86,vase,86,vase,1152534,3
DETR,86,vase,86,vase,1152727,3
DETR,86,vase,86,vase,1152812,3
DETR,86,vase,86,vase,1153336,3
DETR,86,vase,86,vase,1153520,1
DETR,86,vase,86,vase,1153593,3
DETR,86,vase,86,vase,1153681,3
DETR,86,vase,86,vase,1154077,3
DETR,86,vase,86,vase,1154122,2
DETR,86,vase,86,vase,1154308,3
DETR,86,vase,86,vase,1154662,3
DETR,86,vase,86,vase,1154727,3
DETR,86,vase,86,vase,1154731,2
DETR,86,vase,86,vase,1154846,3
DETR,86,vase,86,vase,1155078,3
DETR,86,vase,86,vase,1155308,3
DETR,86,vase,86,vase,1155664,3
DETR,86,vase,86,vase,1155675,3
DETR,86,vase,86,vase,1155903,2
DETR,86,vase,86,vase,1156059,3
DETR,86,vase,86,vase,1156214,1
DETR,86,vase,86,vase,1156596,3
DETR,86,vase,86,vase,1668058,2
DETR,86,vase,86,vase,1670300,2
DETR,86,vase,86,vase,1670356,3
DETR,88,teddy bear,23,bear,2210352,3
DETR,88,teddy bear,88,teddy bear,1159973,3
DETR,88,teddy bear,88,teddy bear,1160050,3
DETR,88,teddy bear,88,teddy bear,1160347,3
DETR,88,teddy bear,88,teddy bear,1160833,2
DETR,88,teddy bear,88,teddy bear,1161102,3
DETR,88,teddy bear,88,teddy bear,1161110,3
DETR,88,teddy bear,88,teddy bear,1161123,3
DETR,88,teddy bear,88,teddy bear,1161168,3
DETR,88,teddy bear,88,teddy bear,1161263,3
DETR,88,teddy bear,88,teddy bear,1161343,3
DETR,88,teddy bear,88,teddy bear,1161613,3
DETR,88,teddy bear,88,teddy bear,1161670,3
DETR,88,teddy bear,88,teddy bear,1161827,2
DETR,88,teddy bear,88,teddy bear,1161917,2
DETR,88,teddy bear,88,teddy bear,1161981,3
DETR,88,teddy bear,88,teddy bear,1162006,3
DETR,88,teddy bear,88,teddy bear,1162496,3
DETR,88,teddy bear,88,teddy bear,1162603,3
DETR,88,teddy bear,88,teddy bear,1162780,3
DETR,88,teddy bear,88,teddy bear,1162994,3
DETR,88,teddy bear,88,teddy bear,1163049,3
DETR,88,teddy bear,88,teddy bear,1163106,2
DETR,88,teddy bear,88,teddy bear,1163224,3
DETR,88,teddy bear,88,teddy bear,1163259,3
DETR,88,teddy bear,88,teddy bear,1163280,3
DETR,88,teddy bear,88,teddy bear,1163334,2
DETR,88,teddy bear,88,teddy bear,1163360,2
DETR,88,teddy bear,88,teddy bear,1163405,3
DETR,88,teddy bear,88,teddy bear,1163442,3
DETR,88,teddy bear,88,teddy bear,1673438,3
DETR,88,teddy bear,88,teddy bear,1673838,3
DETR,88,teddy bear,88,teddy bear,1673860,3
DETR,88,teddy bear,88,teddy bear,1673876,3
DETR,88,teddy bear,88,teddy bear,1674012,1
DETR,88,teddy bear,88,teddy bear,1674248,3
DETR,88,teddy bear,88,teddy bear,1674378,3
DETR,88,teddy bear,88,teddy bear,1674457,3
DETR,88,teddy bear,88,teddy bear,1674458,1
DETR,88,teddy bear,88,teddy bear,1674548,2
DETR,88,teddy bear,88,teddy bear,1674651,3
DETR,88,teddy bear,88,teddy bear,1674981,3
DETR,88,teddy bear,88,teddy bear,1674993,2
DETR,88,teddy bear,88,teddy bear,1675061,3
DETR,88,teddy bear,88,teddy bear,1675118,3
DETR,88,teddy bear,88,teddy bear,1675334,3
DETR,88,teddy bear,88,teddy bear,1675369,3
DETR,88,teddy bear,88,teddy bear,1675418,3
DETR,88,teddy bear,88,teddy bear,1675491,1
DETR,88,teddy bear,88,teddy bear,1675531,3
DETR,88,teddy bear,88,teddy bear,1675684,2
DETR,88,teddy bear,88,teddy bear,1675807,3
DETR,88,teddy bear,88,teddy bear,1675820,1
DETR,88,teddy bear,88,teddy bear,1995185,3
DETR,88,teddy bear,88,teddy bear,1995208,1
DETR,88,teddy bear,88,teddy bear,1995679,3
DETR,88,teddy bear,88,teddy bear,1996142,3
DETR,88,teddy bear,88,teddy bear,1996346,3
DETR,88,teddy bear,88,teddy bear,1996455,3
DETR,88,teddy bear,88,teddy bear,1996607,3
DETR,88,teddy bear,88,teddy bear,1996790,3
DETR,88,teddy bear,88,teddy bear,2147787,2
DETR,90,toothbrush,90,toothbrush,341545,3
DETR,90,toothbrush,90,toothbrush,342431,3
DETR,90,toothbrush,90,toothbrush,343420,3
DETR,90,toothbrush,90,toothbrush,343749,3
RPN,1,person,1,person,183105,3
RPN,1,person,1,person,183122,2
RPN,1,person,1,person,183184,3
RPN,1,person,1,person,183336,3
RPN,1,person,1,person,183459,3
RPN,1,person,1,person,183813,3
RPN,1,person,1,person,184119,3
RPN,1,person,1,person,184164,3
RPN,1,person,1,person,184535,3
RPN,1,person,1,person,184980,3
RPN,1,person,1,person,185215,3
RPN,1,person,1,person,185498,3
RPN,1,person,1,person,185712,3
RPN,1,person,1,person,186142,3
RPN,1,person,1,person,186179,3
RPN,1,person,1,person,186854,3
RPN,1,person,1,person,186998,3
RPN,1,person,1,person,187129,3
RPN,1,person,1,person,187210,3
RPN,1,person,1,person,187380,3
RPN,1,person,1,person,188134,3
RPN,1,person,1,person,188298,3
RPN,1,person,1,person,188340,3
RPN,1,person,1,person,188388,3
RPN,1,person,1,person,188790,3
RPN,1,person,1,person,189113,3
RPN,1,person,1,person,189176,2
RPN,1,person,1,person,189186,3
RPN,1,person,1,person,189204,3
RPN,1,person,1,person,189260,3
RPN,1,person,1,person,189515,3
RPN,1,person,1,person,190116,3
RPN,1,person,1,person,190254,3
RPN,1,person,1,person,190264,3
RPN,1,person,1,person,190282,3
RPN,1,person,1,person,190372,3
RPN,1,person,1,person,190477,3
RPN,1,person,1,person,190992,3
RPN,1,person,1,person,191094,3
RPN,1,person,1,person,191259,3
RPN,1,person,1,person,191782,4
RPN,1,person,1,person,192224,3
RPN,1,person,1,person,192539,3
RPN,1,person,1,person,192712,3
RPN,1,person,1,person,192785,3
RPN,1,person,1,person,192869,2
RPN,1,person,1,person,193058,3
RPN,1,person,1,person,193077,3
RPN,1,person,1,person,193564,3
RPN,1,person,1,person,193576,3
RPN,1,person,1,person,193611,3
RPN,1,person,1,person,193658,2
RPN,1,person,1,person,193692,3
RPN,1,person,1,person,193750,3
RPN,1,person,1,person,193796,3
RPN,1,person,1,person,193849,3
RPN,1,person,1,person,194591,3
RPN,1,person,1,person,194815,3
RPN,1,person,1,person,195009,2
RPN,1,person,1,person,195102,3
RPN,1,person,1,person,195148,3
RPN,1,person,1,person,195383,3
RPN,1,person,1,person,195546,3
RPN,1,person,1,person,195577,3
RPN,1,person,1,person,195640,3
RPN,1,person,1,person,195730,3
RPN,1,person,1,person,196116,3
RPN,1,person,1,person,196860,3
RPN,1,person,1,person,197469,3
RPN,1,person,1,person,197812,3
RPN,1,person,1,person,197836,3
RPN,1,person,1,person,197883,3
RPN,1,person,1,person,197946,3
RPN,1,person,1,person,197949,3
RPN,1,person,1,person,198034,3
RPN,1,person,1,person,198229,3
RPN,1,person,1,person,198273,3
RPN,1,person,1,person,198290,3
RPN,1,person,1,person,198314,3
RPN,1,person,1,person,198676,3
RPN,1,person,1,person,198864,3
RPN,1,person,1,person,199003,3
RPN,1,person,1,person,199006,3
RPN,1,person,1,person,199145,3
RPN,1,person,1,person,199246,3
RPN,1,person,1,person,199280,3
RPN,1,person,1,person,199491,3
RPN,1,person,1,person,199577,3
RPN,1,person,1,person,199993,3
RPN,1,person,1,person,200400,3
RPN,1,person,1,person,200852,3
RPN,1,person,1,person,201350,3
RPN,1,person,1,person,201385,1
RPN,1,person,1,person,201555,3
RPN,1,person,1,person,201628,3
RPN,1,person,1,person,201858,3
RPN,1,person,1,person,201993,3
RPN,1,person,1,person,202062,3
RPN,1,person,1,person,202181,3
RPN,1,person,1,person,202206,3
RPN,1,person,1,person,202489,3
RPN,1,person,1,person,202755,3
RPN,1,person,1,person,203085,3
RPN,1,person,1,person,203157,3
RPN,1,person,1,person,203624,3
RPN,1,person,1,person,203830,3
RPN,1,person,1,person,203848,2
RPN,1,person,1,person,204090,3
RPN,1,person,1,person,204488,3
RPN,1,person,1,person,204503,1
RPN,1,person,1,person,204610,3
RPN,1,person,1,person,204788,3
RPN,1,person,1,person,205146,3
RPN,1,person,1,person,205454,3
RPN,1,person,1,person,205480,3
RPN,1,person,1,person,205670,3
RPN,1,person,1,person,206019,3
RPN,1,person,1,person,206056,3
RPN,1,person,1,person,206335,2
RPN,1,person,1,person,206653,3
RPN,1,person,1,person,206776,3
RPN,1,person,1,person,207145,2
RPN,1,person,1,person,207277,3
RPN,1,person,1,person,207930,3
RPN,1,person,1,person,208395,3
RPN,1,person,1,person,208469,3
RPN,1,person,1,person,208611,3
RPN,1,person,1,person,208631,3
RPN,1,person,1,person,209202,3
RPN,1,person,1,person,209697,3
RPN,1,person,1,person,209738,3
RPN,1,person,1,person,210125,3
RPN,1,person,1,person,210246,3
RPN,1,person,1,person,210330,3
RPN,1,person,1,person,210391,3
RPN,1,person,1,person,210454,3
RPN,1,person,1,person,210485,3
RPN,1,person,1,person,210971,3
RPN,1,person,1,person,211034,3
RPN,1,person,1,person,211106,2
RPN,1,person,1,person,211374,3
RPN,1,person,1,person,211440,3
RPN,1,person,1,person,211520,3
RPN,1,person,1,person,211619,3
RPN,1,person,1,person,211783,3
RPN,1,person,1,person,212675,3
RPN,1,person,1,person,212676,3
RPN,1,person,1,person,212697,2
RPN,1,person,1,person,212710,3
RPN,1,person,1,person,212824,3
RPN,1,person,1,person,212911,2
RPN,1,person,1,person,213317,3
RPN,1,person,1,person,213375,3
RPN,1,person,1,person,213444,3
RPN,1,person,1,person,213447,1
RPN,1,person,1,person,213511,3
RPN,1,person,1,person,213648,3
RPN,1,person,1,person,213878,3
RPN,1,person,1,person,213980,3
RPN,1,person,1,person,214085,3
RPN,1,person,1,person,214185,3
RPN,1,person,1,person,214315,3
RPN,1,person,1,person,214354,3
RPN,1,person,1,person,214384,3
RPN,1,person,1,person,214688,3
RPN,1,person,1,person,214754,3
RPN,1,person,1,person,215128,3
RPN,1,person,1,person,215209,3
RPN,1,person,1,person,215252,3
RPN,1,person,1,person,215490,3
RPN,1,person,1,person,215493,3
RPN,1,person,1,person,215568,3
RPN,1,person,1,person,215679,3
RPN,1,person,1,person,215789,3
RPN,1,person,1,person,216349,3
RPN,1,person,1,person,216458,3
RPN,1,person,1,person,216488,3
RPN,1,person,1,person,216777,3
RPN,1,person,1,person,216874,3
RPN,1,person,1,person,217453,3
RPN,1,person,1,person,217761,3
RPN,1,person,1,person,217925,3
RPN,1,person,1,person,218086,3
RPN,1,person,1,person,218399,2
RPN,1,person,1,person,218528,3
RPN,1,person,1,person,219019,3
RPN,1,person,1,person,219473,2
RPN,1,person,1,person,219649,3
RPN,1,person,1,person,220157,4
RPN,1,person,1,person,220347,3
RPN,1,person,1,person,220551,3
RPN,1,person,1,person,220582,3
RPN,1,person,1,person,220849,3
RPN,1,person,1,person,220987,3
RPN,1,person,1,person,221161,3
RPN,1,person,1,person,221340,2
RPN,1,person,1,person,221578,3
RPN,1,person,1,person,221744,3
RPN,1,person,1,person,222765,3
RPN,1,person,1,person,223014,3
RPN,1,person,1,person,223229,3
RPN,1,person,1,person,223263,3
RPN,1,person,1,person,223440,3
RPN,1,person,1,person,223500,3
RPN,1,person,1,person,223821,3
RPN,1,person,1,person,223853,3
RPN,1,person,1,person,224399,3
RPN,1,person,1,person,224505,3
RPN,1,person,1,person,224895,3
RPN,1,person,1,person,225169,3
RPN,1,person,1,person,225319,3
RPN,1,person,1,person,225761,3
RPN,1,person,1,person,225824,3
RPN,1,person,1,person,226198,3
RPN,1,person,1,person,226784,3
RPN,1,person,1,person,226868,3
RPN,1,person,1,person,226991,3
RPN,1,person,1,person,227225,3
RPN,1,person,1,person,227739,3
RPN,1,person,1,person,227952,3
RPN,1,person,1,person,227985,3
RPN,1,person,1,person,228063,3
RPN,1,person,1,person,228252,3
RPN,1,person,1,person,228777,3
RPN,1,person,1,person,228956,3
RPN,1,person,1,person,229105,3
RPN,1,person,1,person,229674,3
RPN,1,person,1,person,229858,3
RPN,1,person,1,person,229875,3
RPN,1,person,1,person,230253,3
RPN,1,person,1,person,230467,3
RPN,1,person,1,person,231239,3
RPN,1,person,1,person,231273,3
RPN,1,person,1,person,232204,2
RPN,1,person,1,person,232310,3
RPN,1,person,1,person,232444,3
RPN,1,person,1,person,232483,3
RPN,1,person,1,person,234507,3
RPN,1,person,1,person,234569,3
RPN,1,person,1,person,235706,3
RPN,1,person,1,person,235828,3
RPN,1,person,1,person,236682,3
RPN,1,person,1,person,236822,2
RPN,1,person,1,person,237015,3
RPN,1,person,1,person,237700,3
RPN,1,person,1,person,238027,3
RPN,1,person,1,person,239099,3
RPN,1,person,1,person,240712,3
RPN,1,person,1,person,240729,1
RPN,1,person,1,person,252049,2
RPN,1,person,1,person,252176,2
RPN,1,person,1,person,252440,3
RPN,1,person,1,person,252498,3
RPN,1,person,1,person,253140,3
RPN,1,person,1,person,253238,3
RPN,1,person,1,person,253263,3
RPN,1,person,1,person,253858,3
RPN,1,person,1,person,253866,2
RPN,1,person,1,person,254215,3
RPN,1,person,1,person,254764,3
RPN,1,person,1,person,255352,3
RPN,1,person,1,person,255652,3
RPN,1,person,1,person,255915,3
RPN,1,person,1,person,256023,3
RPN,1,person,1,person,256495,3
RPN,1,person,1,person,256684,3
RPN,1,person,1,person,256858,3
RPN,1,person,1,person,257907,3
RPN,1,person,1,person,258410,3
RPN,1,person,1,person,259053,3
RPN,1,person,1,person,260662,3
RPN,1,person,1,person,264079,3
RPN,1,person,1,person,421300,3
RPN,1,person,1,person,421379,3
RPN,1,person,1,person,421457,3
RPN,1,person,1,person,421489,3
RPN,1,person,1,person,421659,4
RPN,1,person,1,person,422187,3
RPN,1,person,1,person,422202,3
RPN,1,person,1,person,422370,3
RPN,1,person,1,person,422632,3
RPN,1,person,1,person,422692,3
RPN,1,person,1,person,422699,3
RPN,1,person,1,person,422754,3
RPN,1,person,1,person,422845,3
RPN,1,person,1,person,422873,3
RPN,1,person,1,person,423807,3
RPN,1,person,1,person,423871,3
RPN,1,person,1,person,423971,3
RPN,1,person,1,person,424465,3
RPN,1,person,1,person,424576,2
RPN,1,person,1,person,424673,3
RPN,1,person,1,person,424789,3
RPN,1,person,1,person,424792,3
RPN,1,person,1,person,424879,3
RPN,1,person,1,person,424911,3
RPN,1,person,1,person,425303,3
RPN,1,person,1,person,425379,2
RPN,1,person,1,person,425715,3
RPN,1,person,1,person,425837,3
RPN,1,person,1,person,425901,3
RPN,1,person,1,person,426136,3
RPN,1,person,1,person,426236,3
RPN,1,person,1,person,426332,3
RPN,1,person,1,person,426445,3
RPN,1,person,1,person,426713,3
RPN,1,person,1,person,426889,3
RPN,1,person,1,person,426906,3
RPN,1,person,1,person,427048,3
RPN,1,person,1,person,427094,3
RPN,1,person,1,person,427150,3
RPN,1,person,1,person,427445,3
RPN,1,person,1,person,427658,3
RPN,1,person,1,person,427674,3
RPN,1,person,1,person,427709,2
RPN,1,person,1,person,427795,3
RPN,1,person,1,person,427862,3
RPN,1,person,1,person,428051,3
RPN,1,person,1,person,428148,3
RPN,1,person,1,person,428211,3
RPN,1,person,1,person,428361,3
RPN,1,person,1,person,428442,3
RPN,1,person,1,person,428481,3
RPN,1,person,1,person,428506,3
RPN,1,person,1,person,428628,3
RPN,1,person,1,person,428787,3
RPN,1,person,1,person,428963,3
RPN,1,person,1,person,428996,3
RPN,1,person,1,person,429027,3
RPN,1,person,1,person,429031,3
RPN,1,person,1,person,429444,3
RPN,1,person,1,person,429469,3
RPN,1,person,1,person,429808,3
RPN,1,person,1,person,429840,3
RPN,1,person,1,person,429855,4
RPN,1,person,1,person,429938,3
RPN,1,person,1,person,430615,3
RPN,1,person,1,person,431078,3
RPN,1,person,1,person,431079,3
RPN,1,person,1,person,431117,3
RPN,1,person,1,person,431170,3
RPN,1,person,1,person,431403,3
RPN,1,person,1,person,431577,3
RPN,1,person,1,person,431907,3
RPN,1,person,1,person,432612,3
RPN,1,person,1,person,432651,3
RPN,1,person,1,person,432884,2
RPN,1,person,1,person,433598,3
RPN,1,person,1,person,433706,3
RPN,1,person,1,person,433734,3
RPN,1,person,1,person,433814,3
RPN,1,person,1,person,433899,3
RPN,1,person,1,person,434077,3
RPN,1,person,1,person,434347,3
RPN,1,person,1,person,434537,3
RPN,1,person,1,person,434545,3
RPN,1,person,1,person,434823,3
RPN,1,person,1,person,434943,3
RPN,1,person,1,person,435058,3
RPN,1,person,1,person,435099,3
RPN,1,person,1,person,435113,3
RPN,1,person,1,person,435196,3
RPN,1,person,1,person,435247,3
RPN,1,person,1,person,435900,3
RPN,1,person,1,person,436348,3
RPN,1,person,1,person,436513,3
RPN,1,person,1,person,436716,3
RPN,1,person,1,person,436783,3
RPN,1,person,1,person,437508,3
RPN,1,person,1,person,437790,2
RPN,1,person,1,person,437862,3
RPN,1,person,1,person,437977,3
RPN,1,person,1,person,438107,3
RPN,1,person,1,person,438108,3
RPN,1,person,1,person,438163,3
RPN,1,person,1,person,438207,2
RPN,1,person,1,person,438240,3
RPN,1,person,1,person,438352,3
RPN,1,person,1,person,438458,3
RPN,1,person,1,person,438495,3
RPN,1,person,1,person,438588,3
RPN,1,person,1,person,438591,3
RPN,1,person,1,person,439078,3
RPN,1,person,1,person,439529,3
RPN,1,person,1,person,439911,3
RPN,1,person,1,person,439918,3
RPN,1,person,1,person,440218,3
RPN,1,person,1,person,440265,3
RPN,1,person,1,person,440327,1
RPN,1,person,1,person,440389,3
RPN,1,person,1,person,440555,3
RPN,1,person,1,person,440573,3
RPN,1,person,1,person,440615,3
RPN,1,person,1,person,440721,3
RPN,1,person,1,person,440804,3
RPN,1,person,1,person,440861,3
RPN,1,person,1,person,440936,1
RPN,1,person,1,person,441004,3
RPN,1,person,1,person,441094,3
RPN,1,person,1,person,441142,3
RPN,1,person,1,person,441159,3
RPN,1,person,1,person,441167,3
RPN,1,person,1,person,441187,3
RPN,1,person,1,person,441514,3
RPN,1,person,1,person,441589,3
RPN,1,person,1,person,441762,3
RPN,1,person,1,person,442015,2
RPN,1,person,1,person,442181,3
RPN,1,person,1,person,442482,3
RPN,1,person,1,person,442504,2
RPN,1,person,1,person,442710,3
RPN,1,person,1,person,442787,3
RPN,1,person,1,person,442848,3
RPN,1,person,1,person,442937,3
RPN,1,person,1,person,442962,3
RPN,1,person,1,person,443111,3
RPN,1,person,1,person,443306,2
RPN,1,person,1,person,443460,3
RPN,1,person,1,person,443461,3
RPN,1,person,1,person,443615,3
RPN,1,person,1,person,443757,3
RPN,1,person,1,person,443819,3
RPN,1,person,1,person,443845,3
RPN,1,person,1,person,443886,3
RPN,1,person,1,person,443926,3
RPN,1,person,1,person,444328,3
RPN,1,person,1,person,444397,3
RPN,1,person,1,person,444459,3
RPN,1,person,1,person,444714,3
RPN,1,person,1,person,444864,3
RPN,1,person,1,person,444873,3
RPN,1,person,1,person,444931,3
RPN,1,person,1,person,444940,3
RPN,1,person,1,person,445145,3
RPN,1,person,1,person,445249,3
RPN,1,person,1,person,445292,3
RPN,1,person,1,person,445500,3
RPN,1,person,1,person,445834,3
RPN,1,person,1,person,446146,3
RPN,1,person,1,person,446200,3
RPN,1,person,1,person,446441,3
RPN,1,person,1,person,446571,3
RPN,1,person,1,person,446865,3
RPN,1,person,1,person,447417,3
RPN,1,person,1,person,447536,3
RPN,1,person,1,person,447650,3
RPN,1,person,1,person,447671,3
RPN,1,person,1,person,447817,3
RPN,1,person,1,person,447906,3
RPN,1,person,1,person,448001,3
RPN,1,person,1,person,448034,3
RPN,1,person,1,person,448119,3
RPN,1,person,1,person,448246,3
RPN,1,person,1,person,448271,3
RPN,1,person,1,person,448303,3
RPN,1,person,1,person,448413,3
RPN,1,person,1,person,448467,3
RPN,1,person,1,person,448627,3
RPN,1,person,1,person,448696,3
RPN,1,person,1,person,448820,3
RPN,1,person,1,person,448935,3
RPN,1,person,1,person,448970,3
RPN,1,person,1,person,448997,3
RPN,1,person,1,person,449082,3
RPN,1,person,1,person,449470,3
RPN,1,person,1,person,449679,3
RPN,1,person,1,person,449795,3
RPN,1,person,1,person,450055,3
RPN,1,person,1,person,450102,3
RPN,1,person,1,person,450215,3
RPN,1,person,1,person,450350,4
RPN,1,person,1,person,450604,3
RPN,1,person,1,person,450686,3
RPN,1,person,1,person,450702,3
RPN,1,person,1,person,450718,3
RPN,1,person,1,person,450738,3
RPN,1,person,1,person,450907,3
RPN,1,person,1,person,451159,3
RPN,1,person,1,person,451327,3
RPN,1,person,1,person,451387,3
RPN,1,person,1,person,451554,3
RPN,1,person,1,person,451559,3
RPN,1,person,1,person,452058,3
RPN,1,person,1,person,452388,3
RPN,1,person,1,person,452480,3
RPN,1,person,1,person,452724,3
RPN,1,person,1,person,452866,3
RPN,1,person,1,person,453006,3
RPN,1,person,1,person,453091,1
RPN,1,person,1,person,453445,3
RPN,1,person,1,person,453588,3
RPN,1,person,1,person,453653,3
RPN,1,person,1,person,453673,3
RPN,1,person,1,person,454142,3
RPN,1,person,1,person,454209,3
RPN,1,person,1,person,454222,3
RPN,1,person,1,person,454776,3
RPN,1,person,1,person,455025,3
RPN,1,person,1,person,455045,3
RPN,1,person,1,person,455110,3
RPN,1,person,1,person,455151,3
RPN,1,person,1,person,455340,3
RPN,1,person,1,person,455367,3
RPN,1,person,1,person,455395,3
RPN,1,person,1,person,455711,3
RPN,1,person,1,person,455848,3
RPN,1,person,1,person,456198,3
RPN,1,person,1,person,456529,3
RPN,1,person,1,person,456773,3
RPN,1,person,1,person,456865,3
RPN,1,person,1,person,456927,3
RPN,1,person,1,person,457019,3
RPN,1,person,1,person,457156,3
RPN,1,person,1,person,457259,3
RPN,1,person,1,person,457473,3
RPN,1,person,1,person,457496,3
RPN,1,person,1,person,457608,3
RPN,1,person,1,person,457711,2
RPN,1,person,1,person,457770,3
RPN,1,person,1,person,457803,3
RPN,1,person,1,person,457848,3
RPN,1,person,1,person,457864,3
RPN,1,person,1,person,457867,3
RPN,1,person,1,person,457882,3
RPN,1,person,1,person,457917,3
RPN,1,person,1,person,458135,3
RPN,1,person,1,person,458262,3
RPN,1,person,1,person,458335,3
RPN,1,person,1,person,458454,3
RPN,1,person,1,person,458457,3
RPN,1,person,1,person,458461,3
RPN,1,person,1,person,458616,3
RPN,1,person,1,person,458742,3
RPN,1,person,1,person,458774,3
RPN,1,person,1,person,458956,3
RPN,1,person,1,person,459043,3
RPN,1,person,1,person,459097,3
RPN,1,person,1,person,459111,3
RPN,1,person,1,person,459147,3
RPN,1,person,1,person,459208,2
RPN,1,person,1,person,459375,3
RPN,1,person,1,person,459466,3
RPN,1,person,1,person,459567,3
RPN,1,person,1,person,459587,3
RPN,1,person,1,person,459669,3
RPN,1,person,1,person,459768,3
RPN,1,person,1,person,459801,3
RPN,1,person,1,person,459959,3
RPN,1,person,1,person,460001,3
RPN,1,person,1,person,460109,3
RPN,1,person,1,person,460555,3
RPN,1,person,1,person,460977,3
RPN,1,person,1,person,461023,3
RPN,1,person,1,person,461033,3
RPN,1,person,1,person,461380,3
RPN,1,person,1,person,461453,3
RPN,1,person,1,person,461502,3
RPN,1,person,1,person,461562,3
RPN,1,person,1,person,461684,3
RPN,1,person,1,person,461751,3
RPN,1,person,1,person,461881,3
RPN,1,person,1,person,462020,3
RPN,1,person,1,person,462106,3
RPN,1,person,1,person,462346,3
RPN,1,person,1,person,462348,3
RPN,1,person,1,person,462483,3
RPN,1,person,1,person,462553,3
RPN,1,person,1,person,462690,3
RPN,1,person,1,person,462801,3
RPN,1,person,1,person,462806,3
RPN,1,person,1,person,462867,2
RPN,1,person,1,person,463028,3
RPN,1,person,1,person,463040,3
RPN,1,person,1,person,463042,3
RPN,1,person,1,person,463321,3
RPN,1,person,1,person,463602,2
RPN,1,person,1,person,463669,3
RPN,1,person,1,person,463670,3
RPN,1,person,1,person,463684,3
RPN,1,person,1,person,463698,3
RPN,1,person,1,person,463761,3
RPN,1,person,1,person,463791,3
RPN,1,person,1,person,464233,3
RPN,1,person,1,person,464280,3
RPN,1,person,1,person,464308,3
RPN,1,person,1,person,464422,3
RPN,1,person,1,person,464637,3
RPN,1,person,1,person,464676,3
RPN,1,person,1,person,464733,3
RPN,1,person,1,person,464785,3
RPN,1,person,1,person,464823,3
RPN,1,person,1,person,464944,3
RPN,1,person,1,person,465225,3
RPN,1,person,1,person,465319,3
RPN,1,person,1,person,465601,3
RPN,1,person,1,person,465622,3
RPN,1,person,1,person,465765,3
RPN,1,person,1,person,465887,3
RPN,1,person,1,person,465908,3
RPN,1,person,1,person,465919,3
RPN,1,person,1,person,465941,3
RPN,1,person,1,person,466008,3
RPN,1,person,1,person,466013,3
RPN,1,person,1,person,466250,3
RPN,1,person,1,person,466297,3
RPN,1,person,1,person,466521,3
RPN,1,person,1,person,466589,3
RPN,1,person,1,person,466715,3
RPN,1,person,1,person,466867,3
RPN,1,person,1,person,466877,3
RPN,1,person,1,person,466880,3
RPN,1,person,1,person,466963,3
RPN,1,person,1,person,467078,3
RPN,1,person,1,person,467205,3
RPN,1,person,1,person,467238,3
RPN,1,person,1,person,467295,3
RPN,1,person,1,person,467370,3
RPN,1,person,1,person,467682,3
RPN,1,person,1,person,467696,3
RPN,1,person,1,person,467734,3
RPN,1,person,1,person,467794,3
RPN,1,person,1,person,467955,3
RPN,1,person,1,person,468257,3
RPN,1,person,1,person,468321,3
RPN,1,person,1,person,468376,3
RPN,1,person,1,person,468525,1
RPN,1,person,1,person,468669,2
RPN,1,person,1,person,468800,3
RPN,1,person,1,person,468843,2
RPN,1,person,1,person,469147,3
RPN,1,person,1,person,469311,3
RPN,1,person,1,person,469460,3
RPN,1,person,1,person,469483,3
RPN,1,person,1,person,469501,1
RPN,1,person,1,person,469534,3
RPN,1,person,1,person,469634,3
RPN,1,person,1,person,469881,3
RPN,1,person,1,person,470034,3
RPN,1,person,1,person,470088,3
RPN,1,person,1,person,470112,3
RPN,1,person,1,person,470237,3
RPN,1,person,1,person,470307,3
RPN,1,person,1,person,470682,3
RPN,1,person,1,person,470865,3
RPN,1,person,1,person,470890,3
RPN,1,person,1,person,470988,3
RPN,1,person,1,person,471017,3
RPN,1,person,1,person,471099,3
RPN,1,person,1,person,471105,2
RPN,1,person,1,person,471138,3
RPN,1,person,1,person,471417,3
RPN,1,person,1,person,471462,3
RPN,1,person,1,person,471478,3
RPN,1,person,1,person,471546,3
RPN,1,person,1,person,471607,3
RPN,1,person,1,person,471652,3
RPN,1,person,1,person,471674,3
RPN,1,person,1,person,471719,3
RPN,1,person,1,person,471851,3
RPN,1,person,1,person,471989,3
RPN,1,person,1,person,472031,2
RPN,1,person,1,person,472104,3
RPN,1,person,1,person,472188,3
RPN,1,person,1,person,472323,3
RPN,1,person,1,person,472690,3
RPN,1,person,1,person,472773,3
RPN,1,person,1,person,472813,3
RPN,1,person,1,person,472990,3
RPN,1,person,1,person,473060,4
RPN,1,person,1,person,473321,3
RPN,1,person,1,person,473562,3
RPN,1,person,1,person,473601,3
RPN,1,person,1,person,473791,2
RPN,1,person,1,person,473946,2
RPN,1,person,1,person,474021,4
RPN,1,person,1,person,474103,2
RPN,1,person,1,person,474150,3
RPN,1,person,1,person,474193,3
RPN,1,person,1,person,474195,3
RPN,1,person,1,person,474228,3
RPN,1,person,1,person,474332,3
RPN,1,person,1,person,474354,3
RPN,1,person,1,person,474471,3
RPN,1,person,1,person,474473,2
RPN,1,person,1,person,474534,3
RPN,1,person,1,person,474581,3
RPN,1,person,1,person,474674,3
RPN,1,person,1,person,475018,3
RPN,1,person,1,person,475053,3
RPN,1,person,1,person,475105,3
RPN,1,person,1,person,475185,3
RPN,1,person,1,person,475209,3
RPN,1,person,1,person,475501,3
RPN,1,person,1,person,475546,3
RPN,1,person,1,person,475742,3
RPN,1,person,1,person,475982,3
RPN,1,person,1,person,476031,3
RPN,1,person,1,person,476344,3
RPN,1,person,1,person,476345,1
RPN,1,person,1,person,476766,3
RPN,1,person,1,person,476773,3
RPN,1,person,1,person,476790,3
RPN,1,person,1,person,476913,3
RPN,1,person,1,person,477026,3
RPN,1,person,1,person,477088,3
RPN,1,person,1,person,477171,3
RPN,1,person,1,person,477367,3
RPN,1,person,1,person,477407,3
RPN,1,person,1,person,477451,3
RPN,1,person,1,person,477590,3
RPN,1,person,1,person,477623,3
RPN,1,person,1,person,477767,3
RPN,1,person,1,person,477914,3
RPN,1,person,1,person,478056,3
RPN,1,person,1,person,478098,3
RPN,1,person,1,person,478153,3
RPN,1,person,1,person,478235,3
RPN,1,person,1,person,478241,3
RPN,1,person,1,person,478257,3
RPN,1,person,1,person,478436,3
RPN,1,person,1,person,478471,3
RPN,1,person,1,person,478510,3
RPN,1,person,1,person,478607,3
RPN,1,person,1,person,478698,3
RPN,1,person,1,person,478931,3
RPN,1,person,1,person,479013,3
RPN,1,person,1,person,479040,3
RPN,1,person,1,person,479107,3
RPN,1,person,1,person,479375,3
RPN,1,person,1,person,479631,3
RPN,1,person,1,person,479903,3
RPN,1,person,1,person,480067,3
RPN,1,person,1,person,480910,3
RPN,1,person,1,person,481042,3
RPN,1,person,1,person,481118,3
RPN,1,person,1,person,481362,3
RPN,1,person,1,person,481431,3
RPN,1,person,1,person,481568,3
RPN,1,person,1,person,481631,3
RPN,1,person,1,person,481777,3
RPN,1,person,1,person,481814,3
RPN,1,person,1,person,481879,1
RPN,1,person,1,person,482117,3
RPN,1,person,1,person,482127,3
RPN,1,person,1,person,482381,2
RPN,1,person,1,person,482496,3
RPN,1,person,1,person,482576,3
RPN,1,person,1,person,482653,3
RPN,1,person,1,person,482816,3
RPN,1,person,1,person,482876,3
RPN,1,person,1,person,482886,3
RPN,1,person,1,person,482960,3
RPN,1,person,1,person,483083,3
RPN,1,person,1,person,483107,3
RPN,1,person,1,person,483169,3
RPN,1,person,1,person,483245,3
RPN,1,person,1,person,483364,3
RPN,1,person,1,person,483401,3
RPN,1,person,1,person,483419,3
RPN,1,person,1,person,483438,3
RPN,1,person,1,person,483473,3
RPN,1,person,1,person,483940,3
RPN,1,person,1,person,483945,3
RPN,1,person,1,person,484507,3
RPN,1,person,1,person,484552,1
RPN,1,person,1,person,484584,3
RPN,1,person,1,person,484664,3
RPN,1,person,1,person,484670,3
RPN,1,person,1,person,484684,3
RPN,1,person,1,person,484755,3
RPN,1,person,1,person,485057,3
RPN,1,person,1,person,485157,3
RPN,1,person,1,person,485219,3
RPN,1,person,1,person,485318,3
RPN,1,person,1,person,485581,3
RPN,1,person,1,person,485616,3
RPN,1,person,1,person,485746,3
RPN,1,person,1,person,485902,1
RPN,1,person,1,person,485976,3
RPN,1,person,1,person,485992,3
RPN,1,person,1,person,485999,3
RPN,1,person,1,person,486238,3
RPN,1,person,1,person,486253,3
RPN,1,person,1,person,486333,3
RPN,1,person,1,person,486347,3
RPN,1,person,1,person,486376,3
RPN,1,person,1,person,486509,3
RPN,1,person,1,person,486675,3
RPN,1,person,1,person,486835,3
RPN,1,person,1,person,487016,3
RPN,1,person,1,person,487242,3
RPN,1,person,1,person,487252,3
RPN,1,person,1,person,487343,3
RPN,1,person,1,person,487449,3
RPN,1,person,1,person,487570,3
RPN,1,person,1,person,487676,3
RPN,1,person,1,person,487734,3
RPN,1,person,1,person,487862,3
RPN,1,person,1,person,488199,3
RPN,1,person,1,person,488245,3
RPN,1,person,1,person,488310,3
RPN,1,person,1,person,488315,3
RPN,1,person,1,person,488330,3
RPN,1,person,1,person,488434,3
RPN,1,person,1,person,488511,3
RPN,1,person,1,person,488543,3
RPN,1,person,1,person,488640,3
RPN,1,person,1,person,488802,3
RPN,1,person,1,person,488869,3
RPN,1,person,1,person,489043,3
RPN,1,person,1,person,489186,3
RPN,1,person,1,person,489430,3
RPN,1,person,1,person,489571,3
RPN,1,person,1,person,489574,3
RPN,1,person,1,person,489684,3
RPN,1,person,1,person,489715,3
RPN,1,person,1,person,489742,3
RPN,1,person,1,person,489792,3
RPN,1,person,1,person,489830,3
RPN,1,person,1,person,489914,3
RPN,1,person,1,person,490262,3
RPN,1,person,1,person,490364,3
RPN,1,person,1,person,490375,3
RPN,1,person,1,person,490448,3
RPN,1,person,1,person,490450,3
RPN,1,person,1,person,490453,3
RPN,1,person,1,person,490486,3
RPN,1,person,1,person,490576,3
RPN,1,person,1,person,490789,3
RPN,1,person,1,person,490893,3
RPN,1,person,1,person,490961,3
RPN,1,person,1,person,491064,3
RPN,1,person,1,person,491155,3
RPN,1,person,1,person,491469,3
RPN,1,person,1,person,491896,2
RPN,1,person,1,person,492310,3
RPN,1,person,1,person,492541,3
RPN,1,person,1,person,492578,3
RPN,1,person,1,person,492632,3
RPN,1,person,1,person,492668,3
RPN,1,person,1,person,492802,3
RPN,1,person,1,person,492803,3
RPN,1,person,1,person,492809,3
RPN,1,person,1,person,492924,3
RPN,1,person,1,person,493291,3
RPN,1,person,1,person,493308,3
RPN,1,person,1,person,493470,3
RPN,1,person,1,person,493499,3
RPN,1,person,1,person,493687,3
RPN,1,person,1,person,493975,3
RPN,1,person,1,person,494270,3
RPN,1,person,1,person,494289,3
RPN,1,person,1,person,494311,3
RPN,1,person,1,person,494387,3
RPN,1,person,1,person,494453,3
RPN,1,person,1,person,494675,3
RPN,1,person,1,person,494704,3
RPN,1,person,1,person,494750,3
RPN,1,person,1,person,494854,3
RPN,1,person,1,person,495168,3
RPN,1,person,1,person,495277,3
RPN,1,person,1,person,495494,3
RPN,1,person,1,person,495616,3
RPN,1,person,1,person,495826,3
RPN,1,person,1,person,495890,3
RPN,1,person,1,person,496504,3
RPN,1,person,1,person,496559,3
RPN,1,person,1,person,496977,3
RPN,1,person,1,person,497056,3
RPN,1,person,1,person,497365,3
RPN,1,person,1,person,497377,3
RPN,1,person,1,person,497473,3
RPN,1,person,1,person,497575,3
RPN,1,person,1,person,497628,3
RPN,1,person,1,person,497906,3
RPN,1,person,1,person,497937,3
RPN,1,person,1,person,498122,2
RPN,1,person,1,person,498221,2
RPN,1,person,1,person,498399,1
RPN,1,person,1,person,498627,3
RPN,1,person,1,person,498705,3
RPN,1,person,1,person,498728,3
RPN,1,person,1,person,498803,3
RPN,1,person,1,person,498903,3
RPN,1,person,1,person,499094,3
RPN,1,person,1,person,499184,3
RPN,1,person,1,person,499261,3
RPN,1,person,1,person,499263,3
RPN,1,person,1,person,499421,3
RPN,1,person,1,person,499541,3
RPN,1,person,1,person,499595,3
RPN,1,person,1,person,499719,3
RPN,1,person,1,person,499734,4
RPN,1,person,1,person,499809,2
RPN,1,person,1,person,499906,3
RPN,1,person,1,person,500556,3
RPN,1,person,1,person,500859,3
RPN,1,person,1,person,500888,2
RPN,1,person,1,person,501019,1
RPN,1,person,1,person,501032,3
RPN,1,person,1,person,501074,3
RPN,1,person,1,person,501345,3
RPN,1,person,1,person,501461,3
RPN,1,person,1,person,501662,3
RPN,1,person,1,person,502005,3
RPN,1,person,1,person,502114,3
RPN,1,person,1,person,502191,3
RPN,1,person,1,person,502208,3
RPN,1,person,1,person,502899,2
RPN,1,person,1,person,503059,3
RPN,1,person,1,person,503147,3
RPN,1,person,1,person,503183,3
RPN,1,person,1,person,503201,3
RPN,1,person,1,person,503265,3
RPN,1,person,1,person,503603,3
RPN,1,person,1,person,503652,3
RPN,1,person,1,person,503695,3
RPN,1,person,1,person,503910,3
RPN,1,person,1,person,504349,4
RPN,1,person,1,person,504466,3
RPN,1,person,1,person,504492,3
RPN,1,person,1,person,504495,3
RPN,1,person,1,person,504738,3
RPN,1,person,1,person,504934,3
RPN,1,person,1,person,505070,3
RPN,1,person,1,person,505119,3
RPN,1,person,1,person,505347,3
RPN,1,person,1,person,505436,3
RPN,1,person,1,person,505470,3
RPN,1,person,1,person,505585,3
RPN,1,person,1,person,505614,3
RPN,1,person,1,person,505906,3
RPN,1,person,1,person,506125,3
RPN,1,person,1,person,506276,3
RPN,1,person,1,person,506371,3
RPN,1,person,1,person,506560,3
RPN,1,person,1,person,506735,3
RPN,1,person,1,person,506785,3
RPN,1,person,1,person,506962,3
RPN,1,person,1,person,507151,3
RPN,1,person,1,person,507197,3
RPN,1,person,1,person,507531,3
RPN,1,person,1,person,507614,3
RPN,1,person,1,person,507699,3
RPN,1,person,1,person,507717,3
RPN,1,person,1,person,508067,3
RPN,1,person,1,person,508246,3
RPN,1,person,1,person,508325,3
RPN,1,person,1,person,508475,3
RPN,1,person,1,person,508634,3
RPN,1,person,1,person,508885,3
RPN,1,person,1,person,509043,3
RPN,1,person,1,person,509341,2
RPN,1,person,1,person,509342,3
RPN,1,person,1,person,509504,3
RPN,1,person,1,person,509710,2
RPN,1,person,1,person,510124,3
RPN,1,person,1,person,510372,3
RPN,1,person,1,person,510855,3
RPN,1,person,1,person,511033,3
RPN,1,person,1,person,511527,3
RPN,1,person,1,person,511856,3
RPN,1,person,1,person,511888,3
RPN,1,person,1,person,512436,3
RPN,1,person,1,person,512528,2
RPN,1,person,1,person,512624,3
RPN,1,person,1,person,512780,3
RPN,1,person,1,person,512798,3
RPN,1,person,1,person,513035,3
RPN,1,person,1,person,513119,3
RPN,1,person,1,person,513172,3
RPN,1,person,1,person,513208,3
RPN,1,person,1,person,513431,3
RPN,1,person,1,person,513577,3
RPN,1,person,1,person,513701,3
RPN,1,person,1,person,513734,3
RPN,1,person,1,person,513756,3
RPN,1,person,1,person,513792,3
RPN,1,person,1,person,514054,3
RPN,1,person,1,person,514468,3
RPN,1,person,1,person,514568,3
RPN,1,person,1,person,514615,3
RPN,1,person,1,person,514657,3
RPN,1,person,1,person,514884,3
RPN,1,person,1,person,514926,3
RPN,1,person,1,person,515018,3
RPN,1,person,1,person,515102,3
RPN,1,person,1,person,515179,2
RPN,1,person,1,person,515193,3
RPN,1,person,1,person,515313,3
RPN,1,person,1,person,515455,3
RPN,1,person,1,person,515495,3
RPN,1,person,1,person,515515,3
RPN,1,person,1,person,515673,3
RPN,1,person,1,person,515790,3
RPN,1,person,1,person,516148,3
RPN,1,person,1,person,516151,3
RPN,1,person,1,person,516160,3
RPN,1,person,1,person,516208,2
RPN,1,person,1,person,516436,3
RPN,1,person,1,person,516584,3
RPN,1,person,1,person,516617,2
RPN,1,person,1,person,516933,2
RPN,1,person,1,person,517144,2
RPN,1,person,1,person,517197,3
RPN,1,person,1,person,517234,3
RPN,1,person,1,person,517428,3
RPN,1,person,1,person,517456,3
RPN,1,person,1,person,518069,3
RPN,1,person,1,person,518130,3
RPN,1,person,1,person,518190,3
RPN,1,person,1,person,518312,2
RPN,1,person,1,person,518682,3
RPN,1,person,1,person,518713,3
RPN,1,person,1,person,518744,3
RPN,1,person,1,person,518906,2
RPN,1,person,1,person,519067,3
RPN,1,person,1,person,519216,3
RPN,1,person,1,person,519483,3
RPN,1,person,1,person,519603,3
RPN,1,person,1,person,519648,3
RPN,1,person,1,person,520291,3
RPN,1,person,1,person,520316,3
RPN,1,person,1,person,520346,3
RPN,1,person,1,person,520436,3
RPN,1,person,1,person,520495,3
RPN,1,person,1,person,520632,3
RPN,1,person,1,person,520753,3
RPN,1,person,1,person,520855,3
RPN,1,person,1,person,520874,2
RPN,1,person,1,person,520906,3
RPN,1,person,1,person,521058,3
RPN,1,person,1,person,521166,3
RPN,1,person,1,person,521304,4
RPN,1,person,1,person,521306,3
RPN,1,person,1,person,521716,3
RPN,1,person,1,person,522033,3
RPN,1,person,1,person,522204,2
RPN,1,person,1,person,522262,3
RPN,1,person,1,person,522315,3
RPN,1,person,1,person,522844,3
RPN,1,person,1,person,523455,3
RPN,1,person,1,person,523456,2
RPN,1,person,1,person,523805,3
RPN,1,person,1,person,524140,3
RPN,1,person,1,person,524389,3
RPN,1,person,1,person,524836,3
RPN,1,person,1,person,524863,3
RPN,1,person,1,person,525134,3
RPN,1,person,1,person,525200,2
RPN,1,person,1,person,525281,2
RPN,1,person,1,person,525760,3
RPN,1,person,1,person,525768,3
RPN,1,person,1,person,526172,3
RPN,1,person,1,person,526426,3
RPN,1,person,1,person,526879,3
RPN,1,person,1,person,527077,3
RPN,1,person,1,person,527248,3
RPN,1,person,1,person,527319,3
RPN,1,person,1,person,527757,3
RPN,1,person,1,person,527829,3
RPN,1,person,1,person,528482,3
RPN,1,person,1,person,528800,2
RPN,1,person,1,person,529021,3
RPN,1,person,1,person,529354,3
RPN,1,person,1,person,529599,3
RPN,1,person,1,person,529715,3
RPN,1,person,1,person,529782,3
RPN,1,person,1,person,529956,3
RPN,1,person,1,person,529999,3
RPN,1,person,1,person,530460,3
RPN,1,person,1,person,530463,3
RPN,1,person,1,person,530639,3
RPN,1,person,1,person,530701,3
RPN,1,person,1,person,530765,3
RPN,1,person,1,person,530796,3
RPN,1,person,1,person,530972,3
RPN,1,person,1,person,531244,3
RPN,1,person,1,person,531303,3
RPN,1,person,1,person,531416,3
RPN,1,person,1,person,531457,3
RPN,1,person,1,person,531708,2
RPN,1,person,1,person,531752,3
RPN,1,person,1,person,531777,3
RPN,1,person,1,person,531913,3
RPN,1,person,1,person,531968,3
RPN,1,person,1,person,532234,3
RPN,1,person,1,person,532278,3
RPN,1,person,1,person,533388,3
RPN,1,person,1,person,533443,3
RPN,1,person,1,person,533587,3
RPN,1,person,1,person,533796,3
RPN,1,person,1,person,533901,3
RPN,1,person,1,person,534165,3
RPN,1,person,1,person,534265,3
RPN,1,person,1,person,534546,3
RPN,1,person,1,person,534605,3
RPN,1,person,1,person,534740,3
RPN,1,person,1,person,535146,4
RPN,1,person,1,person,535180,3
RPN,1,person,1,person,535539,3
RPN,1,person,1,person,536014,3
RPN,1,person,1,person,536403,3
RPN,1,person,1,person,536694,3
RPN,1,person,1,person,536845,1
RPN,1,person,1,person,537187,2
RPN,1,person,1,person,537261,3
RPN,1,person,1,person,537445,3
RPN,1,person,1,person,537530,3
RPN,1,person,1,person,537870,3
RPN,1,person,1,person,538153,3
RPN,1,person,1,person,538165,3
RPN,1,person,1,person,538277,3
RPN,1,person,1,person,538325,3
RPN,1,person,1,person,538334,3
RPN,1,person,1,person,538737,3
RPN,1,person,1,person,539144,3
RPN,1,person,1,person,539249,3
RPN,1,person,1,person,539352,3
RPN,1,person,1,person,539551,3
RPN,1,person,1,person,539703,3
RPN,1,person,1,person,540130,3
RPN,1,person,1,person,541972,3
RPN,1,person,1,person,542210,3
RPN,1,person,1,person,542512,3
RPN,1,person,1,person,542599,3
RPN,1,person,1,person,542642,3
RPN,1,person,1,person,542728,3
RPN,1,person,1,person,543135,3
RPN,1,person,1,person,543396,3
RPN,1,person,1,person,543486,3
RPN,1,person,1,person,543487,3
RPN,1,person,1,person,543555,3
RPN,1,person,1,person,544024,3
RPN,1,person,1,person,544355,3
RPN,1,person,1,person,544365,3
RPN,1,person,1,person,544579,2
RPN,1,person,1,person,544969,3
RPN,1,person,1,person,545070,3
RPN,1,person,1,person,545135,3
RPN,1,person,1,person,545146,3
RPN,1,person,1,person,545424,3
RPN,1,person,1,person,545505,2
RPN,1,person,1,person,546014,3
RPN,1,person,1,person,547078,3
RPN,1,person,1,person,547250,3
RPN,1,person,1,person,547302,3
RPN,1,person,1,person,547410,3
RPN,1,person,1,person,547607,3
RPN,1,person,1,person,547869,3
RPN,1,person,1,person,548461,3
RPN,1,person,1,person,548500,2
RPN,1,person,1,person,549269,3
RPN,1,person,1,person,549295,3
RPN,1,person,1,person,549305,3
RPN,1,person,1,person,549393,3
RPN,1,person,1,person,549444,3
RPN,1,person,1,person,550407,3
RPN,1,person,1,person,551004,3
RPN,1,person,1,person,551049,3
RPN,1,person,1,person,552166,3
RPN,1,person,1,person,553771,2
RPN,1,person,1,person,554035,3
RPN,1,person,1,person,554043,3
RPN,1,person,1,person,554067,3
RPN,1,person,1,person,554296,3
RPN,1,person,1,person,554353,3
RPN,1,person,1,person,554370,3
RPN,1,person,1,person,554496,3
RPN,1,person,1,person,554608,3
RPN,1,person,1,person,554903,3
RPN,1,person,1,person,555697,3
RPN,1,person,1,person,555812,3
RPN,1,person,1,person,555912,3
RPN,1,person,1,person,556260,3
RPN,1,person,1,person,556468,3
RPN,1,person,1,person,556811,3
RPN,1,person,1,person,556827,3
RPN,1,person,1,person,556910,3
RPN,1,person,1,person,557026,3
RPN,1,person,1,person,557463,3
RPN,1,person,1,person,557613,3
RPN,1,person,1,person,557854,2
RPN,1,person,1,person,557897,3
RPN,1,person,1,person,558656,3
RPN,1,person,1,person,560855,3
RPN,1,person,1,person,561533,3
RPN,1,person,1,person,561551,3
RPN,1,person,1,person,561596,3
RPN,1,person,1,person,561786,3
RPN,1,person,1,person,562303,3
RPN,1,person,1,person,562484,3
RPN,1,person,1,person,562949,3
RPN,1,person,1,person,563648,3
RPN,1,person,1,person,564981,3
RPN,1,person,1,person,565387,3
RPN,1,person,1,person,565460,3
RPN,1,person,1,person,565491,3
RPN,1,person,1,person,566270,3
RPN,1,person,1,person,567504,3
RPN,1,person,1,person,567534,3
RPN,1,person,1,person,568429,3
RPN,1,person,1,person,568803,3
RPN,1,person,1,person,568922,3
RPN,1,person,1,person,568955,3
RPN,1,person,1,person,569334,3
RPN,1,person,1,person,569519,3
RPN,1,person,1,person,570022,2
RPN,1,person,1,person,570027,3
RPN,1,person,1,person,570458,2
RPN,1,person,1,person,570535,3
RPN,1,person,1,person,570557,3
RPN,1,person,1,person,1189019,3
RPN,1,person,1,person,1189290,3
RPN,1,person,1,person,1189409,3
RPN,1,person,1,person,1200551,3
RPN,1,person,1,person,1200720,4
RPN,1,person,1,person,1200730,3
RPN,1,person,1,person,1201134,3
RPN,1,person,1,person,1201210,3
RPN,1,person,1,person,1201897,3
RPN,1,person,1,person,1201992,3
RPN,1,person,1,person,1202048,3
RPN,1,person,1,person,1202319,3
RPN,1,person,1,person,1203643,3
RPN,1,person,1,person,1204131,2
RPN,1,person,1,person,1204147,3
RPN,1,person,1,person,1204333,3
RPN,1,person,1,person,1204630,3
RPN,1,person,1,person,1205518,3
RPN,1,person,1,person,1206142,3
RPN,1,person,1,person,1206511,3
RPN,1,person,1,person,1206533,3
RPN,1,person,1,person,1206747,3
RPN,1,person,1,person,1207243,3
RPN,1,person,1,person,1207315,2
RPN,1,person,1,person,1208151,3
RPN,1,person,1,person,1208299,3
RPN,1,person,1,person,1208565,3
RPN,1,person,1,person,1208680,3
RPN,1,person,1,person,1208825,3
RPN,1,person,1,person,1209089,3
RPN,1,person,1,person,1209881,3
RPN,1,person,1,person,1210386,2
RPN,1,person,1,person,1210631,3
RPN,1,person,1,person,1210714,3
RPN,1,person,1,person,1210853,2
RPN,1,person,1,person,1210963,3
RPN,1,person,1,person,1211515,3
RPN,1,person,1,person,1211554,3
RPN,1,person,1,person,1211679,3
RPN,1,person,1,person,1211893,3
RPN,1,person,1,person,1212039,3
RPN,1,person,1,person,1212451,3
RPN,1,person,1,person,1212567,3
RPN,1,person,1,person,1212812,3
RPN,1,person,1,person,1213168,3
RPN,1,person,1,person,1213502,3
RPN,1,person,1,person,1213525,2
RPN,1,person,1,person,1213740,3
RPN,1,person,1,person,1214012,3
RPN,1,person,1,person,1214979,3
RPN,1,person,1,person,1215316,3
RPN,1,person,1,person,1215419,3
RPN,1,person,1,person,1215906,3
RPN,1,person,1,person,1216219,2
RPN,1,person,1,person,1216316,3
RPN,1,person,1,person,1216381,2
RPN,1,person,1,person,1217802,3
RPN,1,person,1,person,1219171,3
RPN,1,person,1,person,1219181,3
RPN,1,person,1,person,1220056,3
RPN,1,person,1,person,1221023,2
RPN,1,person,1,person,1221191,3
RPN,1,person,1,person,1221424,2
RPN,1,person,1,person,1221670,3
RPN,1,person,1,person,1222811,3
RPN,1,person,1,person,1222925,4
RPN,1,person,1,person,1223125,3
RPN,1,person,1,person,1223252,3
RPN,1,person,1,person,1223382,3
RPN,1,person,1,person,1223420,3
RPN,1,person,1,person,1223853,3
RPN,1,person,1,person,1223855,3
RPN,1,person,1,person,1224143,3
RPN,1,person,1,person,1224294,3
RPN,1,person,1,person,1224488,3
RPN,1,person,1,person,1224861,3
RPN,1,person,1,person,1225418,3
RPN,1,person,1,person,1225528,3
RPN,1,person,1,person,1225634,3
RPN,1,person,1,person,1225888,3
RPN,1,person,1,person,1226048,3
RPN,1,person,1,person,1226214,3
RPN,1,person,1,person,1226371,3
RPN,1,person,1,person,1226510,3
RPN,1,person,1,person,1226579,3
RPN,1,person,1,person,1226671,3
RPN,1,person,1,person,1226867,3
RPN,1,person,1,person,1227169,3
RPN,1,person,1,person,1227269,3
RPN,1,person,1,person,1227271,2
RPN,1,person,1,person,1227319,3
RPN,1,person,1,person,1228142,3
RPN,1,person,1,person,1228756,2
RPN,1,person,1,person,1228909,3
RPN,1,person,1,person,1229117,3
RPN,1,person,1,person,1229195,3
RPN,1,person,1,person,1229403,3
RPN,1,person,1,person,1229742,3
RPN,1,person,1,person,1230172,3
RPN,1,person,1,person,1230552,2
RPN,1,person,1,person,1230890,3
RPN,1,person,1,person,1231104,3
RPN,1,person,1,person,1231175,3
RPN,1,person,1,person,1231638,3
RPN,1,person,1,person,1232008,3
RPN,1,person,1,person,1232172,2
RPN,1,person,1,person,1232274,3
RPN,1,person,1,person,1232487,3
RPN,1,person,1,person,1232692,3
RPN,1,person,1,person,1232873,3
RPN,1,person,1,person,1233168,3
RPN,1,person,1,person,1233203,3
RPN,1,person,1,person,1233505,3
RPN,1,person,1,person,1235119,3
RPN,1,person,1,person,1236132,3
RPN,1,person,1,person,1236499,3
RPN,1,person,1,person,1236552,3
RPN,1,person,1,person,1236618,3
RPN,1,person,1,person,1236764,3
RPN,1,person,1,person,1237010,2
RPN,1,person,1,person,1237381,2
RPN,1,person,1,person,1237999,3
RPN,1,person,1,person,1238418,3
RPN,1,person,1,person,1239052,3
RPN,1,person,1,person,1239915,3
RPN,1,person,1,person,1240455,3
RPN,1,person,1,person,1240996,3
RPN,1,person,1,person,1241982,3
RPN,1,person,1,person,1242031,4
RPN,1,person,1,person,1242930,3
RPN,1,person,1,person,1243135,3
RPN,1,person,1,person,1243144,3
RPN,1,person,1,person,1243435,2
RPN,1,person,1,person,1243553,3
RPN,1,person,1,person,1243600,3
RPN,1,person,1,person,1243787,3
RPN,1,person,1,person,1243789,3
RPN,1,person,1,person,1243798,3
RPN,1,person,1,person,1244814,3
RPN,1,person,1,person,1245131,3
RPN,1,person,1,person,1245422,3
RPN,1,person,1,person,1246479,3
RPN,1,person,1,person,1247053,3
RPN,1,person,1,person,1247168,3
RPN,1,person,1,person,1247241,3
RPN,1,person,1,person,1247329,3
RPN,1,person,1,person,1247519,3
RPN,1,person,1,person,1247819,3
RPN,1,person,1,person,1248244,3
RPN,1,person,1,person,1248631,3
RPN,1,person,1,person,1248701,2
RPN,1,person,1,person,1249088,3
RPN,1,person,1,person,1249864,3
RPN,1,person,1,person,1252020,3
RPN,1,person,1,person,1252243,3
RPN,1,person,1,person,1253456,3
RPN,1,person,1,person,1253497,3
RPN,1,person,1,person,1253687,3
RPN,1,person,1,person,1253918,3
RPN,1,person,1,person,1254299,3
RPN,1,person,1,person,1254480,3
RPN,1,person,1,person,1254525,3
RPN,1,person,1,person,1254599,3
RPN,1,person,1,person,1254825,3
RPN,1,person,1,person,1255057,3
RPN,1,person,1,person,1255298,3
RPN,1,person,1,person,1255434,2
RPN,1,person,1,person,1255435,3
RPN,1,person,1,person,1256121,3
RPN,1,person,1,person,1256337,3
RPN,1,person,1,person,1256487,3
RPN,1,person,1,person,1256733,3
RPN,1,person,1,person,1256959,3
RPN,1,person,1,person,1257222,3
RPN,1,person,1,person,1257337,3
RPN,1,person,1,person,1257555,3
RPN,1,person,1,person,1257855,3
RPN,1,person,1,person,1258004,3
RPN,1,person,1,person,1258164,3
RPN,1,person,1,person,1258747,3
RPN,1,person,1,person,1258923,3
RPN,1,person,1,person,1258986,3
RPN,1,person,1,person,1259402,3
RPN,1,person,1,person,1259440,3
RPN,1,person,1,person,1259868,3
RPN,1,person,1,person,1260113,3
RPN,1,person,1,person,1261503,3
RPN,1,person,1,person,1261514,3
RPN,1,person,1,person,1262527,3
RPN,1,person,1,person,1263360,3
RPN,1,person,1,person,1263534,3
RPN,1,person,1,person,1263876,3
RPN,1,person,1,person,1263999,2
RPN,1,person,1,person,1264317,3
RPN,1,person,1,person,1264566,3
RPN,1,person,1,person,1265114,3
RPN,1,person,1,person,1265445,3
RPN,1,person,1,person,1265479,2
RPN,1,person,1,person,1265839,3
RPN,1,person,1,person,1265888,3
RPN,1,person,1,person,1266424,3
RPN,1,person,1,person,1267104,3
RPN,1,person,1,person,1267416,3
RPN,1,person,1,person,1267494,3
RPN,1,person,1,person,1268000,3
RPN,1,person,1,person,1268261,3
RPN,1,person,1,person,1268625,3
RPN,1,person,1,person,1269070,3
RPN,1,person,1,person,1269400,3
RPN,1,person,1,person,1269487,3
RPN,1,person,1,person,1270122,3
RPN,1,person,1,person,1270393,3
RPN,1,person,1,person,1270461,2
RPN,1,person,1,person,1270797,3
RPN,1,person,1,person,1271260,3
RPN,1,person,1,person,1271283,3
RPN,1,person,1,person,1271311,3
RPN,1,person,1,person,1272966,3
RPN,1,person,1,person,1273672,3
RPN,1,person,1,person,1273794,3
RPN,1,person,1,person,1274012,2
RPN,1,person,1,person,1274996,3
RPN,1,person,1,person,1275080,3
RPN,1,person,1,person,1275121,3
RPN,1,person,1,person,1275333,3
RPN,1,person,1,person,1275873,3
RPN,1,person,1,person,1276081,3
RPN,1,person,1,person,1276935,3
RPN,1,person,1,person,1278747,3
RPN,1,person,1,person,1279369,3
RPN,1,person,1,person,1279457,3
RPN,1,person,1,person,1280177,3
RPN,1,person,1,person,1280397,3
RPN,1,person,1,person,1280566,3
RPN,1,person,1,person,1280600,4
RPN,1,person,1,person,1281584,3
RPN,1,person,1,person,1282486,3
RPN,1,person,1,person,1282721,3
RPN,1,person,1,person,1285030,3
RPN,1,person,1,person,1285068,3
RPN,1,person,1,person,1285219,2
RPN,1,person,1,person,1285454,2
RPN,1,person,1,person,1285752,2
RPN,1,person,1,person,1286095,3
RPN,1,person,1,person,1286823,3
RPN,1,person,1,person,1286863,3
RPN,1,person,1,person,1287561,2
RPN,1,person,1,person,1288278,3
RPN,1,person,1,person,1288906,3
RPN,1,person,1,person,1289298,1
RPN,1,person,1,person,1289488,3
RPN,1,person,1,person,1291158,3
RPN,1,person,1,person,1292380,2
RPN,1,person,1,person,1292597,3
RPN,1,person,1,person,1294093,3
RPN,1,person,1,person,1294784,2
RPN,1,person,1,person,1294806,3
RPN,1,person,1,person,1295154,3
RPN,1,person,1,person,1296181,2
RPN,1,person,1,person,1297055,2
RPN,1,person,1,person,1297272,3
RPN,1,person,1,person,1297468,3
RPN,1,person,1,person,1298043,2
RPN,1,person,1,person,1299850,3
RPN,1,person,1,person,1300412,4
RPN,1,person,1,person,1301596,3
RPN,1,person,1,person,1301701,2
RPN,1,person,1,person,1301951,3
RPN,1,person,1,person,1302178,2
RPN,1,person,1,person,1302282,2
RPN,1,person,1,person,1302378,2
RPN,1,person,1,person,1303383,3
RPN,1,person,1,person,1303931,3
RPN,1,person,1,person,1304061,3
RPN,1,person,1,person,1304826,3
RPN,1,person,1,person,1305050,3
RPN,1,person,1,person,1305942,3
RPN,1,person,1,person,1306676,2
RPN,1,person,1,person,1307758,3
RPN,1,person,1,person,1307951,3
RPN,1,person,1,person,1308059,3
RPN,1,person,1,person,1308600,3
RPN,1,person,1,person,1308776,3
RPN,1,person,1,person,1309118,3
RPN,1,person,1,person,1309194,3
RPN,1,person,1,person,1310391,3
RPN,1,person,1,person,1310417,3
RPN,1,person,1,person,1310910,3
RPN,1,person,1,person,1311931,3
RPN,1,person,1,person,1313895,3
RPN,1,person,1,person,1314276,2
RPN,1,person,1,person,1314654,3
RPN,1,person,1,person,1314769,3
RPN,1,person,1,person,1314808,2
RPN,1,person,1,person,1315600,3
RPN,1,person,1,person,1316695,3
RPN,1,person,1,person,1317147,3
RPN,1,person,1,person,1317917,3
RPN,1,person,1,person,1318246,3
RPN,1,person,1,person,1319341,3
RPN,1,person,1,person,1319726,3
RPN,1,person,1,person,1319873,3
RPN,1,person,1,person,1320552,3
RPN,1,person,1,person,1323376,2
RPN,1,person,1,person,1324241,3
RPN,1,person,1,person,1324285,2
RPN,1,person,1,person,1325527,2
RPN,1,person,1,person,1325633,3
RPN,1,person,1,person,1325635,3
RPN,1,person,1,person,1326964,3
RPN,1,person,1,person,1327787,3
RPN,1,person,1,person,1330861,3
RPN,1,person,1,person,1331492,2
RPN,1,person,1,person,1331801,3
RPN,1,person,1,person,1332346,3
RPN,1,person,1,person,1332364,3
RPN,1,person,1,person,1676620,3
RPN,1,person,1,person,1678300,3
RPN,1,person,1,person,1678379,3
RPN,1,person,1,person,1678398,3
RPN,1,person,1,person,1679072,3
RPN,1,person,1,person,1679436,3
RPN,1,person,1,person,1680366,3
RPN,1,person,1,person,1682103,3
RPN,1,person,1,person,1682791,3
RPN,1,person,1,person,1682805,3
RPN,1,person,1,person,1684475,1
RPN,1,person,1,person,1686173,3
RPN,1,person,1,person,1687603,3
RPN,1,person,1,person,1690136,3
RPN,1,person,1,person,1690898,3
RPN,1,person,1,person,1691243,3
RPN,1,person,1,person,1697125,3
RPN,1,person,1,person,1697173,3
RPN,1,person,1,person,1697258,3
RPN,1,person,1,person,1698822,3
RPN,1,person,1,person,1701660,3
RPN,1,person,1,person,1703208,3
RPN,1,person,1,person,1704537,3
RPN,1,person,1,person,1704929,2
RPN,1,person,1,person,1706357,3
RPN,1,person,1,person,1706457,3
RPN,1,person,1,person,1706495,3
RPN,1,person,1,person,1706674,3
RPN,1,person,1,person,1706734,3
RPN,1,person,1,person,1707041,3
RPN,1,person,1,person,1707054,3
RPN,1,person,1,person,1707710,3
RPN,1,person,1,person,1707742,3
RPN,1,person,1,person,1708021,3
RPN,1,person,1,person,1708380,3
RPN,1,person,1,person,1709781,4
RPN,1,person,1,person,1710361,2
RPN,1,person,1,person,1710471,3
RPN,1,person,1,person,1710626,3
RPN,1,person,1,person,1710821,3
RPN,1,person,1,person,1710853,2
RPN,1,person,1,person,1710978,3
RPN,1,person,1,person,1710985,3
RPN,1,person,1,person,1711006,3
RPN,1,person,1,person,1711535,3
RPN,1,person,1,person,1711929,3
RPN,1,person,1,person,1712248,3
RPN,1,person,1,person,1712463,2
RPN,1,person,1,person,1713014,3
RPN,1,person,1,person,1713600,3
RPN,1,person,1,person,1713640,3
RPN,1,person,1,person,1714162,3
RPN,1,person,1,person,1714193,3
RPN,1,person,1,person,1714226,3
RPN,1,person,1,person,1714605,3
RPN,1,person,1,person,1715422,3
RPN,1,person,1,person,1715477,3
RPN,1,person,1,person,1715656,3
RPN,1,person,1,person,1715808,3
RPN,1,person,1,person,1715849,3
RPN,1,person,1,person,1715921,3
RPN,1,person,1,person,1716037,3
RPN,1,person,1,person,1716335,3
RPN,1,person,1,person,1716779,2
RPN,1,person,1,person,1717438,4
RPN,1,person,1,person,1717602,3
RPN,1,person,1,person,1717939,3
RPN,1,person,1,person,1718117,3
RPN,1,person,1,person,1718283,3
RPN,1,person,1,person,1718343,3
RPN,1,person,1,person,1718732,3
RPN,1,person,1,person,1720198,3
RPN,1,person,1,person,1720912,3
RPN,1,person,1,person,1721038,3
RPN,1,person,1,person,1721831,3
RPN,1,person,1,person,1721891,3
RPN,1,person,1,person,1722461,3
RPN,1,person,1,person,1722738,3
RPN,1,person,1,person,1722822,3
RPN,1,person,1,person,1722899,3
RPN,1,person,1,person,1723251,3
RPN,1,person,1,person,1723365,3
RPN,1,person,1,person,1723565,3
RPN,1,person,1,person,1723997,3
RPN,1,person,1,person,1724393,3
RPN,1,person,1,person,1724501,3
RPN,1,person,1,person,1724621,3
RPN,1,person,1,person,1724981,3
RPN,1,person,1,person,1725177,3
RPN,1,person,1,person,1725452,2
RPN,1,person,1,person,1725533,3
RPN,1,person,1,person,1726002,3
RPN,1,person,1,person,1726013,3
RPN,1,person,1,person,1726578,3
RPN,1,person,1,person,1727045,2
RPN,1,person,1,person,1727501,3
RPN,1,person,1,person,1727746,3
RPN,1,person,1,person,1728112,3
RPN,1,person,1,person,1728227,3
RPN,1,person,1,person,1728699,3
RPN,1,person,1,person,1728907,3
RPN,1,person,1,person,1728917,3
RPN,1,person,1,person,1730019,3
RPN,1,person,1,person,1730739,1
RPN,1,person,1,person,1730947,3
RPN,1,person,1,person,1731429,3
RPN,1,person,1,person,1731859,3
RPN,1,person,1,person,1731868,3
RPN,1,person,1,person,1732430,3
RPN,1,person,1,person,1733141,2
RPN,1,person,1,person,1733343,3
RPN,1,person,1,person,1733627,3
RPN,1,person,1,person,1734292,3
RPN,1,person,1,person,1734640,3
RPN,1,person,1,person,1735067,3
RPN,1,person,1,person,1735148,3
RPN,1,person,1,person,1735863,3
RPN,1,person,1,person,1735979,3
RPN,1,person,1,person,1737321,2
RPN,1,person,1,person,1738072,3
RPN,1,person,1,person,1738741,3
RPN,1,person,1,person,1738983,3
RPN,1,person,1,person,1739148,3
RPN,1,person,1,person,1740126,3
RPN,1,person,1,person,1740181,3
RPN,1,person,1,person,1740387,3
RPN,1,person,1,person,1740534,3
RPN,1,person,1,person,1740631,3
RPN,1,person,1,person,1740732,3
RPN,1,person,1,person,1740994,2
RPN,1,person,1,person,1741687,3
RPN,1,person,1,person,1742646,3
RPN,1,person,1,person,1742783,3
RPN,1,person,1,person,1742822,3
RPN,1,person,1,person,1743420,3
RPN,1,person,1,person,1743891,3
RPN,1,person,1,person,1744194,2
RPN,1,person,1,person,1744213,3
RPN,1,person,1,person,1744265,2
RPN,1,person,1,person,1745539,3
RPN,1,person,1,person,1745720,3
RPN,1,person,1,person,1746124,3
RPN,1,person,1,person,1746819,3
RPN,1,person,1,person,1746978,3
RPN,1,person,1,person,1747039,3
RPN,1,person,1,person,1747200,1
RPN,1,person,1,person,1747686,3
RPN,1,person,1,person,1747853,3
RPN,1,person,1,person,1748671,3
RPN,1,person,1,person,1749805,2
RPN,1,person,1,person,1750421,3
RPN,1,person,1,person,1750600,3
RPN,1,person,1,person,1751511,3
RPN,1,person,1,person,1751694,3
RPN,1,person,1,person,1752448,3
RPN,1,person,1,person,1753084,3
RPN,1,person,1,person,1753678,3
RPN,1,person,1,person,1753799,3
RPN,1,person,1,person,1753852,3
RPN,1,person,1,person,1754301,3
RPN,1,person,1,person,1754619,3
RPN,1,person,1,person,1755525,1
RPN,1,person,1,person,1755756,3
RPN,1,person,1,person,1758587,3
RPN,1,person,1,person,1758928,3
RPN,1,person,1,person,1759072,3
RPN,1,person,1,person,1759890,3
RPN,1,person,1,person,1760330,2
RPN,1,person,1,person,1761327,2
RPN,1,person,1,person,1761609,3
RPN,1,person,1,person,1763109,3
RPN,1,person,1,person,2001126,3
RPN,1,person,1,person,2001380,3
RPN,1,person,1,person,2005576,3
RPN,1,person,1,person,2006742,3
RPN,1,person,1,person,2006913,3
RPN,1,person,1,person,2010352,3
RPN,1,person,1,person,2013887,3
RPN,1,person,1,person,2015273,3
RPN,1,person,1,person,2016778,3
RPN,1,person,1,person,2025580,2
RPN,1,person,1,person,2148547,3
RPN,1,person,1,person,2150335,3
RPN,1,person,1,person,2150362,3
RPN,1,person,1,person,2150525,3
RPN,1,person,1,person,2150972,3
RPN,1,person,1,person,2151007,3
RPN,1,person,1,person,2151056,3
RPN,1,person,1,person,2151098,3
RPN,1,person,1,person,2151155,3
RPN,1,person,1,person,2151225,3
RPN,1,person,1,person,2151369,3
RPN,1,person,1,person,2151612,3
RPN,1,person,1,person,2151630,3
RPN,1,person,1,person,2151691,3
RPN,1,person,1,person,2151738,3
RPN,1,person,1,person,2151941,3
RPN,1,person,1,person,2152195,3
RPN,1,person,1,person,2152307,3
RPN,1,person,1,person,2152382,3
RPN,1,person,1,person,2152446,2
RPN,1,person,1,person,2152523,3
RPN,1,person,1,person,2152799,3
RPN,1,person,1,person,2152810,3
RPN,1,person,1,person,2153326,3
RPN,1,person,1,person,2153347,3
RPN,1,person,1,person,2153460,3
RPN,1,person,1,person,2153533,3
RPN,1,person,1,person,2153865,2
RPN,1,person,1,person,2154546,3
RPN,1,person,1,person,2154778,3
RPN,1,person,1,person,2154860,3
RPN,1,person,1,person,2155218,2
RPN,1,person,1,person,2155328,3
RPN,1,person,1,person,2155784,3
RPN,1,person,1,person,2156607,3
RPN,1,person,1,person,2156623,3
RPN,1,person,1,person,2156760,3
RPN,1,person,1,person,2156806,3
RPN,1,person,1,person,2157292,3
RPN,1,person,1,person,2157435,3
RPN,1,person,1,person,2157832,3
RPN,1,person,1,person,2157909,3
RPN,1,person,1,person,2157953,3
RPN,1,person,1,person,2158275,3
RPN,1,person,1,person,2158346,3
RPN,1,person,1,person,2159106,2
RPN,1,person,1,person,2159201,3
RPN,1,person,1,person,2159406,3
RPN,1,person,1,person,2159640,3
RPN,1,person,1,person,2159841,3
RPN,1,person,1,person,2159927,3
RPN,1,person,1,person,2160566,3
RPN,1,person,1,person,2160741,3
RPN,1,person,1,person,2160761,3
RPN,1,person,1,person,2160803,3
RPN,1,person,1,person,2160893,3
RPN,1,person,1,person,2161162,3
RPN,1,person,1,person,2161289,2
RPN,1,person,1,person,2161334,3
RPN,1,person,1,person,2161700,3
RPN,1,person,1,person,2161826,3
RPN,1,person,1,person,2161843,3
RPN,1,person,1,person,2162103,3
RPN,1,person,1,person,2162322,3
RPN,1,person,1,person,2162553,3
RPN,1,person,1,person,2162637,2
RPN,1,person,1,person,2162783,2
RPN,1,person,1,person,2163956,3
RPN,1,person,1,person,2164265,3
RPN,1,person,1,person,2164292,3
RPN,1,person,1,person,2164856,3
RPN,1,person,1,person,2165104,3
RPN,1,person,1,person,2165278,3
RPN,1,person,1,person,2166236,3
RPN,1,person,1,person,2166314,3
RPN,1,person,1,person,2166645,3
RPN,1,person,1,person,2166651,3
RPN,1,person,1,person,2166720,3
RPN,1,person,1,person,2167280,1
RPN,1,person,1,person,2167684,3
RPN,1,person,1,person,2167791,3
RPN,1,person,1,person,2191357,3
RPN,1,person,1,person,2198392,3
RPN,1,person,1,person,2198597,3
RPN,1,person,1,person,2198710,3
RPN,1,person,1,person,2203758,3
RPN,1,person,1,person,2203802,3
RPN,1,person,1,person,2203893,3
RPN,1,person,1,person,2204504,3
RPN,1,person,1,person,2204583,3
RPN,1,person,1,person,2204628,3
RPN,1,person,1,person,2204843,3
RPN,1,person,1,person,2204847,3
RPN,1,person,1,person,2204931,3
RPN,1,person,1,person,2204971,3
RPN,1,person,1,person,2205053,3
RPN,1,person,1,person,2205187,3
RPN,1,person,1,person,2205561,3
RPN,1,person,1,person,2206034,3
RPN,1,person,1,person,2206103,3
RPN,1,person,1,person,2206404,3
RPN,1,person,1,person,2206523,3
RPN,1,person,1,person,2206656,2
RPN,1,person,1,person,2206781,3
RPN,1,person,1,person,2206857,3
RPN,1,person,1,person,2207015,3
RPN,1,person,1,person,2207299,3
RPN,1,person,1,person,2207391,3
RPN,1,person,1,person,2207548,3
RPN,1,person,1,person,2207860,3
RPN,1,person,1,person,2228904,3
RPN,1,person,1,person,2229087,3
RPN,1,person,1,person,2229179,3
RPN,1,person,19,horse,54320,3
RPN,1,person,62,chair,374714,3
RPN,2,bicycle,2,bicycle,126005,2
RPN,2,bicycle,2,bicycle,127357,3
RPN,2,bicycle,2,bicycle,128566,2
RPN,2,bicycle,2,bicycle,1335031,1
RPN,2,bicycle,2,bicycle,2168126,3
RPN,2,bicycle,2,bicycle,2168596,3
RPN,3,car,3,car,132352,2
RPN,3,car,3,car,133130,3
RPN,3,car,3,car,133235,3
RPN,3,car,3,car,133290,3
RPN,3,car,3,car,134026,3
RPN,3,car,3,car,134796,3
RPN,3,car,3,car,135320,3
RPN,3,car,3,car,136196,3
RPN,3,car,3,car,139308,3
RPN,3,car,3,car,140821,3
RPN,3,car,3,car,141974,3
RPN,3,car,3,car,143458,3
RPN,3,car,3,car,144876,2
RPN,3,car,3,car,344471,3
RPN,3,car,3,car,344574,3
RPN,3,car,3,car,344837,3
RPN,3,car,3,car,345627,3
RPN,3,car,3,car,346031,3
RPN,3,car,3,car,348456,3
RPN,3,car,3,car,348758,3
RPN,3,car,3,car,349851,3
RPN,3,car,3,car,352120,3
RPN,3,car,3,car,352985,3
RPN,3,car,3,car,353258,3
RPN,3,car,3,car,353518,3
RPN,3,car,3,car,353645,3
RPN,3,car,3,car,354878,3
RPN,3,car,3,car,355192,3
RPN,3,car,3,car,355568,2
RPN,3,car,3,car,356409,2
RPN,3,car,3,car,356741,2
RPN,3,car,3,car,357841,3
RPN,3,car,3,car,357941,3
RPN,3,car,3,car,358892,3
RPN,3,car,3,car,359545,3
RPN,3,car,3,car,361077,3
RPN,3,car,3,car,1339695,3
RPN,3,car,3,car,1345868,3
RPN,3,car,3,car,1772721,3
RPN,3,car,3,car,1777418,3
RPN,3,car,3,car,1779443,3
RPN,3,car,3,car,1784502,4
RPN,3,car,8,truck,397350,3
RPN,3,car,8,truck,399754,3
RPN,4,motorcycle,4,motorcycle,148046,3
RPN,4,motorcycle,4,motorcycle,148616,2
RPN,4,motorcycle,4,motorcycle,148659,3
RPN,4,motorcycle,4,motorcycle,148880,2
RPN,4,motorcycle,4,motorcycle,149356,3
RPN,4,motorcycle,4,motorcycle,149636,3
RPN,4,motorcycle,4,motorcycle,149890,3
RPN,4,motorcycle,4,motorcycle,150049,3
RPN,4,motorcycle,4,motorcycle,150082,3
RPN,4,motorcycle,4,motorcycle,150224,3
RPN,4,motorcycle,4,motorcycle,150446,3
RPN,4,motorcycle,4,motorcycle,150679,2
RPN,4,motorcycle,4,motorcycle,150740,3
RPN,4,motorcycle,4,motorcycle,150760,3
RPN,4,motorcycle,4,motorcycle,150952,3
RPN,4,motorcycle,4,motorcycle,151032,3
RPN,4,motorcycle,4,motorcycle,151262,3
RPN,4,motorcycle,4,motorcycle,151267,2
RPN,4,motorcycle,4,motorcycle,151271,3
RPN,4,motorcycle,4,motorcycle,151273,3
RPN,4,motorcycle,4,motorcycle,151768,2
RPN,4,motorcycle,4,motorcycle,151956,3
RPN,4,motorcycle,4,motorcycle,151982,3
RPN,4,motorcycle,4,motorcycle,152036,3
RPN,4,motorcycle,4,motorcycle,152099,3
RPN,4,motorcycle,4,motorcycle,152248,3
RPN,4,motorcycle,4,motorcycle,152477,3
RPN,4,motorcycle,4,motorcycle,152497,3
RPN,4,motorcycle,4,motorcycle,153058,2
RPN,4,motorcycle,4,motorcycle,153169,3
RPN,4,motorcycle,4,motorcycle,153324,2
RPN,4,motorcycle,4,motorcycle,153342,3
RPN,4,motorcycle,4,motorcycle,154039,3
RPN,4,motorcycle,4,motorcycle,154399,3
RPN,4,motorcycle,4,motorcycle,154498,3
RPN,4,motorcycle,4,motorcycle,154789,3
RPN,4,motorcycle,4,motorcycle,154845,2
RPN,4,motorcycle,4,motorcycle,155031,2
RPN,4,motorcycle,4,motorcycle,155041,3
RPN,4,motorcycle,4,motorcycle,155317,3
RPN,4,motorcycle,4,motorcycle,155497,3
RPN,4,motorcycle,4,motorcycle,155627,3
RPN,4,motorcycle,4,motorcycle,245997,2
RPN,4,motorcycle,4,motorcycle,246331,3
RPN,4,motorcycle,4,motorcycle,246653,3
RPN,4,motorcycle,4,motorcycle,246741,3
RPN,4,motorcycle,4,motorcycle,1360362,3
RPN,4,motorcycle,4,motorcycle,1361643,2
RPN,4,motorcycle,4,motorcycle,1361787,3
RPN,4,motorcycle,4,motorcycle,1361813,3
RPN,4,motorcycle,4,motorcycle,1362140,1
RPN,4,motorcycle,4,motorcycle,1790861,2
RPN,4,motorcycle,4,motorcycle,1791012,3
RPN,4,motorcycle,4,motorcycle,1791398,2
RPN,4,motorcycle,4,motorcycle,1791872,3
RPN,4,motorcycle,4,motorcycle,1791935,3
RPN,4,motorcycle,4,motorcycle,1792191,2
RPN,4,motorcycle,4,motorcycle,1792287,3
RPN,4,motorcycle,4,motorcycle,2047834,3
RPN,5,airplane,5,airplane,156736,3
RPN,5,airplane,5,airplane,157037,3
RPN,5,airplane,5,airplane,158099,3
RPN,5,airplane,5,airplane,158797,3
RPN,5,airplane,5,airplane,159318,3
RPN,5,airplane,5,airplane,160390,3
RPN,5,airplane,5,airplane,160676,3
RPN,5,airplane,5,airplane,160832,3
RPN,5,airplane,5,airplane,161285,3
RPN,5,airplane,5,airplane,161592,3
RPN,5,airplane,5,airplane,247400,3
RPN,5,airplane,5,airplane,267973,3
RPN,5,airplane,5,airplane,1363687,2
RPN,5,airplane,5,airplane,1793269,3
RPN,5,airplane,5,airplane,1793498,3
RPN,5,airplane,5,airplane,2171384,2
RPN,6,bus,6,bus,163157,3
RPN,6,bus,6,bus,163403,3
RPN,6,bus,6,bus,163779,3
RPN,6,bus,6,bus,163989,3
RPN,6,bus,6,bus,164266,3
RPN,6,bus,6,bus,164447,3
RPN,6,bus,6,bus,164465,3
RPN,6,bus,6,bus,165120,3
RPN,6,bus,6,bus,165541,3
RPN,6,bus,6,bus,165707,3
RPN,6,bus,6,bus,166323,3
RPN,6,bus,6,bus,166369,3
RPN,6,bus,6,bus,166601,3
RPN,6,bus,6,bus,166746,3
RPN,6,bus,6,bus,167237,3
RPN,6,bus,6,bus,167285,3
RPN,6,bus,6,bus,168083,3
RPN,6,bus,6,bus,168719,2
RPN,6,bus,6,bus,168783,3
RPN,6,bus,6,bus,168807,3
RPN,6,bus,6,bus,168994,3
RPN,6,bus,6,bus,169307,3
RPN,6,bus,6,bus,247788,3
RPN,6,bus,6,bus,247885,3
RPN,6,bus,6,bus,248461,3
RPN,6,bus,6,bus,267967,3
RPN,6,bus,6,bus,365573,3
RPN,6,bus,6,bus,365676,3
RPN,6,bus,6,bus,365709,2
RPN,6,bus,6,bus,365719,3
RPN,6,bus,6,bus,366006,3
RPN,6,bus,6,bus,366106,3
RPN,6,bus,6,bus,366143,3
RPN,6,bus,6,bus,366173,3
RPN,6,bus,6,bus,366269,3
RPN,6,bus,6,bus,366334,3
RPN,6,bus,6,bus,366371,1
RPN,6,bus,6,bus,366428,3
RPN,6,bus,6,bus,366481,3
RPN,6,bus,6,bus,1366089,2
RPN,7,train,7,train,170873,3
RPN,7,train,7,train,170968,3
RPN,7,train,7,train,171230,4
RPN,7,train,7,train,171816,3
RPN,7,train,7,train,171936,2
RPN,7,train,7,train,172005,3
RPN,7,train,7,train,172382,3
RPN,7,train,7,train,172780,2
RPN,7,train,7,train,173203,3
RPN,7,train,7,train,173319,3
RPN,7,train,7,train,173620,3
RPN,7,train,7,train,173743,3
RPN,7,train,7,train,174047,3
RPN,7,train,7,train,174169,2
RPN,7,train,7,train,174253,3
RPN,7,train,7,train,174466,3
RPN,7,train,7,train,174528,3
RPN,7,train,7,train,174682,3
RPN,7,train,7,train,174709,3
RPN,7,train,7,train,174965,3
RPN,7,train,7,train,175108,3
RPN,7,train,7,train,175167,2
RPN,7,train,7,train,248635,3
RPN,7,train,7,train,1366974,3
RPN,7,train,7,train,1795687,3
RPN,7,train,7,train,1795692,3
RPN,7,train,7,train,2050906,3
RPN,8,truck,3,car,354860,3
RPN,8,truck,3,car,2040180,3
RPN,8,truck,8,truck,394094,3
RPN,8,truck,8,truck,394146,3
RPN,8,truck,8,truck,394540,3
RPN,8,truck,8,truck,395327,3
RPN,8,truck,8,truck,395780,3
RPN,8,truck,8,truck,396138,3
RPN,8,truck,8,truck,396829,2
RPN,8,truck,8,truck,397350,3
RPN,8,truck,8,truck,397751,3
RPN,8,truck,8,truck,398060,3
RPN,8,truck,8,truck,398117,3
RPN,8,truck,8,truck,398435,3
RPN,8,truck,8,truck,399413,3
RPN,8,truck,8,truck,399435,3
RPN,8,truck,8,truck,399470,3
RPN,8,truck,8,truck,399754,3
RPN,8,truck,8,truck,399852,3
RPN,8,truck,8,truck,401265,2
RPN,8,truck,8,truck,401531,2
RPN,8,truck,8,truck,1197162,3
RPN,8,truck,8,truck,1197470,3
RPN,8,truck,8,truck,1368013,3
RPN,8,truck,8,truck,1369146,3
RPN,8,truck,8,truck,1371428,3
RPN,8,truck,8,truck,1373363,3
RPN,8,truck,8,truck,1373396,2
RPN,8,truck,8,truck,1800053,3
RPN,8,truck,8,truck,2053476,3
RPN,8,truck,8,truck,2054005,3
RPN,8,truck,8,truck,2171933,3
RPN,9,boat,9,boat,175345,2
RPN,9,boat,9,boat,176487,3
RPN,9,boat,9,boat,177229,3
RPN,9,boat,9,boat,179242,3
RPN,9,boat,9,boat,179543,3
RPN,9,boat,9,boat,182254,3
RPN,9,boat,9,boat,249313,5
RPN,9,boat,9,boat,249373,1
RPN,9,boat,9,boat,249393,3
RPN,9,boat,9,boat,249593,3
RPN,9,boat,9,boat,1375044,3
RPN,9,boat,9,boat,1375356,1
RPN,9,boat,9,boat,1375728,2
RPN,9,boat,9,boat,1376977,3
RPN,9,boat,9,boat,1377212,3
RPN,9,boat,9,boat,1378385,3
RPN,9,boat,9,boat,1378849,3
RPN,9,boat,9,boat,1801443,3
RPN,9,boat,9,boat,1802379,2
RPN,9,boat,9,boat,1803477,4
RPN,10,traffic light,10,traffic light,404486,3
RPN,10,traffic light,10,traffic light,407458,3
RPN,10,traffic light,10,traffic light,409114,3
RPN,10,traffic light,10,traffic light,410507,2
RPN,10,traffic light,10,traffic light,1805380,3
RPN,11,fire hydrant,11,fire hydrant,416443,3
RPN,11,fire hydrant,11,fire hydrant,418083,3
RPN,14,parking meter,14,parking meter,418175,3
RPN,14,parking meter,14,parking meter,418237,3
RPN,14,parking meter,14,parking meter,418565,3
RPN,14,parking meter,14,parking meter,418586,3
RPN,14,parking meter,14,parking meter,418847,2
RPN,14,parking meter,14,parking meter,418903,3
RPN,14,parking meter,14,parking meter,418929,3
RPN,14,parking meter,14,parking meter,419015,3
RPN,14,parking meter,14,parking meter,419067,1
RPN,14,parking meter,14,parking meter,419214,3
RPN,14,parking meter,14,parking meter,419282,1
RPN,14,parking meter,14,parking meter,419298,3
RPN,14,parking meter,14,parking meter,419367,3
RPN,14,parking meter,14,parking meter,419453,3
RPN,14,parking meter,14,parking meter,419513,3
RPN,14,parking meter,14,parking meter,419553,3
RPN,14,parking meter,14,parking meter,1389475,3
RPN,14,parking meter,14,parking meter,1389761,3
RPN,14,parking meter,14,parking meter,1390269,3
RPN,14,parking meter,14,parking meter,2060896,3
RPN,15,bench,15,bench,573111,3
RPN,15,bench,15,bench,573163,3
RPN,15,bench,15,bench,573794,1
RPN,15,bench,15,bench,573943,2
RPN,15,bench,15,bench,574236,3
RPN,15,bench,15,bench,576314,2
RPN,15,bench,15,bench,577501,2
RPN,15,bench,15,bench,1391053,3
RPN,15,bench,15,bench,1392487,3
RPN,16,bird,16,bird,36422,3
RPN,16,bird,16,bird,36645,2
RPN,16,bird,16,bird,37173,3
RPN,16,bird,16,bird,37834,3
RPN,16,bird,16,bird,38030,3
RPN,16,bird,16,bird,38371,3
RPN,16,bird,16,bird,38578,3
RPN,16,bird,16,bird,38630,3
RPN,16,bird,16,bird,39140,3
RPN,16,bird,16,bird,39457,3
RPN,16,bird,16,bird,39608,3
RPN,16,bird,16,bird,39939,3
RPN,16,bird,16,bird,39960,3
RPN,16,bird,16,bird,39999,3
RPN,16,bird,16,bird,40200,3
RPN,16,bird,16,bird,40253,3
RPN,16,bird,16,bird,40361,3
RPN,16,bird,16,bird,40745,3
RPN,16,bird,16,bird,41575,3
RPN,16,bird,16,bird,41736,2
RPN,16,bird,16,bird,42019,3
RPN,16,bird,16,bird,42331,2
RPN,16,bird,16,bird,42719,2
RPN,16,bird,16,bird,43695,3
RPN,16,bird,16,bird,43947,3
RPN,16,bird,16,bird,44917,3
RPN,16,bird,16,bird,272846,3
RPN,16,bird,16,bird,1814195,2
RPN,16,bird,16,bird,1815161,3
RPN,17,cat,17,cat,46924,3
RPN,17,cat,17,cat,46996,3
RPN,17,cat,17,cat,47683,4
RPN,17,cat,17,cat,47886,3
RPN,17,cat,17,cat,48240,3
RPN,17,cat,17,cat,48687,3
RPN,17,cat,17,cat,48697,3
RPN,17,cat,17,cat,48704,3
RPN,17,cat,17,cat,48857,3
RPN,17,cat,17,cat,48882,3
RPN,17,cat,17,cat,48934,3
RPN,17,cat,17,cat,49499,3
RPN,17,cat,17,cat,49882,2
RPN,17,cat,17,cat,50718,3
RPN,17,cat,17,cat,50754,3
RPN,17,cat,17,cat,51086,3
RPN,17,cat,17,cat,51172,3
RPN,17,cat,17,cat,51266,3
RPN,17,cat,17,cat,51371,5
RPN,17,cat,17,cat,51661,3
RPN,17,cat,17,cat,51666,3
RPN,17,cat,17,cat,51748,3
RPN,17,cat,17,cat,51833,3
RPN,17,cat,17,cat,51876,3
RPN,17,cat,17,cat,51949,3
RPN,17,cat,17,cat,52039,3
RPN,17,cat,17,cat,52077,3
RPN,17,cat,17,cat,52112,3
RPN,17,cat,17,cat,52189,3
RPN,17,cat,17,cat,52888,3
RPN,17,cat,17,cat,53293,3
RPN,17,cat,17,cat,273509,3
RPN,17,cat,17,cat,1402085,3
RPN,17,cat,17,cat,1402086,3
RPN,17,cat,17,cat,1402218,3
RPN,17,cat,17,cat,1402472,3
RPN,17,cat,17,cat,1816289,3
RPN,17,cat,17,cat,1816504,3
RPN,17,cat,17,cat,2210141,3
RPN,18,dog,18,dog,6277,3
RPN,18,dog,18,dog,7250,3
RPN,18,dog,18,dog,9768,3
RPN,18,dog,18,dog,10298,3
RPN,18,dog,18,dog,10730,3
RPN,18,dog,18,dog,11630,3
RPN,18,dog,18,dog,12489,3
RPN,18,dog,18,dog,12721,3
RPN,18,dog,18,dog,13538,3
RPN,18,dog,18,dog,13854,3
RPN,18,dog,18,dog,14089,3
RPN,18,dog,18,dog,15580,3
RPN,18,dog,18,dog,15680,3
RPN,18,dog,18,dog,15810,3
RPN,18,dog,18,dog,16319,3
RPN,18,dog,18,dog,16442,4
RPN,18,dog,18,dog,16530,3
RPN,18,dog,18,dog,16537,3
RPN,18,dog,18,dog,16735,3
RPN,18,dog,18,dog,16925,3
RPN,18,dog,18,dog,16996,3
RPN,18,dog,18,dog,17196,3
RPN,18,dog,18,dog,17252,3
RPN,18,dog,18,dog,17321,3
RPN,18,dog,18,dog,1817357,3
RPN,19,horse,19,horse,53644,3
RPN,19,horse,19,horse,53927,3
RPN,19,horse,19,horse,53973,3
RPN,19,horse,19,horse,54187,3
RPN,19,horse,19,horse,54381,3
RPN,19,horse,19,horse,54523,3
RPN,19,horse,19,horse,54873,3
RPN,19,horse,19,horse,55004,3
RPN,19,horse,19,horse,55440,3
RPN,19,horse,19,horse,55469,3
RPN,19,horse,19,horse,55478,3
RPN,19,horse,19,horse,56074,3
RPN,19,horse,19,horse,56079,3
RPN,19,horse,19,horse,56308,3
RPN,19,horse,19,horse,56416,3
RPN,19,horse,19,horse,56429,3
RPN,19,horse,19,horse,56491,3
RPN,19,horse,19,horse,56505,2
RPN,19,horse,19,horse,56712,3
RPN,19,horse,19,horse,56721,3
RPN,19,horse,19,horse,56788,3
RPN,19,horse,19,horse,56885,3
RPN,19,horse,19,horse,56985,3
RPN,19,horse,19,horse,57173,3
RPN,19,horse,19,horse,57183,3
RPN,19,horse,19,horse,57239,3
RPN,19,horse,19,horse,57287,3
RPN,19,horse,19,horse,57406,2
RPN,19,horse,19,horse,57431,3
RPN,19,horse,19,horse,57546,3
RPN,19,horse,19,horse,57663,2
RPN,19,horse,19,horse,58131,2
RPN,19,horse,19,horse,58355,3
RPN,19,horse,19,horse,59286,3
RPN,19,horse,19,horse,59326,3
RPN,19,horse,19,horse,59370,3
RPN,19,horse,19,horse,59547,3
RPN,19,horse,19,horse,59789,2
RPN,19,horse,19,horse,273670,3
RPN,19,horse,19,horse,273911,3
RPN,19,horse,19,horse,274359,3
RPN,19,horse,19,horse,274465,3
RPN,19,horse,19,horse,274598,3
RPN,19,horse,19,horse,368701,2
RPN,19,horse,19,horse,1404410,2
RPN,19,horse,19,horse,2191497,3
RPN,20,sheep,20,sheep,61080,3
RPN,20,sheep,20,sheep,61212,3
RPN,20,sheep,20,sheep,61225,3
RPN,20,sheep,20,sheep,61249,3
RPN,20,sheep,20,sheep,61365,3
RPN,20,sheep,20,sheep,61467,3
RPN,20,sheep,20,sheep,61589,2
RPN,20,sheep,20,sheep,61748,3
RPN,20,sheep,20,sheep,61846,3
RPN,20,sheep,20,sheep,62102,2
RPN,20,sheep,20,sheep,62406,3
RPN,20,sheep,20,sheep,62512,3
RPN,20,sheep,20,sheep,62657,3
RPN,20,sheep,20,sheep,62709,3
RPN,20,sheep,20,sheep,62713,3
RPN,20,sheep,20,sheep,63218,3
RPN,20,sheep,20,sheep,63324,3
RPN,20,sheep,20,sheep,63731,1
RPN,20,sheep,20,sheep,63814,3
RPN,20,sheep,20,sheep,63910,3
RPN,20,sheep,20,sheep,63912,3
RPN,20,sheep,20,sheep,64139,3
RPN,20,sheep,20,sheep,64221,3
RPN,20,sheep,20,sheep,64321,3
RPN,20,sheep,20,sheep,64745,3
RPN,20,sheep,20,sheep,64774,3
RPN,20,sheep,20,sheep,64827,3
RPN,20,sheep,20,sheep,64842,3
RPN,20,sheep,20,sheep,64857,2
RPN,20,sheep,20,sheep,64968,3
RPN,20,sheep,20,sheep,65135,3
RPN,20,sheep,20,sheep,65300,3
RPN,20,sheep,20,sheep,65309,1
RPN,20,sheep,20,sheep,65473,3
RPN,20,sheep,20,sheep,65593,2
RPN,20,sheep,20,sheep,65712,3
RPN,20,sheep,20,sheep,65848,3
RPN,20,sheep,20,sheep,65925,3
RPN,20,sheep,20,sheep,66219,3
RPN,20,sheep,20,sheep,66436,3
RPN,20,sheep,20,sheep,66443,3
RPN,20,sheep,20,sheep,66531,3
RPN,20,sheep,20,sheep,66605,2
RPN,20,sheep,20,sheep,66682,3
RPN,20,sheep,20,sheep,66709,4
RPN,20,sheep,20,sheep,66986,3
RPN,20,sheep,20,sheep,67073,1
RPN,20,sheep,20,sheep,67088,2
RPN,20,sheep,20,sheep,67105,3
RPN,20,sheep,20,sheep,67702,3
RPN,20,sheep,20,sheep,68437,3
RPN,20,sheep,20,sheep,275656,2
RPN,20,sheep,20,sheep,275828,1
RPN,20,sheep,20,sheep,276268,3
RPN,20,sheep,20,sheep,1405540,3
RPN,20,sheep,20,sheep,1817979,3
RPN,20,sheep,20,sheep,1818381,2
RPN,21,cow,20,sheep,64780,3
RPN,21,cow,20,sheep,1817734,3
RPN,21,cow,21,cow,70310,3
RPN,21,cow,21,cow,70678,3
RPN,21,cow,21,cow,70822,3
RPN,21,cow,21,cow,70892,3
RPN,21,cow,21,cow,71020,3
RPN,21,cow,21,cow,71033,3
RPN,21,cow,21,cow,71545,3
RPN,21,cow,21,cow,71758,3
RPN,21,cow,21,cow,71797,3
RPN,21,cow,21,cow,71958,3
RPN,21,cow,21,cow,72130,3
RPN,21,cow,21,cow,72323,3
RPN,21,cow,21,cow,72489,3
RPN,21,cow,21,cow,72553,3
RPN,21,cow,21,cow,72812,3
RPN,21,cow,21,cow,72846,2
RPN,21,cow,21,cow,72895,3
RPN,21,cow,21,cow,73298,3
RPN,21,cow,21,cow,73306,3
RPN,21,cow,21,cow,73364,3
RPN,21,cow,21,cow,73671,2
RPN,21,cow,21,cow,73888,3
RPN,21,cow,21,cow,73971,3
RPN,21,cow,21,cow,74077,2
RPN,21,cow,21,cow,74088,3
RPN,21,cow,21,cow,74624,3
RPN,21,cow,21,cow,74670,3
RPN,21,cow,21,cow,74856,3
RPN,21,cow,21,cow,75151,3
RPN,21,cow,21,cow,75202,3
RPN,21,cow,21,cow,75256,2
RPN,21,cow,21,cow,76073,2
RPN,21,cow,21,cow,76829,3
RPN,21,cow,21,cow,76922,3
RPN,21,cow,21,cow,77040,3
RPN,21,cow,21,cow,278001,1
RPN,21,cow,21,cow,278470,3
RPN,21,cow,21,cow,278520,2
RPN,21,cow,21,cow,369730,2
RPN,21,cow,21,cow,369806,3
RPN,21,cow,21,cow,369894,2
RPN,21,cow,21,cow,369942,2
RPN,21,cow,21,cow,370113,2
RPN,21,cow,21,cow,1407594,3
RPN,21,cow,21,cow,1407715,3
RPN,21,cow,21,cow,1820214,3
RPN,22,elephant,22,elephant,580137,3
RPN,22,elephant,22,elephant,580524,3
RPN,22,elephant,22,elephant,580599,3
RPN,22,elephant,22,elephant,580841,3
RPN,22,elephant,22,elephant,580854,3
RPN,22,elephant,22,elephant,580960,3
RPN,22,elephant,22,elephant,581061,3
RPN,22,elephant,22,elephant,581118,3
RPN,22,elephant,22,elephant,581190,3
RPN,22,elephant,22,elephant,581273,3
RPN,22,elephant,22,elephant,581421,3
RPN,22,elephant,22,elephant,581570,3
RPN,22,elephant,22,elephant,581671,3
RPN,22,elephant,22,elephant,581727,3
RPN,22,elephant,22,elephant,581807,3
RPN,22,elephant,22,elephant,581826,3
RPN,22,elephant,22,elephant,581863,3
RPN,22,elephant,22,elephant,581919,3
RPN,22,elephant,22,elephant,582269,2
RPN,22,elephant,22,elephant,582271,3
RPN,22,elephant,22,elephant,582421,3
RPN,22,elephant,22,elephant,582489,3
RPN,22,elephant,22,elephant,582545,3
RPN,22,elephant,22,elephant,582597,3
RPN,22,elephant,22,elephant,582877,3
RPN,22,elephant,22,elephant,582886,2
RPN,22,elephant,22,elephant,583088,3
RPN,22,elephant,22,elephant,583095,3
RPN,22,elephant,22,elephant,583138,3
RPN,22,elephant,22,elephant,583172,3
RPN,22,elephant,22,elephant,583211,3
RPN,22,elephant,22,elephant,583279,3
RPN,22,elephant,22,elephant,583334,3
RPN,22,elephant,22,elephant,583362,3
RPN,22,elephant,22,elephant,583467,3
RPN,22,elephant,22,elephant,583477,3
RPN,22,elephant,22,elephant,583479,3
RPN,22,elephant,22,elephant,583547,1
RPN,22,elephant,22,elephant,583586,3
RPN,22,elephant,22,elephant,583857,3
RPN,22,elephant,22,elephant,583948,2
RPN,22,elephant,22,elephant,583954,3
RPN,22,elephant,22,elephant,584117,3
RPN,22,elephant,22,elephant,584131,3
RPN,22,elephant,22,elephant,584160,2
RPN,22,elephant,22,elephant,584442,3
RPN,22,elephant,22,elephant,584732,3
RPN,22,elephant,22,elephant,584916,2
RPN,22,elephant,22,elephant,584964,2
RPN,22,elephant,22,elephant,584976,2
RPN,22,elephant,22,elephant,585447,3
RPN,22,elephant,22,elephant,585468,3
RPN,22,elephant,22,elephant,585493,2
RPN,22,elephant,22,elephant,585727,2
RPN,22,elephant,22,elephant,1409443,3
RPN,22,elephant,22,elephant,1409556,3
RPN,22,elephant,22,elephant,1410090,3
RPN,22,elephant,22,elephant,1410110,3
RPN,22,elephant,22,elephant,1410211,2
RPN,22,elephant,22,elephant,1410334,2
RPN,22,elephant,22,elephant,1821236,2
RPN,22,elephant,22,elephant,1821278,2
RPN,22,elephant,22,elephant,2175072,3
RPN,23,bear,23,bear,586064,3
RPN,23,bear,23,bear,586397,3
RPN,23,bear,23,bear,586499,3
RPN,23,bear,23,bear,586522,3
RPN,23,bear,23,bear,586560,3
RPN,23,bear,23,bear,587031,3
RPN,23,bear,23,bear,587102,3
RPN,23,bear,23,bear,587118,3
RPN,23,bear,23,bear,587179,3
RPN,23,bear,23,bear,587390,3
RPN,23,bear,23,bear,587438,3
RPN,23,bear,23,bear,587505,3
RPN,23,bear,23,bear,587543,3
RPN,23,bear,23,bear,587567,3
RPN,23,bear,23,bear,587713,3
RPN,23,bear,23,bear,587795,3
RPN,23,bear,23,bear,587824,2
RPN,23,bear,23,bear,587961,3
RPN,23,bear,23,bear,587986,3
RPN,23,bear,23,bear,588061,2
RPN,23,bear,23,bear,2210474,3
RPN,23,bear,88,teddy bear,1674436,3
RPN,24,zebra,24,zebra,588168,3
RPN,24,zebra,24,zebra,588472,3
RPN,24,zebra,24,zebra,588533,3
RPN,24,zebra,24,zebra,588628,3
RPN,24,zebra,24,zebra,588651,3
RPN,24,zebra,24,zebra,589143,3
RPN,24,zebra,24,zebra,589319,3
RPN,24,zebra,24,zebra,589326,3
RPN,24,zebra,24,zebra,589780,2
RPN,24,zebra,24,zebra,590369,3
RPN,24,zebra,24,zebra,590410,3
RPN,24,zebra,24,zebra,590456,3
RPN,24,zebra,24,zebra,590560,3
RPN,24,zebra,24,zebra,590623,3
RPN,24,zebra,24,zebra,590642,3
RPN,24,zebra,24,zebra,590645,2
RPN,24,zebra,24,zebra,590738,3
RPN,24,zebra,24,zebra,590797,3
RPN,24,zebra,24,zebra,591041,3
RPN,24,zebra,24,zebra,591075,3
RPN,24,zebra,24,zebra,591076,3
RPN,24,zebra,24,zebra,591091,3
RPN,24,zebra,24,zebra,591161,3
RPN,24,zebra,24,zebra,591306,3
RPN,24,zebra,24,zebra,591583,2
RPN,24,zebra,24,zebra,591697,3
RPN,24,zebra,24,zebra,591871,3
RPN,24,zebra,24,zebra,592290,3
RPN,24,zebra,24,zebra,592744,3
RPN,24,zebra,24,zebra,593090,3
RPN,24,zebra,24,zebra,593104,3
RPN,24,zebra,24,zebra,593244,3
RPN,24,zebra,24,zebra,593306,3
RPN,24,zebra,24,zebra,593325,2
RPN,24,zebra,24,zebra,593713,3
RPN,24,zebra,24,zebra,593793,3
RPN,24,zebra,24,zebra,594124,3
RPN,24,zebra,24,zebra,594433,3
RPN,24,zebra,24,zebra,1411948,3
RPN,24,zebra,24,zebra,1412017,3
RPN,24,zebra,24,zebra,1412280,3
RPN,24,zebra,24,zebra,1412405,3
RPN,24,zebra,24,zebra,1412993,3
RPN,24,zebra,24,zebra,1413038,3
RPN,24,zebra,24,zebra,1822192,3
RPN,24,zebra,24,zebra,1822262,2
RPN,24,zebra,24,zebra,1822898,3
RPN,24,zebra,24,zebra,1822988,1
RPN,24,zebra,24,zebra,1823041,1
RPN,24,zebra,24,zebra,2175344,3
RPN,25,giraffe,25,giraffe,594597,3
RPN,25,giraffe,25,giraffe,594638,3
RPN,25,giraffe,25,giraffe,594664,3
RPN,25,giraffe,25,giraffe,594711,3
RPN,25,giraffe,25,giraffe,594719,3
RPN,25,giraffe,25,giraffe,594892,3
RPN,25,giraffe,25,giraffe,594949,3
RPN,25,giraffe,25,giraffe,595130,2
RPN,25,giraffe,25,giraffe,595182,3
RPN,25,giraffe,25,giraffe,595215,3
RPN,25,giraffe,25,giraffe,595218,3
RPN,25,giraffe,25,giraffe,595257,3
RPN,25,giraffe,25,giraffe,595288,3
RPN,25,giraffe,25,giraffe,595384,3
RPN,25,giraffe,25,giraffe,595577,3
RPN,25,giraffe,25,giraffe,595642,3
RPN,25,giraffe,25,giraffe,595656,3
RPN,25,giraffe,25,giraffe,595738,3
RPN,25,giraffe,25,giraffe,595839,3
RPN,25,giraffe,25,giraffe,595933,3
RPN,25,giraffe,25,giraffe,596039,3
RPN,25,giraffe,25,giraffe,596072,3
RPN,25,giraffe,25,giraffe,596250,3
RPN,25,giraffe,25,giraffe,596275,3
RPN,25,giraffe,25,giraffe,596319,1
RPN,25,giraffe,25,giraffe,596439,3
RPN,25,giraffe,25,giraffe,596452,3
RPN,25,giraffe,25,giraffe,597085,3
RPN,25,giraffe,25,giraffe,597086,3
RPN,25,giraffe,25,giraffe,597262,3
RPN,25,giraffe,25,giraffe,597445,3
RPN,25,giraffe,25,giraffe,597575,3
RPN,25,giraffe,25,giraffe,597609,3
RPN,25,giraffe,25,giraffe,597759,3
RPN,25,giraffe,25,giraffe,597844,3
RPN,25,giraffe,25,giraffe,598009,3
RPN,25,giraffe,25,giraffe,598281,3
RPN,25,giraffe,25,giraffe,598313,3
RPN,25,giraffe,25,giraffe,598321,4
RPN,25,giraffe,25,giraffe,598334,3
RPN,25,giraffe,25,giraffe,598356,3
RPN,25,giraffe,25,giraffe,598581,3
RPN,25,giraffe,25,giraffe,598622,3
RPN,25,giraffe,25,giraffe,598784,3
RPN,25,giraffe,25,giraffe,598886,3
RPN,25,giraffe,25,giraffe,599310,3
RPN,25,giraffe,25,giraffe,599414,3
RPN,25,giraffe,25,giraffe,599512,2
RPN,25,giraffe,25,giraffe,599557,3
RPN,25,giraffe,25,giraffe,599682,3
RPN,25,giraffe,25,giraffe,599729,3
RPN,25,giraffe,25,giraffe,599884,3
RPN,25,giraffe,25,giraffe,599947,3
RPN,25,giraffe,25,giraffe,600157,3
RPN,25,giraffe,25,giraffe,600186,3
RPN,25,giraffe,25,giraffe,600196,3
RPN,25,giraffe,25,giraffe,600203,3
RPN,25,giraffe,25,giraffe,600529,3
RPN,25,giraffe,25,giraffe,600789,3
RPN,25,giraffe,25,giraffe,600871,3
RPN,25,giraffe,25,giraffe,601111,4
RPN,25,giraffe,25,giraffe,601162,1
RPN,25,giraffe,25,giraffe,601318,3
RPN,25,giraffe,25,giraffe,601322,3
RPN,25,giraffe,25,giraffe,601380,3
RPN,25,giraffe,25,giraffe,601566,3
RPN,25,giraffe,25,giraffe,601586,3
RPN,25,giraffe,25,giraffe,1413711,3
RPN,25,giraffe,25,giraffe,1413724,3
RPN,25,giraffe,25,giraffe,1414163,3
RPN,25,giraffe,25,giraffe,1414651,3
RPN,25,giraffe,25,giraffe,1823321,3
RPN,25,giraffe,25,giraffe,1823544,2
RPN,25,giraffe,25,giraffe,1823713,2
RPN,25,giraffe,25,giraffe,1823728,3
RPN,25,giraffe,25,giraffe,1823731,3
RPN,27,backpack,27,backpack,1171640,3
RPN,27,backpack,27,backpack,1417683,2
RPN,27,backpack,27,backpack,2072352,3
RPN,27,backpack,27,backpack,2175602,2
RPN,28,umbrella,28,umbrella,280490,3
RPN,28,umbrella,28,umbrella,280832,3
RPN,28,umbrella,28,umbrella,281095,3
RPN,28,umbrella,28,umbrella,281760,3
RPN,28,umbrella,28,umbrella,281983,3
RPN,28,umbrella,28,umbrella,284556,3
RPN,28,umbrella,28,umbrella,284676,3
RPN,28,umbrella,28,umbrella,284925,3
RPN,28,umbrella,28,umbrella,285445,3
RPN,28,umbrella,28,umbrella,285987,3
RPN,28,umbrella,28,umbrella,286229,3
RPN,28,umbrella,28,umbrella,286935,3
RPN,28,umbrella,28,umbrella,287519,3
RPN,28,umbrella,28,umbrella,1425546,3
RPN,28,umbrella,28,umbrella,1426588,3
RPN,28,umbrella,28,umbrella,1427131,3
RPN,28,umbrella,28,umbrella,1427364,3
RPN,28,umbrella,28,umbrella,1427491,3
RPN,28,umbrella,28,umbrella,2074485,3
RPN,31,handbag,31,handbag,1833785,3
RPN,31,handbag,31,handbag,2077932,3
RPN,31,handbag,31,handbag,2078312,3
RPN,32,tie,32,tie,296150,3
RPN,32,tie,32,tie,298437,3
RPN,32,tie,32,tie,298741,3
RPN,32,tie,32,tie,298954,2
RPN,32,tie,32,tie,1442290,3
RPN,32,tie,32,tie,1442904,3
RPN,32,tie,32,tie,1840310,3
RPN,33,suitcase,33,suitcase,1182845,3
RPN,33,suitcase,33,suitcase,1182983,2
RPN,33,suitcase,33,suitcase,1183179,3
RPN,33,suitcase,33,suitcase,1183269,3
RPN,33,suitcase,33,suitcase,1183479,3
RPN,33,suitcase,33,suitcase,1183723,3
RPN,33,suitcase,33,suitcase,1183958,2
RPN,33,suitcase,33,suitcase,1184009,3
RPN,33,suitcase,33,suitcase,1184014,3
RPN,33,suitcase,33,suitcase,1184087,3
RPN,33,suitcase,33,suitcase,1184121,2
RPN,33,suitcase,33,suitcase,1184124,3
RPN,33,suitcase,33,suitcase,1184413,3
RPN,33,suitcase,33,suitcase,1184552,3
RPN,33,suitcase,33,suitcase,1184638,3
RPN,33,suitcase,33,suitcase,1184746,3
RPN,33,suitcase,33,suitcase,1184759,3
RPN,33,suitcase,33,suitcase,1185133,2
RPN,33,suitcase,33,suitcase,1185957,3
RPN,33,suitcase,33,suitcase,1186316,2
RPN,33,suitcase,33,suitcase,1186391,3
RPN,33,suitcase,33,suitcase,1186400,2
RPN,33,suitcase,33,suitcase,1186413,3
RPN,33,suitcase,33,suitcase,1186487,3
RPN,33,suitcase,33,suitcase,1186564,3
RPN,33,suitcase,33,suitcase,1186643,3
RPN,33,suitcase,33,suitcase,1186784,2
RPN,33,suitcase,33,suitcase,1186839,3
RPN,33,suitcase,33,suitcase,1186880,3
RPN,33,suitcase,33,suitcase,1187196,3
RPN,33,suitcase,33,suitcase,1187291,3
RPN,33,suitcase,33,suitcase,1187358,3
RPN,33,suitcase,33,suitcase,1187428,2
RPN,33,suitcase,33,suitcase,1187533,3
RPN,33,suitcase,33,suitcase,1187623,3
RPN,33,suitcase,33,suitcase,1187665,3
RPN,33,suitcase,33,suitcase,1187733,3
RPN,33,suitcase,33,suitcase,1187761,3
RPN,33,suitcase,33,suitcase,1187952,2
RPN,33,suitcase,33,suitcase,1187958,3
RPN,33,suitcase,33,suitcase,1187979,3
RPN,33,suitcase,33,suitcase,1444245,3
RPN,33,suitcase,33,suitcase,1444634,3
RPN,33,suitcase,33,suitcase,1444754,1
RPN,33,suitcase,33,suitcase,1445695,3
RPN,33,suitcase,33,suitcase,1445743,3
RPN,33,suitcase,33,suitcase,1446700,3
RPN,33,suitcase,33,suitcase,1446889,3
RPN,33,suitcase,33,suitcase,1446993,1
RPN,33,suitcase,33,suitcase,1841931,1
RPN,33,suitcase,33,suitcase,1842075,3
RPN,33,suitcase,33,suitcase,1842304,3
RPN,33,suitcase,33,suitcase,1842329,3
RPN,33,suitcase,33,suitcase,1842623,2
RPN,33,suitcase,33,suitcase,2080923,3
RPN,33,suitcase,33,suitcase,2081466,3
RPN,36,snowboard,36,snowboard,615958,3
RPN,36,snowboard,36,snowboard,617952,3
RPN,36,snowboard,36,snowboard,620612,2
RPN,36,snowboard,36,snowboard,620639,2
RPN,36,snowboard,36,snowboard,620789,3
RPN,36,snowboard,36,snowboard,620870,3
RPN,38,kite,38,kite,623960,2
RPN,38,kite,38,kite,624397,3
RPN,38,kite,38,kite,624574,3
RPN,38,kite,38,kite,1465870,1
RPN,38,kite,38,kite,1856611,2
RPN,40,baseball glove,40,baseball glove,635994,3
RPN,42,surfboard,42,surfboard,647898,3
RPN,42,surfboard,42,surfboard,648591,3
RPN,42,surfboard,42,surfboard,651102,3
RPN,42,surfboard,42,surfboard,1862563,3
RPN,43,tennis racket,1,person,507717,3
RPN,43,tennis racket,43,tennis racket,655825,3
RPN,43,tennis racket,43,tennis racket,656287,2
RPN,43,tennis racket,43,tennis racket,660173,3
RPN,44,bottle,44,bottle,78618,3
RPN,44,bottle,44,bottle,79247,4
RPN,44,bottle,44,bottle,79359,3
RPN,44,bottle,44,bottle,84923,3
RPN,44,bottle,44,bottle,87176,2
RPN,44,bottle,44,bottle,87534,3
RPN,44,bottle,44,bottle,87597,1
RPN,44,bottle,44,bottle,87697,2
RPN,44,bottle,44,bottle,88799,3
RPN,44,bottle,44,bottle,88875,3
RPN,44,bottle,44,bottle,89480,2
RPN,44,bottle,44,bottle,89502,3
RPN,44,bottle,44,bottle,90804,1
RPN,44,bottle,44,bottle,91780,3
RPN,44,bottle,44,bottle,91815,2
RPN,44,bottle,44,bottle,92954,3
RPN,44,bottle,44,bottle,94323,2
RPN,44,bottle,44,bottle,95243,3
RPN,44,bottle,44,bottle,370345,2
RPN,44,bottle,44,bottle,370789,3
RPN,44,bottle,44,bottle,370881,3
RPN,44,bottle,44,bottle,371376,3
RPN,44,bottle,44,bottle,371832,3
RPN,44,bottle,44,bottle,371973,2
RPN,44,bottle,44,bottle,1484082,3
RPN,44,bottle,44,bottle,1485124,3
RPN,44,bottle,44,bottle,1485514,1
RPN,44,bottle,44,bottle,1490853,2
RPN,44,bottle,44,bottle,1491023,2
RPN,44,bottle,44,bottle,1491433,2
RPN,44,bottle,44,bottle,1493095,1
RPN,44,bottle,44,bottle,1494124,2
RPN,44,bottle,44,bottle,1867158,2
RPN,44,bottle,44,bottle,1867229,2
RPN,44,bottle,44,bottle,1867380,2
RPN,44,bottle,44,bottle,1870014,2
RPN,44,bottle,44,bottle,1870880,3
RPN,44,bottle,44,bottle,1871102,2
RPN,44,bottle,44,bottle,1871286,3
RPN,44,bottle,44,bottle,1872895,1
RPN,44,bottle,44,bottle,2093241,3
RPN,44,bottle,44,bottle,2096586,3
RPN,46,wine glass,46,wine glass,662063,3
RPN,46,wine glass,46,wine glass,663915,3
RPN,46,wine glass,46,wine glass,664453,3
RPN,46,wine glass,46,wine glass,666957,3
RPN,46,wine glass,46,wine glass,667386,3
RPN,46,wine glass,46,wine glass,667781,3
RPN,46,wine glass,46,wine glass,1496686,1
RPN,46,wine glass,46,wine glass,1497057,3
RPN,46,wine glass,46,wine glass,1497786,1
RPN,46,wine glass,46,wine glass,1498128,2
RPN,46,wine glass,46,wine glass,1498960,2
RPN,46,wine glass,46,wine glass,1500360,1
RPN,46,wine glass,46,wine glass,1874931,3
RPN,46,wine glass,46,wine glass,1875649,3
RPN,47,cup,47,cup,668869,2
RPN,47,cup,47,cup,668932,3
RPN,47,cup,47,cup,669388,3
RPN,47,cup,47,cup,669961,3
RPN,47,cup,47,cup,670466,3
RPN,47,cup,47,cup,671832,3
RPN,47,cup,47,cup,673295,2
RPN,47,cup,47,cup,673819,3
RPN,47,cup,47,cup,675201,3
RPN,47,cup,47,cup,675273,3
RPN,47,cup,47,cup,675723,3
RPN,47,cup,47,cup,675850,3
RPN,47,cup,47,cup,676341,3
RPN,47,cup,47,cup,677195,3
RPN,47,cup,47,cup,677585,2
RPN,47,cup,47,cup,677879,3
RPN,47,cup,47,cup,679238,3
RPN,47,cup,47,cup,679290,1
RPN,47,cup,47,cup,679334,3
RPN,47,cup,47,cup,680596,3
RPN,47,cup,47,cup,680703,3
RPN,47,cup,47,cup,680871,3
RPN,47,cup,47,cup,681869,3
RPN,47,cup,47,cup,683423,3
RPN,47,cup,47,cup,683530,3
RPN,47,cup,47,cup,683534,3
RPN,47,cup,47,cup,683661,3
RPN,47,cup,47,cup,684101,3
RPN,47,cup,47,cup,1513172,3
RPN,47,cup,47,cup,1513592,2
RPN,47,cup,47,cup,1884179,3
RPN,47,cup,47,cup,2099621,3
RPN,47,cup,47,cup,2215191,3
RPN,47,cup,51,bowl,1535661,3
RPN,51,bowl,51,bowl,709723,3
RPN,51,bowl,51,bowl,709932,1
RPN,51,bowl,51,bowl,710022,3
RPN,51,bowl,51,bowl,710146,3
RPN,51,bowl,51,bowl,711002,3
RPN,51,bowl,51,bowl,711646,3
RPN,51,bowl,51,bowl,711793,3
RPN,51,bowl,51,bowl,711838,4
RPN,51,bowl,51,bowl,711879,3
RPN,51,bowl,51,bowl,713194,3
RPN,51,bowl,51,bowl,713506,3
RPN,51,bowl,51,bowl,714523,3
RPN,51,bowl,51,bowl,715286,3
RPN,51,bowl,51,bowl,715981,3
RPN,51,bowl,51,bowl,716515,3
RPN,51,bowl,51,bowl,717416,3
RPN,51,bowl,51,bowl,718283,3
RPN,51,bowl,51,bowl,718525,3
RPN,51,bowl,51,bowl,1037915,3
RPN,51,bowl,51,bowl,1038146,3
RPN,51,bowl,51,bowl,1038240,2
RPN,51,bowl,51,bowl,1038249,3
RPN,51,bowl,51,bowl,1038341,3
RPN,51,bowl,51,bowl,1039232,3
RPN,51,bowl,51,bowl,1039300,3
RPN,51,bowl,51,bowl,1039353,3
RPN,51,bowl,51,bowl,1039374,3
RPN,51,bowl,51,bowl,1039653,3
RPN,51,bowl,51,bowl,1039875,3
RPN,51,bowl,51,bowl,1039908,3
RPN,51,bowl,51,bowl,1040221,1
RPN,51,bowl,51,bowl,1040598,3
RPN,51,bowl,51,bowl,1040728,3
RPN,51,bowl,51,bowl,1040955,2
RPN,51,bowl,51,bowl,1531551,3
RPN,51,bowl,51,bowl,1531900,3
RPN,51,bowl,51,bowl,1531910,3
RPN,51,bowl,51,bowl,1533165,3
RPN,51,bowl,51,bowl,1533353,3
RPN,51,bowl,51,bowl,1533854,3
RPN,51,bowl,51,bowl,1535661,3
RPN,51,bowl,51,bowl,1535670,3
RPN,51,bowl,51,bowl,1535819,3
RPN,51,bowl,51,bowl,1535995,3
RPN,51,bowl,51,bowl,1536273,3
RPN,51,bowl,51,bowl,1536631,3
RPN,51,bowl,51,bowl,1536829,3
RPN,51,bowl,51,bowl,1536922,3
RPN,51,bowl,51,bowl,1537115,1
RPN,51,bowl,51,bowl,1537435,3
RPN,51,bowl,51,bowl,1537560,3
RPN,51,bowl,51,bowl,1538552,2
RPN,51,bowl,51,bowl,1539043,2
RPN,51,bowl,51,bowl,1539102,3
RPN,51,bowl,51,bowl,1539987,2
RPN,51,bowl,51,bowl,1541210,2
RPN,51,bowl,51,bowl,1898151,3
RPN,51,bowl,51,bowl,1898919,2
RPN,51,bowl,51,bowl,1899469,3
RPN,51,bowl,51,bowl,1900188,3
RPN,51,bowl,51,bowl,1900302,3
RPN,51,bowl,51,bowl,1900923,2
RPN,51,bowl,51,bowl,1900979,3
RPN,51,bowl,51,bowl,1901304,4
RPN,51,bowl,51,bowl,1902625,3
RPN,51,bowl,51,bowl,1902753,3
RPN,51,bowl,51,bowl,1902997,3
RPN,51,bowl,51,bowl,1903420,3
RPN,51,bowl,51,bowl,1903564,3
RPN,51,bowl,51,bowl,1903599,3
RPN,51,bowl,51,bowl,1904089,3
RPN,51,bowl,51,bowl,1904106,3
RPN,51,bowl,51,bowl,2107518,3
RPN,51,bowl,51,bowl,2107800,3
RPN,51,bowl,51,bowl,2108780,3
RPN,51,bowl,51,bowl,2109357,3
RPN,51,bowl,51,bowl,2185908,3
RPN,51,bowl,51,bowl,2217385,3
RPN,51,bowl,51,bowl,2217454,3
RPN,51,bowl,53,apple,2186559,3
RPN,51,bowl,54,sandwich,2218473,3
RPN,51,bowl,57,carrot,1065293,3
RPN,52,banana,52,banana,1041529,3
RPN,52,banana,52,banana,1041544,3
RPN,52,banana,52,banana,1041776,3
RPN,52,banana,52,banana,1041933,3
RPN,52,banana,52,banana,1041950,2
RPN,52,banana,52,banana,1042185,2
RPN,52,banana,52,banana,1042223,2
RPN,52,banana,52,banana,1042719,2
RPN,52,banana,52,banana,1042974,3
RPN,52,banana,52,banana,1042990,3
RPN,52,banana,52,banana,1043026,3
RPN,52,banana,52,banana,1043053,2
RPN,52,banana,52,banana,1043190,1
RPN,52,banana,52,banana,1043427,2
RPN,52,banana,52,banana,1043492,2
RPN,52,banana,52,banana,1043968,2
RPN,52,banana,52,banana,1043971,3
RPN,52,banana,52,banana,1044154,3
RPN,52,banana,52,banana,1044802,2
RPN,52,banana,52,banana,1045008,2
RPN,52,banana,52,banana,1045203,3
RPN,52,banana,52,banana,1045416,2
RPN,52,banana,52,banana,1046087,3
RPN,52,banana,52,banana,1046090,2
RPN,52,banana,52,banana,1046238,3
RPN,52,banana,52,banana,1046464,2
RPN,52,banana,52,banana,1046570,1
RPN,52,banana,52,banana,1542143,2
RPN,52,banana,52,banana,1543048,3
RPN,52,banana,52,banana,1544258,1
RPN,52,banana,52,banana,1544268,3
RPN,52,banana,52,banana,1544415,2
RPN,52,banana,52,banana,1544652,3
RPN,52,banana,52,banana,1544713,1
RPN,52,banana,52,banana,1545082,3
RPN,52,banana,52,banana,1545157,2
RPN,52,banana,52,banana,1545657,3
RPN,52,banana,52,banana,1546005,3
RPN,52,banana,52,banana,1546143,2
RPN,52,banana,52,banana,1546443,3
RPN,52,banana,52,banana,1546636,3
RPN,52,banana,52,banana,1546785,2
RPN,52,banana,52,banana,1547536,1
RPN,52,banana,52,banana,1547780,2
RPN,52,banana,52,banana,1548260,2
RPN,52,banana,52,banana,1904416,3
RPN,52,banana,52,banana,1904590,3
RPN,52,banana,52,banana,1904763,3
RPN,52,banana,52,banana,2110281,3
RPN,52,banana,52,banana,2110311,2
RPN,52,banana,52,banana,2110491,3
RPN,52,banana,52,banana,2110609,2
RPN,52,banana,52,banana,2110679,3
RPN,52,banana,52,banana,2111148,3
RPN,52,banana,52,banana,2186260,2
RPN,53,apple,53,apple,1047386,3
RPN,53,apple,53,apple,1047856,2
RPN,53,apple,53,apple,1048054,2
RPN,53,apple,53,apple,1048295,2
RPN,53,apple,53,apple,1048673,2
RPN,53,apple,53,apple,1048993,3
RPN,53,apple,53,apple,1049138,3
RPN,53,apple,53,apple,1049783,3
RPN,53,apple,53,apple,1049798,3
RPN,53,apple,53,apple,1049848,3
RPN,53,apple,53,apple,1049869,3
RPN,53,apple,53,apple,1050134,3
RPN,53,apple,53,apple,1050490,3
RPN,53,apple,53,apple,1549149,3
RPN,53,apple,53,apple,1549213,1
RPN,53,apple,53,apple,1551071,3
RPN,53,apple,53,apple,1907837,1
RPN,53,apple,53,apple,2111582,3
RPN,54,sandwich,54,sandwich,308191,2
RPN,54,sandwich,54,sandwich,308543,3
RPN,54,sandwich,54,sandwich,308881,2
RPN,54,sandwich,54,sandwich,309401,3
RPN,54,sandwich,54,sandwich,309661,3
RPN,54,sandwich,54,sandwich,309760,3
RPN,54,sandwich,54,sandwich,309805,3
RPN,54,sandwich,54,sandwich,309956,3
RPN,54,sandwich,54,sandwich,310094,2
RPN,54,sandwich,54,sandwich,310216,3
RPN,54,sandwich,54,sandwich,310355,2
RPN,54,sandwich,54,sandwich,310504,3
RPN,54,sandwich,54,sandwich,310752,2
RPN,54,sandwich,54,sandwich,310911,3
RPN,54,sandwich,54,sandwich,310948,3
RPN,54,sandwich,54,sandwich,311169,3
RPN,54,sandwich,54,sandwich,311340,3
RPN,54,sandwich,54,sandwich,311478,3
RPN,54,sandwich,54,sandwich,311543,3
RPN,54,sandwich,54,sandwich,311731,2
RPN,54,sandwich,54,sandwich,311799,3
RPN,54,sandwich,54,sandwich,312494,3
RPN,54,sandwich,54,sandwich,312510,3
RPN,54,sandwich,54,sandwich,312627,3
RPN,54,sandwich,54,sandwich,312684,3
RPN,54,sandwich,54,sandwich,312721,3
RPN,54,sandwich,54,sandwich,312770,2
RPN,54,sandwich,54,sandwich,312772,2
RPN,54,sandwich,54,sandwich,312937,3
RPN,54,sandwich,54,sandwich,313064,3
RPN,54,sandwich,54,sandwich,313082,3
RPN,54,sandwich,54,sandwich,313105,3
RPN,54,sandwich,54,sandwich,313299,3
RPN,54,sandwich,54,sandwich,313306,2
RPN,54,sandwich,54,sandwich,313397,3
RPN,54,sandwich,54,sandwich,313427,3
RPN,54,sandwich,54,sandwich,313450,2
RPN,54,sandwich,54,sandwich,313455,3
RPN,54,sandwich,54,sandwich,313512,3
RPN,54,sandwich,54,sandwich,313545,3
RPN,54,sandwich,54,sandwich,313572,3
RPN,54,sandwich,54,sandwich,313586,3
RPN,54,sandwich,54,sandwich,313632,3
RPN,54,sandwich,54,sandwich,313678,2
RPN,54,sandwich,54,sandwich,313697,3
RPN,54,sandwich,54,sandwich,1552919,3
RPN,54,sandwich,54,sandwich,1552953,3
RPN,54,sandwich,54,sandwich,1553028,3
RPN,54,sandwich,54,sandwich,1553893,4
RPN,54,sandwich,54,sandwich,1554508,2
RPN,54,sandwich,54,sandwich,1554842,3
RPN,54,sandwich,54,sandwich,1554857,3
RPN,54,sandwich,54,sandwich,1554885,2
RPN,54,sandwich,54,sandwich,1554976,2
RPN,54,sandwich,54,sandwich,1555209,3
RPN,54,sandwich,54,sandwich,1908583,3
RPN,54,sandwich,54,sandwich,1908647,3
RPN,54,sandwich,54,sandwich,1908801,3
RPN,54,sandwich,54,sandwich,1909378,3
RPN,54,sandwich,54,sandwich,1910775,3
RPN,54,sandwich,54,sandwich,1911162,3
RPN,54,sandwich,54,sandwich,1911381,2
RPN,54,sandwich,54,sandwich,1911450,2
RPN,54,sandwich,54,sandwich,1911507,2
RPN,54,sandwich,54,sandwich,2219142,3
RPN,54,sandwich,54,sandwich,2219647,1
RPN,54,sandwich,58,hot dog,1070257,3
RPN,54,sandwich,59,pizza,1924225,3
RPN,55,orange,55,orange,1050727,3
RPN,55,orange,55,orange,1050886,3
RPN,55,orange,55,orange,1050921,2
RPN,55,orange,55,orange,1050952,3
RPN,55,orange,55,orange,1050968,3
RPN,55,orange,55,orange,1051106,3
RPN,55,orange,55,orange,1051211,2
RPN,55,orange,55,orange,1051327,3
RPN,55,orange,55,orange,1051499,2
RPN,55,orange,55,orange,1051532,2
RPN,55,orange,55,orange,1051876,3
RPN,55,orange,55,orange,1052016,3
RPN,55,orange,55,orange,1052136,3
RPN,55,orange,55,orange,1052188,2
RPN,55,orange,55,orange,1052245,3
RPN,55,orange,55,orange,1052336,2
RPN,55,orange,55,orange,1052640,2
RPN,55,orange,55,orange,1052668,3
RPN,55,orange,55,orange,1053571,3
RPN,55,orange,55,orange,1054685,3
RPN,55,orange,55,orange,1911593,2
RPN,55,orange,55,orange,1911604,3
RPN,55,orange,55,orange,1911757,2
RPN,55,orange,55,orange,1912032,3
RPN,55,orange,55,orange,1912136,3
RPN,55,orange,55,orange,1912382,3
RPN,55,orange,55,orange,1912666,3
RPN,55,orange,55,orange,1912853,1
RPN,55,orange,55,orange,1912952,3
RPN,55,orange,55,orange,1913111,3
RPN,55,orange,55,orange,1913560,3
RPN,55,orange,55,orange,1914006,3
RPN,55,orange,55,orange,1914054,3
RPN,55,orange,55,orange,2187341,3
RPN,56,broccoli,56,broccoli,1055210,3
RPN,56,broccoli,56,broccoli,1055496,1
RPN,56,broccoli,56,broccoli,1055694,3
RPN,56,broccoli,56,broccoli,1056044,3
RPN,56,broccoli,56,broccoli,1056049,3
RPN,56,broccoli,56,broccoli,1056828,2
RPN,56,broccoli,56,broccoli,1057622,2
RPN,56,broccoli,56,broccoli,1058029,3
RPN,56,broccoli,56,broccoli,1058040,2
RPN,56,broccoli,56,broccoli,1058150,1
RPN,56,broccoli,56,broccoli,1058185,3
RPN,56,broccoli,56,broccoli,1058739,2
RPN,56,broccoli,56,broccoli,1058974,3
RPN,56,broccoli,56,broccoli,1059082,2
RPN,56,broccoli,56,broccoli,1059341,3
RPN,56,broccoli,56,broccoli,1060108,3
RPN,56,broccoli,56,broccoli,1060399,2
RPN,56,broccoli,56,broccoli,1060707,1
RPN,56,broccoli,56,broccoli,1060779,3
RPN,56,broccoli,56,broccoli,1060954,2
RPN,56,broccoli,56,broccoli,1061171,3
RPN,56,broccoli,56,broccoli,1061423,2
RPN,56,broccoli,56,broccoli,1559681,3
RPN,56,broccoli,56,broccoli,1559969,3
RPN,56,broccoli,56,broccoli,1560004,2
RPN,56,broccoli,56,broccoli,1560826,3
RPN,56,broccoli,56,broccoli,1561200,2
RPN,56,broccoli,56,broccoli,1561366,2
RPN,56,broccoli,56,broccoli,1561369,2
RPN,56,broccoli,56,broccoli,1561776,2
RPN,56,broccoli,56,broccoli,1562047,3
RPN,56,broccoli,56,broccoli,1562655,1
RPN,56,broccoli,56,broccoli,1914431,3
RPN,56,broccoli,56,broccoli,1915086,3
RPN,56,broccoli,56,broccoli,2115056,2
RPN,56,broccoli,56,broccoli,2187947,2
RPN,57,carrot,57,carrot,1062396,1
RPN,57,carrot,57,carrot,1062581,3
RPN,57,carrot,57,carrot,1062898,2
RPN,57,carrot,57,carrot,1063178,3
RPN,57,carrot,57,carrot,1063455,3
RPN,57,carrot,57,carrot,1064607,3
RPN,57,carrot,57,carrot,1064904,3
RPN,57,carrot,57,carrot,1065084,2
RPN,57,carrot,57,carrot,1065548,2
RPN,57,carrot,57,carrot,1065581,3
RPN,57,carrot,57,carrot,1065905,2
RPN,57,carrot,57,carrot,1065975,3
RPN,57,carrot,57,carrot,1066020,3
RPN,57,carrot,57,carrot,1563288,1
RPN,57,carrot,57,carrot,1565136,3
RPN,57,carrot,57,carrot,1918147,3
RPN,57,carrot,57,carrot,1918883,3
RPN,57,carrot,57,carrot,1919201,3
RPN,57,carrot,57,carrot,1919207,2
RPN,58,hot dog,58,hot dog,1066849,3
RPN,58,hot dog,58,hot dog,1066945,3
RPN,58,hot dog,58,hot dog,1067219,2
RPN,58,hot dog,58,hot dog,1067310,3
RPN,58,hot dog,58,hot dog,1068397,3
RPN,58,hot dog,58,hot dog,1068722,3
RPN,58,hot dog,58,hot dog,1068918,3
RPN,58,hot dog,58,hot dog,1069556,3
RPN,58,hot dog,58,hot dog,1069665,2
RPN,58,hot dog,58,hot dog,1069955,3
RPN,58,hot dog,58,hot dog,1069976,2
RPN,58,hot dog,58,hot dog,1070006,3
RPN,58,hot dog,58,hot dog,1567916,3
RPN,58,hot dog,58,hot dog,1568021,3
RPN,58,hot dog,58,hot dog,1568151,3
RPN,58,hot dog,58,hot dog,1568186,3
RPN,58,hot dog,58,hot dog,1568661,3
RPN,58,hot dog,58,hot dog,1568824,3
RPN,58,hot dog,58,hot dog,1922344,3
RPN,58,hot dog,58,hot dog,2221356,2
RPN,59,pizza,59,pizza,1070648,3
RPN,59,pizza,59,pizza,1070799,2
RPN,59,pizza,59,pizza,1070835,3
RPN,59,pizza,59,pizza,1070924,3
RPN,59,pizza,59,pizza,1071411,2
RPN,59,pizza,59,pizza,1071593,3
RPN,59,pizza,59,pizza,1071601,2
RPN,59,pizza,59,pizza,1071797,2
RPN,59,pizza,59,pizza,1071868,2
RPN,59,pizza,59,pizza,1072136,3
RPN,59,pizza,59,pizza,1072446,3
RPN,59,pizza,59,pizza,1072969,3
RPN,59,pizza,59,pizza,1073045,3
RPN,59,pizza,59,pizza,1073200,1
RPN,59,pizza,59,pizza,1073528,3
RPN,59,pizza,59,pizza,1073951,3
RPN,59,pizza,59,pizza,1074123,3
RPN,59,pizza,59,pizza,1074457,3
RPN,59,pizza,59,pizza,1074586,2
RPN,59,pizza,59,pizza,1075034,2
RPN,59,pizza,59,pizza,1075113,3
RPN,59,pizza,59,pizza,1075118,2
RPN,59,pizza,59,pizza,1075274,3
RPN,59,pizza,59,pizza,1075419,3
RPN,59,pizza,59,pizza,1075585,3
RPN,59,pizza,59,pizza,1075644,3
RPN,59,pizza,59,pizza,1075645,3
RPN,59,pizza,59,pizza,1075728,3
RPN,59,pizza,59,pizza,1075767,3
RPN,59,pizza,59,pizza,1075851,2
RPN,59,pizza,59,pizza,1075918,3
RPN,59,pizza,59,pizza,1076052,3
RPN,59,pizza,59,pizza,1076205,1
RPN,59,pizza,59,pizza,1076347,3
RPN,59,pizza,59,pizza,1076544,4
RPN,59,pizza,59,pizza,1076596,3
RPN,59,pizza,59,pizza,1076692,3
RPN,59,pizza,59,pizza,1076717,3
RPN,59,pizza,59,pizza,1076748,1
RPN,59,pizza,59,pizza,1076859,1
RPN,59,pizza,59,pizza,1076907,3
RPN,59,pizza,59,pizza,1076977,3
RPN,59,pizza,59,pizza,1077136,3
RPN,59,pizza,59,pizza,1077251,3
RPN,59,pizza,59,pizza,1077622,3
RPN,59,pizza,59,pizza,1077664,2
RPN,59,pizza,59,pizza,1077792,3
RPN,59,pizza,59,pizza,1570367,2
RPN,59,pizza,59,pizza,1570388,3
RPN,59,pizza,59,pizza,1570456,5
RPN,59,pizza,59,pizza,1570533,2
RPN,59,pizza,59,pizza,1570901,3
RPN,59,pizza,59,pizza,1571106,3
RPN,59,pizza,59,pizza,1571184,2
RPN,59,pizza,59,pizza,1923208,3
RPN,59,pizza,59,pizza,1923425,3
RPN,59,pizza,59,pizza,1923472,3
RPN,59,pizza,59,pizza,1924057,2
RPN,59,pizza,59,pizza,1924225,3
RPN,59,pizza,59,pizza,2117419,1
RPN,60,donut,60,donut,1078056,3
RPN,60,donut,60,donut,1078493,3
RPN,60,donut,60,donut,1078514,3
RPN,60,donut,60,donut,1078677,3
RPN,60,donut,60,donut,1078968,3
RPN,60,donut,60,donut,1078975,3
RPN,60,donut,60,donut,1079068,3
RPN,60,donut,60,donut,1079126,3
RPN,60,donut,60,donut,1079321,3
RPN,60,donut,60,donut,1079686,3
RPN,60,donut,60,donut,1079920,3
RPN,60,donut,60,donut,1080169,3
RPN,60,donut,60,donut,1080260,3
RPN,60,donut,60,donut,1080472,3
RPN,60,donut,60,donut,1080481,3
RPN,60,donut,60,donut,1080517,1
RPN,60,donut,60,donut,1080552,2
RPN,60,donut,60,donut,1080646,2
RPN,60,donut,60,donut,1081073,3
RPN,60,donut,60,donut,1081513,2
RPN,60,donut,60,donut,1081530,3
RPN,60,donut,60,donut,1081573,3
RPN,60,donut,60,donut,1081593,3
RPN,60,donut,60,donut,1081609,3
RPN,60,donut,60,donut,1081799,3
RPN,60,donut,60,donut,1081856,3
RPN,60,donut,60,donut,1081857,3
RPN,60,donut,60,donut,1081885,3
RPN,60,donut,60,donut,1081899,3
RPN,60,donut,60,donut,1082247,1
RPN,60,donut,60,donut,1082257,1
RPN,60,donut,60,donut,1082329,2
RPN,60,donut,60,donut,1082730,3
RPN,60,donut,60,donut,1082811,3
RPN,60,donut,60,donut,1082893,3
RPN,60,donut,60,donut,1083150,2
RPN,60,donut,60,donut,1572366,3
RPN,60,donut,60,donut,1572460,3
RPN,60,donut,60,donut,1572464,2
RPN,60,donut,60,donut,1572646,3
RPN,60,donut,60,donut,1572739,3
RPN,60,donut,60,donut,1573062,3
RPN,60,donut,60,donut,1573392,3
RPN,60,donut,60,donut,1573734,2
RPN,60,donut,60,donut,1574383,2
RPN,60,donut,60,donut,1574409,1
RPN,60,donut,60,donut,1574680,1
RPN,60,donut,60,donut,1574709,2
RPN,60,donut,60,donut,1575026,1
RPN,60,donut,60,donut,1575187,3
RPN,60,donut,60,donut,1575428,1
RPN,60,donut,60,donut,1575736,1
RPN,60,donut,60,donut,1575752,1
RPN,60,donut,60,donut,1575853,2
RPN,60,donut,60,donut,1575903,3
RPN,60,donut,60,donut,1575952,2
RPN,60,donut,60,donut,1575978,2
RPN,60,donut,60,donut,1924775,1
RPN,60,donut,60,donut,1924838,3
RPN,60,donut,60,donut,1924877,3
RPN,60,donut,60,donut,1925038,3
RPN,60,donut,60,donut,1925045,3
RPN,60,donut,60,donut,1925874,1
RPN,60,donut,60,donut,1925889,3
RPN,60,donut,60,donut,1926526,3
RPN,60,donut,60,donut,1926634,3
RPN,60,donut,60,donut,1926784,2
RPN,61,cake,61,cake,1084500,3
RPN,61,cake,61,cake,1084505,3
RPN,61,cake,61,cake,1084528,3
RPN,61,cake,61,cake,1084583,3
RPN,61,cake,61,cake,1084779,3
RPN,61,cake,61,cake,1085309,3
RPN,61,cake,61,cake,1085497,6
RPN,61,cake,61,cake,1085669,3
RPN,61,cake,61,cake,1085984,3
RPN,61,cake,61,cake,1086183,2
RPN,61,cake,61,cake,1086351,2
RPN,61,cake,61,cake,1086434,3
RPN,61,cake,61,cake,1086491,3
RPN,61,cake,61,cake,1086559,2
RPN,61,cake,61,cake,1086618,3
RPN,61,cake,61,cake,1087719,3
RPN,61,cake,61,cake,1088642,3
RPN,61,cake,61,cake,1088739,3
RPN,61,cake,61,cake,1088885,3
RPN,61,cake,61,cake,1088928,2
RPN,61,cake,61,cake,1088956,3
RPN,61,cake,61,cake,1089473,3
RPN,61,cake,61,cake,1089530,2
RPN,61,cake,61,cake,1089675,2
RPN,61,cake,61,cake,1577119,3
RPN,61,cake,61,cake,1577849,3
RPN,61,cake,61,cake,1577967,3
RPN,61,cake,61,cake,1578001,3
RPN,61,cake,61,cake,1578112,3
RPN,61,cake,61,cake,1578607,3
RPN,61,cake,61,cake,1927129,3
RPN,61,cake,61,cake,1929294,3
RPN,61,cake,61,cake,1929390,3
RPN,61,cake,61,cake,2222000,3
RPN,62,chair,1,person,1682103,3
RPN,62,chair,17,cat,51086,3
RPN,62,chair,62,chair,101528,2
RPN,62,chair,62,chair,102736,3
RPN,62,chair,62,chair,102897,3
RPN,62,chair,62,chair,102968,2
RPN,62,chair,62,chair,103179,2
RPN,62,chair,62,chair,103882,3
RPN,62,chair,62,chair,104569,3
RPN,62,chair,62,chair,105250,3
RPN,62,chair,62,chair,105298,2
RPN,62,chair,62,chair,105361,3
RPN,62,chair,62,chair,106244,3
RPN,62,chair,62,chair,106584,3
RPN,62,chair,62,chair,106787,2
RPN,62,chair,62,chair,107348,3
RPN,62,chair,62,chair,107479,3
RPN,62,chair,62,chair,107945,1
RPN,62,chair,62,chair,108341,3
RPN,62,chair,62,chair,109203,3
RPN,62,chair,62,chair,111208,3
RPN,62,chair,62,chair,289349,1
RPN,62,chair,62,chair,289538,3
RPN,62,chair,62,chair,290008,3
RPN,62,chair,62,chair,290366,3
RPN,62,chair,62,chair,290410,3
RPN,62,chair,62,chair,374134,3
RPN,62,chair,62,chair,378110,3
RPN,62,chair,62,chair,378908,3
RPN,62,chair,62,chair,379683,3
RPN,62,chair,62,chair,379829,3
RPN,62,chair,62,chair,380258,3
RPN,62,chair,62,chair,380874,3
RPN,62,chair,62,chair,382532,3
RPN,62,chair,62,chair,382566,3
RPN,62,chair,62,chair,382722,2
RPN,62,chair,62,chair,382868,3
RPN,62,chair,62,chair,384174,3
RPN,62,chair,62,chair,384263,3
RPN,62,chair,62,chair,385868,2
RPN,62,chair,62,chair,385911,3
RPN,62,chair,62,chair,1581473,2
RPN,62,chair,62,chair,1581555,2
RPN,62,chair,62,chair,1582587,1
RPN,62,chair,62,chair,1584156,2
RPN,62,chair,62,chair,1585604,3
RPN,62,chair,62,chair,1586508,2
RPN,62,chair,62,chair,1589371,2
RPN,62,chair,62,chair,1594027,3
RPN,62,chair,62,chair,1599759,2
RPN,62,chair,62,chair,1930995,2
RPN,62,chair,62,chair,1933942,3
RPN,62,chair,62,chair,1935639,3
RPN,62,chair,62,chair,1937131,1
RPN,62,chair,62,chair,1938137,3
RPN,62,chair,62,chair,1938324,3
RPN,62,chair,62,chair,1938351,3
RPN,62,chair,62,chair,1940551,2
RPN,62,chair,62,chair,1942568,1
RPN,62,chair,62,chair,1944036,3
RPN,62,chair,62,chair,1944464,1
RPN,62,chair,62,chair,1944675,3
RPN,62,chair,62,chair,1944700,3
RPN,62,chair,62,chair,1945263,2
RPN,62,chair,62,chair,1946304,3
RPN,62,chair,62,chair,2121963,3
RPN,62,chair,62,chair,2125453,3
RPN,62,chair,62,chair,2190497,3
RPN,62,chair,62,chair,2190551,3
RPN,62,chair,63,couch,114879,2
RPN,62,chair,73,laptop,1970903,3
RPN,63,couch,1,person,230467,3
RPN,63,couch,62,chair,1580755,3
RPN,63,couch,62,chair,1594027,3
RPN,63,couch,62,chair,1935034,3
RPN,63,couch,62,chair,1938137,3
RPN,63,couch,63,couch,97789,3
RPN,63,couch,63,couch,97887,3
RPN,63,couch,63,couch,98252,2
RPN,63,couch,63,couch,98501,3
RPN,63,couch,63,couch,99023,3
RPN,63,couch,63,couch,99699,3
RPN,63,couch,63,couch,100002,3
RPN,63,couch,63,couch,111243,3
RPN,63,couch,63,couch,111712,3
RPN,63,couch,63,couch,112441,2
RPN,63,couch,63,couch,112683,3
RPN,63,couch,63,couch,112970,3
RPN,63,couch,63,couch,112975,3
RPN,63,couch,63,couch,113175,3
RPN,63,couch,63,couch,113595,2
RPN,63,couch,63,couch,113694,3
RPN,63,couch,63,couch,113964,3
RPN,63,couch,63,couch,114360,3
RPN,63,couch,63,couch,114406,3
RPN,63,couch,63,couch,114456,3
RPN,63,couch,63,couch,114565,2
RPN,63,couch,63,couch,114583,3
RPN,63,couch,63,couch,114716,3
RPN,63,couch,63,couch,114964,3
RPN,63,couch,63,couch,115080,3
RPN,63,couch,63,couch,115263,3
RPN,63,couch,63,couch,115528,3
RPN,63,couch,63,couch,115535,2
RPN,63,couch,63,couch,116252,3
RPN,63,couch,63,couch,117303,3
RPN,63,couch,63,couch,117394,3
RPN,63,couch,63,couch,117410,3
RPN,63,couch,63,couch,117566,1
RPN,63,couch,63,couch,1604488,3
RPN,63,couch,63,couch,1949296,3
RPN,63,couch,63,couch,1950236,3
RPN,63,couch,63,couch,1950520,3
RPN,63,couch,63,couch,2224645,3
RPN,63,couch,63,couch,2224999,2
RPN,64,potted plant,64,potted plant,19733,2
RPN,64,potted plant,64,potted plant,20641,3
RPN,64,potted plant,64,potted plant,21883,3
RPN,64,potted plant,64,potted plant,22508,2
RPN,64,potted plant,64,potted plant,22515,3
RPN,64,potted plant,64,potted plant,22594,3
RPN,64,potted plant,64,potted plant,22755,2
RPN,64,potted plant,64,potted plant,23781,3
RPN,64,potted plant,64,potted plant,25331,3
RPN,64,potted plant,64,potted plant,25658,3
RPN,64,potted plant,64,potted plant,26073,3
RPN,64,potted plant,64,potted plant,26236,3
RPN,64,potted plant,64,potted plant,26283,2
RPN,64,potted plant,64,potted plant,26620,3
RPN,64,potted plant,64,potted plant,27555,2
RPN,64,potted plant,64,potted plant,291594,3
RPN,64,potted plant,64,potted plant,313946,3
RPN,64,potted plant,64,potted plant,314096,3
RPN,64,potted plant,64,potted plant,314177,3
RPN,64,potted plant,64,potted plant,1607968,2
RPN,64,potted plant,64,potted plant,1608319,2
RPN,64,potted plant,64,potted plant,1609783,2
RPN,64,potted plant,64,potted plant,1610050,3
RPN,64,potted plant,64,potted plant,2128315,2
RPN,65,bed,1,person,2151691,3
RPN,65,bed,17,cat,48697,3
RPN,65,bed,65,bed,314521,3
RPN,65,bed,65,bed,314559,3
RPN,65,bed,65,bed,314750,3
RPN,65,bed,65,bed,314756,3
RPN,65,bed,65,bed,315260,3
RPN,65,bed,65,bed,316106,3
RPN,65,bed,65,bed,316143,3
RPN,65,bed,65,bed,316215,3
RPN,65,bed,65,bed,316218,3
RPN,65,bed,65,bed,316649,3
RPN,65,bed,65,bed,317392,2
RPN,65,bed,65,bed,317821,2
RPN,65,bed,65,bed,317822,3
RPN,65,bed,65,bed,317947,3
RPN,65,bed,65,bed,318140,3
RPN,65,bed,65,bed,318235,3
RPN,65,bed,65,bed,318262,2
RPN,65,bed,65,bed,318765,3
RPN,65,bed,65,bed,318801,3
RPN,65,bed,65,bed,318822,2
RPN,65,bed,65,bed,319111,3
RPN,65,bed,65,bed,319594,3
RPN,65,bed,65,bed,319598,3
RPN,65,bed,65,bed,319653,3
RPN,65,bed,65,bed,319662,3
RPN,65,bed,65,bed,319729,3
RPN,65,bed,65,bed,319794,3
RPN,65,bed,65,bed,1611140,3
RPN,65,bed,65,bed,1611786,3
RPN,65,bed,65,bed,1612166,3
RPN,65,bed,65,bed,1957087,3
RPN,65,bed,65,bed,1957148,2
RPN,65,bed,65,bed,1957414,3
RPN,65,bed,65,bed,1957436,3
RPN,65,bed,65,bed,1957828,3
RPN,65,bed,65,bed,1957851,2
RPN,65,bed,65,bed,1957862,3
RPN,67,dining table,67,dining table,120013,3
RPN,67,dining table,67,dining table,120557,3
RPN,67,dining table,67,dining table,121129,3
RPN,67,dining table,67,dining table,121215,2
RPN,67,dining table,67,dining table,320623,2
RPN,67,dining table,67,dining table,414286,3
RPN,67,dining table,67,dining table,1090902,3
RPN,67,dining table,67,dining table,1091703,1
RPN,67,dining table,67,dining table,1614971,3
RPN,67,dining table,67,dining table,1620195,2
RPN,67,dining table,67,dining table,1621530,2
RPN,67,dining table,67,dining table,1959062,3
RPN,67,dining table,67,dining table,1964206,2
RPN,67,dining table,67,dining table,1966004,3
RPN,67,dining table,67,dining table,2132479,3
RPN,70,toilet,70,toilet,1092233,3
RPN,70,toilet,70,toilet,1092899,3
RPN,70,toilet,70,toilet,1093189,3
RPN,70,toilet,70,toilet,1094039,3
RPN,70,toilet,70,toilet,1094383,3
RPN,70,toilet,70,toilet,1094635,3
RPN,70,toilet,70,toilet,1094643,3
RPN,70,toilet,70,toilet,1095063,3
RPN,70,toilet,70,toilet,1095761,3
RPN,70,toilet,70,toilet,1096868,3
RPN,70,toilet,70,toilet,1097332,3
RPN,70,toilet,70,toilet,1097403,3
RPN,70,toilet,70,toilet,1623744,3
RPN,70,toilet,70,toilet,1623839,2
RPN,70,toilet,70,toilet,1624178,2
RPN,70,toilet,70,toilet,1624184,1
RPN,70,toilet,70,toilet,1624255,2
RPN,70,toilet,70,toilet,1624281,3
RPN,70,toilet,70,toilet,1624301,3
RPN,70,toilet,70,toilet,1624327,4
RPN,70,toilet,70,toilet,1967652,2
RPN,70,toilet,70,toilet,1967683,3
RPN,70,toilet,70,toilet,1967776,3
RPN,70,toilet,70,toilet,1967859,3
RPN,70,toilet,70,toilet,1967967,3
RPN,72,tv,72,tv,28259,3
RPN,72,tv,72,tv,28434,3
RPN,72,tv,72,tv,28843,6
RPN,72,tv,72,tv,30466,3
RPN,72,tv,72,tv,30658,3
RPN,72,tv,72,tv,30958,3
RPN,72,tv,72,tv,32204,3
RPN,72,tv,72,tv,32598,3
RPN,72,tv,72,tv,32719,3
RPN,72,tv,72,tv,32745,2
RPN,72,tv,72,tv,33567,3
RPN,72,tv,72,tv,34791,3
RPN,72,tv,72,tv,34810,3
RPN,72,tv,72,tv,35336,3
RPN,72,tv,72,tv,35379,2
RPN,72,tv,72,tv,35730,3
RPN,72,tv,72,tv,35748,3
RPN,72,tv,72,tv,35798,3
RPN,72,tv,72,tv,124198,2
RPN,72,tv,72,tv,321275,3
RPN,72,tv,72,tv,1624782,3
RPN,72,tv,72,tv,1625356,3
RPN,72,tv,72,tv,1625895,3
RPN,72,tv,72,tv,1626319,3
RPN,72,tv,72,tv,1626509,3
RPN,72,tv,72,tv,1968459,3
RPN,72,tv,72,tv,1968616,2
RPN,72,tv,72,tv,1968985,3
RPN,72,tv,72,tv,1969587,2
RPN,72,tv,72,tv,1970191,3
RPN,72,tv,72,tv,2194883,3
RPN,72,tv,72,tv,2227458,3
RPN,72,tv,73,laptop,1102047,3
RPN,73,laptop,73,laptop,1098776,3
RPN,73,laptop,73,laptop,1099115,3
RPN,73,laptop,73,laptop,1099187,3
RPN,73,laptop,73,laptop,1099890,3
RPN,73,laptop,73,laptop,1100091,2
RPN,73,laptop,73,laptop,1102591,3
RPN,73,laptop,73,laptop,1102641,3
RPN,73,laptop,73,laptop,1103175,3
RPN,73,laptop,73,laptop,1103315,3
RPN,73,laptop,73,laptop,1103398,3
RPN,73,laptop,73,laptop,1103622,3
RPN,73,laptop,73,laptop,1104043,3
RPN,73,laptop,73,laptop,1104225,1
RPN,73,laptop,73,laptop,1626944,3
RPN,73,laptop,73,laptop,1627462,3
RPN,73,laptop,73,laptop,1627518,3
RPN,73,laptop,73,laptop,1971260,3
RPN,73,laptop,73,laptop,1971537,3
RPN,75,remote,75,remote,1108526,2
RPN,75,remote,75,remote,1108639,1
RPN,75,remote,75,remote,1112776,3
RPN,75,remote,75,remote,1631127,2
RPN,75,remote,75,remote,1973363,3
RPN,75,remote,75,remote,1973733,3
RPN,76,keyboard,76,keyboard,1114665,2
RPN,76,keyboard,76,keyboard,1114893,3
RPN,76,keyboard,76,keyboard,1114992,3
RPN,76,keyboard,76,keyboard,1116837,3
RPN,76,keyboard,76,keyboard,1117546,3
RPN,77,cell phone,77,cell phone,324925,3
RPN,77,cell phone,77,cell phone,325550,3
RPN,77,cell phone,77,cell phone,327318,3
RPN,77,cell phone,77,cell phone,328479,1
RPN,77,cell phone,77,cell phone,328597,3
RPN,77,cell phone,77,cell phone,328692,3
RPN,77,cell phone,77,cell phone,1977990,3
RPN,77,cell phone,77,cell phone,2195939,3
RPN,77,cell phone,77,cell phone,2195989,3
RPN,78,microwave,78,microwave,1118647,3
RPN,78,microwave,78,microwave,1118973,3
RPN,78,microwave,78,microwave,1119170,3
RPN,78,microwave,78,microwave,1119592,3
RPN,78,microwave,78,microwave,1121060,3
RPN,79,oven,79,oven,1122878,3
RPN,79,oven,79,oven,1122937,3
RPN,79,oven,79,oven,1126266,3
RPN,79,oven,79,oven,1126744,2
RPN,79,oven,79,oven,1127893,3
RPN,79,oven,79,oven,1979497,2
RPN,79,oven,79,oven,1979727,3
RPN,79,oven,79,oven,1980384,3
RPN,79,oven,79,oven,2139141,3
RPN,79,oven,79,oven,2139401,3
RPN,82,refrigerator,82,refrigerator,331333,3
RPN,82,refrigerator,82,refrigerator,331686,3
RPN,82,refrigerator,82,refrigerator,331687,3
RPN,82,refrigerator,82,refrigerator,331890,3
RPN,82,refrigerator,82,refrigerator,332289,3
RPN,82,refrigerator,82,refrigerator,332327,3
RPN,82,refrigerator,82,refrigerator,332632,1
RPN,82,refrigerator,82,refrigerator,332867,3
RPN,82,refrigerator,82,refrigerator,333039,2
RPN,82,refrigerator,82,refrigerator,1647323,3
RPN,82,refrigerator,82,refrigerator,1647471,2
RPN,82,refrigerator,82,refrigerator,1983249,3
RPN,82,refrigerator,82,refrigerator,1983312,3
RPN,82,refrigerator,82,refrigerator,2140898,3
RPN,84,book,84,book,1137836,3
RPN,84,book,84,book,1137907,2
RPN,84,book,84,book,1138064,3
RPN,84,book,84,book,1139000,3
RPN,84,book,84,book,1140193,3
RPN,84,book,84,book,1140815,3
RPN,84,book,84,book,1141529,3
RPN,84,book,84,book,1141957,3
RPN,84,book,84,book,1142461,3
RPN,84,book,84,book,1142834,3
RPN,84,book,84,book,1143973,3
RPN,84,book,84,book,1144672,3
RPN,84,book,84,book,1145761,3
RPN,84,book,84,book,1651979,2
RPN,84,book,84,book,1654015,3
RPN,84,book,84,book,1658106,3
RPN,85,clock,85,clock,334497,3
RPN,85,clock,85,clock,337957,3
RPN,85,clock,85,clock,339191,3
RPN,85,clock,85,clock,339529,3
RPN,85,clock,85,clock,340606,3
RPN,85,clock,85,clock,341029,3
RPN,85,clock,85,clock,341065,2
RPN,85,clock,85,clock,1663773,3
RPN,85,clock,85,clock,1664281,3
RPN,85,clock,85,clock,1990990,3
RPN,85,clock,85,clock,2144937,3
RPN,85,clock,85,clock,2197162,3
RPN,85,clock,85,clock,2231896,2
RPN,85,clock,85,clock,2231900,3
RPN,86,vase,86,vase,1151206,3
RPN,86,vase,86,vase,1152534,3
RPN,86,vase,86,vase,1152727,3
RPN,86,vase,86,vase,1152812,3
RPN,86,vase,86,vase,1153336,3
RPN,86,vase,86,vase,1153520,1
RPN,86,vase,86,vase,1153593,3
RPN,86,vase,86,vase,1153681,3
RPN,86,vase,86,vase,1154077,3
RPN,86,vase,86,vase,1154122,2
RPN,86,vase,86,vase,1154308,3
RPN,86,vase,86,vase,1154662,3
RPN,86,vase,86,vase,1154727,3
RPN,86,vase,86,vase,1154731,2
RPN,86,vase,86,vase,1154846,3
RPN,86,vase,86,vase,1155078,3
RPN,86,vase,86,vase,1155308,3
RPN,86,vase,86,vase,1155664,3
RPN,86,vase,86,vase,1155675,3
RPN,86,vase,86,vase,1155903,2
RPN,86,vase,86,vase,1156059,3
RPN,86,vase,86,vase,1156214,1
RPN,86,vase,86,vase,1156596,3
RPN,86,vase,86,vase,1668058,2
RPN,86,vase,86,vase,1670300,2
RPN,86,vase,86,vase,1670356,3
RPN,88,teddy bear,23,bear,2210474,3
RPN,88,teddy bear,88,teddy bear,1159973,3
RPN,88,teddy bear,88,teddy bear,1160050,3
RPN,88,teddy bear,88,teddy bear,1160347,3
RPN,88,teddy bear,88,teddy bear,1160833,2
RPN,88,teddy bear,88,teddy bear,1161102,3
RPN,88,teddy bear,88,teddy bear,1161110,3
RPN,88,teddy bear,88,teddy bear,1161123,3
RPN,88,teddy bear,88,teddy bear,1161168,3
RPN,88,teddy bear,88,teddy bear,1161263,3
RPN,88,teddy bear,88,teddy bear,1161343,3
RPN,88,teddy bear,88,teddy bear,1161613,3
RPN,88,teddy bear,88,teddy bear,1161670,3
RPN,88,teddy bear,88,teddy bear,1161827,2
RPN,88,teddy bear,88,teddy bear,1161917,2
RPN,88,teddy bear,88,teddy bear,1161981,3
RPN,88,teddy bear,88,teddy bear,1162006,3
RPN,88,teddy bear,88,teddy bear,1162496,3
RPN,88,teddy bear,88,teddy bear,1162603,3
RPN,88,teddy bear,88,teddy bear,1162780,3
RPN,88,teddy bear,88,teddy bear,1162994,3
RPN,88,teddy bear,88,teddy bear,1163049,3
RPN,88,teddy bear,88,teddy bear,1163106,2
RPN,88,teddy bear,88,teddy bear,1163224,3
RPN,88,teddy bear,88,teddy bear,1163259,3
RPN,88,teddy bear,88,teddy bear,1163280,3
RPN,88,teddy bear,88,teddy bear,1163334,2
RPN,88,teddy bear,88,teddy bear,1163360,2
RPN,88,teddy bear,88,teddy bear,1163405,3
RPN,88,teddy bear,88,teddy bear,1163442,3
RPN,88,teddy bear,88,teddy bear,1673438,3
RPN,88,teddy bear,88,teddy bear,1673838,3
RPN,88,teddy bear,88,teddy bear,1673860,3
RPN,88,teddy bear,88,teddy bear,1673876,3
RPN,88,teddy bear,88,teddy bear,1674248,3
RPN,88,teddy bear,88,teddy bear,1674378,3
RPN,88,teddy bear,88,teddy bear,1674436,3
RPN,88,teddy bear,88,teddy bear,1674458,1
RPN,88,teddy bear,88,teddy bear,1674548,2
RPN,88,teddy bear,88,teddy bear,1674651,3
RPN,88,teddy bear,88,teddy bear,1674981,3
RPN,88,teddy bear,88,teddy bear,1674993,2
RPN,88,teddy bear,88,teddy bear,1675118,3
RPN,88,teddy bear,88,teddy bear,1675334,3
RPN,88,teddy bear,88,teddy bear,1675369,3
RPN,88,teddy bear,88,teddy bear,1675418,3
RPN,88,teddy bear,88,teddy bear,1675491,1
RPN,88,teddy bear,88,teddy bear,1675531,3
RPN,88,teddy bear,88,teddy bear,1675807,3
RPN,88,teddy bear,88,teddy bear,1675820,1
RPN,88,teddy bear,88,teddy bear,1995185,3
RPN,88,teddy bear,88,teddy bear,1995208,1
RPN,88,teddy bear,88,teddy bear,1995679,3
RPN,88,teddy bear,88,teddy bear,1996142,3
RPN,88,teddy bear,88,teddy bear,1996346,3
RPN,88,teddy bear,88,teddy bear,1996455,3
RPN,88,teddy bear,88,teddy bear,1996607,3
RPN,88,teddy bear,88,teddy bear,1996790,3
RPN,88,teddy bear,88,teddy bear,2147787,2
RPN,90,toothbrush,90,toothbrush,341545,3
RPN,90,toothbrush,90,toothbrush,342431,3
RPN,90,toothbrush,90,toothbrush,343420,3
RPN,90,toothbrush,90,toothbrush,343749,3
