eval_split,K,variant,binning,bin_index,bin_low,bin_high,bin_confidence,bin_accuracy,bin_count
val_select,5,native,equal_width,0,0.0,0.06666666666666667,0.0,0.0,0
val_select,5,native,equal_width,1,0.06666666666666667,0.13333333333333333,0.0,0.0,0
val_select,5,native,equal_width,2,0.13333333333333333,0.2,0.0,0.0,0
val_select,5,native,equal_width,3,0.2,0.26666666666666666,0.2530732750892639,0.0,1
val_select,5,native,equal_width,4,0.26666666666666666,0.3333333333333333,0.3066086856757893,0.4117647058823529,34
val_select,5,native,equal_width,5,0.3333333333333333,0.4,0.37370921553987446,0.37575757575757573,165
val_select,5,native,equal_width,6,0.4,0.4666666666666667,0.4368496000546811,0.4059040590405904,271
val_select,5,native,equal_width,7,0.4666666666666667,0.5333333333333333,0.5014551707224757,0.47480106100795755,377
val_select,5,native,equal_width,8,0.5333333333333333,0.6,0.5664982372208646,0.5815789473684211,380
val_select,5,native,equal_width,9,0.6,0.6666666666666666,0.6319245922049797,0.6081424936386769,393
val_select,5,native,equal_width,10,0.6666666666666666,0.7333333333333333,0.698451770426229,0.6569767441860465,344
val_select,5,native,equal_width,11,0.7333333333333333,0.8,0.7674744274558091,0.7621951219512195,328
val_select,5,native,equal_width,12,0.8,0.8666666666666667,0.8343190011326913,0.8032407407407407,432
val_select,5,native,equal_width,13,0.8666666666666667,0.9333333333333333,0.9015153196535222,0.867704280155642,514
val_select,5,native,equal_width,14,0.9333333333333333,1.0,0.9849916419385405,0.973568281938326,2043
val_select,5,native,equal_mass,0,0.0,0.4442480504512787,0.3877472289922563,0.3835227272727273,352
val_select,5,native,equal_mass,1,0.4442480504512787,0.5100988745689392,0.47776936807415704,0.45738636363636365,352
val_select,5,native,equal_mass,2,0.5100988745689392,0.569367527961731,0.5389021457257596,0.5255681818181818,352
val_select,5,native,equal_mass,3,0.569367527961731,0.6296254694461823,0.599850454960357,0.6164772727272727,352
val_select,5,native,equal_mass,4,0.6296254694461823,0.6916041374206543,0.6598773834041574,0.6107954545454546,352
val_select,5,native,equal_mass,5,0.6916041374206543,0.7652387320995331,0.7274919358844106,0.6789772727272727,352
val_select,5,native,equal_mass,6,0.7652387320995331,0.8277262151241302,0.7976273780857975,0.7982954545454546,352
val_select,5,native,equal_mass,7,0.8277262151241302,0.8807055056095123,0.8545392631809029,0.8101983002832861,353
val_select,5,native,equal_mass,8,0.8807055056095123,0.9256346821784973,0.9030162934213877,0.8892045454545454,352
val_select,5,native,equal_mass,9,0.9256346821784973,0.9603806138038635,0.9443383072516178,0.9230769230769231,351
val_select,5,native,equal_mass,10,0.9603806138038635,0.9809153079986572,0.9712434015935947,0.9575070821529745,353
val_select,5,native,equal_mass,11,0.9809153079986572,0.9929380416870117,0.9874971693550999,0.9744318181818182,352
val_select,5,native,equal_mass,12,0.9929380416870117,0.9986273944377899,0.9962474155155095,0.9801136363636364,352
val_select,5,native,equal_mass,13,0.9986273944377899,0.9999310076236725,0.9994617026637901,0.9886363636363636,352
val_select,5,native,equal_mass,14,0.9999310076236725,1.0,0.9999886215915086,1.0,353
val_select,5,global_T_corrected,equal_width,0,0.0,0.06666666666666667,0.0,0.0,0
val_select,5,global_T_corrected,equal_width,1,0.06666666666666667,0.13333333333333333,0.0,0.0,0
val_select,5,global_T_corrected,equal_width,2,0.13333333333333333,0.2,0.0,0.0,0
val_select,5,global_T_corrected,equal_width,3,0.2,0.26666666666666666,0.2562582492828369,0.0,2
val_select,5,global_T_corrected,equal_width,4,0.26666666666666666,0.3333333333333333,0.3051394634955638,0.3783783783783784,37
val_select,5,global_T_corrected,equal_width,5,0.3333333333333333,0.4,0.3719950027877304,0.38071065989847713,197
val_select,5,global_T_corrected,equal_width,6,0.4,0.4666666666666667,0.4373026035701152,0.43812709030100333,299
val_select,5,global_T_corrected,equal_width,7,0.4666666666666667,0.5333333333333333,0.5018999773218199,0.4782608695652174,391
val_select,5,global_T_corrected,equal_width,8,0.5333333333333333,0.6,0.5676969516218877,0.6029411764705882,408
val_select,5,global_T_corrected,equal_width,9,0.6,0.6666666666666666,0.6329625533521175,0.62,400
val_select,5,global_T_corrected,equal_width,10,0.6666666666666666,0.7333333333333333,0.6985837527472907,0.6563467492260062,323
val_select,5,global_T_corrected,equal_width,11,0.7333333333333333,0.8,0.7683666004147127,0.7956403269754768,367
val_select,5,global_T_corrected,equal_width,12,0.8,0.8666666666666667,0.833389255688304,0.7976190476190477,420
val_select,5,global_T_corrected,equal_width,13,0.8666666666666667,0.9333333333333333,0.8998011358943119,0.900398406374502,502
val_select,5,global_T_corrected,equal_width,14,0.9333333333333333,1.0,0.983746855650559,0.9767561983471075,1936
val_select,5,global_T_corrected,equal_mass,0,0.0,0.4338063895702362,0.37902533559297974,0.3806818181818182,352
val_select,5,global_T_corrected,equal_mass,1,0.4338063895702362,0.49899743497371674,0.4663106225092303,0.45454545454545453,352
val_select,5,global_T_corrected,equal_mass,2,0.49899743497371674,0.5546310544013977,0.526349206709049,0.5340909090909091,352
val_select,5,global_T_corrected,equal_mass,3,0.5546310544013977,0.6120132505893707,0.5845134691758589,0.6164772727272727,352
val_select,5,global_T_corrected,equal_mass,4,0.6120132505893707,0.6714377999305725,0.6412196506492116,0.6079545454545454,352
val_select,5,global_T_corrected,equal_mass,5,0.6714377999305725,0.7443450391292572,0.7070126181299036,0.6875,352
val_select,5,global_T_corrected,equal_mass,6,0.7443450391292572,0.8065913617610931,0.7769785350696607,0.7840909090909091,352
val_select,5,global_T_corrected,equal_mass,7,0.8065913617610931,0.8610690832138062,0.8344923060271288,0.8158640226628895,353
val_select,5,global_T_corrected,equal_mass,8,0.8610690832138062,0.910259336233139,0.8860353460027413,0.8892045454545454,352
val_select,5,global_T_corrected,equal_mass,9,0.910259336233139,0.9498481154441833,0.9317054704508998,0.9232954545454546,352
val_select,5,global_T_corrected,equal_mass,10,0.9498481154441833,0.9746330380439758,0.9629644829441201,0.9573863636363636,352
val_select,5,global_T_corrected,equal_mass,11,0.9746330380439758,0.9899825751781464,0.982975656336004,0.9744318181818182,352
val_select,5,global_T_corrected,equal_mass,12,0.9899825751781464,0.9978419542312622,0.9944620483960861,0.98005698005698,351
val_select,5,global_T_corrected,equal_mass,13,0.9978419542312622,0.999861866235733,0.999101099312812,0.9886685552407932,353
val_select,5,global_T_corrected,equal_mass,14,0.999861866235733,1.0,0.9999763014971703,1.0,353
val_select,5,oracle_T_K,equal_width,0,0.0,0.06666666666666667,0.0,0.0,0
val_select,5,oracle_T_K,equal_width,1,0.06666666666666667,0.13333333333333333,0.0,0.0,0
val_select,5,oracle_T_K,equal_width,2,0.13333333333333333,0.2,0.0,0.0,0
val_select,5,oracle_T_K,equal_width,3,0.2,0.26666666666666666,0.25550437718629837,0.0,2
val_select,5,oracle_T_K,equal_width,4,0.26666666666666666,0.3333333333333333,0.30541810928246915,0.41025641025641024,39
val_select,5,oracle_T_K,equal_width,5,0.3333333333333333,0.4,0.37114377846621505,0.3686868686868687,198
val_select,5,oracle_T_K,equal_width,6,0.4,0.4666666666666667,0.4365196009606414,0.4495114006514658,307
val_select,5,oracle_T_K,equal_width,7,0.4666666666666667,0.5333333333333333,0.5019388565592897,0.48370927318295737,399
val_select,5,oracle_T_K,equal_width,8,0.5333333333333333,0.6,0.5680201899714586,0.6048780487804878,410
val_select,5,oracle_T_K,equal_width,9,0.6,0.6666666666666666,0.6326453339813942,0.6055276381909548,398
val_select,5,oracle_T_K,equal_width,10,0.6666666666666666,0.7333333333333333,0.6986281924818191,0.6717791411042945,326
val_select,5,oracle_T_K,equal_width,11,0.7333333333333333,0.8,0.7685141880666057,0.7876344086021505,372
val_select,5,oracle_T_K,equal_width,12,0.8,0.8666666666666667,0.8343923963245014,0.8198614318706697,433
val_select,5,oracle_T_K,equal_width,13,0.8666666666666667,0.9333333333333333,0.9008777234397951,0.9036885245901639,488
val_select,5,oracle_T_K,equal_width,14,0.9333333333333333,1.0,0.9835751986316361,0.9769633507853404,1910
val_select,5,oracle_T_K,equal_mass,0,0.0,0.4310441166162491,0.3772690283896571,0.3806818181818182,352
val_select,5,oracle_T_K,equal_mass,1,0.4310441166162491,0.4971412718296051,0.4639220966703512,0.45170454545454547,352
val_select,5,oracle_T_K,equal_mass,2,0.4971412718296051,0.5510468184947968,0.5238563291389834,0.5369318181818182,352
val_select,5,oracle_T_K,equal_mass,3,0.5510468184947968,0.6088795959949493,0.5814056425270709,0.6136363636363636,352
val_select,5,oracle_T_K,equal_mass,4,0.6088795959949493,0.6669518351554871,0.6375569645473708,0.6090651558073654,353
val_select,5,oracle_T_K,equal_mass,5,0.6669518351554871,0.7400126159191132,0.7029311994881372,0.6894586894586895,351
val_select,5,oracle_T_K,equal_mass,6,0.7400126159191132,0.802327960729599,0.7727072201669216,0.78125,352
val_select,5,oracle_T_K,equal_mass,7,0.802327960729599,0.8567027151584625,0.8302740177757004,0.8215297450424929,353
val_select,5,oracle_T_K,equal_mass,8,0.8567027151584625,0.9069943130016327,0.8823959603905678,0.8835227272727273,352
val_select,5,oracle_T_K,equal_mass,9,0.9069943130016327,0.9476621747016907,0.9288985642858527,0.9261363636363636,352
val_select,5,oracle_T_K,equal_mass,10,0.9476621747016907,0.9731734097003937,0.9610696956515312,0.9573863636363636,352
val_select,5,oracle_T_K,equal_mass,11,0.9731734097003937,0.9892196357250214,0.9819106501950459,0.9744318181818182,352
val_select,5,oracle_T_K,equal_mass,12,0.9892196357250214,0.9976483285427094,0.994033248079094,0.9801136363636364,352
val_select,5,oracle_T_K,equal_mass,13,0.9976483285427094,0.9998427927494049,0.9990101004527374,0.9886363636363636,352
val_select,5,oracle_T_K,equal_mass,14,0.9998427927494049,1.0,0.9999725992551268,1.0,353
val_select,10,native,equal_width,0,0.0,0.06666666666666667,0.0,0.0,0
val_select,10,native,equal_width,1,0.06666666666666667,0.13333333333333333,0.0,0.0,0
val_select,10,native,equal_width,2,0.13333333333333333,0.2,0.18386446627286765,0.15384615384615385,13
val_select,10,native,equal_width,3,0.2,0.26666666666666666,0.24212649043487466,0.2753623188405797,138
val_select,10,native,equal_width,4,0.26666666666666666,0.3333333333333333,0.3025098437225664,0.31493506493506496,308
val_select,10,native,equal_width,5,0.3333333333333333,0.4,0.3673153308992574,0.3282275711159737,457
val_select,10,native,equal_width,6,0.4,0.4666666666666667,0.4334370981392108,0.4231578947368421,475
val_select,10,native,equal_width,7,0.4666666666666667,0.5333333333333333,0.5002497180067712,0.45454545454545453,473
val_select,10,native,equal_width,8,0.5333333333333333,0.6,0.5655870456203854,0.5539568345323741,417
val_select,10,native,equal_width,9,0.6,0.6666666666666666,0.6328896162550924,0.6683046683046683,407
val_select,10,native,equal_width,10,0.6666666666666666,0.7333333333333333,0.6982168103389683,0.6873156342182891,339
val_select,10,native,equal_width,11,0.7333333333333333,0.8,0.7677602275212606,0.7706666666666667,375
val_select,10,native,equal_width,12,0.8,0.8666666666666667,0.8316015088906022,0.8143236074270557,377
val_select,10,native,equal_width,13,0.8666666666666667,0.9333333333333333,0.8999453758559941,0.8768115942028986,414
val_select,10,native,equal_width,14,0.9333333333333333,1.0,0.9794082118897837,0.9696969696969697,1089
val_select,10,native,equal_mass,0,0.0,0.31274162232875824,0.26810270590199664,0.29545454545454547,352
val_select,10,native,equal_mass,1,0.31274162232875824,0.3697124123573303,0.34337935207242315,0.3096590909090909,352
val_select,10,native,equal_mass,2,0.3697124123573303,0.4199346452951431,0.3946998917751692,0.3693181818181818,352
val_select,10,native,equal_mass,3,0.4199346452951431,0.4697997272014618,0.4446348730813373,0.4346590909090909,352
val_select,10,native,equal_mass,4,0.4697997272014618,0.5195790529251099,0.49413580709899013,0.45170454545454547,352
val_select,10,native,equal_mass,5,0.5195790529251099,0.571069061756134,0.543735212053765,0.5085227272727273,352
val_select,10,native,equal_mass,6,0.571069061756134,0.6284176111221313,0.6015802791172807,0.6193181818181818,352
val_select,10,native,equal_mass,7,0.6284176111221313,0.6913855373859406,0.6587453850943373,0.6883852691218131,353
val_select,10,native,equal_mass,8,0.6913855373859406,0.7592860460281372,0.7250344250351191,0.7130681818181818,352
val_select,10,native,equal_mass,9,0.7592860460281372,0.8181145787239075,0.7902905507521196,0.7755681818181818,352
val_select,10,native,equal_mass,10,0.8181145787239075,0.8831848800182343,0.850474642420357,0.8551136363636364,352
val_select,10,native,equal_mass,11,0.8831848800182343,0.936879962682724,0.90996535545723,0.875,352
val_select,10,native,equal_mass,12,0.936879962682724,0.9749425053596497,0.956712754873129,0.9458689458689459,351
val_select,10,native,equal_mass,13,0.9749425053596497,0.9953964352607727,0.9866657498537987,0.9716713881019831,353
val_select,10,native,equal_mass,14,0.9953964352607727,1.0,0.9987783744382454,0.9943342776203966,353
val_select,10,global_T_corrected,equal_width,0,0.0,0.06666666666666667,0.0,0.0,0
val_select,10,global_T_corrected,equal_width,1,0.06666666666666667,0.13333333333333333,0.0,0.0,0
val_select,10,global_T_corrected,equal_width,2,0.13333333333333333,0.2,0.18363890227149515,0.23529411764705882,17
val_select,10,global_T_corrected,equal_width,3,0.2,0.26666666666666666,0.2399065412164475,0.2795031055900621,161
val_select,10,global_T_corrected,equal_width,4,0.26666666666666666,0.3333333333333333,0.3021899849425451,0.3203342618384401,359
val_select,10,global_T_corrected,equal_width,5,0.3333333333333333,0.4,0.36670204741614204,0.34285714285714286,490
val_select,10,global_T_corrected,equal_width,6,0.4,0.4666666666666667,0.433553655656701,0.4271047227926078,487
val_select,10,global_T_corrected,equal_width,7,0.4666666666666667,0.5333333333333333,0.49998759351868816,0.4785276073619632,489
val_select,10,global_T_corrected,equal_width,8,0.5333333333333333,0.6,0.5667577457542603,0.6009615384615384,416
val_select,10,global_T_corrected,equal_width,9,0.6,0.6666666666666666,0.6310912082320139,0.6907730673316709,401
val_select,10,global_T_corrected,equal_width,10,0.6666666666666666,0.7333333333333333,0.698961634856428,0.6907514450867052,346
val_select,10,global_T_corrected,equal_width,11,0.7333333333333333,0.8,0.7670716744490143,0.7859007832898173,383
val_select,10,global_T_corrected,equal_width,12,0.8,0.8666666666666667,0.8331553601147084,0.8595505617977528,356
val_select,10,global_T_corrected,equal_width,13,0.8666666666666667,0.9333333333333333,0.9017819290600934,0.8859223300970874,412
val_select,10,global_T_corrected,equal_width,14,0.9333333333333333,1.0,0.9794469214473981,0.9761658031088083,965
val_select,10,global_T_corrected,equal_mass,0,0.0,0.3023732006549835,0.25916731057011266,0.2897727272727273,352
val_select,10,global_T_corrected,equal_mass,1,0.3023732006549835,0.3568185418844223,0.3313611266626553,0.3068181818181818,352
val_select,10,global_T_corrected,equal_mass,2,0.3568185418844223,0.4046631455421448,0.37985877895897086,0.3835227272727273,352
val_select,10,global_T_corrected,equal_mass,3,0.4046631455421448,0.45170967280864716,0.428419133732942,0.4318181818181818,352
val_select,10,global_T_corrected,equal_mass,4,0.45170967280864716,0.5019617676734924,0.4761805955997922,0.45454545454545453,352
val_select,10,global_T_corrected,equal_mass,5,0.5019617676734924,0.550417423248291,0.5243919029493224,0.5028409090909091,352
val_select,10,global_T_corrected,equal_mass,6,0.550417423248291,0.6049147248268127,0.5791250638325106,0.6221590909090909,352
val_select,10,global_T_corrected,equal_mass,7,0.6049147248268127,0.6649242341518402,0.6344467134718854,0.6968838526912181,353
val_select,10,global_T_corrected,equal_mass,8,0.6649242341518402,0.7337559461593628,0.6989736033772881,0.6931818181818182,352
val_select,10,global_T_corrected,equal_mass,9,0.7337559461593628,0.7943679392337799,0.764979197728363,0.7869318181818182,352
val_select,10,global_T_corrected,equal_mass,10,0.7943679392337799,0.8606612384319305,0.827464503490112,0.8551136363636364,352
val_select,10,global_T_corrected,equal_mass,11,0.8606612384319305,0.9217729270458221,0.8916535490954464,0.8721590909090909,352
val_select,10,global_T_corrected,equal_mass,12,0.9217729270458221,0.9669364392757416,0.9449512851847843,0.9460227272727273,352
val_select,10,global_T_corrected,equal_mass,13,0.9669364392757416,0.9930835664272308,0.9816521038724617,0.9715909090909091,352
val_select,10,global_T_corrected,equal_mass,14,0.9930835664272308,1.0,0.9980875390447232,0.9943342776203966,353
val_select,10,oracle_T_K,equal_width,0,0.0,0.06666666666666667,0.0,0.0,0
val_select,10,oracle_T_K,equal_width,1,0.06666666666666667,0.13333333333333333,0.0,0.0,0
val_select,10,oracle_T_K,equal_width,2,0.13333333333333333,0.2,0.18428466951145844,0.23529411764705882,17
val_select,10,oracle_T_K,equal_width,3,0.2,0.26666666666666666,0.24027141662919596,0.27388535031847133,157
val_select,10,oracle_T_K,equal_width,4,0.26666666666666666,0.3333333333333333,0.3023020434312037,0.3286118980169972,353
val_select,10,oracle_T_K,equal_width,5,0.3333333333333333,0.4,0.3671479965959277,0.3346938775510204,490
val_select,10,oracle_T_K,equal_width,6,0.4,0.4666666666666667,0.4336857021977213,0.42887029288702927,478
val_select,10,oracle_T_K,equal_width,7,0.4666666666666667,0.5333333333333333,0.5001787761245111,0.47878787878787876,495
val_select,10,oracle_T_K,equal_width,8,0.5333333333333333,0.6,0.5678039122195471,0.5952380952380952,420
val_select,10,oracle_T_K,equal_width,9,0.6,0.6666666666666666,0.6321046919689566,0.682741116751269,394
val_select,10,oracle_T_K,equal_width,10,0.6666666666666666,0.7333333333333333,0.6991524231606635,0.7043478260869566,345
val_select,10,oracle_T_K,equal_width,11,0.7333333333333333,0.8,0.7675344557501376,0.7734375,384
val_select,10,oracle_T_K,equal_width,12,0.8,0.8666666666666667,0.8329032068549742,0.8583569405099151,353
val_select,10,oracle_T_K,equal_width,13,0.8666666666666667,0.9333333333333333,0.901399586063165,0.8870192307692307,416
val_select,10,oracle_T_K,equal_width,14,0.9333333333333333,1.0,0.9794627730335508,0.9734693877551021,980
val_select,10,oracle_T_K,equal_mass,0,0.0,0.30352795124053955,0.2603111477907408,0.2897727272727273,352
val_select,10,oracle_T_K,equal_mass,1,0.30352795124053955,0.3583811968564987,0.33289949993856927,0.3096590909090909,352
val_select,10,oracle_T_K,equal_mass,2,0.3583811968564987,0.40650346875190735,0.3817555695264177,0.3806818181818182,352
val_select,10,oracle_T_K,equal_mass,3,0.40650346875190735,0.45394212007522583,0.4305318272249265,0.4318181818181818,352
val_select,10,oracle_T_K,equal_mass,4,0.45394212007522583,0.504467099905014,0.47850259368053893,0.45170454545454547,352
val_select,10,oracle_T_K,equal_mass,5,0.504467099905014,0.553621768951416,0.5268657461486079,0.5028409090909091,352
val_select,10,oracle_T_K,equal_mass,6,0.553621768951416,0.6081432998180389,0.5820341662249782,0.625,352
val_select,10,oracle_T_K,equal_mass,7,0.6081432998180389,0.6686680614948273,0.6375817241141883,0.6968838526912181,353
val_select,10,oracle_T_K,equal_mass,8,0.6686680614948273,0.7371754348278046,0.7023661885071885,0.6931818181818182,352
val_select,10,oracle_T_K,equal_mass,9,0.7371754348278046,0.7974141240119934,0.768316147510301,0.7840909090909091,352
val_select,10,oracle_T_K,equal_mass,10,0.7974141240119934,0.863629549741745,0.8305409750477835,0.8579545454545454,352
val_select,10,oracle_T_K,equal_mass,11,0.863629549741745,0.9239470362663269,0.8941386274316094,0.8721590909090909,352
val_select,10,oracle_T_K,equal_mass,12,0.9239470362663269,0.9681236445903778,0.9466024518690326,0.9460227272727273,352
val_select,10,oracle_T_K,equal_mass,13,0.9681236445903778,0.9934529662132263,0.9823810773139651,0.9715909090909091,352
val_select,10,oracle_T_K,equal_mass,14,0.9934529662132263,1.0,0.9981931740096203,0.9943342776203966,353
val_select,20,native,equal_width,0,0.0,0.06666666666666667,0.0,0.0,0
val_select,20,native,equal_width,1,0.06666666666666667,0.13333333333333333,0.1215706868813588,0.07692307692307693,26
val_select,20,native,equal_width,2,0.13333333333333333,0.2,0.17387485479520373,0.19421487603305784,242
val_select,20,native,equal_width,3,0.2,0.26666666666666666,0.23521895602505694,0.24910394265232974,558
val_select,20,native,equal_width,4,0.26666666666666666,0.3333333333333333,0.3014732447266579,0.2783333333333333,600
val_select,20,native,equal_width,5,0.3333333333333333,0.4,0.3652509207477664,0.3580858085808581,606
val_select,20,native,equal_width,6,0.4,0.4666666666666667,0.433204055127531,0.42376237623762375,505
val_select,20,native,equal_width,7,0.4666666666666667,0.5333333333333333,0.4988761991589934,0.4879120879120879,455
val_select,20,native,equal_width,8,0.5333333333333333,0.6,0.5646577865889902,0.5814606741573034,356
val_select,20,native,equal_width,9,0.6,0.6666666666666666,0.6316259144740517,0.6601671309192201,359
val_select,20,native,equal_width,10,0.6666666666666666,0.7333333333333333,0.6989400627151612,0.7451612903225806,310
val_select,20,native,equal_width,11,0.7333333333333333,0.8,0.7649505528988261,0.8409090909090909,264
val_select,20,native,equal_width,12,0.8,0.8666666666666667,0.833573285984782,0.8495575221238938,226
val_select,20,native,equal_width,13,0.8666666666666667,0.9333333333333333,0.9015045310185704,0.9350180505415162,277
val_select,20,native,equal_width,14,0.9333333333333333,1.0,0.9749826055214587,0.9799196787148594,498
val_select,20,native,equal_mass,0,0.0,0.21033363789319992,0.17758345684375276,0.19886363636363635,352
val_select,20,native,equal_mass,1,0.21033363789319992,0.2539246082305908,0.23370182073929094,0.22727272727272727,352
val_select,20,native,equal_mass,2,0.2539246082305908,0.2940344512462616,0.2730325466360558,0.2897727272727273,352
val_select,20,native,equal_mass,3,0.2940344512462616,0.33152005076408386,0.31395076029002666,0.2755681818181818,352
val_select,20,native,equal_mass,4,0.33152005076408386,0.36806119978427887,0.3493687216700478,0.32954545454545453,352
val_select,20,native,equal_mass,5,0.36806119978427887,0.4094497412443161,0.3884303096512502,0.3806818181818182,352
val_select,20,native,equal_mass,6,0.4094497412443161,0.456801101565361,0.4337291893286583,0.4017094017094017,351
val_select,20,native,equal_mass,7,0.456801101565361,0.5073078870773315,0.48123903934564966,0.5169491525423728,354
val_select,20,native,equal_mass,8,0.5073078870773315,0.5618391931056976,0.5334059020335024,0.5397727272727273,352
val_select,20,native,equal_mass,9,0.5618391931056976,0.630014955997467,0.5975004121322524,0.6278409090909091,352
val_select,20,native,equal_mass,10,0.630014955997467,0.7013041079044342,0.6645621772516858,0.6647727272727273,352
val_select,20,native,equal_mass,11,0.7013041079044342,0.7837487757205963,0.7410958637906746,0.8096590909090909,352
val_select,20,native,equal_mass,12,0.7837487757205963,0.885042816400528,0.8350752031701243,0.8774928774928775,351
val_select,20,native,equal_mass,13,0.885042816400528,0.9635034799575806,0.9261935020641294,0.9546742209631728,353
val_select,20,native,equal_mass,14,0.9635034799575806,1.0,0.9855173589825292,0.9801699716713881,353
val_select,20,global_T_corrected,equal_width,0,0.0,0.06666666666666667,0.0,0.0,0
val_select,20,global_T_corrected,equal_width,1,0.06666666666666667,0.13333333333333333,0.12044076770544052,0.08571428571428572,35
val_select,20,global_T_corrected,equal_width,2,0.13333333333333333,0.2,0.17435509164163596,0.20711974110032363,309
val_select,20,global_T_corrected,equal_width,3,0.2,0.26666666666666666,0.23490381720337536,0.2524752475247525,606
val_select,20,global_T_corrected,equal_width,4,0.26666666666666666,0.3333333333333333,0.30199855852673074,0.29465648854961835,655
val_select,20,global_T_corrected,equal_width,5,0.3333333333333333,0.4,0.3651012542756013,0.3708838821490468,577
val_select,20,global_T_corrected,equal_width,6,0.4,0.4666666666666667,0.4316546769114211,0.4609375,512
val_select,20,global_T_corrected,equal_width,7,0.4666666666666667,0.5333333333333333,0.4982457117541977,0.5152173913043478,460
val_select,20,global_T_corrected,equal_width,8,0.5333333333333333,0.6,0.5674227747050199,0.6446280991735537,363
val_select,20,global_T_corrected,equal_width,9,0.6,0.6666666666666666,0.6318076198431595,0.6607669616519174,339
val_select,20,global_T_corrected,equal_width,10,0.6666666666666666,0.7333333333333333,0.7000350649039493,0.7815699658703071,293
val_select,20,global_T_corrected,equal_width,11,0.7333333333333333,0.8,0.7645743808576039,0.8526785714285714,224
val_select,20,global_T_corrected,equal_width,12,0.8,0.8666666666666667,0.8333754083689522,0.9004524886877828,221
val_select,20,global_T_corrected,equal_width,13,0.8666666666666667,0.9333333333333333,0.9008318825747615,0.9573643410852714,258
val_select,20,global_T_corrected,equal_width,14,0.9333333333333333,1.0,0.9733542267666306,0.9767441860465116,430
val_select,20,global_T_corrected,equal_mass,0,0.0,0.2007957249879837,0.16958666582253168,0.20454545454545456,352
val_select,20,global_T_corrected,equal_mass,1,0.2007957249879837,0.24156850576400757,0.22241345958106898,0.23011363636363635,352
val_select,20,global_T_corrected,equal_mass,2,0.24156850576400757,0.2788328230381012,0.2596856308254329,0.2840909090909091,352
val_select,20,global_T_corrected,equal_mass,3,0.2788328230381012,0.3147498518228531,0.2984314938499169,0.2840909090909091,352
val_select,20,global_T_corrected,equal_mass,4,0.3147498518228531,0.34894174337387085,0.3317919166081331,0.32386363636363635,352
val_select,20,global_T_corrected,equal_mass,5,0.34894174337387085,0.3896494656801224,0.3695341241969304,0.39204545454545453,352
val_select,20,global_T_corrected,equal_mass,6,0.3896494656801224,0.4338742196559906,0.41244183150543406,0.41761363636363635,352
val_select,20,global_T_corrected,equal_mass,7,0.4338742196559906,0.48349927365779877,0.4584267174893668,0.47875354107648727,353
val_select,20,global_T_corrected,equal_mass,8,0.48349927365779877,0.5368262827396393,0.5080218735066327,0.5369318181818182,352
val_select,20,global_T_corrected,equal_mass,9,0.5368262827396393,0.6003472208976746,0.5691900282082233,0.6392045454545454,352
val_select,20,global_T_corrected,equal_mass,10,0.6003472208976746,0.6710074841976166,0.6339755950664933,0.6676136363636364,352
val_select,20,global_T_corrected,equal_mass,11,0.6710074841976166,0.7528041303157806,0.7107312078164383,0.8125,352
val_select,20,global_T_corrected,equal_mass,12,0.7528041303157806,0.8604104220867157,0.8077321401373907,0.8693181818181818,352
val_select,20,global_T_corrected,equal_mass,13,0.8604104220867157,0.9514022469520569,0.9081069069710213,0.9544159544159544,351
val_select,20,global_T_corrected,equal_mass,14,0.9514022469520569,1.0,0.9799035114083586,0.980225988700565,354
val_select,20,oracle_T_K,equal_width,0,0.0,0.06666666666666667,0.0,0.0,0
val_select,20,oracle_T_K,equal_width,1,0.06666666666666667,0.13333333333333333,0.12028417257325989,0.07142857142857142,28
val_select,20,oracle_T_K,equal_width,2,0.13333333333333333,0.2,0.17422120740813932,0.1897810218978102,274
val_select,20,oracle_T_K,equal_width,3,0.2,0.26666666666666666,0.2350350921577693,0.26306620209059234,574
val_select,20,oracle_T_K,equal_width,4,0.26666666666666666,0.3333333333333333,0.30184891319312684,0.2757527733755943,631
val_select,20,oracle_T_K,equal_width,5,0.3333333333333333,0.4,0.36610008480138334,0.3658940397350993,604
val_select,20,oracle_T_K,equal_width,6,0.4,0.4666666666666667,0.434080312098607,0.4297029702970297,505
val_select,20,oracle_T_K,equal_width,7,0.4666666666666667,0.5333333333333333,0.5001161941892527,0.5275938189845475,453
val_select,20,oracle_T_K,equal_width,8,0.5333333333333333,0.6,0.5673033008945285,0.5955678670360111,361
val_select,20,oracle_T_K,equal_width,9,0.6,0.6666666666666666,0.6328820854942233,0.6734104046242775,346
val_select,20,oracle_T_K,equal_width,10,0.6666666666666666,0.7333333333333333,0.6991544260817059,0.752542372881356,295
val_select,20,oracle_T_K,equal_width,11,0.7333333333333333,0.8,0.7638014636039734,0.848,250
val_select,20,oracle_T_K,equal_width,12,0.8,0.8666666666666667,0.8336853528661388,0.8705357142857143,224
val_select,20,oracle_T_K,equal_width,13,0.8666666666666667,0.9333333333333333,0.9004584654714122,0.9393939393939394,264
val_select,20,oracle_T_K,equal_width,14,0.9333333333333333,1.0,0.9738901820797748,0.9788583509513742,473
val_select,20,oracle_T_K,equal_mass,0,0.0,0.2064119651913643,0.1740638530728492,0.19886363636363635,352
val_select,20,oracle_T_K,equal_mass,1,0.2064119651913643,0.24835263937711716,0.22873017183420333,0.22727272727272727,352
val_select,20,oracle_T_K,equal_mass,2,0.24835263937711716,0.2873915433883667,0.2671390841715038,0.29545454545454547,352
val_select,20,oracle_T_K,equal_mass,3,0.2873915433883667,0.32408981025218964,0.3071573687378656,0.2727272727272727,352
val_select,20,oracle_T_K,equal_mass,4,0.32408981025218964,0.35941530764102936,0.34163224121386354,0.32954545454545453,352
val_select,20,oracle_T_K,equal_mass,5,0.35941530764102936,0.40030623972415924,0.3801580619236285,0.3835227272727273,352
val_select,20,oracle_T_K,equal_mass,6,0.40030623972415924,0.44738855957984924,0.4243629791288294,0.4074074074074074,351
val_select,20,oracle_T_K,equal_mass,7,0.44738855957984924,0.4969062805175781,0.4712380710463066,0.5,354
val_select,20,oracle_T_K,equal_mass,8,0.4969062805175781,0.5505526959896088,0.5223228798501871,0.5397727272727273,352
val_select,20,oracle_T_K,equal_mass,9,0.5505526959896088,0.6164934635162354,0.585148355669596,0.6392045454545454,352
val_select,20,oracle_T_K,equal_mass,10,0.6164934635162354,0.6877344846725464,0.6511761889877644,0.6619318181818182,352
val_select,20,oracle_T_K,equal_mass,11,0.6877344846725464,0.7701984643936157,0.7279978169297631,0.8125,352
val_select,20,oracle_T_K,equal_mass,12,0.7701984643936157,0.8750466704368591,0.8235005668618463,0.8721590909090909,352
val_select,20,oracle_T_K,equal_mass,13,0.8750466704368591,0.9586057066917419,0.9187839796597307,0.9545454545454546,352
val_select,20,oracle_T_K,equal_mass,14,0.9586057066917419,1.0,0.9832896355529007,0.9801699716713881,353
val_select,50,native,equal_width,0,0.0,0.06666666666666667,0.059558178053090445,0.0,19
val_select,50,native,equal_width,1,0.06666666666666667,0.13333333333333333,0.1071477518538117,0.10966542750929369,538
val_select,50,native,equal_width,2,0.13333333333333333,0.2,0.16716439868002694,0.18162839248434237,958
val_select,50,native,equal_width,3,0.2,0.26666666666666666,0.23361991407272967,0.2634207240948814,801
val_select,50,native,equal_width,4,0.26666666666666666,0.3333333333333333,0.297563836367632,0.33947772657450076,651
val_select,50,native,equal_width,5,0.3333333333333333,0.4,0.364345381333137,0.46641074856046066,521
val_select,50,native,equal_width,6,0.4,0.4666666666666667,0.43123155306808897,0.4634760705289673,397
val_select,50,native,equal_width,7,0.4666666666666667,0.5333333333333333,0.49816114995628596,0.5875,320
val_select,50,native,equal_width,8,0.5333333333333333,0.6,0.5642135889813451,0.6732673267326733,202
val_select,50,native,equal_width,9,0.6,0.6666666666666666,0.6322412650252498,0.7674418604651163,172
val_select,50,native,equal_width,10,0.6666666666666666,0.7333333333333333,0.6982537347399546,0.8203592814371258,167
val_select,50,native,equal_width,11,0.7333333333333333,0.8,0.7697372199997069,0.8253968253968254,126
val_select,50,native,equal_width,12,0.8,0.8666666666666667,0.8319676762277429,0.8484848484848485,132
val_select,50,native,equal_width,13,0.8666666666666667,0.9333333333333333,0.9020338346218241,0.9655172413793104,116
val_select,50,native,equal_width,14,0.9333333333333333,1.0,0.9669038933000447,0.9506172839506173,162
val_select,50,native,equal_mass,0,0.0,0.11528193578124046,0.09436930171002379,0.11079545454545454,352
val_select,50,native,equal_mass,1,0.11528193578124046,0.14324899017810822,0.13035773458382624,0.11079545454545454,352
val_select,50,native,equal_mass,2,0.14324899017810822,0.1696854680776596,0.15643291323530403,0.17613636363636365,352
val_select,50,native,equal_mass,3,0.1696854680776596,0.19247689098119736,0.1811060069382868,0.20454545454545456,352
val_select,50,native,equal_mass,4,0.19247689098119736,0.22145292162895203,0.20641240261664445,0.19886363636363635,352
val_select,50,native,equal_mass,5,0.22145292162895203,0.2486792653799057,0.23554000233046032,0.2556818181818182,352
val_select,50,native,equal_mass,6,0.2486792653799057,0.2806490659713745,0.264272854028439,0.32954545454545453,352
val_select,50,native,equal_mass,7,0.2806490659713745,0.31502270698547363,0.29626079963219404,0.34560906515580736,353
val_select,50,native,equal_mass,8,0.31502270698547363,0.35463766753673553,0.33579040775922214,0.4289772727272727,352
val_select,50,native,equal_mass,9,0.35463766753673553,0.4055408537387848,0.37951335310935974,0.4715909090909091,352
val_select,50,native,equal_mass,10,0.4055408537387848,0.46317078173160553,0.4327537383545529,0.45738636363636365,352
val_select,50,native,equal_mass,11,0.46317078173160553,0.5382615029811859,0.499184185300361,0.5852272727272727,352
val_select,50,native,equal_mass,12,0.5382615029811859,0.6660353243350983,0.5984796976501291,0.7159090909090909,352
val_select,50,native,equal_mass,13,0.6660353243350983,0.8254733979701996,0.7424158453941345,0.8181818181818182,352
val_select,50,native,equal_mass,14,0.8254733979701996,1.0,0.9198055446316771,0.943342776203966,353
val_select,50,global_T_corrected,equal_width,0,0.0,0.06666666666666667,0.05917807362441506,0.0,28
val_select,50,global_T_corrected,equal_width,1,0.06666666666666667,0.13333333333333333,0.10689992069390165,0.11596385542168675,664
val_select,50,global_T_corrected,equal_width,2,0.13333333333333333,0.2,0.16620538537535903,0.1903323262839879,993
val_select,50,global_T_corrected,equal_width,3,0.2,0.26666666666666666,0.23284477457615002,0.29245283018867924,848
val_select,50,global_T_corrected,equal_width,4,0.26666666666666666,0.3333333333333333,0.2986515168060291,0.401854714064915,647
val_select,50,global_T_corrected,equal_width,5,0.3333333333333333,0.4,0.36539916426244406,0.44242424242424244,495
val_select,50,global_T_corrected,equal_width,6,0.4,0.4666666666666667,0.43170636094905235,0.5351351351351351,370
val_select,50,global_T_corrected,equal_width,7,0.4666666666666667,0.5333333333333333,0.49622539803385735,0.5919117647058824,272
val_select,50,global_T_corrected,equal_width,8,0.5333333333333333,0.6,0.5647765160888754,0.7688172043010753,186
val_select,50,global_T_corrected,equal_width,9,0.6,0.6666666666666666,0.6312305459449458,0.75,172
val_select,50,global_T_corrected,equal_width,10,0.6666666666666666,0.7333333333333333,0.6960092366189885,0.8571428571428571,133
val_select,50,global_T_corrected,equal_width,11,0.7333333333333333,0.8,0.7664457326544855,0.8045112781954887,133
val_select,50,global_T_corrected,equal_width,12,0.8,0.8666666666666667,0.8317561539319845,0.9038461538461539,104
val_select,50,global_T_corrected,equal_width,13,0.8666666666666667,0.9333333333333333,0.9026273694194731,0.9590163934426229,122
val_select,50,global_T_corrected,equal_width,14,0.9333333333333333,1.0,0.9682227424953295,0.9652173913043478,115
val_select,50,global_T_corrected,equal_mass,0,0.0,0.10830363631248474,0.08872433790979399,0.11079545454545454,352
val_select,50,global_T_corrected,equal_mass,1,0.10830363631248474,0.1341491863131523,0.12219817978753285,0.11647727272727272,352
val_select,50,global_T_corrected,equal_mass,2,0.1341491863131523,0.1576116904616356,0.14613404268906874,0.18181818181818182,352
val_select,50,global_T_corrected,equal_mass,3,0.1576116904616356,0.18004132062196732,0.1690766168758273,0.19602272727272727,352
val_select,50,global_T_corrected,equal_mass,4,0.18004132062196732,0.20667404681444168,0.1923883710987866,0.19318181818181818,352
val_select,50,global_T_corrected,equal_mass,5,0.20667404681444168,0.23196188360452652,0.2195709867995571,0.26988636363636365,352
val_select,50,global_T_corrected,equal_mass,6,0.23196188360452652,0.2610415071249008,0.24631999907168475,0.3352272727272727,352
val_select,50,global_T_corrected,equal_mass,7,0.2610415071249008,0.2925054579973221,0.276391390109535,0.32577903682719545,353
val_select,50,global_T_corrected,equal_mass,8,0.2925054579973221,0.3318799138069153,0.31313405016606505,0.45170454545454547,352
val_select,50,global_T_corrected,equal_mass,9,0.3318799138069153,0.37740403413772583,0.3536813278653343,0.452991452991453,351
val_select,50,global_T_corrected,equal_mass,10,0.37740403413772583,0.4338148981332779,0.40440469279505376,0.4702549575070821,353
val_select,50,global_T_corrected,equal_mass,11,0.4338148981332779,0.5054551661014557,0.46796131218698894,0.5653409090909091,352
val_select,50,global_T_corrected,equal_mass,12,0.5054551661014557,0.6264847218990326,0.5625608858059753,0.7357954545454546,352
val_select,50,global_T_corrected,equal_mass,13,0.6264847218990326,0.795888751745224,0.7049747593700886,0.8039772727272727,352
val_select,50,global_T_corrected,equal_mass,14,0.795888751745224,1.0,0.8995425797386818,0.943342776203966,353
val_select,50,oracle_T_K,equal_width,0,0.0,0.06666666666666667,0.058942879166673214,0.0,17
val_select,50,oracle_T_K,equal_width,1,0.06666666666666667,0.13333333333333333,0.10711944107434539,0.11069418386491557,533
val_select,50,oracle_T_K,equal_width,2,0.13333333333333333,0.2,0.16725386644737059,0.17857142857142858,952
val_select,50,oracle_T_K,equal_width,3,0.2,0.26666666666666666,0.2337804327705013,0.26119402985074625,804
val_select,50,oracle_T_K,equal_width,4,0.26666666666666666,0.3333333333333333,0.2976837373647158,0.34055727554179566,646
val_select,50,oracle_T_K,equal_width,5,0.3333333333333333,0.4,0.36414604389507343,0.46833013435700577,521
val_select,50,oracle_T_K,equal_width,6,0.4,0.4666666666666667,0.43141718727570993,0.4567901234567901,405
val_select,50,oracle_T_K,equal_width,7,0.4666666666666667,0.5333333333333333,0.4985477072583388,0.5899053627760252,317
val_select,50,oracle_T_K,equal_width,8,0.5333333333333333,0.6,0.5647281164214725,0.6619047619047619,210
val_select,50,oracle_T_K,equal_width,9,0.6,0.6666666666666666,0.6326109546603579,0.7757575757575758,165
val_select,50,oracle_T_K,equal_width,10,0.6666666666666666,0.7333333333333333,0.697889036992017,0.8176470588235294,170
val_select,50,oracle_T_K,equal_width,11,0.7333333333333333,0.8,0.7688569669723511,0.808,125
val_select,50,oracle_T_K,equal_width,12,0.8,0.8666666666666667,0.8319133433112262,0.8540145985401459,137
val_select,50,oracle_T_K,equal_width,13,0.8666666666666667,0.9333333333333333,0.9024440029571796,0.9655172413793104,116
val_select,50,oracle_T_K,equal_width,14,0.9333333333333333,1.0,0.9672131996329237,0.9512195121951219,164
val_select,50,oracle_T_K,equal_mass,0,0.0,0.1157420165836811,0.09477311725177887,0.11363636363636363,352
val_select,50,oracle_T_K,equal_mass,1,0.1157420165836811,0.14385145902633667,0.13093845755793154,0.10795454545454546,352
val_select,50,oracle_T_K,equal_mass,2,0.14385145902633667,0.1705709919333458,0.157164239409295,0.17613636363636365,352
val_select,50,oracle_T_K,equal_mass,3,0.1705709919333458,0.1934817135334015,0.18195959134027362,0.20454545454545456,352
val_select,50,oracle_T_K,equal_mass,4,0.1934817135334015,0.22271575778722763,0.20741493123668162,0.19602272727272727,352
val_select,50,oracle_T_K,equal_mass,5,0.22271575778722763,0.24990005046129227,0.23666924513368445,0.2585227272727273,352
val_select,50,oracle_T_K,equal_mass,6,0.24990005046129227,0.2818741649389267,0.26553447857837786,0.32386363636363635,352
val_select,50,oracle_T_K,equal_mass,7,0.2818741649389267,0.31661033630371094,0.2976759405379255,0.35410764872521244,353
val_select,50,oracle_T_K,equal_mass,8,0.31661033630371094,0.3563574105501175,0.33737019390206446,0.42045454545454547,352
val_select,50,oracle_T_K,equal_mass,9,0.3563574105501175,0.4075988233089447,0.38133836461400444,0.4744318181818182,352
val_select,50,oracle_T_K,equal_mass,10,0.4075988233089447,0.4652651995420456,0.43473450983451173,0.4602272727272727,352
val_select,50,oracle_T_K,equal_mass,11,0.4652651995420456,0.5406583845615387,0.5013564895330505,0.5880681818181818,352
val_select,50,oracle_T_K,equal_mass,12,0.5406583845615387,0.6685807406902313,0.600957854566249,0.7130681818181818,352
val_select,50,oracle_T_K,equal_mass,13,0.6685807406902313,0.8276812136173248,0.7449252056804571,0.8181818181818182,352
val_select,50,oracle_T_K,equal_mass,14,0.8276812136173248,1.0,0.9210823100619546,0.943342776203966,353
val_calib,5,native,equal_width,0,0.0,0.06666666666666667,0.0,0.0,0
val_calib,5,native,equal_width,1,0.06666666666666667,0.13333333333333333,0.0,0.0,0
val_calib,5,native,equal_width,2,0.13333333333333333,0.2,0.0,0.0,0
val_calib,5,native,equal_width,3,0.2,0.26666666666666666,0.2511957287788391,0.0,3
val_calib,5,native,equal_width,4,0.26666666666666666,0.3333333333333333,0.307313098357274,0.3076923076923077,26
val_calib,5,native,equal_width,5,0.3333333333333333,0.4,0.3684618855555227,0.29133858267716534,127
val_calib,5,native,equal_width,6,0.4,0.4666666666666667,0.43565847743148645,0.40082644628099173,242
val_calib,5,native,equal_width,7,0.4666666666666667,0.5333333333333333,0.500381557179279,0.453551912568306,366
val_calib,5,native,equal_width,8,0.5333333333333333,0.6,0.5657175177229573,0.5725190839694656,393
val_calib,5,native,equal_width,9,0.6,0.6666666666666666,0.6323394423876053,0.5897435897435898,351
val_calib,5,native,equal_width,10,0.6666666666666666,0.7333333333333333,0.6999589820647834,0.7340720221606648,361
val_calib,5,native,equal_width,11,0.7333333333333333,0.8,0.7660792889418425,0.7802469135802469,405
val_calib,5,native,equal_width,12,0.8,0.8666666666666667,0.8335375440467391,0.8232662192393736,447
val_calib,5,native,equal_width,13,0.8666666666666667,0.9333333333333333,0.9013035284833433,0.9042145593869731,522
val_calib,5,native,equal_width,14,0.9333333333333333,1.0,0.9840669592081661,0.9778672032193159,1988
val_calib,5,native,equal_mass,0,0.0,0.4557860940694809,0.39628918374749433,0.34770114942528735,348
val_calib,5,native,equal_mass,1,0.4557860940694809,0.5190991759300232,0.48990603461648125,0.4326647564469914,349
val_calib,5,native,equal_mass,2,0.5190991759300232,0.5787809789180756,0.5503355736035672,0.5472779369627507,349
val_calib,5,native,equal_mass,3,0.5787809789180756,0.644308477640152,0.6114497368020573,0.5977011494252874,348
val_calib,5,native,equal_mass,4,0.644308477640152,0.7105206549167633,0.6773708124556992,0.673352435530086,349
val_calib,5,native,equal_mass,5,0.7105206549167633,0.7693056762218475,0.7405117572549421,0.7765042979942693,349
val_calib,5,native,equal_mass,6,0.7693056762218475,0.8263930976390839,0.7976488488109884,0.7994269340974212,349
val_calib,5,native,equal_mass,7,0.8263930976390839,0.8763749897480011,0.8512636195311601,0.8362068965517241,348
val_calib,5,native,equal_mass,8,0.8763749897480011,0.9213873744010925,0.899190732435374,0.9111747851002865,349
val_calib,5,native,equal_mass,9,0.9213873744010925,0.953978568315506,0.9391610455034797,0.9398280802292264,349
val_calib,5,native,equal_mass,10,0.953978568315506,0.9776635468006134,0.9665581616519512,0.9454022988505747,348
val_calib,5,native,equal_mass,11,0.9776635468006134,0.9928809702396393,0.9858138931856456,0.9656160458452722,349
val_calib,5,native,equal_mass,12,0.9928809702396393,0.9987083375453949,0.9962464420706632,0.997134670487106,349
val_calib,5,native,equal_mass,13,0.9987083375453949,0.9999521672725677,0.9995683780738286,1.0,350
val_calib,5,native,equal_mass,14,0.9999521672725677,1.0,0.9999913521881761,1.0,348
val_calib,5,global_T_corrected,equal_width,0,0.0,0.06666666666666667,0.0,0.0,0
val_calib,5,global_T_corrected,equal_width,1,0.06666666666666667,0.13333333333333333,0.0,0.0,0
val_calib,5,global_T_corrected,equal_width,2,0.13333333333333333,0.2,0.0,0.0,0
val_calib,5,global_T_corrected,equal_width,3,0.2,0.26666666666666666,0.2482075293858846,0.0,3
val_calib,5,global_T_corrected,equal_width,4,0.26666666666666666,0.3333333333333333,0.3094895235129765,0.34285714285714286,35
val_calib,5,global_T_corrected,equal_width,5,0.3333333333333333,0.4,0.36985696328652873,0.2905405405405405,148
val_calib,5,global_T_corrected,equal_width,6,0.4,0.4666666666666667,0.436784737529578,0.4185185185185185,270
val_calib,5,global_T_corrected,equal_width,7,0.4666666666666667,0.5333333333333333,0.5007275002343314,0.4727272727272727,385
val_calib,5,global_T_corrected,equal_width,8,0.5333333333333333,0.6,0.565560734005779,0.56575682382134,403
val_calib,5,global_T_corrected,equal_width,9,0.6,0.6666666666666666,0.6327525010851563,0.639344262295082,366
val_calib,5,global_T_corrected,equal_width,10,0.6666666666666666,0.7333333333333333,0.7006241303621507,0.7448979591836735,392
val_calib,5,global_T_corrected,equal_width,11,0.7333333333333333,0.8,0.7670970912707054,0.8038740920096852,413
val_calib,5,global_T_corrected,equal_width,12,0.8,0.8666666666666667,0.8348241582611539,0.847682119205298,453
val_calib,5,global_T_corrected,equal_width,13,0.8666666666666667,0.9333333333333333,0.9032299432773071,0.9182879377431906,514
val_calib,5,global_T_corrected,equal_width,14,0.9333333333333333,1.0,0.9836588523206097,0.9805300162249865,1849
val_calib,5,global_T_corrected,equal_mass,0,0.0,0.4458153694868088,0.3877500965334903,0.3505747126436782,348
val_calib,5,global_T_corrected,equal_mass,1,0.4458153694868088,0.5091290473937988,0.4787664886531994,0.42406876790830944,349
val_calib,5,global_T_corrected,equal_mass,2,0.5091290473937988,0.564356118440628,0.5376289886526529,0.5444126074498568,349
val_calib,5,global_T_corrected,equal_mass,3,0.564356118440628,0.6267548203468323,0.595467681343528,0.5919540229885057,348
val_calib,5,global_T_corrected,equal_mass,4,0.6267548203468323,0.6894745528697968,0.6585515629937793,0.6790830945558739,349
val_calib,5,global_T_corrected,equal_mass,5,0.6894745528697968,0.7473955452442169,0.7195212084447757,0.7908309455587392,349
val_calib,5,global_T_corrected,equal_mass,6,0.7473955452442169,0.80521160364151,0.7765791998551704,0.7879656160458453,349
val_calib,5,global_T_corrected,equal_mass,7,0.80521160364151,0.8574771881103516,0.8310370412708699,0.8419540229885057,348
val_calib,5,global_T_corrected,equal_mass,8,0.8574771881103516,0.9064001142978668,0.881953785617577,0.9140401146131805,349
val_calib,5,global_T_corrected,equal_mass,9,0.9064001142978668,0.9424558281898499,0.925750108024794,0.9369627507163324,349
val_calib,5,global_T_corrected,equal_mass,10,0.9424558281898499,0.9706175327301025,0.9573888240707638,0.9455587392550143,349
val_calib,5,global_T_corrected,equal_mass,11,0.9706175327301025,0.9897682070732117,0.9808489139052643,0.9655172413793104,348
val_calib,5,global_T_corrected,equal_mass,12,0.9897682070732117,0.9979653656482697,0.994449395163353,0.997134670487106,349
val_calib,5,global_T_corrected,equal_mass,13,0.9979653656482697,0.9999047219753265,0.9992735079307665,1.0,348
val_calib,5,global_T_corrected,equal_mass,14,0.9999047219753265,1.0,0.9999811938830785,1.0,350
val_calib,5,oracle_T_K,equal_width,0,0.0,0.06666666666666667,0.0,0.0,0
val_calib,5,oracle_T_K,equal_width,1,0.06666666666666667,0.13333333333333333,0.0,0.0,0
val_calib,5,oracle_T_K,equal_width,2,0.13333333333333333,0.2,0.0,0.0,0
val_calib,5,oracle_T_K,equal_width,3,0.2,0.26666666666666666,0.2522899881005287,0.0,4
val_calib,5,oracle_T_K,equal_width,4,0.26666666666666666,0.3333333333333333,0.31086185491747326,0.3888888888888889,36
val_calib,5,oracle_T_K,equal_width,5,0.3333333333333333,0.4,0.3693676158885828,0.28187919463087246,149
val_calib,5,oracle_T_K,equal_width,6,0.4,0.4666666666666667,0.4366777944015273,0.4219858156028369,282
val_calib,5,oracle_T_K,equal_width,7,0.4666666666666667,0.5333333333333333,0.5011472397090233,0.4742268041237113,388
val_calib,5,oracle_T_K,equal_width,8,0.5333333333333333,0.6,0.5657629565920487,0.5682382133995038,403
val_calib,5,oracle_T_K,equal_width,9,0.6,0.6666666666666666,0.6327950443770435,0.6432432432432432,370
val_calib,5,oracle_T_K,equal_width,10,0.6666666666666666,0.7333333333333333,0.7008318333257166,0.7581047381546134,401
val_calib,5,oracle_T_K,equal_width,11,0.7333333333333333,0.8,0.767158736564495,0.7950617283950617,405
val_calib,5,oracle_T_K,equal_width,12,0.8,0.8666666666666667,0.8338555092293513,0.8536585365853658,451
val_calib,5,oracle_T_K,equal_width,13,0.8666666666666667,0.9333333333333333,0.9031104276786571,0.9273422562141491,523
val_calib,5,oracle_T_K,equal_width,14,0.9333333333333333,1.0,0.9836394601696595,0.9802089059923035,1819
val_calib,5,oracle_T_K,equal_mass,0,0.0,0.4433833360671997,0.38602168643954154,0.3505747126436782,348
val_calib,5,oracle_T_K,equal_mass,1,0.4433833360671997,0.5066756308078766,0.4764559672862548,0.4269340974212034,349
val_calib,5,oracle_T_K,equal_mass,2,0.5066756308078766,0.5620779991149902,0.5350679326535638,0.5444126074498568,349
val_calib,5,oracle_T_K,equal_mass,3,0.5620779991149902,0.6224861741065979,0.5922687235234798,0.5833333333333334,348
val_calib,5,oracle_T_K,equal_mass,4,0.6224861741065979,0.6851034760475159,0.6547512234452803,0.6876790830945558,349
val_calib,5,oracle_T_K,equal_mass,5,0.6851034760475159,0.7433628737926483,0.7152143194204074,0.7879656160458453,349
val_calib,5,oracle_T_K,equal_mass,6,0.7433628737926483,0.8005875051021576,0.7722346234458224,0.7879656160458453,349
val_calib,5,oracle_T_K,equal_mass,7,0.8005875051021576,0.8537226021289825,0.8267681369151192,0.8419540229885057,348
val_calib,5,oracle_T_K,equal_mass,8,0.8537226021289825,0.9030641913414001,0.8782661879984902,0.9140401146131805,349
val_calib,5,oracle_T_K,equal_mass,9,0.9030641913414001,0.9399991929531097,0.9227948088017439,0.9369627507163324,349
val_calib,5,oracle_T_K,equal_mass,10,0.9399991929531097,0.969109296798706,0.9553062611801235,0.9455587392550143,349
val_calib,5,oracle_T_K,equal_mass,11,0.969109296798706,0.9890574216842651,0.9796761498711575,0.9683908045977011,348
val_calib,5,oracle_T_K,equal_mass,12,0.9890574216842651,0.9977678060531616,0.9940043839820818,0.994269340974212,349
val_calib,5,oracle_T_K,equal_mass,13,0.9977678060531616,0.9998908936977386,0.9991955322095718,1.0,348
val_calib,5,oracle_T_K,equal_mass,14,0.9998908936977386,1.0,0.9999781841891152,1.0,350
val_calib,10,native,equal_width,0,0.0,0.06666666666666667,0.0,0.0,0
val_calib,10,native,equal_width,1,0.06666666666666667,0.13333333333333333,0.0,0.0,0
val_calib,10,native,equal_width,2,0.13333333333333333,0.2,0.17059031767504557,0.2857142857142857,7
val_calib,10,native,equal_width,3,0.2,0.26666666666666666,0.239619908730189,0.24166666666666667,120
val_calib,10,native,equal_width,4,0.26666666666666666,0.3333333333333333,0.30484634386971343,0.27946127946127947,297
val_calib,10,native,equal_width,5,0.3333333333333333,0.4,0.3685346619499198,0.3348729792147806,433
val_calib,10,native,equal_width,6,0.4,0.4666666666666667,0.43482358560842627,0.48470588235294115,425
val_calib,10,native,equal_width,7,0.4666666666666667,0.5333333333333333,0.5010159381758639,0.5104895104895105,429
val_calib,10,native,equal_width,8,0.5333333333333333,0.6,0.5682079084376072,0.5957446808510638,470
val_calib,10,native,equal_width,9,0.6,0.6666666666666666,0.6330472631675982,0.6674816625916871,409
val_calib,10,native,equal_width,10,0.6666666666666666,0.7333333333333333,0.6981541271079077,0.6794520547945205,365
val_calib,10,native,equal_width,11,0.7333333333333333,0.8,0.7654375361720311,0.7628865979381443,388
val_calib,10,native,equal_width,12,0.8,0.8666666666666667,0.8321546859857513,0.8463414634146341,410
val_calib,10,native,equal_width,13,0.8666666666666667,0.9333333333333333,0.9006984841175395,0.9125295508274232,423
val_calib,10,native,equal_width,14,0.9333333333333333,1.0,0.9789228112211724,0.9725118483412323,1055
val_calib,10,native,equal_mass,0,0.0,0.32045988738536835,0.27465626695889167,0.25287356321839083,348
val_calib,10,native,equal_mass,1,0.32045988738536835,0.37786896526813507,0.35009177195650115,0.3553008595988539,349
val_calib,10,native,equal_mass,2,0.37786896526813507,0.4324123412370682,0.40374225591520185,0.3638968481375358,349
val_calib,10,native,equal_mass,3,0.4324123412370682,0.48528413474559784,0.4583455663302849,0.49712643678160917,348
val_calib,10,native,equal_mass,4,0.48528413474559784,0.5380139052867889,0.5122475690691383,0.5444126074498568,349
val_calib,10,native,equal_mass,5,0.5380139052867889,0.5892297327518463,0.5643538989788481,0.5845272206303725,349
val_calib,10,native,equal_mass,6,0.5892297327518463,0.641295999288559,0.614150119374338,0.6532951289398281,349
val_calib,10,native,equal_mass,7,0.641295999288559,0.6998241245746613,0.6709798704618695,0.6839080459770115,348
val_calib,10,native,equal_mass,8,0.6998241245746613,0.7632379829883575,0.7329052963366139,0.7048710601719198,349
val_calib,10,native,equal_mass,9,0.7632379829883575,0.8232035934925079,0.7931406134179123,0.8022922636103151,349
val_calib,10,native,equal_mass,10,0.8232035934925079,0.8801734149456024,0.8509218600554589,0.8767908309455588,349
val_calib,10,native,equal_mass,11,0.8801734149456024,0.9344623386859894,0.9078512308241307,0.9109195402298851,348
val_calib,10,native,equal_mass,12,0.9344623386859894,0.973747581243515,0.9540118758363285,0.9425287356321839,348
val_calib,10,native,equal_mass,13,0.973747581243515,0.994413286447525,0.9852213396344867,0.9771428571428571,350
val_calib,10,native,equal_mass,14,0.994413286447525,1.0,0.9984761461145898,1.0,349
val_calib,10,global_T_corrected,equal_width,0,0.0,0.06666666666666667,0.0,0.0,0
val_calib,10,global_T_corrected,equal_width,1,0.06666666666666667,0.13333333333333333,0.0,0.0,0
val_calib,10,global_T_corrected,equal_width,2,0.13333333333333333,0.2,0.18123753941976106,0.15384615384615385,13
val_calib,10,global_T_corrected,equal_width,3,0.2,0.26666666666666666,0.2401263255497505,0.21379310344827587,145
val_calib,10,global_T_corrected,equal_width,4,0.26666666666666666,0.3333333333333333,0.30398138552098664,0.3003003003003003,333
val_calib,10,global_T_corrected,equal_width,5,0.3333333333333333,0.4,0.3662381516562568,0.35333333333333333,450
val_calib,10,global_T_corrected,equal_width,6,0.4,0.4666666666666667,0.4336164204683979,0.4778761061946903,452
val_calib,10,global_T_corrected,equal_width,7,0.4666666666666667,0.5333333333333333,0.5003766382246145,0.5736607142857143,448
val_calib,10,global_T_corrected,equal_width,8,0.5333333333333333,0.6,0.5664833337681774,0.602880658436214,486
val_calib,10,global_T_corrected,equal_width,9,0.6,0.6666666666666666,0.6330286154358221,0.6834532374100719,417
val_calib,10,global_T_corrected,equal_width,10,0.6666666666666666,0.7333333333333333,0.7009352358376107,0.7100271002710027,369
val_calib,10,global_T_corrected,equal_width,11,0.7333333333333333,0.8,0.7663313918299489,0.7896103896103897,385
val_calib,10,global_T_corrected,equal_width,12,0.8,0.8666666666666667,0.8326702954855607,0.8730569948186528,386
val_calib,10,global_T_corrected,equal_width,13,0.8666666666666667,0.9333333333333333,0.9030734519256609,0.9112149532710281,428
val_calib,10,global_T_corrected,equal_width,14,0.9333333333333333,1.0,0.9795375146596035,0.9836779107725789,919
val_calib,10,global_T_corrected,equal_mass,0,0.0,0.3091808706521988,0.26557853321234387,0.25287356321839083,348
val_calib,10,global_T_corrected,equal_mass,1,0.3091808706521988,0.3631085008382797,0.33770337922866844,0.3553008595988539,349
val_calib,10,global_T_corrected,equal_mass,2,0.3631085008382797,0.4161930978298187,0.3891221836508174,0.3667621776504298,349
val_calib,10,global_T_corrected,equal_mass,3,0.4161930978298187,0.46699148416519165,0.44133767160190934,0.48563218390804597,348
val_calib,10,global_T_corrected,equal_mass,4,0.46699148416519165,0.5180117189884186,0.493484863322922,0.5702005730659025,349
val_calib,10,global_T_corrected,equal_mass,5,0.5180117189884186,0.5680494904518127,0.543519440045671,0.5845272206303725,349
val_calib,10,global_T_corrected,equal_mass,6,0.5680494904518127,0.6184172034263611,0.5915202080007952,0.6332378223495702,349
val_calib,10,global_T_corrected,equal_mass,7,0.6184172034263611,0.6755059361457825,0.6460228798718288,0.6781609195402298,348
val_calib,10,global_T_corrected,equal_mass,8,0.6755059361457825,0.7372047007083893,0.707295592671479,0.7277936962750716,349
val_calib,10,global_T_corrected,equal_mass,9,0.7372047007083893,0.7986988723278046,0.7675020720350708,0.7936962750716332,349
val_calib,10,global_T_corrected,equal_mass,10,0.7986988723278046,0.8589588105678558,0.8274510921243269,0.8710601719197708,349
val_calib,10,global_T_corrected,equal_mass,11,0.8589588105678558,0.9178755283355713,0.8890052406952299,0.9109195402298851,348
val_calib,10,global_T_corrected,equal_mass,12,0.9178755283355713,0.9653094112873077,0.941656009686369,0.9426934097421203,349
val_calib,10,global_T_corrected,equal_mass,13,0.9653094112873077,0.9917670786380768,0.9797438708530075,0.9770114942528736,348
val_calib,10,global_T_corrected,equal_mass,14,0.9917670786380768,1.0,0.9976313350881849,1.0,350
val_calib,10,oracle_T_K,equal_width,0,0.0,0.06666666666666667,0.0,0.0,0
val_calib,10,oracle_T_K,equal_width,1,0.06666666666666667,0.13333333333333333,0.0,0.0,0
val_calib,10,oracle_T_K,equal_width,2,0.13333333333333333,0.2,0.17624624520540239,0.2,10
val_calib,10,oracle_T_K,equal_width,3,0.2,0.26666666666666666,0.23954963518513572,0.2152777777777778,144
val_calib,10,oracle_T_K,equal_width,4,0.26666666666666666,0.3333333333333333,0.30431165406198213,0.296969696969697,330
val_calib,10,oracle_T_K,equal_width,5,0.3333333333333333,0.4,0.36702804720058146,0.35476718403547675,451
val_calib,10,oracle_T_K,equal_width,6,0.4,0.4666666666666667,0.43428282453133177,0.4752252252252252,444
val_calib,10,oracle_T_K,equal_width,7,0.4666666666666667,0.5333333333333333,0.5003100542596023,0.5633484162895928,442
val_calib,10,oracle_T_K,equal_width,8,0.5333333333333333,0.6,0.5664912354308391,0.602880658436214,486
val_calib,10,oracle_T_K,equal_width,9,0.6,0.6666666666666666,0.6334262939426006,0.6872037914691943,422
val_calib,10,oracle_T_K,equal_width,10,0.6666666666666666,0.7333333333333333,0.7001638299664535,0.7062146892655368,354
val_calib,10,oracle_T_K,equal_width,11,0.7333333333333333,0.8,0.7652190232094918,0.7811704834605598,393
val_calib,10,oracle_T_K,equal_width,12,0.8,0.8666666666666667,0.8319939895306226,0.8678756476683938,386
val_calib,10,oracle_T_K,equal_width,13,0.8666666666666667,0.9333333333333333,0.9019665424941016,0.9086651053864169,427
val_calib,10,oracle_T_K,equal_width,14,0.9333333333333333,1.0,0.9791365696113328,0.9830148619957537,942
val_calib,10,oracle_T_K,equal_mass,0,0.0,0.3104872554540634,0.26673669423693896,0.25287356321839083,348
val_calib,10,oracle_T_K,equal_mass,1,0.3104872554540634,0.36481377482414246,0.33929721562773585,0.35816618911174786,349
val_calib,10,oracle_T_K,equal_mass,2,0.36481377482414246,0.4183402359485626,0.39100223310014237,0.3667621776504298,349
val_calib,10,oracle_T_K,equal_mass,3,0.4183402359485626,0.46901561319828033,0.44354332521043977,0.4827586206896552,348
val_calib,10,oracle_T_K,equal_mass,4,0.46901561319828033,0.5207827389240265,0.495928604742859,0.5673352435530086,349
val_calib,10,oracle_T_K,equal_mass,5,0.5207827389240265,0.5707495510578156,0.5461140682642487,0.5890804597701149,348
val_calib,10,oracle_T_K,equal_mass,6,0.5707495510578156,0.621048778295517,0.5943690151827676,0.6314285714285715,350
val_calib,10,oracle_T_K,equal_mass,7,0.621048778295517,0.6788120567798615,0.6491395709150463,0.6829971181556196,347
val_calib,10,oracle_T_K,equal_mass,8,0.6788120567798615,0.7411341667175293,0.7105690792628697,0.7228571428571429,350
val_calib,10,oracle_T_K,equal_mass,9,0.7411341667175293,0.8017135560512543,0.7708608062356113,0.7936962750716332,349
val_calib,10,oracle_T_K,equal_mass,10,0.8017135560512543,0.8619524538516998,0.8305851082747167,0.8710601719197708,349
val_calib,10,oracle_T_K,equal_mass,11,0.8619524538516998,0.9198285043239594,0.8915719191233317,0.9109195402298851,348
val_calib,10,oracle_T_K,equal_mass,12,0.9198285043239594,0.9664776921272278,0.9433873867920272,0.9426934097421203,349
val_calib,10,oracle_T_K,equal_mass,13,0.9664776921272278,0.9921506345272064,0.9805704544813381,0.9770773638968482,349
val_calib,10,oracle_T_K,equal_mass,14,0.9921506345272064,1.0,0.9977737470479271,1.0,349
val_calib,20,native,equal_width,0,0.0,0.06666666666666667,0.0,0.0,0
val_calib,20,native,equal_width,1,0.06666666666666667,0.13333333333333333,0.11889491762433733,0.0,7
val_calib,20,native,equal_width,2,0.13333333333333333,0.2,0.1728668697809769,0.1694915254237288,236
val_calib,20,native,equal_width,3,0.2,0.26666666666666666,0.23518639497505212,0.2360248447204969,483
val_calib,20,native,equal_width,4,0.26666666666666666,0.3333333333333333,0.30076577431907847,0.3100511073253833,587
val_calib,20,native,equal_width,5,0.3333333333333333,0.4,0.3645498738326925,0.4237588652482269,564
val_calib,20,native,equal_width,6,0.4,0.4666666666666667,0.43220478805100043,0.44840525328330205,533
val_calib,20,native,equal_width,7,0.4666666666666667,0.5333333333333333,0.4991616552948686,0.5412026726057907,449
val_calib,20,native,equal_width,8,0.5333333333333333,0.6,0.564227273852991,0.592326139088729,417
val_calib,20,native,equal_width,9,0.6,0.6666666666666666,0.6329313071542665,0.6447368421052632,304
val_calib,20,native,equal_width,10,0.6666666666666666,0.7333333333333333,0.7001259860707753,0.7126865671641791,268
val_calib,20,native,equal_width,11,0.7333333333333333,0.8,0.7667902720735428,0.790273556231003,329
val_calib,20,native,equal_width,12,0.8,0.8666666666666667,0.834502730175113,0.8617021276595744,282
val_calib,20,native,equal_width,13,0.8666666666666667,0.9333333333333333,0.9032582694637603,0.9239130434782609,276
val_calib,20,native,equal_width,14,0.9333333333333333,1.0,0.9737231269959481,0.967741935483871,496
val_calib,20,native,equal_mass,0,0.0,0.21754147112369537,0.18256489966792622,0.1810344827586207,348
val_calib,20,native,equal_mass,1,0.21754147112369537,0.26384519040584564,0.24069477822684968,0.22636103151862463,349
val_calib,20,native,equal_mass,2,0.26384519040584564,0.3028307408094406,0.2836536127209322,0.3209169054441261,349
val_calib,20,native,equal_mass,3,0.3028307408094406,0.3408019244670868,0.32345181960484076,0.3333333333333333,348
val_calib,20,native,equal_mass,4,0.3408019244670868,0.38170142471790314,0.3608789703565887,0.4154727793696275,349
val_calib,20,native,equal_mass,5,0.38170142471790314,0.42425018548965454,0.40397742629734357,0.45272206303724927,349
val_calib,20,native,equal_mass,6,0.42425018548965454,0.4721784144639969,0.447833215524269,0.45272206303724927,349
val_calib,20,native,equal_mass,7,0.4721784144639969,0.5221605598926544,0.4960368599357276,0.5287356321839081,348
val_calib,20,native,equal_mass,8,0.5221605598926544,0.5747270286083221,0.5483830769287481,0.5816618911174785,349
val_calib,20,native,equal_mass,9,0.5747270286083221,0.6462214887142181,0.6078996866685271,0.6246418338108882,349
val_calib,20,native,equal_mass,10,0.6462214887142181,0.7279430329799652,0.6875520912145817,0.7048710601719198,349
val_calib,20,native,equal_mass,11,0.7279430329799652,0.8020512163639069,0.7661998200005499,0.7902298850574713,348
val_calib,20,native,equal_mass,12,0.8020512163639069,0.8876589834690094,0.8442690739658979,0.8710601719197708,349
val_calib,20,native,equal_mass,13,0.8876589834690094,0.9605851769447327,0.9276236136868212,0.9255014326647565,349
val_calib,20,native,equal_mass,14,0.9605851769447327,1.0,0.9845222560929022,0.9885386819484241,349
val_calib,20,global_T_corrected,equal_width,0,0.0,0.06666666666666667,0.0,0.0,0
val_calib,20,global_T_corrected,equal_width,1,0.06666666666666667,0.13333333333333333,0.12098642687002818,0.08333333333333333,12
val_calib,20,global_T_corrected,equal_width,2,0.13333333333333333,0.2,0.17265370341680816,0.18305084745762712,295
val_calib,20,global_T_corrected,equal_width,3,0.2,0.26666666666666666,0.23486319934984423,0.2528301886792453,530
val_calib,20,global_T_corrected,equal_width,4,0.26666666666666666,0.3333333333333333,0.3007704921768791,0.3404255319148936,658
val_calib,20,global_T_corrected,equal_width,5,0.3333333333333333,0.4,0.3672012711297654,0.43727598566308246,558
val_calib,20,global_T_corrected,equal_width,6,0.4,0.4666666666666667,0.43248708289437526,0.46629213483146065,534
val_calib,20,global_T_corrected,equal_width,7,0.4666666666666667,0.5333333333333333,0.5007457807328966,0.5644444444444444,450
val_calib,20,global_T_corrected,equal_width,8,0.5333333333333333,0.6,0.5644431212497631,0.5942408376963351,382
val_calib,20,global_T_corrected,equal_width,9,0.6,0.6666666666666666,0.6327804901617037,0.6942446043165468,278
val_calib,20,global_T_corrected,equal_width,10,0.6666666666666666,0.7333333333333333,0.6997080042713978,0.7508196721311475,305
val_calib,20,global_T_corrected,equal_width,11,0.7333333333333333,0.8,0.7640049536879971,0.8309352517985612,278
val_calib,20,global_T_corrected,equal_width,12,0.8,0.8666666666666667,0.8306912029650728,0.8745247148288974,263
val_calib,20,global_T_corrected,equal_width,13,0.8666666666666667,0.9333333333333333,0.9019527302095385,0.9166666666666666,264
val_calib,20,global_T_corrected,equal_width,14,0.9333333333333333,1.0,0.9722382199932944,0.9834905660377359,424
val_calib,20,global_T_corrected,equal_mass,0,0.0,0.20701072365045547,0.17449211282120353,0.1752873563218391,348
val_calib,20,global_T_corrected,equal_mass,1,0.20701072365045547,0.24908526241779327,0.2291427399418757,0.24355300859598855,349
val_calib,20,global_T_corrected,equal_mass,2,0.24908526241779327,0.28886623680591583,0.2696238139638928,0.3151862464183381,349
val_calib,20,global_T_corrected,equal_mass,3,0.28886623680591583,0.3239668011665344,0.3069374843061655,0.3218390804597701,348
val_calib,20,global_T_corrected,equal_mass,4,0.3239668011665344,0.3626498728990555,0.3426007387631261,0.4269340974212034,349
val_calib,20,global_T_corrected,equal_mass,5,0.3626498728990555,0.40340179204940796,0.3844224424621779,0.45558739255014324,349
val_calib,20,global_T_corrected,equal_mass,6,0.40340179204940796,0.4478137344121933,0.42520284823496907,0.4297994269340974,349
val_calib,20,global_T_corrected,equal_mass,7,0.4478137344121933,0.496764600276947,0.4719910856293536,0.5459770114942529,348
val_calib,20,global_T_corrected,equal_mass,8,0.496764600276947,0.547869086265564,0.5230407292146054,0.5959885386819485,349
val_calib,20,global_T_corrected,equal_mass,9,0.547869086265564,0.6155970990657806,0.5797420632531787,0.6103151862464183,349
val_calib,20,global_T_corrected,equal_mass,10,0.6155970990657806,0.6972207129001617,0.656785845073383,0.7106017191977078,349
val_calib,20,global_T_corrected,equal_mass,11,0.6972207129001617,0.7724362909793854,0.7349904898939461,0.7959770114942529,348
val_calib,20,global_T_corrected,equal_mass,12,0.7724362909793854,0.862484872341156,0.8173586080613997,0.8567335243553008,349
val_calib,20,global_T_corrected,equal_mass,13,0.862484872341156,0.9485580027103424,0.90943760704516,0.9226361031518625,349
val_calib,20,global_T_corrected,equal_mass,14,0.9485580027103424,1.0,0.9787885908752595,0.9914040114613181,349
val_calib,20,oracle_T_K,equal_width,0,0.0,0.06666666666666667,0.0,0.0,0
val_calib,20,oracle_T_K,equal_width,1,0.06666666666666667,0.13333333333333333,0.12011925710572137,0.0,9
val_calib,20,oracle_T_K,equal_width,2,0.13333333333333333,0.2,0.17267195569732474,0.1776061776061776,259
val_calib,20,oracle_T_K,equal_width,3,0.2,0.26666666666666666,0.2353238756477367,0.244140625,512
val_calib,20,oracle_T_K,equal_width,4,0.26666666666666666,0.3333333333333333,0.30150022796971016,0.31921824104234525,614
val_calib,20,oracle_T_K,equal_width,5,0.3333333333333333,0.4,0.3652212170853589,0.426497277676951,551
val_calib,20,oracle_T_K,equal_width,6,0.4,0.4666666666666667,0.43119163668088323,0.4632768361581921,531
val_calib,20,oracle_T_K,equal_width,7,0.4666666666666667,0.5333333333333333,0.4993918191898486,0.5581896551724138,464
val_calib,20,oracle_T_K,equal_width,8,0.5333333333333333,0.6,0.564268437599895,0.5833333333333334,396
val_calib,20,oracle_T_K,equal_width,9,0.6,0.6666666666666666,0.6319991488505549,0.6791808873720137,293
val_calib,20,oracle_T_K,equal_width,10,0.6666666666666666,0.7333333333333333,0.7011198805619593,0.7226027397260274,292
val_calib,20,oracle_T_K,equal_width,11,0.7333333333333333,0.8,0.7653539944815155,0.8087248322147651,298
val_calib,20,oracle_T_K,equal_width,12,0.8,0.8666666666666667,0.8320174704104553,0.8498168498168498,273
val_calib,20,oracle_T_K,equal_width,13,0.8666666666666667,0.9333333333333333,0.9022870020589967,0.9239130434782609,276
val_calib,20,oracle_T_K,equal_width,14,0.9333333333333333,1.0,0.9731818311415275,0.978401727861771,463
val_calib,20,oracle_T_K,equal_mass,0,0.0,0.21254663169384003,0.17901209322200423,0.1810344827586207,348
val_calib,20,oracle_T_K,equal_mass,1,0.21254663169384003,0.25721101462841034,0.2355970888902943,0.23209169054441262,349
val_calib,20,oracle_T_K,equal_mass,2,0.25721101462841034,0.29674971103668213,0.27746354483260127,0.3151862464183381,349
val_calib,20,oracle_T_K,equal_mass,3,0.29674971103668213,0.3332972675561905,0.3162520245231431,0.32471264367816094,348
val_calib,20,oracle_T_K,equal_mass,4,0.3332972675561905,0.37336497008800507,0.3528265538051682,0.42406876790830944,349
val_calib,20,oracle_T_K,equal_mass,5,0.37336497008800507,0.41580672562122345,0.395393709227827,0.4584527220630373,349
val_calib,20,oracle_T_K,equal_mass,6,0.41580672562122345,0.46148915588855743,0.43790543890614225,0.44126074498567336,349
val_calib,20,oracle_T_K,equal_mass,7,0.46148915588855743,0.5117208063602448,0.48555182537128183,0.5316091954022989,348
val_calib,20,oracle_T_K,equal_mass,8,0.5117208063602448,0.5618578493595123,0.5373231999170472,0.5902578796561605,349
val_calib,20,oracle_T_K,equal_mass,9,0.5618578493595123,0.6332309246063232,0.5954882897073697,0.6246418338108882,349
val_calib,20,oracle_T_K,equal_mass,10,0.6332309246063232,0.7149003744125366,0.6742331061117287,0.6991404011461319,349
val_calib,20,oracle_T_K,equal_mass,11,0.7149003744125366,0.7881414890289307,0.7528258276054229,0.7931034482758621,348
val_calib,20,oracle_T_K,equal_mass,12,0.7881414890289307,0.8777036070823669,0.8327719874914874,0.8681948424068768,349
val_calib,20,oracle_T_K,equal_mass,13,0.8777036070823669,0.9554860591888428,0.9200644534091895,0.9226361031518625,349
val_calib,20,oracle_T_K,equal_mass,14,0.9554860591888428,1.0,0.9822045730314829,0.9914040114613181,349
val_calib,50,native,equal_width,0,0.0,0.06666666666666667,0.06154377944767475,0.16666666666666666,6
val_calib,50,native,equal_width,1,0.06666666666666667,0.13333333333333333,0.1095398541895433,0.14522821576763487,482
val_calib,50,native,equal_width,2,0.13333333333333333,0.2,0.1673171766895625,0.17453347969264543,911
val_calib,50,native,equal_width,3,0.2,0.26666666666666666,0.23188925654321282,0.28554778554778554,858
val_calib,50,native,equal_width,4,0.26666666666666666,0.3333333333333333,0.2996397764234495,0.36772046589018303,601
val_calib,50,native,equal_width,5,0.3333333333333333,0.4,0.3635945991784271,0.42071881606765327,473
val_calib,50,native,equal_width,6,0.4,0.4666666666666667,0.4324908382517256,0.44314868804664725,343
val_calib,50,native,equal_width,7,0.4666666666666667,0.5333333333333333,0.49807839152400446,0.5747800586510264,341
val_calib,50,native,equal_width,8,0.5333333333333333,0.6,0.5695561699103564,0.71484375,256
val_calib,50,native,equal_width,9,0.6,0.6666666666666666,0.6314037563849468,0.6989795918367347,196
val_calib,50,native,equal_width,10,0.6666666666666666,0.7333333333333333,0.6965274272317236,0.7897727272727273,176
val_calib,50,native,equal_width,11,0.7333333333333333,0.8,0.7648728180535233,0.8291139240506329,158
val_calib,50,native,equal_width,12,0.8,0.8666666666666667,0.8339592326771129,0.9242424242424242,132
val_calib,50,native,equal_width,13,0.8666666666666667,0.9333333333333333,0.9024160875993616,0.9058823529411765,170
val_calib,50,native,equal_width,14,0.9333333333333333,1.0,0.9700047108344734,0.96875,128
val_calib,50,native,equal_mass,0,0.0,0.11972085759043694,0.10186851192693944,0.12643678160919541,348
val_calib,50,native,equal_mass,1,0.11972085759043694,0.15155842900276184,0.13612377622236838,0.15759312320916904,349
val_calib,50,native,equal_mass,2,0.15155842900276184,0.17334537953138351,0.16275103441452912,0.18624641833810887,349
val_calib,50,native,equal_mass,3,0.17334537953138351,0.1994309201836586,0.18631473406292925,0.1896551724137931,348
val_calib,50,native,equal_mass,4,0.1994309201836586,0.22376111894845963,0.2113466612076691,0.3151862464183381,349
val_calib,50,native,equal_mass,5,0.22376111894845963,0.25195905566215515,0.23902423415108875,0.2492836676217765,349
val_calib,50,native,equal_mass,6,0.25195905566215515,0.2869008779525757,0.2687097950104656,0.3209169054441261,349
val_calib,50,native,equal_mass,7,0.2869008779525757,0.3248053938150406,0.30582471577257947,0.3735632183908046,348
val_calib,50,native,equal_mass,8,0.3248053938150406,0.3677571713924408,0.3461214114396825,0.38108882521489973,349
val_calib,50,native,equal_mass,9,0.3677571713924408,0.43014031648635864,0.3967983084797518,0.46418338108882523,349
val_calib,50,native,equal_mass,10,0.43014031648635864,0.4961883872747421,0.4629430858225658,0.5086206896551724,348
val_calib,50,native,equal_mass,11,0.4961883872747421,0.5810957252979279,0.5353630199644149,0.6418338108882522,349
val_calib,50,native,equal_mass,12,0.5810957252979279,0.6902489066123962,0.6298404603168882,0.7183908045977011,348
val_calib,50,native,equal_mass,13,0.6902489066123962,0.8421906232833862,0.7596817261832101,0.8314285714285714,350
val_calib,50,native,equal_mass,14,0.8421906232833862,1.0,0.9202929866689665,0.9369627507163324,349
val_calib,50,global_T_corrected,equal_width,0,0.0,0.06666666666666667,0.06048612793286642,0.1111111111111111,9
val_calib,50,global_T_corrected,equal_width,1,0.06666666666666667,0.13333333333333333,0.107824192892709,0.1386986301369863,584
val_calib,50,global_T_corrected,equal_width,2,0.13333333333333333,0.2,0.16693028810533506,0.22135922330097088,1030
val_calib,50,global_T_corrected,equal_width,3,0.2,0.26666666666666666,0.23175425972477556,0.2832512315270936,812
val_calib,50,global_T_corrected,equal_width,4,0.26666666666666666,0.3333333333333333,0.2995071678735803,0.37161084529505584,627
val_calib,50,global_T_corrected,equal_width,5,0.3333333333333333,0.4,0.36413452206622987,0.46190476190476193,420
val_calib,50,global_T_corrected,equal_width,6,0.4,0.4666666666666667,0.4343089365475887,0.5297297297297298,370
val_calib,50,global_T_corrected,equal_width,7,0.4666666666666667,0.5333333333333333,0.498895443225867,0.5939597315436241,298
val_calib,50,global_T_corrected,equal_width,8,0.5333333333333333,0.6,0.5644008694333511,0.698744769874477,239
val_calib,50,global_T_corrected,equal_width,9,0.6,0.6666666666666666,0.6313616854529227,0.7741935483870968,186
val_calib,50,global_T_corrected,equal_width,10,0.6666666666666666,0.7333333333333333,0.6989092826843262,0.7804878048780488,164
val_calib,50,global_T_corrected,equal_width,11,0.7333333333333333,0.8,0.7676937209837364,0.8787878787878788,132
val_calib,50,global_T_corrected,equal_width,12,0.8,0.8666666666666667,0.8361673049926758,0.912,125
val_calib,50,global_T_corrected,equal_width,13,0.8666666666666667,0.9333333333333333,0.8987534088747842,0.9285714285714286,140
val_calib,50,global_T_corrected,equal_width,14,0.9333333333333333,1.0,0.9721260886443289,0.9894736842105263,95
val_calib,50,global_T_corrected,equal_mass,0,0.0,0.11247608065605164,0.09582085856075945,0.12931034482758622,348
val_calib,50,global_T_corrected,equal_mass,1,0.11247608065605164,0.14153393357992172,0.12736139297058385,0.15759312320916904,349
val_calib,50,global_T_corrected,equal_mass,2,0.14153393357992172,0.16268186271190643,0.1519632810849515,0.17765042979942694,349
val_calib,50,global_T_corrected,equal_mass,3,0.16268186271190643,0.18558915704488754,0.17384348133172112,0.22126436781609196,348
val_calib,50,global_T_corrected,equal_mass,4,0.18558915704488754,0.20943302661180496,0.19673997919504826,0.29512893982808025,349
val_calib,50,global_T_corrected,equal_mass,5,0.20943302661180496,0.23511716723442078,0.22267639376543313,0.25501432664756446,349
val_calib,50,global_T_corrected,equal_mass,6,0.23511716723442078,0.2672325670719147,0.25081435682780423,0.3151862464183381,349
val_calib,50,global_T_corrected,equal_mass,7,0.2672325670719147,0.3029625117778778,0.2851616673428437,0.367816091954023,348
val_calib,50,global_T_corrected,equal_mass,8,0.3029625117778778,0.34382182359695435,0.3227836937993167,0.38108882521489973,349
val_calib,50,global_T_corrected,equal_mass,9,0.34382182359695435,0.40132880210876465,0.3703220215943618,0.4785100286532951,349
val_calib,50,global_T_corrected,equal_mass,10,0.40132880210876465,0.462568923830986,0.43340792329741756,0.5300859598853869,349
val_calib,50,global_T_corrected,equal_mass,11,0.462568923830986,0.5399632453918457,0.5010062766143646,0.6120689655172413,348
val_calib,50,global_T_corrected,equal_mass,12,0.5399632453918457,0.6468234062194824,0.5918655482360294,0.72,350
val_calib,50,global_T_corrected,equal_mass,13,0.6468234062194824,0.8057816624641418,0.7233030544272785,0.8247126436781609,348
val_calib,50,global_T_corrected,equal_mass,14,0.8057816624641418,1.0,0.8993381367713469,0.9369627507163324,349
val_calib,50,oracle_T_K,equal_width,0,0.0,0.06666666666666667,0.06177835973600546,0.16666666666666666,6
val_calib,50,oracle_T_K,equal_width,1,0.06666666666666667,0.13333333333333333,0.10986371884328587,0.1440501043841336,479
val_calib,50,oracle_T_K,equal_width,2,0.13333333333333333,0.2,0.16767127321240652,0.17679558011049723,905
val_calib,50,oracle_T_K,equal_width,3,0.2,0.26666666666666666,0.23218837594776823,0.28538011695906434,855
val_calib,50,oracle_T_K,equal_width,4,0.26666666666666666,0.3333333333333333,0.29989316472351946,0.3658940397350993,604
val_calib,50,oracle_T_K,equal_width,5,0.3333333333333333,0.4,0.3642017033225612,0.4147368421052632,475
val_calib,50,oracle_T_K,equal_width,6,0.4,0.4666666666666667,0.43315400373797086,0.4418604651162791,344
val_calib,50,oracle_T_K,equal_width,7,0.4666666666666667,0.5333333333333333,0.49895861999826796,0.5752212389380531,339
val_calib,50,oracle_T_K,equal_width,8,0.5333333333333333,0.6,0.5692380023002624,0.704,250
val_calib,50,oracle_T_K,equal_width,9,0.6,0.6666666666666666,0.6309812214316391,0.7073170731707317,205
val_calib,50,oracle_T_K,equal_width,10,0.6666666666666666,0.7333333333333333,0.697708748699574,0.7865168539325843,178
val_calib,50,oracle_T_K,equal_width,11,0.7333333333333333,0.8,0.7653864933598427,0.8193548387096774,155
val_calib,50,oracle_T_K,equal_width,12,0.8,0.8666666666666667,0.8338738684301024,0.9259259259259259,135
val_calib,50,oracle_T_K,equal_width,13,0.8666666666666667,0.9333333333333333,0.903206925752551,0.9069767441860465,172
val_calib,50,oracle_T_K,equal_width,14,0.9333333333333333,1.0,0.970379348873168,0.9689922480620154,129
val_calib,50,oracle_T_K,equal_mass,0,0.0,0.12025183439254761,0.10229992655630427,0.12643678160919541,348
val_calib,50,oracle_T_K,equal_mass,1,0.12025183439254761,0.15227456390857697,0.13674502873147457,0.15759312320916904,349
val_calib,50,oracle_T_K,equal_mass,2,0.15227456390857697,0.1741558164358139,0.16352144805954658,0.1833810888252149,349
val_calib,50,oracle_T_K,equal_mass,3,0.1741558164358139,0.20033962279558182,0.1871981799345592,0.1925287356321839,348
val_calib,50,oracle_T_K,equal_mass,4,0.20033962279558182,0.2247169017791748,0.21238970547316752,0.3151862464183381,349
val_calib,50,oracle_T_K,equal_mass,5,0.2247169017791748,0.2531658113002777,0.2401829446882095,0.2492836676217765,349
val_calib,50,oracle_T_K,equal_mass,6,0.2531658113002777,0.28820502758026123,0.2699819288315268,0.31805157593123207,349
val_calib,50,oracle_T_K,equal_mass,7,0.28820502758026123,0.32660073041915894,0.3072714518712855,0.3735632183908046,348
val_calib,50,oracle_T_K,equal_mass,8,0.32660073041915894,0.36978209018707275,0.34775036496555906,0.38108882521489973,349
val_calib,50,oracle_T_K,equal_mass,9,0.36978209018707275,0.4315091520547867,0.398659227570695,0.4670487106017192,349
val_calib,50,oracle_T_K,equal_mass,10,0.4315091520547867,0.4993762969970703,0.4651107043454845,0.5100286532951289,349
val_calib,50,oracle_T_K,equal_mass,11,0.4993762969970703,0.5840009450912476,0.5378727398213299,0.6408045977011494,348
val_calib,50,oracle_T_K,equal_mass,12,0.5840009450912476,0.6931685507297516,0.6324957559506098,0.7183908045977011,348
val_calib,50,oracle_T_K,equal_mass,13,0.6931685507297516,0.8442371785640717,0.7621264450890677,0.8314285714285714,350
val_calib,50,oracle_T_K,equal_mass,14,0.8442371785640717,1.0,0.9216044948230842,0.9369627507163324,349
testA,5,native,equal_width,0,0.0,0.06666666666666667,0.0,0.0,0
testA,5,native,equal_width,1,0.06666666666666667,0.13333333333333333,0.0,0.0,0
testA,5,native,equal_width,2,0.13333333333333333,0.2,0.0,0.0,0
testA,5,native,equal_width,3,0.2,0.26666666666666666,0.2536919414997101,0.5,2
testA,5,native,equal_width,4,0.26666666666666666,0.3333333333333333,0.3102525147524747,0.22727272727272727,22
testA,5,native,equal_width,5,0.3333333333333333,0.4,0.371546663413538,0.3364485981308411,107
testA,5,native,equal_width,6,0.4,0.4666666666666667,0.43795417078205795,0.4207650273224044,183
testA,5,native,equal_width,7,0.4666666666666667,0.5333333333333333,0.5017953383886885,0.4251497005988024,334
testA,5,native,equal_width,8,0.5333333333333333,0.6,0.566350210039583,0.5534246575342465,365
testA,5,native,equal_width,9,0.6,0.6666666666666666,0.632204731190926,0.6167146974063401,347
testA,5,native,equal_width,10,0.6666666666666666,0.7333333333333333,0.7002947385304052,0.6646884272997032,337
testA,5,native,equal_width,11,0.7333333333333333,0.8,0.7679841378967069,0.7583547557840618,389
testA,5,native,equal_width,12,0.8,0.8666666666666667,0.8350005951192644,0.8422222222222222,450
testA,5,native,equal_width,13,0.8666666666666667,0.9333333333333333,0.903581423262755,0.8933333333333333,600
testA,5,native,equal_width,14,0.9333333333333333,1.0,0.9853556005840758,0.9776892430278884,2510
testA,5,native,equal_mass,0,0.0,0.4810892939567566,0.41646103326479594,0.37333333333333335,375
testA,5,native,equal_mass,1,0.4810892939567566,0.5506540536880493,0.5173721710313852,0.46949602122015915,377
testA,5,native,equal_mass,2,0.5506540536880493,0.6212437152862549,0.5865898804259869,0.5782493368700266,377
testA,5,native,equal_mass,3,0.6212437152862549,0.6960831582546234,0.6580600687662761,0.6373333333333333,375
testA,5,native,equal_mass,4,0.6960831582546234,0.7663025856018066,0.7322096771033353,0.6904761904761905,378
testA,5,native,equal_mass,5,0.7663025856018066,0.8259917199611664,0.7973866900230976,0.800531914893617,376
testA,5,native,equal_mass,6,0.8259917199611664,0.8809942007064819,0.85460773284765,0.8537234042553191,376
testA,5,native,equal_mass,7,0.8809942007064819,0.9224828481674194,0.9033190005654049,0.9071618037135278,377
testA,5,native,equal_mass,8,0.9224828481674194,0.9526323974132538,0.9385252793101554,0.9122340425531915,376
testA,5,native,equal_mass,9,0.9526323974132538,0.9770199656486511,0.9655483692331086,0.9416445623342176,377
testA,5,native,equal_mass,10,0.9770199656486511,0.989172488451004,0.9834173247218132,0.9813829787234043,376
testA,5,native,equal_mass,11,0.989172488451004,0.9962252378463745,0.9929822092043593,0.9840425531914894,376
testA,5,native,equal_mass,12,0.9962252378463745,0.9993140697479248,0.9980308936824849,0.9973474801061007,377
testA,5,native,equal_mass,13,0.9993140697479248,0.9999796152114868,0.9997826099712798,1.0,376
testA,5,native,equal_mass,14,0.9999796152114868,1.0,0.9999959908366519,1.0,377
testA,5,global_T_corrected,equal_width,0,0.0,0.06666666666666667,0.0,0.0,0
testA,5,global_T_corrected,equal_width,1,0.06666666666666667,0.13333333333333333,0.0,0.0,0
testA,5,global_T_corrected,equal_width,2,0.13333333333333333,0.2,0.0,0.0,0
testA,5,global_T_corrected,equal_width,3,0.2,0.26666666666666666,0.2507014125585556,0.5,2
testA,5,global_T_corrected,equal_width,4,0.26666666666666666,0.3333333333333333,0.31344509305375995,0.2727272727272727,33
testA,5,global_T_corrected,equal_width,5,0.3333333333333333,0.4,0.37239983440500446,0.3893805309734513,113
testA,5,global_T_corrected,equal_width,6,0.4,0.4666666666666667,0.4370416263834788,0.3701923076923077,208
testA,5,global_T_corrected,equal_width,7,0.4666666666666667,0.5333333333333333,0.5021503811976948,0.4672131147540984,366
testA,5,global_T_corrected,equal_width,8,0.5333333333333333,0.6,0.5667679500579834,0.5733333333333334,375
testA,5,global_T_corrected,equal_width,9,0.6,0.6666666666666666,0.6314337179921139,0.617816091954023,348
testA,5,global_T_corrected,equal_width,10,0.6666666666666666,0.7333333333333333,0.6992205587977712,0.6875,352
testA,5,global_T_corrected,equal_width,11,0.7333333333333333,0.8,0.766351266223264,0.7783132530120482,415
testA,5,global_T_corrected,equal_width,12,0.8,0.8666666666666667,0.8335784655022674,0.8568232662192393,447
testA,5,global_T_corrected,equal_width,13,0.8666666666666667,0.9333333333333333,0.9019766810846019,0.9090909090909091,616
testA,5,global_T_corrected,equal_width,14,0.9333333333333333,1.0,0.9844520379349634,0.9805989034162801,2371
testA,5,global_T_corrected,equal_mass,0,0.0,0.47032430768013,0.40741964500952277,0.3670212765957447,376
testA,5,global_T_corrected,equal_mass,1,0.47032430768013,0.5390697717666626,0.506676389895221,0.47606382978723405,376
testA,5,global_T_corrected,equal_mass,2,0.5390697717666626,0.6059888303279877,0.5722699769295811,0.5809018567639257,377
testA,5,global_T_corrected,equal_mass,3,0.6059888303279877,0.6778407394886017,0.6405130727811063,0.6303191489361702,376
testA,5,global_T_corrected,equal_mass,4,0.6778407394886017,0.7467069625854492,0.7123842759537128,0.7055702917771883,377
testA,5,global_T_corrected,equal_mass,5,0.7467069625854492,0.8056020736694336,0.7769475487318445,0.7872340425531915,376
testA,5,global_T_corrected,equal_mass,6,0.8056020736694336,0.8637874126434326,0.8352523499980886,0.8590425531914894,376
testA,5,global_T_corrected,equal_mass,7,0.8637874126434326,0.9071836173534393,0.8867070180035397,0.9018567639257294,377
testA,5,global_T_corrected,equal_mass,8,0.9071836173534393,0.9411794543266296,0.9253215712118656,0.9148936170212766,376
testA,5,global_T_corrected,equal_mass,9,0.9411794543266296,0.9696634411811829,0.9563003331422806,0.9414893617021277,376
testA,5,global_T_corrected,equal_mass,10,0.9696634411811829,0.9848585724830627,0.9777715299674805,0.9813829787234043,376
testA,5,global_T_corrected,equal_mass,11,0.9848585724830627,0.9943471550941467,0.9900501138986425,0.9867021276595744,376
testA,5,global_T_corrected,equal_mass,12,0.9943471550941467,0.9988499283790588,0.9969589801935049,0.9946949602122016,377
testA,5,global_T_corrected,equal_mass,13,0.9988499283790588,0.9999567568302155,0.9996153636383441,1.0,377
testA,5,global_T_corrected,equal_mass,14,0.9999567568302155,1.0,0.9999909856275159,1.0,377
testA,5,oracle_T_K,equal_width,0,0.0,0.06666666666666667,0.0,0.0,0
testA,5,oracle_T_K,equal_width,1,0.06666666666666667,0.13333333333333333,0.0,0.0,0
testA,5,oracle_T_K,equal_width,2,0.13333333333333333,0.2,0.0,0.0,0
testA,5,oracle_T_K,equal_width,3,0.2,0.26666666666666666,0.2501048147678375,0.5,2
testA,5,oracle_T_K,equal_width,4,0.26666666666666666,0.3333333333333333,0.31343935898372105,0.2571428571428571,35
testA,5,oracle_T_K,equal_width,5,0.3333333333333333,0.4,0.3717772678605148,0.39285714285714285,112
testA,5,oracle_T_K,equal_width,6,0.4,0.4666666666666667,0.43712352162545864,0.3738738738738739,222
testA,5,oracle_T_K,equal_width,7,0.4666666666666667,0.5333333333333333,0.5024444196506637,0.4628099173553719,363
testA,5,oracle_T_K,equal_width,8,0.5333333333333333,0.6,0.5667574189350437,0.5848563968668408,383
testA,5,oracle_T_K,equal_width,9,0.6,0.6666666666666666,0.6312612230854201,0.6180758017492711,343
testA,5,oracle_T_K,equal_width,10,0.6666666666666666,0.7333333333333333,0.6998605545490019,0.6854838709677419,372
testA,5,oracle_T_K,equal_width,11,0.7333333333333333,0.8,0.7677495379045786,0.7951807228915663,415
testA,5,oracle_T_K,equal_width,12,0.8,0.8666666666666667,0.8340690178238281,0.8627002288329519,437
testA,5,oracle_T_K,equal_width,13,0.8666666666666667,0.9333333333333333,0.9021636084476604,0.9066455696202531,632
testA,5,oracle_T_K,equal_width,14,0.9333333333333333,1.0,0.9845381158360085,0.9824034334763948,2330
testA,5,oracle_T_K,equal_mass,0,0.0,0.4680616855621338,0.4055567393277554,0.36436170212765956,376
testA,5,oracle_T_K,equal_mass,1,0.4680616855621338,0.5362196862697601,0.504464670777955,0.48138297872340424,376
testA,5,oracle_T_K,equal_mass,2,0.5362196862697601,0.6028323769569397,0.5693797581391878,0.5702917771883289,377
testA,5,oracle_T_K,equal_mass,3,0.6028323769569397,0.6742032766342163,0.6369553653800741,0.6356382978723404,376
testA,5,oracle_T_K,equal_mass,4,0.6742032766342163,0.7429074347019196,0.708329401060504,0.7082228116710876,377
testA,5,oracle_T_K,equal_mass,5,0.7429074347019196,0.8015020191669464,0.7727137742207405,0.7872340425531915,376
testA,5,oracle_T_K,equal_mass,6,0.8015020191669464,0.8600723445415497,0.831197812202129,0.8563829787234043,376
testA,5,oracle_T_K,equal_mass,7,0.8600723445415497,0.90387162566185,0.8831358978855831,0.9018567639257294,377
testA,5,oracle_T_K,equal_mass,8,0.90387162566185,0.9385839998722076,0.9224254531746215,0.9175531914893617,376
testA,5,oracle_T_K,equal_mass,9,0.9385839998722076,0.9679929912090302,0.9542599970212982,0.9416445623342176,377
testA,5,oracle_T_K,equal_mass,10,0.9679929912090302,0.9838761985301971,0.9764833784103394,0.9813333333333333,375
testA,5,oracle_T_K,equal_mass,11,0.9838761985301971,0.9938824474811554,0.989360236678895,0.986737400530504,377
testA,5,oracle_T_K,equal_mass,12,0.9938824474811554,0.9987257719039917,0.9966969778563114,0.9946808510638298,376
testA,5,oracle_T_K,equal_mass,13,0.9987257719039917,0.9999499917030334,0.9995699811044991,1.0,377
testA,5,oracle_T_K,equal_mass,14,0.9999499917030334,1.0,0.9999894204127061,1.0,377
testA,10,native,equal_width,0,0.0,0.06666666666666667,0.0,0.0,0
testA,10,native,equal_width,1,0.06666666666666667,0.13333333333333333,0.0,0.0,0
testA,10,native,equal_width,2,0.13333333333333333,0.2,0.18253949532906213,0.0,6
testA,10,native,equal_width,3,0.2,0.26666666666666666,0.2424056484647419,0.2028985507246377,69
testA,10,native,equal_width,4,0.26666666666666666,0.3333333333333333,0.3034848641475727,0.27155172413793105,232
testA,10,native,equal_width,5,0.3333333333333333,0.4,0.3654225302779156,0.3217391304347826,345
testA,10,native,equal_width,6,0.4,0.4666666666666667,0.4346380996546556,0.4118942731277533,454
testA,10,native,equal_width,7,0.4666666666666667,0.5333333333333333,0.5014846283135955,0.5216494845360825,485
testA,10,native,equal_width,8,0.5333333333333333,0.6,0.5669396138292248,0.576271186440678,472
testA,10,native,equal_width,9,0.6,0.6666666666666666,0.6333040658916745,0.6619047619047619,420
testA,10,native,equal_width,10,0.6666666666666666,0.7333333333333333,0.69996098457156,0.7162162162162162,370
testA,10,native,equal_width,11,0.7333333333333333,0.8,0.7683781010558807,0.7710843373493976,415
testA,10,native,equal_width,12,0.8,0.8666666666666667,0.8333289627199131,0.8480176211453745,454
testA,10,native,equal_width,13,0.8666666666666667,0.9333333333333333,0.901769944329128,0.8953271028037383,535
testA,10,native,equal_width,14,0.9333333333333333,1.0,0.979998741757535,0.9791216702663786,1389
testA,10,native,equal_mass,0,0.0,0.3449930101633072,0.2968202144541639,0.2579787234042553,376
testA,10,native,equal_mass,1,0.3449930101633072,0.41431838274002075,0.38160725373854026,0.3484042553191489,376
testA,10,native,equal_mass,2,0.41431838274002075,0.4718450605869293,0.443860511643817,0.41379310344827586,377
testA,10,native,equal_mass,3,0.4718450605869293,0.5213097333908081,0.4976222330426916,0.5212765957446809,376
testA,10,native,equal_mass,4,0.5213097333908081,0.5746575593948364,0.5483924109250942,0.5452127659574468,376
testA,10,native,equal_mass,5,0.5746575593948364,0.6309354901313782,0.6016717406103402,0.6339522546419099,377
testA,10,native,equal_mass,6,0.6309354901313782,0.6937456130981445,0.661308708501623,0.6968085106382979,376
testA,10,native,equal_mass,7,0.6937456130981445,0.761820375919342,0.7278767517454112,0.7480106100795756,377
testA,10,native,equal_mass,8,0.761820375919342,0.81672203540802,0.7897913308536753,0.7632978723404256,376
testA,10,native,equal_mass,9,0.81672203540802,0.872555673122406,0.8450142537251075,0.8753315649867374,377
testA,10,native,equal_mass,10,0.872555673122406,0.9197388589382172,0.8977071711040557,0.901595744680851,376
testA,10,native,equal_mass,11,0.9197388589382172,0.9590938091278076,0.9404424669894766,0.9228723404255319,376
testA,10,native,equal_mass,12,0.9590938091278076,0.9831161201000214,0.9730598779508859,0.9734748010610079,377
testA,10,native,equal_mass,13,0.9831161201000214,0.996942788362503,0.9906034531428459,0.9893617021276596,376
testA,10,native,equal_mass,14,0.996942788362503,1.0,0.9991625462033704,1.0,377
testA,10,global_T_corrected,equal_width,0,0.0,0.06666666666666667,0.0,0.0,0
testA,10,global_T_corrected,equal_width,1,0.06666666666666667,0.13333333333333333,0.0,0.0,0
testA,10,global_T_corrected,equal_width,2,0.13333333333333333,0.2,0.18165842763015203,0.0,7
testA,10,global_T_corrected,equal_width,3,0.2,0.26666666666666666,0.24268968338551727,0.1956521739130435,92
testA,10,global_T_corrected,equal_width,4,0.26666666666666666,0.3333333333333333,0.3048817376437136,0.302491103202847,281
testA,10,global_T_corrected,equal_width,5,0.3333333333333333,0.4,0.36778884962364866,0.32142857142857145,364
testA,10,global_T_corrected,equal_width,6,0.4,0.4666666666666667,0.4328717883539509,0.43628509719222464,463
testA,10,global_T_corrected,equal_width,7,0.4666666666666667,0.5333333333333333,0.5002808977946377,0.5362035225048923,511
testA,10,global_T_corrected,equal_width,8,0.5333333333333333,0.6,0.5649867384057295,0.5957894736842105,475
testA,10,global_T_corrected,equal_width,9,0.6,0.6666666666666666,0.63193153741735,0.7037037037037037,432
testA,10,global_T_corrected,equal_width,10,0.6666666666666666,0.7333333333333333,0.7000223765006433,0.7252747252747253,364
testA,10,global_T_corrected,equal_width,11,0.7333333333333333,0.8,0.7669774202708395,0.7871396895787139,451
testA,10,global_T_corrected,equal_width,12,0.8,0.8666666666666667,0.8335432501400218,0.8847058823529412,425
testA,10,global_T_corrected,equal_width,13,0.8666666666666667,0.9333333333333333,0.9006518049443022,0.8955512572533849,517
testA,10,global_T_corrected,equal_width,14,0.9333333333333333,1.0,0.9787460243022894,0.9857594936708861,1264
testA,10,global_T_corrected,equal_mass,0,0.0,0.33257944881916046,0.2870709154596354,0.26861702127659576,376
testA,10,global_T_corrected,equal_mass,1,0.33257944881916046,0.40110035240650177,0.3681186785564778,0.3271276595744681,376
testA,10,global_T_corrected,equal_mass,2,0.40110035240650177,0.4535760432481766,0.427903760886635,0.4350132625994695,377
testA,10,global_T_corrected,equal_mass,3,0.4535760432481766,0.5050124526023865,0.48154070917913255,0.5079787234042553,376
testA,10,global_T_corrected,equal_mass,4,0.5050124526023865,0.5546162724494934,0.5294293132005383,0.5596816976127321,377
testA,10,global_T_corrected,equal_mass,5,0.5546162724494934,0.6084138751029968,0.5811781610580201,0.625,376
testA,10,global_T_corrected,equal_mass,6,0.6084138751029968,0.6684746146202087,0.6375873613547771,0.7021276595744681,376
testA,10,global_T_corrected,equal_mass,7,0.6684746146202087,0.7367818355560303,0.7028564102453642,0.7241379310344828,377
testA,10,global_T_corrected,equal_mass,8,0.7367818355560303,0.7930985987186432,0.7647316387676178,0.7872340425531915,376
testA,10,global_T_corrected,equal_mass,9,0.7930985987186432,0.8506604135036469,0.8215449865047748,0.870026525198939,377
testA,10,global_T_corrected,equal_mass,10,0.8506604135036469,0.9030935168266296,0.8782954926186419,0.901595744680851,376
testA,10,global_T_corrected,equal_mass,11,0.9030935168266296,0.9477092027664185,0.9258692323210391,0.9202127659574468,376
testA,10,global_T_corrected,equal_mass,12,0.9477092027664185,0.9771035611629486,0.9645244125029769,0.9708222811671088,377
testA,10,global_T_corrected,equal_mass,13,0.9771035611629486,0.9953728318214417,0.9867304842522804,0.9920212765957447,376
testA,10,global_T_corrected,equal_mass,14,0.9953728318214417,1.0,0.9986560943904543,1.0,377
testA,10,oracle_T_K,equal_width,0,0.0,0.06666666666666667,0.0,0.0,0
testA,10,oracle_T_K,equal_width,1,0.06666666666666667,0.13333333333333333,0.0,0.0,0
testA,10,oracle_T_K,equal_width,2,0.13333333333333333,0.2,0.1821569481066295,0.0,7
testA,10,oracle_T_K,equal_width,3,0.2,0.26666666666666666,0.24260582470081068,0.20454545454545456,88
testA,10,oracle_T_K,equal_width,4,0.26666666666666666,0.3333333333333333,0.30508523997867404,0.2939068100358423,279
testA,10,oracle_T_K,equal_width,5,0.3333333333333333,0.4,0.36778005657075835,0.32492997198879553,357
testA,10,oracle_T_K,equal_width,6,0.4,0.4666666666666667,0.4331535384829702,0.4353448275862069,464
testA,10,oracle_T_K,equal_width,7,0.4666666666666667,0.5333333333333333,0.499920927842618,0.5331991951710262,497
testA,10,oracle_T_K,equal_width,8,0.5333333333333333,0.6,0.5644176505707406,0.5904365904365905,481
testA,10,oracle_T_K,equal_width,9,0.6,0.6666666666666666,0.6316827413647674,0.6930232558139535,430
testA,10,oracle_T_K,equal_width,10,0.6666666666666666,0.7333333333333333,0.69924753511345,0.7362637362637363,364
testA,10,oracle_T_K,equal_width,11,0.7333333333333333,0.8,0.767047179511804,0.7760532150776053,451
testA,10,oracle_T_K,equal_width,12,0.8,0.8666666666666667,0.8335193779579428,0.8837209302325582,430
testA,10,oracle_T_K,equal_width,13,0.8666666666666667,0.9333333333333333,0.9012880260480269,0.8931297709923665,524
testA,10,oracle_T_K,equal_width,14,0.9333333333333333,1.0,0.9791315722877227,0.9858712715855573,1274
testA,10,oracle_T_K,equal_mass,0,0.0,0.3335631787776947,0.28832467839597387,0.2712765957446808,376
testA,10,oracle_T_K,equal_mass,1,0.3335631787776947,0.40300096571445465,0.36984810280673047,0.32180851063829785,376
testA,10,oracle_T_K,equal_mass,2,0.40300096571445465,0.4556649476289749,0.42994821711939907,0.4376657824933687,377
testA,10,oracle_T_K,equal_mass,3,0.4556649476289749,0.5071114897727966,0.4836461085112805,0.5079787234042553,376
testA,10,oracle_T_K,equal_mass,4,0.5071114897727966,0.557331770658493,0.5318796003845073,0.5596816976127321,377
testA,10,oracle_T_K,equal_mass,5,0.557331770658493,0.6114230155944824,0.5838316698023613,0.6223404255319149,376
testA,10,oracle_T_K,equal_mass,6,0.6114230155944824,0.6719160676002502,0.640634963962626,0.7047872340425532,376
testA,10,oracle_T_K,equal_mass,7,0.6719160676002502,0.7402318120002747,0.7061267028752942,0.726790450928382,377
testA,10,oracle_T_K,equal_mass,8,0.7402318120002747,0.7961529195308685,0.7679456928571066,0.7813333333333333,375
testA,10,oracle_T_K,equal_mass,9,0.7961529195308685,0.8533419072628021,0.8246040601263601,0.873015873015873,378
testA,10,oracle_T_K,equal_mass,10,0.8533419072628021,0.9052960872650146,0.8809161002331591,0.901595744680851,376
testA,10,oracle_T_K,equal_mass,11,0.9052960872650146,0.9493821561336517,0.9278826310913614,0.9202127659574468,376
testA,10,oracle_T_K,equal_mass,12,0.9493821561336517,0.9779250919818878,0.9657361939035612,0.9708222811671088,377
testA,10,oracle_T_K,equal_mass,13,0.9779250919818878,0.9956351220607758,0.987296424806118,0.9920212765957447,376
testA,10,oracle_T_K,equal_mass,14,0.9956351220607758,1.0,0.9987343307831559,1.0,377
testA,20,native,equal_width,0,0.0,0.06666666666666667,0.0,0.0,0
testA,20,native,equal_width,1,0.06666666666666667,0.13333333333333333,0.1251435112208128,0.0,4
testA,20,native,equal_width,2,0.13333333333333333,0.2,0.17621695205389734,0.18674698795180722,166
testA,20,native,equal_width,3,0.2,0.26666666666666666,0.23608788024119245,0.23577235772357724,369
testA,20,native,equal_width,4,0.26666666666666666,0.3333333333333333,0.3016697893112791,0.2777777777777778,558
testA,20,native,equal_width,5,0.3333333333333333,0.4,0.3656942985007461,0.3890845070422535,568
testA,20,native,equal_width,6,0.4,0.4666666666666667,0.4338059016505188,0.47398843930635837,519
testA,20,native,equal_width,7,0.4666666666666667,0.5333333333333333,0.49769062700838146,0.5386138613861386,505
testA,20,native,equal_width,8,0.5333333333333333,0.6,0.5650620078323064,0.6134259259259259,432
testA,20,native,equal_width,9,0.6,0.6666666666666666,0.6332266780316683,0.6486486486486487,407
testA,20,native,equal_width,10,0.6666666666666666,0.7333333333333333,0.6992040682995737,0.7574123989218329,371
testA,20,native,equal_width,11,0.7333333333333333,0.8,0.7653799216435673,0.7933130699088146,329
testA,20,native,equal_width,12,0.8,0.8666666666666667,0.8324196430214916,0.8765060240963856,332
testA,20,native,equal_width,13,0.8666666666666667,0.9333333333333333,0.901503078552264,0.9156908665105387,427
testA,20,native,equal_width,14,0.9333333333333333,1.0,0.9733649097914399,0.9787556904400607,659
testA,20,native,equal_mass,0,0.0,0.2401232197880745,0.20050258044787544,0.2047872340425532,376
testA,20,native,equal_mass,1,0.2401232197880745,0.2941063940525055,0.26988257428115986,0.2632978723404255,376
testA,20,native,equal_mass,2,0.2941063940525055,0.3357127010822296,0.31575547399824433,0.28116710875331563,377
testA,20,native,equal_mass,3,0.3357127010822296,0.38032831251621246,0.3578738550397944,0.40691489361702127,376
testA,20,native,equal_mass,4,0.38032831251621246,0.4270307719707489,0.4042727680832385,0.4270557029177719,377
testA,20,native,equal_mass,5,0.4270307719707489,0.47519390285015106,0.4522026686116736,0.4787234042553192,376
testA,20,native,equal_mass,6,0.47519390285015106,0.5249757468700409,0.4983609814910179,0.5452127659574468,376
testA,20,native,equal_mass,7,0.5249757468700409,0.5792041718959808,0.5526911989447293,0.5809018567639257,377
testA,20,native,equal_mass,8,0.5792041718959808,0.640758603811264,0.6126226954003597,0.6436170212765957,376
testA,20,native,equal_mass,9,0.640758603811264,0.7069531083106995,0.6747622727082958,0.7161803713527851,377
testA,20,native,equal_mass,10,0.7069531083106995,0.780483216047287,0.7433812764096768,0.7898936170212766,376
testA,20,native,equal_mass,11,0.780483216047287,0.8570676743984222,0.8190211340586344,0.864,375
testA,20,native,equal_mass,12,0.8570676743984222,0.920746386051178,0.8903421220325288,0.9153439153439153,378
testA,20,native,equal_mass,13,0.920746386051178,0.9702634215354919,0.947159516175588,0.96,375
testA,20,native,equal_mass,14,0.9702634215354919,1.0,0.9879074719532457,0.9814814814814815,378
testA,20,global_T_corrected,equal_width,0,0.0,0.06666666666666667,0.0,0.0,0
testA,20,global_T_corrected,equal_width,1,0.06666666666666667,0.13333333333333333,0.12483816806759153,0.0,7
testA,20,global_T_corrected,equal_width,2,0.13333333333333333,0.2,0.1747354498050483,0.17733990147783252,203
testA,20,global_T_corrected,equal_width,3,0.2,0.26666666666666666,0.23479543849465928,0.24396135265700483,414
testA,20,global_T_corrected,equal_width,4,0.26666666666666666,0.3333333333333333,0.30030832932399104,0.2955271565495208,626
testA,20,global_T_corrected,equal_width,5,0.3333333333333333,0.4,0.36520965972117014,0.43392857142857144,560
testA,20,global_T_corrected,equal_width,6,0.4,0.4666666666666667,0.4346209115306064,0.4838709677419355,589
testA,20,global_T_corrected,equal_width,7,0.4666666666666667,0.5333333333333333,0.5012929342992878,0.5766738660907127,463
testA,20,global_T_corrected,equal_width,8,0.5333333333333333,0.6,0.5654161781423233,0.6094117647058823,425
testA,20,global_T_corrected,equal_width,9,0.6,0.6666666666666666,0.6311984209436702,0.7149643705463183,421
testA,20,global_T_corrected,equal_width,10,0.6666666666666666,0.7333333333333333,0.7002216266842807,0.7535410764872521,353
testA,20,global_T_corrected,equal_width,11,0.7333333333333333,0.8,0.7681586062535644,0.853125,320
testA,20,global_T_corrected,equal_width,12,0.8,0.8666666666666667,0.8345041608885874,0.8987341772151899,316
testA,20,global_T_corrected,equal_width,13,0.8666666666666667,0.9333333333333333,0.8998628509013359,0.931758530183727,381
testA,20,global_T_corrected,equal_width,14,0.9333333333333333,1.0,0.9713920952988343,0.977112676056338,568
testA,20,global_T_corrected,equal_mass,0,0.0,0.22893180698156357,0.19160933259557536,0.20212765957446807,376
testA,20,global_T_corrected,equal_mass,1,0.22893180698156357,0.2799142748117447,0.2568828909796603,0.27925531914893614,376
testA,20,global_T_corrected,equal_mass,2,0.2799142748117447,0.3205079287290573,0.3006050316345154,0.259946949602122,377
testA,20,global_T_corrected,equal_mass,3,0.3205079287290573,0.3617245852947235,0.34055752552887225,0.425531914893617,376
testA,20,global_T_corrected,equal_mass,4,0.3617245852947235,0.4077354520559311,0.3849705723299588,0.4244031830238727,377
testA,20,global_T_corrected,equal_mass,5,0.4077354520559311,0.4528331607580185,0.43091002407860246,0.48404255319148937,376
testA,20,global_T_corrected,equal_mass,6,0.4528331607580185,0.5025089681148529,0.475684301571009,0.5345744680851063,376
testA,20,global_T_corrected,equal_mass,7,0.5025089681148529,0.5529691576957703,0.5279640734037607,0.6074270557029178,377
testA,20,global_T_corrected,equal_mass,8,0.5529691576957703,0.6135892868041992,0.5851537463195781,0.6303191489361702,376
testA,20,global_T_corrected,equal_mass,9,0.6135892868041992,0.6761676073074341,0.6438168184510593,0.7055702917771883,377
testA,20,global_T_corrected,equal_mass,10,0.6761676073074341,0.7510136365890503,0.7132221216217001,0.7872340425531915,376
testA,20,global_T_corrected,equal_mass,11,0.7510136365890503,0.8294622004032135,0.7907859638650366,0.8643617021276596,376
testA,20,global_T_corrected,equal_mass,12,0.8294622004032135,0.9001248776912689,0.8671894938307037,0.9151193633952255,377
testA,20,global_T_corrected,equal_mass,13,0.9001248776912689,0.9604498744010925,0.9323649288813273,0.9573333333333334,375
testA,20,global_T_corrected,equal_mass,14,0.9604498744010925,1.0,0.9830706537400604,0.9814814814814815,378
testA,20,oracle_T_K,equal_width,0,0.0,0.06666666666666667,0.0,0.0,0
testA,20,oracle_T_K,equal_width,1,0.06666666666666667,0.13333333333333333,0.12636823952198029,0.0,6
testA,20,oracle_T_K,equal_width,2,0.13333333333333333,0.2,0.17578248465588078,0.1878453038674033,181
testA,20,oracle_T_K,equal_width,3,0.2,0.26666666666666666,0.2360082524379498,0.23604060913705585,394
testA,20,oracle_T_K,equal_width,4,0.26666666666666666,0.3333333333333333,0.3017896466007849,0.282312925170068,588
testA,20,oracle_T_K,equal_width,5,0.3333333333333333,0.4,0.3657569300443523,0.4129263913824057,557
testA,20,oracle_T_K,equal_width,6,0.4,0.4666666666666667,0.43380088690254426,0.47962962962962963,540
testA,20,oracle_T_K,equal_width,7,0.4666666666666667,0.5333333333333333,0.49811729902942337,0.5483870967741935,496
testA,20,oracle_T_K,equal_width,8,0.5333333333333333,0.6,0.56466208478606,0.6182669789227166,427
testA,20,oracle_T_K,equal_width,9,0.6,0.6666666666666666,0.6318326473526131,0.681265206812652,411
testA,20,oracle_T_K,equal_width,10,0.6666666666666666,0.7333333333333333,0.6987188600975535,0.7336956521739131,368
testA,20,oracle_T_K,equal_width,11,0.7333333333333333,0.8,0.7658777729324673,0.8354037267080745,322
testA,20,oracle_T_K,equal_width,12,0.8,0.8666666666666667,0.8331349747521537,0.8839285714285714,336
testA,20,oracle_T_K,equal_width,13,0.8666666666666667,0.9333333333333333,0.901865720310632,0.9264705882352942,408
testA,20,oracle_T_K,equal_width,14,0.9333333333333333,1.0,0.9729931245442309,0.9771241830065359,612
testA,20,oracle_T_K,equal_mass,0,0.0,0.23493723571300507,0.19658554103621778,0.2047872340425532,376
testA,20,oracle_T_K,equal_mass,1,0.23493723571300507,0.28782030940055847,0.2641833113070498,0.2712765957446808,376
testA,20,oracle_T_K,equal_mass,2,0.28782030940055847,0.3289857655763626,0.30907022889792446,0.27586206896551724,377
testA,20,oracle_T_K,equal_mass,3,0.3289857655763626,0.37231868505477905,0.3502861845525021,0.4015957446808511,376
testA,20,oracle_T_K,equal_mass,4,0.37231868505477905,0.41859838366508484,0.39583868096614705,0.4323607427055703,377
testA,20,oracle_T_K,equal_mass,5,0.41859838366508484,0.46563373506069183,0.4430308172019786,0.4827586206896552,377
testA,20,oracle_T_K,equal_mass,6,0.46563373506069183,0.5152780115604401,0.4883889225323995,0.5333333333333333,375
testA,20,oracle_T_K,equal_mass,7,0.5152780115604401,0.5669788420200348,0.5418722431918986,0.596816976127321,377
testA,20,oracle_T_K,equal_mass,8,0.5669788420200348,0.6286706626415253,0.6006879782740105,0.6382978723404256,376
testA,20,oracle_T_K,equal_mass,9,0.6286706626415253,0.6939082443714142,0.6612713555126039,0.7082228116710876,377
testA,20,oracle_T_K,equal_mass,10,0.6939082443714142,0.7676941752433777,0.7303655634218074,0.7925531914893617,376
testA,20,oracle_T_K,equal_mass,11,0.7676941752433777,0.8451345860958099,0.8068898485501608,0.864,375
testA,20,oracle_T_K,equal_mass,12,0.8451345860958099,0.9124815165996552,0.8804809236083803,0.9151193633952255,377
testA,20,oracle_T_K,equal_mass,13,0.9124815165996552,0.9663895070552826,0.9410320428701547,0.9602122015915119,377
testA,20,oracle_T_K,equal_mass,14,0.9663895070552826,1.0,0.9860211525418714,0.9814323607427056,377
testA,50,native,equal_width,0,0.0,0.06666666666666667,0.05702126398682594,0.5,2
testA,50,native,equal_width,1,0.06666666666666667,0.13333333333333333,0.11282491959561375,0.11598746081504702,319
testA,50,native,equal_width,2,0.13333333333333333,0.2,0.16928812952371197,0.1793275217932752,803
testA,50,native,equal_width,3,0.2,0.26666666666666666,0.23181832621834972,0.2701711491442543,818
testA,50,native,equal_width,4,0.26666666666666666,0.3333333333333333,0.2994117597556863,0.36518324607329844,764
testA,50,native,equal_width,5,0.3333333333333333,0.4,0.3656107452357729,0.42245989304812837,561
testA,50,native,equal_width,6,0.4,0.4666666666666667,0.4322428686040665,0.5085836909871244,466
testA,50,native,equal_width,7,0.4666666666666667,0.5333333333333333,0.4989148594182113,0.5596816976127321,377
testA,50,native,equal_width,8,0.5333333333333333,0.6,0.5683519253685216,0.6878980891719745,314
testA,50,native,equal_width,9,0.6,0.6666666666666666,0.6331237325119594,0.7619047619047619,252
testA,50,native,equal_width,10,0.6666666666666666,0.7333333333333333,0.6999588905365814,0.8309859154929577,213
testA,50,native,equal_width,11,0.7333333333333333,0.8,0.7674659049394084,0.8333333333333334,204
testA,50,native,equal_width,12,0.8,0.8666666666666667,0.8319618778096305,0.8833333333333333,180
testA,50,native,equal_width,13,0.8666666666666667,0.9333333333333333,0.8986871930814925,0.9285714285714286,168
testA,50,native,equal_width,14,0.9333333333333333,1.0,0.9629881486660097,0.9658536585365853,205
testA,50,native,equal_mass,0,0.0,0.13894064724445343,0.11593584476554013,0.11702127659574468,376
testA,50,native,equal_mass,1,0.13894064724445343,0.1739346757531166,0.15755695540537226,0.1675531914893617,376
testA,50,native,equal_mass,2,0.1739346757531166,0.2002166286110878,0.18623634876401735,0.20689655172413793,377
testA,50,native,equal_mass,3,0.2002166286110878,0.22926754504442215,0.21464218623302084,0.2526595744680851,376
testA,50,native,equal_mass,4,0.22926754504442215,0.26110629737377167,0.2442568492351856,0.2917771883289125,377
testA,50,native,equal_mass,5,0.26110629737377167,0.29316024482250214,0.2767686986542763,0.3351063829787234,376
testA,50,native,equal_mass,6,0.29316024482250214,0.32709358632564545,0.3105402813154332,0.3537234042553192,376
testA,50,native,equal_mass,7,0.32709358632564545,0.3684936612844467,0.3467732720887313,0.4403183023872679,377
testA,50,native,equal_mass,8,0.3684936612844467,0.4166516214609146,0.39115782185120784,0.43351063829787234,376
testA,50,native,equal_mass,9,0.4166516214609146,0.47148455679416656,0.4429947461942779,0.5251989389920424,377
testA,50,native,equal_mass,10,0.47148455679416656,0.5392856895923615,0.5043857508992895,0.5585106382978723,376
testA,50,native,equal_mass,11,0.5392856895923615,0.6250568330287933,0.5817380618858845,0.699468085106383,376
testA,50,native,equal_mass,12,0.6250568330287933,0.7342006266117096,0.6769700708060429,0.8116710875331565,377
testA,50,native,equal_mass,13,0.7342006266117096,0.8655022978782654,0.7976508432246269,0.8563829787234043,376
testA,50,native,equal_mass,14,0.8655022978782654,1.0,0.9333067218568027,0.9496021220159151,377
testA,50,global_T_corrected,equal_width,0,0.0,0.06666666666666667,0.05839246635635694,0.3333333333333333,3
testA,50,global_T_corrected,equal_width,1,0.06666666666666667,0.13333333333333333,0.11117744336233419,0.11519607843137254,408
testA,50,global_T_corrected,equal_width,2,0.13333333333333333,0.2,0.16853176219236032,0.1984478935698448,902
testA,50,global_T_corrected,equal_width,3,0.2,0.26666666666666666,0.23265345742882684,0.29651162790697677,860
testA,50,global_T_corrected,equal_width,4,0.26666666666666666,0.3333333333333333,0.2982856702642376,0.4,735
testA,50,global_T_corrected,equal_width,5,0.3333333333333333,0.4,0.3646302472827208,0.4416058394160584,548
testA,50,global_T_corrected,equal_width,6,0.4,0.4666666666666667,0.43084006967348876,0.5485961123110151,463
testA,50,global_T_corrected,equal_width,7,0.4666666666666667,0.5333333333333333,0.4977080382473037,0.5875370919881305,337
testA,50,global_T_corrected,equal_width,8,0.5333333333333333,0.6,0.5637728874800635,0.7147540983606557,305
testA,50,global_T_corrected,equal_width,9,0.6,0.6666666666666666,0.6314140742023786,0.8083333333333333,240
testA,50,global_T_corrected,equal_width,10,0.6666666666666666,0.7333333333333333,0.7004075565775811,0.8115942028985508,207
testA,50,global_T_corrected,equal_width,11,0.7333333333333333,0.8,0.767148291176938,0.8670212765957447,188
testA,50,global_T_corrected,equal_width,12,0.8,0.8666666666666667,0.8354260122928864,0.8910256410256411,156
testA,50,global_T_corrected,equal_width,13,0.8666666666666667,0.9333333333333333,0.9047404504441595,0.9545454545454546,154
testA,50,global_T_corrected,equal_width,14,0.9333333333333333,1.0,0.9627351292542049,0.9714285714285714,140
testA,50,global_T_corrected,equal_mass,0,0.0,0.12991565465927124,0.10884246635349824,0.11170212765957446,376
testA,50,global_T_corrected,equal_mass,1,0.12991565465927124,0.16268083453178406,0.14732122310298554,0.17287234042553193,376
testA,50,global_T_corrected,equal_mass,2,0.16268083453178406,0.18714667111635208,0.17404725673344154,0.21220159151193635,377
testA,50,global_T_corrected,equal_mass,3,0.18714667111635208,0.2137141153216362,0.20063602670710137,0.2553191489361702,376
testA,50,global_T_corrected,equal_mass,4,0.2137141153216362,0.24364907294511795,0.22819567228660026,0.27320954907161804,377
testA,50,global_T_corrected,equal_mass,5,0.24364907294511795,0.2739725708961487,0.2586008099482415,0.34574468085106386,376
testA,50,global_T_corrected,equal_mass,6,0.2739725708961487,0.3041958510875702,0.28974167685559454,0.35638297872340424,376
testA,50,global_T_corrected,equal_mass,7,0.3041958510875702,0.3441639542579651,0.3242103485118805,0.4403183023872679,377
testA,50,global_T_corrected,equal_mass,8,0.3441639542579651,0.3896917402744293,0.3661621583110474,0.4521276595744681,376
testA,50,global_T_corrected,equal_mass,9,0.3896917402744293,0.44250859320163727,0.4145489292372443,0.506631299734748,377
testA,50,global_T_corrected,equal_mass,10,0.44250859320163727,0.5079871416091919,0.472832266716881,0.574468085106383,376
testA,50,global_T_corrected,equal_mass,11,0.5079871416091919,0.5876187980175018,0.5468076069621329,0.6914893617021277,376
testA,50,global_T_corrected,equal_mass,12,0.5876187980175018,0.6952979862689972,0.6386295285085785,0.8010610079575596,377
testA,50,global_T_corrected,equal_mass,13,0.6952979862689972,0.8347641825675964,0.7613424965540568,0.8586666666666667,375
testA,50,global_T_corrected,equal_mass,14,0.8347641825675964,1.0,0.9143259935278111,0.9470899470899471,378
testA,50,oracle_T_K,equal_width,0,0.0,0.06666666666666667,0.057167643681168556,0.5,2
testA,50,oracle_T_K,equal_width,1,0.06666666666666667,0.13333333333333333,0.11318791072451354,0.1167192429022082,317
testA,50,oracle_T_K,equal_width,2,0.13333333333333333,0.2,0.16959659517186243,0.17861635220125785,795
testA,50,oracle_T_K,equal_width,3,0.2,0.26666666666666666,0.23199575370652417,0.26838235294117646,816
testA,50,oracle_T_K,equal_width,4,0.26666666666666666,0.3333333333333333,0.2996237968019994,0.3639947437582129,761
testA,50,oracle_T_K,equal_width,5,0.3333333333333333,0.4,0.36528339180895075,0.42473118279569894,558
testA,50,oracle_T_K,equal_width,6,0.4,0.4666666666666667,0.4320005108849511,0.5031847133757962,471
testA,50,oracle_T_K,equal_width,7,0.4666666666666667,0.5333333333333333,0.4985929015477498,0.5493333333333333,375
testA,50,oracle_T_K,equal_width,8,0.5333333333333333,0.6,0.5671017421830085,0.6806451612903226,310
testA,50,oracle_T_K,equal_width,9,0.6,0.6666666666666666,0.632589404296158,0.7631578947368421,266
testA,50,oracle_T_K,equal_width,10,0.6666666666666666,0.7333333333333333,0.7013631063838338,0.8325581395348837,215
testA,50,oracle_T_K,equal_width,11,0.7333333333333333,0.8,0.7683042362332344,0.83,200
testA,50,oracle_T_K,equal_width,12,0.8,0.8666666666666667,0.8320400050053229,0.8846153846153846,182
testA,50,oracle_T_K,equal_width,13,0.8666666666666667,0.9333333333333333,0.8989733436651397,0.9298245614035088,171
testA,50,oracle_T_K,equal_width,14,0.9333333333333333,1.0,0.9634808466054391,0.966183574879227,207
testA,50,oracle_T_K,equal_mass,0,0.0,0.13967567682266235,0.11644260114692945,0.11702127659574468,376
testA,50,oracle_T_K,equal_mass,1,0.13967567682266235,0.1748136281967163,0.15828303762889923,0.1675531914893617,376
testA,50,oracle_T_K,equal_mass,2,0.1748136281967163,0.2012845203280449,0.18710095002575325,0.20159151193633953,377
testA,50,oracle_T_K,equal_mass,3,0.2012845203280449,0.23030345141887665,0.21563302257910688,0.2553191489361702,376
testA,50,oracle_T_K,equal_mass,4,0.23030345141887665,0.26225653290748596,0.2453920267304944,0.29442970822281167,377
testA,50,oracle_T_K,equal_mass,5,0.26225653290748596,0.29459038376808167,0.27806542472953494,0.3377659574468085,376
testA,50,oracle_T_K,equal_mass,6,0.29459038376808167,0.32886819541454315,0.3119879888885833,0.3537234042553192,376
testA,50,oracle_T_K,equal_mass,7,0.32886819541454315,0.3703586012125015,0.3483672319103615,0.4376657824933687,377
testA,50,oracle_T_K,equal_mass,8,0.3703586012125015,0.4183591306209564,0.3929219455953608,0.43351063829787234,376
testA,50,oracle_T_K,equal_mass,9,0.4183591306209564,0.4733109772205353,0.444970696374023,0.5251989389920424,377
testA,50,oracle_T_K,equal_mass,10,0.4733109772205353,0.5412303507328033,0.5065817156846218,0.5558510638297872,376
testA,50,oracle_T_K,equal_mass,11,0.5412303507328033,0.6274184882640839,0.5840326782862345,0.696,375
testA,50,oracle_T_K,equal_mass,12,0.6274184882640839,0.736836314201355,0.679450822885705,0.8174603174603174,378
testA,50,oracle_T_K,equal_mass,13,0.736836314201355,0.8674608469009399,0.800027201784418,0.8563829787234043,376
testA,50,oracle_T_K,equal_mass,14,0.8674608469009399,1.0,0.9344779449053089,0.9496021220159151,377
testB,5,native,equal_width,0,0.0,0.06666666666666667,0.0,0.0,0
testB,5,native,equal_width,1,0.06666666666666667,0.13333333333333333,0.0,0.0,0
testB,5,native,equal_width,2,0.13333333333333333,0.2,0.0,0.0,0
testB,5,native,equal_width,3,0.2,0.26666666666666666,0.2472107745707035,0.0,4
testB,5,native,equal_width,4,0.26666666666666666,0.3333333333333333,0.3109641855413264,0.2727272727272727,55
testB,5,native,equal_width,5,0.3333333333333333,0.4,0.3705111142751333,0.2864864864864865,185
testB,5,native,equal_width,6,0.4,0.4666666666666667,0.4342073850183679,0.40268456375838924,298
testB,5,native,equal_width,7,0.4666666666666667,0.5333333333333333,0.5009149518181227,0.5158150851581509,411
testB,5,native,equal_width,8,0.5333333333333333,0.6,0.565639546618742,0.5388235294117647,425
testB,5,native,equal_width,9,0.6,0.6666666666666666,0.6324316053014053,0.6026315789473684,380
testB,5,native,equal_width,10,0.6666666666666666,0.7333333333333333,0.6985173128960304,0.6710875331564987,377
testB,5,native,equal_width,11,0.7333333333333333,0.8,0.7656982064574629,0.760989010989011,364
testB,5,native,equal_width,12,0.8,0.8666666666666667,0.8335025806930407,0.841642228739003,341
testB,5,native,equal_width,13,0.8666666666666667,0.9333333333333333,0.901448921510375,0.8840262582056893,457
testB,5,native,equal_width,14,0.9333333333333333,1.0,0.9805306939162697,0.9724497393894267,1343
testB,5,native,equal_mass,0,0.0,0.41510193049907684,0.36614060339225535,0.28802588996763756,309
testB,5,native,equal_mass,1,0.41510193049907684,0.47906753420829773,0.4494723800123702,0.459546925566343,309
testB,5,native,equal_mass,2,0.47906753420829773,0.5297084152698517,0.5051646739244461,0.4967741935483871,310
testB,5,native,equal_mass,3,0.5297084152698517,0.5757081806659698,0.5525784563863934,0.5210355987055016,309
testB,5,native,equal_mass,4,0.5757081806659698,0.6277222037315369,0.6021373619153662,0.5663430420711975,309
testB,5,native,equal_mass,5,0.6277222037315369,0.679727166891098,0.6553759722940383,0.6612903225806451,310
testB,5,native,equal_mass,6,0.679727166891098,0.7372111976146698,0.7101180260235438,0.6731391585760518,309
testB,5,native,equal_mass,7,0.7372111976146698,0.7952052652835846,0.7660853023667937,0.7605177993527508,309
testB,5,native,equal_mass,8,0.7952052652835846,0.8564368486404419,0.8256386856878958,0.8129032258064516,310
testB,5,native,equal_mass,9,0.8564368486404419,0.9080064594745636,0.8819046761225728,0.919093851132686,309
testB,5,native,equal_mass,10,0.9080064594745636,0.9440693855285645,0.9262951624046252,0.8737864077669902,309
testB,5,native,equal_mass,11,0.9440693855285645,0.9711263477802277,0.9582676722157386,0.9451612903225807,310
testB,5,native,equal_mass,12,0.9711263477802277,0.9906269609928131,0.9820607347147805,0.974025974025974,308
testB,5,native,equal_mass,13,0.9906269609928131,0.9994262158870697,0.9961055421060131,0.9903225806451613,310
testB,5,native,equal_mass,14,0.9994262158870697,1.0,0.9998817805320986,1.0,310
testB,5,global_T_corrected,equal_width,0,0.0,0.06666666666666667,0.0,0.0,0
testB,5,global_T_corrected,equal_width,1,0.06666666666666667,0.13333333333333333,0.0,0.0,0
testB,5,global_T_corrected,equal_width,2,0.13333333333333333,0.2,0.0,0.0,0
testB,5,global_T_corrected,equal_width,3,0.2,0.26666666666666666,0.2486455261707306,0.2,5
testB,5,global_T_corrected,equal_width,4,0.26666666666666666,0.3333333333333333,0.3098302367143333,0.25,64
testB,5,global_T_corrected,equal_width,5,0.3333333333333333,0.4,0.37030871567922996,0.2981651376146789,218
testB,5,global_T_corrected,equal_width,6,0.4,0.4666666666666667,0.43502521159452034,0.44954128440366975,327
testB,5,global_T_corrected,equal_width,7,0.4666666666666667,0.5333333333333333,0.5009931276125067,0.48705882352941177,425
testB,5,global_T_corrected,equal_width,8,0.5333333333333333,0.6,0.5649358334175351,0.5643340857787811,443
testB,5,global_T_corrected,equal_width,9,0.6,0.6666666666666666,0.6335053873178152,0.6301703163017032,411
testB,5,global_T_corrected,equal_width,10,0.6666666666666666,0.7333333333333333,0.700240890631515,0.6910112359550562,356
testB,5,global_T_corrected,equal_width,11,0.7333333333333333,0.8,0.7649380668421477,0.787292817679558,362
testB,5,global_T_corrected,equal_width,12,0.8,0.8666666666666667,0.8343339151230411,0.8782608695652174,345
testB,5,global_T_corrected,equal_width,13,0.8666666666666667,0.9333333333333333,0.902550797806677,0.8895966029723992,471
testB,5,global_T_corrected,equal_width,14,0.9333333333333333,1.0,0.980416113546046,0.9785655399835119,1213
testB,5,global_T_corrected,equal_mass,0,0.0,0.4047243148088455,0.35811871116601146,0.284789644012945,309
testB,5,global_T_corrected,equal_mass,1,0.4047243148088455,0.4670521467924118,0.4377408242727175,0.4627831715210356,309
testB,5,global_T_corrected,equal_mass,2,0.4670521467924118,0.5170979797840118,0.49285358594309897,0.5032258064516129,310
testB,5,global_T_corrected,equal_mass,3,0.5170979797840118,0.5614867806434631,0.5386026671403434,0.5016181229773463,309
testB,5,global_T_corrected,equal_mass,4,0.5614867806434631,0.61179119348526,0.5853413547898574,0.5889967637540453,309
testB,5,global_T_corrected,equal_mass,5,0.61179119348526,0.659423828125,0.6357348386318453,0.6483870967741936,310
testB,5,global_T_corrected,equal_mass,6,0.659423828125,0.7156128883361816,0.6891363565023844,0.6753246753246753,308
testB,5,global_T_corrected,equal_mass,7,0.7156128883361816,0.7723307907581329,0.7438708709132287,0.7612903225806451,310
testB,5,global_T_corrected,equal_mass,8,0.7723307907581329,0.8348369002342224,0.8041161906334662,0.8193548387096774,310
testB,5,global_T_corrected,equal_mass,9,0.8348369002342224,0.8904154896736145,0.8633070752072874,0.912621359223301,309
testB,5,global_T_corrected,equal_mass,10,0.8904154896736145,0.930178314447403,0.9109713834466286,0.8737864077669902,309
testB,5,global_T_corrected,equal_mass,11,0.930178314447403,0.9627659022808075,0.9475550007435584,0.9419354838709677,310
testB,5,global_T_corrected,equal_mass,12,0.9627659022808075,0.9868567883968353,0.9760814604249973,0.9773462783171522,309
testB,5,global_T_corrected,equal_mass,13,0.9868567883968353,0.9990306198596954,0.9943153883342619,0.9902597402597403,308
testB,5,global_T_corrected,equal_mass,14,0.9990306198596954,1.0,0.9997841849971048,1.0,311
testB,5,oracle_T_K,equal_width,0,0.0,0.06666666666666667,0.0,0.0,0
testB,5,oracle_T_K,equal_width,1,0.06666666666666667,0.13333333333333333,0.0,0.0,0
testB,5,oracle_T_K,equal_width,2,0.13333333333333333,0.2,0.0,0.0,0
testB,5,oracle_T_K,equal_width,3,0.2,0.26666666666666666,0.24804230630397797,0.2,5
testB,5,oracle_T_K,equal_width,4,0.26666666666666666,0.3333333333333333,0.31041256586710614,0.2318840579710145,69
testB,5,oracle_T_K,equal_width,5,0.3333333333333333,0.4,0.37049031621730166,0.3031674208144796,221
testB,5,oracle_T_K,equal_width,6,0.4,0.4666666666666667,0.4351339375688916,0.45535714285714285,336
testB,5,oracle_T_K,equal_width,7,0.4666666666666667,0.5333333333333333,0.5010919482567731,0.49176470588235294,425
testB,5,oracle_T_K,equal_width,8,0.5333333333333333,0.6,0.5643103269368208,0.5643340857787811,443
testB,5,oracle_T_K,equal_width,9,0.6,0.6666666666666666,0.6322141441272932,0.6332518337408313,409
testB,5,oracle_T_K,equal_width,10,0.6666666666666666,0.7333333333333333,0.7000553822645577,0.6881720430107527,372
testB,5,oracle_T_K,equal_width,11,0.7333333333333333,0.8,0.7650662846224648,0.7971428571428572,350
testB,5,oracle_T_K,equal_width,12,0.8,0.8666666666666667,0.8342333295066812,0.8917378917378918,351
testB,5,oracle_T_K,equal_width,13,0.8666666666666667,0.9333333333333333,0.9026012291299536,0.8914893617021277,470
testB,5,oracle_T_K,equal_width,14,0.9333333333333333,1.0,0.9803550727634093,0.9781328847771237,1189
testB,5,oracle_T_K,equal_mass,0,0.0,0.40260180830955505,0.3565056471087786,0.284789644012945,309
testB,5,oracle_T_K,equal_mass,1,0.40260180830955505,0.4646458476781845,0.43536563868661526,0.45307443365695793,309
testB,5,oracle_T_K,equal_mass,2,0.4646458476781845,0.5146351158618927,0.4903188220916256,0.5096774193548387,310
testB,5,oracle_T_K,equal_mass,3,0.5146351158618927,0.5582787096500397,0.5357750372593457,0.5048543689320388,309
testB,5,oracle_T_K,equal_mass,4,0.5582787096500397,0.6082002818584442,0.5819726447457249,0.5857605177993528,309
testB,5,oracle_T_K,equal_mass,5,0.6082002818584442,0.6561410129070282,0.6317725889144405,0.6548387096774193,310
testB,5,oracle_T_K,equal_mass,6,0.6561410129070282,0.711044192314148,0.6849790159552614,0.6699029126213593,309
testB,5,oracle_T_K,equal_mass,7,0.711044192314148,0.7676806449890137,0.7394254356140457,0.7605177993527508,309
testB,5,oracle_T_K,equal_mass,8,0.7676806449890137,0.8301801979541779,0.7996149334215349,0.8225806451612904,310
testB,5,oracle_T_K,equal_mass,9,0.8301801979541779,0.8864827752113342,0.8593464341364246,0.912621359223301,309
testB,5,oracle_T_K,equal_mass,10,0.8864827752113342,0.9272007346153259,0.9076173930492216,0.8737864077669902,309
testB,5,oracle_T_K,equal_mass,11,0.9272007346153259,0.9610051214694977,0.9451538843493308,0.9419354838709677,310
testB,5,oracle_T_K,equal_mass,12,0.9610051214694977,0.9859270453453064,0.9746811085148537,0.9773462783171522,309
testB,5,oracle_T_K,equal_mass,13,0.9859270453453064,0.9989144802093506,0.9938729130602503,0.9902597402597403,308
testB,5,oracle_T_K,equal_mass,14,0.9989144802093506,1.0,0.9997575212138259,1.0,311
testB,10,native,equal_width,0,0.0,0.06666666666666667,0.0,0.0,0
testB,10,native,equal_width,1,0.06666666666666667,0.13333333333333333,0.0,0.0,0
testB,10,native,equal_width,2,0.13333333333333333,0.2,0.18700395027796426,0.19047619047619047,21
testB,10,native,equal_width,3,0.2,0.26666666666666666,0.24035431364098112,0.21621621621621623,185
testB,10,native,equal_width,4,0.26666666666666666,0.3333333333333333,0.3029729289713726,0.2661290322580645,372
testB,10,native,equal_width,5,0.3333333333333333,0.4,0.36827872830704167,0.3493723849372385,478
testB,10,native,equal_width,6,0.4,0.4666666666666667,0.4333445622463419,0.4161616161616162,495
testB,10,native,equal_width,7,0.4666666666666667,0.5333333333333333,0.5001517541451713,0.5412474849094567,497
testB,10,native,equal_width,8,0.5333333333333333,0.6,0.5654200298240386,0.5662650602409639,415
testB,10,native,equal_width,9,0.6,0.6666666666666666,0.6331327734813745,0.5860058309037901,343
testB,10,native,equal_width,10,0.6666666666666666,0.7333333333333333,0.6991964363436985,0.6848137535816619,349
testB,10,native,equal_width,11,0.7333333333333333,0.8,0.7648751810714082,0.7727272727272727,286
testB,10,native,equal_width,12,0.8,0.8666666666666667,0.8322148299608074,0.8131147540983606,305
testB,10,native,equal_width,13,0.8666666666666667,0.9333333333333333,0.8995813923041509,0.8936170212765957,329
testB,10,native,equal_width,14,0.9333333333333333,1.0,0.9778627196244434,0.9575221238938053,565
testB,10,native,equal_mass,0,0.0,0.2875758558511734,0.2492809298065488,0.2297734627831715,309
testB,10,native,equal_mass,1,0.2875758558511734,0.3414457142353058,0.31576061287358353,0.2750809061488673,309
testB,10,native,equal_mass,2,0.3414457142353058,0.3836399018764496,0.3625516627104052,0.34838709677419355,310
testB,10,native,equal_mass,3,0.3836399018764496,0.4241671711206436,0.4035027383986414,0.3851132686084142,309
testB,10,native,equal_mass,4,0.4241671711206436,0.4653985798358917,0.4454388411106801,0.42071197411003236,309
testB,10,native,equal_mass,5,0.4653985798358917,0.5082639455795288,0.4872573917911899,0.532258064516129,310
testB,10,native,equal_mass,6,0.5082639455795288,0.5516801178455353,0.5284901762857406,0.540453074433657,309
testB,10,native,equal_mass,7,0.5516801178455353,0.6022025942802429,0.5754462854761908,0.5825242718446602,309
testB,10,native,equal_mass,8,0.6022025942802429,0.6613350212574005,0.63208105410299,0.6,310
testB,10,native,equal_mass,9,0.6613350212574005,0.7216484546661377,0.6909252866186371,0.6537216828478964,309
testB,10,native,equal_mass,10,0.7216484546661377,0.7874923348426819,0.7538302849411579,0.7540453074433657,309
testB,10,native,equal_mass,11,0.7874923348426819,0.8592776656150818,0.8240457025266463,0.8290322580645161,310
testB,10,native,equal_mass,12,0.8592776656150818,0.9207173883914948,0.8906141479038497,0.8705501618122977,309
testB,10,native,equal_mass,13,0.9207173883914948,0.9794319272041321,0.9522858449170505,0.941747572815534,309
testB,10,native,equal_mass,14,0.9794319272041321,1.0,0.9945867744184309,0.9709677419354839,310
testB,10,global_T_corrected,equal_width,0,0.0,0.06666666666666667,0.0,0.0,0
testB,10,global_T_corrected,equal_width,1,0.06666666666666667,0.13333333333333333,0.0,0.0,0
testB,10,global_T_corrected,equal_width,2,0.13333333333333333,0.2,0.18715287605300546,0.1875,32
testB,10,global_T_corrected,equal_width,3,0.2,0.26666666666666666,0.2397067986883468,0.22535211267605634,213
testB,10,global_T_corrected,equal_width,4,0.26666666666666666,0.3333333333333333,0.3017665350582541,0.2804878048780488,410
testB,10,global_T_corrected,equal_width,5,0.3333333333333333,0.4,0.3672885670837036,0.35969868173258,531
testB,10,global_T_corrected,equal_width,6,0.4,0.4666666666666667,0.43365594762563703,0.452,500
testB,10,global_T_corrected,equal_width,7,0.4666666666666667,0.5333333333333333,0.5000300161773339,0.55859375,512
testB,10,global_T_corrected,equal_width,8,0.5333333333333333,0.6,0.5642877630987192,0.5721784776902887,381
testB,10,global_T_corrected,equal_width,9,0.6,0.6666666666666666,0.6328675849957669,0.601063829787234,376
testB,10,global_T_corrected,equal_width,10,0.6666666666666666,0.7333333333333333,0.6998550376774352,0.7314814814814815,324
testB,10,global_T_corrected,equal_width,11,0.7333333333333333,0.8,0.7672089130805214,0.7815699658703071,293
testB,10,global_T_corrected,equal_width,12,0.8,0.8666666666666667,0.8342906590417135,0.8561151079136691,278
testB,10,global_T_corrected,equal_width,13,0.8666666666666667,0.9333333333333333,0.8986217230053272,0.9084745762711864,295
testB,10,global_T_corrected,equal_width,14,0.9333333333333333,1.0,0.977806463867727,0.9616161616161616,495
testB,10,global_T_corrected,equal_mass,0,0.0,0.2778226286172867,0.24100234998468442,0.22653721682847897,309
testB,10,global_T_corrected,equal_mass,1,0.2778226286172867,0.3281010091304779,0.30441276820732166,0.28802588996763756,309
testB,10,global_T_corrected,equal_mass,2,0.3281010091304779,0.3680819571018219,0.34849054428838916,0.34516129032258064,310
testB,10,global_T_corrected,equal_mass,3,0.3680819571018219,0.4090571850538254,0.3879619830055916,0.3786407766990291,309
testB,10,global_T_corrected,equal_mass,4,0.4090571850538254,0.44704678654670715,0.42761798911881677,0.42071197411003236,309
testB,10,global_T_corrected,equal_mass,5,0.44704678654670715,0.4888613522052765,0.469069956579516,0.5258064516129032,310
testB,10,global_T_corrected,equal_mass,6,0.4888613522052765,0.5302214324474335,0.5084080372041869,0.5792880258899676,309
testB,10,global_T_corrected,equal_mass,7,0.5302214324474335,0.5776636302471161,0.5525520669603811,0.5469255663430421,309
testB,10,global_T_corrected,equal_mass,8,0.5776636302471161,0.6380780041217804,0.607893798235924,0.5870967741935483,310
testB,10,global_T_corrected,equal_mass,9,0.6380780041217804,0.6945575177669525,0.6646314678068685,0.6796116504854369,309
testB,10,global_T_corrected,equal_mass,10,0.6945575177669525,0.7613039016723633,0.7265861061398651,0.7346278317152104,309
testB,10,global_T_corrected,equal_mass,11,0.7613039016723633,0.8354582488536835,0.7983323185674606,0.8483870967741935,310
testB,10,global_T_corrected,equal_mass,12,0.8354582488536835,0.9014983475208282,0.8695136707963296,0.8640776699029126,309
testB,10,global_T_corrected,equal_mass,13,0.9014983475208282,0.9722622334957123,0.9392950945687526,0.9385113268608414,309
testB,10,global_T_corrected,equal_mass,14,0.9722622334957123,1.0,0.9923085479967055,0.9709677419354839,310
testB,10,oracle_T_K,equal_width,0,0.0,0.06666666666666667,0.0,0.0,0
testB,10,oracle_T_K,equal_width,1,0.06666666666666667,0.13333333333333333,0.0,0.0,0
testB,10,oracle_T_K,equal_width,2,0.13333333333333333,0.2,0.1874447613954544,0.1935483870967742,31
testB,10,oracle_T_K,equal_width,3,0.2,0.26666666666666666,0.24018620067580615,0.22748815165876776,211
testB,10,oracle_T_K,equal_width,4,0.26666666666666666,0.3333333333333333,0.3017760571373168,0.27638190954773867,398
testB,10,oracle_T_K,equal_width,5,0.3333333333333333,0.4,0.3672258313534395,0.360377358490566,530
testB,10,oracle_T_K,equal_width,6,0.4,0.4666666666666667,0.43353236664927775,0.4415322580645161,496
testB,10,oracle_T_K,equal_width,7,0.4666666666666667,0.5333333333333333,0.49951635230435687,0.5612648221343873,506
testB,10,oracle_T_K,equal_width,8,0.5333333333333333,0.6,0.5642492135967871,0.5681818181818182,396
testB,10,oracle_T_K,equal_width,9,0.6,0.6666666666666666,0.6340585907300313,0.6106666666666667,375
testB,10,oracle_T_K,equal_width,10,0.6666666666666666,0.7333333333333333,0.6995591007364101,0.7275641025641025,312
testB,10,oracle_T_K,equal_width,11,0.7333333333333333,0.8,0.7656446848366711,0.7567567567567568,296
testB,10,oracle_T_K,equal_width,12,0.8,0.8666666666666667,0.8337091580033302,0.8576388888888888,288
testB,10,oracle_T_K,equal_width,13,0.8666666666666667,0.9333333333333333,0.8994794302428795,0.9072847682119205,302
testB,10,oracle_T_K,equal_width,14,0.9333333333333333,1.0,0.9782276259873338,0.9619238476953907,499
testB,10,oracle_T_K,equal_mass,0,0.0,0.27913008630275726,0.2420587233933816,0.22653721682847897,309
testB,10,oracle_T_K,equal_mass,1,0.27913008630275726,0.32981908321380615,0.3058663003845894,0.28802588996763756,309
testB,10,oracle_T_K,equal_mass,2,0.32981908321380615,0.3701415956020355,0.3502887543170683,0.34516129032258064,310
testB,10,oracle_T_K,equal_mass,3,0.3701415956020355,0.41132812201976776,0.38996628476578055,0.3818770226537217,309
testB,10,oracle_T_K,equal_mass,4,0.41132812201976776,0.4494627118110657,0.429892981611795,0.4110032362459547,309
testB,10,oracle_T_K,equal_mass,5,0.4494627118110657,0.49076172709465027,0.47144986506431336,0.5419354838709678,310
testB,10,oracle_T_K,equal_mass,6,0.49076172709465027,0.5328561067581177,0.5109984526549343,0.56957928802589,309
testB,10,oracle_T_K,equal_mass,7,0.5328561067581177,0.5809197425842285,0.5554938335634744,0.5469255663430421,309
testB,10,oracle_T_K,equal_mass,8,0.5809197425842285,0.641701877117157,0.6110142532856234,0.5903225806451613,310
testB,10,oracle_T_K,equal_mass,9,0.641701877117157,0.6977324187755585,0.6680500003898028,0.6699029126213593,309
testB,10,oracle_T_K,equal_mass,10,0.6977324187755585,0.7652437090873718,0.7301281586434077,0.7411003236245954,309
testB,10,oracle_T_K,equal_mass,11,0.7652437090873718,0.8386073410511017,0.8017429745966388,0.8451612903225807,310
testB,10,oracle_T_K,equal_mass,12,0.8386073410511017,0.903925359249115,0.8723788649133108,0.8673139158576052,309
testB,10,oracle_T_K,equal_mass,13,0.903925359249115,0.9732767641544342,0.9411060333637744,0.9385113268608414,309
testB,10,oracle_T_K,equal_mass,14,0.9732767641544342,1.0,0.9926433645909832,0.9709677419354839,310
testB,20,native,equal_width,0,0.0,0.06666666666666667,0.0,0.0,0
testB,20,native,equal_width,1,0.06666666666666667,0.13333333333333333,0.12264192127622664,0.125,32
testB,20,native,equal_width,2,0.13333333333333333,0.2,0.17366854895015493,0.1758957654723127,307
testB,20,native,equal_width,3,0.2,0.26666666666666666,0.2346766097370044,0.22635658914728682,645
testB,20,native,equal_width,4,0.26666666666666666,0.3333333333333333,0.29947440207681875,0.2741477272727273,704
testB,20,native,equal_width,5,0.3333333333333333,0.4,0.36463263035829097,0.4179357021996616,591
testB,20,native,equal_width,6,0.4,0.4666666666666667,0.43175276622596376,0.4685466377440347,461
testB,20,native,equal_width,7,0.4666666666666667,0.5333333333333333,0.4984486825705204,0.5461741424802111,379
testB,20,native,equal_width,8,0.5333333333333333,0.6,0.5646728793780009,0.5733333333333334,300
testB,20,native,equal_width,9,0.6,0.6666666666666666,0.6324016982727205,0.6761133603238867,247
testB,20,native,equal_width,10,0.6666666666666666,0.7333333333333333,0.6976470580058438,0.7544642857142857,224
testB,20,native,equal_width,11,0.7333333333333333,0.8,0.767431217864905,0.770949720670391,179
testB,20,native,equal_width,12,0.8,0.8666666666666667,0.8330481073813524,0.8622754491017964,167
testB,20,native,equal_width,13,0.8666666666666667,0.9333333333333333,0.8973308411511508,0.9151515151515152,165
testB,20,native,equal_width,14,0.9333333333333333,1.0,0.9739857363401596,0.9456066945606695,239
testB,20,native,equal_mass,0,0.0,0.1958186775445938,0.16605723991652524,0.1650485436893204,309
testB,20,native,equal_mass,1,0.1958186775445938,0.22952180355787277,0.21401154498259226,0.23300970873786409,309
testB,20,native,equal_mass,2,0.22952180355787277,0.2621377259492874,0.24630651502839981,0.2032258064516129,310
testB,20,native,equal_mass,3,0.2621377259492874,0.2904943823814392,0.27546066084340165,0.28802588996763756,309
testB,20,native,equal_mass,4,0.2904943823814392,0.3194638192653656,0.3048792815131277,0.2815533980582524,309
testB,20,native,equal_mass,5,0.3194638192653656,0.35017533600330353,0.33427884703682315,0.3419354838709677,310
testB,20,native,equal_mass,6,0.35017533600330353,0.3855915069580078,0.36712468056231257,0.42718446601941745,309
testB,20,native,equal_mass,7,0.3855915069580078,0.42559967935085297,0.4050837376164001,0.42718446601941745,309
testB,20,native,equal_mass,8,0.42559967935085297,0.47411324083805084,0.4493486346737031,0.47419354838709676,310
testB,20,native,equal_mass,9,0.47411324083805084,0.5277096331119537,0.4997938464374604,0.540453074433657,309
testB,20,native,equal_mass,10,0.5277096331119537,0.5963248908519745,0.5599557317576362,0.5825242718446602,309
testB,20,native,equal_mass,11,0.5963248908519745,0.6799736618995667,0.6365325437438103,0.6806451612903226,310
testB,20,native,equal_mass,12,0.6799736618995667,0.7822383344173431,0.7271098197470977,0.7831715210355987,309
testB,20,native,equal_mass,13,0.7822383344173431,0.8999592065811157,0.8422926645062888,0.8543689320388349,309
testB,20,native,equal_mass,14,0.8999592065811157,1.0,0.9603330710241872,0.9387096774193548,310
testB,20,global_T_corrected,equal_width,0,0.0,0.06666666666666667,0.0,0.0,0
testB,20,global_T_corrected,equal_width,1,0.06666666666666667,0.13333333333333333,0.12084032631501919,0.0975609756097561,41
testB,20,global_T_corrected,equal_width,2,0.13333333333333333,0.2,0.1731438898525313,0.18848167539267016,382
testB,20,global_T_corrected,equal_width,3,0.2,0.26666666666666666,0.2344979563285948,0.25102880658436216,729
testB,20,global_T_corrected,equal_width,4,0.26666666666666666,0.3333333333333333,0.2997091815267196,0.3029045643153527,723
testB,20,global_T_corrected,equal_width,5,0.3333333333333333,0.4,0.3649490416984525,0.4181184668989547,574
testB,20,global_T_corrected,equal_width,6,0.4,0.4666666666666667,0.4322020838499612,0.489749430523918,439
testB,20,global_T_corrected,equal_width,7,0.4666666666666667,0.5333333333333333,0.4989724499951623,0.5649867374005305,377
testB,20,global_T_corrected,equal_width,8,0.5333333333333333,0.6,0.5653695977214492,0.6446886446886447,273
testB,20,global_T_corrected,equal_width,9,0.6,0.6666666666666666,0.6325742767109135,0.6991869918699187,246
testB,20,global_T_corrected,equal_width,10,0.6666666666666666,0.7333333333333333,0.6994337777501529,0.7525773195876289,194
testB,20,global_T_corrected,equal_width,11,0.7333333333333333,0.8,0.7676274273768965,0.8433734939759037,166
testB,20,global_T_corrected,equal_width,12,0.8,0.8666666666666667,0.8339856904518755,0.8670886075949367,158
testB,20,global_T_corrected,equal_width,13,0.8666666666666667,0.9333333333333333,0.8965855863359239,0.9111111111111111,135
testB,20,global_T_corrected,equal_width,14,0.9333333333333333,1.0,0.9729846959630845,0.9556650246305419,203
testB,20,global_T_corrected,equal_mass,0,0.0,0.18654482811689377,0.15867379712826998,0.1650485436893204,309
testB,20,global_T_corrected,equal_mass,1,0.18654482811689377,0.21880144625902176,0.20342488075730097,0.22653721682847897,309
testB,20,global_T_corrected,equal_mass,2,0.21880144625902176,0.24795842915773392,0.23385414928197862,0.2129032258064516,310
testB,20,global_T_corrected,equal_mass,3,0.24795842915773392,0.27506402134895325,0.26116278791697667,0.284789644012945,309
testB,20,global_T_corrected,equal_mass,4,0.27506402134895325,0.30265486240386963,0.2887421140393007,0.27184466019417475,309
testB,20,global_T_corrected,equal_mass,5,0.30265486240386963,0.33097444474697113,0.31652006891465956,0.3548387096774194,310
testB,20,global_T_corrected,equal_mass,6,0.33097444474697113,0.36444365978240967,0.3475671140507201,0.4368932038834951,309
testB,20,global_T_corrected,equal_mass,7,0.36444365978240967,0.40340299904346466,0.3832913051724048,0.4110032362459547,309
testB,20,global_T_corrected,equal_mass,8,0.40340299904346466,0.44975821673870087,0.4259935058893696,0.4774193548387097,310
testB,20,global_T_corrected,equal_mass,9,0.44975821673870087,0.5012416541576385,0.4747331604409758,0.5501618122977346,309
testB,20,global_T_corrected,equal_mass,10,0.5012416541576385,0.565717339515686,0.5315150560684574,0.5792880258899676,309
testB,20,global_T_corrected,equal_mass,11,0.565717339515686,0.6473191976547241,0.6049589010976976,0.6806451612903226,310
testB,20,global_T_corrected,equal_mass,12,0.6473191976547241,0.7483182549476624,0.6951342892492474,0.7669902912621359,309
testB,20,global_T_corrected,equal_mass,13,0.7483182549476624,0.8760794997215271,0.8146599120306737,0.8640776699029126,309
testB,20,global_T_corrected,equal_mass,14,0.8760794997215271,1.0,0.9488764261045763,0.9387096774193548,310
testB,20,oracle_T_K,equal_width,0,0.0,0.06666666666666667,0.0,0.0,0
testB,20,oracle_T_K,equal_width,1,0.06666666666666667,0.13333333333333333,0.12129355857477468,0.11764705882352941,34
testB,20,oracle_T_K,equal_width,2,0.13333333333333333,0.2,0.17296389840720666,0.18452380952380953,336
testB,20,oracle_T_K,equal_width,3,0.2,0.26666666666666666,0.23470593553289837,0.2272069464544139,691
testB,20,oracle_T_K,equal_width,4,0.26666666666666666,0.3333333333333333,0.30041973799177746,0.29403606102635227,721
testB,20,oracle_T_K,equal_width,5,0.3333333333333333,0.4,0.36533945489851577,0.4235500878734622,569
testB,20,oracle_T_K,equal_width,6,0.4,0.4666666666666667,0.4317480201631916,0.4779735682819383,454
testB,20,oracle_T_K,equal_width,7,0.4666666666666667,0.5333333333333333,0.49819802743909153,0.5597826086956522,368
testB,20,oracle_T_K,equal_width,8,0.5333333333333333,0.6,0.5638340784861796,0.574750830564784,301
testB,20,oracle_T_K,equal_width,9,0.6,0.6666666666666666,0.6327525665444776,0.6983471074380165,242
testB,20,oracle_T_K,equal_width,10,0.6666666666666666,0.7333333333333333,0.6959113458107258,0.7684729064039408,203
testB,20,oracle_T_K,equal_width,11,0.7333333333333333,0.8,0.763975349834987,0.7942857142857143,175
testB,20,oracle_T_K,equal_width,12,0.8,0.8666666666666667,0.8306316111872836,0.8597560975609756,164
testB,20,oracle_T_K,equal_width,13,0.8666666666666667,0.9333333333333333,0.895500584691763,0.91875,160
testB,20,oracle_T_K,equal_width,14,0.9333333333333333,1.0,0.9736501348985208,0.9459459459459459,222
testB,20,oracle_T_K,equal_mass,0,0.0,0.19191449880599976,0.16279254494457954,0.1650485436893204,309
testB,20,oracle_T_K,equal_mass,1,0.19191449880599976,0.2243451625108719,0.2093554590512248,0.23300970873786409,309
testB,20,oracle_T_K,equal_mass,2,0.2243451625108719,0.2558247148990631,0.24084094392676508,0.20967741935483872,310
testB,20,oracle_T_K,equal_mass,3,0.2558247148990631,0.28358858823776245,0.2691114480248547,0.2815533980582524,309
testB,20,oracle_T_K,equal_mass,4,0.28358858823776245,0.3117791712284088,0.29779517110497433,0.2783171521035599,309
testB,20,oracle_T_K,equal_mass,5,0.3117791712284088,0.34210577607154846,0.3264814982491155,0.35161290322580646,310
testB,20,oracle_T_K,equal_mass,6,0.34210577607154846,0.3762366771697998,0.35850397196016653,0.42071197411003236,309
testB,20,oracle_T_K,equal_mass,7,0.3762366771697998,0.4158683121204376,0.395507627609864,0.42394822006472493,309
testB,20,oracle_T_K,equal_mass,8,0.4158683121204376,0.46332454681396484,0.4390984107409754,0.4870967741935484,310
testB,20,oracle_T_K,equal_mass,9,0.46332454681396484,0.5162020325660706,0.48876158656811636,0.5339805825242718,309
testB,20,oracle_T_K,equal_mass,10,0.5162020325660706,0.5831971764564514,0.5475720790211822,0.5857605177993528,309
testB,20,oracle_T_K,equal_mass,11,0.5831971764564514,0.6652069091796875,0.6227504809056559,0.6806451612903226,310
testB,20,oracle_T_K,equal_mass,12,0.6652069091796875,0.7684338390827179,0.7132879505265493,0.7734627831715211,309
testB,20,oracle_T_K,equal_mass,13,0.7684338390827179,0.8896321952342987,0.8305364698653854,0.8576051779935275,309
testB,20,oracle_T_K,equal_mass,14,0.8896321952342987,1.0,0.9556237403423555,0.9387096774193548,310
testB,50,native,equal_width,0,0.0,0.06666666666666667,0.06147774847017394,0.0,18
testB,50,native,equal_width,1,0.06666666666666667,0.13333333333333333,0.10855977320904983,0.11096075778078485,739
testB,50,native,equal_width,2,0.13333333333333333,0.2,0.1659779084802239,0.1933649289099526,1055
testB,50,native,equal_width,3,0.2,0.26666666666666666,0.23020022817270336,0.29404466501240695,806
testB,50,native,equal_width,4,0.26666666666666666,0.3333333333333333,0.29750753034532595,0.3805309734513274,565
testB,50,native,equal_width,5,0.3333333333333333,0.4,0.3646796827981954,0.4472934472934473,351
testB,50,native,equal_width,6,0.4,0.4666666666666667,0.43001406414039206,0.4696969696969697,264
testB,50,native,equal_width,7,0.4666666666666667,0.5333333333333333,0.4967978572124963,0.5769230769230769,182
testB,50,native,equal_width,8,0.5333333333333333,0.6,0.5657052737754463,0.6375838926174496,149
testB,50,native,equal_width,9,0.6,0.6666666666666666,0.6330832625428836,0.6666666666666666,120
testB,50,native,equal_width,10,0.6666666666666666,0.7333333333333333,0.6974850260294401,0.7769230769230769,130
testB,50,native,equal_width,11,0.7333333333333333,0.8,0.7665919824080034,0.8181818181818182,77
testB,50,native,equal_width,12,0.8,0.8666666666666667,0.8314022923770704,0.9122807017543859,57
testB,50,native,equal_width,13,0.8666666666666667,0.9333333333333333,0.8996290356393845,0.9206349206349206,63
testB,50,native,equal_width,14,0.9333333333333333,1.0,0.96984738484025,0.984375,64
testB,50,native,equal_mass,0,0.0,0.10544125363230705,0.08936050789834613,0.09061488673139159,309
testB,50,native,equal_mass,1,0.10544125363230705,0.12542030960321426,0.11567597370896139,0.10679611650485436,309
testB,50,native,equal_mass,2,0.12542030960321426,0.14396366477012634,0.13457574070461334,0.16129032258064516,310
testB,50,native,equal_mass,3,0.14396366477012634,0.16289900988340378,0.1530309776175755,0.1941747572815534,309
testB,50,native,equal_mass,4,0.16289900988340378,0.18229403346776962,0.17214856429393238,0.21359223300970873,309
testB,50,native,equal_mass,5,0.18229403346776962,0.20282301306724548,0.192717899670524,0.18387096774193548,310
testB,50,native,equal_mass,6,0.20282301306724548,0.22489137202501297,0.21359277287540313,0.29449838187702265,309
testB,50,native,equal_mass,7,0.22489137202501297,0.2508912831544876,0.23767084842939593,0.3042071197411003,309
testB,50,native,equal_mass,8,0.2508912831544876,0.2828877717256546,0.26707188102506824,0.31290322580645163,310
testB,50,native,equal_mass,9,0.2828877717256546,0.3200708478689194,0.30145275718185893,0.4077669902912621,309
testB,50,native,equal_mass,10,0.3200708478689194,0.37199094891548157,0.3444640637408568,0.39805825242718446,309
testB,50,native,equal_mass,11,0.37199094891548157,0.43895238637924194,0.4049581277754999,0.4870967741935484,310
testB,50,native,equal_mass,12,0.43895238637924194,0.5485042631626129,0.49059891054545407,0.5501618122977346,309
testB,50,native,equal_mass,13,0.5485042631626129,0.702711671590805,0.6260552751593605,0.7055016181229773,309
testB,50,native,equal_mass,14,0.702711671590805,1.0,0.8400358671142208,0.8774193548387097,310
testB,50,global_T_corrected,equal_width,0,0.0,0.06666666666666667,0.06142244138754904,0.0,32
testB,50,global_T_corrected,equal_width,1,0.06666666666666667,0.13333333333333333,0.10675921643447162,0.12572087658592848,867
testB,50,global_T_corrected,equal_width,2,0.13333333333333333,0.2,0.16539212079330384,0.21201413427561838,1132
testB,50,global_T_corrected,equal_width,3,0.2,0.26666666666666666,0.23079181365426024,0.3082706766917293,798
testB,50,global_T_corrected,equal_width,4,0.26666666666666666,0.3333333333333333,0.29702661571626415,0.3972055888223553,501
testB,50,global_T_corrected,equal_width,5,0.3333333333333333,0.4,0.3653667286082355,0.4896755162241888,339
testB,50,global_T_corrected,equal_width,6,0.4,0.4666666666666667,0.43038901402836754,0.5108225108225108,231
testB,50,global_T_corrected,equal_width,7,0.4666666666666667,0.5333333333333333,0.5003265779288042,0.6369047619047619,168
testB,50,global_T_corrected,equal_width,8,0.5333333333333333,0.6,0.5621042368758438,0.5982905982905983,117
testB,50,global_T_corrected,equal_width,9,0.6,0.6666666666666666,0.63101176232905,0.75,148
testB,50,global_T_corrected,equal_width,10,0.6666666666666666,0.7333333333333333,0.6965966964590138,0.7471264367816092,87
testB,50,global_T_corrected,equal_width,11,0.7333333333333333,0.8,0.7635671309062413,0.9142857142857143,70
testB,50,global_T_corrected,equal_width,12,0.8,0.8666666666666667,0.8378878202703264,0.8888888888888888,54
testB,50,global_T_corrected,equal_width,13,0.8666666666666667,0.9333333333333333,0.9059722375869751,0.94,50
testB,50,global_T_corrected,equal_width,14,0.9333333333333333,1.0,0.9728414675463801,1.0,46
testB,50,global_T_corrected,equal_mass,0,0.0,0.09882991760969162,0.08410049292551275,0.08737864077669903,309
testB,50,global_T_corrected,equal_mass,1,0.09882991760969162,0.11728450283408165,0.1082906356762528,0.11003236245954692,309
testB,50,global_T_corrected,equal_mass,2,0.11728450283408165,0.13471823185682297,0.12569552212953566,0.1774193548387097,310
testB,50,global_T_corrected,equal_mass,3,0.13471823185682297,0.15182815492153168,0.14273384440099537,0.18446601941747573,309
testB,50,global_T_corrected,equal_mass,4,0.15182815492153168,0.17000967264175415,0.1604524016090967,0.20388349514563106,309
testB,50,global_T_corrected,equal_mass,5,0.17000967264175415,0.188887320458889,0.17958400576345382,0.1967741935483871,310
testB,50,global_T_corrected,equal_mass,6,0.188887320458889,0.2092544436454773,0.198650812495102,0.284789644012945,309
testB,50,global_T_corrected,equal_mass,7,0.2092544436454773,0.233232282102108,0.22031150579838304,0.31715210355987056,309
testB,50,global_T_corrected,equal_mass,8,0.233232282102108,0.2622386962175369,0.24767708686756085,0.3106796116504854,309
testB,50,global_T_corrected,equal_mass,9,0.2622386962175369,0.2972932606935501,0.2793390159645388,0.4,310
testB,50,global_T_corrected,equal_mass,10,0.2972932606935501,0.3462182432413101,0.3198846725198443,0.4110032362459547,309
testB,50,global_T_corrected,equal_mass,11,0.3462182432413101,0.4112439602613449,0.3767673037705883,0.4935483870967742,310
testB,50,global_T_corrected,equal_mass,12,0.4112439602613449,0.5175368785858154,0.45748465440490027,0.5422077922077922,308
testB,50,global_T_corrected,equal_mass,13,0.5175368785858154,0.6655299663543701,0.5881308332566292,0.6870967741935484,310
testB,50,global_T_corrected,equal_mass,14,0.6655299663543701,1.0,0.8107932458000798,0.8806451612903226,310
testB,50,oracle_T_K,equal_width,0,0.0,0.06666666666666667,0.06139357541413868,0.0,17
testB,50,oracle_T_K,equal_width,1,0.06666666666666667,0.13333333333333333,0.10865350214585866,0.11095890410958904,730
testB,50,oracle_T_K,equal_width,2,0.13333333333333333,0.2,0.1662413474235733,0.19281663516068054,1058
testB,50,oracle_T_K,equal_width,3,0.2,0.26666666666666666,0.23060439222322734,0.29301745635910226,802
testB,50,oracle_T_K,equal_width,4,0.26666666666666666,0.3333333333333333,0.2980736187675543,0.38070175438596493,570
testB,50,oracle_T_K,equal_width,5,0.3333333333333333,0.4,0.3651219285320074,0.4383954154727794,349
testB,50,oracle_T_K,equal_width,6,0.4,0.4666666666666667,0.4301162173576427,0.4734848484848485,264
testB,50,oracle_T_K,equal_width,7,0.4666666666666667,0.5333333333333333,0.49699273352981893,0.5752688172043011,186
testB,50,oracle_T_K,equal_width,8,0.5333333333333333,0.6,0.566446715953366,0.6442953020134228,149
testB,50,oracle_T_K,equal_width,9,0.6,0.6666666666666666,0.6335750291170168,0.6446280991735537,121
testB,50,oracle_T_K,equal_width,10,0.6666666666666666,0.7333333333333333,0.6984248045803041,0.7829457364341085,129
testB,50,oracle_T_K,equal_width,11,0.7333333333333333,0.8,0.766006181637446,0.8076923076923077,78
testB,50,oracle_T_K,equal_width,12,0.8,0.8666666666666667,0.8309234781511898,0.9137931034482759,58
testB,50,oracle_T_K,equal_width,13,0.8666666666666667,0.9333333333333333,0.8997085001319647,0.921875,64
testB,50,oracle_T_K,equal_width,14,0.9333333333333333,1.0,0.9699192844904386,0.9846153846153847,65
testB,50,oracle_T_K,equal_mass,0,0.0,0.10594417527318001,0.08973642799123205,0.09061488673139159,309
testB,50,oracle_T_K,equal_mass,1,0.10594417527318001,0.1259283870458603,0.11620113574281865,0.10679611650485436,309
testB,50,oracle_T_K,equal_mass,2,0.1259283870458603,0.14452318847179413,0.1352103766414427,0.16129032258064516,310
testB,50,oracle_T_K,equal_mass,3,0.14452318847179413,0.16364089399576187,0.15376657204141894,0.1941747572815534,309
testB,50,oracle_T_K,equal_mass,4,0.16364089399576187,0.18322736024856567,0.1729841113186963,0.21035598705501618,309
testB,50,oracle_T_K,equal_mass,5,0.18322736024856567,0.20379740744829178,0.19364756389010337,0.19032258064516128,310
testB,50,oracle_T_K,equal_mass,6,0.20379740744829178,0.2261137142777443,0.21466490081405948,0.29449838187702265,309
testB,50,oracle_T_K,equal_mass,7,0.2261137142777443,0.25223788619041443,0.23889097286852432,0.30097087378640774,309
testB,50,oracle_T_K,equal_mass,8,0.25223788619041443,0.28449007868766785,0.26845408139690274,0.31290322580645163,310
testB,50,oracle_T_K,equal_mass,9,0.28449007868766785,0.3221796154975891,0.3030127373713892,0.4077669902912621,309
testB,50,oracle_T_K,equal_mass,10,0.3221796154975891,0.3736121654510498,0.346209343004381,0.39805825242718446,309
testB,50,oracle_T_K,equal_mass,11,0.3736121654510498,0.441670298576355,0.4069352380691036,0.4838709677419355,310
testB,50,oracle_T_K,equal_mass,12,0.441670298576355,0.551085501909256,0.49291329370347425,0.5501618122977346,309
testB,50,oracle_T_K,equal_mass,13,0.551085501909256,0.7061534225940704,0.628633622791389,0.7055016181229773,309
testB,50,oracle_T_K,equal_mass,14,0.7061534225940704,1.0,0.8419485080626703,0.8806451612903226,310
__pooled__,5,native,equal_width,0,0.0,0.06666666666666667,0.0,0.0,0
__pooled__,5,native,equal_width,1,0.06666666666666667,0.13333333333333333,0.0,0.0,0
__pooled__,5,native,equal_width,2,0.13333333333333333,0.2,0.0,0.0,0
__pooled__,5,native,equal_width,3,0.2,0.26666666666666666,0.25028874427080156,0.1,10
__pooled__,5,native,equal_width,4,0.26666666666666666,0.3333333333333333,0.30907606861017045,0.30656934306569344,137
__pooled__,5,native,equal_width,5,0.3333333333333333,0.4,0.37115878280099124,0.3219178082191781,584
__pooled__,5,native,equal_width,6,0.4,0.4666666666666667,0.43597083213463633,0.40643863179074446,994
__pooled__,5,native,equal_width,7,0.4666666666666667,0.5333333333333333,0.501118237573293,0.46975806451612906,1488
__pooled__,5,native,equal_width,8,0.5333333333333333,0.6,0.5660338762549353,0.5611004478566859,1563
__pooled__,5,native,equal_width,9,0.6,0.6666666666666666,0.6322206395325574,0.6043507817811012,1471
__pooled__,5,native,equal_width,10,0.6666666666666666,0.7333333333333333,0.6992903138820011,0.6821705426356589,1419
__pooled__,5,native,equal_width,11,0.7333333333333333,0.8,0.7667925309685647,0.765814266487214,1486
__pooled__,5,native,equal_width,12,0.8,0.8666666666666667,0.8341267895198867,0.8269461077844311,1670
__pooled__,5,native,equal_width,13,0.8666666666666667,0.9333333333333333,0.9020402901376541,0.8877209746774964,2093
__pooled__,5,native,equal_width,14,0.9333333333333333,1.0,0.9841144493635023,0.9757737189244039,7884
__pooled__,5,native,equal_mass,0,0.0,0.4473281800746918,0.38963851049907966,0.35425685425685427,1386
__pooled__,5,native,equal_mass,1,0.4473281800746918,0.513885498046875,0.4833066628919545,0.44917087238644554,1387
__pooled__,5,native,equal_mass,2,0.513885498046875,0.5726583003997803,0.5433824179320452,0.5194805194805194,1386
__pooled__,5,native,equal_mass,3,0.5726583003997803,0.6337869763374329,0.6029670819070757,0.6056236481614996,1387
__pooled__,5,native,equal_mass,4,0.6337869763374329,0.6982373893260956,0.6657882223648396,0.6330209084354722,1387
__pooled__,5,native,equal_mass,5,0.6982373893260956,0.7628519237041473,0.731001612384942,0.7121212121212122,1386
__pooled__,5,native,equal_mass,6,0.7628519237041473,0.8227735161781311,0.7933280151901823,0.797979797979798,1386
__pooled__,5,native,equal_mass,7,0.8227735161781311,0.8768263757228851,0.8504009163027284,0.8464311463590483,1387
__pooled__,5,native,equal_mass,8,0.8768263757228851,0.9213918745517731,0.8999562625757808,0.893294881038212,1387
__pooled__,5,native,equal_mass,9,0.9213918745517731,0.9545987546443939,0.9390919770623766,0.9170872386445565,1387
__pooled__,5,native,equal_mass,10,0.9545987546443939,0.9779734909534454,0.9671235639295537,0.9466089466089466,1386
__pooled__,5,native,equal_mass,11,0.9779734909534454,0.9918526709079742,0.9855807120196667,0.9783705839942322,1387
__pooled__,5,native,equal_mass,12,0.9918526709079742,0.9983687400817871,0.9956095556059469,0.9891696750902527,1385
__pooled__,5,native,equal_mass,13,0.9983687400817871,0.9999367296695709,0.9994210005235947,0.9956772334293948,1388
__pooled__,5,native,equal_mass,14,0.9999367296695709,1.0,0.9999880635575072,1.0,1387
__pooled__,5,global_T_corrected,equal_width,0,0.0,0.06666666666666667,0.0,0.0,0
__pooled__,5,global_T_corrected,equal_width,1,0.06666666666666667,0.13333333333333333,0.0,0.0,0
__pooled__,5,global_T_corrected,equal_width,2,0.13333333333333333,0.2,0.0,0.0,0
__pooled__,5,global_T_corrected,equal_width,3,0.2,0.26666666666666666,0.2501474618911743,0.16666666666666666,12
__pooled__,5,global_T_corrected,equal_width,4,0.26666666666666666,0.3333333333333333,0.30943856031231626,0.30177514792899407,169
__pooled__,5,global_T_corrected,equal_width,5,0.3333333333333333,0.4,0.37105078020921123,0.33579881656804733,676
__pooled__,5,global_T_corrected,equal_width,6,0.4,0.4666666666666667,0.4364522283329912,0.42391304347826086,1104
__pooled__,5,global_T_corrected,equal_width,7,0.4666666666666667,0.5333333333333333,0.5014244399979073,0.4767070835992342,1567
__pooled__,5,global_T_corrected,equal_width,8,0.5333333333333333,0.6,0.5662037369808293,0.576427255985267,1629
__pooled__,5,global_T_corrected,equal_width,9,0.6,0.6666666666666666,0.6327095637946832,0.6268852459016393,1525
__pooled__,5,global_T_corrected,equal_width,10,0.6666666666666666,0.7333333333333333,0.6997179234019485,0.6971187631763879,1423
__pooled__,5,global_T_corrected,equal_width,11,0.7333333333333333,0.8,0.7666955662983385,0.7912652536929994,1557
__pooled__,5,global_T_corrected,equal_width,12,0.8,0.8666666666666667,0.8340261897167286,0.8438438438438438,1665
__pooled__,5,global_T_corrected,equal_width,13,0.8666666666666667,0.9333333333333333,0.9018922598091013,0.9048977650974798,2103
__pooled__,5,global_T_corrected,equal_width,14,0.9333333333333333,1.0,0.9834034004824863,0.9792373456371285,7369
__pooled__,5,global_T_corrected,equal_mass,0,0.0,0.43632684648036957,0.380963437570982,0.3629148629148629,1386
__pooled__,5,global_T_corrected,equal_mass,1,0.43632684648036957,0.5038709044456482,0.4718213045691619,0.43403028118240805,1387
__pooled__,5,global_T_corrected,equal_mass,2,0.5038709044456482,0.5581730902194977,0.5307705169288283,0.5274170274170275,1386
__pooled__,5,global_T_corrected,equal_mass,3,0.5581730902194977,0.6164237260818481,0.5873261995253669,0.5991348233597693,1387
__pooled__,5,global_T_corrected,equal_mass,4,0.6164237260818481,0.6783994436264038,0.6468447055331906,0.6380677721701514,1387
__pooled__,5,global_T_corrected,equal_mass,5,0.6783994436264038,0.7415685951709747,0.710345061955514,0.7128427128427128,1386
__pooled__,5,global_T_corrected,equal_mass,6,0.7415685951709747,0.8018517196178436,0.7723146701512271,0.7966834895457823,1387
__pooled__,5,global_T_corrected,equal_mass,7,0.8018517196178436,0.8582829236984253,0.8303150101141497,0.8455988455988456,1386
__pooled__,5,global_T_corrected,equal_mass,8,0.8582829236984253,0.9058507084846497,0.8827869891690624,0.8954578226387887,1387
__pooled__,5,global_T_corrected,equal_mass,9,0.9058507084846497,0.9433361887931824,0.9256873253273638,0.9170872386445565,1387
__pooled__,5,global_T_corrected,equal_mass,10,0.9433361887931824,0.9709825217723846,0.9580667062755271,0.9458874458874459,1386
__pooled__,5,global_T_corrected,equal_mass,11,0.9709825217723846,0.9885771870613098,0.9805165428692433,0.9783705839942322,1387
__pooled__,5,global_T_corrected,equal_mass,12,0.9885771870613098,0.9974645972251892,0.9935962004320962,0.9891774891774892,1386
__pooled__,5,global_T_corrected,equal_mass,13,0.9974645972251892,0.9998748302459717,0.9990457250389506,0.9956741167988464,1387
__pooled__,5,global_T_corrected,equal_mass,14,0.9998748302459717,1.0,0.9999751550908903,1.0,1387
__pooled__,5,oracle_T_K,equal_width,0,0.0,0.06666666666666667,0.0,0.0,0
__pooled__,5,oracle_T_K,equal_width,1,0.06666666666666667,0.13333333333333333,0.0,0.0,0
__pooled__,5,oracle_T_K,equal_width,2,0.13333333333333333,0.2,0.0,0.0,0
__pooled__,5,oracle_T_K,equal_width,3,0.2,0.26666666666666666,0.2508146052177136,0.15384615384615385,13
__pooled__,5,oracle_T_K,equal_width,4,0.26666666666666666,0.3333333333333333,0.310006579040815,0.30726256983240224,179
__pooled__,5,oracle_T_K,equal_width,5,0.3333333333333333,0.4,0.37064655410016284,0.3323529411764706,680
__pooled__,5,oracle_T_K,equal_width,6,0.4,0.4666666666666667,0.4362694684744089,0.42981691368788144,1147
__pooled__,5,oracle_T_K,equal_width,7,0.4666666666666667,0.5333333333333333,0.501631831820049,0.47873015873015873,1575
__pooled__,5,oracle_T_K,equal_width,8,0.5333333333333333,0.6,0.566167367712036,0.5802318486882245,1639
__pooled__,5,oracle_T_K,equal_width,9,0.6,0.6666666666666666,0.6322534169805677,0.625,1520
__pooled__,5,oracle_T_K,equal_width,10,0.6666666666666666,0.7333333333333333,0.6999014849811893,0.7029231815091774,1471
__pooled__,5,oracle_T_K,equal_width,11,0.7333333333333333,0.8,0.7671697951476397,0.7937743190661478,1542
__pooled__,5,oracle_T_K,equal_width,12,0.8,0.8666666666666667,0.8341296660985673,0.8552631578947368,1672
__pooled__,5,oracle_T_K,equal_width,13,0.8666666666666667,0.9333333333333333,0.9021983251039078,0.9077141504969238,2113
__pooled__,5,oracle_T_K,equal_width,14,0.9333333333333333,1.0,0.9833726267727138,0.9797185430463576,7248
__pooled__,5,oracle_T_K,equal_mass,0,0.0,0.43390706181526184,0.37920452830681384,0.36363636363636365,1386
__pooled__,5,oracle_T_K,equal_mass,1,0.43390706181526184,0.5016297996044159,0.46942573577358987,0.4297043979812545,1387
__pooled__,5,oracle_T_K,equal_mass,2,0.5016297996044159,0.5553779900074005,0.5282575158243743,0.5274170274170275,1386
__pooled__,5,oracle_T_K,equal_mass,3,0.5553779900074005,0.6127578914165497,0.5841808663311844,0.6041816870944484,1387
__pooled__,5,oracle_T_K,equal_mass,4,0.6127578914165497,0.6745901107788086,0.6430131829120138,0.6373467916366258,1387
__pooled__,5,oracle_T_K,equal_mass,5,0.6745901107788086,0.7374434471130371,0.7061422913621515,0.7113997113997114,1386
__pooled__,5,oracle_T_K,equal_mass,6,0.7374434471130371,0.7976135611534119,0.7679667359818292,0.7959625090122566,1387
__pooled__,5,oracle_T_K,equal_mass,7,0.7976135611534119,0.8541162312030792,0.8260994329080953,0.8448773448773449,1386
__pooled__,5,oracle_T_K,equal_mass,8,0.8541162312030792,0.9025079011917114,0.879098005963472,0.8968997837058399,1387
__pooled__,5,oracle_T_K,equal_mass,9,0.9025079011917114,0.9406917989253998,0.9227388242035353,0.9185291997116077,1387
__pooled__,5,oracle_T_K,equal_mass,10,0.9406917989253998,0.9693993628025055,0.95601616410638,0.9458874458874459,1386
__pooled__,5,oracle_T_K,equal_mass,11,0.9693993628025055,0.98782017827034,0.9793279307646638,0.9776496034607065,1387
__pooled__,5,oracle_T_K,equal_mass,12,0.98782017827034,0.9972382485866547,0.9931009545986786,0.9891774891774892,1386
__pooled__,5,oracle_T_K,equal_mass,13,0.9972382485866547,0.9998568594455719,0.9989464841219016,0.9956741167988464,1387
__pooled__,5,oracle_T_K,equal_mass,14,0.9998568594455719,1.0,0.9999712820781936,1.0,1387
__pooled__,10,native,equal_width,0,0.0,0.06666666666666667,0.0,0.0,0
__pooled__,10,native,equal_width,1,0.06666666666666667,0.13333333333333333,0.0,0.0,0
__pooled__,10,native,equal_width,2,0.13333333333333333,0.2,0.18312106836349407,0.1702127659574468,47
__pooled__,10,native,equal_width,3,0.2,0.26666666666666666,0.24093629393610172,0.236328125,512
__pooled__,10,native,equal_width,4,0.26666666666666666,0.3333333333333333,0.3034134111293985,0.28287841191067,1209
__pooled__,10,native,equal_width,5,0.3333333333333333,0.4,0.3675111616590325,0.3345008756567426,1713
__pooled__,10,native,equal_width,6,0.4,0.4666666666666667,0.4340259064655809,0.43266630611141155,1849
__pooled__,10,native,equal_width,7,0.4666666666666667,0.5333333333333333,0.5007162529919811,0.5074309978768577,1884
__pooled__,10,native,equal_width,8,0.5333333333333333,0.6,0.566602212566937,0.5738444193912063,1774
__pooled__,10,native,equal_width,9,0.6,0.6666666666666666,0.6330935107219665,0.6485117162761241,1579
__pooled__,10,native,equal_width,10,0.6666666666666666,0.7333333333333333,0.6988945015282675,0.6921995783555868,1423
__pooled__,10,native,equal_width,11,0.7333333333333333,0.8,0.7667561906283019,0.7691256830601093,1464
__pooled__,10,native,equal_width,12,0.8,0.8666666666666667,0.8323764956783971,0.8324708926261319,1546
__pooled__,10,native,equal_width,13,0.8666666666666667,0.9333333333333333,0.9006361214992651,0.8947677836566725,1701
__pooled__,10,native,equal_width,14,0.9333333333333333,1.0,0.9792703263727033,0.9719375305026843,4098
__pooled__,10,native,equal_mass,0,0.0,0.3162931352853775,0.27025278615745113,0.2532467532467532,1386
__pooled__,10,native,equal_mass,1,0.3162931352853775,0.3730214089155197,0.34590857290671556,0.3186733958183129,1387
__pooled__,10,native,equal_mass,2,0.3730214089155197,0.4259450435638428,0.3994343079744823,0.37734487734487737,1386
__pooled__,10,native,equal_mass,3,0.4259450435638428,0.47511863708496094,0.450376861307719,0.4513338139870223,1387
__pooled__,10,native,equal_mass,4,0.47511863708496094,0.5238140225410461,0.49975383986477895,0.5111751982696467,1387
__pooled__,10,native,equal_mass,5,0.5238140225410461,0.5747620165348053,0.5487161185404267,0.5440115440115441,1386
__pooled__,10,native,equal_mass,6,0.5747620165348053,0.62968909740448,0.6019119709278924,0.6200432588320115,1387
__pooled__,10,native,equal_mass,7,0.62968909740448,0.6898023188114166,0.6594221419500238,0.6753246753246753,1386
__pooled__,10,native,equal_mass,8,0.6898023188114166,0.756128579378128,0.7229217579232418,0.7253064167267483,1387
__pooled__,10,native,equal_mass,9,0.756128579378128,0.8159513175487518,0.7867998337694098,0.7736121124729632,1387
__pooled__,10,native,equal_mass,10,0.8159513175487518,0.8773889541625977,0.8466950634341219,0.8571428571428571,1386
__pooled__,10,native,equal_mass,11,0.8773889541625977,0.9309196472167969,0.904456913041484,0.889689978370584,1387
__pooled__,10,native,equal_mass,12,0.9309196472167969,0.9723735153675079,0.9524949943004405,0.9444444444444444,1386
__pooled__,10,native,equal_mass,13,0.9723735153675079,0.9944453835487366,0.9846755016082126,0.9762076423936553,1387
__pooled__,10,native,equal_mass,14,0.9944453835487366,1.0,0.9985157916162541,0.9949531362653208,1387
__pooled__,10,global_T_corrected,equal_width,0,0.0,0.06666666666666667,0.0,0.0,0
__pooled__,10,global_T_corrected,equal_width,1,0.06666666666666667,0.13333333333333333,0.0,0.0,0
__pooled__,10,global_T_corrected,equal_width,2,0.13333333333333333,0.2,0.1846152228721674,0.17391304347826086,69
__pooled__,10,global_T_corrected,equal_width,3,0.2,0.26666666666666666,0.24030813311398908,0.23240589198036007,611
__pooled__,10,global_T_corrected,equal_width,4,0.26666666666666666,0.3333333333333333,0.30304269965627617,0.30007230657989875,1383
__pooled__,10,global_T_corrected,equal_width,5,0.3333333333333333,0.4,0.3669735922962833,0.3460490463215259,1835
__pooled__,10,global_T_corrected,equal_width,6,0.4,0.4666666666666667,0.4334294764338733,0.4479495268138801,1902
__pooled__,10,global_T_corrected,equal_width,7,0.4666666666666667,0.5333333333333333,0.5001640684750616,0.5362244897959184,1960
__pooled__,10,global_T_corrected,equal_width,8,0.5333333333333333,0.6,0.5656680665121957,0.5938566552901023,1758
__pooled__,10,global_T_corrected,equal_width,9,0.6,0.6666666666666666,0.6322221053262478,0.6715867158671587,1626
__pooled__,10,global_T_corrected,equal_width,10,0.6666666666666666,0.7333333333333333,0.6999622273258201,0.714183891660727,1403
__pooled__,10,global_T_corrected,equal_width,11,0.7333333333333333,0.8,0.7668816569069076,0.7863756613756614,1512
__pooled__,10,global_T_corrected,equal_width,12,0.8,0.8666666666666667,0.8333582884300126,0.8698961937716263,1445
__pooled__,10,global_T_corrected,equal_width,13,0.8666666666666667,0.9333333333333333,0.9011985373121775,0.8995157384987893,1652
__pooled__,10,global_T_corrected,equal_width,14,0.9333333333333333,1.0,0.9790036863852686,0.9794125720559979,3643
__pooled__,10,global_T_corrected,equal_mass,0,0.0,0.3050125241279602,0.2612671301220403,0.2518037518037518,1386
__pooled__,10,global_T_corrected,equal_mass,1,0.3050125241279602,0.3597678989171982,0.33355193500821334,0.32227829848594086,1387
__pooled__,10,global_T_corrected,equal_mass,2,0.3597678989171982,0.4104005843400955,0.384663450619015,0.37806637806637805,1386
__pooled__,10,global_T_corrected,equal_mass,3,0.4104005843400955,0.45760655403137207,0.43343323228508773,0.45061283345349673,1387
__pooled__,10,global_T_corrected,equal_mass,4,0.45760655403137207,0.5052627325057983,0.4821318212222434,0.5126171593366979,1387
__pooled__,10,global_T_corrected,equal_mass,5,0.5052627325057983,0.5532504618167877,0.5286049227435867,0.5447330447330447,1386
__pooled__,10,global_T_corrected,equal_mass,6,0.5532504618167877,0.6062251329421997,0.5797955782274248,0.6200432588320115,1387
__pooled__,10,global_T_corrected,equal_mass,7,0.6062251329421997,0.6638681292533875,0.6349373575068827,0.6774891774891775,1386
__pooled__,10,global_T_corrected,equal_mass,8,0.6638681292533875,0.7304667532444,0.6970870493553316,0.7137707281903388,1387
__pooled__,10,global_T_corrected,equal_mass,9,0.7304667532444,0.7923915088176727,0.761117327402372,0.7815428983417447,1387
__pooled__,10,global_T_corrected,equal_mass,10,0.7923915088176727,0.8554429411888123,0.823089673792645,0.8528138528138528,1386
__pooled__,10,global_T_corrected,equal_mass,11,0.8554429411888123,0.9149219393730164,0.8853704029480673,0.8918529199711608,1387
__pooled__,10,global_T_corrected,equal_mass,12,0.9149219393730164,0.9634999632835388,0.9398006533647513,0.9444444444444444,1386
__pooled__,10,global_T_corrected,equal_mass,13,0.9634999632835388,0.9918093681335449,0.9790392800811047,0.9762076423936553,1387
__pooled__,10,global_T_corrected,equal_mass,14,0.9918093681335449,1.0,0.9977042235826191,0.9942321557317952,1387
__pooled__,10,oracle_T_K,equal_width,0,0.0,0.06666666666666667,0.0,0.0,0
__pooled__,10,oracle_T_K,equal_width,1,0.06666666666666667,0.13333333333333333,0.0,0.0,0
__pooled__,10,oracle_T_K,equal_width,2,0.13333333333333333,0.2,0.18432597036545093,0.18461538461538463,65
__pooled__,10,oracle_T_K,equal_width,3,0.2,0.26666666666666666,0.24041060132284958,0.23333333333333334,600
__pooled__,10,oracle_T_K,equal_width,4,0.26666666666666666,0.3333333333333333,0.3032067057840964,0.2985294117647059,1360
__pooled__,10,oracle_T_K,equal_width,5,0.3333333333333333,0.4,0.367264408332905,0.3451859956236324,1828
__pooled__,10,oracle_T_K,equal_width,6,0.4,0.4666666666666667,0.43365496039137197,0.4447396386822529,1882
__pooled__,10,oracle_T_K,equal_width,7,0.4666666666666667,0.5333333333333333,0.49996985235472313,0.5335051546391752,1940
__pooled__,10,oracle_T_K,equal_width,8,0.5333333333333333,0.6,0.5657431082784361,0.5900168255748738,1783
__pooled__,10,oracle_T_K,equal_width,9,0.6,0.6666666666666666,0.6327888309624664,0.6699568167797656,1621
__pooled__,10,oracle_T_K,equal_width,10,0.6666666666666666,0.7333333333333333,0.6995302720069885,0.7185454545454546,1375
__pooled__,10,oracle_T_K,equal_width,11,0.7333333333333333,0.8,0.7664261232289117,0.7729658792650919,1524
__pooled__,10,oracle_T_K,equal_width,12,0.8,0.8666666666666667,0.833003487992794,0.8682223747426219,1457
__pooled__,10,oracle_T_K,equal_width,13,0.8666666666666667,0.9333333333333333,0.9011621659854846,0.8981426003594967,1669
__pooled__,10,oracle_T_K,equal_width,14,0.9333333333333333,1.0,0.9790986128847073,0.9786197564276049,3695
__pooled__,10,oracle_T_K,equal_mass,0,0.0,0.3067507892847061,0.26241655381124945,0.2532467532467532,1386
__pooled__,10,oracle_T_K,equal_mass,1,0.3067507892847061,0.361507773399353,0.33514230850366866,0.32083633741888967,1387
__pooled__,10,oracle_T_K,equal_mass,2,0.361507773399353,0.4122694432735443,0.3865601342778873,0.37734487734487737,1386
__pooled__,10,oracle_T_K,equal_mass,3,0.4122694432735443,0.45997145771980286,0.4356108797095023,0.44989185291997114,1387
__pooled__,10,oracle_T_K,equal_mass,4,0.45997145771980286,0.5075843036174774,0.4844384621869082,0.5140591204037491,1387
__pooled__,10,oracle_T_K,equal_mass,5,0.5075843036174774,0.5562244057655334,0.5311908017505299,0.5440115440115441,1386
__pooled__,10,oracle_T_K,equal_mass,6,0.5562244057655334,0.6094524562358856,0.582633917634231,0.619322278298486,1387
__pooled__,10,oracle_T_K,equal_mass,7,0.6094524562358856,0.667361319065094,0.63809170665335,0.6774891774891775,1386
__pooled__,10,oracle_T_K,equal_mass,8,0.667361319065094,0.7341284155845642,0.7004507743547352,0.7180966113914924,1387
__pooled__,10,oracle_T_K,equal_mass,9,0.7341284155845642,0.7956542372703552,0.7644979291539787,0.7786589762076424,1387
__pooled__,10,oracle_T_K,equal_mass,10,0.7956542372703552,0.8581770658493042,0.8262335259849031,0.8542568542568543,1386
__pooled__,10,oracle_T_K,equal_mass,11,0.8581770658493042,0.9172585904598236,0.8879643667921714,0.8904109589041096,1387
__pooled__,10,oracle_T_K,equal_mass,12,0.9172585904598236,0.9647243320941925,0.9415714359730697,0.9444444444444444,1386
__pooled__,10,oracle_T_K,equal_mass,13,0.9647243320941925,0.9922028183937073,0.9798522368556919,0.9762076423936553,1387
__pooled__,10,oracle_T_K,equal_mass,14,0.9922028183937073,1.0,0.9978276807452245,0.9942321557317952,1387
__pooled__,20,native,equal_width,0,0.0,0.06666666666666667,0.0,0.0,0
__pooled__,20,native,equal_width,1,0.06666666666666667,0.13333333333333333,0.12200315663779991,0.08695652173913043,69
__pooled__,20,native,equal_width,2,0.13333333333333333,0.2,0.17396693448727063,0.1808622502628812,951
__pooled__,20,native,equal_width,3,0.2,0.26666666666666666,0.23519710332082716,0.2364963503649635,2055
__pooled__,20,native,equal_width,4,0.26666666666666666,0.3333333333333333,0.30077385784363736,0.28460596161698654,2449
__pooled__,20,native,equal_width,5,0.3333333333333333,0.4,0.3650323885379814,0.39673679690854446,2329
__pooled__,20,native,equal_width,6,0.4,0.4666666666666667,0.4327633736656962,0.45341922695738357,2018
__pooled__,20,native,equal_width,7,0.4666666666666667,0.5333333333333333,0.4985224111734887,0.5279642058165548,1788
__pooled__,20,native,equal_width,8,0.5333333333333333,0.6,0.5646575391490594,0.5920265780730897,1505
__pooled__,20,native,equal_width,9,0.6,0.6666666666666666,0.632567424527967,0.6560364464692483,1317
__pooled__,20,native,equal_width,10,0.6666666666666666,0.7333333333333333,0.6990475993530423,0.7433930093776641,1173
__pooled__,20,native,equal_width,11,0.7333333333333333,0.8,0.7660319052643391,0.8001816530426885,1101
__pooled__,20,native,equal_width,12,0.8,0.8666666666666667,0.8333661250821883,0.8639523336643495,1007
__pooled__,20,native,equal_width,13,0.8666666666666667,0.9333333333333333,0.9013252758042781,0.9222707423580786,1145
__pooled__,20,native,equal_width,14,0.9333333333333333,1.0,0.9739630417957367,0.9719873150105708,1892
__pooled__,20,native,equal_mass,0,0.0,0.2135835886001587,0.1801132412807422,0.18831168831168832,1386
__pooled__,20,native,equal_mass,1,0.2135835886001587,0.257974773645401,0.23669091351572008,0.23215573179524152,1387
__pooled__,20,native,equal_mass,2,0.257974773645401,0.29696208238601685,0.2777449170404354,0.28066378066378067,1386
__pooled__,20,native,equal_mass,3,0.29696208238601685,0.3336755931377411,0.31596390044594636,0.2898341744772891,1387
__pooled__,20,native,equal_mass,4,0.3336755931377411,0.3715478777885437,0.3519609725853481,0.37995674116798844,1387
__pooled__,20,native,equal_mass,5,0.3715478777885437,0.4146896004676819,0.39280034954327697,0.41919191919191917,1386
__pooled__,20,native,equal_mass,6,0.4146896004676819,0.4611832797527313,0.4376291962690979,0.4542177361211247,1387
__pooled__,20,native,equal_mass,7,0.4611832797527313,0.5108371376991272,0.4850584716464878,0.512987012987013,1386
__pooled__,20,native,equal_mass,8,0.5108371376991272,0.5656523108482361,0.5382307188581372,0.5695746214852199,1387
__pooled__,20,native,equal_mass,9,0.5656523108482361,0.6334293186664581,0.6000223568470768,0.6258111031002163,1387
__pooled__,20,native,equal_mass,10,0.6334293186664581,0.708841860294342,0.6710869646691656,0.7005772005772006,1386
__pooled__,20,native,equal_mass,11,0.708841860294342,0.7929363548755646,0.7502556327614925,0.7981254506128335,1387
__pooled__,20,native,equal_mass,12,0.7929363548755646,0.8836742341518402,0.8381591603955493,0.8650793650793651,1386
__pooled__,20,native,equal_mass,13,0.8836742341518402,0.9597306549549103,0.9230041469527219,0.9372746935832732,1387
__pooled__,20,native,equal_mass,14,0.9597306549549103,1.0,0.9837635654980275,0.9798125450612833,1387
__pooled__,20,global_T_corrected,equal_width,0,0.0,0.06666666666666667,0.0,0.0,0
__pooled__,20,global_T_corrected,equal_width,1,0.06666666666666667,0.13333333333333333,0.12100615313178614,0.08421052631578947,95
__pooled__,20,global_T_corrected,equal_width,2,0.13333333333333333,0.2,0.1736087704451772,0.1900756938603869,1189
__pooled__,20,global_T_corrected,equal_width,3,0.2,0.26666666666666666,0.23474485764852895,0.2505484861781483,2279
__pooled__,20,global_T_corrected,equal_width,4,0.26666666666666666,0.3333333333333333,0.3006757295597415,0.30841472577009765,2662
__pooled__,20,global_T_corrected,equal_width,5,0.3333333333333333,0.4,0.3656059464020265,0.41472014103129134,2269
__pooled__,20,global_T_corrected,equal_width,6,0.4,0.4666666666666667,0.4328272558080541,0.47492767598842817,2074
__pooled__,20,global_T_corrected,equal_width,7,0.4666666666666667,0.5333333333333333,0.4998513548374176,0.5548571428571428,1750
__pooled__,20,global_T_corrected,equal_width,8,0.5333333333333333,0.6,0.5656545498432257,0.6209286209286209,1443
__pooled__,20,global_T_corrected,equal_width,9,0.6,0.6666666666666666,0.6319653946105565,0.6931464174454829,1284
__pooled__,20,global_T_corrected,equal_width,10,0.6666666666666666,0.7333333333333333,0.6999035829019338,0.759825327510917,1145
__pooled__,20,global_T_corrected,equal_width,11,0.7333333333333333,0.8,0.7660880013998703,0.8451417004048583,988
__pooled__,20,global_T_corrected,equal_width,12,0.8,0.8666666666666667,0.8331114880600653,0.8872651356993737,958
__pooled__,20,global_T_corrected,equal_width,13,0.8666666666666667,0.9333333333333333,0.9002090046516044,0.9315992292870906,1038
__pooled__,20,global_T_corrected,equal_width,14,0.9333333333333333,1.0,0.9723310315058782,0.976,1625
__pooled__,20,global_T_corrected,equal_mass,0,0.0,0.20336126536130905,0.17208259956962274,0.18759018759018758,1386
__pooled__,20,global_T_corrected,equal_mass,1,0.20336126536130905,0.24515662342309952,0.2251583523296829,0.2298270893371758,1388
__pooled__,20,global_T_corrected,equal_mass,2,0.24515662342309952,0.282043993473053,0.26392868671176234,0.28592057761732853,1385
__pooled__,20,global_T_corrected,equal_mass,3,0.282043993473053,0.3168520927429199,0.300009467357685,0.2862292718096611,1387
__pooled__,20,global_T_corrected,equal_mass,4,0.3168520927429199,0.3524663597345352,0.3341332916613526,0.38139870223503963,1387
__pooled__,20,global_T_corrected,equal_mass,5,0.3524663597345352,0.39409708976745605,0.3732106215811051,0.424963924963925,1386
__pooled__,20,global_T_corrected,equal_mass,6,0.39409708976745605,0.438374787569046,0.41596883582656297,0.45998558038932946,1387
__pooled__,20,global_T_corrected,equal_mass,7,0.438374787569046,0.48630012571811676,0.46165685992134253,0.5072150072150072,1386
__pooled__,20,global_T_corrected,equal_mass,8,0.48630012571811676,0.5395138263702393,0.5129347293493896,0.5714285714285714,1386
__pooled__,20,global_T_corrected,equal_mass,9,0.5395138263702393,0.6043035387992859,0.5717668495964935,0.6289625360230547,1388
__pooled__,20,global_T_corrected,equal_mass,10,0.6043035387992859,0.677568644285202,0.6402408679326376,0.696969696969697,1386
__pooled__,20,global_T_corrected,equal_mass,11,0.677568644285202,0.7629187703132629,0.7194092666775977,0.7936507936507936,1386
__pooled__,20,global_T_corrected,equal_mass,12,0.7629187703132629,0.8588801324367523,0.8106463640541225,0.8636363636363636,1386
__pooled__,20,global_T_corrected,equal_mass,13,0.8588801324367523,0.947193443775177,0.904067380112255,0.9351585014409222,1388
__pooled__,20,global_T_corrected,equal_mass,14,0.947193443775177,1.0,0.9778013873547208,0.9805335255948089,1387
__pooled__,20,oracle_T_K,equal_width,0,0.0,0.06666666666666667,0.0,0.0,0
__pooled__,20,oracle_T_K,equal_width,1,0.06666666666666667,0.13333333333333333,0.12118468278801287,0.07792207792207792,77
__pooled__,20,oracle_T_K,equal_width,2,0.13333333333333333,0.2,0.173705854231403,0.18476190476190477,1050
__pooled__,20,oracle_T_K,equal_width,3,0.2,0.26666666666666666,0.23517504382495888,0.2422846614463381,2171
__pooled__,20,oracle_T_K,equal_width,4,0.26666666666666666,0.3333333333333333,0.3013479825730611,0.29287392325763506,2554
__pooled__,20,oracle_T_K,equal_width,5,0.3333333333333333,0.4,0.36561424888471195,0.4064007014467339,2281
__pooled__,20,oracle_T_K,equal_width,6,0.4,0.4666666666666667,0.4327287668811864,0.4625615763546798,2030
__pooled__,20,oracle_T_K,equal_width,7,0.4666666666666667,0.5333333333333333,0.49897444945985453,0.5480067377877597,1781
__pooled__,20,oracle_T_K,equal_width,8,0.5333333333333333,0.6,0.5650313540339871,0.5946127946127946,1485
__pooled__,20,oracle_T_K,equal_width,9,0.6,0.6666666666666666,0.6323237549225244,0.6818885448916409,1292
__pooled__,20,oracle_T_K,equal_width,10,0.6666666666666666,0.7333333333333333,0.6989430954522213,0.7417962003454232,1158
__pooled__,20,oracle_T_K,equal_width,11,0.7333333333333333,0.8,0.7649130960400595,0.8239234449760765,1045
__pooled__,20,oracle_T_K,equal_width,12,0.8,0.8666666666666667,0.8325408467557748,0.8676028084252758,997
__pooled__,20,oracle_T_K,equal_width,13,0.8666666666666667,0.9333333333333333,0.9007162047745089,0.927797833935018,1108
__pooled__,20,oracle_T_K,equal_width,14,0.9333333333333333,1.0,0.9733646136219218,0.9740112994350283,1770
__pooled__,20,oracle_T_K,equal_mass,0,0.0,0.20916318893432617,0.17657031395713144,0.18759018759018758,1386
__pooled__,20,oracle_T_K,equal_mass,1,0.20916318893432617,0.25219158828258514,0.23160828167616934,0.23215573179524152,1387
__pooled__,20,oracle_T_K,equal_mass,2,0.25219158828258514,0.29021085798740387,0.2716549602249828,0.28354978354978355,1386
__pooled__,20,oracle_T_K,equal_mass,3,0.29021085798740387,0.32611609995365143,0.308949664954926,0.2876712328767123,1387
__pooled__,20,oracle_T_K,equal_mass,4,0.32611609995365143,0.36308425664901733,0.344101911903545,0.38067772170151404,1387
__pooled__,20,oracle_T_K,equal_mass,5,0.36308425664901733,0.4052656888961792,0.3842544218936524,0.424963924963925,1386
__pooled__,20,oracle_T_K,equal_mass,6,0.4052656888961792,0.4509079307317734,0.42812859543640147,0.4513338139870223,1387
__pooled__,20,oracle_T_K,equal_mass,7,0.4509079307317734,0.5001727342605591,0.4748384914270899,0.5144300144300145,1386
__pooled__,20,oracle_T_K,equal_mass,8,0.5001727342605591,0.5547000467777252,0.5271733061134515,0.5666906993511175,1387
__pooled__,20,oracle_T_K,equal_mass,9,0.5547000467777252,0.6201280653476715,0.5876843183265802,0.6294160057678443,1387
__pooled__,20,oracle_T_K,equal_mass,10,0.6201280653476715,0.6955967545509338,0.6576510189587592,0.6991341991341992,1386
__pooled__,20,oracle_T_K,equal_mass,11,0.6955967545509338,0.7802205085754395,0.7369515594597248,0.7945205479452054,1387
__pooled__,20,oracle_T_K,equal_mass,12,0.7802205085754395,0.8732020854949951,0.8264619901152744,0.8650793650793651,1386
__pooled__,20,oracle_T_K,equal_mass,13,0.8732020854949951,0.9545015394687653,0.9151319527935449,0.9365537130497477,1387
__pooled__,20,oracle_T_K,equal_mass,14,0.9545015394687653,1.0,0.9813531612266975,0.9798125450612833,1387
__pooled__,50,native,equal_width,0,0.0,0.06666666666666667,0.060478001336256665,0.044444444444444446,45
__pooled__,50,native,equal_width,1,0.06666666666666667,0.13333333333333333,0.10907628583695822,0.11934552454282965,2078
__pooled__,50,native,equal_width,2,0.13333333333333333,0.2,0.1673234513962528,0.18272068687952778,3727
__pooled__,50,native,equal_width,3,0.2,0.26666666666666666,0.23187916784652515,0.278403898872982,3283
__pooled__,50,native,equal_width,4,0.26666666666666666,0.3333333333333333,0.2985819070919315,0.3626501356063541,2581
__pooled__,50,native,equal_width,5,0.3333333333333333,0.4,0.3645930670647406,0.4386149003147954,1906
__pooled__,50,native,equal_width,6,0.4,0.4666666666666667,0.4316273291094774,0.4741496598639456,1470
__pooled__,50,native,equal_width,7,0.4666666666666667,0.5333333333333333,0.4981675504172435,0.5737704918032787,1220
__pooled__,50,native,equal_width,8,0.5333333333333333,0.6,0.5673508304338114,0.6840390879478827,921
__pooled__,50,native,equal_width,9,0.6,0.6666666666666666,0.632456494505341,0.731081081081081,740
__pooled__,50,native,equal_width,10,0.6666666666666666,0.7333333333333333,0.6981946034438409,0.8075801749271136,686
__pooled__,50,native,equal_width,11,0.7333333333333333,0.8,0.7671281809300448,0.8283185840707965,565
__pooled__,50,native,equal_width,12,0.8,0.8666666666666667,0.8324259893147056,0.8882235528942116,501
__pooled__,50,native,equal_width,13,0.8666666666666667,0.9333333333333333,0.9007789891508607,0.9284332688588007,517
__pooled__,50,native,equal_width,14,0.9333333333333333,1.0,0.9665149137884218,0.964221824686941,559
__pooled__,50,native,equal_mass,0,0.0,0.11822041124105453,0.09857439149695613,0.10830324909747292,1385
__pooled__,50,native,equal_mass,1,0.11822041124105453,0.14570410549640656,0.13229614782874455,0.1361671469740634,1388
__pooled__,50,native,equal_mass,2,0.14570410549640656,0.17085695266723633,0.15866338164904417,0.18398268398268397,1386
__pooled__,50,native,equal_mass,3,0.17085695266723633,0.19445525854825974,0.18242920796563494,0.19610670511896178,1387
__pooled__,50,native,equal_mass,4,0.19445525854825974,0.22037574648857117,0.20709669753296733,0.2516222062004326,1387
__pooled__,50,native,equal_mass,5,0.22037574648857117,0.24804989248514175,0.23424137414877894,0.2727272727272727,1386
__pooled__,50,native,equal_mass,6,0.24804989248514175,0.2800537645816803,0.2637456931501477,0.31002162941600575,1387
__pooled__,50,native,equal_mass,7,0.2800537645816803,0.31627070903778076,0.29747449412060334,0.36724386724386726,1386
__pooled__,50,native,equal_mass,8,0.31627070903778076,0.357056200504303,0.33585489032589966,0.40591204037490985,1387
__pooled__,50,native,equal_mass,9,0.357056200504303,0.40962980687618256,0.3824434800163481,0.4556596971881759,1387
__pooled__,50,native,equal_mass,10,0.40962980687618256,0.4738498032093048,0.44087646290939436,0.48773448773448774,1386
__pooled__,50,native,equal_mass,11,0.4738498032093048,0.5578227639198303,0.5127145746197731,0.5962509012256669,1387
__pooled__,50,native,equal_mass,12,0.5578227639198303,0.6700916588306427,0.6112024743663628,0.7222222222222222,1386
__pooled__,50,native,equal_mass,13,0.6700916588306427,0.8229703307151794,0.7431013663638472,0.8204758471521268,1387
__pooled__,50,native,equal_mass,14,0.8229703307151794,1.0,0.9146717105654392,0.9387166546503244,1387
__pooled__,50,global_T_corrected,equal_width,0,0.0,0.06666666666666667,0.060306343560417495,0.027777777777777776,72
__pooled__,50,global_T_corrected,equal_width,1,0.06666666666666667,0.13333333333333333,0.10775723881514546,0.12445501387237416,2523
__pooled__,50,global_T_corrected,equal_width,2,0.13333333333333333,0.2,0.16667973247763263,0.2060635937885137,4057
__pooled__,50,global_T_corrected,equal_width,3,0.2,0.26666666666666666,0.23203455950029647,0.2950572634116938,3318
__pooled__,50,global_T_corrected,equal_width,4,0.26666666666666666,0.3333333333333333,0.29843379591565683,0.39282868525896414,2510
__pooled__,50,global_T_corrected,equal_width,5,0.3333333333333333,0.4,0.36486447396606503,0.4556048834628191,1802
__pooled__,50,global_T_corrected,equal_width,6,0.4,0.4666666666666667,0.4318859655321725,0.5341701534170153,1434
__pooled__,50,global_T_corrected,equal_width,7,0.4666666666666667,0.5333333333333333,0.4980712784445563,0.598139534883721,1075
__pooled__,50,global_T_corrected,equal_width,8,0.5333333333333333,0.6,0.563939983687125,0.706021251475797,847
__pooled__,50,global_T_corrected,equal_width,9,0.6,0.6666666666666666,0.6312788820778077,0.774798927613941,746
__pooled__,50,global_T_corrected,equal_width,10,0.6666666666666666,0.7333333333333333,0.6984409943046506,0.8037225042301185,591
__pooled__,50,global_T_corrected,equal_width,11,0.7333333333333333,0.8,0.7666279761330803,0.8604206500956023,523
__pooled__,50,global_T_corrected,equal_width,12,0.8,0.8666666666666667,0.8350705087592227,0.8997722095671982,439
__pooled__,50,global_T_corrected,equal_width,13,0.8666666666666667,0.9333333333333333,0.9025207243763838,0.9463519313304721,466
__pooled__,50,global_T_corrected,equal_width,14,0.9333333333333333,1.0,0.9677556045729705,0.9772727272727273,396
__pooled__,50,global_T_corrected,equal_mass,0,0.0,0.11091549322009087,0.09266499982015224,0.11038961038961038,1386
__pooled__,50,global_T_corrected,equal_mass,1,0.11091549322009087,0.13627252727746964,0.12383911584617427,0.1384282624369142,1387
__pooled__,50,global_T_corrected,equal_mass,2,0.13627252727746964,0.159294031560421,0.14812952872863316,0.18267148014440432,1385
__pooled__,50,global_T_corrected,equal_mass,3,0.159294031560421,0.1811586245894432,0.1702719310926601,0.19740634005763688,1388
__pooled__,50,global_T_corrected,equal_mass,4,0.1811586245894432,0.2054665982723236,0.19299468340079562,0.25378514780100936,1387
__pooled__,50,global_T_corrected,equal_mass,5,0.2054665982723236,0.23099246621131897,0.21819515703817569,0.2808664259927798,1385
__pooled__,50,global_T_corrected,equal_mass,6,0.23099246621131897,0.26092590391635895,0.24572753540162395,0.30331412103746397,1388
__pooled__,50,global_T_corrected,equal_mass,7,0.26092590391635895,0.29430049657821655,0.27724379453738185,0.373015873015873,1386
__pooled__,50,global_T_corrected,equal_mass,8,0.29430049657821655,0.3332972973585129,0.3130140028458838,0.40807498197548664,1387
__pooled__,50,global_T_corrected,equal_mass,9,0.3332972973585129,0.38238854706287384,0.3568483093228371,0.4556596971881759,1387
__pooled__,50,global_T_corrected,equal_mass,10,0.38238854706287384,0.44390931725502014,0.4121703572388507,0.48773448773448774,1386
__pooled__,50,global_T_corrected,equal_mass,11,0.44390931725502014,0.5222500264644623,0.4802921602600499,0.5897620764239365,1387
__pooled__,50,global_T_corrected,equal_mass,12,0.5222500264644623,0.6317242383956909,0.5743763140613727,0.7171717171717171,1386
__pooled__,50,global_T_corrected,equal_mass,13,0.6317242383956909,0.7893750071525574,0.7051749791098569,0.8175919250180245,1387
__pooled__,50,global_T_corrected,equal_mass,14,0.7893750071525574,1.0,0.8931096396862215,0.9372746935832732,1387
__pooled__,50,oracle_T_K,equal_width,0,0.0,0.06666666666666667,0.06025536127743267,0.047619047619047616,42
__pooled__,50,oracle_T_K,equal_width,1,0.06666666666666667,0.13333333333333333,0.10923604064337428,0.11947547353084022,2059
__pooled__,50,oracle_T_K,equal_width,2,0.13333333333333333,0.2,0.16756895467679134,0.18221024258760107,3710
__pooled__,50,oracle_T_K,equal_width,3,0.2,0.26666666666666666,0.2321433588557757,0.27708269758925846,3277
__pooled__,50,oracle_T_K,equal_width,4,0.26666666666666666,0.3333333333333333,0.29885890658444003,0.36226268888027896,2581
__pooled__,50,oracle_T_K,equal_width,5,0.3333333333333333,0.4,0.3646724033813005,0.4366789280084078,1903
__pooled__,50,oracle_T_K,equal_width,6,0.4,0.4666666666666667,0.4317734906615594,0.47102425876010784,1484
__pooled__,50,oracle_T_K,equal_width,7,0.4666666666666667,0.5333333333333333,0.49843844034285845,0.571076417419885,1217
__pooled__,50,oracle_T_K,equal_width,8,0.5333333333333333,0.6,0.5670342826739488,0.676822633297062,919
__pooled__,50,oracle_T_K,equal_width,9,0.6,0.6666666666666666,0.6323161399978627,0.7318361955085865,757
__pooled__,50,oracle_T_K,equal_width,10,0.6666666666666666,0.7333333333333333,0.6990219092782523,0.8078034682080925,692
__pooled__,50,oracle_T_K,equal_width,11,0.7333333333333333,0.8,0.7672963382736329,0.8189964157706093,558
__pooled__,50,oracle_T_K,equal_width,12,0.8,0.8666666666666667,0.832363169756718,0.890625,512
__pooled__,50,oracle_T_K,equal_width,13,0.8666666666666667,0.9333333333333333,0.9012253945461879,0.9292543021032504,523
__pooled__,50,oracle_T_K,equal_width,14,0.9333333333333333,1.0,0.9668799813869781,0.9646017699115044,565
__pooled__,50,oracle_T_K,equal_mass,0,0.0,0.11879704147577286,0.09901162332614608,0.10822510822510822,1386
__pooled__,50,oracle_T_K,equal_mass,1,0.11879704147577286,0.14625035971403122,0.13290911614787432,0.1362653208363374,1387
__pooled__,50,oracle_T_K,equal_mass,2,0.14625035971403122,0.17163074761629105,0.15941260559390288,0.18253968253968253,1386
__pooled__,50,oracle_T_K,equal_mass,3,0.17163074761629105,0.19539199769496918,0.18329319914382572,0.19826964671953856,1387
__pooled__,50,oracle_T_K,equal_mass,4,0.19539199769496918,0.22136233747005463,0.2080985485282663,0.250901225666907,1387
__pooled__,50,oracle_T_K,equal_mass,5,0.22136233747005463,0.24932025372982025,0.23537608332835236,0.27344877344877344,1386
__pooled__,50,oracle_T_K,equal_mass,6,0.24932025372982025,0.2814944088459015,0.2650191120819471,0.3064167267483778,1387
__pooled__,50,oracle_T_K,equal_mass,7,0.2814944088459015,0.31781214475631714,0.29890448463513564,0.36724386724386726,1386
__pooled__,50,oracle_T_K,equal_mass,8,0.31781214475631714,0.3588792681694031,0.33747093131323896,0.40807498197548664,1387
__pooled__,50,oracle_T_K,equal_mass,9,0.3588792681694031,0.41150832176208496,0.384235663837723,0.4534967555875991,1387
__pooled__,50,oracle_T_K,equal_mass,10,0.41150832176208496,0.4761628359556198,0.44287686469234944,0.4898989898989899,1386
__pooled__,50,oracle_T_K,equal_mass,11,0.4761628359556198,0.5604281723499298,0.5149841136053989,0.5955299206921413,1387
__pooled__,50,oracle_T_K,equal_mass,12,0.5604281723499298,0.6728866994380951,0.6137406761082048,0.7236652236652237,1386
__pooled__,50,oracle_T_K,equal_mass,13,0.6728866994380951,0.8255579769611359,0.7456408693108012,0.8204758471521268,1387
__pooled__,50,oracle_T_K,equal_mass,14,0.8255579769611359,1.0,0.9160339548249166,0.9387166546503244,1387
