eval_split,K,variant,binning,bin_index,bin_low,bin_high,bin_confidence,bin_accuracy,bin_count
val_select,5,native,equal_width,0,0.0,0.06666666666666667,0.0,0.0,0
val_select,5,native,equal_width,1,0.06666666666666667,0.13333333333333333,0.0,0.0,0
val_select,5,native,equal_width,2,0.13333333333333333,0.2,0.0,0.0,0
val_select,5,native,equal_width,3,0.2,0.26666666666666666,0.25172777771949767,0.2,5
val_select,5,native,equal_width,4,0.26666666666666666,0.3333333333333333,0.3080180983864859,0.2247191011235955,89
val_select,5,native,equal_width,5,0.3333333333333333,0.4,0.36970347450538116,0.3,220
val_select,5,native,equal_width,6,0.4,0.4666666666666667,0.4328018353346994,0.37275064267352187,389
val_select,5,native,equal_width,7,0.4666666666666667,0.5333333333333333,0.5024193741721237,0.533195020746888,482
val_select,5,native,equal_width,8,0.5333333333333333,0.6,0.5664704907956589,0.5613305613305614,481
val_select,5,native,equal_width,9,0.6,0.6666666666666666,0.6322795679402906,0.5906976744186047,430
val_select,5,native,equal_width,10,0.6666666666666666,0.7333333333333333,0.6982608146783782,0.697560975609756,410
val_select,5,native,equal_width,11,0.7333333333333333,0.8,0.7661035593885642,0.7379807692307693,416
val_select,5,native,equal_width,12,0.8,0.8666666666666667,0.8344819770886881,0.8280871670702179,413
val_select,5,native,equal_width,13,0.8666666666666667,0.9333333333333333,0.9008783608282128,0.8738229755178908,531
val_select,5,native,equal_width,14,0.9333333333333333,1.0,0.9824070006945712,0.96045197740113,1416
val_select,5,native,equal_mass,0,0.0,0.4063433110713959,0.3558894253184653,0.28774928774928776,351
val_select,5,native,equal_mass,1,0.4063433110713959,0.4667949825525284,0.4360238493501971,0.37393767705382436,353
val_select,5,native,equal_mass,2,0.4667949825525284,0.518467366695404,0.4938379540531473,0.5198863636363636,352
val_select,5,native,equal_mass,3,0.518467366695404,0.5634062588214874,0.5401095888492736,0.5653409090909091,352
val_select,5,native,equal_mass,4,0.5634062588214874,0.6125382781028748,0.5884442353113131,0.5681818181818182,352
val_select,5,native,equal_mass,5,0.6125382781028748,0.6698617339134216,0.6410951458595016,0.5994318181818182,352
val_select,5,native,equal_mass,6,0.6698617339134216,0.7243753373622894,0.6959708270362832,0.6846590909090909,352
val_select,5,native,equal_mass,7,0.7243753373622894,0.7813672125339508,0.7543638547824395,0.7082152974504249,353
val_select,5,native,equal_mass,8,0.7813672125339508,0.8419018685817719,0.8119212314486504,0.8323863636363636,352
val_select,5,native,equal_mass,9,0.8419018685817719,0.8901456296443939,0.8672652236101303,0.8352272727272727,352
val_select,5,native,equal_mass,10,0.8901456296443939,0.9342058598995209,0.9133208763193,0.8948863636363636,352
val_select,5,native,equal_mass,11,0.9342058598995209,0.9686362147331238,0.9525427039374005,0.9460227272727273,352
val_select,5,native,equal_mass,12,0.9686362147331238,0.9915304780006409,0.9811548682099039,0.9346590909090909,352
val_select,5,native,equal_mass,13,0.9915304780006409,0.9998017251491547,0.9968795805153522,0.9602272727272727,352
val_select,5,native,equal_mass,14,0.9998017251491547,1.0,0.9999673253416002,1.0,353
val_select,5,global_T_corrected,equal_width,0,0.0,0.06666666666666667,0.0,0.0,0
val_select,5,global_T_corrected,equal_width,1,0.06666666666666667,0.13333333333333333,0.0,0.0,0
val_select,5,global_T_corrected,equal_width,2,0.13333333333333333,0.2,0.0,0.0,0
val_select,5,global_T_corrected,equal_width,3,0.2,0.26666666666666666,0.2516979915755136,0.14285714285714285,7
val_select,5,global_T_corrected,equal_width,4,0.26666666666666666,0.3333333333333333,0.3054950203289065,0.23684210526315788,114
val_select,5,global_T_corrected,equal_width,5,0.3333333333333333,0.4,0.37040385680320936,0.3141025641025641,312
val_select,5,global_T_corrected,equal_width,6,0.4,0.4666666666666667,0.4331652758229604,0.43914081145584727,419
val_select,5,global_T_corrected,equal_width,7,0.4666666666666667,0.5333333333333333,0.5001342905411286,0.5344506517690876,537
val_select,5,global_T_corrected,equal_width,8,0.5333333333333333,0.6,0.565691739086091,0.59251968503937,508
val_select,5,global_T_corrected,equal_width,9,0.6,0.6666666666666666,0.6324955187495515,0.6355748373101953,461
val_select,5,global_T_corrected,equal_width,10,0.6666666666666666,0.7333333333333333,0.700504373870876,0.7020785219399538,433
val_select,5,global_T_corrected,equal_width,11,0.7333333333333333,0.8,0.7660460004242517,0.8387096774193549,372
val_select,5,global_T_corrected,equal_width,12,0.8,0.8666666666666667,0.8332182803676699,0.8389261744966443,447
val_select,5,global_T_corrected,equal_width,13,0.8666666666666667,0.9333333333333333,0.9000333417246549,0.9129511677282378,471
val_select,5,global_T_corrected,equal_width,14,0.9333333333333333,1.0,0.9814913319509095,0.9658617818484596,1201
val_select,5,global_T_corrected,equal_mass,0,0.0,0.38703516125679016,0.3415996937758543,0.2727272727272727,352
val_select,5,global_T_corrected,equal_mass,1,0.38703516125679016,0.44330547749996185,0.4144887760789557,0.3977272727272727,352
val_select,5,global_T_corrected,equal_mass,2,0.44330547749996185,0.4925351142883301,0.469813308255239,0.4943181818181818,352
val_select,5,global_T_corrected,equal_mass,3,0.4925351142883301,0.5356787145137787,0.5138032663274895,0.5738636363636364,352
val_select,5,global_T_corrected,equal_mass,4,0.5356787145137787,0.5791822075843811,0.5581308510154486,0.5625,352
val_select,5,global_T_corrected,equal_mass,5,0.5791822075843811,0.6309479475021362,0.6046197614209219,0.59375,352
val_select,5,global_T_corrected,equal_mass,6,0.6309479475021362,0.6839343011379242,0.6565873898904432,0.7215909090909091,352
val_select,5,global_T_corrected,equal_mass,7,0.6839343011379242,0.737776130437851,0.7105939663503393,0.6883852691218131,353
val_select,5,global_T_corrected,equal_mass,8,0.737776130437851,0.8010750412940979,0.7688706444407051,0.8409090909090909,352
val_select,5,global_T_corrected,equal_mass,9,0.8010750412940979,0.8540785610675812,0.8271600483832035,0.8323863636363636,352
val_select,5,global_T_corrected,equal_mass,10,0.8540785610675812,0.9044167101383209,0.8791119549423456,0.8920454545454546,352
val_select,5,global_T_corrected,equal_mass,11,0.9044167101383209,0.9497228562831879,0.9277368641307211,0.9430199430199431,351
val_select,5,global_T_corrected,equal_mass,12,0.9497228562831879,0.9835397899150848,0.9673252666300485,0.9348441926345609,353
val_select,5,global_T_corrected,equal_mass,13,0.9835397899150848,0.9993689060211182,0.9933655573563143,0.9630681818181818,352
val_select,5,global_T_corrected,equal_mass,14,0.9993689060211182,1.0,0.9998816587769613,1.0,353
val_select,5,oracle_T_K,equal_width,0,0.0,0.06666666666666667,0.0,0.0,0
val_select,5,oracle_T_K,equal_width,1,0.06666666666666667,0.13333333333333333,0.0,0.0,0
val_select,5,oracle_T_K,equal_width,2,0.13333333333333333,0.2,0.0,0.0,0
val_select,5,oracle_T_K,equal_width,3,0.2,0.26666666666666666,0.2518447978155954,0.14285714285714285,7
val_select,5,oracle_T_K,equal_width,4,0.26666666666666666,0.3333333333333333,0.30550022963928963,0.23008849557522124,113
val_select,5,oracle_T_K,equal_width,5,0.3333333333333333,0.4,0.37029982857333804,0.3074433656957929,309
val_select,5,oracle_T_K,equal_width,6,0.4,0.4666666666666667,0.4328844164915794,0.4460431654676259,417
val_select,5,oracle_T_K,equal_width,7,0.4666666666666667,0.5333333333333333,0.49993463194192345,0.5298507462686567,536
val_select,5,oracle_T_K,equal_width,8,0.5333333333333333,0.6,0.5657642624573782,0.59765625,512
val_select,5,oracle_T_K,equal_width,9,0.6,0.6666666666666666,0.6327915207233304,0.6318082788671024,459
val_select,5,oracle_T_K,equal_width,10,0.6666666666666666,0.7333333333333333,0.7006644639703963,0.6967592592592593,432
val_select,5,oracle_T_K,equal_width,11,0.7333333333333333,0.8,0.7662780426343282,0.8426666666666667,375
val_select,5,oracle_T_K,equal_width,12,0.8,0.8666666666666667,0.833530644038776,0.8378378378378378,444
val_select,5,oracle_T_K,equal_width,13,0.8666666666666667,0.9333333333333333,0.900191134792843,0.9113924050632911,474
val_select,5,oracle_T_K,equal_width,14,0.9333333333333333,1.0,0.981590038914221,0.9659468438538206,1204
val_select,5,oracle_T_K,equal_mass,0,0.0,0.3874407559633255,0.3419316571036523,0.2755681818181818,352
val_select,5,oracle_T_K,equal_mass,1,0.3874407559633255,0.44395947456359863,0.4149839189750227,0.39488636363636365,352
val_select,5,oracle_T_K,equal_mass,2,0.44395947456359863,0.49316924810409546,0.47032802651750394,0.4985754985754986,351
val_select,5,oracle_T_K,equal_mass,3,0.49316924810409546,0.5362072885036469,0.5143533807469495,0.56657223796034,353
val_select,5,oracle_T_K,equal_mass,4,0.5362072885036469,0.5799005031585693,0.5588296330110594,0.5710227272727273,352
val_select,5,oracle_T_K,equal_mass,5,0.5799005031585693,0.6315037310123444,0.6054457087408412,0.5852272727272727,352
val_select,5,oracle_T_K,equal_mass,6,0.6315037310123444,0.6849983930587769,0.6575048137456179,0.7244318181818182,352
val_select,5,oracle_T_K,equal_mass,7,0.6849983930587769,0.7386763393878937,0.7116138563615404,0.6883852691218131,353
val_select,5,oracle_T_K,equal_mass,8,0.7386763393878937,0.8019405603408813,0.7699060782112859,0.8409090909090909,352
val_select,5,oracle_T_K,equal_mass,9,0.8019405603408813,0.8550966680049896,0.8281537905674089,0.8323863636363636,352
val_select,5,oracle_T_K,equal_mass,10,0.8550966680049896,0.9052362442016602,0.8799898306077177,0.8920454545454546,352
val_select,5,oracle_T_K,equal_mass,11,0.9052362442016602,0.9502237737178802,0.9283993123603342,0.9430199430199431,351
val_select,5,oracle_T_K,equal_mass,12,0.9502237737178802,0.9838027358055115,0.9677175229399467,0.9348441926345609,353
val_select,5,oracle_T_K,equal_mass,13,0.9838027358055115,0.9993844926357269,0.9934760545465079,0.9630681818181818,352
val_select,5,oracle_T_K,equal_mass,14,0.9993844926357269,1.0,0.9998850065993182,1.0,353
val_select,10,native,equal_width,0,0.0,0.06666666666666667,0.0,0.0,0
val_select,10,native,equal_width,1,0.06666666666666667,0.13333333333333333,0.0,0.0,0
val_select,10,native,equal_width,2,0.13333333333333333,0.2,0.18708862991709457,0.2631578947368421,19
val_select,10,native,equal_width,3,0.2,0.26666666666666666,0.23940075991882218,0.17777777777777778,180
val_select,10,native,equal_width,4,0.26666666666666666,0.3333333333333333,0.30347564256772763,0.26097560975609757,410
val_select,10,native,equal_width,5,0.3333333333333333,0.4,0.3671487777016,0.3380035026269702,571
val_select,10,native,equal_width,6,0.4,0.4666666666666667,0.4320214877908046,0.3916083916083916,572
val_select,10,native,equal_width,7,0.4666666666666667,0.5333333333333333,0.49933031983331805,0.4954128440366973,545
val_select,10,native,equal_width,8,0.5333333333333333,0.6,0.5654504381914733,0.5412474849094567,497
val_select,10,native,equal_width,9,0.6,0.6666666666666666,0.6347305479463837,0.57981220657277,426
val_select,10,native,equal_width,10,0.6666666666666666,0.7333333333333333,0.6995864627817571,0.660377358490566,371
val_select,10,native,equal_width,11,0.7333333333333333,0.8,0.7646454230442152,0.7445054945054945,364
val_select,10,native,equal_width,12,0.8,0.8666666666666667,0.8336584738322667,0.7899159663865546,357
val_select,10,native,equal_width,13,0.8666666666666667,0.9333333333333333,0.8996258950041186,0.8548387096774194,372
val_select,10,native,equal_width,14,0.9333333333333333,1.0,0.9766828037025936,0.9381270903010034,598
val_select,10,native,equal_mass,0,0.0,0.29806379973888397,0.25563422023234045,0.20170454545454544,352
val_select,10,native,equal_mass,1,0.29806379973888397,0.3448338657617569,0.3218399647792632,0.29261363636363635,352
val_select,10,native,equal_mass,2,0.3448338657617569,0.3863474130630493,0.3655319257893346,0.35795454545454547,352
val_select,10,native,equal_mass,3,0.3863474130630493,0.4254044443368912,0.40563687504353846,0.32954545454545453,352
val_select,10,native,equal_mass,4,0.4254044443368912,0.4676958918571472,0.4455844610929489,0.42045454545454547,352
val_select,10,native,equal_mass,5,0.4676958918571472,0.5105552673339844,0.4882955013520338,0.48579545454545453,352
val_select,10,native,equal_mass,6,0.5105552673339844,0.5544010102748871,0.5321130613711748,0.5198863636363636,352
val_select,10,native,equal_mass,7,0.5544010102748871,0.6042183041572571,0.5781613865249893,0.5580736543909348,353
val_select,10,native,equal_mass,8,0.6042183041572571,0.6600797474384308,0.6327700328759172,0.5880681818181818,352
val_select,10,native,equal_mass,9,0.6600797474384308,0.7220814526081085,0.6887583097612316,0.6448863636363636,352
val_select,10,native,equal_mass,10,0.7220814526081085,0.7825207412242889,0.751214325428009,0.7159090909090909,352
val_select,10,native,equal_mass,11,0.7825207412242889,0.8496968448162079,0.8177566524933685,0.78125,352
val_select,10,native,equal_mass,12,0.8496968448162079,0.9139582216739655,0.8818473463708704,0.8238636363636364,352
val_select,10,native,equal_mass,13,0.9139582216739655,0.9752532243728638,0.9448056469925425,0.8892045454545454,352
val_select,10,native,equal_mass,14,0.9752532243728638,1.0,0.9924064018571005,0.9773371104815864,353
val_select,10,global_T_corrected,equal_width,0,0.0,0.06666666666666667,0.0,0.0,0
val_select,10,global_T_corrected,equal_width,1,0.06666666666666667,0.13333333333333333,0.0,0.0,0
val_select,10,global_T_corrected,equal_width,2,0.13333333333333333,0.2,0.18590035662055016,0.25,36
val_select,10,global_T_corrected,equal_width,3,0.2,0.26666666666666666,0.2383407590738741,0.1927710843373494,249
val_select,10,global_T_corrected,equal_width,4,0.26666666666666666,0.3333333333333333,0.3014972133485801,0.2899628252788104,538
val_select,10,global_T_corrected,equal_width,5,0.3333333333333333,0.4,0.36595434408230954,0.35542168674698793,664
val_select,10,global_T_corrected,equal_width,6,0.4,0.4666666666666667,0.43307465481839075,0.4533106960950764,589
val_select,10,global_T_corrected,equal_width,7,0.4666666666666667,0.5333333333333333,0.4996123610886812,0.5270506108202443,573
val_select,10,global_T_corrected,equal_width,8,0.5333333333333333,0.6,0.5662526247047243,0.5930735930735931,462
val_select,10,global_T_corrected,equal_width,9,0.6,0.6666666666666666,0.6308594977334716,0.6246786632390745,389
val_select,10,global_T_corrected,equal_width,10,0.6666666666666666,0.7333333333333333,0.697887558134357,0.7135678391959799,398
val_select,10,global_T_corrected,equal_width,11,0.7333333333333333,0.8,0.7678879298315457,0.7730061349693251,326
val_select,10,global_T_corrected,equal_width,12,0.8,0.8666666666666667,0.8323226885975532,0.839622641509434,318
val_select,10,global_T_corrected,equal_width,13,0.8666666666666667,0.9333333333333333,0.9004892843168343,0.8737201365187713,293
val_select,10,global_T_corrected,equal_width,14,0.9333333333333333,1.0,0.9771124579229078,0.9619686800894854,447
val_select,10,global_T_corrected,equal_mass,0,0.0,0.27550020813941956,0.23922495941885494,0.1903409090909091,352
val_select,10,global_T_corrected,equal_mass,1,0.27550020813941956,0.31992684304714203,0.298748105510392,0.30113636363636365,352
val_select,10,global_T_corrected,equal_mass,2,0.31992684304714203,0.355084091424942,0.33792574949223886,0.34375,352
val_select,10,global_T_corrected,equal_mass,3,0.355084091424942,0.39144793152809143,0.3740597368979996,0.3380681818181818,352
val_select,10,global_T_corrected,equal_mass,4,0.39144793152809143,0.43032106757164,0.41066750164397736,0.42329545454545453,352
val_select,10,global_T_corrected,equal_mass,5,0.43032106757164,0.47105294466018677,0.4507615522227504,0.48579545454545453,352
val_select,10,global_T_corrected,equal_mass,6,0.47105294466018677,0.5111303925514221,0.4911389219659296,0.5340909090909091,352
val_select,10,global_T_corrected,equal_mass,7,0.5111303925514221,0.5570194125175476,0.532885264266621,0.5454545454545454,352
val_select,10,global_T_corrected,equal_mass,8,0.5570194125175476,0.6076308786869049,0.5823659957637193,0.5920679886685553,353
val_select,10,global_T_corrected,equal_mass,9,0.6076308786869049,0.6697724759578705,0.6375305498526855,0.6448863636363636,352
val_select,10,global_T_corrected,equal_mass,10,0.6697724759578705,0.7294489741325378,0.6972769678316333,0.7130681818181818,352
val_select,10,global_T_corrected,equal_mass,11,0.7294489741325378,0.7999557852745056,0.765266891388472,0.7720797720797721,351
val_select,10,global_T_corrected,equal_mass,12,0.7999557852745056,0.8742469847202301,0.8361404398007704,0.8385269121813032,353
val_select,10,global_T_corrected,equal_mass,13,0.8742469847202301,0.9563931524753571,0.9150436855852604,0.8920454545454546,352
val_select,10,global_T_corrected,equal_mass,14,0.9563931524753571,1.0,0.9859441682569704,0.9716713881019831,353
val_select,10,oracle_T_K,equal_width,0,0.0,0.06666666666666667,0.0,0.0,0
val_select,10,oracle_T_K,equal_width,1,0.06666666666666667,0.13333333333333333,0.0,0.0,0
val_select,10,oracle_T_K,equal_width,2,0.13333333333333333,0.2,0.18648926639243177,0.23684210526315788,38
val_select,10,oracle_T_K,equal_width,3,0.2,0.26666666666666666,0.23885736207800556,0.1952191235059761,251
val_select,10,oracle_T_K,equal_width,4,0.26666666666666666,0.3333333333333333,0.3018198012203915,0.28835489833641403,541
val_select,10,oracle_T_K,equal_width,5,0.3333333333333333,0.4,0.36599384153431114,0.35909090909090907,660
val_select,10,oracle_T_K,equal_width,6,0.4,0.4666666666666667,0.4329228410276316,0.45254237288135596,590
val_select,10,oracle_T_K,equal_width,7,0.4666666666666667,0.5333333333333333,0.4992661342286227,0.5280701754385965,570
val_select,10,oracle_T_K,equal_width,8,0.5333333333333333,0.6,0.5658050295093964,0.5948275862068966,464
val_select,10,oracle_T_K,equal_width,9,0.6,0.6666666666666666,0.63050475793401,0.6237113402061856,388
val_select,10,oracle_T_K,equal_width,10,0.6666666666666666,0.7333333333333333,0.6976519900367147,0.713216957605985,401
val_select,10,oracle_T_K,equal_width,11,0.7333333333333333,0.8,0.7682625202507507,0.774390243902439,328
val_select,10,oracle_T_K,equal_width,12,0.8,0.8666666666666667,0.832495489249976,0.8370607028753994,313
val_select,10,oracle_T_K,equal_width,13,0.8666666666666667,0.9333333333333333,0.9003680808145439,0.8771331058020477,293
val_select,10,oracle_T_K,equal_width,14,0.9333333333333333,1.0,0.9771220472421539,0.9617977528089887,445
val_select,10,oracle_T_K,equal_mass,0,0.0,0.2752735912799835,0.2389797234738415,0.1903409090909091,352
val_select,10,oracle_T_K,equal_mass,1,0.2752735912799835,0.3196653723716736,0.29840302687476983,0.30113636363636365,352
val_select,10,oracle_T_K,equal_mass,2,0.3196653723716736,0.35462987422943115,0.33751634415239096,0.34375,352
val_select,10,oracle_T_K,equal_mass,3,0.35462987422943115,0.3909646272659302,0.3735891468822956,0.3352272727272727,352
val_select,10,oracle_T_K,equal_mass,4,0.3909646272659302,0.4297916144132614,0.4101393837481737,0.4289772727272727,352
val_select,10,oracle_T_K,equal_mass,5,0.4297916144132614,0.47053262591362,0.4501955154436556,0.48295454545454547,352
val_select,10,oracle_T_K,equal_mass,6,0.47053262591362,0.5102218389511108,0.490510251542384,0.5340909090909091,352
val_select,10,oracle_T_K,equal_mass,7,0.5102218389511108,0.5564124882221222,0.5322834000033629,0.5439093484419264,353
val_select,10,oracle_T_K,equal_mass,8,0.5564124882221222,0.6068410277366638,0.5816827553578399,0.5909090909090909,352
val_select,10,oracle_T_K,equal_mass,9,0.6068410277366638,0.669161468744278,0.6367407046597112,0.6505681818181818,352
val_select,10,oracle_T_K,equal_mass,10,0.669161468744278,0.7285929024219513,0.6964413080025803,0.7102272727272727,352
val_select,10,oracle_T_K,equal_mass,11,0.7285929024219513,0.7990013360977173,0.7644288332713636,0.7720797720797721,351
val_select,10,oracle_T_K,equal_mass,12,0.7990013360977173,0.8736392557621002,0.8353838206350634,0.8385269121813032,353
val_select,10,oracle_T_K,equal_mass,13,0.8736392557621002,0.9560446441173553,0.914517188614065,0.8920454545454546,352
val_select,10,oracle_T_K,equal_mass,14,0.9560446441173553,1.0,0.9858179595585248,0.9716713881019831,353
val_select,20,native,equal_width,0,0.0,0.06666666666666667,0.0,0.0,0
val_select,20,native,equal_width,1,0.06666666666666667,0.13333333333333333,0.12063006435831387,0.16666666666666666,24
val_select,20,native,equal_width,2,0.13333333333333333,0.2,0.1748652496906926,0.12386706948640483,331
val_select,20,native,equal_width,3,0.2,0.26666666666666666,0.23478136188015128,0.21037463976945245,694
val_select,20,native,equal_width,4,0.26666666666666666,0.3333333333333333,0.2985454443193251,0.2812903225806452,775
val_select,20,native,equal_width,5,0.3333333333333333,0.4,0.36335909103396274,0.3475783475783476,702
val_select,20,native,equal_width,6,0.4,0.4666666666666667,0.43380163860486326,0.4038128249566724,577
val_select,20,native,equal_width,7,0.4666666666666667,0.5333333333333333,0.4974258727215706,0.4957446808510638,470
val_select,20,native,equal_width,8,0.5333333333333333,0.6,0.5667398874289714,0.5600961538461539,416
val_select,20,native,equal_width,9,0.6,0.6666666666666666,0.6341197212417442,0.5783132530120482,332
val_select,20,native,equal_width,10,0.6666666666666666,0.7333333333333333,0.6984954946919492,0.6396761133603239,247
val_select,20,native,equal_width,11,0.7333333333333333,0.8,0.7660073761467461,0.7702702702702703,222
val_select,20,native,equal_width,12,0.8,0.8666666666666667,0.8322282267398522,0.8360655737704918,183
val_select,20,native,equal_width,13,0.8666666666666667,0.9333333333333333,0.9013412435070361,0.9607843137254902,153
val_select,20,native,equal_width,14,0.9333333333333333,1.0,0.9777537660721021,1.0,156
val_select,20,native,equal_mass,0,0.0,0.1991645246744156,0.17095620701597494,0.1278409090909091,352
val_select,20,native,equal_mass,1,0.1991645246744156,0.2360435649752617,0.218086021698334,0.22727272727272727,352
val_select,20,native,equal_mass,2,0.2360435649752617,0.2669447213411331,0.25181319048120215,0.1875,352
val_select,20,native,equal_mass,3,0.2669447213411331,0.2955712080001831,0.28081287697634916,0.26988636363636365,352
val_select,20,native,equal_mass,4,0.2955712080001831,0.32623180747032166,0.31131263644519175,0.2755681818181818,352
val_select,20,native,equal_mass,5,0.32623180747032166,0.3560376614332199,0.3420454379679127,0.3210227272727273,352
val_select,20,native,equal_mass,6,0.3560376614332199,0.39171601831912994,0.3727176363833926,0.36363636363636365,352
val_select,20,native,equal_mass,7,0.39171601831912994,0.4343061149120331,0.4141354467983624,0.41359773371104813,353
val_select,20,native,equal_mass,8,0.4343061149120331,0.47428543865680695,0.45371961111033504,0.4119318181818182,352
val_select,20,native,equal_mass,9,0.47428543865680695,0.5240878164768219,0.4979895283044739,0.5085227272727273,352
val_select,20,native,equal_mass,10,0.5240878164768219,0.5834817886352539,0.5528027235784314,0.5284090909090909,352
val_select,20,native,equal_mass,11,0.5834817886352539,0.6487992703914642,0.6136438192969019,0.5880681818181818,352
val_select,20,native,equal_mass,12,0.6487992703914642,0.7359899878501892,0.6883647860112515,0.6306818181818182,352
val_select,20,native,equal_mass,13,0.7359899878501892,0.846482664346695,0.7899273241108115,0.78125,352
val_select,20,native,equal_mass,14,0.846482664346695,1.0,0.9295158462213727,0.9773371104815864,353
val_select,20,global_T_corrected,equal_width,0,0.0,0.06666666666666667,0.0,0.0,0
val_select,20,global_T_corrected,equal_width,1,0.06666666666666667,0.13333333333333333,0.11907960491424258,0.18181818181818182,44
val_select,20,global_T_corrected,equal_width,2,0.13333333333333333,0.2,0.17299580266735434,0.1556420233463035,514
val_select,20,global_T_corrected,equal_width,3,0.2,0.26666666666666666,0.23392519479288773,0.23411764705882354,850
val_select,20,global_T_corrected,equal_width,4,0.26666666666666666,0.3333333333333333,0.29951186229503385,0.31101021566401815,881
val_select,20,global_T_corrected,equal_width,5,0.3333333333333333,0.4,0.36689442031913333,0.4,630
val_select,20,global_T_corrected,equal_width,6,0.4,0.4666666666666667,0.4326097293277616,0.4664371772805508,581
val_select,20,global_T_corrected,equal_width,7,0.4666666666666667,0.5333333333333333,0.5003686978447216,0.5532407407407407,432
val_select,20,global_T_corrected,equal_width,8,0.5333333333333333,0.6,0.5673206583508905,0.5849056603773585,371
val_select,20,global_T_corrected,equal_width,9,0.6,0.6666666666666666,0.6325883021894491,0.6452830188679245,265
val_select,20,global_T_corrected,equal_width,10,0.6666666666666666,0.7333333333333333,0.6981447998452301,0.6956521739130435,207
val_select,20,global_T_corrected,equal_width,11,0.7333333333333333,0.8,0.7667798233431811,0.8547486033519553,179
val_select,20,global_T_corrected,equal_width,12,0.8,0.8666666666666667,0.8332001307071784,0.9572649572649573,117
val_select,20,global_T_corrected,equal_width,13,0.8666666666666667,0.9333333333333333,0.8933895501825545,0.9777777777777777,90
val_select,20,global_T_corrected,equal_width,14,0.9333333333333333,1.0,0.9762396866625006,1.0,121
val_select,20,global_T_corrected,equal_mass,0,0.0,0.17985304445028305,0.15599363062276758,0.11931818181818182,352
val_select,20,global_T_corrected,equal_mass,1,0.17985304445028305,0.21299375593662262,0.1972612487575547,0.23863636363636365,352
val_select,20,global_T_corrected,equal_mass,2,0.21299375593662262,0.24025770276784897,0.22664827802641827,0.17897727272727273,352
val_select,20,global_T_corrected,equal_mass,3,0.24025770276784897,0.2666703909635544,0.25247116293758154,0.2784090909090909,352
val_select,20,global_T_corrected,equal_mass,4,0.2666703909635544,0.2932128757238388,0.27929059543054213,0.2840909090909091,352
val_select,20,global_T_corrected,equal_mass,5,0.2932128757238388,0.3191715478897095,0.306257356042889,0.32954545454545453,352
val_select,20,global_T_corrected,equal_mass,6,0.3191715478897095,0.35128191113471985,0.3341867422515696,0.3522727272727273,352
val_select,20,global_T_corrected,equal_mass,7,0.35128191113471985,0.38923726975917816,0.37112039023688426,0.3937677053824363,353
val_select,20,global_T_corrected,equal_mass,8,0.38923726975917816,0.4285549521446228,0.40794870045713405,0.48295454545454547,352
val_select,20,global_T_corrected,equal_mass,9,0.4285549521446228,0.47012265026569366,0.4484039352021434,0.4431818181818182,352
val_select,20,global_T_corrected,equal_mass,10,0.47012265026569366,0.5237644910812378,0.49772470427507703,0.5596590909090909,352
val_select,20,global_T_corrected,equal_mass,11,0.5237644910812378,0.5865350365638733,0.5549761143259027,0.5511363636363636,352
val_select,20,global_T_corrected,equal_mass,12,0.5865350365638733,0.6690317988395691,0.6247164061801,0.6619318181818182,352
val_select,20,global_T_corrected,equal_mass,13,0.6690317988395691,0.7885614335536957,0.7270875910127704,0.7698863636363636,352
val_select,20,global_T_corrected,equal_mass,14,0.7885614335536957,1.0,0.894733529759534,0.9688385269121813,353
val_select,20,oracle_T_K,equal_width,0,0.0,0.06666666666666667,0.0,0.0,0
val_select,20,oracle_T_K,equal_width,1,0.06666666666666667,0.13333333333333333,0.11974178878373878,0.18604651162790697,43
val_select,20,oracle_T_K,equal_width,2,0.13333333333333333,0.2,0.17356552280153822,0.15384615384615385,494
val_select,20,oracle_T_K,equal_width,3,0.2,0.26666666666666666,0.23408544390710617,0.23039806996381182,829
val_select,20,oracle_T_K,equal_width,4,0.26666666666666666,0.3333333333333333,0.29984026920389045,0.3079545454545455,880
val_select,20,oracle_T_K,equal_width,5,0.3333333333333333,0.4,0.36638182988166806,0.392,625
val_select,20,oracle_T_K,equal_width,6,0.4,0.4666666666666667,0.4318106380037873,0.462738301559792,577
val_select,20,oracle_T_K,equal_width,7,0.4666666666666667,0.5333333333333333,0.49994053012211415,0.5462555066079295,454
val_select,20,oracle_T_K,equal_width,8,0.5333333333333333,0.6,0.5673981872143495,0.5757575757575758,363
val_select,20,oracle_T_K,equal_width,9,0.6,0.6666666666666666,0.6312361747568304,0.64,275
val_select,20,oracle_T_K,equal_width,10,0.6666666666666666,0.7333333333333333,0.6979543706788446,0.6912442396313364,217
val_select,20,oracle_T_K,equal_width,11,0.7333333333333333,0.8,0.7687839042572748,0.8412698412698413,189
val_select,20,oracle_T_K,equal_width,12,0.8,0.8666666666666667,0.8360538932143665,0.9590163934426229,122
val_select,20,oracle_T_K,equal_width,13,0.8666666666666667,0.9333333333333333,0.8957922551367018,0.9777777777777777,90
val_select,20,oracle_T_K,equal_width,14,0.9333333333333333,1.0,0.9765967991082899,1.0,124
val_select,20,oracle_T_K,equal_mass,0,0.0,0.18189533799886703,0.15751629263501277,0.11931818181818182,352
val_select,20,oracle_T_K,equal_mass,1,0.18189533799886703,0.21546757221221924,0.19939137995243073,0.23579545454545456,352
val_select,20,oracle_T_K,equal_mass,2,0.21546757221221924,0.2431574985384941,0.22921334274790503,0.18181818181818182,352
val_select,20,oracle_T_K,equal_mass,3,0.2431574985384941,0.26969803869724274,0.25536185940276523,0.28205128205128205,351
val_select,20,oracle_T_K,equal_mass,4,0.26969803869724274,0.29641686379909515,0.28251590978660257,0.28328611898017,353
val_select,20,oracle_T_K,equal_mass,5,0.29641686379909515,0.32297666370868683,0.30990263581955196,0.32193732193732194,351
val_select,20,oracle_T_K,equal_mass,6,0.32297666370868683,0.35491497814655304,0.3380836656174646,0.35694050991501414,353
val_select,20,oracle_T_K,equal_mass,7,0.35491497814655304,0.3941684365272522,0.37558484879499116,0.3937677053824363,353
val_select,20,oracle_T_K,equal_mass,8,0.3941684365272522,0.4338420033454895,0.41277315035801043,0.4715909090909091,352
val_select,20,oracle_T_K,equal_mass,9,0.4338420033454895,0.475327268242836,0.45349792458794336,0.45170454545454547,352
val_select,20,oracle_T_K,equal_mass,10,0.475327268242836,0.5293414294719696,0.5034508926963265,0.5653409090909091,352
val_select,20,oracle_T_K,equal_mass,11,0.5293414294719696,0.5934543907642365,0.561116876419295,0.5596590909090909,352
val_select,20,oracle_T_K,equal_mass,12,0.5934543907642365,0.6759980916976929,0.6314925239844755,0.6448863636363636,352
val_select,20,oracle_T_K,equal_mass,13,0.6759980916976929,0.7962242066860199,0.7339683896438642,0.7698863636363636,352
val_select,20,oracle_T_K,equal_mass,14,0.7962242066860199,1.0,0.898808762811061,0.9745042492917847,353
val_select,50,native,equal_width,0,0.0,0.06666666666666667,0.05868944674730301,0.0,10
val_select,50,native,equal_width,1,0.06666666666666667,0.13333333333333333,0.10935251954772057,0.11773700305810397,654
val_select,50,native,equal_width,2,0.13333333333333333,0.2,0.16661061405334826,0.15869017632241814,1191
val_select,50,native,equal_width,3,0.2,0.26666666666666666,0.23157554717214257,0.2602602602602603,999
val_select,50,native,equal_width,4,0.26666666666666666,0.3333333333333333,0.2985876919055472,0.291156462585034,735
val_select,50,native,equal_width,5,0.3333333333333333,0.4,0.3640258637124408,0.3587174348697395,499
val_select,50,native,equal_width,6,0.4,0.4666666666666667,0.43296564424160827,0.42783505154639173,388
val_select,50,native,equal_width,7,0.4666666666666667,0.5333333333333333,0.4958132606304109,0.5330739299610895,257
val_select,50,native,equal_width,8,0.5333333333333333,0.6,0.5654671559270644,0.6158940397350994,151
val_select,50,native,equal_width,9,0.6,0.6666666666666666,0.6286560846226555,0.65,140
val_select,50,native,equal_width,10,0.6666666666666666,0.7333333333333333,0.701945077914458,0.7019230769230769,104
val_select,50,native,equal_width,11,0.7333333333333333,0.8,0.765327666232835,0.835820895522388,67
val_select,50,native,equal_width,12,0.8,0.8666666666666667,0.8258230752415128,0.7222222222222222,36
val_select,50,native,equal_width,13,0.8666666666666667,0.9333333333333333,0.8995093504587809,0.9090909090909091,33
val_select,50,native,equal_width,14,0.9333333333333333,1.0,0.9640000296963586,1.0,18
val_select,50,native,equal_mass,0,0.0,0.11194832623004913,0.09561628408052704,0.09090909090909091,352
val_select,50,native,equal_mass,1,0.11194832623004913,0.1359940618276596,0.12452572283589027,0.13352272727272727,352
val_select,50,native,equal_mass,2,0.1359940618276596,0.15471511334180832,0.14538763975724578,0.11363636363636363,352
val_select,50,native,equal_mass,3,0.15471511334180832,0.1746663898229599,0.16495988589965485,0.17045454545454544,352
val_select,50,native,equal_mass,4,0.1746663898229599,0.19478581100702286,0.18479877151548862,0.1903409090909091,352
val_select,50,native,equal_mass,5,0.19478581100702286,0.21586260199546814,0.2051605424759063,0.21306818181818182,352
val_select,50,native,equal_mass,6,0.21586260199546814,0.23676037043333054,0.22648447667333213,0.28125,352
val_select,50,native,equal_mass,7,0.23676037043333054,0.2639797627925873,0.25027773172591966,0.28895184135977336,353
val_select,50,native,equal_mass,8,0.2639797627925873,0.2940179109573364,0.27865425692024554,0.2471590909090909,352
val_select,50,native,equal_mass,9,0.2940179109573364,0.32489797472953796,0.30919954087849044,0.311614730878187,353
val_select,50,native,equal_mass,10,0.32489797472953796,0.36796407401561737,0.3461819895651945,0.3561253561253561,351
val_select,50,native,equal_mass,11,0.36796407401561737,0.4226737916469574,0.39410889191045,0.3494318181818182,352
val_select,50,native,equal_mass,12,0.4226737916469574,0.4868350476026535,0.45320551038127055,0.4744318181818182,352
val_select,50,native,equal_mass,13,0.4868350476026535,0.6162666976451874,0.5455518886446953,0.6051136363636364,352
val_select,50,native,equal_mass,14,0.6162666976451874,1.0,0.7414933383971368,0.7422096317280453,353
val_select,50,global_T_corrected,equal_width,0,0.0,0.06666666666666667,0.05972601675118009,0.041666666666666664,24
val_select,50,global_T_corrected,equal_width,1,0.06666666666666667,0.13333333333333333,0.10674057157331729,0.11553784860557768,1004
val_select,50,global_T_corrected,equal_width,2,0.13333333333333333,0.2,0.16605719597087742,0.20689655172413793,1363
val_select,50,global_T_corrected,equal_width,3,0.2,0.26666666666666666,0.23196847773666363,0.27909371781668385,971
val_select,50,global_T_corrected,equal_width,4,0.26666666666666666,0.3333333333333333,0.29673278397879016,0.34072900158478603,631
val_select,50,global_T_corrected,equal_width,5,0.3333333333333333,0.4,0.3660816124145021,0.4297872340425532,470
val_select,50,global_T_corrected,equal_width,6,0.4,0.4666666666666667,0.43058227034781477,0.5035971223021583,278
val_select,50,global_T_corrected,equal_width,7,0.4666666666666667,0.5333333333333333,0.5006501010486057,0.6457142857142857,175
val_select,50,global_T_corrected,equal_width,8,0.5333333333333333,0.6,0.5661738592434705,0.6504065040650406,123
val_select,50,global_T_corrected,equal_width,9,0.6,0.6666666666666666,0.6337863757496789,0.6857142857142857,105
val_select,50,global_T_corrected,equal_width,10,0.6666666666666666,0.7333333333333333,0.6963926577568054,0.84,50
val_select,50,global_T_corrected,equal_width,11,0.7333333333333333,0.8,0.761123925447464,0.7105263157894737,38
val_select,50,global_T_corrected,equal_width,12,0.8,0.8666666666666667,0.8271189719438553,0.9,20
val_select,50,global_T_corrected,equal_width,13,0.8666666666666667,0.9333333333333333,0.8928564041852951,1.0,20
val_select,50,global_T_corrected,equal_width,14,0.9333333333333333,1.0,0.9569494366645813,1.0,10
val_select,50,global_T_corrected,equal_mass,0,0.0,0.09777132794260979,0.08439944994593547,0.08806818181818182,352
val_select,50,global_T_corrected,equal_mass,1,0.09777132794260979,0.11757715046405792,0.10857537674548273,0.14204545454545456,352
val_select,50,global_T_corrected,equal_mass,2,0.11757715046405792,0.1344800814986229,0.12620409635234286,0.10795454545454546,352
val_select,50,global_T_corrected,equal_mass,3,0.1344800814986229,0.15066587179899216,0.14264802211387592,0.19602272727272727,352
val_select,50,global_T_corrected,equal_mass,4,0.15066587179899216,0.16800305247306824,0.15938103292137384,0.17329545454545456,352
val_select,50,global_T_corrected,equal_mass,5,0.16800305247306824,0.18644673377275467,0.17719301945445212,0.2159090909090909,352
val_select,50,global_T_corrected,equal_mass,6,0.18644673377275467,0.20448144525289536,0.19507148518989031,0.26136363636363635,352
val_select,50,global_T_corrected,equal_mass,7,0.20448144525289536,0.22745847702026367,0.2157581781192812,0.311614730878187,353
val_select,50,global_T_corrected,equal_mass,8,0.22745847702026367,0.2525293529033661,0.23936531409113246,0.25,352
val_select,50,global_T_corrected,equal_mass,9,0.2525293529033661,0.27961038053035736,0.2655832139267163,0.2869318181818182,352
val_select,50,global_T_corrected,equal_mass,10,0.27961038053035736,0.3164868503808975,0.29788590146398003,0.36363636363636365,352
val_select,50,global_T_corrected,equal_mass,11,0.3164868503808975,0.3659402132034302,0.34065646364946256,0.36079545454545453,352
val_select,50,global_T_corrected,equal_mass,12,0.3659402132034302,0.4238237142562866,0.39197633119130676,0.48011363636363635,352
val_select,50,global_T_corrected,equal_mass,13,0.4238237142562866,0.5391523540019989,0.4755780070342801,0.5965909090909091,352
val_select,50,global_T_corrected,equal_mass,14,0.5391523540019989,1.0,0.6712071316438086,0.7337110481586402,353
val_select,50,oracle_T_K,equal_width,0,0.0,0.06666666666666667,0.059622812677513466,0.045454545454545456,22
val_select,50,oracle_T_K,equal_width,1,0.06666666666666667,0.13333333333333333,0.10725109801151601,0.11405295315682282,982
val_select,50,oracle_T_K,equal_width,2,0.13333333333333333,0.2,0.166247422050001,0.20224719101123595,1335
val_select,50,oracle_T_K,equal_width,3,0.2,0.26666666666666666,0.2315969961069402,0.2838114754098361,976
val_select,50,oracle_T_K,equal_width,4,0.26666666666666666,0.3333333333333333,0.2967108973172995,0.3384615384615385,650
val_select,50,oracle_T_K,equal_width,5,0.3333333333333333,0.4,0.3664056060134724,0.40860215053763443,465
val_select,50,oracle_T_K,equal_width,6,0.4,0.4666666666666667,0.4298574981624133,0.5102739726027398,292
val_select,50,oracle_T_K,equal_width,7,0.4666666666666667,0.5333333333333333,0.4997027235274965,0.6136363636363636,176
val_select,50,oracle_T_K,equal_width,8,0.5333333333333333,0.6,0.5647170451260353,0.6511627906976745,129
val_select,50,oracle_T_K,equal_width,9,0.6,0.6666666666666666,0.6334461956112473,0.6851851851851852,108
val_select,50,oracle_T_K,equal_width,10,0.6666666666666666,0.7333333333333333,0.6966298316654406,0.8245614035087719,57
val_select,50,oracle_T_K,equal_width,11,0.7333333333333333,0.8,0.7623997040697046,0.7297297297297297,37
val_select,50,oracle_T_K,equal_width,12,0.8,0.8666666666666667,0.8290433624516362,0.8695652173913043,23
val_select,50,oracle_T_K,equal_width,13,0.8666666666666667,0.9333333333333333,0.8947068013642964,1.0,19
val_select,50,oracle_T_K,equal_width,14,0.9333333333333333,1.0,0.9568021622571078,1.0,11
val_select,50,oracle_T_K,equal_mass,0,0.0,0.0989157035946846,0.0852895804934881,0.09090909090909091,352
val_select,50,oracle_T_K,equal_mass,1,0.0989157035946846,0.11896955966949463,0.10983791185373609,0.13920454545454544,352
val_select,50,oracle_T_K,equal_mass,2,0.11896955966949463,0.1362307071685791,0.12773066001351585,0.10795454545454546,352
val_select,50,oracle_T_K,equal_mass,3,0.1362307071685791,0.15247494727373123,0.14442221625623378,0.19886363636363635,352
val_select,50,oracle_T_K,equal_mass,4,0.15247494727373123,0.17006128281354904,0.16137082840812172,0.16809116809116809,351
val_select,50,oracle_T_K,equal_mass,5,0.17006128281354904,0.18844398111104965,0.17940728438136935,0.21529745042492918,353
val_select,50,oracle_T_K,equal_mass,6,0.18844398111104965,0.2070402055978775,0.19754449333148924,0.26704545454545453,352
val_select,50,oracle_T_K,equal_mass,7,0.2070402055978775,0.23074133694171906,0.218569058998786,0.3087818696883853,353
val_select,50,oracle_T_K,equal_mass,8,0.23074133694171906,0.25546596944332123,0.24248348680240187,0.25,352
val_select,50,oracle_T_K,equal_mass,9,0.25546596944332123,0.28325265645980835,0.26905604350295936,0.2840909090909091,352
val_select,50,oracle_T_K,equal_mass,10,0.28325265645980835,0.3206895589828491,0.30175284084609966,0.3664772727272727,352
val_select,50,oracle_T_K,equal_mass,11,0.3206895589828491,0.3707026094198227,0.3450150175697424,0.36079545454545453,352
val_select,50,oracle_T_K,equal_mass,12,0.3707026094198227,0.42862367630004883,0.39689113284376537,0.4772727272727273,352
val_select,50,oracle_T_K,equal_mass,13,0.42862367630004883,0.5444954037666321,0.4813544885678725,0.5994318181818182,352
val_select,50,oracle_T_K,equal_mass,14,0.5444954037666321,1.0,0.6772686187336195,0.7337110481586402,353
val_calib,5,native,equal_width,0,0.0,0.06666666666666667,0.0,0.0,0
val_calib,5,native,equal_width,1,0.06666666666666667,0.13333333333333333,0.0,0.0,0
val_calib,5,native,equal_width,2,0.13333333333333333,0.2,0.0,0.0,0
val_calib,5,native,equal_width,3,0.2,0.26666666666666666,0.2526919424533844,0.2,5
val_calib,5,native,equal_width,4,0.26666666666666666,0.3333333333333333,0.3076795610514554,0.2727272727272727,66
val_calib,5,native,equal_width,5,0.3333333333333333,0.4,0.3722424105090915,0.4056603773584906,212
val_calib,5,native,equal_width,6,0.4,0.4666666666666667,0.43458408743319427,0.4171597633136095,338
val_calib,5,native,equal_width,7,0.4666666666666667,0.5333333333333333,0.5028093891503574,0.49099099099099097,444
val_calib,5,native,equal_width,8,0.5333333333333333,0.6,0.5665249612623837,0.5093555093555093,481
val_calib,5,native,equal_width,9,0.6,0.6666666666666666,0.6334765530957116,0.5822222222222222,450
val_calib,5,native,equal_width,10,0.6666666666666666,0.7333333333333333,0.6984397319605953,0.6621923937360179,447
val_calib,5,native,equal_width,11,0.7333333333333333,0.8,0.764845135167895,0.7482678983833718,433
val_calib,5,native,equal_width,12,0.8,0.8666666666666667,0.8331623002045849,0.8442437923250564,443
val_calib,5,native,equal_width,13,0.8666666666666667,0.9333333333333333,0.9001989768471232,0.8714011516314779,521
val_calib,5,native,equal_width,14,0.9333333333333333,1.0,0.9824703915525391,0.9712437095614666,1391
val_calib,5,native,equal_mass,0,0.0,0.41655433177948,0.3650689634612237,0.3649425287356322,348
val_calib,5,native,equal_mass,1,0.41655433177948,0.48084597289562225,0.4480162131410615,0.4498567335243553,349
val_calib,5,native,equal_mass,2,0.48084597289562225,0.5303784608840942,0.5074906683924546,0.4899713467048711,349
val_calib,5,native,equal_mass,3,0.5303784608840942,0.5790505409240723,0.5544336948586607,0.5086206896551724,348
val_calib,5,native,equal_mass,4,0.5790505409240723,0.628999650478363,0.6041163588663226,0.5444126074498568,349
val_calib,5,native,equal_mass,5,0.628999650478363,0.6796226501464844,0.6547497130055141,0.6045845272206304,349
val_calib,5,native,equal_mass,6,0.6796226501464844,0.7328269183635712,0.7052106356894048,0.664756446991404,349
val_calib,5,native,equal_mass,7,0.7328269183635712,0.785842090845108,0.7574853670356596,0.7406340057636888,347
val_calib,5,native,equal_mass,8,0.785842090845108,0.8390537202358246,0.8136588871479035,0.8171428571428572,350
val_calib,5,native,equal_mass,9,0.8390537202358246,0.887829601764679,0.8637332450011398,0.8108882521489972,349
val_calib,5,native,equal_mass,10,0.887829601764679,0.9322654604911804,0.910996469522274,0.9340974212034384,349
val_calib,5,native,equal_mass,11,0.9322654604911804,0.9684939384460449,0.9518353274498863,0.9367816091954023,348
val_calib,5,native,equal_mass,12,0.9684939384460449,0.9904968440532684,0.9802781196583308,0.9484240687679083,349
val_calib,5,native,equal_mass,13,0.9904968440532684,0.99986532330513,0.9971291673900746,0.994269340974212,349
val_calib,5,native,equal_mass,14,0.99986532330513,1.0,0.9999790647651541,1.0,349
val_calib,5,global_T_corrected,equal_width,0,0.0,0.06666666666666667,0.0,0.0,0
val_calib,5,global_T_corrected,equal_width,1,0.06666666666666667,0.13333333333333333,0.0,0.0,0
val_calib,5,global_T_corrected,equal_width,2,0.13333333333333333,0.2,0.0,0.0,0
val_calib,5,global_T_corrected,equal_width,3,0.2,0.26666666666666666,0.2552098713137887,0.18181818181818182,11
val_calib,5,global_T_corrected,equal_width,4,0.26666666666666666,0.3333333333333333,0.3085535560613093,0.3695652173913043,92
val_calib,5,global_T_corrected,equal_width,5,0.3333333333333333,0.4,0.3713790635629134,0.36727272727272725,275
val_calib,5,global_T_corrected,equal_width,6,0.4,0.4666666666666667,0.43309608149528506,0.45866666666666667,375
val_calib,5,global_T_corrected,equal_width,7,0.4666666666666667,0.5333333333333333,0.50150167522053,0.5038610038610039,518
val_calib,5,global_T_corrected,equal_width,8,0.5333333333333333,0.6,0.5657722737270457,0.5515267175572519,524
val_calib,5,global_T_corrected,equal_width,9,0.6,0.6666666666666666,0.6335352525419119,0.6183673469387755,490
val_calib,5,global_T_corrected,equal_width,10,0.6666666666666666,0.7333333333333333,0.6984828786903553,0.7168539325842697,445
val_calib,5,global_T_corrected,equal_width,11,0.7333333333333333,0.8,0.7673674477501977,0.8004640371229699,431
val_calib,5,global_T_corrected,equal_width,12,0.8,0.8666666666666667,0.833323276378739,0.8403755868544601,426
val_calib,5,global_T_corrected,equal_width,13,0.8666666666666667,0.9333333333333333,0.8994576770674898,0.928416485900217,461
val_calib,5,global_T_corrected,equal_width,14,0.9333333333333333,1.0,0.9813846685275726,0.9788672865595942,1183
val_calib,5,global_T_corrected,equal_mass,0,0.0,0.3938695043325424,0.3488800356956734,0.3735632183908046,348
val_calib,5,global_T_corrected,equal_mass,1,0.3938695043325424,0.45724600553512573,0.4253861063018569,0.44412607449856734,349
val_calib,5,global_T_corrected,equal_mass,2,0.45724600553512573,0.507118821144104,0.48364662133520175,0.4813753581661891,349
val_calib,5,global_T_corrected,equal_mass,3,0.507118821144104,0.5489461123943329,0.5268261896810312,0.5086206896551724,348
val_calib,5,global_T_corrected,equal_mass,4,0.5489461123943329,0.593324214220047,0.5700925643259611,0.5530085959885387,349
val_calib,5,global_T_corrected,equal_mass,5,0.593324214220047,0.6415977776050568,0.6169223240590027,0.6189111747851003,349
val_calib,5,global_T_corrected,equal_mass,6,0.6415977776050568,0.6880976855754852,0.6643520644879273,0.6475644699140402,349
val_calib,5,global_T_corrected,equal_mass,7,0.6880976855754852,0.7422206401824951,0.7145558496316274,0.75,348
val_calib,5,global_T_corrected,equal_mass,8,0.7422206401824951,0.7970023453235626,0.7702419809079102,0.8022922636103151,349
val_calib,5,global_T_corrected,equal_mass,9,0.7970023453235626,0.8507571220397949,0.8234784401590298,0.8223495702005731,349
val_calib,5,global_T_corrected,equal_mass,10,0.8507571220397949,0.9034727513790131,0.8769169279019265,0.9226361031518625,349
val_calib,5,global_T_corrected,equal_mass,11,0.9034727513790131,0.948814332485199,0.9270209375469164,0.9396551724137931,348
val_calib,5,global_T_corrected,equal_mass,12,0.948814332485199,0.9812789857387543,0.9659440561830144,0.9512893982808023,349
val_calib,5,global_T_corrected,equal_mass,13,0.9812789857387543,0.9995620846748352,0.9938702342503392,0.994269340974212,349
val_calib,5,global_T_corrected,equal_mass,14,0.9995620846748352,1.0,0.9999190299080573,1.0,349
val_calib,5,oracle_T_K,equal_width,0,0.0,0.06666666666666667,0.0,0.0,0
val_calib,5,oracle_T_K,equal_width,1,0.06666666666666667,0.13333333333333333,0.0,0.0,0
val_calib,5,oracle_T_K,equal_width,2,0.13333333333333333,0.2,0.0,0.0,0
val_calib,5,oracle_T_K,equal_width,3,0.2,0.26666666666666666,0.25538720055059955,0.18181818181818182,11
val_calib,5,oracle_T_K,equal_width,4,0.26666666666666666,0.3333333333333333,0.3085838074867542,0.37362637362637363,91
val_calib,5,oracle_T_K,equal_width,5,0.3333333333333333,0.4,0.371237457565525,0.3639705882352941,272
val_calib,5,oracle_T_K,equal_width,6,0.4,0.4666666666666667,0.43291493217150373,0.4613333333333333,375
val_calib,5,oracle_T_K,equal_width,7,0.4666666666666667,0.5333333333333333,0.501575383843142,0.5038610038610039,518
val_calib,5,oracle_T_K,equal_width,8,0.5333333333333333,0.6,0.5655608690223104,0.5493230174081238,517
val_calib,5,oracle_T_K,equal_width,9,0.6,0.6666666666666666,0.6331343336472889,0.6146044624746451,493
val_calib,5,oracle_T_K,equal_width,10,0.6666666666666666,0.7333333333333333,0.6987580774628667,0.7184035476718403,451
val_calib,5,oracle_T_K,equal_width,11,0.7333333333333333,0.8,0.7675658962074315,0.7971698113207547,424
val_calib,5,oracle_T_K,equal_width,12,0.8,0.8666666666666667,0.8331293524839939,0.8391608391608392,429
val_calib,5,oracle_T_K,equal_width,13,0.8666666666666667,0.9333333333333333,0.8995265054393793,0.9287257019438445,463
val_calib,5,oracle_T_K,equal_width,14,0.9333333333333333,1.0,0.9814421719327732,0.97893850042123,1187
val_calib,5,oracle_T_K,equal_mass,0,0.0,0.3943359851837158,0.3492510350442481,0.3735632183908046,348
val_calib,5,oracle_T_K,equal_mass,1,0.3943359851837158,0.4578409045934677,0.425906010292321,0.44412607449856734,349
val_calib,5,oracle_T_K,equal_mass,2,0.4578409045934677,0.5080167353153229,0.4842403680513103,0.48424068767908307,349
val_calib,5,oracle_T_K,equal_mass,3,0.5080167353153229,0.5497184991836548,0.5274453678692894,0.5086206896551724,348
val_calib,5,oracle_T_K,equal_mass,4,0.5497184991836548,0.5941971838474274,0.5708676540749121,0.5472779369627507,349
val_calib,5,oracle_T_K,equal_mass,5,0.5941971838474274,0.6422463655471802,0.6177962266954788,0.6217765042979942,349
val_calib,5,oracle_T_K,equal_mass,6,0.6422463655471802,0.6890629827976227,0.665300219994903,0.6475644699140402,349
val_calib,5,oracle_T_K,equal_mass,7,0.6890629827976227,0.7432824671268463,0.7155695826500311,0.75,348
val_calib,5,oracle_T_K,equal_mass,8,0.7432824671268463,0.7982801795005798,0.7712841811016159,0.8022922636103151,349
val_calib,5,oracle_T_K,equal_mass,9,0.7982801795005798,0.8517496287822723,0.8244682519688648,0.8223495702005731,349
val_calib,5,oracle_T_K,equal_mass,10,0.8517496287822723,0.9042560756206512,0.8777878142701179,0.9226361031518625,349
val_calib,5,oracle_T_K,equal_mass,11,0.9042560756206512,0.9493879973888397,0.9276225912124348,0.9394812680115274,347
val_calib,5,oracle_T_K,equal_mass,12,0.9493879973888397,0.9815636873245239,0.9663039476530892,0.9514285714285714,350
val_calib,5,oracle_T_K,equal_mass,13,0.9815636873245239,0.999573141336441,0.993973077709832,0.994269340974212,349
val_calib,5,oracle_T_K,equal_mass,14,0.999573141336441,1.0,0.9999214386871688,1.0,349
val_calib,10,native,equal_width,0,0.0,0.06666666666666667,0.0,0.0,0
val_calib,10,native,equal_width,1,0.06666666666666667,0.13333333333333333,0.0,0.0,0
val_calib,10,native,equal_width,2,0.13333333333333333,0.2,0.18200449735829324,0.21212121212121213,33
val_calib,10,native,equal_width,3,0.2,0.26666666666666666,0.241266320125338,0.2679425837320574,209
val_calib,10,native,equal_width,4,0.26666666666666666,0.3333333333333333,0.30075095011498115,0.2614213197969543,394
val_calib,10,native,equal_width,5,0.3333333333333333,0.4,0.3677414082904731,0.33271375464684017,538
val_calib,10,native,equal_width,6,0.4,0.4666666666666667,0.4341346163521795,0.4264705882352941,544
val_calib,10,native,equal_width,7,0.4666666666666667,0.5333333333333333,0.5001131165306237,0.4340567612687813,599
val_calib,10,native,equal_width,8,0.5333333333333333,0.6,0.5654474099876895,0.5231388329979879,497
val_calib,10,native,equal_width,9,0.6,0.6666666666666666,0.6320491758401338,0.5535248041775457,383
val_calib,10,native,equal_width,10,0.6666666666666666,0.7333333333333333,0.699775198382647,0.6704035874439462,446
val_calib,10,native,equal_width,11,0.7333333333333333,0.8,0.7665937751690972,0.7379679144385026,374
val_calib,10,native,equal_width,12,0.8,0.8666666666666667,0.8332247577394758,0.82,350
val_calib,10,native,equal_width,13,0.8666666666666667,0.9333333333333333,0.9013483260617111,0.8757575757575757,330
val_calib,10,native,equal_width,14,0.9333333333333333,1.0,0.9773750150025114,0.9681647940074907,534
val_calib,10,native,equal_mass,0,0.0,0.2879321724176407,0.2467272775782936,0.2442528735632184,348
val_calib,10,native,equal_mass,1,0.2879321724176407,0.34155750274658203,0.3141776700757636,0.2722063037249284,349
val_calib,10,native,equal_mass,2,0.34155750274658203,0.38544391095638275,0.36376629654520903,0.34097421203438394,349
val_calib,10,native,equal_mass,3,0.38544391095638275,0.42884860932826996,0.40703498272375127,0.3735632183908046,348
val_calib,10,native,equal_mass,4,0.42884860932826996,0.4687531888484955,0.44848007877440027,0.46131805157593125,349
val_calib,10,native,equal_mass,5,0.4687531888484955,0.5081099569797516,0.48944252498853513,0.4269340974212034,349
val_calib,10,native,equal_mass,6,0.5081099569797516,0.5499924719333649,0.5280765001275136,0.4355300859598854,349
val_calib,10,native,equal_mass,7,0.5499924719333649,0.5957705080509186,0.5714130677368449,0.5316091954022989,348
val_calib,10,native,equal_mass,8,0.5957705080509186,0.653174877166748,0.6249660316715951,0.5501432664756447,349
val_calib,10,native,equal_mass,9,0.653174877166748,0.709616094827652,0.6831255318789646,0.6637931034482759,348
val_calib,10,native,equal_mass,10,0.709616094827652,0.765504002571106,0.7376114743096488,0.7342857142857143,350
val_calib,10,native,equal_mass,11,0.765504002571106,0.8312439620494843,0.7984052819424662,0.75,348
val_calib,10,native,equal_mass,12,0.8312439620494843,0.9024195373058319,0.86639486718656,0.833810888252149,349
val_calib,10,native,equal_mass,13,0.9024195373058319,0.9680245816707611,0.9360391309746356,0.9369627507163324,349
val_calib,10,native,equal_mass,14,0.9680245816707611,1.0,0.9911516686223639,0.9799426934097422,349
val_calib,10,global_T_corrected,equal_width,0,0.0,0.06666666666666667,0.0,0.0,0
val_calib,10,global_T_corrected,equal_width,1,0.06666666666666667,0.13333333333333333,0.1331992745399475,0.0,1
val_calib,10,global_T_corrected,equal_width,2,0.13333333333333333,0.2,0.18252318209180465,0.23076923076923078,52
val_calib,10,global_T_corrected,equal_width,3,0.2,0.26666666666666666,0.23903120509509382,0.2517241379310345,290
val_calib,10,global_T_corrected,equal_width,4,0.26666666666666666,0.3333333333333333,0.30101216944281706,0.29458917835671344,499
val_calib,10,global_T_corrected,equal_width,5,0.3333333333333333,0.4,0.3662346861681439,0.37564322469982847,583
val_calib,10,global_T_corrected,equal_width,6,0.4,0.4666666666666667,0.43250640274816304,0.42215088282504015,623
val_calib,10,global_T_corrected,equal_width,7,0.4666666666666667,0.5333333333333333,0.4993284595406745,0.4793388429752066,605
val_calib,10,global_T_corrected,equal_width,8,0.5333333333333333,0.6,0.5633486770423113,0.5464601769911505,452
val_calib,10,global_T_corrected,equal_width,9,0.6,0.6666666666666666,0.6354433689307744,0.6696230598669624,451
val_calib,10,global_T_corrected,equal_width,10,0.6666666666666666,0.7333333333333333,0.6992779763042927,0.7225,400
val_calib,10,global_T_corrected,equal_width,11,0.7333333333333333,0.8,0.7670495077303261,0.7834394904458599,314
val_calib,10,global_T_corrected,equal_width,12,0.8,0.8666666666666667,0.8323394328775541,0.8415492957746479,284
val_calib,10,global_T_corrected,equal_width,13,0.8666666666666667,0.9333333333333333,0.8990237813292842,0.9377289377289377,273
val_calib,10,global_T_corrected,equal_width,14,0.9333333333333333,1.0,0.9778206234816278,0.9752475247524752,404
val_calib,10,global_T_corrected,equal_mass,0,0.0,0.26745833456516266,0.2306881264794147,0.25,348
val_calib,10,global_T_corrected,equal_mass,1,0.26745833456516266,0.3166130930185318,0.29185991847412635,0.2693409742120344,349
val_calib,10,global_T_corrected,equal_mass,2,0.3166130930185318,0.356112465262413,0.3365130115375136,0.34097421203438394,349
val_calib,10,global_T_corrected,equal_mass,3,0.356112465262413,0.39605771005153656,0.3756703418390504,0.39080459770114945,348
val_calib,10,global_T_corrected,equal_mass,4,0.39605771005153656,0.43305692076683044,0.41447689890178363,0.42406876790830944,349
val_calib,10,global_T_corrected,equal_mass,5,0.43305692076683044,0.47169744968414307,0.45211616833093854,0.4383954154727794,349
val_calib,10,global_T_corrected,equal_mass,6,0.47169744968414307,0.509356677532196,0.49036859757237583,0.45558739255014324,349
val_calib,10,global_T_corrected,equal_mass,7,0.509356677532196,0.5484000742435455,0.5283019350863051,0.5172413793103449,348
val_calib,10,global_T_corrected,equal_mass,8,0.5484000742435455,0.6065337359905243,0.5759358624674188,0.5616045845272206,349
val_calib,10,global_T_corrected,equal_mass,9,0.6065337359905243,0.658414214849472,0.633334677164739,0.6532951289398281,349
val_calib,10,global_T_corrected,equal_mass,10,0.658414214849472,0.7129131555557251,0.6837912256533232,0.7191977077363897,349
val_calib,10,global_T_corrected,equal_mass,11,0.7129131555557251,0.7814761102199554,0.7458415452776284,0.7614942528735632,348
val_calib,10,global_T_corrected,equal_mass,12,0.7814761102199554,0.8623838722705841,0.8201830335879394,0.833810888252149,349
val_calib,10,global_T_corrected,equal_mass,13,0.8623838722705841,0.9452849328517914,0.9034165857856117,0.9426934097421203,349
val_calib,10,global_T_corrected,equal_mass,14,0.9452849328517914,1.0,0.9837765078831539,0.9770773638968482,349
val_calib,10,oracle_T_K,equal_width,0,0.0,0.06666666666666667,0.0,0.0,0
val_calib,10,oracle_T_K,equal_width,1,0.06666666666666667,0.13333333333333333,0.13312369585037231,0.0,1
val_calib,10,oracle_T_K,equal_width,2,0.13333333333333333,0.2,0.18237235139195734,0.23076923076923078,52
val_calib,10,oracle_T_K,equal_width,3,0.2,0.26666666666666666,0.2388741060118495,0.2508591065292096,291
val_calib,10,oracle_T_K,equal_width,4,0.26666666666666666,0.3333333333333333,0.30085861164331434,0.296,500
val_calib,10,oracle_T_K,equal_width,5,0.3333333333333333,0.4,0.3661845884835761,0.3771331058020478,586
val_calib,10,oracle_T_K,equal_width,6,0.4,0.4666666666666667,0.4325542736034363,0.4198717948717949,624
val_calib,10,oracle_T_K,equal_width,7,0.4666666666666667,0.5333333333333333,0.4992773380643297,0.48258706467661694,603
val_calib,10,oracle_T_K,equal_width,8,0.5333333333333333,0.6,0.5632375031709671,0.5442477876106194,452
val_calib,10,oracle_T_K,equal_width,9,0.6,0.6666666666666666,0.6354561156638393,0.6740088105726872,454
val_calib,10,oracle_T_K,equal_width,10,0.6666666666666666,0.7333333333333333,0.6994406600393842,0.7211055276381909,398
val_calib,10,oracle_T_K,equal_width,11,0.7333333333333333,0.8,0.7673079230982787,0.7866242038216561,314
val_calib,10,oracle_T_K,equal_width,12,0.8,0.8666666666666667,0.8322918291602815,0.8392857142857143,280
val_calib,10,oracle_T_K,equal_width,13,0.8666666666666667,0.9333333333333333,0.8985526366707157,0.9375,272
val_calib,10,oracle_T_K,equal_width,14,0.9333333333333333,1.0,0.9776378099871154,0.9752475247524752,404
val_calib,10,oracle_T_K,equal_mass,0,0.0,0.2671594172716141,0.23045024549824067,0.25,348
val_calib,10,oracle_T_K,equal_mass,1,0.2671594172716141,0.3161652535200119,0.29152791351506907,0.2722063037249284,349
val_calib,10,oracle_T_K,equal_mass,2,0.3161652535200119,0.35570263862609863,0.33610259598510656,0.33810888252148996,349
val_calib,10,oracle_T_K,equal_mass,3,0.35570263862609863,0.3955528140068054,0.3752066123930887,0.39080459770114945,348
val_calib,10,oracle_T_K,equal_mass,4,0.3955528140068054,0.4326177388429642,0.41396354416379955,0.42406876790830944,349
val_calib,10,oracle_T_K,equal_mass,5,0.4326177388429642,0.4710811376571655,0.45154070094185095,0.4383954154727794,349
val_calib,10,oracle_T_K,equal_mass,6,0.4710811376571655,0.5089486539363861,0.48979039887302583,0.45272206303724927,349
val_calib,10,oracle_T_K,equal_mass,7,0.5089486539363861,0.5479493141174316,0.5276635719099264,0.5229885057471264,348
val_calib,10,oracle_T_K,equal_mass,8,0.5479493141174316,0.605819821357727,0.5752073767192043,0.5587392550143266,349
val_calib,10,oracle_T_K,equal_mass,9,0.605819821357727,0.6575040817260742,0.6325521535723121,0.6532951289398281,349
val_calib,10,oracle_T_K,equal_mass,10,0.6575040817260742,0.7119011282920837,0.682882122095974,0.7183908045977011,348
val_calib,10,oracle_T_K,equal_mass,11,0.7119011282920837,0.7808164060115814,0.7449222794576498,0.7621776504297995,349
val_calib,10,oracle_T_K,equal_mass,12,0.7808164060115814,0.8618571162223816,0.8194241329045555,0.833810888252149,349
val_calib,10,oracle_T_K,equal_mass,13,0.8618571162223816,0.9448473453521729,0.9028486049277734,0.9426934097421203,349
val_calib,10,oracle_T_K,equal_mass,14,0.9448473453521729,1.0,0.9836336000259421,0.9770773638968482,349
val_calib,20,native,equal_width,0,0.0,0.06666666666666667,0.0,0.0,0
val_calib,20,native,equal_width,1,0.06666666666666667,0.13333333333333333,0.11448740810155869,0.04,25
val_calib,20,native,equal_width,2,0.13333333333333333,0.2,0.17239154585650268,0.16619718309859155,355
val_calib,20,native,equal_width,3,0.2,0.26666666666666666,0.2331932403218632,0.19488817891373802,626
val_calib,20,native,equal_width,4,0.26666666666666666,0.3333333333333333,0.30013187752088777,0.24420190995907232,733
val_calib,20,native,equal_width,5,0.3333333333333333,0.4,0.3676677399230768,0.34110787172011664,686
val_calib,20,native,equal_width,6,0.4,0.4666666666666667,0.4324653222010686,0.3984615384615385,650
val_calib,20,native,equal_width,7,0.4666666666666667,0.5333333333333333,0.4986268524793868,0.41702127659574467,470
val_calib,20,native,equal_width,8,0.5333333333333333,0.6,0.565580592669071,0.5531914893617021,376
val_calib,20,native,equal_width,9,0.6,0.6666666666666666,0.6309581108760556,0.6209912536443148,343
val_calib,20,native,equal_width,10,0.6666666666666666,0.7333333333333333,0.6998104438395567,0.6373239436619719,284
val_calib,20,native,equal_width,11,0.7333333333333333,0.8,0.7641282352297587,0.74235807860262,229
val_calib,20,native,equal_width,12,0.8,0.8666666666666667,0.8329225182533264,0.9251700680272109,147
val_calib,20,native,equal_width,13,0.8666666666666667,0.9333333333333333,0.8992022585322839,0.9236641221374046,131
val_calib,20,native,equal_width,14,0.9333333333333333,1.0,0.9737702476030047,0.9488636363636364,176
val_calib,20,native,equal_mass,0,0.0,0.19606127589941025,0.16584919326692477,0.15229885057471265,348
val_calib,20,native,equal_mass,1,0.19606127589941025,0.23404140025377274,0.21504536561433088,0.17478510028653296,349
val_calib,20,native,equal_mass,2,0.23404140025377274,0.27016089856624603,0.2521777310566096,0.22636103151862463,349
val_calib,20,native,equal_mass,3,0.27016089856624603,0.302985742688179,0.28705262435578754,0.22413793103448276,348
val_calib,20,native,equal_mass,4,0.302985742688179,0.3336581140756607,0.3171934140445851,0.2607449856733524,349
val_calib,20,native,equal_mass,5,0.3336581140756607,0.3697659820318222,0.3520914372537061,0.335243553008596,349
val_calib,20,native,equal_mass,6,0.3697659820318222,0.40159571170806885,0.3851536793319407,0.3467048710601719,349
val_calib,20,native,equal_mass,7,0.40159571170806885,0.43500059843063354,0.4183116861801038,0.4224137931034483,348
val_calib,20,native,equal_mass,8,0.43500059843063354,0.4746455103158951,0.4549657195208749,0.3753581661891118,349
val_calib,20,native,equal_mass,9,0.4746455103158951,0.5243505537509918,0.4985871015271348,0.42120343839541546,349
val_calib,20,native,equal_mass,10,0.5243505537509918,0.5847127139568329,0.5529925087119925,0.5128939828080229,349
val_calib,20,native,equal_mass,11,0.5847127139568329,0.6477920413017273,0.6153618030506989,0.6091954022988506,348
val_calib,20,native,equal_mass,12,0.6477920413017273,0.7296353876590729,0.6888176050773664,0.6446991404011462,349
val_calib,20,native,equal_mass,13,0.7296353876590729,0.8433939218521118,0.7806172013965924,0.7908309455587392,349
val_calib,20,native,equal_mass,14,0.8433939218521118,1.0,0.93162155441705,0.9426934097421203,349
val_calib,20,global_T_corrected,equal_width,0,0.0,0.06666666666666667,0.0,0.0,0
val_calib,20,global_T_corrected,equal_width,1,0.06666666666666667,0.13333333333333333,0.11817932630127126,0.03636363636363636,55
val_calib,20,global_T_corrected,equal_width,2,0.13333333333333333,0.2,0.17147789435105376,0.18726591760299627,534
val_calib,20,global_T_corrected,equal_width,3,0.2,0.26666666666666666,0.23377034569648775,0.20305980528511822,719
val_calib,20,global_T_corrected,equal_width,4,0.26666666666666666,0.3333333333333333,0.2978310578082706,0.3075980392156863,816
val_calib,20,global_T_corrected,equal_width,5,0.3333333333333333,0.4,0.36618161070171756,0.3711615487316422,749
val_calib,20,global_T_corrected,equal_width,6,0.4,0.4666666666666667,0.4296574453158038,0.4,560
val_calib,20,global_T_corrected,equal_width,7,0.4666666666666667,0.5333333333333333,0.49797079368923486,0.5393258426966292,445
val_calib,20,global_T_corrected,equal_width,8,0.5333333333333333,0.6,0.5651103983541111,0.5769230769230769,364
val_calib,20,global_T_corrected,equal_width,9,0.6,0.6666666666666666,0.6323455196537383,0.6404109589041096,292
val_calib,20,global_T_corrected,equal_width,10,0.6666666666666666,0.7333333333333333,0.6995948482189934,0.7577092511013216,227
val_calib,20,global_T_corrected,equal_width,11,0.7333333333333333,0.8,0.7678132586545877,0.9090909090909091,143
val_calib,20,global_T_corrected,equal_width,12,0.8,0.8666666666666667,0.8315325787773838,0.9166666666666666,108
val_calib,20,global_T_corrected,equal_width,13,0.8666666666666667,0.9333333333333333,0.9022332245541602,0.9587628865979382,97
val_calib,20,global_T_corrected,equal_width,14,0.9333333333333333,1.0,0.972078869577314,0.9344262295081968,122
val_calib,20,global_T_corrected,equal_mass,0,0.0,0.17709971964359283,0.15109172902316198,0.14655172413793102,348
val_calib,20,global_T_corrected,equal_mass,1,0.17709971964359283,0.21164241433143616,0.1940817025978449,0.20057306590257878,349
val_calib,20,global_T_corrected,equal_mass,2,0.21164241433143616,0.2421906664967537,0.22669187820060205,0.1977077363896848,349
val_calib,20,global_T_corrected,equal_mass,3,0.2421906664967537,0.27271929383277893,0.2583710404391261,0.2413793103448276,348
val_calib,20,global_T_corrected,equal_mass,4,0.27271929383277893,0.2990301847457886,0.28487353423946565,0.24641833810888253,349
val_calib,20,global_T_corrected,equal_mass,5,0.2990301847457886,0.33058053255081177,0.31462804738293404,0.3553008595988539,349
val_calib,20,global_T_corrected,equal_mass,6,0.33058053255081177,0.360206663608551,0.34525692428763755,0.35816618911174786,349
val_calib,20,global_T_corrected,equal_mass,7,0.360206663608551,0.39150188863277435,0.3768299492611282,0.382183908045977,348
val_calib,20,global_T_corrected,equal_mass,8,0.39150188863277435,0.425353080034256,0.4082780531620911,0.40974212034383956,349
val_calib,20,global_T_corrected,equal_mass,9,0.425353080034256,0.472549170255661,0.4490293459086159,0.40114613180515757,349
val_calib,20,global_T_corrected,equal_mass,10,0.472549170255661,0.5248812735080719,0.4987268694663116,0.5386819484240688,349
val_calib,20,global_T_corrected,equal_mass,11,0.5248812735080719,0.5890690386295319,0.5558209054428955,0.5977011494252874,348
val_calib,20,global_T_corrected,equal_mass,12,0.5890690386295319,0.6667035818099976,0.6260518765449524,0.62,350
val_calib,20,global_T_corrected,equal_mass,13,0.6667035818099976,0.7883917689323425,0.7214156286173664,0.8097982708933718,347
val_calib,20,global_T_corrected,equal_mass,14,0.7883917689323425,1.0,0.8976853336606707,0.9342857142857143,350
val_calib,20,oracle_T_K,equal_width,0,0.0,0.06666666666666667,0.0,0.0,0
val_calib,20,oracle_T_K,equal_width,1,0.06666666666666667,0.13333333333333333,0.11892912440277913,0.037037037037037035,54
val_calib,20,oracle_T_K,equal_width,2,0.13333333333333333,0.2,0.17142558785129494,0.1749502982107356,503
val_calib,20,oracle_T_K,equal_width,3,0.2,0.26666666666666666,0.23321982875925487,0.20728291316526612,714
val_calib,20,oracle_T_K,equal_width,4,0.26666666666666666,0.3333333333333333,0.2978730158829512,0.29528535980148884,806
val_calib,20,oracle_T_K,equal_width,5,0.3333333333333333,0.4,0.3667347142178761,0.375,760
val_calib,20,oracle_T_K,equal_width,6,0.4,0.4666666666666667,0.4309722773311004,0.3996478873239437,568
val_calib,20,oracle_T_K,equal_width,7,0.4666666666666667,0.5333333333333333,0.49936590142346715,0.5247747747747747,444
val_calib,20,oracle_T_K,equal_width,8,0.5333333333333333,0.6,0.5656994922999861,0.5872576177285319,361
val_calib,20,oracle_T_K,equal_width,9,0.6,0.6666666666666666,0.6316157591711614,0.6288659793814433,291
val_calib,20,oracle_T_K,equal_width,10,0.6666666666666666,0.7333333333333333,0.698818762686627,0.743801652892562,242
val_calib,20,oracle_T_K,equal_width,11,0.7333333333333333,0.8,0.7672659218711341,0.8926174496644296,149
val_calib,20,oracle_T_K,equal_width,12,0.8,0.8666666666666667,0.8315507386411939,0.9196428571428571,112
val_calib,20,oracle_T_K,equal_width,13,0.8666666666666667,0.9333333333333333,0.900721304739515,0.9583333333333334,96
val_calib,20,oracle_T_K,equal_width,14,0.9333333333333333,1.0,0.9710756294599926,0.9312977099236641,131
val_calib,20,oracle_T_K,equal_mass,0,0.0,0.17887882143259048,0.15259805906178622,0.14655172413793102,348
val_calib,20,oracle_T_K,equal_mass,1,0.17887882143259048,0.2138460874557495,0.1962090176890436,0.20057306590257878,349
val_calib,20,oracle_T_K,equal_mass,2,0.2138460874557495,0.24504327774047852,0.22926566171270388,0.19197707736389685,349
val_calib,20,oracle_T_K,equal_mass,3,0.24504327774047852,0.2757108807563782,0.2613496969229189,0.2413793103448276,348
val_calib,20,oracle_T_K,equal_mass,4,0.2757108807563782,0.3024194687604904,0.2881751127092749,0.24355300859598855,349
val_calib,20,oracle_T_K,equal_mass,5,0.3024194687604904,0.334717720746994,0.3184692910031808,0.3495702005730659,349
val_calib,20,oracle_T_K,equal_mass,6,0.334717720746994,0.3642602562904358,0.34935949576276765,0.36962750716332377,349
val_calib,20,oracle_T_K,equal_mass,7,0.3642602562904358,0.396003782749176,0.3812294252987566,0.3850574712643678,348
val_calib,20,oracle_T_K,equal_mass,8,0.396003782749176,0.4307403564453125,0.4130009037034218,0.4068767908309456,349
val_calib,20,oracle_T_K,equal_mass,9,0.4307403564453125,0.4777074605226517,0.45421711703426176,0.4040114613180516,349
val_calib,20,oracle_T_K,equal_mass,10,0.4777074605226517,0.530875027179718,0.5044401670595294,0.5444126074498568,349
val_calib,20,oracle_T_K,equal_mass,11,0.530875027179718,0.5953605473041534,0.5620521265884926,0.5862068965517241,348
val_calib,20,oracle_T_K,equal_mass,12,0.5953605473041534,0.6731083691120148,0.6325900143060438,0.6246418338108882,349
val_calib,20,oracle_T_K,equal_mass,13,0.6731083691120148,0.7958491742610931,0.7278769953886213,0.8108882521489972,349
val_calib,20,oracle_T_K,equal_mass,14,0.7958491742610931,1.0,0.9019705800067388,0.9340974212034384,349
val_calib,50,native,equal_width,0,0.0,0.06666666666666667,0.06245615379884839,0.0,8
val_calib,50,native,equal_width,1,0.06666666666666667,0.13333333333333333,0.10793122869480874,0.10990712074303406,646
val_calib,50,native,equal_width,2,0.13333333333333333,0.2,0.16767261273546485,0.16892502258355918,1107
val_calib,50,native,equal_width,3,0.2,0.26666666666666666,0.23258202838350017,0.21114369501466276,1023
val_calib,50,native,equal_width,4,0.26666666666666666,0.3333333333333333,0.2975620118853373,0.3,780
val_calib,50,native,equal_width,5,0.3333333333333333,0.4,0.3650720698177499,0.3544973544973545,567
val_calib,50,native,equal_width,6,0.4,0.4666666666666667,0.4312014001103949,0.35276967930029157,343
val_calib,50,native,equal_width,7,0.4666666666666667,0.5333333333333333,0.4972542539301278,0.48535564853556484,239
val_calib,50,native,equal_width,8,0.5333333333333333,0.6,0.5654211716774182,0.5192307692307693,156
val_calib,50,native,equal_width,9,0.6,0.6666666666666666,0.6305690440562887,0.6605504587155964,109
val_calib,50,native,equal_width,10,0.6666666666666666,0.7333333333333333,0.6997704003634078,0.6853932584269663,89
val_calib,50,native,equal_width,11,0.7333333333333333,0.8,0.7599181391976096,0.8,55
val_calib,50,native,equal_width,12,0.8,0.8666666666666667,0.8262768235317496,0.8372093023255814,43
val_calib,50,native,equal_width,13,0.8666666666666667,0.9333333333333333,0.8990317267530105,0.8529411764705882,34
val_calib,50,native,equal_width,14,0.9333333333333333,1.0,0.9683435037732124,1.0,32
val_calib,50,native,equal_mass,0,0.0,0.11197245493531227,0.09397532224612332,0.10057471264367816,348
val_calib,50,native,equal_mass,1,0.11197245493531227,0.13642364740371704,0.12410359780562982,0.12893982808022922,349
val_calib,50,native,equal_mass,2,0.13642364740371704,0.15844139456748962,0.14767829702371854,0.1346704871060172,349
val_calib,50,native,equal_mass,3,0.15844139456748962,0.1794539913535118,0.1686855224014699,0.1752873563218391,348
val_calib,50,native,equal_mass,4,0.1794539913535118,0.19860776513814926,0.1890849102192417,0.19197707736389685,349
val_calib,50,native,equal_mass,5,0.19860776513814926,0.2210625782608986,0.21028061352008393,0.1833810888252149,349
val_calib,50,native,equal_mass,6,0.2210625782608986,0.24346567690372467,0.23186380597615994,0.21203438395415472,349
val_calib,50,native,equal_mass,7,0.24346567690372467,0.2670585513114929,0.2544412502869107,0.23563218390804597,348
val_calib,50,native,equal_mass,8,0.2670585513114929,0.29253263771533966,0.2796155777052685,0.2922636103151863,349
val_calib,50,native,equal_mass,9,0.29253263771533966,0.32507188618183136,0.30904868484226544,0.30659025787965616,349
val_calib,50,native,equal_mass,10,0.32507188618183136,0.36266912519931793,0.34387018490999,0.3209169054441261,349
val_calib,50,native,equal_mass,11,0.36266912519931793,0.40908047556877136,0.38416910351868666,0.3659942363112392,347
val_calib,50,native,equal_mass,12,0.40908047556877136,0.47881241142749786,0.44221859097480776,0.38571428571428573,350
val_calib,50,native,equal_mass,13,0.47881241142749786,0.6050441861152649,0.5358202921114542,0.504297994269341,349
val_calib,50,native,equal_mass,14,0.6050441861152649,1.0,0.7508986530809485,0.7650429799426934,349
val_calib,50,global_T_corrected,equal_width,0,0.0,0.06666666666666667,0.06142633485918244,0.08333333333333333,24
val_calib,50,global_T_corrected,equal_width,1,0.06666666666666667,0.13333333333333333,0.10492420476719232,0.1228813559322034,944
val_calib,50,global_T_corrected,equal_width,2,0.13333333333333333,0.2,0.1661052628836203,0.180630284396618,1301
val_calib,50,global_T_corrected,equal_width,3,0.2,0.26666666666666666,0.23102167980080077,0.2749273959341723,1033
val_calib,50,global_T_corrected,equal_width,4,0.26666666666666666,0.3333333333333333,0.29771434696613513,0.31824417009602196,729
val_calib,50,global_T_corrected,equal_width,5,0.3333333333333333,0.4,0.3636150902481441,0.3744075829383886,422
val_calib,50,global_T_corrected,equal_width,6,0.4,0.4666666666666667,0.43246360888994073,0.4701195219123506,251
val_calib,50,global_T_corrected,equal_width,7,0.4666666666666667,0.5333333333333333,0.49701364890912947,0.5280898876404494,178
val_calib,50,global_T_corrected,equal_width,8,0.5333333333333333,0.6,0.5640194215453588,0.6730769230769231,104
val_calib,50,global_T_corrected,equal_width,9,0.6,0.6666666666666666,0.6308271543363507,0.651685393258427,89
val_calib,50,global_T_corrected,equal_width,10,0.6666666666666666,0.7333333333333333,0.6949494559809847,0.7924528301886793,53
val_calib,50,global_T_corrected,equal_width,11,0.7333333333333333,0.8,0.7591926591736929,0.8857142857142857,35
val_calib,50,global_T_corrected,equal_width,12,0.8,0.8666666666666667,0.8254457547746855,0.7586206896551724,29
val_calib,50,global_T_corrected,equal_width,13,0.8666666666666667,0.9333333333333333,0.8940590808266088,1.0,19
val_calib,50,global_T_corrected,equal_width,14,0.9333333333333333,1.0,0.9642939865589142,1.0,20
val_calib,50,global_T_corrected,equal_mass,0,0.0,0.09808163717389107,0.0825969486165492,0.09482758620689655,348
val_calib,50,global_T_corrected,equal_mass,1,0.09808163717389107,0.1182340756058693,0.10793734892647724,0.12320916905444126,349
val_calib,50,global_T_corrected,equal_mass,2,0.1182340756058693,0.1367960199713707,0.12797439410044334,0.1489971346704871,349
val_calib,50,global_T_corrected,equal_mass,3,0.1367960199713707,0.15531075745821,0.1460832771470492,0.1724137931034483,348
val_calib,50,global_T_corrected,equal_mass,4,0.15531075745821,0.1717052236199379,0.1633193997564835,0.20057306590257878,349
val_calib,50,global_T_corrected,equal_mass,5,0.1717052236199379,0.19059329479932785,0.18088634432047263,0.16954022988505746,348
val_calib,50,global_T_corrected,equal_mass,6,0.19059329479932785,0.20999349653720856,0.20010168829134534,0.21714285714285714,350
val_calib,50,global_T_corrected,equal_mass,7,0.20999349653720856,0.23029779642820358,0.21971637036265998,0.2557471264367816,348
val_calib,50,global_T_corrected,equal_mass,8,0.23029779642820358,0.2532321959733963,0.24163689509162248,0.2979942693409742,349
val_calib,50,global_T_corrected,equal_mass,9,0.2532321959733963,0.2817728668451309,0.26696874658152847,0.2979942693409742,349
val_calib,50,global_T_corrected,equal_mass,10,0.2817728668451309,0.3116994947195053,0.296563770504599,0.32951289398280803,349
val_calib,50,global_T_corrected,equal_mass,11,0.3116994947195053,0.35421109199523926,0.3315918069407988,0.3227665706051873,347
val_calib,50,global_T_corrected,equal_mass,12,0.35421109199523926,0.4191146492958069,0.3831355337585722,0.4228571428571429,350
val_calib,50,global_T_corrected,equal_mass,13,0.4191146492958069,0.5333601832389832,0.4706174907165134,0.498567335243553,349
val_calib,50,global_T_corrected,equal_mass,14,0.5333601832389832,1.0,0.6831422062179762,0.7507163323782235,349
val_calib,50,oracle_T_K,equal_width,0,0.0,0.06666666666666667,0.061531176790595055,0.09090909090909091,22
val_calib,50,oracle_T_K,equal_width,1,0.06666666666666667,0.13333333333333333,0.10533904472523553,0.12147505422993492,922
val_calib,50,oracle_T_K,equal_width,2,0.13333333333333333,0.2,0.16621547695088368,0.18067556952081698,1273
val_calib,50,oracle_T_K,equal_width,3,0.2,0.26666666666666666,0.23120868903585665,0.263558515699334,1051
val_calib,50,oracle_T_K,equal_width,4,0.26666666666666666,0.3333333333333333,0.29841019658193196,0.3232876712328767,730
val_calib,50,oracle_T_K,equal_width,5,0.3333333333333333,0.4,0.36428523302898497,0.36926605504587157,436
val_calib,50,oracle_T_K,equal_width,6,0.4,0.4666666666666667,0.4328276856614667,0.45849802371541504,253
val_calib,50,oracle_T_K,equal_width,7,0.4666666666666667,0.5333333333333333,0.49712065041390924,0.5245901639344263,183
val_calib,50,oracle_T_K,equal_width,8,0.5333333333333333,0.6,0.5642141388096941,0.6788990825688074,109
val_calib,50,oracle_T_K,equal_width,9,0.6,0.6666666666666666,0.6317303986711935,0.6704545454545454,88
val_calib,50,oracle_T_K,equal_width,10,0.6666666666666666,0.7333333333333333,0.6943229185907465,0.7543859649122807,57
val_calib,50,oracle_T_K,equal_width,11,0.7333333333333333,0.8,0.7592976308531232,0.8611111111111112,36
val_calib,50,oracle_T_K,equal_width,12,0.8,0.8666666666666667,0.8274342975308818,0.8064516129032258,31
val_calib,50,oracle_T_K,equal_width,13,0.8666666666666667,0.9333333333333333,0.8970320463180542,0.95,20
val_calib,50,oracle_T_K,equal_width,14,0.9333333333333333,1.0,0.9662055552005768,1.0,20
val_calib,50,oracle_T_K,equal_mass,0,0.0,0.09934677183628082,0.08349821443573155,0.09482758620689655,348
val_calib,50,oracle_T_K,equal_mass,1,0.09934677183628082,0.11979245394468307,0.1092082574579299,0.12893982808022922,349
val_calib,50,oracle_T_K,equal_mass,2,0.11979245394468307,0.13859879970550537,0.12954699491446886,0.14326647564469913,349
val_calib,50,oracle_T_K,equal_mass,3,0.13859879970550537,0.1571669802069664,0.14788249177836824,0.1752873563218391,348
val_calib,50,oracle_T_K,equal_mass,4,0.1571669802069664,0.1738259270787239,0.16538261466347384,0.19197707736389685,349
val_calib,50,oracle_T_K,equal_mass,5,0.1738259270787239,0.19287842512130737,0.18323104096347076,0.17478510028653296,349
val_calib,50,oracle_T_K,equal_mass,6,0.19287842512130737,0.21264557540416718,0.20265347905521064,0.22063037249283668,349
val_calib,50,oracle_T_K,equal_mass,7,0.21264557540416718,0.23280861973762512,0.22252890566128425,0.25287356321839083,348
val_calib,50,oracle_T_K,equal_mass,8,0.23280861973762512,0.2560725212097168,0.2447100303490729,0.28939828080229224,349
val_calib,50,oracle_T_K,equal_mass,9,0.2560725212097168,0.2854064106941223,0.2702804311981857,0.30659025787965616,349
val_calib,50,oracle_T_K,equal_mass,10,0.2854064106941223,0.3156873732805252,0.3004152751754553,0.32664756446991405,349
val_calib,50,oracle_T_K,equal_mass,11,0.3156873732805252,0.3581390231847763,0.33590263539347154,0.33045977011494254,348
val_calib,50,oracle_T_K,equal_mass,12,0.3581390231847763,0.42353154718875885,0.3880839795725686,0.4228571428571429,350
val_calib,50,oracle_T_K,equal_mass,13,0.42353154718875885,0.5391515493392944,0.4760910806984737,0.49137931034482757,348
val_calib,50,oracle_T_K,equal_mass,14,0.5391515493392944,1.0,0.6890400986275222,0.7535816618911175,349
testA,5,native,equal_width,0,0.0,0.06666666666666667,0.0,0.0,0
testA,5,native,equal_width,1,0.06666666666666667,0.13333333333333333,0.0,0.0,0
testA,5,native,equal_width,2,0.13333333333333333,0.2,0.0,0.0,0
testA,5,native,equal_width,3,0.2,0.26666666666666666,0.2560883849859238,0.2,5
testA,5,native,equal_width,4,0.26666666666666666,0.3333333333333333,0.3055826744128918,0.29310344827586204,58
testA,5,native,equal_width,5,0.3333333333333333,0.4,0.37037253100425005,0.39375,160
testA,5,native,equal_width,6,0.4,0.4666666666666667,0.4363433703996133,0.4434782608695652,345
testA,5,native,equal_width,7,0.4666666666666667,0.5333333333333333,0.5036931104130216,0.49145299145299143,468
testA,5,native,equal_width,8,0.5333333333333333,0.6,0.5646508751109214,0.5551257253384912,517
testA,5,native,equal_width,9,0.6,0.6666666666666666,0.6329772845808282,0.6345381526104418,498
testA,5,native,equal_width,10,0.6666666666666666,0.7333333333333333,0.6994089079446181,0.6480331262939959,483
testA,5,native,equal_width,11,0.7333333333333333,0.8,0.7660929758861227,0.6868932038834952,412
testA,5,native,equal_width,12,0.8,0.8666666666666667,0.8339105363642232,0.8112359550561797,445
testA,5,native,equal_width,13,0.8666666666666667,0.9333333333333333,0.9015885950452056,0.8858195211786372,543
testA,5,native,equal_width,14,0.9333333333333333,1.0,0.9833407049702707,0.9783878504672897,1712
testA,5,native,equal_mass,0,0.0,0.433704137802124,0.3779138984911619,0.3776595744680851,376
testA,5,native,equal_mass,1,0.433704137802124,0.5008536577224731,0.4676021915325459,0.4654255319148936,376
testA,5,native,equal_mass,2,0.5008536577224731,0.5444893836975098,0.5218426681639977,0.519893899204244,377
testA,5,native,equal_mass,3,0.5444893836975098,0.5930078327655792,0.5669787304198488,0.5558510638297872,376
testA,5,native,equal_mass,4,0.5930078327655792,0.64523845911026,0.6181323493507244,0.6259946949602122,377
testA,5,native,equal_mass,5,0.64523845911026,0.693918913602829,0.6692892626879063,0.6117021276595744,376
testA,5,native,equal_mass,6,0.693918913602829,0.7495666146278381,0.7210889891424077,0.6941489361702128,376
testA,5,native,equal_mass,7,0.7495666146278381,0.8096514642238617,0.779226291242898,0.7082228116710876,377
testA,5,native,equal_mass,8,0.8096514642238617,0.8663690984249115,0.8386376874243959,0.8085106382978723,376
testA,5,native,equal_mass,9,0.8663690984249115,0.9142072200775146,0.8908300654325308,0.896551724137931,377
testA,5,native,equal_mass,10,0.9142072200775146,0.9528157711029053,0.9354555129687837,0.8962765957446809,376
testA,5,native,equal_mass,11,0.9528157711029053,0.9797523617744446,0.9671793277276323,0.9627659574468085,376
testA,5,native,equal_mass,12,0.9797523617744446,0.9960825443267822,0.9886421629225227,0.9814323607427056,377
testA,5,native,equal_mass,13,0.9960825443267822,0.9999212324619293,0.9988344692169352,1.0,376
testA,5,native,equal_mass,14,0.9999212324619293,1.0,0.9999849661908036,1.0,377
testA,5,global_T_corrected,equal_width,0,0.0,0.06666666666666667,0.0,0.0,0
testA,5,global_T_corrected,equal_width,1,0.06666666666666667,0.13333333333333333,0.0,0.0,0
testA,5,global_T_corrected,equal_width,2,0.13333333333333333,0.2,0.0,0.0,0
testA,5,global_T_corrected,equal_width,3,0.2,0.26666666666666666,0.2514921377102534,0.16666666666666666,6
testA,5,global_T_corrected,equal_width,4,0.26666666666666666,0.3333333333333333,0.3034805126984914,0.3466666666666667,75
testA,5,global_T_corrected,equal_width,5,0.3333333333333333,0.4,0.3709313496310487,0.3974358974358974,234
testA,5,global_T_corrected,equal_width,6,0.4,0.4666666666666667,0.4344369151762554,0.4470899470899471,378
testA,5,global_T_corrected,equal_width,7,0.4666666666666667,0.5333333333333333,0.5032918528888537,0.5147826086956522,575
testA,5,global_T_corrected,equal_width,8,0.5333333333333333,0.6,0.5674785799620783,0.6029411764705882,544
testA,5,global_T_corrected,equal_width,9,0.6,0.6666666666666666,0.6330579033521848,0.6336448598130842,535
testA,5,global_T_corrected,equal_width,10,0.6666666666666666,0.7333333333333333,0.6989319435113382,0.6834061135371179,458
testA,5,global_T_corrected,equal_width,11,0.7333333333333333,0.8,0.7685612432945234,0.7788461538461539,416
testA,5,global_T_corrected,equal_width,12,0.8,0.8666666666666667,0.8346819067850941,0.8574610244988864,449
testA,5,global_T_corrected,equal_width,13,0.8666666666666667,0.9333333333333333,0.9030097329845795,0.8961538461538462,520
testA,5,global_T_corrected,equal_width,14,0.9333333333333333,1.0,0.9826745342586066,0.989010989010989,1456
testA,5,global_T_corrected,equal_mass,0,0.0,0.4118303060531616,0.36142292460228537,0.3803191489361702,376
testA,5,global_T_corrected,equal_mass,1,0.4118303060531616,0.4754364341497421,0.4446545126748846,0.4627659574468085,376
testA,5,global_T_corrected,equal_mass,2,0.4754364341497421,0.5192674398422241,0.4997921906194257,0.5145888594164456,377
testA,5,global_T_corrected,equal_mass,3,0.5192674398422241,0.5641083121299744,0.540253351343439,0.5638297872340425,376
testA,5,global_T_corrected,equal_mass,4,0.5641083121299744,0.6080101430416107,0.5863243074252688,0.6339522546419099,377
testA,5,global_T_corrected,equal_mass,5,0.6080101430416107,0.6555243730545044,0.6318777634742412,0.6303191489361702,376
testA,5,global_T_corrected,equal_mass,6,0.6555243730545044,0.7064758539199829,0.6800331650896275,0.6622340425531915,376
testA,5,global_T_corrected,equal_mass,7,0.7064758539199829,0.7690666615962982,0.7374573789061384,0.7101063829787234,376
testA,5,global_T_corrected,equal_mass,8,0.7690666615962982,0.8278892934322357,0.7974045757273464,0.8249336870026526,377
testA,5,global_T_corrected,equal_mass,9,0.8278892934322357,0.8816490173339844,0.8540058999226011,0.8753315649867374,377
testA,5,global_T_corrected,equal_mass,10,0.8816490173339844,0.9294209182262421,0.9064922037910907,0.901595744680851,376
testA,5,global_T_corrected,equal_mass,11,0.9294209182262421,0.9652406871318817,0.9475492078890192,0.9601063829787234,376
testA,5,global_T_corrected,equal_mass,12,0.9652406871318817,0.9916469156742096,0.9791542486107317,0.9840848806366048,377
testA,5,global_T_corrected,equal_mass,13,0.9916469156742096,0.9997157454490662,0.9971951627731324,1.0,375
testA,5,global_T_corrected,equal_mass,14,0.9997157454490662,1.0,0.9999377010045228,1.0,378
testA,5,oracle_T_K,equal_width,0,0.0,0.06666666666666667,0.0,0.0,0
testA,5,oracle_T_K,equal_width,1,0.06666666666666667,0.13333333333333333,0.0,0.0,0
testA,5,oracle_T_K,equal_width,2,0.13333333333333333,0.2,0.0,0.0,0
testA,5,oracle_T_K,equal_width,3,0.2,0.26666666666666666,0.2516532267133395,0.16666666666666666,6
testA,5,oracle_T_K,equal_width,4,0.26666666666666666,0.3333333333333333,0.3037404143810272,0.3466666666666667,75
testA,5,oracle_T_K,equal_width,5,0.3333333333333333,0.4,0.37132594167676747,0.3974358974358974,234
testA,5,oracle_T_K,equal_width,6,0.4,0.4666666666666667,0.4345256501643971,0.4477211796246649,373
testA,5,oracle_T_K,equal_width,7,0.4666666666666667,0.5333333333333333,0.503113696208367,0.513986013986014,572
testA,5,oracle_T_K,equal_width,8,0.5333333333333333,0.6,0.5675218924609098,0.6018181818181818,550
testA,5,oracle_T_K,equal_width,9,0.6,0.6666666666666666,0.6335513808713845,0.6322701688555347,533
testA,5,oracle_T_K,equal_width,10,0.6666666666666666,0.7333333333333333,0.6993146485376567,0.6812227074235808,458
testA,5,oracle_T_K,equal_width,11,0.7333333333333333,0.8,0.7686874300746595,0.7772397094430993,413
testA,5,oracle_T_K,equal_width,12,0.8,0.8666666666666667,0.8346758929888407,0.8577777777777778,450
testA,5,oracle_T_K,equal_width,13,0.8666666666666667,0.9333333333333333,0.9030661747688982,0.8963531669865643,521
testA,5,oracle_T_K,equal_width,14,0.9333333333333333,1.0,0.9827101357500493,0.9890485968514716,1461
testA,5,oracle_T_K,equal_mass,0,0.0,0.4124101996421814,0.3618019421763243,0.3803191489361702,376
testA,5,oracle_T_K,equal_mass,1,0.4124101996421814,0.47605666518211365,0.4451905829792327,0.4627659574468085,376
testA,5,oracle_T_K,equal_mass,2,0.47605666518211365,0.5195346176624298,0.5003368667961748,0.5119363395225465,377
testA,5,oracle_T_K,equal_mass,3,0.5195346176624298,0.5648804306983948,0.5408485588875223,0.5664893617021277,376
testA,5,oracle_T_K,equal_mass,4,0.5648804306983948,0.608856201171875,0.5870639221737809,0.6339522546419099,377
testA,5,oracle_T_K,equal_mass,5,0.608856201171875,0.6561859846115112,0.6327338754496676,0.6303191489361702,376
testA,5,oracle_T_K,equal_mass,6,0.6561859846115112,0.7075806558132172,0.680982658520658,0.6622340425531915,376
testA,5,oracle_T_K,equal_mass,7,0.7075806558132172,0.7699406743049622,0.7385292193933887,0.7055702917771883,377
testA,5,oracle_T_K,equal_mass,8,0.7699406743049622,0.8287064433097839,0.7984780169864918,0.8297872340425532,376
testA,5,oracle_T_K,equal_mass,9,0.8287064433097839,0.8825559020042419,0.8549281082039486,0.8753315649867374,377
testA,5,oracle_T_K,equal_mass,10,0.8825559020042419,0.930112898349762,0.9072490876659434,0.901595744680851,376
testA,5,oracle_T_K,equal_mass,11,0.930112898349762,0.9656370580196381,0.9480866821522408,0.9601063829787234,376
testA,5,oracle_T_K,equal_mass,12,0.9656370580196381,0.9917827248573303,0.9794323409583904,0.9840848806366048,377
testA,5,oracle_T_K,equal_mass,13,0.9917827248573303,0.9997235238552094,0.997249533812205,1.0,375
testA,5,oracle_T_K,equal_mass,14,0.9997235238552094,1.0,0.9999396253830541,1.0,378
testA,10,native,equal_width,0,0.0,0.06666666666666667,0.0,0.0,0
testA,10,native,equal_width,1,0.06666666666666667,0.13333333333333333,0.0,0.0,0
testA,10,native,equal_width,2,0.13333333333333333,0.2,0.1877227341351302,0.17391304347826086,23
testA,10,native,equal_width,3,0.2,0.26666666666666666,0.2397482249243506,0.1793103448275862,145
testA,10,native,equal_width,4,0.26666666666666666,0.3333333333333333,0.3026136627322749,0.2868421052631579,380
testA,10,native,equal_width,5,0.3333333333333333,0.4,0.3693854269609286,0.35645472061657035,519
testA,10,native,equal_width,6,0.4,0.4666666666666667,0.4332411612563502,0.4294385432473445,659
testA,10,native,equal_width,7,0.4666666666666667,0.5333333333333333,0.5010525906513102,0.5,614
testA,10,native,equal_width,8,0.5333333333333333,0.6,0.5642822573850821,0.5333333333333333,555
testA,10,native,equal_width,9,0.6,0.6666666666666666,0.6325379396186156,0.6313725490196078,510
testA,10,native,equal_width,10,0.6666666666666666,0.7333333333333333,0.6994574089565188,0.6924882629107981,426
testA,10,native,equal_width,11,0.7333333333333333,0.8,0.7656606019785007,0.7395833333333334,384
testA,10,native,equal_width,12,0.8,0.8666666666666667,0.832534642553715,0.8382749326145552,371
testA,10,native,equal_width,13,0.8666666666666667,0.9333333333333333,0.9032681027396781,0.8961748633879781,366
testA,10,native,equal_width,14,0.9333333333333333,1.0,0.9767753256844512,0.9654178674351584,694
testA,10,native,equal_mass,0,0.0,0.306303009390831,0.263235031488411,0.22606382978723405,376
testA,10,native,equal_mass,1,0.306303009390831,0.36480461061000824,0.33615679888332145,0.3404255319148936,376
testA,10,native,equal_mass,2,0.36480461061000824,0.4062771052122116,0.38570829696301123,0.3687002652519894,377
testA,10,native,equal_mass,3,0.4062771052122116,0.44452233612537384,0.42533890157938004,0.4521276595744681,376
testA,10,native,equal_mass,4,0.44452233612537384,0.48443083465099335,0.46357998908040376,0.4297082228116711,377
testA,10,native,equal_mass,5,0.48443083465099335,0.5248514413833618,0.5055018752971863,0.5132978723404256,376
testA,10,native,equal_mass,6,0.5248514413833618,0.5650326609611511,0.5442204434186855,0.48936170212765956,376
testA,10,native,equal_mass,7,0.5650326609611511,0.6137242019176483,0.589919309875377,0.5994694960212201,377
testA,10,native,equal_mass,8,0.6137242019176483,0.6642679274082184,0.6387173600019292,0.6196808510638298,376
testA,10,native,equal_mass,9,0.6642679274082184,0.7213002741336823,0.6930013390687796,0.6870026525198939,377
testA,10,native,equal_mass,10,0.7213002741336823,0.78727987408638,0.7532265508111488,0.7313829787234043,376
testA,10,native,equal_mass,11,0.78727987408638,0.8547695577144623,0.8193396593027926,0.824468085106383,376
testA,10,native,equal_mass,12,0.8547695577144623,0.9244441390037537,0.8914218371047266,0.8753315649867374,377
testA,10,native,equal_mass,13,0.9244441390037537,0.9793274104595184,0.9520547491438845,0.9414893617021277,376
testA,10,native,equal_mass,14,0.9793274104595184,1.0,0.9939556687833143,0.986737400530504,377
testA,10,global_T_corrected,equal_width,0,0.0,0.06666666666666667,0.0,0.0,0
testA,10,global_T_corrected,equal_width,1,0.06666666666666667,0.13333333333333333,0.0,0.0,0
testA,10,global_T_corrected,equal_width,2,0.13333333333333333,0.2,0.18482435836985306,0.1891891891891892,37
testA,10,global_T_corrected,equal_width,3,0.2,0.26666666666666666,0.24049495928817324,0.21777777777777776,225
testA,10,global_T_corrected,equal_width,4,0.26666666666666666,0.3333333333333333,0.301393676466412,0.3244444444444444,450
testA,10,global_T_corrected,equal_width,5,0.3333333333333333,0.4,0.36731030145682486,0.3870481927710843,664
testA,10,global_T_corrected,equal_width,6,0.4,0.4666666666666667,0.431830917194107,0.4618834080717489,669
testA,10,global_T_corrected,equal_width,7,0.4666666666666667,0.5333333333333333,0.5001204260541293,0.5194610778443114,668
testA,10,global_T_corrected,equal_width,8,0.5333333333333333,0.6,0.5679636849345847,0.603290676416819,547
testA,10,global_T_corrected,equal_width,9,0.6,0.6666666666666666,0.6310617550718445,0.6411378555798687,457
testA,10,global_T_corrected,equal_width,10,0.6666666666666666,0.7333333333333333,0.6983922759597488,0.7624703087885986,421
testA,10,global_T_corrected,equal_width,11,0.7333333333333333,0.8,0.7659918069839478,0.8028571428571428,350
testA,10,global_T_corrected,equal_width,12,0.8,0.8666666666666667,0.8339777425911187,0.8615916955017301,289
testA,10,global_T_corrected,equal_width,13,0.8666666666666667,0.9333333333333333,0.9000035191533232,0.9259259259259259,351
testA,10,global_T_corrected,equal_width,14,0.9333333333333333,1.0,0.9772818798494155,0.9768339768339769,518
testA,10,global_T_corrected,equal_mass,0,0.0,0.28551115095615387,0.2459275818410072,0.23404255319148937,376
testA,10,global_T_corrected,equal_mass,1,0.28551115095615387,0.33686600625514984,0.31254624329665875,0.3377659574468085,376
testA,10,global_T_corrected,equal_mass,2,0.33686600625514984,0.37528373301029205,0.3572603595351667,0.35278514588859416,377
testA,10,global_T_corrected,equal_mass,3,0.37528373301029205,0.4111390858888626,0.394037044508026,0.4601063829787234,376
testA,10,global_T_corrected,equal_mass,4,0.4111390858888626,0.44821973145008087,0.4293555848162117,0.4403183023872679,377
testA,10,global_T_corrected,equal_mass,5,0.44821973145008087,0.48807811737060547,0.4690250927146445,0.5079787234042553,376
testA,10,global_T_corrected,equal_mass,6,0.48807811737060547,0.5262492001056671,0.5068048013651625,0.5106382978723404,376
testA,10,global_T_corrected,equal_mass,7,0.5262492001056671,0.5710897147655487,0.5483793398113402,0.5888594164456233,377
testA,10,global_T_corrected,equal_mass,8,0.5710897147655487,0.6156739592552185,0.5930095164382712,0.6303191489361702,376
testA,10,global_T_corrected,equal_mass,9,0.6156739592552185,0.6740778386592865,0.6437720550466279,0.6525198938992043,377
testA,10,global_T_corrected,equal_mass,10,0.6740778386592865,0.7342082262039185,0.7020887328272171,0.7579787234042553,376
testA,10,global_T_corrected,equal_mass,11,0.7342082262039185,0.8064405620098114,0.7689737203590413,0.8058510638297872,376
testA,10,global_T_corrected,equal_mass,12,0.8064405620098114,0.8888416588306427,0.8494996521770164,0.8912466843501327,377
testA,10,global_T_corrected,equal_mass,13,0.8888416588306427,0.9641821086406708,0.9250108114582427,0.9308510638297872,376
testA,10,global_T_corrected,equal_mass,14,0.9641821086406708,1.0,0.9882836504703492,0.9840848806366048,377
testA,10,oracle_T_K,equal_width,0,0.0,0.06666666666666667,0.0,0.0,0
testA,10,oracle_T_K,equal_width,1,0.06666666666666667,0.13333333333333333,0.0,0.0,0
testA,10,oracle_T_K,equal_width,2,0.13333333333333333,0.2,0.18467048454929041,0.1891891891891892,37
testA,10,oracle_T_K,equal_width,3,0.2,0.26666666666666666,0.24024113323953417,0.21777777777777776,225
testA,10,oracle_T_K,equal_width,4,0.26666666666666666,0.3333333333333333,0.30147520498486985,0.3201754385964912,456
testA,10,oracle_T_K,equal_width,5,0.3333333333333333,0.4,0.3674276724660019,0.39064856711915535,663
testA,10,oracle_T_K,equal_width,6,0.4,0.4666666666666667,0.43196979515431894,0.4642857142857143,672
testA,10,oracle_T_K,equal_width,7,0.4666666666666667,0.5333333333333333,0.5000460314426537,0.5166163141993958,662
testA,10,oracle_T_K,equal_width,8,0.5333333333333333,0.6,0.5679071374224064,0.6039783001808319,553
testA,10,oracle_T_K,equal_width,9,0.6,0.6666666666666666,0.6314936961073844,0.6455142231947484,457
testA,10,oracle_T_K,equal_width,10,0.6666666666666666,0.7333333333333333,0.6983797690954553,0.7614457831325301,415
testA,10,oracle_T_K,equal_width,11,0.7333333333333333,0.8,0.7653681074065724,0.8045977011494253,348
testA,10,oracle_T_K,equal_width,12,0.8,0.8666666666666667,0.8335938631263498,0.863013698630137,292
testA,10,oracle_T_K,equal_width,13,0.8666666666666667,0.9333333333333333,0.8999977186534479,0.9259259259259259,351
testA,10,oracle_T_K,equal_width,14,0.9333333333333333,1.0,0.97735091251077,0.9766990291262136,515
testA,10,oracle_T_K,equal_mass,0,0.0,0.285174697637558,0.24566763623597773,0.23404255319148937,376
testA,10,oracle_T_K,equal_mass,1,0.285174697637558,0.3365040570497513,0.3121910313976572,0.3377659574468085,376
testA,10,oracle_T_K,equal_mass,2,0.3365040570497513,0.3748264014720917,0.35683471936762173,0.35278514588859416,377
testA,10,oracle_T_K,equal_mass,3,0.3748264014720917,0.41074733436107635,0.39356749156054033,0.4601063829787234,376
testA,10,oracle_T_K,equal_mass,4,0.41074733436107635,0.44787850975990295,0.4288420553865104,0.4403183023872679,377
testA,10,oracle_T_K,equal_mass,5,0.44787850975990295,0.4875210076570511,0.46845628558955293,0.5106382978723404,376
testA,10,oracle_T_K,equal_mass,6,0.4875210076570511,0.52580726146698,0.5062436084956565,0.5079787234042553,376
testA,10,oracle_T_K,equal_mass,7,0.52580726146698,0.5703878700733185,0.5477492766607978,0.5862068965517241,377
testA,10,oracle_T_K,equal_mass,8,0.5703878700733185,0.6148768067359924,0.5923306853213208,0.6329787234042553,376
testA,10,oracle_T_K,equal_mass,9,0.6148768067359924,0.6733373701572418,0.6430274668675835,0.649867374005305,377
testA,10,oracle_T_K,equal_mass,10,0.6733373701572418,0.7333637177944183,0.7012995706593737,0.7606382978723404,376
testA,10,oracle_T_K,equal_mass,11,0.7333637177944183,0.8057514131069183,0.7681690525818379,0.8058510638297872,376
testA,10,oracle_T_K,equal_mass,12,0.8057514131069183,0.8882502019405365,0.8487971768138896,0.8912466843501327,377
testA,10,oracle_T_K,equal_mass,13,0.8882502019405365,0.9638948738574982,0.9245324347247469,0.9308510638297872,376
testA,10,oracle_T_K,equal_mass,14,0.9638948738574982,1.0,0.9881701159540475,0.9840848806366048,377
testA,20,native,equal_width,0,0.0,0.06666666666666667,0.0,0.0,0
testA,20,native,equal_width,1,0.06666666666666667,0.13333333333333333,0.12066291272640228,0.06666666666666667,15
testA,20,native,equal_width,2,0.13333333333333333,0.2,0.1738405263220722,0.16287878787878787,264
testA,20,native,equal_width,3,0.2,0.26666666666666666,0.23595096432525692,0.21221374045801528,655
testA,20,native,equal_width,4,0.26666666666666666,0.3333333333333333,0.30064617327496973,0.3037974683544304,790
testA,20,native,equal_width,5,0.3333333333333333,0.4,0.3665691008418798,0.34375,800
testA,20,native,equal_width,6,0.4,0.4666666666666667,0.43369765918894876,0.39089481946624804,637
testA,20,native,equal_width,7,0.4666666666666667,0.5333333333333333,0.4988565393139385,0.46953405017921146,558
testA,20,native,equal_width,8,0.5333333333333333,0.6,0.5652959495782852,0.5738095238095238,420
testA,20,native,equal_width,9,0.6,0.6666666666666666,0.6315912362079175,0.6461988304093568,342
testA,20,native,equal_width,10,0.6666666666666666,0.7333333333333333,0.6994231694999937,0.696113074204947,283
testA,20,native,equal_width,11,0.7333333333333333,0.8,0.7639586139382339,0.7283464566929134,254
testA,20,native,equal_width,12,0.8,0.8666666666666667,0.8309151173151773,0.8448275862068966,232
testA,20,native,equal_width,13,0.8666666666666667,0.9333333333333333,0.897693582987174,0.8717948717948718,195
testA,20,native,equal_width,14,0.9333333333333333,1.0,0.9675982974061919,0.9203980099502488,201
testA,20,native,equal_mass,0,0.0,0.21279802918434143,0.18007801861522046,0.17553191489361702,376
testA,20,native,equal_mass,1,0.21279802918434143,0.25161053240299225,0.2324947886010434,0.21808510638297873,376
testA,20,native,equal_mass,2,0.25161053240299225,0.2838388681411743,0.26734546925724345,0.20159151193633953,377
testA,20,native,equal_mass,3,0.2838388681411743,0.31528817117214203,0.3005929754135456,0.3484042553191489,376
testA,20,native,equal_mass,4,0.31528817117214203,0.3457215130329132,0.3303504587800813,0.3209549071618037,377
testA,20,native,equal_mass,5,0.3457215130329132,0.3779130280017853,0.3617896209371851,0.324468085106383,376
testA,20,native,equal_mass,6,0.3779130280017853,0.41223280131816864,0.3941576381788609,0.3803191489361702,376
testA,20,native,equal_mass,7,0.41223280131816864,0.45050621032714844,0.4319077024541835,0.3941798941798942,378
testA,20,native,equal_mass,8,0.45050621032714844,0.49152565002441406,0.4712965312798818,0.44,375
testA,20,native,equal_mass,9,0.49152565002441406,0.5401734411716461,0.5147192708830884,0.4654255319148936,376
testA,20,native,equal_mass,10,0.5401734411716461,0.6002357602119446,0.5687521188581653,0.583554376657825,377
testA,20,native,equal_mass,11,0.6002357602119446,0.6735499799251556,0.6352854635804257,0.6542553191489362,376
testA,20,native,equal_mass,12,0.6735499799251556,0.7633886337280273,0.718404169107938,0.6949602122015915,377
testA,20,native,equal_mass,13,0.7633886337280273,0.8726817071437836,0.8164293496532643,0.8164893617021277,376
testA,20,native,equal_mass,14,0.8726817071437836,1.0,0.9363742290504415,0.8992042440318302,377
testA,20,global_T_corrected,equal_width,0,0.0,0.06666666666666667,0.0,0.0,0
testA,20,global_T_corrected,equal_width,1,0.06666666666666667,0.13333333333333333,0.12005699003736178,0.03333333333333333,30
testA,20,global_T_corrected,equal_width,2,0.13333333333333333,0.2,0.17323187063230533,0.17990654205607476,428
testA,20,global_T_corrected,equal_width,3,0.2,0.26666666666666666,0.2348663182986861,0.2342007434944238,807
testA,20,global_T_corrected,equal_width,4,0.26666666666666666,0.3333333333333333,0.29951624796128595,0.3396860986547085,892
testA,20,global_T_corrected,equal_width,5,0.3333333333333333,0.4,0.3661894839475045,0.38854296388542964,803
testA,20,global_T_corrected,equal_width,6,0.4,0.4666666666666667,0.43194366706075604,0.42857142857142855,616
testA,20,global_T_corrected,equal_width,7,0.4666666666666667,0.5333333333333333,0.497745722234844,0.5429141716566867,501
testA,20,global_T_corrected,equal_width,8,0.5333333333333333,0.6,0.567061649601391,0.6266318537859008,383
testA,20,global_T_corrected,equal_width,9,0.6,0.6666666666666666,0.6311661091679377,0.7092198581560284,282
testA,20,global_T_corrected,equal_width,10,0.6666666666666666,0.7333333333333333,0.6972035994529724,0.716,250
testA,20,global_T_corrected,equal_width,11,0.7333333333333333,0.8,0.7626868788510153,0.8127853881278538,219
testA,20,global_T_corrected,equal_width,12,0.8,0.8666666666666667,0.8302831170875902,0.8959537572254336,173
testA,20,global_T_corrected,equal_width,13,0.8666666666666667,0.9333333333333333,0.8999819575061261,0.8309859154929577,142
testA,20,global_T_corrected,equal_width,14,0.9333333333333333,1.0,0.9660557548205058,0.9666666666666667,120
testA,20,global_T_corrected,equal_mass,0,0.0,0.19249744713306427,0.16401689640305778,0.18085106382978725,376
testA,20,global_T_corrected,equal_mass,1,0.19249744713306427,0.22745469212532043,0.2100273045374358,0.21808510638297873,376
testA,20,global_T_corrected,equal_mass,2,0.22745469212532043,0.2554202228784561,0.24161246241087622,0.20689655172413793,377
testA,20,global_T_corrected,equal_mass,3,0.2554202228784561,0.2838428318500519,0.27049939820557756,0.3421750663129973,377
testA,20,global_T_corrected,equal_mass,4,0.2838428318500519,0.3119974434375763,0.2977211220150298,0.30851063829787234,376
testA,20,global_T_corrected,equal_mass,5,0.3119974434375763,0.34248948097229004,0.3269977770111662,0.32978723404255317,376
testA,20,global_T_corrected,equal_mass,6,0.34248948097229004,0.3714316785335541,0.3560734798616551,0.3829787234042553,376
testA,20,global_T_corrected,equal_mass,7,0.3714316785335541,0.40448296070098877,0.38867895862468044,0.4297082228116711,377
testA,20,global_T_corrected,equal_mass,8,0.40448296070098877,0.4441045671701431,0.4244430774545416,0.42819148936170215,376
testA,20,global_T_corrected,equal_mass,9,0.4441045671701431,0.490107923746109,0.46608928739234057,0.4960212201591512,377
testA,20,global_T_corrected,equal_mass,10,0.490107923746109,0.5443543195724487,0.5147710106474288,0.5398936170212766,376
testA,20,global_T_corrected,equal_mass,11,0.5443543195724487,0.6100465357303619,0.5773810473211268,0.6436170212765957,376
testA,20,global_T_corrected,equal_mass,12,0.6100465357303619,0.7027677893638611,0.6564222575819239,0.7127659574468085,376
testA,20,global_T_corrected,equal_mass,13,0.7027677893638611,0.8183941543102264,0.7575296794387959,0.8037135278514589,377
testA,20,global_T_corrected,equal_mass,14,0.8183941543102264,1.0,0.9030210326774051,0.8938992042440318,377
testA,20,oracle_T_K,equal_width,0,0.0,0.06666666666666667,0.0,0.0,0
testA,20,oracle_T_K,equal_width,1,0.06666666666666667,0.13333333333333333,0.12067475118513765,0.034482758620689655,29
testA,20,oracle_T_K,equal_width,2,0.13333333333333333,0.2,0.17368269548183535,0.18048780487804877,410
testA,20,oracle_T_K,equal_width,3,0.2,0.26666666666666666,0.23464332212198963,0.2277992277992278,777
testA,20,oracle_T_K,equal_width,4,0.26666666666666666,0.3333333333333333,0.29918130009430943,0.336322869955157,892
testA,20,oracle_T_K,equal_width,5,0.3333333333333333,0.4,0.36574399944812924,0.38083228247162676,793
testA,20,oracle_T_K,equal_width,6,0.4,0.4666666666666667,0.4318430052023725,0.4413145539906103,639
testA,20,oracle_T_K,equal_width,7,0.4666666666666667,0.5333333333333333,0.49914240546058863,0.521484375,512
testA,20,oracle_T_K,equal_width,8,0.5333333333333333,0.6,0.5672748820937198,0.6195652173913043,368
testA,20,oracle_T_K,equal_width,9,0.6,0.6666666666666666,0.6306791548744891,0.6989966555183946,299
testA,20,oracle_T_K,equal_width,10,0.6666666666666666,0.7333333333333333,0.6986281238641256,0.7120622568093385,257
testA,20,oracle_T_K,equal_width,11,0.7333333333333333,0.8,0.7656350325694127,0.8185840707964602,226
testA,20,oracle_T_K,equal_width,12,0.8,0.8666666666666667,0.832909557668642,0.8850574712643678,174
testA,20,oracle_T_K,equal_width,13,0.8666666666666667,0.9333333333333333,0.9013014526202761,0.8413793103448276,145
testA,20,oracle_T_K,equal_width,14,0.9333333333333333,1.0,0.9667327661514282,0.96,125
testA,20,oracle_T_K,equal_mass,0,0.0,0.1945582553744316,0.16565187059422123,0.17553191489361702,376
testA,20,oracle_T_K,equal_mass,1,0.1945582553744316,0.2298077717423439,0.21232006282723964,0.21808510638297873,376
testA,20,oracle_T_K,equal_mass,2,0.2298077717423439,0.2583465129137039,0.24427030794816562,0.21485411140583555,377
testA,20,oracle_T_K,equal_mass,3,0.2583465129137039,0.28661756217479706,0.2735344791348944,0.3377659574468085,376
testA,20,oracle_T_K,equal_mass,4,0.28661756217479706,0.31570447981357574,0.3010148568874329,0.3076923076923077,377
testA,20,oracle_T_K,equal_mass,5,0.31570447981357574,0.34638357162475586,0.3306210950175498,0.3351063829787234,376
testA,20,oracle_T_K,equal_mass,6,0.34638357162475586,0.3754142075777054,0.36002137654639305,0.3882978723404255,376
testA,20,oracle_T_K,equal_mass,7,0.3754142075777054,0.4088612049818039,0.39312208592101183,0.41644562334217505,377
testA,20,oracle_T_K,equal_mass,8,0.4088612049818039,0.4489651024341583,0.4293193683979359,0.43351063829787234,376
testA,20,oracle_T_K,equal_mass,9,0.4489651024341583,0.495199054479599,0.4711769561552559,0.4880636604774536,377
testA,20,oracle_T_K,equal_mass,10,0.495199054479599,0.5493614077568054,0.5203396715223789,0.5398936170212766,376
testA,20,oracle_T_K,equal_mass,11,0.5493614077568054,0.617636114358902,0.5834469801567971,0.648936170212766,376
testA,20,oracle_T_K,equal_mass,12,0.617636114358902,0.7089537978172302,0.6631493152610819,0.713527851458886,377
testA,20,oracle_T_K,equal_mass,13,0.7089537978172302,0.8246048986911774,0.7642137141937905,0.7978723404255319,376
testA,20,oracle_T_K,equal_mass,14,0.8246048986911774,1.0,0.9070229112943857,0.9018567639257294,377
testA,50,native,equal_width,0,0.0,0.06666666666666667,0.061485278978943826,0.0,10
testA,50,native,equal_width,1,0.06666666666666667,0.13333333333333333,0.11009174259984261,0.11688311688311688,616
testA,50,native,equal_width,2,0.13333333333333333,0.2,0.16727275187674442,0.1564339781328848,1189
testA,50,native,equal_width,3,0.2,0.26666666666666666,0.2317484636276738,0.21921641791044777,1072
testA,50,native,equal_width,4,0.26666666666666666,0.3333333333333333,0.29802186856862944,0.2955665024630542,812
testA,50,native,equal_width,5,0.3333333333333333,0.4,0.36450204003241754,0.4,620
testA,50,native,equal_width,6,0.4,0.4666666666666667,0.4298635447956152,0.42317380352644834,397
testA,50,native,equal_width,7,0.4666666666666667,0.5333333333333333,0.49732411042191926,0.45864661654135336,266
testA,50,native,equal_width,8,0.5333333333333333,0.6,0.5656084753734208,0.5454545454545454,231
testA,50,native,equal_width,9,0.6,0.6666666666666666,0.631941114499317,0.6747967479674797,123
testA,50,native,equal_width,10,0.6666666666666666,0.7333333333333333,0.6983947227982914,0.7450980392156863,102
testA,50,native,equal_width,11,0.7333333333333333,0.8,0.7648928129956836,0.8809523809523809,84
testA,50,native,equal_width,12,0.8,0.8666666666666667,0.8297148338262585,0.927536231884058,69
testA,50,native,equal_width,13,0.8666666666666667,0.9333333333333333,0.8894857781273978,0.8857142857142857,35
testA,50,native,equal_width,14,0.9333333333333333,1.0,0.9540013283491134,0.95,20
testA,50,native,equal_mass,0,0.0,0.11747508496046066,0.09880108218838243,0.125,376
testA,50,native,equal_mass,1,0.11747508496046066,0.14216015487909317,0.1292913325051678,0.10106382978723404,376
testA,50,native,equal_mass,2,0.14216015487909317,0.16219009459018707,0.15231415724248407,0.1246684350132626,377
testA,50,native,equal_mass,3,0.16219009459018707,0.1829577460885048,0.17255195101787305,0.16445623342175067,377
testA,50,native,equal_mass,4,0.1829577460885048,0.20406527817249298,0.1931293172405121,0.20212765957446807,376
testA,50,native,equal_mass,5,0.20406527817249298,0.2248690202832222,0.21409523411792644,0.18351063829787234,376
testA,50,native,equal_mass,6,0.2248690202832222,0.24949123710393906,0.23691608782609302,0.232,375
testA,50,native,equal_mass,7,0.24949123710393906,0.2748386561870575,0.2622530336969744,0.2751322751322751,378
testA,50,native,equal_mass,8,0.2748386561870575,0.3052053302526474,0.2897438060571539,0.2872340425531915,376
testA,50,native,equal_mass,9,0.3052053302526474,0.3392840027809143,0.32187506066393157,0.3103448275862069,377
testA,50,native,equal_mass,10,0.3392840027809143,0.37835943698883057,0.3578187142439345,0.3670212765957447,376
testA,50,native,equal_mass,11,0.37835943698883057,0.42727039754390717,0.40180050153681574,0.47074468085106386,376
testA,50,native,equal_mass,12,0.42727039754390717,0.5076775848865509,0.4646967632068563,0.40848806366047746,377
testA,50,native,equal_mass,13,0.5076775848865509,0.6305524408817291,0.5619466774007107,0.5558510638297872,376
testA,50,native,equal_mass,14,0.6305524408817291,1.0,0.7594087612407593,0.8249336870026526,377
testA,50,global_T_corrected,equal_width,0,0.0,0.06666666666666667,0.059234432680042165,0.0,19
testA,50,global_T_corrected,equal_width,1,0.06666666666666667,0.13333333333333333,0.10689074927103481,0.1180931744312026,923
testA,50,global_T_corrected,equal_width,2,0.13333333333333333,0.2,0.16563674630737033,0.18155825589706934,1399
testA,50,global_T_corrected,equal_width,3,0.2,0.26666666666666666,0.2314934524130462,0.2702448210922787,1062
testA,50,global_T_corrected,equal_width,4,0.26666666666666666,0.3333333333333333,0.29818310894072053,0.36125,800
testA,50,global_T_corrected,equal_width,5,0.3333333333333333,0.4,0.3629609454294731,0.4418103448275862,464
testA,50,global_T_corrected,equal_width,6,0.4,0.4666666666666667,0.4290488337868772,0.4227129337539432,317
testA,50,global_T_corrected,equal_width,7,0.4666666666666667,0.5333333333333333,0.4985771746404709,0.5403225806451613,248
testA,50,global_T_corrected,equal_width,8,0.5333333333333333,0.6,0.5655668699933637,0.7016129032258065,124
testA,50,global_T_corrected,equal_width,9,0.6,0.6666666666666666,0.6315029178346906,0.7448979591836735,98
testA,50,global_T_corrected,equal_width,10,0.6666666666666666,0.7333333333333333,0.6946711384731791,0.855072463768116,69
testA,50,global_T_corrected,equal_width,11,0.7333333333333333,0.8,0.7575820098000188,0.9193548387096774,62
testA,50,global_T_corrected,equal_width,12,0.8,0.8666666666666667,0.823141830998498,0.918918918918919,37
testA,50,global_T_corrected,equal_width,13,0.8666666666666667,0.9333333333333333,0.9020908683538437,0.9,20
testA,50,global_T_corrected,equal_width,14,0.9333333333333333,1.0,0.9511419385671616,1.0,4
testA,50,global_T_corrected,equal_mass,0,0.0,0.10250857472419739,0.08708110852959625,0.12234042553191489,376
testA,50,global_T_corrected,equal_mass,1,0.10250857472419739,0.12402921915054321,0.11316906571626029,0.10638297872340426,376
testA,50,global_T_corrected,equal_mass,2,0.12402921915054321,0.1417193040251732,0.13305729370692682,0.15649867374005305,377
testA,50,global_T_corrected,equal_mass,3,0.1417193040251732,0.15851407498121262,0.15023085490820257,0.14095744680851063,376
testA,50,global_T_corrected,equal_mass,4,0.15851407498121262,0.17684397846460342,0.16752707539249795,0.1909814323607427,377
testA,50,global_T_corrected,equal_mass,5,0.17684397846460342,0.19537700712680817,0.186213437388552,0.18085106382978725,376
testA,50,global_T_corrected,equal_mass,6,0.19537700712680817,0.2176256775856018,0.2060964438033865,0.26063829787234044,376
testA,50,global_T_corrected,equal_mass,7,0.2176256775856018,0.2386236935853958,0.22798295097736845,0.26525198938992045,377
testA,50,global_T_corrected,equal_mass,8,0.2386236935853958,0.26518893241882324,0.25144655035531266,0.2898936170212766,376
testA,50,global_T_corrected,equal_mass,9,0.26518893241882324,0.2927991598844528,0.2790429338378046,0.30238726790450926,377
testA,50,global_T_corrected,equal_mass,10,0.2927991598844528,0.32738617062568665,0.31057719379029375,0.39095744680851063,376
testA,50,global_T_corrected,equal_mass,11,0.32738617062568665,0.3729332536458969,0.34834189808115046,0.44148936170212766,376
testA,50,global_T_corrected,equal_mass,12,0.3729332536458969,0.43976259231567383,0.40571892040161617,0.41909814323607425,377
testA,50,global_T_corrected,equal_mass,13,0.43976259231567383,0.5548995137214661,0.4922439987038044,0.5478723404255319,376
testA,50,global_T_corrected,equal_mass,14,0.5548995137214661,1.0,0.6872688425946931,0.8169761273209549,377
testA,50,oracle_T_K,equal_width,0,0.0,0.06666666666666667,0.059738534649736004,0.0,19
testA,50,oracle_T_K,equal_width,1,0.06666666666666667,0.13333333333333333,0.10711204914397068,0.11685393258426967,890
testA,50,oracle_T_K,equal_width,2,0.13333333333333333,0.2,0.16596701016441456,0.17550143266475646,1396
testA,50,oracle_T_K,equal_width,3,0.2,0.26666666666666666,0.2318916865017103,0.2731568998109641,1058
testA,50,oracle_T_K,equal_width,4,0.26666666666666666,0.3333333333333333,0.2981189881460835,0.3446969696969697,792
testA,50,oracle_T_K,equal_width,5,0.3333333333333333,0.4,0.36235767051025675,0.4444444444444444,486
testA,50,oracle_T_K,equal_width,6,0.4,0.4666666666666667,0.42924069432738404,0.4254658385093168,322
testA,50,oracle_T_K,equal_width,7,0.4666666666666667,0.5333333333333333,0.4993019336982379,0.5396825396825397,252
testA,50,oracle_T_K,equal_width,8,0.5333333333333333,0.6,0.5656148020486186,0.6992481203007519,133
testA,50,oracle_T_K,equal_width,9,0.6,0.6666666666666666,0.6316432839945743,0.7157894736842105,95
testA,50,oracle_T_K,equal_width,10,0.6666666666666666,0.7333333333333333,0.69595027810488,0.8717948717948718,78
testA,50,oracle_T_K,equal_width,11,0.7333333333333333,0.8,0.7625144360557435,0.9206349206349206,63
testA,50,oracle_T_K,equal_width,12,0.8,0.8666666666666667,0.8278629073971197,0.9210526315789473,38
testA,50,oracle_T_K,equal_width,13,0.8666666666666667,0.9333333333333333,0.9047705625232897,0.8947368421052632,19
testA,50,oracle_T_K,equal_width,14,0.9333333333333333,1.0,0.9497863054275513,1.0,5
testA,50,oracle_T_K,equal_mass,0,0.0,0.10363055765628815,0.08801138219720822,0.12234042553191489,376
testA,50,oracle_T_K,equal_mass,1,0.10363055765628815,0.12543492764234543,0.1144485047602273,0.10638297872340426,376
testA,50,oracle_T_K,equal_mass,2,0.12543492764234543,0.14324981719255447,0.13459377275379647,0.15119363395225463,377
testA,50,oracle_T_K,equal_mass,3,0.14324981719255447,0.16045642644166946,0.15200101215630135,0.14627659574468085,376
testA,50,oracle_T_K,equal_mass,4,0.16045642644166946,0.17882240563631058,0.1695871548406009,0.1909814323607427,377
testA,50,oracle_T_K,equal_mass,5,0.17882240563631058,0.1975240334868431,0.18844120450159338,0.17553191489361702,376
testA,50,oracle_T_K,equal_mass,6,0.1975240334868431,0.2203347235918045,0.2085537128051122,0.256,375
testA,50,oracle_T_K,equal_mass,7,0.2203347235918045,0.2417851984500885,0.23069725828196005,0.2671957671957672,378
testA,50,oracle_T_K,equal_mass,8,0.2417851984500885,0.2682941406965256,0.2545262023093218,0.2978723404255319,376
testA,50,oracle_T_K,equal_mass,9,0.2682941406965256,0.29634496569633484,0.2824708153777793,0.3076923076923077,377
testA,50,oracle_T_K,equal_mass,10,0.29634496569633484,0.3313053250312805,0.31438441661761163,0.3776595744680851,376
testA,50,oracle_T_K,equal_mass,11,0.3313053250312805,0.37749411165714264,0.35267362957622145,0.4441489361702128,376
testA,50,oracle_T_K,equal_mass,12,0.37749411165714264,0.4450667053461075,0.4105181864781468,0.41644562334217505,377
testA,50,oracle_T_K,equal_mass,13,0.4450667053461075,0.5611117780208588,0.49795789493525283,0.5558510638297872,376
testA,50,oracle_T_K,equal_mass,14,0.5611117780208588,1.0,0.6935868223719003,0.8169761273209549,377
testB,5,native,equal_width,0,0.0,0.06666666666666667,0.0,0.0,0
testB,5,native,equal_width,1,0.06666666666666667,0.13333333333333333,0.0,0.0,0
testB,5,native,equal_width,2,0.13333333333333333,0.2,0.0,0.0,0
testB,5,native,equal_width,3,0.2,0.26666666666666666,0.25250016152858734,0.4444444444444444,9
testB,5,native,equal_width,4,0.26666666666666666,0.3333333333333333,0.31009320765733717,0.23,100
testB,5,native,equal_width,5,0.3333333333333333,0.4,0.3696621525372174,0.36879432624113473,282
testB,5,native,equal_width,6,0.4,0.4666666666666667,0.43545326927498956,0.4020100502512563,398
testB,5,native,equal_width,7,0.4666666666666667,0.5333333333333333,0.5011505201516464,0.4517374517374517,518
testB,5,native,equal_width,8,0.5333333333333333,0.6,0.5669626244267479,0.4918032786885246,488
testB,5,native,equal_width,9,0.6,0.6666666666666666,0.6355870696631345,0.5636363636363636,440
testB,5,native,equal_width,10,0.6666666666666666,0.7333333333333333,0.6985493946194947,0.656641604010025,399
testB,5,native,equal_width,11,0.7333333333333333,0.8,0.7674122410161155,0.7142857142857143,364
testB,5,native,equal_width,12,0.8,0.8666666666666667,0.8329373814281404,0.810880829015544,386
testB,5,native,equal_width,13,0.8666666666666667,0.9333333333333333,0.8996334445667776,0.8502673796791443,374
testB,5,native,equal_width,14,0.9333333333333333,1.0,0.9807433086593135,0.9591836734693877,882
testB,5,native,equal_mass,0,0.0,0.3829756826162338,0.34116698357858316,0.313915857605178,309
testB,5,native,equal_mass,1,0.3829756826162338,0.44086986780166626,0.41313675267796685,0.4336569579288026,309
testB,5,native,equal_mass,2,0.44086986780166626,0.48712900280952454,0.46440703782343096,0.3741935483870968,310
testB,5,native,equal_mass,3,0.48712900280952454,0.5259113609790802,0.5058683442452193,0.44336569579288027,309
testB,5,native,equal_mass,4,0.5259113609790802,0.5655438303947449,0.5446678990299262,0.49838187702265374,309
testB,5,native,equal_mass,5,0.5655438303947449,0.610567033290863,0.5882293257021135,0.5129032258064516,310
testB,5,native,equal_mass,6,0.610567033290863,0.6584209203720093,0.6355529813318962,0.5598705501618123,309
testB,5,native,equal_mass,7,0.6584209203720093,0.7051665782928467,0.6799390742308113,0.6537216828478964,309
testB,5,native,equal_mass,8,0.7051665782928467,0.7622476518154144,0.7326359589253703,0.6838709677419355,310
testB,5,native,equal_mass,9,0.7622476518154144,0.8175625801086426,0.7897776693202145,0.7313915857605178,309
testB,5,native,equal_mass,10,0.8175625801086426,0.8698744773864746,0.8424406294683808,0.8187702265372169,309
testB,5,native,equal_mass,11,0.8698744773864746,0.9222586750984192,0.8972852135858228,0.8580645161290322,310
testB,5,native,equal_mass,12,0.9222586750984192,0.9696657955646515,0.9493299797900672,0.889967637540453,309
testB,5,native,equal_mass,13,0.9696657955646515,0.9969517588615417,0.9854304871512848,0.9644012944983819,309
testB,5,native,equal_mass,14,0.9969517588615417,1.0,0.9995119919700007,1.0,310
testB,5,global_T_corrected,equal_width,0,0.0,0.06666666666666667,0.0,0.0,0
testB,5,global_T_corrected,equal_width,1,0.06666666666666667,0.13333333333333333,0.0,0.0,0
testB,5,global_T_corrected,equal_width,2,0.13333333333333333,0.2,0.0,0.0,0
testB,5,global_T_corrected,equal_width,3,0.2,0.26666666666666666,0.25245680709679924,0.3333333333333333,15
testB,5,global_T_corrected,equal_width,4,0.26666666666666666,0.3333333333333333,0.308954227138573,0.2323943661971831,142
testB,5,global_T_corrected,equal_width,5,0.3333333333333333,0.4,0.36912237842198453,0.39316239316239315,351
testB,5,global_T_corrected,equal_width,6,0.4,0.4666666666666667,0.4349916622800342,0.4067796610169492,472
testB,5,global_T_corrected,equal_width,7,0.4666666666666667,0.5333333333333333,0.5005885323540109,0.47358834244080145,549
testB,5,global_T_corrected,equal_width,8,0.5333333333333333,0.6,0.5660763867052176,0.5217391304347826,506
testB,5,global_T_corrected,equal_width,9,0.6,0.6666666666666666,0.6325214725254961,0.6392405063291139,474
testB,5,global_T_corrected,equal_width,10,0.6666666666666666,0.7333333333333333,0.70003895285309,0.706989247311828,372
testB,5,global_T_corrected,equal_width,11,0.7333333333333333,0.8,0.7672465424738962,0.7546174142480211,379
testB,5,global_T_corrected,equal_width,12,0.8,0.8666666666666667,0.8326571896672249,0.859375,320
testB,5,global_T_corrected,equal_width,13,0.8666666666666667,0.9333333333333333,0.8995967253687835,0.8660714285714286,336
testB,5,global_T_corrected,equal_width,14,0.9333333333333333,1.0,0.9800397951299973,0.9696132596685083,724
testB,5,global_T_corrected,equal_mass,0,0.0,0.3663601577281952,0.32672575554994315,0.31715210355987056,309
testB,5,global_T_corrected,equal_mass,1,0.3663601577281952,0.41891780495643616,0.39247681079944746,0.41423948220064727,309
testB,5,global_T_corrected,equal_mass,2,0.41891780495643616,0.4605638235807419,0.4393283927632916,0.38064516129032255,310
testB,5,global_T_corrected,equal_mass,3,0.4605638235807419,0.5000028908252716,0.4802369871764507,0.4368932038834951,309
testB,5,global_T_corrected,equal_mass,4,0.5000028908252716,0.5353390872478485,0.5165692448230237,0.511326860841424,309
testB,5,global_T_corrected,equal_mass,5,0.5353390872478485,0.5750520825386047,0.5551576973930482,0.5193548387096775,310
testB,5,global_T_corrected,equal_mass,6,0.5750520825386047,0.6184002757072449,0.5968093425035477,0.5584415584415584,308
testB,5,global_T_corrected,equal_mass,7,0.6184002757072449,0.6617133915424347,0.6387690488369234,0.6612903225806451,310
testB,5,global_T_corrected,equal_mass,8,0.6617133915424347,0.716179758310318,0.6882606579411414,0.6709677419354839,310
testB,5,global_T_corrected,equal_mass,9,0.716179758310318,0.7729131579399109,0.7435373260751126,0.7411003236245954,309
testB,5,global_T_corrected,equal_mass,10,0.7729131579399109,0.8271295726299286,0.7992243031402687,0.8181818181818182,308
testB,5,global_T_corrected,equal_mass,11,0.8271295726299286,0.8908430933952332,0.8601119512530385,0.8520900321543409,311
testB,5,global_T_corrected,equal_mass,12,0.8908430933952332,0.9505747556686401,0.9234172715338302,0.8770226537216829,309
testB,5,global_T_corrected,equal_mass,13,0.9505747556686401,0.9931676983833313,0.9740253370556631,0.9773462783171522,309
testB,5,global_T_corrected,equal_mass,14,0.9931676983833313,1.0,0.9987782341818656,1.0,310
testB,5,oracle_T_K,equal_width,0,0.0,0.06666666666666667,0.0,0.0,0
testB,5,oracle_T_K,equal_width,1,0.06666666666666667,0.13333333333333333,0.0,0.0,0
testB,5,oracle_T_K,equal_width,2,0.13333333333333333,0.2,0.0,0.0,0
testB,5,oracle_T_K,equal_width,3,0.2,0.26666666666666666,0.25262433489163716,0.3333333333333333,15
testB,5,oracle_T_K,equal_width,4,0.26666666666666666,0.3333333333333333,0.3090813069056112,0.23404255319148937,141
testB,5,oracle_T_K,equal_width,5,0.3333333333333333,0.4,0.36917325768907977,0.38968481375358166,349
testB,5,oracle_T_K,equal_width,6,0.4,0.4666666666666667,0.4350037825234393,0.4021276595744681,470
testB,5,oracle_T_K,equal_width,7,0.4666666666666667,0.5333333333333333,0.5006669343601574,0.4781818181818182,550
testB,5,oracle_T_K,equal_width,8,0.5333333333333333,0.6,0.566140522895229,0.5188866799204771,503
testB,5,oracle_T_K,equal_width,9,0.6,0.6666666666666666,0.6328390739655942,0.6388308977035491,479
testB,5,oracle_T_K,equal_width,10,0.6666666666666666,0.7333333333333333,0.700561710789397,0.7108108108108108,370
testB,5,oracle_T_K,equal_width,11,0.7333333333333333,0.8,0.7674555874945946,0.753315649867374,377
testB,5,oracle_T_K,equal_width,12,0.8,0.8666666666666667,0.8324105896055698,0.859375,320
testB,5,oracle_T_K,equal_width,13,0.8666666666666667,0.9333333333333333,0.8994119558814009,0.863905325443787,338
testB,5,oracle_T_K,equal_width,14,0.9333333333333333,1.0,0.9800205730966159,0.9684065934065934,728
testB,5,oracle_T_K,equal_mass,0,0.0,0.3668178915977478,0.3270602219505989,0.31715210355987056,309
testB,5,oracle_T_K,equal_mass,1,0.3668178915977478,0.41940660774707794,0.3929468858203456,0.41423948220064727,309
testB,5,oracle_T_K,equal_mass,2,0.41940660774707794,0.46115565299987793,0.4399067956593729,0.38064516129032255,310
testB,5,oracle_T_K,equal_mass,3,0.46115565299987793,0.5002888143062592,0.4808742434847316,0.4368932038834951,309
testB,5,oracle_T_K,equal_mass,4,0.5002888143062592,0.5362207889556885,0.5171802879151403,0.5145631067961165,309
testB,5,oracle_T_K,equal_mass,5,0.5362207889556885,0.5759649574756622,0.555922854715778,0.5193548387096775,310
testB,5,oracle_T_K,equal_mass,6,0.5759649574756622,0.6192450821399689,0.5977756273013488,0.5566343042071198,309
testB,5,oracle_T_K,equal_mass,7,0.6192450821399689,0.6628095209598541,0.6397768750931453,0.6601941747572816,309
testB,5,oracle_T_K,equal_mass,8,0.6628095209598541,0.7173347175121307,0.6892932005466953,0.6709677419354839,310
testB,5,oracle_T_K,equal_mass,9,0.7173347175121307,0.7738794982433319,0.7446461995056918,0.7411003236245954,309
testB,5,oracle_T_K,equal_mass,10,0.7738794982433319,0.8280493319034576,0.800276742740111,0.8181818181818182,308
testB,5,oracle_T_K,equal_mass,11,0.8280493319034576,0.8916246592998505,0.8610496812311399,0.8520900321543409,311
testB,5,oracle_T_K,equal_mass,12,0.8916246592998505,0.9511050581932068,0.9241091701590899,0.8770226537216829,309
testB,5,oracle_T_K,equal_mass,13,0.9511050581932068,0.9932785034179688,0.9743552939019928,0.9773462783171522,309
testB,5,oracle_T_K,equal_mass,14,0.9932785034179688,1.0,0.9988030568245918,1.0,310
testB,10,native,equal_width,0,0.0,0.06666666666666667,0.0,0.0,0
testB,10,native,equal_width,1,0.06666666666666667,0.13333333333333333,0.12034133821725845,0.0,1
testB,10,native,equal_width,2,0.13333333333333333,0.2,0.18240994655273177,0.25,44
testB,10,native,equal_width,3,0.2,0.26666666666666666,0.23938594605834757,0.20491803278688525,244
testB,10,native,equal_width,4,0.26666666666666666,0.3333333333333333,0.30208685620202763,0.279467680608365,526
testB,10,native,equal_width,5,0.3333333333333333,0.4,0.3669000339159851,0.37628865979381443,582
testB,10,native,equal_width,6,0.4,0.4666666666666667,0.43168096367328884,0.373015873015873,630
testB,10,native,equal_width,7,0.4666666666666667,0.5333333333333333,0.5015916265688921,0.47338403041825095,526
testB,10,native,equal_width,8,0.5333333333333333,0.6,0.5627862680538566,0.5265486725663717,452
testB,10,native,equal_width,9,0.6,0.6666666666666666,0.6322757400745569,0.5988372093023255,344
testB,10,native,equal_width,10,0.6666666666666666,0.7333333333333333,0.7005777158993203,0.6241610738255033,298
testB,10,native,equal_width,11,0.7333333333333333,0.8,0.7657185572322153,0.693950177935943,281
testB,10,native,equal_width,12,0.8,0.8666666666666667,0.8326618708670139,0.7884615384615384,208
testB,10,native,equal_width,13,0.8666666666666667,0.9333333333333333,0.9010324399483386,0.868020304568528,197
testB,10,native,equal_width,14,0.9333333333333333,1.0,0.9797526883380032,0.9381107491856677,307
testB,10,native,equal_mass,0,0.0,0.2695046365261078,0.2327464529852651,0.20711974110032363,309
testB,10,native,equal_mass,1,0.2695046365261078,0.3105953335762024,0.29183192613826986,0.2815533980582524,309
testB,10,native,equal_mass,2,0.3105953335762024,0.34655894339084625,0.32837206298305144,0.3096774193548387,310
testB,10,native,equal_mass,3,0.34655894339084625,0.38321784138679504,0.3638550327626633,0.3786407766990291,309
testB,10,native,equal_mass,4,0.38321784138679504,0.41318853199481964,0.39911179789447476,0.37540453074433655,309
testB,10,native,equal_mass,5,0.41318853199481964,0.44649289548397064,0.4296244008887199,0.34838709677419355,310
testB,10,native,equal_mass,6,0.44649289548397064,0.4842054098844528,0.46529351632957705,0.41423948220064727,309
testB,10,native,equal_mass,7,0.4842054098844528,0.5255008041858673,0.5059005734797049,0.48220064724919093,309
testB,10,native,equal_mass,8,0.5255008041858673,0.5616576671600342,0.5428232848644257,0.5387096774193548,310
testB,10,native,equal_mass,9,0.5616576671600342,0.616418719291687,0.5872714575440366,0.5469255663430421,309
testB,10,native,equal_mass,10,0.616418719291687,0.6777936816215515,0.6460260229974889,0.5954692556634305,309
testB,10,native,equal_mass,11,0.6777936816215515,0.746914803981781,0.7138617280990847,0.6451612903225806,310
testB,10,native,equal_mass,12,0.746914803981781,0.8278644680976868,0.7858287067089266,0.7087378640776699,309
testB,10,native,equal_mass,13,0.8278644680976868,0.9326791763305664,0.880562894745552,0.8576051779935275,309
testB,10,native,equal_mass,14,0.9326791763305664,1.0,0.9793002828474968,0.9354838709677419,310
testB,10,global_T_corrected,equal_width,0,0.0,0.06666666666666667,0.0,0.0,0
testB,10,global_T_corrected,equal_width,1,0.06666666666666667,0.13333333333333333,0.11757136881351471,0.0,1
testB,10,global_T_corrected,equal_width,2,0.13333333333333333,0.2,0.18131390979720485,0.20833333333333334,72
testB,10,global_T_corrected,equal_width,3,0.2,0.26666666666666666,0.2392878688537003,0.22191011235955055,356
testB,10,global_T_corrected,equal_width,4,0.26666666666666666,0.3333333333333333,0.3006334271124057,0.3218210361067504,637
testB,10,global_T_corrected,equal_width,5,0.3333333333333333,0.4,0.36790164456782437,0.36283185840707965,678
testB,10,global_T_corrected,equal_width,6,0.4,0.4666666666666667,0.43219618449275127,0.4110738255033557,596
testB,10,global_T_corrected,equal_width,7,0.4666666666666667,0.5333333333333333,0.49805907349007716,0.5380434782608695,552
testB,10,global_T_corrected,equal_width,8,0.5333333333333333,0.6,0.5653694118468129,0.5739795918367347,392
testB,10,global_T_corrected,equal_width,9,0.6,0.6666666666666666,0.6330686735215588,0.6386292834890965,321
testB,10,global_T_corrected,equal_width,10,0.6666666666666666,0.7333333333333333,0.6980596961397113,0.6704545454545454,264
testB,10,global_T_corrected,equal_width,11,0.7333333333333333,0.8,0.7631612616042568,0.7488584474885844,219
testB,10,global_T_corrected,equal_width,12,0.8,0.8666666666666667,0.8329925953976216,0.8711656441717791,163
testB,10,global_T_corrected,equal_width,13,0.8666666666666667,0.9333333333333333,0.8975613041212095,0.8657718120805369,149
testB,10,global_T_corrected,equal_width,14,0.9333333333333333,1.0,0.9805887108047803,0.9583333333333334,240
testB,10,global_T_corrected,equal_mass,0,0.0,0.25109782814979553,0.21765345272315745,0.19741100323624594,309
testB,10,global_T_corrected,equal_mass,1,0.25109782814979553,0.28673720359802246,0.27029246159575204,0.2987012987012987,308
testB,10,global_T_corrected,equal_mass,2,0.28673720359802246,0.31958508491516113,0.3030664567203767,0.3054662379421222,311
testB,10,global_T_corrected,equal_mass,3,0.31958508491516113,0.3527851998806,0.33601198217629613,0.3656957928802589,309
testB,10,global_T_corrected,equal_mass,4,0.3527851998806,0.38075651228427887,0.36722417585672296,0.39158576051779936,309
testB,10,global_T_corrected,equal_mass,5,0.38075651228427887,0.41132722795009613,0.3955657151437575,0.33548387096774196,310
testB,10,global_T_corrected,equal_mass,6,0.41132722795009613,0.4451456367969513,0.4281085208781715,0.42394822006472493,309
testB,10,global_T_corrected,equal_mass,7,0.4451456367969513,0.480893537402153,0.4641606891890625,0.4675324675324675,308
testB,10,global_T_corrected,equal_mass,8,0.480893537402153,0.5178382694721222,0.4990475989422998,0.5401929260450161,311
testB,10,global_T_corrected,equal_mass,9,0.5178382694721222,0.5672155618667603,0.5408358633711114,0.5469255663430421,309
testB,10,global_T_corrected,equal_mass,10,0.5672155618667603,0.6225902736186981,0.5931425472679261,0.6116504854368932,309
testB,10,global_T_corrected,equal_mass,11,0.6225902736186981,0.6913491189479828,0.6571819159292406,0.6451612903225806,310
testB,10,global_T_corrected,equal_mass,12,0.6913491189479828,0.7763885855674744,0.7317254111218993,0.6990291262135923,309
testB,10,global_T_corrected,equal_mass,13,0.7763885855674744,0.8968544006347656,0.8357614101329668,0.86084142394822,309
testB,10,global_T_corrected,equal_mass,14,0.8968544006347656,1.0,0.9655440572769411,0.9354838709677419,310
testB,10,oracle_T_K,equal_width,0,0.0,0.06666666666666667,0.0,0.0,0
testB,10,oracle_T_K,equal_width,1,0.06666666666666667,0.13333333333333333,0.11753173917531967,0.0,1
testB,10,oracle_T_K,equal_width,2,0.13333333333333333,0.2,0.18115507086945903,0.20833333333333334,72
testB,10,oracle_T_K,equal_width,3,0.2,0.26666666666666666,0.23910373820811093,0.22128851540616246,357
testB,10,oracle_T_K,equal_width,4,0.26666666666666666,0.3333333333333333,0.30047243763583364,0.3223787167449139,639
testB,10,oracle_T_K,equal_width,5,0.3333333333333333,0.4,0.3679597738633917,0.36603221083455345,683
testB,10,oracle_T_K,equal_width,6,0.4,0.4666666666666667,0.43251979766076043,0.41442953020134227,596
testB,10,oracle_T_K,equal_width,7,0.4666666666666667,0.5333333333333333,0.49817274301864195,0.5355191256830601,549
testB,10,oracle_T_K,equal_width,8,0.5333333333333333,0.6,0.5653101270015423,0.5692307692307692,390
testB,10,oracle_T_K,equal_width,9,0.6,0.6666666666666666,0.6331529054376814,0.6419753086419753,324
testB,10,oracle_T_K,equal_width,10,0.6666666666666666,0.7333333333333333,0.6988422634466639,0.6679245283018868,265
testB,10,oracle_T_K,equal_width,11,0.7333333333333333,0.8,0.7644303552636272,0.7579908675799086,219
testB,10,oracle_T_K,equal_width,12,0.8,0.8666666666666667,0.8337033486519104,0.8717948717948718,156
testB,10,oracle_T_K,equal_width,13,0.8666666666666667,0.9333333333333333,0.8969751344431167,0.8657718120805369,149
testB,10,oracle_T_K,equal_width,14,0.9333333333333333,1.0,0.9804222742716472,0.9583333333333334,240
testB,10,oracle_T_K,equal_mass,0,0.0,0.2508341670036316,0.217430378409844,0.19741100323624594,309
testB,10,oracle_T_K,equal_mass,1,0.2508341670036316,0.2863713353872299,0.26997358506763136,0.29545454545454547,308
testB,10,oracle_T_K,equal_mass,2,0.2863713353872299,0.31916041672229767,0.3026947835250683,0.3086816720257235,311
testB,10,oracle_T_K,equal_mass,3,0.31916041672229767,0.3523300886154175,0.33559118968383395,0.36893203883495146,309
testB,10,oracle_T_K,equal_mass,4,0.3523300886154175,0.3802797943353653,0.3667491542289944,0.3883495145631068,309
testB,10,oracle_T_K,equal_mass,5,0.3802797943353653,0.4106694161891937,0.39505868679092776,0.33548387096774196,310
testB,10,oracle_T_K,equal_mass,6,0.4106694161891937,0.4446116089820862,0.4275578352047016,0.42394822006472493,309
testB,10,oracle_T_K,equal_mass,7,0.4446116089820862,0.4803673326969147,0.4635131324266458,0.4675324675324675,308
testB,10,oracle_T_K,equal_mass,8,0.4803673326969147,0.5169202983379364,0.49838028191753525,0.5401929260450161,311
testB,10,oracle_T_K,equal_mass,9,0.5169202983379364,0.5663640201091766,0.5401547364046658,0.5469255663430421,309
testB,10,oracle_T_K,equal_mass,10,0.5663640201091766,0.6216435134410858,0.5923529066699994,0.6116504854368932,309
testB,10,oracle_T_K,equal_mass,11,0.6216435134410858,0.6903813779354095,0.6563107605903379,0.6451612903225806,310
testB,10,oracle_T_K,equal_mass,12,0.6903813779354095,0.7754400670528412,0.7308764887859135,0.6990291262135923,309
testB,10,oracle_T_K,equal_mass,13,0.7754400670528412,0.8961812555789948,0.8350142865505034,0.86084142394822,309
testB,10,oracle_T_K,equal_mass,14,0.8961812555789948,1.0,0.9652892356918704,0.9354838709677419,310
testB,20,native,equal_width,0,0.0,0.06666666666666667,0.0,0.0,0
testB,20,native,equal_width,1,0.06666666666666667,0.13333333333333333,0.11915694177150726,0.08928571428571429,56
testB,20,native,equal_width,2,0.13333333333333333,0.2,0.17398933670188807,0.17088607594936708,474
testB,20,native,equal_width,3,0.2,0.26666666666666666,0.23453888444677298,0.20759837177747625,737
testB,20,native,equal_width,4,0.26666666666666666,0.3333333333333333,0.2987996538100958,0.27608142493638677,786
testB,20,native,equal_width,5,0.3333333333333333,0.4,0.3648159075470357,0.3317757009345794,642
testB,20,native,equal_width,6,0.4,0.4666666666666667,0.4338931484402076,0.40325865580448067,491
testB,20,native,equal_width,7,0.4666666666666667,0.5333333333333333,0.4997257857072738,0.42473118279569894,372
testB,20,native,equal_width,8,0.5333333333333333,0.6,0.5657051488504572,0.5288135593220339,295
testB,20,native,equal_width,9,0.6,0.6666666666666666,0.6321166856173377,0.6519823788546255,227
testB,20,native,equal_width,10,0.6666666666666666,0.7333333333333333,0.6975591365545074,0.6809815950920245,163
testB,20,native,equal_width,11,0.7333333333333333,0.8,0.762804530890642,0.6106194690265486,113
testB,20,native,equal_width,12,0.8,0.8666666666666667,0.8309668441011449,0.7474747474747475,99
testB,20,native,equal_width,13,0.8666666666666667,0.9333333333333333,0.8977255767041986,0.8787878787878788,99
testB,20,native,equal_width,14,0.9333333333333333,1.0,0.9757268234740856,0.9302325581395349,86
testB,20,native,equal_mass,0,0.0,0.17945768684148788,0.15267921337996487,0.1488673139158576,309
testB,20,native,equal_mass,1,0.17945768684148788,0.208856463432312,0.19418114009026957,0.18770226537216828,309
testB,20,native,equal_mass,2,0.208856463432312,0.2371830940246582,0.2235007287994508,0.1967741935483871,310
testB,20,native,equal_mass,3,0.2371830940246582,0.26419617235660553,0.25106326141017926,0.2168284789644013,309
testB,20,native,equal_mass,4,0.26419617235660553,0.28880734741687775,0.2766135825545757,0.25,308
testB,20,native,equal_mass,5,0.28880734741687775,0.314836323261261,0.30164041559412547,0.2765273311897106,311
testB,20,native,equal_mass,6,0.314836323261261,0.34417934715747833,0.3292120108743767,0.30194805194805197,308
testB,20,native,equal_mass,7,0.34417934715747833,0.3750278055667877,0.3584458274226035,0.3580645161290323,310
testB,20,native,equal_mass,8,0.3750278055667877,0.4131622612476349,0.3926757877872836,0.3387096774193548,310
testB,20,native,equal_mass,9,0.4131622612476349,0.45343348383903503,0.4337208809204472,0.40129449838187703,309
testB,20,native,equal_mass,10,0.45343348383903503,0.5048270523548126,0.4782153945717611,0.3948220064724919,309
testB,20,native,equal_mass,11,0.5048270523548126,0.5653128623962402,0.5334009105159391,0.4838709677419355,310
testB,20,native,equal_mass,12,0.5653128623962402,0.6471079587936401,0.6057838243959791,0.6148867313915858,309
testB,20,native,equal_mass,13,0.6471079587936401,0.7797423303127289,0.7059316411373299,0.6407766990291263,309
testB,20,native,equal_mass,14,0.7797423303127289,1.0,0.8889481588717429,0.8451612903225807,310
testB,20,global_T_corrected,equal_width,0,0.0,0.06666666666666667,0.0,0.0,0
testB,20,global_T_corrected,equal_width,1,0.06666666666666667,0.13333333333333333,0.11870240547827311,0.09523809523809523,105
testB,20,global_T_corrected,equal_width,2,0.13333333333333333,0.2,0.17189478258231491,0.1778115501519757,658
testB,20,global_T_corrected,equal_width,3,0.2,0.26666666666666666,0.23458226677030325,0.23574561403508773,912
testB,20,global_T_corrected,equal_width,4,0.26666666666666666,0.3333333333333333,0.29803449469330034,0.3147914032869785,791
testB,20,global_T_corrected,equal_width,5,0.3333333333333333,0.4,0.36593173667788503,0.375,600
testB,20,global_T_corrected,equal_width,6,0.4,0.4666666666666667,0.4310759687079833,0.43028846153846156,416
testB,20,global_T_corrected,equal_width,7,0.4666666666666667,0.5333333333333333,0.49745041218107144,0.5057803468208093,346
testB,20,global_T_corrected,equal_width,8,0.5333333333333333,0.6,0.5639884626962305,0.6463414634146342,246
testB,20,global_T_corrected,equal_width,9,0.6,0.6666666666666666,0.6315814691431382,0.6882352941176471,170
testB,20,global_T_corrected,equal_width,10,0.6666666666666666,0.7333333333333333,0.69710934384961,0.5514018691588785,107
testB,20,global_T_corrected,equal_width,11,0.7333333333333333,0.8,0.7648197864438151,0.7472527472527473,91
testB,20,global_T_corrected,equal_width,12,0.8,0.8666666666666667,0.8314635343849659,0.8625,80
testB,20,global_T_corrected,equal_width,13,0.8666666666666667,0.9333333333333333,0.8993130645581654,0.875,56
testB,20,global_T_corrected,equal_width,14,0.9333333333333333,1.0,0.9722324138687503,0.9516129032258065,62
testB,20,global_T_corrected,equal_mass,0,0.0,0.16283050924539566,0.13927391685039095,0.1423948220064725,309
testB,20,global_T_corrected,equal_mass,1,0.16283050924539566,0.18861812353134155,0.1756953250339502,0.1941747572815534,309
testB,20,global_T_corrected,equal_mass,2,0.18861812353134155,0.2134571149945259,0.20104587477061056,0.20967741935483872,310
testB,20,global_T_corrected,equal_mass,3,0.2134571149945259,0.23587975651025772,0.22490060411417753,0.2168284789644013,309
testB,20,global_T_corrected,equal_mass,4,0.23587975651025772,0.25821366906166077,0.24745152677808488,0.21428571428571427,308
testB,20,global_T_corrected,equal_mass,5,0.25821366906166077,0.2794608026742935,0.26880105084161665,0.2797427652733119,311
testB,20,global_T_corrected,equal_mass,6,0.2794608026742935,0.3051919639110565,0.29182708234462923,0.3300970873786408,309
testB,20,global_T_corrected,equal_mass,7,0.3051919639110565,0.33423538506031036,0.319721453880415,0.3333333333333333,309
testB,20,global_T_corrected,equal_mass,8,0.33423538506031036,0.36731427907943726,0.35016794695008185,0.3580645161290323,310
testB,20,global_T_corrected,equal_mass,9,0.36731427907943726,0.40407687425613403,0.38572784477067223,0.4077669902912621,309
testB,20,global_T_corrected,equal_mass,10,0.40407687425613403,0.4509035348892212,0.42669732719177567,0.40129449838187703,309
testB,20,global_T_corrected,equal_mass,11,0.4509035348892212,0.5084765553474426,0.4788439510330077,0.4935483870967742,310
testB,20,global_T_corrected,equal_mass,12,0.5084765553474426,0.5828617215156555,0.5429489693595367,0.6019417475728155,309
testB,20,global_T_corrected,equal_mass,13,0.5828617215156555,0.7149156630039215,0.6409582659650389,0.6343042071197411,309
testB,20,global_T_corrected,equal_mass,14,0.7149156630039215,1.0,0.8449372745329334,0.8387096774193549,310
testB,20,oracle_T_K,equal_width,0,0.0,0.06666666666666667,0.0,0.0,0
testB,20,oracle_T_K,equal_width,1,0.06666666666666667,0.13333333333333333,0.11888731700001341,0.09090909090909091,99
testB,20,oracle_T_K,equal_width,2,0.13333333333333333,0.2,0.17191867308363484,0.18066561014263074,631
testB,20,oracle_T_K,equal_width,3,0.2,0.26666666666666666,0.23394014732649096,0.22937853107344633,885
testB,20,oracle_T_K,equal_width,4,0.26666666666666666,0.3333333333333333,0.2976333843705095,0.3172839506172839,810
testB,20,oracle_T_K,equal_width,5,0.3333333333333333,0.4,0.3654039894809594,0.3597972972972973,592
testB,20,oracle_T_K,equal_width,6,0.4,0.4666666666666667,0.4312369426091512,0.42567567567567566,444
testB,20,oracle_T_K,equal_width,7,0.4666666666666667,0.5333333333333333,0.49881021774303147,0.49707602339181284,342
testB,20,oracle_T_K,equal_width,8,0.5333333333333333,0.6,0.5652520308307573,0.6352941176470588,255
testB,20,oracle_T_K,equal_width,9,0.6,0.6666666666666666,0.6335383514789018,0.6988636363636364,176
testB,20,oracle_T_K,equal_width,10,0.6666666666666666,0.7333333333333333,0.6992740239109005,0.5315315315315315,111
testB,20,oracle_T_K,equal_width,11,0.7333333333333333,0.8,0.7660323476249521,0.7613636363636364,88
testB,20,oracle_T_K,equal_width,12,0.8,0.8666666666666667,0.8326181928778804,0.8488372093023255,86
testB,20,oracle_T_K,equal_width,13,0.8666666666666667,0.9333333333333333,0.898029662528128,0.8679245283018868,53
testB,20,oracle_T_K,equal_width,14,0.9333333333333333,1.0,0.9703848537276772,0.9558823529411765,68
testB,20,oracle_T_K,equal_mass,0,0.0,0.16461113840341568,0.14063318416138684,0.14563106796116504,309
testB,20,oracle_T_K,equal_mass,1,0.16461113840341568,0.1907343789935112,0.17755969553510734,0.19093851132686085,309
testB,20,oracle_T_K,equal_mass,2,0.1907343789935112,0.2161915898323059,0.20334810821279403,0.2064516129032258,310
testB,20,oracle_T_K,equal_mass,3,0.2161915898323059,0.238567553460598,0.2275382326644601,0.2168284789644013,309
testB,20,oracle_T_K,equal_mass,4,0.238567553460598,0.26161767542362213,0.2504741644975051,0.22330097087378642,309
testB,20,oracle_T_K,equal_mass,5,0.26161767542362213,0.2830621898174286,0.27221692858203766,0.2903225806451613,310
testB,20,oracle_T_K,equal_mass,6,0.2830621898174286,0.30946801602840424,0.295603479285842,0.31715210355987056,309
testB,20,oracle_T_K,equal_mass,7,0.30946801602840424,0.3381696790456772,0.3237051271312059,0.3333333333333333,309
testB,20,oracle_T_K,equal_mass,8,0.3381696790456772,0.37177595496177673,0.3545121554405459,0.34838709677419355,310
testB,20,oracle_T_K,equal_mass,9,0.37177595496177673,0.4093141257762909,0.39065573709296564,0.41423948220064727,309
testB,20,oracle_T_K,equal_mass,10,0.4093141257762909,0.4561000019311905,0.4320390365270349,0.40129449838187703,309
testB,20,oracle_T_K,equal_mass,11,0.4561000019311905,0.5145246684551239,0.4846546874892327,0.4774193548387097,310
testB,20,oracle_T_K,equal_mass,12,0.5145246684551239,0.5895178318023682,0.54933474403369,0.6148867313915858,309
testB,20,oracle_T_K,equal_mass,13,0.5895178318023682,0.7213796377182007,0.6479033069703185,0.6407766990291263,309
testB,20,oracle_T_K,equal_mass,14,0.7213796377182007,1.0,0.849972031770214,0.8354838709677419,310
testB,50,native,equal_width,0,0.0,0.06666666666666667,0.05902325946160338,0.045454545454545456,44
testB,50,native,equal_width,1,0.06666666666666667,0.13333333333333333,0.10698055831546133,0.08373205741626795,836
testB,50,native,equal_width,2,0.13333333333333333,0.2,0.16624365613681857,0.15780590717299578,1185
testB,50,native,equal_width,3,0.2,0.26666666666666666,0.23187249451061415,0.22404371584699453,915
testB,50,native,equal_width,4,0.26666666666666666,0.3333333333333333,0.2972478143127176,0.2523540489642185,531
testB,50,native,equal_width,5,0.3333333333333333,0.4,0.36448975009661094,0.34558823529411764,408
testB,50,native,equal_width,6,0.4,0.4666666666666667,0.4288211516044682,0.3948497854077253,233
testB,50,native,equal_width,7,0.4666666666666667,0.5333333333333333,0.4983276971644419,0.4662576687116564,163
testB,50,native,equal_width,8,0.5333333333333333,0.6,0.5614326902485769,0.5045871559633027,109
testB,50,native,equal_width,9,0.6,0.6666666666666666,0.6314791474077437,0.5138888888888888,72
testB,50,native,equal_width,10,0.6666666666666666,0.7333333333333333,0.7018394410610199,0.48,50
testB,50,native,equal_width,11,0.7333333333333333,0.8,0.7600717704470564,0.7560975609756098,41
testB,50,native,equal_width,12,0.8,0.8666666666666667,0.8331523487965266,0.75,24
testB,50,native,equal_width,13,0.8666666666666667,0.9333333333333333,0.8954443269305759,0.9444444444444444,18
testB,50,native,equal_width,14,0.9333333333333333,1.0,0.9612199338999662,0.9090909090909091,11
testB,50,native,equal_mass,0,0.0,0.09893697127699852,0.08227224429786012,0.07766990291262135,309
testB,50,native,equal_mass,1,0.09893697127699852,0.11769462749361992,0.10889761287321165,0.0970873786407767,309
testB,50,native,equal_mass,2,0.11769462749361992,0.1367136389017105,0.12728673784482863,0.07741935483870968,310
testB,50,native,equal_mass,3,0.1367136389017105,0.1532059907913208,0.14493581180047835,0.13915857605177995,309
testB,50,native,equal_mass,4,0.1532059907913208,0.16995039582252502,0.1616770507930552,0.1715210355987055,309
testB,50,native,equal_mass,5,0.16995039582252502,0.18803604692220688,0.17839003604265952,0.13870967741935483,310
testB,50,native,equal_mass,6,0.18803604692220688,0.20660753548145294,0.19673432882356798,0.21035598705501618,309
testB,50,native,equal_mass,7,0.20660753548145294,0.2278546839952469,0.21758945643130242,0.19741100323624594,309
testB,50,native,equal_mass,8,0.2278546839952469,0.25058604776859283,0.23895060256604225,0.22258064516129034,310
testB,50,native,equal_mass,9,0.25058604776859283,0.2784333825111389,0.2631170878904151,0.284789644012945,309
testB,50,native,equal_mass,10,0.2784333825111389,0.3173133581876755,0.29639126963214196,0.2168284789644013,309
testB,50,native,equal_mass,11,0.3173133581876755,0.36273162066936493,0.34005964802157496,0.2838709677419355,310
testB,50,native,equal_mass,12,0.36273162066936493,0.4241480678319931,0.3905257095603881,0.39158576051779936,309
testB,50,native,equal_mass,13,0.4241480678319931,0.5395892560482025,0.4766347874136804,0.4368932038834951,309
testB,50,native,equal_mass,14,0.5395892560482025,1.0,0.682445393262371,0.6064516129032258,310
testB,50,global_T_corrected,equal_width,0,0.0,0.06666666666666667,0.057775470148772004,0.05,80
testB,50,global_T_corrected,equal_width,1,0.06666666666666667,0.13333333333333333,0.1044688212259382,0.10228233305156383,1183
testB,50,global_T_corrected,equal_width,2,0.13333333333333333,0.2,0.16507814786257433,0.1838124054462935,1322
testB,50,global_T_corrected,equal_width,3,0.2,0.26666666666666666,0.2293440230982557,0.25224071702944945,781
testB,50,global_T_corrected,equal_width,4,0.26666666666666666,0.3333333333333333,0.29848841009403876,0.31225296442687744,506
testB,50,global_T_corrected,equal_width,5,0.3333333333333333,0.4,0.362243087622371,0.3759124087591241,274
testB,50,global_T_corrected,equal_width,6,0.4,0.4666666666666667,0.430000240183146,0.4858757062146893,177
testB,50,global_T_corrected,equal_width,7,0.4666666666666667,0.5333333333333333,0.49706793197842897,0.4672131147540984,122
testB,50,global_T_corrected,equal_width,8,0.5333333333333333,0.6,0.5675611344250766,0.6363636363636364,55
testB,50,global_T_corrected,equal_width,9,0.6,0.6666666666666666,0.6312200036915866,0.5272727272727272,55
testB,50,global_T_corrected,equal_width,10,0.6666666666666666,0.7333333333333333,0.6979561746120453,0.6666666666666666,36
testB,50,global_T_corrected,equal_width,11,0.7333333333333333,0.8,0.7706667125225067,0.8,20
testB,50,global_T_corrected,equal_width,12,0.8,0.8666666666666667,0.8345017262867519,0.8571428571428571,14
testB,50,global_T_corrected,equal_width,13,0.8666666666666667,0.9333333333333333,0.9041245102882385,1.0,10
testB,50,global_T_corrected,equal_width,14,0.9333333333333333,1.0,0.959114921092987,0.8,5
testB,50,global_T_corrected,equal_mass,0,0.0,0.08652228862047195,0.07283433623202025,0.0744336569579288,309
testB,50,global_T_corrected,equal_mass,1,0.08652228862047195,0.10261906683444977,0.09506351184883549,0.10032362459546926,309
testB,50,global_T_corrected,equal_mass,2,0.10261906683444977,0.11828887090086937,0.11042956693037864,0.08064516129032258,310
testB,50,global_T_corrected,equal_mass,3,0.11828887090086937,0.13170718401670456,0.12504727693347187,0.14285714285714285,308
testB,50,global_T_corrected,equal_mass,4,0.13170718401670456,0.14556097239255905,0.13902375789419297,0.15806451612903225,310
testB,50,global_T_corrected,equal_mass,5,0.14556097239255905,0.16087961196899414,0.15301643340818344,0.15161290322580645,310
testB,50,global_T_corrected,equal_mass,6,0.16087961196899414,0.17656852304935455,0.16860442837658052,0.19741100323624594,309
testB,50,global_T_corrected,equal_mass,7,0.17656852304935455,0.19443313777446747,0.18540848555302542,0.21035598705501618,309
testB,50,global_T_corrected,equal_mass,8,0.19443313777446747,0.2136925607919693,0.20309360440700286,0.22258064516129034,310
testB,50,global_T_corrected,equal_mass,9,0.2136925607919693,0.23806966841220856,0.22482459560567122,0.2912621359223301,309
testB,50,global_T_corrected,equal_mass,10,0.23806966841220856,0.2711039036512375,0.25326385896375647,0.22653721682847897,309
testB,50,global_T_corrected,equal_mass,11,0.2711039036512375,0.310412272810936,0.29039639426815894,0.26129032258064516,310
testB,50,global_T_corrected,equal_mass,12,0.310412272810936,0.3619177043437958,0.33358287309751544,0.4077669902912621,309
testB,50,global_T_corrected,equal_mass,13,0.3619177043437958,0.47015155851840973,0.41068111798909873,0.43042071197411,309
testB,50,global_T_corrected,equal_mass,14,0.47015155851840973,1.0,0.6108221428048226,0.5967741935483871,310
testB,50,oracle_T_K,equal_width,0,0.0,0.06666666666666667,0.05796226476887604,0.05194805194805195,77
testB,50,oracle_T_K,equal_width,1,0.06666666666666667,0.13333333333333333,0.10499181114554303,0.10163652024117141,1161
testB,50,oracle_T_K,equal_width,2,0.13333333333333333,0.2,0.1650308439070663,0.18118195956454122,1286
testB,50,oracle_T_K,equal_width,3,0.2,0.26666666666666666,0.22919955580699736,0.24878048780487805,820
testB,50,oracle_T_K,equal_width,4,0.26666666666666666,0.3333333333333333,0.2997008551486396,0.30237154150197626,506
testB,50,oracle_T_K,equal_width,5,0.3333333333333333,0.4,0.3630456548761314,0.38028169014084506,284
testB,50,oracle_T_K,equal_width,6,0.4,0.4666666666666667,0.4310833934673482,0.4915254237288136,177
testB,50,oracle_T_K,equal_width,7,0.4666666666666667,0.5333333333333333,0.49715593985972867,0.47580645161290325,124
testB,50,oracle_T_K,equal_width,8,0.5333333333333333,0.6,0.5639396279022612,0.5517241379310345,58
testB,50,oracle_T_K,equal_width,9,0.6,0.6666666666666666,0.6294492558999495,0.5454545454545454,55
testB,50,oracle_T_K,equal_width,10,0.6666666666666666,0.7333333333333333,0.6946188914470184,0.6410256410256411,39
testB,50,oracle_T_K,equal_width,11,0.7333333333333333,0.8,0.7676782526753165,0.8636363636363636,22
testB,50,oracle_T_K,equal_width,12,0.8,0.8666666666666667,0.8291998079844883,0.7857142857142857,14
testB,50,oracle_T_K,equal_width,13,0.8666666666666667,0.9333333333333333,0.9011930475632349,1.0,12
testB,50,oracle_T_K,equal_width,14,0.9333333333333333,1.0,0.9609401941299438,0.8,5
testB,50,oracle_T_K,equal_mass,0,0.0,0.08755958452820778,0.07357881487042772,0.0744336569579288,309
testB,50,oracle_T_K,equal_mass,1,0.08755958452820778,0.1037476472556591,0.09615701789030365,0.10032362459546926,309
testB,50,oracle_T_K,equal_mass,2,0.1037476472556591,0.11984965205192566,0.11175537825592102,0.07741935483870968,310
testB,50,oracle_T_K,equal_mass,3,0.11984965205192566,0.1333232820034027,0.12664309985525785,0.13915857605177995,309
testB,50,oracle_T_K,equal_mass,4,0.1333232820034027,0.147453673183918,0.14083488623108292,0.16828478964401294,309
testB,50,oracle_T_K,equal_mass,5,0.147453673183918,0.16320180147886276,0.15501917177631008,0.14838709677419354,310
testB,50,oracle_T_K,equal_mass,6,0.16320180147886276,0.17897523939609528,0.1708192489073648,0.19155844155844157,308
testB,50,oracle_T_K,equal_mass,7,0.17897523939609528,0.19697006046772003,0.18792394168915288,0.2129032258064516,310
testB,50,oracle_T_K,equal_mass,8,0.19697006046772003,0.21667221188545227,0.20592743499625113,0.22258064516129034,310
testB,50,oracle_T_K,equal_mass,9,0.21667221188545227,0.24102357029914856,0.2278528145987625,0.2912621359223301,309
testB,50,oracle_T_K,equal_mass,10,0.24102357029914856,0.2748473286628723,0.2567203161593008,0.22330097087378642,309
testB,50,oracle_T_K,equal_mass,11,0.2748473286628723,0.31492602825164795,0.29446792785198456,0.2709677419354839,310
testB,50,oracle_T_K,equal_mass,12,0.31492602825164795,0.36750084161758423,0.33804521090004436,0.4077669902912621,309
testB,50,oracle_T_K,equal_mass,13,0.36750084161758423,0.47540856897830963,0.41608619458467055,0.43042071197411,309
testB,50,oracle_T_K,equal_mass,14,0.47540856897830963,1.0,0.6168369980589036,0.5935483870967742,310
__pooled__,5,native,equal_width,0,0.0,0.06666666666666667,0.0,0.0,0
__pooled__,5,native,equal_width,1,0.06666666666666667,0.13333333333333333,0.0,0.0,0
__pooled__,5,native,equal_width,2,0.13333333333333333,0.2,0.0,0.0,0
__pooled__,5,native,equal_width,3,0.2,0.26666666666666666,0.25312674914797145,0.2916666666666667,24
__pooled__,5,native,equal_width,4,0.26666666666666666,0.3333333333333333,0.3081583951037532,0.24920127795527156,313
__pooled__,5,native,equal_width,5,0.3333333333333333,0.4,0.37042847528064826,0.36498855835240274,874
__pooled__,5,native,equal_width,6,0.4,0.4666666666666667,0.4347606799026736,0.40748299319727893,1470
__pooled__,5,native,equal_width,7,0.4666666666666667,0.5333333333333333,0.5024779561953814,0.49110878661087864,1912
__pooled__,5,native,equal_width,8,0.5333333333333333,0.6,0.5661276439209547,0.5297407219115404,1967
__pooled__,5,native,equal_width,9,0.6,0.6666666666666666,0.6335674705612908,0.594059405940594,1818
__pooled__,5,native,equal_width,10,0.6666666666666666,0.7333333333333333,0.6986918948792122,0.6653248993674525,1739
__pooled__,5,native,equal_width,11,0.7333333333333333,0.8,0.7660586990943322,0.7224615384615385,1625
__pooled__,5,native,equal_width,12,0.8,0.8666666666666667,0.8336312824194433,0.8239478363959691,1687
__pooled__,5,native,equal_width,13,0.8666666666666667,0.9333333333333333,0.9006579948779349,0.87201625190452,1969
__pooled__,5,native,equal_width,14,0.9333333333333333,1.0,0.9824476046620464,0.9687094982410664,5401
__pooled__,5,native,equal_mass,0,0.0,0.4091682583093643,0.35864272120195034,0.33766233766233766,1386
__pooled__,5,native,equal_mass,1,0.4091682583093643,0.4702766686677933,0.4408134214295358,0.4167267483777938,1387
__pooled__,5,native,equal_mass,2,0.4702766686677933,0.5197228193283081,0.49714095075581155,0.48124098124098125,1386
__pooled__,5,native,equal_mass,3,0.5197228193283081,0.5645694732666016,0.5417737703402437,0.5191059841384282,1387
__pooled__,5,native,equal_mass,4,0.5645694732666016,0.6127623915672302,0.588881606319422,0.5497835497835498,1386
__pooled__,5,native,equal_mass,5,0.6127623915672302,0.6646190285682678,0.6395779497002902,0.601297764960346,1387
__pooled__,5,native,equal_mass,6,0.6646190285682678,0.716144472360611,0.6896984052898735,0.6553713049747657,1387
__pooled__,5,native,equal_mass,7,0.716144472360611,0.7723283171653748,0.7442272163142718,0.7005772005772006,1386
__pooled__,5,native,equal_mass,8,0.7723283171653748,0.8302076160907745,0.8016363507393203,0.779379956741168,1387
__pooled__,5,native,equal_mass,9,0.8302076160907745,0.8816497325897217,0.8561654339269845,0.8435472242249459,1387
__pooled__,5,native,equal_mass,10,0.8816497325897217,0.9287009835243225,0.9058135847680668,0.8766233766233766,1386
__pooled__,5,native,equal_mass,11,0.9287009835243225,0.9662454426288605,0.9487136402143879,0.9250180245133381,1387
__pooled__,5,native,equal_mass,12,0.9662454426288605,0.9899292588233948,0.9791030627050441,0.9523809523809523,1386
__pooled__,5,native,equal_mass,13,0.9899292588233948,0.9997641742229462,0.9965959043922232,0.9870223503965393,1387
__pooled__,5,native,equal_mass,14,0.9997641742229462,1.0,0.9999639085925734,1.0,1387
__pooled__,5,global_T_corrected,equal_width,0,0.0,0.06666666666666667,0.0,0.0,0
__pooled__,5,global_T_corrected,equal_width,1,0.06666666666666667,0.13333333333333333,0.0,0.0,0
__pooled__,5,global_T_corrected,equal_width,2,0.13333333333333333,0.2,0.0,0.0,0
__pooled__,5,global_T_corrected,equal_width,3,0.2,0.26666666666666666,0.25294870405625075,0.23076923076923078,39
__pooled__,5,global_T_corrected,equal_width,4,0.26666666666666666,0.3333333333333333,0.30696429830070926,0.28368794326241137,423
__pooled__,5,global_T_corrected,equal_width,5,0.3333333333333333,0.4,0.37035421198138607,0.36689419795221845,1172
__pooled__,5,global_T_corrected,equal_width,6,0.4,0.4666666666666667,0.43396624067113926,0.43613138686131386,1644
__pooled__,5,global_T_corrected,equal_width,7,0.4666666666666667,0.5333333333333333,0.5014070222387624,0.5066544286369894,2179
__pooled__,5,global_T_corrected,equal_width,8,0.5333333333333333,0.6,0.5662723698659543,0.5677233429394812,2082
__pooled__,5,global_T_corrected,equal_width,9,0.6,0.6666666666666666,0.6329152368161143,0.6316326530612245,1960
__pooled__,5,global_T_corrected,equal_width,10,0.6666666666666666,0.7333333333333333,0.6994546812018968,0.7019906323185011,1708
__pooled__,5,global_T_corrected,equal_width,11,0.7333333333333333,0.8,0.7673419267498656,0.7928660826032541,1598
__pooled__,5,global_T_corrected,equal_width,12,0.8,0.8666666666666667,0.8335363970168761,0.8483556638246041,1642
__pooled__,5,global_T_corrected,equal_width,13,0.8666666666666667,0.9333333333333333,0.9006684865527506,0.9032438478747203,1788
__pooled__,5,global_T_corrected,equal_width,14,0.9333333333333333,1.0,0.98161088652406,0.9772129710780018,4564
__pooled__,5,global_T_corrected,equal_mass,0,0.0,0.38936787843704224,0.34334806421661446,0.34054834054834054,1386
__pooled__,5,global_T_corrected,equal_mass,1,0.38936787843704224,0.44650721549987793,0.4184812166833499,0.41888968997837056,1387
__pooled__,5,global_T_corrected,equal_mass,2,0.44650721549987793,0.4961332380771637,0.47292031947668495,0.47619047619047616,1386
__pooled__,5,global_T_corrected,equal_mass,3,0.4961332380771637,0.5364945232868195,0.5159258717844275,0.5212689257390051,1387
__pooled__,5,global_T_corrected,equal_mass,4,0.5364945232868195,0.5798859894275665,0.558012540252757,0.5508291276135544,1387
__pooled__,5,global_T_corrected,equal_mass,5,0.5798859894275665,0.625836968421936,0.6027939412930999,0.6038961038961039,1386
__pooled__,5,global_T_corrected,equal_mass,6,0.625836968421936,0.6742889881134033,0.6497934635543273,0.6532083633741889,1387
__pooled__,5,global_T_corrected,equal_mass,7,0.6742889881134033,0.7284502983093262,0.7011695952728542,0.7012987012987013,1386
__pooled__,5,global_T_corrected,equal_mass,8,0.7284502983093262,0.787471204996109,0.7580936527028733,0.772170151405912,1387
__pooled__,5,global_T_corrected,equal_mass,9,0.787471204996109,0.8430182337760925,0.8152269784202658,0.8385003604902668,1387
__pooled__,5,global_T_corrected,equal_mass,10,0.8430182337760925,0.8973849713802338,0.8705978913912698,0.8816738816738817,1386
__pooled__,5,global_T_corrected,equal_mass,11,0.8973849713802338,0.9455941319465637,0.9229090080986628,0.9271809661139149,1387
__pooled__,5,global_T_corrected,equal_mass,12,0.9455941319465637,0.9807062149047852,0.9643349992420422,0.9531024531024531,1386
__pooled__,5,global_T_corrected,equal_mass,13,0.9807062149047852,0.9992544054985046,0.9928491810026492,0.9870223503965393,1387
__pooled__,5,global_T_corrected,equal_mass,14,0.9992544054985046,1.0,0.9998703397858805,1.0,1387
__pooled__,5,oracle_T_K,equal_width,0,0.0,0.06666666666666667,0.0,0.0,0
__pooled__,5,oracle_T_K,equal_width,1,0.06666666666666667,0.13333333333333333,0.0,0.0,0
__pooled__,5,oracle_T_K,equal_width,2,0.13333333333333333,0.2,0.0,0.0,0
__pooled__,5,oracle_T_K,equal_width,3,0.2,0.26666666666666666,0.2531142865235989,0.23076923076923078,39
__pooled__,5,oracle_T_K,equal_width,4,0.26666666666666666,0.3333333333333333,0.30705630424476804,0.2833333333333333,420
__pooled__,5,oracle_T_K,equal_width,5,0.3333333333333333,0.4,0.37038743365363974,0.3634020618556701,1164
__pooled__,5,oracle_T_K,equal_width,6,0.4,0.4666666666666667,0.43387507433555905,0.43730886850152906,1635
__pooled__,5,oracle_T_K,equal_width,7,0.4666666666666667,0.5333333333333333,0.501345983309233,0.5064338235294118,2176
__pooled__,5,oracle_T_K,equal_width,8,0.5333333333333333,0.6,0.5662689699964037,0.5677233429394812,2082
__pooled__,5,oracle_T_K,equal_width,9,0.6,0.6666666666666666,0.6330953854043226,0.6293279022403259,1964
__pooled__,5,oracle_T_K,equal_width,10,0.6666666666666666,0.7333333333333333,0.699778423958672,0.701344243132671,1711
__pooled__,5,oracle_T_K,equal_width,11,0.7333333333333333,0.8,0.7675272945790564,0.7923222152297043,1589
__pooled__,5,oracle_T_K,equal_width,12,0.8,0.8666666666666667,0.8335213869066407,0.847839318320146,1643
__pooled__,5,oracle_T_K,equal_width,13,0.8666666666666667,0.9333333333333333,0.9007071759759185,0.9025612472160356,1796
__pooled__,5,oracle_T_K,equal_width,14,0.9333333333333333,1.0,0.9816595525070049,0.9770742358078602,4580
__pooled__,5,oracle_T_K,equal_mass,0,0.0,0.3897695541381836,0.34370005931732117,0.3412698412698413,1386
__pooled__,5,oracle_T_K,equal_mass,1,0.3897695541381836,0.4470294415950775,0.4189917796063784,0.41888968997837056,1387
__pooled__,5,oracle_T_K,equal_mass,2,0.4470294415950775,0.49687090516090393,0.4735186221924695,0.4754689754689755,1386
__pooled__,5,oracle_T_K,equal_mass,3,0.49687090516090393,0.537173867225647,0.516512978781705,0.5212689257390051,1387
__pooled__,5,oracle_T_K,equal_mass,4,0.537173867225647,0.5806459784507751,0.558720877725784,0.5501081470800289,1387
__pooled__,5,oracle_T_K,equal_mass,5,0.5806459784507751,0.6268546283245087,0.603633642884732,0.6053391053391053,1386
__pooled__,5,oracle_T_K,equal_mass,6,0.6268546283245087,0.6752995848655701,0.6507118024152221,0.6524873828406633,1387
__pooled__,5,oracle_T_K,equal_mass,7,0.6752995848655701,0.7295118272304535,0.7021818077581441,0.7005772005772006,1386
__pooled__,5,oracle_T_K,equal_mass,8,0.7295118272304535,0.7883935272693634,0.7591345452454422,0.7736121124729632,1387
__pooled__,5,oracle_T_K,equal_mass,9,0.7883935272693634,0.8438897430896759,0.8162304550602699,0.8377793799567411,1387
__pooled__,5,oracle_T_K,equal_mass,10,0.8438897430896759,0.8982767462730408,0.8714920765307731,0.8816738816738817,1386
__pooled__,5,oracle_T_K,equal_mass,11,0.8982767462730408,0.9462262988090515,0.9235971815395286,0.9271809661139149,1387
__pooled__,5,oracle_T_K,equal_mass,12,0.9462262988090515,0.9809551537036896,0.9647536709109082,0.9531024531024531,1386
__pooled__,5,oracle_T_K,equal_mass,13,0.9809551537036896,0.9992746114730835,0.99296635389328,0.9870223503965393,1387
__pooled__,5,oracle_T_K,equal_mass,14,0.9992746114730835,1.0,0.999873993288465,1.0,1387
__pooled__,10,native,equal_width,0,0.0,0.06666666666666667,0.0,0.0,0
__pooled__,10,native,equal_width,1,0.06666666666666667,0.13333333333333333,0.12034133821725845,0.0,1
__pooled__,10,native,equal_width,2,0.13333333333333333,0.2,0.18407136903089635,0.226890756302521,119
__pooled__,10,native,equal_width,3,0.2,0.26666666666666666,0.2399620323185749,0.21079691516709512,778
__pooled__,10,native,equal_width,4,0.26666666666666666,0.3333333333333333,0.302229102923159,0.27251461988304093,1710
__pooled__,10,native,equal_width,5,0.3333333333333333,0.4,0.36775279912204223,0.351131221719457,2210
__pooled__,10,native,equal_width,6,0.4,0.4666666666666667,0.4327444718062506,0.404989604989605,2405
__pooled__,10,native,equal_width,7,0.4666666666666667,0.5333333333333333,0.5005193815000629,0.4754816112084063,2284
__pooled__,10,native,equal_width,8,0.5333333333333333,0.6,0.5645238763388843,0.5312343828085957,2001
__pooled__,10,native,equal_width,9,0.6,0.6666666666666666,0.6329328031046736,0.5935057125676488,1663
__pooled__,10,native,equal_width,10,0.6666666666666666,0.7333333333333333,0.6997971004050402,0.6651524983776769,1541
__pooled__,10,native,equal_width,11,0.7333333333333333,0.8,0.7656575849204087,0.7312900926585887,1403
__pooled__,10,native,equal_width,12,0.8,0.8666666666666667,0.8330550248014797,0.8118195956454122,1286
__pooled__,10,native,equal_width,13,0.8666666666666667,0.9333333333333333,0.9013480607228788,0.8743083003952569,1265
__pooled__,10,native,equal_width,14,0.9333333333333333,1.0,0.9773280478060329,0.9545241443975622,2133
__pooled__,10,native,equal_mass,0,0.0,0.29012566804885864,0.24874704880008278,0.21861471861471862,1386
__pooled__,10,native,equal_mass,1,0.29012566804885864,0.3384726196527481,0.3144882031499523,0.29776496034607064,1387
__pooled__,10,native,equal_mass,2,0.3384726196527481,0.38189055025577545,0.3605056047052532,0.3448773448773449,1386
__pooled__,10,native,equal_mass,3,0.38189055025577545,0.4196323901414871,0.40083875121963736,0.37707281903388606,1387
__pooled__,10,native,equal_mass,4,0.4196323901414871,0.45747578144073486,0.43865519830797245,0.40447007930785867,1387
__pooled__,10,native,equal_mass,5,0.45747578144073486,0.5003285706043243,0.47855034919958267,0.455988455988456,1386
__pooled__,10,native,equal_mass,6,0.5003285706043243,0.5393772721290588,0.5195730421316384,0.48631123919308356,1388
__pooled__,10,native,equal_mass,7,0.5393772721290588,0.5833923518657684,0.5605450436957046,0.527797833935018,1385
__pooled__,10,native,equal_mass,8,0.5833923518657684,0.6385819613933563,0.6109733806295883,0.5883201153568853,1387
__pooled__,10,native,equal_mass,9,0.6385819613933563,0.6955443620681763,0.666747544984123,0.6149963950973324,1387
__pooled__,10,native,equal_mass,10,0.6955443620681763,0.7576378285884857,0.7267231515475682,0.7005772005772006,1386
__pooled__,10,native,equal_mass,11,0.7576378285884857,0.8266272246837616,0.7916332621667225,0.7606344628695025,1387
__pooled__,10,native,equal_mass,12,0.8266272246837616,0.9015789330005646,0.8636365725536539,0.8318903318903319,1386
__pooled__,10,native,equal_mass,13,0.9015789330005646,0.9686196446418762,0.9358798906626079,0.9120403749098774,1387
__pooled__,10,native,equal_mass,14,0.9686196446418762,1.0,0.9912386342786419,0.9740447007930786,1387
__pooled__,10,global_T_corrected,equal_width,0,0.0,0.06666666666666667,0.0,0.0,0
__pooled__,10,global_T_corrected,equal_width,1,0.06666666666666667,0.13333333333333333,0.1253853216767311,0.0,2
__pooled__,10,global_T_corrected,equal_width,2,0.13333333333333333,0.2,0.18313056381825868,0.2182741116751269,197
__pooled__,10,global_T_corrected,equal_width,3,0.2,0.26666666666666666,0.239253344320293,0.22232142857142856,1120
__pooled__,10,global_T_corrected,equal_width,4,0.26666666666666666,0.3333333333333333,0.3011022696864358,0.307909604519774,2124
__pooled__,10,global_T_corrected,equal_width,5,0.3333333333333333,0.4,0.366875187984163,0.3700270374662032,2589
__pooled__,10,global_T_corrected,equal_width,6,0.4,0.4666666666666667,0.43238444495788253,0.4376261606782398,2477
__pooled__,10,global_T_corrected,equal_width,7,0.4666666666666667,0.5333333333333333,0.49932470979841675,0.5154295246038365,2398
__pooled__,10,global_T_corrected,equal_width,8,0.5333333333333333,0.6,0.5658625254937268,0.5806799784133837,1853
__pooled__,10,global_T_corrected,equal_width,9,0.6,0.6666666666666666,0.6326326145082528,0.6446229913473424,1618
__pooled__,10,global_T_corrected,equal_width,10,0.6666666666666666,0.7333333333333333,0.69843651154358,0.7221847606203641,1483
__pooled__,10,global_T_corrected,equal_width,11,0.7333333333333333,0.8,0.7662650614459224,0.7799834574028123,1209
__pooled__,10,global_T_corrected,equal_width,12,0.8,0.8666666666666667,0.8328846058537883,0.8510436432637571,1054
__pooled__,10,global_T_corrected,equal_width,13,0.8666666666666667,0.9333333333333333,0.8995447674902474,0.9061913696060038,1066
__pooled__,10,global_T_corrected,equal_width,14,0.9333333333333333,1.0,0.9778633343276953,0.9695463020509634,1609
__pooled__,10,global_T_corrected,equal_mass,0,0.0,0.26947084069252014,0.23250539119195457,0.2215007215007215,1386
__pooled__,10,global_T_corrected,equal_mass,1,0.26947084069252014,0.31369709968566895,0.2917817543974521,0.2919971160778659,1387
__pooled__,10,global_T_corrected,equal_mass,2,0.31369709968566895,0.35219061374664307,0.33363894791400106,0.3463203463203463,1386
__pooled__,10,global_T_corrected,equal_mass,3,0.35219061374664307,0.3872866779565811,0.3698638519023766,0.37851478010093725,1387
__pooled__,10,global_T_corrected,equal_mass,4,0.3872866779565811,0.4225982427597046,0.40493963165685437,0.40519105984138426,1387
__pooled__,10,global_T_corrected,equal_mass,5,0.4225982427597046,0.46152016520500183,0.4418979331012412,0.45526695526695526,1386
__pooled__,10,global_T_corrected,equal_mass,6,0.46152016520500183,0.4992072135210037,0.48039522025769105,0.48738284066330206,1387
__pooled__,10,global_T_corrected,equal_mass,7,0.4992072135210037,0.5394439101219177,0.5184079017732051,0.5295815295815296,1386
__pooled__,10,global_T_corrected,equal_mass,8,0.5394439101219177,0.5895430445671082,0.5639018949279703,0.5811103100216294,1387
__pooled__,10,global_T_corrected,equal_mass,9,0.5895430445671082,0.6456205248832703,0.6163331021829398,0.619322278298486,1387
__pooled__,10,global_T_corrected,equal_mass,10,0.6456205248832703,0.7036163806915283,0.6739949319097731,0.7077922077922078,1386
__pooled__,10,global_T_corrected,equal_mass,11,0.7036163806915283,0.7753167748451233,0.7387893151790011,0.7512617159336697,1387
__pooled__,10,global_T_corrected,equal_mass,12,0.7753167748451233,0.860983818769455,0.8164169247790333,0.834054834054834,1386
__pooled__,10,global_T_corrected,equal_mass,13,0.860983818769455,0.947756290435791,0.9035266680775913,0.9120403749098774,1387
__pooled__,10,global_T_corrected,equal_mass,14,0.947756290435791,1.0,0.983889114538714,0.9740447007930786,1387
__pooled__,10,oracle_T_K,equal_width,0,0.0,0.06666666666666667,0.0,0.0,0
__pooled__,10,oracle_T_K,equal_width,1,0.06666666666666667,0.13333333333333333,0.125327717512846,0.0,2
__pooled__,10,oracle_T_K,equal_width,2,0.13333333333333333,0.2,0.18314536395084918,0.21608040201005024,199
__pooled__,10,oracle_T_K,equal_width,3,0.2,0.26666666666666666,0.23921695040055016,0.22241992882562278,1124
__pooled__,10,oracle_T_K,equal_width,4,0.26666666666666666,0.3333333333333333,0.3011181645151158,0.30711610486891383,2136
__pooled__,10,oracle_T_K,equal_width,5,0.3333333333333333,0.4,0.3669217502537333,0.373070987654321,2592
__pooled__,10,oracle_T_K,equal_width,6,0.4,0.4666666666666667,0.43247536046912266,0.4383561643835616,2482
__pooled__,10,oracle_T_K,equal_width,7,0.4666666666666667,0.5333333333333333,0.49923374165074536,0.5151006711409396,2384
__pooled__,10,oracle_T_K,equal_width,8,0.5333333333333333,0.6,0.5657022494087302,0.5798816568047337,1859
__pooled__,10,oracle_T_K,equal_width,9,0.6,0.6666666666666666,0.6326969088556145,0.6475662353666051,1623
__pooled__,10,oracle_T_K,equal_width,10,0.6666666666666666,0.7333333333333333,0.6985508010063404,0.7207572684246112,1479
__pooled__,10,oracle_T_K,equal_width,11,0.7333333333333333,0.8,0.7664872983253328,0.7832919768403639,1209
__pooled__,10,oracle_T_K,equal_width,12,0.8,0.8666666666666667,0.8329298085712905,0.8501440922190202,1041
__pooled__,10,oracle_T_K,equal_width,13,0.8666666666666667,0.9333333333333333,0.8993076611572588,0.9070422535211268,1065
__pooled__,10,oracle_T_K,equal_width,14,0.9333333333333333,1.0,0.9778192344300467,0.9694513715710723,1604
__pooled__,10,oracle_T_K,equal_mass,0,0.0,0.2691698968410492,0.2322640550547262,0.2222222222222222,1386
__pooled__,10,oracle_T_K,equal_mass,1,0.2691698968410492,0.31330706179142,0.2914441871230518,0.2919971160778659,1387
__pooled__,10,oracle_T_K,equal_mass,2,0.31330706179142,0.351688027381897,0.33323501338604383,0.34559884559884557,1386
__pooled__,10,oracle_T_K,equal_mass,3,0.351688027381897,0.38672520220279694,0.36940238135447157,0.37635183850036047,1387
__pooled__,10,oracle_T_K,equal_mass,4,0.38672520220279694,0.4220579117536545,0.40443483985579093,0.40663302090843545,1387
__pooled__,10,oracle_T_K,equal_mass,5,0.4220579117536545,0.46102097630500793,0.4413416717002574,0.45454545454545453,1386
__pooled__,10,oracle_T_K,equal_mass,6,0.46102097630500793,0.49866384267807007,0.4797827307921824,0.49026676279740444,1387
__pooled__,10,oracle_T_K,equal_mass,7,0.49866384267807007,0.5387218594551086,0.5177886058585812,0.5281385281385281,1386
__pooled__,10,oracle_T_K,equal_mass,8,0.5387218594551086,0.588768720626831,0.5632002402658332,0.5811103100216294,1387
__pooled__,10,oracle_T_K,equal_mass,9,0.588768720626831,0.6448758244514465,0.6155683882131625,0.6207642393655372,1387
__pooled__,10,oracle_T_K,equal_mass,10,0.6448758244514465,0.7028258144855499,0.6731833817294838,0.7056277056277056,1386
__pooled__,10,oracle_T_K,equal_mass,11,0.7028258144855499,0.774573564529419,0.737956679331457,0.7519826964671954,1387
__pooled__,10,oracle_T_K,equal_mass,12,0.774573564529419,0.860304206609726,0.815642038938115,0.834054834054834,1386
__pooled__,10,oracle_T_K,equal_mass,13,0.860304206609726,0.9473856687545776,0.9029626139394654,0.9120403749098774,1387
__pooled__,10,oracle_T_K,equal_mass,14,0.9473856687545776,1.0,0.983745973962799,0.9740447007930786,1387
__pooled__,20,native,equal_width,0,0.0,0.06666666666666667,0.0,0.0,0
__pooled__,20,native,equal_width,1,0.06666666666666667,0.13333333333333333,0.11866699314365785,0.09166666666666666,120
__pooled__,20,native,equal_width,2,0.13333333333333333,0.2,0.17376702315477507,0.15730337078651685,1424
__pooled__,20,native,equal_width,3,0.2,0.26666666666666666,0.2346313691211749,0.20648967551622419,2712
__pooled__,20,native,equal_width,4,0.26666666666666666,0.3333333333333333,0.299525418402156,0.27691309987029833,3084
__pooled__,20,native,equal_width,5,0.3333333333333333,0.4,0.3656414292621107,0.3413427561837456,2830
__pooled__,20,native,equal_width,6,0.4,0.4666666666666667,0.4334237578315087,0.39872611464968155,2355
__pooled__,20,native,equal_width,7,0.4666666666666667,0.5333333333333333,0.49861215083675586,0.4540106951871658,1870
__pooled__,20,native,equal_width,8,0.5333333333333333,0.6,0.565845662739076,0.5560716655607166,1507
__pooled__,20,native,equal_width,9,0.6,0.6666666666666666,0.6321873552258759,0.6221864951768489,1244
__pooled__,20,native,equal_width,10,0.6666666666666666,0.7333333333333333,0.6989902246327825,0.6622313203684749,977
__pooled__,20,native,equal_width,11,0.7333333333333333,0.8,0.7644026935246288,0.7273838630806846,818
__pooled__,20,native,equal_width,12,0.8,0.8666666666666667,0.8317328297424605,0.8456883509833586,661
__pooled__,20,native,equal_width,13,0.8666666666666667,0.9333333333333333,0.899006551731004,0.9083044982698962,578
__pooled__,20,native,equal_width,14,0.9333333333333333,1.0,0.9730418670158202,0.9499192245557351,619
__pooled__,20,native,equal_mass,0,0.0,0.19536936283111572,0.1662851319329821,0.14935064935064934,1386
__pooled__,20,native,equal_mass,1,0.19536936283111572,0.23242835700511932,0.2142016421506623,0.20187454938716654,1387
__pooled__,20,native,equal_mass,2,0.23242835700511932,0.26445798575878143,0.24868307526063438,0.2041847041847042,1386
__pooled__,20,native,equal_mass,3,0.26445798575878143,0.29462097585201263,0.2792778816316035,0.25036075036075034,1386
__pooled__,20,native,equal_mass,4,0.29462097585201263,0.32335197925567627,0.30901446421053635,0.27953890489913547,1388
__pooled__,20,native,equal_mass,5,0.32335197925567627,0.35490408539772034,0.3394518366881779,0.3333333333333333,1386
__pooled__,20,native,equal_mass,6,0.35490408539772034,0.38752609491348267,0.37134475302335246,0.3431867339581831,1387
__pooled__,20,native,equal_mass,7,0.38752609491348267,0.42647384107112885,0.4068944997773714,0.3888888888888889,1386
__pooled__,20,native,equal_mass,8,0.42647384107112885,0.4648054838180542,0.44561257485700495,0.40519105984138426,1387
__pooled__,20,native,equal_mass,9,0.4648054838180542,0.5121889710426331,0.48840089796598474,0.4419610670511896,1387
__pooled__,20,native,equal_mass,10,0.5121889710426331,0.5702995359897614,0.5400003176746946,0.5086580086580087,1386
__pooled__,20,native,equal_mass,11,0.5702995359897614,0.6378637552261353,0.6032133074054292,0.5955299206921413,1387
__pooled__,20,native,equal_mass,12,0.6378637552261353,0.7254579365253448,0.6795982240254401,0.6587301587301587,1386
__pooled__,20,native,equal_mass,13,0.7254579365253448,0.8436757326126099,0.7815780536081607,0.7570295602018745,1387
__pooled__,20,native,equal_mass,14,0.8436757326126099,1.0,0.9260500276698942,0.9214131218457101,1387
__pooled__,20,global_T_corrected,equal_width,0,0.0,0.06666666666666667,0.0,0.0,0
__pooled__,20,global_T_corrected,equal_width,1,0.06666666666666667,0.13333333333333333,0.11882405059459882,0.08974358974358974,234
__pooled__,20,global_T_corrected,equal_width,2,0.13333333333333333,0.2,0.17232382648747552,0.17525773195876287,2134
__pooled__,20,global_T_corrected,equal_width,3,0.2,0.26666666666666666,0.23430457429783622,0.22779805352798055,3288
__pooled__,20,global_T_corrected,equal_width,4,0.26666666666666666,0.3333333333333333,0.2987615006915211,0.31863905325443787,3380
__pooled__,20,global_T_corrected,equal_width,5,0.3333333333333333,0.4,0.36629141223336364,0.3835370237239396,2782
__pooled__,20,global_T_corrected,equal_width,6,0.4,0.4666666666666667,0.4313664629582266,0.4316612977450529,2173
__pooled__,20,global_T_corrected,equal_width,7,0.4666666666666667,0.5333333333333333,0.4984018156119123,0.537122969837587,1724
__pooled__,20,global_T_corrected,equal_width,8,0.5333333333333333,0.6,0.5660571282035795,0.6055718475073314,1364
__pooled__,20,global_T_corrected,equal_width,9,0.6,0.6666666666666666,0.6319509260245665,0.6689791873141725,1009
__pooled__,20,global_T_corrected,equal_width,10,0.6666666666666666,0.7333333333333333,0.6981233928809425,0.7003792667509482,791
__pooled__,20,global_T_corrected,equal_width,11,0.7333333333333333,0.8,0.765313150950625,0.8370253164556962,632
__pooled__,20,global_T_corrected,equal_width,12,0.8,0.8666666666666667,0.8314769786770873,0.9100418410041841,478
__pooled__,20,global_T_corrected,equal_width,13,0.8666666666666667,0.9333333333333333,0.8989107841021055,0.9038961038961039,385
__pooled__,20,global_T_corrected,equal_width,14,0.9333333333333333,1.0,0.9715852339127484,0.9647058823529412,425
__pooled__,20,global_T_corrected,equal_mass,0,0.0,0.17653685063123703,0.15156452912530857,0.15007215007215008,1386
__pooled__,20,global_T_corrected,equal_mass,1,0.17653685063123703,0.2092422917485237,0.1934930895224869,0.2076423936553713,1387
__pooled__,20,global_T_corrected,equal_mass,2,0.2092422917485237,0.2374298945069313,0.22380214218926464,0.2041847041847042,1386
__pooled__,20,global_T_corrected,equal_mass,3,0.2374298945069313,0.2645713984966278,0.25095649479358595,0.24080749819754865,1387
__pooled__,20,global_T_corrected,equal_mass,4,0.2645713984966278,0.28973259031772614,0.2769833022772879,0.2999279019466474,1387
__pooled__,20,global_T_corrected,equal_mass,5,0.28973259031772614,0.31840699911117554,0.3039085826316437,0.31385281385281383,1386
__pooled__,20,global_T_corrected,equal_mass,6,0.31840699911117554,0.34851211309432983,0.3332089134361044,0.3597692862292718,1387
__pooled__,20,global_T_corrected,equal_mass,7,0.34851211309432983,0.38290344178676605,0.3653362352954705,0.37662337662337664,1386
__pooled__,20,global_T_corrected,equal_mass,8,0.38290344178676605,0.4180455207824707,0.39962542044145216,0.40807498197548664,1387
__pooled__,20,global_T_corrected,equal_mass,9,0.4180455207824707,0.4617406129837036,0.4392306411446817,0.44700793078586876,1387
__pooled__,20,global_T_corrected,equal_mass,10,0.4617406129837036,0.5133373737335205,0.4872589221205374,0.5202020202020202,1386
__pooled__,20,global_T_corrected,equal_mass,11,0.5133373737335205,0.5779281854629517,0.5442494822218853,0.5775054073540015,1387
__pooled__,20,global_T_corrected,equal_mass,12,0.5779281854629517,0.6614237427711487,0.6168197096039673,0.6628158844765343,1385
__pooled__,20,global_T_corrected,equal_mass,13,0.6614237427711487,0.7875478267669678,0.7203605325747635,0.7543227665706052,1388
__pooled__,20,global_T_corrected,equal_mass,14,0.7875478267669678,1.0,0.8903955087097927,0.916366258111031,1387
__pooled__,20,oracle_T_K,equal_width,0,0.0,0.06666666666666667,0.0,0.0,0
__pooled__,20,oracle_T_K,equal_width,1,0.06666666666666667,0.13333333333333333,0.1192910302347607,0.08888888888888889,225
__pooled__,20,oracle_T_K,equal_width,2,0.13333333333333333,0.2,0.1725510435802195,0.17271835132482827,2038
__pooled__,20,oracle_T_K,equal_width,3,0.2,0.26666666666666666,0.23398773241991558,0.22433697347893916,3205
__pooled__,20,oracle_T_K,equal_width,4,0.26666666666666666,0.3333333333333333,0.29867114779377774,0.31463990554899646,3388
__pooled__,20,oracle_T_K,equal_width,5,0.3333333333333333,0.4,0.36608706852589273,0.37725631768953066,2770
__pooled__,20,oracle_T_K,equal_width,6,0.4,0.4666666666666667,0.43149186467460926,0.43312387791741475,2228
__pooled__,20,oracle_T_K,equal_width,7,0.4666666666666667,0.5333333333333333,0.4993410199608433,0.523972602739726,1752
__pooled__,20,oracle_T_K,equal_width,8,0.5333333333333333,0.6,0.5665029570537757,0.6020786933927246,1347
__pooled__,20,oracle_T_K,equal_width,9,0.6,0.6666666666666666,0.631571518870985,0.6637848222862632,1041
__pooled__,20,oracle_T_K,equal_width,10,0.6666666666666666,0.7333333333333333,0.6985938131737162,0.6916565900846433,827
__pooled__,20,oracle_T_K,equal_width,11,0.7333333333333333,0.8,0.7669741475691825,0.8343558282208589,652
__pooled__,20,oracle_T_K,equal_width,12,0.8,0.8666666666666667,0.8333272982222831,0.9048582995951417,494
__pooled__,20,oracle_T_K,equal_width,13,0.8666666666666667,0.9333333333333333,0.8994136222948631,0.90625,384
__pooled__,20,oracle_T_K,equal_width,14,0.9333333333333333,1.0,0.9712872240426285,0.9620535714285714,448
__pooled__,20,oracle_T_K,equal_mass,0,0.0,0.178487129509449,0.15306175730230145,0.14935064935064934,1386
__pooled__,20,oracle_T_K,equal_mass,1,0.178487129509449,0.21169789880514145,0.19559771271601115,0.2083633741888969,1387
__pooled__,20,oracle_T_K,equal_mass,2,0.21169789880514145,0.2401660457253456,0.22633693510233754,0.19913419913419914,1386
__pooled__,20,oracle_T_K,equal_mass,3,0.2401660457253456,0.2678848057985306,0.2538819181979261,0.24513338139870222,1387
__pooled__,20,oracle_T_K,equal_mass,4,0.2678848057985306,0.2931601256132126,0.2802459194708317,0.3013698630136986,1387
__pooled__,20,oracle_T_K,equal_mass,5,0.2931601256132126,0.32232482731342316,0.30755300953188675,0.31601731601731603,1386
__pooled__,20,oracle_T_K,equal_mass,6,0.32232482731342316,0.3525867909193039,0.33718038391705973,0.3554434030281182,1387
__pooled__,20,oracle_T_K,equal_mass,7,0.3525867909193039,0.38724854588508606,0.36958819436390505,0.37734487734487737,1386
__pooled__,20,oracle_T_K,equal_mass,8,0.38724854588508606,0.4228793680667877,0.4043663303874444,0.40404040404040403,1386
__pooled__,20,oracle_T_K,equal_mass,9,0.4228793680667877,0.46693478524684906,0.44433755790465845,0.4510086455331412,1388
__pooled__,20,oracle_T_K,equal_mass,10,0.46693478524684906,0.518805056810379,0.49275033616744424,0.5115440115440115,1386
__pooled__,20,oracle_T_K,equal_mass,11,0.518805056810379,0.5842459201812744,0.5503817428851523,0.585436193222783,1387
__pooled__,20,oracle_T_K,equal_mass,12,0.5842459201812744,0.6685695946216583,0.6234876761618803,0.6608946608946609,1386
__pooled__,20,oracle_T_K,equal_mass,13,0.6685695946216583,0.7947125136852264,0.7270914611407295,0.7570295602018745,1387
__pooled__,20,oracle_T_K,equal_mass,14,0.7947125136852264,1.0,0.8945977686976218,0.9170872386445565,1387
__pooled__,50,native,equal_width,0,0.0,0.06666666666666667,0.05970027644394173,0.027777777777777776,72
__pooled__,50,native,equal_width,1,0.06666666666666667,0.13333333333333333,0.10846380149501614,0.10537790697674419,2752
__pooled__,50,native,equal_width,2,0.13333333333333333,0.2,0.16693768367707118,0.1603167808219178,4672
__pooled__,50,native,equal_width,3,0.2,0.26666666666666666,0.23194638866235207,0.2284859067099027,4009
__pooled__,50,native,equal_width,4,0.26666666666666666,0.3333333333333333,0.2978980649051506,0.28761371588523443,2858
__pooled__,50,native,equal_width,5,0.3333333333333333,0.4,0.3645405216994691,0.36723973256924547,2094
__pooled__,50,native,equal_width,6,0.4,0.4666666666666667,0.43090661705459943,0.4019103600293902,1361
__pooled__,50,native,equal_width,7,0.4666666666666667,0.5333333333333333,0.4970631380338927,0.4875675675675676,925
__pooled__,50,native,equal_width,8,0.5333333333333333,0.6,0.564826838292147,0.5486862442040186,647
__pooled__,50,native,equal_width,9,0.6,0.6666666666666666,0.630493543572254,0.6373873873873874,444
__pooled__,50,native,equal_width,10,0.6666666666666666,0.7333333333333333,0.7003190942432569,0.6782608695652174,345
__pooled__,50,native,equal_width,11,0.7333333333333333,0.8,0.7631027942244341,0.8299595141700404,247
__pooled__,50,native,equal_width,12,0.8,0.8666666666666667,0.8285204303819079,0.8372093023255814,172
__pooled__,50,native,equal_width,13,0.8666666666666667,0.9333333333333333,0.8958407282829285,0.8916666666666667,120
__pooled__,50,native,equal_width,14,0.9333333333333333,1.0,0.9628696110513475,0.9753086419753086,81
__pooled__,50,native,equal_mass,0,0.0,0.10981342568993568,0.09216121058174628,0.09451659451659451,1386
__pooled__,50,native,equal_mass,1,0.10981342568993568,0.1326765939593315,0.12132167309608577,0.1110310021629416,1387
__pooled__,50,native,equal_mass,2,0.1326765939593315,0.15297626703977585,0.14306845065491197,0.12193362193362194,1386
__pooled__,50,native,equal_mass,3,0.15297626703977585,0.1722458153963089,0.1626325871072919,0.17231434751261715,1387
__pooled__,50,native,equal_mass,4,0.1722458153963089,0.19195235520601273,0.18213202828499767,0.1651045421773612,1387
__pooled__,50,native,equal_mass,5,0.19195235520601273,0.21272116899490356,0.20211040742512562,0.19336219336219337,1386
__pooled__,50,native,equal_mass,6,0.21272116899490356,0.2344025894999504,0.22352762828650197,0.21485219899062724,1387
__pooled__,50,native,equal_mass,7,0.2344025894999504,0.2585231810808182,0.24648853672015203,0.26262626262626265,1386
__pooled__,50,native,equal_mass,8,0.2585231810808182,0.28664009273052216,0.27216009201553115,0.27180966113914923,1387
__pooled__,50,native,equal_mass,9,0.28664009273052216,0.3196249455213547,0.302939203439553,0.27974044700793077,1387
__pooled__,50,native,equal_mass,10,0.3196249455213547,0.3584379106760025,0.3387869647011956,0.32395382395382394,1386
__pooled__,50,native,equal_mass,11,0.3584379106760025,0.4081113636493683,0.3816578196336145,0.3886085075702956,1387
__pooled__,50,native,equal_mass,12,0.4081113636493683,0.4781690537929535,0.4406448056300481,0.41919191919191917,1386
__pooled__,50,native,equal_mass,13,0.4781690537929535,0.6016984283924103,0.5339932678497001,0.5255948089401586,1387
__pooled__,50,native,equal_mass,14,0.6016984283924103,1.0,0.7388736937401874,0.7483777937995674,1387
__pooled__,50,global_T_corrected,equal_width,0,0.0,0.06666666666666667,0.05887855966987253,0.047619047619047616,147
__pooled__,50,global_T_corrected,equal_width,1,0.06666666666666667,0.13333333333333333,0.10568889004619884,0.1139615194869265,4054
__pooled__,50,global_T_corrected,equal_width,2,0.13333333333333333,0.2,0.16571922463848288,0.1883008356545961,5385
__pooled__,50,global_T_corrected,equal_width,3,0.2,0.26666666666666666,0.23105030299426055,0.2700805822719002,3847
__pooled__,50,global_T_corrected,equal_width,4,0.26666666666666666,0.3333333333333333,0.2977696055097859,0.3353338334583646,2666
__pooled__,50,global_T_corrected,equal_width,5,0.3333333333333333,0.4,0.36390945436033,0.4098159509202454,1630
__pooled__,50,global_T_corrected,equal_width,6,0.4,0.4666666666666667,0.4304679959051071,0.46725317693059626,1023
__pooled__,50,global_T_corrected,equal_width,7,0.4666666666666667,0.5333333333333333,0.4984393142483211,0.5504840940525588,723
__pooled__,50,global_T_corrected,equal_width,8,0.5333333333333333,0.6,0.5656245290645825,0.6699507389162561,406
__pooled__,50,global_T_corrected,equal_width,9,0.6,0.6666666666666666,0.6319757127967967,0.6685878962536023,347
__pooled__,50,global_T_corrected,equal_width,10,0.6666666666666666,0.7333333333333333,0.695724446613055,0.8028846153846154,208
__pooled__,50,global_T_corrected,equal_width,11,0.7333333333333333,0.8,0.7605023941686077,0.8451612903225807,155
__pooled__,50,global_T_corrected,equal_width,12,0.8,0.8666666666666667,0.8261957824230194,0.86,100
__pooled__,50,global_T_corrected,equal_width,13,0.8666666666666667,0.9333333333333333,0.8974972911503004,0.9710144927536232,69
__pooled__,50,global_T_corrected,equal_width,14,0.9333333333333333,1.0,0.9603978578860943,0.9743589743589743,39
__pooled__,50,global_T_corrected,equal_mass,0,0.0,0.09594089910387993,0.08126548891900508,0.09451659451659451,1386
__pooled__,50,global_T_corrected,equal_mass,1,0.09594089910387993,0.11529652401804924,0.10578589366981256,0.11175198269646719,1387
__pooled__,50,global_T_corrected,equal_mass,2,0.11529652401804924,0.13285094499588013,0.12421964547055281,0.12554112554112554,1386
__pooled__,50,global_T_corrected,equal_mass,3,0.13285094499588013,0.1488141044974327,0.14078978737238337,0.17027417027417027,1386
__pooled__,50,global_T_corrected,equal_mass,4,0.1488141044974327,0.16573163121938705,0.15722161578685476,0.16642651296829972,1388
__pooled__,50,global_T_corrected,equal_mass,5,0.16573163121938705,0.1833968460559845,0.17436280931530232,0.20202020202020202,1386
__pooled__,50,global_T_corrected,equal_mass,6,0.1833968460559845,0.2015206515789032,0.19253850015445673,0.2198990627253064,1387
__pooled__,50,global_T_corrected,equal_mass,7,0.2015206515789032,0.22341661900281906,0.21240809002909997,0.2619047619047619,1386
__pooled__,50,global_T_corrected,equal_mass,8,0.22341661900281906,0.24710436910390854,0.2348403645962713,0.2653208363374189,1387
__pooled__,50,global_T_corrected,equal_mass,9,0.24710436910390854,0.2757459431886673,0.2609830917797247,0.2883922134102379,1387
__pooled__,50,global_T_corrected,equal_mass,10,0.2757459431886673,0.30908653140068054,0.29197769129345086,0.3318903318903319,1386
__pooled__,50,global_T_corrected,equal_mass,11,0.30908653140068054,0.3517753928899765,0.329243869448877,0.37779379956741166,1387
__pooled__,50,global_T_corrected,equal_mass,12,0.3517753928899765,0.41556842625141144,0.3816041921468352,0.424963924963925,1386
__pooled__,50,global_T_corrected,equal_mass,13,0.41556842625141144,0.5269525945186615,0.4663190323625783,0.5090122566690699,1387
__pooled__,50,global_T_corrected,equal_mass,14,0.5269525945186615,1.0,0.6682946592590838,0.7433309300648883,1387
__pooled__,50,oracle_T_K,equal_width,0,0.0,0.06666666666666667,0.05902510224176305,0.05,140
__pooled__,50,oracle_T_K,equal_width,1,0.06666666666666667,0.13333333333333333,0.10611084550242357,0.11276864728192162,3955
__pooled__,50,oracle_T_K,equal_width,2,0.13333333333333333,0.2,0.16586998526450591,0.18487712665406428,5290
__pooled__,50,oracle_T_K,equal_width,3,0.2,0.26666666666666666,0.2310688964039965,0.2681177976952625,3905
__pooled__,50,oracle_T_K,equal_width,4,0.26666666666666666,0.3333333333333333,0.29815548845331025,0.32935026138909634,2678
__pooled__,50,oracle_T_K,equal_width,5,0.3333333333333333,0.4,0.36410398698366736,0.40394973070017953,1671
__pooled__,50,oracle_T_K,equal_width,6,0.4,0.4666666666666667,0.43059488328823187,0.46839080459770116,1044
__pooled__,50,oracle_T_K,equal_width,7,0.4666666666666667,0.5333333333333333,0.4984927648995198,0.5428571428571428,735
__pooled__,50,oracle_T_K,equal_width,8,0.5333333333333333,0.6,0.564762487278118,0.6596736596736597,429
__pooled__,50,oracle_T_K,equal_width,9,0.6,0.6666666666666666,0.6318794371764784,0.6676300578034682,346
__pooled__,50,oracle_T_K,equal_width,10,0.6666666666666666,0.7333333333333333,0.6954916243429308,0.7922077922077922,231
__pooled__,50,oracle_T_K,equal_width,11,0.7333333333333333,0.8,0.7624736379219007,0.8544303797468354,158
__pooled__,50,oracle_T_K,equal_width,12,0.8,0.8666666666666667,0.828170267478475,0.8584905660377359,106
__pooled__,50,oracle_T_K,equal_width,13,0.8666666666666667,0.9333333333333333,0.899214677299772,0.9571428571428572,70
__pooled__,50,oracle_T_K,equal_width,14,0.9333333333333333,1.0,0.9610382289421268,0.975609756097561,41
__pooled__,50,oracle_T_K,equal_mass,0,0.0,0.09713377058506012,0.08212760868945937,0.09451659451659451,1386
__pooled__,50,oracle_T_K,equal_mass,1,0.09713377058506012,0.11667795106768608,0.10701446187908734,0.11175198269646719,1387
__pooled__,50,oracle_T_K,equal_mass,2,0.11667795106768608,0.1343904435634613,0.12572150665616233,0.12481962481962482,1386
__pooled__,50,oracle_T_K,equal_mass,3,0.1343904435634613,0.150776244699955,0.14252966689650928,0.16943042537851477,1387
__pooled__,50,oracle_T_K,equal_mass,4,0.150776244699955,0.16781243681907654,0.1592021112336301,0.17015140591204037,1387
__pooled__,50,oracle_T_K,equal_mass,5,0.16781243681907654,0.18584366142749786,0.1765793441952049,0.1976911976911977,1386
__pooled__,50,oracle_T_K,equal_mass,6,0.18584366142749786,0.2042459100484848,0.1950145489291141,0.2191780821917808,1387
__pooled__,50,oracle_T_K,equal_mass,7,0.2042459100484848,0.22622952610254288,0.21513799645683981,0.26334776334776333,1386
__pooled__,50,oracle_T_K,equal_mass,8,0.22622952610254288,0.2503286898136139,0.23780446775155525,0.26604181687094447,1387
__pooled__,50,oracle_T_K,equal_mass,9,0.2503286898136139,0.27898670732975006,0.264356306970936,0.2898341744772891,1387
__pooled__,50,oracle_T_K,equal_mass,10,0.27898670732975006,0.31325915455818176,0.29576532084704477,0.329004329004329,1386
__pooled__,50,oracle_T_K,equal_mass,11,0.31325915455818176,0.3562979996204376,0.3334514296304088,0.37851478010093725,1387
__pooled__,50,oracle_T_K,equal_mass,12,0.3562979996204376,0.42103026807308197,0.3863571517137222,0.42568542568542567,1386
__pooled__,50,oracle_T_K,equal_mass,13,0.42103026807308197,0.5326655805110931,0.4718747074301499,0.5082912761355444,1387
__pooled__,50,oracle_T_K,equal_mass,14,0.5326655805110931,1.0,0.6743868717033398,0.7447728911319395,1387
