eval_split,K,variant,binning,bin_index,bin_low,bin_high,bin_confidence,bin_accuracy,bin_count
val_select,5,native,equal_width,0,0.0,0.06666666666666667,0.0,0.0,0
val_select,5,native,equal_width,1,0.06666666666666667,0.13333333333333333,0.0,0.0,0
val_select,5,native,equal_width,2,0.13333333333333333,0.2,0.0,0.0,0
val_select,5,native,equal_width,3,0.2,0.26666666666666666,0.23039698600769043,0.0,1
val_select,5,native,equal_width,4,0.26666666666666666,0.3333333333333333,0.3036855635819612,0.14814814814814814,27
val_select,5,native,equal_width,5,0.3333333333333333,0.4,0.3712377012204781,0.302158273381295,139
val_select,5,native,equal_width,6,0.4,0.4666666666666667,0.4343055547413668,0.4218009478672986,211
val_select,5,native,equal_width,7,0.4666666666666667,0.5333333333333333,0.5019109645939391,0.4701086956521739,368
val_select,5,native,equal_width,8,0.5333333333333333,0.6,0.5656149474350182,0.5648648648648649,370
val_select,5,native,equal_width,9,0.6,0.6666666666666666,0.6333657079055661,0.5639344262295082,305
val_select,5,native,equal_width,10,0.6666666666666666,0.7333333333333333,0.6984863940563948,0.6620111731843575,358
val_select,5,native,equal_width,11,0.7333333333333333,0.8,0.7665372653440996,0.7090909090909091,385
val_select,5,native,equal_width,12,0.8,0.8666666666666667,0.832986458939424,0.7546174142480211,379
val_select,5,native,equal_width,13,0.8666666666666667,0.9333333333333333,0.901907795644635,0.88996138996139,518
val_select,5,native,equal_width,14,0.9333333333333333,1.0,0.9864186372428475,0.9756866276452049,2221
val_select,5,native,equal_mass,0,0.0,0.46023598313331604,0.3966530128805475,0.3494318181818182,352
val_select,5,native,equal_mass,1,0.46023598313331604,0.5261049270629883,0.4957475152544,0.4659090909090909,352
val_select,5,native,equal_mass,2,0.5261049270629883,0.5899405181407928,0.5562801645560698,0.5482954545454546,352
val_select,5,native,equal_mass,3,0.5899405181407928,0.6624943017959595,0.6257279141044075,0.5738636363636364,352
val_select,5,native,equal_mass,4,0.6624943017959595,0.7291631996631622,0.6955018722536889,0.6448863636363636,352
val_select,5,native,equal_mass,5,0.7291631996631622,0.7904000282287598,0.7602836677635257,0.7159090909090909,352
val_select,5,native,equal_mass,6,0.7904000282287598,0.8533048331737518,0.8213538960513905,0.7350427350427351,351
val_select,5,native,equal_mass,7,0.8533048331737518,0.9050799608230591,0.8803198537920828,0.8531073446327684,354
val_select,5,native,equal_mass,8,0.9050799608230591,0.9451558887958527,0.9254503036156679,0.9287749287749287,351
val_select,5,native,equal_mass,9,0.9451558887958527,0.9736893773078918,0.9600400990534774,0.9405099150141643,353
val_select,5,native,equal_mass,10,0.9736893773078918,0.9883758127689362,0.9819834254343401,0.9630681818181818,352
val_select,5,native,equal_mass,11,0.9883758127689362,0.9963337182998657,0.9928593331592375,0.9857549857549858,351
val_select,5,native,equal_mass,12,0.9963337182998657,0.9994555413722992,0.9981765071438118,0.9886363636363636,352
val_select,5,native,equal_mass,13,0.9994555413722992,0.9999900460243225,0.9998166171079317,0.9858356940509915,353
val_select,5,native,equal_mass,14,0.9999900460243225,1.0,0.9999983477862631,1.0,353
val_select,5,global_T_corrected,equal_width,0,0.0,0.06666666666666667,0.0,0.0,0
val_select,5,global_T_corrected,equal_width,1,0.06666666666666667,0.13333333333333333,0.0,0.0,0
val_select,5,global_T_corrected,equal_width,2,0.13333333333333333,0.2,0.0,0.0,0
val_select,5,global_T_corrected,equal_width,3,0.2,0.26666666666666666,0.25319730639457705,0.0,5
val_select,5,global_T_corrected,equal_width,4,0.26666666666666666,0.3333333333333333,0.31058360636234283,0.2857142857142857,42
val_select,5,global_T_corrected,equal_width,5,0.3333333333333333,0.4,0.36963742876306493,0.35106382978723405,188
val_select,5,global_T_corrected,equal_width,6,0.4,0.4666666666666667,0.4368722663142464,0.4290909090909091,275
val_select,5,global_T_corrected,equal_width,7,0.4666666666666667,0.5333333333333333,0.500584056004697,0.47146401985111663,403
val_select,5,global_T_corrected,equal_width,8,0.5333333333333333,0.6,0.5654083556428398,0.6082474226804123,388
val_select,5,global_T_corrected,equal_width,9,0.6,0.6666666666666666,0.6348492389555136,0.5994475138121547,362
val_select,5,global_T_corrected,equal_width,10,0.6666666666666666,0.7333333333333333,0.7001835740718645,0.7087628865979382,388
val_select,5,global_T_corrected,equal_width,11,0.7333333333333333,0.8,0.7664354749214954,0.7384615384615385,390
val_select,5,global_T_corrected,equal_width,12,0.8,0.8666666666666667,0.834861556844165,0.8567708333333334,384
val_select,5,global_T_corrected,equal_width,13,0.8666666666666667,0.9333333333333333,0.9007141322481866,0.9254901960784314,510
val_select,5,global_T_corrected,equal_width,14,0.9333333333333333,1.0,0.9847432727928828,0.9809964047252183,1947
val_select,5,global_T_corrected,equal_mass,0,0.0,0.4334089457988739,0.37693967517804017,0.3494318181818182,352
val_select,5,global_T_corrected,equal_mass,1,0.4334089457988739,0.5012496113777161,0.46898994891142304,0.4659090909090909,352
val_select,5,global_T_corrected,equal_mass,2,0.5012496113777161,0.5560789704322815,0.5274039153009653,0.5454545454545454,352
val_select,5,global_T_corrected,equal_mass,3,0.5560789704322815,0.6221369206905365,0.5881989991123026,0.5767045454545454,352
val_select,5,global_T_corrected,equal_mass,4,0.6221369206905365,0.6844578683376312,0.6533534061163664,0.6534090909090909,352
val_select,5,global_T_corrected,equal_mass,5,0.6844578683376312,0.7435661554336548,0.7135206498205662,0.7073863636363636,352
val_select,5,global_T_corrected,equal_mass,6,0.7435661554336548,0.8034339547157288,0.7735680959780108,0.7357954545454546,352
val_select,5,global_T_corrected,equal_mass,7,0.8034339547157288,0.8642134070396423,0.8363140264246349,0.8583569405099151,353
val_select,5,global_T_corrected,equal_mass,8,0.8642134070396423,0.9129164516925812,0.8894185174933888,0.9232954545454546,352
val_select,5,global_T_corrected,equal_mass,9,0.9129164516925812,0.952468991279602,0.9338594056941845,0.9401709401709402,351
val_select,5,global_T_corrected,equal_mass,10,0.952468991279602,0.9765831828117371,0.9661089476536621,0.9630681818181818,352
val_select,5,global_T_corrected,equal_mass,11,0.9765831828117371,0.9911460876464844,0.9845857042766495,0.9858356940509915,353
val_select,5,global_T_corrected,equal_mass,12,0.9911460876464844,0.9983024001121521,0.9952455215494741,0.9857954545454546,352
val_select,5,global_T_corrected,equal_mass,13,0.9983024001121521,0.9999412894248962,0.9993555754084479,0.9886363636363636,352
val_select,5,global_T_corrected,equal_mass,14,0.9999412894248962,1.0,0.9999889717899031,1.0,353
val_select,5,oracle_T_K,equal_width,0,0.0,0.06666666666666667,0.0,0.0,0
val_select,5,oracle_T_K,equal_width,1,0.06666666666666667,0.13333333333333333,0.0,0.0,0
val_select,5,oracle_T_K,equal_width,2,0.13333333333333333,0.2,0.0,0.0,0
val_select,5,oracle_T_K,equal_width,3,0.2,0.26666666666666666,0.2520527571439743,0.0,5
val_select,5,oracle_T_K,equal_width,4,0.26666666666666666,0.3333333333333333,0.3119793211927219,0.2857142857142857,49
val_select,5,oracle_T_K,equal_width,5,0.3333333333333333,0.4,0.3701328885369968,0.3626943005181347,193
val_select,5,oracle_T_K,equal_width,6,0.4,0.4666666666666667,0.43794246144213916,0.423728813559322,295
val_select,5,oracle_T_K,equal_width,7,0.4666666666666667,0.5333333333333333,0.5014331764611767,0.4723618090452261,398
val_select,5,oracle_T_K,equal_width,8,0.5333333333333333,0.6,0.5648656676341961,0.6233766233766234,385
val_select,5,oracle_T_K,equal_width,9,0.6,0.6666666666666666,0.6336986222773872,0.6103542234332425,367
val_select,5,oracle_T_K,equal_width,10,0.6666666666666666,0.7333333333333333,0.6994844079017639,0.7114427860696517,402
val_select,5,oracle_T_K,equal_width,11,0.7333333333333333,0.8,0.7659993547325333,0.7421875,384
val_select,5,oracle_T_K,equal_width,12,0.8,0.8666666666666667,0.835420580804348,0.87,400
val_select,5,oracle_T_K,equal_width,13,0.8666666666666667,0.9333333333333333,0.9009203879265095,0.9266802443991853,491
val_select,5,oracle_T_K,equal_width,14,0.9333333333333333,1.0,0.9842679121702427,0.98170412963931,1913
val_select,5,oracle_T_K,equal_mass,0,0.0,0.4299720227718353,0.37394164162993093,0.3504273504273504,351
val_select,5,oracle_T_K,equal_mass,1,0.4299720227718353,0.497477725148201,0.4647575443763571,0.45892351274787535,353
val_select,5,oracle_T_K,equal_mass,2,0.497477725148201,0.5511750280857086,0.5233391984789209,0.5454545454545454,352
val_select,5,oracle_T_K,equal_mass,3,0.5511750280857086,0.615914911031723,0.5827972636642781,0.5738636363636364,352
val_select,5,oracle_T_K,equal_mass,4,0.615914911031723,0.6772238314151764,0.6471735882488164,0.6590909090909091,352
val_select,5,oracle_T_K,equal_mass,5,0.6772238314151764,0.7367309331893921,0.7066307008605112,0.7073863636363636,352
val_select,5,oracle_T_K,equal_mass,6,0.7367309331893921,0.7969202399253845,0.7661999379128133,0.7378917378917379,351
val_select,5,oracle_T_K,equal_mass,7,0.7969202399253845,0.8570812344551086,0.8291861549609125,0.8587570621468926,354
val_select,5,oracle_T_K,equal_mass,8,0.8570812344551086,0.9076721668243408,0.8833701849322427,0.9232954545454546,352
val_select,5,oracle_T_K,equal_mass,9,0.9076721668243408,0.9485284686088562,0.9292522487653927,0.9403409090909091,352
val_select,5,oracle_T_K,equal_mass,10,0.9485284686088562,0.9743398725986481,0.9631510348143902,0.9630681818181818,352
val_select,5,oracle_T_K,equal_mass,11,0.9743398725986481,0.9900676608085632,0.9829003721136939,0.9857954545454546,352
val_select,5,oracle_T_K,equal_mass,12,0.9900676608085632,0.9980034530162811,0.9945733174681664,0.9857954545454546,352
val_select,5,oracle_T_K,equal_mass,13,0.9980034530162811,0.999925434589386,0.9992331130938097,0.9886363636363636,352
val_select,5,oracle_T_K,equal_mass,14,0.999925434589386,1.0,0.9999856697263528,1.0,353
val_select,10,native,equal_width,0,0.0,0.06666666666666667,0.0,0.0,0
val_select,10,native,equal_width,1,0.06666666666666667,0.13333333333333333,0.0,0.0,0
val_select,10,native,equal_width,2,0.13333333333333333,0.2,0.18774876991907755,0.16666666666666666,6
val_select,10,native,equal_width,3,0.2,0.26666666666666666,0.24150614382005206,0.20588235294117646,102
val_select,10,native,equal_width,4,0.26666666666666666,0.3333333333333333,0.30295367795042694,0.24609375,256
val_select,10,native,equal_width,5,0.3333333333333333,0.4,0.36967734599113466,0.4053333333333333,375
val_select,10,native,equal_width,6,0.4,0.4666666666666667,0.4337252595392214,0.40816326530612246,441
val_select,10,native,equal_width,7,0.4666666666666667,0.5333333333333333,0.49964762130030643,0.4954954954954955,444
val_select,10,native,equal_width,8,0.5333333333333333,0.6,0.5655194578936736,0.5520361990950227,442
val_select,10,native,equal_width,9,0.6,0.6666666666666666,0.6339581216790994,0.583743842364532,406
val_select,10,native,equal_width,10,0.6666666666666666,0.7333333333333333,0.6997279438047075,0.6442048517520216,371
val_select,10,native,equal_width,11,0.7333333333333333,0.8,0.7669806866359462,0.7519582245430809,383
val_select,10,native,equal_width,12,0.8,0.8666666666666667,0.8333364650389891,0.7696793002915452,343
val_select,10,native,equal_width,13,0.8666666666666667,0.9333333333333333,0.9007249166456501,0.8651685393258427,445
val_select,10,native,equal_width,14,0.9333333333333333,1.0,0.9815812457341125,0.972397476340694,1268
val_select,10,native,equal_mass,0,0.0,0.3312843590974808,0.2821795971725475,0.23295454545454544,352
val_select,10,native,equal_mass,1,0.3312843590974808,0.3945286124944687,0.3656593782149933,0.40625,352
val_select,10,native,equal_mass,2,0.3945286124944687,0.4483869820833206,0.4216055800630288,0.38920454545454547,352
val_select,10,native,equal_mass,3,0.4483869820833206,0.49954839050769806,0.4748942968858914,0.46875,352
val_select,10,native,equal_mass,4,0.49954839050769806,0.5517061948776245,0.5262242608111013,0.5397727272727273,352
val_select,10,native,equal_mass,5,0.5517061948776245,0.6077151000499725,0.5793991849165071,0.5369318181818182,352
val_select,10,native,equal_mass,6,0.6077151000499725,0.6661462187767029,0.63719188218767,0.5852272727272727,352
val_select,10,native,equal_mass,7,0.6661462187767029,0.7287535965442657,0.6966684033445191,0.6572237960339944,353
val_select,10,native,equal_mass,8,0.7287535965442657,0.7914930284023285,0.759715576571497,0.7301136363636364,352
val_select,10,native,equal_mass,9,0.7914930284023285,0.8586511313915253,0.8232685104012489,0.7670454545454546,352
val_select,10,native,equal_mass,10,0.8586511313915253,0.9140288531780243,0.8862821248105981,0.8409090909090909,352
val_select,10,native,equal_mass,11,0.9140288531780243,0.958248645067215,0.9372265054420992,0.9232954545454546,352
val_select,10,native,equal_mass,12,0.958248645067215,0.9850949943065643,0.9734663394364443,0.9517045454545454,352
val_select,10,native,equal_mass,13,0.9850949943065643,0.9981909394264221,0.9927927682345564,0.9914772727272727,352
val_select,10,native,equal_mass,14,0.9981909394264221,1.0,0.9995809394982313,0.9943342776203966,353
val_select,10,global_T_corrected,equal_width,0,0.0,0.06666666666666667,0.0,0.0,0
val_select,10,global_T_corrected,equal_width,1,0.06666666666666667,0.13333333333333333,0.0,0.0,0
val_select,10,global_T_corrected,equal_width,2,0.13333333333333333,0.2,0.18597575773795447,0.08333333333333333,12
val_select,10,global_T_corrected,equal_width,3,0.2,0.26666666666666666,0.23873884860603584,0.20238095238095238,168
val_select,10,global_T_corrected,equal_width,4,0.26666666666666666,0.3333333333333333,0.30184350645392194,0.32075471698113206,318
val_select,10,global_T_corrected,equal_width,5,0.3333333333333333,0.4,0.3675005146667393,0.39622641509433965,477
val_select,10,global_T_corrected,equal_width,6,0.4,0.4666666666666667,0.4336705358668429,0.48565573770491804,488
val_select,10,global_T_corrected,equal_width,7,0.4666666666666667,0.5333333333333333,0.5003945427034706,0.5072463768115942,483
val_select,10,global_T_corrected,equal_width,8,0.5333333333333333,0.6,0.566705208962859,0.5950226244343891,442
val_select,10,global_T_corrected,equal_width,9,0.6,0.6666666666666666,0.6321541751303323,0.6146341463414634,410
val_select,10,global_T_corrected,equal_width,10,0.6666666666666666,0.7333333333333333,0.6996886283560905,0.7601078167115903,371
val_select,10,global_T_corrected,equal_width,11,0.7333333333333333,0.8,0.7650182268641017,0.7627627627627628,333
val_select,10,global_T_corrected,equal_width,12,0.8,0.8666666666666667,0.8327860532468454,0.8208092485549133,346
val_select,10,global_T_corrected,equal_width,13,0.8666666666666667,0.9333333333333333,0.9012353546121745,0.9296116504854369,412
val_select,10,global_T_corrected,equal_width,14,0.9333333333333333,1.0,0.9795618948987785,0.9794520547945206,1022
val_select,10,global_T_corrected,equal_mass,0,0.0,0.306306391954422,0.26081600154496054,0.24431818181818182,352
val_select,10,global_T_corrected,equal_mass,1,0.306306391954422,0.3620431572198868,0.3362924283031713,0.375,352
val_select,10,global_T_corrected,equal_mass,2,0.3620431572198868,0.4109880328178406,0.3870940950953148,0.4119318181818182,352
val_select,10,global_T_corrected,equal_mass,3,0.4109880328178406,0.4585486203432083,0.4357228666882623,0.48295454545454547,352
val_select,10,global_T_corrected,equal_mass,4,0.4585486203432083,0.5065069496631622,0.4844375886869701,0.5056818181818182,352
val_select,10,global_T_corrected,equal_mass,5,0.5065069496631622,0.5589978694915771,0.5318361481820996,0.5397727272727273,352
val_select,10,global_T_corrected,equal_mass,6,0.5589978694915771,0.6116538941860199,0.5850362423807383,0.6107954545454546,352
val_select,10,global_T_corrected,equal_mass,7,0.6116538941860199,0.670724093914032,0.6397949002957547,0.6175637393767706,353
val_select,10,global_T_corrected,equal_mass,8,0.670724093914032,0.733335018157959,0.7013481442223896,0.7698863636363636,352
val_select,10,global_T_corrected,equal_mass,9,0.733335018157959,0.8040767908096313,0.7670055065642704,0.7727272727272727,352
val_select,10,global_T_corrected,equal_mass,10,0.8040767908096313,0.8707278072834015,0.8370089187202129,0.8096590909090909,352
val_select,10,global_T_corrected,equal_mass,11,0.8707278072834015,0.9278594255447388,0.9006623898378827,0.9375,352
val_select,10,global_T_corrected,equal_mass,12,0.9278594255447388,0.969208687543869,0.9510655643587763,0.9517045454545454,352
val_select,10,global_T_corrected,equal_mass,13,0.969208687543869,0.9949412047863007,0.9839434366334568,0.9914772727272727,352
val_select,10,global_T_corrected,equal_mass,14,0.9949412047863007,1.0,0.9987163155342297,0.9943342776203966,353
val_select,10,oracle_T_K,equal_width,0,0.0,0.06666666666666667,0.0,0.0,0
val_select,10,oracle_T_K,equal_width,1,0.06666666666666667,0.13333333333333333,0.0,0.0,0
val_select,10,oracle_T_K,equal_width,2,0.13333333333333333,0.2,0.18587518280202692,0.09090909090909091,11
val_select,10,oracle_T_K,equal_width,3,0.2,0.26666666666666666,0.2388899052365226,0.2111801242236025,161
val_select,10,oracle_T_K,equal_width,4,0.26666666666666666,0.3333333333333333,0.301808117766089,0.3054662379421222,311
val_select,10,oracle_T_K,equal_width,5,0.3333333333333333,0.4,0.3673389534026513,0.3939393939393939,462
val_select,10,oracle_T_K,equal_width,6,0.4,0.4666666666666667,0.4333264446380187,0.47551020408163264,490
val_select,10,oracle_T_K,equal_width,7,0.4666666666666667,0.5333333333333333,0.5006942240413556,0.5206611570247934,484
val_select,10,oracle_T_K,equal_width,8,0.5333333333333333,0.6,0.5672706600760116,0.5895691609977324,441
val_select,10,oracle_T_K,equal_width,9,0.6,0.6666666666666666,0.6319909735023975,0.61,400
val_select,10,oracle_T_K,equal_width,10,0.6666666666666666,0.7333333333333333,0.6991233936062565,0.7301587301587301,378
val_select,10,oracle_T_K,equal_width,11,0.7333333333333333,0.8,0.765380387940602,0.7690058479532164,342
val_select,10,oracle_T_K,equal_width,12,0.8,0.8666666666666667,0.8337527601107396,0.8242074927953891,347
val_select,10,oracle_T_K,equal_width,13,0.8666666666666667,0.9333333333333333,0.9021271983018289,0.9230769230769231,416
val_select,10,oracle_T_K,equal_width,14,0.9333333333333333,1.0,0.9800102026331757,0.9788257940327237,1039
val_select,10,oracle_T_K,equal_mass,0,0.0,0.30822092294692993,0.2627782332287593,0.24147727272727273,352
val_select,10,oracle_T_K,equal_mass,1,0.30822092294692993,0.3650552034378052,0.33901073927567765,0.3806818181818182,352
val_select,10,oracle_T_K,equal_mass,2,0.3650552034378052,0.413757860660553,0.39030346723104065,0.40625,352
val_select,10,oracle_T_K,equal_mass,3,0.413757860660553,0.46258866786956787,0.4393485091965307,0.48579545454545453,352
val_select,10,oracle_T_K,equal_mass,4,0.46258866786956787,0.5107157528400421,0.488453633829274,0.5056818181818182,352
val_select,10,oracle_T_K,equal_mass,5,0.5107157528400421,0.5630210936069489,0.5362281228669665,0.5511363636363636,352
val_select,10,oracle_T_K,equal_mass,6,0.5630210936069489,0.616723895072937,0.5898807685483586,0.6051136363636364,352
val_select,10,oracle_T_K,equal_mass,7,0.616723895072937,0.676382452249527,0.6451843980351522,0.6147308781869688,353
val_select,10,oracle_T_K,equal_mass,8,0.676382452249527,0.7395751774311066,0.7069510683755983,0.7670454545454546,352
val_select,10,oracle_T_K,equal_mass,9,0.7395751774311066,0.8098441958427429,0.7725736004385081,0.7727272727272727,352
val_select,10,oracle_T_K,equal_mass,10,0.8098441958427429,0.87555792927742,0.8420425734736703,0.8125,352
val_select,10,oracle_T_K,equal_mass,11,0.87555792927742,0.9312537908554077,0.904600235379555,0.9346590909090909,352
val_select,10,oracle_T_K,equal_mass,12,0.9312537908554077,0.9710021615028381,0.9535903344806443,0.9515669515669516,351
val_select,10,oracle_T_K,equal_mass,13,0.9710021615028381,0.9953298568725586,0.9850127622696225,0.9915014164305949,353
val_select,10,oracle_T_K,equal_mass,14,0.9953298568725586,1.0,0.9988385661803292,0.9943342776203966,353
val_select,20,native,equal_width,0,0.0,0.06666666666666667,0.0,0.0,0
val_select,20,native,equal_width,1,0.06666666666666667,0.13333333333333333,0.1262957513332367,0.13333333333333333,15
val_select,20,native,equal_width,2,0.13333333333333333,0.2,0.17609647230886336,0.135678391959799,199
val_select,20,native,equal_width,3,0.2,0.26666666666666666,0.23754172160223164,0.228287841191067,403
val_select,20,native,equal_width,4,0.26666666666666666,0.3333333333333333,0.3006408346590595,0.31588785046728973,535
val_select,20,native,equal_width,5,0.3333333333333333,0.4,0.36624313799274827,0.3163444639718805,569
val_select,20,native,equal_width,6,0.4,0.4666666666666667,0.43197569209159153,0.4270650263620387,569
val_select,20,native,equal_width,7,0.4666666666666667,0.5333333333333333,0.4992113040364806,0.48358862144420134,457
val_select,20,native,equal_width,8,0.5333333333333333,0.6,0.5641668933882678,0.5785536159600998,401
val_select,20,native,equal_width,9,0.6,0.6666666666666666,0.6345253354043103,0.598314606741573,356
val_select,20,native,equal_width,10,0.6666666666666666,0.7333333333333333,0.7007502249696038,0.7045454545454546,308
val_select,20,native,equal_width,11,0.7333333333333333,0.8,0.766868938560839,0.7444444444444445,270
val_select,20,native,equal_width,12,0.8,0.8666666666666667,0.8340202127442216,0.8181818181818182,264
val_select,20,native,equal_width,13,0.8666666666666667,0.9333333333333333,0.9000451975081065,0.9178082191780822,292
val_select,20,native,equal_width,14,0.9333333333333333,1.0,0.9767713311666287,0.9782608695652174,644
val_select,20,native,equal_mass,0,0.0,0.22970957309007645,0.18960972198031165,0.15625,352
val_select,20,native,equal_mass,1,0.22970957309007645,0.2770151048898697,0.254597164563496,0.2585227272727273,352
val_select,20,native,equal_mass,2,0.2770151048898697,0.3223874866962433,0.3001482595943592,0.3352272727272727,352
val_select,20,native,equal_mass,3,0.3223874866962433,0.3637702018022537,0.342689964750951,0.2755681818181818,352
val_select,20,native,equal_mass,4,0.3637702018022537,0.40537890791893005,0.38347217110408977,0.35511363636363635,352
val_select,20,native,equal_mass,5,0.40537890791893005,0.4422910362482071,0.4240404525771737,0.4346590909090909,352
val_select,20,native,equal_mass,6,0.4422910362482071,0.4902889132499695,0.46626815665513277,0.4431818181818182,352
val_select,20,native,equal_mass,7,0.4902889132499695,0.5430531203746796,0.5168732387823693,0.5155807365439093,353
val_select,20,native,equal_mass,8,0.5430531203746796,0.6049770712852478,0.5717100404541601,0.5681818181818182,352
val_select,20,native,equal_mass,9,0.6049770712852478,0.6691243350505829,0.6380669936876405,0.6164772727272727,352
val_select,20,native,equal_mass,10,0.6691243350505829,0.748694658279419,0.7093380056321621,0.6931818181818182,352
val_select,20,native,equal_mass,11,0.748694658279419,0.8373317420482635,0.7923624942248518,0.7784090909090909,352
val_select,20,native,equal_mass,12,0.8373317420482635,0.922762542963028,0.8787325893274762,0.8806818181818182,352
val_select,20,native,equal_mass,13,0.922762542963028,0.9791870415210724,0.9522742817009037,0.9630681818181818,352
val_select,20,native,equal_mass,14,0.9791870415210724,1.0,0.9927968690145454,0.9915014164305949,353
val_select,20,global_T_corrected,equal_width,0,0.0,0.06666666666666667,0.0,0.0,0
val_select,20,global_T_corrected,equal_width,1,0.06666666666666667,0.13333333333333333,0.12239780909184253,0.15151515151515152,33
val_select,20,global_T_corrected,equal_width,2,0.13333333333333333,0.2,0.17231498490756667,0.15492957746478872,284
val_select,20,global_T_corrected,equal_width,3,0.2,0.26666666666666666,0.23481439267649018,0.27060931899641577,558
val_select,20,global_T_corrected,equal_width,4,0.26666666666666666,0.3333333333333333,0.30048894010624794,0.29874213836477986,636
val_select,20,global_T_corrected,equal_width,5,0.3333333333333333,0.4,0.3673110189166018,0.41910631741140214,649
val_select,20,global_T_corrected,equal_width,6,0.4,0.4666666666666667,0.43380380071434577,0.4762845849802372,506
val_select,20,global_T_corrected,equal_width,7,0.4666666666666667,0.5333333333333333,0.49745817623428396,0.5472972972972973,444
val_select,20,global_T_corrected,equal_width,8,0.5333333333333333,0.6,0.5667754958322899,0.6130653266331658,398
val_select,20,global_T_corrected,equal_width,9,0.6,0.6666666666666666,0.6326154455353942,0.6835443037974683,316
val_select,20,global_T_corrected,equal_width,10,0.6666666666666666,0.7333333333333333,0.6987869802989887,0.7452471482889734,263
val_select,20,global_T_corrected,equal_width,11,0.7333333333333333,0.8,0.766628866779561,0.8244897959183674,245
val_select,20,global_T_corrected,equal_width,12,0.8,0.8666666666666667,0.8318804354149831,0.8914027149321267,221
val_select,20,global_T_corrected,equal_width,13,0.8666666666666667,0.9333333333333333,0.901180459937053,0.9402985074626866,268
val_select,20,global_T_corrected,equal_width,14,0.9333333333333333,1.0,0.9748620743865305,0.9934924078091106,461
val_select,20,global_T_corrected,equal_mass,0,0.0,0.2050819769501686,0.17066297470591962,0.1590909090909091,352
val_select,20,global_T_corrected,equal_mass,1,0.2050819769501686,0.24776193499565125,0.22716392056000503,0.26420454545454547,352
val_select,20,global_T_corrected,equal_mass,2,0.24776193499565125,0.28653326630592346,0.26735459733754396,0.3210227272727273,352
val_select,20,global_T_corrected,equal_mass,3,0.28653326630592346,0.3223002254962921,0.3047668347981843,0.29261363636363635,352
val_select,20,global_T_corrected,equal_mass,4,0.3223002254962921,0.36064375936985016,0.3415724781595848,0.3721590909090909,352
val_select,20,global_T_corrected,equal_mass,5,0.36064375936985016,0.3946578800678253,0.3772509499368342,0.42329545454545453,352
val_select,20,global_T_corrected,equal_mass,6,0.3946578800678253,0.4409686028957367,0.41714818140661175,0.4431818181818182,352
val_select,20,global_T_corrected,equal_mass,7,0.4409686028957367,0.48718589544296265,0.4641242034036782,0.5070821529745042,353
val_select,20,global_T_corrected,equal_mass,8,0.48718589544296265,0.5431953370571136,0.5128959119319916,0.5738636363636364,352
val_select,20,global_T_corrected,equal_mass,9,0.5431953370571136,0.60410475730896,0.5727710840715603,0.6079545454545454,352
val_select,20,global_T_corrected,equal_mass,10,0.60410475730896,0.6774160265922546,0.6392551161010157,0.6818181818181818,352
val_select,20,global_T_corrected,equal_mass,11,0.6774160265922546,0.7697842121124268,0.7236507949842648,0.7897727272727273,352
val_select,20,global_T_corrected,equal_mass,12,0.7697842121124268,0.873829573392868,0.8200803971426054,0.875,352
val_select,20,global_T_corrected,equal_mass,13,0.873829573392868,0.9579229950904846,0.9169593480500308,0.9630681818181818,352
val_select,20,global_T_corrected,equal_mass,14,0.9579229950904846,1.0,0.9837994391452152,0.9915014164305949,353
val_select,20,oracle_T_K,equal_width,0,0.0,0.06666666666666667,0.0,0.0,0
val_select,20,oracle_T_K,equal_width,1,0.06666666666666667,0.13333333333333333,0.12278412461280823,0.12,25
val_select,20,oracle_T_K,equal_width,2,0.13333333333333333,0.2,0.1729959988823304,0.16153846153846155,260
val_select,20,oracle_T_K,equal_width,3,0.2,0.26666666666666666,0.2357468090194743,0.251953125,512
val_select,20,oracle_T_K,equal_width,4,0.26666666666666666,0.3333333333333333,0.3012192017448586,0.3079416531604538,617
val_select,20,oracle_T_K,equal_width,5,0.3333333333333333,0.4,0.3680490676996409,0.38102893890675243,622
val_select,20,oracle_T_K,equal_width,6,0.4,0.4666666666666667,0.4311808394727387,0.47337278106508873,507
val_select,20,oracle_T_K,equal_width,7,0.4666666666666667,0.5333333333333333,0.4981106540018862,0.5268595041322314,484
val_select,20,oracle_T_K,equal_width,8,0.5333333333333333,0.6,0.5688219826052509,0.6089238845144357,381
val_select,20,oracle_T_K,equal_width,9,0.6,0.6666666666666666,0.632153981629713,0.6512345679012346,324
val_select,20,oracle_T_K,equal_width,10,0.6666666666666666,0.7333333333333333,0.6982978493293409,0.7259786476868327,281
val_select,20,oracle_T_K,equal_width,11,0.7333333333333333,0.8,0.7674792222087345,0.7976190476190477,252
val_select,20,oracle_T_K,equal_width,12,0.8,0.8666666666666667,0.8320375678387094,0.8851063829787233,235
val_select,20,oracle_T_K,equal_width,13,0.8666666666666667,0.9333333333333333,0.9016363559173922,0.9372693726937269,271
val_select,20,oracle_T_K,equal_width,14,0.9333333333333333,1.0,0.9752732540996574,0.9882583170254403,511
val_select,20,oracle_T_K,equal_mass,0,0.0,0.21221760660409927,0.1757702759297734,0.15625,352
val_select,20,oracle_T_K,equal_mass,1,0.21221760660409927,0.2557372599840164,0.23457497409121555,0.2585227272727273,352
val_select,20,oracle_T_K,equal_mass,2,0.2557372599840164,0.29605600237846375,0.2762623472477902,0.32670454545454547,352
val_select,20,oracle_T_K,equal_mass,3,0.29605600237846375,0.3329117149114609,0.3151102861897512,0.29261363636363635,352
val_select,20,oracle_T_K,equal_mass,4,0.3329117149114609,0.3724886029958725,0.3529945651746609,0.36079545454545453,352
val_select,20,oracle_T_K,equal_mass,5,0.3724886029958725,0.407216414809227,0.3902170765636997,0.4431818181818182,352
val_select,20,oracle_T_K,equal_mass,6,0.407216414809227,0.4544389396905899,0.43043210162696516,0.4346590909090909,352
val_select,20,oracle_T_K,equal_mass,7,0.4544389396905899,0.5030028820037842,0.47877631840894985,0.509915014164306,353
val_select,20,oracle_T_K,equal_mass,8,0.5030028820037842,0.5606610178947449,0.5287905737885044,0.5698005698005698,351
val_select,20,oracle_T_K,equal_mass,9,0.5606610178947449,0.6217317283153534,0.5909523663372224,0.6090651558073654,353
val_select,20,oracle_T_K,equal_mass,10,0.6217317283153534,0.6968233287334442,0.659023270857605,0.6875,352
val_select,20,oracle_T_K,equal_mass,11,0.6968233287334442,0.7895414531230927,0.7434661999683488,0.7784090909090909,352
val_select,20,oracle_T_K,equal_mass,12,0.7895414531230927,0.8890056610107422,0.8376388974826444,0.8835227272727273,352
val_select,20,oracle_T_K,equal_mass,13,0.8890056610107422,0.9648503959178925,0.9282066536764814,0.9629629629629629,351
val_select,20,oracle_T_K,equal_mass,14,0.9648503959178925,1.0,0.9868747083480749,0.9915254237288136,354
val_select,50,native,equal_width,0,0.0,0.06666666666666667,0.062286202396665304,0.0,7
val_select,50,native,equal_width,1,0.06666666666666667,0.13333333333333333,0.10907556906381413,0.0835509138381201,383
val_select,50,native,equal_width,2,0.13333333333333333,0.2,0.16659263012261924,0.1981981981981982,777
val_select,50,native,equal_width,3,0.2,0.26666666666666666,0.23380723398155961,0.2625766871165644,815
val_select,50,native,equal_width,4,0.26666666666666666,0.3333333333333333,0.2983801285199726,0.310099573257468,703
val_select,50,native,equal_width,5,0.3333333333333333,0.4,0.3648214239231396,0.3992673992673993,546
val_select,50,native,equal_width,6,0.4,0.4666666666666667,0.4308667903145154,0.45601851851851855,432
val_select,50,native,equal_width,7,0.4666666666666667,0.5333333333333333,0.49896672069147274,0.5103244837758112,339
val_select,50,native,equal_width,8,0.5333333333333333,0.6,0.5644282091893422,0.5426008968609866,223
val_select,50,native,equal_width,9,0.6,0.6666666666666666,0.6324902110629611,0.7407407407407407,189
val_select,50,native,equal_width,10,0.6666666666666666,0.7333333333333333,0.6993492059606724,0.8095238095238095,189
val_select,50,native,equal_width,11,0.7333333333333333,0.8,0.7661312586942296,0.7898089171974523,157
val_select,50,native,equal_width,12,0.8,0.8666666666666667,0.8331916889698385,0.8057553956834532,139
val_select,50,native,equal_width,13,0.8666666666666667,0.9333333333333333,0.8998830535529573,0.9567901234567902,162
val_select,50,native,equal_width,14,0.9333333333333333,1.0,0.9707901232382831,0.9819004524886877,221
val_select,50,native,equal_mass,0,0.0,0.12956179678440094,0.10574695565314456,0.08238636363636363,352
val_select,50,native,equal_mass,1,0.12956179678440094,0.16071255505084991,0.14517646909437396,0.17329545454545456,352
val_select,50,native,equal_mass,2,0.16071255505084991,0.18975215405225754,0.175113632470708,0.19602272727272727,352
val_select,50,native,equal_mass,3,0.18975215405225754,0.2203763648867607,0.20542253202504732,0.24431818181818182,352
val_select,50,native,equal_mass,4,0.2203763648867607,0.24944454431533813,0.23453878336162728,0.2528409090909091,352
val_select,50,native,equal_mass,5,0.24944454431533813,0.2780100405216217,0.26352549585598434,0.29261363636363635,352
val_select,50,native,equal_mass,6,0.2780100405216217,0.311004176735878,0.29340878179804847,0.2897727272727273,352
val_select,50,native,equal_mass,7,0.311004176735878,0.34844042360782623,0.32891341663960355,0.33994334277620397,353
val_select,50,native,equal_mass,8,0.34844042360782623,0.38985006511211395,0.3684657651253722,0.42045454545454547,352
val_select,50,native,equal_mass,9,0.38985006511211395,0.441380575299263,0.41566267228600656,0.4744318181818182,352
val_select,50,native,equal_mass,10,0.441380575299263,0.5056423842906952,0.4730543416332115,0.45170454545454547,352
val_select,50,native,equal_mass,11,0.5056423842906952,0.6010775566101074,0.5477432916787538,0.5511363636363636,352
val_select,50,native,equal_mass,12,0.6010775566101074,0.7216580510139465,0.661451528864828,0.7670454545454546,352
val_select,50,native,equal_mass,13,0.7216580510139465,0.8763347268104553,0.7987085086378184,0.8153409090909091,352
val_select,50,native,equal_mass,14,0.8763347268104553,1.0,0.9466380762310946,0.9745042492917847,353
val_select,50,global_T_corrected,equal_width,0,0.0,0.06666666666666667,0.06001935834470003,0.0,23
val_select,50,global_T_corrected,equal_width,1,0.06666666666666667,0.13333333333333333,0.10670122629423515,0.12561174551386622,613
val_select,50,global_T_corrected,equal_width,2,0.13333333333333333,0.2,0.16641575147708257,0.21666666666666667,960
val_select,50,global_T_corrected,equal_width,3,0.2,0.26666666666666666,0.23309950789968883,0.30580357142857145,896
val_select,50,global_T_corrected,equal_width,4,0.26666666666666666,0.3333333333333333,0.29881217527460274,0.38427299703264095,674
val_select,50,global_T_corrected,equal_width,5,0.3333333333333333,0.4,0.36494633318490066,0.4497907949790795,478
val_select,50,global_T_corrected,equal_width,6,0.4,0.4666666666666667,0.43091938733110957,0.48021108179419525,379
val_select,50,global_T_corrected,equal_width,7,0.4666666666666667,0.5333333333333333,0.49649127232978535,0.602510460251046,239
val_select,50,global_T_corrected,equal_width,8,0.5333333333333333,0.6,0.5648465046905121,0.7216981132075472,212
val_select,50,global_T_corrected,equal_width,9,0.6,0.6666666666666666,0.6316792763982501,0.8514285714285714,175
val_select,50,global_T_corrected,equal_width,10,0.6666666666666666,0.7333333333333333,0.696532172315261,0.7867647058823529,136
val_select,50,global_T_corrected,equal_width,11,0.7333333333333333,0.8,0.7670410736040636,0.7803030303030303,132
val_select,50,global_T_corrected,equal_width,12,0.8,0.8666666666666667,0.8323741657980557,0.9655172413793104,116
val_select,50,global_T_corrected,equal_width,13,0.8666666666666667,0.9333333333333333,0.8960964625531976,0.9727272727272728,110
val_select,50,global_T_corrected,equal_width,14,0.9333333333333333,1.0,0.9654828472960767,0.9928057553956835,139
val_select,50,global_T_corrected,equal_mass,0,0.0,0.11140195652842522,0.09147036744450981,0.08806818181818182,352
val_select,50,global_T_corrected,equal_mass,1,0.11140195652842522,0.1376558542251587,0.12445245545611462,0.16761363636363635,352
val_select,50,global_T_corrected,equal_mass,2,0.1376558542251587,0.16288748383522034,0.14946980190209366,0.19602272727272727,352
val_select,50,global_T_corrected,equal_mass,3,0.16288748383522034,0.18677815049886703,0.17493811694227837,0.25,352
val_select,50,global_T_corrected,equal_mass,4,0.18677815049886703,0.21262777596712112,0.19965327594598586,0.25,352
val_select,50,global_T_corrected,equal_mass,5,0.21262777596712112,0.2378862276673317,0.22513678720728916,0.3068181818181818,352
val_select,50,global_T_corrected,equal_mass,6,0.2378862276673317,0.2639179676771164,0.25071373336355796,0.2840909090909091,352
val_select,50,global_T_corrected,equal_mass,7,0.2639179676771164,0.29626601934432983,0.28000072652304714,0.35511363636363635,352
val_select,50,global_T_corrected,equal_mass,8,0.29626601934432983,0.333633154630661,0.3152132963830283,0.43342776203966005,353
val_select,50,global_T_corrected,equal_mass,9,0.333633154630661,0.38111238181591034,0.35607417071746156,0.4289772727272727,352
val_select,50,global_T_corrected,equal_mass,10,0.38111238181591034,0.43590018153190613,0.408581588586623,0.4772727272727273,352
val_select,50,global_T_corrected,equal_mass,11,0.43590018153190613,0.5212205946445465,0.47366009987996854,0.5698005698005698,351
val_select,50,global_T_corrected,equal_mass,12,0.5212205946445465,0.6371195614337921,0.5765742225619956,0.7280453257790368,353
val_select,50,global_T_corrected,equal_mass,13,0.6371195614337921,0.8066630363464355,0.7169784039936282,0.8068181818181818,352
val_select,50,global_T_corrected,equal_mass,14,0.8066630363464355,1.0,0.9056672073964019,0.9830028328611898,353
val_select,50,oracle_T_K,equal_width,0,0.0,0.06666666666666667,0.06188436760567129,0.0,16
val_select,50,oracle_T_K,equal_width,1,0.06666666666666667,0.13333333333333333,0.10894702518950318,0.11439842209072978,507
val_select,50,oracle_T_K,equal_width,2,0.13333333333333333,0.2,0.16712398834063608,0.20867526377491208,853
val_select,50,oracle_T_K,equal_width,3,0.2,0.26666666666666666,0.23331623598588286,0.2743055555555556,864
val_select,50,oracle_T_K,equal_width,4,0.26666666666666666,0.3333333333333333,0.29855445610533515,0.3338129496402878,695
val_select,50,oracle_T_K,equal_width,5,0.3333333333333333,0.4,0.3654443457836413,0.45229007633587787,524
val_select,50,oracle_T_K,equal_width,6,0.4,0.4666666666666667,0.43361375576788835,0.46782178217821785,404
val_select,50,oracle_T_K,equal_width,7,0.4666666666666667,0.5333333333333333,0.4981527520964543,0.5416666666666666,288
val_select,50,oracle_T_K,equal_width,8,0.5333333333333333,0.6,0.5681220740806766,0.6585365853658537,205
val_select,50,oracle_T_K,equal_width,9,0.6,0.6666666666666666,0.6337326434287396,0.7582417582417582,182
val_select,50,oracle_T_K,equal_width,10,0.6666666666666666,0.7333333333333333,0.6973619070791063,0.875,168
val_select,50,oracle_T_K,equal_width,11,0.7333333333333333,0.8,0.7661820529098797,0.7368421052631579,133
val_select,50,oracle_T_K,equal_width,12,0.8,0.8666666666666667,0.8335733171822368,0.8913043478260869,138
val_select,50,oracle_T_K,equal_width,13,0.8666666666666667,0.9333333333333333,0.9018353408189128,0.9712230215827338,139
val_select,50,oracle_T_K,equal_width,14,0.9333333333333333,1.0,0.9704546048698655,0.9939759036144579,166
val_select,50,oracle_T_K,equal_mass,0,0.0,0.1195489652454853,0.09812141122000123,0.08522727272727272,352
val_select,50,oracle_T_K,equal_mass,1,0.1195489652454853,0.14867018163204193,0.13417554593814368,0.17045454545454544,352
val_select,50,oracle_T_K,equal_mass,2,0.14867018163204193,0.17580420523881912,0.1613949550823732,0.19886363636363635,352
val_select,50,oracle_T_K,equal_mass,3,0.17580420523881912,0.20246070623397827,0.18931340299208055,0.24147727272727273,352
val_select,50,oracle_T_K,equal_mass,4,0.20246070623397827,0.22991399466991425,0.2162089113315398,0.25,352
val_select,50,oracle_T_K,equal_mass,5,0.22991399466991425,0.25578097999095917,0.24324265803972428,0.3181818181818182,352
val_select,50,oracle_T_K,equal_mass,6,0.25578097999095917,0.2861020863056183,0.2707602780481631,0.2755681818181818,352
val_select,50,oracle_T_K,equal_mass,7,0.2861020863056183,0.32049283385276794,0.30324432566213205,0.34560906515580736,353
val_select,50,oracle_T_K,equal_mass,8,0.32049283385276794,0.36068202555179596,0.3405105403878472,0.4119318181818182,352
val_select,50,oracle_T_K,equal_mass,9,0.36068202555179596,0.4110105037689209,0.3844038281928409,0.4659090909090909,352
val_select,50,oracle_T_K,equal_mass,10,0.4110105037689209,0.4679298847913742,0.439603965475478,0.4659090909090909,352
val_select,50,oracle_T_K,equal_mass,11,0.4679298847913742,0.5586051344871521,0.5091438555074009,0.5511363636363636,352
val_select,50,oracle_T_K,equal_mass,12,0.5586051344871521,0.6750529706478119,0.6180240703238682,0.7556818181818182,352
val_select,50,oracle_T_K,equal_mass,13,0.6750529706478119,0.841243177652359,0.7581870811568066,0.8068181818181818,352
val_select,50,oracle_T_K,equal_mass,14,0.841243177652359,1.0,0.927757466649874,0.9830028328611898,353
val_calib,5,native,equal_width,0,0.0,0.06666666666666667,0.0,0.0,0
val_calib,5,native,equal_width,1,0.06666666666666667,0.13333333333333333,0.0,0.0,0
val_calib,5,native,equal_width,2,0.13333333333333333,0.2,0.0,0.0,0
val_calib,5,native,equal_width,3,0.2,0.26666666666666666,0.2498554065823555,0.5,2
val_calib,5,native,equal_width,4,0.26666666666666666,0.3333333333333333,0.31346025731828475,0.5185185185185185,27
val_calib,5,native,equal_width,5,0.3333333333333333,0.4,0.372348155168926,0.2647058823529412,102
val_calib,5,native,equal_width,6,0.4,0.4666666666666667,0.43518802463406264,0.4090909090909091,198
val_calib,5,native,equal_width,7,0.4666666666666667,0.5333333333333333,0.5015034917856287,0.5184049079754601,326
val_calib,5,native,equal_width,8,0.5333333333333333,0.6,0.5674395704341877,0.5319148936170213,329
val_calib,5,native,equal_width,9,0.6,0.6666666666666666,0.6336753100333129,0.5236686390532544,338
val_calib,5,native,equal_width,10,0.6666666666666666,0.7333333333333333,0.7015167610985892,0.6779220779220779,385
val_calib,5,native,equal_width,11,0.7333333333333333,0.8,0.7677047028170003,0.7038961038961039,385
val_calib,5,native,equal_width,12,0.8,0.8666666666666667,0.8347447502960279,0.837378640776699,412
val_calib,5,native,equal_width,13,0.8666666666666667,0.9333333333333333,0.9035863116740303,0.8729281767955801,543
val_calib,5,native,equal_width,14,0.9333333333333333,1.0,0.9859420438825865,0.9757326007326007,2184
val_calib,5,native,equal_mass,0,0.0,0.47010812163352966,0.40807810327273675,0.3850574712643678,348
val_calib,5,native,equal_mass,1,0.47010812163352966,0.5430222451686859,0.5077536413526125,0.5186246418338109,349
val_calib,5,native,equal_mass,2,0.5430222451686859,0.6144521534442902,0.5779582038308283,0.5243553008595988,349
val_calib,5,native,equal_mass,3,0.6144521534442902,0.6811339855194092,0.6469025235066469,0.5459770114942529,348
val_calib,5,native,equal_mass,4,0.6811339855194092,0.7414955198764801,0.7106285792025591,0.6934097421203438,349
val_calib,5,native,equal_mass,5,0.7414955198764801,0.7998888492584229,0.7709572711441783,0.7048710601719198,349
val_calib,5,native,equal_mass,6,0.7998888492584229,0.8572432696819305,0.8299565217898022,0.830945558739255,349
val_calib,5,native,equal_mass,7,0.8572432696819305,0.9074178040027618,0.8833363462111046,0.8505747126436781,348
val_calib,5,native,equal_mass,8,0.9074178040027618,0.9427933394908905,0.9251760413448585,0.9025787965616046,349
val_calib,5,native,equal_mass,9,0.9427933394908905,0.9708012342453003,0.9576138785712015,0.9455587392550143,349
val_calib,5,native,equal_mass,10,0.9708012342453003,0.9878273904323578,0.9799992988506953,0.9683908045977011,348
val_calib,5,native,equal_mass,11,0.9878273904323578,0.9960766434669495,0.9923878337728943,0.9799426934097422,349
val_calib,5,native,equal_mass,12,0.9960766434669495,0.9995306134223938,0.9981886561757173,0.9799426934097422,349
val_calib,5,native,equal_mass,13,0.9995306134223938,0.9999940693378448,0.9998837989517474,1.0,349
val_calib,5,native,equal_mass,14,0.9999940693378448,1.0,0.999999068015626,1.0,349
val_calib,5,global_T_corrected,equal_width,0,0.0,0.06666666666666667,0.0,0.0,0
val_calib,5,global_T_corrected,equal_width,1,0.06666666666666667,0.13333333333333333,0.0,0.0,0
val_calib,5,global_T_corrected,equal_width,2,0.13333333333333333,0.2,0.0,0.0,0
val_calib,5,global_T_corrected,equal_width,3,0.2,0.26666666666666666,0.24300014972686768,0.5,2
val_calib,5,global_T_corrected,equal_width,4,0.26666666666666666,0.3333333333333333,0.30864197239279745,0.4,40
val_calib,5,global_T_corrected,equal_width,5,0.3333333333333333,0.4,0.37399210054904986,0.3076923076923077,156
val_calib,5,global_T_corrected,equal_width,6,0.4,0.4666666666666667,0.4375873332717029,0.47410358565737054,251
val_calib,5,global_T_corrected,equal_width,7,0.4666666666666667,0.5333333333333333,0.5023857915226151,0.5117647058823529,340
val_calib,5,global_T_corrected,equal_width,8,0.5333333333333333,0.6,0.5673258977991934,0.5419847328244275,393
val_calib,5,global_T_corrected,equal_width,9,0.6,0.6666666666666666,0.6349535043002995,0.6030534351145038,393
val_calib,5,global_T_corrected,equal_width,10,0.6666666666666666,0.7333333333333333,0.6990781017203829,0.7189054726368159,402
val_calib,5,global_T_corrected,equal_width,11,0.7333333333333333,0.8,0.7674732723427777,0.7839195979899497,398
val_calib,5,global_T_corrected,equal_width,12,0.8,0.8666666666666667,0.8340853302567094,0.8518518518518519,405
val_calib,5,global_T_corrected,equal_width,13,0.8666666666666667,0.9333333333333333,0.9002630841256916,0.9184782608695652,552
val_calib,5,global_T_corrected,equal_width,14,0.9333333333333333,1.0,0.9844274875551478,0.9820958399157451,1899
val_calib,5,global_T_corrected,equal_mass,0,0.0,0.44418010115623474,0.387826484681546,0.3850574712643678,348
val_calib,5,global_T_corrected,equal_mass,1,0.44418010115623474,0.5178103744983673,0.48277254996122126,0.49570200573065903,349
val_calib,5,global_T_corrected,equal_mass,2,0.5178103744983673,0.577573299407959,0.5479850278884428,0.5415472779369628,349
val_calib,5,global_T_corrected,equal_mass,3,0.577573299407959,0.6394539773464203,0.6077996935995146,0.5517241379310345,348
val_calib,5,global_T_corrected,equal_mass,4,0.6394539773464203,0.6935477256774902,0.6654561460872093,0.6934097421203438,349
val_calib,5,global_T_corrected,equal_mass,5,0.6935477256774902,0.7533906400203705,0.7228546972602691,0.7249283667621776,349
val_calib,5,global_T_corrected,equal_mass,6,0.7533906400203705,0.8108275532722473,0.7829149271492288,0.8108882521489972,349
val_calib,5,global_T_corrected,equal_mass,7,0.8108275532722473,0.8678606748580933,0.8403465576555537,0.853448275862069,348
val_calib,5,global_T_corrected,equal_mass,8,0.8678606748580933,0.9110918939113617,0.8887518574310237,0.9054441260744985,349
val_calib,5,global_T_corrected,equal_mass,9,0.9110918939113617,0.9467960894107819,0.930606232502399,0.9369627507163324,349
val_calib,5,global_T_corrected,equal_mass,10,0.9467960894107819,0.9754978120326996,0.9629343910340252,0.9713467048710601,349
val_calib,5,global_T_corrected,equal_mass,11,0.9754978120326996,0.990767627954483,0.9837524872059109,0.9798850574712644,348
val_calib,5,global_T_corrected,equal_mass,12,0.990767627954483,0.9985136091709137,0.9952859525011057,0.9799426934097422,349
val_calib,5,global_T_corrected,equal_mass,13,0.9985136091709137,0.999962329864502,0.9995648502278807,1.0,349
val_calib,5,global_T_corrected,equal_mass,14,0.999962329864502,1.0,0.9999931483692289,1.0,349
val_calib,5,oracle_T_K,equal_width,0,0.0,0.06666666666666667,0.0,0.0,0
val_calib,5,oracle_T_K,equal_width,1,0.06666666666666667,0.13333333333333333,0.0,0.0,0
val_calib,5,oracle_T_K,equal_width,2,0.13333333333333333,0.2,0.0,0.0,0
val_calib,5,oracle_T_K,equal_width,3,0.2,0.26666666666666666,0.24205093830823898,0.5,2
val_calib,5,oracle_T_K,equal_width,4,0.26666666666666666,0.3333333333333333,0.3083194799201433,0.4186046511627907,43
val_calib,5,oracle_T_K,equal_width,5,0.3333333333333333,0.4,0.3731623074039817,0.30625,160
val_calib,5,oracle_T_K,equal_width,6,0.4,0.4666666666666667,0.43659782640693723,0.4728682170542636,258
val_calib,5,oracle_T_K,equal_width,7,0.4666666666666667,0.5333333333333333,0.5021507632424975,0.5214899713467048,349
val_calib,5,oracle_T_K,equal_width,8,0.5333333333333333,0.6,0.5668838001787663,0.5375,400
val_calib,5,oracle_T_K,equal_width,9,0.6,0.6666666666666666,0.6356076778267785,0.6115107913669064,417
val_calib,5,oracle_T_K,equal_width,10,0.6666666666666666,0.7333333333333333,0.7008299068699505,0.731829573934837,399
val_calib,5,oracle_T_K,equal_width,11,0.7333333333333333,0.8,0.7680798237471237,0.8092783505154639,388
val_calib,5,oracle_T_K,equal_width,12,0.8,0.8666666666666667,0.8349040329883093,0.8520286396181385,419
val_calib,5,oracle_T_K,equal_width,13,0.8666666666666667,0.9333333333333333,0.9005402374134878,0.9202226345083488,539
val_calib,5,oracle_T_K,equal_width,14,0.9333333333333333,1.0,0.9841789997066935,0.9827679052234787,1857
val_calib,5,oracle_T_K,equal_mass,0,0.0,0.44116050004959106,0.3848868292039153,0.382183908045977,348
val_calib,5,oracle_T_K,equal_mass,1,0.44116050004959106,0.514185905456543,0.4789626919437616,0.5071633237822349,349
val_calib,5,oracle_T_K,equal_mass,2,0.514185905456543,0.572984904050827,0.5436666527586885,0.5329512893982808,349
val_calib,5,oracle_T_K,equal_mass,3,0.572984904050827,0.6337642073631287,0.6021766124785631,0.5603448275862069,348
val_calib,5,oracle_T_K,equal_mass,4,0.6337642073631287,0.6883499324321747,0.6588695440387999,0.6819484240687679,349
val_calib,5,oracle_T_K,equal_mass,5,0.6883499324321747,0.7455951869487762,0.7156852212198143,0.7220630372492837,349
val_calib,5,oracle_T_K,equal_mass,6,0.7455951869487762,0.8038215637207031,0.7757318378519533,0.8194842406876791,349
val_calib,5,oracle_T_K,equal_mass,7,0.8038215637207031,0.8614234626293182,0.8334102851563486,0.8477011494252874,348
val_calib,5,oracle_T_K,equal_mass,8,0.8614234626293182,0.9056029617786407,0.8826528727837484,0.9083094555873925,349
val_calib,5,oracle_T_K,equal_mass,9,0.9056029617786407,0.942555159330368,0.9258306895764304,0.9369627507163324,349
val_calib,5,oracle_T_K,equal_mass,10,0.942555159330368,0.9729731976985931,0.9596771457816946,0.9713467048710601,349
val_calib,5,oracle_T_K,equal_mass,11,0.9729731976985931,0.9896212518215179,0.9819712736483278,0.9798850574712644,348
val_calib,5,oracle_T_K,equal_mass,12,0.9896212518215179,0.9982629716396332,0.9946241085030629,0.9799426934097422,349
val_calib,5,oracle_T_K,equal_mass,13,0.9982629716396332,0.9999509155750275,0.9994779121568347,1.0,349
val_calib,5,oracle_T_K,equal_mass,14,0.9999509155750275,1.0,0.9999909810828617,1.0,349
val_calib,10,native,equal_width,0,0.0,0.06666666666666667,0.0,0.0,0
val_calib,10,native,equal_width,1,0.06666666666666667,0.13333333333333333,0.0,0.0,0
val_calib,10,native,equal_width,2,0.13333333333333333,0.2,0.1835272056715829,0.0,7
val_calib,10,native,equal_width,3,0.2,0.26666666666666666,0.2406149422259707,0.18421052631578946,76
val_calib,10,native,equal_width,4,0.26666666666666666,0.3333333333333333,0.3037156941501665,0.26778242677824265,239
val_calib,10,native,equal_width,5,0.3333333333333333,0.4,0.36844118189312025,0.3413173652694611,334
val_calib,10,native,equal_width,6,0.4,0.4666666666666667,0.43368628766647604,0.3953488372093023,430
val_calib,10,native,equal_width,7,0.4666666666666667,0.5333333333333333,0.4997265953648539,0.48326359832635984,478
val_calib,10,native,equal_width,8,0.5333333333333333,0.6,0.5639336084383465,0.5727482678983834,433
val_calib,10,native,equal_width,9,0.6,0.6666666666666666,0.6317447684137955,0.6192893401015228,394
val_calib,10,native,equal_width,10,0.6666666666666666,0.7333333333333333,0.6985925463905112,0.7222222222222222,342
val_calib,10,native,equal_width,11,0.7333333333333333,0.8,0.7660592669735149,0.7551020408163265,392
val_calib,10,native,equal_width,12,0.8,0.8666666666666667,0.8355689807772049,0.8004926108374384,406
val_calib,10,native,equal_width,13,0.8666666666666667,0.9333333333333333,0.9008425091429478,0.8936605316973415,489
val_calib,10,native,equal_width,14,0.9333333333333333,1.0,0.9809372690371695,0.9694467382328654,1211
val_calib,10,native,equal_mass,0,0.0,0.3389918953180313,0.28997240982007705,0.2471264367816092,348
val_calib,10,native,equal_mass,1,0.3389918953180313,0.4060508906841278,0.3748906570724225,0.335243553008596,349
val_calib,10,native,equal_mass,2,0.4060508906841278,0.46111202239990234,0.4337885928871297,0.4040114613180516,349
val_calib,10,native,equal_mass,3,0.46111202239990234,0.5081006586551666,0.48517468340437986,0.4511494252873563,348
val_calib,10,native,equal_mass,4,0.5081006586551666,0.5573348104953766,0.5334255533095417,0.5415472779369628,349
val_calib,10,native,equal_mass,5,0.5573348104953766,0.6143430173397064,0.5853993834602116,0.5816618911174785,349
val_calib,10,native,equal_mass,6,0.6143430173397064,0.6735957860946655,0.6438474861803574,0.6504297994269341,349
val_calib,10,native,equal_mass,7,0.6735957860946655,0.7425669133663177,0.709140125019797,0.7270114942528736,348
val_calib,10,native,equal_mass,8,0.7425669133663177,0.8026978075504303,0.7718025690163446,0.7593123209169055,349
val_calib,10,native,equal_mass,9,0.8026978075504303,0.8614625036716461,0.8332460524359542,0.7994269340974212,349
val_calib,10,native,equal_mass,10,0.8614625036716461,0.9094200134277344,0.8856300197563062,0.8681948424068768,349
val_calib,10,native,equal_mass,11,0.9094200134277344,0.9526628851890564,0.9318851095506515,0.9195402298850575,348
val_calib,10,native,equal_mass,12,0.9526628851890564,0.9828357100486755,0.9693488540143884,0.9570200573065902,349
val_calib,10,native,equal_mass,13,0.9828357100486755,0.997284322977066,0.9913853485468124,0.9770773638968482,349
val_calib,10,native,equal_mass,14,0.997284322977066,1.0,0.9993497486783987,1.0,349
val_calib,10,global_T_corrected,equal_width,0,0.0,0.06666666666666667,0.0,0.0,0
val_calib,10,global_T_corrected,equal_width,1,0.06666666666666667,0.13333333333333333,0.0,0.0,0
val_calib,10,global_T_corrected,equal_width,2,0.13333333333333333,0.2,0.1862514466047287,0.11764705882352941,17
val_calib,10,global_T_corrected,equal_width,3,0.2,0.26666666666666666,0.24178512321739662,0.17886178861788618,123
val_calib,10,global_T_corrected,equal_width,4,0.26666666666666666,0.3333333333333333,0.3020371491976717,0.29337539432176657,317
val_calib,10,global_T_corrected,equal_width,5,0.3333333333333333,0.4,0.368817783803668,0.37767220902612825,421
val_calib,10,global_T_corrected,equal_width,6,0.4,0.4666666666666667,0.4337353255185816,0.44841269841269843,504
val_calib,10,global_T_corrected,equal_width,7,0.4666666666666667,0.5333333333333333,0.4992571266161071,0.5496031746031746,504
val_calib,10,global_T_corrected,equal_width,8,0.5333333333333333,0.6,0.5641414641755299,0.6067961165048543,412
val_calib,10,global_T_corrected,equal_width,9,0.6,0.6666666666666666,0.6308982711804064,0.6987341772151898,395
val_calib,10,global_T_corrected,equal_width,10,0.6666666666666666,0.7333333333333333,0.6998089587813272,0.743455497382199,382
val_calib,10,global_T_corrected,equal_width,11,0.7333333333333333,0.8,0.7684980280538822,0.8085106382978723,376
val_calib,10,global_T_corrected,equal_width,12,0.8,0.8666666666666667,0.8343712023913566,0.8645320197044335,406
val_calib,10,global_T_corrected,equal_width,13,0.8666666666666667,0.9333333333333333,0.9008991155682541,0.9121951219512195,410
val_calib,10,global_T_corrected,equal_width,14,0.9333333333333333,1.0,0.9788246301941852,0.9813278008298755,964
val_calib,10,global_T_corrected,equal_mass,0,0.0,0.3122527301311493,0.2683926750531142,0.2471264367816092,348
val_calib,10,global_T_corrected,equal_mass,1,0.3122527301311493,0.37357474863529205,0.3451022217130251,0.32664756446991405,349
val_calib,10,global_T_corrected,equal_mass,2,0.37357474863529205,0.4238911271095276,0.3988859970282689,0.40974212034383956,349
val_calib,10,global_T_corrected,equal_mass,3,0.4238911271095276,0.46870554983615875,0.44565005960135623,0.47413793103448276,348
val_calib,10,global_T_corrected,equal_mass,4,0.46870554983615875,0.5146678984165192,0.4901588722252231,0.5300859598853869,349
val_calib,10,global_T_corrected,equal_mass,5,0.5146678984165192,0.5627798438072205,0.5378209910966605,0.5845272206303725,349
val_calib,10,global_T_corrected,equal_mass,6,0.5627798438072205,0.6207321286201477,0.5928782791667818,0.6389684813753582,349
val_calib,10,global_T_corrected,equal_mass,7,0.6207321286201477,0.6834263205528259,0.6514743561359922,0.7377521613832853,347
val_calib,10,global_T_corrected,equal_mass,8,0.6834263205528259,0.744107723236084,0.7136248704365321,0.7428571428571429,350
val_calib,10,global_T_corrected,equal_mass,9,0.744107723236084,0.806260496377945,0.7774887976468805,0.8194842406876791,349
val_calib,10,global_T_corrected,equal_mass,10,0.806260496377945,0.864074319601059,0.8356867198616181,0.8653295128939829,349
val_calib,10,global_T_corrected,equal_mass,11,0.864074319601059,0.9205446243286133,0.8925083214336582,0.9077809798270894,347
val_calib,10,global_T_corrected,equal_mass,12,0.9205446243286133,0.9648398756980896,0.9446099289825984,0.9571428571428572,350
val_calib,10,global_T_corrected,equal_mass,13,0.9648398756980896,0.9930772483348846,0.9813054743673877,0.9770773638968482,349
val_calib,10,global_T_corrected,equal_mass,14,0.9930772483348846,1.0,0.9981074135078059,1.0,349
val_calib,10,oracle_T_K,equal_width,0,0.0,0.06666666666666667,0.0,0.0,0
val_calib,10,oracle_T_K,equal_width,1,0.06666666666666667,0.13333333333333333,0.0,0.0,0
val_calib,10,oracle_T_K,equal_width,2,0.13333333333333333,0.2,0.18453798868826457,0.14285714285714285,14
val_calib,10,oracle_T_K,equal_width,3,0.2,0.26666666666666666,0.24142527518686185,0.17355371900826447,121
val_calib,10,oracle_T_K,equal_width,4,0.26666666666666666,0.3333333333333333,0.302827454625796,0.2916666666666667,312
val_calib,10,oracle_T_K,equal_width,5,0.3333333333333333,0.4,0.36933805157498617,0.36829268292682926,410
val_calib,10,oracle_T_K,equal_width,6,0.4,0.4666666666666667,0.4340688389551712,0.44668008048289737,497
val_calib,10,oracle_T_K,equal_width,7,0.4666666666666667,0.5333333333333333,0.4996352576547199,0.5436507936507936,504
val_calib,10,oracle_T_K,equal_width,8,0.5333333333333333,0.6,0.5642278369479966,0.6043689320388349,412
val_calib,10,oracle_T_K,equal_width,9,0.6,0.6666666666666666,0.6317062848492673,0.6992481203007519,399
val_calib,10,oracle_T_K,equal_width,10,0.6666666666666666,0.7333333333333333,0.7003836918642177,0.7433155080213903,374
val_calib,10,oracle_T_K,equal_width,11,0.7333333333333333,0.8,0.7681832329517395,0.7935656836461126,373
val_calib,10,oracle_T_K,equal_width,12,0.8,0.8666666666666667,0.8336402281086044,0.8589108910891089,404
val_calib,10,oracle_T_K,equal_width,13,0.8666666666666667,0.9333333333333333,0.9005406173792753,0.9114219114219114,429
val_calib,10,oracle_T_K,equal_width,14,0.9333333333333333,1.0,0.9792432295814794,0.9806517311608961,982
val_calib,10,oracle_T_K,equal_mass,0,0.0,0.3144390732049942,0.2704010783940896,0.2471264367816092,348
val_calib,10,oracle_T_K,equal_mass,1,0.3144390732049942,0.3771919012069702,0.3478608566915408,0.332378223495702,349
val_calib,10,oracle_T_K,equal_mass,2,0.3771919012069702,0.42729349434375763,0.4020514865031188,0.40229885057471265,348
val_calib,10,oracle_T_K,equal_mass,3,0.42729349434375763,0.4722874015569687,0.44930646720110173,0.4813753581661891,349
val_calib,10,oracle_T_K,equal_mass,4,0.4722874015569687,0.5184697508811951,0.49431237330750954,0.5243553008595988,349
val_calib,10,oracle_T_K,equal_mass,5,0.5184697508811951,0.5673234760761261,0.542128753013119,0.5873925501432665,349
val_calib,10,oracle_T_K,equal_mass,6,0.5673234760761261,0.6267226338386536,0.5976347547547524,0.6418338108882522,349
val_calib,10,oracle_T_K,equal_mass,7,0.6267226338386536,0.6892869174480438,0.6570115909836758,0.735632183908046,348
val_calib,10,oracle_T_K,equal_mass,8,0.6892869174480438,0.7499756515026093,0.7192920203878408,0.7363896848137536,349
val_calib,10,oracle_T_K,equal_mass,9,0.7499756515026093,0.811364620923996,0.7830364796357032,0.8223495702005731,349
val_calib,10,oracle_T_K,equal_mass,10,0.811364620923996,0.8685789704322815,0.8408249553431754,0.8653295128939829,349
val_calib,10,oracle_T_K,equal_mass,11,0.8685789704322815,0.9241120517253876,0.8967028827076343,0.9077809798270894,347
val_calib,10,oracle_T_K,equal_mass,12,0.9241120517253876,0.9668358862400055,0.9473700875197577,0.9570200573065902,349
val_calib,10,oracle_T_K,equal_mass,13,0.9668358862400055,0.9936342537403107,0.9824748705314702,0.9770773638968482,349
val_calib,10,oracle_T_K,equal_mass,14,0.9936342537403107,1.0,0.9982666862010956,1.0,350
val_calib,20,native,equal_width,0,0.0,0.06666666666666667,0.0,0.0,0
val_calib,20,native,equal_width,1,0.06666666666666667,0.13333333333333333,0.12332543411425181,0.0,7
val_calib,20,native,equal_width,2,0.13333333333333333,0.2,0.1757660330864635,0.1897810218978102,137
val_calib,20,native,equal_width,3,0.2,0.26666666666666666,0.23764983544674523,0.1922141119221411,411
val_calib,20,native,equal_width,4,0.26666666666666666,0.3333333333333333,0.29885659049208363,0.30844793713163066,509
val_calib,20,native,equal_width,5,0.3333333333333333,0.4,0.365379812920072,0.3743218806509946,553
val_calib,20,native,equal_width,6,0.4,0.4666666666666667,0.4332488129536311,0.4521072796934866,522
val_calib,20,native,equal_width,7,0.4666666666666667,0.5333333333333333,0.4999546207163645,0.4608695652173913,460
val_calib,20,native,equal_width,8,0.5333333333333333,0.6,0.5649605895505703,0.6098191214470284,387
val_calib,20,native,equal_width,9,0.6,0.6666666666666666,0.6332404677932327,0.6270270270270271,370
val_calib,20,native,equal_width,10,0.6666666666666666,0.7333333333333333,0.698925179298793,0.6822429906542056,321
val_calib,20,native,equal_width,11,0.7333333333333333,0.8,0.767619388757342,0.7725752508361204,299
val_calib,20,native,equal_width,12,0.8,0.8666666666666667,0.8358003106302844,0.8353293413173652,334
val_calib,20,native,equal_width,13,0.8666666666666667,0.9333333333333333,0.9005356330424548,0.890625,320
val_calib,20,native,equal_width,14,0.9333333333333333,1.0,0.9752430689711737,0.9767054908485857,601
val_calib,20,native,equal_mass,0,0.0,0.24000246077775955,0.20142942664866476,0.1724137931034483,348
val_calib,20,native,equal_mass,1,0.24000246077775955,0.28436027467250824,0.2623502499394567,0.23209169054441262,349
val_calib,20,native,equal_mass,2,0.28436027467250824,0.3301224112510681,0.3068283636165761,0.31896551724137934,348
val_calib,20,native,equal_mass,3,0.3301224112510681,0.37154464423656464,0.35043821840368233,0.3753581661891118,349
val_calib,20,native,equal_mass,4,0.37154464423656464,0.41639433801174164,0.39404855373937286,0.3982808022922636,349
val_calib,20,native,equal_mass,5,0.41639433801174164,0.46153756976127625,0.4380352165774151,0.45558739255014324,349
val_calib,20,native,equal_mass,6,0.46153756976127625,0.5109813809394836,0.48517771516527447,0.4685714285714286,350
val_calib,20,native,equal_mass,7,0.5109813809394836,0.5650167167186737,0.5366980304635567,0.5129682997118156,347
val_calib,20,native,equal_mass,8,0.5650167167186737,0.6294731795787811,0.5953532728902932,0.6475644699140402,349
val_calib,20,native,equal_mass,9,0.6294731795787811,0.691690593957901,0.6589444698098738,0.6189111747851003,349
val_calib,20,native,equal_mass,10,0.691690593957901,0.769858330488205,0.7305046133268839,0.7586206896551724,348
val_calib,20,native,equal_mass,11,0.769858330488205,0.8452300131320953,0.8075949718754066,0.8080229226361032,349
val_calib,20,native,equal_mass,12,0.8452300131320953,0.9154505133628845,0.8780525214009435,0.8452722063037249,349
val_calib,20,native,equal_mass,13,0.9154505133628845,0.9729537069797516,0.945859909569978,0.9512893982808023,349
val_calib,20,native,equal_mass,14,0.9729537069797516,1.0,0.9903865482199158,0.997134670487106,349
val_calib,20,global_T_corrected,equal_width,0,0.0,0.06666666666666667,0.0,0.0,0
val_calib,20,global_T_corrected,equal_width,1,0.06666666666666667,0.13333333333333333,0.12330296076834202,0.05,20
val_calib,20,global_T_corrected,equal_width,2,0.13333333333333333,0.2,0.17567898840346236,0.17446808510638298,235
val_calib,20,global_T_corrected,equal_width,3,0.2,0.26666666666666666,0.23437744485480444,0.2564102564102564,546
val_calib,20,global_T_corrected,equal_width,4,0.26666666666666666,0.3333333333333333,0.3001098246109195,0.34796747967479674,615
val_calib,20,global_T_corrected,equal_width,5,0.3333333333333333,0.4,0.36578517070371813,0.4041095890410959,584
val_calib,20,global_T_corrected,equal_width,6,0.4,0.4666666666666667,0.43245973489605466,0.48653846153846153,520
val_calib,20,global_T_corrected,equal_width,7,0.4666666666666667,0.5333333333333333,0.5003916420552378,0.5761589403973509,453
val_calib,20,global_T_corrected,equal_width,8,0.5333333333333333,0.6,0.567016451624391,0.6243523316062176,386
val_calib,20,global_T_corrected,equal_width,9,0.6,0.6666666666666666,0.6325963402442701,0.6858006042296072,331
val_calib,20,global_T_corrected,equal_width,10,0.6666666666666666,0.7333333333333333,0.7004747107775524,0.7946127946127947,297
val_calib,20,global_T_corrected,equal_width,11,0.7333333333333333,0.8,0.7677038662212411,0.8213058419243986,291
val_calib,20,global_T_corrected,equal_width,12,0.8,0.8666666666666667,0.832433070231201,0.8609022556390977,266
val_calib,20,global_T_corrected,equal_width,13,0.8666666666666667,0.9333333333333333,0.9023367678645716,0.9350180505415162,277
val_calib,20,global_T_corrected,equal_width,14,0.9333333333333333,1.0,0.9736855569409161,0.9975609756097561,410
val_calib,20,global_T_corrected,equal_mass,0,0.0,0.21334557235240936,0.18087842660131812,0.16666666666666666,348
val_calib,20,global_T_corrected,equal_mass,1,0.21334557235240936,0.252691388130188,0.2341747264295048,0.24355300859598855,349
val_calib,20,global_T_corrected,equal_mass,2,0.252691388130188,0.2931835800409317,0.27379954996969774,0.3237822349570201,349
val_calib,20,global_T_corrected,equal_mass,3,0.2931835800409317,0.33091552555561066,0.3124934344969947,0.3706896551724138,348
val_calib,20,global_T_corrected,equal_mass,4,0.33091552555561066,0.36949558556079865,0.350353956905682,0.4068767908309456,349
val_calib,20,global_T_corrected,equal_mass,5,0.36949558556079865,0.41077639162540436,0.38963799379274977,0.4383954154727794,349
val_calib,20,global_T_corrected,equal_mass,6,0.41077639162540436,0.4563962519168854,0.4328653849981576,0.47564469914040114,349
val_calib,20,global_T_corrected,equal_mass,7,0.4563962519168854,0.5062985420227051,0.48131395413957795,0.5201149425287356,348
val_calib,20,global_T_corrected,equal_mass,8,0.5062985420227051,0.5627789795398712,0.5334047833510808,0.6257142857142857,350
val_calib,20,global_T_corrected,equal_mass,9,0.5627789795398712,0.6237299144268036,0.5920367062776938,0.6379310344827587,348
val_calib,20,global_T_corrected,equal_mass,10,0.6237299144268036,0.7012697756290436,0.6619033844218213,0.7535816618911175,349
val_calib,20,global_T_corrected,equal_mass,11,0.7012697756290436,0.781092643737793,0.7396940194433261,0.8108882521489972,349
val_calib,20,global_T_corrected,equal_mass,12,0.781092643737793,0.8649052977561951,0.8200755542379686,0.8419540229885057,348
val_calib,20,global_T_corrected,equal_mass,13,0.8649052977561951,0.947808176279068,0.9078705326192359,0.9484240687679083,349
val_calib,20,global_T_corrected,equal_mass,14,0.947808176279068,1.0,0.9794768769624923,0.997134670487106,349
val_calib,20,oracle_T_K,equal_width,0,0.0,0.06666666666666667,0.0,0.0,0
val_calib,20,oracle_T_K,equal_width,1,0.06666666666666667,0.13333333333333333,0.12206456580987343,0.0,13
val_calib,20,oracle_T_K,equal_width,2,0.13333333333333333,0.2,0.1748829594638088,0.19306930693069307,202
val_calib,20,oracle_T_K,equal_width,3,0.2,0.26666666666666666,0.23587393563501324,0.21928166351606806,529
val_calib,20,oracle_T_K,equal_width,4,0.26666666666666666,0.3333333333333333,0.3016353571209414,0.35172413793103446,580
val_calib,20,oracle_T_K,equal_width,5,0.3333333333333333,0.4,0.3669334862244691,0.41012216404886565,573
val_calib,20,oracle_T_K,equal_width,6,0.4,0.4666666666666667,0.43271268656342465,0.4637964774951076,511
val_calib,20,oracle_T_K,equal_width,7,0.4666666666666667,0.5333333333333333,0.4997008464446193,0.5285087719298246,456
val_calib,20,oracle_T_K,equal_width,8,0.5333333333333333,0.6,0.5664364997422664,0.6459948320413437,387
val_calib,20,oracle_T_K,equal_width,9,0.6,0.6666666666666666,0.6307866104886679,0.6363636363636364,341
val_calib,20,oracle_T_K,equal_width,10,0.6666666666666666,0.7333333333333333,0.6996280905468012,0.7843137254901961,306
val_calib,20,oracle_T_K,equal_width,11,0.7333333333333333,0.8,0.7665312508257424,0.8153310104529616,287
val_calib,20,oracle_T_K,equal_width,12,0.8,0.8666666666666667,0.8305513459382597,0.8213058419243986,291
val_calib,20,oracle_T_K,equal_width,13,0.8666666666666667,0.9333333333333333,0.9022396769013293,0.9464882943143813,299
val_calib,20,oracle_T_K,equal_width,14,0.9333333333333333,1.0,0.9741646623925159,0.9890350877192983,456
val_calib,20,oracle_T_K,equal_mass,0,0.0,0.22032828629016876,0.18640459652176533,0.1724137931034483,348
val_calib,20,oracle_T_K,equal_mass,1,0.22032828629016876,0.2623280882835388,0.24182413279327075,0.23782234957020057,349
val_calib,20,oracle_T_K,equal_mass,2,0.2623280882835388,0.3030949980020523,0.28277048485668477,0.3123209169054441,349
val_calib,20,oracle_T_K,equal_mass,3,0.3030949980020523,0.3432825952768326,0.32288236393668185,0.3879310344827586,348
val_calib,20,oracle_T_K,equal_mass,4,0.3432825952768326,0.3816678076982498,0.3621888904482724,0.3982808022922636,349
val_calib,20,oracle_T_K,equal_mass,5,0.3816678076982498,0.42593859136104584,0.4029325035035098,0.4326647564469914,349
val_calib,20,oracle_T_K,equal_mass,6,0.42593859136104584,0.4704626500606537,0.4473584584656964,0.4785100286532951,349
val_calib,20,oracle_T_K,equal_mass,7,0.4704626500606537,0.521841287612915,0.4966253994525164,0.5172413793103449,348
val_calib,20,oracle_T_K,equal_mass,8,0.521841287612915,0.5814461410045624,0.5502242015562632,0.6418338108882522,349
val_calib,20,oracle_T_K,equal_mass,9,0.5814461410045624,0.6431505978107452,0.6107005413760428,0.6189111747851003,349
val_calib,20,oracle_T_K,equal_mass,10,0.6431505978107452,0.7208563089370728,0.6812187371759497,0.7621776504297995,349
val_calib,20,oracle_T_K,equal_mass,11,0.7208563089370728,0.7996716797351837,0.7593591173832444,0.8103448275862069,348
val_calib,20,oracle_T_K,equal_mass,12,0.7996716797351837,0.8807975053787231,0.8374640637619106,0.8452722063037249,349
val_calib,20,oracle_T_K,equal_mass,13,0.8807975053787231,0.9564104974269867,0.9199323321140257,0.9484240687679083,349
val_calib,20,oracle_T_K,equal_mass,14,0.9564104974269867,1.0,0.9832315392002335,0.997134670487106,349
val_calib,50,native,equal_width,0,0.0,0.06666666666666667,0.058590687811374664,0.0,1
val_calib,50,native,equal_width,1,0.06666666666666667,0.13333333333333333,0.11286933083133197,0.12654320987654322,324
val_calib,50,native,equal_width,2,0.13333333333333333,0.2,0.16898404808797662,0.1919060052219321,766
val_calib,50,native,equal_width,3,0.2,0.26666666666666666,0.23276155049966268,0.23167539267015708,764
val_calib,50,native,equal_width,4,0.26666666666666666,0.3333333333333333,0.2983594832973363,0.30261136712749614,651
val_calib,50,native,equal_width,5,0.3333333333333333,0.4,0.36445594294608097,0.383587786259542,524
val_calib,50,native,equal_width,6,0.4,0.4666666666666667,0.431828812224848,0.48931116389548696,421
val_calib,50,native,equal_width,7,0.4666666666666667,0.5333333333333333,0.49667623829914304,0.5091463414634146,328
val_calib,50,native,equal_width,8,0.5333333333333333,0.6,0.5668053991853979,0.6192170818505338,281
val_calib,50,native,equal_width,9,0.6,0.6666666666666666,0.6322989272316117,0.6606334841628959,221
val_calib,50,native,equal_width,10,0.6666666666666666,0.7333333333333333,0.6970786990121354,0.7162790697674418,215
val_calib,50,native,equal_width,11,0.7333333333333333,0.8,0.7671316997001045,0.8210526315789474,190
val_calib,50,native,equal_width,12,0.8,0.8666666666666667,0.8327865495786562,0.8956043956043956,182
val_calib,50,native,equal_width,13,0.8666666666666667,0.9333333333333333,0.901238722246398,0.9119496855345912,159
val_calib,50,native,equal_width,14,0.9333333333333333,1.0,0.9702708978278964,0.9705882352941176,204
val_calib,50,native,equal_mass,0,0.0,0.13596464693546295,0.11416329678961601,0.1235632183908046,348
val_calib,50,native,equal_mass,1,0.13596464693546295,0.1689431592822075,0.15330783591571032,0.18624641833810887,349
val_calib,50,native,equal_mass,2,0.1689431592822075,0.1971551775932312,0.1830992378016939,0.2034383954154728,349
val_calib,50,native,equal_mass,3,0.1971551775932312,0.2260020598769188,0.21102681079472618,0.20402298850574713,348
val_calib,50,native,equal_mass,4,0.2260020598769188,0.2554851174354553,0.2408149332491238,0.22636103151862463,349
val_calib,50,native,equal_mass,5,0.2554851174354553,0.2883303016424179,0.27174387270195094,0.3008595988538682,349
val_calib,50,native,equal_mass,6,0.2883303016424179,0.3258807957172394,0.3073418611783353,0.3008595988538682,349
val_calib,50,native,equal_mass,7,0.3258807957172394,0.3655971735715866,0.3458395664548052,0.3706896551724138,348
val_calib,50,native,equal_mass,8,0.3655971735715866,0.4140138328075409,0.3898790111514422,0.4183381088825215,349
val_calib,50,native,equal_mass,9,0.4140138328075409,0.47199293971061707,0.4431986141853824,0.49283667621776506,349
val_calib,50,native,equal_mass,10,0.47199293971061707,0.5482155680656433,0.5065488414812225,0.5071633237822349,349
val_calib,50,native,equal_mass,11,0.5482155680656433,0.6351602971553802,0.5893954100279972,0.6264367816091954,348
val_calib,50,native,equal_mass,12,0.6351602971553802,0.7486551702022552,0.6888655256746833,0.7478510028653295,349
val_calib,50,native,equal_mass,13,0.7486551702022552,0.8738377690315247,0.8082624086336283,0.8595988538681948,349
val_calib,50,native,equal_mass,14,0.8738377690315247,1.0,0.9428269675263019,0.9455587392550143,349
val_calib,50,global_T_corrected,equal_width,0,0.0,0.06666666666666667,0.06014674082398415,0.0,5
val_calib,50,global_T_corrected,equal_width,1,0.06666666666666667,0.13333333333333333,0.10889789623818283,0.150278293135436,539
val_calib,50,global_T_corrected,equal_width,2,0.13333333333333333,0.2,0.1663424400877125,0.20504731861198738,951
val_calib,50,global_T_corrected,equal_width,3,0.2,0.26666666666666666,0.23145675095644863,0.29333333333333333,825
val_calib,50,global_T_corrected,equal_width,4,0.26666666666666666,0.3333333333333333,0.2971711126419733,0.36477987421383645,636
val_calib,50,global_T_corrected,equal_width,5,0.3333333333333333,0.4,0.3635648791838174,0.46464646464646464,495
val_calib,50,global_T_corrected,equal_width,6,0.4,0.4666666666666667,0.4314277446671818,0.4943820224719101,356
val_calib,50,global_T_corrected,equal_width,7,0.4666666666666667,0.5333333333333333,0.4984604162418574,0.617363344051447,311
val_calib,50,global_T_corrected,equal_width,8,0.5333333333333333,0.6,0.5668308620474168,0.6651785714285714,224
val_calib,50,global_T_corrected,equal_width,9,0.6,0.6666666666666666,0.6317890121468476,0.7589285714285714,224
val_calib,50,global_T_corrected,equal_width,10,0.6666666666666666,0.7333333333333333,0.7006452866559904,0.8402366863905325,169
val_calib,50,global_T_corrected,equal_width,11,0.7333333333333333,0.8,0.7662899702187352,0.8993288590604027,149
val_calib,50,global_T_corrected,equal_width,12,0.8,0.8666666666666667,0.8353202649064966,0.9099099099099099,111
val_calib,50,global_T_corrected,equal_width,13,0.8666666666666667,0.9333333333333333,0.8964363447690414,0.9491525423728814,118
val_calib,50,global_T_corrected,equal_width,14,0.9333333333333333,1.0,0.9678725782087294,0.9830508474576272,118
val_calib,50,global_T_corrected,equal_mass,0,0.0,0.1172076053917408,0.09861890651585384,0.1235632183908046,348
val_calib,50,global_T_corrected,equal_mass,1,0.1172076053917408,0.1447255238890648,0.13165924190023226,0.18624641833810887,349
val_calib,50,global_T_corrected,equal_mass,2,0.1447255238890648,0.16841131448745728,0.15634038502131628,0.22636103151862463,349
val_calib,50,global_T_corrected,equal_mass,3,0.16841131448745728,0.1924188733100891,0.17979408916214418,0.19827586206896552,348
val_calib,50,global_T_corrected,equal_mass,4,0.1924188733100891,0.21806902438402176,0.20527839361767372,0.22922636103151864,349
val_calib,50,global_T_corrected,equal_mass,5,0.21806902438402176,0.2450631782412529,0.23141075704876538,0.2836676217765043,349
val_calib,50,global_T_corrected,equal_mass,6,0.2450631782412529,0.27745532989501953,0.26160279078606546,0.3438395415472779,349
val_calib,50,global_T_corrected,equal_mass,7,0.27745532989501953,0.31066906452178955,0.293762747069885,0.35344827586206895,348
val_calib,50,global_T_corrected,equal_mass,8,0.31066906452178955,0.3542643040418625,0.3334966125153539,0.4297994269340974,349
val_calib,50,global_T_corrected,equal_mass,9,0.3542643040418625,0.405061274766922,0.377885754094766,0.4785100286532951,349
val_calib,50,global_T_corrected,equal_mass,10,0.405061274766922,0.47362902760505676,0.43759085959554744,0.5157593123209169,349
val_calib,50,global_T_corrected,equal_mass,11,0.47362902760505676,0.5542115867137909,0.5093174879064505,0.6091954022988506,348
val_calib,50,global_T_corrected,equal_mass,12,0.5542115867137909,0.6553003191947937,0.6039317150910696,0.7327586206896551,348
val_calib,50,global_T_corrected,equal_mass,13,0.6553003191947937,0.7991855442523956,0.7241658793176924,0.8571428571428571,350
val_calib,50,global_T_corrected,equal_mass,14,0.7991855442523956,1.0,0.9005955592609066,0.9455587392550143,349
val_calib,50,oracle_T_K,equal_width,0,0.0,0.06666666666666667,0.060795463621616364,0.0,3
val_calib,50,oracle_T_K,equal_width,1,0.06666666666666667,0.13333333333333333,0.11021028137709721,0.13734939759036144,415
val_calib,50,oracle_T_K,equal_width,2,0.13333333333333333,0.2,0.16741146599213372,0.20182440136830102,877
val_calib,50,oracle_T_K,equal_width,3,0.2,0.26666666666666666,0.23271369585527643,0.2537128712871287,808
val_calib,50,oracle_T_K,equal_width,4,0.26666666666666666,0.3333333333333333,0.29956507974890434,0.3445635528330781,653
val_calib,50,oracle_T_K,equal_width,5,0.3333333333333333,0.4,0.366736528580077,0.41796875,512
val_calib,50,oracle_T_K,equal_width,6,0.4,0.4666666666666667,0.43264655915116124,0.5145888594164456,377
val_calib,50,oracle_T_K,equal_width,7,0.4666666666666667,0.5333333333333333,0.4993343696539158,0.528052805280528,303
val_calib,50,oracle_T_K,equal_width,8,0.5333333333333333,0.6,0.5627499399185181,0.648,250
val_calib,50,oracle_T_K,equal_width,9,0.6,0.6666666666666666,0.6327492714427007,0.7071129707112971,239
val_calib,50,oracle_T_K,equal_width,10,0.6666666666666666,0.7333333333333333,0.6998559065286626,0.8176795580110497,181
val_calib,50,oracle_T_K,equal_width,11,0.7333333333333333,0.8,0.7651900190046463,0.8563218390804598,174
val_calib,50,oracle_T_K,equal_width,12,0.8,0.8666666666666667,0.8301856050958166,0.9300699300699301,143
val_calib,50,oracle_T_K,equal_width,13,0.8666666666666667,0.9333333333333333,0.9007492900705661,0.8979591836734694,147
val_calib,50,oracle_T_K,equal_width,14,0.9333333333333333,1.0,0.9708964264632871,0.9865771812080537,149
val_calib,50,oracle_T_K,equal_mass,0,0.0,0.12559667229652405,0.10587638612279947,0.12643678160919541,348
val_calib,50,oracle_T_K,equal_mass,1,0.12559667229652405,0.15610366314649582,0.14178959431825872,0.1833810888252149,349
val_calib,50,oracle_T_K,equal_mass,2,0.15610366314649582,0.18143311142921448,0.1689080759071689,0.2177650429799427,349
val_calib,50,oracle_T_K,equal_mass,3,0.18143311142921448,0.20774855464696884,0.19451021535814494,0.20402298850574713,348
val_calib,50,oracle_T_K,equal_mass,4,0.20774855464696884,0.23538997769355774,0.22201351462769986,0.2349570200573066,349
val_calib,50,oracle_T_K,equal_mass,5,0.23538997769355774,0.2655993849039078,0.25041513892162837,0.28653295128939826,349
val_calib,50,oracle_T_K,equal_mass,6,0.2655993849039078,0.3003973662853241,0.2831551305373282,0.32951289398280803,349
val_calib,50,oracle_T_K,equal_mass,7,0.3003973662853241,0.3376808613538742,0.318346788800759,0.3631123919308357,347
val_calib,50,oracle_T_K,equal_mass,8,0.3376808613538742,0.3836555927991867,0.36046355860573903,0.4142857142857143,350
val_calib,50,oracle_T_K,equal_mass,9,0.3836555927991867,0.43703094124794006,0.4088740283916878,0.4785100286532951,349
val_calib,50,oracle_T_K,equal_mass,10,0.43703094124794006,0.5079821944236755,0.4706915776674932,0.5214899713467048,349
val_calib,50,oracle_T_K,equal_mass,11,0.5079821944236755,0.5934533476829529,0.5477862383784919,0.6091954022988506,348
val_calib,50,oracle_T_K,equal_mass,12,0.5934533476829529,0.7021507322788239,0.6455524416912592,0.7421203438395415,349
val_calib,50,oracle_T_K,equal_mass,13,0.7021507322788239,0.8382406830787659,0.7669806538475277,0.8567335243553008,349
val_calib,50,oracle_T_K,equal_mass,14,0.8382406830787659,1.0,0.9232599875305307,0.9455587392550143,349
testA,5,native,equal_width,0,0.0,0.06666666666666667,0.0,0.0,0
testA,5,native,equal_width,1,0.06666666666666667,0.13333333333333333,0.0,0.0,0
testA,5,native,equal_width,2,0.13333333333333333,0.2,0.0,0.0,0
testA,5,native,equal_width,3,0.2,0.26666666666666666,0.24969151616096497,0.0,1
testA,5,native,equal_width,4,0.26666666666666666,0.3333333333333333,0.3139242592610811,0.21052631578947367,19
testA,5,native,equal_width,5,0.3333333333333333,0.4,0.3707931437824346,0.31645569620253167,79
testA,5,native,equal_width,6,0.4,0.4666666666666667,0.4358899642694865,0.39072847682119205,151
testA,5,native,equal_width,7,0.4666666666666667,0.5333333333333333,0.5038313553217919,0.43870967741935485,310
testA,5,native,equal_width,8,0.5333333333333333,0.6,0.5668654215193081,0.5359281437125748,334
testA,5,native,equal_width,9,0.6,0.6666666666666666,0.6324741451970992,0.5774193548387097,310
testA,5,native,equal_width,10,0.6666666666666666,0.7333333333333333,0.7005290965535748,0.6656716417910448,335
testA,5,native,equal_width,11,0.7333333333333333,0.8,0.7662539248372994,0.7310924369747899,357
testA,5,native,equal_width,12,0.8,0.8666666666666667,0.8330487004735253,0.8318181818181818,440
testA,5,native,equal_width,13,0.8666666666666667,0.9333333333333333,0.9019552044827363,0.8793103448275862,580
testA,5,native,equal_width,14,0.9333333333333333,1.0,0.9873246093809386,0.9747252747252747,2730
testA,5,native,equal_mass,0,0.0,0.5005240142345428,0.43183461560847913,0.3962765957446808,376
testA,5,native,equal_mass,1,0.5005240142345428,0.5725844502449036,0.5353033412644204,0.46808510638297873,376
testA,5,native,equal_mass,2,0.5725844502449036,0.6511762738227844,0.6098350746562057,0.5676392572944297,377
testA,5,native,equal_mass,3,0.6511762738227844,0.7240600883960724,0.6895360700944637,0.6356382978723404,376
testA,5,native,equal_mass,4,0.7240600883960724,0.7963865101337433,0.7616930921767056,0.7374005305039788,377
testA,5,native,equal_mass,5,0.7963865101337433,0.8559441864490509,0.8257488719326385,0.8111702127659575,376
testA,5,native,equal_mass,6,0.8559441864490509,0.9052100479602814,0.8810239542037883,0.8829787234042553,376
testA,5,native,equal_mass,7,0.9052100479602814,0.9436377286911011,0.9238835231694998,0.8912466843501327,377
testA,5,native,equal_mass,8,0.9436377286911011,0.9706657230854034,0.9576784369159252,0.9228723404255319,376
testA,5,native,equal_mass,9,0.9706657230854034,0.986237496137619,0.9790904846052276,0.9602122015915119,377
testA,5,native,equal_mass,10,0.986237496137619,0.9944564998149872,0.990835755666097,0.9653333333333334,375
testA,5,native,equal_mass,11,0.9944564998149872,0.9984394609928131,0.9966472415772294,0.9920424403183024,377
testA,5,native,equal_mass,12,0.9984394609928131,0.9997727870941162,0.9992248308437256,0.9973474801061007,377
testA,5,native,equal_mass,13,0.9997727870941162,0.9999969005584717,0.9999418696190449,1.0,376
testA,5,native,equal_mass,14,0.9999969005584717,1.0,0.9999995457715002,1.0,377
testA,5,global_T_corrected,equal_width,0,0.0,0.06666666666666667,0.0,0.0,0
testA,5,global_T_corrected,equal_width,1,0.06666666666666667,0.13333333333333333,0.0,0.0,0
testA,5,global_T_corrected,equal_width,2,0.13333333333333333,0.2,0.0,0.0,0
testA,5,global_T_corrected,equal_width,3,0.2,0.26666666666666666,0.24260243773460388,0.0,1
testA,5,global_T_corrected,equal_width,4,0.26666666666666666,0.3333333333333333,0.31122125925556304,0.2903225806451613,31
testA,5,global_T_corrected,equal_width,5,0.3333333333333333,0.4,0.37220555302259084,0.3153153153153153,111
testA,5,global_T_corrected,equal_width,6,0.4,0.4666666666666667,0.4366387304315712,0.43147208121827413,197
testA,5,global_T_corrected,equal_width,7,0.4666666666666667,0.5333333333333333,0.5027294715856041,0.46368715083798884,358
testA,5,global_T_corrected,equal_width,8,0.5333333333333333,0.6,0.5667858902613322,0.552,375
testA,5,global_T_corrected,equal_width,9,0.6,0.6666666666666666,0.6336108685232872,0.6075581395348837,344
testA,5,global_T_corrected,equal_width,10,0.6666666666666666,0.7333333333333333,0.6999019961508494,0.7248677248677249,378
testA,5,global_T_corrected,equal_width,11,0.7333333333333333,0.8,0.766570234875036,0.8142493638676844,393
testA,5,global_T_corrected,equal_width,12,0.8,0.8666666666666667,0.8338811764049321,0.8730853391684902,457
testA,5,global_T_corrected,equal_width,13,0.8666666666666667,0.9333333333333333,0.9006520197505042,0.8959435626102292,567
testA,5,global_T_corrected,equal_width,14,0.9333333333333333,1.0,0.9852852274035467,0.9823336072308957,2434
testA,5,global_T_corrected,equal_mass,0,0.0,0.4757794439792633,0.410088375210762,0.3962765957446808,376
testA,5,global_T_corrected,equal_mass,1,0.4757794439792633,0.5431533753871918,0.5109083960823556,0.47074468085106386,376
testA,5,global_T_corrected,equal_mass,2,0.5431533753871918,0.6119069755077362,0.5766042374489478,0.5570291777188329,377
testA,5,global_T_corrected,equal_mass,3,0.6119069755077362,0.6812690198421478,0.6471806843864157,0.6382978723404256,376
testA,5,global_T_corrected,equal_mass,4,0.6812690198421478,0.7484151422977448,0.7154336421496039,0.7427055702917772,377
testA,5,global_T_corrected,equal_mass,5,0.7484151422977448,0.8100837171077728,0.7797148633510509,0.8085106382978723,376
testA,5,global_T_corrected,equal_mass,6,0.8100837171077728,0.8655079305171967,0.8382512735242539,0.8882978723404256,376
testA,5,global_T_corrected,equal_mass,7,0.8655079305171967,0.9123465120792389,0.8879706206625273,0.8806366047745358,377
testA,5,global_T_corrected,equal_mass,8,0.9123465120792389,0.9493098855018616,0.9312499420756989,0.9281914893617021,376
testA,5,global_T_corrected,equal_mass,9,0.9493098855018616,0.9729163348674774,0.9617258809665417,0.9654255319148937,376
testA,5,global_T_corrected,equal_mass,10,0.9729163348674774,0.9877471923828125,0.9809821053588422,0.9628647214854111,377
testA,5,global_T_corrected,equal_mass,11,0.9877471923828125,0.9957834482192993,0.9919724580138287,0.9920212765957447,376
testA,5,global_T_corrected,equal_mass,12,0.9957834482192993,0.9991737604141235,0.9977124048797142,0.9973474801061007,377
testA,5,global_T_corrected,equal_mass,13,0.9991737604141235,0.999979168176651,0.9997591018676758,1.0,375
testA,5,global_T_corrected,equal_mass,14,0.999979168176651,1.0,0.999996181833681,1.0,378
testA,5,oracle_T_K,equal_width,0,0.0,0.06666666666666667,0.0,0.0,0
testA,5,oracle_T_K,equal_width,1,0.06666666666666667,0.13333333333333333,0.0,0.0,0
testA,5,oracle_T_K,equal_width,2,0.13333333333333333,0.2,0.0,0.0,0
testA,5,oracle_T_K,equal_width,3,0.2,0.26666666666666666,0.241628959774971,0.0,1
testA,5,oracle_T_K,equal_width,4,0.26666666666666666,0.3333333333333333,0.3094086820079434,0.2903225806451613,31
testA,5,oracle_T_K,equal_width,5,0.3333333333333333,0.4,0.37080125741917513,0.31896551724137934,116
testA,5,oracle_T_K,equal_width,6,0.4,0.4666666666666667,0.4361579629822054,0.4492753623188406,207
testA,5,oracle_T_K,equal_width,7,0.4666666666666667,0.5333333333333333,0.5024994483549301,0.4684931506849315,365
testA,5,oracle_T_K,equal_width,8,0.5333333333333333,0.6,0.5662531776832965,0.5437665782493368,377
testA,5,oracle_T_K,equal_width,9,0.6,0.6666666666666666,0.6333849338256344,0.6106442577030813,357
testA,5,oracle_T_K,equal_width,10,0.6666666666666666,0.7333333333333333,0.7000506290902642,0.7486910994764397,382
testA,5,oracle_T_K,equal_width,11,0.7333333333333333,0.8,0.766892613623674,0.8120300751879699,399
testA,5,oracle_T_K,equal_width,12,0.8,0.8666666666666667,0.8342010961954609,0.8828633405639913,461
testA,5,oracle_T_K,equal_width,13,0.8666666666666667,0.9333333333333333,0.9008266949144547,0.8985765124555161,562
testA,5,oracle_T_K,equal_width,14,0.9333333333333333,1.0,0.9849628093254627,0.983249581239531,2388
testA,5,oracle_T_K,equal_mass,0,0.0,0.47190670669078827,0.4068925815456091,0.39361702127659576,376
testA,5,oracle_T_K,equal_mass,1,0.47190670669078827,0.5395467281341553,0.5072278760056547,0.4734042553191489,376
testA,5,oracle_T_K,equal_mass,2,0.5395467281341553,0.6062827706336975,0.5719413537561735,0.5570291777188329,377
testA,5,oracle_T_K,equal_mass,3,0.6062827706336975,0.674270361661911,0.6409490916957247,0.6276595744680851,376
testA,5,oracle_T_K,equal_mass,4,0.674270361661911,0.7418602108955383,0.7085978716058503,0.753315649867374,377
testA,5,oracle_T_K,equal_mass,5,0.7418602108955383,0.8035834431648254,0.7726571177865597,0.8085106382978723,376
testA,5,oracle_T_K,equal_mass,6,0.8035834431648254,0.8590100109577179,0.8314024189313253,0.888,375
testA,5,oracle_T_K,equal_mass,7,0.8590100109577179,0.9065772294998169,0.8819220758304394,0.8809523809523809,378
testA,5,oracle_T_K,equal_mass,8,0.9065772294998169,0.9455258846282959,0.9265464005470276,0.928,375
testA,5,oracle_T_K,equal_mass,9,0.9455258846282959,0.9701651334762573,0.9584409110445195,0.9656084656084656,378
testA,5,oracle_T_K,equal_mass,10,0.9701651334762573,0.9862574636936188,0.9790132362791832,0.9627659574468085,376
testA,5,oracle_T_K,equal_mass,11,0.9862574636936188,0.9951848089694977,0.9909519887668021,0.9920212765957447,376
testA,5,oracle_T_K,equal_mass,12,0.9951848089694977,0.9990202486515045,0.9973460483298061,0.9973474801061007,377
testA,5,oracle_T_K,equal_mass,13,0.9990202486515045,0.9999731779098511,0.9997076812259694,1.0,376
testA,5,oracle_T_K,equal_mass,14,0.9999731779098511,1.0,0.9999949494154446,1.0,377
testA,10,native,equal_width,0,0.0,0.06666666666666667,0.0,0.0,0
testA,10,native,equal_width,1,0.06666666666666667,0.13333333333333333,0.0,0.0,0
testA,10,native,equal_width,2,0.13333333333333333,0.2,0.1903519332408905,0.0,2
testA,10,native,equal_width,3,0.2,0.26666666666666666,0.24349421869825433,0.24074074074074073,54
testA,10,native,equal_width,4,0.26666666666666666,0.3333333333333333,0.3031202975072359,0.2578947368421053,190
testA,10,native,equal_width,5,0.3333333333333333,0.4,0.3671654915724177,0.30824372759856633,279
testA,10,native,equal_width,6,0.4,0.4666666666666667,0.43481069729143745,0.3701657458563536,362
testA,10,native,equal_width,7,0.4666666666666667,0.5333333333333333,0.5014833766095181,0.4340425531914894,470
testA,10,native,equal_width,8,0.5333333333333333,0.6,0.5640219128518192,0.5092592592592593,432
testA,10,native,equal_width,9,0.6,0.6666666666666666,0.6324004268700303,0.6122448979591837,441
testA,10,native,equal_width,10,0.6666666666666666,0.7333333333333333,0.7012310388760689,0.6538461538461539,390
testA,10,native,equal_width,11,0.7333333333333333,0.8,0.7676495262687071,0.7668393782383419,386
testA,10,native,equal_width,12,0.8,0.8666666666666667,0.834160813206844,0.7937915742793792,451
testA,10,native,equal_width,13,0.8666666666666667,0.9333333333333333,0.9019508917271877,0.8763440860215054,558
testA,10,native,equal_width,14,0.9333333333333333,1.0,0.9814214802168396,0.979767014101778,1631
testA,10,native,equal_mass,0,0.0,0.3640676736831665,0.310139407185798,0.2632978723404255,376
testA,10,native,equal_mass,1,0.3640676736831665,0.4429965764284134,0.4067205352352021,0.34574468085106386,376
testA,10,native,equal_mass,2,0.4429965764284134,0.5032649040222168,0.4747812289458055,0.4244031830238727,377
testA,10,native,equal_mass,3,0.5032649040222168,0.5537332594394684,0.527949387564304,0.4015957446808511,376
testA,10,native,equal_mass,4,0.5537332594394684,0.6126355230808258,0.5826601205833395,0.596816976127321,377
testA,10,native,equal_mass,5,0.6126355230808258,0.6723939478397369,0.6416393000077694,0.6117021276595744,376
testA,10,native,equal_mass,6,0.6723939478397369,0.7364197969436646,0.7048286442109879,0.648936170212766,376
testA,10,native,equal_mass,7,0.7364197969436646,0.8004138171672821,0.7692958427993309,0.7745358090185677,377
testA,10,native,equal_mass,8,0.8004138171672821,0.8575479984283447,0.8294753755660768,0.7872340425531915,376
testA,10,native,equal_mass,9,0.8575479984283447,0.9060792028903961,0.8822502049590295,0.8594164456233422,377
testA,10,native,equal_mass,10,0.9060792028903961,0.945187121629715,0.9269683059859783,0.8962765957446809,376
testA,10,native,equal_mass,11,0.945187121629715,0.9745206534862518,0.9605042347882656,0.976063829787234,376
testA,10,native,equal_mass,12,0.9745206534862518,0.9911826550960541,0.983857678955999,0.9787798408488063,377
testA,10,native,equal_mass,13,0.9911826550960541,0.9984443485736847,0.995299572957323,0.9867021276595744,376
testA,10,native,equal_mass,14,0.9984443485736847,1.0,0.9996408764816406,1.0,377
testA,10,global_T_corrected,equal_width,0,0.0,0.06666666666666667,0.0,0.0,0
testA,10,global_T_corrected,equal_width,1,0.06666666666666667,0.13333333333333333,0.0,0.0,0
testA,10,global_T_corrected,equal_width,2,0.13333333333333333,0.2,0.19088920099394663,0.0,7
testA,10,global_T_corrected,equal_width,3,0.2,0.26666666666666666,0.24405186933775744,0.23958333333333334,96
testA,10,global_T_corrected,equal_width,4,0.26666666666666666,0.3333333333333333,0.3038805040363151,0.2796934865900383,261
testA,10,global_T_corrected,equal_width,5,0.3333333333333333,0.4,0.3688450412966355,0.3538011695906433,342
testA,10,global_T_corrected,equal_width,6,0.4,0.4666666666666667,0.43496782265860456,0.40229885057471265,435
testA,10,global_T_corrected,equal_width,7,0.4666666666666667,0.5333333333333333,0.5001477362461461,0.4679611650485437,515
testA,10,global_T_corrected,equal_width,8,0.5333333333333333,0.6,0.5660414658566957,0.5806451612903226,465
testA,10,global_T_corrected,equal_width,9,0.6,0.6666666666666666,0.633631614527919,0.6590909090909091,440
testA,10,global_T_corrected,equal_width,10,0.6666666666666666,0.7333333333333333,0.7006090327376931,0.7430025445292621,393
testA,10,global_T_corrected,equal_width,11,0.7333333333333333,0.8,0.7679322547382779,0.7901234567901234,405
testA,10,global_T_corrected,equal_width,12,0.8,0.8666666666666667,0.8341437839554994,0.8568232662192393,447
testA,10,global_T_corrected,equal_width,13,0.8666666666666667,0.9333333333333333,0.9020446468543303,0.922509225092251,542
testA,10,global_T_corrected,equal_width,14,0.9333333333333333,1.0,0.9798209253004042,0.9892141756548536,1298
testA,10,global_T_corrected,equal_mass,0,0.0,0.3360586315393448,0.2874747494116743,0.2579787234042553,376
testA,10,global_T_corrected,equal_mass,1,0.3360586315393448,0.4080076217651367,0.374291220085418,0.3617021276595745,376
testA,10,global_T_corrected,equal_mass,2,0.4080076217651367,0.46531322598457336,0.4377180094428024,0.41379310344827586,377
testA,10,global_T_corrected,equal_mass,3,0.46531322598457336,0.5126240253448486,0.49019379137044256,0.425531914893617,376
testA,10,global_T_corrected,equal_mass,4,0.5126240253448486,0.564253181219101,0.5383054421182021,0.5729442970822282,377
testA,10,global_T_corrected,equal_mass,5,0.564253181219101,0.6214124262332916,0.5925590510063983,0.6143617021276596,376
testA,10,global_T_corrected,equal_mass,6,0.6214124262332916,0.6795347034931183,0.6497055961096541,0.651595744680851,376
testA,10,global_T_corrected,equal_mass,7,0.6795347034931183,0.7424899637699127,0.7114486054020788,0.7718832891246684,377
testA,10,global_T_corrected,equal_mass,8,0.7424899637699127,0.8061835467815399,0.7751479741740734,0.7845744680851063,376
testA,10,global_T_corrected,equal_mass,9,0.8061835467815399,0.8593793213367462,0.8332709635284282,0.8541114058355438,377
testA,10,global_T_corrected,equal_mass,10,0.8593793213367462,0.9110133945941925,0.8864277783543506,0.8962765957446809,376
testA,10,global_T_corrected,equal_mass,11,0.9110133945941925,0.952437162399292,0.9317312023424088,0.9813829787234043,376
testA,10,global_T_corrected,equal_mass,12,0.952437162399292,0.9801515340805054,0.9679354479837797,0.9787798408488063,377
testA,10,global_T_corrected,equal_mass,13,0.9801515340805054,0.9955958127975464,0.9888939170837402,0.9866666666666667,375
testA,10,global_T_corrected,equal_mass,14,0.9955958127975464,1.0,0.99885832995334,1.0,378
testA,10,oracle_T_K,equal_width,0,0.0,0.06666666666666667,0.0,0.0,0
testA,10,oracle_T_K,equal_width,1,0.06666666666666667,0.13333333333333333,0.0,0.0,0
testA,10,oracle_T_K,equal_width,2,0.13333333333333333,0.2,0.18848153650760652,0.0,5
testA,10,oracle_T_K,equal_width,3,0.2,0.26666666666666666,0.2427709491716491,0.23333333333333334,90
testA,10,oracle_T_K,equal_width,4,0.26666666666666666,0.3333333333333333,0.30373598935530166,0.2868217054263566,258
testA,10,oracle_T_K,equal_width,5,0.3333333333333333,0.4,0.36897606894151486,0.3373134328358209,335
testA,10,oracle_T_K,equal_width,6,0.4,0.4666666666666667,0.4348713813108556,0.40941176470588236,425
testA,10,oracle_T_K,equal_width,7,0.4666666666666667,0.5333333333333333,0.5003835370181611,0.45366795366795365,518
testA,10,oracle_T_K,equal_width,8,0.5333333333333333,0.6,0.5654368236560949,0.5861297539149888,447
testA,10,oracle_T_K,equal_width,9,0.6,0.6666666666666666,0.6330871847087303,0.6504424778761062,452
testA,10,oracle_T_K,equal_width,10,0.6666666666666666,0.7333333333333333,0.7010301505463032,0.7291139240506329,395
testA,10,oracle_T_K,equal_width,11,0.7333333333333333,0.8,0.768576744603522,0.7925925925925926,405
testA,10,oracle_T_K,equal_width,12,0.8,0.8666666666666667,0.8353693546965258,0.8502202643171806,454
testA,10,oracle_T_K,equal_width,13,0.8666666666666667,0.9333333333333333,0.9021798490794165,0.9196940726577438,523
testA,10,oracle_T_K,equal_width,14,0.9333333333333333,1.0,0.9796057097764047,0.988050784167289,1339
testA,10,oracle_T_K,equal_mass,0,0.0,0.33809974789619446,0.2895549037196535,0.2579787234042553,376
testA,10,oracle_T_K,equal_mass,1,0.33809974789619446,0.4111271947622299,0.37732357230592284,0.35904255319148937,376
testA,10,oracle_T_K,equal_mass,2,0.4111271947622299,0.4695092886686325,0.44118334475499565,0.41379310344827586,377
testA,10,oracle_T_K,equal_mass,3,0.4695092886686325,0.5161838233470917,0.49386031331217034,0.425531914893617,376
testA,10,oracle_T_K,equal_mass,4,0.5161838233470917,0.5679284632205963,0.5423570700602443,0.5755968169761273,377
testA,10,oracle_T_K,equal_mass,5,0.5679284632205963,0.6272035837173462,0.5971630277468803,0.6170212765957447,376
testA,10,oracle_T_K,equal_mass,6,0.6272035837173462,0.6843341290950775,0.6548418049165543,0.6462765957446809,376
testA,10,oracle_T_K,equal_mass,7,0.6843341290950775,0.7481372058391571,0.7170471963262685,0.7692307692307693,377
testA,10,oracle_T_K,equal_mass,8,0.7481372058391571,0.811133861541748,0.7805178591862638,0.7845744680851063,376
testA,10,oracle_T_K,equal_mass,9,0.811133861541748,0.8640303611755371,0.8382577911928415,0.8594164456233422,377
testA,10,oracle_T_K,equal_mass,10,0.8640303611755371,0.9147997498512268,0.8907789725889551,0.8962765957446809,376
testA,10,oracle_T_K,equal_mass,11,0.9147997498512268,0.9550231993198395,0.9349313857073479,0.9813829787234043,376
testA,10,oracle_T_K,equal_mass,12,0.9550231993198395,0.9813797771930695,0.9698019073681629,0.9787234042553191,376
testA,10,oracle_T_K,equal_mass,13,0.9813797771930695,0.9959880709648132,0.9897066700996076,0.986737400530504,377
testA,10,oracle_T_K,equal_mass,14,0.9959880709648132,1.0,0.998977620026161,1.0,377
testA,20,native,equal_width,0,0.0,0.06666666666666667,0.0,0.0,0
testA,20,native,equal_width,1,0.06666666666666667,0.13333333333333333,0.13165267556905746,0.0,2
testA,20,native,equal_width,2,0.13333333333333333,0.2,0.17779752969741822,0.17333333333333334,75
testA,20,native,equal_width,3,0.2,0.26666666666666666,0.23588971147092722,0.2033898305084746,295
testA,20,native,equal_width,4,0.26666666666666666,0.3333333333333333,0.3004275689783849,0.2631578947368421,456
testA,20,native,equal_width,5,0.3333333333333333,0.4,0.36874115148794306,0.3592233009708738,515
testA,20,native,equal_width,6,0.4,0.4666666666666667,0.43409307718936807,0.3892988929889299,542
testA,20,native,equal_width,7,0.4666666666666667,0.5333333333333333,0.4997227850013506,0.4628252788104089,538
testA,20,native,equal_width,8,0.5333333333333333,0.6,0.5675320426623026,0.5563725490196079,408
testA,20,native,equal_width,9,0.6,0.6666666666666666,0.6326795520552669,0.5903614457831325,415
testA,20,native,equal_width,10,0.6666666666666666,0.7333333333333333,0.6976715559618814,0.6857142857142857,350
testA,20,native,equal_width,11,0.7333333333333333,0.8,0.7648554759867051,0.7441176470588236,340
testA,20,native,equal_width,12,0.8,0.8666666666666667,0.8334199721950636,0.8671679197994987,399
testA,20,native,equal_width,13,0.8666666666666667,0.9333333333333333,0.9017223811667898,0.9065217391304348,460
testA,20,native,equal_width,14,0.9333333333333333,1.0,0.9750782196025871,0.972972972972973,851
testA,20,native,equal_mass,0,0.0,0.2672521770000458,0.2240786428781266,0.19680851063829788,376
testA,20,native,equal_mass,1,0.2672521770000458,0.32134173810482025,0.2954575145181189,0.25,376
testA,20,native,equal_mass,2,0.32134173810482025,0.375121146440506,0.3493407698303698,0.35013262599469497,377
testA,20,native,equal_mass,3,0.375121146440506,0.42080989480018616,0.39799125635243476,0.3723404255319149,376
testA,20,native,equal_mass,4,0.42080989480018616,0.4662766754627228,0.44368558489675547,0.3925729442970822,377
testA,20,native,equal_mass,5,0.4662766754627228,0.5127955973148346,0.4892132122941474,0.43882978723404253,376
testA,20,native,equal_mass,6,0.5127955973148346,0.5680664479732513,0.5384657661965553,0.5398936170212766,376
testA,20,native,equal_mass,7,0.5680664479732513,0.6266703605651855,0.5988255323402445,0.53315649867374,377
testA,20,native,equal_mass,8,0.6266703605651855,0.6892492771148682,0.6586683812610646,0.6569148936170213,376
testA,20,native,equal_mass,9,0.6892492771148682,0.7626350224018097,0.7277295919881259,0.7214854111405835,377
testA,20,native,equal_mass,10,0.7626350224018097,0.8329735994338989,0.8008701604207357,0.7973333333333333,375
testA,20,native,equal_mass,11,0.8329735994338989,0.8946998417377472,0.8655459379896204,0.8882978723404256,376
testA,20,native,equal_mass,12,0.8946998417377472,0.9468994736671448,0.9208573498738506,0.9285714285714286,378
testA,20,native,equal_mass,13,0.9468994736671448,0.9814348816871643,0.9661501985281071,0.9627659574468085,376
testA,20,native,equal_mass,14,0.9814348816871643,1.0,0.9931398155834694,0.986737400530504,377
testA,20,global_T_corrected,equal_width,0,0.0,0.06666666666666667,0.0,0.0,0
testA,20,global_T_corrected,equal_width,1,0.06666666666666667,0.13333333333333333,0.12842111786206564,0.3333333333333333,6
testA,20,global_T_corrected,equal_width,2,0.13333333333333333,0.2,0.17809608720148665,0.16455696202531644,158
testA,20,global_T_corrected,equal_width,3,0.2,0.26666666666666666,0.23630609111391382,0.2278177458033573,417
testA,20,global_T_corrected,equal_width,4,0.26666666666666666,0.3333333333333333,0.2997681875252029,0.32427184466019415,515
testA,20,global_T_corrected,equal_width,5,0.3333333333333333,0.4,0.36648352385134025,0.38193343898573695,631
testA,20,global_T_corrected,equal_width,6,0.4,0.4666666666666667,0.4328134678483419,0.4381443298969072,582
testA,20,global_T_corrected,equal_width,7,0.4666666666666667,0.5333333333333333,0.49982433424641687,0.5270833333333333,480
testA,20,global_T_corrected,equal_width,8,0.5333333333333333,0.6,0.5673367081090246,0.5942350332594235,451
testA,20,global_T_corrected,equal_width,9,0.6,0.6666666666666666,0.6323720576628199,0.6846361185983828,371
testA,20,global_T_corrected,equal_width,10,0.6666666666666666,0.7333333333333333,0.6999710687371188,0.752906976744186,344
testA,20,global_T_corrected,equal_width,11,0.7333333333333333,0.8,0.7669364969737248,0.8703170028818443,347
testA,20,global_T_corrected,equal_width,12,0.8,0.8666666666666667,0.832847319976775,0.8919667590027701,361
testA,20,global_T_corrected,equal_width,13,0.8666666666666667,0.9333333333333333,0.9011321265454704,0.9451697127937336,383
testA,20,global_T_corrected,equal_width,14,0.9333333333333333,1.0,0.971189425388972,0.98,600
testA,20,global_T_corrected,equal_mass,0,0.0,0.23860563337802887,0.20086549135281684,0.19414893617021275,376
testA,20,global_T_corrected,equal_mass,1,0.23860563337802887,0.2887544184923172,0.26420617610850233,0.25,376
testA,20,global_T_corrected,equal_mass,2,0.2887544184923172,0.3370034694671631,0.3130339426766656,0.34748010610079577,377
testA,20,global_T_corrected,equal_mass,3,0.3370034694671631,0.3768528699874878,0.35659176594716435,0.3829787234042553,376
testA,20,global_T_corrected,equal_mass,4,0.3768528699874878,0.41742415726184845,0.396525481572518,0.38726790450928383,377
testA,20,global_T_corrected,equal_mass,5,0.41742415726184845,0.4603651762008667,0.4385297347573524,0.4627659574468085,376
testA,20,global_T_corrected,equal_mass,6,0.4603651762008667,0.512153297662735,0.4852755508048737,0.5159574468085106,376
testA,20,global_T_corrected,equal_mass,7,0.512153297662735,0.567609041929245,0.5392746987013981,0.5649867374005305,377
testA,20,global_T_corrected,equal_mass,8,0.567609041929245,0.6237813830375671,0.5944076960391187,0.6409574468085106,376
testA,20,global_T_corrected,equal_mass,9,0.6237813830375671,0.6960051953792572,0.6600851301173,0.6976127320954907,377
testA,20,global_T_corrected,equal_mass,10,0.6960051953792572,0.7689856290817261,0.7331874429384867,0.8213333333333334,375
testA,20,global_T_corrected,equal_mass,11,0.7689856290817261,0.8406785726547241,0.8048940183945613,0.8673740053050398,377
testA,20,global_T_corrected,equal_mass,12,0.8406785726547241,0.9090643227100372,0.8735655544607329,0.9336870026525199,377
testA,20,global_T_corrected,equal_mass,13,0.9090643227100372,0.9621039628982544,0.9375206197102864,0.9626666666666667,375
testA,20,global_T_corrected,equal_mass,14,0.9621039628982544,1.0,0.9842443319540175,0.9867724867724867,378
testA,20,oracle_T_K,equal_width,0,0.0,0.06666666666666667,0.0,0.0,0
testA,20,oracle_T_K,equal_width,1,0.06666666666666667,0.13333333333333333,0.12719684094190598,0.0,3
testA,20,oracle_T_K,equal_width,2,0.13333333333333333,0.2,0.17765687566537122,0.16153846153846155,130
testA,20,oracle_T_K,equal_width,3,0.2,0.26666666666666666,0.23627204254964473,0.24093264248704663,386
testA,20,oracle_T_K,equal_width,4,0.26666666666666666,0.3333333333333333,0.29976081992059167,0.2937625754527163,497
testA,20,oracle_T_K,equal_width,5,0.3333333333333333,0.4,0.36776180197795233,0.37666666666666665,600
testA,20,oracle_T_K,equal_width,6,0.4,0.4666666666666667,0.4331642414872158,0.4185639229422067,571
testA,20,oracle_T_K,equal_width,7,0.4666666666666667,0.5333333333333333,0.4976574958366243,0.5135699373695198,479
testA,20,oracle_T_K,equal_width,8,0.5333333333333333,0.6,0.5657858326028815,0.5739910313901345,446
testA,20,oracle_T_K,equal_width,9,0.6,0.6666666666666666,0.6298485284253043,0.6556122448979592,392
testA,20,oracle_T_K,equal_width,10,0.6666666666666666,0.7333333333333333,0.6987849193156799,0.7427745664739884,346
testA,20,oracle_T_K,equal_width,11,0.7333333333333333,0.8,0.767624920522663,0.8366197183098592,355
testA,20,oracle_T_K,equal_width,12,0.8,0.8666666666666667,0.8354251612316478,0.8883116883116883,385
testA,20,oracle_T_K,equal_width,13,0.8666666666666667,0.9333333333333333,0.9014644322457251,0.9298701298701298,385
testA,20,oracle_T_K,equal_width,14,0.9333333333333333,1.0,0.9721365011395712,0.977645305514158,671
testA,20,oracle_T_K,equal_mass,0,0.0,0.2466663271188736,0.20712097934348153,0.19946808510638298,376
testA,20,oracle_T_K,equal_mass,1,0.2466663271188736,0.29726849496364594,0.2727692551337756,0.2519893899204244,377
testA,20,oracle_T_K,equal_mass,2,0.29726849496364594,0.347586914896965,0.3230404459098552,0.3484042553191489,376
testA,20,oracle_T_K,equal_mass,3,0.347586914896965,0.3885175287723541,0.3679883917595478,0.3670212765957447,376
testA,20,oracle_T_K,equal_mass,4,0.3885175287723541,0.4310007691383362,0.40951352955808057,0.38461538461538464,377
testA,20,oracle_T_K,equal_mass,5,0.4310007691383362,0.4758625328540802,0.4525641533447073,0.46808510638297873,376
testA,20,oracle_T_K,equal_mass,6,0.4758625328540802,0.5283667147159576,0.499901653842089,0.5159574468085106,376
testA,20,oracle_T_K,equal_mass,7,0.5283667147159576,0.5841401219367981,0.555726498286351,0.5702917771883289,377
testA,20,oracle_T_K,equal_mass,8,0.5841401219367981,0.6428360641002655,0.6123073963408775,0.6356382978723404,376
testA,20,oracle_T_K,equal_mass,9,0.6428360641002655,0.7148219645023346,0.679039060278976,0.7082228116710876,377
testA,20,oracle_T_K,equal_mass,10,0.7148219645023346,0.7884581983089447,0.7530135467965552,0.8111702127659575,376
testA,20,oracle_T_K,equal_mass,11,0.7884581983089447,0.857862263917923,0.8231881438417638,0.8723404255319149,376
testA,20,oracle_T_K,equal_mass,12,0.857862263917923,0.9210518002510071,0.8881524345919055,0.9336870026525199,377
testA,20,oracle_T_K,equal_mass,13,0.9210518002510071,0.9688701331615448,0.9469143236254124,0.9627659574468085,376
testA,20,oracle_T_K,equal_mass,14,0.9688701331615448,1.0,0.9874089459841701,0.986737400530504,377
testA,50,native,equal_width,0,0.0,0.06666666666666667,0.06607219576835632,0.0,1
testA,50,native,equal_width,1,0.06666666666666667,0.13333333333333333,0.1129589516382951,0.08717948717948718,195
testA,50,native,equal_width,2,0.13333333333333333,0.2,0.16863410573716114,0.1632996632996633,594
testA,50,native,equal_width,3,0.2,0.26666666666666666,0.23509467677176776,0.24151436031331594,766
testA,50,native,equal_width,4,0.26666666666666666,0.3333333333333333,0.29978269383392697,0.2718579234972678,732
testA,50,native,equal_width,5,0.3333333333333333,0.4,0.36583278296001726,0.3770764119601329,602
testA,50,native,equal_width,6,0.4,0.4666666666666667,0.43461829634687055,0.4263261296660118,509
testA,50,native,equal_width,7,0.4666666666666667,0.5333333333333333,0.4993699712306261,0.53,400
testA,50,native,equal_width,8,0.5333333333333333,0.6,0.5635445735411729,0.6497005988023952,334
testA,50,native,equal_width,9,0.6,0.6666666666666666,0.631136784154779,0.6759581881533101,287
testA,50,native,equal_width,10,0.6666666666666666,0.7333333333333333,0.6984340234117193,0.8168498168498168,273
testA,50,native,equal_width,11,0.7333333333333333,0.8,0.7665234380910376,0.8319327731092437,238
testA,50,native,equal_width,12,0.8,0.8666666666666667,0.8323862257304492,0.8378378378378378,222
testA,50,native,equal_width,13,0.8666666666666667,0.9333333333333333,0.9027495911078793,0.96875,224
testA,50,native,equal_width,14,0.9333333333333333,1.0,0.9695264132049447,0.9739776951672863,269
testA,50,native,equal_mass,0,0.0,0.15762261301279068,0.1286208884433863,0.11170212765957446,376
testA,50,native,equal_mass,1,0.15762261301279068,0.19545971602201462,0.17659585796138075,0.1675531914893617,376
testA,50,native,equal_mass,2,0.19545971602201462,0.23221991211175919,0.21542053177597037,0.21485411140583555,377
testA,50,native,equal_mass,3,0.23221991211175919,0.2621631920337677,0.2470533032208047,0.26861702127659576,376
testA,50,native,equal_mass,4,0.2621631920337677,0.2960324287414551,0.278709019289725,0.26525198938992045,377
testA,50,native,equal_mass,5,0.2960324287414551,0.33035922050476074,0.3135016900698344,0.2773333333333333,375
testA,50,native,equal_mass,6,0.33035922050476074,0.36979997158050537,0.34968991668534216,0.33687002652519893,377
testA,50,native,equal_mass,7,0.36979997158050537,0.41660162806510925,0.3929633632578964,0.4244031830238727,377
testA,50,native,equal_mass,8,0.41660162806510925,0.4653644263744354,0.44192324182454573,0.4175531914893617,376
testA,50,native,equal_mass,9,0.4653644263744354,0.525949090719223,0.49547376746524235,0.5305039787798409,377
testA,50,native,equal_mass,10,0.525949090719223,0.600804477930069,0.5610956132729003,0.6436170212765957,376
testA,50,native,equal_mass,11,0.600804477930069,0.6875013113021851,0.6435565943730638,0.6968085106382979,376
testA,50,native,equal_mass,12,0.6875013113021851,0.7892557978630066,0.7371258874786943,0.8275862068965517,377
testA,50,native,equal_mass,13,0.7892557978630066,0.9027218222618103,0.8455143222149383,0.8856382978723404,376
testA,50,native,equal_mass,14,0.9027218222618103,1.0,0.955063821466279,0.9734748010610079,377
testA,50,global_T_corrected,equal_width,0,0.0,0.06666666666666667,0.06240838641921679,0.0,3
testA,50,global_T_corrected,equal_width,1,0.06666666666666667,0.13333333333333333,0.11027557781728153,0.10795454545454546,352
testA,50,global_T_corrected,equal_width,2,0.13333333333333333,0.2,0.1676822685132361,0.20127388535031848,785
testA,50,global_T_corrected,equal_width,3,0.2,0.26666666666666666,0.23216749109434112,0.2579582875960483,911
testA,50,global_T_corrected,equal_width,4,0.26666666666666666,0.3333333333333333,0.2986588385737475,0.35047361299052776,739
testA,50,global_T_corrected,equal_width,5,0.3333333333333333,0.4,0.3657813741972572,0.43859649122807015,570
testA,50,global_T_corrected,equal_width,6,0.4,0.4666666666666667,0.43184870041372403,0.5210970464135021,474
testA,50,global_T_corrected,equal_width,7,0.4666666666666667,0.5333333333333333,0.49954954638999977,0.6295336787564767,386
testA,50,global_T_corrected,equal_width,8,0.5333333333333333,0.6,0.5673275284799699,0.7440273037542662,293
testA,50,global_T_corrected,equal_width,9,0.6,0.6666666666666666,0.6318219215609133,0.8046875,256
testA,50,global_T_corrected,equal_width,10,0.6666666666666666,0.7333333333333333,0.6996776478712639,0.8133971291866029,209
testA,50,global_T_corrected,equal_width,11,0.7333333333333333,0.8,0.764934882364775,0.8526315789473684,190
testA,50,global_T_corrected,equal_width,12,0.8,0.8666666666666667,0.83478162428912,0.9647058823529412,170
testA,50,global_T_corrected,equal_width,13,0.8666666666666667,0.9333333333333333,0.899580254787352,0.9817073170731707,164
testA,50,global_T_corrected,equal_width,14,0.9333333333333333,1.0,0.9676285535097122,0.9722222222222222,144
testA,50,global_T_corrected,equal_mass,0,0.0,0.13520660996437073,0.11122919326806639,0.11702127659574468,376
testA,50,global_T_corrected,equal_mass,1,0.13520660996437073,0.16749103367328644,0.15157729692440083,0.17819148936170212,376
testA,50,global_T_corrected,equal_mass,2,0.16749103367328644,0.19963399320840836,0.18463203085071228,0.2127659574468085,376
testA,50,global_T_corrected,equal_mass,3,0.19963399320840836,0.22427554428577423,0.21149178974805993,0.2579787234042553,376
testA,50,global_T_corrected,equal_mass,4,0.22427554428577423,0.2547442615032196,0.23888064613417972,0.2671957671957672,378
testA,50,global_T_corrected,equal_mass,5,0.2547442615032196,0.2843000888824463,0.2687820982425771,0.2765957446808511,376
testA,50,global_T_corrected,equal_mass,6,0.2843000888824463,0.318234845995903,0.3003197680314382,0.37066666666666664,375
testA,50,global_T_corrected,equal_mass,7,0.318234845995903,0.3582538217306137,0.33754260309789547,0.3941798941798942,378
testA,50,global_T_corrected,equal_mass,8,0.3582538217306137,0.4033743143081665,0.3799425197884123,0.45478723404255317,376
testA,50,global_T_corrected,equal_mass,9,0.4033743143081665,0.45497679710388184,0.4285067074811111,0.5039787798408488,377
testA,50,global_T_corrected,equal_mass,10,0.45497679710388184,0.5176892280578613,0.4868854344525236,0.6223404255319149,376
testA,50,global_T_corrected,equal_mass,11,0.5176892280578613,0.6006775200366974,0.5587560856278907,0.7313829787234043,376
testA,50,global_T_corrected,equal_mass,12,0.6006775200366974,0.7036111354827881,0.6499316581680541,0.7931034482758621,377
testA,50,global_T_corrected,equal_mass,13,0.7036111354827881,0.8423173129558563,0.7695903123376218,0.8882978723404256,376
testA,50,global_T_corrected,equal_mass,14,0.8423173129558563,1.0,0.9175269595824123,0.9734748010610079,377
testA,50,oracle_T_K,equal_width,0,0.0,0.06666666666666667,0.0637991614639759,0.0,2
testA,50,oracle_T_K,equal_width,1,0.06666666666666667,0.13333333333333333,0.11202519878193185,0.0962962962962963,270
testA,50,oracle_T_K,equal_width,2,0.13333333333333333,0.2,0.16769930855191426,0.18545994065281898,674
testA,50,oracle_T_K,equal_width,3,0.2,0.26666666666666666,0.23270455487247363,0.24882629107981222,852
testA,50,oracle_T_K,equal_width,4,0.26666666666666666,0.3333333333333333,0.2989362352772763,0.29554655870445345,741
testA,50,oracle_T_K,equal_width,5,0.3333333333333333,0.4,0.3648976469638026,0.42560553633217996,578
testA,50,oracle_T_K,equal_width,6,0.4,0.4666666666666667,0.43146614061144295,0.4550898203592814,501
testA,50,oracle_T_K,equal_width,7,0.4666666666666667,0.5333333333333333,0.4993641410768032,0.61,400
testA,50,oracle_T_K,equal_width,8,0.5333333333333333,0.6,0.565348957674191,0.6677316293929713,313
testA,50,oracle_T_K,equal_width,9,0.6,0.6666666666666666,0.6332807685063634,0.7364620938628159,277
testA,50,oracle_T_K,equal_width,10,0.6666666666666666,0.7333333333333333,0.6994957246898134,0.8353909465020576,243
testA,50,oracle_T_K,equal_width,11,0.7333333333333333,0.8,0.7677435093330887,0.8301886792452831,212
testA,50,oracle_T_K,equal_width,12,0.8,0.8666666666666667,0.8325358331203461,0.9230769230769231,182
testA,50,oracle_T_K,equal_width,13,0.8666666666666667,0.9333333333333333,0.8996667637297856,0.9798994974874372,199
testA,50,oracle_T_K,equal_width,14,0.9333333333333333,1.0,0.9676209363606897,0.9702970297029703,202
testA,50,oracle_T_K,equal_mass,0,0.0,0.14568010717630386,0.11936044223368802,0.11170212765957446,376
testA,50,oracle_T_K,equal_mass,1,0.14568010717630386,0.18078464269638062,0.16334971234677953,0.18085106382978725,376
testA,50,oracle_T_K,equal_mass,2,0.18078464269638062,0.21529939770698547,0.19914457269151267,0.21750663129973474,377
testA,50,oracle_T_K,equal_mass,3,0.21529939770698547,0.24174853414297104,0.2283477997605471,0.2579787234042553,376
testA,50,oracle_T_K,equal_mass,4,0.24174853414297104,0.2743985950946808,0.2577328667716575,0.259946949602122,377
testA,50,oracle_T_K,equal_mass,5,0.2743985950946808,0.3070996403694153,0.2900061654917737,0.28191489361702127,376
testA,50,oracle_T_K,equal_mass,6,0.3070996403694153,0.3423447906970978,0.3240054066669434,0.3404255319148936,376
testA,50,oracle_T_K,equal_mass,7,0.3423447906970978,0.38538500666618347,0.36400806089611204,0.41644562334217505,377
testA,50,oracle_T_K,equal_mass,8,0.38538500666618347,0.43314792215824127,0.409365731033873,0.449468085106383,376
testA,50,oracle_T_K,equal_mass,9,0.43314792215824127,0.48991627991199493,0.4607546604596652,0.5119363395225465,377
testA,50,oracle_T_K,equal_mass,10,0.48991627991199493,0.5573972463607788,0.5224699623724247,0.6329787234042553,376
testA,50,oracle_T_K,equal_mass,11,0.5573972463607788,0.6429368555545807,0.6000675900777181,0.712,375
testA,50,oracle_T_K,equal_mass,12,0.6429368555545807,0.7474910914897919,0.6928261436482586,0.8068783068783069,378
testA,50,oracle_T_K,equal_mass,13,0.7474910914897919,0.875291496515274,0.8085938627098469,0.8882978723404256,376
testA,50,oracle_T_K,equal_mass,14,0.875291496515274,1.0,0.937951973641899,0.9734748010610079,377
testB,5,native,equal_width,0,0.0,0.06666666666666667,0.0,0.0,0
testB,5,native,equal_width,1,0.06666666666666667,0.13333333333333333,0.0,0.0,0
testB,5,native,equal_width,2,0.13333333333333333,0.2,0.0,0.0,0
testB,5,native,equal_width,3,0.2,0.26666666666666666,0.25338613986968994,0.6666666666666666,3
testB,5,native,equal_width,4,0.26666666666666666,0.3333333333333333,0.31297699135282764,0.2391304347826087,46
testB,5,native,equal_width,5,0.3333333333333333,0.4,0.3703847328821818,0.32051282051282054,156
testB,5,native,equal_width,6,0.4,0.4666666666666667,0.4368119574279236,0.3920863309352518,278
testB,5,native,equal_width,7,0.4666666666666667,0.5333333333333333,0.5018689166297705,0.49318801089918257,367
testB,5,native,equal_width,8,0.5333333333333333,0.6,0.5655118366537507,0.4860050890585242,393
testB,5,native,equal_width,9,0.6,0.6666666666666666,0.6331099906989507,0.58,350
testB,5,native,equal_width,10,0.6666666666666666,0.7333333333333333,0.6993747062080509,0.6868131868131868,364
testB,5,native,equal_width,11,0.7333333333333333,0.8,0.767225820221295,0.6933701657458563,362
testB,5,native,equal_width,12,0.8,0.8666666666666667,0.8339216434892188,0.776595744680851,376
testB,5,native,equal_width,13,0.8666666666666667,0.9333333333333333,0.9027077877291776,0.8907922912205567,467
testB,5,native,equal_width,14,0.9333333333333333,1.0,0.9823890570778001,0.9749661705006766,1478
testB,5,native,equal_mass,0,0.0,0.42967526614665985,0.3761329637376236,0.3333333333333333,309
testB,5,native,equal_mass,1,0.42967526614665985,0.49366283416748047,0.46236183969334105,0.4174757281553398,309
testB,5,native,equal_mass,2,0.49366283416748047,0.5458448231220245,0.521195292953522,0.49032258064516127,310
testB,5,native,equal_mass,3,0.5458448231220245,0.5982556641101837,0.5713331139974995,0.5048543689320388,309
testB,5,native,equal_mass,4,0.5982556641101837,0.6566540002822876,0.6281293721260762,0.5792880258899676,309
testB,5,native,equal_mass,5,0.6566540002822876,0.7132098376750946,0.6858403655790514,0.6548387096774193,310
testB,5,native,equal_mass,6,0.7132098376750946,0.7736716568470001,0.7432787586184382,0.7152103559870551,309
testB,5,native,equal_mass,7,0.7736716568470001,0.8299644291400909,0.8004620505382328,0.7184466019417476,309
testB,5,native,equal_mass,8,0.8299644291400909,0.8829184472560883,0.8552839763702885,0.8129032258064516,310
testB,5,native,equal_mass,9,0.8829184472560883,0.9243703186511993,0.9049932210190782,0.8932038834951457,309
testB,5,native,equal_mass,10,0.9243703186511993,0.9581029415130615,0.9421345805658877,0.9385113268608414,309
testB,5,native,equal_mass,11,0.9581029415130615,0.9819972217082977,0.970485693793143,0.9612903225806452,310
testB,5,native,equal_mass,12,0.9819972217082977,0.9953596889972687,0.9892787848475681,0.9644012944983819,309
testB,5,native,equal_mass,13,0.9953596889972687,0.9997974336147308,0.9981734787376182,0.9967637540453075,309
testB,5,native,equal_mass,14,0.9997974336147308,1.0,0.9999678067622646,1.0,310
testB,5,global_T_corrected,equal_width,0,0.0,0.06666666666666667,0.0,0.0,0
testB,5,global_T_corrected,equal_width,1,0.06666666666666667,0.13333333333333333,0.0,0.0,0
testB,5,global_T_corrected,equal_width,2,0.13333333333333333,0.2,0.0,0.0,0
testB,5,global_T_corrected,equal_width,3,0.2,0.26666666666666666,0.24633648991584778,0.6666666666666666,3
testB,5,global_T_corrected,equal_width,4,0.26666666666666666,0.3333333333333333,0.3112335841596862,0.2222222222222222,81
testB,5,global_T_corrected,equal_width,5,0.3333333333333333,0.4,0.37201034622405893,0.36318407960199006,201
testB,5,global_T_corrected,equal_width,6,0.4,0.4666666666666667,0.43419893477167,0.41297935103244837,339
testB,5,global_T_corrected,equal_width,7,0.4666666666666667,0.5333333333333333,0.5026350085573398,0.48243559718969553,427
testB,5,global_T_corrected,equal_width,8,0.5333333333333333,0.6,0.5667118853644321,0.5598086124401914,418
testB,5,global_T_corrected,equal_width,9,0.6,0.6666666666666666,0.6335998301960758,0.6494845360824743,388
testB,5,global_T_corrected,equal_width,10,0.6666666666666666,0.7333333333333333,0.699849537300737,0.7205479452054795,365
testB,5,global_T_corrected,equal_width,11,0.7333333333333333,0.8,0.7667792853337511,0.7426273458445041,373
testB,5,global_T_corrected,equal_width,12,0.8,0.8666666666666667,0.8352094188908845,0.8453038674033149,362
testB,5,global_T_corrected,equal_width,13,0.8666666666666667,0.9333333333333333,0.900690256145322,0.9250535331905781,467
testB,5,global_T_corrected,equal_width,14,0.9333333333333333,1.0,0.981323183073025,0.9819078947368421,1216
testB,5,global_T_corrected,equal_mass,0,0.0,0.4052644968032837,0.3572608807326135,0.32362459546925565,309
testB,5,global_T_corrected,equal_mass,1,0.4052644968032837,0.4652091860771179,0.4360116806037989,0.4174757281553398,309
testB,5,global_T_corrected,equal_mass,2,0.4652091860771179,0.5163418054580688,0.49331943097623804,0.49514563106796117,309
testB,5,global_T_corrected,equal_mass,3,0.5163418054580688,0.5623608231544495,0.5380577491175744,0.5258064516129032,310
testB,5,global_T_corrected,equal_mass,4,0.5623608231544495,0.6146104633808136,0.5884367453241811,0.5663430420711975,309
testB,5,global_T_corrected,equal_mass,5,0.6146104633808136,0.6664659678936005,0.6400500762847162,0.6580645161290323,310
testB,5,global_T_corrected,equal_mass,6,0.6664659678936005,0.7233166098594666,0.6944962006942353,0.7249190938511327,309
testB,5,global_T_corrected,equal_mass,7,0.7233166098594666,0.7809751927852631,0.7505281959150987,0.6957928802588996,309
testB,5,global_T_corrected,equal_mass,8,0.7809751927852631,0.8379231691360474,0.8076259928364907,0.8129032258064516,310
testB,5,global_T_corrected,equal_mass,9,0.8379231691360474,0.885849803686142,0.8635157180835514,0.9061488673139159,309
testB,5,global_T_corrected,equal_mass,10,0.885849803686142,0.9295249879360199,0.9090150847404135,0.9320388349514563,309
testB,5,global_T_corrected,equal_mass,11,0.9295249879360199,0.9658077955245972,0.9484404794631466,0.9612903225806452,310
testB,5,global_T_corrected,equal_mass,12,0.9658077955245972,0.9893340170383453,0.9781820405648364,0.9644012944983819,309
testB,5,global_T_corrected,equal_mass,13,0.9893340170383453,0.9992768168449402,0.9953310659402397,0.9967637540453075,309
testB,5,global_T_corrected,equal_mass,14,0.9992768168449402,1.0,0.9998605960799801,1.0,310
testB,5,oracle_T_K,equal_width,0,0.0,0.06666666666666667,0.0,0.0,0
testB,5,oracle_T_K,equal_width,1,0.06666666666666667,0.13333333333333333,0.0,0.0,0
testB,5,oracle_T_K,equal_width,2,0.13333333333333333,0.2,0.0,0.0,0
testB,5,oracle_T_K,equal_width,3,0.2,0.26666666666666666,0.24535458286603293,0.6666666666666666,3
testB,5,oracle_T_K,equal_width,4,0.26666666666666666,0.3333333333333333,0.31049575396748474,0.23255813953488372,86
testB,5,oracle_T_K,equal_width,5,0.3333333333333333,0.4,0.37256240581357203,0.3488372093023256,215
testB,5,oracle_T_K,equal_width,6,0.4,0.4666666666666667,0.43455482473553614,0.42441860465116277,344
testB,5,oracle_T_K,equal_width,7,0.4666666666666667,0.5333333333333333,0.502529676412714,0.48735632183908045,435
testB,5,oracle_T_K,equal_width,8,0.5333333333333333,0.6,0.5665573476322511,0.568019093078759,419
testB,5,oracle_T_K,equal_width,9,0.6,0.6666666666666666,0.6333948215751937,0.6565656565656566,396
testB,5,oracle_T_K,equal_width,10,0.6666666666666666,0.7333333333333333,0.700529646359364,0.7115902964959568,371
testB,5,oracle_T_K,equal_width,11,0.7333333333333333,0.8,0.7669034818044076,0.760989010989011,364
testB,5,oracle_T_K,equal_width,12,0.8,0.8666666666666667,0.8352869887874551,0.863013698630137,365
testB,5,oracle_T_K,equal_width,13,0.8666666666666667,0.9333333333333333,0.9011359424782202,0.9261603375527426,474
testB,5,oracle_T_K,equal_width,14,0.9333333333333333,1.0,0.9816358695699744,0.9837328767123288,1168
testB,5,oracle_T_K,equal_mass,0,0.0,0.4017660319805145,0.35451661498801224,0.3268608414239482,309
testB,5,oracle_T_K,equal_mass,1,0.4017660319805145,0.4604922980070114,0.432233972649744,0.41423948220064727,309
testB,5,oracle_T_K,equal_mass,2,0.4604922980070114,0.5118301510810852,0.4890909480471765,0.5,310
testB,5,oracle_T_K,equal_mass,3,0.5118301510810852,0.5564760565757751,0.5334047524674425,0.5275080906148867,309
testB,5,oracle_T_K,equal_mass,4,0.5564760565757751,0.6086587309837341,0.5826957646311294,0.5533980582524272,309
testB,5,oracle_T_K,equal_mass,5,0.6086587309837341,0.6595507860183716,0.6334958070708859,0.6612903225806451,310
testB,5,oracle_T_K,equal_mass,6,0.6595507860183716,0.7163066267967224,0.687269060935789,0.7216828478964401,309
testB,5,oracle_T_K,equal_mass,7,0.7163066267967224,0.772933155298233,0.7430134797559201,0.6925566343042071,309
testB,5,oracle_T_K,equal_mass,8,0.772933155298233,0.8309465646743774,0.8001592499594534,0.8225806451612904,310
testB,5,oracle_T_K,equal_mass,9,0.8309465646743774,0.8798121213912964,0.8566878463072298,0.912621359223301,309
testB,5,oracle_T_K,equal_mass,10,0.8798121213912964,0.9249116778373718,0.9032908058860927,0.9255663430420712,309
testB,5,oracle_T_K,equal_mass,11,0.9249116778373718,0.9627080261707306,0.9443785621273902,0.9612903225806452,310
testB,5,oracle_T_K,equal_mass,12,0.9627080261707306,0.9880391359329224,0.9759594360215764,0.9644012944983819,309
testB,5,oracle_T_K,equal_mass,13,0.9880391359329224,0.9991403818130493,0.9946865782768595,0.9967637540453075,309
testB,5,oracle_T_K,equal_mass,14,0.9991403818130493,1.0,0.9998292840296222,1.0,310
testB,10,native,equal_width,0,0.0,0.06666666666666667,0.0,0.0,0
testB,10,native,equal_width,1,0.06666666666666667,0.13333333333333333,0.0,0.0,0
testB,10,native,equal_width,2,0.13333333333333333,0.2,0.18132603665192923,0.1111111111111111,9
testB,10,native,equal_width,3,0.2,0.26666666666666666,0.23790274380792117,0.14893617021276595,141
testB,10,native,equal_width,4,0.26666666666666666,0.3333333333333333,0.30321832730219916,0.26461538461538464,325
testB,10,native,equal_width,5,0.3333333333333333,0.4,0.36687200081295673,0.3230088495575221,452
testB,10,native,equal_width,6,0.4,0.4666666666666667,0.4335404661845188,0.39183673469387753,490
testB,10,native,equal_width,7,0.4666666666666667,0.5333333333333333,0.49898426598972745,0.4955555555555556,450
testB,10,native,equal_width,8,0.5333333333333333,0.6,0.5666035456004528,0.5501222493887531,409
testB,10,native,equal_width,9,0.6,0.6666666666666666,0.6319925597951382,0.6253164556962025,395
testB,10,native,equal_width,10,0.6666666666666666,0.7333333333333333,0.6985354613672736,0.6717791411042945,326
testB,10,native,equal_width,11,0.7333333333333333,0.8,0.7658508560971585,0.7215568862275449,334
testB,10,native,equal_width,12,0.8,0.8666666666666667,0.8317305084685205,0.8028169014084507,284
testB,10,native,equal_width,13,0.8666666666666667,0.9333333333333333,0.899887956146683,0.8720238095238095,336
testB,10,native,equal_width,14,0.9333333333333333,1.0,0.9770800906445707,0.9593613933236574,689
testB,10,native,equal_mass,0,0.0,0.30396895110607147,0.26160246379745816,0.20064724919093851,309
testB,10,native,equal_mass,1,0.30396895110607147,0.35644030570983887,0.33114133432845083,0.27184466019417475,309
testB,10,native,equal_mass,2,0.35644030570983887,0.40004973113536835,0.3767435489162322,0.34838709677419355,310
testB,10,native,equal_mass,3,0.40004973113536835,0.4438795894384384,0.4213029870516274,0.3883495145631068,309
testB,10,native,equal_mass,4,0.4438795894384384,0.48514424264431,0.4633367169636353,0.4077669902912621,309
testB,10,native,equal_mass,5,0.48514424264431,0.5313888788223267,0.5076473168788418,0.5225806451612903,310
testB,10,native,equal_mass,6,0.5313888788223267,0.5830087065696716,0.5565551990058429,0.5307443365695793,309
testB,10,native,equal_mass,7,0.5830087065696716,0.6331016719341278,0.6072201763541953,0.6148867313915858,309
testB,10,native,equal_mass,8,0.6331016719341278,0.6888976097106934,0.6583304482121621,0.6387096774193548,310
testB,10,native,equal_mass,9,0.6888976097106934,0.7523010969161987,0.7206655555558437,0.6699029126213593,309
testB,10,native,equal_mass,10,0.7523010969161987,0.8139939308166504,0.7820781018439825,0.775974025974026,308
testB,10,native,equal_mass,11,0.8139939308166504,0.8865788280963898,0.8512688689293202,0.7909967845659164,311
testB,10,native,equal_mass,12,0.8865788280963898,0.9433573186397552,0.915883009487757,0.912621359223301,309
testB,10,native,equal_mass,13,0.9433573186397552,0.9864424467086792,0.9662230321504537,0.948220064724919,309
testB,10,native,equal_mass,14,0.9864424467086792,1.0,0.9966449360693654,0.9741935483870968,310
testB,10,global_T_corrected,equal_width,0,0.0,0.06666666666666667,0.0,0.0,0
testB,10,global_T_corrected,equal_width,1,0.06666666666666667,0.13333333333333333,0.0,0.0,0
testB,10,global_T_corrected,equal_width,2,0.13333333333333333,0.2,0.18603573166407072,0.15384615384615385,26
testB,10,global_T_corrected,equal_width,3,0.2,0.26666666666666666,0.23747889246882462,0.1951219512195122,205
testB,10,global_T_corrected,equal_width,4,0.26666666666666666,0.3333333333333333,0.3027516803693877,0.2793791574279379,451
testB,10,global_T_corrected,equal_width,5,0.3333333333333333,0.4,0.3668064234104562,0.3617021276595745,517
testB,10,global_T_corrected,equal_width,6,0.4,0.4666666666666667,0.4315501113350575,0.4326923076923077,520
testB,10,global_T_corrected,equal_width,7,0.4666666666666667,0.5333333333333333,0.4991319826350803,0.5464601769911505,452
testB,10,global_T_corrected,equal_width,8,0.5333333333333333,0.6,0.5664779454663622,0.6268980477223427,461
testB,10,global_T_corrected,equal_width,9,0.6,0.6666666666666666,0.6325122739101673,0.6576576576576577,333
testB,10,global_T_corrected,equal_width,10,0.6666666666666666,0.7333333333333333,0.6999570150306259,0.736231884057971,345
testB,10,global_T_corrected,equal_width,11,0.7333333333333333,0.8,0.7662166094414575,0.789272030651341,261
testB,10,global_T_corrected,equal_width,12,0.8,0.8666666666666667,0.8338618393046152,0.8398576512455516,281
testB,10,global_T_corrected,equal_width,13,0.8666666666666667,0.9333333333333333,0.9016538522640865,0.9333333333333333,300
testB,10,global_T_corrected,equal_width,14,0.9333333333333333,1.0,0.978356167551924,0.9631147540983607,488
testB,10,global_T_corrected,equal_mass,0,0.0,0.2814686894416809,0.24244706998172316,0.21359223300970873,309
testB,10,global_T_corrected,equal_mass,1,0.2814686894416809,0.3256124258041382,0.304368570930772,0.2727272727272727,308
testB,10,global_T_corrected,equal_mass,2,0.3256124258041382,0.3660401999950409,0.3450298013219496,0.3247588424437299,311
testB,10,global_T_corrected,equal_mass,3,0.3660401999950409,0.40460869669914246,0.38519388360113,0.4045307443365696,309
testB,10,global_T_corrected,equal_mass,4,0.40460869669914246,0.44191358983516693,0.42301868678682447,0.42718446601941745,309
testB,10,global_T_corrected,equal_mass,5,0.44191358983516693,0.48730453848838806,0.46391449935974616,0.4774193548387097,310
testB,10,global_T_corrected,equal_mass,6,0.48730453848838806,0.5321665704250336,0.5080924427625045,0.5469255663430421,309
testB,10,global_T_corrected,equal_mass,7,0.5321665704250336,0.5764244198799133,0.5546768942311358,0.6084142394822006,309
testB,10,global_T_corrected,equal_mass,8,0.5764244198799133,0.6273453235626221,0.6004327860570723,0.6516129032258065,310
testB,10,global_T_corrected,equal_mass,9,0.6273453235626221,0.6911767423152924,0.6605616132804105,0.6990291262135923,309
testB,10,global_T_corrected,equal_mass,10,0.6911767423152924,0.7558991312980652,0.7225627517237246,0.7378640776699029,309
testB,10,global_T_corrected,equal_mass,11,0.7558991312980652,0.833450049161911,0.7961073808131679,0.7967741935483871,310
testB,10,global_T_corrected,equal_mass,12,0.833450049161911,0.9053069651126862,0.8706130967942642,0.912621359223301,309
testB,10,global_T_corrected,equal_mass,13,0.9053069651126862,0.971527636051178,0.9396318550248748,0.948220064724919,309
testB,10,global_T_corrected,equal_mass,14,0.971527636051178,1.0,0.9922971125571959,0.9741935483870968,310
testB,10,oracle_T_K,equal_width,0,0.0,0.06666666666666667,0.0,0.0,0
testB,10,oracle_T_K,equal_width,1,0.06666666666666667,0.13333333333333333,0.0,0.0,0
testB,10,oracle_T_K,equal_width,2,0.13333333333333333,0.2,0.18716322573331687,0.15384615384615385,26
testB,10,oracle_T_K,equal_width,3,0.2,0.26666666666666666,0.23806801771149416,0.20304568527918782,197
testB,10,oracle_T_K,equal_width,4,0.26666666666666666,0.3333333333333333,0.30300573435200706,0.2654462242562929,437
testB,10,oracle_T_K,equal_width,5,0.3333333333333333,0.4,0.3665592671026181,0.36345776031434185,509
testB,10,oracle_T_K,equal_width,6,0.4,0.4666666666666667,0.4315976506803406,0.42418426103646834,521
testB,10,oracle_T_K,equal_width,7,0.4666666666666667,0.5333333333333333,0.499715408318428,0.5436681222707423,458
testB,10,oracle_T_K,equal_width,8,0.5333333333333333,0.6,0.5679552787529357,0.6296296296296297,459
testB,10,oracle_T_K,equal_width,9,0.6,0.6666666666666666,0.6319708220729887,0.6501547987616099,323
testB,10,oracle_T_K,equal_width,10,0.6666666666666666,0.7333333333333333,0.6990128741748091,0.7275362318840579,345
testB,10,oracle_T_K,equal_width,11,0.7333333333333333,0.8,0.7656663041029658,0.7857142857142857,280
testB,10,oracle_T_K,equal_width,12,0.8,0.8666666666666667,0.8351782944894606,0.8315412186379928,279
testB,10,oracle_T_K,equal_width,13,0.8666666666666667,0.9333333333333333,0.9018462234735489,0.9266666666666666,300
testB,10,oracle_T_K,equal_width,14,0.9333333333333333,1.0,0.9780405161409039,0.9644268774703557,506
testB,10,oracle_T_K,equal_mass,0,0.0,0.2836480587720871,0.24420595535568435,0.2168284789644013,309
testB,10,oracle_T_K,equal_mass,1,0.2836480587720871,0.32822832465171814,0.3069029420517795,0.26537216828478966,309
testB,10,oracle_T_K,equal_mass,2,0.32822832465171814,0.36874091625213623,0.34797714554494424,0.32903225806451614,310
testB,10,oracle_T_K,equal_mass,3,0.36874091625213623,0.40857255458831787,0.38856624071652063,0.3948220064724919,309
testB,10,oracle_T_K,equal_mass,4,0.40857255458831787,0.446018248796463,0.42678122082574466,0.4336569579288026,309
testB,10,oracle_T_K,equal_mass,5,0.446018248796463,0.4917811304330826,0.4680043177258584,0.4838709677419355,310
testB,10,oracle_T_K,equal_mass,6,0.4917811304330826,0.5368169844150543,0.5126121660459388,0.5469255663430421,309
testB,10,oracle_T_K,equal_mass,7,0.5368169844150543,0.5819375514984131,0.5596090788594341,0.6084142394822006,309
testB,10,oracle_T_K,equal_mass,8,0.5819375514984131,0.6328883171081543,0.6057724796956585,0.6516129032258065,310
testB,10,oracle_T_K,equal_mass,9,0.6328883171081543,0.696651428937912,0.6662541269098671,0.6957928802588996,309
testB,10,oracle_T_K,equal_mass,10,0.696651428937912,0.7613568902015686,0.7282661538232457,0.7402597402597403,308
testB,10,oracle_T_K,equal_mass,11,0.7613568902015686,0.8389880657196045,0.8015038215845728,0.7942122186495176,311
testB,10,oracle_T_K,equal_mass,12,0.8389880657196045,0.9095899760723114,0.8754368376191766,0.912621359223301,309
testB,10,oracle_T_K,equal_mass,13,0.9095899760723114,0.9734140336513519,0.9426425197749462,0.948220064724919,309
testB,10,oracle_T_K,equal_mass,14,0.9734140336513519,1.0,0.9928490463764437,0.9741935483870968,310
testB,20,native,equal_width,0,0.0,0.06666666666666667,0.0,0.0,0
testB,20,native,equal_width,1,0.06666666666666667,0.13333333333333333,0.11994354613125324,0.08333333333333333,12
testB,20,native,equal_width,2,0.13333333333333333,0.2,0.1763677694174925,0.1214574898785425,247
testB,20,native,equal_width,3,0.2,0.26666666666666666,0.23461094526076623,0.20810313075506445,543
testB,20,native,equal_width,4,0.26666666666666666,0.3333333333333333,0.29934600362071284,0.28,675
testB,20,native,equal_width,5,0.3333333333333333,0.4,0.3667408894033632,0.3607085346215781,621
testB,20,native,equal_width,6,0.4,0.4666666666666667,0.43228621808753936,0.4407484407484408,481
testB,20,native,equal_width,7,0.4666666666666667,0.5333333333333333,0.5001273934255567,0.5238095238095238,399
testB,20,native,equal_width,8,0.5333333333333333,0.6,0.5667435696607903,0.5854430379746836,316
testB,20,native,equal_width,9,0.6,0.6666666666666666,0.631992691906832,0.6313559322033898,236
testB,20,native,equal_width,10,0.6666666666666666,0.7333333333333333,0.7013356613314801,0.7238493723849372,239
testB,20,native,equal_width,11,0.7333333333333333,0.8,0.7657256191132834,0.746606334841629,221
testB,20,native,equal_width,12,0.8,0.8666666666666667,0.835099751359961,0.8202247191011236,178
testB,20,native,equal_width,13,0.8666666666666667,0.9333333333333333,0.8990746930817872,0.9226519337016574,181
testB,20,native,equal_width,14,0.9333333333333333,1.0,0.9733747143516016,0.9347079037800687,291
testB,20,native,equal_mass,0,0.0,0.206757090985775,0.1786001385656761,0.11650485436893204,309
testB,20,native,equal_mass,1,0.206757090985775,0.24443834275007248,0.2265704902051722,0.22653721682847897,309
testB,20,native,equal_mass,2,0.24443834275007248,0.2797458916902542,0.2633195104137544,0.23225806451612904,310
testB,20,native,equal_mass,3,0.2797458916902542,0.3087927997112274,0.2931853512537132,0.28802588996763756,309
testB,20,native,equal_mass,4,0.3087927997112274,0.34053291380405426,0.32462453475662034,0.284789644012945,309
testB,20,native,equal_mass,5,0.34053291380405426,0.3736664056777954,0.3574124863070826,0.3032258064516129,310
testB,20,native,equal_mass,6,0.3736664056777954,0.40945807099342346,0.3908407152856438,0.4174757281553398,309
testB,20,native,equal_mass,7,0.40945807099342346,0.4515971690416336,0.4291848772744916,0.4401294498381877,309
testB,20,native,equal_mass,8,0.4515971690416336,0.5003630518913269,0.47576242281544595,0.49032258064516127,310
testB,20,native,equal_mass,9,0.5003630518913269,0.5581988096237183,0.5279604117461393,0.5954692556634305,309
testB,20,native,equal_mass,10,0.5581988096237183,0.6291057765483856,0.5904292715020164,0.5825242718446602,309
testB,20,native,equal_mass,11,0.6291057765483856,0.7187055945396423,0.6747615625781398,0.6709677419354839,310
testB,20,native,equal_mass,12,0.7187055945396423,0.8140958547592163,0.7624747272834037,0.7637540453074434,309
testB,20,native,equal_mass,13,0.8140958547592163,0.9244092702865601,0.869678549010391,0.8737864077669902,309
testB,20,native,equal_mass,14,0.9244092702865601,1.0,0.970655418211414,0.9387096774193548,310
testB,20,global_T_corrected,equal_width,0,0.0,0.06666666666666667,0.0,0.0,0
testB,20,global_T_corrected,equal_width,1,0.06666666666666667,0.13333333333333333,0.11830108288837515,0.08695652173913043,23
testB,20,global_T_corrected,equal_width,2,0.13333333333333333,0.2,0.17320140928885583,0.13875598086124402,418
testB,20,global_T_corrected,equal_width,3,0.2,0.26666666666666666,0.23507443335549585,0.25517241379310346,725
testB,20,global_T_corrected,equal_width,4,0.26666666666666666,0.3333333333333333,0.2994069245235979,0.30991735537190085,726
testB,20,global_T_corrected,equal_width,5,0.3333333333333333,0.4,0.36410667419230164,0.4197952218430034,586
testB,20,global_T_corrected,equal_width,6,0.4,0.4666666666666667,0.4324114654461543,0.5222222222222223,450
testB,20,global_T_corrected,equal_width,7,0.4666666666666667,0.5333333333333333,0.4997781371937118,0.5837988826815642,358
testB,20,global_T_corrected,equal_width,8,0.5333333333333333,0.6,0.5657785203721788,0.6513409961685823,261
testB,20,global_T_corrected,equal_width,9,0.6,0.6666666666666666,0.6314888511025956,0.7130801687763713,237
testB,20,global_T_corrected,equal_width,10,0.6666666666666666,0.7333333333333333,0.6992954302181318,0.7281553398058253,206
testB,20,global_T_corrected,equal_width,11,0.7333333333333333,0.8,0.765090867430864,0.844311377245509,167
testB,20,global_T_corrected,equal_width,12,0.8,0.8666666666666667,0.8317281276571984,0.9019607843137255,153
testB,20,global_T_corrected,equal_width,13,0.8666666666666667,0.9333333333333333,0.9012153548737095,0.9041095890410958,146
testB,20,global_T_corrected,equal_width,14,0.9333333333333333,1.0,0.9738872624609781,0.9510869565217391,184
testB,20,global_T_corrected,equal_mass,0,0.0,0.18560197949409485,0.16075908185305332,0.11650485436893204,309
testB,20,global_T_corrected,equal_mass,1,0.18560197949409485,0.21752043068408966,0.20254359613730297,0.23624595469255663,309
testB,20,global_T_corrected,equal_mass,2,0.21752043068408966,0.24705760180950165,0.23295291364192963,0.23225806451612904,310
testB,20,global_T_corrected,equal_mass,3,0.24705760180950165,0.27286891639232635,0.25953617629302744,0.2750809061488673,309
testB,20,global_T_corrected,equal_mass,4,0.27286891639232635,0.30027274787425995,0.2867848577044157,0.29449838187702265,309
testB,20,global_T_corrected,equal_mass,5,0.30027274787425995,0.3293086141347885,0.31516967992628775,0.3064516129032258,310
testB,20,global_T_corrected,equal_mass,6,0.3293086141347885,0.36103446781635284,0.3453060394351922,0.42718446601941745,309
testB,20,global_T_corrected,equal_mass,7,0.36103446781635284,0.3990044593811035,0.3786213168434341,0.4174757281553398,309
testB,20,global_T_corrected,equal_mass,8,0.3990044593811035,0.4431326240301132,0.42182980852742347,0.5129032258064516,310
testB,20,global_T_corrected,equal_mass,9,0.4431326240301132,0.4969664365053177,0.4690714744688238,0.5533980582524272,309
testB,20,global_T_corrected,equal_mass,10,0.4969664365053177,0.562010645866394,0.5270179559304876,0.598705501618123,309
testB,20,global_T_corrected,equal_mass,11,0.562010645866394,0.6435282230377197,0.6022624823354905,0.6935483870967742,310
testB,20,global_T_corrected,equal_mass,12,0.6435282230377197,0.7451139688491821,0.6929887701006769,0.7508090614886731,309
testB,20,global_T_corrected,equal_mass,13,0.7451139688491821,0.8747250735759735,0.807548005218259,0.8737864077669902,309
testB,20,global_T_corrected,equal_mass,14,0.8747250735759735,1.0,0.9463275607555143,0.9354838709677419,310
testB,20,oracle_T_K,equal_width,0,0.0,0.06666666666666667,0.0,0.0,0
testB,20,oracle_T_K,equal_width,1,0.06666666666666667,0.13333333333333333,0.11940898969769478,0.1,20
testB,20,oracle_T_K,equal_width,2,0.13333333333333333,0.2,0.1746795038516457,0.12702702702702703,370
testB,20,oracle_T_K,equal_width,3,0.2,0.26666666666666666,0.2355799545635884,0.24737631184407796,667
testB,20,oracle_T_K,equal_width,4,0.26666666666666666,0.3333333333333333,0.2991086697896545,0.30196629213483145,712
testB,20,oracle_T_K,equal_width,5,0.3333333333333333,0.4,0.3654624105941865,0.3935483870967742,620
testB,20,oracle_T_K,equal_width,6,0.4,0.4666666666666667,0.4342168551021152,0.5022222222222222,450
testB,20,oracle_T_K,equal_width,7,0.4666666666666667,0.5333333333333333,0.5007297187392178,0.5819672131147541,366
testB,20,oracle_T_K,equal_width,8,0.5333333333333333,0.6,0.5652978099309481,0.6117216117216118,273
testB,20,oracle_T_K,equal_width,9,0.6,0.6666666666666666,0.635006692754217,0.7068273092369478,249
testB,20,oracle_T_K,equal_width,10,0.6666666666666666,0.7333333333333333,0.7017977382455554,0.7523809523809524,210
testB,20,oracle_T_K,equal_width,11,0.7333333333333333,0.8,0.7656086755625774,0.7803468208092486,173
testB,20,oracle_T_K,equal_width,12,0.8,0.8666666666666667,0.8322109192426951,0.8957055214723927,163
testB,20,oracle_T_K,equal_width,13,0.8666666666666667,0.9333333333333333,0.8995055879978154,0.9006622516556292,151
testB,20,oracle_T_K,equal_width,14,0.9333333333333333,1.0,0.9724545390517624,0.9490740740740741,216
testB,20,oracle_T_K,equal_mass,0,0.0,0.1912768930196762,0.16553892262738112,0.11326860841423948,309
testB,20,oracle_T_K,equal_mass,1,0.1912768930196762,0.22458729892969131,0.20895581257033657,0.2435064935064935,308
testB,20,oracle_T_K,equal_mass,2,0.22458729892969131,0.2556820958852768,0.24109502543973768,0.22508038585209003,311
testB,20,oracle_T_K,equal_mass,3,0.2556820958852768,0.28221653401851654,0.2686139536135405,0.2912621359223301,309
testB,20,oracle_T_K,equal_mass,4,0.28221653401851654,0.31106187403202057,0.2970887454389368,0.284789644012945,309
testB,20,oracle_T_K,equal_mass,5,0.31106187403202057,0.34211592376232147,0.3264921448884472,0.3032258064516129,310
testB,20,oracle_T_K,equal_mass,6,0.34211592376232147,0.374590203166008,0.35786891928768466,0.4174757281553398,309
testB,20,oracle_T_K,equal_mass,7,0.374590203166008,0.4128051847219467,0.39227490662371073,0.42718446601941745,309
testB,20,oracle_T_K,equal_mass,8,0.4128051847219467,0.4592895060777664,0.4365826131836061,0.5225806451612903,310
testB,20,oracle_T_K,equal_mass,9,0.4592895060777664,0.5132933259010315,0.48546412683613477,0.5501618122977346,309
testB,20,oracle_T_K,equal_mass,10,0.5132933259010315,0.581365555524826,0.5442239514832358,0.5857605177993528,309
testB,20,oracle_T_K,equal_mass,11,0.581365555524826,0.6630759537220001,0.6226739541176827,0.6967741935483871,310
testB,20,oracle_T_K,equal_mass,12,0.6630759537220001,0.7638444304466248,0.7127960735154384,0.7540453074433657,309
testB,20,oracle_T_K,equal_mass,13,0.7638444304466248,0.8897994160652161,0.826018275952262,0.8705501618122977,309
testB,20,oracle_T_K,equal_mass,14,0.8897994160652161,1.0,0.9542853430394204,0.9387096774193548,310
testB,50,native,equal_width,0,0.0,0.06666666666666667,0.0628081787377596,0.0,10
testB,50,native,equal_width,1,0.06666666666666667,0.13333333333333333,0.11052844530001046,0.125,504
testB,50,native,equal_width,2,0.13333333333333333,0.2,0.16578383087656445,0.17096466093600765,1047
testB,50,native,equal_width,3,0.2,0.26666666666666666,0.23199018199399044,0.2805164319248826,852
testB,50,native,equal_width,4,0.26666666666666666,0.3333333333333333,0.2977009635026867,0.3155080213903743,561
testB,50,native,equal_width,5,0.3333333333333333,0.4,0.3647372567589392,0.3935309973045822,371
testB,50,native,equal_width,6,0.4,0.4666666666666667,0.4331906334865813,0.48322147651006714,298
testB,50,native,equal_width,7,0.4666666666666667,0.5333333333333333,0.5002549437164259,0.5672268907563025,238
testB,50,native,equal_width,8,0.5333333333333333,0.6,0.5642676907427171,0.6294117647058823,170
testB,50,native,equal_width,9,0.6,0.6666666666666666,0.6331415164059606,0.7241379310344828,145
testB,50,native,equal_width,10,0.6666666666666666,0.7333333333333333,0.7008723631378048,0.7933884297520661,121
testB,50,native,equal_width,11,0.7333333333333333,0.8,0.7661141221587723,0.8108108108108109,111
testB,50,native,equal_width,12,0.8,0.8666666666666667,0.8322099965888184,0.8441558441558441,77
testB,50,native,equal_width,13,0.8666666666666667,0.9333333333333333,0.8987316151163471,0.9402985074626866,67
testB,50,native,equal_width,14,0.9333333333333333,1.0,0.9694338432129692,0.9558823529411765,68
testB,50,native,equal_mass,0,0.0,0.1176334097981453,0.0987187267000814,0.10355987055016182,309
testB,50,native,equal_mass,1,0.1176334097981453,0.14016065746545792,0.12972673836456533,0.16828478964401294,309
testB,50,native,equal_mass,2,0.14016065746545792,0.1587216556072235,0.14968506746715116,0.15806451612903225,310
testB,50,native,equal_mass,3,0.1587216556072235,0.17828864604234695,0.16798507188323247,0.16828478964401294,309
testB,50,native,equal_mass,4,0.17828864604234695,0.19908853620290756,0.1877548676285543,0.17475728155339806,309
testB,50,native,equal_mass,5,0.19908853620290756,0.22136008739471436,0.20993142959571653,0.24838709677419354,310
testB,50,native,equal_mass,6,0.22136008739471436,0.245293490588665,0.233037779342781,0.284789644012945,309
testB,50,native,equal_mass,7,0.245293490588665,0.2740970700979233,0.259009977326424,0.28802588996763756,309
testB,50,native,equal_mass,8,0.2740970700979233,0.3063651770353317,0.2897020900441754,0.3064516129032258,310
testB,50,native,equal_mass,9,0.3063651770353317,0.3522530794143677,0.32827831115151684,0.3592233009708738,309
testB,50,native,equal_mass,10,0.3522530794143677,0.4118070900440216,0.38101725371910145,0.42071197411003236,309
testB,50,native,equal_mass,11,0.4118070900440216,0.4867294132709503,0.44827403435784,0.5193548387096775,310
testB,50,native,equal_mass,12,0.4867294132709503,0.587327629327774,0.5312535485982123,0.56957928802589,309
testB,50,native,equal_mass,13,0.587327629327774,0.7399631440639496,0.6602867886086498,0.7605177993527508,309
testB,50,native,equal_mass,14,0.7399631440639496,1.0,0.8569963201399773,0.8806451612903226,310
testB,50,global_T_corrected,equal_width,0,0.0,0.06666666666666667,0.0600220812484622,0.0,20
testB,50,global_T_corrected,equal_width,1,0.06666666666666667,0.13333333333333333,0.10822992697272393,0.14844649021864212,869
testB,50,global_T_corrected,equal_width,2,0.13333333333333333,0.2,0.1650114109884906,0.20822622107969152,1167
testB,50,global_T_corrected,equal_width,3,0.2,0.26666666666666666,0.22993479622469676,0.31539424280350437,799
testB,50,global_T_corrected,equal_width,4,0.26666666666666666,0.3333333333333333,0.2967685136283774,0.36542669584245074,457
testB,50,global_T_corrected,equal_width,5,0.3333333333333333,0.4,0.3656193598411804,0.5116279069767442,344
testB,50,global_T_corrected,equal_width,6,0.4,0.4666666666666667,0.4307351873850259,0.515748031496063,254
testB,50,global_T_corrected,equal_width,7,0.4666666666666667,0.5333333333333333,0.49693848767094106,0.6927374301675978,179
testB,50,global_T_corrected,equal_width,8,0.5333333333333333,0.6,0.5633856258222035,0.7071428571428572,140
testB,50,global_T_corrected,equal_width,9,0.6,0.6666666666666666,0.6331244741306931,0.8360655737704918,122
testB,50,global_T_corrected,equal_width,10,0.6666666666666666,0.7333333333333333,0.6954869401195775,0.7608695652173914,92
testB,50,global_T_corrected,equal_width,11,0.7333333333333333,0.8,0.7658088347978063,0.8611111111111112,72
testB,50,global_T_corrected,equal_width,12,0.8,0.8666666666666667,0.8339100102989041,0.9387755102040817,49
testB,50,global_T_corrected,equal_width,13,0.8666666666666667,0.9333333333333333,0.9022534698247909,0.925,40
testB,50,global_T_corrected,equal_width,14,0.9333333333333333,1.0,0.9678126639790006,1.0,36
testB,50,global_T_corrected,equal_mass,0,0.0,0.10151078179478645,0.08547618429396531,0.0970873786407767,309
testB,50,global_T_corrected,equal_mass,1,0.10151078179478645,0.12040400877594948,0.11121357818251675,0.16181229773462782,309
testB,50,global_T_corrected,equal_mass,2,0.12040400877594948,0.13487116992473602,0.1280847142780981,0.17419354838709677,310
testB,50,global_T_corrected,equal_mass,3,0.13487116992473602,0.15131781250238419,0.14290561712675495,0.1650485436893204,309
testB,50,global_T_corrected,equal_mass,4,0.15131781250238419,0.1687656044960022,0.15976057372818486,0.21035598705501618,309
testB,50,global_T_corrected,equal_mass,5,0.1687656044960022,0.18724075704813004,0.17791466136132517,0.23225806451612904,310
testB,50,global_T_corrected,equal_mass,6,0.18724075704813004,0.2064739316701889,0.19669792287558027,0.2686084142394822,309
testB,50,global_T_corrected,equal_mass,7,0.2064739316701889,0.22967615723609924,0.21805803241467397,0.2912621359223301,309
testB,50,global_T_corrected,equal_mass,8,0.22967615723609924,0.259072408080101,0.24371562119453183,0.32903225806451614,310
testB,50,global_T_corrected,equal_mass,9,0.259072408080101,0.29595819115638733,0.2767958431760856,0.3559870550161812,309
testB,50,global_T_corrected,equal_mass,10,0.29595819115638733,0.35040585696697235,0.32208665395245967,0.3851132686084142,309
testB,50,global_T_corrected,equal_mass,11,0.35040585696697235,0.4112110584974289,0.3796312782072252,0.5516129032258065,310
testB,50,global_T_corrected,equal_mass,12,0.4112110584974289,0.5051374435424805,0.4548707148210902,0.5792880258899676,309
testB,50,global_T_corrected,equal_mass,13,0.5051374435424805,0.6561068296432495,0.5739593581088538,0.7378640776699029,309
testB,50,global_T_corrected,equal_mass,14,0.6561068296432495,1.0,0.7896888659846398,0.8709677419354839,310
testB,50,oracle_T_K,equal_width,0,0.0,0.06666666666666667,0.06060930628042955,0.0,13
testB,50,oracle_T_K,equal_width,1,0.06666666666666667,0.13333333333333333,0.10873664322002524,0.13353566009104703,659
testB,50,oracle_T_K,equal_width,2,0.13333333333333333,0.2,0.16485095519944373,0.19089316987740806,1142
testB,50,oracle_T_K,equal_width,3,0.2,0.26666666666666666,0.2312150392770482,0.2942583732057416,836
testB,50,oracle_T_K,equal_width,4,0.26666666666666666,0.3333333333333333,0.29793370624845344,0.3430232558139535,516
testB,50,oracle_T_K,equal_width,5,0.3333333333333333,0.4,0.3660988509654999,0.44744744744744747,333
testB,50,oracle_T_K,equal_width,6,0.4,0.4666666666666667,0.4319394283434924,0.5397923875432526,289
testB,50,oracle_T_K,equal_width,7,0.4666666666666667,0.5333333333333333,0.4985746587984837,0.5576923076923077,208
testB,50,oracle_T_K,equal_width,8,0.5333333333333333,0.6,0.5666434547075858,0.75,156
testB,50,oracle_T_K,equal_width,9,0.6,0.6666666666666666,0.633282970997595,0.7338709677419355,124
testB,50,oracle_T_K,equal_width,10,0.6666666666666666,0.7333333333333333,0.6979796880925143,0.7870370370370371,108
testB,50,oracle_T_K,equal_width,11,0.7333333333333333,0.8,0.7608493747336141,0.8202247191011236,89
testB,50,oracle_T_K,equal_width,12,0.8,0.8666666666666667,0.8310570084131681,0.9230769230769231,65
testB,50,oracle_T_K,equal_width,13,0.8666666666666667,0.9333333333333333,0.8982017003760046,0.9387755102040817,49
testB,50,oracle_T_K,equal_width,14,0.9333333333333333,1.0,0.9664126926997922,0.9811320754716981,53
testB,50,oracle_T_K,equal_mass,0,0.0,0.10894280299544334,0.09166221378497708,0.09385113268608414,309
testB,50,oracle_T_K,equal_mass,1,0.10894280299544334,0.12959222495555878,0.11981702951545065,0.16883116883116883,308
testB,50,oracle_T_K,equal_mass,2,0.12959222495555878,0.1458093523979187,0.13818177561667955,0.17684887459807075,311
testB,50,oracle_T_K,equal_mass,3,0.1458093523979187,0.16383885592222214,0.15456345397677623,0.1553398058252427,309
testB,50,oracle_T_K,equal_mass,4,0.16383885592222214,0.182656429708004,0.17297919084917765,0.20388349514563106,309
testB,50,oracle_T_K,equal_mass,5,0.182656429708004,0.20367395877838135,0.19283028514154496,0.23225806451612904,310
testB,50,oracle_T_K,equal_mass,6,0.20367395877838135,0.2241024598479271,0.2137624205219707,0.28802588996763756,309
testB,50,oracle_T_K,equal_mass,7,0.2241024598479271,0.24991842359304428,0.23703476027041287,0.2727272727272727,308
testB,50,oracle_T_K,equal_mass,8,0.24991842359304428,0.28246454894542694,0.26545679875892075,0.3086816720257235,311
testB,50,oracle_T_K,equal_mass,9,0.28246454894542694,0.32204681634902954,0.30099036990631745,0.36245954692556637,309
testB,50,oracle_T_K,equal_mass,10,0.32204681634902954,0.37902581691741943,0.3499833618360044,0.41423948220064727,309
testB,50,oracle_T_K,equal_mass,11,0.37902581691741943,0.4472222924232483,0.4123058979549716,0.5193548387096775,310
testB,50,oracle_T_K,equal_mass,12,0.4472222924232483,0.5454705059528351,0.4916405187841372,0.5857605177993528,309
testB,50,oracle_T_K,equal_mass,13,0.5454705059528351,0.6980770230293274,0.6158449861995611,0.7475728155339806,309
testB,50,oracle_T_K,equal_mass,14,0.6980770230293274,1.0,0.82408399255045,0.8806451612903226,310
__pooled__,5,native,equal_width,0,0.0,0.06666666666666667,0.0,0.0,0
__pooled__,5,native,equal_width,1,0.06666666666666667,0.13333333333333333,0.0,0.0,0
__pooled__,5,native,equal_width,2,0.13333333333333333,0.2,0.0,0.0,0
__pooled__,5,native,equal_width,3,0.2,0.26666666666666666,0.24856539070606232,0.42857142857142855,7
__pooled__,5,native,equal_width,4,0.26666666666666666,0.3333333333333333,0.31112974531510296,0.2773109243697479,119
__pooled__,5,native,equal_width,5,0.3333333333333333,0.4,0.37112232980107057,0.3025210084033613,476
__pooled__,5,native,equal_width,6,0.4,0.4666666666666667,0.43563103782533175,0.4033412887828162,838
__pooled__,5,native,equal_width,7,0.4666666666666667,0.5333333333333333,0.5022370429216381,0.48067104303428154,1371
__pooled__,5,native,equal_width,8,0.5333333333333333,0.6,0.5663003869678663,0.5287517531556802,1426
__pooled__,5,native,equal_width,9,0.6,0.6666666666666666,0.6331652167752808,0.5610130468150422,1303
__pooled__,5,native,equal_width,10,0.6666666666666666,0.7333333333333333,0.6999942597089627,0.673370319001387,1442
__pooled__,5,native,equal_width,11,0.7333333333333333,0.8,0.7669385868563118,0.7092008059100067,1489
__pooled__,5,native,equal_width,12,0.8,0.8666666666666667,0.8336730997014951,0.8021157436216553,1607
__pooled__,5,native,equal_width,13,0.8666666666666667,0.9333333333333333,0.9025304368370172,0.8828273244781784,2108
__pooled__,5,native,equal_width,14,0.9333333333333333,1.0,0.9858934665188535,0.9752699407871822,8613
__pooled__,5,native,equal_mass,0,0.0,0.4627681374549866,0.4007078119020097,0.35353535353535354,1386
__pooled__,5,native,equal_mass,1,0.4627681374549866,0.5316050946712494,0.49995051617663633,0.4801730353280461,1387
__pooled__,5,native,equal_mass,2,0.5316050946712494,0.5964404940605164,0.5635750087308677,0.525974025974026,1386
__pooled__,5,native,equal_mass,3,0.5964404940605164,0.6669074594974518,0.6313456169288624,0.5623648161499639,1387
__pooled__,5,native,equal_mass,4,0.6669074594974518,0.7300480902194977,0.6990228107101039,0.67267483777938,1387
__pooled__,5,native,equal_mass,5,0.7300480902194977,0.7932531535625458,0.762407625582244,0.7068592057761733,1385
__pooled__,5,native,equal_mass,6,0.7932531535625458,0.851930171251297,0.8227015571277951,0.7844268204758471,1387
__pooled__,5,native,equal_mass,7,0.851930171251297,0.9032288491725922,0.8783860925555487,0.855803893294881,1387
__pooled__,5,native,equal_mass,8,0.9032288491725922,0.9413195252418518,0.9224117868395271,0.9069935111751982,1387
__pooled__,5,native,equal_mass,9,0.9413195252418518,0.9699550569057465,0.9564280363837849,0.9351117519826965,1387
__pooled__,5,native,equal_mass,10,0.9699550569057465,0.9872242510318756,0.9794763000668557,0.9653679653679653,1386
__pooled__,5,native,equal_mass,11,0.9872242510318756,0.9957546591758728,0.9919766404529127,0.9769452449567724,1388
__pooled__,5,native,equal_mass,12,0.9957546591758728,0.9993629157543182,0.9979228762360667,0.9898843930635838,1384
__pooled__,5,native,equal_mass,13,0.9993629157543182,0.9999893009662628,0.9998058221197507,0.9949531362653208,1387
__pooled__,5,native,equal_mass,14,0.9999893009662628,1.0,0.9999982659256768,1.0,1388
__pooled__,5,global_T_corrected,equal_width,0,0.0,0.06666666666666667,0.0,0.0,0
__pooled__,5,global_T_corrected,equal_width,1,0.06666666666666667,0.13333333333333333,0.0,0.0,0
__pooled__,5,global_T_corrected,equal_width,2,0.13333333333333333,0.2,0.0,0.0,0
__pooled__,5,global_T_corrected,equal_width,3,0.2,0.26666666666666666,0.24850897626443344,0.2727272727272727,11
__pooled__,5,global_T_corrected,equal_width,4,0.26666666666666666,0.3333333333333333,0.3105565449318935,0.28350515463917525,194
__pooled__,5,global_T_corrected,equal_width,5,0.3333333333333333,0.4,0.37183460406959057,0.3384146341463415,656
__pooled__,5,global_T_corrected,equal_width,6,0.4,0.4666666666666667,0.43614459761791985,0.4350282485875706,1062
__pooled__,5,global_T_corrected,equal_width,7,0.4666666666666667,0.5333333333333333,0.5020607612363955,0.4816753926701571,1528
__pooled__,5,global_T_corrected,equal_width,8,0.5333333333333333,0.6,0.566561497302946,0.565438373570521,1574
__pooled__,5,global_T_corrected,equal_width,9,0.6,0.6666666666666666,0.6342643070477484,0.6153328850033625,1487
__pooled__,5,global_T_corrected,equal_width,10,0.6666666666666666,0.7333333333333333,0.6997447223035013,0.7181996086105675,1533
__pooled__,5,global_T_corrected,equal_width,11,0.7333333333333333,0.8,0.766817872166787,0.7702702702702703,1554
__pooled__,5,global_T_corrected,equal_width,12,0.8,0.8666666666666667,0.8344657362174632,0.8575870646766169,1608
__pooled__,5,global_T_corrected,equal_width,13,0.8666666666666667,0.9333333333333333,0.9005732226633388,0.9155534351145038,2096
__pooled__,5,global_T_corrected,equal_width,14,0.9333333333333333,1.0,0.9842844430512273,0.9818569903948773,7496
__pooled__,5,global_T_corrected,equal_mass,0,0.0,0.4378994405269623,0.3804847551630689,0.35353535353535354,1386
__pooled__,5,global_T_corrected,equal_mass,1,0.4378994405269623,0.5064811706542969,0.47400232431866235,0.47368421052631576,1387
__pooled__,5,global_T_corrected,equal_mass,2,0.5064811706542969,0.5625255107879639,0.5341024543299819,0.5303030303030303,1386
__pooled__,5,global_T_corrected,equal_mass,3,0.5625255107879639,0.6240995824337006,0.593470695599774,0.5630857966834896,1387
__pooled__,5,global_T_corrected,equal_mass,4,0.6240995824337006,0.6845270991325378,0.6549249576336201,0.6669069935111752,1387
__pooled__,5,global_T_corrected,equal_mass,5,0.6845270991325378,0.7448075711727142,0.7148469839605246,0.7171717171717171,1386
__pooled__,5,global_T_corrected,equal_mass,6,0.7448075711727142,0.8048324584960938,0.7750477561782226,0.7829848594087959,1387
__pooled__,5,global_T_corrected,equal_mass,7,0.8048324584960938,0.8615459203720093,0.8344728104221872,0.8556998556998557,1386
__pooled__,5,global_T_corrected,equal_mass,8,0.8615459203720093,0.9093593060970306,0.885335719576824,0.9062725306416727,1387
__pooled__,5,global_T_corrected,equal_mass,9,0.9093593060970306,0.9475231766700745,0.9290117350686946,0.9343907714491708,1387
__pooled__,5,global_T_corrected,equal_mass,10,0.9475231766700745,0.9745374917984009,0.9621886689253528,0.9653679653679653,1386
__pooled__,5,global_T_corrected,equal_mass,11,0.9745374917984009,0.9901031851768494,0.9829956342096198,0.9762076423936553,1387
__pooled__,5,global_T_corrected,equal_mass,12,0.9901031851768494,0.9980279803276062,0.9946857427191769,0.9906204906204906,1386
__pooled__,5,global_T_corrected,equal_mass,13,0.9980279803276062,0.9999367296695709,0.9993232590909819,0.9949531362653208,1387
__pooled__,5,global_T_corrected,equal_mass,14,0.9999367296695709,1.0,0.9999884592601526,1.0,1387
__pooled__,5,oracle_T_K,equal_width,0,0.0,0.06666666666666667,0.0,0.0,0
__pooled__,5,oracle_T_K,equal_width,1,0.06666666666666667,0.13333333333333333,0.0,0.0,0
__pooled__,5,oracle_T_K,equal_width,2,0.13333333333333333,0.2,0.0,0.0,0
__pooled__,5,oracle_T_K,equal_width,3,0.2,0.26666666666666666,0.24745985188267447,0.2727272727272727,11
__pooled__,5,oracle_T_K,equal_width,4,0.26666666666666666,0.3333333333333333,0.3102345854471745,0.291866028708134,209
__pooled__,5,oracle_T_K,equal_width,5,0.3333333333333333,0.4,0.3717185376941809,0.33771929824561403,684
__pooled__,5,oracle_T_K,equal_width,6,0.4,0.4666666666666667,0.43623806466011034,0.44021739130434784,1104
__pooled__,5,oracle_T_K,equal_width,7,0.4666666666666667,0.5333333333333333,0.5021549634726955,0.486748545572075,1547
__pooled__,5,oracle_T_K,equal_width,8,0.5333333333333333,0.6,0.5661554577831676,0.5679949399114484,1581
__pooled__,5,oracle_T_K,equal_width,9,0.6,0.6666666666666666,0.634065430545931,0.6226415094339622,1537
__pooled__,5,oracle_T_K,equal_width,10,0.6666666666666666,0.7333333333333333,0.7002185996971843,0.7258687258687259,1554
__pooled__,5,oracle_T_K,equal_width,11,0.7333333333333333,0.8,0.7669718202239916,0.7817589576547231,1535
__pooled__,5,oracle_T_K,equal_width,12,0.8,0.8666666666666667,0.8349176160470331,0.8674772036474164,1645
__pooled__,5,oracle_T_K,equal_width,13,0.8666666666666667,0.9333333333333333,0.9008451779837299,0.9172313649564375,2066
__pooled__,5,oracle_T_K,equal_width,14,0.9333333333333333,1.0,0.9840522526295303,0.9828009828009828,7326
__pooled__,5,oracle_T_K,equal_mass,0,0.0,0.43423664569854736,0.3775530629623332,0.354978354978355,1386
__pooled__,5,oracle_T_K,equal_mass,1,0.43423664569854736,0.5027933120727539,0.46999235931453553,0.471521268925739,1387
__pooled__,5,oracle_T_K,equal_mass,2,0.5027933120727539,0.5573508441448212,0.5299272959108476,0.5317460317460317,1386
__pooled__,5,oracle_T_K,equal_mass,3,0.5573508441448212,0.6179620623588562,0.5880191393180467,0.5623648161499639,1387
__pooled__,5,oracle_T_K,equal_mass,4,0.6179620623588562,0.6776126325130463,0.648493616763172,0.6661860129776496,1387
__pooled__,5,oracle_T_K,equal_mass,5,0.6776126325130463,0.7372216880321503,0.7078069518138836,0.7178932178932179,1386
__pooled__,5,oracle_T_K,equal_mass,6,0.7372216880321503,0.7976691722869873,0.7677684498073906,0.7844268204758471,1387
__pooled__,5,oracle_T_K,equal_mass,7,0.7976691722869873,0.8549723625183105,0.8274739608007218,0.8534296028880867,1385
__pooled__,5,oracle_T_K,equal_mass,8,0.8549723625183105,0.9036206007003784,0.8791543645254565,0.9071274298056156,1389
__pooled__,5,oracle_T_K,equal_mass,9,0.9036206007003784,0.9433320760726929,0.9241697458821801,0.935064935064935,1386
__pooled__,5,oracle_T_K,equal_mass,10,0.9433320760726929,0.97205650806427,0.9589190402732277,0.9646719538572458,1387
__pooled__,5,oracle_T_K,equal_mass,11,0.97205650806427,0.9888527095317841,0.9811590146502003,0.976173285198556,1385
__pooled__,5,oracle_T_K,equal_mass,12,0.9888527095317841,0.9976986050605774,0.9939508170383649,0.9906272530641672,1387
__pooled__,5,oracle_T_K,equal_mass,13,0.9976986050605774,0.999919205904007,0.9991958499728301,0.9949531362653208,1387
__pooled__,5,oracle_T_K,equal_mass,14,0.999919205904007,1.0,0.9999850007726205,1.0,1387
__pooled__,10,native,equal_width,0,0.0,0.06666666666666667,0.0,0.0,0
__pooled__,10,native,equal_width,1,0.06666666666666667,0.13333333333333333,0.0,0.0,0
__pooled__,10,native,equal_width,2,0.13333333333333333,0.2,0.18432588564852873,0.08333333333333333,24
__pooled__,10,native,equal_width,3,0.2,0.26666666666666666,0.24025023315131824,0.18498659517426275,373
__pooled__,10,native,equal_width,4,0.26666666666666666,0.3333333333333333,0.30325050035325607,0.2594059405940594,1010
__pooled__,10,native,equal_width,5,0.3333333333333333,0.4,0.36802338612162405,0.3458333333333333,1440
__pooled__,10,native,equal_width,6,0.4,0.4666666666666667,0.4338910296014486,0.3923389437028439,1723
__pooled__,10,native,equal_width,7,0.4666666666666667,0.5333333333333333,0.49997446424733283,0.4766558089033659,1842
__pooled__,10,native,equal_width,8,0.5333333333333333,0.6,0.565000681436701,0.546037296037296,1716
__pooled__,10,native,equal_width,9,0.6,0.6666666666666666,0.6325306146243965,0.6100244498777506,1636
__pooled__,10,native,equal_width,10,0.6666666666666666,0.7333333333333333,0.6995943901920919,0.6717984604618614,1429
__pooled__,10,native,equal_width,11,0.7333333333333333,0.8,0.7666593569975633,0.7498327759197324,1495
__pooled__,10,native,equal_width,12,0.8,0.8666666666666667,0.8338904345453267,0.7917789757412399,1484
__pooled__,10,native,equal_width,13,0.8666666666666667,0.9333333333333333,0.9009767646210459,0.8774617067833698,1828
__pooled__,10,native,equal_width,14,0.9333333333333333,1.0,0.9807182056850681,0.972285892894353,4799
__pooled__,10,native,equal_mass,0,0.0,0.3324497789144516,0.28378876787845536,0.23665223665223664,1386
__pooled__,10,native,equal_mass,1,0.3324497789144516,0.3967793434858322,0.3658714167446048,0.3431867339581831,1387
__pooled__,10,native,equal_mass,2,0.3967793434858322,0.45127159357070923,0.42455650552096647,0.386002886002886,1386
__pooled__,10,native,equal_mass,3,0.45127159357070923,0.5019298493862152,0.477024850522174,0.444844989185292,1387
__pooled__,10,native,equal_mass,4,0.5019298493862152,0.5518074631690979,0.5266648879907246,0.494592645998558,1387
__pooled__,10,native,equal_mass,5,0.5518074631690979,0.6070540845394135,0.5788556572852929,0.5739005046863734,1387
__pooled__,10,native,equal_mass,6,0.6070540845394135,0.6640641987323761,0.6351783920676162,0.6118326118326118,1386
__pooled__,10,native,equal_mass,7,0.6640641987323761,0.7286234200000763,0.6958934686228655,0.6724386724386724,1386
__pooled__,10,native,equal_mass,8,0.7286234200000763,0.7911999821662903,0.7597109032949271,0.7354001441961067,1387
__pooled__,10,native,equal_mass,9,0.7911999821662903,0.8526804745197296,0.822289664881128,0.7894736842105263,1387
__pooled__,10,native,equal_mass,10,0.8526804745197296,0.9073536992073059,0.881437910841657,0.8434343434343434,1386
__pooled__,10,native,equal_mass,11,0.9073536992073059,0.951903909444809,0.9309863699539669,0.9134823359769286,1387
__pooled__,10,native,equal_mass,12,0.951903909444809,0.9826101958751678,0.9688373290185116,0.9646464646464646,1386
__pooled__,10,native,equal_mass,13,0.9826101958751678,0.9973980784416199,0.9912035833525846,0.9790915645277577,1387
__pooled__,10,native,equal_mass,14,0.9973980784416199,1.0,0.9993684361886875,0.996395097332372,1387
__pooled__,10,global_T_corrected,equal_width,0,0.0,0.06666666666666667,0.0,0.0,0
__pooled__,10,global_T_corrected,equal_width,1,0.06666666666666667,0.13333333333333333,0.0,0.0,0
__pooled__,10,global_T_corrected,equal_width,2,0.13333333333333333,0.2,0.18663124379611784,0.11290322580645161,62
__pooled__,10,global_T_corrected,equal_width,3,0.2,0.26666666666666666,0.239797042456229,0.20101351351351351,592
__pooled__,10,global_T_corrected,equal_width,4,0.26666666666666666,0.3333333333333333,0.3025878476229259,0.2925018559762435,1347
__pooled__,10,global_T_corrected,equal_width,5,0.3333333333333333,0.4,0.367873624077424,0.373363688104724,1757
__pooled__,10,global_T_corrected,equal_width,6,0.4,0.4666666666666667,0.4334108301567064,0.44324601951720594,1947
__pooled__,10,global_T_corrected,equal_width,7,0.4666666666666667,0.5333333333333333,0.4997440615445833,0.5168884339815762,1954
__pooled__,10,global_T_corrected,equal_width,8,0.5333333333333333,0.6,0.5658795506096957,0.6022471910112359,1780
__pooled__,10,global_T_corrected,equal_width,9,0.6,0.6666666666666666,0.6323273298631603,0.6571609632446135,1578
__pooled__,10,global_T_corrected,equal_width,10,0.6666666666666666,0.7333333333333333,0.7000241605808557,0.7458081824279007,1491
__pooled__,10,global_T_corrected,equal_width,11,0.7333333333333333,0.8,0.767055582783439,0.7883636363636364,1375
__pooled__,10,global_T_corrected,equal_width,12,0.8,0.8666666666666667,0.8338352235587867,0.8472972972972973,1480
__pooled__,10,global_T_corrected,equal_width,13,0.8666666666666667,0.9333333333333333,0.9014915611523275,0.9236778846153846,1664
__pooled__,10,global_T_corrected,equal_width,14,0.9333333333333333,1.0,0.9793066200686664,0.9811770943796394,3772
__pooled__,10,global_T_corrected,equal_mass,0,0.0,0.30741795897483826,0.2627635874058433,0.23953823953823955,1386
__pooled__,10,global_T_corrected,equal_mass,1,0.30741795897483826,0.36432984471321106,0.33624954655949124,0.3316510454217736,1387
__pooled__,10,global_T_corrected,equal_mass,2,0.36432984471321106,0.41434524953365326,0.3896677470396435,0.3953823953823954,1386
__pooled__,10,global_T_corrected,equal_mass,3,0.41434524953365326,0.4607675075531006,0.4375648660546339,0.44844989185291995,1387
__pooled__,10,global_T_corrected,equal_mass,4,0.4607675075531006,0.5075124204158783,0.48509317761113857,0.48738284066330206,1387
__pooled__,10,global_T_corrected,equal_mass,5,0.5075124204158783,0.5574566125869751,0.5318449032513094,0.5728715728715729,1386
__pooled__,10,global_T_corrected,equal_mass,6,0.5574566125869751,0.6103562712669373,0.5833858386509352,0.6142754145638067,1387
__pooled__,10,global_T_corrected,equal_mass,7,0.6103562712669373,0.6699714362621307,0.6395087938804132,0.6666666666666666,1386
__pooled__,10,global_T_corrected,equal_mass,8,0.6699714362621307,0.7320812046527863,0.7010519440086437,0.7505407354001442,1387
__pooled__,10,global_T_corrected,equal_mass,9,0.7320812046527863,0.7989934384822845,0.7659401056056583,0.786589762076424,1387
__pooled__,10,global_T_corrected,equal_mass,10,0.7989934384822845,0.8614282011985779,0.8310001025898288,0.8441558441558441,1386
__pooled__,10,global_T_corrected,equal_mass,11,0.8614282011985779,0.9192423522472382,0.8914801467634726,0.9105339105339105,1386
__pooled__,10,global_T_corrected,equal_mass,12,0.9192423522472382,0.9656553864479065,0.943940935800122,0.9625090122566691,1387
__pooled__,10,global_T_corrected,equal_mass,13,0.9656553864479065,0.9931906759738922,0.98100817229306,0.9783705839942322,1387
__pooled__,10,global_T_corrected,equal_mass,14,0.9931906759738922,1.0,0.9981490569571926,0.996395097332372,1387
__pooled__,10,oracle_T_K,equal_width,0,0.0,0.06666666666666667,0.0,0.0,0
__pooled__,10,oracle_T_K,equal_width,1,0.06666666666666667,0.13333333333333333,0.0,0.0,0
__pooled__,10,oracle_T_K,equal_width,2,0.13333333333333333,0.2,0.18637161435825483,0.125,56
__pooled__,10,oracle_T_K,equal_width,3,0.2,0.26666666666666666,0.2397583795348035,0.2038664323374341,569
__pooled__,10,oracle_T_K,equal_width,4,0.26666666666666666,0.3333333333333333,0.302823885913503,0.2852807283763278,1318
__pooled__,10,oracle_T_K,equal_width,5,0.3333333333333333,0.4,0.3679049228836884,0.3677156177156177,1716
__pooled__,10,oracle_T_K,equal_width,6,0.4,0.4666666666666667,0.43339104184941557,0.43973098810139677,1933
__pooled__,10,oracle_T_K,equal_width,7,0.4666666666666667,0.5333333333333333,0.5001122726472721,0.5142566191446029,1964
__pooled__,10,oracle_T_K,equal_width,8,0.5333333333333333,0.6,0.5662705872870766,0.602615122228539,1759
__pooled__,10,oracle_T_K,equal_width,9,0.6,0.6666666666666666,0.6322294663746748,0.6524777636594663,1574
__pooled__,10,oracle_T_K,equal_width,10,0.6666666666666666,0.7333333333333333,0.6999185620619848,0.732573726541555,1492
__pooled__,10,oracle_T_K,equal_width,11,0.7333333333333333,0.8,0.7671089894856725,0.7857142857142857,1400
__pooled__,10,oracle_T_K,equal_width,12,0.8,0.8666666666666667,0.8344846975128606,0.8429919137466307,1484
__pooled__,10,oracle_T_K,equal_width,13,0.8666666666666667,0.9333333333333333,0.9016851123860128,0.919664268585132,1668
__pooled__,10,oracle_T_K,equal_width,14,0.9333333333333333,1.0,0.9794174853964784,0.9806001034661148,3866
__pooled__,10,oracle_T_K,equal_mass,0,0.0,0.3096701353788376,0.2647050673741455,0.23881673881673882,1386
__pooled__,10,oracle_T_K,equal_mass,1,0.3096701353788376,0.3671363294124603,0.3389698698010132,0.3330930064888248,1387
__pooled__,10,oracle_T_K,equal_mass,2,0.3671363294124603,0.41786566376686096,0.39292464926731363,0.39466089466089466,1386
__pooled__,10,oracle_T_K,equal_mass,3,0.41786566376686096,0.46483537554740906,0.441243576719852,0.44556596971881757,1387
__pooled__,10,oracle_T_K,equal_mass,4,0.46483537554740906,0.5117941200733185,0.4891162716018784,0.4938716654650324,1387
__pooled__,10,oracle_T_K,equal_mass,5,0.5117941200733185,0.5618290603160858,0.5361542570126521,0.5685425685425686,1386
__pooled__,10,oracle_T_K,equal_mass,6,0.5618290603160858,0.6154455244541168,0.5881834450864758,0.6178803172314348,1387
__pooled__,10,oracle_T_K,equal_mass,7,0.6154455244541168,0.6757248342037201,0.6448321686506615,0.6652236652236653,1386
__pooled__,10,oracle_T_K,equal_mass,8,0.6757248342037201,0.7380333542823792,0.7066725596044248,0.749098774333093,1387
__pooled__,10,oracle_T_K,equal_mass,9,0.7380333542823792,0.8045987784862518,0.7714824509775372,0.7844268204758471,1387
__pooled__,10,oracle_T_K,equal_mass,10,0.8045987784862518,0.8662618696689606,0.8361612945408016,0.847041847041847,1386
__pooled__,10,oracle_T_K,equal_mass,11,0.8662618696689606,0.9230709075927734,0.8957290114390395,0.9098774333093006,1387
__pooled__,10,oracle_T_K,equal_mass,12,0.9230709075927734,0.9677453637123108,0.9467951585720111,0.9624819624819625,1386
__pooled__,10,oracle_T_K,equal_mass,13,0.9677453637123108,0.9937600195407867,0.9822639376891974,0.9783705839942322,1387
__pooled__,10,oracle_T_K,equal_mass,14,0.9937600195407867,1.0,0.9983187674100913,0.996395097332372,1387
__pooled__,20,native,equal_width,0,0.0,0.06666666666666667,0.0,0.0,0
__pooled__,20,native,equal_width,1,0.06666666666666667,0.13333333333333333,0.12389839481976297,0.08333333333333333,36
__pooled__,20,native,equal_width,2,0.13333333333333333,0.2,0.17632340166525276,0.1458966565349544,658
__pooled__,20,native,equal_width,3,0.2,0.26666666666666666,0.23631029318089058,0.20823244552058112,1652
__pooled__,20,native,equal_width,4,0.26666666666666666,0.3333333333333333,0.2997767241384791,0.29195402298850576,2175
__pooled__,20,native,equal_width,5,0.3333333333333333,0.4,0.3667383380861173,0.3525243578387954,2258
__pooled__,20,native,equal_width,6,0.4,0.4666666666666667,0.4329035798952956,0.4266792809839167,2114
__pooled__,20,native,equal_width,7,0.4666666666666667,0.5333333333333333,0.4997413051681354,0.48058252427184467,1854
__pooled__,20,native,equal_width,8,0.5333333333333333,0.6,0.5658166096718223,0.582010582010582,1512
__pooled__,20,native,equal_width,9,0.6,0.6666666666666666,0.6331897471898175,0.6092955700798838,1377
__pooled__,20,native,equal_width,10,0.6666666666666666,0.7333333333333333,0.6994994412893536,0.6970443349753694,1218
__pooled__,20,native,equal_width,11,0.7333333333333333,0.8,0.7662380834596347,0.7522123893805309,1130
__pooled__,20,native,equal_width,12,0.8,0.8666666666666667,0.8344859272875684,0.84,1175
__pooled__,20,native,equal_width,13,0.8666666666666667,0.9333333333333333,0.9006459816683794,0.9074221867517956,1253
__pooled__,20,native,equal_width,14,0.9333333333333333,1.0,0.9753688431005874,0.9706744868035191,2387
__pooled__,20,native,equal_mass,0,0.0,0.23268914222717285,0.19529669833991778,0.15367965367965367,1386
__pooled__,20,native,equal_mass,1,0.23268914222717285,0.27989815175533295,0.25725511166588727,0.2480173035328046,1387
__pooled__,20,native,equal_mass,2,0.27989815175533295,0.3218532055616379,0.3007826889834191,0.3023088023088023,1386
__pooled__,20,native,equal_mass,3,0.3218532055616379,0.36385418474674225,0.34294527842144185,0.3157894736842105,1387
__pooled__,20,native,equal_mass,4,0.36385418474674225,0.4054958373308182,0.384263035369246,0.3720259552992069,1387
__pooled__,20,native,equal_mass,5,0.4054958373308182,0.44801710546016693,0.4261774652104013,0.424963924963925,1386
__pooled__,20,native,equal_mass,6,0.44801710546016693,0.4953768104314804,0.4712248654699016,0.44700793078586876,1387
__pooled__,20,native,equal_mass,7,0.4953768104314804,0.5475497543811798,0.5208116387047981,0.525974025974026,1386
__pooled__,20,native,equal_mass,8,0.5475497543811798,0.6100834906101227,0.5782926591850479,0.578226387887527,1387
__pooled__,20,native,equal_mass,9,0.6100834906101227,0.6778469979763031,0.6441542372999212,0.6294160057678443,1387
__pooled__,20,native,equal_mass,10,0.6778469979763031,0.7562187016010284,0.7170787531060058,0.7142857142857143,1386
__pooled__,20,native,equal_mass,11,0.7562187016010284,0.8389190435409546,0.7975646519110885,0.7909156452775775,1387
__pooled__,20,native,equal_mass,12,0.8389190435409546,0.9137615859508514,0.8762751481405756,0.8795093795093795,1386
__pooled__,20,native,equal_mass,13,0.9137615859508514,0.9735047221183777,0.9461089543240828,0.9423215573179524,1387
__pooled__,20,native,equal_mass,14,0.9735047221183777,1.0,0.9903502233095451,0.9877433309300648,1387
__pooled__,20,global_T_corrected,equal_width,0,0.0,0.06666666666666667,0.0,0.0,0
__pooled__,20,global_T_corrected,equal_width,1,0.06666666666666667,0.13333333333333333,0.12191022596344715,0.12195121951219512,82
__pooled__,20,global_T_corrected,equal_width,2,0.13333333333333333,0.2,0.17420948753346047,0.154337899543379,1095
__pooled__,20,global_T_corrected,equal_width,3,0.2,0.26666666666666666,0.23506906508523656,0.25422974176313445,2246
__pooled__,20,global_T_corrected,equal_width,4,0.26666666666666666,0.3333333333333333,0.2999312005709875,0.31942215088282505,2492
__pooled__,20,global_T_corrected,equal_width,5,0.3333333333333333,0.4,0.3659677573856042,0.4061224489795918,2450
__pooled__,20,global_T_corrected,equal_width,6,0.4,0.4666666666666667,0.4328796807803264,0.478134110787172,2058
__pooled__,20,global_T_corrected,equal_width,7,0.4666666666666667,0.5333333333333333,0.4993574049871318,0.5567723342939481,1735
__pooled__,20,global_T_corrected,equal_width,8,0.5333333333333333,0.6,0.5668329190124165,0.6169786096256684,1496
__pooled__,20,global_T_corrected,equal_width,9,0.6,0.6666666666666666,0.6323257055890512,0.6900398406374502,1255
__pooled__,20,global_T_corrected,equal_width,10,0.6666666666666666,0.7333333333333333,0.699699883955019,0.7576576576576577,1110
__pooled__,20,global_T_corrected,equal_width,11,0.7333333333333333,0.8,0.7667838445163908,0.8419047619047619,1050
__pooled__,20,global_T_corrected,equal_width,12,0.8,0.8666666666666667,0.8323527062451327,0.8851148851148851,1001
__pooled__,20,global_T_corrected,equal_width,13,0.8666666666666667,0.9333333333333333,0.9014661957542768,0.9357541899441341,1074
__pooled__,20,global_T_corrected,equal_width,14,0.9333333333333333,1.0,0.9731307590115826,0.9848942598187311,1655
__pooled__,20,global_T_corrected,equal_mass,0,0.0,0.20786576718091965,0.17562559258305666,0.1608946608946609,1386
__pooled__,20,global_T_corrected,equal_mass,1,0.20786576718091965,0.24927809089422226,0.22909587372440868,0.24585436193222782,1387
__pooled__,20,global_T_corrected,equal_mass,2,0.24927809089422226,0.286190927028656,0.26768277390909745,0.2950937950937951,1386
__pooled__,20,global_T_corrected,equal_mass,3,0.286190927028656,0.3233756124973297,0.30484408198238966,0.3189033189033189,1386
__pooled__,20,global_T_corrected,equal_mass,4,0.3233756124973297,0.36045217514038086,0.34214427815991794,0.3940922190201729,1388
__pooled__,20,global_T_corrected,equal_mass,5,0.36045217514038086,0.3981076031923294,0.3786567631479982,0.3997113997113997,1386
__pooled__,20,global_T_corrected,equal_mass,6,0.3981076031923294,0.44277799129486084,0.42051263496268976,0.4700793078586878,1387
__pooled__,20,global_T_corrected,equal_mass,7,0.44277799129486084,0.4913726896047592,0.4665286191786178,0.5108225108225108,1386
__pooled__,20,global_T_corrected,equal_mass,8,0.4913726896047592,0.5474054515361786,0.5185606581277785,0.5789473684210527,1387
__pooled__,20,global_T_corrected,equal_mass,9,0.5474054515361786,0.6096984446048737,0.5787210636372694,0.6286950252343186,1387
__pooled__,20,global_T_corrected,equal_mass,10,0.6096984446048737,0.6861652433872223,0.6473365559044297,0.7046931407942238,1385
__pooled__,20,global_T_corrected,equal_mass,11,0.6861652433872223,0.772747129201889,0.729439748767817,0.8018731988472623,1388
__pooled__,20,global_T_corrected,equal_mass,12,0.772747129201889,0.8622976243495941,0.8170348835885954,0.8715728715728716,1386
__pooled__,20,global_T_corrected,equal_mass,13,0.8622976243495941,0.948798418045044,0.9079494726425809,0.943042537851478,1387
__pooled__,20,global_T_corrected,equal_mass,14,0.948798418045044,1.0,0.9793042903249007,0.9877433309300648,1387
__pooled__,20,oracle_T_K,equal_width,0,0.0,0.06666666666666667,0.0,0.0,0
__pooled__,20,oracle_T_K,equal_width,1,0.06666666666666667,0.13333333333333333,0.12174119323980613,0.08196721311475409,61
__pooled__,20,oracle_T_K,equal_width,2,0.13333333333333333,0.2,0.1746695714996907,0.1548856548856549,962
__pooled__,20,oracle_T_K,equal_width,3,0.2,0.26666666666666666,0.23582259612558223,0.2402101241642789,2094
__pooled__,20,oracle_T_K,equal_width,4,0.26666666666666666,0.3333333333333333,0.3003937053189908,0.31379883624272653,2406
__pooled__,20,oracle_T_K,equal_width,5,0.3333333333333333,0.4,0.3670489372550577,0.39006211180124223,2415
__pooled__,20,oracle_T_K,equal_width,6,0.4,0.4666666666666667,0.43279020850011796,0.46199117214320745,2039
__pooled__,20,oracle_T_K,equal_width,7,0.4666666666666667,0.5333333333333333,0.49893230256580173,0.5350140056022409,1785
__pooled__,20,oracle_T_K,equal_width,8,0.5333333333333333,0.6,0.5666434998149911,0.6086079354404842,1487
__pooled__,20,oracle_T_K,equal_width,9,0.6,0.6666666666666666,0.6316488620698179,0.6592649310872895,1306
__pooled__,20,oracle_T_K,equal_width,10,0.6666666666666666,0.7333333333333333,0.6994444431178108,0.7515310586176728,1143
__pooled__,20,oracle_T_K,equal_width,11,0.7333333333333333,0.8,0.7669694289048364,0.8125585754451734,1067
__pooled__,20,oracle_T_K,equal_width,12,0.8,0.8666666666666667,0.8328755465743706,0.8705772811918063,1074
__pooled__,20,oracle_T_K,equal_width,13,0.8666666666666667,0.9333333333333333,0.9014487034804567,0.9321880650994575,1106
__pooled__,20,oracle_T_K,equal_width,14,0.9333333333333333,1.0,0.9735369426082767,0.9800431499460626,1854
__pooled__,20,oracle_T_K,equal_mass,0,0.0,0.2145983800292015,0.18092573192212488,0.15800865800865802,1386
__pooled__,20,oracle_T_K,equal_mass,1,0.2145983800292015,0.2573713958263397,0.23670228860235593,0.247296322999279,1387
__pooled__,20,oracle_T_K,equal_mass,2,0.2573713958263397,0.2958071529865265,0.27662074912326,0.29891696750902524,1385
__pooled__,20,oracle_T_K,equal_mass,3,0.2958071529865265,0.33395011723041534,0.3151909335964261,0.3193943763518385,1387
__pooled__,20,oracle_T_K,equal_mass,4,0.33395011723041534,0.37255774438381195,0.3536762393345407,0.3818443804034582,1388
__pooled__,20,oracle_T_K,equal_mass,5,0.37255774438381195,0.41177578270435333,0.3916379899259598,0.41125541125541126,1386
__pooled__,20,oracle_T_K,equal_mass,6,0.41177578270435333,0.4574083387851715,0.4344614383421446,0.4664744051910598,1387
__pooled__,20,oracle_T_K,equal_mass,7,0.4574083387851715,0.506841629743576,0.48166384220037284,0.5079365079365079,1386
__pooled__,20,oracle_T_K,equal_mass,8,0.506841629743576,0.5656034648418427,0.5348403187389416,0.5811103100216294,1387
__pooled__,20,oracle_T_K,equal_mass,9,0.5656034648418427,0.6292305290699005,0.5968622657233378,0.6272530641672674,1387
__pooled__,20,oracle_T_K,equal_mass,10,0.6292305290699005,0.7054298520088196,0.6669528327694008,0.7046931407942238,1385
__pooled__,20,oracle_T_K,equal_mass,11,0.7054298520088196,0.7927165627479553,0.7491857581248544,0.8004322766570605,1388
__pooled__,20,oracle_T_K,equal_mass,12,0.7927165627479553,0.8784176409244537,0.8348062068094939,0.8773448773448773,1386
__pooled__,20,oracle_T_K,equal_mass,13,0.8784176409244537,0.9568482041358948,0.9200810264062779,0.9423215573179524,1387
__pooled__,20,oracle_T_K,equal_mass,14,0.9568482041358948,1.0,0.9831117593133373,0.9877433309300648,1387
__pooled__,50,native,equal_width,0,0.0,0.06666666666666667,0.06256568882810443,0.0,19
__pooled__,50,native,equal_width,1,0.06666666666666667,0.13333333333333333,0.1110092020920805,0.10881934566145092,1406
__pooled__,50,native,equal_width,2,0.13333333333333333,0.2,0.16728284678903957,0.18121859296482412,3184
__pooled__,50,native,equal_width,3,0.2,0.26666666666666666,0.23338156951603609,0.2549264935877385,3197
__pooled__,50,native,equal_width,4,0.26666666666666666,0.3333333333333333,0.29861897483473687,0.2988288628636192,2647
__pooled__,50,native,equal_width,5,0.3333333333333333,0.4,0.3650104107514819,0.3876651982378855,2043
__pooled__,50,native,equal_width,6,0.4,0.4666666666666667,0.4326782560133072,0.4602409638554217,1660
__pooled__,50,native,equal_width,7,0.4666666666666667,0.5333333333333333,0.4987495705542436,0.5264367816091954,1305
__pooled__,50,native,equal_width,8,0.5333333333333333,0.6,0.5647710345330692,0.6140873015873016,1008
__pooled__,50,native,equal_width,9,0.6,0.6666666666666666,0.6320908429220566,0.6947743467933492,842
__pooled__,50,native,equal_width,10,0.6666666666666666,0.7333333333333333,0.6986553440416666,0.7844611528822055,798
__pooled__,50,native,equal_width,11,0.7333333333333333,0.8,0.7665357419300354,0.8160919540229885,696
__pooled__,50,native,equal_width,12,0.8,0.8666666666666667,0.8326624332897125,0.8483870967741935,620
__pooled__,50,native,equal_width,13,0.8666666666666667,0.9333333333333333,0.9011583956433278,0.9477124183006536,612
__pooled__,50,native,equal_width,14,0.9333333333333333,1.0,0.9700839722876161,0.973753280839895,762
__pooled__,50,native,equal_mass,0,0.0,0.13228026032447815,0.10973073876211567,0.10894660894660894,1386
__pooled__,50,native,equal_mass,1,0.13228026032447815,0.16275689750909805,0.14809578769956463,0.167267483777938,1387
__pooled__,50,native,equal_mass,2,0.16275689750909805,0.1903478279709816,0.17646691076253226,0.18542568542568544,1386
__pooled__,50,native,equal_mass,3,0.1903478279709816,0.21988926827907562,0.20518398781259367,0.220620043258832,1387
__pooled__,50,native,equal_mass,4,0.21988926827907562,0.24829944223165512,0.23398932484774257,0.25739005046863733,1387
__pooled__,50,native,equal_mass,5,0.24829944223165512,0.277920126914978,0.2629590245575681,0.2779783393501805,1385
__pooled__,50,native,equal_mass,6,0.277920126914978,0.31314633786678314,0.2951570656096901,0.2824207492795389,1388
__pooled__,50,native,equal_mass,7,0.31314633786678314,0.3522368371486664,0.3321535456791241,0.3448773448773449,1386
__pooled__,50,native,equal_mass,8,0.3522368371486664,0.3992128074169159,0.3748601167727995,0.40735400144196104,1387
__pooled__,50,native,equal_mass,9,0.3992128074169159,0.45491430163383484,0.4263510909455237,0.4527757750540735,1387
__pooled__,50,native,equal_mass,10,0.45491430163383484,0.5215155184268951,0.4865017614424874,0.5083032490974729,1385
__pooled__,50,native,equal_mass,11,0.5215155184268951,0.6124670207500458,0.5642115579816037,0.6095100864553314,1388
__pooled__,50,native,equal_mass,12,0.6124670207500458,0.7254609167575836,0.6677012893802676,0.7453102453102453,1386
__pooled__,50,native,equal_mass,13,0.7254609167575836,0.8653551638126373,0.792886964520191,0.8356164383561644,1387
__pooled__,50,native,equal_mass,14,0.8653551638126373,1.0,0.9386943882544778,0.9603460706560922,1387
__pooled__,50,global_T_corrected,equal_width,0,0.0,0.06666666666666667,0.060173445691665016,0.0,51
__pooled__,50,global_T_corrected,equal_width,1,0.06666666666666667,0.13333333333333333,0.1082901928873691,0.1369574378423936,2373
__pooled__,50,global_T_corrected,equal_width,2,0.13333333333333333,0.2,0.16623082561425648,0.20812839761843127,3863
__pooled__,50,global_T_corrected,equal_width,3,0.2,0.26666666666666666,0.23172004231642926,0.2923345963276013,3431
__pooled__,50,global_T_corrected,equal_width,4,0.26666666666666666,0.3333333333333333,0.2979777838026916,0.3659217877094972,2506
__pooled__,50,global_T_corrected,equal_width,5,0.3333333333333333,0.4,0.36495887945743233,0.4615792262851086,1887
__pooled__,50,global_T_corrected,equal_width,6,0.4,0.4666666666666667,0.4313121985590629,0.5030758714969241,1463
__pooled__,50,global_T_corrected,equal_width,7,0.4666666666666667,0.5333333333333333,0.498171047298363,0.6304932735426009,1115
__pooled__,50,global_T_corrected,equal_width,8,0.5333333333333333,0.6,0.5659591778512654,0.7123130034522439,869
__pooled__,50,global_T_corrected,equal_width,9,0.6,0.6666666666666666,0.6319848260670862,0.806949806949807,777
__pooled__,50,global_T_corrected,equal_width,10,0.6666666666666666,0.7333333333333333,0.6986053725673814,0.806930693069307,606
__pooled__,50,global_T_corrected,equal_width,11,0.7333333333333333,0.8,0.7659346059541017,0.848987108655617,543
__pooled__,50,global_T_corrected,equal_width,12,0.8,0.8666666666666667,0.834193765181597,0.9484304932735426,446
__pooled__,50,global_T_corrected,equal_width,13,0.8666666666666667,0.9333333333333333,0.8980819447724907,0.9652777777777778,432
__pooled__,50,global_T_corrected,equal_width,14,0.9333333333333333,1.0,0.9670271112389641,0.9839816933638444,437
__pooled__,50,global_T_corrected,equal_mass,0,0.0,0.11374526843428612,0.09486177350524785,0.11183261183261184,1386
__pooled__,50,global_T_corrected,equal_mass,1,0.11374526843428612,0.13925711810588837,0.12694787447862516,0.17303532804614274,1387
__pooled__,50,global_T_corrected,equal_mass,2,0.13925711810588837,0.16278520226478577,0.1506542806523015,0.18759018759018758,1386
__pooled__,50,global_T_corrected,equal_mass,3,0.16278520226478577,0.18670517951250076,0.17488762988791504,0.22422494592645997,1387
__pooled__,50,global_T_corrected,equal_mass,4,0.18670517951250076,0.21119238436222076,0.19905216801742384,0.24224945926459984,1387
__pooled__,50,global_T_corrected,equal_mass,5,0.21119238436222076,0.23715790361166,0.22381441743471922,0.2857142857142857,1386
__pooled__,50,global_T_corrected,equal_mass,6,0.23715790361166,0.2665502578020096,0.25147804968118154,0.31074260994953135,1387
__pooled__,50,global_T_corrected,equal_mass,7,0.2665502578020096,0.2998802065849304,0.28278676294661187,0.32611832611832614,1386
__pooled__,50,global_T_corrected,equal_mass,8,0.2998802065849304,0.34151725471019745,0.3201158397603396,0.42249459264599853,1387
__pooled__,50,global_T_corrected,equal_mass,9,0.34151725471019745,0.38967275619506836,0.36476037080286217,0.4542177361211247,1387
__pooled__,50,global_T_corrected,equal_mass,10,0.38967275619506836,0.45033514499664307,0.4185574935671227,0.49855699855699853,1386
__pooled__,50,global_T_corrected,equal_mass,11,0.45033514499664307,0.5297370254993439,0.48775039747540005,0.6020187454938717,1387
__pooled__,50,global_T_corrected,equal_mass,12,0.5297370254993439,0.6379794478416443,0.5825674237540962,0.7337662337662337,1386
__pooled__,50,global_T_corrected,equal_mass,13,0.6379794478416443,0.7918748557567596,0.7093776871424058,0.8284066330209084,1387
__pooled__,50,global_T_corrected,equal_mass,14,0.7918748557567596,1.0,0.8940005240117206,0.9632299927901946,1387
__pooled__,50,oracle_T_K,equal_width,0,0.0,0.06666666666666667,0.06141339932732722,0.0,34
__pooled__,50,oracle_T_K,equal_width,1,0.06666666666666667,0.13333333333333333,0.10960435445472268,0.12371690977849811,1851
__pooled__,50,oracle_T_K,equal_width,2,0.13333333333333333,0.2,0.1665724034211559,0.19684151156232374,3546
__pooled__,50,oracle_T_K,equal_width,3,0.2,0.26666666666666666,0.23249343682435297,0.26785714285714285,3360
__pooled__,50,oracle_T_K,equal_width,4,0.26666666666666666,0.3333333333333333,0.2987934306464131,0.327447216890595,2605
__pooled__,50,oracle_T_K,equal_width,5,0.3333333333333333,0.4,0.3657337941141329,0.4345146379044684,1947
__pooled__,50,oracle_T_K,equal_width,6,0.4,0.4666666666666667,0.4323887596230534,0.48822406110757477,1571
__pooled__,50,oracle_T_K,equal_width,7,0.4666666666666667,0.5333333333333333,0.49892868396140216,0.5638031693077564,1199
__pooled__,50,oracle_T_K,equal_width,8,0.5333333333333333,0.6,0.5654795593642569,0.6742424242424242,924
__pooled__,50,oracle_T_K,equal_width,9,0.6,0.6666666666666666,0.6332266158866187,0.732360097323601,822
__pooled__,50,oracle_T_K,equal_width,10,0.6666666666666666,0.7333333333333333,0.6988428384065628,0.8328571428571429,700
__pooled__,50,oracle_T_K,equal_width,11,0.7333333333333333,0.8,0.7656619978186331,0.8157894736842105,608
__pooled__,50,oracle_T_K,equal_width,12,0.8,0.8666666666666667,0.8319884213534269,0.9166666666666666,528
__pooled__,50,oracle_T_K,equal_width,13,0.8666666666666667,0.9333333333333333,0.9003948077057184,0.951310861423221,534
__pooled__,50,oracle_T_K,equal_width,14,0.9333333333333333,1.0,0.9691900593146944,0.9824561403508771,570
__pooled__,50,oracle_T_K,equal_mass,0,0.0,0.12241248041391373,0.10181011265737756,0.1111111111111111,1386
__pooled__,50,oracle_T_K,equal_mass,1,0.12241248041391373,0.15000246465206146,0.13683530103842304,0.1651045421773612,1387
__pooled__,50,oracle_T_K,equal_mass,2,0.15000246465206146,0.1755921095609665,0.1627494456383573,0.19047619047619047,1386
__pooled__,50,oracle_T_K,equal_mass,3,0.1755921095609665,0.2024253010749817,0.18910905791858845,0.2220620043258832,1387
__pooled__,50,oracle_T_K,equal_mass,4,0.2024253010749817,0.2286710888147354,0.21553138377602873,0.2487382840663302,1387
__pooled__,50,oracle_T_K,equal_mass,5,0.2286710888147354,0.2561082988977432,0.24226183260416057,0.28066378066378067,1386
__pooled__,50,oracle_T_K,equal_mass,6,0.2561082988977432,0.28865016996860504,0.2721701168979598,0.29920692141312183,1387
__pooled__,50,oracle_T_K,equal_mass,7,0.28865016996860504,0.3243899345397949,0.3060859435736531,0.3318903318903319,1386
__pooled__,50,oracle_T_K,equal_mass,8,0.3243899345397949,0.3696988672018051,0.34622490820733437,0.4160057678442682,1387
__pooled__,50,oracle_T_K,equal_mass,9,0.3696988672018051,0.4213557839393616,0.39409447204061093,0.45926459985580387,1387
__pooled__,50,oracle_T_K,equal_mass,10,0.4213557839393616,0.4846392422914505,0.4510850261300157,0.49206349206349204,1386
__pooled__,50,oracle_T_K,equal_mass,11,0.4846392422914505,0.5702162384986877,0.5243780999279916,0.6186012977649603,1387
__pooled__,50,oracle_T_K,equal_mass,12,0.5702162384986877,0.6806738376617432,0.6241192139932431,0.7352092352092352,1386
__pooled__,50,oracle_T_K,equal_mass,13,0.6806738376617432,0.8293627202510834,0.7514986858233842,0.8312905551550108,1387
__pooled__,50,oracle_T_K,equal_mass,14,0.8293627202510834,1.0,0.917881479216894,0.9625090122566691,1387
