seed,model,training_regime,cell,K,eval_split,n,accuracy,auroc_correct,aurc,aurc_oracle,e_aurc,rer_at_50,rer_at_80,rer_at_90,rer_at_95,ece_adaptive,brier_binary,nll_binary,accuracy_seed_sd,auroc_correct_seed_sd,aurc_seed_sd,aurc_oracle_seed_sd,e_aurc_seed_sd,rer_at_50_seed_sd,rer_at_80_seed_sd,rer_at_90_seed_sd,rer_at_95_seed_sd,ece_adaptive_seed_sd,brier_binary_seed_sd,nll_binary_seed_sd
b3_seed1,StatsLogistic smallK5 10,smallK5_10,randomK5,5,val_select,5282,0.7870124952669444,0.8447472268997407,0.06344557482079748,0.024489234090560863,0.03895634073023661,0.8186666666666667,0.4078338328863645,0.2158354601972604,0.1101931712501661,0.013071363520470124,0.12322696692742191,0.37816589093043795,,,,,,,,,,,,
b3_seed1,StatsLogistic smallK5 10,smallK5_10,randomK5,5,testA,5646,0.8184555437477861,0.8655222974649136,0.04510313183293289,0.017578184432274074,0.027524947400658813,0.8946341463414633,0.4670967672262512,0.2532047110317621,0.13740383041414278,0.013693615184718703,0.10765866511558166,0.3302340989729062,,,,,,,,,,,,
b3_seed1,StatsLogistic smallK5 10,smallK5_10,randomK5,5,testB,4640,0.7497844827586206,0.8112412632556754,0.08856995879585404,0.034300477075900726,0.054269481719953314,0.7433247200689064,0.2937123169681311,0.14728682170542653,0.07883403599437896,0.022527235415017888,0.14640482229967766,0.4358289242898722,,,,,,,,,,,,
b3_seed1,StatsLogistic smallK5 10,smallK5_10,randomK5,5,__pooled_test__,10286,0.787478125607622,0.8426159172286041,0.06226047006754162,0.024377848146793307,0.037882621920748316,0.8325709057639525,0.38530771220919224,0.19492866583377755,0.10341270444637307,0.01525706313028681,0.12513700162483749,0.3778677747915648,,,,,,,,,,,,
b3_seed1,StatsLogistic largeK20 50,largeK20_50,randomK5,5,val_select,5282,0.7870124952669444,0.8408931654772406,0.06441493286484849,0.024489234090560863,0.03992569877428763,0.8062222222222222,0.3967237734658461,0.20990978357406612,0.10645055577698019,0.026359978236617176,0.1251032750921136,0.38714178453865966,,,,,,,,,,,,
b3_seed1,StatsLogistic largeK20 50,largeK20_50,randomK5,5,testA,5646,0.8184555437477861,0.8609972500936868,0.046141465513105884,0.017578184432274074,0.02856328108083181,0.8770731707317074,0.45368272704201473,0.25212082817404285,0.13021552900092742,0.03076708722814462,0.10977594680809871,0.33826300353435784,,,,,,,,,,,,
b3_seed1,StatsLogistic largeK20 50,largeK20_50,randomK5,5,testB,4640,0.7497844827586206,0.8058237452276102,0.09041836665366473,0.034300477075900726,0.05611788957776401,0.7209302325581396,0.28617571059431546,0.14632979232462442,0.07792737658098765,0.03552441798259054,0.1493506103021275,0.4441390107770606,,,,,,,,,,,,
b3_seed1,StatsLogistic largeK20 50,largeK20_50,randomK5,5,__pooled_test__,10286,0.787478125607622,0.837802627268928,0.06361119415689627,0.024377848146793307,0.03923334601010296,0.8206770356816102,0.38073325797447,0.18933789267984535,0.10341270444637307,0.02951465014815158,0.1276280213377792,0.38602352012060526,,,,,,,,,,,,
b3_seed1,ScoreDeepSets,smallK5_10,randomK5,5,val_select,5282,0.7870124952669444,0.8261208670782882,0.06822913850076719,0.024489234090560863,0.04373990441020632,0.7831111111111109,0.3756146605668611,0.1950955920160796,0.09709401709401697,0.020141693930233667,0.13026335068696973,0.3969270500276505,,,,,,,,,,,,
b3_seed1,ScoreDeepSets,smallK5_10,randomK5,5,testA,5646,0.8184555437477861,0.8491330669636495,0.049200706223084416,0.017578184432274074,0.03162252179081034,0.8458536585365851,0.44880489424774667,0.2326109367351052,0.13740383041414278,0.020971702853184067,0.11228167297964486,0.3463273563290769,,,,,,,,,,,,
b3_seed1,ScoreDeepSets,smallK5_10,randomK5,5,testB,4640,0.7497844827586206,0.7953714659063028,0.09417877463109749,0.034300477075900726,0.05987829755519676,0.6881998277347117,0.28402239448751093,0.14441573356302065,0.07339407951403067,0.032120997821591016,0.15271210657984424,0.45416464872554674,,,,,,,,,,,,
b3_seed1,ScoreDeepSets,smallK5_10,randomK5,5,__pooled_test__,10286,0.787478125607622,0.8267862830808851,0.06693788966394279,0.024377848146793307,0.04256004151714948,0.79871912168344,0.35500195290415687,0.19238740530926302,0.10196814919037879,0.02587815251142719,0.13051978418953453,0.3949726058643307,,,,,,,,,,,,
b3_seed1,ScoreDeepSets,largeK20_50,randomK5,5,val_select,5282,0.7870124952669444,0.7941680164648651,0.07770291739403641,0.024489234090560863,0.05321368330347555,0.6853333333333335,0.31117631592785394,0.17139288552330192,0.09802967096231344,0.26585788521541875,0.21258643524908083,0.6216810088250135,,,,,,,,,,,,
b3_seed1,ScoreDeepSets,largeK20_50,randomK5,5,testA,5646,0.8184555437477861,0.8184579412121756,0.05724453046206985,0.017578184432274074,0.039666346029795775,0.793170731707317,0.3878319843194003,0.2185204595847608,0.12097342718393594,0.24640367264498791,0.1830814878905985,0.5505141835022156,,,,,,,,,,,,
b3_seed1,ScoreDeepSets,largeK20_50,randomK5,5,testB,4640,0.7497844827586206,0.7649450288540645,0.10627394344508752,0.034300477075900726,0.07197346636918679,0.5917312661498708,0.2452627045650304,0.1271892047085849,0.06251416655333453,0.2864483697139176,0.24333565299637167,0.6949826478431606,,,,,,,,,,,,
b3_seed1,ScoreDeepSets,largeK20_50,randomK5,5,__pooled_test__,10286,0.787478125607622,0.7968512588526312,0.07645615650626753,0.024377848146793307,0.05207830835947422,0.7008234217749315,0.31897812580571916,0.1700243126935348,0.08993018872376217,0.2644677786531382,0.21026205624474856,0.6156837027071529,,,,,,,,,,,,
b3_seed1,corrected_score_MSP,score_only,randomK5,5,val_select,5282,0.7870124952669444,0.8452187207655093,0.06319985335381328,0.024489234090560863,0.03871061926325242,0.816888888888889,0.4078338328863645,0.21287262188566353,0.11112882511846206,0.017849238817581912,0.12331016659876526,0.3797699064224681,,,,,,,,,,,,
b3_seed1,corrected_score_MSP,score_only,randomK5,5,testA,5646,0.8184555437477861,0.8653314402436385,0.04519680203851545,0.017578184432274074,0.027618617606241375,0.8790243902439027,0.47197460002051866,0.25862412532035606,0.13432312980847896,0.012771747619514636,0.10754075912471339,0.3296224813117848,,,,,,,,,,,,
b3_seed1,corrected_score_MSP,score_only,randomK5,5,testB,4640,0.7497844827586206,0.8115017160920488,0.08844169090225233,0.034300477075900726,0.054141213826351606,0.7433247200689064,0.29909560723514217,0.14345870418221854,0.07792737658098765,0.024165351453660035,0.14586714353015995,0.4341404965858652,,,,,,,,,,,,
b3_seed1,corrected_score_MSP,score_only,randomK5,5,__pooled_test__,10286,0.787478125607622,0.8427362678323337,0.06226449295954718,0.024377848146793307,0.037886644812753875,0.8307410795974383,0.389310359664574,0.19086264899455418,0.10196814919037879,0.01243199609471571,0.12482973672934804,0.3767704096485273,,,,,,,,,,,,
b3_seed1,StatsLogistic smallK5 10,smallK5_10,randomK10,10,val_select,5282,0.6700113593335858,0.8119770893204271,0.1329859627018959,0.061675481317947256,0.07131048138394863,0.6408491107286287,0.2585326092416451,0.12861446386543807,0.06575524897517526,0.0149819296546673,0.16372735977003305,0.48570041376632056,,,,,,,,,,,,
b3_seed1,StatsLogistic smallK5 10,smallK5_10,randomK10,10,testA,5646,0.7201558625575629,0.8290222406246303,0.09933179861560447,0.043425887165102706,0.055905911450501763,0.7113924050632912,0.3220236910910398,0.1653587494208897,0.08666001189363685,0.015388839763010493,0.14681668269329895,0.4419313846602275,,,,,,,,,,,,
b3_seed1,StatsLogistic smallK5 10,smallK5_10,randomK10,10,testB,4640,0.6146551724137931,0.7838782627521484,0.1816258914947933,0.08619592688948313,0.09542996460531017,0.53579418344519,0.19113534675615207,0.09644543872731798,0.04803956199222891,0.017228926673382133,0.1819626009355015,0.5336585955848722,,,,,,,,,,,,
b3_seed1,StatsLogistic smallK5 10,smallK5_10,randomK10,10,__pooled_test__,10286,0.6725646509819172,0.8128072984585635,0.13139083854933867,0.06065784747778169,0.07073299107155698,0.6549881235154392,0.2599645422927835,0.13010388652761748,0.0677245836910538,0.007366895569936549,0.16267095652606386,0.48330939931027134,,,,,,,,,,,,
b3_seed1,StatsLogistic largeK20 50,largeK20_50,randomK10,10,val_select,5282,0.6700113593335858,0.8098640880074611,0.13404128821410585,0.061675481317947256,0.0723658068961586,0.6419965576592082,0.2563813498874137,0.12606468907060403,0.06756697118142886,0.03023464473962649,0.1651194969874848,0.4911225986095404,,,,,,,,,,,,
b3_seed1,StatsLogistic largeK20 50,largeK20_50,randomK10,10,testA,5646,0.7201558625575629,0.8260796540624008,0.1004689930859632,0.043425887165102706,0.057043105920860496,0.7101265822784809,0.3228147953021356,0.1639524457130902,0.08932475292385227,0.022651552525724653,0.14838301057608996,0.4474586592692319,,,,,,,,,,,,
b3_seed1,StatsLogistic largeK20 50,largeK20_50,randomK10,10,testB,4640,0.6146551724137931,0.7784997615394511,0.18457330410833936,0.08619592688948313,0.09837737721885623,0.5212527964205818,0.18484340044742725,0.08960974397216015,0.050983162604497964,0.03017539294514045,0.1849398796449617,0.5423725421779048,,,,,,,,,,,,
b3_seed1,StatsLogistic largeK20 50,largeK20_50,randomK10,10,__pooled_test__,10286,0.6725646509819172,0.8088945221217122,0.1331740107495111,0.06065784747778169,0.07251616327172941,0.6442992874109262,0.25736662443724145,0.12845448168599374,0.06584940685637272,0.023711079789530284,0.16487376232405465,0.4902741771280926,,,,,,,,,,,,
b3_seed1,ScoreDeepSets,smallK5_10,randomK10,10,val_select,5282,0.6700113593335858,0.7875229979782692,0.14529524435517668,0.061675481317947256,0.08361976303722943,0.578886976477338,0.24347379376202652,0.11522814619255924,0.05609273054182226,0.025571182100768794,0.17344712863946485,0.5132778120193032,,,,,,,,,,,,
b3_seed1,ScoreDeepSets,smallK5_10,randomK10,10,testA,5646,0.7201558625575629,0.7995866462856538,0.11133501193301923,0.043425887165102706,0.06790912476791652,0.6354430379746835,0.2974994605470754,0.14777995307339367,0.07466867725766692,0.029397255734131756,0.1574741990482871,0.4723167376819777,,,,,,,,,,,,
b3_seed1,ScoreDeepSets,smallK5_10,randomK10,10,testB,4640,0.6146551724137931,0.7552105394856155,0.19796842194620554,0.08619592688948313,0.1117724950567224,0.48881431767337796,0.16806487695749459,0.08090976882923206,0.036265159543153284,0.02887665753509722,0.1939734344452064,0.5650998468044459,,,,,,,,,,,,
b3_seed1,ScoreDeepSets,smallK5_10,randomK10,10,__pooled_test__,10286,0.6725646509819172,0.784513264992903,0.14490401307947223,0.06065784747778169,0.08424616560169054,0.5878859857482184,0.23287197037070373,0.11262019520640537,0.05491087532073291,0.020898227144743303,0.1739389523286396,0.5141710665103125,,,,,,,,,,,,
b3_seed1,ScoreDeepSets,largeK20_50,randomK10,10,val_select,5282,0.6700113593335858,0.7871257362230579,0.1452094586514041,0.061675481317947256,0.08353397733345685,0.5960986804360299,0.23056623763663936,0.11586558989126756,0.05609273054182226,0.08601802053823586,0.18099222897347084,0.5362841362702423,,,,,,,,,,,,
b3_seed1,ScoreDeepSets,largeK20_50,randomK10,10,testA,5646,0.7201558625575629,0.8030708499629531,0.10986206134725138,0.043425887165102706,0.06643617418214867,0.662025316455696,0.28879731422502325,0.14145158638829503,0.07600104777277482,0.08448373490177145,0.16361258120325034,0.4941544568872618,,,,,,,,,,,,
b3_seed1,ScoreDeepSets,largeK20_50,randomK10,10,testB,4640,0.6146551724137931,0.7538525301919293,0.19627863021695025,0.08619592688948313,0.11008270332746711,0.4619686800894856,0.16736577181208054,0.08588118319661962,0.04038620040032984,0.10138326865974172,0.20422705535355182,0.5930675671934659,,,,,,,,,,,,
b3_seed1,ScoreDeepSets,largeK20_50,randomK10,10,__pooled_test__,10286,0.6725646509819172,0.7859128678396884,0.14314777211586566,0.06065784747778169,0.08248992463808397,0.5884798099762468,0.22248029894853621,0.11426960004802912,0.058036170045201375,0.09210709059270884,0.18193371284406298,0.5387740205486256,,,,,,,,,,,,
b3_seed1,corrected_score_MSP,score_only,randomK10,10,val_select,5282,0.6700113593335858,0.8127374066564567,0.13294679592692654,0.061675481317947256,0.07127131460897929,0.6408491107286287,0.2685718195613905,0.12988935126285542,0.0699826007897671,0.01830886132480171,0.1636148093097581,0.48545083419675994,,,,,,,,,,,,
b3_seed1,corrected_score_MSP,score_only,randomK10,10,testA,5646,0.7201558625575629,0.8298517499237269,0.09881891895290891,0.043425887165102706,0.055393031787806205,0.7202531645569621,0.3251881079354225,0.16746820498258902,0.08732619715119061,0.020962054813741825,0.1469608496201033,0.44183533008834075,,,,,,,,,,,,
b3_seed1,corrected_score_MSP,score_only,randomK10,10,testB,4640,0.6146551724137931,0.7822857149580654,0.18237414790908058,0.08619592688948313,0.09617822101959744,0.527964205816555,0.19113534675615207,0.09333830474770068,0.0456846815024139,0.0333645765944088,0.18322730045988392,0.5380372543851539,,,,,,,,,,,,
b3_seed1,corrected_score_MSP,score_only,randomK10,10,__pooled_test__,10286,0.6725646509819172,0.8125165666487438,0.13135681286590756,0.06065784747778169,0.07069896538812587,0.6573634204275534,0.25699549331502136,0.12845448168599374,0.06428675949413831,0.01808267778255937,0.1633205941171461,0.4852318815891392,,,,,,,,,,,,
b3_seed1,StatsLogistic smallK5 10,smallK5_10,randomK20,20,val_select,5282,0.5617190458159788,0.801213929174847,0.20833880765496643,0.11430754390305176,0.09403126375191467,0.5187904967602593,0.1771837202384907,0.07995231479504375,0.04378397595868711,0.021422011351519728,0.17899810229062657,0.5267028648974993,,,,,,,,,,,,
b3_seed1,StatsLogistic smallK5 10,smallK5_10,randomK20,20,testA,5646,0.6115834218916046,0.8161331060350648,0.1685357572298534,0.08769861740256002,0.08083713982729337,0.5850433196534429,0.2350999885824249,0.11952434250655881,0.060700051312341186,0.02315915195668338,0.170280938712532,0.5051173655195735,,,,,,,,,,,,
b3_seed1,StatsLogistic smallK5 10,smallK5_10,randomK20,20,testB,4640,0.49698275862068964,0.7750298948163243,0.2768787823462269,0.155526924188291,0.12135185815793592,0.3856041131105399,0.14363753213367608,0.06360087594020769,0.03801921255581114,0.0261454726409808,0.1906340400596933,0.5584251718119101,,,,,,,,,,,,
b3_seed1,StatsLogistic smallK5 10,smallK5_10,randomK20,20,__pooled_test__,10286,0.5598872253548512,0.8019464774510123,0.21140574950238217,0.1153670428396324,0.09603870666274977,0.5056328694499669,0.19043275352811515,0.09487249709300415,0.04412733134101204,0.018265209903011236,0.1794621938409423,0.5291644412726788,,,,,,,,,,,,
b3_seed1,StatsLogistic largeK20 50,largeK20_50,randomK20,20,val_select,5282,0.5617190458159788,0.8007008701184593,0.20895698780909022,0.11430754390305176,0.09464944390603847,0.5110151187904968,0.1761039088477276,0.08523167031786816,0.04378397595868711,0.018245314793929993,0.1793233789664208,0.5270282378172333,,,,,,,,,,,,
b3_seed1,StatsLogistic largeK20 50,largeK20_50,randomK20,20,testA,5646,0.6115834218916046,0.815319364499819,0.16900743345167465,0.08769861740256002,0.08130881604911464,0.5905152758777932,0.23396004817792782,0.11749793132705717,0.05782023542469375,0.016335449920151453,0.17023498328112702,0.5054056945202043,,,,,,,,,,,,
b3_seed1,StatsLogistic largeK20 50,largeK20_50,randomK20,20,testB,4640,0.49698275862068964,0.7733183283279489,0.2778483959028726,0.155526924188291,0.12232147171458158,0.3864610111396744,0.14203084832904891,0.06407693040083783,0.033058223966084946,0.024253077136456858,0.19146818107406763,0.5599839807015916,,,,,,,,,,,,
b3_seed1,StatsLogistic largeK20 50,largeK20_50,randomK20,20,__pooled_test__,10286,0.5598872253548512,0.8010022479772827,0.21194913957422548,0.1153670428396324,0.09658209673459309,0.5065164568146676,0.18739549578214273,0.09266367184187552,0.043894815488747504,0.020406126391826283,0.1798132486670151,0.5300258819479349,,,,,,,,,,,,
b3_seed1,ScoreDeepSets,smallK5_10,randomK20,20,val_select,5282,0.5617190458159788,0.7573182618595771,0.236825491999969,0.11430754390305176,0.12251794809691724,0.42462203023758116,0.15396777533708333,0.07659272491688271,0.03741829629317187,0.12882241977548697,0.21417736599995746,0.621621034124128,,,,,,,,,,,,
b3_seed1,ScoreDeepSets,smallK5_10,randomK20,20,testA,5646,0.6115834218916046,0.7571388916290929,0.2060200704528764,0.08769861740256002,0.11832145305031638,0.48198814409484736,0.1832327001778052,0.08760836642940859,0.04582100255949647,0.1338736860716951,0.21185870452949815,0.6168903187629169,,,,,,,,,,,,
b3_seed1,ScoreDeepSets,smallK5_10,randomK20,20,testB,4640,0.49698275862068964,0.7121380014581387,0.32591731749761715,0.155526924188291,0.17039039330932615,0.3084832904884318,0.10668380462724933,0.04503475197562605,0.023136246786632352,0.12967618791836089,0.23184076845910187,0.6640950376936829,,,,,,,,,,,,
b3_seed1,ScoreDeepSets,smallK5_10,randomK20,20,__pooled_test__,10286,0.5598872253548512,0.7432859001573128,0.2523302329550363,0.1153670428396324,0.13696319011540392,0.40578749723878954,0.14625445904124537,0.06836659407945875,0.0336641179891135,0.13198020061267599,0.2208725852055006,0.6381843004699707,,,,,,,,,,,,
b3_seed1,ScoreDeepSets,largeK20_50,randomK20,20,val_select,5282,0.5617190458159788,0.7765963394313693,0.22475674710770016,0.11430754390305176,0.1104492032046484,0.46436285097192237,0.1685452291123856,0.08187208043970712,0.04060113612592937,0.023603143292489432,0.19058644426599944,0.5583380016699147,,,,,,,,,,,,
b3_seed1,ScoreDeepSets,largeK20_50,randomK20,20,testA,5646,0.6115834218916046,0.7800280464828393,0.18926068749267833,0.08769861740256002,0.1015620700901183,0.501139990880073,0.2105912698857366,0.10939228660905084,0.05398048090783068,0.03132186595613108,0.18464209200493548,0.5433979827705323,,,,,,,,,,,,
b3_seed1,ScoreDeepSets,largeK20_50,randomK20,20,testB,4640,0.49698275862068964,0.7383913727536154,0.30402561279437584,0.155526924188291,0.14849868860608484,0.33847472150814045,0.12489288774635833,0.06026849471579543,0.033058223966084946,0.025270077881628068,0.205558272358978,0.5954716785611787,,,,,,,,,,,,
b3_seed1,ScoreDeepSets,largeK20_50,randomK20,20,__pooled_test__,10286,0.5598872253548512,0.7675174090990704,0.23378208165820166,0.1153670428396324,0.11841503881856927,0.4517340402032252,0.1702764066684808,0.08481007094897314,0.04226720452289676,0.018239008477158678,0.19407735127411274,0.5668883530280279,,,,,,,,,,,,
b3_seed1,corrected_score_MSP,score_only,randomK20,20,val_select,5282,0.5617190458159788,0.8018689384525679,0.20825577800534062,0.11430754390305176,0.09394823410228886,0.5101511879049677,0.18528230566921425,0.08235202185087284,0.04196521033996851,0.0370094368819488,0.1801389187063552,0.5303707678989342,,,,,,,,,,,,
b3_seed1,corrected_score_MSP,score_only,randomK20,20,testA,5646,0.6115834218916046,0.8147138784662095,0.16926246598328096,0.08769861740256002,0.08156384858072094,0.5795713634290928,0.23054022696443632,0.12003094530143416,0.062619928570773,0.03539463553806052,0.17178606858277912,0.5094529204524204,,,,,,,,,,,,
b3_seed1,corrected_score_MSP,score_only,randomK20,20,testB,4640,0.49698275862068964,0.7707299834788871,0.2798504871337667,0.155526924188291,0.1243235629454757,0.38474721508140536,0.14685089974293064,0.06502903932209854,0.032156226040680226,0.04942219615408721,0.194704869571774,0.568766720916589,,,,,,,,,,,,
b3_seed1,corrected_score_MSP,score_only,randomK20,20,__pooled_test__,10286,0.5598872253548512,0.7995256644041138,0.21281518884122508,0.1153670428396324,0.09744814600159268,0.49812237685001093,0.18739549578214273,0.09536334714881074,0.045289910602333956,0.04021379969187842,0.1821247071778536,0.5362092916515009,,,,,,,,,,,,
b3_seed1,StatsLogistic smallK5 10,smallK5_10,randomK50,50,val_select,5282,0.4299507762211284,0.7935706460722837,0.3263430829515655,0.20713441598699367,0.11920866696457183,0.3729657920956494,0.12122234249776392,0.056462442367049476,0.027095548023131417,0.03827645226783885,0.17886694884032234,0.5343439729987183,,,,,,,,,,,,
b3_seed1,StatsLogistic smallK5 10,smallK5_10,randomK50,50,testA,5646,0.4822883457314913,0.8068300732385858,0.27031900860083447,0.166020666799799,0.10429834180103548,0.44509066028053373,0.14731794760827152,0.0760204557672914,0.037092227730236405,0.04348262080739757,0.17767484328723052,0.5303475408850052,,,,,,,,,,,,
b3_seed1,StatsLogistic smallK5 10,smallK5_10,randomK50,50,testB,4640,0.35560344827586204,0.7663912029998986,0.42218207936119667,0.27672425016436136,0.1454578291968353,0.26622073578595307,0.08653846153846158,0.03976217019695275,0.020242914979757075,0.03919005283506457,0.17738523549163113,0.5351215740493287,,,,,,,,,,,,
b3_seed1,StatsLogistic smallK5 10,smallK5_10,randomK50,50,__pooled_test__,10286,0.42514096830643594,0.794674081445229,0.3301177127175744,0.21122130479937307,0.11889640791820133,0.35565702688990347,0.11975756871772796,0.058820419668399,0.029465384242895888,0.03838037572211208,0.1775442016217064,0.5325011004691451,,,,,,,,,,,,
b3_seed1,StatsLogistic largeK20 50,largeK20_50,randomK50,50,val_select,5282,0.4299507762211284,0.7952402909572285,0.32563037011822116,0.20713441598699367,0.11849595413122749,0.3676519428761209,0.1232978683775518,0.05756944771429195,0.027095548023131417,0.01982894792427316,0.1773450723240503,0.5298101596485324,,,,,,,,,,,,
b3_seed1,StatsLogistic largeK20 50,largeK20_50,randomK50,50,testA,5646,0.4822883457314913,0.8093115638265487,0.2695105737725157,0.166020666799799,0.1034899069727167,0.44509066028053373,0.15073893879138783,0.0737399632681566,0.038532628287109814,0.02547765088839452,0.17522668642425013,0.5233868330890974,,,,,,,,,,,,
b3_seed1,StatsLogistic largeK20 50,largeK20_50,randomK50,50,testB,4640,0.35560344827586204,0.7732121212121212,0.4182146133442351,0.27672425016436136,0.14149036317987373,0.27023411371237455,0.08862876254180602,0.04162021553325902,0.020242914979757075,0.03176462786689381,0.17440913953335127,0.5272177311090057,,,,,,,,,,,,
b3_seed1,StatsLogistic largeK20 50,largeK20_50,randomK50,50,__pooled_test__,10286,0.42514096830643594,0.7988251322660164,0.3281662822566357,0.21122130479937307,0.11694497745726262,0.3627600202942668,0.12292847084770722,0.06013570356984078,0.029465384242895888,0.020253036834274592,0.1748578921821958,0.5251149457482822,,,,,,,,,,,,
b3_seed1,ScoreDeepSets,smallK5_10,randomK50,50,val_select,5282,0.4299507762211284,0.7002634988310146,0.4032070822745928,0.20713441598699367,0.19607266628759912,0.24875456658917303,0.0875988232451984,0.04428538354738288,0.022550899127802875,0.2826772591102493,0.3013604703271067,0.8827907929748189,,,,,,,,,,,,
b3_seed1,ScoreDeepSets,smallK5_10,randomK50,50,testA,5646,0.4822883457314913,0.7178798614807856,0.3456142576405098,0.166020666799799,0.1795935908407108,0.3171399247348615,0.11610140306233549,0.05625618744145789,0.028449824388997024,0.3254816297559992,0.33025174805234975,0.9425178108069285,,,,,,,,,,,,
b3_seed1,ScoreDeepSets,smallK5_10,randomK50,50,testB,4640,0.35560344827586204,0.669538562886389,0.5062054816175425,0.27672425016436136,0.22948123145318117,0.16655518394648827,0.05685618729096974,0.03121516164994418,0.01637035733145559,0.22599975622975638,0.2633594931246879,0.7936404524187369,,,,,,,,,,,,
b3_seed1,ScoreDeepSets,smallK5_10,randomK50,50,__pooled_test__,10286,0.42514096830643594,0.7046174213959722,0.40956308921760315,0.21122130479937307,0.19834178441823008,0.2552004058853373,0.08783715394260229,0.04566758065398244,0.022166793038559743,0.2806054978133814,0.30007674680168367,0.8753594457552847,,,,,,,,,,,,
b3_seed1,ScoreDeepSets,largeK20_50,randomK50,50,val_select,5282,0.4299507762211284,0.7627118297052887,0.3580139924838152,0.20713441598699367,0.15087957649682154,0.33510461640650946,0.11458065968244233,0.05904545484394844,0.027794724776258783,0.02399299049870574,0.19356101164471756,0.5709493485370841,,,,,,,,,,,,
b3_seed1,ScoreDeepSets,largeK20_50,randomK50,50,testA,5646,0.4822883457314913,0.7642581428660632,0.3039811087273695,0.166020666799799,0.1379604419275705,0.36640437906260703,0.14603507591460288,0.06651840368756382,0.03169072564196187,0.034514448651664545,0.19685609468678023,0.57699664547239,,,,,,,,,,,,
b3_seed1,ScoreDeepSets,largeK20_50,randomK50,50,testB,4640,0.35560344827586204,0.7354286003851221,0.4503557976199692,0.27672425016436136,0.17363154745560783,0.24147157190635446,0.07525083612040122,0.04013377926421404,0.019538813589156694,0.016210874062481114,0.18920129220286347,0.5622447504200403,,,,,,,,,,,,
b3_seed1,ScoreDeepSets,largeK20_50,randomK50,50,__pooled_test__,10286,0.42514096830643594,0.759896152570377,0.3607032759217514,0.21122130479937307,0.14948197112237832,0.32183324877388797,0.11024486232778978,0.05168030706057285,0.02715119678786254,0.022909743444613443,0.1934030241515504,0.570342086553189,,,,,,,,,,,,
b3_seed1,corrected_score_MSP,score_only,randomK50,50,val_select,5282,0.4299507762211284,0.7916535597276447,0.329101300555913,0.20713441598699367,0.12196688456891935,0.36632348057123887,0.12288276320159422,0.054617433454978756,0.02884348990595012,0.06747430103745297,0.1853857245686835,0.5496020420426354,,,,,,,,,,,,
b3_seed1,corrected_score_MSP,score_only,randomK50,50,testA,5646,0.4822883457314913,0.8031777553107806,0.2735073248951291,0.166020666799799,0.10748665809533009,0.4382483749572358,0.1426140847314866,0.07526029160091306,0.03817252814789135,0.07358488579188305,0.18538569409545183,0.5490036793917555,,,,,,,,,,,,
b3_seed1,corrected_score_MSP,score_only,randomK50,50,testB,4640,0.35560344827586204,0.7608239586500456,0.4278580784406377,0.27672425016436136,0.15113382827627636,0.25886287625418053,0.08737458193979922,0.041248606465997734,0.020242914979757075,0.06297227089507705,0.18432402201805445,0.5505417772656068,,,,,,,,,,,,
b3_seed1,corrected_score_MSP,score_only,randomK50,50,__pooled_test__,10286,0.42514096830643594,0.7906288024437274,0.333948688524154,0.21122130479937307,0.12272738372478093,0.3553187891087433,0.12144871652038362,0.059572010469222704,0.028931340984041917,0.06801258377619485,0.18490677532828054,0.549697513159466,,,,,,,,,,,,
b3_seed2,StatsLogistic smallK5 10,smallK5_10,randomK5,5,val_select,5282,0.7860658841347974,0.8426986887649837,0.06405159692156484,0.024716527530644183,0.03933506939092066,0.824778761061947,0.3982870473135123,0.19669063034016998,0.1076097729589408,0.0164288676234634,0.12483769445769594,0.38076345810495354,,,,,,,,,,,,
b3_seed2,StatsLogistic smallK5 10,smallK5_10,randomK5,5,testA,5646,0.8219978746014878,0.856509523059128,0.04575003796581607,0.016876182025353653,0.02887385594046242,0.8786069651741291,0.44778564560416856,0.23834311324134957,0.13175843378187388,0.014390353591440235,0.10939158717897976,0.3348991863889069,,,,,,,,,,,,
b3_seed2,StatsLogistic smallK5 10,smallK5_10,randomK5,5,testB,4640,0.7489224137931034,0.8113368944329515,0.08940322425264843,0.034549222393449514,0.05485400185919892,0.7218884120171674,0.3004291845493564,0.15975202670481636,0.08290038400722848,0.023200129928050466,0.14646176270342987,0.4373119528277367,,,,,,,,,,,,
b3_seed2,StatsLogistic smallK5 10,smallK5_10,randomK5,5,__pooled_test__,10286,0.7890336379545012,0.8379285498520304,0.06293604469047974,0.02400774092374186,0.03892830376673788,0.8202764976958526,0.37789530451202974,0.19513665102693636,0.10698836702626349,0.01565061035945612,0.12611389074046608,0.38109743996426865,,,,,,,,,,,,
b3_seed2,StatsLogistic largeK20 50,largeK20_50,randomK5,5,val_select,5282,0.7860658841347974,0.8377758026838542,0.0652932850866769,0.024716527530644183,0.04057675755603271,0.8265486725663717,0.3816956975151715,0.1947241447351276,0.10202069011734782,0.026022802712446284,0.12712902661271674,0.38784814922059874,,,,,,,,,,,,
b3_seed2,StatsLogistic largeK20 50,largeK20_50,randomK5,5,testA,5646,0.8219978746014878,0.8532851793606842,0.0463643023179241,0.016876182025353653,0.029488120292570447,0.8646766169154232,0.4365921113934425,0.24165947123884696,0.1349004418622773,0.02629286168551807,0.11109828551356755,0.3388910846404723,,,,,,,,,,,,
b3_seed2,StatsLogistic largeK20 50,largeK20_50,randomK5,5,testB,4640,0.7489224137931034,0.8055325902368234,0.09157181665071025,0.034549222393449514,0.057022594257260736,0.7098712446351931,0.29828326180257525,0.15402956604673354,0.07657555906934721,0.029468353819568475,0.14900235010240617,0.4452175165968889,,,,,,,,,,,,
b3_seed2,StatsLogistic largeK20 50,largeK20_50,randomK5,5,__pooled_test__,10286,0.7890336379545012,0.8335324431685264,0.06412014045071057,0.02400774092374186,0.04011239952696871,0.8046082949308758,0.3663748471881785,0.19667264978451862,0.09971233525298509,0.027046518736200585,0.1281967552483732,0.3868547871757409,,,,,,,,,,,,
b3_seed2,ScoreDeepSets,smallK5_10,randomK5,5,val_select,5282,0.7860658841347974,0.8254216967619827,0.06909370474422522,0.024716527530644183,0.04437717721358103,0.7964601769911503,0.35957389778405086,0.1947241447351276,0.10015766250348315,0.027974098297354394,0.13124714773793664,0.40011317253447726,,,,,,,,,,,,
b3_seed2,ScoreDeepSets,smallK5_10,randomK5,5,testA,5646,0.8219978746014878,0.830803534578776,0.052950028329355185,0.016876182025353653,0.03607384630400153,0.799004975124378,0.41047386490174764,0.22728858658302373,0.11919040146026029,0.02427849142006896,0.11632456394700855,0.3609816366062483,,,,,,,,,,,,
b3_seed2,ScoreDeepSets,smallK5_10,randomK5,5,testB,4640,0.7489224137931034,0.7967846358106647,0.094910353216562,0.034549222393449514,0.06036113082311248,0.6721030042918457,0.2918454935622318,0.14353838817358144,0.07296137339055817,0.02943446461496683,0.15173608239419648,0.45367966374124746,,,,,,,,,,,,
b3_seed2,ScoreDeepSets,smallK5_10,randomK5,5,__pooled_test__,10286,0.7890336379545012,0.8180950242225064,0.06953540755519344,0.02400774092374186,0.04552766663145158,0.7548387096774195,0.35543041273052,0.18745665723902508,0.09146616590993567,0.025143785518435637,0.1322986496552481,0.4027975850708017,,,,,,,,,,,,
b3_seed2,ScoreDeepSets,largeK20_50,randomK5,5,val_select,5282,0.7860658841347974,0.8034694869302778,0.07506779964308513,0.024716527530644183,0.05035127211244095,0.7362831858407082,0.3142242083352531,0.15539443263427902,0.0861849553995002,0.18826229005522352,0.17237428226660134,0.5242869744104945,,,,,,,,,,,,
b3_seed2,ScoreDeepSets,largeK20_50,randomK5,5,testA,5646,0.8219978746014878,0.8186432628926045,0.05571396807786645,0.016876182025353653,0.0388377860525128,0.7830845771144281,0.3868430704568813,0.20296862793470644,0.09929101695103897,0.1934205498741006,0.1567377771362268,0.4881997280432294,,,,,,,,,,,,
b3_seed2,ScoreDeepSets,largeK20_50,randomK5,5,testB,4640,0.7489224137931034,0.7574784944576528,0.10971409490400924,0.034549222393449514,0.07516487251055973,0.6085836909871244,0.21781115879828325,0.09966618979494517,0.0630223627738874,0.19872621349781625,0.20126097980975996,0.5910969444830302,,,,,,,,,,,,
b3_seed2,ScoreDeepSets,largeK20_50,randomK5,5,__pooled_test__,10286,0.7890336379545012,0.7937361313943215,0.07655986910874346,0.02400774092374186,0.0525521281850016,0.7032258064516128,0.3099246063013072,0.1485446887136099,0.08176479021223079,0.19581392720387317,0.17682213066580038,0.5346165163263984,,,,,,,,,,,,
b3_seed2,corrected_score_MSP,score_only,randomK5,5,val_select,5282,0.7860658841347974,0.8430473852029942,0.0637339702582978,0.024716527530644183,0.03901744272765362,0.8283185840707963,0.3982870473135123,0.18882468792000057,0.11040431437973727,0.013897082440960426,0.12448979696323556,0.38082135534955786,,,,,,,,,,,,
b3_seed2,corrected_score_MSP,score_only,randomK5,5,testA,5646,0.8219978746014878,0.8566887604640019,0.045620356479461825,0.016876182025353653,0.028744174454108172,0.8786069651741291,0.43907956344027044,0.23613220790968403,0.1296637617282714,0.008253584829721803,0.10907405632279557,0.3328207747136952,,,,,,,,,,,,
b3_seed2,corrected_score_MSP,score_only,randomK5,5,testB,4640,0.7489224137931034,0.8111133479482509,0.08936432828635167,0.034549222393449514,0.05481510589290216,0.7201716738197426,0.30257510729613757,0.15689079637577497,0.07657555906934721,0.016303349026074474,0.14603071160054168,0.43520030452066405,,,,,,,,,,,,
b3_seed2,corrected_score_MSP,score_only,randomK5,5,__pooled_test__,10286,0.7890336379545012,0.8379318998939342,0.06284579265188812,0.02400774092374186,0.038838051728146264,0.8184331797235023,0.37731928164583745,0.19513665102693636,0.107473435811149,0.006435440916074239,0.12574515106212494,0.37900403529160065,,,,,,,,,,,,
b3_seed2,StatsLogistic smallK5 10,smallK5_10,randomK10,10,val_select,5282,0.6664142370314274,0.8095467121556083,0.13536062967858412,0.0631256604671393,0.07223496921144482,0.631101021566402,0.25234092180023887,0.124138248834723,0.06149190948906328,0.023575013050346844,0.16575726933785478,0.489389797214685,,,,,,,,,,,,
b3_seed2,StatsLogistic smallK5 10,smallK5_10,randomK10,10,testA,5646,0.7213956783563585,0.8210097382027833,0.10033389612724986,0.04301993761155953,0.05731395851569032,0.7139224411951682,0.29119476735553357,0.1510503020645769,0.08259556185120545,0.020832304831258405,0.14986432262845928,0.44703805327966667,,,,,,,,,,,,
b3_seed2,StatsLogistic smallK5 10,smallK5_10,randomK10,10,testB,4640,0.6191810344827586,0.7831269054371329,0.18028806437858502,0.08400983938137374,0.09627822499721128,0.5268817204301075,0.20981890209394444,0.09891215493931951,0.04566169243141813,0.02458458615314562,0.18264794596850734,0.5364752048795282,,,,,,,,,,,,
b3_seed2,StatsLogistic smallK5 10,smallK5_10,randomK10,10,__pooled_test__,10286,0.6752867975889558,0.8071427401459678,0.13178066699279867,0.05958359027880322,0.07219707671399545,0.6389221556886229,0.25712883383797475,0.13212544450955535,0.06495149283912742,0.018038674676746174,0.1646529685839155,0.48738302541882256,,,,,,,,,,,,
b3_seed2,StatsLogistic largeK20 50,largeK20_50,randomK10,10,val_select,5282,0.6664142370314274,0.8062567717469817,0.13692227633447435,0.0631256604671393,0.07379661586733505,0.6265607264472189,0.24524738215887495,0.11972425872805853,0.06149190948906328,0.0316628709999892,0.16757940537350394,0.4950597270725386,,,,,,,,,,,,
b3_seed2,StatsLogistic largeK20 50,largeK20_50,randomK10,10,testA,5646,0.7213956783563585,0.818737631361786,0.1010667072745472,0.04301993761155953,0.05804676966298766,0.72027972027972,0.29040014265525976,0.15246286395798012,0.07858066277834415,0.02273269795273039,0.15136022156882104,0.45041218574422554,,,,,,,,,,,,
b3_seed2,StatsLogistic largeK20 50,largeK20_50,randomK10,10,testB,4640,0.6191810344827586,0.779153372804703,0.18274073335337876,0.08400983938137374,0.09873089397200502,0.5200905489530276,0.19567062818336153,0.09702571841790851,0.04208739165400762,0.03068238191566598,0.18476920135057884,0.5432725731192329,,,,,,,,,,,,
b3_seed2,StatsLogistic largeK20 50,largeK20_50,randomK10,10,__pooled_test__,10286,0.6752867975889558,0.8041668318991156,0.13313193598157755,0.05958359027880322,0.07354834570277433,0.6335329341317364,0.2500182282172805,0.13212544450955535,0.06274544647912553,0.027093964346117445,0.16643096492749848,0.4923013746825917,,,,,,,,,,,,
b3_seed2,ScoreDeepSets,smallK5_10,randomK10,10,val_select,5282,0.6664142370314274,0.7863384035445259,0.14754842477959382,0.0631256604671393,0.08442276431245452,0.5902383654937571,0.2338977187326926,0.11909368871282061,0.06268670018353915,0.04066970236726395,0.17537972295676613,0.5177837430876887,,,,,,,,,,,,
b3_seed2,ScoreDeepSets,smallK5_10,randomK10,10,testA,5646,0.7213956783563585,0.7878471549654283,0.1152192844484154,0.04301993761155953,0.07219934683685586,0.6223776223776225,0.2824538956525187,0.1326869974503332,0.07456576370548285,0.03709266127393658,0.16203088797969814,0.4844151633456634,,,,,,,,,,,,
b3_seed2,ScoreDeepSets,smallK5_10,randomK10,10,testB,4640,0.6191810344827586,0.7574926756951663,0.19477087269522564,0.08400983938137374,0.1107610333138519,0.48273910582908874,0.18576683644595357,0.09325284537508652,0.046257409227653166,0.028126185188262626,0.19286309397297235,0.5625709467546073,,,,,,,,,,,,
b3_seed2,ScoreDeepSets,smallK5_10,randomK10,10,__pooled_test__,10286,0.6752867975889558,0.7786507678567426,0.14632977250944548,0.05958359027880322,0.08674618223064226,0.5634730538922157,0.22868641135519696,0.11549312263354071,0.061799998039124476,0.03357534408576578,0.17593925233987628,0.5196711263067268,,,,,,,,,,,,
b3_seed2,ScoreDeepSets,largeK20_50,randomK10,10,val_select,5282,0.6664142370314274,0.7855656988442885,0.14717826870617978,0.0631256604671393,0.08405260823904048,0.5800227014755961,0.22254805530651026,0.11783254868234509,0.06268670018353915,0.057044873988789734,0.17759457149641797,0.5291934063454844,,,,,,,,,,,,
b3_seed2,ScoreDeepSets,largeK20_50,randomK10,10,testA,5646,0.7213956783563585,0.7884380869225635,0.11278278129183407,0.04301993761155953,0.06976284368027454,0.621106166560712,0.25940977934457105,0.1362184021838416,0.06653596555976023,0.0684608373582479,0.16658991700113301,0.5033677312300521,,,,,,,,,,,,
b3_seed2,ScoreDeepSets,largeK20_50,randomK10,10,testB,4640,0.6191810344827586,0.7519333347910044,0.19716887174527425,0.08400983938137374,0.11315903236390051,0.45557441992076975,0.18222976796830792,0.08759353581085323,0.04268310845024265,0.07032758888371032,0.19919569465955833,0.5823739324364277,,,,,,,,,,,,
b3_seed2,ScoreDeepSets,largeK20_50,randomK10,10,__pooled_test__,10286,0.6752867975889558,0.7761645223805197,0.14588416419032213,0.05958359027880322,0.08630057391151891,0.5574850299401198,0.22195004813559172,0.11183401182081742,0.05203036415911521,0.06930292632170754,0.1812983370220443,0.5390073164524497,,,,,,,,,,,,
b3_seed2,corrected_score_MSP,score_only,randomK10,10,val_select,5282,0.6664142370314274,0.810016381178413,0.1351842680528737,0.0631256604671393,0.0720586075857344,0.6390465380249718,0.24595673612301133,0.1304439489871009,0.06507628157249123,0.013095488078546217,0.16486896444217367,0.4869236518346551,,,,,,,,,,,,
b3_seed2,corrected_score_MSP,score_only,randomK10,10,testA,5646,0.7213956783563585,0.8216988466525328,0.09992140595799437,0.04301993761155953,0.056901468346434836,0.7113795295613479,0.29516789085690387,0.15599426869148852,0.0832647116966822,0.01776844114786013,0.14974300682967356,0.446550049051785,,,,,,,,,,,,
b3_seed2,corrected_score_MSP,score_only,randomK10,10,testB,4640,0.6191810344827586,0.7817848631099098,0.1807773214235705,0.08400983938137374,0.09676748204219676,0.518958687040181,0.20486700622524046,0.09576809407030128,0.04804455961635828,0.025600962556430348,0.1832270443351316,0.5381578496125122,,,,,,,,,,,,
b3_seed2,corrected_score_MSP,score_only,randomK10,10,__pooled_test__,10286,0.6752867975889558,0.8069583407328734,0.1316687179137757,0.05958359027880322,0.07208512763497249,0.6419161676646706,0.25263792502490456,0.13245809094707542,0.0646363433591273,0.018772747078382487,0.1648476086209749,0.4878741978561574,,,,,,,,,,,,
b3_seed2,StatsLogistic smallK5 10,smallK5_10,randomK20,20,val_select,5282,0.5588792124195381,0.7978597473742978,0.2127521649240517,0.11595261835146137,0.09679954657259032,0.4918454935622318,0.18033510112140455,0.08158370362613102,0.047229287868394705,0.024130327731292367,0.1805312158499639,0.5303137424319095,,,,,,,,,,,,
b3_seed2,StatsLogistic smallK5 10,smallK5_10,randomK20,20,testA,5646,0.6089266737513284,0.8141541730952441,0.17029017797504964,0.08901072975039664,0.081279448224653,0.5797101449275363,0.21935068966512974,0.11342996594972883,0.05611686606361246,0.013753455750985091,0.17057427194277636,0.505140825927595,,,,,,,,,,,,
b3_seed2,StatsLogistic smallK5 10,smallK5_10,randomK20,20,testB,4640,0.5038793103448276,0.77454183107039,0.27100701507380465,0.15075248697107424,0.1202545281027304,0.4048653344917464,0.14042137271937438,0.06458152331306118,0.03333485756093094,0.03676275785882453,0.19121589455608257,0.5600389698652899,,,,,,,,,,,,
b3_seed2,StatsLogistic smallK5 10,smallK5_10,randomK20,20,__pooled_test__,10286,0.5615399572234104,0.7998364668234947,0.21058759276361044,0.114410862422471,0.09617673034113944,0.5139689578713971,0.18322384277765164,0.08653370561278823,0.04309157890819776,0.016208239157494586,0.17988567860481608,0.5299053007351883,,,,,,,,,,,,
b3_seed2,StatsLogistic largeK20 50,largeK20_50,randomK20,20,val_select,5282,0.5588792124195381,0.7959918059481024,0.21412190917664042,0.11595261835146137,0.09816929082517906,0.4927038626609442,0.1765800917679031,0.08635222022204916,0.043163410007235614,0.023869976534490363,0.1819043773828122,0.5341484794455295,,,,,,,,,,,,
b3_seed2,StatsLogistic largeK20 50,largeK20_50,randomK20,20,testA,5646,0.6089266737513284,0.8129756883847198,0.17075808654841093,0.08901072975039664,0.08174735679801429,0.5806159420289856,0.2182184934209893,0.11091415995072124,0.055163448756606184,0.01512176564425015,0.17108656023760077,0.5063198204509614,,,,,,,,,,,,
b3_seed2,StatsLogistic largeK20 50,largeK20_50,randomK20,20,testB,4640,0.5038793103448276,0.7723231704643339,0.2716040111009787,0.15075248697107424,0.12085152412990446,0.4083405734144222,0.13281928757602085,0.0636161791678733,0.02830490648863689,0.023565355236875484,0.19164183758153822,0.5609677509096579,,,,,,,,,,,,
b3_seed2,StatsLogistic largeK20 50,largeK20_50,randomK20,20,__pooled_test__,10286,0.5615399572234104,0.7984379894478875,0.21101189759183167,0.114410862422471,0.09660103516936067,0.5104212860310421,0.17851220563045778,0.08899720694608701,0.042391402014716084,0.016124550884526443,0.18035901667118717,0.5309714243133327,,,,,,,,,,,,
b3_seed2,ScoreDeepSets,smallK5_10,randomK20,20,val_select,5282,0.5588792124195381,0.7471729357851519,0.2513418434146445,0.11595261835146137,0.13538922506318313,0.406008583690987,0.15512289546218067,0.08063000030694714,0.04045282476646306,0.1142199774988952,0.2153297068644677,0.6234714964887103,,,,,,,,,,,,
b3_seed2,ScoreDeepSets,smallK5_10,randomK20,20,testA,5646,0.6089266737513284,0.7465400289602144,0.2200637352075234,0.08901072975039664,0.13105300545712675,0.45652173913043476,0.18085601736435306,0.09783196875588186,0.047536110300554546,0.12369105941145883,0.21317456142717287,0.6196587385563528,,,,,,,,,,,,
b3_seed2,ScoreDeepSets,smallK5_10,randomK20,20,testB,4640,0.5038793103448276,0.7135544908693225,0.3230517581261495,0.15075248697107424,0.17229927115507526,0.31711555169417904,0.10566898349261519,0.054445409788589555,0.026018565092139467,0.12541738071816105,0.23121684103766063,0.6636500922901661,,,,,,,,,,,,
b3_seed2,ScoreDeepSets,smallK5_10,randomK20,20,__pooled_test__,10286,0.5615399572234104,0.738558263108758,0.2600498902058964,0.114410862422471,0.1456390277834254,0.4070953436807096,0.1491337622420734,0.07199904774632494,0.036323202271207104,0.12440882389631608,0.2213134081501617,0.6395031757841279,,,,,,,,,,,,
b3_seed2,ScoreDeepSets,largeK20_50,randomK20,20,val_select,5282,0.5588792124195381,0.7691110704025496,0.23029423586349435,0.11595261835146137,0.11434161751203298,0.4506437768240343,0.1610236244462545,0.08206055528572272,0.04271164580044036,0.05411091550129557,0.19567408679294415,0.5710731324006134,,,,,,,,,,,,
b3_seed2,ScoreDeepSets,largeK20_50,randomK20,20,testA,5646,0.6089266737513284,0.7771441413528256,0.19180131240940992,0.08901072975039664,0.10279058265901328,0.49184782608695665,0.210293119712006,0.10638570915250753,0.05277990548908992,0.0431581646830155,0.1879981086425531,0.5539519452479581,,,,,,,,,,,,
b3_seed2,ScoreDeepSets,largeK20_50,randomK20,20,testB,4640,0.5038793103448276,0.7430524949852064,0.29638580136968595,0.15075248697107424,0.1456333143986117,0.35881841876629006,0.1257602085143353,0.0607201467323101,0.03242032100233207,0.02636897046528434,0.20512268487334942,0.5965898045932604,,,,,,,,,,,,
b3_seed2,ScoreDeepSets,largeK20_50,randomK20,20,__pooled_test__,10286,0.5615399572234104,0.7663494788435671,0.23325547377765424,0.114410862422471,0.11884461135518323,0.43414634146341463,0.17213763772543111,0.08062130241287097,0.04075765592992508,0.03452684874580268,0.1957229806735559,0.5731858230782325,,,,,,,,,,,,
b3_seed2,corrected_score_MSP,score_only,randomK20,20,val_select,5282,0.5588792124195381,0.7994784942484618,0.21203152936635752,0.11595261835146137,0.09607891101489616,0.4918454935622318,0.1873086899207642,0.08682907188164112,0.04768105207519022,0.029609420129651082,0.18047086747820013,0.531077131573282,,,,,,,,,,,,
b3_seed2,corrected_score_MSP,score_only,randomK20,20,testA,5646,0.6089266737513284,0.8138110082538719,0.17068397866275348,0.08901072975039664,0.08167324891235683,0.5733695652173912,0.2199167877872001,0.11393312714953029,0.05659357471711588,0.03262884878628703,0.17211191761336553,0.5101107947797703,,,,,,,,,,,,
b3_seed2,corrected_score_MSP,score_only,randomK20,20,testB,4640,0.5038793103448276,0.7721048532202072,0.2724229828912817,0.15075248697107424,0.12167049592020746,0.4022589052997393,0.13390529973935708,0.06602953953084277,0.03104851616443375,0.04570312029065899,0.19403058935681666,0.5671967659368281,,,,,,,,,,,,
b3_seed2,corrected_score_MSP,score_only,randomK20,20,__pooled_test__,10286,0.5615399572234104,0.7987955359281621,0.21124559761485537,0.114410862422471,0.09683473519238436,0.5033259423503327,0.18211522227242957,0.08751910614610789,0.0451921095886433,0.0368622450558703,0.18199939932536371,0.5358621953406053,,,,,,,,,,,,
b3_seed2,StatsLogistic smallK5 10,smallK5_10,randomK50,50,val_select,5282,0.427300265051117,0.7897451821147797,0.3312437886724797,0.20937985814061982,0.1218639305318599,0.3566942148760329,0.11826528417157854,0.057156287702048114,0.029858394078836704,0.019805005725146478,0.1790919699710619,0.5339570788997191,,,,,,,,,,,,
b3_seed2,StatsLogistic smallK5 10,smallK5_10,randomK50,50,testA,5646,0.4819341126461211,0.7952586561627355,0.2788325080269234,0.16627910833295384,0.11255339969396955,0.41401709401709397,0.14490965753308002,0.07019525928616827,0.03523164878869564,0.034037527445671706,0.18272197356329722,0.5417893061207776,,,,,,,,,,,,
b3_seed2,StatsLogistic smallK5 10,smallK5_10,randomK50,50,testB,4640,0.36530172413793105,0.7633010301946702,0.4154408243075805,0.26682788683992525,0.14861293746765525,0.28013582342954163,0.08573853989813233,0.04018109790605538,0.023501027611473546,0.0407072987167141,0.18229154164281683,0.5443091424342913,,,,,,,,,,,,
b3_seed2,StatsLogistic smallK5 10,smallK5_10,randomK50,50,__pooled_test__,10286,0.42932140773867394,0.786148209700516,0.3330524458753777,0.2076661170642679,0.12538632881110978,0.35741056218057904,0.11927183188718664,0.056847045678621005,0.02845267324992787,0.03543662972220383,0.18252780633492574,0.5429260007051353,,,,,,,,,,,,
b3_seed2,StatsLogistic largeK20 50,largeK20_50,randomK50,50,val_select,5282,0.427300265051117,0.7929866677407661,0.32967504338167924,0.20937985814061982,0.12029518524105942,0.35603305785123956,0.1232234925080082,0.06046193375217725,0.029858394078836704,0.017719771273982828,0.1777158609078786,0.5301653847744607,,,,,,,,,,,,
b3_seed2,StatsLogistic largeK20 50,largeK20_50,randomK50,50,testA,5646,0.4819341126461211,0.796960770455809,0.2779408617640974,0.16627910833295384,0.11166175343114354,0.41606837606837616,0.14277300000567641,0.06867597049415215,0.035951356622497516,0.023587520757243814,0.18049638798737372,0.5365664353380877,,,,,,,,,,,,
b3_seed2,StatsLogistic largeK20 50,largeK20_50,randomK50,50,testB,4640,0.36530172413793105,0.773788081393893,0.40876962918900506,0.26682788683992525,0.1419417423490798,0.2869269949066214,0.09295415959252969,0.04584040747028855,0.023501027611473546,0.023521803722321048,0.1772090890972363,0.5322435624528055,,,,,,,,,,,,
b3_seed2,StatsLogistic largeK20 50,largeK20_50,randomK50,50,__pooled_test__,10286,0.42932140773867394,0.7914554940374787,0.330036053068571,0.2076661170642679,0.12236993600430307,0.3557069846678023,0.11884594786005258,0.05987543164473421,0.029528583910780663,0.019604483996791475,0.17901349212404127,0.5346163935154444,,,,,,,,,,,,
b3_seed2,ScoreDeepSets,smallK5_10,randomK50,50,val_select,5282,0.427300265051117,0.6097915392699297,0.4745653580163346,0.20937985814061982,0.26518549987571477,0.12132231404958665,0.055874495938170884,0.03438405935671372,0.01941928067222445,0.2939235679570773,0.32311023188667914,1.021876730172529,,,,,,,,,,,,
b3_seed2,ScoreDeepSets,smallK5_10,randomK50,50,testA,5646,0.4819341126461211,0.6210106264351027,0.41229118800547754,0.16627910833295384,0.2460120796725237,0.1514529914529913,0.07910060568904931,0.043227883227883096,0.021917053863362543,0.33609997730705793,0.35371273877865983,1.1069540775071869,,,,,,,,,,,,
b3_seed2,ScoreDeepSets,smallK5_10,randomK50,50,testB,4640,0.36530172413793105,0.6116343384868108,0.5348956154444131,0.26682788683992525,0.26806772860448785,0.1069609507640068,0.03650254668930381,0.0216940199962272,0.01563756590117054,0.251574920995185,0.2856874573482627,0.9156407327162097,,,,,,,,,,,,
b3_seed2,ScoreDeepSets,smallK5_10,randomK50,50,__pooled_test__,10286,0.42932140773867394,0.6213933034281411,0.4621184198045243,0.2076661170642679,0.2544523027402564,0.13764906303236785,0.05815747399347834,0.03224140970395142,0.018769477302252754,0.297970844380061,0.3230266308808333,1.0206528992230983,,,,,,,,,,,,
b3_seed2,ScoreDeepSets,largeK20_50,randomK50,50,val_select,5282,0.427300265051117,0.7581762523938381,0.3602577119435768,0.20937985814061982,0.15087785380295698,0.3143801652892561,0.11206752375104134,0.057156287702048114,0.03055433497261075,0.0500253409511187,0.1967197784600027,0.5774436586629027,,,,,,,,,,,,
b3_seed2,ScoreDeepSets,largeK20_50,randomK50,50,testA,5646,0.4819341126461211,0.7598751087615476,0.3076227931420077,0.16627910833295384,0.14134368480905385,0.36273504273504276,0.13849968495086923,0.0648777485141122,0.030913401785885027,0.0472436735698979,0.20068194887648794,0.5885071448462245,,,,,,,,,,,,
b3_seed2,ScoreDeepSets,largeK20_50,randomK50,50,testB,4640,0.36530172413793105,0.734835804899059,0.4457611818018186,0.26682788683992525,0.17893329496189336,0.2590831918505942,0.08276740237690995,0.03829466138464445,0.020641586989545022,0.03192180307754636,0.19380695912596713,0.5736801267587014,,,,,,,,,,,,
b3_seed2,ScoreDeepSets,largeK20_50,randomK50,50,__pooled_test__,10286,0.42932140773867394,0.7549142771831716,0.36200611802566585,0.2076661170642679,0.15434000096139794,0.3141396933560477,0.11096709335807636,0.05230446672945119,0.0252249412673695,0.04083557371748206,0.19758065075842293,0.5818186980324865,,,,,,,,,,,,
b3_seed2,corrected_score_MSP,score_only,randomK50,50,val_select,5282,0.427300265051117,0.789316323504103,0.33321461454062484,0.20937985814061982,0.12383475640000502,0.35471074380165274,0.12033120431175748,0.06046193375217725,0.03159824631327211,0.0554537954014029,0.1836517339483156,0.5450745865658834,,,,,,,,,,,,
b3_seed2,corrected_score_MSP,score_only,randomK50,50,testA,5646,0.4819341126461211,0.795742641123016,0.27918478447198675,0.16627910833295384,0.1129056761390329,0.4147008547008547,0.1474736465659644,0.06905579269215634,0.03667106445629939,0.07435950195121864,0.1885312581729379,0.556618332300821,,,,,,,,,,,,
b3_seed2,corrected_score_MSP,score_only,randomK50,50,testB,4640,0.36530172413793105,0.7608339718837488,0.41791642080058344,0.26682788683992525,0.1510885339606582,0.27402376910016985,0.0865874363327675,0.0420675344274665,0.02135644714502724,0.06956081249792145,0.1869714703242154,0.555925804869771,,,,,,,,,,,,
b3_seed2,corrected_score_MSP,score_only,randomK50,50,__pooled_test__,10286,0.42932140773867394,0.785425848085327,0.33414085331196974,0.2076661170642679,0.12647473624770184,0.35706984667802366,0.1167165277243835,0.0564684974328569,0.028811310136878803,0.06977342890272202,0.1878276400883499,0.5563059341596513,,,,,,,,,,,,
b3_seed3,StatsLogistic smallK5 10,smallK5_10,randomK5,5,val_select,5282,0.7887163953048087,0.84246468682301,0.06335831449396737,0.0240829741884431,0.039275340305524264,0.8297491039426523,0.390738676939309,0.1995557787217106,0.10207411026398185,0.015393383742477295,0.1235871472299082,0.3788809858861616,,,,,,,,,,,,
b3_seed3,StatsLogistic smallK5 10,smallK5_10,randomK5,5,testA,5646,0.8262486716259299,0.8565247745754545,0.04457891690083732,0.016053923723567953,0.028524993177269364,0.8674821610601426,0.45721057858893915,0.2536842269953199,0.13197622842964893,0.01210513526974748,0.10710563758817443,0.3303934024989816,,,,,,,,,,,,
b3_seed3,StatsLogistic smallK5 10,smallK5_10,randomK5,5,testB,4640,0.7504310344827586,0.8193621476946824,0.08596245932939973,0.034114568604628415,0.05184789072477132,0.7392055267702935,0.32534542314335074,0.15851084244866623,0.08099263703299686,0.01524137031433596,0.14314622885493314,0.42820378148807703,,,,,,,,,,,,
b3_seed3,StatsLogistic smallK5 10,smallK5_10,randomK5,5,__pooled_test__,10286,0.7920474431265798,0.842004901404665,0.06086900599107771,0.023299379337029164,0.037569626654048546,0.8242169237961663,0.3905010223084178,0.20632643907734144,0.1043802435597066,0.013221373423638445,0.12336349715241327,0.37451552562841994,,,,,,,,,,,,
b3_seed3,StatsLogistic largeK20 50,largeK20_50,randomK5,5,val_select,5282,0.7887163953048087,0.8409351947924572,0.06356246248278137,0.0240829741884431,0.03947948829433827,0.8172043010752689,0.38737877993713626,0.19856020133206076,0.10207411026398185,0.02129196654642648,0.12449785251011135,0.3814412121191533,,,,,,,,,,,,
b3_seed3,StatsLogistic largeK20 50,largeK20_50,randomK5,5,testA,5646,0.8262486716259299,0.8531402106256821,0.045103741846535136,0.016053923723567953,0.029049818122967183,0.8735983690112133,0.44829150358922704,0.24349175058099176,0.12661143379695178,0.0182556073150223,0.10878789059877292,0.3340847795859721,,,,,,,,,,,,
b3_seed3,StatsLogistic largeK20 50,largeK20_50,randomK5,5,testB,4640,0.7504310344827586,0.8149853329087466,0.08759197773286434,0.034114568604628415,0.053477409128235925,0.7271157167530222,0.3177892918825563,0.15467280752254836,0.08099263703299686,0.020421234905702676,0.1447762107066407,0.4326371227917765,,,,,,,,,,,,
b3_seed3,StatsLogistic largeK20 50,largeK20_50,randomK5,5,__pooled_test__,10286,0.7920474431265798,0.8380317417798582,0.06184469726497188,0.023299379337029164,0.03854531792794272,0.8083216456287985,0.3829041990006606,0.20424875959848604,0.10487234232698121,0.019747383073339505,0.12502217071742996,0.37854160172042006,,,,,,,,,,,,
b3_seed3,ScoreDeepSets,smallK5_10,randomK5,5,val_select,5282,0.7887163953048087,0.8291055601154249,0.06727028228075725,0.0240829741884431,0.04318730809231415,0.7849462365591399,0.3728192262610534,0.1935823143838126,0.09735811294393963,0.026616305685526323,0.12918017775284804,0.3935891043901312,,,,,,,,,,,,
b3_seed3,ScoreDeepSets,smallK5_10,randomK5,5,testA,5646,0.8262486716259299,0.8380505051498296,0.048825480888437245,0.016053923723567953,0.03277155716486929,0.8470948012232418,0.4151635107331528,0.22876928464918445,0.12339255701733362,0.022083054442820382,0.11278181289770033,0.3489256199832639,,,,,,,,,,,,
b3_seed3,ScoreDeepSets,smallK5_10,randomK5,5,testB,4640,0.7504310344827586,0.8031462572380632,0.09126509310880536,0.034114568604628415,0.057150524504176944,0.6753022452504318,0.2951208981001726,0.1604298599117254,0.07553858740114552,0.028934012308459846,0.14917994680843266,0.44471312357763687,,,,,,,,,,,,
b3_seed3,ScoreDeepSets,smallK5_10,randomK5,5,__pooled_test__,10286,0.7920474431265798,0.8250988311836392,0.06547864422193594,0.023299379337029164,0.04217926488490678,0.7830762038335674,0.3624512131720843,0.1980157211619209,0.1019197497233319,0.025432068708977663,0.12920095944113782,0.3921352268934224,,,,,,,,,,,,
b3_seed3,ScoreDeepSets,largeK20_50,randomK5,5,val_select,5282,0.7887163953048087,0.7869124651342064,0.08628282036025714,0.0240829741884431,0.06219984617181404,0.6774193548387099,0.3313804965675875,0.18760885004591513,0.09641491347993109,0.1544506231288326,0.1615999746855811,0.49436643281425213,,,,,,,,,,,,
b3_seed3,ScoreDeepSets,largeK20_50,randomK5,5,testA,5646,0.8262486716259299,0.7879402101886541,0.06735368496814062,0.016053923723567953,0.05129976124457267,0.6921508664627932,0.37821305716291664,0.20725183444115922,0.11159000882540078,0.14989572163807177,0.14366450578887685,0.45188872113008305,,,,,,,,,,,,
b3_seed3,ScoreDeepSets,largeK20_50,randomK5,5,testB,4640,0.7504310344827586,0.7714403906991694,0.11194074550256924,0.034114568604628415,0.07782617689794083,0.618307426597582,0.2778497409326425,0.14603722893878351,0.0691755294973185,0.1687106657709027,0.18441597898878836,0.5492669629813164,,,,,,,,,,,,
b3_seed3,ScoreDeepSets,largeK20_50,randomK5,5,__pooled_test__,10286,0.7920474431265798,0.7852984027195927,0.08452140380147645,0.023299379337029164,0.061222024464447286,0.6783543712014958,0.3379076301777924,0.18139428533107982,0.09699876205058304,0.15838311623036572,0.1620474375065114,0.49581590781000945,,,,,,,,,,,,
b3_seed3,corrected_score_MSP,score_only,randomK5,5,val_select,5282,0.7887163953048087,0.8433564424071293,0.06293586716556267,0.0240829741884431,0.038852892977119566,0.8207885304659501,0.39633850527626413,0.1935823143838126,0.09735811294393963,0.015035682049317616,0.12355407059266506,0.3806974589262343,,,,,,,,,,,,
b3_seed3,corrected_score_MSP,score_only,randomK5,5,testA,5646,0.8262486716259299,0.856213173555868,0.04446987041116277,0.016053923723567953,0.02841594668759482,0.8756371049949029,0.4521139643033895,0.2502867348572103,0.1330491873561881,0.01074826202840714,0.10740588802435051,0.32985488222475595,,,,,,,,,,,,
b3_seed3,corrected_score_MSP,score_only,randomK5,5,testB,4640,0.7504310344827586,0.81874064396318,0.08603748873873679,0.034114568604628415,0.051922920134108375,0.7374784110535405,0.31239205526770275,0.1613893686432545,0.07553858740114552,0.018242785740289657,0.14333021971672602,0.42762518596024196,,,,,,,,,,,,
b3_seed3,corrected_score_MSP,score_only,randomK5,5,__pooled_test__,10286,0.7920474431265798,0.841491945023976,0.06084954329453945,0.023299379337029164,0.037550163957510284,0.8251519401589527,0.3910853933320912,0.20476817946820003,0.10241184849060705,0.01233631965681627,0.12361130305960448,0.3739589274641741,,,,,,,,,,,,
b3_seed3,StatsLogistic smallK5 10,smallK5_10,randomK10,10,val_select,5282,0.6719045815978796,0.8054359566188765,0.13344938705522133,0.06091999265290571,0.07252939440231562,0.6399307559145989,0.23910837999262113,0.12615076052213217,0.05793477008447613,0.020858808774447273,0.16604152409062756,0.48977751020558,,,,,,,,,,,,
b3_seed3,StatsLogistic smallK5 10,smallK5_10,randomK10,10,testA,5646,0.7261778250088559,0.8252240242324803,0.09726045177192397,0.041474059494111676,0.05578639227781229,0.7153945666235444,0.3216665172622269,0.1620940508391995,0.08631787017662672,0.012499559712489476,0.14668792373588135,0.4409935718241714,,,,,,,,,,,,
b3_seed3,StatsLogistic smallK5 10,smallK5_10,randomK10,10,testB,4640,0.621551724137931,0.7868660728107949,0.17734617540716274,0.08287796391901076,0.09446821148815199,0.5364464692482915,0.21412300683371296,0.10592255125284741,0.05826639491667657,0.017220277239481562,0.18062440592484846,0.5313353169830418,,,,,,,,,,,,
b3_seed3,StatsLogistic smallK5 10,smallK5_10,randomK10,10,__pooled_test__,10286,0.6789811394127941,0.8114322310127571,0.12854912707833172,0.05814321302285469,0.07040591405547703,0.6535433070866142,0.2697784990062254,0.13492382510962717,0.07395491835286053,0.011672071572492107,0.16199662268171136,0.48174660483381154,,,,,,,,,,,,
b3_seed3,StatsLogistic largeK20 50,largeK20_50,randomK10,10,val_select,5282,0.6719045815978796,0.8031822882903712,0.13449844052296703,0.06091999265290571,0.07357844787006132,0.6410848240046164,0.2369447071395197,0.1210217847951893,0.056719985777686124,0.03294659981577826,0.16728114178931106,0.49332381949826015,,,,,,,,,,,,
b3_seed3,StatsLogistic largeK20 50,largeK20_50,randomK10,10,testA,5646,0.7261778250088559,0.8245771937020793,0.09739938164602283,0.041474059494111676,0.05592532215191115,0.7192755498059508,0.3176240054461496,0.15993820362866554,0.08836037866356425,0.019688147283186793,0.14757966563510588,0.4425384405705398,,,,,,,,,,,,
b3_seed3,StatsLogistic largeK20 50,largeK20_50,randomK10,10,testB,4640,0.621551724137931,0.7829674126987637,0.17995715898432896,0.08287796391901076,0.0970791950653182,0.529612756264237,0.20202164009111603,0.10592255125284741,0.05886584342404975,0.034253865794527945,0.18295651146919886,0.5379181679375047,,,,,,,,,,,,
b3_seed3,StatsLogistic largeK20 50,largeK20_50,randomK10,10,__pooled_test__,10286,0.6789811394127941,0.8091700732590821,0.12959219778095035,0.05814321302285469,0.07144898475809566,0.6493034524530585,0.27091414675271636,0.13526029970118325,0.07204226069713493,0.023012751767832598,0.16353811057679277,0.4855641002033142,,,,,,,,,,,,
b3_seed3,ScoreDeepSets,smallK5_10,randomK10,10,val_select,5282,0.6719045815978796,0.782050550393575,0.14528023125801068,0.06091999265290571,0.08436023860510497,0.5637622619734566,0.22684756715837903,0.12038066282932164,0.06400869161842514,0.03928853298612545,0.1759696709878445,0.5170549358950118,,,,,,,,,,,,
b3_seed3,ScoreDeepSets,smallK5_10,randomK10,10,testA,5646,0.7261778250088559,0.7997465528665636,0.10852968475488924,0.041474059494111676,0.06705562526077756,0.6442432082794308,0.30226246054505607,0.150596199049686,0.08019034471581414,0.023705760988938295,0.15564264056270175,0.4681092220630048,,,,,,,,,,,,
b3_seed3,ScoreDeepSets,smallK5_10,randomK10,10,testB,4640,0.621551724137931,0.758248912387566,0.19418800382165485,0.08287796391901076,0.1113100399026441,0.48405466970387245,0.19347949886104782,0.09390027841052898,0.047476321783958685,0.03460313442066825,0.19236139426820995,0.5621129231872773,,,,,,,,,,,,
b3_seed3,ScoreDeepSets,smallK5_10,randomK10,10,__pooled_test__,10286,0.6789811394127941,0.7853698693838924,0.14180590756167438,0.05814321302285469,0.08366269453881969,0.5735917625681403,0.2440371500857603,0.12583901113761617,0.06343530124636998,0.026154151377211093,0.17220641824047325,0.5105141582108391,,,,,,,,,,,,
b3_seed3,ScoreDeepSets,largeK20_50,randomK10,10,val_select,5282,0.6719045815978796,0.7796095776920492,0.14621895219113604,0.06091999265290571,0.08529895953823033,0.5591459896133871,0.2261263428740119,0.11396944317064313,0.058542162237871134,0.037167981128035196,0.1759839759223097,0.5207345633879609,,,,,,,,,,,,
b3_seed3,ScoreDeepSets,largeK20_50,randomK10,10,testA,5646,0.7261778250088559,0.7972413466696116,0.1079643154828833,0.041474059494111676,0.06649025598877162,0.6313065976714102,0.2885179203703929,0.14412865741808453,0.07133947460575166,0.04230401064412754,0.15819247419855217,0.4779809037952117,,,,,,,,,,,,
b3_seed3,ScoreDeepSets,largeK20_50,randomK10,10,testB,4640,0.621551724137931,0.7560853376890487,0.19352066436217374,0.08287796391901076,0.11064270044316299,0.46583143507972663,0.19063211845102498,0.09516578081498371,0.049874115813451705,0.043629458194983914,0.19348490401718418,0.5651135842655042,,,,,,,,,,,,
b3_seed3,ScoreDeepSets,largeK20_50,randomK10,10,__pooled_test__,10286,0.6789811394127941,0.7830143729060037,0.14112875442908468,0.05814321302285469,0.08298554140622999,0.5608721986674741,0.23495196811383154,0.12314721440516849,0.0643916300742326,0.04184141762347484,0.17411283919548515,0.5172863322787968,,,,,,,,,,,,
b3_seed3,corrected_score_MSP,score_only,randomK10,10,val_select,5282,0.6719045815978796,0.8066830265329977,0.13322450240466954,0.06091999265290571,0.07230450975176383,0.6364685516445469,0.24559939855192575,0.12550963855626418,0.060364338698055804,0.011852635346449232,0.16529763718443088,0.48807124416622205,,,,,,,,,,,,
b3_seed3,corrected_score_MSP,score_only,randomK10,10,testA,5646,0.7261778250088559,0.8263894235320102,0.09662185534800165,0.041474059494111676,0.05514779585388997,0.7115135834411384,0.31924101017258044,0.16496851378657798,0.0808711808781265,0.025746682206565532,0.14711536161497885,0.44126431490930906,,,,,,,,,,,,
b3_seed3,corrected_score_MSP,score_only,randomK10,10,testB,4640,0.621551724137931,0.7854439622897835,0.17811856590520625,0.08287796391901076,0.0952406019861955,0.5261958997722095,0.21056378132118456,0.10845355606175656,0.05946529193142323,0.027500072181522475,0.18174003058742721,0.5343810401584124,,,,,,,,,,,,
b3_seed3,corrected_score_MSP,score_only,randomK10,10,__pooled_test__,10286,0.6789811394127941,0.8113485839052038,0.12841341376772816,0.05814321302285469,0.07027020074487347,0.6553603876438521,0.26826430201090395,0.13122260460251156,0.07267981324904346,0.021811511791143105,0.16273450064202147,0.4832691374988326,,,,,,,,,,,,
b3_seed3,StatsLogistic smallK5 10,smallK5_10,randomK20,20,val_select,5282,0.5607724346838319,0.800883606137512,0.2102071607209359,0.11485430322550444,0.09535285749543146,0.5198275862068966,0.18380571013594,0.08863987495103955,0.04130767169225273,0.023347571154183698,0.17971078678695457,0.5284982500864192,,,,,,,,,,,,
b3_seed3,StatsLogistic smallK5 10,smallK5_10,randomK20,20,testA,5646,0.6186680835990082,0.8152026965482954,0.16484625486712987,0.08425593881065124,0.08059031605647862,0.5968416163492801,0.24353094122107302,0.12329080369446865,0.06280451500481622,0.02098028179903429,0.16969781030847933,0.5040065580311721,,,,,,,,,,,,
b3_seed3,StatsLogistic smallK5 10,smallK5_10,randomK20,20,testB,4640,0.503448275862069,0.7756410828101218,0.27104499277839655,0.1510481103940043,0.11999688238439227,0.41666666666666663,0.13519965277777768,0.06684027777777778,0.03463084795321627,0.01970834280028729,0.1904455295908955,0.5583744345623414,,,,,,,,,,,,
b3_seed3,StatsLogistic smallK5 10,smallK5_10,randomK20,20,__pooled_test__,10286,0.566692591872448,0.8025708228603141,0.20650374351614867,0.11146098751328032,0.09504275600286835,0.5243437289656719,0.1931427875929681,0.0943672750532888,0.04328480699412607,0.016788854028138456,0.17905707702736046,0.5285318299643459,,,,,,,,,,,,
b3_seed3,StatsLogistic largeK20 50,largeK20_50,randomK20,20,val_select,5282,0.5607724346838319,0.8002126068127314,0.21048312075964554,0.11485430322550444,0.0956288175341411,0.5103448275862068,0.181111999608336,0.09247113138844965,0.045391074889020264,0.015730385489610834,0.1797523098918597,0.5284263524172546,,,,,,,,,,,,
b3_seed3,StatsLogistic largeK20 50,largeK20_50,randomK20,20,testA,5646,0.6186680835990082,0.8142229652058414,0.16519615489580383,0.08425593881065124,0.08094021608515259,0.5968416163492801,0.23366142932602957,0.11606659607335207,0.06231562847117221,0.018974815902651192,0.16997483064627955,0.5044319433706942,,,,,,,,,,,,
b3_seed3,StatsLogistic largeK20 50,largeK20_50,randomK20,20,testB,4640,0.503448275862069,0.7765509432672184,0.27156269990603776,0.1510481103940043,0.12051458951203348,0.4105902777777777,0.13899739583333343,0.06587577160493838,0.03280336257309941,0.026724369038580255,0.19102286489434797,0.5596790522298293,,,,,,,,,,,,
b3_seed3,StatsLogistic largeK20 50,largeK20_50,randomK20,20,__pooled_test__,10286,0.566692591872448,0.8020837916211458,0.20695745699849988,0.11146098751328032,0.09549646948521956,0.5167152793358761,0.18921647512383413,0.09361943630436498,0.04848049552686593,0.019059603040304417,0.17946956901989783,0.5293538357590265,,,,,,,,,,,,
b3_seed3,ScoreDeepSets,smallK5_10,randomK20,20,val_select,5282,0.5607724346838319,0.7485487147547091,0.2459040377435838,0.11485430322550444,0.13104973451807936,0.4060344827586207,0.16494973644271094,0.08145626913089524,0.03858540289440788,0.039661750377962324,0.20263569834185347,0.5874125574881424,,,,,,,,,,,,
b3_seed3,ScoreDeepSets,smallK5_10,randomK20,20,testA,5646,0.6186680835990082,0.7463168657000817,0.20670355145052907,0.08425593881065124,0.12244761263987783,0.4277751973989782,0.2086973698268018,0.11400253675303293,0.058893422735665585,0.04409900490950702,0.1961058547609232,0.5728943568953824,,,,,,,,,,,,
b3_seed3,ScoreDeepSets,smallK5_10,randomK20,20,testB,4640,0.503448275862069,0.7305084182065734,0.3129674398719301,0.1510481103940043,0.1619193294779258,0.33854166666666674,0.13085937500000003,0.06491126543209874,0.03508771929824571,0.03696438001051287,0.2111043813435588,0.610930261108858,,,,,,,,,,,,
b3_seed3,ScoreDeepSets,smallK5_10,randomK20,20,__pooled_test__,10286,0.566692591872448,0.7467602106909534,0.24832477014909496,0.11146098751328032,0.13686378263581464,0.4081220551940766,0.1740721270286031,0.08963096297677141,0.04328480699412607,0.038972508226726474,0.20287166881336627,0.5900522992977278,,,,,,,,,,,,
b3_seed3,ScoreDeepSets,largeK20_50,randomK20,20,val_select,5282,0.5607724346838319,0.7761369589513144,0.22420319113944034,0.11485430322550444,0.1093488879139359,0.46379310344827585,0.16441099433719014,0.08576643262298173,0.04221509462486785,0.0453871956595143,0.1919503989172122,0.5591310485143531,,,,,,,,,,,,
b3_seed3,ScoreDeepSets,largeK20_50,randomK20,20,testA,5646,0.6186680835990082,0.7884602726785932,0.17998001824089727,0.08425593881065124,0.09572407943024602,0.531816070599164,0.22146967933803452,0.1088423884522352,0.058404536202021864,0.02895120734806142,0.181240408875671,0.5350591406060112,,,,,,,,,,,,
b3_seed3,ScoreDeepSets,largeK20_50,randomK20,20,testB,4640,0.503448275862069,0.74202139519121,0.29282643587580065,0.1510481103940043,0.14177832548179636,0.35763888888888884,0.12380642361111109,0.05815972222222226,0.03051900584795312,0.02965674108568707,0.20410152801362172,0.5909338539051765,,,,,,,,,,,,
b3_seed3,ScoreDeepSets,largeK20_50,randomK20,20,__pooled_test__,10286,0.566692591872448,0.7741385796139801,0.22363802179528083,0.11146098751328032,0.11217703428200052,0.4713933138882657,0.17238942168468854,0.08713816714702549,0.04186780103065156,0.02951754278088853,0.19155302726961335,0.5602641444664165,,,,,,,,,,,,
b3_seed3,corrected_score_MSP,score_only,randomK20,20,val_select,5282,0.5607724346838319,0.8007046147756641,0.2102035352183471,0.11485430322550444,0.09534923199284265,0.5077586206896553,0.18488319434698183,0.0905555031697446,0.04085396022594517,0.02843844499360218,0.18041148438842566,0.5310846274350256,,,,,,,,,,,,
b3_seed3,corrected_score_MSP,score_only,randomK20,20,testA,5646,0.6186680835990082,0.8136468012662575,0.16584403104284598,0.08425593881065124,0.08158809223219474,0.6042731072921506,0.244111500744311,0.11813065539367093,0.06084896887024076,0.0433637488182539,0.17222440195019448,0.5106710718908719,,,,,,,,,,,,
b3_seed3,corrected_score_MSP,score_only,randomK20,20,testB,4640,0.503448275862069,0.7721879979428272,0.27353882574364896,0.1510481103940043,0.12249071534964467,0.40538194444444453,0.1324869791666666,0.06925154320987661,0.03508771929824571,0.047658322550967344,0.19422874475281218,0.5673148281116454,,,,,,,,,,,,
b3_seed3,corrected_score_MSP,score_only,randomK20,20,__pooled_test__,10286,0.566692591872448,0.8001391308873071,0.20799169870381456,0.11146098751328032,0.09653071119053425,0.5158178146735473,0.19146008224905353,0.09561367296816176,0.04517414827875874,0.04378636811693653,0.18215052975538074,0.536222989921631,,,,,,,,,,,,
b3_seed3,StatsLogistic smallK5 10,smallK5_10,randomK50,50,val_select,5282,0.4307080651268459,0.7911270771131097,0.3268374225941485,0.20649586665110548,0.12034155594304302,0.36880611905553706,0.11963770920384392,0.058163262022606306,0.030002002766760613,0.02645437620502898,0.17878241325805025,0.5339829215862938,,,,,,,,,,,,
b3_seed3,StatsLogistic smallK5 10,smallK5_10,randomK50,50,testA,5646,0.4906128232376904,0.8059416156615435,0.2652073216644507,0.1600217806091428,0.10518554105530792,0.4464534075104312,0.1490293353220088,0.07482721476273134,0.03745958997240139,0.0387962413652731,0.17929256895699247,0.5335513001389047,,,,,,,,,,,,
b3_seed3,StatsLogistic smallK5 10,smallK5_10,randomK50,50,testB,4640,0.3618534482758621,0.7650142743093208,0.4187896214840846,0.27031673618713487,0.14847288529694974,0.27592029719689287,0.08687943262411357,0.04499230740365481,0.02131214561225754,0.03393540286003716,0.180283660635252,0.5404919796852607,,,,,,,,,,,,
b3_seed3,StatsLogistic smallK5 10,smallK5_10,randomK50,50,__pooled_test__,10286,0.43252965195411236,0.793603773880616,0.32540357844344203,0.20496534554659546,0.12043823289684658,0.3702244303580607,0.1239291221623247,0.060841712197717585,0.030894562199403834,0.03354142011563697,0.17973964900629488,0.5366822308306306,,,,,,,,,,,,
b3_seed3,StatsLogistic largeK20 50,largeK20_50,randomK50,50,val_select,5282,0.4307080651268459,0.7925011602963049,0.3264035413298333,0.20649586665110548,0.11990767467872782,0.3694712337878283,0.11506547823181466,0.05890224730152165,0.03070210958540613,0.022632958427899672,0.17795909648217811,0.5316588869695303,,,,,,,,,,,,
b3_seed3,StatsLogistic largeK20 50,largeK20_50,randomK50,50,testA,5646,0.4906128232376904,0.8073373317333039,0.26428542907558666,0.1600217806091428,0.10426364846644387,0.46244784422809465,0.14946394751030181,0.07482721476273134,0.039289514706294264,0.02265379882892483,0.17711395797039384,0.5280394809474652,,,,,,,,,,,,
b3_seed3,StatsLogistic largeK20 50,largeK20_50,randomK50,50,testB,4640,0.3618534482758621,0.7713014875332871,0.41553789486598597,0.27031673618713487,0.1452211586788511,0.2738939547450186,0.09447821681864244,0.04649330181245082,0.023445137666862192,0.02874804277380869,0.17803815023586822,0.5348498583824717,,,,,,,,,,,,
b3_seed3,StatsLogistic largeK20 50,largeK20_50,randomK50,50,__pooled_test__,10286,0.43252965195411236,0.796599829187418,0.32368148149415676,0.20496534554659546,0.11871613594756131,0.37330820627034433,0.12585643526438764,0.06312584260988356,0.03197655561711942,0.021709615590794734,0.1775308597895462,0.5311116325417128,,,,,,,,,,,,
b3_seed3,ScoreDeepSets,smallK5_10,randomK50,50,val_select,5282,0.4307080651268459,0.6951807686825977,0.41470355631702027,0.20649586665110548,0.2082076896659148,0.2643831060857997,0.1059210162877565,0.05262087243074258,0.027901682310824443,0.16313913078264208,0.24451628027761826,0.6965200722752684,,,,,,,,,,,,
b3_seed3,ScoreDeepSets,smallK5_10,randomK50,50,testA,5646,0.4906128232376904,0.6919909194980995,0.35523091681623165,0.1600217806091428,0.19520913620708885,0.23713490959666206,0.1381640306146798,0.07405462788570634,0.03855754481273707,0.17668055969228083,0.2519246697600868,0.7104161732203397,,,,,,,,,,,,
b3_seed3,ScoreDeepSets,smallK5_10,randomK50,50,testB,4640,0.3618534482758621,0.7068507633180121,0.4848201641903642,0.27031673618713487,0.21450342800322936,0.22661263086795005,0.07928064842958471,0.040489324177267465,0.01989015090918789,0.11925796088762582,0.22013302287229286,0.641421997243138,,,,,,,,,,,,
b3_seed3,ScoreDeepSets,smallK5_10,randomK50,50,__pooled_test__,10286,0.43252965195411236,0.7103089193949681,0.4041055463126752,0.20496534554659546,0.19914020076607974,0.27497001884529726,0.11343597305109379,0.058176893383523776,0.029091239836544523,0.15092480759911966,0.23758350297422604,0.6792929983677035,,,,,,,,,,,,
b3_seed3,ScoreDeepSets,largeK20_50,randomK50,50,val_select,5282,0.4307080651268459,0.7674342285582725,0.3494116321576069,0.20649586665110548,0.14291576550650142,0.3422015297638843,0.11464982087072112,0.055946306185860856,0.029301895948115095,0.035240119284344014,0.19182817780602618,0.5659054534727382,,,,,,,,,,,,
b3_seed3,ScoreDeepSets,largeK20_50,randomK50,50,testA,5646,0.4906128232376904,0.7774169901035834,0.2862770474873021,0.1600217806091428,0.1262552668781593,0.39429763560500686,0.14685627438054302,0.07328204100868158,0.035629665238508516,0.03451630676424528,0.19190584830665003,0.5642733386052369,,,,,,,,,,,,
b3_seed3,ScoreDeepSets,largeK20_50,randomK50,50,testB,4640,0.3618534482758621,0.7318509694924228,0.4457411839780981,0.27031673618713487,0.17542444779096322,0.2529550827423167,0.07125970955758192,0.037487335359675786,0.018823654881885477,0.032365046332766906,0.192342597668126,0.5702744864502778,,,,,,,,,,,,
b3_seed3,ScoreDeepSets,largeK20_50,randomK50,50,__pooled_test__,10286,0.43252965195411236,0.7652850170702835,0.3484309107589175,0.20496534554659546,0.14346556521232207,0.3339044029467192,0.11022378454765563,0.05437000936324688,0.027468249709971238,0.024619617716713678,0.1921028653236876,0.5669804478800754,,,,,,,,,,,,
b3_seed3,corrected_score_MSP,score_only,randomK50,50,val_select,5282,0.4307080651268459,0.7889522250280481,0.3295428893424056,0.20649586665110548,0.12304702269130013,0.36880611905553706,0.1179750797594696,0.05927173994097913,0.030352056176083372,0.05879370585008218,0.1842755726749692,0.5474619296523707,,,,,,,,,,,,
b3_seed3,corrected_score_MSP,score_only,randomK50,50,testA,5646,0.4906128232376904,0.8057170508578401,0.2662028465354598,0.1600217806091428,0.10618106592631699,0.4394993045897079,0.1564177425229923,0.07946273602488041,0.041851409333744115,0.07787689391993718,0.1862742083914172,0.5501691288090929,,,,,,,,,,,,
b3_seed3,corrected_score_MSP,score_only,randomK50,50,testB,4640,0.3618534482758621,0.758245115828784,0.42443360544027564,0.27031673618713487,0.15411686925314078,0.2738939547450186,0.08772374197906106,0.043491312994859144,0.022734140315327195,0.06306162418439815,0.18705838831825894,0.5563617807073974,,,,,,,,,,,,
b3_seed3,corrected_score_MSP,score_only,randomK50,50,__pooled_test__,10286,0.43252965195411236,0.7910126273388006,0.3279240981966941,0.20496534554659546,0.12295875265009865,0.3640568785334931,0.12350083036186629,0.06046102379568976,0.030714229963117807,0.0711937467711037,0.18662795084334657,0.5529626252905369,,,,,,,,,,,,
b3_mean,StatsLogistic smallK5 10,smallK5_10,randomK5,5,val_select,5282.0,0.7872649249021836,0.8433035341625782,0.06361849541210989,0.02442957860321605,0.039188916808893845,0.8243981772237553,0.39895318571306193,0.204027289753047,0.10662568482436291,0.014964538295470273,0.12388393620500869,0.3792701116405177,0.0013431652564554234,0.0012557371407718341,0.00037760598416701393,0.00032096190152617915,0.00020361879869809055,0.005551012253405568,0.008567023665722675,0.01032603194560997,0.0041480248211416895,0.0017193428289518518,0.0008453836797582278,0.0013417909472259954
b3_mean,StatsLogistic smallK5 10,smallK5_10,randomK5,5,testA,5646.0,0.8222340299917347,0.8595188650331652,0.0451440288998621,0.016836096727065226,0.028307932172796868,0.8802410908585783,0.45736433047311964,0.24841068375614386,0.13371283087522187,0.01339636801530214,0.10805196329424528,0.3318422292869316,0.003901927415718089,0.0051991305882919045,0.000586630688569736,0.0007629205727862342,0.000700160818623645,0.013649554983357381,0.009656478877268556,0.008722067756134046,0.0031983537678602226,0.0011712483102419749,0.0011926457881243947,0.0026486004692749
b3_mean,StatsLogistic smallK5 10,smallK5_10,randomK5,5,testB,4640.0,0.7497126436781608,0.8139801017944365,0.08797854745930073,0.034321422691326216,0.05365712476797452,0.7348062196187891,0.3064956415536128,0.15518323028630301,0.08090901901153476,0.02032291188580144,0.1453376046193469,0.43378155286856196,0.0007568716776474704,0.004661233729902703,0.0017950045518096828,0.000218082594762394,0.0015938669378621193,0.011375159483814776,0.016666276639116125,0.0068665920183548,0.0020344632020599974,0.004413586445660288,0.0018980006211905796,0.00488707413395253
b3_mean,StatsLogistic smallK5 10,smallK5_10,randomK5,5,__pooled_test__,10286.0,0.789519735562901,0.8408497894950998,0.06202184024969968,0.02389498946918811,0.03812685078051158,0.8256881090853238,0.3845680130098799,0.1987972519793518,0.10492710501078106,0.014709682304460459,0.12487146317257229,0.37782691346141783,0.00232311941383407,0.0025482476083489975,0.0010539783625287873,0.0005480040248816719,0.0007115031103884252,0.006277850512119184,0.006335329231353431,0.006521296514309385,0.0018494955545528082,0.0013038471340410139,0.0013942916569082903,0.003291147416531005
b3_mean,StatsLogistic largeK20 50,largeK20_50,randomK5,5,val_select,5282.0,0.7872649249021836,0.8398680543178507,0.06442356014476891,0.02442957860321605,0.03999398154155287,0.8166583986212875,0.388599416972718,0.20106470988041816,0.10351511871943662,0.024558249165163314,0.12557671807164725,0.3854770486261372,0.0013431652564554234,0.0018120649245556752,0.000865443553334381,0.00032096190152617915,0.0005518123416469729,0.010174215105610887,0.007588032206987927,0.007896539054438082,0.0025423033782608724,0.0028337031324084994,0.0013779987230427993,0.0035129360938253684
b3_mean,StatsLogistic largeK20 50,largeK20_50,randomK5,5,testA,5646.0,0.8222340299917347,0.855807546693351,0.04586983655918838,0.016836096727065226,0.029033739832123148,0.8717827188861147,0.44618878067489476,0.24575734999796053,0.1305758015533855,0.025105185409561664,0.10988737430681306,0.3370796225869341,0.003901927415718089,0.004494999446176205,0.0006727480152046768,0.0007629205727862342,0.00046262919867825575,0.00639461301898606,0.008737183101700971,0.00558656448723361,0.004156231575694361,0.006339732928638877,0.0011592209587388985,0.002612553333287705
b3_mean,StatsLogistic largeK20 50,largeK20_50,randomK5,5,testB,4640.0,0.7497126436781608,0.8087805561243936,0.08986072034574644,0.034321422691326216,0.05553929765442023,0.7193057313154516,0.3007494214264823,0.15167738863130212,0.07849852422777724,0.02847133556928723,0.1477097237037248,0.44066455005524197,0.0007568716776474704,0.0053754659346796465,0.0020476832046367435,0.000218082594762394,0.0018420534357297188,0.00873625823057373,0.015950425948387546,0.004642308649093327,0.0022632502424753654,0.0076007939589916125,0.002546457376380655,0.006972839095628309
b3_mean,StatsLogistic largeK20 50,largeK20_50,randomK5,5,__pooled_test__,10286.0,0.789519735562901,0.8364556040724375,0.0631920106241929,0.02389498946918811,0.039297021155004795,0.8112023254137615,0.37667076805443633,0.19675310068761664,0.10266579400877979,0.025436183985897226,0.12694898243452746,0.38380663633892204,0.00232311941383407,0.002534122257783866,0.001194234712461672,0.0005480040248816719,0.0007854788842229742,0.008412778634089865,0.008982356934456714,0.007455759004099466,0.0026598542539511155,0.005078854204808694,0.0016927247591156187,0.004578558002227004
b3_mean,ScoreDeepSets,smallK5_10,randomK5,5,val_select,5282.0,0.7872649249021836,0.826882707985232,0.06819770850858321,0.02442957860321605,0.043768129905367166,0.788172508220467,0.3693359282039885,0.19446735037833993,0.09820326418047992,0.024910699304371463,0.1302302253925848,0.39687644231741964,0.0013431652564554234,0.0019565309804161486,0.0009121174559103709,0.00032096190152617915,0.0005954365124586428,0.0072357454067926265,0.008568928852509042,0.0007886442825117034,0.0016977017577316075,0.004185505870035317,0.0010338830657576096,0.003262328484881458
b3_mean,ScoreDeepSets,smallK5_10,randomK5,5,testA,5646.0,0.8222340299917347,0.8393290355640851,0.050325405146958956,0.016836096727065226,0.03348930841989372,0.8306511449614016,0.4248140899608824,0.22955626932243778,0.12666226296391223,0.022444416238691135,0.1137960166081179,0.35207820430619635,0.003901927415718089,0.009231409392783115,0.0022807199850308412,0.0007629205727862342,0.0023108326699484445,0.027413412005940992,0.020908544001292245,0.0027470641496499756,0.009536796175726411,0.0016827505510789073,0.002204018765384341,0.007819275768597344
b3_mean,ScoreDeepSets,smallK5_10,randomK5,5,testB,4640.0,0.7497126436781608,0.7984341196516769,0.09345140698548828,0.034321422691326216,0.05912998429416206,0.6785350257589964,0.2903295953833051,0.14946132721610916,0.07396468010191146,0.030163158248339234,0.15120937859415778,0.450852478681477,0.0007568716776474704,0.004141550768664368,0.0019284133587511231,0.000218082594762394,0.0017311781497805147,0.008521448444960304,0.005702425455604044,0.009509151689514387,0.0013801075274265293,0.0017139034318522988,0.00182403421909403,0.005322364458305636
b3_mean,ScoreDeepSets,smallK5_10,randomK5,5,__pooled_test__,10286.0,0.789519735562901,0.8233267128290103,0.06731731381369073,0.02389498946918811,0.04342232434450261,0.7788780117314755,0.35762785960225374,0.192619927903403,0.09845135494121544,0.025484668912946828,0.13067313109530684,0.39663513927618493,0.00232311941383407,0.004608665504562737,0.0020548246152834004,0.0005480040248816719,0.0018331932030823015,0.022239407639347657,0.004182636632603856,0.005283370874691575,0.006049399555256385,0.0003699983867425136,0.0015545281022809096,0.0055221810441917485
b3_mean,ScoreDeepSets,largeK20_50,randomK5,5,val_select,5282.0,0.7872649249021836,0.7948499895097831,0.07968451246579289,0.02442957860321605,0.05525493386257685,0.6996786246709172,0.31892700694356485,0.17146538940116537,0.09354317994724824,0.20285693279982497,0.18218689740042107,0.5467781386832534,0.0013431652564554234,0.00829955168153023,0.005864231551785496,0.00032096190152617915,0.0061824109127334576,0.03194648944294303,0.010892174479574785,0.016107331091835476,0.0064233528474651625,0.05711958691236514,0.026872297110996663,0.06657056157911058
b3_mean,ScoreDeepSets,largeK20_50,randomK5,5,testA,5646.0,0.8222340299917347,0.8083471380978114,0.06010406116935898,0.016836096727065226,0.04326796444229375,0.7561353917615129,0.3842960373130661,0.20958030732020883,0.1106181509867919,0.1965733147190534,0.1611612569385674,0.496867544225176,0.003901927415718089,0.017673160895789585,0.006324827208776578,0.0007629205727862342,0.006968066289424363,0.055641236838290864,0.005291169368599411,0.008033131791478357,0.010873826792843357,0.04833116071970556,0.020077350414662475,0.04988079525280491
b3_mean,ScoreDeepSets,largeK20_50,randomK5,5,testB,4640.0,0.7497126436781608,0.7646213046702955,0.109309594617222,0.034321422691326216,0.07498817192589578,0.606207461244859,0.24697453476531872,0.12429754114743786,0.06490401960818014,0.21796174966087886,0.20967087059830666,0.6117821851025024,0.0007568716776474704,0.0069865753180715215,0.0028549740368658347,0.000218082594762394,0.0029303536400599375,0.013446483810894265,0.030055874769369367,0.023320368917171878,0.003707952723458212,0.06118043903939906,0.03034677402289136,0.07502782542699186
b3_mean,ScoreDeepSets,largeK20_50,randomK5,5,__pooled_test__,10286.0,0.789519735562901,0.7919619309888485,0.07917914313882914,0.02389498946918811,0.05528415366964103,0.6941345331426801,0.32227012076160627,0.16665442891274151,0.08956458032885867,0.206221607362459,0.18304387480568676,0.5487053756145203,0.00232311941383407,0.005977287136883813,0.004626824052925472,0.0005480040248816719,0.0051478013256754055,0.013718709713423793,0.014279017102384006,0.016682058835907006,0.0076235639052050505,0.05380268353020103,0.024702124202688528,0.06116325719258487
b3_mean,corrected_score_MSP,score_only,randomK5,5,val_select,5282.0,0.7872649249021836,0.8438741827918775,0.06328989692589125,0.02442957860321605,0.038860318322675204,0.8219986678085451,0.40081979515871363,0.1984265413964922,0.10629708414737965,0.015594001102619983,0.1237846780515553,0.38042957356608675,0.0013431652564554234,0.0011746130685294782,0.00040659933634078427,0.00032096190152617915,0.0001535464470258215,0.005810146924027467,0.006151971062302959,0.012734821691606162,0.00774984732653356,0.0020343733999140393,0.0006227092413534127,0.0005746373954117338
b3_mean,corrected_score_MSP,score_only,randomK5,5,testA,5646.0,0.8222340299917347,0.8594111247545028,0.045095676309713346,0.016836096727065226,0.02825957958264812,0.8777561534709782,0.4543893759213929,0.2483476893624168,0.1323453596309795,0.010591198159214527,0.10800690115728649,0.33076604608341204,0.003901927415718089,0.005132654999605193,0.0005818714274707689,0.0007629205727862342,0.0005788415656092941,0.0018469801718444976,0.01656514356797054,0.011370642474164866,0.0024081025366029392,0.002263172671941196,0.0009266405257071404,0.0017832371839344944
b3_mean,corrected_score_MSP,score_only,randomK5,5,testB,4640.0,0.7497126436781608,0.8137852360011598,0.08794783597578026,0.034321422691326216,0.05362641328445405,0.7336582683140631,0.30468758993299416,0.153912956400416,0.0766805076838268,0.019570495406674725,0.14507602494914254,0.4323219956889237,0.0007568716776474704,0.004295900197434604,0.0017175228849113326,0.000218082594762394,0.0015132578479214668,0.012039975314196694,0.006895347688036586,0.00932887078872352,0.0011978476928197496,0.0040957148657468296,0.00151412204282277,0.004101928136284867
b3_mean,corrected_score_MSP,score_only,randomK5,5,__pooled_test__,10286.0,0.789519735562901,0.8407200375834146,0.06198660963532492,0.02389498946918811,0.03809162016613681,0.8247753998266312,0.3859050115475009,0.19692249316323018,0.10395114449737829,0.010401252222535406,0.12472873028369248,0.37657779080143405,0.00232311941383407,0.0024934651881419133,0.0010267264633724814,0.0005480040248816719,0.0006679632467877797,0.006162583613477957,0.007488241087761737,0.007122700930138453,0.003058450480480967,0.0034348264852876783,0.0010705038771593118,0.0025280634412098643
b3_mean,StatsLogistic smallK5 10,smallK5_10,randomK10,10,val_select,5282.0,0.6694433926542976,0.8089865860316373,0.13393199314523377,0.06190704481266409,0.07202494833256969,0.63729362940321,0.24999397034483503,0.12630115774076442,0.06172730951623823,0.019805250493153806,0.16517538439950513,0.4882892403955285,0.002788890545750924,0.0033063439341499104,0.0012587463172264812,0.001120918759656828,0.0006360179350920397,0.005382577241107046,0.00992251512118658,0.002241894230963873,0.003915550076242564,0.004392352370921236,0.0012620545498459204,0.0022503550448539043
b3_mean,StatsLogistic smallK5 10,smallK5_10,randomK10,10,testA,5646.0,0.7225764553075925,0.825085334353298,0.09897538217159278,0.042639961423591305,0.056335420748001463,0.7135698042940013,0.31162832523626677,0.15950103410822203,0.085191147973823,0.01624023476891946,0.14778964301921318,0.4433210032546886,0.003179887356121194,0.004008051263016282,0.0015674149299061187,0.001029900112573407,0.0008495430125986685,0.0020242502010968506,0.017696881336409308,0.007498381042761204,0.002254343746763854,0.004231112784558798,0.0017978782851030078,0.003253032261599988
b3_mean,StatsLogistic smallK5 10,smallK5_10,randomK10,10,testB,4640.0,0.618462643678161,0.7846237470000254,0.1797533770935137,0.08436124339662254,0.09539213369689115,0.5330407910411964,0.20502575189460315,0.10042671497316163,0.05065588311344121,0.019677930022003104,0.1817449842762858,0.5338230391491474,0.003503950689154377,0.001977916387246711,0.002189385831070821,0.0016866633199326428,0.000905599585340089,0.005343873341174523,0.012220427389639684,0.004916740233881653,0.0066972743218749985,0.004249291057945493,0.0010291726457931647,0.002573886781015308
b3_mean,StatsLogistic smallK5 10,smallK5_10,randomK10,10,__pooled_test__,10286.0,0.6756108626612224,0.8104607565390962,0.13057354420682302,0.0594615502598132,0.07111199394700982,0.6491511954302255,0.2622906250456612,0.13238438538226668,0.06887699829434725,0.012359213939724945,0.16310684926389693,0.48414634318763516,0.00322049601368978,0.0029545942545348668,0.0017639983238170428,0.0012617515346346193,0.0009538334770906464,0.008888015197709456,0.006637883920884726,0.0024203800869402226,0.0046110153229791005,0.005368970180655632,0.0013807770447146369,0.0029099253501037705
b3_mean,StatsLogistic largeK20 50,largeK20_50,randomK10,10,val_select,5282.0,0.6694433926542976,0.8064343826816046,0.13515400169051572,0.06190704481266409,0.07324695687785165,0.6365473693703478,0.24619114639526943,0.12227024419795063,0.06192628881605942,0.03161470518513131,0.1666600147167666,0.493168715060113,0.002788890545750924,0.003344438831537961,0.0015483357099558455,0.001120918759656828,0.0007708555548459545,0.00866069236376568,0.009752629826243678,0.003349515247379131,0.005436523442149699,0.0013566189748993737,0.0013424367572022029,0.0019731417013451806
b3_mean,StatsLogistic largeK20 50,largeK20_50,randomK10,10,testA,5646.0,0.7225764553075925,0.8231314930420887,0.09964502733551106,0.042639961423591305,0.05700506591191976,0.7165606174547171,0.3102796478011816,0.1587845044332453,0.08542193145525356,0.02169079925388061,0.14910763259333895,0.4468030951946657,0.003179887356121194,0.00387864178970018,0.0019676150499644282,0.001029900112573407,0.0010612352082706928,0.005594613129777796,0.01741068977574705,0.005831028091338151,0.005944301662998173,0.0017348219885261612,0.0019917225190519677,0.003977598390603445
b3_mean,StatsLogistic largeK20 50,largeK20_50,randomK10,10,testB,4640.0,0.618462643678161,0.780206849014306,0.18242373214868235,0.08436124339662254,0.0980624887520598,0.5236520338792822,0.19417855624063493,0.09751933788097204,0.05064546589418511,0.03170388021844479,0.18422186415491315,0.5411877610782141,0.003503950689154377,0.0024129516807172703,0.002324342116452627,0.0016866633199326428,0.0008697087900433407,0.005194743815322891,0.008685775056130808,0.0081675985133298,0.008394321905372973,0.002222853859958574,0.0010991455019589522,0.0028670879657184726
b3_mean,StatsLogistic largeK20 50,largeK20_50,randomK10,10,__pooled_test__,10286.0,0.6756108626612224,0.80741047575997,0.13196604817067967,0.0594615502598132,0.07250449791086647,0.6423785579985737,0.25943299980241274,0.13194674196557746,0.06687903801087773,0.024605931967826775,0.16494761260944865,0.4893798840046662,0.00322049601368978,0.002812454662633685,0.002055922378432046,0.0012617515346346193,0.0010497290862377631,0.008058797251289822,0.010600107698614827,0.0034064263772152254,0.004733158975440284,0.002182806528998641,0.0014478404511854286,0.0034565209380585157
b3_mean,ScoreDeepSets,smallK5_10,randomK10,10,val_select,5282.0,0.6694433926542976,0.7853039839721233,0.14604130013092706,0.06190704481266409,0.08413425531826298,0.5776292013148506,0.23473969321769939,0.11823416591156716,0.060929374114595515,0.0351764724847194,0.1749321741946918,0.5160388303340012,0.002788890545750924,0.002879138504940934,0.001305229818168357,0.001120918759656828,0.00044665881436753825,0.013282790112545816,0.008345031069086004,0.002681639705000332,0.00424049008087681,0.00834704197514659,0.0013194809190237868,0.00241872002960199
b3_mean,ScoreDeepSets,smallK5_10,randomK10,10,testA,5646.0,0.7225764553075925,0.7957267847058819,0.11169466037877462,0.042639961423591305,0.0690546989551833,0.6340212895439122,0.29407193891488337,0.14368771652447096,0.07647492855965464,0.030065225999002212,0.15838257586356233,0.4749470410302153,0.003179887356121194,0.006824427900097915,0.0033592701987644603,0.001029900112573407,0.002756578146353253,0.011001908387077214,0.010339523160176384,0.009630403701861074,0.003218056200549346,0.006718401075865085,0.003289572554920692,0.008465211282430588
b3_mean,ScoreDeepSets,smallK5_10,randomK10,10,testB,4640.0,0.618462643678161,0.7569840425227826,0.19564243282102867,0.08436124339662254,0.11128118942440612,0.48520269773544644,0.18243707075483198,0.08935429753828251,0.043332963518255045,0.030535325714676032,0.19306597422879623,0.5632612389154436,0.003503950689154377,0.0015817579621622494,0.002035338568586362,0.0016866633199326428,0.0005063476838039056,0.0031961736512911253,0.013030397395838306,0.007320337507405554,0.006151164664340242,0.003542753581220464,0.0008249476842291648,0.0016086657900831385
b3_mean,ScoreDeepSets,smallK5_10,randomK10,10,__pooled_test__,10286.0,0.6756108626612224,0.7828446340778461,0.1443465643835307,0.0594615502598132,0.0848850141237175,0.5749836007361915,0.235198510603887,0.11798410965918742,0.06004872486874246,0.026875907535906726,0.17402820763632973,0.5147854503426261,0.00322049601368978,0.003657161218903223,0.0023128770617724566,0.0012617515346346193,0.0016380078333076847,0.012265835502157638,0.007935419773771874,0.006952556071493653,0.0045240112321250124,0.006369303136807911,0.0018680169929311814,0.004609296779046966
b3_mean,ScoreDeepSets,largeK20_50,randomK10,10,val_select,5282.0,0.6694433926542976,0.7841003375864651,0.14620222651623996,0.06190704481266409,0.0842951817035759,0.5784224571750044,0.2264135452723872,0.11588919391475193,0.05910719765441085,0.06007695855168693,0.1781902587973995,0.5287373686678958,0.002788890545750924,0.003966563056067677,0.0009845115891125875,0.001120918759656828,0.0009071504616458566,0.018528246709406657,0.004016799208701255,0.001931660920316765,0.003333100309836048,0.02456576357844305,0.0025567131588289747,0.007784810978943596
b3_mean,ScoreDeepSets,largeK20_50,randomK10,10,testA,5646.0,0.7225764553075925,0.7962500945183759,0.11020305270732293,0.042639961423591305,0.06756309128373161,0.6381460268959395,0.27890833797999576,0.14059954866340707,0.07129216264609557,0.06508286096804895,0.16279832413431183,0.49183436397084185,0.003179887356121194,0.007366571398523534,0.002427263792573747,0.001029900112573407,0.0019052333623533273,0.021299707770766448,0.0168868249495227,0.0040233705622514,0.004732718472603898,0.021291790154476787,0.004257525377069575,0.012851454203988264
b3_mean,ScoreDeepSets,largeK20_50,randomK10,10,testB,4640.0,0.618462643678161,0.7539570675573275,0.19565605544146605,0.08436124339662254,0.11129481204484354,0.461124845029994,0.18007588607713784,0.0895468332741522,0.04431447488800807,0.07178010524614532,0.19896921801009812,0.5801850279651326,0.003503950689154377,0.0020779745094479255,0.0019021182378677556,0.0016866633199326428,0.0016385625532415883,0.005180312075395481,0.011781770956936536,0.00494089733437466,0.004949863842808145,0.028904290488388537,0.005374655578538896,0.014104955422564625
b3_mean,ScoreDeepSets,largeK20_50,randomK10,10,__pooled_test__,10286.0,0.6756108626612224,0.781697254375404,0.1433868969117575,0.0594615502598132,0.08392534665194429,0.568945679527947,0.22646077173265314,0.11641694209133835,0.05815272142618306,0.06775047817929707,0.1791149630205308,0.5316892230932907,0.00322049601368978,0.005005862634507738,0.0023867060984389846,0.0012617515346346193,0.0020718801597067924,0.017001615137253578,0.007358369620300391,0.005954447629030291,0.00618145710365827,0.025168771149753234,0.004343599622389078,0.01247381475753745
b3_mean,corrected_score_MSP,score_only,randomK10,10,val_select,5282.0,0.6694433926542976,0.8098122714559558,0.13378518879482326,0.06190704481266409,0.07187814398215918,0.6387880667993824,0.2533759847454425,0.12861431293540684,0.06514107368677137,0.014418994916599051,0.1645938036454542,0.48681524339921234,0.002788890545750924,0.00303234649305366,0.0012195684891285659,0.001120918759656828,0.0005397206545333556,0.002201687989504023,0.013161191790643787,0.002702988514461944,0.004809458382163977,0.0034255607181405807,0.0008745070108251756,0.0013135643850494961
b3_mean,corrected_score_MSP,score_only,randomK10,10,testA,5646.0,0.7225764553075925,0.8259800067027566,0.09845406008630164,0.042639961423591305,0.05581409866271034,0.714382092519816,0.3131990029883023,0.16281032915355184,0.0838206965753331,0.021492392722722495,0.14793973935491858,0.4432165646831449,0.003179887356121194,0.004091842438611113,0.001679761903182201,0.001029900112573407,0.0009496392934337113,0.005084939307375247,0.015895997813018765,0.0060337487672035926,0.0032632266486327536,0.004015473362005987,0.0015635852001960233,0.002900965892706593
b3_mean,corrected_score_MSP,score_only,randomK10,10,testB,4640.0,0.618462643678161,0.7831715134525862,0.18042334507928579,0.08436124339662254,0.09606210168266323,0.5243729308763152,0.20218871143419237,0.09918665162658617,0.051064844350065135,0.028821870444120542,0.18273145846081426,0.5368587147186928,0.003503950689154377,0.0019838676699088734,0.0021497602162007835,0.0016866633199326428,0.0007700347080886282,0.004771504354441567,0.009987290155630496,0.008116810173706879,0.0073700675609879715,0.004047071622535172,0.0008586017339235436,0.0021465761626858664
b3_mean,corrected_score_MSP,score_only,randomK10,10,__pooled_test__,10286.0,0.6756108626612224,0.8102744970956071,0.1304796481824705,0.0594615502598132,0.07101809792265727,0.6515466585786921,0.25929924011694333,0.13071172574519357,0.06720097203410302,0.019555645550694986,0.16363423446004746,0.4854584056480431,0.00322049601368978,0.002930651069110022,0.0017961945001086451,0.0012617515346346193,0.0009486169327228211,0.008400166755305034,0.008063891828556916,0.0020501145538714756,0.004748034120934966,0.001983872042081998,0.0010909097264213128,0.0023108721482586942
b3_mean,StatsLogistic smallK5 10,smallK5_10,randomK20,20,val_select,5282.0,0.5604568976397829,0.7999857608955523,0.21043271109998465,0.11503815516000586,0.09539455593997881,0.5101545255097959,0.18044151049861176,0.08339196445740477,0.04410697850644485,0.022966636745665264,0.17974670164251502,0.5285049524719426,0.0014459723889169906,0.001848574706812314,0.002215307050109242,0.0008378058459855011,0.0013846124057006837,0.015864563554437123,0.0033122771271662005,0.004617443101051768,0.0029739926897657406,0.0013937638504894437,0.0007671875286352348,0.0018054480977325107
b3_mean,StatsLogistic smallK5 10,smallK5_10,randomK20,20,testA,5646.0,0.613059393080647,0.8151633252262015,0.16789073002401098,0.08698842865453597,0.080902301369475,0.5871983603100864,0.2326605398228759,0.11874837071691875,0.059873810793589964,0.019297629835567588,0.17018434032126253,0.5047549164927803,0.005035636471021381,0.0009900537716859034,0.0027786902982238574,0.00245566391502099,0.00034915656407662356,0.00876669712276788,0.012273317563520599,0.004976005367838671,0.003419527326446696,0.004923440717739025,0.00044614424348582166,0.0006482035852889694
b3_mean,StatsLogistic smallK5 10,smallK5_10,randomK20,20,testB,4640.0,0.5014367816091955,0.7750709362322787,0.2729769300661427,0.1524425071844565,0.1205344228816862,0.4023787047563176,0.1397528525436094,0.06500755901034888,0.035328306023319454,0.02753885776669754,0.1907651547355571,0.5589461920798472,0.003863313120617469,0.0005507739056940707,0.0033791565498227987,0.002675269984918109,0.0007195454483127451,0.015679861413215663,0.0042584787689065404,0.0016611926070855473,0.0024188078156767217,0.008612166384170823,0.00040157046525743394,0.0009467132793995022
b3_mean,StatsLogistic smallK5 10,smallK5_10,randomK20,20,__pooled_test__,10286.0,0.5627065914835699,0.801451255711607,0.2094990285940471,0.11374629759179457,0.09575273100225253,0.5146485187623453,0.18893312796624495,0.09192449258636039,0.043501239081111955,0.01708743436288143,0.17946831649103964,0.5292005239907377,0.0035495112314852867,0.0014328674615634632,0.00262605114872314,0.002036062833941981,0.0006187172284347411,0.009373922242449656,0.00512669720011668,0.004675387735063269,0.0005507521327493646,0.0010604927270845609,0.00041433471816111107,0.0006874459698743418
b3_mean,StatsLogistic largeK20 50,largeK20_50,randomK20,20,val_select,5282.0,0.5604568976397829,0.798968427626431,0.21118733924845876,0.11503815516000586,0.09614918408845287,0.5046879363458826,0.17793200007465557,0.08801834064278898,0.044112820284981,0.019281892272677067,0.18032668874703087,0.5298676898933391,0.0014459723889169906,0.0025893643478375346,0.0026534969273081725,0.0008378058459855011,0.0018167048733023778,0.010383922146239444,0.0027642332244263487,0.0038967187594719874,0.0011496637115199877,0.004167625852515432,0.0013830479052818676,0.003772605267093913
b3_mean,StatsLogistic largeK20 50,largeK20_50,randomK20,20,testA,5646.0,0.613059393080647,0.8141726726967934,0.1683205582986298,0.08698842865453597,0.08133212964409384,0.5893242780853529,0.2286133236416489,0.11482622911704349,0.05843310421749071,0.016810677155684267,0.17043212472166913,0.5053858194472866,0.005035636471021381,0.0011726471913885285,0.0028438739483266436,0.00245566391502099,0.0004040750863055816,0.008178140595102563,0.009003425170007837,0.0034627148343015124,0.0036152627546626186,0.0019699948648372674,0.0005814931054957327,0.0009440954567426597
b3_mean,StatsLogistic largeK20 50,largeK20_50,randomK20,20,testB,4640.0,0.5014367816091955,0.7740641473531671,0.27367170230329635,0.1524425071844565,0.12122919511883984,0.4017972874439581,0.1379491772461344,0.0645229603912165,0.03138883100927375,0.024847600470637537,0.1913776278499846,0.5602102612803597,0.003863313120617469,0.002210362013785436,0.003617181737521997,0.002675269984918109,0.0009608237899759952,0.013329153033543626,0.0046943886217050545,0.001194004421955099,0.002673795321102121,0.0016613053740972147,0.00031926746101936345,0.000673489604295184
b3_mean,StatsLogistic largeK20 50,largeK20_50,randomK20,20,__pooled_test__,10286.0,0.5627065914835699,0.8005080096821052,0.20997283138818568,0.11374629759179457,0.09622653379639111,0.5112176740605286,0.18504139217881155,0.09176010503077585,0.04492223767677651,0.018530093438885717,0.17988061145270004,0.5301170473400979,0.0035495112314852867,0.0018724775007857256,0.0026531052873699007,0.002036062833941981,0.0006323251457222368,0.005145840128191857,0.005727276768073949,0.0024399950403069114,0.0031719019868632556,0.0021893509357052417,0.00044853382232275273,0.0008126386215912748
b3_mean,ScoreDeepSets,smallK5_10,randomK20,20,val_select,5282.0,0.5604568976397829,0.751013304133146,0.2446904577193991,0.11503815516000586,0.12965230255939322,0.4122216988957296,0.1580134690806583,0.07955966478490836,0.03881884131801427,0.09423471588411485,0.21071425706875954,0.6108350293669935,0.0014459723889169906,0.0055034135672626895,0.007333873257352689,0.0008378058459855011,0.006548439107523997,0.010739009764927358,0.006034685519085363,0.0026024467675088386,0.0015306733443212538,0.047822215059656975,0.007019922057619856,0.020305545903209887
b3_mean,ScoreDeepSets,smallK5_10,randomK20,20,testA,5646.0,0.613059393080647,0.7499985954297963,0.2109291190369763,0.08698842865453597,0.12394069038244032,0.4554283602080867,0.19092869578965335,0.0998142906461078,0.05075017853190553,0.10055458346422032,0.20704637357253142,0.6031478047382174,0.005035636471021381,0.0061846845368567225,0.007918187671806826,0.00245566391502099,0.006495773051057231,0.02712300693992398,0.015433939486656166,0.013308277755798258,0.007104204266658799,0.0491563397120452,0.009497583047499727,0.02623679414148238
b3_mean,ScoreDeepSets,smallK5_10,randomK20,20,testB,4640.0,0.5014367816091955,0.7187336368446782,0.32064550516523227,0.1524425071844565,0.16820299798077576,0.32138016961642585,0.1144040543732882,0.054797142398771446,0.028080843725672506,0.09735264954901161,0.22472066361344045,0.6462251303642357,0.003863313120617469,0.01022182555384923,0.006802012394432242,0.002675269984918109,0.0055248819940139126,0.015476327701852652,0.01425975624545319,0.009942923798769356,0.006236919806339313,0.05234110892102783,0.011796172196802922,0.030567063007732417
b3_mean,ScoreDeepSets,smallK5_10,randomK20,20,__pooled_test__,10286.0,0.5627065914835699,0.7428681246523414,0.2535682977700092,0.11374629759179457,0.13982200017821467,0.4070016320378586,0.15648678277064063,0.07666553493418504,0.037757375751482226,0.09845384424523951,0.21501922072300952,0.6225799251839422,0.0035495112314852867,0.0041169027574969215,0.005959799782807925,0.002036062833941981,0.005037938872355196,0.0011700968402884148,0.015297249629716621,0.011374331767453255,0.004968103703772272,0.051651267528064614,0.01052239726798238,0.02817746781328498
b3_mean,ScoreDeepSets,largeK20_50,randomK20,20,val_select,5282.0,0.5604568976397829,0.7739481229284112,0.22641805803687828,0.11503815516000586,0.11137990287687242,0.4595999104147442,0.16465994929861008,0.08323302278280385,0.0418426255170792,0.041033751484433105,0.19273697665871858,0.5628473941949604,0.0014459723889169906,0.004195302785237487,0.003368259485277452,0.0008378058459855011,0.0026232591598690873,0.007761468915814634,0.0037669773184879833,0.002196020208383271,0.0011034548920294755,0.01571290547369462,0.0026334492643810482,0.007134725474418985
b3_mean,ScoreDeepSets,largeK20_50,randomK20,20,testA,5646.0,0.613059393080647,0.781877486838086,0.18701400604766183,0.08698842865453597,0.10002557739312586,0.5082679625220646,0.2141180229785924,0.1082067947379312,0.05505497419964749,0.03447707932906933,0.18462686984105323,0.5441363562081672,0.005035636471021381,0.005880393631910708,0.006222654746260946,0.00245566391502099,0.0037755098101419143,0.02091581045868593,0.006368466204826598,0.0016008939776873713,0.002962265946844376,0.007610909127750616,0.0033788756000383492,0.009468020559216478
b3_mean,ScoreDeepSets,largeK20_50,randomK20,20,testB,4640.0,0.5014367816091955,0.7411550876433438,0.29774595001328746,0.1524425071844565,0.14530344282883098,0.35164400972110643,0.12481983995726825,0.0597161212234426,0.031999183605456706,0.027098596477533158,0.20492749508198305,0.5943317790198718,0.003863313120617469,0.0024483426414771306,0.0057221406975803335,0.002675269984918109,0.0033723035999130174,0.011420176737250804,0.0009789386327216476,0.0013666677629384498,0.001320955976990697,0.0022825356743704753,0.0007477301070052692,0.0029953251525857367
b3_mean,ScoreDeepSets,largeK20_50,randomK20,20,__pooled_test__,10286.0,0.5627065914835699,0.7693351558522058,0.2302251924103789,0.11374629759179457,0.11647889481858435,0.45242456518496854,0.17160115535953346,0.08418984683628987,0.0416308871611578,0.027427800001283295,0.1937844530724273,0.5667794401908923,0.0035495112314852867,0.004200675558385013,0.005710730382295451,0.002036062833941981,0.0037317068746374206,0.01863308501744177,0.0011541525511686932,0.003302406691078803,0.0007821639053322381,0.008342583761515341,0.0021003499387425724,0.006461527763720874
b3_mean,corrected_score_MSP,score_only,randomK20,20,val_select,5282.0,0.5604568976397829,0.8006840158255647,0.21016361419668175,0.11503815516000586,0.0951254590366759,0.5032517673856183,0.18582472997898677,0.08657886563408618,0.0435000742137013,0.03168576733506735,0.180340423524327,0.5308441756357473,0.0014459723889169906,0.00119535522368665,0.0018881922177133754,0.0008378058459855011,0.0010828212125799644,0.00995029679811113,0.001300548074268531,0.004107460141255924,0.0036632159522303033,0.004647460465200952,0.00017701619018376373,0.0004100002572458348
b3_mean,corrected_score_MSP,score_only,randomK20,20,testA,5646.0,0.613059393080647,0.8140572293287797,0.1685968252296268,0.08698842865453597,0.08160839657509084,0.5857380119795449,0.23152283849864916,0.11736490928154512,0.060020824052709885,0.03712907771420048,0.17204079604877973,0.5100782623743542,0.005035636471021381,0.0005745711887667649,0.0024876859630098033,0.00245566391502099,5.745700910979205e-05,0.01634863584370878,0.0121272493929837,0.0031201958086951725,0.0030973542050392704,0.0055736645863256285,0.00022765707315889347,0.0006097269879232677
b3_mean,corrected_score_MSP,score_only,randomK20,20,testB,4640.0,0.5014367816091955,0.7716742782139739,0.27527076525623245,0.1524425071844565,0.12282825807177594,0.3974626882751964,0.13774772621631812,0.06677004068760597,0.032764153834453226,0.04759454633190452,0.19432140122713426,0.5677594383216874,0.003863313120617469,0.0008188392218618219,0.004005204823035789,0.002675269984918109,0.001358360216249452,0.011122085563479274,0.007915411202423011,0.0022064997717994384,0.002087096701372596,0.001860357996212571,0.00034655788657319067,0.0008743273636197508
b3_mean,corrected_score_MSP,score_only,randomK20,20,__pooled_test__,10286.0,0.5627065914835699,0.7994867770731945,0.21068416171996499,0.11374629759179457,0.09693786412817045,0.5057553779579637,0.18699026676787525,0.09283204208769347,0.04521872282324533,0.04028747095489508,0.18209154541953268,0.5360981589712458,0.0035495112314852867,0.0006726410795807236,0.002460268679327043,0.002036062833941981,0.00046733108304791027,0.00909443500006344,0.004685590668334166,0.004602839557653762,6.230110016580925e-05,0.003462649366084174,8.083859462214363e-05,0.00020446524616641877
b3_mean,StatsLogistic smallK5 10,smallK5_10,randomK50,50,val_select,5282.0,0.4293197021330304,0.7914809684333911,0.32814143140606455,0.20767004692623967,0.12047138447982492,0.3661553753424065,0.11970844529106213,0.05726066403056796,0.028985314956242913,0.0281786113993381,0.17891377735647815,0.5340946578282438,0.0017894038721138214,0.0019371300737091128,0.0026980656732030132,0.001514769654173845,0.0013323842312426381,0.008453454203934124,0.0014797976826721215,0.0008552003792378583,0.0016381606026037324,0.00935565735792286,0.0001600031939889308,0.00021629956491846022
b3_mean,StatsLogistic smallK5 10,smallK5_10,randomK50,50,testA,5646.0,0.4849450938717676,0.8026767816876216,0.27145294609740284,0.16410718524729853,0.10734576085010432,0.43518705393601964,0.1470856468211201,0.073680976605397,0.03659448883044448,0.03877212987278079,0.17989646193584008,0.5352293823815625,0.004911592144478238,0.00643962568351423,0.006883007085396664,0.003540423180865986,0.0045317113075852376,0.018346380357711925,0.0020696398268615812,0.0030771130863065863,0.0011944615894986332,0.00472259284461218,0.0025771876247808133,0.005902581463857543
b3_mean,StatsLogistic smallK5 10,smallK5_10,randomK50,50,testB,4640.0,0.3609195402298851,0.7649021691679633,0.4188041750509539,0.2712896243971405,0.14751455065381344,0.27409228547079584,0.08638547802023583,0.04164519183555432,0.02168536273449605,0.03794425147060528,0.17998681258989999,0.5399742320562936,0.004916124169806235,0.0015481336065024786,0.003370651091289018,0.005019400896938498,0.0017825490221380993,0.007135379190011483,0.0005856295934170088,0.0029062453571625764,0.0016608108698724865,0.0035536824778229755,0.0024665865246961535,0.004615614819562708
b3_mean,StatsLogistic smallK5 10,smallK5_10,randomK50,50,__pooled_test__,10286.0,0.4289973426664074,0.791475355008787,0.3295245790121314,0.20795092247007882,0.12157365654205256,0.36109733980951436,0.12098617425574643,0.05883639251491254,0.029604206564075863,0.035786141853317625,0.17993721898764234,0.5373697773349703,0.003704986523546012,0.004644378044721606,0.0038587755755201576,0.003137688979565658,0.0033906722695686837,0.00795277045531514,0.002560213243610996,0.0019973811600611196,0.001226849272745659,0.0024383379355015604,0.0024976697955399847,0.005246348861761807
b3_mean,StatsLogistic largeK20 50,largeK20_50,randomK50,50,val_select,5282.0,0.4293197021330304,0.7935760396647664,0.3272363182765779,0.20767004692623967,0.11956627135033825,0.36438541150506293,0.12052894637245821,0.05897787625599695,0.02921868389579142,0.02006055920871855,0.17767334323803566,0.5305448104641745,0.0017894038721138214,0.0014615842921305807,0.002147087220935639,0.001514769654173845,0.0009469558179362818,0.0072903232798180945,0.004731648342318241,0.0014477253447759447,0.0018864632024871918,0.0024647687199137384,0.0003092122747851305,0.0009810306148954422
b3_mean,StatsLogistic largeK20 50,largeK20_50,randomK50,50,testA,5646.0,0.4849450938717676,0.8045365553385538,0.2705789548707333,0.16410718524729853,0.1064717696234347,0.44120229352566814,0.14765862876912203,0.07241438284168004,0.0379244998719672,0.023906323491521053,0.17761234412733926,0.5293309164582167,0.004911592144478238,0.0066346654423353,0.006890122575533991,0.003540423180865986,0.004511276750321211,0.023432953584852322,0.004278834771566509,0.003282883505887077,0.0017501971246354788,0.001438666570467175,0.0026699682043374415,0.006684035691049235
b3_mean,StatsLogistic largeK20 50,largeK20_50,randomK50,50,testB,4640.0,0.3609195402298851,0.7727672300464338,0.41417404579974204,0.2712896243971405,0.14288442140260155,0.27701835445467154,0.0920203796509927,0.04465130827199946,0.022396360086030936,0.02801149145434118,0.17655212628881858,0.5314370506480942,0.004916124169806235,0.0013016272004229186,0.004867955898501696,0.005019400896938498,0.002036219932192723,0.00877407976944416,0.0030344666036410026,0.0026452240261725765,0.0018651475252049906,0.004170481789223509,0.001901612412790443,0.0038794571331501526
b3_mean,StatsLogistic largeK20 50,largeK20_50,randomK50,50,__pooled_test__,10286.0,0.4289973426664074,0.795626818496971,0.32729460560645446,0.20795092247007882,0.11934368313637567,0.3639250704108045,0.12254361799071582,0.06104565927481951,0.03032350792359866,0.020522378807286936,0.1771340813652611,0.5302809906018132,0.003704986523546012,0.0037799410389150177,0.0032657327065211015,0.003137688979565658,0.002766388514818265,0.008858259242423496,0.0035210534223064516,0.0018061858706562566,0.0014319300113119792,0.0010781018415888695,0.0021060217372216626,0.004804877932088198
b3_mean,ScoreDeepSets,smallK5_10,randomK50,50,val_select,5282.0,0.4293197021330304,0.6684119355945141,0.43082533220264924,0.20767004692623967,0.22315528527640957,0.21148666224151977,0.08313144515704192,0.0437634384449464,0.023290620703617256,0.24657998594998956,0.2896623274971347,0.8670625318075387,0.0017894038721138214,0.050830322499261296,0.03831363494225586,0.001514769654173845,0.03690147561474749,0.07847464606709942,0.025320577600289402,0.009129603375379214,0.004289309431240062,0.072480356642081,0.040581858220572774,0.16324757994845862
b3_mean,ScoreDeepSets,smallK5_10,randomK50,50,testA,5646.0,0.4849450938717676,0.6769604691379959,0.3710454541540729,0.16410718524729853,0.20693826890677447,0.23524260859483828,0.11112201312202152,0.057846232851682444,0.029641474355032213,0.27942072225177933,0.3119630521970321,0.9199626871781517,0.004911592144478238,0.05015324519016285,0.03604203038302883,0.003540423180865986,0.0347279905852691,0.08285967395180152,0.029844895444944557,0.015474761059692994,0.008384003040923689,0.08913384922824157,0.053301595151540065,0.19922883221432397
b3_mean,ScoreDeepSets,smallK5_10,randomK50,50,testB,4640.0,0.3609195402298851,0.6626745548970706,0.50864042041744,0.2712896243971405,0.2373507960202995,0.16670958852614837,0.05754646080328609,0.031132835274479614,0.01729935804727134,0.19894421270418908,0.2563933244484145,0.7835677274593617,0.004916124169806235,0.047977889112246506,0.025126368615332996,0.005019400896938498,0.027635685437175758,0.0598259894903942,0.021397403002860183,0.009397922538440625,0.0022734118764740174,0.07018508609116508,0.03332779019655781,0.1373865843603117
b3_mean,ScoreDeepSets,smallK5_10,randomK50,50,__pooled_test__,10286.0,0.4289973426664074,0.6787732147396938,0.4252623517782676,0.20795092247007882,0.21731142930818872,0.2226064959210008,0.08647686699572481,0.04536196124715255,0.02334250339245234,0.24316704993085403,0.286895626885581,0.8584351144486955,0.003704986523546012,0.04977387822904079,0.03203472344826517,0.003137688979565658,0.03216741715834175,0.07423633511574089,0.02766434347583694,0.012970442584573371,0.005260362780337968,0.08035460327905943,0.044220339983973664,0.17130811487093262
b3_mean,ScoreDeepSets,largeK20_50,randomK50,50,val_select,5282.0,0.4293197021330304,0.7627741035524664,0.355894445528333,0.20767004692623967,0.14822439860209333,0.3305621038198833,0.11376600143473492,0.05738268291061913,0.02921698523232821,0.036419483578056154,0.1940363226369155,0.5714328202242417,0.0017894038721138214,0.0046293022356874046,0.005725270400014028,0.001514769654173845,0.004597411200842135,0.014456240720092784,0.0014713312506009254,0.0015619288377129931,0.0013817631784043237,0.013056185990643426,0.0024801975010014772,0.005784276394398592
b3_mean,ScoreDeepSets,largeK20_50,randomK50,50,testA,5646.0,0.4849450938717676,0.767183413910398,0.2992936497855598,0.16410718524729853,0.13518646453826122,0.3744790191342189,0.14379701174867174,0.06822606440345252,0.0327445975554518,0.038758142995269244,0.19648129728997274,0.5765923763079505,0.004911592144478238,0.009129474698285454,0.011418818585440867,0.003540423180865986,0.007917468145287003,0.017261204372329787,0.004605957569512862,0.004454785283715811,0.0025285904662816026,0.007348685100945876,0.004400038649769746,0.012121960089004574
b3_mean,ScoreDeepSets,largeK20_50,randomK50,50,testB,4640.0,0.3609195402298851,0.734038458258868,0.4472860544666286,0.2712896243971405,0.17599643006948815,0.25116994883308846,0.07642598268496437,0.03863859200284476,0.019668018486862397,0.02683257449093146,0.19178361633231886,0.5687331212096732,0.004916124169806235,0.0019174675876183968,0.0026584943574981144,0.005019400896938498,0.0026967581371548956,0.008940487490651341,0.005843156303930003,0.0013563305414126222,0.0009158273397361674,0.009201331759024413,0.0023531653261040387,0.005871440462562031
b3_mean,ScoreDeepSets,largeK20_50,randomK50,50,__pooled_test__,10286.0,0.4289973426664074,0.760031815607944,0.35704676823544484,0.20795092247007882,0.1490958457653661,0.32329244835888493,0.1104785800778406,0.052784927717756974,0.026614795921734425,0.02945497829293639,0.19436218007788697,0.5730470774885835,0.003704986523546012,0.005186700762175786,0.007489933205897623,0.003137688979565658,0.005447490964535021,0.009962825094948573,0.0004231961565620369,0.001407748802242548,0.0012140439073811558,0.00989289551493848,0.002862082875375835,0.0077801766603855325
b3_mean,corrected_score_MSP,score_only,randomK50,50,val_select,5282.0,0.4293197021330304,0.7899740360865986,0.3306196014796478,0.20767004692623967,0.12294955455340817,0.36328011447614283,0.12039634909094044,0.05811703571604504,0.030264597465101867,0.06057393409631268,0.18443767706398942,0.5473795194202965,0.0017894038721138214,0.0014658586803273487,0.00225816734412443,0.001514769654173845,0.0009377426740683846,0.007524390924090697,0.0024544901861113942,0.003088616569970899,0.0013794591278886456,0.006204840722620171,0.0008782876764395996,0.002264852502538721
b3_mean,corrected_score_MSP,score_only,randomK50,50,testA,5646.0,0.4849450938717676,0.801545815763879,0.2729649853008585,0.16410718524729853,0.10885780005356,0.4308161780825994,0.14883515794014776,0.07459294010598327,0.03889833397931162,0.0752737605543463,0.1867303868866023,0.5519303801672232,0.004911592144478238,0.005183592615464188,0.006507939560536396,0.003540423180865986,0.0035658264582638785,0.013970287828459578,0.007001823121357175,0.005235469023494579,0.002665349665805539,0.0022874079299209805,0.0016216403596342496,0.004101492349288453
b3_mean,corrected_score_MSP,score_only,randomK50,50,testB,4640.0,0.3609195402298851,0.7599676821208594,0.4234027015604989,0.2712896243971405,0.15211307716335845,0.26892686669978966,0.08722858675054258,0.04226915129610779,0.021444500813370505,0.06519823585913222,0.18611796022017627,0.5542764542809251,0.004916124169806235,0.001491794570025757,0.005050367438614384,0.005019400896938498,0.001735482626839727,0.00871591307372238,0.0005820511806655985,0.0011348657034821073,0.0012479447121279625,0.003778366340041728,0.0015542037798165894,0.0032416628509621763
b3_mean,corrected_score_MSP,score_only,randomK50,50,__pooled_test__,10286.0,0.4289973426664074,0.7890224259559516,0.3320045466776059,0.20795092247007882,0.12405362420752714,0.35881517144008673,0.12055535820221114,0.05883384389925645,0.029485627028012842,0.06965991981667352,0.186454122086659,0.5529886908698848,0.003704986523546012,0.0031206344983223736,0.0035350780303199667,0.003137688979565658,0.002099933458043336,0.004623112651940665,0.003479261039750392,0.0020961235896866013,0.001065692605857371,0.0015936162444283872,0.0014681706522548478,0.003304287606995291
