seed,model,training_regime,cell,K,eval_split,n,accuracy,auroc_correct,aurc,aurc_oracle,e_aurc,rer_at_50,rer_at_80,rer_at_90,rer_at_95,ece_adaptive,brier_binary,nll_binary,feature_group,accuracy_seed_sd,auroc_correct_seed_sd,aurc_seed_sd,aurc_oracle_seed_sd,e_aurc_seed_sd,rer_at_50_seed_sd,rer_at_80_seed_sd,rer_at_90_seed_sd,rer_at_95_seed_sd,ece_adaptive_seed_sd,brier_binary_seed_sd,nll_binary_seed_sd
b3_seed1,S,smallK5_10,randomK5,5,val_select,5282,0.7870124952669444,0.8447472268997407,0.06344557482079748,0.024489234090560863,0.03895634073023661,0.8186666666666667,0.4078338328863645,0.2158354601972604,0.1101931712501661,0.013071363520470124,0.12322696692742191,0.37816589093043795,S,,,,,,,,,,,,
b3_seed1,S,smallK5_10,randomK5,5,testA,5646,0.8184555437477861,0.8655222974649136,0.04510313183293289,0.017578184432274074,0.027524947400658813,0.8946341463414633,0.4670967672262512,0.2532047110317621,0.13740383041414278,0.013693615184718703,0.10765866511558166,0.3302340989729062,S,,,,,,,,,,,,
b3_seed1,S,smallK5_10,randomK5,5,testB,4640,0.7497844827586206,0.8112412632556754,0.08856995879585404,0.034300477075900726,0.054269481719953314,0.7433247200689064,0.2937123169681311,0.14728682170542653,0.07883403599437896,0.022527235415017888,0.14640482229967766,0.4358289242898722,S,,,,,,,,,,,,
b3_seed1,S,smallK5_10,randomK5,5,__pooled_test__,10286,0.787478125607622,0.8426159172286041,0.06226047006754162,0.024377848146793307,0.037882621920748316,0.8325709057639525,0.38530771220919224,0.19492866583377755,0.10341270444637307,0.01525706313028681,0.12513700162483749,0.3778677747915648,S,,,,,,,,,,,,
b3_seed1,S+Q,smallK5_10,randomK5,5,val_select,5282,0.7870124952669444,0.845255713254751,0.06322279555406259,0.024489234090560863,0.03873356146350172,0.8062222222222222,0.4078338328863645,0.21484784742672827,0.12048536380142581,0.014739239295321227,0.12307544745884669,0.3776553164327971,S+Q,,,,,,,,,,,,
b3_seed1,S+Q,smallK5_10,randomK5,5,testA,5646,0.8184555437477861,0.8658193506843097,0.04512409432549187,0.017578184432274074,0.0275459098932178,0.8946341463414633,0.4817302656090542,0.25212082817404285,0.13226932940470348,0.014307119003174785,0.10755887968968668,0.33010537311356714,S+Q,,,,,,,,,,,,
b3_seed1,S+Q,smallK5_10,randomK5,5,testB,4640,0.7497844827586206,0.814492962450475,0.08754173996619485,0.034300477075900726,0.05324126289029413,0.751937984496124,0.3012489233419467,0.15207196860943664,0.07339407951403067,0.02071000446508591,0.14533322161442622,0.433041120980526,S+Q,,,,,,,,,,,,
b3_seed1,S+Q,smallK5_10,randomK5,5,__pooled_test__,10286,0.787478125607622,0.8442988490167508,0.06188418294709751,0.024377848146793307,0.0375063348003042,0.8307410795974383,0.38359229187117116,0.19950293477790404,0.10389422286503748,0.01574818573346842,0.12459883171484626,0.3765395428688354,S+Q,,,,,,,,,,,,
b3_seed1,S+V,smallK5_10,randomK5,5,val_select,5282,0.7870124952669444,0.8448537139496967,0.06332538756069059,0.024489234090560863,0.038836153470129725,0.8186666666666667,0.41116685071252035,0.21781068573832568,0.11300013285505502,0.015459750950224083,0.123151563188229,0.3782376455755318,S+V,,,,,,,,,,,,
b3_seed1,S+V,smallK5_10,randomK5,5,testA,5646,0.8184555437477861,0.8635704445769842,0.045745851297249514,0.017578184432274074,0.02816766686497544,0.8751219512195122,0.4744135164176524,0.2597080081780747,0.14664593223113426,0.015739626860756483,0.10804879902417579,0.3327172749160628,S+V,,,,,,,,,,,,
b3_seed1,S+V,smallK5_10,randomK5,5,testB,4640,0.7497844827586206,0.8150128778082547,0.08793017252901769,0.034300477075900726,0.053629695453116966,0.7433247200689064,0.30555555555555575,0.16642740932146652,0.07974069540777028,0.023415966622610133,0.14480587494814512,0.433010391649741,S+V,,,,,,,,,,,,
b3_seed1,S+V,smallK5_10,randomK5,5,__pooled_test__,10286,0.787478125607622,0.8429104401748501,0.06252894850068548,0.024377848146793307,0.03815110035389217,0.8206770356816102,0.38530771220919224,0.2066184642465445,0.10870940705168423,0.014466834908041189,0.12462986380030042,0.37795935751807197,S+V,,,,,,,,,,,,
b3_seed1,Full,smallK5_10,randomK5,5,val_select,5282,0.7870124952669444,0.8446796568037848,0.06324084226780605,0.024489234090560863,0.038751608177245184,0.8062222222222222,0.4189438923068834,0.21484784742672827,0.11674274832824041,0.01882590127847029,0.12334081760701225,0.37843864348477985,Full,,,,,,,,,,,,
b3_seed1,Full,smallK5_10,randomK5,5,testA,5646,0.8184555437477861,0.8636390602815355,0.04579730128070847,0.017578184432274074,0.028219116848434395,0.8751219512195122,0.4780718910133533,0.2532047110317621,0.14356523162547044,0.014155112605753306,0.10793146707245255,0.3325413109298266,Full,,,,,,,,,,,,
b3_seed1,Full,smallK5_10,randomK5,5,testB,4640,0.7497844827586206,0.8189464088579712,0.08671091767487382,0.034300477075900726,0.052410440598973096,0.7398794142980188,0.31632213608957793,0.16259929179825852,0.0888072895416838,0.017052084058315216,0.14338161599254204,0.4294192033114845,Full,,,,,,,,,,,,
b3_seed1,Full,smallK5_10,randomK5,5,__pooled_test__,10286,0.787478125607622,0.844946799498492,0.06206347009884125,0.024377848146793307,0.03768562195204794,0.8188472095150959,0.3881667461058934,0.20763496845635077,0.11304307281966658,0.014776560974511481,0.1239229789321857,0.376242790674226,Full,,,,,,,,,,,,
b3_seed1,S,smallK5_10,randomK10,10,val_select,5282,0.6700113593335858,0.8119770893204271,0.1329859627018959,0.061675481317947256,0.07131048138394863,0.6408491107286287,0.2585326092416451,0.12861446386543807,0.06575524897517526,0.0149819296546673,0.16372735977003305,0.48570041376632056,S,,,,,,,,,,,,
b3_seed1,S,smallK5_10,randomK10,10,testA,5646,0.7201558625575629,0.8290222406246303,0.09933179861560447,0.043425887165102706,0.055905911450501763,0.7113924050632912,0.3220236910910398,0.1653587494208897,0.08666001189363685,0.015388839763010493,0.14681668269329895,0.4419313846602275,S,,,,,,,,,,,,
b3_seed1,S,smallK5_10,randomK10,10,testB,4640,0.6146551724137931,0.7838782627521484,0.1816258914947933,0.08619592688948313,0.09542996460531017,0.53579418344519,0.19113534675615207,0.09644543872731798,0.04803956199222891,0.017228926673382133,0.1819626009355015,0.5336585955848722,S,,,,,,,,,,,,
b3_seed1,S,smallK5_10,randomK10,10,__pooled_test__,10286,0.6725646509819172,0.8128072984585635,0.13139083854933867,0.06065784747778169,0.07073299107155698,0.6549881235154392,0.2599645422927835,0.13010388652761748,0.0677245836910538,0.007366895569936549,0.16267095652606386,0.48330939931027134,S,,,,,,,,,,,,
b3_seed1,S+Q,smallK5_10,randomK10,10,val_select,5282,0.6700113593335858,0.8132996199872351,0.1324069893476442,0.061675481317947256,0.07073150802969694,0.6442914515203672,0.2585326092416451,0.12733957646802105,0.06756697118142886,0.015643917394715795,0.1632318061492504,0.48428726176594766,S+Q,,,,,,,,,,,,
b3_seed1,S+Q,smallK5_10,randomK10,10,testA,5646,0.7201558625575629,0.8296400530487463,0.09886174040674102,0.043425887165102706,0.055435853241638314,0.7253164556962025,0.3275614205687095,0.16887450869038892,0.08599382663608271,0.011644849013173662,0.14667897281873135,0.441076174048086,S+Q,,,,,,,,,,,,
b3_seed1,S+Q,smallK5_10,randomK10,10,testB,4640,0.6146551724137931,0.7865581984933059,0.18043691179850752,0.08619592688948313,0.09424098490902438,0.527964205816555,0.19742729306487689,0.09768829231916473,0.04921700223713642,0.016565804011921845,0.181219122594109,0.5318429136848364,S+Q,,,,,,,,,,,,
b3_seed1,S+Q,smallK5_10,randomK10,10,__pooled_test__,10286,0.6725646509819172,0.8141161066281015,0.13071191478538854,0.06065784747778169,0.07005406730760685,0.659144893111639,0.25848001780390245,0.1307636484642669,0.0667869952737131,0.00954079912707548,0.16225998535594235,0.48202092146345854,S+Q,,,,,,,,,,,,
b3_seed1,S+V,smallK5_10,randomK10,10,val_select,5282,0.6700113593335858,0.8195651860256592,0.13043325921272558,0.061675481317947256,0.06875777789477833,0.648881239242685,0.27861102988113623,0.1394510067434832,0.07662558221269755,0.016375105697171204,0.1606356496966738,0.4786694336979081,S+V,,,,,,,,,,,,
b3_seed1,S+V,smallK5_10,randomK10,10,testA,5646,0.7201558625575629,0.8326783701831177,0.09831833642182768,0.043425887165102706,0.05489244925672497,0.7215189873417719,0.3315169416241877,0.18153124206058585,0.09332186446917558,0.020859852357019,0.14512391682876202,0.43805547837880343,S+V,,,,,,,,,,,,
b3_seed1,S+V,smallK5_10,randomK10,10,testB,4640,0.6146551724137931,0.7924181311595772,0.17818697854535234,0.08619592688948313,0.09199105165586921,0.5369127516778522,0.2037192393736017,0.10638826746209311,0.05745908395148953,0.01616451544178727,0.17888053861329295,0.526104378045874,S+V,,,,,,,,,,,,
b3_seed1,S+V,smallK5_10,randomK10,10,__pooled_test__,10286,0.6725646509819172,0.8182840780256537,0.12954719745914273,0.06065784747778169,0.06888934998136104,0.6615201900237528,0.2725830004482726,0.13967043460903542,0.07272505525020335,0.012231536675968045,0.1603514810014456,0.47777421204156906,S+V,,,,,,,,,,,,
b3_seed1,Full,smallK5_10,randomK10,10,val_select,5282,0.6700113593335858,0.8204141800317971,0.12994439088220305,0.061675481317947256,0.0682689095642558,0.6580608146873206,0.28649898084665054,0.14072589414090023,0.07722948961478186,0.025052143004264612,0.16026966671194556,0.47741526575808096,Full,,,,,,,,,,,,
b3_seed1,Full,smallK5_10,randomK10,10,testA,5646,0.7201558625575629,0.83389391496012,0.09765061889007831,0.043425887165102706,0.054224731724975606,0.7278481012658229,0.3275614205687095,0.18153124206058585,0.09465423498428309,0.015984704203520224,0.14471773626301118,0.4364698100711237,Full,,,,,,,,,,,,
b3_seed1,Full,smallK5_10,randomK10,10,testB,4640,0.6146551724137931,0.7953708453740223,0.17693701018705071,0.08619592688948313,0.09074108329756758,0.540268456375839,0.21071029082774057,0.11260253542132742,0.05922524431885078,0.018798629125932467,0.17782417359916064,0.5236068821337894,Full,,,,,,,,,,,,
b3_seed1,Full,smallK5_10,randomK10,10,__pooled_test__,10286,0.6725646509819172,0.8201655514651098,0.12866786518778137,0.06065784747778169,0.06801001770999968,0.6627078384798099,0.2725830004482726,0.14626805397553075,0.07397517313999073,0.012238185482022856,0.159652003153905,0.475777219595795,Full,,,,,,,,,,,,
b3_seed1,S,smallK5_10,randomK20,20,val_select,5282,0.5617190458159788,0.801213929174847,0.20833880765496643,0.11430754390305176,0.09403126375191467,0.5187904967602593,0.1771837202384907,0.07995231479504375,0.04378397595868711,0.021422011351519728,0.17899810229062657,0.5267028648974993,S,,,,,,,,,,,,
b3_seed1,S,smallK5_10,randomK20,20,testA,5646,0.6115834218916046,0.8161331060350648,0.1685357572298534,0.08769861740256002,0.08083713982729337,0.5850433196534429,0.2350999885824249,0.11952434250655881,0.060700051312341186,0.02315915195668338,0.170280938712532,0.5051173655195735,S,,,,,,,,,,,,
b3_seed1,S,smallK5_10,randomK20,20,testB,4640,0.49698275862068964,0.7750298948163243,0.2768787823462269,0.155526924188291,0.12135185815793592,0.3856041131105399,0.14363753213367608,0.06360087594020769,0.03801921255581114,0.0261454726409808,0.1906340400596933,0.5584251718119101,S,,,,,,,,,,,,
b3_seed1,S,smallK5_10,randomK20,20,__pooled_test__,10286,0.5598872253548512,0.8019464774510123,0.21140574950238217,0.1153670428396324,0.09603870666274977,0.5056328694499669,0.19043275352811515,0.09487249709300415,0.04412733134101204,0.018265209903011236,0.1794621938409423,0.5291644412726788,S,,,,,,,,,,,,
b3_seed1,S+Q,smallK5_10,randomK20,20,val_select,5282,0.5617190458159788,0.8040211949879197,0.20708249535385717,0.11430754390305176,0.09277495145080542,0.51792656587473,0.17556400315234608,0.08235202185087284,0.046966815791444606,0.026956820588779525,0.17788319875270323,0.5241044264894972,S+Q,,,,,,,,,,,,
b3_seed1,S+Q,smallK5_10,randomK20,20,testA,5646,0.6115834218916046,0.8189036833491605,0.1673159020973121,0.08769861740256002,0.07961728469475207,0.5823073415412677,0.23737986939141903,0.1139517117629295,0.05974011268312556,0.024971574218000357,0.16891820247747755,0.5021598200073198,S+Q,,,,,,,,,,,,
b3_seed1,S+Q,smallK5_10,randomK20,20,testB,4640,0.49698275862068964,0.779386474388559,0.2748035917480522,0.155526924188291,0.11927666755976118,0.3924592973436162,0.14792202227934884,0.07216985623155299,0.03621521670500169,0.026095549917466366,0.18920715567000823,0.5550645560258655,S+Q,,,,,,,,,,,,
b3_seed1,S+Q,smallK5_10,randomK20,20,__pooled_test__,10286,0.5598872253548512,0.8053307367310482,0.20981904063090911,0.1153670428396324,0.09445199779127672,0.5104925999558207,0.19208943957137273,0.09389079698139148,0.046685005715920415,0.023428106130985744,0.1780705204643862,0.5260250713320381,S+Q,,,,,,,,,,,,
b3_seed1,S+V,smallK5_10,randomK20,20,val_select,5282,0.5617190458159788,0.8138313383867612,0.2031869053170718,0.11430754390305176,0.08887936141402003,0.545572354211663,0.19877994805375346,0.09003108442952686,0.049240272814842924,0.02281606076358536,0.17420828327226978,0.5158622115522681,S+V,,,,,,,,,,,,
b3_seed1,S+V,smallK5_10,randomK20,20,testA,5646,0.6115834218916046,0.8263773750800437,0.16465446226505592,0.08769861740256002,0.0769558448624959,0.6096671226630187,0.25276906485213047,0.12611017883993883,0.06309989788538081,0.027950347427625852,0.16585204646297477,0.49527380560664114,S+V,,,,,,,,,,,,
b3_seed1,S+V,smallK5_10,randomK20,20,testB,4640,0.49698275862068964,0.786217133352805,0.2712344104457626,0.155526924188291,0.11570748625747157,0.40274207369323045,0.15113538988860317,0.07502618299533467,0.037568213593108774,0.03120106635287345,0.1870401251261965,0.5496645907841374,S+V,,,,,,,,,,,,
b3_seed1,S+V,smallK5_10,randomK20,20,__pooled_test__,10286,0.5598872253548512,0.8122349233111297,0.20687292908811533,0.1153670428396324,0.09150588624848294,0.5180030925557765,0.20258178451200426,0.09904472256735863,0.05040525935215096,0.021134570031876337,0.17540995867348896,0.5198094115976564,S+V,,,,,,,,,,,,
b3_seed1,Full,smallK5_10,randomK20,20,val_select,5282,0.5617190458159788,0.8167550761763124,0.20168540594621304,0.11430754390305176,0.08737786204316128,0.5490280777537798,0.19554051388146398,0.09531043995235126,0.053332495456959846,0.023024521279992657,0.17286359699993606,0.5124401752262803,Full,,,,,,,,,,,,
b3_seed1,Full,smallK5_10,randomK20,20,testA,5646,0.6115834218916046,0.8297481561068449,0.16308891616083193,0.08769861740256002,0.07539029875827191,0.6187870497036023,0.2550489456611246,0.12408376766043717,0.061180020626949286,0.02130489374773128,0.16407549909729233,0.4912952665384442,Full,,,,,,,,,,,,
b3_seed1,Full,smallK5_10,randomK20,20,testB,4640,0.49698275862068964,0.7903516849231281,0.2692149898496127,0.155526924188291,0.11368806566132167,0.4241645244215938,0.15916880891173948,0.07883461868037708,0.0398232084066208,0.023737358472401698,0.18541697984598376,0.5456145873115842,Full,,,,,,,,,,,,
b3_seed1,Full,smallK5_10,randomK20,20,__pooled_test__,10286,0.5598872253548512,0.8160285647731178,0.20500076942743242,0.1153670428396324,0.08963372658780003,0.523746410426331,0.2039623562147188,0.10076269776268094,0.049475195943093325,0.01822134313139051,0.17370261077082216,0.5157986350380912,Full,,,,,,,,,,,,
b3_seed1,S,smallK5_10,randomK50,50,val_select,5282,0.4299507762211284,0.7935706460722837,0.3263430829515655,0.20713441598699367,0.11920866696457183,0.3729657920956494,0.12122234249776392,0.056462442367049476,0.027095548023131417,0.03827645226783885,0.17886694884032234,0.5343439729987183,S,,,,,,,,,,,,
b3_seed1,S,smallK5_10,randomK50,50,testA,5646,0.4822883457314913,0.8068300732385858,0.27031900860083447,0.166020666799799,0.10429834180103548,0.44509066028053373,0.14731794760827152,0.0760204557672914,0.037092227730236405,0.04348262080739757,0.17767484328723052,0.5303475408850052,S,,,,,,,,,,,,
b3_seed1,S,smallK5_10,randomK50,50,testB,4640,0.35560344827586204,0.7663912029998986,0.42218207936119667,0.27672425016436136,0.1454578291968353,0.26622073578595307,0.08653846153846158,0.03976217019695275,0.020242914979757075,0.03919005283506457,0.17738523549163113,0.5351215740493287,S,,,,,,,,,,,,
b3_seed1,S,smallK5_10,randomK50,50,__pooled_test__,10286,0.42514096830643594,0.794674081445229,0.3301177127175744,0.21122130479937307,0.11889640791820133,0.35565702688990347,0.11975756871772796,0.058820419668399,0.029465384242895888,0.03838037572211208,0.1775442016217064,0.5325011004691451,S,,,,,,,,,,,,
b3_seed1,S+Q,smallK5_10,randomK50,50,val_select,5282,0.4299507762211284,0.7985906951189248,0.32423745877019644,0.20713441598699367,0.11710304278320277,0.38027233477250094,0.12288276320159422,0.06052146197360494,0.02884348990595012,0.03569709708471957,0.17742175227873858,0.5309448408468306,S+Q,,,,,,,,,,,,
b3_seed1,S+Q,smallK5_10,randomK50,50,testA,5646,0.4822883457314913,0.8100868804392933,0.26897624241947654,0.166020666799799,0.10295557561967755,0.44303797468354444,0.14860081930194016,0.0760204557672914,0.03601192731258167,0.04311596671514386,0.1762654920047858,0.5271943836216015,S+Q,,,,,,,,,,,,
b3_seed1,S+Q,smallK5_10,randomK50,50,testB,4640,0.35560344827586204,0.7703131650957737,0.42018213166445906,0.27672425016436136,0.1434578815000977,0.26555183946488287,0.08528428093645478,0.04162021553325902,0.020947016370357282,0.041549595757156665,0.1762180718034872,0.532482223345761,S+Q,,,,,,,,,,,,
b3_seed1,S+Q,smallK5_10,randomK50,50,__pooled_test__,10286,0.42514096830643594,0.7982963891898648,0.3284715587103149,0.21122130479937307,0.11725025391094185,0.3671571114493488,0.12229429042171144,0.05844462426798696,0.029109355403659973,0.0397667559107858,0.17624410081928849,0.5295797206155837,S+Q,,,,,,,,,,,,
b3_seed1,S+V,smallK5_10,randomK50,50,val_select,5282,0.4299507762211284,0.8102334592623174,0.3181464893909858,0.20713441598699367,0.1110120734039921,0.394885420126204,0.13076976154478853,0.06273547266808989,0.03164019691845996,0.044999457136743984,0.17385866780183526,0.5223653694461945,S+V,,,,,,,,,,,,
b3_seed1,S+V,smallK5_10,randomK50,50,testA,5646,0.4822883457314913,0.8202359771784782,0.26416755596626995,0.166020666799799,0.09814688916647096,0.46698597331508734,0.15501517777028315,0.07678061993366952,0.03961292870476476,0.0476621657367202,0.17309143017783538,0.5198147852095768,S+V,,,,,,,,,,,,
b3_seed1,S+V,smallK5_10,randomK50,50,testB,4640,0.35560344827586204,0.7836598763555286,0.4129752015099857,0.27672425016436136,0.13625095134562432,0.28494983277591973,0.09322742474916372,0.04310665180230382,0.020242914979757075,0.04774265018673516,0.17345891271157968,0.5253990864596156,S+V,,,,,,,,,,,,
b3_seed1,S+V,smallK5_10,randomK50,50,__pooled_test__,10286,0.42514096830643594,0.8091003520867349,0.3229436000278233,0.21122130479937307,0.11172229522845023,0.3850837138508371,0.12842470120633812,0.06088729437066448,0.029643398662513747,0.044127127639399494,0.1732572010272009,0.522333855577084,S+V,,,,,,,,,,,,
b3_seed1,Full,smallK5_10,randomK50,50,val_select,5282,0.4299507762211284,0.8152956260042256,0.3157900621540419,0.20713441598699367,0.1086556461670482,0.39754234473596817,0.13907186506394062,0.06642549049223113,0.034436903930969806,0.04458479705767388,0.17195582450456515,0.5176628810269016,Full,,,,,,,,,,,,
b3_seed1,Full,smallK5_10,randomK50,50,testA,5646,0.4822883457314913,0.8246443889930922,0.2621011992541242,0.166020666799799,0.09608053245432518,0.47109134450906615,0.15800854505550982,0.07982127659918244,0.03889272842632806,0.04693229905853227,0.1709918652292633,0.5147824368531805,Full,,,,,,,,,,,,
b3_seed1,Full,smallK5_10,randomK50,50,testB,4640,0.35560344827586204,0.7882807337589947,0.4109833368031527,0.27672425016436136,0.13425908663879133,0.29297658862876247,0.09197324414715709,0.04459308807134897,0.022707269846857798,0.04710484903136046,0.1720129156848347,0.5220483958564996,Full,,,,,,,,,,,,
b3_seed1,Full,smallK5_10,randomK50,50,__pooled_test__,10286,0.42514096830643594,0.8136610318325221,0.32081743157305925,0.21122130479937307,0.10959612677368619,0.39556908506680194,0.13307535766364118,0.06182678287169421,0.03195758611754729,0.043790521605631606,0.17145245964048744,0.5180601006462392,Full,,,,,,,,,,,,
b3_seed1,S,smallK5_10,rand5,5,testA,5385,0.81652739090065,0.8653026677187887,0.04584088182911209,0.017966736241159187,0.027874145587952905,0.8927324702971117,0.46356275303643724,0.25108940878326164,0.13598937840481382,0.016187004648850697,0.1084861913425087,0.33255640825266786,S,,,,,,,,,,,,
b3_seed1,S,smallK5_10,rand5,5,testB,4102,0.7374451487079473,0.7993501998971738,0.09913352263690556,0.03795592547383306,0.0611775971630725,0.7103064066852369,0.26773085460379564,0.13653702803924475,0.07249606808942145,0.028110825354126092,0.15355899328084519,0.45578910934357636,S,,,,,,,,,,,,
b3_seed1,S,smallK5_10,rand5,5,__pooled_test__,9487,0.7823337198271318,0.8388231310226844,0.06545871932344033,0.02562378825484743,0.0398349310685929,0.8189052872699656,0.37291440566311634,0.1881214436425721,0.09828912716606003,0.015675478269668378,0.12797482142062153,0.38583990565700077,S,,,,,,,,,,,,
b3_seed1,S+Q,smallK5_10,rand5,5,testA,5385,0.81652739090065,0.8654810650250124,0.04588411267194839,0.017966736241159187,0.027917376430789204,0.8927324702971117,0.47874493927125483,0.25108940878326164,0.1295971913153303,0.016106129938004782,0.10844069429746934,0.332545956850129,S+Q,,,,,,,,,,,,
b3_seed1,S+Q,smallK5_10,rand5,5,testB,4102,0.7374451487079473,0.802470590943622,0.09810607837469806,0.03795592547383306,0.060150152900865006,0.7177344475394617,0.28281722368485834,0.142726726762978,0.0676093245071741,0.025776660783607533,0.15253711238938686,0.45327027670195935,S+Q,,,,,,,,,,,,
b3_seed1,S+Q,smallK5_10,rand5,5,__pooled_test__,9487,0.7823337198271318,0.8403171514827654,0.06513088195249356,0.02562378825484743,0.03950709369764613,0.8189052872699656,0.37533558556403074,0.192425637446985,0.09828912716606003,0.016264416048439253,0.1275071544021437,0.38474487748175207,S+Q,,,,,,,,,,,,
b3_seed1,S+V,smallK5_10,rand5,5,testA,5385,0.81652739090065,0.863297712186907,0.0465075225734807,0.017966736241159187,0.028540786332321516,0.8745172294041683,0.47241902834008104,0.2555873702920707,0.14344693000921147,0.018733373684982416,0.10884336882983647,0.3350116129521195,S+V,,,,,,,,,,,,
b3_seed1,S+V,smallK5_10,rand5,5,testB,4102,0.7374451487079473,0.8031909881289471,0.09854756946533955,0.03795592547383306,0.06059164399150649,0.7065923862581244,0.28745918340210863,0.14994804194066624,0.07445076552232048,0.024942161023536347,0.15196955214172223,0.4531984073237598,S+V,,,,,,,,,,,,
b3_seed1,S+V,smallK5_10,rand5,5,__pooled_test__,9487,0.7823337198271318,0.8389683703249876,0.06580346598640552,0.02562378825484743,0.04017967773155809,0.803410552490925,0.37473029058880225,0.20157204928136319,0.10338641870271321,0.015080244260763749,0.12749031770148775,0.3861133553904528,S+V,,,,,,,,,,,,
b3_seed1,Full,smallK5_10,rand5,5,testA,5385,0.81652739090065,0.8632624931058074,0.0465824492185865,0.017966736241159187,0.028615712977427314,0.8745172294041683,0.47747975708502044,0.2544628799148687,0.14131620097938322,0.017007015593713034,0.10877014894793686,0.33496019223077445,Full,,,,,,,,,,,,
b3_seed1,Full,smallK5_10,rand5,5,testB,4102,0.7374451487079473,0.8073362646469762,0.09723427364898111,0.03795592547383306,0.05927834817514806,0.7084493964716805,0.28978016326073336,0.14994804194066624,0.08031485782101756,0.020197914796594687,0.15046111785856198,0.44961074917669924,Full,,,,,,,,,,,,
b3_seed1,Full,smallK5_10,rand5,5,__pooled_test__,9487,0.7823337198271318,0.8409660958227063,0.06535626618829593,0.02562378825484743,0.0397324779334485,0.8082526571093754,0.3765461755144882,0.20157204928136319,0.1089934393930317,0.016215200057180013,0.12679653816174358,0.38453293225314017,Full,,,,,,,,,,,,
b3_seed1,S,smallK5_10,hard5,5,testA,5385,0.6720519962859796,0.8246534193981243,0.12705402573993113,0.060861391002637766,0.06619263473729337,0.6965455930164146,0.279445073612684,0.128691878620557,0.06543280822627391,0.018099290988602742,0.15775763767478088,0.4719147129117659,S,,,,,,,,,,,,
b3_seed1,S,smallK5_10,hard5,5,testB,4102,0.5321794246708923,0.7844939471404526,0.24099435696760274,0.13213532113948318,0.10885903582811957,0.4622199062011463,0.14809758662770922,0.06900996309358937,0.031867086064386076,0.018007439395125932,0.1859442405573977,0.5469828607012436,S,,,,,,,,,,,,
b3_seed1,S,smallK5_10,hard5,5,__pooled_test__,9487,0.6115737324760199,0.8138533617519248,0.16843611535637476,0.08770338180285836,0.0807327335535164,0.599499474877643,0.2089969126698523,0.10153604429385611,0.05109733701403108,0.014958508456799845,0.16994499353274378,0.5043727652183366,S,,,,,,,,,,,,
b3_seed1,S+Q,smallK5_10,hard5,5,testA,5385,0.6720519962859796,0.8329716354824184,0.12370573886537978,0.060861391002637766,0.06284434786274201,0.710133103776874,0.28652321630804073,0.13938663534506998,0.06781690820528864,0.016465540626674966,0.1542475556528458,0.46308131257691715,S+Q,,,,,,,,,,,,
b3_seed1,S+Q,smallK5_10,hard5,5,testB,4102,0.5321794246708923,0.7896916267801528,0.2385595010646901,0.13213532113948318,0.10642417992520692,0.47159979155810305,0.15070279278481089,0.06958893699713807,0.03077005160100293,0.02313950526277333,0.1842156997060203,0.5432661226588242,S+Q,,,,,,,,,,,,
b3_seed1,S+Q,smallK5_10,hard5,5,__pooled_test__,9487,0.6115737324760199,0.8205135364822966,0.1654295229103418,0.08770338180285836,0.07772614110748344,0.6103531476451867,0.22052954773384228,0.10244053820899643,0.05052605305076439,0.015517485509332003,0.16720521633653104,0.4977517132258033,S+Q,,,,,,,,,,,,
b3_seed1,S+V,smallK5_10,hard5,5,testA,5385,0.6720519962859796,0.8480286971648625,0.11945473953200339,0.060861391002637766,0.058593348529365624,0.7327789550443057,0.32191392978482447,0.16643807882472042,0.08569765804789825,0.02357968210110977,0.14788017116791072,0.4495665457733904,S+V,,,,,,,,,,,,
b3_seed1,S+V,smallK5_10,hard5,5,testB,4102,0.5321794246708923,0.819771520754554,0.22590685455509257,0.13213532113948318,0.0937715334156094,0.5132881709223553,0.19368869437699077,0.09332686704263744,0.04174039623483436,0.03557189764661944,0.1740207359988158,0.5199446033527949,S+V,,,,,,,,,,,,
b3_seed1,S+V,smallK5_10,hard5,5,__pooled_test__,9487,0.6115737324760199,0.840650559368243,0.1584807585346547,0.08770338180285836,0.07077737673179635,0.6358592786489139,0.26123296560674875,0.13108284552177626,0.06566507807733146,0.02629335630758648,0.15918285873367152,0.47999669146651963,S+V,,,,,,,,,,,,
b3_seed1,Full,smallK5_10,hard5,5,testA,5385,0.6720519962859796,0.8569832615518261,0.11579365485454365,0.060861391002637766,0.05493226385190589,0.7407050029879066,0.33536240090600217,0.17272911219208106,0.08748573303215922,0.03045818899946265,0.1435333485746857,0.43852070430087364,Full,,,,,,,,,,,,
b3_seed1,Full,smallK5_10,hard5,5,testB,4102,0.5321794246708923,0.8271989939790083,0.2225925667446546,0.13213532113948318,0.09045724560517143,0.5299635226680564,0.20476082054467346,0.0915899453319911,0.0444829823932921,0.04113476696930756,0.17105193517508493,0.5133895278936106,Full,,,,,,,,,,,,
b3_seed1,Full,smallK5_10,hard5,5,__pooled_test__,9487,0.6115737324760199,0.848792326793222,0.15485490846276417,0.08770338180285836,0.06715152665990581,0.6488836859699663,0.2683560637345073,0.1368113069843321,0.06366558420589805,0.02921938021647314,0.15543186678221574,0.47089257258140554,Full,,,,,,,,,,,,
b3_seed1,S,smallK5_10,expb_m0,10,testA,4325,0.8060115606936417,0.8542099609061138,0.05227396927465568,0.020166248371088324,0.03210772090356735,0.8617721270671502,0.4383194278903457,0.2213952061507055,0.11805127904646057,0.017690789571863322,0.11554360477582777,0.352751726547725,S,,,,,,,,,,,,
b3_seed1,S,smallK5_10,expb_m0,10,testB,3085,0.6538087520259319,0.8014057477731418,0.14657364082144672,0.06836149642038819,0.07821214440105853,0.6143572155026565,0.23220973782771534,0.11376758526095172,0.0627647503057207,0.027815701057029078,0.17107001672046854,0.5031501048975229,S,,,,,,,,,,,,
b3_seed1,S,smallK5_10,expb_m0,10,__pooled_test__,7410,0.7426450742240216,0.8396973915453086,0.08292257983934187,0.036390507707051684,0.046532072132290186,0.7745149449396959,0.34452018877818547,0.17846530326865934,0.08984468107927722,0.02258569366238741,0.13866087614549266,0.415366975833707,S,,,,,,,,,,,,
b3_seed1,S+Q,smallK5_10,expb_m0,10,testA,4325,0.8060115606936417,0.8510425150286144,0.05315870711964733,0.020166248371088324,0.03299245874855901,0.8641553662556475,0.4189511323003573,0.21477441708736103,0.11805127904646057,0.021373953808488284,0.11672486819968111,0.3561044071166089,S+Q,,,,,,,,,,,,
b3_seed1,S+Q,smallK5_10,expb_m0,10,testB,3085,0.6538087520259319,0.800968917757117,0.14687120220101088,0.06836149642038819,0.07850970578062269,0.6068690060949411,0.2357209737827714,0.1200086586041844,0.05980817223097534,0.02714381123012262,0.17109989256629143,0.5033296153791116,S+Q,,,,,,,,,,,,
b3_seed1,S+Q,smallK5_10,expb_m0,10,__pooled_test__,7410,0.7426450742240216,0.837778049461699,0.08365186631540278,0.036390507707051684,0.047261358608351095,0.7640272679601467,0.33862087047718914,0.17904795198974555,0.09094856867044837,0.023750063989301327,0.13936278320251416,0.4173985727697561,S+Q,,,,,,,,,,,,
b3_seed1,S+V,smallK5_10,expb_m0,10,testA,4325,0.8060115606936417,0.854200387451389,0.05255373149179975,0.020166248371088324,0.03238748312071143,0.849855931124663,0.43980929678188335,0.23596094209006285,0.13059678005575684,0.019897436843864705,0.11497839140680469,0.3523490052131536,S+V,,,,,,,,,,,,
b3_seed1,S+V,smallK5_10,expb_m0,10,testB,3085,0.6538087520259319,0.8055164064255328,0.1451808285142933,0.06836149642038819,0.0768193320939051,0.623717477262301,0.24157303370786526,0.12208901638526197,0.05980817223097534,0.03475203259285641,0.16984146560054353,0.5006185397453187,S+V,,,,,,,,,,,,
b3_seed1,S+V,smallK5_10,expb_m0,10,__pooled_test__,7410,0.7426450742240216,0.8416173053721663,0.08268980459977988,0.036390507707051684,0.0462992968927282,0.7682223387519665,0.3536969061352911,0.18778768280603605,0.09922772560423322,0.022788211191765384,0.13781949584508868,0.4140779544751953,S+V,,,,,,,,,,,,
b3_seed1,Full,smallK5_10,expb_m0,10,testA,4325,0.8060115606936417,0.851263388305478,0.05332998057692678,0.020166248371088324,0.03316373220583846,0.8427062135591707,0.4204410011918949,0.2306643108393874,0.11805127904646057,0.024320141321535402,0.11629650496593494,0.35582469920050824,Full,,,,,,,,,,,,
b3_seed1,Full,smallK5_10,expb_m0,10,testB,3085,0.6538087520259319,0.8050336187351333,0.14557280794275865,0.06836149642038819,0.07721131152237046,0.612485163150728,0.24508426966292132,0.13041044750957254,0.06177922428080559,0.03147063567300338,0.16965938605127487,0.5001170977607191,Full,,,,,,,,,,,,
b3_seed1,Full,smallK5_10,expb_m0,10,__pooled_test__,7410,0.7426450742240216,0.8396951045723166,0.08338232273071525,0.036390507707051684,0.04699181502366356,0.7608809648662821,0.3464866282118512,0.18545708792169208,0.09977966939981879,0.025461771932201574,0.13851303508041182,0.4158978502879915,Full,,,,,,,,,,,,
b3_seed1,S,smallK5_10,expb_m2,10,testA,4325,0.6735260115606937,0.7906814134936774,0.1410087413520883,0.06027720379415813,0.08073153755793017,0.6077394213000251,0.23070113314447563,0.11563138312464663,0.05775824090971423,0.034476958625180416,0.17202131010827557,0.5086820659301172,S,,,,,,,,,,,,
b3_seed1,S,smallK5_10,expb_m2,10,testB,3085,0.49303079416531603,0.7325667425018202,0.3081673040599864,0.15830589217310304,0.14986141188688334,0.3275836920470801,0.1216432225063939,0.051037615340479396,0.028888868528587127,0.05092250733124278,0.20900457332520606,0.6021291262106273,S,,,,,,,,,,,,
b3_seed1,S,smallK5_10,expb_m2,10,__pooled_test__,7410,0.5983805668016194,0.7796869770977927,0.19517497345938703,0.09433406115291154,0.10084091230647549,0.5047043010752688,0.18262768817204308,0.09012843488649928,0.04364461143695026,0.040028510048052066,0.1874185256311137,0.5475868136987238,S,,,,,,,,,,,,
b3_seed1,S+Q,smallK5_10,expb_m2,10,testA,4325,0.6735260115606937,0.7975608024592308,0.13812346206545084,0.06027720379415813,0.07784625827129271,0.6318131752274605,0.24309490084985833,0.1179917975824989,0.06074001862835447,0.03102311090942702,0.16934143072875432,0.5020269133590922,S+Q,,,,,,,,,,,,
b3_seed1,S+Q,smallK5_10,expb_m2,10,testB,3085,0.49303079416531603,0.7379399405761791,0.30465137128363395,0.15830589217310304,0.14634547911053092,0.3275836920470801,0.1216432225063939,0.05458912127109156,0.030234829902767886,0.05507206893675947,0.20771382938739724,0.5990906737876119,S+Q,,,,,,,,,,,,
b3_seed1,S+Q,smallK5_10,expb_m2,10,__pooled_test__,7410,0.5983805668016194,0.7850532420543115,0.1923169410497907,0.09433406115291154,0.09798287989687915,0.5248655913978494,0.18640793010752696,0.0949820788530466,0.04329092971041044,0.04103231953142765,0.185316984016462,0.5424373993134759,S+Q,,,,,,,,,,,,
b3_seed1,S+V,smallK5_10,expb_m2,10,testA,4325,0.6735260115606937,0.7953571418151901,0.13989370873097787,0.06027720379415813,0.07961650493681974,0.6148199371610357,0.24663597733711026,0.12585984577533993,0.06595812963597474,0.03410079289667452,0.17021430583347472,0.5053885001832674,S+V,,,,,,,,,,,,
b3_seed1,S+V,smallK5_10,expb_m2,10,testB,3085,0.49303079416531603,0.7447066726527675,0.3016771539173513,0.15830589217310304,0.14337126174424825,0.3544292100452004,0.1216432225063939,0.05956122957394829,0.030234829902767886,0.04706566059658061,0.20493138519760695,0.5929479065722467,S+V,,,,,,,,,,,,
b3_seed1,S+V,smallK5_10,expb_m2,10,__pooled_test__,7410,0.5983805668016194,0.787169556118168,0.19246381105959703,0.09433406115291154,0.09812974990668549,0.5067204301075268,0.1994287634408602,0.09722222222222225,0.04824247388196489,0.03869292088129896,0.18466804265376457,0.5418420452183553,S+V,,,,,,,,,,,,
b3_seed1,Full,smallK5_10,expb_m2,10,testA,4325,0.6735260115606937,0.8015993071986572,0.13720567680392368,0.06027720379415813,0.07692847300976555,0.6303970720552586,0.2537181303116145,0.12271262649820346,0.06372179634699472,0.02940183361054413,0.1675363739940192,0.4986918437609778,Full,,,,,,,,,,,,
b3_seed1,Full,smallK5_10,expb_m2,10,testB,3085,0.49303079416531603,0.7502951013181193,0.29801409374761223,0.15830589217310304,0.1397082015745092,0.35315085204528984,0.11924552429667531,0.06027153076007068,0.030907810589858264,0.05314297689849833,0.20348688135422072,0.5895381467359605,Full,,,,,,,,,,,,
b3_seed1,Full,smallK5_10,expb_m2,10,__pooled_test__,7410,0.5983805668016194,0.7922539085803251,0.18971779178264708,0.09433406115291154,0.09538373062973554,0.5235215053763441,0.20152889784946246,0.09684886499402623,0.048949837335043975,0.03814752331503674,0.18250362300970363,0.5365138201007648,Full,,,,,,,,,,,,
b3_seed1,S,smallK5_10,expb_m4,10,testA,4325,0.6369942196531792,0.7999299478654907,0.15922756490140957,0.07572476476738776,0.08350280013402181,0.5860829645073043,0.22452229299363052,0.1154710152633914,0.05335964396935113,0.03148308113824879,0.17435348202984907,0.5144316876274232,S,,,,,,,,,,,,
b3_seed1,S,smallK5_10,expb_m4,10,testB,3085,0.4554294975688817,0.7505388917132689,0.3323425788291048,0.18636866509784206,0.14597391373126273,0.3299790914421504,0.10714285714285714,0.04779052420391996,0.02201324917548034,0.043136370879636864,0.19952377187358192,0.5839240001356792,S,,,,,,,,,,,,
b3_seed1,S,smallK5_10,expb_m4,10,__pooled_test__,7410,0.5614035087719298,0.7917079881656804,0.21632195151945222,0.11448961962957277,0.10183233188987945,0.4978461538461538,0.17961538461538468,0.08307692307692309,0.042011363636363715,0.035501293564827376,0.18483261079744903,0.5433633723896324,S,,,,,,,,,,,,
b3_seed1,S+Q,smallK5_10,expb_m4,10,testA,4325,0.6369942196531792,0.8060936109216595,0.15650300124856215,0.07572476476738776,0.08077823648117438,0.6039132368054514,0.229299363057325,0.11688626163896981,0.05335964396935113,0.030817604901071396,0.1717013655576082,0.5080449953537776,S+Q,,,,,,,,,,,,
b3_seed1,S+Q,smallK5_10,expb_m4,10,testB,3085,0.4554294975688817,0.7554202677512286,0.32929969331405484,0.18636866509784206,0.14293102821621279,0.35140071906922193,0.1034226190476189,0.048451780784333896,0.02514581404038933,0.05131412623125508,0.19839465633251838,0.5813068651764663,S+Q,,,,,,,,,,,,
b3_seed1,S+Q,smallK5_10,expb_m4,10,__pooled_test__,7410,0.5614035087719298,0.7965534023668639,0.2137040606890746,0.11448961962957277,0.09921444105950183,0.5101538461538462,0.18076923076923077,0.0823931623931625,0.0426590909090909,0.03593414777647212,0.1828145642135593,0.5385460572165298,S+Q,,,,,,,,,,,,
b3_seed1,S+V,smallK5_10,expb_m4,10,testA,4325,0.6369942196531792,0.8134252719433109,0.1544321039395327,0.07572476476738776,0.07870733917214492,0.6064604185623294,0.2515923566878981,0.1296234790191771,0.06140474614524896,0.03211829180093774,0.16922579188096823,0.5032768549900949,S+V,,,,,,,,,,,,
b3_seed1,S+V,smallK5_10,expb_m4,10,testB,3085,0.4554294975688817,0.771435349940688,0.32125894300167124,0.18636866509784206,0.13489027790382918,0.3692520754251149,0.12648809523809526,0.05374183342764541,0.028904891878279666,0.05014295937998921,0.192781148222762,0.5686899568912508,S+V,,,,,,,,,,,,
b3_seed1,S+V,smallK5_10,expb_m4,10,__pooled_test__,7410,0.5614035087719298,0.8070166420118343,0.20978913146574535,0.11448961962957277,0.09529951183617258,0.5298461538461539,0.196923076923077,0.09504273504273508,0.04330681818181835,0.0375666049567976,0.17903257653878654,0.5305102449179041,S+V,,,,,,,,,,,,
b3_seed1,Full,smallK5_10,expb_m4,10,testA,4325,0.6369942196531792,0.8196263886159502,0.1514203388269054,0.07572476476738776,0.07569557405951763,0.6242906908604763,0.25238853503184716,0.13033110220696645,0.06341602168922364,0.027700774967686068,0.16606082785505422,0.49539979885104773,Full,,,,,,,,,,,,
b3_seed1,Full,smallK5_10,expb_m4,10,testB,3085,0.4554294975688817,0.777138196915777,0.317952310829027,0.18636866509784206,0.13158364573118492,0.3871034317810079,0.12276785714285701,0.057709372910129036,0.031410943770206694,0.050767748568658455,0.19119273919407767,0.5649455083611449,Full,,,,,,,,,,,,
b3_seed1,Full,smallK5_10,expb_m4,10,__pooled_test__,7410,0.5614035087719298,0.8123204142011834,0.20683722035088603,0.11448961962957277,0.09234760072131326,0.5415384615384615,0.19653846153846163,0.09470085470085465,0.045573863636363766,0.03766684326315251,0.17652397852723875,0.5243537143488411,Full,,,,,,,,,,,,
b3_seed1,S,smallK5_10,expb_m8,10,testA,4325,0.6117919075144509,0.8304258239593899,0.15929123703262613,0.08759613973812846,0.07169509729449766,0.635581578427817,0.2242406194163192,0.11731277424530849,0.057140219083575826,0.022969687633401438,0.1628558486798897,0.48599151637728877,S,,,,,,,,,,,,
b3_seed1,S,smallK5_10,expb_m8,10,testB,3085,0.4421393841166937,0.7844642939299085,0.3230968379503881,0.1970173570227507,0.12607948092763743,0.3773081785258764,0.11679256246368394,0.05175575831773275,0.02268344695773483,0.05036549779583892,0.18433113697867806,0.550364037895574,S,,,,,,,,,,,,
b3_seed1,S,smallK5_10,expb_m8,10,__pooled_test__,7410,0.5411605937921727,0.819364749889981,0.21545357455463246,0.12654558921215037,0.0889079853424821,0.5376470588235295,0.18014705882352935,0.08758169934640517,0.041244568850267324,0.02861626781207195,0.17179664009713158,0.5127916822185722,S,,,,,,,,,,,,
b3_seed1,S+Q,smallK5_10,expb_m8,10,testA,4325,0.6117919075144509,0.8391330458462255,0.15553206690839758,0.08759613973812846,0.06793592717026911,0.6546361364185196,0.2391304347826085,0.11929782797639094,0.05651331763349854,0.025718233530027283,0.15893404093058955,0.4766641375739001,S+Q,,,,,,,,,,,,
b3_seed1,S+Q,smallK5_10,expb_m8,10,testB,3085,0.4421393841166937,0.7904499532257212,0.3197775895847723,0.1970173570227507,0.12276023256202162,0.39589599409226806,0.1196978500871587,0.0556287776847129,0.026352970936616937,0.0482428083639268,0.18225845962129306,0.5458251544458507,S+Q,,,,,,,,,,,,
b3_seed1,S+Q,smallK5_10,expb_m8,10,__pooled_test__,7410,0.5411605937921727,0.8265859615666715,0.21180566996423777,0.12654558921215037,0.08526008075208741,0.5494117647058823,0.1849264705882354,0.08823529411764716,0.04372117312834236,0.035107630443603245,0.16864467948130754,0.5054578942608052,S+Q,,,,,,,,,,,,
b3_seed1,S+V,smallK5_10,expb_m8,10,testA,4325,0.6117919075144509,0.8549619437477857,0.14965073250231883,0.08759613973812846,0.06205459276419037,0.685599793153411,0.26518761167361515,0.13319320409396854,0.07030514953520144,0.0395772246468095,0.15252734362704853,0.4619502774186967,S+V,,,,,,,,,,,,
b3_seed1,S+V,smallK5_10,expb_m8,10,testB,3085,0.4421393841166937,0.8147133648342623,0.30848439771348074,0.1970173570227507,0.11146704069073005,0.4330716252250515,0.1334979662986637,0.06531132610216299,0.031857256904939894,0.06169520325197152,0.17498070636932078,0.5286606270700578,S+V,,,,,,,,,,,,
b3_seed1,S+V,smallK5_10,expb_m8,10,__pooled_test__,7410,0.5411605937921727,0.8443093736247617,0.2044079272723782,0.12654558921215037,0.07786233806022783,0.5794117647058823,0.20625,0.10130718954248373,0.04960310828877014,0.04330245009829189,0.1618753360777786,0.48972374957449283,S+V,,,,,,,,,,,,
b3_seed1,Full,smallK5_10,expb_m8,10,testA,4325,0.6117919075144509,0.8643291344729276,0.14560359431362346,0.08759613973812846,0.058007454575495,0.7010816215208566,0.2815664085765335,0.14113341901829857,0.07093205098527873,0.04292365088648863,0.14781361172645177,0.45036075612350146,Full,,,,,,,,,,,,
b3_seed1,Full,smallK5_10,expb_m8,10,testB,3085,0.4421393841166937,0.8226062048764529,0.304211956316215,0.1970173570227507,0.10719459929346431,0.44352727148114696,0.13785589773387583,0.07241186160829291,0.034303606224194635,0.06499186985825933,0.17185049380456946,0.5213471846174405,Full,,,,,,,,,,,,
b3_seed1,Full,smallK5_10,expb_m8,10,__pooled_test__,7410,0.5411605937921727,0.8530913891741235,0.20012853728945681,0.12654558921215037,0.07358294807730645,0.5964705882352941,0.21507352941176477,0.10457516339869274,0.05269886363636357,0.04785559035055882,0.15782086964966272,0.47991448512536405,Full,,,,,,,,,,,,
b3_seed2,S,smallK5_10,randomK5,5,val_select,5282,0.7860658841347974,0.8426986887649837,0.06405159692156484,0.024716527530644183,0.03933506939092066,0.824778761061947,0.3982870473135123,0.19669063034016998,0.1076097729589408,0.0164288676234634,0.12483769445769594,0.38076345810495354,S,,,,,,,,,,,,
b3_seed2,S,smallK5_10,randomK5,5,testA,5646,0.8219978746014878,0.856509523059128,0.04575003796581607,0.016876182025353653,0.02887385594046242,0.8786069651741291,0.44778564560416856,0.23834311324134957,0.13175843378187388,0.014390353591440235,0.10939158717897976,0.3348991863889069,S,,,,,,,,,,,,
b3_seed2,S,smallK5_10,randomK5,5,testB,4640,0.7489224137931034,0.8113368944329515,0.08940322425264843,0.034549222393449514,0.05485400185919892,0.7218884120171674,0.3004291845493564,0.15975202670481636,0.08290038400722848,0.023200129928050466,0.14646176270342987,0.4373119528277367,S,,,,,,,,,,,,
b3_seed2,S,smallK5_10,randomK5,5,__pooled_test__,10286,0.7890336379545012,0.8379285498520304,0.06293604469047974,0.02400774092374186,0.03892830376673788,0.8202764976958526,0.37789530451202974,0.19513665102693636,0.10698836702626349,0.01565061035945612,0.12611389074046608,0.38109743996426865,S,,,,,,,,,,,,
b3_seed2,S+Q,smallK5_10,randomK5,5,val_select,5282,0.7860658841347974,0.8422726226405443,0.06412932915110768,0.024716527530644183,0.0394128016204635,0.8283185840707963,0.40049922728662424,0.2006236015502552,0.11040431437973727,0.015876640993501268,0.12493297837749645,0.38114910775278055,S+Q,,,,,,,,,,,,
b3_seed2,S+Q,smallK5_10,randomK5,5,testA,5646,0.8219978746014878,0.8558000773979703,0.04601386205735783,0.016876182025353653,0.029137680032004176,0.8746268656716419,0.45276054969782503,0.2339213025780191,0.1286164257014705,0.015967305271598523,0.10951323123763189,0.335613409607187,S+Q,,,,,,,,,,,,
b3_seed2,S+Q,smallK5_10,randomK5,5,testB,4640,0.7489224137931034,0.8127559823385927,0.08891581292579594,0.034549222393449514,0.05436659053234642,0.727038626609442,0.3100858369098714,0.155937052932761,0.08109329116783395,0.022233724746096063,0.14618749444117102,0.43646925534069075,S+Q,,,,,,,,,,,,
b3_seed2,S+Q,smallK5_10,randomK5,5,__pooled_test__,10286,0.7890336379545012,0.8382358452212504,0.06292558346728132,0.02400774092374186,0.03891784254353946,0.8165898617511519,0.37789530451202974,0.1992326477138222,0.10504809188672251,0.016977192234065446,0.1260569393131152,0.3811093384622771,S+Q,,,,,,,,,,,,
b3_seed2,S+V,smallK5_10,randomK5,5,val_select,5282,0.7860658841347974,0.8411061094344127,0.06422801228092533,0.024716527530644183,0.03951148475028114,0.8159292035398228,0.39386268736728836,0.19964035874773375,0.11226734199360194,0.02162009432944169,0.125476168304795,0.3821181018826105,S+V,,,,,,,,,,,,
b3_seed2,S+V,smallK5_10,randomK5,5,testA,5646,0.8219978746014878,0.8557794951122432,0.0461146619027825,0.016876182025353653,0.02923847987742885,0.8686567164179103,0.45151682367441076,0.2538194505630053,0.1296637617282714,0.01610849227786267,0.1092939124659888,0.33588495246129146,S+V,,,,,,,,,,,,
b3_seed2,S+V,smallK5_10,randomK5,5,testB,4640,0.7489224137931034,0.8134718251150153,0.08918488369929135,0.034549222393449514,0.05463566130584184,0.7081545064377682,0.30686695278969944,0.16928946113495494,0.08741811610571523,0.023213252627916063,0.14571213102688985,0.43617198262070545,S+V,,,,,,,,,,,,
b3_seed2,S+V,smallK5_10,randomK5,5,__pooled_test__,10286,0.7890336379545012,0.8382278391889038,0.06314214317105138,0.02400774092374186,0.03913440224730952,0.8036866359447007,0.3882637161034959,0.20537664274415068,0.11183905487511593,0.017778055575539655,0.12572211916660914,0.3811242894182894,S+V,,,,,,,,,,,,
b3_seed2,Full,smallK5_10,randomK5,5,val_select,5282,0.7860658841347974,0.8405331901035006,0.06434826863754833,0.024716527530644183,0.03963174110690415,0.8194690265486726,0.386120057461396,0.20160684435277612,0.11319885580053428,0.02019624221082296,0.12566860431987076,0.3827619782398828,Full,,,,,,,,,,,,
b3_seed2,Full,smallK5_10,randomK5,5,testA,5646,0.8219978746014878,0.8554628280703785,0.04621447067793966,0.016876182025353653,0.02933828865258601,0.8706467661691542,0.4440544675339263,0.23944856590718205,0.12652175364786802,0.017440905570950373,0.10942185570095346,0.33624545983723697,Full,,,,,,,,,,,,
b3_seed2,Full,smallK5_10,randomK5,5,testB,4640,0.7489224137931034,0.815517584215889,0.08849004452846924,0.034549222393449514,0.05394082213501973,0.7287553648068668,0.31223175965665256,0.1769194086790652,0.08741811610571523,0.023351257947527487,0.14498719863886422,0.434355521853507,Full,,,,,,,,,,,,
b3_seed2,Full,smallK5_10,randomK5,5,__pooled_test__,10286,0.7890336379545012,0.839115827414926,0.06293276382285862,0.02400774092374186,0.03892502289911676,0.8138248847926269,0.38192746457537796,0.20486464315828976,0.11232412366000144,0.01735096233805966,0.12546533141861882,0.38050276955486223,Full,,,,,,,,,,,,
b3_seed2,S,smallK5_10,randomK10,10,val_select,5282,0.6664142370314274,0.8095467121556083,0.13536062967858412,0.0631256604671393,0.07223496921144482,0.631101021566402,0.25234092180023887,0.124138248834723,0.06149190948906328,0.023575013050346844,0.16575726933785478,0.489389797214685,S,,,,,,,,,,,,
b3_seed2,S,smallK5_10,randomK10,10,testA,5646,0.7213956783563585,0.8210097382027833,0.10033389612724986,0.04301993761155953,0.05731395851569032,0.7139224411951682,0.29119476735553357,0.1510503020645769,0.08259556185120545,0.020832304831258405,0.14986432262845928,0.44703805327966667,S,,,,,,,,,,,,
b3_seed2,S,smallK5_10,randomK10,10,testB,4640,0.6191810344827586,0.7831269054371329,0.18028806437858502,0.08400983938137374,0.09627822499721128,0.5268817204301075,0.20981890209394444,0.09891215493931951,0.04566169243141813,0.02458458615314562,0.18264794596850734,0.5364752048795282,S,,,,,,,,,,,,
b3_seed2,S,smallK5_10,randomK10,10,__pooled_test__,10286,0.6752867975889558,0.8071427401459678,0.13178066699279867,0.05958359027880322,0.07219707671399545,0.6389221556886229,0.25712883383797475,0.13212544450955535,0.06495149283912742,0.018038674676746174,0.1646529685839155,0.48738302541882256,S,,,,,,,,,,,,
b3_seed2,S+Q,smallK5_10,randomK10,10,val_select,5282,0.6664142370314274,0.8091429870498401,0.13557076933924844,0.0631256604671393,0.07244510887210914,0.6401816118047674,0.24737544405128403,0.12729109891091195,0.06149190948906328,0.025363577309353683,0.1658770440886976,0.489852588513517,S+Q,,,,,,,,,,,,
b3_seed2,S+Q,smallK5_10,randomK10,10,testA,5646,0.7213956783563585,0.8204401896788567,0.10049547400711983,0.04301993761155953,0.0574755363955603,0.7164653528289892,0.2927840167560816,0.15246286395798012,0.08393386154215896,0.01831390567246464,0.15014505215966112,0.4477623625691022,S+Q,,,,,,,,,,,,
b3_seed2,S+Q,smallK5_10,randomK10,10,testB,4640,0.6191810344827586,0.7845207541832698,0.17969848019758294,0.08400983938137374,0.0956886408162092,0.5302773061686473,0.20911148839841542,0.09639690624410474,0.04744884282012324,0.021759103673403554,0.1821346706745084,0.5352036395476193,S+Q,,,,,,,,,,,,
b3_seed2,S+Q,smallK5_10,randomK10,10,__pooled_test__,10286,0.6752867975889558,0.8073775713761076,0.1316616668981322,0.05958359027880322,0.07207807661932897,0.6395209580838326,0.2563803490357964,0.13345603025963634,0.0646363433591273,0.016285396204230494,0.16457552366548373,0.48720699849952404,S+Q,,,,,,,,,,,,
b3_seed2,S+V,smallK5_10,randomK10,10,val_select,5282,0.6664142370314274,0.8116941621091734,0.13438524427768217,0.0631256604671393,0.07125958381054287,0.6276958002270149,0.2516315678361025,0.1310745190023385,0.06627107226696745,0.02367775223581556,0.1648904400426515,0.48691732432876084,S+V,,,,,,,,,,,,
b3_seed2,S+V,smallK5_10,randomK10,10,testA,5646,0.7213956783563585,0.8265847270155018,0.09895392637194346,0.04301993761155953,0.055933988760383926,0.7215511760966304,0.3102657601621113,0.17365129235903065,0.08527216123311286,0.01340134978656793,0.14740394363317805,0.4420573745518124,S+V,,,,,,,,,,,,
b3_seed2,S+V,smallK5_10,randomK10,10,testB,4640,0.6191810344827586,0.7890661272495657,0.17753234465870618,0.08400983938137374,0.09352250527733244,0.5200905489530276,0.22325976230899836,0.10582908885116003,0.05578887796741434,0.029146540931709458,0.1807938757698079,0.5308399161100102,S+V,,,,,,,,,,,,
b3_seed2,S+V,smallK5_10,randomK10,10,__pooled_test__,10286,0.6752867975889558,0.8125702812629851,0.12989113358091908,0.05958359027880322,0.07030754330211586,0.6425149700598802,0.2683561058706505,0.139776312572522,0.07125448243913328,0.021634684642492925,0.1624660946261746,0.4821070530303305,S+V,,,,,,,,,,,,
b3_seed2,Full,smallK5_10,randomK10,10,val_select,5282,0.6664142370314274,0.8115493757094211,0.13450825637299396,0.0631256604671393,0.07138259590585466,0.6322360953461976,0.25234092180023887,0.1361190791242409,0.06746586296144332,0.02600938789685767,0.164916982134011,0.4870609090285606,Full,,,,,,,,,,,,
b3_seed2,Full,smallK5_10,randomK10,10,testA,5646,0.7213956783563585,0.8268708279868247,0.098678915725017,0.04301993761155953,0.055658978113457463,0.7253655435473617,0.3039087625599187,0.1658822019453122,0.08861791046049741,0.014469128778020318,0.14744519735068048,0.44182139600854853,Full,,,,,,,,,,,,
b3_seed2,Full,smallK5_10,randomK10,10,testB,4640,0.6191810344827586,0.7911206555737895,0.17661973545595414,0.08400983938137374,0.0926098960745804,0.5268817204301075,0.22538200339558567,0.10834433754637479,0.05817174515235448,0.021692405905555916,0.17972120565430386,0.5283730873452608,Full,,,,,,,,,,,,
b3_seed2,Full,smallK5_10,randomK10,10,__pooled_test__,10286,0.6752867975889558,0.813683445087941,0.12935412844687888,0.05958359027880322,0.06977053816807566,0.6514970059880242,0.26760762106847213,0.14044160544756248,0.07093933295913316,0.016952022542640083,0.16200485888371685,0.4808647411186346,Full,,,,,,,,,,,,
b3_seed2,S,smallK5_10,randomK20,20,val_select,5282,0.5588792124195381,0.7978597473742978,0.2127521649240517,0.11595261835146137,0.09679954657259032,0.4918454935622318,0.18033510112140455,0.08158370362613102,0.047229287868394705,0.024130327731292367,0.1805312158499639,0.5303137424319095,S,,,,,,,,,,,,
b3_seed2,S,smallK5_10,randomK20,20,testA,5646,0.6089266737513284,0.8141541730952441,0.17029017797504964,0.08901072975039664,0.081279448224653,0.5797101449275363,0.21935068966512974,0.11342996594972883,0.05611686606361246,0.013753455750985091,0.17057427194277636,0.505140825927595,S,,,,,,,,,,,,
b3_seed2,S,smallK5_10,randomK20,20,testB,4640,0.5038793103448276,0.77454183107039,0.27100701507380465,0.15075248697107424,0.1202545281027304,0.4048653344917464,0.14042137271937438,0.06458152331306118,0.03333485756093094,0.03676275785882453,0.19121589455608257,0.5600389698652899,S,,,,,,,,,,,,
b3_seed2,S,smallK5_10,randomK20,20,__pooled_test__,10286,0.5615399572234104,0.7998364668234947,0.21058759276361044,0.114410862422471,0.09617673034113944,0.5139689578713971,0.18322384277765164,0.08653370561278823,0.04309157890819776,0.016208239157494586,0.17988567860481608,0.5299053007351883,S,,,,,,,,,,,,
b3_seed2,S+Q,smallK5_10,randomK20,20,val_select,5282,0.5588792124195381,0.7982229258987869,0.21254887859587548,0.11595261835146137,0.09659626024441412,0.4927038626609442,0.1765800917679031,0.08110685196653908,0.047229287868394705,0.022272666280842127,0.180319255676677,0.5298462940844888,S+Q,,,,,,,,,,,,
b3_seed2,S+Q,smallK5_10,randomK20,20,testA,5646,0.6089266737513284,0.8150568086012259,0.1700483165038715,0.08901072975039664,0.08103758675347486,0.5833333333333333,0.22104898403134055,0.11544261074893496,0.05754699202412216,0.018229787836693066,0.1701337426192452,0.5042321278496833,S+Q,,,,,,,,,,,,
b3_seed2,S+Q,smallK5_10,randomK20,20,testB,4640,0.5038793103448276,0.7766369334063659,0.2699752841308845,0.15075248697107424,0.11922279715981027,0.40312771503040823,0.14042137271937438,0.06602953953084277,0.031963052723032626,0.03052888152176955,0.19052947094783618,0.5583407245439485,S+Q,,,,,,,,,,,,
b3_seed2,S+Q,smallK5_10,randomK20,20,__pooled_test__,10286,0.5615399572234104,0.8012229671213862,0.21003287264325957,0.114410862422471,0.09562201022078856,0.5170731707317073,0.18460961840917933,0.0897362573460767,0.04332497120602516,0.014754410208690786,0.17933422671847346,0.5286404390164527,S+Q,,,,,,,,,,,,
b3_seed2,S+V,smallK5_10,randomK20,20,val_select,5282,0.5588792124195381,0.8063095362713284,0.20927038849676047,0.11595261835146137,0.0933177701452991,0.5081545064377682,0.18677226001312117,0.08873647852000838,0.046777523661599194,0.022050232695641627,0.17736803274236196,0.5231113631059283,S+V,,,,,,,,,,,,
b3_seed2,S+V,smallK5_10,randomK20,20,testA,5646,0.6089266737513284,0.8257194210486379,0.1659561691502988,0.08901072975039664,0.07694543939990214,0.5978260869565218,0.2419946145479398,0.12449951234536209,0.06183736990565126,0.01836935035477977,0.16570986593335754,0.4941347357991074,S+V,,,,,,,,,,,,
b3_seed2,S+V,smallK5_10,randomK20,20,testB,4640,0.5038793103448276,0.7861988570952918,0.2649729463440729,0.15075248697107424,0.11422045937299868,0.42745438748913994,0.1491094700260644,0.07133893232937542,0.03607846723672781,0.03751200552995999,0.18798131883865665,0.552008376813251,S+V,,,,,,,,,,,,
b3_seed2,S+V,smallK5_10,randomK20,20,__pooled_test__,10286,0.5615399572234104,0.8107262408559618,0.2057902865516541,0.114410862422471,0.0913794241291831,0.5312638580931265,0.19902168497706602,0.09466326001267454,0.04939317094953413,0.01854858272487046,0.17575648672672597,0.5202414531144511,S+V,,,,,,,,,,,,
b3_seed2,Full,smallK5_10,randomK20,20,val_select,5282,0.5588792124195381,0.807208323156193,0.20865613543003442,0.11595261835146137,0.09270351707857305,0.5081545064377682,0.1883815497360505,0.08873647852000838,0.04858458048878098,0.025808213851234742,0.1769239087876937,0.5218032087890553,Full,,,,,,,,,,,,
b3_seed2,Full,smallK5_10,randomK20,20,testA,5646,0.6089266737513284,0.827125804099114,0.165339883670354,0.08901072975039664,0.07632915391995734,0.6059782608695652,0.24312681079208023,0.12349318994575917,0.06422091317316724,0.014689997604518211,0.16500963751540373,0.4924403883078743,Full,,,,,,,,,,,,
b3_seed2,Full,smallK5_10,randomK20,20,testB,4640,0.5038793103448276,0.7881627832828819,0.26389769112009714,0.15075248697107424,0.1131452041490229,0.4283231972198089,0.1529105125977412,0.07471763683753256,0.037450272074626124,0.030620937309054352,0.18674307919874783,0.548801653573364,Full,,,,,,,,,,,,
b3_seed2,Full,smallK5_10,randomK20,20,__pooled_test__,10286,0.5615399572234104,0.812743649077765,0.20479871751269502,0.114410862422471,0.09038785509022401,0.5259423503325943,0.19791306447184395,0.09737311147930305,0.0505601324386706,0.01818254582318681,0.1748135622102041,0.517864875069674,Full,,,,,,,,,,,,
b3_seed2,S,smallK5_10,randomK50,50,val_select,5282,0.427300265051117,0.7897451821147797,0.3312437886724797,0.20937985814061982,0.1218639305318599,0.3566942148760329,0.11826528417157854,0.057156287702048114,0.029858394078836704,0.019805005725146478,0.1790919699710619,0.5339570788997191,S,,,,,,,,,,,,
b3_seed2,S,smallK5_10,randomK50,50,testA,5646,0.4819341126461211,0.7952586561627355,0.2788325080269234,0.16627910833295384,0.11255339969396955,0.41401709401709397,0.14490965753308002,0.07019525928616827,0.03523164878869564,0.034037527445671706,0.18272197356329722,0.5417893061207776,S,,,,,,,,,,,,
b3_seed2,S,smallK5_10,randomK50,50,testB,4640,0.36530172413793105,0.7633010301946702,0.4154408243075805,0.26682788683992525,0.14861293746765525,0.28013582342954163,0.08573853989813233,0.04018109790605538,0.023501027611473546,0.0407072987167141,0.18229154164281683,0.5443091424342913,S,,,,,,,,,,,,
b3_seed2,S,smallK5_10,randomK50,50,__pooled_test__,10286,0.42932140773867394,0.786148209700516,0.3330524458753777,0.2076661170642679,0.12538632881110978,0.35741056218057904,0.11927183188718664,0.056847045678621005,0.02845267324992787,0.03543662972220383,0.18252780633492574,0.5429260007051353,S,,,,,,,,,,,,
b3_seed2,S+Q,smallK5_10,randomK50,50,val_select,5282,0.427300265051117,0.7911884788188812,0.3306963579533082,0.20937985814061982,0.12131649981268838,0.36330578512396683,0.12074438833979327,0.05862546372432769,0.029858394078836704,0.01858803218727985,0.1785315157074657,0.5327879197360462,S+Q,,,,,,,,,,,,
b3_seed2,S+Q,smallK5_10,randomK50,50,testA,5646,0.4819341126461211,0.7966523117129511,0.2780191803295997,0.16627910833295384,0.11174007199664587,0.4167521367521366,0.1470463150604836,0.07019525928616827,0.03451194095489376,0.033381909654127594,0.18217312563725394,0.5404045010781776,S+Q,,,,,,,,,,,,
b3_seed2,S+Q,smallK5_10,randomK50,50,testB,4640,0.36530172413793105,0.7634500753739902,0.4150716358920957,0.26682788683992525,0.14824374905217047,0.27877758913412554,0.08488964346349752,0.03904923599320879,0.022071307300509282,0.03571041819818762,0.18167512894678578,0.5430839229944501,S+Q,,,,,,,,,,,,
b3_seed2,S+Q,smallK5_10,randomK50,50,__pooled_test__,10286,0.42932140773867394,0.7871749854949016,0.3323765553360464,0.2076661170642679,0.12471043827177847,0.3608177172061327,0.11991065792788731,0.05703631980150315,0.027556081032550448,0.03376120137366539,0.1819484800370427,0.5416131845014233,S+Q,,,,,,,,,,,,
b3_seed2,S+V,smallK5_10,randomK50,50,val_select,5282,0.427300265051117,0.8023752732545579,0.3250701051898829,0.20937985814061982,0.11569024704926306,0.3831404958677686,0.12446304459211575,0.06156381576888704,0.03229418720704616,0.03162001537873797,0.17544368431113225,0.5245584898340139,S+V,,,,,,,,,,,,
b3_seed2,S+V,smallK5_10,randomK50,50,testA,5646,0.4819341126461211,0.8094106930270105,0.2721608903932022,0.16627910833295384,0.10588178206024834,0.43931623931623937,0.15730227119202095,0.0777917032462486,0.03739077229010105,0.04067334123990646,0.17811356267300538,0.5308292073219135,S+V,,,,,,,,,,,,
b3_seed2,S+V,smallK5_10,randomK50,50,testB,4640,0.36530172413793105,0.7760009215158936,0.40861412912889816,0.26682788683992525,0.1417862422889729,0.29100169779286933,0.0933786078098471,0.046972269383135326,0.026003038155660876,0.044711530203715925,0.17922764828156454,0.5364048714726112,S+V,,,,,,,,,,,,
b3_seed2,S+V,smallK5_10,randomK50,50,__pooled_test__,10286,0.42932140773867394,0.7989925900550576,0.3264820978582096,0.2076661170642679,0.11881598079394168,0.36967632027257236,0.12778951242986372,0.060632528136262416,0.030783813015109015,0.04130728072255675,0.1786161251096877,0.5333443815061676,S+V,,,,,,,,,,,,
b3_seed2,Full,smallK5_10,randomK50,50,val_select,5282,0.427300265051117,0.8050880090224353,0.3237093319119088,0.20937985814061982,0.11432947377128899,0.3851239669421488,0.12735533278836628,0.06486946181901618,0.031946216760159234,0.02792059989430941,0.17428157982562487,0.5217659764537781,Full,,,,,,,,,,,,
b3_seed2,Full,smallK5_10,randomK50,50,testA,5646,0.4819341126461211,0.811615010821185,0.27081186507882715,0.16627910833295384,0.10453275674587331,0.4468376068376068,0.15602027667557877,0.0743733034642124,0.03919004187460563,0.044313579834646205,0.1771593628032101,0.5283324713514372,Full,,,,,,,,,,,,
b3_seed2,Full,smallK5_10,randomK50,50,testB,4640,0.36530172413793105,0.7778048890424749,0.4077632542503239,0.26682788683992525,0.14093536741039864,0.29100169779286933,0.09592529711375207,0.046217694774570814,0.023501027611473546,0.0385076230433492,0.17780755456967748,0.5331070313332111,Full,,,,,,,,,,,,
b3_seed2,Full,smallK5_10,randomK50,50,__pooled_test__,10286,0.42932140773867394,0.8013142159222774,0.32520968807369244,0.2076661170642679,0.11754357100942453,0.37206132879045983,0.12928010652483213,0.06176817287355492,0.03185972367596161,0.041620035492313946,0.17745176118901687,0.5304862685821812,Full,,,,,,,,,,,,
b3_seed2,S,smallK5_10,rand5,5,testA,5385,0.8215413184772516,0.854338176214123,0.04636500332511751,0.016965801815799486,0.029399201509318025,0.875153257008477,0.4419875130072837,0.23236038383268898,0.1270485201188815,0.01576975261048724,0.11031412618296862,0.33743597990046803,S,,,,,,,,,,,,
b3_seed2,S,smallK5_10,rand5,5,testB,4102,0.7359824475865432,0.8033757883665074,0.09894981144126978,0.038402862519247766,0.06054694892202202,0.687903970452447,0.2787121111094229,0.1474761631798034,0.07374685785950334,0.028109880004898537,0.15256813385334556,0.45440887504925387,S,,,,,,,,,,,,
b3_seed2,S,smallK5_10,rand5,5,__pooled_test__,9487,0.7845472752187204,0.8347255186383244,0.06570348530695404,0.025083546825512087,0.04061993848144195,0.8082393910693245,0.3725868830395334,0.19065126303189542,0.10241409288561872,0.019912844937145256,0.12858396274498887,0.38801285519300727,S,,,,,,,,,,,,
b3_seed2,S+Q,smallK5_10,rand5,5,testA,5385,0.8215413184772516,0.8536191297868216,0.046615405251494484,0.016965801815799486,0.029649603435694998,0.8709916989087599,0.4458896982310096,0.22773604879553674,0.12595322340635856,0.017378024044062645,0.11046784078411019,0.3381515677896431,S+Q,,,,,,,,,,,,
b3_seed2,S+Q,smallK5_10,rand5,5,testB,4102,0.7359824475865432,0.8044349467836359,0.09856510791816823,0.038402862519247766,0.06016224539892047,0.6897506925207756,0.28102023235387286,0.14645026205246225,0.0727749238173834,0.020876602046259154,0.15239534502003427,0.4538891349824143,S+Q,,,,,,,,,,,,
b3_seed2,S+Q,smallK5_10,rand5,5,__pooled_test__,9487,0.7845472752187204,0.8348354868165705,0.06573951511343049,0.025083546825512087,0.0406559682879184,0.8043259092544128,0.3695293142434296,0.19065126303189542,0.10138416069156893,0.01760325093935079,0.12859650341463202,0.38819431055603365,S+Q,,,,,,,,,,,,
b3_seed2,S+V,smallK5_10,rand5,5,testA,5385,0.8215413184772516,0.8534542454081699,0.04678172159196691,0.016965801815799486,0.029815919776167425,0.8647493617591839,0.444588969823101,0.24970164022201086,0.12376262998131142,0.017533768461761644,0.1102156190316828,0.33854677333224525,S+V,,,,,,,,,,,,
b3_seed2,S+V,smallK5_10,rand5,5,testB,4102,0.7359824475865432,0.804996181463229,0.09907065023771601,0.038402862519247766,0.060667787718468244,0.6805170821791321,0.2925608385761221,0.15465747107118866,0.07763459402798396,0.02649828848055342,0.15196540775736708,0.4539613758788986,S+V,,,,,,,,,,,,
b3_seed2,S+V,smallK5_10,rand5,5,__pooled_test__,9487,0.7845472752187204,0.8346749056692573,0.06606155180058434,0.025083546825512087,0.04097800497507226,0.79160709335595,0.37809050687251994,0.20097874859428208,0.10962361824396721,0.01825831061980142,0.12826744082495323,0.3884498722725185,S+V,,,,,,,,,,,,
b3_seed2,Full,smallK5_10,rand5,5,testA,5385,0.8215413184772516,0.8531778700231262,0.04686217712061812,0.016965801815799486,0.02989637530481863,0.8647493617591839,0.4393860561914671,0.2358286351105535,0.1270485201188815,0.017383430501879734,0.11034999051314189,0.33885883767209457,Full,,,,,,,,,,,,
b3_seed2,Full,smallK5_10,rand5,5,testB,4102,0.7359824475865432,0.8068649247287952,0.09839551720319535,0.038402862519247766,0.059992654683947585,0.6971375807940905,0.2925608385761221,0.16183877896257434,0.07957846211222426,0.02403423543467879,0.15127770362502843,0.45232118072979594,Full,,,,,,,,,,,,
b3_seed2,Full,smallK5_10,rand5,5,__pooled_test__,9487,0.7845472752187204,0.8354513874921025,0.06587198536980005,0.025083546825512087,0.04078843854428796,0.7984556865320456,0.37503293807641613,0.19663033362064578,0.10653382166181785,0.016663679526689006,0.12804636230453628,0.3879178164032731,Full,,,,,,,,,,,,
b3_seed2,S,smallK5_10,hard5,5,testA,5385,0.6750232126276694,0.8230154450776184,0.12561878719211206,0.05968712987388497,0.06593165731822709,0.6789167683412023,0.26785714285714285,0.13151817029679644,0.07132357868870787,0.014619915130330865,0.15807372575866033,0.4713697862723683,S,,,,,,,,,,,,
b3_seed2,S,smallK5_10,hard5,5,testB,4102,0.5455875182837641,0.7886939691708185,0.23031198144033152,0.12384534193956626,0.10646663950076526,0.4763948497854076,0.15916901397399788,0.08147560669397683,0.04170066993318269,0.02386328610399618,0.18556057485759783,0.5459499826076163,S,,,,,,,,,,,,
b3_seed2,S,smallK5_10,hard5,5,__pooled_test__,9487,0.6190576578475809,0.813270535125947,0.16416349960953266,0.08406899320010447,0.0800945064094282,0.6010381797039992,0.22493016836151028,0.11001577902955495,0.056920671248336954,0.012226323325447154,0.16995852126871003,0.5036168575664748,S,,,,,,,,,,,,
b3_seed2,S+Q,smallK5_10,hard5,5,testA,5385,0.6750232126276694,0.8292506975830222,0.12341696278440155,0.05968712987388497,0.06372983291051658,0.6937711527239933,0.27642857142857163,0.13850157682218753,0.07192505305484224,0.01554829496508256,0.15544911290292932,0.4652675852564649,S+Q,,,,,,,,,,,,
b3_seed2,S+Q,smallK5_10,hard5,5,testB,4102,0.5455875182837641,0.7926123397269942,0.22837473187687535,0.12384534193956626,0.10452938993730909,0.4860515021459226,0.16386264786728477,0.08028349197197042,0.042830073975689255,0.02780296232849205,0.18429468561345197,0.5429862835109254,S+Q,,,,,,,,,,,,
b3_seed2,S+Q,smallK5_10,hard5,5,__pooled_test__,9487,0.6190576578475809,0.8182093757075964,0.16208012788555617,0.08406899320010447,0.0780111346854517,0.6121050817926537,0.23046391102381084,0.10909351558813489,0.05983320777937979,0.014188427942860338,0.1679213948949778,0.49887168562958567,S+Q,,,,,,,,,,,,
b3_seed2,S+V,smallK5_10,hard5,5,testA,5385,0.6750232126276694,0.8475670662212615,0.1172870898572938,0.05968712987388497,0.05759995998340883,0.7166240517744419,0.3178571428571429,0.17087918889445639,0.08756338657433285,0.02063691139522994,0.1472165972100715,0.446105026342431,S+V,,,,,,,,,,,,
b3_seed2,S+V,smallK5_10,hard5,5,testB,4102,0.5455875182837641,0.819674170684279,0.21673712116180485,0.12384534193956626,0.0928917792222386,0.5354077253218885,0.1980591233755194,0.09697309808006155,0.0501712002519821,0.04701825825116508,0.1752536787277682,0.5219724129815405,S+V,,,,,,,,,,,,
b3_seed2,S+V,smallK5_10,hard5,5,__pooled_test__,9487,0.6190576578475809,0.8385904146530448,0.15441910197503275,0.08406899320010447,0.07035010877492828,0.6458591331630507,0.2647039437467964,0.13399462850647878,0.06798831006629974,0.024411965191644458,0.15933930284784867,0.47890865446445346,S+V,,,,,,,,,,,,
b3_seed2,Full,smallK5_10,hard5,5,testA,5385,0.6750232126276694,0.8529032815877382,0.11526356084898297,0.05968712987388497,0.055576430975098,0.7269078563471436,0.3285714285714288,0.16960947861711223,0.08876633530660126,0.020891626345911293,0.14475831468573808,0.44008342839211506,Full,,,,,,,,,,,,
b3_seed2,Full,smallK5_10,hard5,5,testB,4102,0.5455875182837641,0.8219222117387152,0.2154065598870818,0.12384534193956626,0.09156121794751554,0.546137339055794,0.20074119988596925,0.0993573275240746,0.0501712002519821,0.041443131943856605,0.17412399885219412,0.5192072889117081,Full,,,,,,,,,,,,
b3_seed2,Full,smallK5_10,hard5,5,__pooled_test__,9487,0.6190576578475809,0.8426494446036381,0.1525384717380298,0.08406899320010447,0.06846947853792534,0.6536059646251089,0.26712495616155285,0.134302049653619,0.06886207102561259,0.024807624402889448,0.15745548306887316,0.47429509444580653,Full,,,,,,,,,,,,
b3_seed2,S,smallK5_10,expb_m0,10,testA,4325,0.8002312138728324,0.8595821695720569,0.0533574589557721,0.021433598473126175,0.03192386048264592,0.8542003775620282,0.42563657407407407,0.23878090780222788,0.12286038776669124,0.023739110180225526,0.11512279985543647,0.35268642943116507,S,,,,,,,,,,,,
b3_seed2,S,smallK5_10,expb_m0,10,testB,3085,0.6580226904376013,0.8007270095487125,0.14414677119697325,0.06658437454248944,0.0775623966544838,0.6039198582192011,0.23578199052132692,0.12180111853119832,0.06119257940531105,0.04050293963170831,0.17124437624940814,0.5027386225371111,S,,,,,,,,,,,,
b3_seed2,S,smallK5_10,expb_m0,10,__pooled_test__,7410,0.7410256410256411,0.8413579129769316,0.08322972833331607,0.036874116045502225,0.04635561228781385,0.7926003126628453,0.3414538822303282,0.1766545075560186,0.09498762376237613,0.022544564069530322,0.1384878556146001,0.41515755166218304,S,,,,,,,,,,,,
b3_seed2,S+Q,smallK5_10,expb_m0,10,testA,4325,0.8002312138728324,0.8565510396267403,0.05414511559924279,0.021433598473126175,0.03271151712611661,0.8495718181195526,0.4140625,0.2272083202519244,0.12286038776669124,0.022489126729909024,0.11625138313388686,0.35570693977444334,S+Q,,,,,,,,,,,,
b3_seed2,S+Q,smallK5_10,expb_m0,10,testB,3085,0.6580226904376013,0.7985352415193893,0.1450587187724708,0.06658437454248944,0.07847434422998137,0.5944442567411918,0.2322274881516588,0.12496010731346016,0.06119257940531105,0.03488645557916009,0.1722040759726342,0.505047497035869,S+Q,,,,,,,,,,,,
b3_seed2,S+Q,smallK5_10,expb_m0,10,__pooled_test__,7410,0.7410256410256411,0.8388849668162285,0.0840556475447848,0.036874116045502225,0.04718153149928257,0.7800937988535693,0.34015112037519535,0.17491749174917476,0.09279365436543628,0.024568620274672808,0.13954612772329786,0.41788178716330954,S+Q,,,,,,,,,,,,
b3_seed2,S+V,smallK5_10,expb_m0,10,testA,4325,0.8002312138728324,0.8597915128361531,0.053457783216156705,0.021433598473126175,0.03202418474303053,0.8542003775620282,0.4314236111111114,0.2362092216799384,0.12651513615099655,0.018749031389089708,0.11472475101903813,0.3521433478733814,S+V,,,,,,,,,,,,
b3_seed2,S+V,smallK5_10,expb_m0,10,testB,3085,0.6580226904376013,0.8023028972988117,0.14374029920362164,0.06658437454248944,0.07715592466113219,0.6077100988104052,0.2334123222748814,0.1260131035742141,0.06717859909029314,0.04138745518523988,0.1713748096002559,0.5032640911865287,S+V,,,,,,,,,,,,
b3_seed2,S+V,smallK5_10,expb_m0,10,__pooled_test__,7410,0.7410256410256411,0.8419852126208892,0.08323064107289468,0.036874116045502225,0.04635652502739246,0.7905158936946325,0.34731631057842616,0.17781251809391438,0.09663310081008068,0.025634187738330278,0.1383098293892212,0.4150593388478834,S+V,,,,,,,,,,,,
b3_seed2,Full,smallK5_10,expb_m0,10,testA,4325,0.8002312138728324,0.8580736272967564,0.05387703457547664,0.021433598473126175,0.03244343610235047,0.8542003775620282,0.4314236111111114,0.2310658494353589,0.12651513615099655,0.01715037916901475,0.11555000634760121,0.35425308189188814,Full,,,,,,,,,,,,
b3_seed2,Full,smallK5_10,expb_m0,10,testB,3085,0.6580226904376013,0.8004529218126211,0.14442919602297424,0.06658437454248944,0.0778448214804848,0.6039198582192011,0.23578199052132692,0.12390711105270621,0.0701716089327842,0.035977246553427794,0.17171509035391566,0.5039320561632284,Full,,,,,,,,,,,,
b3_seed2,Full,smallK5_10,expb_m0,10,__pooled_test__,7410,0.7410256410256411,0.8404539751390048,0.08370178269450454,0.036874116045502225,0.046827666649002314,0.7759249609171444,0.3421052631578946,0.18302356551444596,0.09608460846084584,0.02478249001768331,0.1389331755998927,0.41656882219243935,Full,,,,,,,,,,,,
b3_seed2,S,smallK5_10,expb_m2,10,testA,4325,0.673063583815029,0.7907682754338151,0.1407929196117049,0.06046012727610223,0.08033279233560267,0.5998096441306503,0.2397454031117395,0.11295379840725252,0.06132414340067663,0.03243398071714557,0.17183507202619172,0.5076066457825806,S,,,,,,,,,,,,
b3_seed2,S,smallK5_10,expb_m2,10,testB,3085,0.49692058346839546,0.7342775939637258,0.30563482714245926,0.1555704009406988,0.15006442620176047,0.3391317456287457,0.11887886597938149,0.06374248707163784,0.0349439602260937,0.045553180726759575,0.20898930981865965,0.6034275358059912,S,,,,,,,,,,,,
b3_seed2,S,smallK5_10,expb_m2,10,__pooled_test__,7410,0.5997300944669366,0.7790514975300632,0.19469355004011085,0.09364256111929292,0.10105098892081793,0.4969656102494943,0.18324342548887398,0.09342923503409015,0.05035669404769195,0.033864377063651904,0.18730346927177383,0.5474996883901678,S,,,,,,,,,,,,
b3_seed2,S+Q,smallK5_10,expb_m2,10,testA,4325,0.673063583815029,0.7939593610929038,0.13957868301406193,0.06046012727610223,0.0791185557379597,0.605466044920323,0.2388613861386139,0.11688225811315492,0.05834658318941777,0.0303141146265022,0.1706819765427728,0.5049269521381193,S+Q,,,,,,,,,,,,
b3_seed2,S+Q,smallK5_10,expb_m2,10,testB,3085,0.49692058346839546,0.7361635093240798,0.304215599916954,0.1555704009406988,0.14864519897625522,0.3468611988962459,0.11726804123711344,0.062310900660432406,0.03562214437210488,0.04556003759381287,0.2082644718267016,0.6018395629187547,S+Q,,,,,,,,,,,,
b3_seed2,S+Q,smallK5_10,expb_m2,10,__pooled_test__,7410,0.5997300944669366,0.7815351663285007,0.1934284566598066,0.09364256111929292,0.09978589554051367,0.5057316250842887,0.18450775455158464,0.09417846707125198,0.04787257478697967,0.03577808558550191,0.1863286699234638,0.5452745100677091,S+Q,,,,,,,,,,,,
b3_seed2,S+V,smallK5_10,expb_m2,10,testA,4325,0.673063583815029,0.7966808336131252,0.13892580900517237,0.06046012727610223,0.07846568172907015,0.6196070468945052,0.24504950495049505,0.1270962533485007,0.06579048371756457,0.03220630203755419,0.16951170936305252,0.5026341921549451,S+V,,,,,,,,,,,,
b3_seed2,S+V,smallK5_10,expb_m2,10,testB,3085,0.49692058346839546,0.7443027451059508,0.3000906939372654,0.1555704009406988,0.1445202929965666,0.34814944110749574,0.12451675257731959,0.06445828027724056,0.036300328518116064,0.039490345180195584,0.2049363461196559,0.5934946075445156,S+V,,,,,,,,,,,,
b3_seed2,S+V,smallK5_10,expb_m2,10,__pooled_test__,7410,0.5997300944669366,0.7866521143011131,0.19158684082715216,0.09364256111929292,0.09794427970785924,0.5111260957518544,0.2030512474713419,0.0994230913313853,0.05390543584870964,0.03097115182333919,0.1842600230464697,0.5404620439062036,S+V,,,,,,,,,,,,
b3_seed2,Full,smallK5_10,expb_m2,10,testA,4325,0.673063583815029,0.8005220407205367,0.13748210574243433,0.06046012727610223,0.0770219784663321,0.6167788464996686,0.25300565770862804,0.13416748081912497,0.06579048371756457,0.025756595315749697,0.1678920085468407,0.4987142473612933,Full,,,,,,,,,,,,
b3_seed2,Full,smallK5_10,expb_m2,10,testB,3085,0.49692058346839546,0.7460175957122009,0.2987392601300591,0.1555704009406988,0.1431688591893603,0.3584553787974959,0.12612757731958765,0.06302669386603513,0.03358759193407134,0.039301701848168426,0.20459993781346925,0.5929430428394995,Full,,,,,,,,,,,,
b3_seed2,Full,smallK5_10,expb_m2,10,__pooled_test__,7410,0.5997300944669366,0.7892649851633848,0.19028707896341723,0.09364256111929292,0.09664451784412431,0.5212407282535401,0.203894133513149,0.09904847531280424,0.05213106494820079,0.031699429892641164,0.18317459448308215,0.5379444543856208,Full,,,,,,,,,,,,
b3_seed2,S,smallK5_10,expb_m4,10,testA,4325,0.6397687861271676,0.7969710409637145,0.1587769243864871,0.07447948385774755,0.08429744052873955,0.5931621025094113,0.2241655969191273,0.11364972580059603,0.06228258142760009,0.020507350186394258,0.1742614492980803,0.5138363826778877,S,,,,,,,,,,,,
b3_seed2,S,smallK5_10,expb_m4,10,testB,3085,0.46320907617504053,0.7517325720158349,0.3266077826813757,0.1803159845162567,0.146291798165119,0.3420007294905151,0.1145833333333334,0.056128107174356616,0.033263242994674695,0.03377329799507723,0.19923552156768382,0.583479118730272,S,,,,,,,,,,,,
b3_seed2,S,smallK5_10,expb_m4,10,__pooled_test__,7410,0.5662618083670715,0.7892215776663465,0.21450008280875443,0.11170580973610361,0.10279427307265082,0.48537647790914745,0.1766490354698196,0.0911290880177004,0.04470807758669468,0.021544160000673038,0.18465888694338756,0.5428306931666335,S,,,,,,,,,,,,
b3_seed2,S+Q,smallK5_10,expb_m4,10,testA,4325,0.6397687861271676,0.8010283494309655,0.15739180650397472,0.07447948385774755,0.08291232264622717,0.5995791040471175,0.232188703465982,0.1157889460923081,0.0568778700813613,0.015342316976967084,0.17274880352148175,0.5107145922257329,S+Q,,,,,,,,,,,,
b3_seed2,S+Q,smallK5_10,expb_m4,10,testB,3085,0.46320907617504053,0.7541412696963857,0.32520547103149816,0.1803159845162567,0.14488948651524147,0.3528667724897544,0.11609299516908221,0.061494827247281336,0.030720871510111044,0.025549138409755104,0.19843548981911155,0.5816779087390428,S+Q,,,,,,,,,,,,
b3_seed2,S+Q,smallK5_10,expb_m4,10,__pooled_test__,7410,0.5662618083670715,0.792400962068358,0.21308815833625522,0.11170580973610361,0.1013823486001516,0.4971997510889856,0.17587118855009348,0.0894005393071978,0.047000516207501335,0.017847435353148026,0.18344292325538025,0.540258699033231,S+Q,,,,,,,,,,,,
b3_seed2,S+V,smallK5_10,expb_m4,10,testA,4325,0.6397687861271676,0.810801287686854,0.15339205756540342,0.07447948385774755,0.07891257370765586,0.6034293049697413,0.24261874197689362,0.12149353353687414,0.07038964844695798,0.026955868125286383,0.16879258033510797,0.5012415529117499,S+V,,,,,,,,,,,,
b3_seed2,S+V,smallK5_10,expb_m4,10,testB,3085,0.46320907617504053,0.7681024195156911,0.3179376500132316,0.1803159845162567,0.1376216654969749,0.37339152037720613,0.12439613526570056,0.06551986730197508,0.031356464381251954,0.027486484938131817,0.19370546483098985,0.5701806576714277,S+V,,,,,,,,,,,,
b3_seed2,S+V,smallK5_10,expb_m4,10,__pooled_test__,7410,0.5662618083670715,0.8030238001878104,0.2082633686849655,0.11170580973610361,0.0965575589488619,0.5152457996266334,0.1898724331051648,0.10184609002281683,0.05256786714374623,0.02180028051236089,0.17916454371834623,0.5299429210876752,S+V,,,,,,,,,,,,
b3_seed2,Full,smallK5_10,expb_m4,10,testA,4325,0.6397687861271676,0.8153568580366534,0.15170308872218993,0.07447948385774755,0.07722360486444238,0.6162633080451544,0.24903722721437757,0.12434582725915701,0.06701170385555857,0.019782954284975836,0.16682462399270992,0.4967743661963757,Full,,,,,,,,,,,,
b3_seed2,Full,smallK5_10,expb_m4,10,testB,3085,0.46320907617504053,0.7701984090763109,0.31647461289534584,0.1803159845162567,0.13615862837908915,0.3770135347102858,0.128925120772947,0.062165667256396925,0.03199205725239287,0.034510677895582036,0.19284098592211563,0.5683024179145378,Full,,,,,,,,,,,,
b3_seed2,Full,smallK5_10,expb_m4,10,__pooled_test__,7410,0.5662618083670715,0.8065027557581435,0.20658772561634256,0.11170580973610361,0.09488191588023895,0.5227131300560051,0.19453951462352215,0.10184609002281683,0.051257902217570886,0.01688487599866564,0.1776559973465853,0.5265535888077832,Full,,,,,,,,,,,,
b3_seed2,S,smallK5_10,expb_m8,10,testA,4325,0.610635838150289,0.8295477132483287,0.16054377603639924,0.08816528250431765,0.07237849353208159,0.6212277199236127,0.23916270783847993,0.11135722012772789,0.05556440326518067,0.026002517318437654,0.1636482571677999,0.48709231631098165,S,,,,,,,,,,,,
b3_seed2,S,smallK5_10,expb_m8,10,testB,3085,0.45024311183144244,0.7766590936875993,0.3228163167451866,0.1904774756921343,0.13233884105305233,0.36812934861027896,0.12146226415094329,0.05480857753378498,0.026895321964942157,0.03684400395735814,0.18947655594925286,0.5621928760424671,S,,,,,,,,,,,,
b3_seed2,S,smallK5_10,expb_m8,10,__pooled_test__,7410,0.543859649122807,0.8145634809931431,0.21641188234827888,0.12489498309067504,0.09151689925760384,0.5171597633136094,0.18158284023668633,0.08711374095989474,0.04335664335664323,0.024404837741643863,0.1744013343258002,0.518358878628341,S,,,,,,,,,,,,
b3_seed2,S+Q,smallK5_10,expb_m8,10,testA,4325,0.610635838150289,0.8336532174435474,0.15876759084395514,0.08816528250431765,0.07060230833963749,0.6331014591109602,0.24064726840855125,0.1153155398598985,0.05743952357636818,0.02503763339028065,0.16171051787732332,0.48245393907030937,S+Q,,,,,,,,,,,,
b3_seed2,S+Q,smallK5_10,expb_m8,10,testB,3085,0.45024311183144244,0.7799068999008382,0.3208970622754447,0.1904774756921343,0.13041958658331038,0.3787391170104794,0.12219929245283019,0.05546359584457237,0.02813652691141545,0.042587169081687054,0.18836882175431266,0.5597471198565378,S+Q,,,,,,,,,,,,
b3_seed2,S+Q,smallK5_10,expb_m8,10,__pooled_test__,7410,0.543859649122807,0.8181081973952751,0.214627957656321,0.12489498309067504,0.08973297456564597,0.5242603550295858,0.1841715976331361,0.09007232084155158,0.044602272727272685,0.028773138926115816,0.17280915046308745,0.5146333537431184,S+Q,,,,,,,,,,,,
b3_seed2,S+V,smallK5_10,expb_m8,10,testA,4325,0.610635838150289,0.8555439933588821,0.1502598272350548,0.08816528250431765,0.06209454473073714,0.6734721723479421,0.2747921615201901,0.13444741856538914,0.06869024544349385,0.038096226481296624,0.1520850685527607,0.4601537337303972,S+V,,,,,,,,,,,,
b3_seed2,S+V,smallK5_10,expb_m8,10,testB,3085,0.45024311183144244,0.802663192604969,0.3093166329797404,0.1904774756921343,0.11883915728760608,0.4093895590555032,0.1384139150943396,0.06397883388480846,0.029998334331125184,0.05142869024273397,0.18187407888110707,0.5436657700464699,S+V,,,,,,,,,,,,
b3_seed2,S+V,smallK5_10,expb_m8,10,__pooled_test__,7410,0.543859649122807,0.8384386333269708,0.20549195214609733,0.12489498309067504,0.0805969690554223,0.5639053254437869,0.2056213017751478,0.10092044707429329,0.0483391608391608,0.03471592132683506,0.16448710591618151,0.49492224007791197,S+V,,,,,,,,,,,,
b3_seed2,Full,smallK5_10,expb_m8,10,testA,4325,0.610635838150289,0.859850062193026,0.14829439085246118,0.08816528250431765,0.06012910834814353,0.6805964158603506,0.2770190023752968,0.13378769861002732,0.06744016523603541,0.037509164537885456,0.1500490464456608,0.45511051734572155,Full,,,,,,,,,,,,
b3_seed2,Full,smallK5_10,expb_m8,10,testB,3085,0.45024311183144244,0.8061317358762242,0.30727614237024586,0.1904774756921343,0.11679866667811156,0.4129261485222367,0.14357311320754712,0.06856396206032021,0.03310134669730862,0.05630915299174282,0.18007326976243923,0.5393057707243782,Full,,,,,,,,,,,,
b3_seed2,Full,smallK5_10,expb_m8,10,__pooled_test__,7410,0.543859649122807,0.84259173065911,0.2033730888947719,0.12489498309067504,0.07847810580409686,0.5763313609467455,0.20857988165680463,0.10059171597633135,0.05083041958041947,0.03614159643179911,0.16254900986431958,0.49016346696423113,Full,,,,,,,,,,,,
b3_seed3,S,smallK5_10,randomK5,5,val_select,5282,0.7887163953048087,0.84246468682301,0.06335831449396737,0.0240829741884431,0.039275340305524264,0.8297491039426523,0.390738676939309,0.1995557787217106,0.10207411026398185,0.015393383742477295,0.1235871472299082,0.3788809858861616,S,,,,,,,,,,,,
b3_seed3,S,smallK5_10,randomK5,5,testA,5646,0.8262486716259299,0.8565247745754545,0.04457891690083732,0.016053923723567953,0.028524993177269364,0.8674821610601426,0.45721057858893915,0.2536842269953199,0.13197622842964893,0.01210513526974748,0.10710563758817443,0.3303934024989816,S,,,,,,,,,,,,
b3_seed3,S,smallK5_10,randomK5,5,testB,4640,0.7504310344827586,0.8193621476946824,0.08596245932939973,0.034114568604628415,0.05184789072477132,0.7392055267702935,0.32534542314335074,0.15851084244866623,0.08099263703299686,0.01524137031433596,0.14314622885493314,0.42820378148807703,S,,,,,,,,,,,,
b3_seed3,S,smallK5_10,randomK5,5,__pooled_test__,10286,0.7920474431265798,0.842004901404665,0.06086900599107771,0.023299379337029164,0.037569626654048546,0.8242169237961663,0.3905010223084178,0.20632643907734144,0.1043802435597066,0.013221373423638445,0.12336349715241327,0.37451552562841994,S,,,,,,,,,,,,
b3_seed3,S+Q,smallK5_10,randomK5,5,val_select,5282,0.7887163953048087,0.8415866968822538,0.06352845007409262,0.0240829741884431,0.03944547588564952,0.8243727598566308,0.39297860827409087,0.19059558221486414,0.10301730972799039,0.013923635632905296,0.12385855661983641,0.37947399755457306,S+Q,,,,,,,,,,,,
b3_seed3,S+Q,smallK5_10,randomK5,5,testA,5646,0.8262486716259299,0.8560975796292473,0.04476467411126581,0.016053923723567953,0.02871075038769786,0.8634046890927622,0.4521139643033895,0.24915423747784066,0.13412214628272728,0.012272635025673703,0.10713846964972802,0.3309060781848111,S+Q,,,,,,,,,,,,
b3_seed3,S+Q,smallK5_10,randomK5,5,testB,4640,0.7504310344827586,0.8202319057099974,0.085723925209813,0.034114568604628415,0.05160935660518459,0.7374784110535405,0.3199481865284976,0.16330838610631368,0.08190164530497254,0.01786451646590233,0.14282459613299675,0.42746029541891456,S+Q,,,,,,,,,,,,
b3_seed3,S+Q,smallK5_10,randomK5,5,__pooled_test__,10286,0.7920474431265798,0.8421958182721616,0.060900735484546366,0.023299379337029164,0.0376013561475172,0.8279569892473119,0.3910853933320912,0.20996237816533772,0.10536444109425637,0.010280149012186383,0.12323643065326358,0.37446154852957486,S+Q,,,,,,,,,,,,
b3_seed3,S+V,smallK5_10,randomK5,5,val_select,5282,0.7887163953048087,0.8410479009974929,0.06355497924109749,0.0240829741884431,0.039472005052654385,0.8154121863799285,0.40081836794582776,0.2005513561113599,0.1058469081200155,0.01887870135786978,0.12403403083970939,0.37984313575607087,S+V,,,,,,,,,,,,
b3_seed3,S+V,smallK5_10,randomK5,5,testA,5646,0.8262486716259299,0.8552855814603949,0.045079449752248826,0.016053923723567953,0.029025526028680873,0.8695208970438328,0.45721057858893915,0.26161170865090805,0.13841398198888524,0.011975162016689155,0.10701993022606679,0.3315008582552951,S+V,,,,,,,,,,,,
b3_seed3,S+V,smallK5_10,randomK5,5,testB,4640,0.7504310344827586,0.820620779553172,0.08589820034751994,0.034114568604628415,0.05178363174289152,0.7443868739205528,0.3285837651122625,0.1594703511801958,0.08281065357694777,0.018482298249935913,0.14270288085578803,0.4279293994450389,S+V,,,,,,,,,,,,
b3_seed3,S+V,smallK5_10,randomK5,5,__pooled_test__,10286,0.7920474431265798,0.8420009992865436,0.061169347463578466,0.023299379337029164,0.0378699681265493,0.8101916783543713,0.3951759904978068,0.20788469868648288,0.11274592260337939,0.009957564065763029,0.1231164586065749,0.37499963631483346,S+V,,,,,,,,,,,,
b3_seed3,Full,smallK5_10,randomK5,5,val_select,5282,0.7887163953048087,0.8410595157590806,0.0635352012923081,0.0240829741884431,0.03945222710386499,0.8154121863799285,0.39633850527626413,0.19756462394241145,0.1058469081200155,0.01681449119289052,0.12401869223644481,0.37985258390529564,Full,,,,,,,,,,,,
b3_seed3,Full,smallK5_10,randomK5,5,testA,5646,0.8262486716259299,0.8551112072572883,0.04514201821198972,0.016053923723567953,0.02908809448842177,0.8593272171253824,0.4521139643033895,0.2548167243746895,0.13841398198888524,0.014351578042374311,0.10703278825799417,0.33162689065992196,Full,,,,,,,,,,,,
b3_seed3,Full,smallK5_10,randomK5,5,testB,4640,0.7504310344827586,0.8222762214557174,0.08541886260185595,0.034114568604628415,0.05130429399722754,0.7443868739205528,0.3372193436960278,0.1604298599117254,0.08462867012089821,0.01796092026844687,0.1420927032507348,0.42648687126483387,Full,,,,,,,,,,,,
b3_seed3,Full,smallK5_10,randomK5,5,__pooled_test__,10286,0.7920474431265798,0.8427047577665493,0.061021806313718785,0.023299379337029164,0.03772242697668962,0.8120617110799442,0.3992665876635218,0.20684585894705543,0.11274592260337939,0.00907784282782666,0.12284826614700027,0.3744180932660654,Full,,,,,,,,,,,,
b3_seed3,S,smallK5_10,randomK10,10,val_select,5282,0.6719045815978796,0.8054359566188765,0.13344938705522133,0.06091999265290571,0.07252939440231562,0.6399307559145989,0.23910837999262113,0.12615076052213217,0.05793477008447613,0.020858808774447273,0.16604152409062756,0.48977751020558,S,,,,,,,,,,,,
b3_seed3,S,smallK5_10,randomK10,10,testA,5646,0.7261778250088559,0.8252240242324803,0.09726045177192397,0.041474059494111676,0.05578639227781229,0.7153945666235444,0.3216665172622269,0.1620940508391995,0.08631787017662672,0.012499559712489476,0.14668792373588135,0.4409935718241714,S,,,,,,,,,,,,
b3_seed3,S,smallK5_10,randomK10,10,testB,4640,0.621551724137931,0.7868660728107949,0.17734617540716274,0.08287796391901076,0.09446821148815199,0.5364464692482915,0.21412300683371296,0.10592255125284741,0.05826639491667657,0.017220277239481562,0.18062440592484846,0.5313353169830418,S,,,,,,,,,,,,
b3_seed3,S,smallK5_10,randomK10,10,__pooled_test__,10286,0.6789811394127941,0.8114322310127571,0.12854912707833172,0.05814321302285469,0.07040591405547703,0.6535433070866142,0.2697784990062254,0.13492382510962717,0.07395491835286053,0.011672071572492107,0.16199662268171136,0.48174660483381154,S,,,,,,,,,,,,
b3_seed3,S+Q,smallK5_10,randomK10,10,val_select,5282,0.6719045815978796,0.8049057486671229,0.13367263311663444,0.06091999265290571,0.07275264046372873,0.6330063473744952,0.23910837999262113,0.12294515069279291,0.05732737793108113,0.024887335162830763,0.16615758222092342,0.4901499696208304,S+Q,,,,,,,,,,,,
b3_seed3,S+Q,smallK5_10,randomK10,10,testA,5646,0.7261778250088559,0.8252192913261603,0.09736207418442165,0.041474059494111676,0.055888014690309976,0.7192755498059508,0.3208580148990117,0.1620940508391995,0.08427536168968919,0.010997219621754215,0.14667002944792715,0.4410702364189647,S+Q,,,,,,,,,,,,
b3_seed3,S+Q,smallK5_10,randomK10,10,testB,4640,0.621551724137931,0.787125930828797,0.17720141653170562,0.08287796391901076,0.09432345261269487,0.53872437357631,0.211987471526196,0.10908630726398393,0.05766694640930338,0.019544404222922668,0.18056394507626683,0.5311045023104758,S+Q,,,,,,,,,,,,
b3_seed3,S+Q,smallK5_10,randomK10,10,__pooled_test__,10286,0.6789811394127941,0.8115465790804698,0.12854734385978173,0.05814321302285469,0.07040413083692704,0.6474863718958208,0.27015704825505565,0.135596774292739,0.07363614207690643,0.01019876298667103,0.1619595266786773,0.48168456596753667,S+Q,,,,,,,,,,,,
b3_seed3,S+V,smallK5_10,randomK10,10,val_select,5282,0.6719045815978796,0.8095215332553874,0.1320643331083216,0.06091999265290571,0.0711443404554159,0.6399307559145989,0.2571389871018007,0.12550963855626418,0.0664382602320048,0.018940171544275464,0.16443064484934633,0.4858326623420416,S+V,,,,,,,,,,,,
b3_seed3,S+V,smallK5_10,randomK10,10,testA,5646,0.7261778250088559,0.8288442242766542,0.0962617177085888,0.041474059494111676,0.05478765821447712,0.7192755498059508,0.3297515408943815,0.17574774983924696,0.09721124877362673,0.014561218003196673,0.14498142439364187,0.4368029708818878,S+V,,,,,,,,,,,,
b3_seed3,S+V,smallK5_10,randomK10,10,testB,4640,0.621551724137931,0.7945960590043568,0.17418279757801824,0.08287796391901076,0.09130483365900749,0.5569476082004555,0.22480068337129847,0.11984307770184763,0.061263637453542776,0.02883782460353134,0.17791872153596813,0.5246261521386134,S+V,,,,,,,,,,,,
b3_seed3,S+V,smallK5_10,randomK10,10,__pooled_test__,10286,0.6789811394127941,0.816649442907662,0.12677611917401563,0.05814321302285469,0.06863290615116094,0.6541490006056936,0.27469963924102003,0.14972870713808964,0.08128677269980877,0.016657712185568246,0.15983939238318046,0.47641988329013263,S+V,,,,,,,,,,,,
b3_seed3,Full,smallK5_10,randomK10,10,val_select,5282,0.6719045815978796,0.8095691723016505,0.13210286200735932,0.06091999265290571,0.07118286935445362,0.6387766878245816,0.25209041711123037,0.12871524838560344,0.06947522099897949,0.022791547142184718,0.16436594226860596,0.4858090309648119,Full,,,,,,,,,,,,
b3_seed3,Full,smallK5_10,randomK10,10,testA,5646,0.7261778250088559,0.8292965323573028,0.09599287214990626,0.041474059494111676,0.054518812655794585,0.7283311772315654,0.3281345361679507,0.17502913410240245,0.09584957644900158,0.010422136175651386,0.14487224162548673,0.43623152902955487,Full,,,,,,,,,,,,
b3_seed3,Full,smallK5_10,randomK10,10,testB,4640,0.621551724137931,0.795880342096367,0.1735937493525314,0.08287796391901076,0.09071578543352066,0.5615034168564921,0.2262243735763099,0.12174133130852943,0.061863085960915956,0.02421729902445944,0.17732855819378768,0.5233301829966496,Full,,,,,,,,,,,,
b3_seed3,Full,smallK5_10,randomK10,10,__pooled_test__,10286,0.6789811394127941,0.8174830953922195,0.1263812116286142,0.05814321302285469,0.06823799860575952,0.6505148394912174,0.2735639914945291,0.15309345305364916,0.08128677269980877,0.014878032665727325,0.15951323996078873,0.47552160820584505,Full,,,,,,,,,,,,
b3_seed3,S,smallK5_10,randomK20,20,val_select,5282,0.5607724346838319,0.800883606137512,0.2102071607209359,0.11485430322550444,0.09535285749543146,0.5198275862068966,0.18380571013594,0.08863987495103955,0.04130767169225273,0.023347571154183698,0.17971078678695457,0.5284982500864192,S,,,,,,,,,,,,
b3_seed3,S,smallK5_10,randomK20,20,testA,5646,0.6186680835990082,0.8152026965482954,0.16484625486712987,0.08425593881065124,0.08059031605647862,0.5968416163492801,0.24353094122107302,0.12329080369446865,0.06280451500481622,0.02098028179903429,0.16969781030847933,0.5040065580311721,S,,,,,,,,,,,,
b3_seed3,S,smallK5_10,randomK20,20,testB,4640,0.503448275862069,0.7756410828101218,0.27104499277839655,0.1510481103940043,0.11999688238439227,0.41666666666666663,0.13519965277777768,0.06684027777777778,0.03463084795321627,0.01970834280028729,0.1904455295908955,0.5583744345623414,S,,,,,,,,,,,,
b3_seed3,S,smallK5_10,randomK20,20,__pooled_test__,10286,0.566692591872448,0.8025708228603141,0.20650374351614867,0.11146098751328032,0.09504275600286835,0.5243437289656719,0.1931427875929681,0.0943672750532888,0.04328480699412607,0.016788854028138456,0.17905707702736046,0.5285318299643459,S,,,,,,,,,,,,
b3_seed3,S+Q,smallK5_10,randomK20,20,val_select,5282,0.5607724346838319,0.8014576881883164,0.21024962263820568,0.11485430322550444,0.09539531941270124,0.5163793103448275,0.1886543890856277,0.08863987495103955,0.04130767169225273,0.019438931875381198,0.17953103390489697,0.5283143571699009,S+Q,,,,,,,,,,,,
b3_seed3,S+Q,smallK5_10,randomK20,20,testA,5646,0.6186680835990082,0.8156835201821598,0.16481291242994353,0.08425593881065124,0.08055697361929229,0.6052020436600092,0.2394670245584081,0.12380681852454865,0.06231562847117221,0.02011373323454788,0.16939865476721763,0.503578562845037,S+Q,,,,,,,,,,,,
b3_seed3,S+Q,smallK5_10,randomK20,20,testB,4640,0.503448275862069,0.7773968886748478,0.270517312181916,0.1510481103940043,0.1194692017879117,0.4149305555555555,0.13519965277777768,0.06780478395061718,0.03463084795321627,0.019274659686516683,0.19006952791459625,0.5574291660424665,S+Q,,,,,,,,,,,,
b3_seed3,S+Q,smallK5_10,randomK20,20,__pooled_test__,10286,0.566692591872448,0.8033879560442471,0.2063241984325379,0.11146098751328032,0.09486321091925759,0.5229975319721785,0.19342323848362064,0.09561367296816176,0.045646483599916916,0.015349816192032332,0.1787232563036591,0.527870493511581,S+Q,,,,,,,,,,,,
b3_seed3,S+V,smallK5_10,randomK20,20,val_select,5282,0.5607724346838319,0.8088321322964446,0.20710429657111995,0.11485430322550444,0.09224999334561551,0.5189655172413793,0.19942923119604422,0.09103441022442073,0.04584478635532782,0.021408353619152172,0.17660135024017135,0.5213342537621988,S+V,,,,,,,,,,,,
b3_seed3,S+V,smallK5_10,randomK20,20,testA,5646,0.6186680835990082,0.8242880825016764,0.1614257626258181,0.08425593881065124,0.07716982381516685,0.6126335346028797,0.25049765549992753,0.13257907063590466,0.06427117460574767,0.02341050985953099,0.16591711921636304,0.4955214787767534,S+V,,,,,,,,,,,,
b3_seed3,S+V,smallK5_10,randomK20,20,testB,4640,0.503448275862069,0.785130981259513,0.2668448304904105,0.1510481103940043,0.11579672009640624,0.4296875,0.14767795138888892,0.07552083333333329,0.03874269005847942,0.0326299495809105,0.188034006519681,0.5526816988678372,S+V,,,,,,,,,,,,
b3_seed3,S+V,smallK5_10,randomK20,20,__pooled_test__,10286,0.566692591872448,0.8111508560113869,0.20293885595732625,0.11146098751328032,0.09147786844404593,0.5373569665694412,0.19931270718732147,0.10084854421062829,0.05178684277497311,0.022806732049753222,0.17589401568606897,0.5213063729263382,S+V,,,,,,,,,,,,
b3_seed3,Full,smallK5_10,randomK20,20,val_select,5282,0.5607724346838319,0.810471431232392,0.20646688595814386,0.11485430322550444,0.09161258273263942,0.5206896551724138,0.20050671540708584,0.09295003844312603,0.048567055153172674,0.022189764818309636,0.17595928152538268,0.5198123182663765,Full,,,,,,,,,,,,
b3_seed3,Full,smallK5_10,randomK20,20,testA,5646,0.6186680835990082,0.8250250085467199,0.16119516845981866,0.08425593881065124,0.07693922964916741,0.6089177891314446,0.2464337388372623,0.1299989964855058,0.06427117460574767,0.023821494308030277,0.16545662408282646,0.4945221302911669,Full,,,,,,,,,,,,
b3_seed3,Full,smallK5_10,randomK20,20,testB,4640,0.503448275862069,0.787716939569064,0.26581073836879604,0.1510481103940043,0.11476262797479175,0.4305555555555555,0.15310329861111105,0.07986111111111116,0.03645833333333335,0.030967316178412384,0.18710648513640696,0.5504241636307559,Full,,,,,,,,,,,,
b3_seed3,Full,smallK5_10,randomK20,20,__pooled_test__,10286,0.566692591872448,0.8126722656975772,0.20235654188157776,0.11146098751328032,0.09089555436829744,0.5413955575499213,0.20127586342188858,0.10284278087442508,0.05107833979323599,0.023814436641757888,0.17522284567417523,0.519739458183029,Full,,,,,,,,,,,,
b3_seed3,S,smallK5_10,randomK50,50,val_select,5282,0.4307080651268459,0.7911270771131097,0.3268374225941485,0.20649586665110548,0.12034155594304302,0.36880611905553706,0.11963770920384392,0.058163262022606306,0.030002002766760613,0.02645437620502898,0.17878241325805025,0.5339829215862938,S,,,,,,,,,,,,
b3_seed3,S,smallK5_10,randomK50,50,testA,5646,0.4906128232376904,0.8059416156615435,0.2652073216644507,0.1600217806091428,0.10518554105530792,0.4464534075104312,0.1490293353220088,0.07482721476273134,0.03745958997240139,0.0387962413652731,0.17929256895699247,0.5335513001389047,S,,,,,,,,,,,,
b3_seed3,S,smallK5_10,randomK50,50,testB,4640,0.3618534482758621,0.7650142743093208,0.4187896214840846,0.27031673618713487,0.14847288529694974,0.27592029719689287,0.08687943262411357,0.04499230740365481,0.02131214561225754,0.03393540286003716,0.180283660635252,0.5404919796852607,S,,,,,,,,,,,,
b3_seed3,S,smallK5_10,randomK50,50,__pooled_test__,10286,0.43252965195411236,0.793603773880616,0.32540357844344203,0.20496534554659546,0.12043823289684658,0.3702244303580607,0.1239291221623247,0.060841712197717585,0.030894562199403834,0.03354142011563697,0.17973964900629488,0.5366822308306306,S,,,,,,,,,,,,
b3_seed3,S+Q,smallK5_10,randomK50,50,val_select,5282,0.4307080651268459,0.7908481674627335,0.3274177407868508,0.20649586665110548,0.12092187413574534,0.3734619221815763,0.1167281076761888,0.05779376938314883,0.028251735720147008,0.03333840393064194,0.17905896621054607,0.5348450071060574,S+Q,,,,,,,,,,,,
b3_seed3,S+Q,smallK5_10,randomK50,50,testA,5646,0.4906128232376904,0.8065456435181233,0.26506659213217965,0.1600217806091428,0.10504481152303685,0.45132127955493734,0.1477254987571293,0.07405462788570634,0.03819155986595858,0.0395939451896378,0.17876605194711476,0.5325648137883237,S+Q,,,,,,,,,,,,
b3_seed3,S+Q,smallK5_10,randomK50,50,testB,4640,0.3618534482758621,0.7662732456619396,0.41819076886475354,0.27031673618713487,0.14787403267761867,0.2752448497129348,0.08687943262411357,0.04649330181245082,0.023445137666862192,0.038516000619928,0.17977935743091297,0.5395780902339836,S+Q,,,,,,,,,,,,
b3_seed3,S+Q,smallK5_10,randomK50,50,__pooled_test__,10286,0.43252965195411236,0.7942490863945149,0.32519983154835985,0.20496534554659546,0.1202344860017644,0.3719376391982182,0.12328668446163718,0.06198377740380068,0.031796223380833585,0.03074809111155324,0.17922315261256527,0.5357284928382811,S+Q,,,,,,,,,,,,
b3_seed3,S+V,smallK5_10,randomK50,50,val_select,5282,0.4307080651268459,0.8017472783285886,0.32180661436410246,0.20649586665110548,0.11531074771299699,0.38543398736282003,0.12587256962024715,0.062227681056639735,0.032802430041342305,0.035097121363891384,0.17597708531433362,0.5270059679651469,S+V,,,,,,,,,,,,
b3_seed3,S+V,smallK5_10,randomK50,50,testA,5646,0.4906128232376904,0.8156762300226448,0.26077576132473596,0.1600217806091428,0.10075398071559316,0.46870653685674546,0.16163308878251006,0.07791756227083065,0.03965549965307275,0.0499681674837088,0.17679236160345516,0.5279017554985257,S+V,,,,,,,,,,,,
b3_seed3,S+V,smallK5_10,randomK50,50,testB,4640,0.3618534482758621,0.7779115397125104,0.41216189434546735,0.27031673618713487,0.14184515815833248,0.287402904424181,0.09658899020601135,0.0487447934256445,0.02131214561225754,0.04602412766345538,0.17802044084137836,0.5343182815399515,S+V,,,,,,,,,,,,
b3_seed3,S+V,smallK5_10,randomK50,50,__pooled_test__,10286,0.43252965195411236,0.8038668536755993,0.32035014934528017,0.20496534554659546,0.11538480379868471,0.38050368339900636,0.1292827696680549,0.06560031722306346,0.03287821679854898,0.043689611688311314,0.17734634640454047,0.5307962412881636,S+V,,,,,,,,,,,,
b3_seed3,Full,smallK5_10,randomK50,50,val_select,5282,0.4307080651268459,0.8029115945577535,0.32147468075065233,0.20649586665110548,0.11497881409954686,0.3821084137013635,0.13044480059227642,0.06333615897501256,0.031052162994728696,0.030590066411376335,0.17540684584264687,0.5257696033837848,Full,,,,,,,,,,,,
b3_seed3,Full,smallK5_10,randomK50,50,testA,5646,0.4906128232376904,0.8169053739901487,0.26026981231685264,0.1600217806091428,0.10024803170770985,0.4680111265646731,0.1607638644059238,0.07907644258636803,0.03965549965307275,0.04763292910104466,0.17566022097504785,0.5253432306574436,Full,,,,,,,,,,,,
b3_seed3,Full,smallK5_10,randomK50,50,testB,4640,0.3618534482758621,0.7807320056505869,0.41114656704623453,0.27031673618713487,0.14082983085909967,0.29145558932792975,0.10081053698074971,0.050245787834440336,0.02415613501839702,0.042997828455153944,0.17680823605532833,0.5316907647065052,Full,,,,,,,,,,,,
b3_seed3,Full,smallK5_10,randomK50,50,__pooled_test__,10286,0.43252965195411236,0.8056591958977871,0.31968595346687334,0.20496534554659546,0.11472060792027788,0.3832448175432585,0.13163837457057603,0.06579066142407737,0.03377987797997873,0.042602673134314546,0.17617808894826403,0.5282065942572537,Full,,,,,,,,,,,,
b3_seed3,S,smallK5_10,rand5,5,testA,5385,0.8263695450324977,0.8534838670912696,0.04518183762328314,0.01603086272713025,0.02915097489615289,0.8631270217299353,0.44919786096256653,0.25022589638665077,0.12866627922048066,0.012863882301673,0.10805483364602264,0.33305203678165163,S,,,,,,,,,,,,
b3_seed3,S,smallK5_10,rand5,5,testB,4102,0.7379327157484155,0.8098336675348222,0.0954402372631542,0.037807591459944334,0.05763264580320987,0.7097674418604653,0.30008531383302833,0.14629947844490912,0.07272881345817565,0.021562776263082846,0.14969891764902332,0.44601368807560887,S,,,,,,,,,,,,
b3_seed3,S,smallK5_10,rand5,5,__pooled_test__,9487,0.7881311268051017,0.8375763951407866,0.06365368214256495,0.024222103975527404,0.039431578167037545,0.8209143993355315,0.37565479584947453,0.19907063814316406,0.09927561791618877,0.014345562758252828,0.12606095070940504,0.38189452583064637,S,,,,,,,,,,,,
b3_seed3,S+Q,smallK5_10,rand5,5,testA,5385,0.8263695450324977,0.8530466862945383,0.04536947022596311,0.01603086272713025,0.02933860749883286,0.8567111008735262,0.4451871657754008,0.24547297021477493,0.12866627922048066,0.014715644645693927,0.1081039320517173,0.33357941759083326,S+Q,,,,,,,,,,,,
b3_seed3,S+Q,smallK5_10,rand5,5,testB,4102,0.7379327157484155,0.8102894108066164,0.09535742998437978,0.037807591459944334,0.057549838524435445,0.7134883720930232,0.3012479628133724,0.15353422862757912,0.0776246486563904,0.022237209653509376,0.14949468883931719,0.4456698949346123,S+Q,,,,,,,,,,,,
b3_seed3,S+Q,smallK5_10,rand5,5,__pooled_test__,9487,0.7881311268051017,0.8375689427677714,0.06374711993661294,0.024222103975527404,0.03952501596108554,0.8169347193207656,0.3744110803033583,0.2007288769875885,0.1024176797141556,0.013935733179818452,0.12600051520157868,0.38204522744264957,S+Q,,,,,,,,,,,,
b3_seed3,S+V,smallK5_10,rand5,5,testA,5385,0.8263695450324977,0.8524145887159766,0.04566257326459561,0.01603086272713025,0.029631710537465356,0.8674043023008752,0.45053475935828863,0.2561670541014951,0.13542080418776375,0.012175101864406998,0.1078780602462049,0.33397891074212666,S+V,,,,,,,,,,,,
b3_seed3,S+V,smallK5_10,rand5,5,testB,4102,0.7379327157484155,0.8112688132389886,0.09548137381819977,0.037807591459944334,0.05767378235825543,0.7246511627906974,0.3035732607740601,0.15146715714681638,0.0786038156960331,0.019795150940864256,0.14914988961040546,0.4458830190309315,S+V,,,,,,,,,,,,
b3_seed3,S+V,smallK5_10,rand5,5,__pooled_test__,9487,0.7881311268051017,0.837749862430525,0.06397376517138967,0.024222103975527404,0.039751661195862265,0.8020109192653934,0.380629658033941,0.20404535467643634,0.11079651117540042,0.011942960587932218,0.1257232214195949,0.38236413812704045,S+V,,,,,,,,,,,,
b3_seed3,Full,smallK5_10,rand5,5,testA,5385,0.8263695450324977,0.8522845640809951,0.04571896961325266,0.01603086272713025,0.02968810688612241,0.8545724605880564,0.44385026737967936,0.24903766484368167,0.13542080418776375,0.01610384690425093,0.10789195407509611,0.3341123263055472,Full,,,,,,,,,,,,
b3_seed3,Full,smallK5_10,rand5,5,testB,4102,0.7379327157484155,0.8128530051244228,0.09502954554620371,0.037807591459944334,0.05722195408625938,0.7209302325581395,0.3117118036364664,0.1545677643679609,0.07664548161674728,0.0262743168562845,0.14856626445122292,0.44460697418610906,Full,,,,,,,,,,,,
b3_seed3,Full,smallK5_10,rand5,5,__pooled_test__,9487,0.7881311268051017,0.8383877722528191,0.06385178400532834,0.024222103975527404,0.03962968002980094,0.8049956792764674,0.3843608046722908,0.2001761307061135,0.1087018033100892,0.012437409769025676,0.1254787592993896,0.38188812957381585,Full,,,,,,,,,,,,
b3_seed3,S,smallK5_10,hard5,5,testA,5385,0.680594243268338,0.8208597988514864,0.12296500260047567,0.05752059528995612,0.06544440731051955,0.6802919282549935,0.2681686046511629,0.137685861789359,0.07287272487590236,0.01512661951819273,0.15809068577205232,0.4705895001330261,S,,,,,,,,,,,,
b3_seed3,S,smallK5_10,hard5,5,testB,4102,0.5404680643588493,0.7830882414522935,0.23585930834802588,0.12697127273805364,0.10888803560997223,0.46419098143236087,0.15461232961075366,0.06990007788005335,0.03394912362022354,0.021057587521932347,0.18692991903221043,0.548752185115902,S,,,,,,,,,,,,
b3_seed3,S,smallK5_10,hard5,5,__pooled_test__,9487,0.620006324443976,0.811188604742082,0.16388633742370437,0.08361478013695539,0.08027155728674898,0.5978232523219345,0.21710090106882007,0.10594477260977161,0.05252237752434338,0.011524165302441382,0.1705602267052418,0.5043855719997655,S,,,,,,,,,,,,
b3_seed3,S+Q,smallK5_10,hard5,5,testA,5385,0.680594243268338,0.8243860845839017,0.12158200363972871,0.05752059528995612,0.06406140834977259,0.697730550350176,0.27616279069767463,0.13510214901569428,0.07042486408349538,0.014036945330536923,0.15669605613670623,0.46712617227822,S+Q,,,,,,,,,,,,
b3_seed3,S+Q,smallK5_10,hard5,5,testB,4102,0.5404680643588493,0.7854012100850792,0.23481473364472658,0.12697127273805364,0.10784346090667293,0.4684350132625996,0.1612428211432183,0.06931066094588337,0.03618276726503229,0.015169211666645954,0.18602284546729564,0.5468299535539747,S+Q,,,,,,,,,,,,
b3_seed3,S+Q,smallK5_10,hard5,5,__pooled_test__,9487,0.620006324443976,0.8138671732231811,0.16267128730162722,0.08361478013695539,0.07905650716467183,0.6061441505497565,0.22576896018010403,0.10748571578004111,0.05339831985637019,0.0113441355886539,0.16937640712585747,0.5015885851372002,S+Q,,,,,,,,,,,,
b3_seed3,S+V,smallK5_10,hard5,5,testA,5385,0.680594243268338,0.8458808972365874,0.11485195880410752,0.05752059528995612,0.0573313635141514,0.7174943220580488,0.3161337209302326,0.17321191242725073,0.09490347200756417,0.027924109891750072,0.14769308329908096,0.4468028652712106,S+V,,,,,,,,,,,,
b3_seed3,S+V,smallK5_10,hard5,5,testB,4102,0.5404680643588493,0.8204123190824698,0.21994985521140753,0.12697127273805364,0.09297858247335389,0.517241379310345,0.20500406525748527,0.09996034152271324,0.04735098548907582,0.03885623171319805,0.17404507412957354,0.5194895315486336,S+V,,,,,,,,,,,,
b3_seed3,S+V,smallK5_10,hard5,5,__pooled_test__,9487,0.620006324443976,0.8393277688200821,0.15341883303773865,0.08361478013695539,0.06980405290078326,0.630552118684701,0.27014942282987875,0.1389209564535339,0.07091716649690637,0.022444419739663272,0.1590871874823508,0.4782312098553773,S+V,,,,,,,,,,,,
b3_seed3,Full,smallK5_10,hard5,5,testA,5385,0.680594243268338,0.8493721247501507,0.11346584436848314,0.05752059528995612,0.05594524907852702,0.7267949205088129,0.32776162790697677,0.1764415533943318,0.09367954161136086,0.030552711441171644,0.1460067966155034,0.4425374663635104,Full,,,,,,,,,,,,
b3_seed3,Full,smallK5_10,hard5,5,testB,4102,0.5404680643588493,0.8228939865447727,0.21875470418166665,0.12697127273805364,0.091783431443613,0.5193633952254642,0.20301491779774591,0.10290742619356222,0.049584629133884575,0.03745272022950962,0.17290039384685538,0.5169069712876034,Full,,,,,,,,,,,,
b3_seed3,Full,smallK5_10,hard5,5,__pooled_test__,9487,0.620006324443976,0.8424163424840164,0.1520344898832983,0.08361478013695539,0.0684197097463429,0.6349899310728729,0.27292320174548973,0.1376882019173187,0.07091716649690637,0.023280688118379276,0.15763508119893396,0.4746934386623013,Full,,,,,,,,,,,,
b3_seed3,S,smallK5_10,expb_m0,10,testA,4325,0.7988439306358381,0.8582151471297637,0.05417374158983826,0.021743964085007284,0.032429777504830976,0.8689958072281474,0.4324712643678162,0.2350918683992193,0.12528008324871376,0.02119916677595824,0.11634340028056547,0.3557722276426096,S,,,,,,,,,,,,
b3_seed3,S,smallK5_10,expb_m0,10,testB,3085,0.6641815235008104,0.7998501010946106,0.14212470326418564,0.06403553782233201,0.07808916544185363,0.6005155929005573,0.2507239382239381,0.12392438994887675,0.06023054052736754,0.028477419149240544,0.169921017018794,0.5014340749305913,S,,,,,,,,,,,,
b3_seed3,S,smallK5_10,expb_m0,10,__pooled_test__,7410,0.7427800269905533,0.8393377743783401,0.08337442249980795,0.036350366521194444,0.047024055978613505,0.7733473242392447,0.3487670514165791,0.18736154832692054,0.0937850269483923,0.0226225692167284,0.13864933113581984,0.4164155203394279,S,,,,,,,,,,,,
b3_seed3,S+Q,smallK5_10,expb_m0,10,testA,4325,0.7988439306358381,0.8558780378262388,0.054853021162684944,0.021743964085007284,0.03310905707767766,0.8598025305424036,0.42241379310344845,0.23253791804329044,0.12769977873073676,0.02242366474786241,0.11701838452582047,0.35785696132895617,S+Q,,,,,,,,,,,,
b3_seed3,S+Q,smallK5_10,expb_m0,10,testB,3085,0.6641815235008104,0.7982267458841398,0.14294175041878293,0.06403553782233201,0.07890621259645092,0.6024454692633564,0.24589768339768325,0.1271413138535932,0.06531037544343583,0.029851396487155294,0.17071095689301893,0.5034545405263026,S+Q,,,,,,,,,,,,
b3_seed3,S+Q,smallK5_10,expb_m0,10,__pooled_test__,7410,0.7427800269905533,0.8374380780399717,0.08409559883160166,0.036350366521194444,0.04774523231040721,0.7607555089192025,0.34679958027282265,0.1844467762620961,0.09709842721549142,0.023054587910657072,0.13937217477586195,0.41847349733756795,S+Q,,,,,,,,,,,,
b3_seed3,S+V,smallK5_10,expb_m0,10,testA,4325,0.7988439306358381,0.857119949431941,0.05473018154388872,0.021743964085007284,0.03298621745888144,0.8483109346852233,0.4382183908045975,0.24658464500090055,0.13737856065882878,0.018606075689421464,0.11628260533090479,0.3567078631909003,S+V,,,,,,,,,,,,
b3_seed3,S+V,smallK5_10,expb_m0,10,testB,3085,0.6641815235008104,0.8025037168521795,0.1413903396627504,0.06403553782233201,0.0773548018404184,0.6043753456261557,0.25313706563706556,0.13250285369478731,0.06327844147700852,0.03412214636769435,0.16944007336650646,0.5007940268356746,S+V,,,,,,,,,,,,
b3_seed3,S+V,smallK5_10,expb_m0,10,__pooled_test__,7410,0.7427800269905533,0.8398128652785574,0.08357865883694271,0.036350366521194444,0.047228292315748266,0.7701993704092338,0.35729275970619107,0.19027632039174538,0.09544172708194208,0.025708553418600184,0.13841361597730575,0.4166951526435492,S+V,,,,,,,,,,,,
b3_seed3,Full,smallK5_10,expb_m0,10,testA,4325,0.7988439306358381,0.8548576941630487,0.055288922461105325,0.021743964085007284,0.03354495837609804,0.8483109346852233,0.43534482758620713,0.236368843577184,0.12890962647174856,0.020652287433211177,0.11708563325835748,0.35876999621140854,Full,,,,,,,,,,,,
b3_seed3,Full,smallK5_10,expb_m0,10,testB,3085,0.6641815235008104,0.801015091644667,0.14198203195860082,0.06403553782233201,0.0779464941362688,0.606305221988955,0.24348455598455582,0.13035823775830965,0.06835827639307682,0.031525779153234075,0.1696925675703819,0.5013898128416594,Full,,,,,,,,,,,,
b3_seed3,Full,smallK5_10,expb_m0,10,__pooled_test__,7410,0.7427800269905533,0.838089802856341,0.08413683592992385,0.036350366521194444,0.04778646940872941,0.7597061909758658,0.35270199370409233,0.1867785939139559,0.09765066059334164,0.024631010900456055,0.1389874405933906,0.4181468024603051,Full,,,,,,,,,,,,
b3_seed3,S,smallK5_10,expb_m2,10,testA,4325,0.6732947976878613,0.7971298208161266,0.1387149096800896,0.06036862583494523,0.07834628384514436,0.6066019286599338,0.2445152158527956,0.12411974311414918,0.06959883169477464,0.02820947152322571,0.16914363146724984,0.5018500515466564,S,,,,,,,,,,,,
b3_seed3,S,smallK5_10,expb_m2,10,testB,3085,0.506320907617504,0.7133071814760106,0.3089403575315569,0.14908487699252626,0.15985548053903065,0.2976669252494373,0.10456336178594891,0.057585631527714266,0.0331543199878672,0.04940953073303589,0.21539803977562486,0.6179202201062266,S,,,,,,,,,,,,
b3_seed3,S,smallK5_10,expb_m2,10,__pooled_test__,7410,0.6037786774628879,0.7740807773402243,0.19425358779199015,0.09158625423778438,0.10266733355420576,0.508174386920981,0.18000681198910096,0.0921132303966092,0.04746475956774839,0.03471539685472173,0.1884006961948257,0.5501734618039134,S,,,,,,,,,,,,
b3_seed3,S+Q,smallK5_10,expb_m2,10,testA,4325,0.6732947976878613,0.7981177527355872,0.13830056125864695,0.06036862583494523,0.07793193542370172,0.6165076354922375,0.24716914366595888,0.1272647350598793,0.06885391482663575,0.02805981279826484,0.16879403632101353,0.5010674183657268,S+Q,,,,,,,,,,,,
b3_seed3,S+Q,smallK5_10,expb_m2,10,testB,3085,0.506320907617504,0.7148259340559563,0.30784510448255314,0.14908487699252626,0.15876022749002688,0.30160524155644974,0.10538411030860147,0.05831505441352872,0.03384541768623184,0.044955771054570895,0.21465599512393188,0.6160163175702733,S+Q,,,,,,,,,,,,
b3_seed3,S+Q,smallK5_10,expb_m2,10,__pooled_test__,7410,0.6037786774628879,0.7753775522881827,0.1935576875570244,0.09158625423778438,0.10197143331924002,0.5074931880108992,0.18128405994550414,0.0921132303966092,0.047106259289076156,0.03331481545709848,0.18788771282668199,0.5489240113543942,S+Q,,,,,,,,,,,,
b3_seed3,S+V,smallK5_10,expb_m2,10,testA,4325,0.6732947976878613,0.8003986238460761,0.13789013908686248,0.06036862583494523,0.07752151325191725,0.6066019286599338,0.26043878273177623,0.13434096693777225,0.06885391482663575,0.03222466377296779,0.16810549054027846,0.4999910215447094,S+V,,,,,,,,,,,,
b3_seed3,S+V,smallK5_10,expb_m2,10,testB,3085,0.506320907617504,0.7274101842596197,0.3022437158958878,0.14908487699252626,0.15315883890336152,0.3357373162172248,0.12344057780695995,0.06196216884260101,0.03868310157478434,0.05179552659356329,0.21060356037388053,0.6071048330080008,S+V,,,,,,,,,,,,
b3_seed3,S+V,smallK5_10,expb_m2,10,__pooled_test__,7410,0.6037786774628879,0.7813687987147052,0.19155962799196707,0.09158625423778438,0.09997337375418269,0.513623978201635,0.19575953678474126,0.09778988798062378,0.05104976235447131,0.03202125043597015,0.1857986815573719,0.544585638058104,S+V,,,,,,,,,,,,
b3_seed3,Full,smallK5_10,expb_m2,10,testA,4325,0.6732947976878613,0.8019294930122955,0.13713583853601383,0.06036862583494523,0.0767672127010686,0.6165076354922375,0.26220806794055196,0.13198222297847473,0.07034374856291319,0.029415902532761166,0.16735881332330083,0.4980435857607057,Full,,,,,,,,,,,,
b3_seed3,Full,smallK5_10,expb_m2,10,testB,3085,0.506320907617504,0.7298448963944234,0.300677858745095,0.14908487699252626,0.15159298175256875,0.3396756325242375,0.12508207485226527,0.06269159172841546,0.03868310157478434,0.05118546782798735,0.20987048123808735,0.6053454972879864,Full,,,,,,,,,,,,
b3_seed3,Full,smallK5_10,expb_m2,10,__pooled_test__,7410,0.6037786774628879,0.7830759069355002,0.1906449519280471,0.09158625423778438,0.09905869769026271,0.526566757493188,0.19490803814713914,0.10157432636996694,0.05355926430517724,0.033661719563605516,0.18505766561980774,0.5427165138392024,Full,,,,,,,,,,,,
b3_seed3,S,smallK5_10,expb_m4,10,testA,4325,0.6404624277456648,0.8047179820539311,0.15510815340551812,0.07417004580084868,0.08093810760466943,0.5730890614292107,0.2371382636655947,0.12980095364505334,0.07130375718268801,0.02726122341441039,0.17167862462309505,0.5072857935368021,S,,,,,,,,,,,,
b3_seed3,S,smallK5_10,expb_m4,10,testB,3085,0.4622366288492707,0.7442941598675084,0.3324221646646882,0.18106537885548057,0.15135678580920764,0.32270296897810286,0.11467751657625061,0.05783492795704292,0.026129201491651603,0.04069344435449826,0.20300000421032205,0.591947869228506,S,,,,,,,,,,,,
b3_seed3,S,smallK5_10,expb_m4,10,__pooled_test__,7410,0.5662618083670715,0.7915285722675401,0.2133935796489645,0.11170580973610361,0.10168776991286088,0.4971997510889856,0.1863721219663969,0.09631473414920844,0.046673024975957565,0.03355551946782017,0.18471863218403908,0.5425330949550081,S,,,,,,,,,,,,
b3_seed3,S+Q,smallK5_10,expb_m4,10,testA,4325,0.6404624277456648,0.8066669762150742,0.15429297783666718,0.07417004580084868,0.0801229320358185,0.578232566713196,0.23954983922829579,0.12837205537517674,0.07333443409846953,0.02752885496329684,0.17092330812799747,0.5055597002161385,S+Q,,,,,,,,,,,,
b3_seed3,S+Q,smallK5_10,expb_m4,10,testB,3085,0.4622366288492707,0.7462051946668561,0.3314919633535863,0.18106537885548057,0.15042658449810575,0.3263184335565115,0.11769138034960808,0.05649567412329317,0.0248603144577645,0.03941327869184338,0.20237858309821177,0.5905001796871971,S+Q,,,,,,,,,,,,
b3_seed3,S+Q,smallK5_10,expb_m4,10,__pooled_test__,7410,0.5662618083670715,0.7932975251862235,0.21254821510985544,0.11170580973610361,0.10084240537375183,0.4996888612321096,0.18676104542626024,0.09562331466500719,0.04634553374441354,0.03175885642127042,0.18401906025797193,0.540922909280675,S+Q,,,,,,,,,,,,
b3_seed3,S+V,smallK5_10,expb_m4,10,testA,4325,0.6404624277456648,0.8164716124763486,0.15060514393817892,0.07417004580084868,0.07643509813733024,0.6000924641701342,0.25803858520900314,0.13551654672456034,0.07130375718268801,0.03171104075032745,0.16733251412140743,0.49746049766548717,S+V,,,,,,,,,,,,
b3_seed3,S+V,smallK5_10,expb_m4,10,testB,3085,0.4622366288492707,0.7665041800980161,0.3213700893252953,0.18106537885548057,0.14030471046981474,0.36006276962165934,0.12974683544303778,0.06453119712579188,0.033742523694974214,0.03966876734093697,0.19578753311350236,0.5754789257708409,S+V,,,,,,,,,,,,
b3_seed3,S+V,smallK5_10,expb_m4,10,__pooled_test__,7410,0.5662618083670715,0.8058210088963739,0.20716529068222456,0.11170580973610361,0.09545948094612094,0.5152457996266334,0.20154013690105793,0.10288321924911843,0.05191288468065843,0.03242978314439528,0.17917917182594362,0.5299418540359346,S+V,,,,,,,,,,,,
b3_seed3,Full,smallK5_10,expb_m4,10,testA,4325,0.6404624277456648,0.8187073258500006,0.14950683462652042,0.07417004580084868,0.07533678882567174,0.6103794747381047,0.25562700964630236,0.1376598941293757,0.07265754179320892,0.02931573575922477,0.16615554596684762,0.49442925664768506,Full,,,,,,,,,,,,
b3_seed3,Full,smallK5_10,expb_m4,10,testB,3085,0.4622366288492707,0.7692213072137443,0.319799960472865,0.18106537885548057,0.13873458161738444,0.3733194730758246,0.12974683544303778,0.0665400778764165,0.032473636661087116,0.04598545542297654,0.19498749718184905,0.5737884424470506,Full,,,,,,,,,,,,
b3_seed3,Full,smallK5_10,expb_m4,10,__pooled_test__,7410,0.5662618083670715,0.8081809475109788,0.20594174477589963,0.11170580973610361,0.09423593503979602,0.5227131300560051,0.20465152457996275,0.10150038028071622,0.05355034083837754,0.032291122484276256,0.17815913159414576,0.5274688097099041,Full,,,,,,,,,,,,
b3_seed3,S,smallK5_10,expb_m8,10,testA,4325,0.619421965317919,0.8298287340854139,0.15575876281747866,0.08389439422625372,0.07186436859122494,0.62584592638032,0.2413426488456867,0.12188949290233057,0.05870023630077964,0.02374073292828165,0.162884571474229,0.48590367643714055,S,,,,,,,,,,,,
b3_seed3,S,smallK5_10,expb_m8,10,testB,3085,0.4421393841166937,0.7742612816322775,0.3308456151849991,0.1970173570227507,0.13382825816224841,0.34245602433889183,0.11751888436955273,0.053692268001222926,0.025129796276989566,0.032338008745239004,0.18810450543372664,0.5584340695240081,S,,,,,,,,,,,,
b3_seed3,S,smallK5_10,expb_m8,10,__pooled_test__,7410,0.5456140350877193,0.8159820539241761,0.21460869619445594,0.12382927626324297,0.09077941993121297,0.5325215325215324,0.18770418770418767,0.08985908985908968,0.04341435591435578,0.023763053269860317,0.17338436854103742,0.516100203113657,S,,,,,,,,,,,,
b3_seed3,S+Q,smallK5_10,expb_m8,10,testA,4325,0.619421965317919,0.8328920268666289,0.1543432687242085,0.08389439422625372,0.07044887449795478,0.6464972875866007,0.24513973268529776,0.11783979033308706,0.06125811609344036,0.02099235901882039,0.16142930559007396,0.4824531763826038,S+Q,,,,,,,,,,,,
b3_seed3,S+Q,smallK5_10,expb_m8,10,testB,3085,0.4421393841166937,0.7770822221957159,0.3293718393780508,0.1970173570227507,0.13235448235530012,0.3563968860136857,0.1196978500871587,0.053692268001222926,0.025741383606803052,0.03828680680518603,0.18725430795270065,0.5564290653342153,S+Q,,,,,,,,,,,,
b3_seed3,S+Q,smallK5_10,expb_m8,10,__pooled_test__,7410,0.5456140350877193,0.8185610273169016,0.2132409160079043,0.12382927626324297,0.08941163974466132,0.5396495396495397,0.1888179388179387,0.09282909282909267,0.044664794664794616,0.02430182698174332,0.17218101035238212,0.5132515053185986,S+Q,,,,,,,,,,,,
b3_seed3,S+V,smallK5_10,expb_m8,10,testA,4325,0.619421965317919,0.8526290390540349,0.14663335938019928,0.08389439422625372,0.06273896515394556,0.6671486487928819,0.2808323207776428,0.13066384846902523,0.06637387567876238,0.03748616513583722,0.153229308312042,0.4634340744905002,S+V,,,,,,,,,,,,
b3_seed3,S+V,smallK5_10,expb_m8,10,testB,3085,0.4421393841166937,0.8080546330391694,0.3146206560899481,0.1970173570227507,0.11760329906719741,0.3935725171464692,0.14294015107495656,0.06660233255782297,0.03369201889438115,0.056997725612141066,0.17800528578368036,0.5341899871481887,S+V,,,,,,,,,,,,
b3_seed3,S+V,smallK5_10,expb_m8,10,__pooled_test__,7410,0.5456140350877193,0.840406159476157,0.20369497385949287,0.12382927626324297,0.0798656975962499,0.5675675675675677,0.2122067122067121,0.10569910569910566,0.05154220779220784,0.03423844139945801,0.16354427329179966,0.4928918329991329,S+V,,,,,,,,,,,,
b3_seed3,Full,smallK5_10,expb_m8,10,testA,4325,0.619421965317919,0.8559989332447999,0.1449891014532291,0.08389439422625372,0.06109470722697538,0.6780817223726777,0.28159173754556505,0.13066384846902523,0.06829228552325799,0.03766491886905877,0.15148897903577743,0.4590520696022028,Full,,,,,,,,,,,,
b3_seed3,Full,smallK5_10,expb_m8,10,testB,3085,0.4421393841166937,0.8121505773939656,0.31243628762242215,0.1970173570227507,0.11541893059967145,0.40518990187546394,0.15092969203951204,0.06982984869697294,0.034303606224194635,0.04937286288361983,0.17660338920321125,0.5308231040223189,Full,,,,,,,,,,,,
b3_seed3,Full,smallK5_10,expb_m8,10,__pooled_test__,7410,0.5456140350877193,0.8439626700818885,0.20187114652783028,0.12382927626324297,0.07804187026458731,0.5764775764775764,0.21257796257796246,0.10800910800910783,0.05279264654264643,0.04008015242977552,0.16194484345771176,0.4889324530281216,Full,,,,,,,,,,,,
b3_mean,S,smallK5_10,randomK5,5,val_select,5282.0,0.7872649249021836,0.8433035341625782,0.06361849541210989,0.02442957860321605,0.039188916808893845,0.8243981772237553,0.39895318571306193,0.204027289753047,0.10662568482436291,0.014964538295470273,0.12388393620500869,0.3792701116405177,S,0.0013431652564554234,0.0012557371407718341,0.00037760598416701393,0.00032096190152617915,0.00020361879869809055,0.005551012253405568,0.008567023665722675,0.01032603194560997,0.0041480248211416895,0.0017193428289518518,0.0008453836797582278,0.0013417909472259954
b3_mean,S,smallK5_10,randomK5,5,testA,5646.0,0.8222340299917347,0.8595188650331652,0.0451440288998621,0.016836096727065226,0.028307932172796868,0.8802410908585783,0.45736433047311964,0.24841068375614386,0.13371283087522187,0.01339636801530214,0.10805196329424528,0.3318422292869316,S,0.003901927415718089,0.0051991305882919045,0.000586630688569736,0.0007629205727862342,0.000700160818623645,0.013649554983357381,0.009656478877268556,0.008722067756134046,0.0031983537678602226,0.0011712483102419749,0.0011926457881243947,0.0026486004692749
b3_mean,S,smallK5_10,randomK5,5,testB,4640.0,0.7497126436781608,0.8139801017944365,0.08797854745930073,0.034321422691326216,0.05365712476797452,0.7348062196187891,0.3064956415536128,0.15518323028630301,0.08090901901153476,0.02032291188580144,0.1453376046193469,0.43378155286856196,S,0.0007568716776474704,0.004661233729902703,0.0017950045518096828,0.000218082594762394,0.0015938669378621193,0.011375159483814776,0.016666276639116125,0.0068665920183548,0.0020344632020599974,0.004413586445660288,0.0018980006211905796,0.00488707413395253
b3_mean,S,smallK5_10,randomK5,5,__pooled_test__,10286.0,0.789519735562901,0.8408497894950998,0.06202184024969968,0.02389498946918811,0.03812685078051158,0.8256881090853238,0.3845680130098799,0.1987972519793518,0.10492710501078106,0.014709682304460459,0.12487146317257229,0.37782691346141783,S,0.00232311941383407,0.0025482476083489975,0.0010539783625287873,0.0005480040248816719,0.0007115031103884252,0.006277850512119184,0.006335329231353431,0.006521296514309385,0.0018494955545528082,0.0013038471340410139,0.0013942916569082903,0.003291147416531005
b3_mean,S+Q,smallK5_10,randomK5,5,val_select,5282.0,0.7872649249021836,0.843038344259183,0.0636268582597543,0.02442957860321605,0.03919727965653825,0.8196378553832164,0.4004372228156932,0.20202234373061587,0.11130232930305116,0.014846505307242597,0.12395566081872651,0.37942614058005025,S+Q,0.0013431652564554234,0.001950683850179514,0.000461209192120882,0.00032096190152617915,0.00040192390301667266,0.01178459978170876,0.007427806404725864,0.012186486439576786,0.00876858320254685,0.0009809113021136456,0.0009325648489603955,0.001747387239396519
b3_mean,S+Q,smallK5_10,randomK5,5,testA,5646.0,0.8222340299917347,0.8592390025705091,0.04530087683137184,0.016836096727065226,0.028464780104306614,0.877555233701956,0.4622015932034229,0.24506545607663419,0.13166930046296707,0.014182353100149004,0.1080701935256822,0.3322082869685217,S+Q,0.003901927415718089,0.005700689683582447,0.0006430837207971428,0.0007629205727862342,0.0008238987067089493,0.015819331670549025,0.016915416122960814,0.009764439717168609,0.002801475651850219,0.0018504923546042876,0.0012672626124865605,0.00297597501519114
b3_mean,S+Q,smallK5_10,randomK5,5,testB,4640.0,0.7497126436781608,0.815826950166355,0.0873938260339346,0.034321422691326216,0.053072403342608376,0.7388183407197021,0.3104276489267719,0.1571058025495038,0.07879633866227906,0.020269415225694767,0.14478177072953133,0.4323235572467104,S+Q,0.0007568716776474704,0.003912416131160873,0.0016010764180320063,0.000218082594762394,0.0013863512875193428,0.012503642046418486,0.009354316518118664,0.005708655821733203,0.004695919721564915,0.0022176754513067998,0.001747954466403188,0.004547143389217886
b3_mean,S+Q,smallK5_10,randomK5,5,__pooled_test__,10286.0,0.789519735562901,0.8415768375033877,0.06190350063297506,0.02389498946918811,0.03800851116378695,0.8250959768653007,0.38419099657176403,0.20289932021902132,0.10476891861533878,0.014335175659906751,0.12463073389374167,0.37737014328689583,S+Q,0.00232311941383407,0.0030785315736803994,0.0010125622045273068,0.0005480040248816719,0.0007889359497186627,0.0074968850545262785,0.006615394641225988,0.006118280349822154,0.0007738466882872856,0.003565115016366112,0.001410524933079248,0.003400838211117367
b3_mean,S+V,smallK5_10,randomK5,5,val_select,5282.0,0.7872649249021836,0.8423359081272007,0.06370279302757113,0.02442957860321605,0.039273214424355087,0.8166693521954728,0.40194930200854545,0.20600080019913977,0.11037146098955748,0.018652848879178518,0.12422058744424445,0.3800662944047377,S+V,0.0013431652564554234,0.0021806780311127726,0.00046911569255191966,0.00032096190152617915,0.00037902027638697796,0.001748935535843735,0.008707340360883973,0.010237798903359924,0.003935470697847686,0.003086375648566744,0.0011734776359236454,0.0019498295116862836
b3_mean,S+V,smallK5_10,randomK5,5,testA,5646.0,0.8222340299917347,0.8582118403832074,0.04564665431742695,0.016836096727065226,0.02881055759036172,0.8710998548937517,0.4610469728936674,0.25837972246399604,0.13824122531609695,0.014607760385102768,0.10812088057207714,0.3333676952108831,S+V,0.003901927415718089,0.004647253689335449,0.0005246866491131433,0.0007629205727862342,0.0005668498028710235,0.003509935352513849,0.011920699458950268,0.00406239815020519,0.008492403216879834,0.002287344759981483,0.0011387034816101452,0.002263262119529749
b3_mean,S+V,smallK5_10,randomK5,5,testB,4640.0,0.7497126436781608,0.8163684941588141,0.08767108552527632,0.034321422691326216,0.053349662833950116,0.7319553668090758,0.3136687578191726,0.16506240721220575,0.08332315503014442,0.021703839166820702,0.144406962276941,0.43237059123849514,S+V,0.0007568716776474704,0.0037623342697238006,0.001658588683288779,0.000218082594762394,0.0014464894945466185,0.020618990239873566,0.012933407230545419,0.005049866646222174,0.0038642839502234976,0.002791776790913517,0.0015437762588874355,0.004158371409171884
b3_mean,S+V,smallK5_10,randomK5,5,__pooled_test__,10286.0,0.789519735562901,0.8410464262167657,0.062280146378438435,0.02389498946918811,0.03838515690925033,0.8115184499935607,0.3895824729368316,0.20662660189239268,0.11109812817672653,0.01406748484978129,0.12448948052449481,0.37802776108373165,S+V,0.00232311941383407,0.002482960995979412,0.0010096571684893147,0.0005480040248816719,0.0006639166097976916,0.008572552889420503,0.005064589695571348,0.0012540477735823782,0.0021178039874027253,0.003925510440107912,0.00130849048014264,0.003062899475213699
b3_mean,Full,smallK5_10,randomK5,5,val_select,5282.0,0.7872649249021836,0.8420907875554553,0.06370810406588749,0.02442957860321605,0.039278525462671444,0.8137011450502745,0.4004674850148479,0.20467310524063861,0.11192950408293006,0.018612211560727926,0.12434270472110927,0.3803510685433194,Full,0.0013431652564554234,0.0022574183623422324,0.0005736024912199488,0.00032096190152617915,0.0004650674021929709,0.006787135112818569,0.016796945816194807,0.009040404879016016,0.00555772199718835,0.0017009725037234968,0.0011972409167765622,0.0022043527512468418
b3_mean,Full,smallK5_10,randomK5,5,testA,5646.0,0.8222340299917347,0.8580710318697341,0.045717930056879276,0.016836096727065226,0.02888183332981406,0.8683653115046829,0.4580801076168897,0.24915666710454457,0.1361669890874079,0.015315865406359331,0.1081287036771334,0.33347122047566186,Full,0.003901927415718089,0.004825257982224376,0.0005406139253752474,0.0007629205727862342,0.0005874045717941275,0.008140772863530507,0.017776175757810927,0.008446009021905992,0.008741096511177635,0.00184295861125271,0.001206684515696431,0.0024456786653171986
b3_mean,Full,smallK5_10,randomK5,5,testB,4640.0,0.7497126436781608,0.8189134048431925,0.08687327493506634,0.034321422691326216,0.05255185224374012,0.7376738843418128,0.32192441314741943,0.16664952012968304,0.08695135858943241,0.019454754091429858,0.14348717262738037,0.43008719880994173,Full,0.0007568716776474704,0.003379439492525708,0.0015420147588599627,0.000218082594762394,0.0013239403669725006,0.00804576230593498,0.0134027597981096,0.008959886538909112,0.0021280535708004425,0.0034049306218555155,0.001450131904464006,0.003976629101528828
b3_mean,Full,smallK5_10,randomK5,5,__pooled_test__,10286.0,0.789519735562901,0.8422557948933225,0.06200601341180622,0.02389498946918811,0.03811102394261811,0.8149112684625557,0.3897869327815977,0.206448490187232,0.11270437302768248,0.013735122046799267,0.1240788588326016,0.3770545511650512,Full,0.00232311941383407,0.0029412981157957876,0.0009567735383037406,0.0005480040248816719,0.0007051839322796476,0.0035207839130053974,0.008782371605355128,0.0014272708266940522,0.00036127101873281747,0.004233742184848442,0.0013154776951713088,0.003122505036939121
b3_mean,S,smallK5_10,randomK10,10,val_select,5282.0,0.6694433926542976,0.8089865860316373,0.13393199314523377,0.06190704481266409,0.07202494833256969,0.63729362940321,0.24999397034483503,0.12630115774076442,0.06172730951623823,0.019805250493153806,0.16517538439950513,0.4882892403955285,S,0.002788890545750924,0.0033063439341499104,0.0012587463172264812,0.001120918759656828,0.0006360179350920397,0.005382577241107046,0.00992251512118658,0.002241894230963873,0.003915550076242564,0.004392352370921236,0.0012620545498459204,0.0022503550448539043
b3_mean,S,smallK5_10,randomK10,10,testA,5646.0,0.7225764553075925,0.825085334353298,0.09897538217159278,0.042639961423591305,0.056335420748001463,0.7135698042940013,0.31162832523626677,0.15950103410822203,0.085191147973823,0.01624023476891946,0.14778964301921318,0.4433210032546886,S,0.003179887356121194,0.004008051263016282,0.0015674149299061187,0.001029900112573407,0.0008495430125986685,0.0020242502010968506,0.017696881336409308,0.007498381042761204,0.002254343746763854,0.004231112784558798,0.0017978782851030078,0.003253032261599988
b3_mean,S,smallK5_10,randomK10,10,testB,4640.0,0.618462643678161,0.7846237470000254,0.1797533770935137,0.08436124339662254,0.09539213369689115,0.5330407910411964,0.20502575189460315,0.10042671497316163,0.05065588311344121,0.019677930022003104,0.1817449842762858,0.5338230391491474,S,0.003503950689154377,0.001977916387246711,0.002189385831070821,0.0016866633199326428,0.000905599585340089,0.005343873341174523,0.012220427389639684,0.004916740233881653,0.0066972743218749985,0.004249291057945493,0.0010291726457931647,0.002573886781015308
b3_mean,S,smallK5_10,randomK10,10,__pooled_test__,10286.0,0.6756108626612224,0.8104607565390962,0.13057354420682302,0.0594615502598132,0.07111199394700982,0.6491511954302255,0.2622906250456612,0.13238438538226668,0.06887699829434725,0.012359213939724945,0.16310684926389693,0.48414634318763516,S,0.00322049601368978,0.0029545942545348668,0.0017639983238170428,0.0012617515346346193,0.0009538334770906464,0.008888015197709456,0.006637883920884726,0.0024203800869402226,0.0046110153229791005,0.005368970180655632,0.0013807770447146369,0.0029099253501037705
b3_mean,S+Q,smallK5_10,randomK10,10,val_select,5282.0,0.6694433926542976,0.809116118568066,0.13388346393450903,0.06190704481266409,0.07197641912184494,0.6391598035665433,0.24833881109518344,0.1258586086905753,0.062128752867191085,0.021964943288966744,0.16508881081962382,0.48809660663343174,S+Q,0.002788890545750924,0.004197000163347028,0.0015923922833721267,0.001120918759656828,0.0010890347287740008,0.005711520196284954,0.009747883233072362,0.002523245062814442,0.0051494169183841235,0.0054793455733668115,0.0016143187944918681,0.003302338583536958
b3_mean,S+Q,smallK5_10,randomK10,10,testA,5646.0,0.7225764553075925,0.8250998446845877,0.09890642953276084,0.042639961423591305,0.05626646810916953,0.7203524527770475,0.31373448407460097,0.1611438078291895,0.08473434995597695,0.013651991435797506,0.14783135147543988,0.4433029243453843,S+Q,0.003179887356121194,0.0046010946666306006,0.0015671778618617485,0.001029900112573407,0.0010712129035738646,0.004522753088370602,0.018450622551594135,0.008246983814659456,0.0011040229700909582,0.004050301127038257,0.0020037285589856557,0.003861987929451223
b3_mean,S+Q,smallK5_10,randomK10,10,testB,4640.0,0.618462643678161,0.7860682945017908,0.17911226950926537,0.08436124339662254,0.09475102611264281,0.5323219618538375,0.20617541766316275,0.10105716860908447,0.051444263822187676,0.019289770636082688,0.18130591278162808,0.5327170185143105,S+Q,0.003503950689154377,0.0013699418890145614,0.0016955352056792247,0.0016866633199326428,0.0008130444205546705,0.005663988454062452,0.007711360627552733,0.006983353073804534,0.00546103752651342,0.002605996746188826,0.0007889512841297783,0.0021848972428735822
b3_mean,S+Q,smallK5_10,randomK10,10,__pooled_test__,10286.0,0.6756108626612224,0.8110134190282263,0.13030697518110082,0.0594615502598132,0.07084542492128762,0.6487174076970975,0.2616724716982515,0.13327215100554743,0.06835316023658228,0.012008319439325668,0.16293167856670113,0.483637495310173,S+Q,0.00322049601368978,0.0034007586016317863,0.0015961622909781575,0.0012617515346346193,0.0010817618846831265,0.009869715971187368,0.007422478140428781,0.0024218040803343755,0.004699866887298404,0.003718637969714183,0.001431516289037482,0.0030958518244578797
b3_mean,S+V,smallK5_10,randomK10,10,val_select,5282.0,0.6694433926542976,0.8135936271300733,0.13229427886624312,0.06190704481266409,0.07038723405357904,0.6388359317947664,0.26246052827301314,0.13201172143402862,0.06977830490388993,0.01966434315908741,0.16331891152955721,0.48380647345623684,S+V,0.002788890545750924,0.005284384142609581,0.0019860017062176844,0.001120918759656828,0.001412326374396298,0.010635068709777824,0.01425524266322869,0.007017777285677789,0.005930505278785029,0.003704791493845249,0.0023351174387604727,0.004481741404336724
b3_mean,S+V,smallK5_10,randomK10,10,testA,5646.0,0.7225764553075925,0.8293691071584246,0.0978446601674533,0.042639961423591305,0.055204698743862,0.7207819044147844,0.32384474756022685,0.17697676141962115,0.09193509149197172,0.016274140048927868,0.14583642828519397,0.43897194127083455,S+V,0.003179887356121194,0.0030805435061430093,0.0014072220035335839,0.001029900112573407,0.0006337532933111713,0.0013046406342937923,0.011792829770790185,0.004081207409980578,0.006089154891505103,0.0040134637907199636,0.0013593764372464418,0.002744470378047781
b3_mean,S+V,smallK5_10,randomK10,10,testB,4640.0,0.618462643678161,0.7920267724711666,0.17663404026069227,0.08436124339662254,0.09227279686406971,0.5379836362771119,0.21725989501796616,0.11068681133836693,0.05817053312414888,0.024716293659009358,0.179197711973023,0.5271901487648325,S+V,0.003503950689154377,0.0027856610562679027,0.0021479244396413314,0.0016866633199326428,0.0011353643130902788,0.01845185084106201,0.011751835000947921,0.007934486780440647,0.002805863111717425,0.007407665587095341,0.0014635836744728758,0.0032460574877331144
b3_mean,S+V,smallK5_10,randomK10,10,__pooled_test__,10286.0,0.6756108626612224,0.8158346007321002,0.12873815007135914,0.0594615502598132,0.06927659981154595,0.6527280535631089,0.27187958185331434,0.14305848477321567,0.07508877012971514,0.01684131116800974,0.16088565600360022,0.4787670494540108,S+V,0.00322049601368978,0.0029427613205246657,0.0017078486307526197,0.0012617515346346193,0.0009019834921290326,0.009581957751011437,0.0032297371712025867,0.005776824589117846,0.005417755346297038,0.004704261829432479,0.0013924433087320858,0.002970735516520036
b3_mean,Full,smallK5_10,randomK10,10,val_select,5282.0,0.6694433926542976,0.8138442426809562,0.13218516975418546,0.06190704481266409,0.07027812494152136,0.6430245326193665,0.2636434399193733,0.13518674055024818,0.07139019119173488,0.024617692681102334,0.1631841970381875,0.48342840191715114,Full,0.002788890545750924,0.005775236703332355,0.0022830457679159063,0.001120918759656828,0.001742894861434255,0.013426174857805888,0.01979387535220526,0.006059360055090244,0.005155815598506405,0.0016523271749506528,0.0025390503146362335,0.005245012347198228
b3_mean,Full,smallK5_10,randomK10,10,testA,5646.0,0.7225764553075925,0.8300204251014159,0.09744080225500051,0.042639961423591305,0.054800840831409216,0.7271816073482499,0.3198682397655263,0.17414752603610015,0.09304057396459402,0.01362532305239731,0.1456783917463928,0.438174245036409,Full,0.003179887356121194,0.003567065066318846,0.0013552581994273048,0.001029900112573407,0.0007575754712229679,0.001591196528981287,0.013824282978865648,0.00786168167247237,0.0038764899918831137,0.0028756819787856902,0.0015320474892330216,0.003160771602611676
b3_mean,Full,smallK5_10,randomK10,10,testB,4640.0,0.618462643678161,0.7941239476813929,0.1757168316651788,0.08436124339662254,0.0913555882685562,0.5428845312208129,0.22077222259987872,0.11422940142541055,0.05975335847737374,0.02156944468531594,0.1782913124824174,0.5251033841585665,Full,0.003503950689154377,0.0026133731727816354,0.0018454741107517844,0.0016866633199326428,0.0010863360666346462,0.017458475063878327,0.008724061561034268,0.006845062469564002,0.0019014935352406883,0.00271142683168157,0.0012628754965420793,0.0028350237741387955
b3_mean,Full,smallK5_10,randomK10,10,__pooled_test__,10286.0,0.6756108626612224,0.8171106973150901,0.12813440175442484,0.0594615502598132,0.06867285149461162,0.6549065613196837,0.2712515376704246,0.14660103749224748,0.07540042626631088,0.014689413563463422,0.1603900339994702,0.47738785630675823,Full,0.00322049601368978,0.003257059412586834,0.0015565975806632391,0.0012617515346346193,0.0009574345131826391,0.006773928457969629,0.003193615820617362,0.006332493227687973,0.00531891785538114,0.0023625722915534765,0.001400199400452536,0.0030137817259981692
b3_mean,S,smallK5_10,randomK20,20,val_select,5282.0,0.5604568976397829,0.7999857608955523,0.21043271109998465,0.11503815516000586,0.09539455593997881,0.5101545255097959,0.18044151049861176,0.08339196445740477,0.04410697850644485,0.022966636745665264,0.17974670164251502,0.5285049524719426,S,0.0014459723889169906,0.001848574706812314,0.002215307050109242,0.0008378058459855011,0.0013846124057006837,0.015864563554437123,0.0033122771271662005,0.004617443101051768,0.0029739926897657406,0.0013937638504894437,0.0007671875286352348,0.0018054480977325107
b3_mean,S,smallK5_10,randomK20,20,testA,5646.0,0.613059393080647,0.8151633252262015,0.16789073002401098,0.08698842865453597,0.080902301369475,0.5871983603100864,0.2326605398228759,0.11874837071691875,0.059873810793589964,0.019297629835567588,0.17018434032126253,0.5047549164927803,S,0.005035636471021381,0.0009900537716859034,0.0027786902982238574,0.00245566391502099,0.00034915656407662356,0.00876669712276788,0.012273317563520599,0.004976005367838671,0.003419527326446696,0.004923440717739025,0.00044614424348582166,0.0006482035852889694
b3_mean,S,smallK5_10,randomK20,20,testB,4640.0,0.5014367816091955,0.7750709362322787,0.2729769300661427,0.1524425071844565,0.1205344228816862,0.4023787047563176,0.1397528525436094,0.06500755901034888,0.035328306023319454,0.02753885776669754,0.1907651547355571,0.5589461920798472,S,0.003863313120617469,0.0005507739056940707,0.0033791565498227987,0.002675269984918109,0.0007195454483127451,0.015679861413215663,0.0042584787689065404,0.0016611926070855473,0.0024188078156767217,0.008612166384170823,0.00040157046525743394,0.0009467132793995022
b3_mean,S,smallK5_10,randomK20,20,__pooled_test__,10286.0,0.5627065914835699,0.801451255711607,0.2094990285940471,0.11374629759179457,0.09575273100225253,0.5146485187623453,0.18893312796624495,0.09192449258636039,0.043501239081111955,0.01708743436288143,0.17946831649103964,0.5292005239907377,S,0.0035495112314852867,0.0014328674615634632,0.00262605114872314,0.002036062833941981,0.0006187172284347411,0.009373922242449656,0.00512669720011668,0.004675387735063269,0.0005507521327493646,0.0010604927270845609,0.00041433471816111107,0.0006874459698743418
b3_mean,S+Q,smallK5_10,randomK20,20,val_select,5282.0,0.5604568976397829,0.801233936358341,0.20996033219597945,0.11503815516000586,0.0949221770359736,0.5090032462935006,0.18026616133529227,0.08403291625615049,0.04516792511736401,0.022889472915000948,0.17924449611142576,0.5274216925812957,S+Q,0.0014459723889169906,0.002905603167771082,0.0027446499152218393,0.0008378058459855011,0.0019540977471762806,0.014136864221588833,0.007282161946310242,0.004038027157229549,0.0033456524441963734,0.0037967091664647215,0.0012430491802522016,0.0029731966669590028
b3_mean,S+Q,smallK5_10,randomK20,20,testA,5646.0,0.613059393080647,0.816548004044182,0.1673923770103757,0.08698842865453597,0.08040394835583974,0.5902809061782034,0.2326319593270559,0.11773371367880436,0.05986757772613998,0.021105031763080432,0.16948353328798013,0.5033235035673468,S+Q,0.005035636471021381,0.002064003534964754,0.0026185397196856635,0.00245566391502099,0.000722410570897249,0.012932262857000654,0.010085288379547523,0.0053120285011631916,0.0023868721989093863,0.0034784947150021976,0.0006121990946801907,0.0010594368196037846
b3_mean,S+Q,smallK5_10,randomK20,20,testB,4640.0,0.5014367816091955,0.7778067654899242,0.2717653960202842,0.1524425071844565,0.11932288883582771,0.4035058559765266,0.14118101592550028,0.06866805990433765,0.034269705793750195,0.025299697041917535,0.18993538484414688,0.5569448155374267,S+Q,0.003863313120617469,0.0014198567377882957,0.0026450753414972625,0.002675269984918109,0.00012954194285391134,0.011240400541718315,0.00639511257008717,0.003159874416089854,0.0021489630934235743,0.005669163397619626,0.0006712862250981218,0.0016909366039324718
b3_mean,S+Q,smallK5_10,randomK20,20,__pooled_test__,10286.0,0.5627065914835699,0.8033138866322272,0.2087253705689022,0.11374629759179457,0.09497907297710761,0.5168544342199022,0.19004076548805757,0.09308024243187664,0.045218820173954156,0.017844110843902954,0.17870933449550627,0.5275120012866906,S+Q,0.0035495112314852867,0.002054886249859916,0.002082222791565696,0.002036062833941981,0.0005935488890057698,0.006255334957428705,0.0047505551074462984,0.0030213825654800456,0.0017203575155622195,0.004845036593863026,0.0006319681453297259,0.0013440329377103094
b3_mean,S+V,smallK5_10,randomK20,20,val_select,5282.0,0.5604568976397829,0.8096576689848448,0.2065205301283174,0.11503815516000586,0.09148237496831153,0.5242307926302701,0.19499381308763963,0.08993399105798532,0.047287527610589984,0.022091549026126384,0.17605922208493438,0.5201026094734651,S+V,0.0014459723889169906,0.003828251543962801,0.0030834687195098204,0.0008378058459855011,0.002316634735204203,0.019256587877872742,0.007127471035897555,0.0011520385721119932,0.001754254854682537,0.000704762463880991,0.0016481599985931096,0.003778261545004719
b3_mean,S+V,smallK5_10,randomK20,20,testA,5646.0,0.613059393080647,0.8254616262101194,0.1640121313470576,0.08698842865453597,0.07702370269252164,0.6067089147408068,0.24842044496666593,0.12772958727373518,0.06306948079892659,0.023243402547312202,0.16582634387089845,0.49497667339416734,S+V,0.005035636471021381,0.0010682366327646263,0.002332506714979989,0.00245566391502099,0.00012665151114483976,0.007834435016846176,0.005679638856387637,0.004276292588113781,0.0012171874255488037,0.004792683994153905,0.00010599032153324487,0.0007395807496682361
b3_mean,S+V,smallK5_10,randomK20,20,testB,4640.0,0.5014367816091955,0.7858489905692032,0.2676840624267487,0.1524425071844565,0.11524155524229217,0.4199613203941235,0.14930760376785215,0.07396198288601445,0.03746312362943866,0.033781007154581315,0.1876851501615114,0.5514515554884086,S+V,0.003863313120617469,0.0006218814452921071,0.0032139875320875873,0.002675269984918109,0.0008854198158042936,0.014954047632035988,0.001737214143262913,0.002285052604697277,0.0013352167375874483,0.003309182448528659,0.0005592289066832612,0.0015837527547035732
b3_mean,S+V,smallK5_10,randomK20,20,__pooled_test__,10286.0,0.5627065914835699,0.8113706733928261,0.20520069053236523,0.11374629759179457,0.09145439294057066,0.5288746390727814,0.20030539222546392,0.09818550893022049,0.05052842435888607,0.02082996160216667,0.17568682036209463,0.5204524125461486,S+V,0.0035495112314852867,0.0007779912907738382,0.002032227952044288,0.002036062833941981,6.641905865047382e-05,0.009895675089633137,0.001976776381733851,0.0031808994338154125,0.001201579550482672,0.002145355131403079,0.00024943506094308245,0.0007704552006825503
b3_mean,Full,smallK5_10,randomK20,20,val_select,5282.0,0.5604568976397829,0.8114782768549658,0.20560280911146378,0.11503815516000586,0.09056465395145792,0.5259574131213206,0.1948095930082001,0.09233231897182857,0.05016137703297117,0.023674166649845677,0.17524892910433745,0.5180185674272374,Full,0.0014459723889169906,0.004852363020999342,0.003564791576218815,0.0008378058459855011,0.002813230604993678,0.020939774673751282,0.006095538912167081,0.00333022900674983,0.0027462830933039977,0.0018946827388504285,0.002121316425009363,0.004932520241123922
b3_mean,Full,smallK5_10,randomK20,20,testA,5646.0,0.613059393080647,0.8272996562508929,0.16320798943033485,0.08698842865453597,0.07621956077579889,0.6112276999015374,0.2482031650968224,0.12585865136390073,0.06322403613528806,0.01993879522009326,0.16484725356517418,0.49275259504582847,Full,0.005035636471021381,0.002366368345521765,0.002074921655567584,0.00245566391502099,0.0007802593922071581,0.006709547948489644,0.0061548742411958865,0.0035977824842210624,0.0017703477346691916,0.004716537596794286,0.0007047360973341618,0.0016359300734068276
b3_mean,Full,smallK5_10,randomK20,20,testB,4640.0,0.5014367816091955,0.7887438025916914,0.2663078064461686,0.1524425071844565,0.11386529926171211,0.42768109239898605,0.15506087337353058,0.07780445554300693,0.03791060460486009,0.028441870653289476,0.18642218139371283,0.5482801348385681,Full,0.003863313120617469,0.0014101979818797437,0.00269327383492359,0.002675269984918109,0.0008231486924436578,0.003243538760290978,0.0035588821842395344,0.002722087244733066,0.0017290244629563538,0.004077906414494521,0.0008892910561504541,0.0024468331441971306
b3_mean,Full,smallK5_10,randomK20,20,__pooled_test__,10286.0,0.5627065914835699,0.8138148265161534,0.20405200960723505,0.11374629759179457,0.0903057120154405,0.5303614394362822,0.20105042803615047,0.10032619670546968,0.05037122272499998,0.0200727751987784,0.17457967288506718,0.5178009894302648,Full,0.0035495112314852867,0.0019174857755672728,0.0014717895062207227,0.002036062833941981,0.0006349117658855623,0.009618698452872098,0.0030309401977704304,0.0027608369569196854,0.0008180970058629366,0.0032404319269490065,0.000786642677874134,0.0019711881686210113
b3_mean,S,smallK5_10,randomK50,50,val_select,5282.0,0.4293197021330304,0.7914809684333911,0.32814143140606455,0.20767004692623967,0.12047138447982492,0.3661553753424065,0.11970844529106213,0.05726066403056796,0.028985314956242913,0.0281786113993381,0.17891377735647815,0.5340946578282438,S,0.0017894038721138214,0.0019371300737091128,0.0026980656732030132,0.001514769654173845,0.0013323842312426381,0.008453454203934124,0.0014797976826721215,0.0008552003792378583,0.0016381606026037324,0.00935565735792286,0.0001600031939889308,0.00021629956491846022
b3_mean,S,smallK5_10,randomK50,50,testA,5646.0,0.4849450938717676,0.8026767816876216,0.27145294609740284,0.16410718524729853,0.10734576085010432,0.43518705393601964,0.1470856468211201,0.073680976605397,0.03659448883044448,0.03877212987278079,0.17989646193584008,0.5352293823815625,S,0.004911592144478238,0.00643962568351423,0.006883007085396664,0.003540423180865986,0.0045317113075852376,0.018346380357711925,0.0020696398268615812,0.0030771130863065863,0.0011944615894986332,0.00472259284461218,0.0025771876247808133,0.005902581463857543
b3_mean,S,smallK5_10,randomK50,50,testB,4640.0,0.3609195402298851,0.7649021691679633,0.4188041750509539,0.2712896243971405,0.14751455065381344,0.27409228547079584,0.08638547802023583,0.04164519183555432,0.02168536273449605,0.03794425147060528,0.17998681258989999,0.5399742320562936,S,0.004916124169806235,0.0015481336065024786,0.003370651091289018,0.005019400896938498,0.0017825490221380993,0.007135379190011483,0.0005856295934170088,0.0029062453571625764,0.0016608108698724865,0.0035536824778229755,0.0024665865246961535,0.004615614819562708
b3_mean,S,smallK5_10,randomK50,50,__pooled_test__,10286.0,0.4289973426664074,0.791475355008787,0.3295245790121314,0.20795092247007882,0.12157365654205256,0.36109733980951436,0.12098617425574643,0.05883639251491254,0.029604206564075863,0.035786141853317625,0.17993721898764234,0.5373697773349703,S,0.003704986523546012,0.004644378044721606,0.0038587755755201576,0.003137688979565658,0.0033906722695686837,0.00795277045531514,0.002560213243610996,0.0019973811600611196,0.001226849272745659,0.0024383379355015604,0.0024976697955399847,0.005246348861761807
b3_mean,S+Q,smallK5_10,randomK50,50,val_select,5282.0,0.4293197021330304,0.7935424471335132,0.32745051917011847,0.20767004692623967,0.11978047224387883,0.37234668069268134,0.12011841973919209,0.05898023169369382,0.02898453990164461,0.02920784440088045,0.1783374113989168,0.5328592558963114,S+Q,0.0017894038721138214,0.00437522099401164,0.0032295743498497896,0.001514769654173845,0.0023271020054775786,0.008538077911799453,0.003124711774836972,0.0013980243027477803,0.000812563287597298,0.009272333413865066,0.0008356881754422974,0.0019510614670542586
b3_mean,S+Q,smallK5_10,randomK50,50,testA,5646.0,0.4849450938717676,0.8044282785567892,0.27068733829375197,0.16410718524729853,0.10658015304645342,0.43703713033020614,0.14779087770651766,0.07342344764638865,0.036238476044478,0.03869727385296975,0.17906822319638485,0.5333878994960343,S+Q,0.004911592144478238,0.00696306936632953,0.00664366405466202,0.003540423180865986,0.004589095700068558,0.018048933714899927,0.000779311660662124,0.0029634472969501525,0.0018502410866179974,0.00492858816815543,0.0029653860426226506,0.006643410522149907
b3_mean,S+Q,smallK5_10,randomK50,50,testB,4640.0,0.3609195402298851,0.7666788287105679,0.4178148454737694,0.2712896243971405,0.14652522107662894,0.273191426103981,0.08568445234135529,0.04238758444630621,0.022154487112576254,0.038592004858424095,0.17922418606039534,0.5383814121913982,S+Q,0.004916124169806235,0.0034494743569584018,0.002575903832978361,0.005019400896938498,0.0026628183580032485,0.006847811691827145,0.0010535265022301632,0.0037808954318832087,0.0012511361492117735,0.0029203306532812265,0.002770564852929518,0.00540120705152635
b3_mean,S+Q,smallK5_10,randomK50,50,__pooled_test__,10286.0,0.4289973426664074,0.7932401536930938,0.32868264853157375,0.20795092247007882,0.1207317260614949,0.3666374892845665,0.121830544270412,0.059154907157763593,0.02948721993901467,0.034758682798668145,0.1791385778229655,0.5356404659850961,S+Q,0.003704986523546012,0.0056289309760897575,0.003593015483638458,0.003137688979565658,0.0037548666330734595,0.005578142313809897,0.0017351323173693662,0.00254906071313827,0.0021451778454792798,0.004591329391924333,0.002853129901750607,0.006017214872190677
b3_mean,S+V,smallK5_10,randomK50,50,val_select,5282.0,0.4293197021330304,0.804785336948488,0.321674402981657,0.20767004692623967,0.11400435605541738,0.3878199677855976,0.1270351252523838,0.06217565649787222,0.03224560472228281,0.03723886462645778,0.17509314580910038,0.5246432757484517,S+V,0.0017894038721138214,0.00472864906359049,0.003463700884880291,0.001514769654173845,0.0025983305286418276,0.006225390621680224,0.0033101844931426494,0.0005875584127545328,0.0005826376672946455,0.006942093602871555,0.0011018534931514247,0.0023214607776120295
b3_mean,S+V,smallK5_10,randomK50,50,testA,5646.0,0.4849450938717676,0.8151076334093778,0.2657014025614027,0.16410718524729853,0.10159421731410416,0.45833624982935744,0.1579835125816047,0.07749662848358292,0.03888640021597952,0.046101224820111815,0.17599911815143196,0.5261819160100053,S+V,0.004911592144478238,0.00543499501577216,0.0058454944195900915,0.003540423180865986,0.003935306871853826,0.016494262173997385,0.0033611387824069535,0.0006232666413173418,0.001295426663655883,0.0048400259435746685,0.002603340177616798,0.005705064374473655
b3_mean,S+V,smallK5_10,randomK50,50,testB,4640.0,0.3609195402298851,0.7791907791946442,0.41125040832811705,0.2712896243971405,0.13996078393097658,0.28778481166432335,0.09439834092167405,0.04627457153702788,0.022519366249225164,0.04615943601796882,0.17690233394484087,0.5320407464907261,S+V,0.004916124169806235,0.003986506935699408,0.0023190177119073283,0.005019400896938498,0.003212944308328677,0.0030439542376486965,0.0018986632915514582,0.0028830967646887753,0.0030639502280775397,0.0015200833368488329,0.003042564673620872,0.005845699304908436
b3_mean,S+V,smallK5_10,randomK50,50,__pooled_test__,10286.0,0.4289973426664074,0.8039865986057974,0.323258615743771,0.20795092247007882,0.11530769327369221,0.3784212391741386,0.12849899443475224,0.062373379909996786,0.031101809492057247,0.04304134001675586,0.1764065575138097,0.5288248261238051,S+V,0.003704986523546012,0.005054944852170532,0.0030780877695859928,0.003137688979565658,0.0035474713882304807,0.007911976660806851,0.0007493956950061421,0.002797511353934839,0.0016406868722639396,0.0015175889689612474,0.002800342693282368,0.005763920421158898
b3_mean,Full,smallK5_10,randomK50,50,val_select,5282.0,0.4293197021330304,0.8077650765281382,0.32032469160553434,0.20767004692623967,0.11265464467929469,0.38825824179316015,0.13229066614819443,0.06487703709541996,0.03247842789528591,0.03436515445445321,0.17388141672427895,0.5217328202881548,Full,0.0017894038721138214,0.0066118134077853144,0.004082960280223577,0.001514769654173845,0.003478419546458949,0.008180422722970676,0.006072453942109172,0.001544679689912912,0.00175401092374911,0.008950549372781965,0.001759967314961539,0.00405346288269504
b3_mean,Full,smallK5_10,randomK50,50,testA,5646.0,0.4849450938717676,0.817721591268142,0.2643942922166013,0.16410718524729853,0.10028710696930278,0.4619800259704487,0.15826422871233747,0.07775700754992096,0.03924608998466881,0.04629293599807438,0.1746038163358404,0.5228193796206871,Full,0.004911592144478238,0.006552925443671242,0.005632710325410429,0.003540423180865986,0.004226247629482976,0.013203847111438084,0.0023821076252232057,0.0029539438774952823,0.00038446199951184065,0.0017496024492419863,0.0032165975272738373,0.007118864148710079
b3_mean,Full,smallK5_10,randomK50,50,testB,4640.0,0.3609195402298851,0.7822725428173521,0.4099643860332371,0.2712896243971405,0.13867476163609654,0.29181129191652055,0.0962363594138863,0.04701885689345337,0.023454810825576117,0.042870100176621205,0.17554290210328016,0.528948730632072,Full,0.004916124169806235,0.005405161579712261,0.0019079824088227186,0.005019400896938498,0.003824450777861424,0.0010343798635275645,0.004426850570393185,0.0029102661748476874,0.0007255374317007085,0.004300035994859434,0.0030976220652441347,0.006017675448269882
b3_mean,Full,smallK5_10,randomK50,50,__pooled_test__,10286.0,0.4289973426664074,0.8068781478841957,0.3219043577045417,0.20795092247007882,0.11395343523446287,0.3836250771335068,0.1313312795863498,0.06312853905644217,0.03253239592449588,0.042671076744086704,0.17502743659258946,0.5255843211618912,Full,0.003704986523546012,0.0062630143492766474,0.0029178703386403657,0.003137688979565658,0.004028881099938062,0.011758490519788552,0.0019161715212006817,0.0023056518401892824,0.00108145867855969,0.00108685867636901,0.003160839350593684,0.006615107673579775
b3_mean,S,smallK5_10,rand5,5,testA,5385.0,0.8214794181367998,0.8577082370080604,0.045795907592504244,0.016987800261362974,0.02880810733114127,0.877004249678508,0.45158270900209585,0.24455856300086712,0.13056805924805867,0.014940213187003644,0.10895171705716666,0.33434814164492915,S,0.004921369040000248,0.0065908265327185986,0.000592863627631302,0.0009681242246143269,0.0008183016046516413,0.014889267161761623,0.010983550004785887,0.010572752464661543,0.004764169620957258,0.001810217466193792,0.0011994316717224061,0.002685604350786355
b3_mean,S,smallK5_10,rand5,5,testB,4102.0,0.7371201040143021,0.8041865519328345,0.09784119044710986,0.03805545981767505,0.0597857306294348,0.7026592729993831,0.2821760931820823,0.1434375565546524,0.07299057980236683,0.025927827207369154,0.15194201492773804,0.4520705574894797,S,0.001014951730602691,0.005288551464982442,0.0020813143910785176,0.00030986645948553345,0.0018911002095803996,0.012781308059400594,0.01645302819707665,0.0060049244029628775,0.0006652142334983379,0.003780245036116364,0.0020047604975655295,0.005290606014372923
b3_mean,S,smallK5_10,rand5,5,__pooled_test__,9487.0,0.7850040406169846,0.8370416816005984,0.06493862892431977,0.02497647968529564,0.03996214923902413,0.8160196925582738,0.3737186948507081,0.19261444827254384,0.09999294598928916,0.016644628655022153,0.12753991162500514,0.38524909556021814,S,0.0029255696691143636,0.00210048702463508,0.0011195060386741623,0.0007069492443654079,0.0006043082047918401,0.006812411560322159,0.0016846907951633008,0.005732520149966607,0.0021540091040260305,0.0029074210336528204,0.0013165323128079803,0.0031016577784190027
b3_mean,S+Q,smallK5_10,rand5,5,testA,5385.0,0.8214794181367998,0.8573822937021242,0.045956329383135326,0.016987800261362974,0.028968529121772352,0.8734784233597992,0.4566072677592217,0.24143280926452446,0.1280722313140565,0.01606659954258712,0.10900415571109895,0.33475898074353516,S+Q,0.004921369040000248,0.007019579445614457,0.000626099003347281,0.0009681242246143269,0.000923510207310687,0.018138980474633963,0.01917500359696986,0.012189628011428989,0.001893223498889959,0.0013316298300713872,0.0012787230729356318,0.0029831603082484614
b3_mean,S+Q,smallK5_10,rand5,5,testB,4102.0,0.7371201040143021,0.8057316495112915,0.09734287209241536,0.03805545981767505,0.059287412274740305,0.7069911707177535,0.2883618062840345,0.1475704058143398,0.07266963232698263,0.022963490827792022,0.15147571541624608,0.45094310220632866,S+Q,0.001014951730602691,0.00406750101234417,0.0017346937204345855,0.00030986645948553345,0.0015047951556403552,0.015080877146889195,0.01119585043821402,0.005490133484150818,0.0050084922059370224,0.002529477646759125,0.0017170830558325707,0.0045772024852177556
b3_mean,S+Q,smallK5_10,rand5,5,__pooled_test__,9487.0,0.7850040406169846,0.8375738603557025,0.06487250566751233,0.02497647968529564,0.03989602598221669,0.8133886386150481,0.3730919933702728,0.1946019258221563,0.10069698919059485,0.015934466722536164,0.12736805767278478,0.38499480516014506,S+Q,0.0029255696691143636,0.002740835641762524,0.0010210182974031248,0.0007069492443654079,0.0006581903469955482,0.007910156895327206,0.003119805989943334,0.0053797536262290314,0.0021483458844910926,0.0018558883445318577,0.0013035718720756184,0.0030821508183647515
b3_mean,S+V,smallK5_10,rand5,5,testA,5385.0,0.8214794181367998,0.8563888487703512,0.046317272476681076,0.016987800261362974,0.029329472215318102,0.8688902978214091,0.45584758584049023,0.2538186882051922,0.1342101213927622,0.01614741467038369,0.10897901603590805,0.3358457656754972,S+V,0.004921369040000248,0.006005790271968615,0.0005833262973359747,0.0009681242246143269,0.0006892041261008046,0.005050638236675486,0.014655976023012609,0.0035772295707139686,0.00989783974004838,0.003492021612803883,0.001174668205187104,0.002395454076994587
b3_mean,S+V,smallK5_10,rand5,5,testB,4102.0,0.7371201040143021,0.8064853276103882,0.09769986450708511,0.03805545981767505,0.05964440468941005,0.703920210409318,0.2945310942507636,0.15202422338622376,0.07689639174877917,0.023745200148318008,0.1510282831698316,0.4510142674111967,S+V,0.001014951730602691,0.004239809171743888,0.0019389891892712312,0.00030986645948553345,0.0017070336100448833,0.02218805220568594,0.008235733297946362,0.0024036270052087702,0.0021727087679003264,0.003508211755524474,0.001626737860581907,0.0044601359518531255
b3_mean,S+V,smallK5_10,rand5,5,__pooled_test__,9487.0,0.7850040406169846,0.83713104614159,0.06527959431945984,0.02497647968529564,0.0403031146341642,0.7990095217040895,0.377816818498421,0.20219871751736054,0.10793551604069361,0.015093838489499129,0.12716032664867863,0.38564245526333724,S+V,0.0029255696691143636,0.002212613813364153,0.0011382198358982976,0.0007069492443654079,0.0006224204912239841,0.006448775261901023,0.002959191284418495,0.0016265156083734298,0.003983043359036751,0.0031576969627481292,0.0013038150431909467,0.003070073324799811
b3_mean,Full,smallK5_10,rand5,5,testA,5385.0,0.8214794181367998,0.8562416424033096,0.04638786531748576,0.016987800261362974,0.029400065056122787,0.8646130172504695,0.45357202688538895,0.24644305995636798,0.13459517509534283,0.0168314309999479,0.10900403117872497,0.3359771187361387,Full,0.004921369040000248,0.006096618514933916,0.0005959261885081672,0.0009681242246143269,0.0006872045336520897,0.009973083432461118,0.02082467209482584,0.009584244923192507,0.007169583449055496,0.0006576138745539964,0.0012455968272675562,0.002531392339439927
b3_mean,Full,smallK5_10,rand5,5,testB,4102.0,0.7371201040143021,0.8090180648333981,0.09688644546612672,0.03805545981767505,0.05883098564845168,0.7088390699413035,0.29801760182444065,0.15545152842373386,0.0788462671833297,0.02350215569585266,0.15010169531160444,0.4488463013642014,Full,0.001014951730602691,0.0033295068112877396,0.0017097308655190722,0.00030986645948553345,0.0014385045614201484,0.011901111441836929,0.011940745841603472,0.005994429573424908,0.0019411755439785526,0.0030729460024710186,0.0013909938978147436,0.0039135062275649805
b3_mean,Full,smallK5_10,rand5,5,__pooled_test__,9487.0,0.7850040406169846,0.8382684185225426,0.06502667852114144,0.02497647968529564,0.0400501988358458,0.8039013409726294,0.378646639421065,0.1994595045360408,0.10807635478831291,0.015105429784298232,0.12677388658855648,0.38477962607674304,Full,0.0029255696691143636,0.002759290846867376,0.0010496544245648595,0.0007069492443654079,0.0006413971099008442,0.0049893226359599115,0.005006119782299711,0.0025476073517262648,0.0013438077377249684,0.0023214287755742133,0.0012839513691473934,0.0030224037118302773
b3_mean,S,smallK5_10,hard5,5,testA,5385.0,0.6758898173939957,0.8228428877757431,0.1252126051775063,0.059356372055492955,0.06585623312201333,0.6852514298708702,0.27182360704032993,0.1326319702355708,0.06987637059696138,0.015948608545708776,0.15797401640183117,0.4712913331057201,S,0.004336559551380251,0.001902687896054206,0.002074551862569949,0.0016947800887692178,0.0003797731922806153,0.009805169915190445,0.006602220584577334,0.004599276686380553,0.00392541696943994,0.0018796977314980395,0.00018758125080480382,0.0006660806270652783
b3_mean,S,smallK5_10,hard5,5,testB,4102.0,0.5394116691045019,0.7854253859211883,0.23572188225198673,0.1276506452723677,0.10807123697961903,0.46760191247297156,0.15395964340415358,0.07346188255587317,0.035838959872597435,0.02097610434035149,0.18614491148240198,0.5472283428082539,S,0.006766182216208705,0.0029166298128582265,0.005342513563418926,0.0041865378374080185,0.001389697826397793,0.007678417436366616,0.005564496862632918,0.006954344469789313,0.005182031814043039,0.0029287736001792687,0.0007063833819130527,0.00141713825119757
b3_mean,S,smallK5_10,hard5,5,__pooled_test__,9487.0,0.6168792382558589,0.8127708338733179,0.16549531746320392,0.08512905171330608,0.08036626574989786,0.5994536356345256,0.21700932736672754,0.10583219864439423,0.053513461928903806,0.01290299902822946,0.17015458050223187,0.5041250649281923,S,0.004619121752314841,0.0014008956016727018,0.0025505732504030867,0.002240972765154572,0.0003294855711662705,0.001607953806906345,0.007967022564366447,0.004240988088902745,0.0030355381110820953,0.0018144133295707888,0.0003513650258952496,0.0004401670652042919
b3_mean,S+Q,smallK5_10,hard5,5,testA,5385.0,0.6758898173939957,0.8288694725497807,0.12290156842983668,0.059356372055492955,0.06354519637434373,0.7005449356170144,0.2797048594780957,0.1376634537276506,0.07005560844787542,0.015350260307431482,0.15546424156416047,0.46515835670386735,S+Q,0.004336559551380251,0.00430545240970475,0.0011518621153184107,0.0016947800887692178,0.0006291876072684577,0.008536330235344947,0.005906365400529578,0.002261867263534474,0.002078815965773852,0.0012263490825736333,0.0012243203470330623,0.002024640871446806
b3_mean,S+Q,smallK5_10,hard5,5,testB,4102.0,0.5394116691045019,0.7892350588640754,0.23391632219543068,0.1276506452723677,0.10626567692306299,0.4753621023222084,0.15860275393177134,0.07306102997166396,0.03659429761390816,0.022037226419303776,0.18484441026225595,0.5443607865745748,S+Q,0.006766182216208705,0.0036271804993161763,0.005151479224595071,0.0041865378374080185,0.0016627113395780786,0.00939156040593562,0.006965838973781015,0.006256382932619985,0.006040534151920516,0.006388597493424875,0.0010213186783520909,0.0021429341255142153
b3_mean,S+Q,smallK5_10,hard5,5,__pooled_test__,9487.0,0.6168792382558589,0.8175300284710247,0.16339364603250842,0.08512905171330608,0.07826459431920232,0.6095341266625323,0.22558747297925238,0.10633992319239081,0.05458586022883812,0.01368334968028208,0.16816767278578879,0.4994039946641964,S+Q,0.004619121752314841,0.0033748586109507307,0.0017877257508004043,0.002240972765154572,0.0007004639897849822,0.0030637023106297625,0.0049696676646757195,0.0034713336763076805,0.004765865229712016,0.0021320273048445666,0.0011063484806066789,0.001973046172131484
b3_mean,S+V,smallK5_10,hard5,5,testA,5385.0,0.6758898173939957,0.8471588868742371,0.11719792939780156,0.059356372055492955,0.057841557342308614,0.7222991096255988,0.31863493119073333,0.17017639338214252,0.08938817220993177,0.024046901129363262,0.14759661722568773,0.4474914791290107,S+V,0.004336559551380251,0.001130583441183153,0.0023026853449668403,0.0016947800887692178,0.0006647770359502699,0.009086237537706486,0.0029675612242340593,0.00344116936052101,0.004866634835994075,0.0036659972309308854,0.0003421430649122311,0.0018306203802517565
b3_mean,S+V,smallK5_10,hard5,5,testB,4102.0,0.5394116691045019,0.8199526701737675,0.22086461030943497,0.1276506452723677,0.09321396503706729,0.5219790918515296,0.19891729433666513,0.09675343554847075,0.04642086065863076,0.04048212920366085,0.17443982961871918,0.520468849294323,S+V,0.006766182216208705,0.000401032540449036,0.004652804024781122,0.0041865378374080185,0.0004848149891078033,0.011796317722096605,0.005706290177488443,0.003322188230713739,0.004291673711274712,0.0058938484676350125,0.0007049190488113613,0.0013218549118095145
b3_mean,S+V,smallK5_10,hard5,5,__pooled_test__,9487.0,0.6168792382558589,0.8395229142804567,0.15543956451580868,0.08512905171330608,0.07031051280250263,0.6374235101655552,0.26536211072780796,0.13466614349392966,0.0681901848801792,0.024383247079631406,0.15920311635462367,0.47904551859545014,S+V,0.004619121752314841,0.00104384403764081,0.002680817092217857,0.002240972765154572,0.00048786852816998683,0.007772469893048299,0.004494517792171615,0.003961968579937623,0.002631857380656739,0.0019246289833218036,0.00012727261207743265,0.0008906627715277669
b3_mean,Full,smallK5_10,hard5,5,testA,5385.0,0.6758898173939957,0.853086222629905,0.11484102002400325,0.059356372055492955,0.055484647968510305,0.7314692599479544,0.3305651524614692,0.17292671473450835,0.08997720331670711,0.027300842262181862,0.14476615329197573,0.44038053301883306,Full,0.004336559551380251,0.0038088648469244047,0.001220074168374292,0.0016947800887692178,0.0005126917763743384,0.007998587422221181,0.004174223132268674,0.0034203211126969096,0.003269627988375931,0.005550745005765321,0.0012367426512686626,0.0020247957270728197
b3_mean,Full,smallK5_10,hard5,5,testB,4102.0,0.5394116691045019,0.8240050640874986,0.2189179436044677,0.1276506452723677,0.0912672983321,0.5318214189831049,0.20283897940946286,0.09795156634987597,0.04807960392638625,0.04001020638089126,0.17269210929137815,0.5165012626976407,Full,0.006766182216208705,0.0028083763427167,0.003595783498924565,0.0041865378374080185,0.0007102702125003286,0.01348331751074331,0.002015577658470179,0.00578821791419176,0.0031285429928936547,0.0022202080533733357,0.0015465867745106212,0.002930023107571146
b3_mean,Full,smallK5_10,hard5,5,__pooled_test__,9487.0,0.6168792382558589,0.8446193712936255,0.15314262336136408,0.08512905171330608,0.06801357164805802,0.6458265272226494,0.26946807388051663,0.13626718618508993,0.067814940576139,0.025769230912580623,0.15684081035000763,0.47329370189650444,Full,0.004619121752314841,0.003615764421357204,0.0015041408274600392,0.002240972765154572,0.000746967472084726,0.009677233127770348,0.003054887540733966,0.0017574291938412805,0.0037374754934952343,0.0030839149256425605,0.001223480835565856,0.0020889557246562772
b3_mean,S,smallK5_10,expb_m0,10,testA,4325.0,0.8016955684007708,0.8573357592026447,0.05326838994008868,0.021114603643073927,0.03215378629701475,0.8616561039524419,0.43214242211074533,0.2317559941173842,0.12206391668728851,0.02087635550934903,0.11566993497060991,0.3537367945404999,S,0.0038015760940697096,0.002791979375350115,0.0009530129482591814,0.0008358319177243408,0.000256084993096522,0.007398397175985505,0.006347818377502283,0.009160332875889046,0.003679630033559359,0.003037054639082431,0.0006200289009728055,0.0017630390986108767
b3_mean,S,smallK5_10,expb_m0,10,testB,3085.0,0.6586709886547811,0.8006609528054883,0.14428170509420188,0.06632713626173654,0.07795456883246532,0.6062642222074716,0.23957188885766012,0.11983103124700893,0.0613959567461331,0.032265353279325976,0.17074513666289023,0.5024409341217417,S,0.005216686204029537,0.0007799242059971476,0.0022275360186915123,0.00217442132482129,0.00034515245760222254,0.007212465663478799,0.009821731065737846,0.005357341066019364,0.001279287519381429,0.007141627223056855,0.0007190133532640228,0.0008959093181430783
b3_mean,S,smallK5_10,expb_m0,10,__pooled_test__,7410.0,0.7421502474134053,0.8401310263001935,0.08317557689082196,0.03653833009124945,0.04663724679957251,0.7801541939472619,0.34491370747503086,0.18082711971719947,0.09287244393001522,0.022584275649548707,0.13859935429863754,0.4156466826117727,S,0.0009762723533158155,0.00107762206494802,0.000230737364762213,0.00029149096727959024,0.000346410919171045,0.010794454031437884,0.0036724315664498994,0.005730952208829276,0.002690180418574714,3.9021901768834055e-05,9.673308233817737e-05,0.0006740164756919503
b3_mean,S+Q,smallK5_10,expb_m0,10,testA,4325.0,0.8016955684007708,0.8544905308271978,0.054052281293858355,0.021114603643073927,0.032937677650784425,0.8578432383058678,0.41847580846793525,0.22484021846085858,0.12287048184796286,0.022095581762086574,0.11666487861979614,0.3565561027400028,S+Q,0.0038015760940697096,0.0030049696448267724,0.0008509633807049344,0.0008358319177243408,0.00020435319859701535,0.0074865939258491115,0.004195887711102112,0.009115449584220349,0.0048242577623119395,0.0006258046782616825,0.0003870036770860275,0.001143971098132441
b3_mean,S+Q,smallK5_10,expb_m0,10,testB,3085.0,0.6586709886547811,0.7992436350535487,0.14495722379742154,0.06632713626173654,0.078630087535685,0.6012529106998298,0.23794871511070448,0.12403669325707926,0.06210370902657408,0.030627221098812666,0.17133830847731488,0.503943884313761,S+Q,0.005216686204029537,0.0015020794568417401,0.0019666910661524325,0.00217442132482129,0.0002397840626546722,0.006297638134368607,0.007102160451879635,0.0036548888993198016,0.0028620233992509236,0.003929193714995541,0.0007745855384976134,0.0009577955697324506
b3_mean,S+Q,smallK5_10,expb_m0,10,__pooled_test__,7410.0,0.7421502474134053,0.8380336981059665,0.08393437089726308,0.03653833009124945,0.047396040806013624,0.7682921919109728,0.34185719037506906,0.1794707400003388,0.09361355008379202,0.023791090724877072,0.13942702856722466,0.4179179524235445,S+Q,0.0009762723533158155,0.0007565639131635025,0.0002454702739816524,0.00029149096727959024,0.0003050313457516312,0.010350581946255771,0.004348083441431369,0.004778689999202364,0.003155845650969531,0.0007578495197569046,0.00010324973193911225,0.0005383740810600573
b3_mean,S+V,smallK5_10,expb_m0,10,testA,4325.0,0.8016955684007708,0.8570372832398278,0.05358056541728173,0.021114603643073927,0.0324659617742078,0.8507890811239714,0.43648376623253077,0.23958493625696728,0.1314968256218607,0.019084181307458623,0.11532858258558254,0.35373340542581183,S+V,0.0038015760940697096,0.0027964792224379324,0.0010934076591072276,0.0008358319177243408,0.000485794103384161,0.0030535980483183903,0.0044538323774880595,0.006063196563167748,0.005487354510612553,0.0007079177273089465,0.0008358845078841614,0.002578007560611906
b3_mean,S+V,smallK5_10,expb_m0,10,testB,3085.0,0.6586709886547811,0.8034410068588413,0.1434371557935551,0.06632713626173654,0.07711001953181856,0.611934307232954,0.24270747387327074,0.12686832455142114,0.06342173759942567,0.03675387804859688,0.17021878285576864,0.5015588859225074,S+V,0.005216686204029537,0.0018001512837317643,0.0019133408945396456,0.00217442132482129,0.0002706703216659185,0.010339848483190753,0.009911185148238879,0.005259330191878688,0.003687302314180808,0.004025135646792265,0.0010210667494653237,0.0014793554927923966
b3_mean,S+V,smallK5_10,expb_m0,10,__pooled_test__,7410.0,0.7421502474134053,0.8411384610905377,0.08316636816987243,0.03653833009124945,0.04662803807862298,0.7763125342852776,0.3527686588066361,0.18529217376389862,0.09710085116541867,0.024710317449565283,0.13818098040387186,0.415277481988876,S+V,0.0009762723533158155,0.0011626444548830967,0.0004478992278155418,0.00029149096727959024,0.0005206223456013353,0.012340126718431274,0.005052585142982415,0.006596003787475921,0.0019358561410618242,0.0016650080820541527,0.00031732669072356894,0.0013221654153623803
b3_mean,Full,smallK5_10,expb_m0,10,testA,4325.0,0.8016955684007708,0.854731569921761,0.05416531253783625,0.021114603643073927,0.033050708894762325,0.8484058419354742,0.4290698132964044,0.23269966795064345,0.12449201388973523,0.020707602641253778,0.11631071485729788,0.35628259243460164,Full,0.0038015760940697096,0.003406870891707302,0.0010107875464626082,0.0008358319177243408,0.0005593912150950049,0.005747669707869302,0.007725689834075564,0.003183935559148953,0.005704883431330822,0.0035852011324484976,0.0007679120672441113,0.0022930064114265966
b3_mean,Full,smallK5_10,expb_m0,10,testB,3085.0,0.6586709886547811,0.8021672107308072,0.14399467864144458,0.06632713626173654,0.07766754237970802,0.607570081119628,0.24145027205626804,0.12822526544019616,0.0667697032022222,0.032991220459888414,0.17035568132519083,0.501812988921869,Full,0.005216686204029537,0.00249824535733876,0.001834399645180872,0.00217442132482129,0.00039836450472371384,0.004420521870531215,0.004973613639267035,0.0037397225097833883,0.004415960102142911,0.0025861214345669304,0.0011773996491576458,0.0019423659282857373
b3_mean,Full,smallK5_10,expb_m0,10,__pooled_test__,7410.0,0.7421502474134053,0.8394129608558875,0.08374031378504787,0.03653833009124945,0.04720198369379843,0.7655040389197642,0.3470979616912793,0.18508641578336463,0.0978383128180021,0.02495842428344698,0.1388112170912317,0.4168711583135787,Full,0.0009762723533158155,0.001207075578855428,0.0003787294887500125,0.00029149096727959024,0.0005127902450756713,0.009043878309664174,0.0053247507955285975,0.001904759288172847,0.0018546640811063161,0.00044244278993907317,0.0002596546861935604,0.001154556978216199
b3_mean,S,smallK5_10,expb_m2,10,testA,4325.0,0.6732947976878614,0.7928598365812064,0.1401721902146276,0.060368652301735194,0.0798035379128924,0.6047169980302031,0.2383205840363369,0.11756830821534946,0.0628937386683885,0.03170680362185057,0.1710000045339057,0.5060462544197848,S,0.00023121387283236983,0.003698169854672935,0.0012666470199558574,9.146174384411411e-05,0.0012776703415037878,0.004287780789424445,0.007016395250860621,0.0058295230855202875,0.006074341076456936,0.0031963946156933465,0.0016103607911764854,0.003673584222223557
b3_mean,S,smallK5_10,expb_m2,10,testB,3085.0,0.49875742841707177,0.7267171726471856,0.30758082957800087,0.1543203900354427,0.15326043954255816,0.32146078764175434,0.1150284834239081,0.0574552446466105,0.03232904958084934,0.04862840626367942,0.2111306409731635,0.6078256273742817,S,0.006832808969751429,0.011644855112427068,0.0017290451199512265,0.004735892279977577,0.0057123749887306886,0.021399773387576933,0.009167851161808323,0.006353439381970224,0.0031107615305303988,0.0027685797123928662,0.003695683650976413,0.008766245986008461
b3_mean,S,smallK5_10,expb_m2,10,__pooled_test__,7410.0,0.600629779577148,0.7776064173226933,0.19470737043049602,0.09318762550332961,0.10151974492716638,0.5032814327485814,0.181959308550006,0.09189030010573286,0.047155355017463534,0.0362027613221419,0.18770756369923772,0.5484199879642683,S,0.0028092658562295634,0.0030697820011751508,0.0004608482824248119,0.0014292779721625515,0.0009993761997646208,0.005738256209349136,0.0017187103380424725,0.001661653946983732,0.00336672119801417,0.0033404077081324326,0.0006030207158847239,0.0015191776013973454
b3_mean,S+Q,smallK5_10,expb_m2,10,testA,4325.0,0.6732947976878614,0.7965459720959073,0.13866756877938657,0.060368652301735194,0.07829891647765137,0.617928951880007,0.24304181021814372,0.12071293025184437,0.06264683888146932,0.029799012778064685,0.1696058145308469,0.5026737612876461,S+Q,0.00023121387283236983,0.0022573138380002256,0.0007940011917678205,9.146174384411411e-05,0.0007111199135098876,0.013230945697905642,0.0041541332121961564,0.005701085786098145,0.005507084268638644,0.0015473465544609403,0.0009713411688695237,0.002009430122463963
b3_mean,S+Q,smallK5_10,expb_m2,10,testB,3085.0,0.49875742841707177,0.7296431279854051,0.30557069189438035,0.1543203900354427,0.15125030185893767,0.3253500441665919,0.11476512468403627,0.05840502544835089,0.03323413065370154,0.048529292528381084,0.2102114321126769,0.6056488514255466,S+Q,0.006832808969751429,0.01286277007318131,0.001981713560768459,0.004735892279977577,0.006604651020574043,0.022710510910718615,0.00841356796007802,0.0038616758440789007,0.0027451854536600473,0.005674260027539847,0.0038589385904355443,0.009083081171076732
b3_mean,S+Q,smallK5_10,expb_m2,10,__pooled_test__,7410.0,0.600629779577148,0.7806553202236651,0.19310102842220722,0.09318762550332961,0.09991340291887763,0.512696801497679,0.1840665815348719,0.09375792544030259,0.04608992126215542,0.03670840685800935,0.18651112225553593,0.5455453069118598,S+Q,0.0028092658562295634,0.004897483025875453,0.0006821069651354072,0.0014292779721625515,0.0019973315196555614,0.010575223955641184,0.0025902676661541135,0.0014799372669211366,0.0024540935476539236,0.003941965314013014,0.0012950398812518076,0.0032517736914563916
b3_mean,S+V,smallK5_10,expb_m2,10,testA,4325.0,0.6732947976878614,0.7974788664247972,0.13890321894100424,0.060368652301735194,0.07853456663926904,0.6136763042384915,0.25070808833979386,0.12909902202053763,0.06686750939339169,0.032843919569065495,0.16927716857893524,0.502671237960974,S+V,0.00023121387283236983,0.002613766925973927,0.0010019758295260923,9.146174384411411e-05,0.0010491932081806822,0.006577552528862121,0.008464279867241586,0.00458155713794271,0.0017223185528252444,0.0010885229485743868,0.0010737935182172451,0.0026989300115473013
b3_mean,S+V,smallK5_10,expb_m2,10,testB,3085.0,0.49875742841707177,0.7388065340061126,0.3013371879168348,0.1543203900354427,0.14701679788139213,0.34610532245664033,0.12320018429689115,0.06199389289792995,0.03507275333188943,0.046117177456779825,0.2068237638970478,0.5978491157082543,S+V,0.006832808969751429,0.009871594603915946,0.0011160459442639038,0.004735892279977577,0.005350099918820882,0.009512125919748921,0.0014517697981742694,0.0024486794827863244,0.004355861475004508,0.006207180326350869,0.003273400709872655,0.008020345849019785
b3_mean,S+V,smallK5_10,expb_m2,10,__pooled_test__,7410.0,0.600629779577148,0.7850634897113288,0.1918700932929054,0.09318762550332961,0.0986824677895758,0.5104901680203388,0.19941318256564777,0.0981450671780771,0.05106589069504861,0.0338951077135361,0.1849089157525354,0.5422965757275543,S+V,0.0028092658562295634,0.0032101390435474372,0.0005143546679710981,0.0014292779721625515,0.0011217969761754512,0.0034954323240050404,0.003645880313041803,0.0011426155983727555,0.0028315154337786538,0.004188070578277233,0.0007971087696020667,0.0020990368434692596
b3_mean,Full,smallK5_10,expb_m2,10,testA,4325.0,0.6732947976878614,0.8013502803104965,0.1372745403607906,0.060368652301735194,0.07690588805905542,0.6212278513490549,0.25631061865359817,0.1296207767652677,0.0666186762091575,0.028191443819684997,0.16759573195472025,0.49848322562765895,Full,0.00023121387283236983,0.0007360307613575638,0.00018311713917282282,9.146174384411411e-05,0.0001288757494120198,0.007941935854811722,0.005119749541886344,0.006081590502638751,0.0033877706371336636,0.0021086523922828216,0.0002715084017583481,0.0003809040427558781
b3_mean,Full,smallK5_10,expb_m2,10,testB,3085.0,0.49875742841707177,0.7420525311415812,0.2991437375409221,0.1543203900354427,0.1448233475054794,0.3504272877890077,0.12348505882284273,0.06199660545150709,0.034392834699571315,0.047876715524884705,0.2059857668019258,0.5959422289544821,Full,0.006832808969751429,0.010786288663955578,0.0013771755415986175,0.004735892279977577,0.006112691605285704,0.009681584024092535,0.0037085723130631525,0.0015033247749355885,0.00394969611598294,0.007490400864251966,0.003409982163921149,0.008319520471931453
b3_mean,Full,smallK5_10,expb_m2,10,__pooled_test__,7410.0,0.600629779577148,0.7881982668930702,0.19021660755803715,0.09318762550332961,0.09702898205470752,0.5237763303743574,0.20011035650325018,0.09915722222559914,0.05154672219614067,0.03450289092376114,0.18357862770419783,0.539058262775196,Full,0.0028092658562295634,0.004681062320592352,0.0004675800979904143,0.0014292779721625515,0.0018674060273289393,0.002672143091248232,0.004657968671528527,0.0023646068853318265,0.0023596178900749764,0.003305322093056111,0.0013240904600444398,0.0032478884293844525
b3_mean,S,smallK5_10,expb_m4,10,testA,4325.0,0.6390751445086705,0.8005396569610453,0.15770421423113826,0.074791431475328,0.08291278275581027,0.5841113761486421,0.22860871785945083,0.1196405649030136,0.062315327526546414,0.026417218246351144,0.17343118531700816,0.511851287947371,S,0.001835203221547713,0.0039092944311887165,0.0022595172219219907,0.0008229649162113018,0.0017556679081275853,0.010180722717168187,0.007388956067451023,0.008846151613489815,0.008972101425168463,0.005536327846565576,0.0015184594974236398,0.003965022245263827
b3_mean,S,smallK5_10,expb_m4,10,testB,3085.0,0.460291734197731,0.7488552078655374,0.33045750872505625,0.1825833428231931,0.1478741659018631,0.33156092997025616,0.11213456901748038,0.05391785311177316,0.027135231220602213,0.03920103774307079,0.20058643255052924,0.5864503293648191,S,0.004238799620947185,0.003994820058078582,0.003334198019741859,0.0032995297409070777,0.003020222457468369,0.009745642618388685,0.00432320577815267,0.005374609656041324,0.005692070106264251,0.004856669803555549,0.002095177361807056,0.004766202710842145
b3_mean,S,smallK5_10,expb_m4,10,__pooled_test__,7410.0,0.5646423751686909,0.7908193793665222,0.21473853799239037,0.11263374636726,0.10210479162513038,0.4934741276147623,0.18087884735053375,0.09017358174794397,0.04446415539967199,0.030200324344440196,0.18473670997495853,0.5429090535037581,S,0.002804940579058924,0.001386641706043797,0.0014786771483045517,0.0016072333913671618,0.0006014674065616842,0.007020214184570997,0.004983157263955624,0.006670431370611499,0.002340383544690364,0.007559325040562515,8.826153896737426e-05,0.00042064879821208093
b3_mean,S+Q,smallK5_10,expb_m4,10,testA,4325.0,0.6390751445086705,0.8045963121892331,0.15606259519640134,0.074791431475328,0.08127116372107335,0.5939083025219216,0.2336793019172009,0.12034908770215154,0.06119064938306065,0.02456292561377844,0.17179115906902917,0.5081064292652163,S+Q,0.001835203221547713,0.0031032169797182412,0.001595666912427732,0.0008229649162113018,0.0014585636572446276,0.01374746145840888,0.005285307771548609,0.006969722595917414,0.010662931545989414,0.008152833051352957,0.0009160543182192098,0.0025779950546405347
b3_mean,S+Q,smallK5_10,expb_m4,10,testB,3085.0,0.460291734197731,0.7519222440381568,0.32866570923304644,0.1825833428231931,0.14608236640985334,0.3435286417051626,0.11240233152210306,0.0554807607183028,0.026909000002754962,0.03875884777761785,0.19973624308328056,0.5844949845342354,S+Q,0.004238799620947185,0.004992238890667239,0.0031908381798749076,0.0032995297409070777,0.003887552292379254,0.014922492303495625,0.007817617021166746,0.006580486469355688,0.00330426251898432,0.012894954797386109,0.0022884246566769084,0.005203959545403724
b3_mean,S+Q,smallK5_10,expb_m4,10,__pooled_test__,7410.0,0.5646423751686909,0.7940839632071484,0.21311347804506175,0.11263374636726,0.10047973167780176,0.5023474861583138,0.1811338215818615,0.08913900545512249,0.0453350469536686,0.02851347985029686,0.1834255159089705,0.5399092218434786,S+Q,0.002804940579058924,0.002185075211229862,0.0005783386261444548,0.0016072333913671618,0.0011285410641629751,0.006874107913834122,0.005454075589991409,0.006618952504051177,0.002340471335248958,0.009470039249473818,0.0006024366705581558,0.0012263593124878665
b3_mean,S+V,smallK5_10,expb_m4,10,testA,4325.0,0.6390751445086705,0.8135660573688379,0.15280976848103833,0.074791431475328,0.07801833700571034,0.6033273959007349,0.2507498946245983,0.1288778530935372,0.06769938392496498,0.030261733558850524,0.16845029544582787,0.5006596351891107,S+V,0.001835203221547713,0.002837782797646747,0.0019788130650262156,0.0008229649162113018,0.001374959741011981,0.003185200131707388,0.007744365569353175,0.007041178397913594,0.005470443060535015,0.002870195647195756,0.000991964907536555,0.0029515206773493394
b3_mean,S+V,smallK5_10,expb_m4,10,testB,3085.0,0.460291734197731,0.7686806498514652,0.3201888941133994,0.1825833428231931,0.13760555129020627,0.3675687884746601,0.12687702198227788,0.06126429928513746,0.03133462665150195,0.03909940388635266,0.1940913820557514,0.5714498467778397,S+V,0.004238799620947185,0.002515923636604651,0.0019504264598335882,0.0032995297409070777,0.0027072522515728162,0.006821949163842457,0.0026964691925172235,0.0065333748256294535,0.002418889841085022,0.01133896333847131,0.0015398982453700436,0.0035680043936193824
b3_mean,S+V,smallK5_10,expb_m4,10,__pooled_test__,7410.0,0.5646423751686909,0.8052871503653395,0.20840593027764512,0.11263374636726,0.09577218391038515,0.5201125843664736,0.1961118823097666,0.09992401477155678,0.04926252333540767,0.030598889537851257,0.17912543069435882,0.5301316733471714,S+V,0.002804940579058924,0.0020492560006712913,0.00131771695371095,0.0016072333913671618,0.0006848415819232874,0.008429518438904014,0.005875998254992306,0.004258999659693162,0.005168178442556519,0.008041043164333435,8.074599704163247e-05,0.0003278530315174511
b3_mean,Full,smallK5_10,expb_m4,10,testA,4325.0,0.6390751445086705,0.8178968575008682,0.1508767540585386,0.074791431475328,0.07608532258321059,0.6169778245479117,0.2523509239641757,0.13077894119849973,0.06769508911266371,0.02559982167062889,0.16634699927153726,0.4955344738983695,Full,0.001835203221547713,0.002247190924375778,0.001194778771776002,0.0008229649162113018,0.001001971369267186,0.006983078395333044,0.0032950522104110416,0.006668321676247852,0.0046585067366391696,0.00510186085916281,0.00041633749636788513,0.001178341090312295
b3_mean,Full,smallK5_10,expb_m4,10,testB,3085.0,0.460291734197731,0.7721859710686108,0.31807562806574596,0.1825833428231931,0.13549228524255283,0.3791454798557061,0.12714660445294726,0.062138372680980825,0.03195887922789556,0.043754627295739014,0.19300707409934745,0.5690121229075777,Full,0.004238799620947185,0.004316490199625644,0.001666100082072553,0.0032995297409070777,0.003621737275651127,0.007135003291790464,0.0038142987237469402,0.004415415755711897,0.0005321227593930795,0.008354970515645517,0.0019028231679272785,0.004463981596599365
b3_mean,Full,smallK5_10,expb_m4,10,__pooled_test__,7410.0,0.5646423751686909,0.8090013724901018,0.20645556358104275,0.11263374636726,0.09382181721378274,0.5289882405501573,0.19857650024731552,0.09934910833479589,0.0501273688974374,0.028947613915364805,0.1774463691559899,0.5261253709555095,Full,0.002804940579058924,0.0029943463894054265,0.0004621355093803637,0.0016072333913671618,0.0013169314756495893,0.010868810198980176,0.005355220599926629,0.004029215207770841,0.004106656344218544,0.01078688221908162,0.0008374899233859848,0.001601087965691887
b3_mean,S,smallK5_10,expb_m8,10,testA,4325.0,0.6139499036608863,0.8299340904310442,0.1585312586288347,0.08655193882289995,0.07197931980593474,0.6275517415772499,0.2349153253668286,0.11685316242512232,0.05713495288317871,0.024237645960040247,0.1631295591073062,0.48632916970847034,S,0.004774067257325173,0.000448435697612874,0.0024813833353561523,0.0023190274544405533,0.00035590439827067185,0.007327391596211957,0.009308600649190306,0.005281157516927549,0.0015679231506800435,0.0015762949899869182,0.0004494352102345932,0.0006623620735404084
b3_mean,S,smallK5_10,expb_m8,10,testB,3085.0,0.44484062668827656,0.7784615564165951,0.325586256626858,0.19483739657921192,0.13074886004764605,0.36263118382501575,0.11859123699472664,0.05341886795091355,0.024902855066555516,0.03984917016614536,0.1873040661205525,0.5569969944873497,S,0.00467868937754963,0.005334980684451108,0.004556897230458613,0.003775802246699582,0.004111802142135599,0.018064897588216985,0.002512764130700741,0.0015446640353508315,0.0021150885333312613,0.009381943206191474,0.0026644626880937463,0.0060439425437448305
b3_mean,S,smallK5_10,expb_m8,10,__pooled_test__,7410.0,0.5435447593342331,0.8166367616024335,0.21549138436578907,0.1250899495220228,0.0904014348437663,0.5291094515528905,0.18314469558813448,0.0881848433884632,0.04267185604042211,0.02559471960785871,0.17319411432132306,0.5157502546535234,S,0.002243357200142469,0.002466683474406969,0.0009021874875542588,0.0013686116838295868,0.0013449024123995089,0.010661333956411135,0.004013364341030523,0.0014686974488233727,0.0012364037476546208,0.0026363396954572843,0.001312728268646735,0.002800047662058272
b3_mean,S+Q,smallK5_10,expb_m8,10,testA,4325.0,0.6139499036608863,0.8352260967188005,0.1562143088255204,0.08655193882289995,0.06966237000262046,0.6447449610386936,0.2416391452921525,0.11748438605645883,0.05840365243443569,0.023916075313042778,0.16069128813266229,0.48052375100893774,S+Q,0.004774067257325173,0.003404855560344976,0.0022897045835499003,0.0023190274544405533,0.0014971102584567344,0.010873755925762455,0.0031250248214987468,0.002014792498143036,0.002515042036942026,0.0025547782417231235,0.0015283024519117043,0.003342523305283843
b3_mean,S+Q,smallK5_10,expb_m8,10,testB,3085.0,0.44484062668827656,0.7824796917740917,0.3233488304127559,0.19483739657921192,0.12851143383354405,0.3770106657054777,0.1205316642090492,0.054928213843502736,0.026743627151611812,0.043038928083599964,0.18596052977610214,0.5540004465455346,S+Q,0.00467868937754963,0.00704545965427037,0.0052460254024649135,0.003775802246699582,0.005073774971486886,0.019806199602301403,0.0014442084231827666,0.0010735421993869675,0.001244442474019185,0.004993351219999366,0.003254155470600925,0.007271789473000577
b3_mean,S+Q,smallK5_10,expb_m8,10,__pooled_test__,7410.0,0.5435447593342331,0.8210850620929494,0.21322484787615437,0.1250899495220228,0.08813489835413157,0.5377738864616691,0.18597200234643674,0.09037890259609714,0.04432941350680322,0.029394198783820796,0.17121161343225902,0.5111142511075074,S+Q,0.002243357200142469,0.00476929606959741,0.0014112124548998893,0.0013686116838295868,0.002494843923086472,0.012680177772298832,0.002493386070076982,0.002312193964503147,0.0005276784216362578,0.0054296071335065655,0.0022451063295710117,0.00494703505647705
b3_mean,S+V,smallK5_10,expb_m8,10,testA,4325.0,0.6139499036608863,0.854378325386901,0.14884797303919098,0.08655193882289995,0.06229603421629102,0.6754068714314118,0.273604031323816,0.1327681570427943,0.06845642355248589,0.03838653875464778,0.15261390683061707,0.46184602854653134,S+V,0.004774067257325173,0.0015426267997180121,0.0019419408699304138,0.0023190274544405533,0.00038410923128243547,0.009376485346917285,0.00788973832012592,0.0019272647496669268,0.0019760397367250006,0.0010753340790892153,0.0005770104399740807,0.0016426532641154483
b3_mean,S+V,smallK5_10,expb_m8,10,testB,3085.0,0.44484062668827656,0.8084770634928002,0.31080722892772306,0.19483739657921192,0.11596983234851117,0.412011233809008,0.13828401082265326,0.06529749751493148,0.03184920337681541,0.056707206368948854,0.17828669034470276,0.5355054614215721,S+V,0.00467868937754963,0.0060361824280768545,0.0033286369471299043,0.003775802246699582,0.003948187675412028,0.019879632004535564,0.00472243260166473,0.001311804003727628,0.0018468554512184464,0.005139418587273241,0.003455291238345308,0.007588572550789281
b3_mean,S+V,smallK5_10,expb_m8,10,__pooled_test__,7410.0,0.5435447593342331,0.8410513888092965,0.2045316177593228,0.1250899495220228,0.0794416682373,0.5702948859057456,0.20802600466061996,0.10264224743862756,0.04982815897337959,0.03741893760819499,0.1633022384285866,0.49251260755051257,S+V,0.002243357200142469,0.002988082759945605,0.0009048520558922474,0.0013686116838295868,0.0014157691700655746,0.00810500546795526,0.003634219593523057,0.002654369840972696,0.0016133391781762343,0.005100861318062536,0.0013226001203900312,0.0026199112263959865
b3_mean,Full,smallK5_10,expb_m8,10,testA,4325.0,0.6139499036608863,0.8600593766369178,0.14629569553977126,0.08655193882289995,0.0597437567168713,0.6865865865846282,0.28005904949913174,0.13519498869911703,0.0688881672481907,0.03936591143114428,0.14978387906929666,0.45484111435714186,Full,0.004774067257325173,0.004169043358804419,0.0017579782659621944,0.0023190274544405533,0.00157928912593967,0.012615880832747893,0.0026327884980607546,0.005374786127623173,0.0018206105552873585,0.003082076796091433,0.0018519763815261837,0.004351915207578797
b3_mean,Full,smallK5_10,expb_m8,10,testB,3085.0,0.44484062668827656,0.8136295060488808,0.3079747954362943,0.19483739657921192,0.11313739885708245,0.4205477739596159,0.14411956766031164,0.07026855745519535,0.03390285304856596,0.05689129524454067,0.17617571759007333,0.5304920197880459,Full,0.00467868937754963,0.008336213450039584,0.004156439995788334,0.003775802246699582,0.005192645559013461,0.020273267072710946,0.006554005167699451,0.001961104730433312,0.0006941248614834347,0.007825759510764996,0.004128036866337713,0.008983869785215773
b3_mean,Full,smallK5_10,expb_m8,10,__pooled_test__,7410.0,0.5435447593342331,0.846548596638374,0.201790924237353,0.1250899495220228,0.0767009747153302,0.5830931752198719,0.21207712454884398,0.10439199579471065,0.05210730991980982,0.041359113070711155,0.16077157432389802,0.4863368017059056,Full,0.002243357200142469,0.005707536189077282,0.0016237627572417237,0.0013686116838295868,0.002709085260388109,0.011585410177643793,0.0032756670068755773,0.0037120868686407954,0.001106813223854425,0.005960806876839891,0.0025731785436758775,0.005595843236121619
