scorer_group,model,eval_split,K,metric,mean,std,n_scorers
b3,margin,__pooled_test__,5,auroc_correct,0.8332807325663502,0.002057112486009952,3
b3,margin,__pooled_test__,5,e_aurc,0.03987406088874496,0.0006743152435979848,3
b3,margin,__pooled_test__,5,rer_at_50,0.8121999002494417,0.007030073623471641,3
b3,margin,__pooled_test__,5,rer_at_80,0.36108391278318547,0.0029142452100742785,3
b3,margin,__pooled_test__,5,rer_at_90,0.1843636751882801,0.005598384158598156,3
b3,margin,__pooled_test__,5,rer_at_95,0.09569567259452767,0.00576354117206208,3
b3,margin,__pooled_test__,10,auroc_correct,0.7951665675008458,0.0015185625954079586,3
b3,margin,__pooled_test__,10,e_aurc,0.07643704752414346,0.0005084617591934228,3
b3,margin,__pooled_test__,10,rer_at_50,0.6223490672506177,0.005663438749784651,3
b3,margin,__pooled_test__,10,rer_at_80,0.23232062826193048,0.005566500513597458,3
b3,margin,__pooled_test__,10,rer_at_90,0.1128415621179256,0.0035808890068558196,3
b3,margin,__pooled_test__,10,rer_at_95,0.05780916007978343,0.0037589263771480447,3
b3,margin,__pooled_test__,20,auroc_correct,0.7821305407258223,0.002990448370755816,3
b3,margin,__pooled_test__,20,e_aurc,0.10363963628293416,0.000916415374552542,3
b3,margin,__pooled_test__,20,rer_at_50,0.48053749935118156,0.006967149748747177,3
b3,margin,__pooled_test__,20,rer_at_80,0.1585580389017905,0.007129957933529948,3
b3,margin,__pooled_test__,20,rer_at_90,0.07216627055894254,0.005052563863825938,3
b3,margin,__pooled_test__,20,rer_at_95,0.03587782120131528,0.005871926084188618,3
b3,margin,__pooled_test__,50,auroc_correct,0.7717627232518431,0.006557614243592726,3
b3,margin,__pooled_test__,50,e_aurc,0.13073620041125644,0.003661980218351332,3
b3,margin,__pooled_test__,50,rer_at_50,0.33458998519876615,0.008395582478568182,3
b3,margin,__pooled_test__,50,rer_at_80,0.104301717933849,0.002211457649194275,3
b3,margin,__pooled_test__,50,rer_at_90,0.04735520051236767,0.0013023961274935044,3
b3,margin,__pooled_test__,50,rer_at_95,0.02194976927569627,0.001322784931121469,3
b3,margin,testA,5,auroc_correct,0.8536014539629453,0.003667409052892703,3
b3,margin,testA,5,e_aurc,0.02939652858853008,0.00029971314925593894,3
b3,margin,testA,5,rer_at_50,0.8815710760238735,0.01377355556262386,3
b3,margin,testA,5,rer_at_80,0.44238249851063033,0.007756538802971958,3
b3,margin,testA,5,rer_at_90,0.22803554288148464,0.008252541678393416,3
b3,margin,testA,5,rer_at_95,0.11765844890658043,0.0024933334708030744,3
b3,margin,testA,10,auroc_correct,0.8137997933726654,0.002869896497798141,3
b3,margin,testA,10,e_aurc,0.059711715448106974,0.00022551233226235042,3
b3,margin,testA,10,rer_at_50,0.7067500381096328,0.004438244531249923,3
b3,margin,testA,10,rer_at_80,0.2929729490247071,0.015152460122341166,3
b3,margin,testA,10,rer_at_90,0.1431470259428814,0.0048396966533701445,3
b3,margin,testA,10,rer_at_95,0.06973679952744781,0.0008008427097024544,3
b3,margin,testA,20,auroc_correct,0.7990223041574639,0.002082352400237968,3
b3,margin,testA,20,e_aurc,0.08672124153935684,0.0006513476184688106,3
b3,margin,testA,20,rer_at_50,0.5666797990804385,0.005925980328068546,3
b3,margin,testA,20,rer_at_80,0.20078555289458758,0.008207853326600893,3
b3,margin,testA,20,rer_at_90,0.09073888393558255,0.0019005033797413837,3
b3,margin,testA,20,rer_at_95,0.04540729690569167,0.0034709387033601195,3
b3,margin,testA,50,auroc_correct,0.7822283569223863,0.01005051711363137,3
b3,margin,testA,50,e_aurc,0.11703533111617569,0.005559331671968731,3
b3,margin,testA,50,rer_at_50,0.4060350478089602,0.023007253641248285,3
b3,margin,testA,50,rer_at_80,0.1297432471738157,0.007628195028360781,3
b3,margin,testA,50,rer_at_90,0.06055964096560379,0.0019831638632749906,3
b3,margin,testA,50,rer_at_95,0.02790517935295399,0.0018606603441957295,3
b3,margin,testB,5,auroc_correct,0.8046151736648608,0.004776584334515714,3
b3,margin,testB,5,e_aurc,0.05642872439032267,0.0018134239557053642,3
b3,margin,testB,5,rer_at_50,0.7204586294037236,0.011265131447673856,3
b3,margin,testB,5,rer_at_80,0.28818151065333075,0.005221587290873556,3
b3,margin,testB,5,rer_at_90,0.14530752870781502,0.012877972212474874,3
b3,margin,testB,5,rer_at_95,0.07457691160394969,0.006138671977748792,3
b3,margin,testB,10,auroc_correct,0.764488234411011,0.0023501078447261013,3
b3,margin,testB,10,e_aurc,0.103717868834703,0.0012324870722117145,3
b3,margin,testB,10,rer_at_50,0.49957949778071103,0.011185848610771919,3
b3,margin,testB,10,rer_at_80,0.17158064367892747,0.011616202741701854,3
b3,margin,testB,10,rer_at_90,0.08703306181473418,0.009776545549373492,3
b3,margin,testB,10,rer_at_95,0.04408169640890758,0.005346168002798408,3
b3,margin,testB,20,auroc_correct,0.7515586116381834,0.005277396489001369,3
b3,margin,testB,20,e_aurc,0.13175560742254297,0.0015437099988093585,3
b3,margin,testB,20,rer_at_50,0.3700484907584635,0.010344815938556235,3
b3,margin,testB,20,rer_at_80,0.11687280775124302,0.01080699137498611,3
b3,margin,testB,20,rer_at_90,0.05263941602016966,0.010222955425480748,3
b3,margin,testB,20,rer_at_95,0.025469817579039208,0.007298710832316725,3
b3,margin,testB,50,auroc_correct,0.745836254744041,0.005904033324458191,3
b3,margin,testB,50,e_aurc,0.15498790284785488,0.0030059704648261842,3
b3,margin,testB,50,rer_at_50,0.24443678576005903,0.011489703876895147,3
b3,margin,testB,50,rer_at_80,0.07359725661708987,0.00348725350428099,3
b3,margin,testB,50,rer_at_90,0.03278216379736154,0.002160658608614315,3
b3,margin,testB,50,rer_at_95,0.015175331630068277,0.0020267706083569137,3
b3,margin,val_select,5,auroc_correct,0.8352288850703591,0.001956663861782872,3
b3,margin,val_select,5,e_aurc,0.040875367307903414,0.000442932500699044,3
b3,margin,val_select,5,rer_at_50,0.8219934236263099,0.00932112734450579,3
b3,margin,val_select,5,rer_at_80,0.368930811183345,0.011578836270082838,3
b3,margin,val_select,5,rer_at_90,0.1849328554947953,0.0050354468819838296,3
b3,margin,val_select,5,rer_at_95,0.09198213197062749,0.004666356162300471,3
b3,margin,val_select,10,auroc_correct,0.793884636211532,0.0009025455982342723,3
b3,margin,val_select,10,e_aurc,0.07713318446697849,0.0007873215913556696,3
b3,margin,val_select,10,rer_at_50,0.6155965851971189,0.017532879531115115,3
b3,margin,val_select,10,rer_at_80,0.22334417804651266,0.008241776095191604,3
b3,margin,val_select,10,rer_at_90,0.10910273707738934,0.001682903431903974,3
b3,margin,val_select,10,rer_at_95,0.050460520156695714,0.003730775362736551,3
b3,margin,val_select,20,auroc_correct,0.7809247362388123,0.004492181505741692,3
b3,margin,val_select,20,e_aurc,0.10429010700334503,0.0020481462673599448,3
b3,margin,val_select,20,rer_at_50,0.4759688057277455,0.009571705770135844,3
b3,margin,val_select,20,rer_at_80,0.1619658109561358,0.006909964582704537,3
b3,margin,val_select,20,rer_at_90,0.07366958316527826,0.004327259994536055,3
b3,margin,val_select,20,rer_at_95,0.03504439067992626,0.0007111925067175466,3
b3,margin,val_select,50,auroc_correct,0.7714587453769273,0.0030581526766601625,3
b3,margin,val_select,50,e_aurc,0.12913778729730804,0.0014865286354322905,3
b3,margin,val_select,50,rer_at_50,0.32964804041609613,0.004238901588677156,3
b3,margin,val_select,50,rer_at_80,0.10408961267351308,0.0012261046649935743,3
b3,margin,val_select,50,rer_at_90,0.04644910818245662,0.0012422126345937707,3
b3,margin,val_select,50,rer_at_95,0.02247128142000299,0.0017434957045495076,3
b3,msp,__pooled_test__,5,auroc_correct,0.8407200375834146,0.0024934651881419133,3
b3,msp,__pooled_test__,5,e_aurc,0.03809162016613681,0.0006679632467877797,3
b3,msp,__pooled_test__,5,ece_adaptive,0.01040125222253546,0.003434826485287765,3
b3,msp,__pooled_test__,5,rer_at_50,0.8247753998266312,0.006162583613477957,3
b3,msp,__pooled_test__,5,rer_at_80,0.3859050115475009,0.007488241087761737,3
b3,msp,__pooled_test__,5,rer_at_90,0.19692249316323018,0.007122700930138453,3
b3,msp,__pooled_test__,5,rer_at_95,0.10395114449737829,0.003058450480480967,3
b3,msp,__pooled_test__,10,auroc_correct,0.8102744970956071,0.002930651069110022,3
b3,msp,__pooled_test__,10,e_aurc,0.07101809792265727,0.0009486169327228211,3
b3,msp,__pooled_test__,10,ece_adaptive,0.01955564555069501,0.0019838720420819085,3
b3,msp,__pooled_test__,10,rer_at_50,0.6515466585786921,0.008400166755305034,3
b3,msp,__pooled_test__,10,rer_at_80,0.25929924011694333,0.008063891828556916,3
b3,msp,__pooled_test__,10,rer_at_90,0.13071172574519357,0.0020501145538714756,3
b3,msp,__pooled_test__,10,rer_at_95,0.06720097203410302,0.004748034120934966,3
b3,msp,__pooled_test__,20,auroc_correct,0.7994867770731945,0.0006726410795807236,3
b3,msp,__pooled_test__,20,e_aurc,0.09693786412817045,0.00046733108304791027,3
b3,msp,__pooled_test__,20,ece_adaptive,0.04028747095489515,0.0034626493660842935,3
b3,msp,__pooled_test__,20,rer_at_50,0.5057553779579637,0.00909443500006344,3
b3,msp,__pooled_test__,20,rer_at_80,0.18699026676787525,0.004685590668334166,3
b3,msp,__pooled_test__,20,rer_at_90,0.09283204208769347,0.004602839557653762,3
b3,msp,__pooled_test__,20,rer_at_95,0.04521872282324533,6.230110016580925e-05,3
b3,msp,__pooled_test__,50,auroc_correct,0.7890224259559516,0.0031206344983223736,3
b3,msp,__pooled_test__,50,e_aurc,0.12405362420752714,0.002099933458043336,3
b3,msp,__pooled_test__,50,ece_adaptive,0.06965991981667351,0.001593616244428439,3
b3,msp,__pooled_test__,50,rer_at_50,0.35881517144008673,0.004623112651940665,3
b3,msp,__pooled_test__,50,rer_at_80,0.12055535820221114,0.003479261039750392,3
b3,msp,__pooled_test__,50,rer_at_90,0.05883384389925645,0.0020961235896866013,3
b3,msp,__pooled_test__,50,rer_at_95,0.029485627028012842,0.001065692605857371,3
b3,msp,testA,5,auroc_correct,0.8594111247545028,0.005132654999605193,3
b3,msp,testA,5,e_aurc,0.02825957958264812,0.0005788415656092941,3
b3,msp,testA,5,ece_adaptive,0.010591198159214527,0.002263172671941196,3
b3,msp,testA,5,rer_at_50,0.8777561534709782,0.0018469801718444976,3
b3,msp,testA,5,rer_at_80,0.4543893759213929,0.01656514356797054,3
b3,msp,testA,5,rer_at_90,0.2483476893624168,0.011370642474164866,3
b3,msp,testA,5,rer_at_95,0.1323453596309795,0.0024081025366029392,3
b3,msp,testA,10,auroc_correct,0.8259800067027566,0.004091842438611113,3
b3,msp,testA,10,e_aurc,0.05581409866271034,0.0009496392934337113,3
b3,msp,testA,10,ece_adaptive,0.021492392722722495,0.004015473362005987,3
b3,msp,testA,10,rer_at_50,0.714382092519816,0.005084939307375247,3
b3,msp,testA,10,rer_at_80,0.3131990029883023,0.015895997813018765,3
b3,msp,testA,10,rer_at_90,0.16281032915355184,0.0060337487672035926,3
b3,msp,testA,10,rer_at_95,0.0838206965753331,0.0032632266486327536,3
b3,msp,testA,20,auroc_correct,0.8140572293287797,0.0005745711887667649,3
b3,msp,testA,20,e_aurc,0.08160839657509084,5.745700910979205e-05,3
b3,msp,testA,20,ece_adaptive,0.03712907771420048,0.0055736645863256285,3
b3,msp,testA,20,rer_at_50,0.5857380119795449,0.01634863584370878,3
b3,msp,testA,20,rer_at_80,0.23152283849864916,0.0121272493929837,3
b3,msp,testA,20,rer_at_90,0.11736490928154512,0.0031201958086951725,3
b3,msp,testA,20,rer_at_95,0.060020824052709885,0.0030973542050392704,3
b3,msp,testA,50,auroc_correct,0.801545815763879,0.005183592615464188,3
b3,msp,testA,50,e_aurc,0.10885780005356,0.0035658264582638785,3
b3,msp,testA,50,ece_adaptive,0.0752737605543463,0.0022874079299209805,3
b3,msp,testA,50,rer_at_50,0.4308161780825994,0.013970287828459578,3
b3,msp,testA,50,rer_at_80,0.14883515794014776,0.007001823121357175,3
b3,msp,testA,50,rer_at_90,0.07459294010598327,0.005235469023494579,3
b3,msp,testA,50,rer_at_95,0.03889833397931162,0.002665349665805539,3
b3,msp,testB,5,auroc_correct,0.8137852360011598,0.004295900197434604,3
b3,msp,testB,5,e_aurc,0.05362641328445405,0.0015132578479214668,3
b3,msp,testB,5,ece_adaptive,0.019570495406674725,0.0040957148657468296,3
b3,msp,testB,5,rer_at_50,0.7336582683140631,0.012039975314196694,3
b3,msp,testB,5,rer_at_80,0.30468758993299416,0.006895347688036586,3
b3,msp,testB,5,rer_at_90,0.153912956400416,0.00932887078872352,3
b3,msp,testB,5,rer_at_95,0.0766805076838268,0.0011978476928197496,3
b3,msp,testB,10,auroc_correct,0.7831715134525862,0.0019838676699088734,3
b3,msp,testB,10,e_aurc,0.09606210168266323,0.0007700347080886282,3
b3,msp,testB,10,ece_adaptive,0.028821870444120542,0.004047071622535172,3
b3,msp,testB,10,rer_at_50,0.5243729308763152,0.004771504354441567,3
b3,msp,testB,10,rer_at_80,0.20218871143419237,0.009987290155630496,3
b3,msp,testB,10,rer_at_90,0.09918665162658617,0.008116810173706879,3
b3,msp,testB,10,rer_at_95,0.051064844350065135,0.0073700675609879715,3
b3,msp,testB,20,auroc_correct,0.7716742782139739,0.0008188392218618219,3
b3,msp,testB,20,e_aurc,0.12282825807177594,0.001358360216249452,3
b3,msp,testB,20,ece_adaptive,0.04759454633190452,0.001860357996212571,3
b3,msp,testB,20,rer_at_50,0.3974626882751964,0.011122085563479274,3
b3,msp,testB,20,rer_at_80,0.13774772621631812,0.007915411202423011,3
b3,msp,testB,20,rer_at_90,0.06677004068760597,0.0022064997717994384,3
b3,msp,testB,20,rer_at_95,0.032764153834453226,0.002087096701372596,3
b3,msp,testB,50,auroc_correct,0.7599676821208594,0.001491794570025757,3
b3,msp,testB,50,e_aurc,0.15211307716335845,0.001735482626839727,3
b3,msp,testB,50,ece_adaptive,0.06519823585913222,0.003778366340041728,3
b3,msp,testB,50,rer_at_50,0.26892686669978966,0.00871591307372238,3
b3,msp,testB,50,rer_at_80,0.08722858675054258,0.0005820511806655985,3
b3,msp,testB,50,rer_at_90,0.04226915129610779,0.0011348657034821073,3
b3,msp,testB,50,rer_at_95,0.021444500813370505,0.0012479447121279625,3
b3,msp,val_select,5,auroc_correct,0.8438741827918775,0.0011746130685294782,3
b3,msp,val_select,5,e_aurc,0.038860318322675204,0.0001535464470258215,3
b3,msp,val_select,5,ece_adaptive,0.015594001102619983,0.0020343733999140393,3
b3,msp,val_select,5,rer_at_50,0.8219986678085451,0.005810146924027467,3
b3,msp,val_select,5,rer_at_80,0.40081979515871363,0.006151971062302959,3
b3,msp,val_select,5,rer_at_90,0.1984265413964922,0.012734821691606162,3
b3,msp,val_select,5,rer_at_95,0.10629708414737965,0.00774984732653356,3
b3,msp,val_select,10,auroc_correct,0.8098122714559558,0.00303234649305366,3
b3,msp,val_select,10,e_aurc,0.07187814398215918,0.0005397206545333556,3
b3,msp,val_select,10,ece_adaptive,0.014418994916599051,0.0034255607181405807,3
b3,msp,val_select,10,rer_at_50,0.6387880667993824,0.002201687989504023,3
b3,msp,val_select,10,rer_at_80,0.2533759847454425,0.013161191790643787,3
b3,msp,val_select,10,rer_at_90,0.12861431293540684,0.002702988514461944,3
b3,msp,val_select,10,rer_at_95,0.06514107368677137,0.004809458382163977,3
b3,msp,val_select,20,auroc_correct,0.8006840158255647,0.00119535522368665,3
b3,msp,val_select,20,e_aurc,0.0951254590366759,0.0010828212125799644,3
b3,msp,val_select,20,ece_adaptive,0.03168576733506735,0.004647460465200952,3
b3,msp,val_select,20,rer_at_50,0.5032517673856183,0.00995029679811113,3
b3,msp,val_select,20,rer_at_80,0.18582472997898677,0.001300548074268531,3
b3,msp,val_select,20,rer_at_90,0.08657886563408618,0.004107460141255924,3
b3,msp,val_select,20,rer_at_95,0.0435000742137013,0.0036632159522303033,3
b3,msp,val_select,50,auroc_correct,0.7899740360865986,0.0014658586803273487,3
b3,msp,val_select,50,e_aurc,0.12294955455340817,0.0009377426740683846,3
b3,msp,val_select,50,ece_adaptive,0.06057393409631268,0.006204840722620171,3
b3,msp,val_select,50,rer_at_50,0.36328011447614283,0.007524390924090697,3
b3,msp,val_select,50,rer_at_80,0.12039634909094044,0.0024544901861113942,3
b3,msp,val_select,50,rer_at_90,0.05811703571604504,0.003088616569970899,3
b3,msp,val_select,50,rer_at_95,0.030264597465101867,0.0013794591278886456,3
b3,neg_entropy,__pooled_test__,5,auroc_correct,0.8315936612648747,0.002810216487606706,3
b3,neg_entropy,__pooled_test__,5,e_aurc,0.04025861683703381,0.0007557336166367466,3
b3,neg_entropy,__pooled_test__,5,rer_at_50,0.8158306788144247,0.00385277604308821,3
b3,neg_entropy,__pooled_test__,5,rer_at_80,0.3641851832738767,0.006658734859039182,3
b3,neg_entropy,__pooled_test__,5,rer_at_90,0.19191255240209945,0.0004838751047844281,3
b3,neg_entropy,__pooled_test__,5,rer_at_95,0.10265994748179702,0.0009028121138269224,3
b3,neg_entropy,__pooled_test__,10,auroc_correct,0.7942211199011253,0.003326788895475983,3
b3,neg_entropy,__pooled_test__,10,e_aurc,0.07726071597640273,0.0011461544029593377,3
b3,neg_entropy,__pooled_test__,10,rer_at_50,0.5964044276859309,0.008837001804552666,3
b3,neg_entropy,__pooled_test__,10,rer_at_80,0.24455241020774346,0.005654456073189733,3
b3,neg_entropy,__pooled_test__,10,rer_at_90,0.12305440906845588,0.004924743153825205,3
b3,neg_entropy,__pooled_test__,10,rer_at_95,0.06465767982224346,0.0017281774188302563,3
b3,neg_entropy,__pooled_test__,20,auroc_correct,0.7741219643872674,0.0010964115993118762,3
b3,neg_entropy,__pooled_test__,20,e_aurc,0.11086892606357064,0.0011783859780431596,3
b3,neg_entropy,__pooled_test__,20,rer_at_50,0.44871917493391295,0.014091940603055266,3
b3,neg_entropy,__pooled_test__,20,rer_at_80,0.17270347334782699,0.0015080085049722287,3
b3,neg_entropy,__pooled_test__,20,rer_at_90,0.08632010166465078,6.086418583039667e-05,3
b3,neg_entropy,__pooled_test__,20,rer_at_95,0.04404713572952268,0.001216755235078223,3
b3,neg_entropy,__pooled_test__,50,auroc_correct,0.7518720444946455,0.003722452232180999,3
b3,neg_entropy,__pooled_test__,50,e_aurc,0.14900730743233584,0.00280232872785152,3
b3,neg_entropy,__pooled_test__,50,rer_at_50,0.30546389153645903,0.005147189282586956,3
b3,neg_entropy,__pooled_test__,50,rer_at_80,0.10616011667826425,0.0020924844260173775,3
b3,neg_entropy,__pooled_test__,50,rer_at_90,0.051966779311865725,0.0017972431222922087,3
b3,neg_entropy,__pooled_test__,50,rer_at_95,0.026379182060720496,0.0009492743945031017,3
b3,neg_entropy,testA,5,auroc_correct,0.8519137876228099,0.0056972929652221865,3
b3,neg_entropy,testA,5,e_aurc,0.029696057683625796,0.0007165578030897217,3
b3,neg_entropy,testA,5,rer_at_50,0.877050687983716,0.0051148048489026,3
b3,neg_entropy,testA,5,rer_at_80,0.4290633217732162,0.021019209359493238,3
b3,neg_entropy,testA,5,rer_at_90,0.23874702493864888,0.007537530050262684,3
b3,neg_entropy,testA,5,rer_at_95,0.12531695656952516,0.007065736777897859,3
b3,neg_entropy,testA,10,auroc_correct,0.8102857789738479,0.004415547998263402,3
b3,neg_entropy,testA,10,e_aurc,0.06066023582989764,0.001389745965833722,3
b3,neg_entropy,testA,10,rer_at_50,0.6774071210499456,0.00711059093692462,3
b3,neg_entropy,testA,10,rer_at_80,0.28448458854485564,0.009389962906116734,3
b3,neg_entropy,testA,10,rer_at_90,0.14909517537229133,0.007770776857426616,3
b3,neg_entropy,testA,10,rer_at_95,0.07688771651827257,0.007057326050255322,3
b3,neg_entropy,testA,20,auroc_correct,0.7891648210264933,0.0005882363174149969,3
b3,neg_entropy,testA,20,e_aurc,0.093245300452662,0.0006885181623489556,3
b3,neg_entropy,testA,20,rer_at_50,0.5230437653055652,0.005619990610091215,3
b3,neg_entropy,testA,20,rer_at_80,0.20932082976832744,0.002927329486224396,3
b3,neg_entropy,testA,20,rer_at_90,0.11193780307403206,0.0013493969286844057,3
b3,neg_entropy,testA,20,rer_at_95,0.057447212563442686,0.0011885782291479491,3
b3,neg_entropy,testA,50,auroc_correct,0.7648661603878412,0.004886985859792973,3
b3,neg_entropy,testA,50,e_aurc,0.13165487052172786,0.004267939206527993,3
b3,neg_entropy,testA,50,rer_at_50,0.3714585878773129,0.01167732039921841,3
b3,neg_entropy,testA,50,rer_at_80,0.1360653274553233,0.004428125770665537,3
b3,neg_entropy,testA,50,rer_at_90,0.0677133368223954,0.00420931301421136,3
b3,neg_entropy,testA,50,rer_at_95,0.03479251897646778,0.0020725640674356402,3
b3,neg_entropy,testB,5,auroc_correct,0.8030869983449952,0.004086843152732155,3
b3,neg_entropy,testB,5,e_aurc,0.0568716899193209,0.001451855487250196,3
b3,neg_entropy,testB,5,rer_at_50,0.7072490254188378,0.014992965422351564,3
b3,neg_entropy,testB,5,rer_at_80,0.29106561538705583,0.016287056765358642,3
b3,neg_entropy,testB,5,rer_at_90,0.15390526934906182,0.009183444894899162,3
b3,neg_entropy,testB,5,rer_at_95,0.07819266318846149,0.0010894478715907916,3
b3,neg_entropy,testB,10,auroc_correct,0.7672103725902105,0.0017713028015686476,3
b3,neg_entropy,testB,10,e_aurc,0.1043904463540708,0.0005493286571308004,3
b3,neg_entropy,testB,10,rer_at_50,0.4814360281216463,0.0036888275565020805,3
b3,neg_entropy,testB,10,rer_at_80,0.18754260855938068,0.002141136525470856,3
b3,neg_entropy,testB,10,rer_at_90,0.097282489877821,0.00676429200341434,3
b3,neg_entropy,testB,10,rer_at_95,0.051812954909390994,0.004301102639712709,3
b3,neg_entropy,testB,20,auroc_correct,0.7447893971294325,0.0035787956480204624,3
b3,neg_entropy,testB,20,e_aurc,0.14093071008120625,0.0031460649575873957,3
b3,neg_entropy,testB,20,rer_at_50,0.3571048062433529,0.013594574186350097,3
b3,neg_entropy,testB,20,rer_at_80,0.12338269287632374,0.003194743939710912,3
b3,neg_entropy,testB,20,rer_at_90,0.06338625485012366,0.0033861727253849095,3
b3,neg_entropy,testB,20,rer_at_95,0.03396525720848746,0.0019932640889998472,3
b3,neg_entropy,testB,50,auroc_correct,0.7175838128067724,0.0014561378122543622,3
b3,neg_entropy,testB,50,e_aurc,0.1826106848054209,0.000443277963335498,3
b3,neg_entropy,testB,50,rer_at_50,0.22461910291138398,0.0051165089292613064,3
b3,neg_entropy,testB,50,rer_at_80,0.07165449796757815,0.004140387462184472,3
b3,neg_entropy,testB,50,rer_at_90,0.035524427410062905,0.0005549414504930242,3
b3,neg_entropy,testB,50,rer_at_95,0.018598670707942133,0.000727800770281131,3
b3,neg_entropy,val_select,5,auroc_correct,0.8353638850931757,0.0005849863220866663,3
b3,neg_entropy,val_select,5,e_aurc,0.04093500518972456,7.671144996755356e-05,3
b3,neg_entropy,val_select,5,rer_at_50,0.8226134635920533,0.0037647082116783162,3
b3,neg_entropy,val_select,5,rer_at_80,0.37522968310582966,0.0083409466199042,3
b3,neg_entropy,val_select,5,rer_at_90,0.20103379118201628,0.014406240864348583,3
b3,neg_entropy,val_select,5,rer_at_95,0.10413450306126455,0.0022083814541546797,3
b3,neg_entropy,val_select,10,auroc_correct,0.7962438542222282,0.005249629963854892,3
b3,neg_entropy,val_select,10,e_aurc,0.07688293116062907,0.0013340883206869139,3
b3,neg_entropy,val_select,10,rer_at_50,0.6120404575383156,0.01377551025284399,3
b3,neg_entropy,val_select,10,rer_at_80,0.22733884245266492,0.01126207304197994,3
b3,neg_entropy,val_select,10,rer_at_90,0.12120383786571183,0.00648987477083216,3
b3,neg_entropy,val_select,10,rer_at_95,0.0635396416528575,0.0006465693262895442,3
b3,neg_entropy,val_select,20,auroc_correct,0.7785848405775776,0.0017608114379914475,3
b3,neg_entropy,val_select,20,e_aurc,0.10563615448682613,0.0012719965142947627,3
b3,neg_entropy,val_select,20,rer_at_50,0.4610225211877974,0.006358139360674151,3
b3,neg_entropy,val_select,20,rer_at_80,0.16052376022513629,0.003988709006234755,3
b3,neg_entropy,val_select,20,rer_at_90,0.07796502298487357,0.001482461590671563,3
b3,neg_entropy,val_select,20,rer_at_95,0.0404850674025449,0.0017285176752024132,3
b3,neg_entropy,val_select,50,auroc_correct,0.7545510424183757,0.0020305712448690813,3
b3,neg_entropy,val_select,50,e_aurc,0.14621578197530438,0.0015316463867436013,3
b3,neg_entropy,val_select,50,rer_at_50,0.3205902486586327,0.005288893658600666,3
b3,neg_entropy,val_select,50,rer_at_80,0.10367194596699318,0.0027850869317403034,3
b3,neg_entropy,val_select,50,rer_at_90,0.05087120177623167,0.0002944023099313536,3
b3,neg_entropy,val_select,50,rer_at_95,0.02747466573648473,0.0009933906281905578,3
b3,norm_entropy,__pooled_test__,5,auroc_correct,0.8315936612648747,0.002810216487606706,3
b3,norm_entropy,__pooled_test__,5,e_aurc,0.04025861683703381,0.0007557336166367466,3
b3,norm_entropy,__pooled_test__,5,rer_at_50,0.8158306788144247,0.00385277604308821,3
b3,norm_entropy,__pooled_test__,5,rer_at_80,0.3641851832738767,0.006658734859039182,3
b3,norm_entropy,__pooled_test__,5,rer_at_90,0.19191255240209945,0.0004838751047844281,3
b3,norm_entropy,__pooled_test__,5,rer_at_95,0.10265994748179702,0.0009028121138269224,3
b3,norm_entropy,__pooled_test__,10,auroc_correct,0.7942211199011253,0.003326788895475983,3
b3,norm_entropy,__pooled_test__,10,e_aurc,0.07726071597640273,0.0011461544029593377,3
b3,norm_entropy,__pooled_test__,10,rer_at_50,0.5964044276859309,0.008837001804552666,3
b3,norm_entropy,__pooled_test__,10,rer_at_80,0.24455241020774346,0.005654456073189733,3
b3,norm_entropy,__pooled_test__,10,rer_at_90,0.12305440906845588,0.004924743153825205,3
b3,norm_entropy,__pooled_test__,10,rer_at_95,0.06465767982224346,0.0017281774188302563,3
b3,norm_entropy,__pooled_test__,20,auroc_correct,0.7741219643872674,0.0010964115993118762,3
b3,norm_entropy,__pooled_test__,20,e_aurc,0.11086892606357064,0.0011783859780431596,3
b3,norm_entropy,__pooled_test__,20,rer_at_50,0.44871917493391295,0.014091940603055266,3
b3,norm_entropy,__pooled_test__,20,rer_at_80,0.17270347334782699,0.0015080085049722287,3
b3,norm_entropy,__pooled_test__,20,rer_at_90,0.08632010166465078,6.086418583039667e-05,3
b3,norm_entropy,__pooled_test__,20,rer_at_95,0.04404713572952268,0.001216755235078223,3
b3,norm_entropy,__pooled_test__,50,auroc_correct,0.7518720444946455,0.003722452232180999,3
b3,norm_entropy,__pooled_test__,50,e_aurc,0.14900730743233584,0.00280232872785152,3
b3,norm_entropy,__pooled_test__,50,rer_at_50,0.30546389153645903,0.005147189282586956,3
b3,norm_entropy,__pooled_test__,50,rer_at_80,0.10616011667826425,0.0020924844260173775,3
b3,norm_entropy,__pooled_test__,50,rer_at_90,0.051966779311865725,0.0017972431222922087,3
b3,norm_entropy,__pooled_test__,50,rer_at_95,0.026379182060720496,0.0009492743945031017,3
b3,norm_entropy,testA,5,auroc_correct,0.8519137876228099,0.0056972929652221865,3
b3,norm_entropy,testA,5,e_aurc,0.029696057683625796,0.0007165578030897217,3
b3,norm_entropy,testA,5,rer_at_50,0.877050687983716,0.0051148048489026,3
b3,norm_entropy,testA,5,rer_at_80,0.4290633217732162,0.021019209359493238,3
b3,norm_entropy,testA,5,rer_at_90,0.23874702493864888,0.007537530050262684,3
b3,norm_entropy,testA,5,rer_at_95,0.12531695656952516,0.007065736777897859,3
b3,norm_entropy,testA,10,auroc_correct,0.8102857789738479,0.004415547998263402,3
b3,norm_entropy,testA,10,e_aurc,0.06066023582989764,0.001389745965833722,3
b3,norm_entropy,testA,10,rer_at_50,0.6774071210499456,0.00711059093692462,3
b3,norm_entropy,testA,10,rer_at_80,0.28448458854485564,0.009389962906116734,3
b3,norm_entropy,testA,10,rer_at_90,0.14909517537229133,0.007770776857426616,3
b3,norm_entropy,testA,10,rer_at_95,0.07688771651827257,0.007057326050255322,3
b3,norm_entropy,testA,20,auroc_correct,0.7891648210264933,0.0005882363174149969,3
b3,norm_entropy,testA,20,e_aurc,0.093245300452662,0.0006885181623489556,3
b3,norm_entropy,testA,20,rer_at_50,0.5230437653055652,0.005619990610091215,3
b3,norm_entropy,testA,20,rer_at_80,0.20932082976832744,0.002927329486224396,3
b3,norm_entropy,testA,20,rer_at_90,0.11193780307403206,0.0013493969286844057,3
b3,norm_entropy,testA,20,rer_at_95,0.057447212563442686,0.0011885782291479491,3
b3,norm_entropy,testA,50,auroc_correct,0.7648661603878412,0.004886985859792973,3
b3,norm_entropy,testA,50,e_aurc,0.13165487052172786,0.004267939206527993,3
b3,norm_entropy,testA,50,rer_at_50,0.3714585878773129,0.01167732039921841,3
b3,norm_entropy,testA,50,rer_at_80,0.1360653274553233,0.004428125770665537,3
b3,norm_entropy,testA,50,rer_at_90,0.0677133368223954,0.00420931301421136,3
b3,norm_entropy,testA,50,rer_at_95,0.03479251897646778,0.0020725640674356402,3
b3,norm_entropy,testB,5,auroc_correct,0.8030869983449952,0.004086843152732155,3
b3,norm_entropy,testB,5,e_aurc,0.0568716899193209,0.001451855487250196,3
b3,norm_entropy,testB,5,rer_at_50,0.7072490254188378,0.014992965422351564,3
b3,norm_entropy,testB,5,rer_at_80,0.29106561538705583,0.016287056765358642,3
b3,norm_entropy,testB,5,rer_at_90,0.15390526934906182,0.009183444894899162,3
b3,norm_entropy,testB,5,rer_at_95,0.07819266318846149,0.0010894478715907916,3
b3,norm_entropy,testB,10,auroc_correct,0.7672103725902105,0.0017713028015686476,3
b3,norm_entropy,testB,10,e_aurc,0.1043904463540708,0.0005493286571308004,3
b3,norm_entropy,testB,10,rer_at_50,0.4814360281216463,0.0036888275565020805,3
b3,norm_entropy,testB,10,rer_at_80,0.18754260855938068,0.002141136525470856,3
b3,norm_entropy,testB,10,rer_at_90,0.097282489877821,0.00676429200341434,3
b3,norm_entropy,testB,10,rer_at_95,0.051812954909390994,0.004301102639712709,3
b3,norm_entropy,testB,20,auroc_correct,0.7447893971294325,0.0035787956480204624,3
b3,norm_entropy,testB,20,e_aurc,0.14093071008120625,0.0031460649575873957,3
b3,norm_entropy,testB,20,rer_at_50,0.3571048062433529,0.013594574186350097,3
b3,norm_entropy,testB,20,rer_at_80,0.12338269287632374,0.003194743939710912,3
b3,norm_entropy,testB,20,rer_at_90,0.06338625485012366,0.0033861727253849095,3
b3,norm_entropy,testB,20,rer_at_95,0.03396525720848746,0.0019932640889998472,3
b3,norm_entropy,testB,50,auroc_correct,0.7175838128067724,0.0014561378122543622,3
b3,norm_entropy,testB,50,e_aurc,0.1826106848054209,0.000443277963335498,3
b3,norm_entropy,testB,50,rer_at_50,0.22461910291138398,0.0051165089292613064,3
b3,norm_entropy,testB,50,rer_at_80,0.07165449796757815,0.004140387462184472,3
b3,norm_entropy,testB,50,rer_at_90,0.035524427410062905,0.0005549414504930242,3
b3,norm_entropy,testB,50,rer_at_95,0.018598670707942133,0.000727800770281131,3
b3,norm_entropy,val_select,5,auroc_correct,0.8353638850931757,0.0005849863220866663,3
b3,norm_entropy,val_select,5,e_aurc,0.04093500518972456,7.671144996755356e-05,3
b3,norm_entropy,val_select,5,rer_at_50,0.8226134635920533,0.0037647082116783162,3
b3,norm_entropy,val_select,5,rer_at_80,0.37522968310582966,0.0083409466199042,3
b3,norm_entropy,val_select,5,rer_at_90,0.20103379118201628,0.014406240864348583,3
b3,norm_entropy,val_select,5,rer_at_95,0.10413450306126455,0.0022083814541546797,3
b3,norm_entropy,val_select,10,auroc_correct,0.7962438542222282,0.005249629963854892,3
b3,norm_entropy,val_select,10,e_aurc,0.07688293116062907,0.0013340883206869139,3
b3,norm_entropy,val_select,10,rer_at_50,0.6120404575383156,0.01377551025284399,3
b3,norm_entropy,val_select,10,rer_at_80,0.22733884245266492,0.01126207304197994,3
b3,norm_entropy,val_select,10,rer_at_90,0.12120383786571183,0.00648987477083216,3
b3,norm_entropy,val_select,10,rer_at_95,0.0635396416528575,0.0006465693262895442,3
b3,norm_entropy,val_select,20,auroc_correct,0.7785848405775776,0.0017608114379914475,3
b3,norm_entropy,val_select,20,e_aurc,0.10563615448682613,0.0012719965142947627,3
b3,norm_entropy,val_select,20,rer_at_50,0.4610225211877974,0.006358139360674151,3
b3,norm_entropy,val_select,20,rer_at_80,0.16052376022513629,0.003988709006234755,3
b3,norm_entropy,val_select,20,rer_at_90,0.07796502298487357,0.001482461590671563,3
b3,norm_entropy,val_select,20,rer_at_95,0.0404850674025449,0.0017285176752024132,3
b3,norm_entropy,val_select,50,auroc_correct,0.7545510424183757,0.0020305712448690813,3
b3,norm_entropy,val_select,50,e_aurc,0.14621578197530438,0.0015316463867436013,3
b3,norm_entropy,val_select,50,rer_at_50,0.3205902486586327,0.005288893658600666,3
b3,norm_entropy,val_select,50,rer_at_80,0.10367194596699318,0.0027850869317403034,3
b3,norm_entropy,val_select,50,rer_at_90,0.05087120177623167,0.0002944023099313536,3
b3,norm_entropy,val_select,50,rer_at_95,0.02747466573648473,0.0009933906281905578,3
b3,score_deepsets,__pooled_test__,5,auroc_correct,0.7379669466624632,0.010932497721086246,3
b3,score_deepsets,__pooled_test__,5,e_aurc,0.087892943191711,0.0028205083782214457,3
b3,score_deepsets,__pooled_test__,5,ece_adaptive,0.04032507267457003,0.008314711381853069,3
b3,score_deepsets,__pooled_test__,5,rer_at_50,0.5476962079572854,0.036040981136584244,3
b3,score_deepsets,__pooled_test__,5,rer_at_80,0.3097213786944857,0.02164661919493662,3
b3,score_deepsets,__pooled_test__,5,rer_at_90,0.17066490564016065,0.006050814727326816,3
b3,score_deepsets,__pooled_test__,5,rer_at_95,0.09326332227106222,0.00745847850828549,3
b3,score_deepsets,__pooled_test__,10,auroc_correct,0.5547664512627172,0.09485827613727084,3
b3,score_deepsets,__pooled_test__,10,e_aurc,0.2082111307961889,0.04093583086786399,3
b3,score_deepsets,__pooled_test__,10,ece_adaptive,0.5587529899323734,0.20270979099293746,3
b3,score_deepsets,__pooled_test__,10,rer_at_50,0.20571284147823987,0.11926818967472741,3
b3,score_deepsets,__pooled_test__,10,rer_at_80,0.07537280007199278,0.05139365975422674,3
b3,score_deepsets,__pooled_test__,10,rer_at_90,0.04886062683961251,0.03259893194843239,3
b3,score_deepsets,__pooled_test__,10,rer_at_95,0.021014344837547088,0.02015199948294579,3
b3,score_deepsets,__pooled_test__,20,auroc_correct,0.5517855124122527,0.08969513859401036,3
b3,score_deepsets,__pooled_test__,20,e_aurc,0.2635061767972205,0.04562820104016383,3
b3,score_deepsets,__pooled_test__,20,ece_adaptive,0.5216799533346296,0.07215083775207219,3
b3,score_deepsets,__pooled_test__,20,rer_at_50,0.16317955639128476,0.08430474723308382,3
b3,score_deepsets,__pooled_test__,20,rer_at_80,0.059760270184373195,0.04726754422969179,3
b3,score_deepsets,__pooled_test__,20,rer_at_90,0.03307568498458855,0.021172561256845076,3
b3,score_deepsets,__pooled_test__,20,rer_at_95,0.014489419457956057,0.01598139866697117,3
b3,score_deepsets,__pooled_test__,50,auroc_correct,0.5529049594989189,0.0916340778245013,3
b3,score_deepsets,__pooled_test__,50,e_aurc,0.3047280546613575,0.050941847109547155,3
b3,score_deepsets,__pooled_test__,50,ece_adaptive,0.4761164041739581,0.08197654373913564,3
b3,score_deepsets,__pooled_test__,50,rer_at_50,0.13008595747929988,0.0667481589117805,3
b3,score_deepsets,__pooled_test__,50,rer_at_80,0.04539545244486257,0.03206105577545016,3
b3,score_deepsets,__pooled_test__,50,rer_at_90,0.02483430648124525,0.015229448680567264,3
b3,score_deepsets,__pooled_test__,50,rer_at_95,0.010520380108123721,0.01066788331383709,3
b3,score_deepsets,testA,5,auroc_correct,0.7231042268722998,0.012904871033264556,3
b3,score_deepsets,testA,5,e_aurc,0.08110915899295276,0.006327489678764796,3
b3,score_deepsets,testA,5,ece_adaptive,0.0477126878969418,0.014485024201965997,3
b3,score_deepsets,testA,5,rer_at_50,0.5061901006887196,0.027807097650849797,3
b3,score_deepsets,testA,5,rer_at_80,0.332037249347879,0.03394387089884481,3
b3,score_deepsets,testA,5,rer_at_90,0.196058808066922,0.0216454005606939,3
b3,score_deepsets,testA,5,rer_at_95,0.10606586267112045,0.005802840910945652,3
b3,score_deepsets,testA,10,auroc_correct,0.5517552771905468,0.08964276965383769,3
b3,score_deepsets,testA,10,e_aurc,0.20702707657744826,0.052582743579756654,3
b3,score_deepsets,testA,10,ece_adaptive,0.5749793306859942,0.25668594711229853,3
b3,score_deepsets,testA,10,rer_at_50,0.09071886147527336,0.20605585913777041,3
b3,score_deepsets,testA,10,rer_at_80,0.042599194130017344,0.09763073737338727,3
b3,score_deepsets,testA,10,rer_at_90,0.023706643002192645,0.05212324902449531,3
b3,score_deepsets,testA,10,rer_at_95,0.016004821186139762,0.0339135203446299,3
b3,score_deepsets,testA,20,auroc_correct,0.5482687445977704,0.08360391806090427,3
b3,score_deepsets,testA,20,e_aurc,0.27090609364853907,0.058762075100971346,3
b3,score_deepsets,testA,20,ece_adaptive,0.5404416105797615,0.1294052216136855,3
b3,score_deepsets,testA,20,rer_at_50,0.07708622559295543,0.16941381145881812,3
b3,score_deepsets,testA,20,rer_at_80,0.0415015010525776,0.074101037907045,3
b3,score_deepsets,testA,20,rer_at_90,0.02697959904447891,0.038318873846253716,3
b3,score_deepsets,testA,20,rer_at_95,0.014104709196672805,0.023206632620603913,3
b3,score_deepsets,testA,50,auroc_correct,0.5467275548169087,0.08093449905634578,3
b3,score_deepsets,testA,50,e_aurc,0.3302507056017379,0.07147921357205768,3
b3,score_deepsets,testA,50,ece_adaptive,0.4969890187743535,0.018721645848502194,3
b3,score_deepsets,testA,50,rer_at_50,0.04650948348312831,0.13979264672116584,3
b3,score_deepsets,testA,50,rer_at_80,0.03023105500208705,0.05625623653381357,3
b3,score_deepsets,testA,50,rer_at_90,0.014147671790222955,0.03150056846229648,3
b3,score_deepsets,testA,50,rer_at_95,0.007375901036951067,0.01655958792917744,3
b3,score_deepsets,testB,5,auroc_correct,0.738082478914229,0.012494139016018561,3
b3,score_deepsets,testB,5,e_aurc,0.09983524488122934,0.00415127011512474,3
b3,score_deepsets,testB,5,ece_adaptive,0.037585146794759335,0.007888502765231056,3
b3,score_deepsets,testB,5,rer_at_50,0.521169788915166,0.03781522169933574,3
b3,score_deepsets,testB,5,rer_at_80,0.2598126232071047,0.01382968671959805,3
b3,score_deepsets,testB,5,rer_at_90,0.14499432392909367,0.0069968568580823275,3
b3,score_deepsets,testB,5,rer_at_95,0.07820513398098887,0.006917307520544497,3
b3,score_deepsets,testB,10,auroc_correct,0.5487865986454736,0.0845008675824313,3
b3,score_deepsets,testB,10,e_aurc,0.25136268069117657,0.050271929084468106,3
b3,score_deepsets,testB,10,ece_adaptive,0.53900861064467,0.13703964160659454,3
b3,score_deepsets,testB,10,rer_at_50,0.08747433634059476,0.14619794921686316,3
b3,score_deepsets,testB,10,rer_at_80,0.05265458351023992,0.05421423575162816,3
b3,score_deepsets,testB,10,rer_at_90,0.022692631074456935,0.03034250361445357,3
b3,score_deepsets,testB,10,rer_at_95,0.011691072132645306,0.02487438641059117,3
b3,score_deepsets,testB,20,auroc_correct,0.5449362125328989,0.07783180320669428,3
b3,score_deepsets,testB,20,e_aurc,0.30194919787778957,0.05469612626886817,3
b3,score_deepsets,testB,20,ece_adaptive,0.4988505747126437,0.0040049884668868895,3
b3,score_deepsets,testB,20,rer_at_50,0.0654309616649597,0.12009104199579007,3
b3,score_deepsets,testB,20,rer_at_80,0.03611426961522738,0.039295483376685716,3
b3,score_deepsets,testB,20,rer_at_90,0.011730094616134218,0.024089432263260532,3
b3,score_deepsets,testB,20,rer_at_95,0.004732385606185501,0.016069964911788304,3
b3,score_deepsets,testB,50,auroc_correct,0.5479051104233267,0.08297408519539921,3
b3,score_deepsets,testB,50,e_aurc,0.3272603528113471,0.05731622311775301,3
b3,score_deepsets,testB,50,ece_adaptive,0.45071839080459775,0.15936189696511602,3
b3,score_deepsets,testB,50,rer_at_50,0.04391692184263041,0.09270451511990092,3
b3,score_deepsets,testB,50,rer_at_80,0.02163192942045604,0.02726086187892063,3
b3,score_deepsets,testB,50,rer_at_90,0.009796401379264732,0.019250349310375916,3
b3,score_deepsets,testB,50,rer_at_95,0.0016799315727992169,0.01256500481551245,3
b3,score_deepsets,val_select,5,auroc_correct,0.7425986489884678,0.016049953211965184,3
b3,score_deepsets,val_select,5,e_aurc,0.08505400092828126,0.0051475038899573425,3
b3,score_deepsets,val_select,5,ece_adaptive,0.04298635894790242,0.006902888909335694,3
b3,score_deepsets,val_select,5,rer_at_50,0.5548311817384041,0.06241116811749515,3
b3,score_deepsets,val_select,5,rer_at_80,0.30654379433923756,0.028016067100766505,3
b3,score_deepsets,val_select,5,rer_at_90,0.18025933916797263,0.016787433031636868,3
b3,score_deepsets,val_select,5,rer_at_95,0.09540418204721936,0.008414385813009953,3
b3,score_deepsets,val_select,10,auroc_correct,0.5488264183279496,0.08456983729562109,3
b3,score_deepsets,val_select,10,e_aurc,0.23807757171020774,0.05635565242714857,3
b3,score_deepsets,val_select,10,ece_adaptive,0.5585005617928763,0.19478422960480088,3
b3,score_deepsets,val_select,10,rer_at_50,0.10803434136666647,0.16982520463143744,3
b3,score_deepsets,val_select,10,rer_at_80,0.047266678924779655,0.06437461616502822,3
b3,score_deepsets,val_select,10,rer_at_90,0.02611058085945513,0.03335976511927704,3
b3,score_deepsets,val_select,10,rer_at_95,0.015789957793555357,0.016087363057547006,3
b3,score_deepsets,val_select,20,auroc_correct,0.5476937520858072,0.0826080018162122,3
b3,score_deepsets,val_select,20,e_aurc,0.28935012859854753,0.060983243270172634,3
b3,score_deepsets,val_select,20,ece_adaptive,0.5212040893600909,0.06935578877140834,3
b3,score_deepsets,val_select,20,rer_at_50,0.09008780644299967,0.1407760698600576,3
b3,score_deepsets,val_select,20,rer_at_80,0.03457957199873858,0.05469591926281166,3
b3,score_deepsets,val_select,20,rer_at_90,0.020713379448403495,0.02649849132461663,3
b3,score_deepsets,val_select,20,rer_at_95,0.008456035455237302,0.01447473924049319,3
b3,score_deepsets,val_select,50,auroc_correct,0.54941049638755,0.08558149017043498,3
b3,score_deepsets,val_select,50,e_aurc,0.32943326503988324,0.06036069404252923,3
b3,score_deepsets,val_select,50,ece_adaptive,0.47778619209895234,0.08219841138285994,3
b3,score_deepsets,val_select,50,rer_at_50,0.06860981889713196,0.11252202246238394,3
b3,score_deepsets,val_select,50,rer_at_80,0.028414802834817173,0.04665785346356217,3
b3,score_deepsets,val_select,50,rer_at_90,0.012447693175091415,0.02234240514064005,3
b3,score_deepsets,val_select,50,rer_at_95,0.006536549698611261,0.010631185385268216,3
b3,score_deepsets_noK,__pooled_test__,5,auroc_correct,0.803470023159047,0.003988699978647073,3
b3,score_deepsets_noK,__pooled_test__,5,e_aurc,0.05144508070809537,0.0019725240371346745,3
b3,score_deepsets_noK,__pooled_test__,5,ece_adaptive,0.07166804070924011,0.0091692102830838,3
b3,score_deepsets_noK,__pooled_test__,5,rer_at_50,0.7161494695738493,0.008571479109969074,3
b3,score_deepsets_noK,__pooled_test__,5,rer_at_80,0.3452657837621395,0.0029918668130430644,3
b3,score_deepsets_noK,__pooled_test__,5,rer_at_90,0.18422406341882888,0.0031880506782735406,3
b3,score_deepsets_noK,__pooled_test__,5,rer_at_95,0.09731254496079467,0.004232991603621936,3
b3,score_deepsets_noK,__pooled_test__,10,auroc_correct,0.7629257005704915,0.008572197379544321,3
b3,score_deepsets_noK,__pooled_test__,10,e_aurc,0.09823884365836233,0.007367013550684357,3
b3,score_deepsets_noK,__pooled_test__,10,ece_adaptive,0.09212782278572935,0.00831403480124445,3
b3,score_deepsets_noK,__pooled_test__,10,rer_at_50,0.5342015293654387,0.0235540270600805,3
b3,score_deepsets_noK,__pooled_test__,10,rer_at_80,0.2263222251053596,0.005634317036829251,3
b3,score_deepsets_noK,__pooled_test__,10,rer_at_90,0.1177052006328367,0.003228797976930176,3
b3,score_deepsets_noK,__pooled_test__,10,rer_at_95,0.058857038338897515,0.002988854074156104,3
b3,score_deepsets_noK,__pooled_test__,20,auroc_correct,0.7431997730447829,0.014220109260886958,3
b3,score_deepsets_noK,__pooled_test__,20,e_aurc,0.14340665349076903,0.01123123186948268,3
b3,score_deepsets_noK,__pooled_test__,20,ece_adaptive,0.23258396352993374,0.013137373996158459,3
b3,score_deepsets_noK,__pooled_test__,20,rer_at_50,0.40222507301491667,0.03173734555944907,3
b3,score_deepsets_noK,__pooled_test__,20,rer_at_80,0.16059293832814367,0.0036753896473544568,3
b3,score_deepsets_noK,__pooled_test__,20,rer_at_90,0.0807313344743796,0.0026358372749100546,3
b3,score_deepsets_noK,__pooled_test__,20,rer_at_95,0.042252098027946695,0.0008232887546469242,3
b3,score_deepsets_noK,__pooled_test__,50,auroc_correct,0.7252339972262631,0.016429275482315795,3
b3,score_deepsets_noK,__pooled_test__,50,e_aurc,0.18799589700032845,0.01441315660512218,3
b3,score_deepsets_noK,__pooled_test__,50,ece_adaptive,0.3919761483362855,0.021038648625165298,3
b3,score_deepsets_noK,__pooled_test__,50,rer_at_50,0.28113561619420624,0.02232219657161754,3
b3,score_deepsets_noK,__pooled_test__,50,rer_at_80,0.10780476922210964,0.005313054984123592,3
b3,score_deepsets_noK,__pooled_test__,50,rer_at_90,0.05285454309420553,0.0028748498633295616,3
b3,score_deepsets_noK,__pooled_test__,50,rer_at_95,0.026139849615498662,0.0008448756999917519,3
b3,score_deepsets_noK,testA,5,auroc_correct,0.8166497599488457,0.0047771128738895025,3
b3,score_deepsets_noK,testA,5,e_aurc,0.04070695221319442,0.0019282878749099634,3
b3,score_deepsets_noK,testA,5,ece_adaptive,0.06925837972015231,0.007807308487451595,3
b3,score_deepsets_noK,testA,5,rer_at_50,0.7610592521097056,0.01683405788113362,3
b3,score_deepsets_noK,testA,5,rer_at_80,0.40040822176046337,0.012344429284432747,3
b3,score_deepsets_noK,testA,5,rer_at_90,0.22071060315158278,0.0021450713881851755,3
b3,score_deepsets_noK,testA,5,rer_at_95,0.1179752302322671,0.008749902016480952,3
b3,score_deepsets_noK,testA,10,auroc_correct,0.7696498210033171,0.013799427233950487,3
b3,score_deepsets_noK,testA,10,e_aurc,0.08203503246151213,0.009051857128375003,3
b3,score_deepsets_noK,testA,10,ece_adaptive,0.08383679372886514,0.006282672502432495,3
b3,score_deepsets_noK,testA,10,rer_at_50,0.5787734910113161,0.04108259016388599,3
b3,score_deepsets_noK,testA,10,rer_at_80,0.26881581313611036,0.00832172382542514,3
b3,score_deepsets_noK,testA,10,rer_at_90,0.13350795801939008,0.011779713837484664,3
b3,score_deepsets_noK,testA,10,rer_at_95,0.07262453316120333,0.006822477322422016,3
b3,score_deepsets_noK,testA,20,auroc_correct,0.7474242790025079,0.019416157864267092,3
b3,score_deepsets_noK,testA,20,e_aurc,0.12797299098576456,0.013491961417945175,3
b3,score_deepsets_noK,testA,20,ece_adaptive,0.21993462691625254,0.011103631410783852,3
b3,score_deepsets_noK,testA,20,rer_at_50,0.4505317965715731,0.04470439420166804,3
b3,score_deepsets_noK,testA,20,rer_at_80,0.19450950573555761,0.011551627439766945,3
b3,score_deepsets_noK,testA,20,rer_at_90,0.10128076416457578,0.0037244883785694776,3
b3,score_deepsets_noK,testA,20,rer_at_95,0.052480564078104884,0.002615510367095645,3
b3,score_deepsets_noK,testA,50,auroc_correct,0.7227671337831486,0.024731891560882933,3
b3,score_deepsets_noK,testA,50,e_aurc,0.1782698797588642,0.02195619884155792,3
b3,score_deepsets_noK,testA,50,ece_adaptive,0.3729902271289994,0.01806860004725975,3
b3,score_deepsets_noK,testA,50,rer_at_50,0.31446156018927635,0.041931425744445,3
b3,score_deepsets_noK,testA,50,rer_at_80,0.12678404162751686,0.00940434884989212,3
b3,score_deepsets_noK,testA,50,rer_at_90,0.06464740159361416,0.0034436673148645516,3
b3,score_deepsets_noK,testA,50,rer_at_95,0.03275277226195535,0.003919260815582344,3
b3,score_deepsets_noK,testB,5,auroc_correct,0.7806245759625966,0.006259217696944836,3
b3,score_deepsets_noK,testB,5,e_aurc,0.06863977922272689,0.0021608827997073696,3
b3,score_deepsets_noK,testB,5,ece_adaptive,0.07569725445054215,0.01253853345442238,3
b3,score_deepsets_noK,testB,5,rer_at_50,0.6355016289749279,0.018472491061504004,3
b3,score_deepsets_noK,testB,5,rer_at_80,0.273090005245391,0.011555312684722341,3
b3,score_deepsets_noK,testB,5,rer_at_90,0.14850179862139792,0.006899755109350587,3
b3,score_deepsets_noK,testB,5,rer_at_95,0.07426689990637522,0.0012889401939581977,3
b3,score_deepsets_noK,testB,10,auroc_correct,0.7431257109553533,0.005153947785505803,3
b3,score_deepsets_noK,testB,10,e_aurc,0.1254962766161397,0.005917208143543598,3
b3,score_deepsets_noK,testB,10,ece_adaptive,0.10561330680810344,0.01098911723459127,3
b3,score_deepsets_noK,testB,10,rer_at_50,0.4540627356901074,0.016562569475374222,3
b3,score_deepsets_noK,testB,10,rer_at_80,0.182855135294725,0.004447466952026252,3
b3,score_deepsets_noK,testB,10,rer_at_90,0.08847337392660017,0.0007656467604519318,3
b3,score_deepsets_noK,testB,10,rer_at_95,0.04209426310258296,0.0039167240125339686,3
b3,score_deepsets_noK,testB,20,auroc_correct,0.7234830644123319,0.010743363548512717,3
b3,score_deepsets_noK,testB,20,e_aurc,0.17109826192085142,0.01043239233901647,3
b3,score_deepsets_noK,testB,20,ece_adaptive,0.24797580717666742,0.01735017294946617,3
b3,score_deepsets_noK,testB,20,rer_at_50,0.3412927798627392,0.016117405907660493,3
b3,score_deepsets_noK,testB,20,rer_at_80,0.11763561112558198,0.00394256608961731,3
b3,score_deepsets_noK,testB,20,rer_at_90,0.06227906359988792,0.00298719139425028,3
b3,score_deepsets_noK,testB,20,rer_at_95,0.02972408493849502,0.001688880601857476,3
b3,score_deepsets_noK,testB,50,auroc_correct,0.707632647516311,0.01074070039826155,3
b3,score_deepsets_noK,testB,50,e_aurc,0.20928956918344852,0.008215292281627068,3
b3,score_deepsets_noK,testB,50,ece_adaptive,0.4150784136673928,0.025649334739225267,3
b3,score_deepsets_noK,testB,50,rer_at_50,0.21680561711533475,0.015835230847315137,3
b3,score_deepsets_noK,testB,50,rer_at_80,0.07585879461237743,0.002076806671074032,3
b3,score_deepsets_noK,testB,50,rer_at_90,0.03739936150102243,0.0011024049224276362,3
b3,score_deepsets_noK,testB,50,rer_at_95,0.019320059572687533,0.0017958953852417554,3
b3,score_deepsets_noK,val_select,5,auroc_correct,0.8049418175531549,0.006852668853072817,3
b3,score_deepsets_noK,val_select,5,e_aurc,0.050993118129061654,0.0022431208178591722,3
b3,score_deepsets_noK,val_select,5,ece_adaptive,0.0707005585604818,0.009365598783078383,3
b3,score_deepsets_noK,val_select,5,rer_at_50,0.7217827682092596,0.01881164381615596,3
b3,score_deepsets_noK,val_select,5,rer_at_80,0.33223468347978574,0.011657028827433868,3
b3,score_deepsets_noK,val_select,5,rer_at_90,0.18253686781871584,0.01815264897929335,3
b3,score_deepsets_noK,val_select,5,rer_at_95,0.09225377341626197,0.011964857435865797,3
b3,score_deepsets_noK,val_select,10,auroc_correct,0.7682942595971771,0.010128392321132771,3
b3,score_deepsets_noK,val_select,10,e_aurc,0.09452574189763237,0.006293703446238897,3
b3,score_deepsets_noK,val_select,10,ece_adaptive,0.10014432308616834,0.011699260386155578,3
b3,score_deepsets_noK,val_select,10,rer_at_50,0.543251340611272,0.02969534032484902,3
b3,score_deepsets_noK,val_select,10,rer_at_80,0.21707414583403883,0.004652803367409815,3
b3,score_deepsets_noK,val_select,10,rer_at_90,0.1139668931559189,0.005550155904016834,3
b3,score_deepsets_noK,val_select,10,rer_at_95,0.05871443704325314,0.0018392555338874019,3
b3,score_deepsets_noK,val_select,20,auroc_correct,0.751537013479782,0.01581978833196565,3
b3,score_deepsets_noK,val_select,20,e_aurc,0.1328207708259611,0.010695496713223002,3
b3,score_deepsets_noK,val_select,20,ece_adaptive,0.23953389316500098,0.017902719742639014,3
b3,score_deepsets_noK,val_select,20,rer_at_50,0.42162722912313527,0.026233845609873675,3
b3,score_deepsets_noK,val_select,20,rer_at_80,0.16160124943012588,0.00437930298460082,3
b3,score_deepsets_noK,val_select,20,rer_at_90,0.07637277692612159,0.000997602134264979,3
b3,score_deepsets_noK,val_select,20,rer_at_95,0.040478886360652354,0.002719136899094358,3
b3,score_deepsets_noK,val_select,50,auroc_correct,0.729364052464465,0.016622313135298702,3
b3,score_deepsets_noK,val_select,50,e_aurc,0.18421726261515983,0.010594700038452282,3
b3,score_deepsets_noK,val_select,50,ece_adaptive,0.39603455255338676,0.025730199907828672,3
b3,score_deepsets_noK,val_select,50,rer_at_50,0.3037570278017587,0.01945996312738191,3
b3,score_deepsets_noK,val_select,50,rer_at_80,0.10201544808980811,0.0011755799818387112,3
b3,score_deepsets_noK,val_select,50,rer_at_90,0.05111899595846183,0.00131451898359714,3
b3,score_deepsets_noK,val_select,50,rer_at_95,0.0275875685803602,0.0009987664251687193,3
b3,stats_logistic,__pooled_test__,5,auroc_correct,0.8408498271458439,0.0025482867510897246,3
b3,stats_logistic,__pooled_test__,5,e_aurc,0.038126843415814723,0.0007115069024750679,3
b3,stats_logistic,__pooled_test__,5,ece_adaptive,0.014709682500128813,0.0013038472563932652,3
b3,stats_logistic,__pooled_test__,5,rer_at_50,0.8256881090853238,0.006277850512119184,3
b3,stats_logistic,__pooled_test__,5,rer_at_80,0.3845680130098799,0.006335329231353431,3
b3,stats_logistic,__pooled_test__,5,rer_at_90,0.1987972519793518,0.006521296514309385,3
b3,stats_logistic,__pooled_test__,5,rer_at_95,0.10492710501078106,0.0018494955545528082,3
b3,stats_logistic,__pooled_test__,10,auroc_correct,0.8104607565390962,0.0029545942545348668,3
b3,stats_logistic,__pooled_test__,10,e_aurc,0.07111199394700982,0.0009538334770906464,3
b3,stats_logistic,__pooled_test__,10,ece_adaptive,0.01235921466148545,0.005368969176512133,3
b3,stats_logistic,__pooled_test__,10,rer_at_50,0.6491511954302255,0.008888015197709456,3
b3,stats_logistic,__pooled_test__,10,rer_at_80,0.2622906250456612,0.006637883920884726,3
b3,stats_logistic,__pooled_test__,10,rer_at_90,0.13238438538226668,0.0024203800869402226,3
b3,stats_logistic,__pooled_test__,10,rer_at_95,0.06887699829434725,0.0046110153229791005,3
b3,stats_logistic,__pooled_test__,20,auroc_correct,0.801451255711607,0.0014328674615634632,3
b3,stats_logistic,__pooled_test__,20,e_aurc,0.09575273100225253,0.0006187172284347411,3
b3,stats_logistic,__pooled_test__,20,ece_adaptive,0.01708743487122061,0.0010604935873103545,3
b3,stats_logistic,__pooled_test__,20,rer_at_50,0.5146485187623453,0.009373922242449656,3
b3,stats_logistic,__pooled_test__,20,rer_at_80,0.18893312796624495,0.00512669720011668,3
b3,stats_logistic,__pooled_test__,20,rer_at_90,0.09192449258636039,0.004675387735063269,3
b3,stats_logistic,__pooled_test__,20,rer_at_95,0.043501239081111955,0.0005507521327493646,3
b3,stats_logistic,__pooled_test__,50,auroc_correct,0.791475355008787,0.004644378044721606,3
b3,stats_logistic,__pooled_test__,50,e_aurc,0.12157365654205256,0.0033906722695686837,3
b3,stats_logistic,__pooled_test__,50,ece_adaptive,0.03578614339574923,0.002438340435941379,3
b3,stats_logistic,__pooled_test__,50,rer_at_50,0.36109733980951436,0.00795277045531514,3
b3,stats_logistic,__pooled_test__,50,rer_at_80,0.12098617425574643,0.002560213243610996,3
b3,stats_logistic,__pooled_test__,50,rer_at_90,0.05883639251491254,0.0019973811600611196,3
b3,stats_logistic,__pooled_test__,50,rer_at_95,0.029604206564075863,0.001226849272745659,3
b3,stats_logistic,testA,5,auroc_correct,0.8595188650331652,0.0051991305882919045,3
b3,stats_logistic,testA,5,e_aurc,0.028307932172796868,0.000700160818623645,3
b3,stats_logistic,testA,5,ece_adaptive,0.013396368352036383,0.0011712484375667302,3
b3,stats_logistic,testA,5,rer_at_50,0.8802410908585783,0.013649554983357381,3
b3,stats_logistic,testA,5,rer_at_80,0.45736433047311964,0.009656478877268556,3
b3,stats_logistic,testA,5,rer_at_90,0.24841068375614386,0.008722067756134046,3
b3,stats_logistic,testA,5,rer_at_95,0.13371283087522187,0.0031983537678602226,3
b3,stats_logistic,testA,10,auroc_correct,0.825085334353298,0.004008051263016282,3
b3,stats_logistic,testA,10,e_aurc,0.056335420748001463,0.0008495430125986685,3
b3,stats_logistic,testA,10,ece_adaptive,0.01624023537351776,0.0042311126019470196,3
b3,stats_logistic,testA,10,rer_at_50,0.7135698042940013,0.0020242502010968506,3
b3,stats_logistic,testA,10,rer_at_80,0.31162832523626677,0.017696881336409308,3
b3,stats_logistic,testA,10,rer_at_90,0.15950103410822203,0.007498381042761204,3
b3,stats_logistic,testA,10,rer_at_95,0.085191147973823,0.002254343746763854,3
b3,stats_logistic,testA,20,auroc_correct,0.8151633252262015,0.0009900537716859034,3
b3,stats_logistic,testA,20,e_aurc,0.080902301369475,0.00034915656407662356,3
b3,stats_logistic,testA,20,ece_adaptive,0.0192976306290268,0.004923441652820472,3
b3,stats_logistic,testA,20,rer_at_50,0.5871983603100864,0.00876669712276788,3
b3,stats_logistic,testA,20,rer_at_80,0.2326605398228759,0.012273317563520599,3
b3,stats_logistic,testA,20,rer_at_90,0.11874837071691875,0.004976005367838671,3
b3,stats_logistic,testA,20,rer_at_95,0.059873810793589964,0.003419527326446696,3
b3,stats_logistic,testA,50,auroc_correct,0.8026767816876216,0.00643962568351423,3
b3,stats_logistic,testA,50,e_aurc,0.10734576085010432,0.0045317113075852376,3
b3,stats_logistic,testA,50,ece_adaptive,0.03877213139543775,0.004722595163016844,3
b3,stats_logistic,testA,50,rer_at_50,0.43518705393601964,0.018346380357711925,3
b3,stats_logistic,testA,50,rer_at_80,0.1470856468211201,0.0020696398268615812,3
b3,stats_logistic,testA,50,rer_at_90,0.073680976605397,0.0030771130863065863,3
b3,stats_logistic,testA,50,rer_at_95,0.03659448883044448,0.0011944615894986332,3
b3,stats_logistic,testB,5,auroc_correct,0.8139802668469308,0.0046610882645698615,3
b3,stats_logistic,testB,5,e_aurc,0.05365708617075129,0.0015938446957734862,3
b3,stats_logistic,testB,5,ece_adaptive,0.02032291160995015,0.004413586238132077,3
b3,stats_logistic,testB,5,rer_at_50,0.7348062196187891,0.011375159483814776,3
b3,stats_logistic,testB,5,rer_at_80,0.3064956415536128,0.016666276639116125,3
b3,stats_logistic,testB,5,rer_at_90,0.15518323028630301,0.0068665920183548,3
b3,stats_logistic,testB,5,rer_at_95,0.08090901901153476,0.0020344632020599974,3
b3,stats_logistic,testB,10,auroc_correct,0.7846237470000254,0.001977916387246711,3
b3,stats_logistic,testB,10,e_aurc,0.09539213369689115,0.000905599585340089,3
b3,stats_logistic,testB,10,ece_adaptive,0.01967792994066943,0.004249291129375928,3
b3,stats_logistic,testB,10,rer_at_50,0.5330407910411964,0.005343873341174523,3
b3,stats_logistic,testB,10,rer_at_80,0.20502575189460315,0.012220427389639684,3
b3,stats_logistic,testB,10,rer_at_90,0.10042671497316163,0.004916740233881653,3
b3,stats_logistic,testB,10,rer_at_95,0.05065588311344121,0.0066972743218749985,3
b3,stats_logistic,testB,20,auroc_correct,0.7750709362322787,0.0005507739056940707,3
b3,stats_logistic,testB,20,e_aurc,0.1205344228816862,0.0007195454483127451,3
b3,stats_logistic,testB,20,ece_adaptive,0.02753885774854962,0.00861216638672411,3
b3,stats_logistic,testB,20,rer_at_50,0.4023787047563176,0.015679861413215663,3
b3,stats_logistic,testB,20,rer_at_80,0.1397528525436094,0.0042584787689065404,3
b3,stats_logistic,testB,20,rer_at_90,0.06500755901034888,0.0016611926070855473,3
b3,stats_logistic,testB,20,rer_at_95,0.035328306023319454,0.0024188078156767217,3
b3,stats_logistic,testB,50,auroc_correct,0.7649021691679633,0.0015481336065024786,3
b3,stats_logistic,testB,50,e_aurc,0.14751455065381344,0.0017825490221380993,3
b3,stats_logistic,testB,50,ece_adaptive,0.0379442527181856,0.003553683140076172,3
b3,stats_logistic,testB,50,rer_at_50,0.27409228547079584,0.007135379190011483,3
b3,stats_logistic,testB,50,rer_at_80,0.08638547802023583,0.0005856295934170088,3
b3,stats_logistic,testB,50,rer_at_90,0.04164519183555432,0.0029062453571625764,3
b3,stats_logistic,testB,50,rer_at_95,0.02168536273449605,0.0016608108698724865,3
b3,stats_logistic,val_select,5,auroc_correct,0.8433035341625782,0.0012557371407718341,3
b3,stats_logistic,val_select,5,e_aurc,0.039188916808893845,0.00020361879869809055,3
b3,stats_logistic,val_select,5,ece_adaptive,0.014964538186914464,0.0017193430092944796,3
b3,stats_logistic,val_select,5,rer_at_50,0.8243981772237553,0.005551012253405568,3
b3,stats_logistic,val_select,5,rer_at_80,0.39895318571306193,0.008567023665722675,3
b3,stats_logistic,val_select,5,rer_at_90,0.204027289753047,0.01032603194560997,3
b3,stats_logistic,val_select,5,rer_at_95,0.10662568482436291,0.0041480248211416895,3
b3,stats_logistic,val_select,10,auroc_correct,0.8089865860316373,0.0033063439341499104,3
b3,stats_logistic,val_select,10,e_aurc,0.07202494833256969,0.0006360179350920397,3
b3,stats_logistic,val_select,10,ece_adaptive,0.019805251302303872,0.00439235104140884,3
b3,stats_logistic,val_select,10,rer_at_50,0.63729362940321,0.005382577241107046,3
b3,stats_logistic,val_select,10,rer_at_80,0.24999397034483503,0.00992251512118658,3
b3,stats_logistic,val_select,10,rer_at_90,0.12630115774076442,0.002241894230963873,3
b3,stats_logistic,val_select,10,rer_at_95,0.06172730951623823,0.003915550076242564,3
b3,stats_logistic,val_select,20,auroc_correct,0.799985712365562,0.0018485263440773559,3
b3,stats_logistic,val_select,20,e_aurc,0.09539457685725054,0.001384581513047678,3
b3,stats_logistic,val_select,20,ece_adaptive,0.02296663718461305,0.001393763119889069,3
b3,stats_logistic,val_select,20,rer_at_50,0.5101545255097959,0.015864563554437123,3
b3,stats_logistic,val_select,20,rer_at_80,0.18044151049861176,0.0033122771271662005,3
b3,stats_logistic,val_select,20,rer_at_90,0.08339196445740477,0.004617443101051768,3
b3,stats_logistic,val_select,20,rer_at_95,0.04410697850644485,0.0029739926897657406,3
b3,stats_logistic,val_select,50,auroc_correct,0.7914809684333911,0.0019371300737091128,3
b3,stats_logistic,val_select,50,e_aurc,0.12047138447982492,0.0013323842312426381,3
b3,stats_logistic,val_select,50,ece_adaptive,0.028178612635087835,0.009355659398962577,3
b3,stats_logistic,val_select,50,rer_at_50,0.3661553753424065,0.008453454203934124,3
b3,stats_logistic,val_select,50,rer_at_80,0.11970844529106213,0.0014797976826721215,3
b3,stats_logistic,val_select,50,rer_at_90,0.05726066403056796,0.0008552003792378583,3
b3,stats_logistic,val_select,50,rer_at_95,0.028985314956242913,0.0016381606026037324,3
b3,stats_logistic_noK,__pooled_test__,5,auroc_correct,0.8408576399287616,0.002557188261837185,3
b3,stats_logistic_noK,__pooled_test__,5,e_aurc,0.03812850001174842,0.0007122309098954375,3
b3,stats_logistic_noK,__pooled_test__,5,ece_adaptive,0.014959472557574552,0.0012871444738693002,3
b3,stats_logistic_noK,__pooled_test__,5,rer_at_50,0.8256948101785003,0.005709138062887283,3
b3,stats_logistic_noK,__pooled_test__,5,rer_at_80,0.3847628033511044,0.0066119063074119916,3
b3,stats_logistic_noK,__pooled_test__,5,rer_at_90,0.1986315571993212,0.007140091629427113,3
b3,stats_logistic_noK,__pooled_test__,5,rer_at_95,0.10460727618707814,0.0027596563290790918,3
b3,stats_logistic_noK,__pooled_test__,10,auroc_correct,0.8104709164308884,0.002938225262791397,3
b3,stats_logistic_noK,__pooled_test__,10,e_aurc,0.0710935475861434,0.0009473756910209966,3
b3,stats_logistic_noK,__pooled_test__,10,ece_adaptive,0.012546261968850019,0.0051527289140335985,3
b3,stats_logistic_noK,__pooled_test__,10,rer_at_50,0.6493626655196795,0.008590928326088015,3
b3,stats_logistic_noK,__pooled_test__,10,rer_at_80,0.26203825887977433,0.006211562675042207,3
b3,stats_logistic_noK,__pooled_test__,10,rer_at_90,0.1324952675281067,0.0024101843409206833,3
b3,stats_logistic_noK,__pooled_test__,10,rer_at_95,0.06877194846768055,0.004746755703630255,3
b3,stats_logistic_noK,__pooled_test__,20,auroc_correct,0.8014818935521758,0.0014219091343643307,3
b3,stats_logistic_noK,__pooled_test__,20,e_aurc,0.0957462972842688,0.0006028307352707208,3
b3,stats_logistic_noK,__pooled_test__,20,ece_adaptive,0.01934636250829489,0.0019363147912779455,3
b3,stats_logistic_noK,__pooled_test__,20,rer_at_50,0.5149482287490196,0.010035792312817949,3
b3,stats_logistic_noK,__pooled_test__,20,rer_at_80,0.18800303294512025,0.00490248229968933,3
b3,stats_logistic_noK,__pooled_test__,20,rer_at_90,0.09233641237138895,0.004818371508006174,3
b3,stats_logistic_noK,__pooled_test__,20,rer_at_95,0.043347153633853046,0.0004293131143566159,3
b3,stats_logistic_noK,__pooled_test__,50,auroc_correct,0.7919617078821468,0.004735032316205382,3
b3,stats_logistic_noK,__pooled_test__,50,e_aurc,0.12133858151673334,0.003449525799642715,3
b3,stats_logistic_noK,__pooled_test__,50,ece_adaptive,0.040850261483265364,0.0011743961502057837,3
b3,stats_logistic_noK,__pooled_test__,50,rer_at_50,0.36279018052957873,0.006512567571632552,3
b3,stats_logistic_noK,__pooled_test__,50,rer_at_80,0.12119796902663245,0.0026363266616119406,3
b3,stats_logistic_noK,__pooled_test__,50,rer_at_90,0.058962116455941925,0.0019031168423246734,3
b3,stats_logistic_noK,__pooled_test__,50,rer_at_95,0.029842090541867924,0.0008619867166447728,3
b3,stats_logistic_noK,testA,5,auroc_correct,0.8594919858623596,0.005213444015803327,3
b3,stats_logistic_noK,testA,5,e_aurc,0.02831782713617299,0.0007032516721833485,3
b3,stats_logistic_noK,testA,5,ece_adaptive,0.013553923812394522,0.0010896495556431453,3
b3,stats_logistic_noK,testA,5,rer_at_50,0.8795906843545133,0.012629149868735147,3
b3,stats_logistic_noK,testA,5,rer_at_80,0.4569375593749483,0.008047083604712875,3
b3,stats_logistic_noK,testA,5,rer_at_90,0.24841969866065602,0.009717413676363557,3
b3,stats_logistic_noK,testA,5,rer_at_95,0.13334836595807106,0.004402505580069953,3
b3,stats_logistic_noK,testA,10,auroc_correct,0.8251624561831538,0.004001790384630617,3
b3,stats_logistic_noK,testA,10,e_aurc,0.056285914813998084,0.0008479224296322865,3
b3,stats_logistic_noK,testA,10,ece_adaptive,0.01637408767196066,0.004180172104617568,3
b3,stats_logistic_noK,testA,10,rer_at_50,0.7131459856883646,0.002046483146484771,3
b3,stats_logistic_noK,testA,10,rer_at_80,0.3121627009240967,0.01747205532795242,3
b3,stats_logistic_noK,testA,10,rer_at_90,0.15949587948057378,0.007680271786437038,3
b3,stats_logistic_noK,testA,10,rer_at_95,0.085191147973823,0.002254343746763854,3
b3,stats_logistic_noK,testA,20,auroc_correct,0.8152026352857605,0.0009707118240489984,3
b3,stats_logistic_noK,testA,20,e_aurc,0.08088085331703065,0.00033047404112210776,3
b3,stats_logistic_noK,testA,20,ece_adaptive,0.021921443350767556,0.006218648878399775,3
b3,stats_logistic_noK,testA,20,rer_at_50,0.5878104858478647,0.009502199555957137,3
b3,stats_logistic_noK,testA,20,rer_at_80,0.2326570100492128,0.012084898057969778,3
b3,stats_logistic_noK,testA,20,rer_at_90,0.11840864537362504,0.005017896257297409,3
b3,stats_logistic_noK,testA,20,rer_at_95,0.060518627805389615,0.003639708817110638,3
b3,stats_logistic_noK,testA,50,auroc_correct,0.8029928017734956,0.006502725426667664,3
b3,stats_logistic_noK,testA,50,e_aurc,0.10721087540376033,0.004562206261317977,3
b3,stats_logistic_noK,testA,50,ece_adaptive,0.044679153518009856,0.0026118882897629256,3
b3,stats_logistic_noK,testA,50,rer_at_50,0.4377173197102424,0.017254611140619536,3
b3,stats_logistic_noK,testA,50,rer_at_80,0.1475156001491441,0.0023472777719333307,3
b3,stats_logistic_noK,testA,50,rer_at_90,0.07393652174102584,0.0036539654941604126,3
b3,stats_logistic_noK,testA,50,rer_at_95,0.036956468498077134,0.0011967359988792276,3
b3,stats_logistic_noK,testB,5,auroc_correct,0.8140359505916247,0.004630915431005683,3
b3,stats_logistic_noK,testB,5,e_aurc,0.053640815915205954,0.0015871795696046703,3
b3,stats_logistic_noK,testB,5,ece_adaptive,0.02005607998769633,0.00412224157209576,3
b3,stats_logistic_noK,testB,5,rer_at_50,0.7348062196187891,0.011375159483814776,3
b3,stats_logistic_noK,testB,5,rer_at_80,0.30721311111906635,0.017087689478047265,3
b3,stats_logistic_noK,testB,5,rer_at_90,0.15486531580529853,0.006564741820636223,3
b3,stats_logistic_noK,testB,5,rer_at_95,0.08030483411431061,0.0015929618123653767,3
b3,stats_logistic_noK,testB,10,auroc_correct,0.7845621894115645,0.0019607827683461683,3
b3,stats_logistic_noK,testB,10,e_aurc,0.09542425462257614,0.000892002958417001,3
b3,stats_logistic_noK,testB,10,ece_adaptive,0.0198531323050606,0.0051271460518683126,3
b3,stats_logistic_noK,testB,10,rer_at_50,0.531913360355078,0.006379712391234221,3
b3,stats_logistic_noK,testB,10,rer_at_80,0.20525730980741574,0.011713685150171889,3
b3,stats_logistic_noK,testB,10,rer_at_90,0.09959699712877827,0.006218915822759511,3
b3,stats_logistic_noK,testB,10,rer_at_95,0.05105427154797728,0.006823452828323505,3
b3,stats_logistic_noK,testB,20,auroc_correct,0.7750965144812402,0.0005785418700524505,3
b3,stats_logistic_noK,testB,20,e_aurc,0.12055908037697556,0.0007137547343769662,3
b3,stats_logistic_noK,testB,20,ece_adaptive,0.028630443370414885,0.008320028414464187,3
b3,stats_logistic_noK,testB,20,rer_at_50,0.40236729583819214,0.013452074475943872,3
b3,stats_logistic_noK,testB,20,rer_at_80,0.13975269542379415,0.003949172275507116,3
b3,stats_logistic_noK,testB,20,rer_at_90,0.06564229829118921,0.0011356107347263483,3
b3,stats_logistic_noK,testB,20,rer_at_95,0.03518188795730331,0.0016950373558417523,3
b3,stats_logistic_noK,testB,50,auroc_correct,0.7656685406953857,0.0018033299599916337,3
b3,stats_logistic_noK,testB,50,e_aurc,0.14711799261212605,0.001998434189757961,3
b3,stats_logistic_noK,testB,50,ece_adaptive,0.0422529908932045,0.004590165370339076,3
b3,stats_logistic_noK,testB,50,rer_at_50,0.2743108834692274,0.00595840698044052,3
b3,stats_logistic_noK,testB,50,rer_at_80,0.08778523583815324,0.0014753585016679268,3
b3,stats_logistic_noK,testB,50,rer_at_90,0.04189550352676331,0.0023907960036705866,3
b3,stats_logistic_noK,testB,50,rer_at_95,0.02144836361731778,0.001786660257456767,3
b3,stats_logistic_noK,val_select,5,auroc_correct,0.8433198863641785,0.0012860953874250746,3
b3,stats_logistic_noK,val_select,5,e_aurc,0.03918961270663258,0.00020956469855738455,3
b3,stats_logistic_noK,val_select,5,ece_adaptive,0.014791143316311246,0.002778289626457084,3
b3,stats_logistic_noK,val_select,5,rer_at_50,0.8243981772237553,0.005551012253405568,3
b3,stats_logistic_noK,val_select,5,rer_at_80,0.39858448905087657,0.00863356908749646,3
b3,stats_logistic_noK,val_select,5,rer_at_90,0.2046842416107317,0.010554563571672112,3
b3,stats_logistic_noK,val_select,5,rer_at_95,0.10662568482436291,0.0041480248211416895,3
b3,stats_logistic_noK,val_select,10,auroc_correct,0.8090499563882982,0.003310068147157637,3
b3,stats_logistic_noK,val_select,10,e_aurc,0.07200166829992456,0.000638644094072505,3
b3,stats_logistic_noK,val_select,10,ece_adaptive,0.019196735475889053,0.004733942178142472,3
b3,stats_logistic_noK,val_select,10,rer_at_50,0.6384413660564867,0.0054186632578803115,3
b3,stats_logistic_noK,val_select,10,rer_at_80,0.24976009651921424,0.01012082195734693,3
b3,stats_logistic_noK,val_select,10,rer_at_90,0.12629886651294095,0.0016092204512167768,3
b3,stats_logistic_noK,val_select,10,rer_at_95,0.06253267186827559,0.0036251925387341816,3
b3,stats_logistic_noK,val_select,20,auroc_correct,0.8001025796865785,0.0019171010931608608,3
b3,stats_logistic_noK,val_select,20,e_aurc,0.09535422389502546,0.0013940338383564548,3
b3,stats_logistic_noK,val_select,20,ece_adaptive,0.022102237329442404,0.0016349392761337797,3
b3,stats_logistic_noK,val_select,20,rer_at_50,0.5101539048697918,0.015915624683682354,3
b3,stats_logistic_noK,val_select,20,rer_at_80,0.18079990116966646,0.0035809033542050753,3
b3,stats_logistic_noK,val_select,20,rer_at_90,0.08402913693358349,0.004992720195252919,3
b3,stats_logistic_noK,val_select,20,rer_at_95,0.04395639043751302,0.002738998942318607,3
b3,stats_logistic_noK,val_select,50,auroc_correct,0.7919040455110854,0.0020764945751515955,3
b3,stats_logistic_noK,val_select,50,e_aurc,0.12026537850328428,0.0013850978681614196,3
b3,stats_logistic_noK,val_select,50,ece_adaptive,0.032893916968534664,0.008464661335017484,3
b3,stats_logistic_noK,val_select,50,rer_at_50,0.3670402866963954,0.008727173821215697,3
b3,stats_logistic_noK,val_select,50,rer_at_80,0.11970798897013353,0.0009075380390927791,3
b3,stats_logistic_noK,val_select,50,rer_at_90,0.05750552670094789,0.000913546534724901,3
b3,stats_logistic_noK,val_select,50,rer_at_95,0.028984620635431096,0.0016593042353986469,3
b3,stats_logistic_noent,__pooled_test__,5,auroc_correct,0.8408597304569606,0.00236676908092909,3
b3,stats_logistic_noent,__pooled_test__,5,e_aurc,0.03809915240984639,0.0006531141438873076,3
b3,stats_logistic_noent,__pooled_test__,5,ece_adaptive,0.015433664351870865,0.0023391171264759572,3
b3,stats_logistic_noent,__pooled_test__,5,rer_at_50,0.8226070523567408,0.007607183526839673,3
b3,stats_logistic_noent,__pooled_test__,5,rer_at_80,0.3861124221438745,0.005781513806110793,3
b3,stats_logistic_noent,__pooled_test__,5,rer_at_90,0.19895300326220325,0.0053942357864061735,3
b3,stats_logistic_noent,__pooled_test__,5,rer_at_95,0.10491654824552134,0.0031431334963360606,3
b3,stats_logistic_noent,__pooled_test__,10,auroc_correct,0.8104619777302933,0.002548375397560266,3
b3,stats_logistic_noent,__pooled_test__,10,e_aurc,0.07100822840490709,0.0007868063479906509,3
b3,stats_logistic_noent,__pooled_test__,10,ece_adaptive,0.016185686080782982,0.0036584527410348146,3
b3,stats_logistic_noent,__pooled_test__,10,rer_at_50,0.6495609910136236,0.006194274095954734,3
b3,stats_logistic_noent,__pooled_test__,10,rer_at_80,0.26029211595952506,0.005358919848736549,3
b3,stats_logistic_noent,__pooled_test__,10,rer_at_90,0.13261586299465364,0.003932261957349054,3
b3,stats_logistic_noent,__pooled_test__,10,rer_at_95,0.06813594044389018,0.004495273997098764,3
b3,stats_logistic_noent,__pooled_test__,20,auroc_correct,0.8020297994809248,0.0013020991417152959,3
b3,stats_logistic_noent,__pooled_test__,20,e_aurc,0.09546818891155663,0.0005139014768245465,3
b3,stats_logistic_noent,__pooled_test__,20,ece_adaptive,0.016068011208079682,0.0007621529254926469,3
b3,stats_logistic_noent,__pooled_test__,20,rer_at_50,0.5164120854383205,0.006696912252182997,3
b3,stats_logistic_noent,__pooled_test__,20,rer_at_80,0.1873457565001917,0.004380378640143025,3
b3,stats_logistic_noent,__pooled_test__,20,rer_at_90,0.09176339422668432,0.003747648718244997,3
b3,stats_logistic_noent,__pooled_test__,20,rer_at_95,0.044911574400353434,0.002003006655114121,3
b3,stats_logistic_noent,__pooled_test__,50,auroc_correct,0.7948056629276534,0.0040305018560383545,3
b3,stats_logistic_noent,__pooled_test__,50,e_aurc,0.11988446228163374,0.003027058511983516,3
b3,stats_logistic_noent,__pooled_test__,50,ece_adaptive,0.037107144203947555,0.0066175800302220806,3
b3,stats_logistic_noent,__pooled_test__,50,rer_at_50,0.3640231389351137,0.0028208629819980223,3
b3,stats_logistic_noent,__pooled_test__,50,rer_at_80,0.12190416248264054,0.0022229560125978693,3
b3,stats_logistic_noent,__pooled_test__,50,rer_at_90,0.06072994782548693,0.001759723086537526,3
b3,stats_logistic_noent,__pooled_test__,50,rer_at_95,0.030858517275373244,0.0008247119955010948,3
b3,stats_logistic_noent,testA,5,auroc_correct,0.8593990484823905,0.005187351850512951,3
b3,stats_logistic_noent,testA,5,e_aurc,0.02830389345609351,0.0006879980129434642,3
b3,stats_logistic_noent,testA,5,ece_adaptive,0.016950855570861807,0.0019369310759715797,3
b3,stats_logistic_noent,testA,5,rer_at_50,0.8809465563458411,0.010700143400878352,3
b3,stats_logistic_noent,testA,5,rer_at_80,0.45241767699717544,0.008704466647657139,3
b3,stats_logistic_noent,testA,5,rer_at_90,0.24574662006283357,0.010714805768602821,3
b3,stats_logistic_noent,testA,5,rer_at_95,0.1320201414968424,0.003969928070049235,3
b3,stats_logistic_noent,testA,10,auroc_correct,0.8254504385955648,0.0037616320123127858,3
b3,stats_logistic_noent,testA,10,e_aurc,0.05607436507967967,0.0007373234510734922,3
b3,stats_logistic_noent,testA,10,ece_adaptive,0.01693072761369623,0.003991465981047684,3
b3,stats_logistic_noent,testA,10,rer_at_50,0.7157018231407464,0.0027427312163805996,3
b3,stats_logistic_noent,testA,10,rer_at_80,0.31136110334338984,0.0195531143852209,3
b3,stats_logistic_noent,testA,10,rer_at_90,0.16112429287655206,0.006168971806656343,3
b3,stats_logistic_noent,testA,10,rer_at_95,0.08609113864568242,0.0019365546831953185,3
b3,stats_logistic_noent,testA,20,auroc_correct,0.8155685518510193,0.0008860271089418322,3
b3,stats_logistic_noent,testA,20,e_aurc,0.08066677298339418,0.0001842774588522692,3
b3,stats_logistic_noent,testA,20,ece_adaptive,0.01875281659618522,0.006356586952540735,3
b3,stats_logistic_noent,testA,20,rer_at_50,0.589309399622422,0.00831337523521307,3
b3,stats_logistic_noent,testA,20,rer_at_80,0.23303372418422927,0.010252252786323785,3
b3,stats_logistic_noent,testA,20,rer_at_90,0.11789377774190328,0.004774857056773098,3
b3,stats_logistic_noent,testA,20,rer_at_95,0.060031626791056204,0.0028717572377117426,3
b3,stats_logistic_noent,testA,50,auroc_correct,0.8047618930111907,0.00624247050429801,3
b3,stats_logistic_noent,testA,50,e_aurc,0.1063692610739153,0.00435551618477023,3
b3,stats_logistic_noent,testA,50,ece_adaptive,0.03780453687126902,0.006729809161513971,3
b3,stats_logistic_noent,testA,50,rer_at_50,0.43706835190189364,0.0238497385842893,3
b3,stats_logistic_noent,testA,50,rer_at_80,0.14692621472606418,0.0008170577230497505,3
b3,stats_logistic_noent,testA,50,rer_at_90,0.07369176200624435,0.00468729452430679,3
b3,stats_logistic_noent,testA,50,rer_at_95,0.037206261196050645,0.0021213189214828922,3
b3,stats_logistic_noent,testB,5,auroc_correct,0.8141901891647713,0.004119706840647628,3
b3,stats_logistic_noent,testB,5,e_aurc,0.05356365894629126,0.0014131386414339626,3
b3,stats_logistic_noent,testB,5,ece_adaptive,0.02054582589347194,0.005666031890539281,3
b3,stats_logistic_noent,testB,5,rer_at_50,0.7359497080922056,0.012444950564713887,3
b3,stats_logistic_noent,testB,5,rer_at_80,0.3068403234455827,0.012614207060138768,3
b3,stats_logistic_noent,testB,5,rer_at_90,0.15486833288073312,0.005880165391512708,3
b3,stats_logistic_noent,testB,5,rer_at_95,0.08091031138780282,0.0007520768312600162,3
b3,stats_logistic_noent,testB,10,auroc_correct,0.7840965711236704,0.0019436564089766642,3
b3,stats_logistic_noent,testB,10,e_aurc,0.09557909504280127,0.000783394532144016,3
b3,stats_logistic_noent,testB,10,ece_adaptive,0.023608559114254853,0.004838733993313837,3
b3,stats_logistic_noent,testB,10,rer_at_50,0.5258823757008241,0.005025102377769169,3
b3,stats_logistic_noent,testB,10,rer_at_80,0.19912842161108446,0.009874544889107965,3
b3,stats_logistic_noent,testB,10,rer_at_90,0.10002523208464664,0.00848308066489411,3
b3,stats_logistic_noent,testB,10,rer_at_95,0.05263134413113376,0.006964369507986069,3
b3,stats_logistic_noent,testB,20,auroc_correct,0.7757910319781519,0.0010339364189235734,3
b3,stats_logistic_noent,testB,20,e_aurc,0.12019762622680101,0.0007786285380235597,3
b3,stats_logistic_noent,testB,20,ece_adaptive,0.02146029728627354,0.004493449796137882,3
b3,stats_logistic_noent,testB,20,rer_at_50,0.40527101801640725,0.016328578522442422,3
b3,stats_logistic_noent,testB,20,rer_at_80,0.1413685200472902,0.004306632005826491,3
b3,stats_logistic_noent,testB,20,rer_at_90,0.066753231694718,0.0019174334948333076,3
b3,stats_logistic_noent,testB,20,rer_at_95,0.03382457921337469,0.0020375903754506863,3
b3,stats_logistic_noent,testB,50,auroc_correct,0.7702920646953727,0.001598772729725431,3
b3,stats_logistic_noent,testB,50,e_aurc,0.14467037219956042,0.00197978703203708,3
b3,stats_logistic_noent,testB,50,ece_adaptive,0.038150888409478695,0.005538083322798299,3
b3,stats_logistic_noent,testB,50,rer_at_50,0.2768121610038403,0.01173170641663179,3
b3,stats_logistic_noent,testB,50,rer_at_80,0.0922905690959072,0.001895496410180912,3
b3,stats_logistic_noent,testB,50,rer_at_90,0.0453826363215285,0.0012869522067059276,3
b3,stats_logistic_noent,testB,50,rer_at_95,0.02274726145450866,0.0009713178660603394,3
b3,stats_logistic_noent,val_select,5,auroc_correct,0.8431042156431148,0.001112475918095647,3
b3,stats_logistic_noent,val_select,5,e_aurc,0.03920195302085505,0.00012825453992993375,3
b3,stats_logistic_noent,val_select,5,ece_adaptive,0.015205141697651157,0.0032536419510106147,3
b3,stats_logistic_noent,val_select,5,rer_at_50,0.8208309068417546,0.005000211018169325,3
b3,stats_logistic_noent,val_select,5,rer_at_80,0.40118878254944995,0.008696789868981595,3
b3,stats_logistic_noent,val_select,5,rer_at_90,0.1997575725671308,0.007617347163314012,3
b3,stats_logistic_noent,val_select,5,rer_at_95,0.10631266502348129,0.005008973645375947,3
b3,stats_logistic_noent,val_select,10,auroc_correct,0.8088024034287916,0.0031161634677456373,3
b3,stats_logistic_noent,val_select,10,e_aurc,0.07207828391792723,0.0005146253166314152,3
b3,stats_logistic_noent,val_select,10,ece_adaptive,0.024127029622182713,0.007567141346479534,3
b3,stats_logistic_noent,val_select,10,rer_at_50,0.6391977921869865,0.005496914476569102,3
b3,stats_logistic_noent,val_select,10,rer_at_80,0.24880637768687855,0.01080875621251572,3
b3,stats_logistic_noent,val_select,10,rer_at_90,0.1248029152592493,0.003157194791071318,3
b3,stats_logistic_noent,val_select,10,rer_at_95,0.06372614849639018,0.005841911697727199,3
b3,stats_logistic_noent,val_select,20,auroc_correct,0.8009812663712554,0.0015021969209784115,3
b3,stats_logistic_noent,val_select,20,e_aurc,0.09504706432421307,0.0011803390398326527,3
b3,stats_logistic_noent,val_select,20,ece_adaptive,0.02219523174081822,0.0036293530498215454,3
b3,stats_logistic_noent,val_select,20,rer_at_50,0.5098554329653924,0.010485388547108457,3
b3,stats_logistic_noent,val_select,20,rer_at_80,0.1800804097784967,0.005473318508094464,3
b3,stats_logistic_noent,val_select,20,rer_at_90,0.08721741281295277,0.0038620135433353672,3
b3,stats_logistic_noent,val_select,20,rer_at_95,0.04425918718876468,0.001792687604069633,3
b3,stats_logistic_noent,val_select,50,auroc_correct,0.7944015204225358,0.002083185001980756,3
b3,stats_logistic_noent,val_select,50,e_aurc,0.11908789807427532,0.0011717437164171438,3
b3,stats_logistic_noent,val_select,50,ece_adaptive,0.029750856718056884,0.007478111071545983,3
b3,stats_logistic_noent,val_select,50,rer_at_50,0.36924516815492253,0.00582963858869677,3
b3,stats_logistic_noent,val_select,50,rer_at_80,0.12080843641540702,0.0021279637243280815,3
b3,stats_logistic_noent,val_select,50,rer_at_90,0.058359450916413015,0.0031038738334154803,3
b3,stats_logistic_noent,val_select,50,rer_at_95,0.030031228525553427,0.0014160014941535597,3
b3,stats_mlp,__pooled_test__,5,auroc_correct,0.8395326737617935,0.002590717851644752,3
b3,stats_mlp,__pooled_test__,5,e_aurc,0.038572214318380316,0.000603305471567857,3
b3,stats_mlp,__pooled_test__,5,ece_adaptive,0.011633950173159458,0.003632796725242034,3
b3,stats_mlp,__pooled_test__,5,rer_at_50,0.8152250099788242,0.010861677872286257,3
b3,stats_mlp,__pooled_test__,5,rer_at_80,0.38533317676275286,0.008563141534900306,3
b3,stats_mlp,__pooled_test__,5,rer_at_90,0.19930175660329694,0.006465315675997765,3
b3,stats_mlp,__pooled_test__,5,rer_at_95,0.10605299131512842,0.0010320145077512112,3
b3,stats_mlp,__pooled_test__,10,auroc_correct,0.80892750548407,0.002751256600466319,3
b3,stats_mlp,__pooled_test__,10,e_aurc,0.07163518643304062,0.0007883927132388513,3
b3,stats_mlp,__pooled_test__,10,ece_adaptive,0.014533032987128427,0.00355565295886336,3
b3,stats_mlp,__pooled_test__,10,rer_at_50,0.6433660985209709,0.0021870933635445397,3
b3,stats_mlp,__pooled_test__,10,rer_at_80,0.25790588226386774,0.004811817847154387,3
b3,stats_mlp,__pooled_test__,10,rer_at_90,0.13205173894474634,0.002539410955113227,3
b3,stats_mlp,__pooled_test__,10,rer_at_95,0.06636010437208602,0.004508472759673075,3
b3,stats_mlp,__pooled_test__,20,auroc_correct,0.7984920655878036,0.001588646484101754,3
b3,stats_mlp,__pooled_test__,20,e_aurc,0.0973293840161778,0.000640281586043629,3
b3,stats_mlp,__pooled_test__,20,ece_adaptive,0.03888566933402797,0.027390983377157202,3
b3,stats_mlp,__pooled_test__,20,rer_at_50,0.5064812465456533,0.006274188945569653,3
b3,stats_mlp,__pooled_test__,20,rer_at_80,0.18484338123486732,0.0021803296666764315,3
b3,stats_mlp,__pooled_test__,20,rer_at_90,0.08936818470612222,0.0022592368397386423,3
b3,stats_mlp,__pooled_test__,20,rer_at_95,0.045070188101489966,0.0016482277474889285,3
b3,stats_mlp,__pooled_test__,50,auroc_correct,0.7834370681754866,0.004757500485465287,3
b3,stats_mlp,__pooled_test__,50,e_aurc,0.12703591898125596,0.003920466719660819,3
b3,stats_mlp,__pooled_test__,50,ece_adaptive,0.09088680891673707,0.07365314238555708,3
b3,stats_mlp,__pooled_test__,50,rer_at_50,0.3480296167513606,0.0070833863138675505,3
b3,stats_mlp,__pooled_test__,50,rer_at_80,0.11778751810907943,0.0007164755067889265,3
b3,stats_mlp,__pooled_test__,50,rer_at_90,0.05662916521493661,0.0014385927951281899,3
b3,stats_mlp,__pooled_test__,50,rer_at_95,0.029305729466346114,0.0007605919919542766,3
b3,stats_mlp,testA,5,auroc_correct,0.8575242252818273,0.005529404596398486,3
b3,stats_mlp,testA,5,e_aurc,0.028858614048690574,0.0006955881479175722,3
b3,stats_mlp,testA,5,ece_adaptive,0.011116438486673479,0.0009451696460847416,3
b3,stats_mlp,testA,5,rer_at_50,0.8782931566775161,0.011070496168495205,3
b3,stats_mlp,testA,5,rer_at_80,0.4593035486083215,0.016257709724504354,3
b3,stats_mlp,testA,5,rer_at_90,0.2412941147490172,0.012438031819612375,3
b3,stats_mlp,testA,5,rer_at_95,0.133031688790513,0.005007230223378128,3
b3,stats_mlp,testA,10,auroc_correct,0.8238932297016319,0.004140215356861679,3
b3,stats_mlp,testA,10,e_aurc,0.05673791766384607,0.0005960718237753462,3
b3,stats_mlp,testA,10,ece_adaptive,0.01695210046424875,0.0007604925065271211,3
b3,stats_mlp,testA,10,rer_at_50,0.7164956614774027,0.005473229070899776,3
b3,stats_mlp,testA,10,rer_at_80,0.3113587563506042,0.02097738186635237,3
b3,stats_mlp,testA,10,rer_at_90,0.16230959045412854,0.007977446886878502,3
b3,stats_mlp,testA,10,rer_at_95,0.08453176539818508,0.003612085194798762,3
b3,stats_mlp,testA,20,auroc_correct,0.8124283577944423,0.0014375696121056148,3
b3,stats_mlp,testA,20,e_aurc,0.08249060399387621,0.0005467654276409783,3
b3,stats_mlp,testA,20,ece_adaptive,0.044662795035848794,0.028412482324467477,3
b3,stats_mlp,testA,20,rer_at_50,0.5866371914215421,0.014965490505666763,3
b3,stats_mlp,testA,20,rer_at_80,0.22940634256767425,0.010798108112586845,3
b3,stats_mlp,testA,20,rer_at_90,0.11653656226543259,0.0039054444083215486,3
b3,stats_mlp,testA,20,rer_at_95,0.057763931445409984,0.0005643268038369707,3
b3,stats_mlp,testA,50,auroc_correct,0.7955539199660167,0.00627785699311184,3
b3,stats_mlp,testA,50,e_aurc,0.11186738347587787,0.0047799802578424155,3
b3,stats_mlp,testA,50,ece_adaptive,0.09130601634001251,0.07748820350522671,3
b3,stats_mlp,testA,50,rer_at_50,0.41753652947786857,0.02022089307279002,3
b3,stats_mlp,testA,50,rer_at_80,0.1478214526906755,0.004863479987040576,3
b3,stats_mlp,testA,50,rer_at_90,0.07138840790919573,0.002360782422339253,3
b3,stats_mlp,testA,50,rer_at_95,0.036476745349648364,0.002324865079798191,3
b3,stats_mlp,testB,5,auroc_correct,0.8131763665719657,0.00453059142667391,3
b3,stats_mlp,testB,5,e_aurc,0.053945452039695176,0.0015513916892272884,3
b3,stats_mlp,testB,5,ece_adaptive,0.01844158419033234,0.002665381254232276,3
b3,stats_mlp,testB,5,rer_at_50,0.7336666742707184,0.014670026373983257,3
b3,stats_mlp,testB,5,rer_at_80,0.30827556504663794,0.012058194942848677,3
b3,stats_mlp,testB,5,rer_at_90,0.1561377803163775,0.00338989663750498,3
b3,stats_mlp,testB,5,rer_at_95,0.08030978654318181,0.004759254154927492,3
b3,stats_mlp,testB,10,auroc_correct,0.7824940731956914,0.0020186253841930745,3
b3,stats_mlp,testB,10,e_aurc,0.09621473054664949,0.0010880191555051977,3
b3,stats_mlp,testB,10,ece_adaptive,0.01922635858150564,0.0028706311288478844,3
b3,stats_mlp,testB,10,rer_at_50,0.5244139943463892,0.010029443688307977,3
b3,stats_mlp,testB,10,rer_at_80,0.20123256846178247,0.007666684662276516,3
b3,stats_mlp,testB,10,rer_at_90,0.10085724749533466,0.0066465419126559965,3
b3,stats_mlp,testB,10,rer_at_95,0.04945838558523913,0.006633680142721845,3
b3,stats_mlp,testB,20,auroc_correct,0.7714128194709069,0.00032968881880441063,3
b3,stats_mlp,testB,20,e_aurc,0.12228775270090982,0.0006611213116845608,3
b3,stats_mlp,testB,20,ece_adaptive,0.04173956745325577,0.018777501818795797,3
b3,stats_mlp,testB,20,rer_at_50,0.3986076811976604,0.011651643212957422,3
b3,stats_mlp,testB,20,rer_at_80,0.13432857284753594,0.009765916960501397,3
b3,stats_mlp,testB,20,rer_at_90,0.06564229829118921,0.0011356107347263483,3
b3,stats_mlp,testB,20,rer_at_95,0.03427166325452589,0.0020277264302151197,3
b3,stats_mlp,testB,50,auroc_correct,0.7543511236500251,0.003858741536348564,3
b3,stats_mlp,testB,50,e_aurc,0.1549171126362009,0.003850294980620027,3
b3,stats_mlp,testB,50,ece_adaptive,0.09134744062521977,0.06806679716979462,3
b3,stats_mlp,testB,50,rer_at_50,0.26307683050433667,0.007648675899352834,3
b3,stats_mlp,testB,50,rer_at_80,0.08413868119616745,0.0016631479765765592,3
b3,stats_mlp,testB,50,rer_at_90,0.04027063942888037,0.0006022135025328394,3
b3,stats_mlp,testB,50,rer_at_95,0.02061155592277923,0.0012408285619260214,3
b3,stats_mlp,val_select,5,auroc_correct,0.8413519345549013,0.0008408705302520596,3
b3,stats_mlp,val_select,5,e_aurc,0.03952520555264559,0.00025922551655919253,3
b3,stats_mlp,val_select,5,ece_adaptive,0.016832792712299125,0.0031748826273324407,3
b3,stats_mlp,val_select,5,rer_at_50,0.8196579016927291,0.009192153686330222,3
b3,stats_mlp,val_select,5,rer_at_80,0.395262360330443,0.003220421380270481,3
b3,stats_mlp,val_select,5,rer_at_90,0.1987276462891354,0.008342834361949322,3
b3,stats_mlp,val_select,5,rer_at_95,0.10005282546571355,0.008239344029101984,3
b3,stats_mlp,val_select,10,auroc_correct,0.8075881790730093,0.00342475074324631,3
b3,stats_mlp,val_select,10,e_aurc,0.07257124258605095,0.0005921257829551353,3
b3,stats_mlp,val_select,10,ece_adaptive,0.019379638307521582,0.001514012948665046,3
b3,stats_mlp,val_select,10,rer_at_50,0.6315390280478423,0.0019135697383842834,3
b3,stats_mlp,val_select,10,rer_at_80,0.24810392011100343,0.0072237067663308025,3
b3,stats_mlp,val_select,10,rer_at_90,0.12352557568372609,0.0027433991721121337,3
b3,stats_mlp,val_select,10,rer_at_95,0.06272614821442908,0.005142547655492053,3
b3,stats_mlp,val_select,20,auroc_correct,0.797901741548216,0.001980133459073826,3
b3,stats_mlp,val_select,20,e_aurc,0.09647037915764867,0.0012889985414631419,3
b3,stats_mlp,val_select,20,ece_adaptive,0.051460721549885624,0.019508692971313128,3
b3,stats_mlp,val_select,20,rer_at_50,0.5024001853715844,0.015087891505415578,3
b3,stats_mlp,val_select,20,rer_at_80,0.17686338677973387,0.005270393612119871,3
b3,stats_mlp,val_select,20,rer_at_90,0.08402743076329373,0.002453374298637228,3
b3,stats_mlp,val_select,20,rer_at_95,0.043955079647272716,0.0026744321146550372,3
b3,stats_mlp,val_select,50,auroc_correct,0.7858890830248839,0.003791763329515666,3
b3,stats_mlp,val_select,50,e_aurc,0.12420600993688406,0.003078833743576732,3
b3,stats_mlp,val_select,50,ece_adaptive,0.09404068464507558,0.07214367811409242,3
b3,stats_mlp,val_select,50,rer_at_50,0.3557528425262014,0.011461664243152968,3
b3,stats_mlp,val_select,50,rer_at_80,0.11887273608789534,0.002605645605244688,3
b3,stats_mlp,val_select,50,rer_at_90,0.055661080232620085,0.0010882298132379436,3
b3,stats_mlp,val_select,50,rer_at_95,0.028518577077145963,0.0013833014010404675,3
b3,stats_mlp_noK,__pooled_test__,5,auroc_correct,0.8393916020176485,0.0022737177257385987,3
b3,stats_mlp_noK,__pooled_test__,5,e_aurc,0.038681810653106725,0.0005594918020829758,3
b3,stats_mlp_noK,__pooled_test__,5,ece_adaptive,0.013722315843998934,0.0016550286877557603,3
b3,stats_mlp_noK,__pooled_test__,5,rer_at_50,0.8140207766884734,0.008152334373181214,3
b3,stats_mlp_noK,__pooled_test__,5,rer_at_80,0.3839571361406633,0.004599840211395501,3
b3,stats_mlp_noK,__pooled_test__,5,rer_at_90,0.20000053733849069,0.007781456282704384,3
b3,stats_mlp_noK,__pooled_test__,5,rer_at_95,0.10591243883403668,0.0020876305082034134,3
b3,stats_mlp_noK,__pooled_test__,10,auroc_correct,0.8082283888431231,0.0024244645770370673,3
b3,stats_mlp_noK,__pooled_test__,10,e_aurc,0.07186474491159536,0.0008147129254798997,3
b3,stats_mlp_noK,__pooled_test__,10,ece_adaptive,0.014005698121674163,0.0024096656000263377,3
b3,stats_mlp_noK,__pooled_test__,10,rer_at_50,0.6371700537745149,0.0052629064942016635,3
b3,stats_mlp_noK,__pooled_test__,10,rer_at_80,0.2595213767775164,0.0034798121759046625,3
b3,stats_mlp_noK,__pooled_test__,10,rer_at_90,0.13005593282435476,0.002838570062972295,3
b3,stats_mlp_noK,__pooled_test__,10,rer_at_95,0.06677351913552802,0.0034931206256610457,3
b3,stats_mlp_noK,__pooled_test__,20,auroc_correct,0.7942918262683687,0.0013139462128037808,3
b3,stats_mlp_noK,__pooled_test__,20,e_aurc,0.09994939440302571,0.0010855276581865703,3
b3,stats_mlp_noK,__pooled_test__,20,ece_adaptive,0.02380904072957336,0.003099864045519556,3
b3,stats_mlp_noK,__pooled_test__,20,rer_at_50,0.4952492656337781,0.012307990567419705,3
b3,stats_mlp_noK,__pooled_test__,20,rer_at_80,0.1820579530572494,0.005136636459035,3
b3,stats_mlp_noK,__pooled_test__,20,rer_at_90,0.08828930940937756,0.0028770007678619812,3
b3,stats_mlp_noK,__pooled_test__,20,rer_at_95,0.044051420510233676,0.0014387300142428671,3
b3,stats_mlp_noK,__pooled_test__,50,auroc_correct,0.7770773556042205,0.00569029143544023,3
b3,stats_mlp_noK,__pooled_test__,50,e_aurc,0.13432440572029228,0.003839357307096871,3
b3,stats_mlp_noK,__pooled_test__,50,ece_adaptive,0.04402022962302397,0.001304938974152739,3
b3,stats_mlp_noK,__pooled_test__,50,rer_at_50,0.3437245332124655,0.009575912475277924,3
b3,stats_mlp_noK,__pooled_test__,50,rer_at_80,0.11842416295238123,0.0024154098046045894,3
b3,stats_mlp_noK,__pooled_test__,50,rer_at_90,0.05694502912728355,0.002181794241639706,3
b3,stats_mlp_noK,__pooled_test__,50,rer_at_95,0.029308577357412813,0.0027541089460171074,3
b3,stats_mlp_noK,testA,5,auroc_correct,0.8572337423839932,0.005862330353178878,3
b3,stats_mlp_noK,testA,5,e_aurc,0.02900239392534107,0.0008267857481516255,3
b3,stats_mlp_noK,testA,5,ece_adaptive,0.015081894420257118,0.003094002002318209,3
b3,stats_mlp_noK,testA,5,rer_at_50,0.8749373789415471,0.012814473735939412,3
b3,stats_mlp_noK,testA,5,rer_at_80,0.4643595928299067,0.012087487732775357,3
b3,stats_mlp_noK,testA,5,rer_at_90,0.24575563496734598,0.011310216563025048,3
b3,stats_mlp_noK,testA,5,rer_at_95,0.1308602521958254,0.010781553040884028,3
b3,stats_mlp_noK,testA,10,auroc_correct,0.8235355548755027,0.003573191378564031,3
b3,stats_mlp_noK,testA,10,e_aurc,0.05680899770301472,0.0006532520985799666,3
b3,stats_mlp_noK,testA,10,ece_adaptive,0.01644854844038764,0.00038782312800609935,3
b3,stats_mlp_noK,testA,10,rer_at_50,0.7191015424496682,0.002295937275408517,3
b3,stats_mlp_noK,testA,10,rer_at_80,0.3068491144623908,0.019071136134760806,3
b3,stats_mlp_noK,testA,10,rer_at_90,0.16039954000814657,0.005976687284131895,3
b3,stats_mlp_noK,testA,10,rer_at_95,0.08094651096045748,0.0025188128787325646,3
b3,stats_mlp_noK,testA,20,auroc_correct,0.8079665070574703,0.0005817426990444818,3
b3,stats_mlp_noK,testA,20,e_aurc,0.08482198616188204,0.0008662052544523587,3
b3,stats_mlp_noK,testA,20,ece_adaptive,0.023222758378079144,0.002559309019056982,3
b3,stats_mlp_noK,testA,20,rer_at_50,0.5729024651253587,0.014349974981522259,3
b3,stats_mlp_noK,testA,20,rer_at_80,0.226312264190676,0.007011749637212729,3
b3,stats_mlp_noK,testA,20,rer_at_90,0.1144962200589598,0.004897040806534807,3
b3,stats_mlp_noK,testA,20,rer_at_95,0.05696427084248958,0.0009038880273753018,3
b3,stats_mlp_noK,testA,50,auroc_correct,0.7881112046142756,0.008102736730045627,3
b3,stats_mlp_noK,testA,50,e_aurc,0.11893670851793929,0.005885513353380069,3
b3,stats_mlp_noK,testA,50,ece_adaptive,0.04196240729710079,0.006075107682626535,3
b3,stats_mlp_noK,testA,50,rer_at_50,0.4134577169051914,0.020912371977843437,3
b3,stats_mlp_noK,testA,50,rer_at_80,0.14624302081737642,0.0053126851896582155,3
b3,stats_mlp_noK,testA,50,rer_at_90,0.07164654326696927,0.005015718781188227,3
b3,stats_mlp_noK,testA,50,rer_at_95,0.03733659503302522,0.003882052759773139,3
b3,stats_mlp_noK,testB,5,auroc_correct,0.8131848291805545,0.0045992209630418895,3
b3,stats_mlp_noK,testB,5,e_aurc,0.05396540935399219,0.001537950602922773,3
b3,stats_mlp_noK,testB,5,ece_adaptive,0.015835465719901954,0.0025129991972358346,3
b3,stats_mlp_noK,testB,5,rer_at_50,0.732497967927336,0.008309572810816603,3
b3,stats_mlp_noK,testB,5,rer_at_80,0.3014665661757087,0.012587489004675956,3
b3,stats_mlp_noK,testB,5,rer_at_90,0.1532699781117598,0.00521963250537448,3
b3,stats_mlp_noK,testB,5,rer_at_95,0.08182401737694589,0.006108192599724311,3
b3,stats_mlp_noK,testB,10,auroc_correct,0.7813796104791736,0.0015927125228489092,3
b3,stats_mlp_noK,testB,10,e_aurc,0.09675680797287338,0.0008568235759512606,3
b3,stats_mlp_noK,testB,10,ece_adaptive,0.01695130418493658,0.005085785838438343,3
b3,stats_mlp_noK,testB,10,rer_at_50,0.5244456041482466,0.013352203934103971,3
b3,stats_mlp_noK,testB,10,rer_at_80,0.20053475569741477,0.009357906882631306,3
b3,stats_mlp_noK,testB,10,rer_at_90,0.09937459142874287,0.0034703840625391297,3
b3,stats_mlp_noK,testB,10,rer_at_95,0.051036235323613316,0.0033588774377880724,3
b3,stats_mlp_noK,testB,20,auroc_correct,0.7672452069798427,0.0015865061660866905,3
b3,stats_mlp_noK,testB,20,e_aurc,0.12579714511077475,0.0012455465109506869,3
b3,stats_mlp_noK,testB,20,ece_adaptive,0.03179845052032635,0.005242182174419399,3
b3,stats_mlp_noK,testB,20,rer_at_50,0.3948989297553312,0.01745911900169842,3
b3,stats_mlp_noK,testB,20,rer_at_80,0.13722532625705886,0.005523889501170519,3
b3,stats_mlp_noK,testB,20,rer_at_90,0.0648293006783641,0.0032328724584145038,3
b3,stats_mlp_noK,testB,20,rer_at_95,0.03245526108194547,0.002531509551373063,3
b3,stats_mlp_noK,testB,50,auroc_correct,0.7489528468195941,0.002892228560906594,3
b3,stats_mlp_noK,testB,50,e_aurc,0.1627656356723273,0.0016727037138411175,3
b3,stats_mlp_noK,testB,50,ece_adaptive,0.05019449664964929,0.007080916654379286,3
b3,stats_mlp_noK,testB,50,rer_at_50,0.25653684050502695,0.00616933191938767,3
b3,stats_mlp_noK,testB,50,rer_at_80,0.08540530942954967,0.0007049994167399957,3
b3,stats_mlp_noK,testB,50,rer_at_90,0.041892543559186673,0.0010600885627933224,3
b3,stats_mlp_noK,testB,50,rer_at_95,0.021678051950081528,0.0006074064151206615,3
b3,stats_mlp_noK,val_select,5,auroc_correct,0.8412390658063281,0.0009749047515374761,3
b3,stats_mlp_noK,val_select,5,e_aurc,0.03975863615649139,0.00015249389679185884,3
b3,stats_mlp_noK,val_select,5,ece_adaptive,0.015621033485987769,0.001138659150798737,3
b3,stats_mlp_noK,val_select,5,rer_at_50,0.8214230342246328,0.008547641586571406,3
b3,stats_mlp_noK,val_select,5,rer_at_80,0.3901016642545785,0.007336920755842485,3
b3,stats_mlp_noK,val_select,5,rer_at_90,0.19875085880738821,0.005387839679909359,3
b3,stats_mlp_noK,val_select,5,rer_at_95,0.10692563894771329,0.0061596632606795146,3
b3,stats_mlp_noK,val_select,10,auroc_correct,0.807825689758138,0.003172343908878938,3
b3,stats_mlp_noK,val_select,10,e_aurc,0.0725071463582025,0.00045087078735958576,3
b3,stats_mlp_noK,val_select,10,ece_adaptive,0.017999790236494926,0.002113656793995836,3
b3,stats_mlp_noK,val_select,10,rer_at_50,0.6357196698279508,0.003922103756610679,3
b3,stats_mlp_noK,val_select,10,rer_at_80,0.24904144973060513,0.011555653842852013,3
b3,stats_mlp_noK,val_select,10,rer_at_90,0.12309906522830184,0.0057306416776266135,3
b3,stats_mlp_noK,val_select,10,rer_at_95,0.06252368416329741,0.0054633270241764235,3
b3,stats_mlp_noK,val_select,20,auroc_correct,0.795524359199359,0.0016414689297393544,3
b3,stats_mlp_noK,val_select,20,e_aurc,0.09783228930239052,0.001049258725814306,3
b3,stats_mlp_noK,val_select,20,ece_adaptive,0.01954573801084251,0.0016014953987265278,3
b3,stats_mlp_noK,val_select,20,rer_at_50,0.4957859928849617,0.013592479053341256,3
b3,stats_mlp_noK,val_select,20,rer_at_80,0.17793858376263735,0.0044924365962608955,3
b3,stats_mlp_noK,val_select,20,rer_at_90,0.08354852370861743,0.001876322113368118,3
b3,stats_mlp_noK,val_select,20,rer_at_95,0.0429003182839901,0.0010698194488012393,3
b3,stats_mlp_noK,val_select,50,auroc_correct,0.7790599893559912,0.0017587190326022544,3
b3,stats_mlp_noK,val_select,50,e_aurc,0.13157962592567465,0.002092393516738557,3
b3,stats_mlp_noK,val_select,50,ece_adaptive,0.04467691203515126,0.004810386011071714,3
b3,stats_mlp_noK,val_select,50,rer_at_50,0.3584166946454021,0.009027371080317138,3
b3,stats_mlp_noK,val_select,50,rer_at_80,0.11804655209353575,0.0016357411208438042,3
b3,stats_mlp_noK,val_select,50,rer_at_90,0.05517005275494952,0.0009035636225902897,3
b3,stats_mlp_noK,val_select,50,rer_at_95,0.027355203983463087,0.0006722355854447841,3
b3,top1_score,__pooled_test__,5,auroc_correct,0.4442382784730306,0.0031241089571701786,3
b3,top1_score,__pooled_test__,5,e_aurc,0.21714297255389817,0.002629577228872101,3
b3,top1_score,__pooled_test__,5,rer_at_50,-0.14860159286003205,0.006978674932693736,3
b3,top1_score,__pooled_test__,5,rer_at_80,-0.04120278501152259,0.006224012687216668,3
b3,top1_score,__pooled_test__,5,rer_at_90,-0.006007547324614165,0.0003973122668065537,3
b3,top1_score,__pooled_test__,5,rer_at_95,0.006381963169082767,0.0018885421262397118,3
b3,top1_score,__pooled_test__,10,auroc_correct,0.44153554350650254,0.00605917525443037,3
b3,top1_score,__pooled_test__,10,e_aurc,0.30392158110761375,0.003948031173790715,3
b3,top1_score,__pooled_test__,10,rer_at_50,-0.13149305047660517,0.0048357650335674,3
b3,top1_score,__pooled_test__,10,rer_at_80,-0.041205767874720516,0.008582068479195753,3
b3,top1_score,__pooled_test__,10,rer_at_90,-0.012707341049187297,0.007337975171195101,3
b3,top1_score,__pooled_test__,10,rer_at_95,6.525064273755436e-05,0.0028466048869117263,3
b3,top1_score,__pooled_test__,20,auroc_correct,0.4321811471191534,0.003359023465080912,3
b3,top1_score,__pooled_test__,20,e_aurc,0.37562070205556813,0.002612826250974371,3
b3,top1_score,__pooled_test__,20,rer_at_50,-0.12348084393262555,0.0034585012750561147,3
b3,top1_score,__pooled_test__,20,rer_at_80,-0.039803353108441075,0.0031555339546982014,3
b3,top1_score,__pooled_test__,20,rer_at_90,-0.015043762433965567,0.0019200377309850766,3
b3,top1_score,__pooled_test__,20,rer_at_95,-0.0033126279981940524,0.002580813962259379,3
b3,top1_score,__pooled_test__,50,auroc_correct,0.4162968812118038,0.0031974605878165325,3
b3,top1_score,__pooled_test__,50,e_aurc,0.42448249944682703,0.0025607271821852504,3
b3,top1_score,__pooled_test__,50,rer_at_50,-0.11079618297605535,0.0068896390935176905,3
b3,top1_score,__pooled_test__,50,rer_at_80,-0.040326694647538235,0.005233253426070028,3
b3,top1_score,__pooled_test__,50,rer_at_90,-0.0175873138487365,0.0007945699517467197,3
b3,top1_score,__pooled_test__,50,rer_at_95,-0.005526674948536081,0.0009131056282624751,3
b3,top1_score,testA,5,auroc_correct,0.45449261472941843,0.0019515878821171598,3
b3,top1_score,testA,5,e_aurc,0.189737669285266,0.002495522721597364,3
b3,top1_score,testA,5,rer_at_50,-0.10507020849112127,0.017991396252264303,3
b3,top1_score,testA,5,rer_at_80,-0.011309304701057963,0.008736184952590778,3
b3,top1_score,testA,5,rer_at_90,0.013326275836783197,0.004309316120443013,3
b3,top1_score,testA,5,rer_at_95,0.01347060357508033,0.0024630492347935983,3
b3,top1_score,testA,10,auroc_correct,0.45453350079979044,0.005908024398846674,3
b3,top1_score,testA,10,e_aurc,0.27070958941979917,0.004098004226265662,3
b3,top1_score,testA,10,rer_at_50,-0.10111364798243754,0.005044368210079664,3
b3,top1_score,testA,10,rer_at_80,-0.018272150294096536,0.0032535406592074157,3
b3,top1_score,testA,10,rer_at_90,0.005083045594512386,0.006048128827876768,3
b3,top1_score,testA,10,rer_at_95,0.008121875609834205,0.003648703405106797,3
b3,top1_score,testA,20,auroc_correct,0.444866458739801,0.0012411287098406242,3
b3,top1_score,testA,20,e_aurc,0.35082634764053156,0.0010984605882814287,3
b3,top1_score,testA,20,rer_at_50,-0.10124023789812535,0.011174795098268653,3
b3,top1_score,testA,20,rer_at_80,-0.021272109232943603,0.002200127683354109,3
b3,top1_score,testA,20,rer_at_90,-0.0013361055101650872,0.0038430090561544237,3
b3,top1_score,testA,20,rer_at_95,0.006193574590769403,0.0019062890957436897,3
b3,top1_score,testA,50,auroc_correct,0.4351627277568743,0.0032258364560937324,3
b3,top1_score,testA,50,e_aurc,0.40930206050743406,3.921919481151192e-05,3
b3,top1_score,testA,50,rer_at_50,-0.09169372678958772,0.0014958886897095552,3
b3,top1_score,testA,50,rer_at_80,-0.024259262624153875,0.005379002840569616,3
b3,top1_score,testA,50,rer_at_90,-0.0069382995582598335,0.002626426538718617,3
b3,top1_score,testA,50,rer_at_95,0.0014827072924009533,0.0020404153818597143,3
b3,top1_score,testB,5,auroc_correct,0.4559066799172004,0.002861618294353098,3
b3,top1_score,testB,5,e_aurc,0.24043793057651533,0.0018464890798080493,3
b3,top1_score,testB,5,rer_at_50,-0.10561709506239918,0.013317023215408506,3
b3,top1_score,testB,5,rer_at_80,-0.04799506361695798,0.007569674313949119,3
b3,top1_score,testB,5,rer_at_90,-0.006191691439193368,0.0037876349572147612,3
b3,top1_score,testB,5,rer_at_95,0.0005495405000368498,0.0029256719418985313,3
b3,top1_score,testB,10,auroc_correct,0.45279766859598675,0.0040962739663613764,3
b3,top1_score,testB,10,e_aurc,0.32817077346302465,0.0037550651303305386,3
b3,top1_score,testB,10,rer_at_50,-0.1006410582022063,0.015247467994909251,3
b3,top1_score,testB,10,rer_at_80,-0.03816083613842381,0.002450510996217246,3
b3,top1_score,testB,10,rer_at_90,-0.013410806717959156,0.005342166288619497,3
b3,top1_score,testB,10,rer_at_95,-0.003664298387383469,0.004233140372154742,3
b3,top1_score,testB,20,auroc_correct,0.44380677617664155,0.0034685168288343064,3
b3,top1_score,testB,20,e_aurc,0.3857627055164366,0.0023686665898948345,3
b3,top1_score,testB,20,rer_at_50,-0.09215977039636936,0.01147191335191806,3
b3,top1_score,testB,20,rer_at_80,-0.039271306014362885,0.0012561921669494063,3
b3,top1_score,testB,20,rer_at_90,-0.016327539286050796,0.0020228366653622094,3
b3,top1_score,testB,20,rer_at_95,-0.006357148049153837,0.0025878391873165674,3
b3,top1_score,testB,50,auroc_correct,0.42150140923611296,0.004081068161211045,3
b3,top1_score,testB,50,e_aurc,0.41793983299296866,0.0003532873322867719,3
b3,top1_score,testB,50,rer_at_50,-0.08226592375740575,0.005156948667483099,3
b3,top1_score,testB,50,rer_at_80,-0.041918141996238924,0.004904893187253702,3
b3,top1_score,testB,50,rer_at_90,-0.018571796194785,0.002719248849592877,3
b3,top1_score,testB,50,rer_at_95,-0.008495354713832939,0.0018117941971008905,3
b3,top1_score,val_select,5,auroc_correct,0.4488741164953622,0.0020751275177324892,3
b3,top1_score,val_select,5,e_aurc,0.2147165678558645,0.0012111596345683563,3
b3,top1_score,val_select,5,rer_at_50,-0.13020238737167086,0.007402733271819178,3
b3,top1_score,val_select,5,rer_at_80,-0.03785226906548589,0.01276768806634574,3
b3,top1_score,val_select,5,rer_at_90,-0.0013048905729455343,0.0013890029080715093,3
b3,top1_score,val_select,5,rer_at_95,-0.00016624095274969477,0.004602503380813603,3
b3,top1_score,val_select,10,auroc_correct,0.45174572248381833,0.006554832256189857,3
b3,top1_score,val_select,10,e_aurc,0.30103695107738376,0.002954110969026682,3
b3,top1_score,val_select,10,rer_at_50,-0.10005808236128784,0.014248170795479369,3
b3,top1_score,val_select,10,rer_at_80,-0.029485105829458787,0.015706659286122776,3
b3,top1_score,val_select,10,rer_at_90,-0.004367541240103106,0.0009531414479353291,3
b3,top1_score,val_select,10,rer_at_95,0.0012233053311911813,0.004105281720778117,3
b3,top1_score,val_select,20,auroc_correct,0.4413728350051838,0.0059058879433322164,3
b3,top1_score,val_select,20,e_aurc,0.3679359205085955,0.001851900069077837,3
b3,top1_score,val_select,20,rer_at_50,-0.10956440074996754,0.008868596073296518,3
b3,top1_score,val_select,20,rer_at_80,-0.027915467750376104,0.007202692591206115,3
b3,top1_score,val_select,20,rer_at_90,-0.0033968073885399415,0.004260316642273021,3
b3,top1_score,val_select,20,rer_at_95,0.00208912070287541,0.004562837866816917,3
b3,top1_score,val_select,50,auroc_correct,0.4246388321790486,0.005507925398126973,3
b3,top1_score,val_select,50,e_aurc,0.42084052855072085,0.004200634899529819,3
b3,top1_score,val_select,50,rer_at_50,-0.10758531729816882,0.009408266844979477,3
b3,top1_score,val_select,50,rer_at_80,-0.025287594378658934,0.006892529629035931,3
b3,top1_score,val_select,50,rer_at_90,-0.00380491758679879,0.0031087429039059196,3
b3,top1_score,val_select,50,rer_at_95,0.002216143468530688,0.003888218468302703,3
b3,top_scores_logistic,__pooled_test__,5,auroc_correct,0.8041284487269657,0.005049273561727442,3
b3,top_scores_logistic,__pooled_test__,5,e_aurc,0.05098304689986188,0.0019387640241675262,3
b3,top_scores_logistic,__pooled_test__,5,ece_adaptive,0.015393736457626326,0.002937722611835309,3
b3,top_scores_logistic,__pooled_test__,5,rer_at_50,0.7100431686866594,0.01628409345723708,3
b3,top_scores_logistic,__pooled_test__,5,rer_at_80,0.3445997005962411,0.012009422466298927,3
b3,top_scores_logistic,__pooled_test__,5,rer_at_90,0.18612742845885608,0.004644411816262718,3
b3,top_scores_logistic,__pooled_test__,5,rer_at_95,0.09782587517534154,0.004169389738954846,3
b3,top_scores_logistic,__pooled_test__,10,auroc_correct,0.7821482455590422,0.0018870370041187644,3
b3,top_scores_logistic,__pooled_test__,10,e_aurc,0.08600057644965402,0.001562872419118155,3
b3,top_scores_logistic,__pooled_test__,10,ece_adaptive,0.013673673802842035,0.004094563495234185,3
b3,top_scores_logistic,__pooled_test__,10,rer_at_50,0.5672807332300529,0.007332362856418064,3
b3,top_scores_logistic,__pooled_test__,10,rer_at_80,0.2405348902233866,0.0035354796077792755,3
b3,top_scores_logistic,__pooled_test__,10,rer_at_90,0.12429502873196098,0.004446388341916708,3
b3,top_scores_logistic,__pooled_test__,10,rer_at_95,0.06487207746379785,0.0032171592259767267,3
b3,top_scores_logistic,__pooled_test__,20,auroc_correct,0.7728779320972219,0.001368702355289015,3
b3,top_scores_logistic,__pooled_test__,20,e_aurc,0.1146637001544409,0.0010221796848234527,3
b3,top_scores_logistic,__pooled_test__,20,ece_adaptive,0.03318536961384786,0.013356482584533383,3
b3,top_scores_logistic,__pooled_test__,20,rer_at_50,0.4494544800253803,0.012911756686476962,3
b3,top_scores_logistic,__pooled_test__,20,rer_at_80,0.17420620769094095,0.004781223875535266,3
b3,top_scores_logistic,__pooled_test__,20,rer_at_90,0.08772800906325189,0.0036402287812375474,3
b3,top_scores_logistic,__pooled_test__,20,rer_at_95,0.04420492166045068,0.0018492313903597632,3
b3,top_scores_logistic,__pooled_test__,50,auroc_correct,0.7614326750803047,0.003923628522301308,3
b3,top_scores_logistic,__pooled_test__,50,e_aurc,0.14722270071850446,0.0028623634963024242,3
b3,top_scores_logistic,__pooled_test__,50,ece_adaptive,0.057026531901096245,0.0376109657384059,3
b3,top_scores_logistic,__pooled_test__,50,rer_at_50,0.3194199998596529,0.008079490429178708,3
b3,top_scores_logistic,__pooled_test__,50,rer_at_80,0.11829361420104119,0.002702909459834834,3
b3,top_scores_logistic,__pooled_test__,50,rer_at_90,0.05896221857078998,0.001622902701093,3
b3,top_scores_logistic,__pooled_test__,50,rer_at_95,0.03049843192099268,0.0008828179736774027,3
b3,top_scores_logistic,testA,5,auroc_correct,0.8285545386664724,0.004665665330514435,3
b3,top_scores_logistic,testA,5,e_aurc,0.03655911344591148,0.0011903088537272054,3
b3,top_scores_logistic,testA,5,ece_adaptive,0.016658525419003912,0.0012831208843617444,3
b3,top_scores_logistic,testA,5,rer_at_50,0.8021587643691491,0.019160769451162282,3
b3,top_scores_logistic,testA,5,rer_at_80,0.4096992487963071,0.006872514799464308,3
b3,top_scores_logistic,testA,5,rer_at_90,0.22410820522755204,0.010336847926800645,3
b3,top_scores_logistic,testA,5,rer_at_95,0.12044463719454125,0.006797557831079991,3
b3,top_scores_logistic,testA,10,auroc_correct,0.7987039859692301,0.0027250742967982805,3
b3,top_scores_logistic,testA,10,e_aurc,0.06685956129210872,0.001187283937254298,3
b3,top_scores_logistic,testA,10,ece_adaptive,0.025547402974757296,0.004827250171090009,3
b3,top_scores_logistic,testA,10,rer_at_50,0.6413172313771803,0.01963555622798541,3
b3,top_scores_logistic,testA,10,rer_at_80,0.2836065616710851,0.009977547270732846,3
b3,top_scores_logistic,testA,10,rer_at_90,0.14768157044795405,0.010820414782696493,3
b3,top_scores_logistic,testA,10,rer_at_95,0.0811744445438694,0.0027114149539748133,3
b3,top_scores_logistic,testA,20,auroc_correct,0.7826195372244881,0.0012495656663374314,3
b3,top_scores_logistic,testA,20,e_aurc,0.09804712482202456,0.0011831087121889528,3
b3,top_scores_logistic,testA,20,ece_adaptive,0.048382332835145904,0.012403938511615533,3
b3,top_scores_logistic,testA,20,rer_at_50,0.5112246117116181,0.009980329777148996,3
b3,top_scores_logistic,testA,20,rer_at_80,0.2029895969240807,0.002783578240307944,3
b3,top_scores_logistic,testA,20,rer_at_90,0.1079176409673982,0.008013342144343526,3
b3,top_scores_logistic,testA,20,rer_at_95,0.05700457552153215,0.0055523827985150135,3
b3,top_scores_logistic,testA,50,auroc_correct,0.764073036521716,0.00729627028335199,3
b3,top_scores_logistic,testA,50,e_aurc,0.13325824426735697,0.005252833686341778,3
b3,top_scores_logistic,testA,50,ece_adaptive,0.06623383381288316,0.03857959870091157,3
b3,top_scores_logistic,testA,50,rer_at_50,0.3689626471299328,0.016427507165614755,3
b3,top_scores_logistic,testA,50,rer_at_80,0.13220284296678253,0.005938313165237907,3
b3,top_scores_logistic,testA,50,rer_at_90,0.06935328154360793,0.0017231284292496664,3
b3,top_scores_logistic,testA,50,rer_at_95,0.03599440400585314,0.001327475060142367,3
b3,top_scores_logistic,testB,5,auroc_correct,0.771678533336359,0.00964917685848145,3
b3,top_scores_logistic,testB,5,e_aurc,0.07364399956630617,0.0035994374669030106,3
b3,top_scores_logistic,testB,5,ece_adaptive,0.02570378749709802,0.004944324849423743,3
b3,top_scores_logistic,testB,5,rer_at_50,0.6085117340572391,0.01000240079638748,3
b3,top_scores_logistic,testB,5,rer_at_80,0.2799351752363915,0.02309915924701054,3
b3,top_scores_logistic,testB,5,rer_at_90,0.14625585517739406,0.009913455575690054,3
b3,top_scores_logistic,testB,5,rer_at_95,0.07153909213758809,0.004549364516739842,3
b3,top_scores_logistic,testB,10,auroc_correct,0.7551764836776255,0.0017382638929302721,3
b3,top_scores_logistic,testB,10,e_aurc,0.11645951797889816,0.001896277734079984,3
b3,top_scores_logistic,testB,10,ece_adaptive,0.01994413085760154,0.0020385911445604714,3
b3,top_scores_logistic,testB,10,rer_at_50,0.478114001035191,0.008261143298153209,3
b3,top_scores_logistic,testB,10,rer_at_80,0.18828067169327842,0.007298570566280116,3
b3,top_scores_logistic,testB,10,rer_at_90,0.09687673950823776,0.0063066448426115735,3
b3,top_scores_logistic,testB,10,rer_at_95,0.048854117045846655,0.004808413339797192,3
b3,top_scores_logistic,testB,20,auroc_correct,0.7515128435260262,0.00020932630001900592,3
b3,top_scores_logistic,testB,20,e_aurc,0.14164405923161538,0.001600284245036183,3
b3,top_scores_logistic,testB,20,ece_adaptive,0.02452376706544306,0.010532035046437543,3
b3,top_scores_logistic,testB,20,rer_at_50,0.37207993542224044,0.00850073209324652,3
b3,top_scores_logistic,testB,20,rer_at_80,0.13579731999498323,0.0035205440114410578,3
b3,top_scores_logistic,testB,20,rer_at_90,0.06689717373063657,0.004979133005099946,3
b3,top_scores_logistic,testB,20,rer_at_95,0.03322128980232925,0.002014354507234728,3
b3,top_scores_logistic,testB,50,auroc_correct,0.7446332240176988,0.002136749077805094,3
b3,top_scores_logistic,testB,50,e_aurc,0.17184880650572043,0.002000657976095267,3
b3,top_scores_logistic,testB,50,ece_adaptive,0.05154132027217936,0.036186411413289654,3
b3,top_scores_logistic,testB,50,rer_at_50,0.24665132645198887,0.004752274887632542,3
b3,top_scores_logistic,testB,50,rer_at_80,0.08864401445392128,0.0017267279083585734,3
b3,top_scores_logistic,testB,50,rer_at_90,0.043517845526298345,0.0007551049535840863,3
b3,top_scores_logistic,testB,50,rer_at_95,0.022630049497235207,0.0013859159249999115,3
b3,top_scores_logistic,val_select,5,auroc_correct,0.8105076250826722,0.0024761252533270013,3
b3,top_scores_logistic,val_select,5,e_aurc,0.049949501723761634,0.0007914196589447863,3
b3,top_scores_logistic,val_select,5,ece_adaptive,0.01759398817624493,0.0022355724006907357,3
b3,top_scores_logistic,val_select,5,rer_at_50,0.7240979477907824,0.004767096317495989,3
b3,top_scores_logistic,val_select,5,rer_at_80,0.35335428903646876,0.007178006601562351,3
b3,top_scores_logistic,val_select,5,rer_at_90,0.1875585249304311,0.006574761325539577,3
b3,top_scores_logistic,val_select,5,rer_at_95,0.09914167808968583,0.0023257995486457078,3
b3,top_scores_logistic,val_select,10,auroc_correct,0.7858103597375612,0.005107173909302369,3
b3,top_scores_logistic,val_select,10,e_aurc,0.0838662081560972,0.000873661237510743,3
b3,top_scores_logistic,val_select,10,ece_adaptive,0.0257279316582269,0.00114870783619818,3
b3,top_scores_logistic,val_select,10,rer_at_50,0.5868575109229619,0.01550342535386842,3
b3,top_scores_logistic,val_select,10,rer_at_80,0.22755263949086124,0.00720630297113097,3
b3,top_scores_logistic,val_select,10,rer_at_90,0.11694137002920146,0.003515818235197587,3
b3,top_scores_logistic,val_select,10,rer_at_95,0.05871443704325314,0.0018392555338874019,3
b3,top_scores_logistic,val_select,20,auroc_correct,0.7721352208852886,0.0006622000815008053,3
b3,top_scores_logistic,val_select,20,e_aurc,0.11299640871189885,0.0008081443198697819,3
b3,top_scores_logistic,val_select,20,ece_adaptive,0.04091468484088193,0.012069238455975514,3
b3,top_scores_logistic,val_select,20,rer_at_50,0.4530080050307534,0.014752988317835752,3
b3,top_scores_logistic,val_select,20,rer_at_80,0.1637570135545746,0.0016971093705043197,3
b3,top_scores_logistic,val_select,20,rer_at_90,0.07988099598907522,0.002437193523838514,3
b3,top_scores_logistic,val_select,20,rer_at_95,0.041086766386024064,0.0016096330062777776,3
b3,top_scores_logistic,val_select,50,auroc_correct,0.7619638336492865,0.0024076731902510215,3
b3,top_scores_logistic,val_select,50,e_aurc,0.14343051759652517,0.0013067957706406684,3
b3,top_scores_logistic,val_select,50,ece_adaptive,0.06079712220123595,0.035342420439942436,3
b3,top_scores_logistic,val_select,50,rer_at_50,0.32546246748421964,0.008388960767106785,3
b3,top_scores_logistic,val_select,50,rer_at_80,0.10878701326118405,0.0011206531388902666,3
b3,top_scores_logistic,val_select,50,rer_at_90,0.05418661726079327,0.002196560848035911,3
b3,top_scores_logistic,val_select,50,rer_at_95,0.028169602287607707,0.000868382737917909,3
cosine,margin,__pooled_test__,5,auroc_correct,0.7334269444522903,0.0,1
cosine,margin,__pooled_test__,5,e_aurc,0.14264200346373157,0.0,1
cosine,margin,__pooled_test__,5,rer_at_50,0.3728179551122195,0.0,1
cosine,margin,__pooled_test__,5,rer_at_80,0.11863114725035742,0.0,1
cosine,margin,__pooled_test__,5,rer_at_90,0.057740945037851724,0.0,1
cosine,margin,__pooled_test__,5,rer_at_95,0.03008621508039155,0.0,1
cosine,margin,__pooled_test__,10,auroc_correct,0.719849753636861,0.0,1
cosine,margin,__pooled_test__,10,e_aurc,0.1790915107390798,0.0,1
cosine,margin,__pooled_test__,10,rer_at_50,0.24577208787735097,0.0,1
cosine,margin,__pooled_test__,10,rer_at_80,0.07580877498562702,0.0,1
cosine,margin,__pooled_test__,10,rer_at_90,0.03594046685086002,0.0,1
cosine,margin,__pooled_test__,10,rer_at_95,0.016775463012832843,0.0,1
cosine,margin,__pooled_test__,20,auroc_correct,0.7176339443522887,0.0,1
cosine,margin,__pooled_test__,20,e_aurc,0.18703022102310374,0.0,1
cosine,margin,__pooled_test__,20,rer_at_50,0.17372421281216072,0.0,1
cosine,margin,__pooled_test__,20,rer_at_80,0.052683176430803,0.0,1
cosine,margin,__pooled_test__,20,rer_at_90,0.024674143957193865,0.0,1
cosine,margin,__pooled_test__,20,rer_at_95,0.01197387292372513,0.0,1
cosine,margin,__pooled_test__,50,auroc_correct,0.7104101551014007,0.0,1
cosine,margin,__pooled_test__,50,e_aurc,0.177949551706525,0.0,1
cosine,margin,__pooled_test__,50,rer_at_50,0.1065152420800958,0.0,1
cosine,margin,__pooled_test__,50,rer_at_80,0.02931229537745636,0.0,1
cosine,margin,__pooled_test__,50,rer_at_90,0.013678856379458747,0.0,1
cosine,margin,__pooled_test__,50,rer_at_95,0.00692009740799142,0.0,1
cosine,margin,testA,5,auroc_correct,0.7372287965942782,0.0,1
cosine,margin,testA,5,e_aurc,0.14142994829344646,0.0,1
cosine,margin,testA,5,rer_at_50,0.3849175176747839,0.0,1
cosine,margin,testA,5,rer_at_80,0.14281093281016924,0.0,1
cosine,margin,testA,5,rer_at_90,0.06705613175655303,0.0,1
cosine,margin,testA,5,rer_at_95,0.03589962585518191,0.0,1
cosine,margin,testA,10,auroc_correct,0.7252255577427822,0.0,1
cosine,margin,testA,10,e_aurc,0.17574469061692055,0.0,1
cosine,margin,testA,10,rer_at_50,0.2625,0.0,1
cosine,margin,testA,10,rer_at_80,0.08634997944274016,0.0,1
cosine,margin,testA,10,rer_at_90,0.04211045988643394,0.0,1
cosine,margin,testA,10,rer_at_95,0.01885186960690332,0.0,1
cosine,margin,testA,20,auroc_correct,0.7294232305011485,0.0,1
cosine,margin,testA,20,e_aurc,0.18087520693321135,0.0,1
cosine,margin,testA,20,rer_at_50,0.19276801629742807,0.0,1
cosine,margin,testA,20,rer_at_80,0.058164952941548484,0.0,1
cosine,margin,testA,20,rer_at_90,0.02792792549025618,0.0,1
cosine,margin,testA,20,rer_at_95,0.01389992645420993,0.0,1
cosine,margin,testA,50,auroc_correct,0.713597576269896,0.0,1
cosine,margin,testA,50,e_aurc,0.18118030827844583,0.0,1
cosine,margin,testA,50,rer_at_50,0.11663308708305349,0.0,1
cosine,margin,testA,50,rer_at_80,0.035748986776765794,0.0,1
cosine,margin,testA,50,rer_at_90,0.01536388190030056,0.0,1
cosine,margin,testA,50,rer_at_95,0.008691878648743495,0.0,1
cosine,margin,testB,5,auroc_correct,0.7250450043163991,0.0,1
cosine,margin,testB,5,e_aurc,0.14502643475190596,0.0,1
cosine,margin,testB,5,rer_at_50,0.3336275375110326,0.0,1
cosine,margin,testB,5,rer_at_80,0.09532215357458083,0.0,1
cosine,margin,testB,5,rer_at_90,0.047759144846523556,0.0,1
cosine,margin,testB,5,rer_at_95,0.02494541738282161,0.0,1
cosine,margin,testB,10,auroc_correct,0.7089840204795085,0.0,1
cosine,margin,testB,10,e_aurc,0.1845364181650388,0.0,1
cosine,margin,testB,10,rer_at_50,0.2066059993259184,0.0,1
cosine,margin,testB,10,rer_at_80,0.06555443208628242,0.0,1
cosine,margin,testB,10,rer_at_90,0.029322548028311322,0.0,1
cosine,margin,testB,10,rer_at_95,0.013357458357724365,0.0,1
cosine,margin,testB,20,auroc_correct,0.6975522564454201,0.0,1
cosine,margin,testB,20,e_aurc,0.1979094751436406,0.0,1
cosine,margin,testB,20,rer_at_50,0.13455390874745704,0.0,1
cosine,margin,testB,20,rer_at_80,0.044245858761987826,0.0,1
cosine,margin,testB,20,rer_at_90,0.020310633213859033,0.0,1
cosine,margin,testB,20,rer_at_95,0.007938328821181052,0.0,1
cosine,margin,testB,50,auroc_correct,0.6982810661075761,0.0,1
cosine,margin,testB,50,e_aurc,0.1765736047499027,0.0,1
cosine,margin,testB,50,rer_at_50,0.08465879938429972,0.0,1
cosine,margin,testB,50,rer_at_80,0.0222550025654182,0.0,1
cosine,margin,testB,50,rer_at_90,0.011173821332877273,0.0,1
cosine,margin,testB,50,rer_at_95,0.00488779671086398,0.0,1
cosine,margin,val_select,5,auroc_correct,0.7234489142453744,0.0,1
cosine,margin,val_select,5,e_aurc,0.14682491229272138,0.0,1
cosine,margin,val_select,5,rer_at_50,0.3634513634513636,0.0,1
cosine,margin,val_select,5,rer_at_80,0.10163164209543767,0.0,1
cosine,margin,val_select,5,rer_at_90,0.05398996522261143,0.0,1
cosine,margin,val_select,5,rer_at_95,0.02407531502788576,0.0,1
cosine,margin,val_select,10,auroc_correct,0.7132883814296064,0.0,1
cosine,margin,val_select,10,e_aurc,0.18173293785011452,0.0,1
cosine,margin,val_select,10,rer_at_50,0.23391089108910898,0.0,1
cosine,margin,val_select,10,rer_at_80,0.0699364319418217,0.0,1
cosine,margin,val_select,10,rer_at_90,0.03125637816200641,0.0,1
cosine,margin,val_select,10,rer_at_95,0.012851876807848304,0.0,1
cosine,margin,val_select,20,auroc_correct,0.7145943769698827,0.0,1
cosine,margin,val_select,20,e_aurc,0.1888000010217703,0.0,1
cosine,margin,val_select,20,rer_at_50,0.16767252689582796,0.0,1
cosine,margin,val_select,20,rer_at_80,0.049880020758402026,0.0,1
cosine,margin,val_select,20,rer_at_90,0.020420815373252067,0.0,1
cosine,margin,val_select,20,rer_at_95,0.010363740128818848,0.0,1
cosine,margin,val_select,50,auroc_correct,0.7189120939120939,0.0,1
cosine,margin,val_select,50,e_aurc,0.17806922000872166,0.0,1
cosine,margin,val_select,50,rer_at_50,0.10950605778191988,0.0,1
cosine,margin,val_select,50,rer_at_80,0.0317202698071539,0.0,1
cosine,margin,val_select,50,rer_at_90,0.014486942079677071,0.0,1
cosine,margin,val_select,50,rer_at_95,0.0067397629484460785,0.0,1
cosine,msp,__pooled_test__,5,auroc_correct,0.7503595550765031,0.0,1
cosine,msp,__pooled_test__,5,e_aurc,0.13610228570120342,0.0,1
cosine,msp,__pooled_test__,5,ece_adaptive,0.028975765664610086,0.0,1
cosine,msp,__pooled_test__,5,rer_at_50,0.3960931005818786,0.0,1
cosine,msp,__pooled_test__,5,rer_at_80,0.14668532823973615,0.0,1
cosine,msp,__pooled_test__,5,rer_at_90,0.06928540785287436,0.0,1
cosine,msp,__pooled_test__,5,rer_at_95,0.034023618808076014,0.0,1
cosine,msp,__pooled_test__,10,auroc_correct,0.7393829266178743,0.0,1
cosine,msp,__pooled_test__,10,e_aurc,0.17236390745053004,0.0,1
cosine,msp,__pooled_test__,10,ece_adaptive,0.03311068257903339,0.0,1
cosine,msp,__pooled_test__,10,rer_at_50,0.2641062114746324,0.0,1
cosine,msp,__pooled_test__,10,rer_at_80,0.09516977114881821,0.0,1
cosine,msp,__pooled_test__,10,rer_at_90,0.045071813977227045,0.0,1
cosine,msp,__pooled_test__,10,rer_at_95,0.02226554925996921,0.0,1
cosine,msp,__pooled_test__,20,auroc_correct,0.7423484024799459,0.0,1
cosine,msp,__pooled_test__,20,e_aurc,0.18060465932602032,0.0,1
cosine,msp,__pooled_test__,20,ece_adaptive,0.04510871345322749,0.0,1
cosine,msp,__pooled_test__,20,rer_at_50,0.19435396308360472,0.0,1
cosine,msp,__pooled_test__,20,rer_at_80,0.06659434755055106,0.0,1
cosine,msp,__pooled_test__,20,rer_at_90,0.03266614617894213,0.0,1
cosine,msp,__pooled_test__,20,rer_at_95,0.016688283304511203,0.0,1
cosine,msp,__pooled_test__,50,auroc_correct,0.7396528070998089,0.0,1
cosine,msp,__pooled_test__,50,e_aurc,0.17504416407675943,0.0,1
cosine,msp,__pooled_test__,50,ece_adaptive,0.052913771323677035,0.0,1
cosine,msp,__pooled_test__,50,rer_at_50,0.12253436939629418,0.0,1
cosine,msp,__pooled_test__,50,rer_at_80,0.04171486303196244,0.0,1
cosine,msp,__pooled_test__,50,rer_at_90,0.019921395263133034,0.0,1
cosine,msp,__pooled_test__,50,rer_at_95,0.00994010724861587,0.0,1
cosine,msp,testA,5,auroc_correct,0.7456986290956086,0.0,1
cosine,msp,testA,5,e_aurc,0.13807518243829414,0.0,1
cosine,msp,testA,5,ece_adaptive,0.026726408003968707,0.0,1
cosine,msp,testA,5,rer_at_50,0.3998428908091123,0.0,1
cosine,msp,testA,5,rer_at_80,0.15312076695162774,0.0,1
cosine,msp,testA,5,rer_at_90,0.07447430096148214,0.0,1
cosine,msp,testA,5,rer_at_95,0.04044726912944982,0.0,1
cosine,msp,testA,10,auroc_correct,0.7304185935091447,0.0,1
cosine,msp,testA,10,e_aurc,0.17455404691689774,0.0,1
cosine,msp,testA,10,ece_adaptive,0.026800453656921994,0.0,1
cosine,msp,testA,10,rer_at_50,0.26904761904761904,0.0,1
cosine,msp,testA,10,rer_at_80,0.09639417755147218,0.0,1
cosine,msp,testA,10,rer_at_90,0.04640889413616697,0.0,1
cosine,msp,testA,10,rer_at_95,0.024177386278896457,0.0,1
cosine,msp,testA,20,auroc_correct,0.7376599378447238,0.0,1
cosine,msp,testA,20,e_aurc,0.18055459118217765,0.0,1
cosine,msp,testA,20,ece_adaptive,0.0436227310566991,0.0,1
cosine,msp,testA,20,rer_at_50,0.20906544435956206,0.0,1
cosine,msp,testA,20,rer_at_80,0.06835039447783463,0.0,1
cosine,msp,testA,20,rer_at_90,0.03443481073872078,0.0,1
cosine,msp,testA,20,rer_at_95,0.018724553071177718,0.0,1
cosine,msp,testA,50,auroc_correct,0.7269640923458487,0.0,1
cosine,msp,testA,50,e_aurc,0.18328887967441637,0.0,1
cosine,msp,testA,50,ece_adaptive,0.060421436502320985,0.0,1
cosine,msp,testA,50,rer_at_50,0.13275128721737184,0.0,1
cosine,msp,testA,50,rer_at_80,0.044703145924515,0.0,1
cosine,msp,testA,50,rer_at_90,0.02108417255862155,0.0,1
cosine,msp,testA,50,rer_at_95,0.010341309799078342,0.0,1
cosine,msp,testB,5,auroc_correct,0.753417614031383,0.0,1
cosine,msp,testB,5,e_aurc,0.13348676417399363,0.0,1
cosine,msp,testB,5,ece_adaptive,0.04498973981254344,0.0,1
cosine,msp,testB,5,rer_at_50,0.386584289496911,0.0,1
cosine,msp,testB,5,rer_at_80,0.12455869373345115,0.0,1
cosine,msp,testB,5,rer_at_90,0.05658527017750322,0.0,1
cosine,msp,testB,5,rer_at_95,0.02819714776791944,0.0,1
cosine,msp,testB,10,auroc_correct,0.7491846453648028,0.0,1
cosine,msp,testB,10,e_aurc,0.16884884493160357,0.0,1
cosine,msp,testB,10,ece_adaptive,0.053049145813142635,0.0,1
cosine,msp,testB,10,rer_at_50,0.25918436130771816,0.0,1
cosine,msp,testB,10,rer_at_80,0.0887259858442872,0.0,1
cosine,msp,testB,10,rer_at_90,0.043178669063401,0.0,1
cosine,msp,testB,10,rer_at_95,0.020098273996416616,0.0,1
cosine,msp,testB,20,auroc_correct,0.7462394192195909,0.0,1
cosine,msp,testB,20,e_aurc,0.1816174697466732,0.0,1
cosine,msp,testB,20,ece_adaptive,0.0540986059958878,0.0,1
cosine,msp,testB,20,rer_at_50,0.18163324614937518,0.0,1
cosine,msp,testB,20,rer_at_80,0.061319383900029084,0.0,1
cosine,msp,testB,20,rer_at_90,0.02935193257773897,0.0,1
cosine,msp,testB,20,rer_at_95,0.014974227198335851,0.0,1
cosine,msp,testB,50,auroc_correct,0.749769043216578,0.0,1
cosine,msp,testB,50,e_aurc,0.16564507264695727,0.0,1
cosine,msp,testB,50,ece_adaptive,0.0487289643799691,0.0,1
cosine,msp,testB,50,rer_at_50,0.10928681375064135,0.0,1
cosine,msp,testB,50,rer_at_80,0.03540277065161633,0.0,1
cosine,msp,testB,50,rer_at_90,0.018585029359785787,0.0,1
cosine,msp,testB,50,rer_at_95,0.008668412951311093,0.0,1
cosine,msp,val_select,5,auroc_correct,0.7348354169593108,0.0,1
cosine,msp,val_select,5,e_aurc,0.1441180621438481,0.0,1
cosine,msp,val_select,5,ece_adaptive,0.024046407567716158,0.0,1
cosine,msp,val_select,5,rer_at_50,0.3732193732193732,0.0,1
cosine,msp,val_select,5,rer_at_80,0.12350584333546943,0.0,1
cosine,msp,val_select,5,rer_at_90,0.06167742726430157,0.0,1
cosine,msp,val_select,5,rer_at_95,0.030501509178272948,0.0,1
cosine,msp,val_select,10,auroc_correct,0.7348498249215165,0.0,1
cosine,msp,val_select,10,e_aurc,0.174984445097761,0.0,1
cosine,msp,val_select,10,ece_adaptive,0.030753971206363657,0.0,1
cosine,msp,val_select,10,rer_at_50,0.2667079207920793,0.0,1
cosine,msp,val_select,10,rer_at_80,0.09275296022266696,0.0,1
cosine,msp,val_select,10,rer_at_90,0.041913245542055375,0.0,1
cosine,msp,val_select,10,rer_at_95,0.023273763954713575,0.0,1
cosine,msp,val_select,20,auroc_correct,0.7310823921807797,0.0,1
cosine,msp,val_select,20,e_aurc,0.1875912281725851,0.0,1
cosine,msp,val_select,20,ece_adaptive,0.038219407493611794,0.0,1
cosine,msp,val_select,20,rer_at_50,0.18446601941747579,0.0,1
cosine,msp,val_select,20,rer_at_80,0.05578342415030699,0.0,1
cosine,msp,val_select,20,rer_at_90,0.029167058093133736,0.0,1
cosine,msp,val_select,20,rer_at_95,0.014230585687902648,0.0,1
cosine,msp,val_select,50,auroc_correct,0.7337776648121476,0.0,1
cosine,msp,val_select,50,e_aurc,0.18515795837706012,0.0,1
cosine,msp,val_select,50,ece_adaptive,0.056394206860723356,0.0,1
cosine,msp,val_select,50,rer_at_50,0.125349487418453,0.0,1
cosine,msp,val_select,50,rer_at_80,0.044242383611151584,0.0,1
cosine,msp,val_select,50,rer_at_90,0.020699790356558452,0.0,1
cosine,msp,val_select,50,rer_at_95,0.010173255125908283,0.0,1
cosine,neg_entropy,__pooled_test__,5,auroc_correct,0.7327624641963475,0.0,1
cosine,neg_entropy,__pooled_test__,5,e_aurc,0.1471186975059805,0.0,1
cosine,neg_entropy,__pooled_test__,5,rer_at_50,0.3566084788029924,0.0,1
cosine,neg_entropy,__pooled_test__,5,rer_at_80,0.13447656429065466,0.0,1
cosine,neg_entropy,__pooled_test__,5,rer_at_90,0.07020896487807629,0.0,1
cosine,neg_entropy,__pooled_test__,5,rer_at_95,0.03380487415653787,0.0,1
cosine,neg_entropy,__pooled_test__,10,auroc_correct,0.7109935476216169,0.0,1
cosine,neg_entropy,__pooled_test__,10,e_aurc,0.1923363406010628,0.0,1
cosine,neg_entropy,__pooled_test__,10,rer_at_50,0.23281175912754853,0.0,1
cosine,neg_entropy,__pooled_test__,10,rer_at_80,0.08390878358451322,0.0,1
cosine,neg_entropy,__pooled_test__,10,rer_at_90,0.04191096304886942,0.0,1
cosine,neg_entropy,__pooled_test__,10,rer_at_95,0.02176645051022962,0.0,1
cosine,neg_entropy,__pooled_test__,20,auroc_correct,0.7007936902181153,0.0,1
cosine,neg_entropy,__pooled_test__,20,e_aurc,0.20965471119340107,0.0,1
cosine,neg_entropy,__pooled_test__,20,rer_at_50,0.15988056460369168,0.0,1
cosine,neg_entropy,__pooled_test__,20,rer_at_80,0.059469113562387495,0.0,1
cosine,neg_entropy,__pooled_test__,20,rer_at_90,0.02949950378919277,0.0,1
cosine,neg_entropy,__pooled_test__,20,rer_at_95,0.0158311177807319,0.0,1
cosine,neg_entropy,__pooled_test__,50,auroc_correct,0.6772949310060604,0.0,1
cosine,neg_entropy,__pooled_test__,50,e_aurc,0.21474700497617089,0.0,1
cosine,neg_entropy,__pooled_test__,50,rer_at_50,0.08930065750149435,0.0,1
cosine,neg_entropy,__pooled_test__,50,rer_at_80,0.03528943641577251,0.0,1
cosine,neg_entropy,__pooled_test__,50,rer_at_90,0.01766345566691035,0.0,1
cosine,neg_entropy,__pooled_test__,50,rer_at_95,0.008807603558381633,0.0,1
cosine,neg_entropy,testA,5,auroc_correct,0.7255925803917593,0.0,1
cosine,neg_entropy,testA,5,e_aurc,0.14904070690627347,0.0,1
cosine,neg_entropy,testA,5,rer_at_50,0.351924587588374,0.0,1
cosine,neg_entropy,testA,5,rer_at_80,0.13888337694675648,0.0,1
cosine,neg_entropy,testA,5,rer_at_90,0.07316521227825949,0.0,1
cosine,neg_entropy,testA,5,rer_at_95,0.03631304797102438,0.0,1
cosine,neg_entropy,testA,10,auroc_correct,0.7017933956172145,0.0,1
cosine,neg_entropy,testA,10,e_aurc,0.19313470481335238,0.0,1
cosine,neg_entropy,testA,10,rer_at_50,0.22202380952380962,0.0,1
cosine,neg_entropy,testA,10,rer_at_80,0.08486195009329846,0.0,1
cosine,neg_entropy,testA,10,rer_at_90,0.04177981109799298,0.0,1
cosine,neg_entropy,testA,10,rer_at_95,0.021671260786193684,0.0,1
cosine,neg_entropy,testA,20,auroc_correct,0.6942580512029234,0.0,1
cosine,neg_entropy,testA,20,e_aurc,0.20993241074992586,0.0,1
cosine,neg_entropy,testA,20,rer_at_50,0.15711739241151007,0.0,1
cosine,neg_entropy,testA,20,rer_at_80,0.05880154303756649,0.0,1
cosine,neg_entropy,testA,20,rer_at_90,0.030757006033066848,0.0,1
cosine,neg_entropy,testA,20,rer_at_95,0.016312239762693824,0.0,1
cosine,neg_entropy,testA,50,auroc_correct,0.6625288872711448,0.0,1
cosine,neg_entropy,testA,50,e_aurc,0.2244685885858066,0.0,1
cosine,neg_entropy,testA,50,rer_at_50,0.09156033131855823,0.0,1
cosine,neg_entropy,testA,50,rer_at_80,0.03518935183003164,0.0,1
cosine,neg_entropy,testA,50,rer_at_90,0.017850964795222767,0.0,1
cosine,neg_entropy,testA,50,rer_at_95,0.008691878648743495,0.0,1
cosine,neg_entropy,testB,5,auroc_correct,0.7394082778199544,0.0,1
cosine,neg_entropy,testB,5,e_aurc,0.1446546452365654,0.0,1
cosine,neg_entropy,testB,5,rer_at_50,0.3512797881729921,0.0,1
cosine,neg_entropy,testB,5,rer_at_80,0.12621359223300976,0.0,1
cosine,neg_entropy,testB,5,rer_at_90,0.062469353731489735,0.0,1
cosine,neg_entropy,testB,5,rer_at_95,0.02819714776791944,0.0,1
cosine,neg_entropy,testB,10,auroc_correct,0.7208315176847696,0.0,1
cosine,neg_entropy,testB,10,e_aurc,0.19127999045771749,0.0,1
cosine,neg_entropy,testB,10,rer_at_50,0.22885069093360294,0.0,1
cosine,neg_entropy,testB,10,rer_at_80,0.07819346140883036,0.0,1
cosine,neg_entropy,testB,10,rer_at_90,0.040931730517170306,0.0,1
cosine,neg_entropy,testB,10,rer_at_95,0.020807833537331556,0.0,1
cosine,neg_entropy,testB,20,auroc_correct,0.706772256935027,0.0,1
cosine,neg_entropy,testB,20,e_aurc,0.21061982487313619,0.0,1
cosine,neg_entropy,testB,20,rer_at_50,0.1479221156640511,0.0,1
cosine,neg_entropy,testB,20,rer_at_80,0.05804998546934018,0.0,1
cosine,neg_entropy,testB,20,rer_at_90,0.027091607736768983,0.0,1
cosine,neg_entropy,testB,20,rer_at_95,0.014668318573242033,0.0,1
cosine,neg_entropy,testB,50,auroc_correct,0.6922203521330311,0.0,1
cosine,neg_entropy,testB,50,e_aurc,0.20407179606404502,0.0,1
cosine,neg_entropy,testB,50,rer_at_50,0.0831195484864034,0.0,1
cosine,neg_entropy,testB,50,rer_at_80,0.03251667521806054,0.0,1
cosine,neg_entropy,testB,50,rer_at_90,0.017159797046918744,0.0,1
cosine,neg_entropy,testB,50,rer_at_95,0.008668412951311093,0.0,1
cosine,neg_entropy,val_select,5,auroc_correct,0.7173253229890398,0.0,1
cosine,neg_entropy,val_select,5,e_aurc,0.15625617603490632,0.0,1
cosine,neg_entropy,val_select,5,rer_at_50,0.33170533170533184,0.0,1
cosine,neg_entropy,val_select,5,rer_at_80,0.11740141508243741,0.0,1
cosine,neg_entropy,val_select,5,rer_at_90,0.06348624186234622,0.0,1
cosine,neg_entropy,val_select,5,rer_at_95,0.02878785740483641,0.0,1
cosine,neg_entropy,val_select,10,auroc_correct,0.7046202608065685,0.0,1
cosine,neg_entropy,val_select,10,e_aurc,0.1968896772370825,0.0,1
cosine,neg_entropy,val_select,10,rer_at_50,0.21967821782178218,0.0,1
cosine,neg_entropy,val_select,10,rer_at_80,0.08385838140132053,0.0,1
cosine,neg_entropy,val_select,10,rer_at_90,0.03985062604914276,0.0,1
cosine,neg_entropy,val_select,10,rer_at_95,0.020342608194657854,0.0,1
cosine,neg_entropy,val_select,20,auroc_correct,0.6860915154724927,0.0,1
cosine,neg_entropy,val_select,20,e_aurc,0.2207422730916857,0.0,1
cosine,neg_entropy,val_select,20,rer_at_50,0.14353188139595915,0.0,1
cosine,neg_entropy,val_select,20,rer_at_80,0.05184782188903706,0.0,1
cosine,neg_entropy,val_select,20,rer_at_90,0.025085478157188947,0.0,1
cosine,neg_entropy,val_select,20,rer_at_95,0.012297162908360748,0.0,1
cosine,neg_entropy,val_select,50,auroc_correct,0.66358388168733,0.0,1
cosine,neg_entropy,val_select,50,e_aurc,0.22678555220573865,0.0,1
cosine,neg_entropy,val_select,50,rer_at_50,0.08341099720410067,0.0,1
cosine,neg_entropy,val_select,50,rer_at_80,0.0343411773475255,0.0,1
cosine,neg_entropy,val_select,50,rer_at_90,0.01655789150530415,0.0,1
cosine,neg_entropy,val_select,50,rer_at_95,0.00845650903717725,0.0,1
cosine,norm_entropy,__pooled_test__,5,auroc_correct,0.7327624641963475,0.0,1
cosine,norm_entropy,__pooled_test__,5,e_aurc,0.1471186975059805,0.0,1
cosine,norm_entropy,__pooled_test__,5,rer_at_50,0.3566084788029924,0.0,1
cosine,norm_entropy,__pooled_test__,5,rer_at_80,0.13447656429065466,0.0,1
cosine,norm_entropy,__pooled_test__,5,rer_at_90,0.07020896487807629,0.0,1
cosine,norm_entropy,__pooled_test__,5,rer_at_95,0.03380487415653787,0.0,1
cosine,norm_entropy,__pooled_test__,10,auroc_correct,0.7109935476216169,0.0,1
cosine,norm_entropy,__pooled_test__,10,e_aurc,0.1923363406010628,0.0,1
cosine,norm_entropy,__pooled_test__,10,rer_at_50,0.23281175912754853,0.0,1
cosine,norm_entropy,__pooled_test__,10,rer_at_80,0.08390878358451322,0.0,1
cosine,norm_entropy,__pooled_test__,10,rer_at_90,0.04191096304886942,0.0,1
cosine,norm_entropy,__pooled_test__,10,rer_at_95,0.02176645051022962,0.0,1
cosine,norm_entropy,__pooled_test__,20,auroc_correct,0.7007936902181153,0.0,1
cosine,norm_entropy,__pooled_test__,20,e_aurc,0.20965471119340107,0.0,1
cosine,norm_entropy,__pooled_test__,20,rer_at_50,0.15988056460369168,0.0,1
cosine,norm_entropy,__pooled_test__,20,rer_at_80,0.059469113562387495,0.0,1
cosine,norm_entropy,__pooled_test__,20,rer_at_90,0.02949950378919277,0.0,1
cosine,norm_entropy,__pooled_test__,20,rer_at_95,0.0158311177807319,0.0,1
cosine,norm_entropy,__pooled_test__,50,auroc_correct,0.6772949310060604,0.0,1
cosine,norm_entropy,__pooled_test__,50,e_aurc,0.21474700497617089,0.0,1
cosine,norm_entropy,__pooled_test__,50,rer_at_50,0.08930065750149435,0.0,1
cosine,norm_entropy,__pooled_test__,50,rer_at_80,0.03528943641577251,0.0,1
cosine,norm_entropy,__pooled_test__,50,rer_at_90,0.01766345566691035,0.0,1
cosine,norm_entropy,__pooled_test__,50,rer_at_95,0.008807603558381633,0.0,1
cosine,norm_entropy,testA,5,auroc_correct,0.7255925803917593,0.0,1
cosine,norm_entropy,testA,5,e_aurc,0.14904070690627347,0.0,1
cosine,norm_entropy,testA,5,rer_at_50,0.351924587588374,0.0,1
cosine,norm_entropy,testA,5,rer_at_80,0.13888337694675648,0.0,1
cosine,norm_entropy,testA,5,rer_at_90,0.07316521227825949,0.0,1
cosine,norm_entropy,testA,5,rer_at_95,0.03631304797102438,0.0,1
cosine,norm_entropy,testA,10,auroc_correct,0.7017933956172145,0.0,1
cosine,norm_entropy,testA,10,e_aurc,0.19313470481335238,0.0,1
cosine,norm_entropy,testA,10,rer_at_50,0.22202380952380962,0.0,1
cosine,norm_entropy,testA,10,rer_at_80,0.08486195009329846,0.0,1
cosine,norm_entropy,testA,10,rer_at_90,0.04177981109799298,0.0,1
cosine,norm_entropy,testA,10,rer_at_95,0.021671260786193684,0.0,1
cosine,norm_entropy,testA,20,auroc_correct,0.6942580512029234,0.0,1
cosine,norm_entropy,testA,20,e_aurc,0.20993241074992586,0.0,1
cosine,norm_entropy,testA,20,rer_at_50,0.15711739241151007,0.0,1
cosine,norm_entropy,testA,20,rer_at_80,0.05880154303756649,0.0,1
cosine,norm_entropy,testA,20,rer_at_90,0.030757006033066848,0.0,1
cosine,norm_entropy,testA,20,rer_at_95,0.016312239762693824,0.0,1
cosine,norm_entropy,testA,50,auroc_correct,0.6625288872711448,0.0,1
cosine,norm_entropy,testA,50,e_aurc,0.2244685885858066,0.0,1
cosine,norm_entropy,testA,50,rer_at_50,0.09156033131855823,0.0,1
cosine,norm_entropy,testA,50,rer_at_80,0.03518935183003164,0.0,1
cosine,norm_entropy,testA,50,rer_at_90,0.017850964795222767,0.0,1
cosine,norm_entropy,testA,50,rer_at_95,0.008691878648743495,0.0,1
cosine,norm_entropy,testB,5,auroc_correct,0.7394082778199544,0.0,1
cosine,norm_entropy,testB,5,e_aurc,0.1446546452365654,0.0,1
cosine,norm_entropy,testB,5,rer_at_50,0.3512797881729921,0.0,1
cosine,norm_entropy,testB,5,rer_at_80,0.12621359223300976,0.0,1
cosine,norm_entropy,testB,5,rer_at_90,0.062469353731489735,0.0,1
cosine,norm_entropy,testB,5,rer_at_95,0.02819714776791944,0.0,1
cosine,norm_entropy,testB,10,auroc_correct,0.7208315176847696,0.0,1
cosine,norm_entropy,testB,10,e_aurc,0.19127999045771749,0.0,1
cosine,norm_entropy,testB,10,rer_at_50,0.22885069093360294,0.0,1
cosine,norm_entropy,testB,10,rer_at_80,0.07819346140883036,0.0,1
cosine,norm_entropy,testB,10,rer_at_90,0.040931730517170306,0.0,1
cosine,norm_entropy,testB,10,rer_at_95,0.020807833537331556,0.0,1
cosine,norm_entropy,testB,20,auroc_correct,0.706772256935027,0.0,1
cosine,norm_entropy,testB,20,e_aurc,0.21061982487313619,0.0,1
cosine,norm_entropy,testB,20,rer_at_50,0.1479221156640511,0.0,1
cosine,norm_entropy,testB,20,rer_at_80,0.05804998546934018,0.0,1
cosine,norm_entropy,testB,20,rer_at_90,0.027091607736768983,0.0,1
cosine,norm_entropy,testB,20,rer_at_95,0.014668318573242033,0.0,1
cosine,norm_entropy,testB,50,auroc_correct,0.6922203521330311,0.0,1
cosine,norm_entropy,testB,50,e_aurc,0.20407179606404502,0.0,1
cosine,norm_entropy,testB,50,rer_at_50,0.0831195484864034,0.0,1
cosine,norm_entropy,testB,50,rer_at_80,0.03251667521806054,0.0,1
cosine,norm_entropy,testB,50,rer_at_90,0.017159797046918744,0.0,1
cosine,norm_entropy,testB,50,rer_at_95,0.008668412951311093,0.0,1
cosine,norm_entropy,val_select,5,auroc_correct,0.7173253229890398,0.0,1
cosine,norm_entropy,val_select,5,e_aurc,0.15625617603490632,0.0,1
cosine,norm_entropy,val_select,5,rer_at_50,0.33170533170533184,0.0,1
cosine,norm_entropy,val_select,5,rer_at_80,0.11740141508243741,0.0,1
cosine,norm_entropy,val_select,5,rer_at_90,0.06348624186234622,0.0,1
cosine,norm_entropy,val_select,5,rer_at_95,0.02878785740483641,0.0,1
cosine,norm_entropy,val_select,10,auroc_correct,0.7046202608065685,0.0,1
cosine,norm_entropy,val_select,10,e_aurc,0.1968896772370825,0.0,1
cosine,norm_entropy,val_select,10,rer_at_50,0.21967821782178218,0.0,1
cosine,norm_entropy,val_select,10,rer_at_80,0.08385838140132053,0.0,1
cosine,norm_entropy,val_select,10,rer_at_90,0.03985062604914276,0.0,1
cosine,norm_entropy,val_select,10,rer_at_95,0.020342608194657854,0.0,1
cosine,norm_entropy,val_select,20,auroc_correct,0.6860915154724927,0.0,1
cosine,norm_entropy,val_select,20,e_aurc,0.2207422730916857,0.0,1
cosine,norm_entropy,val_select,20,rer_at_50,0.14353188139595915,0.0,1
cosine,norm_entropy,val_select,20,rer_at_80,0.05184782188903706,0.0,1
cosine,norm_entropy,val_select,20,rer_at_90,0.025085478157188947,0.0,1
cosine,norm_entropy,val_select,20,rer_at_95,0.012297162908360748,0.0,1
cosine,norm_entropy,val_select,50,auroc_correct,0.66358388168733,0.0,1
cosine,norm_entropy,val_select,50,e_aurc,0.22678555220573865,0.0,1
cosine,norm_entropy,val_select,50,rer_at_50,0.08341099720410067,0.0,1
cosine,norm_entropy,val_select,50,rer_at_80,0.0343411773475255,0.0,1
cosine,norm_entropy,val_select,50,rer_at_90,0.01655789150530415,0.0,1
cosine,norm_entropy,val_select,50,rer_at_95,0.00845650903717725,0.0,1
cosine,score_deepsets,__pooled_test__,5,auroc_correct,0.7354715414301902,0.0,1
cosine,score_deepsets,__pooled_test__,5,e_aurc,0.14630829960095854,0.0,1
cosine,score_deepsets,__pooled_test__,5,ece_adaptive,0.03283008836150378,0.0,1
cosine,score_deepsets,__pooled_test__,5,rer_at_50,0.37905236907730666,0.0,1
cosine,score_deepsets,__pooled_test__,5,rer_at_80,0.1342168033555677,0.0,1
cosine,score_deepsets,__pooled_test__,5,rer_at_90,0.056355609500049184,0.0,1
cosine,score_deepsets,__pooled_test__,5,rer_at_95,0.02483634344347893,0.0,1
cosine,score_deepsets,__pooled_test__,10,auroc_correct,0.5,0.0,1
cosine,score_deepsets,__pooled_test__,10,e_aurc,0.3561463555178023,0.0,1
cosine,score_deepsets,__pooled_test__,10,ece_adaptive,0.6151079136690647,0.0,1
cosine,score_deepsets,__pooled_test__,10,rer_at_50,0.031136399557452114,0.0,1
cosine,score_deepsets,__pooled_test__,10,rer_at_80,0.014762368715973041,0.0,1
cosine,score_deepsets,__pooled_test__,10,rer_at_90,0.012760893376235883,0.0,1
cosine,score_deepsets,__pooled_test__,10,rer_at_95,0.002967064270035001,0.0,1
cosine,score_deepsets,__pooled_test__,20,auroc_correct,0.5,0.0,1
cosine,score_deepsets,__pooled_test__,20,e_aurc,0.34730500068890047,0.0,1
cosine,score_deepsets,__pooled_test__,20,ece_adaptive,0.7163134357378962,0.0,1
cosine,score_deepsets,__pooled_test__,20,rer_at_50,0.0276872964169381,0.0,1
cosine,score_deepsets,__pooled_test__,20,rer_at_80,0.008574585075503616,0.0,1
cosine,score_deepsets,__pooled_test__,20,rer_at_90,0.0074837995556972505,0.0,1
cosine,score_deepsets,__pooled_test__,20,rer_at_95,0.0009735820352238814,0.0,1
cosine,score_deepsets,__pooled_test__,50,auroc_correct,0.5,0.0,1
cosine,score_deepsets,__pooled_test__,50,e_aurc,0.3026605486782105,0.0,1
cosine,score_deepsets,__pooled_test__,50,ece_adaptive,0.8132412988528096,0.0,1
cosine,score_deepsets,__pooled_test__,50,rer_at_50,0.024506873879258945,0.0,1
cosine,score_deepsets,__pooled_test__,50,rer_at_80,0.009737158476971047,0.0,1
cosine,score_deepsets,__pooled_test__,50,rer_at_90,0.006240937709548899,0.0,1
cosine,score_deepsets,__pooled_test__,50,rer_at_95,0.0011317452134610873,0.0,1
cosine,score_deepsets,testA,5,auroc_correct,0.731582178242911,0.0,1
cosine,score_deepsets,testA,5,e_aurc,0.14793838804634463,0.0,1
cosine,score_deepsets,testA,5,ece_adaptive,0.02685420990275273,0.0,1
cosine,score_deepsets,testA,5,rer_at_50,0.3684210526315789,0.0,1
cosine,score_deepsets,testA,5,rer_at_80,0.14428376625894906,0.0,1
cosine,score_deepsets,testA,5,rer_at_90,0.07272884938385193,0.0,1
cosine,score_deepsets,testA,5,rer_at_95,0.03341909316012659,0.0,1
cosine,score_deepsets,testA,10,auroc_correct,0.5,0.0,1
cosine,score_deepsets,testA,10,e_aurc,0.37351831944154557,0.0,1
cosine,score_deepsets,testA,10,ece_adaptive,0.5951115834218916,0.0,1
cosine,score_deepsets,testA,10,rer_at_50,0.004761904761904829,0.0,1
cosine,score_deepsets,testA,10,rer_at_80,-0.009627913596255236,0.0,1
cosine,score_deepsets,testA,10,rer_at_90,-0.0028577753415414135,0.0,1
cosine,score_deepsets,testA,10,rer_at_95,0.0009957254713966858,0.0,1
cosine,score_deepsets,testA,20,auroc_correct,0.5,0.0,1
cosine,score_deepsets,testA,20,e_aurc,0.37151139717278703,0.0,1
cosine,score_deepsets,testA,20,ece_adaptive,0.6955366631243358,0.0,1
cosine,score_deepsets,testA,20,rer_at_50,0.0017825311942959155,0.0,1
cosine,score_deepsets,testA,20,rer_at_80,-0.008677007140328683,0.0,1
cosine,score_deepsets,testA,20,rer_at_90,-0.0023432363178179138,0.0,1
cosine,score_deepsets,testA,20,rer_at_95,0.0007662206635756105,0.0,1
cosine,score_deepsets,testA,50,auroc_correct,0.5,0.0,1
cosine,score_deepsets,testA,50,e_aurc,0.33786690813153625,0.0,1
cosine,score_deepsets,testA,50,ece_adaptive,0.7911795961742827,0.0,1
cosine,score_deepsets,testA,50,rer_at_50,-0.005596597268860481,0.0,1
cosine,score_deepsets,testA,50,rer_at_80,-0.0087419914886126,0.0,1
cosine,score_deepsets,testA,50,rer_at_90,-0.0037866563906003748,0.0,1
cosine,score_deepsets,testA,50,rer_at_95,-0.0007334422103128572,0.0,1
cosine,score_deepsets,testB,5,auroc_correct,0.7369691963020989,0.0,1
cosine,score_deepsets,testB,5,e_aurc,0.14503411220688128,0.0,1
cosine,score_deepsets,testB,5,ece_adaptive,0.046544923633337024,0.0,1
cosine,score_deepsets,testB,5,rer_at_50,0.3715798764342455,0.0,1
cosine,score_deepsets,testB,5,rer_at_80,0.10856134157105043,0.0,1
cosine,score_deepsets,testB,5,rer_at_90,0.04873982543885453,0.0,1
cosine,score_deepsets,testB,5,rer_at_95,0.027732614855762637,0.0,1
cosine,score_deepsets,testB,10,auroc_correct,0.5,0.0,1
cosine,score_deepsets,testB,10,e_aurc,0.35668836940029836,0.0,1
cosine,score_deepsets,testB,10,ece_adaptive,0.6394396551724137,0.0,1
cosine,score_deepsets,testB,10,rer_at_50,0.01584091675092682,0.0,1
cosine,score_deepsets,testB,10,rer_at_80,0.012049207954162417,0.0,1
cosine,score_deepsets,testB,10,rer_at_90,0.004606224019773007,0.0,1
cosine,score_deepsets,testB,10,rer_at_95,-0.0008337324605752511,0.0,1
cosine,score_deepsets,testB,20,auroc_correct,0.5,0.0,1
cosine,score_deepsets,testB,20,e_aurc,0.34785392219126204,0.0,1
cosine,score_deepsets,testB,20,ece_adaptive,0.7415948275862069,0.0,1
cosine,score_deepsets,testB,20,rer_at_50,-0.0014530659691950325,0.0,1
cosine,score_deepsets,testB,20,rer_at_80,0.004649811101424014,0.0,1
cosine,score_deepsets,testB,20,rer_at_90,0.0006135167425489571,0.0,1
cosine,score_deepsets,testB,20,rer_at_95,-0.0018507471818169049,0.0,1
cosine,score_deepsets,testB,50,auroc_correct,0.5,0.0,1
cosine,score_deepsets,testB,50,e_aurc,0.2847597648093304,0.0,1
cosine,score_deepsets,testB,50,ece_adaptive,0.8400862068965518,0.0,1
cosine,score_deepsets,testB,50,rer_at_50,0.00667008722421761,0.0,1
cosine,score_deepsets,testB,50,rer_at_80,0.004938429964084211,0.0,1
cosine,score_deepsets,testB,50,rer_at_90,0.0011971951428083737,0.0,1
cosine,score_deepsets,testB,50,rer_at_95,-0.0021333477356808095,0.0,1
cosine,score_deepsets,val_select,5,auroc_correct,0.7236598341023119,0.0,1
cosine,score_deepsets,val_select,5,e_aurc,0.153848227021679,0.0,1
cosine,score_deepsets,val_select,5,ece_adaptive,0.04496847794506527,0.0,1
cosine,score_deepsets,val_select,5,rer_at_50,0.3634513634513636,0.0,1
cosine,score_deepsets,val_select,5,rer_at_80,0.1275754621708242,0.0,1
cosine,score_deepsets,val_select,5,rer_at_90,0.055798779820656084,0.0,1
cosine,score_deepsets,val_select,5,rer_at_95,0.024503727971244952,0.0,1
cosine,score_deepsets,val_select,10,auroc_correct,0.5,0.0,1
cosine,score_deepsets,val_select,10,e_aurc,0.3715042773518489,0.0,1
cosine,score_deepsets,val_select,10,ece_adaptive,0.6118894358197653,0.0,1
cosine,score_deepsets,val_select,10,rer_at_50,0.0006188118811882486,0.0,1
cosine,score_deepsets,val_select,10,rer_at_80,-0.0016069194472688628,0.0,1
cosine,score_deepsets,val_select,10,rer_at_90,0.0010046255992869602,0.0,1
cosine,score_deepsets,val_select,10,rer_at_95,0.001778621714303866,0.0,1
cosine,score_deepsets,val_select,20,auroc_correct,0.5,0.0,1
cosine,score_deepsets,val_select,20,e_aurc,0.36097180473291146,0.0,1
cosine,score_deepsets,val_select,20,ece_adaptive,0.721507004922378,0.0,1
cosine,score_deepsets,val_select,20,rer_at_50,-0.005510364733665629,0.0,1
cosine,score_deepsets,val_select,20,rer_at_80,-0.002594676058531185,0.0,1
cosine,score_deepsets,val_select,20,rer_at_90,0.0003044571175242455,0.0,1
cosine,score_deepsets,val_select,20,rer_at_95,0.0015252359937706842,0.0,1
cosine,score_deepsets,val_select,50,auroc_correct,0.5,0.0,1
cosine,score_deepsets,val_select,50,e_aurc,0.3184953613960763,0.0,1
cosine,score_deepsets,val_select,50,ece_adaptive,0.812570995834911,0.0,1
cosine,score_deepsets,val_select,50,rer_at_50,-0.004659832246039164,0.0,1
cosine,score_deepsets,val_select,50,rer_at_80,0.0002693793226945527,0.0,1
cosine,score_deepsets,val_select,50,rer_at_90,0.00024916477849027405,0.0,1
cosine,score_deepsets,val_select,50,rer_at_95,0.001344275241005646,0.0,1
cosine,score_deepsets_noK,__pooled_test__,5,auroc_correct,0.7401486426729426,0.0,1
cosine,score_deepsets_noK,__pooled_test__,5,e_aurc,0.14180490593904432,0.0,1
cosine,score_deepsets_noK,__pooled_test__,5,ece_adaptive,0.0841044587672232,0.0,1
cosine,score_deepsets_noK,__pooled_test__,5,rer_at_50,0.38778054862842887,0.0,1
cosine,score_deepsets_noK,__pooled_test__,5,rer_at_80,0.1246056487573548,0.0,1
cosine,score_deepsets_noK,__pooled_test__,5,rer_at_90,0.06097339462605814,0.0,1
cosine,score_deepsets_noK,__pooled_test__,5,rer_at_95,0.03008621508039155,0.0,1
cosine,score_deepsets_noK,__pooled_test__,10,auroc_correct,0.7267319565613924,0.0,1
cosine,score_deepsets_noK,__pooled_test__,10,e_aurc,0.1813000186358933,0.0,1
cosine,score_deepsets_noK,__pooled_test__,10,ece_adaptive,0.10260347543049247,0.0,1
cosine,score_deepsets_noK,__pooled_test__,10,rer_at_50,0.2501975659870397,0.0,1
cosine,score_deepsets_noK,__pooled_test__,10,rer_at_80,0.08786000729128693,0.0,1
cosine,score_deepsets_noK,__pooled_test__,10,rer_at_90,0.038047700803098675,0.0,1
cosine,score_deepsets_noK,__pooled_test__,10,rer_at_95,0.016609096762919707,0.0,1
cosine,score_deepsets_noK,__pooled_test__,20,auroc_correct,0.7239730660120752,0.0,1
cosine,score_deepsets_noK,__pooled_test__,20,e_aurc,0.19492486475361492,0.0,1
cosine,score_deepsets_noK,__pooled_test__,20,ece_adaptive,0.22991874077015642,0.0,1
cosine,score_deepsets_noK,__pooled_test__,20,rer_at_50,0.18865363735070567,0.0,1
cosine,score_deepsets_noK,__pooled_test__,20,rer_at_80,0.059299465134097805,0.0,1
cosine,score_deepsets_noK,__pooled_test__,20,rer_at_90,0.026332861399443405,0.0,1
cosine,score_deepsets_noK,__pooled_test__,20,rer_at_95,0.012116733844354934,0.0,1
cosine,score_deepsets_noK,__pooled_test__,50,auroc_correct,0.7203674553095945,0.0,1
cosine,score_deepsets_noK,__pooled_test__,50,e_aurc,0.19226298508433953,0.0,1
cosine,score_deepsets_noK,__pooled_test__,50,ece_adaptive,0.3498695329238753,0.0,1
cosine,score_deepsets_noK,__pooled_test__,50,rer_at_50,0.1210998206814108,0.0,1
cosine,score_deepsets_noK,__pooled_test__,50,rer_at_80,0.03812857840897275,0.0,1
cosine,score_deepsets_noK,__pooled_test__,50,rer_at_90,0.01766345566691035,0.0,1
cosine,score_deepsets_noK,__pooled_test__,50,rer_at_95,0.008807603558381633,0.0,1
cosine,score_deepsets_noK,testA,5,auroc_correct,0.73908825988901,0.0,1
cosine,score_deepsets_noK,testA,5,e_aurc,0.14114350573514983,0.0,1
cosine,score_deepsets_noK,testA,5,ece_adaptive,0.0819955533894925,0.0,1
cosine,score_deepsets_noK,testA,5,rer_at_50,0.38413197172034574,0.0,1
cosine,score_deepsets_noK,testA,5,rer_at_80,0.14330187729309593,0.0,1
cosine,score_deepsets_noK,testA,5,rer_at_90,0.06618340596773793,0.0,1
cosine,score_deepsets_noK,testA,5,rer_at_95,0.03589962585518191,0.0,1
cosine,score_deepsets_noK,testA,10,auroc_correct,0.7222533381244011,0.0,1
cosine,score_deepsets_noK,testA,10,e_aurc,0.1799269001609154,0.0,1
cosine,score_deepsets_noK,testA,10,ece_adaptive,0.11053076786956718,0.0,1
cosine,score_deepsets_noK,testA,10,rer_at_50,0.25892857142857145,0.0,1
cosine,score_deepsets_noK,testA,10,rer_at_80,0.09193008950314686,0.0,1
cosine,score_deepsets_noK,testA,10,rer_at_90,0.04310240625175701,0.0,1
cosine,score_deepsets_noK,testA,10,rer_at_95,0.021671260786193684,0.0,1
cosine,score_deepsets_noK,testA,20,auroc_correct,0.7225874537238873,0.0,1
cosine,score_deepsets_noK,testA,20,e_aurc,0.19417735319831408,0.0,1
cosine,score_deepsets_noK,testA,20,ece_adaptive,0.24407909265011707,0.0,1
cosine,score_deepsets_noK,testA,20,rer_at_50,0.19531448943213647,0.0,1
cosine,score_deepsets_noK,testA,20,rer_at_80,0.06453085390172725,0.0,1
cosine,score_deepsets_noK,testA,20,rer_at_90,0.030757006033066848,0.0,1
cosine,score_deepsets_noK,testA,20,rer_at_95,0.015240100514478654,0.0,1
cosine,score_deepsets_noK,testA,50,auroc_correct,0.7123284445940667,0.0,1
cosine,score_deepsets_noK,testA,50,e_aurc,0.20205715204308355,0.0,1
cosine,score_deepsets_noK,testA,50,ece_adaptive,0.37063906666285973,0.0,1
cosine,score_deepsets_noK,testA,50,rer_at_50,0.12693082605775685,0.0,1
cosine,score_deepsets_noK,testA,50,rer_at_80,0.04414351097778071,0.0,1
cosine,score_deepsets_noK,testA,50,rer_at_90,0.022825130585067178,0.0,1
cosine,score_deepsets_noK,testA,50,rer_at_95,0.012462006992366062,0.0,1
cosine,score_deepsets_noK,testB,5,auroc_correct,0.7386215852672858,0.0,1
cosine,score_deepsets_noK,testB,5,e_aurc,0.14280950882336368,0.0,1
cosine,score_deepsets_noK,testB,5,ece_adaptive,0.08440900273492624,0.0,1
cosine,score_deepsets_noK,testB,5,rer_at_50,0.3759929390997352,0.0,1
cosine,score_deepsets_noK,testB,5,rer_at_80,0.11076787290379518,0.0,1
cosine,score_deepsets_noK,testB,5,rer_at_90,0.04873982543885453,0.0,1
cosine,score_deepsets_noK,testB,5,rer_at_95,0.023551818646351207,0.0,1
cosine,score_deepsets_noK,testB,10,auroc_correct,0.7293389266389338,0.0,1
cosine,score_deepsets_noK,testB,10,e_aurc,0.1834920940092606,0.0,1
cosine,score_deepsets_noK,testB,10,ece_adaptive,0.09295746398415287,0.0,1
cosine,score_deepsets_noK,testB,10,rer_at_50,0.24233232221098744,0.0,1
cosine,score_deepsets_noK,testB,10,rer_at_80,0.07482305358948434,0.0,1
cosine,score_deepsets_noK,testB,10,rer_at_90,0.03344193536306771,0.0,1
cosine,score_deepsets_noK,testB,10,rer_at_95,0.014776577439554413,0.0,1
cosine,score_deepsets_noK,testB,20,auroc_correct,0.7212607425688219,0.0,1
cosine,score_deepsets_noK,testB,20,e_aurc,0.19778103025624555,0.0,1
cosine,score_deepsets_noK,testB,20,ece_adaptive,0.21268827811622157,0.0,1
cosine,score_deepsets_noK,testB,20,rer_at_50,0.1682650392327811,0.0,1
cosine,score_deepsets_noK,testB,20,rer_at_80,0.04824179017727409,0.0,1
cosine,score_deepsets_noK,testB,20,rer_at_90,0.02063353676256907,0.0,1
cosine,score_deepsets_noK,testB,20,rer_at_95,0.00916196332155572,0.0,1
cosine,score_deepsets_noK,testB,50,auroc_correct,0.7182762879298112,0.0,1
cosine,score_deepsets_noK,testB,50,e_aurc,0.18304185613859258,0.0,1
cosine,score_deepsets_noK,testB,50,ece_adaptive,0.3245969494130334,0.0,1
cosine,score_deepsets_noK,testB,50,rer_at_50,0.0969728065674706,0.0,1
cosine,score_deepsets_noK,testB,50,rer_at_80,0.026744484350949206,0.0,1
cosine,score_deepsets_noK,testB,50,rer_at_90,0.01288410010831775,0.0,1
cosine,score_deepsets_noK,testB,50,rer_at_95,0.0056979287623883336,0.0,1
cosine,score_deepsets_noK,val_select,5,auroc_correct,0.7305036359903616,0.0,1
cosine,score_deepsets_noK,val_select,5,e_aurc,0.1461075684190679,0.0,1
cosine,score_deepsets_noK,val_select,5,ece_adaptive,0.08697834524612723,0.0,1
cosine,score_deepsets_noK,val_select,5,rer_at_50,0.37484737484737496,0.0,1
cosine,score_deepsets_noK,val_select,5,rer_at_80,0.12096233156337285,0.0,1
cosine,score_deepsets_noK,val_select,5,rer_at_90,0.055798779820656084,0.0,1
cosine,score_deepsets_noK,val_select,5,rer_at_95,0.024932140914604144,0.0,1
cosine,score_deepsets_noK,val_select,10,auroc_correct,0.725200283747887,0.0,1
cosine,score_deepsets_noK,val_select,10,e_aurc,0.18519370197579305,0.0,1
cosine,score_deepsets_noK,val_select,10,ece_adaptive,0.09863191104463354,0.0,1
cosine,score_deepsets_noK,val_select,10,rer_at_50,0.2629950495049505,0.0,1
cosine,score_deepsets_noK,val_select,10,rer_at_80,0.08888575203947273,0.0,1
cosine,score_deepsets_noK,val_select,10,rer_at_90,0.04053816588011345,0.0,1
cosine,score_deepsets_noK,val_select,10,rer_at_95,0.018062820381280938,0.0,1
cosine,score_deepsets_noK,val_select,20,auroc_correct,0.7111708905185372,0.0,1
cosine,score_deepsets_noK,val_select,20,e_aurc,0.2053881467865345,0.0,1
cosine,score_deepsets_noK,val_select,20,ece_adaptive,0.23477564760212621,0.0,1
cosine,score_deepsets_noK,val_select,20,rer_at_50,0.17344528995014438,0.0,1
cosine,score_deepsets_noK,val_select,20,rer_at_80,0.05348765616456613,0.0,1
cosine,score_deepsets_noK,val_select,20,rer_at_90,0.02596010242917716,0.0,1
cosine,score_deepsets_noK,val_select,20,rer_at_95,0.012849569416801335,0.0,1
cosine,score_deepsets_noK,val_select,50,auroc_correct,0.706697920491024,0.0,1
cosine,score_deepsets_noK,val_select,50,e_aurc,0.20631635852686697,0.0,1
cosine,score_deepsets_noK,val_select,50,ece_adaptive,0.3514926405711715,0.0,1
cosine,score_deepsets_noK,val_select,50,rer_at_50,0.11649580615097856,0.0,1
cosine,score_deepsets_noK,val_select,50,rer_at_80,0.03870935658147822,0.0,1
cosine,score_deepsets_noK,val_select,50,rer_at_90,0.018369972252727917,0.0,1
cosine,score_deepsets_noK,val_select,50,rer_at_95,0.00968275624341376,0.0,1
cosine,stats_logistic,__pooled_test__,5,auroc_correct,0.7481952392797084,0.0,1
cosine,stats_logistic,__pooled_test__,5,e_aurc,0.13666359071112827,0.0,1
cosine,stats_logistic,__pooled_test__,5,ece_adaptive,0.016980836567522035,0.0,1
cosine,stats_logistic,__pooled_test__,5,rer_at_50,0.39733998337489607,0.0,1
cosine,stats_logistic,__pooled_test__,5,rer_at_80,0.1362948908362624,0.0,1
cosine,stats_logistic,__pooled_test__,5,rer_at_90,0.06582206900836764,0.0,1
cosine,stats_logistic,__pooled_test__,5,rer_at_95,0.033367384853461815,0.0,1
cosine,stats_logistic,__pooled_test__,10,auroc_correct,0.7400224834983745,0.0,1
cosine,stats_logistic,__pooled_test__,10,e_aurc,0.17007340132134036,0.0,1
cosine,stats_logistic,__pooled_test__,10,ece_adaptive,0.021569474210350117,0.0,1
cosine,stats_logistic,__pooled_test__,10,rer_at_50,0.26726726726726713,0.0,1
cosine,stats_logistic,__pooled_test__,10,rer_at_80,0.09240391455407661,0.0,1
cosine,stats_logistic,__pooled_test__,10,rer_at_90,0.044018197001107894,0.0,1
cosine,stats_logistic,__pooled_test__,10,rer_at_95,0.02259828175979584,0.0,1
cosine,stats_logistic,__pooled_test__,20,auroc_correct,0.741005926374095,0.0,1
cosine,stats_logistic,__pooled_test__,20,e_aurc,0.17673841731938988,0.0,1
cosine,stats_logistic,__pooled_test__,20,ece_adaptive,0.03187533727791692,0.0,1
cosine,stats_logistic,__pooled_test__,20,rer_at_50,0.19381107491856667,0.0,1
cosine,stats_logistic,__pooled_test__,20,rer_at_80,0.05845122299264967,0.0,1
cosine,stats_logistic,__pooled_test__,20,rer_at_90,0.03145980622094252,0.0,1
cosine,stats_logistic,__pooled_test__,20,rer_at_95,0.014973952256952602,0.0,1
cosine,stats_logistic,__pooled_test__,50,auroc_correct,0.7421724775369473,0.0,1
cosine,stats_logistic,__pooled_test__,50,e_aurc,0.16670815981621062,0.0,1
cosine,stats_logistic,__pooled_test__,50,ece_adaptive,0.045479586276719566,0.0,1
cosine,stats_logistic,__pooled_test__,50,rer_at_50,0.1265989240884639,0.0,1
cosine,stats_logistic,__pooled_test__,50,rer_at_80,0.03812857840897275,0.0,1
cosine,stats_logistic,__pooled_test__,50,rer_at_90,0.018327555548152283,0.0,1
cosine,stats_logistic,__pooled_test__,50,rer_at_95,0.008933437301741053,0.0,1
cosine,stats_logistic,testA,5,auroc_correct,0.7471217342827459,0.0,1
cosine,stats_logistic,testA,5,e_aurc,0.13746855583203987,0.0,1
cosine,stats_logistic,testA,5,ece_adaptive,0.022288654014919577,0.0,1
cosine,stats_logistic,testA,5,rer_at_50,0.40062843676355064,0.0,1
cosine,stats_logistic,testA,5,rer_at_80,0.15312076695162774,0.0,1
cosine,stats_logistic,testA,5,rer_at_90,0.07491066385588993,0.0,1
cosine,stats_logistic,testA,5,rer_at_95,0.039207002781922164,0.0,1
cosine,stats_logistic,testA,10,auroc_correct,0.7364878869308004,0.0,1
cosine,stats_logistic,testA,10,e_aurc,0.1701570178773757,0.0,1
cosine,stats_logistic,testA,10,ece_adaptive,0.017844491801000527,0.0,1
cosine,stats_logistic,testA,10,rer_at_50,0.2803571428571429,0.0,1
cosine,stats_logistic,testA,10,rer_at_80,0.09751019956355356,0.0,1
cosine,stats_logistic,testA,10,rer_at_90,0.046739542924607934,0.0,1
cosine,stats_logistic,testA,10,rer_at_95,0.02323758921913294,0.0,1
cosine,stats_logistic,testA,20,auroc_correct,0.7462403227725063,0.0,1
cosine,stats_logistic,testA,20,e_aurc,0.17292651871243614,0.0,1
cosine,stats_logistic,testA,20,ece_adaptive,0.03715433947356742,0.0,1
cosine,stats_logistic,testA,20,rer_at_50,0.2136490960020372,0.0,1
cosine,stats_logistic,testA,20,rer_at_80,0.06707721428579894,0.0,1
cosine,stats_logistic,testA,20,rer_at_90,0.03358608657587751,0.0,1
cosine,stats_logistic,testA,20,rer_at_95,0.017384379010908835,0.0,1
cosine,stats_logistic,testA,50,auroc_correct,0.745125169155847,0.0,1
cosine,stats_logistic,testA,50,e_aurc,0.1703987513311725,0.0,1
cosine,stats_logistic,testA,50,ece_adaptive,0.0464124974805105,0.0,1
cosine,stats_logistic,testA,50,rer_at_50,0.13722856503246036,0.0,1
cosine,stats_logistic,testA,50,rer_at_80,0.048340773078288095,0.0,1
cosine,stats_logistic,testA,50,rer_at_90,0.023571255453543754,0.0,1
cosine,stats_logistic,testA,50,rer_at_95,0.012226373970889695,0.0,1
cosine,stats_logistic,testB,5,auroc_correct,0.7466535823881993,0.0,1
cosine,stats_logistic,testB,5,e_aurc,0.13583807438562456,0.0,1
cosine,stats_logistic,testB,5,ece_adaptive,0.025048640680615963,0.0,1
cosine,stats_logistic,testB,5,rer_at_50,0.3777581641659311,0.0,1
cosine,stats_logistic,testB,5,rer_at_80,0.11959399823477507,0.0,1
cosine,stats_logistic,testB,5,rer_at_90,0.05609492988133762,0.0,1
cosine,stats_logistic,testB,5,rer_at_95,0.02819714776791944,0.0,1
cosine,stats_logistic,testB,10,auroc_correct,0.7422077198657236,0.0,1
cosine,stats_logistic,testB,10,e_aurc,0.1697104746209916,0.0,1
cosine,stats_logistic,testB,10,ece_adaptive,0.03517589806559055,0.0,1
cosine,stats_logistic,testB,10,rer_at_50,0.24637681159420285,0.0,1
cosine,stats_logistic,testB,10,rer_at_80,0.0811425682507584,0.0,1
cosine,stats_logistic,testB,10,rer_at_90,0.04055724075946514,0.0,1
cosine,stats_logistic,testB,10,rer_at_95,0.0183243751441291,0.0,1
cosine,stats_logistic,testB,20,auroc_correct,0.7312528434162053,0.0,1
cosine,stats_logistic,testB,20,e_aurc,0.18345874861041184,0.0,1
cosine,stats_logistic,testB,20,ece_adaptive,0.03503322118268408,0.0,1
cosine,stats_logistic,testB,20,rer_at_50,0.16710258645742515,0.0,1
cosine,stats_logistic,testB,20,rer_at_80,0.05187445510026152,0.0,1
cosine,stats_logistic,testB,20,rer_at_90,0.02515418644450904,0.0,1
cosine,stats_logistic,testB,20,rer_at_95,0.013444684072867363,0.0,1
cosine,stats_logistic,testB,50,auroc_correct,0.7272168739515322,0.0,1
cosine,stats_logistic,testB,50,e_aurc,0.16519690773625795,0.0,1
cosine,stats_logistic,testB,50,ece_adaptive,0.04546210143112234,0.0,1
cosine,stats_logistic,testB,50,rer_at_50,0.09851205746536691,0.0,1
cosine,stats_logistic,testB,50,rer_at_80,0.027065161621344352,0.0,1
cosine,stats_logistic,testB,50,rer_at_90,0.013739239496037923,0.0,1
cosine,stats_logistic,testB,50,rer_at_95,0.006508060813912687,0.0,1
cosine,stats_logistic,val_select,5,auroc_correct,0.7345142828328669,0.0,1
cosine,stats_logistic,val_select,5,e_aurc,0.14322869022202034,0.0,1
cosine,stats_logistic,val_select,5,ece_adaptive,0.02140609321008946,0.0,1
cosine,stats_logistic,val_select,5,rer_at_50,0.36752136752136755,0.0,1
cosine,stats_logistic,val_select,5,rer_at_80,0.1291015692340824,0.0,1
cosine,stats_logistic,val_select,5,rer_at_90,0.06484285281087983,0.0,1
cosine,stats_logistic,val_select,5,rer_at_95,0.027074205631399874,0.0,1
cosine,stats_logistic,val_select,10,auroc_correct,0.737132335184738,0.0,1
cosine,stats_logistic,val_select,10,e_aurc,0.17205798530766447,0.0,1
cosine,stats_logistic,val_select,10,ece_adaptive,0.02272486208777586,0.0,1
cosine,stats_logistic,val_select,10,rer_at_50,0.26237623762376244,0.0,1
cosine,stats_logistic,val_select,10,rer_at_80,0.0919795185860282,0.0,1
cosine,stats_logistic,val_select,10,rer_at_90,0.044663404865939046,0.0,1
cosine,stats_logistic,val_select,10,rer_at_95,0.02294807998137417,0.0,1
cosine,stats_logistic,val_select,20,auroc_correct,0.7388878057203547,0.0,1
cosine,stats_logistic,val_select,20,e_aurc,0.17890016064633651,0.0,1
cosine,stats_logistic,val_select,20,ece_adaptive,0.033415777220277436,0.0,1
cosine,stats_logistic,val_select,20,rer_at_50,0.18341642613487288,0.0,1
cosine,stats_logistic,val_select,20,rer_at_80,0.05971902641157691,0.0,1
cosine,stats_logistic,val_select,20,rer_at_90,0.02741780954915731,0.0,1
cosine,stats_logistic,val_select,20,rer_at_95,0.014782992196343082,0.0,1
cosine,stats_logistic,val_select,50,auroc_correct,0.747000527172941,0.0,1
cosine,stats_logistic,val_select,50,e_aurc,0.17259104352563875,0.0,1
cosine,stats_logistic,val_select,50,ece_adaptive,0.044190159506614736,0.0,1
cosine,stats_logistic,val_select,50,rer_at_50,0.13280521901211556,0.0,1
cosine,stats_logistic,val_select,50,rer_at_80,0.042495111917570605,0.0,1
cosine,stats_logistic,val_select,50,rer_at_90,0.019405446965541594,0.0,1
cosine,stats_logistic,val_select,50,rer_at_95,0.009192257360919102,0.0,1
cosine,stats_logistic_noK,__pooled_test__,5,auroc_correct,0.7482003643916636,0.0,1
cosine,stats_logistic_noK,__pooled_test__,5,e_aurc,0.1366589910795472,0.0,1
cosine,stats_logistic_noK,__pooled_test__,5,ece_adaptive,0.01698832454085744,0.0,1
cosine,stats_logistic_noK,__pooled_test__,5,rer_at_50,0.39733998337489607,0.0,1
cosine,stats_logistic_noK,__pooled_test__,5,rer_at_80,0.1362948908362624,0.0,1
cosine,stats_logistic_noK,__pooled_test__,5,rer_at_90,0.06582206900836764,0.0,1
cosine,stats_logistic_noK,__pooled_test__,5,rer_at_95,0.033367384853461815,0.0,1
cosine,stats_logistic_noK,__pooled_test__,10,auroc_correct,0.7400296695307397,0.0,1
cosine,stats_logistic_noK,__pooled_test__,10,e_aurc,0.1700689258560132,0.0,1
cosine,stats_logistic_noK,__pooled_test__,10,ece_adaptive,0.02175766740938526,0.0,1
cosine,stats_logistic_noK,__pooled_test__,10,rer_at_50,0.26726726726726713,0.0,1
cosine,stats_logistic_noK,__pooled_test__,10,rer_at_80,0.09260147573941539,0.0,1
cosine,stats_logistic_noK,__pooled_test__,10,rer_at_90,0.044018197001107894,0.0,1
cosine,stats_logistic_noK,__pooled_test__,10,rer_at_95,0.02259828175979584,0.0,1
cosine,stats_logistic_noK,__pooled_test__,20,auroc_correct,0.7410336010192455,0.0,1
cosine,stats_logistic_noK,__pooled_test__,20,e_aurc,0.17672508530248687,0.0,1
cosine,stats_logistic_noK,__pooled_test__,20,ece_adaptive,0.032040581093078224,0.0,1
cosine,stats_logistic_noK,__pooled_test__,20,rer_at_50,0.19381107491856667,0.0,1
cosine,stats_logistic_noK,__pooled_test__,20,rer_at_80,0.05845122299264967,0.0,1
cosine,stats_logistic_noK,__pooled_test__,20,rer_at_90,0.03145980622094252,0.0,1
cosine,stats_logistic_noK,__pooled_test__,20,rer_at_95,0.014973952256952602,0.0,1
cosine,stats_logistic_noK,__pooled_test__,50,auroc_correct,0.7422296055831152,0.0,1
cosine,stats_logistic_noK,__pooled_test__,50,e_aurc,0.16668153980628048,0.0,1
cosine,stats_logistic_noK,__pooled_test__,50,ece_adaptive,0.04520467306204953,0.0,1
cosine,stats_logistic_noK,__pooled_test__,50,rer_at_50,0.1265989240884639,0.0,1
cosine,stats_logistic_noK,__pooled_test__,50,rer_at_80,0.03812857840897275,0.0,1
cosine,stats_logistic_noK,__pooled_test__,50,rer_at_90,0.018327555548152283,0.0,1
cosine,stats_logistic_noK,__pooled_test__,50,rer_at_95,0.008933437301741053,0.0,1
cosine,stats_logistic_noK,testA,5,auroc_correct,0.7471251552086765,0.0,1
cosine,stats_logistic_noK,testA,5,e_aurc,0.13746450807870786,0.0,1
cosine,stats_logistic_noK,testA,5,ece_adaptive,0.022646310936465693,0.0,1
cosine,stats_logistic_noK,testA,5,rer_at_50,0.401413982717989,0.0,1
cosine,stats_logistic_noK,testA,5,rer_at_80,0.15312076695162774,0.0,1
cosine,stats_logistic_noK,testA,5,rer_at_90,0.07491066385588993,0.0,1
cosine,stats_logistic_noK,testA,5,rer_at_95,0.03879358066607969,0.0,1
cosine,stats_logistic_noK,testA,10,auroc_correct,0.7364908813481648,0.0,1
cosine,stats_logistic_noK,testA,10,e_aurc,0.17015931661756345,0.0,1
cosine,stats_logistic_noK,testA,10,ece_adaptive,0.018308600916994915,0.0,1
cosine,stats_logistic_noK,testA,10,rer_at_50,0.2803571428571429,0.0,1
cosine,stats_logistic_noK,testA,10,rer_at_80,0.09751019956355356,0.0,1
cosine,stats_logistic_noK,testA,10,rer_at_90,0.046739542924607934,0.0,1
cosine,stats_logistic_noK,testA,10,rer_at_95,0.02323758921913294,0.0,1
cosine,stats_logistic_noK,testA,20,auroc_correct,0.7462566178303782,0.0,1
cosine,stats_logistic_noK,testA,20,e_aurc,0.1729192426591114,0.0,1
cosine,stats_logistic_noK,testA,20,ece_adaptive,0.03711236255421954,0.0,1
cosine,stats_logistic_noK,testA,20,rer_at_50,0.21415839062897887,0.0,1
cosine,stats_logistic_noK,testA,20,rer_at_80,0.06707721428579894,0.0,1
cosine,stats_logistic_noK,testA,20,rer_at_90,0.03358608657587751,0.0,1
cosine,stats_logistic_noK,testA,20,rer_at_95,0.017384379010908835,0.0,1
cosine,stats_logistic_noK,testA,50,auroc_correct,0.7451563088319146,0.0,1
cosine,stats_logistic_noK,testA,50,e_aurc,0.17039570545096222,0.0,1
cosine,stats_logistic_noK,testA,50,ece_adaptive,0.04562930635983591,0.0,1
cosine,stats_logistic_noK,testA,50,rer_at_50,0.13722856503246036,0.0,1
cosine,stats_logistic_noK,testA,50,rer_at_80,0.048340773078288095,0.0,1
cosine,stats_logistic_noK,testA,50,rer_at_90,0.023571255453543754,0.0,1
cosine,stats_logistic_noK,testA,50,rer_at_95,0.012226373970889695,0.0,1
cosine,stats_logistic_noK,testB,5,auroc_correct,0.746663992308556,0.0,1
cosine,stats_logistic_noK,testB,5,e_aurc,0.1358312862745622,0.0,1
cosine,stats_logistic_noK,testB,5,ece_adaptive,0.025468598493401027,0.0,1
cosine,stats_logistic_noK,testB,5,rer_at_50,0.37864077669902907,0.0,1
cosine,stats_logistic_noK,testB,5,rer_at_80,0.11959399823477507,0.0,1
cosine,stats_logistic_noK,testB,5,rer_at_90,0.05658527017750322,0.0,1
cosine,stats_logistic_noK,testB,5,rer_at_95,0.02819714776791944,0.0,1
cosine,stats_logistic_noK,testB,10,auroc_correct,0.7422192030244625,0.0,1
cosine,stats_logistic_noK,testB,10,e_aurc,0.16970029065642211,0.0,1
cosine,stats_logistic_noK,testB,10,ece_adaptive,0.03517491502254696,0.0,1
cosine,stats_logistic_noK,testB,10,rer_at_50,0.24637681159420285,0.0,1
cosine,stats_logistic_noK,testB,10,rer_at_80,0.0811425682507584,0.0,1
cosine,stats_logistic_noK,testB,10,rer_at_90,0.04055724075946514,0.0,1
cosine,stats_logistic_noK,testB,10,rer_at_95,0.0183243751441291,0.0,1
cosine,stats_logistic_noK,testB,20,auroc_correct,0.7312887156036016,0.0,1
cosine,stats_logistic_noK,testB,20,e_aurc,0.18344062355219887,0.0,1
cosine,stats_logistic_noK,testB,20,ece_adaptive,0.03544781998404896,0.0,1
cosine,stats_logistic_noK,testB,20,rer_at_50,0.16710258645742515,0.0,1
cosine,stats_logistic_noK,testB,20,rer_at_80,0.05151118860796269,0.0,1
cosine,stats_logistic_noK,testB,20,rer_at_90,0.02515418644450904,0.0,1
cosine,stats_logistic_noK,testB,20,rer_at_95,0.013444684072867363,0.0,1
cosine,stats_logistic_noK,testB,50,auroc_correct,0.7273029641297839,0.0,1
cosine,stats_logistic_noK,testB,50,e_aurc,0.1651772499319889,0.0,1
cosine,stats_logistic_noK,testB,50,ece_adaptive,0.04466306659387367,0.0,1
cosine,stats_logistic_noK,testB,50,rer_at_50,0.09902514109799902,0.0,1
cosine,stats_logistic_noK,testB,50,rer_at_80,0.027065161621344352,0.0,1
cosine,stats_logistic_noK,testB,50,rer_at_90,0.013739239496037923,0.0,1
cosine,stats_logistic_noK,testB,50,rer_at_95,0.006508060813912687,0.0,1
cosine,stats_logistic_noK,val_select,5,auroc_correct,0.7345121217687589,0.0,1
cosine,stats_logistic_noK,val_select,5,e_aurc,0.14322915739112385,0.0,1
cosine,stats_logistic_noK,val_select,5,ece_adaptive,0.021410911216817888,0.0,1
cosine,stats_logistic_noK,val_select,5,rer_at_50,0.36752136752136755,0.0,1
cosine,stats_logistic_noK,val_select,5,rer_at_80,0.12859286687966281,0.0,1
cosine,stats_logistic_noK,val_select,5,rer_at_90,0.06484285281087983,0.0,1
cosine,stats_logistic_noK,val_select,5,rer_at_95,0.027074205631399874,0.0,1
cosine,stats_logistic_noK,val_select,10,auroc_correct,0.7371341463414635,0.0,1
cosine,stats_logistic_noK,val_select,10,e_aurc,0.1720518686141045,0.0,1
cosine,stats_logistic_noK,val_select,10,ece_adaptive,0.022719694264914422,0.0,1
cosine,stats_logistic_noK,val_select,10,rer_at_50,0.26237623762376244,0.0,1
cosine,stats_logistic_noK,val_select,10,rer_at_80,0.0919795185860282,0.0,1
cosine,stats_logistic_noK,val_select,10,rer_at_90,0.044663404865939046,0.0,1
cosine,stats_logistic_noK,val_select,10,rer_at_95,0.022622396008034402,0.0,1
cosine,stats_logistic_noK,val_select,20,auroc_correct,0.7388986869559494,0.0,1
cosine,stats_logistic_noK,val_select,20,e_aurc,0.17889310245830825,0.0,1
cosine,stats_logistic_noK,val_select,20,ece_adaptive,0.0333848268249909,0.0,1
cosine,stats_logistic_noK,val_select,20,rer_at_50,0.18341642613487288,0.0,1
cosine,stats_logistic_noK,val_select,20,rer_at_80,0.05971902641157691,0.0,1
cosine,stats_logistic_noK,val_select,20,rer_at_90,0.02712626812516134,0.0,1
cosine,stats_logistic_noK,val_select,20,rer_at_95,0.014782992196343082,0.0,1
cosine,stats_logistic_noK,val_select,50,auroc_correct,0.7470358289323806,0.0,1
cosine,stats_logistic_noK,val_select,50,e_aurc,0.17256671197945955,0.0,1
cosine,stats_logistic_noK,val_select,50,ece_adaptive,0.04414087027264837,0.0,1
cosine,stats_logistic_noK,val_select,50,rer_at_50,0.13280521901211556,0.0,1
cosine,stats_logistic_noK,val_select,50,rer_at_80,0.042495111917570605,0.0,1
cosine,stats_logistic_noK,val_select,50,rer_at_90,0.019405446965541594,0.0,1
cosine,stats_logistic_noK,val_select,50,rer_at_95,0.009192257360919102,0.0,1
cosine,stats_logistic_noent,__pooled_test__,5,auroc_correct,0.7486247995891406,0.0,1
cosine,stats_logistic_noent,__pooled_test__,5,e_aurc,0.13638521475719556,0.0,1
cosine,stats_logistic_noent,__pooled_test__,5,ece_adaptive,0.02065729801059146,0.0,1
cosine,stats_logistic_noent,__pooled_test__,5,rer_at_50,0.39733998337489607,0.0,1
cosine,stats_logistic_noent,__pooled_test__,5,rer_at_80,0.13941202205730446,0.0,1
cosine,stats_logistic_noent,__pooled_test__,5,rer_at_90,0.06489851198316594,0.0,1
cosine,stats_logistic_noent,__pooled_test__,5,rer_at_95,0.032054916944233666,0.0,1
cosine,stats_logistic_noent,__pooled_test__,10,auroc_correct,0.7415128666109111,0.0,1
cosine,stats_logistic_noent,__pooled_test__,10,e_aurc,0.16954884085959115,0.0,1
cosine,stats_logistic_noent,__pooled_test__,10,ece_adaptive,0.02406916286380848,0.0,1
cosine,stats_logistic_noent,__pooled_test__,10,rer_at_50,0.26695116168800365,0.0,1
cosine,stats_logistic_noent,__pooled_test__,10,rer_at_80,0.09319415929543136,0.0,1
cosine,stats_logistic_noent,__pooled_test__,10,rer_at_90,0.044193799830461,0.0,1
cosine,stats_logistic_noent,__pooled_test__,10,rer_at_95,0.022764648009708975,0.0,1
cosine,stats_logistic_noent,__pooled_test__,20,auroc_correct,0.7453799621801556,0.0,1
cosine,stats_logistic_noent,__pooled_test__,20,e_aurc,0.17526447129910372,0.0,1
cosine,stats_logistic_noent,__pooled_test__,20,ece_adaptive,0.03431715772409007,0.0,1
cosine,stats_logistic_noent,__pooled_test__,20,rer_at_50,0.19679695982627585,0.0,1
cosine,stats_logistic_noent,__pooled_test__,20,rer_at_80,0.06167454313015238,0.0,1
cosine,stats_logistic_noent,__pooled_test__,20,rer_at_90,0.03145980622094252,0.0,1
cosine,stats_logistic_noent,__pooled_test__,20,rer_at_95,0.01597397870136186,0.0,1
cosine,stats_logistic_noent,__pooled_test__,50,auroc_correct,0.7454918783894496,0.0,1
cosine,stats_logistic_noent,__pooled_test__,50,e_aurc,0.1668474178839931,0.0,1
cosine,stats_logistic_noent,__pooled_test__,50,ece_adaptive,0.035775092754158876,0.0,1
cosine,stats_logistic_noent,__pooled_test__,50,rer_at_50,0.12612074118350286,0.0,1
cosine,stats_logistic_noent,__pooled_test__,50,rer_at_80,0.03812857840897275,0.0,1
cosine,stats_logistic_noent,__pooled_test__,50,rer_at_90,0.019390115358139542,0.0,1
cosine,stats_logistic_noent,__pooled_test__,50,rer_at_95,0.009562606018537746,0.0,1
cosine,stats_logistic_noent,testA,5,auroc_correct,0.7470834705927071,0.0,1
cosine,stats_logistic_noent,testA,5,e_aurc,0.13748325303765696,0.0,1
cosine,stats_logistic_noent,testA,5,ece_adaptive,0.02591170781822002,0.0,1
cosine,stats_logistic_noent,testA,5,rer_at_50,0.40298507462686556,0.0,1
cosine,stats_logistic_noent,testA,5,rer_at_80,0.1511569890199215,0.0,1
cosine,stats_logistic_noent,testA,5,rer_at_90,0.07534702675029749,0.0,1
cosine,stats_logistic_noent,testA,5,rer_at_95,0.03962042489776488,0.0,1
cosine,stats_logistic_noent,testA,10,auroc_correct,0.7369464233637462,0.0,1
cosine,stats_logistic_noent,testA,10,e_aurc,0.17039050549787443,0.0,1
cosine,stats_logistic_noent,testA,10,ece_adaptive,0.017812221314611843,0.0,1
cosine,stats_logistic_noent,testA,10,rer_at_50,0.280952380952381,0.0,1
cosine,stats_logistic_noent,testA,10,rer_at_80,0.09788220690091408,0.0,1
cosine,stats_logistic_noent,testA,10,rer_at_90,0.04872343565525388,0.0,1
cosine,stats_logistic_noent,testA,10,rer_at_95,0.023864120592308493,0.0,1
cosine,stats_logistic_noent,testA,20,auroc_correct,0.7487056168916347,0.0,1
cosine,stats_logistic_noent,testA,20,e_aurc,0.17278081956126334,0.0,1
cosine,stats_logistic_noent,testA,20,ece_adaptive,0.03256089742919224,0.0,1
cosine,stats_logistic_noent,testA,20,rer_at_50,0.21313980137509547,0.0,1
cosine,stats_logistic_noent,testA,20,rer_at_80,0.06835039447783463,0.0,1
cosine,stats_logistic_noent,testA,20,rer_at_90,0.03358608657587751,0.0,1
cosine,stats_logistic_noent,testA,20,rer_at_95,0.017652413822962548,0.0,1
cosine,stats_logistic_noent,testA,50,auroc_correct,0.7465171506512844,0.0,1
cosine,stats_logistic_noent,testA,50,e_aurc,0.1712196785661922,0.0,1
cosine,stats_logistic_noent,testA,50,ece_adaptive,0.03738975193145266,0.0,1
cosine,stats_logistic_noent,testA,50,rer_at_50,0.14081038728453102,0.0,1
cosine,stats_logistic_noent,testA,50,rer_at_80,0.048900408025022386,0.0,1
cosine,stats_logistic_noent,testA,50,rer_at_90,0.024566088611512667,0.0,1
cosine,stats_logistic_noent,testA,50,rer_at_95,0.012462006992366062,0.0,1
cosine,stats_logistic_noent,testB,5,auroc_correct,0.7476523770681351,0.0,1
cosine,stats_logistic_noent,testB,5,e_aurc,0.13518703632851442,0.0,1
cosine,stats_logistic_noent,testB,5,ece_adaptive,0.03155864889562251,0.0,1
cosine,stats_logistic_noent,testB,5,rer_at_50,0.3795233892321272,0.0,1
cosine,stats_logistic_noent,testB,5,rer_at_80,0.1201456310679612,0.0,1
cosine,stats_logistic_noent,testB,5,rer_at_90,0.05217220751201328,0.0,1
cosine,stats_logistic_noent,testB,5,rer_at_95,0.02494541738282161,0.0,1
cosine,stats_logistic_noent,testB,10,auroc_correct,0.745128269904998,0.0,1
cosine,stats_logistic_noent,testB,10,e_aurc,0.16816116802550807,0.0,1
cosine,stats_logistic_noent,testB,10,ece_adaptive,0.03797066292605539,0.0,1
cosine,stats_logistic_noent,testB,10,rer_at_50,0.24637681159420285,0.0,1
cosine,stats_logistic_noent,testB,10,rer_at_80,0.08830468486686884,0.0,1
cosine,stats_logistic_noent,testB,10,rer_at_90,0.040931730517170306,0.0,1
cosine,stats_logistic_noent,testB,10,rer_at_95,0.02045305376687426,0.0,1
cosine,stats_logistic_noent,testB,20,auroc_correct,0.7383535974835176,0.0,1
cosine,stats_logistic_noent,testB,20,e_aurc,0.17996529427854885,0.0,1
cosine,stats_logistic_noent,testB,20,ece_adaptive,0.03938213682061257,0.0,1
cosine,stats_logistic_noent,testB,20,rer_at_50,0.17233362394652713,0.0,1
cosine,stats_logistic_noent,testB,20,rer_at_80,0.05550712002324895,0.0,1
cosine,stats_logistic_noent,testB,20,rer_at_90,0.028060318382899106,0.0,1
cosine,stats_logistic_noent,testB,20,rer_at_95,0.013444684072867363,0.0,1
cosine,stats_logistic_noent,testB,50,auroc_correct,0.7336089832507928,0.0,1
cosine,stats_logistic_noent,testB,50,e_aurc,0.1643887362311256,0.0,1
cosine,stats_logistic_noent,testB,50,ece_adaptive,0.04001899080145873,0.0,1
cosine,stats_logistic_noent,testB,50,rer_at_50,0.09953822473063112,0.0,1
cosine,stats_logistic_noent,testB,50,rer_at_80,0.028347870702924678,0.0,1
cosine,stats_logistic_noent,testB,50,rer_at_90,0.014594378883758096,0.0,1
cosine,stats_logistic_noent,testB,50,rer_at_95,0.007588236882611956,0.0,1
cosine,stats_logistic_noent,val_select,5,auroc_correct,0.7355551953782042,0.0,1
cosine,stats_logistic_noent,val_select,5,e_aurc,0.14229079312589848,0.0,1
cosine,stats_logistic_noent,val_select,5,ece_adaptive,0.02409597292238743,0.0,1
cosine,stats_logistic_noent,val_select,5,rer_at_50,0.3707773707773708,0.0,1
cosine,stats_logistic_noent,val_select,5,rer_at_80,0.1291015692340824,0.0,1
cosine,stats_logistic_noent,val_select,5,rer_at_90,0.06212963091381261,0.0,1
cosine,stats_logistic_noent,val_select,5,rer_at_95,0.02835944446147722,0.0,1
cosine,stats_logistic_noent,val_select,10,auroc_correct,0.7387730922482492,0.0,1
cosine,stats_logistic_noent,val_select,10,e_aurc,0.17085462004705881,0.0,1
cosine,stats_logistic_noent,val_select,10,ece_adaptive,0.02716191429961403,0.0,1
cosine,stats_logistic_noent,val_select,10,rer_at_50,0.26361386138613874,0.0,1
cosine,stats_logistic_noent,val_select,10,rer_at_80,0.09004591449443108,0.0,1
cosine,stats_logistic_noent,val_select,10,rer_at_90,0.04638225444336613,0.0,1
cosine,stats_logistic_noent,val_select,10,rer_at_95,0.022296712034695,0.0,1
cosine,stats_logistic_noent,val_select,20,auroc_correct,0.7403394695772247,0.0,1
cosine,stats_logistic_noent,val_select,20,e_aurc,0.1788430166907915,0.0,1
cosine,stats_logistic_noent,val_select,20,ece_adaptive,0.03581192188463526,0.0,1
cosine,stats_logistic_noent,val_select,20,rer_at_50,0.1849908160587774,0.0,1
cosine,stats_logistic_noent,val_select,20,rer_at_80,0.06201479439731792,0.0,1
cosine,stats_logistic_noent,val_select,20,rer_at_90,0.028583975245141644,0.0,1
cosine,stats_logistic_noent,val_select,20,rer_at_95,0.0139543824336822,0.0,1
cosine,stats_logistic_noent,val_select,50,auroc_correct,0.7463302644337128,0.0,1
cosine,stats_logistic_noent,val_select,50,e_aurc,0.17525223232281956,0.0,1
cosine,stats_logistic_noent,val_select,50,ece_adaptive,0.0435417950332966,0.0,1
cosine,stats_logistic_noent,val_select,50,rer_at_50,0.12954333643988816,0.0,1
cosine,stats_logistic_noent,val_select,50,rer_at_80,0.04365995971329126,0.0,1
cosine,stats_logistic_noent,val_select,50,rer_at_90,0.020958659034761903,0.0,1
cosine,stats_logistic_noent,val_select,50,rer_at_95,0.009192257360919102,0.0,1
cosine,stats_mlp,__pooled_test__,5,auroc_correct,0.7501262675730598,0.0,1
cosine,stats_mlp,__pooled_test__,5,e_aurc,0.1350298406343125,0.0,1
cosine,stats_mlp,__pooled_test__,5,ece_adaptive,0.020423098748153967,0.0,1
cosine,stats_mlp,__pooled_test__,5,rer_at_50,0.3956774729842061,0.0,1
cosine,stats_mlp,__pooled_test__,5,rer_at_80,0.13993154392747814,0.0,1
cosine,stats_mlp,__pooled_test__,5,rer_at_90,0.06743829380247073,0.0,1
cosine,stats_mlp,__pooled_test__,5,rer_at_95,0.03555483136884208,0.0,1
cosine,stats_mlp,__pooled_test__,10,auroc_correct,0.7399380076956817,0.0,1
cosine,stats_mlp,__pooled_test__,10,e_aurc,0.1695847326957573,0.0,1
cosine,stats_mlp,__pooled_test__,10,ece_adaptive,0.017828233705932436,0.0,1
cosine,stats_mlp,__pooled_test__,10,rer_at_50,0.26695116168800365,0.0,1
cosine,stats_mlp,__pooled_test__,10,rer_at_80,0.0910209862567059,0.0,1
cosine,stats_mlp,__pooled_test__,10,rer_at_90,0.04261337436628219,0.0,1
cosine,stats_mlp,__pooled_test__,10,rer_at_95,0.022099183010056072,0.0,1
cosine,stats_mlp,__pooled_test__,20,auroc_correct,0.7418349564163874,0.0,1
cosine,stats_mlp,__pooled_test__,20,e_aurc,0.17624377934256874,0.0,1
cosine,stats_mlp,__pooled_test__,20,ece_adaptive,0.05058723240844498,0.0,1
cosine,stats_mlp,__pooled_test__,20,rer_at_50,0.19109663409337682,0.0,1
cosine,stats_mlp,__pooled_test__,20,rer_at_80,0.0621834884150213,0.0,1
cosine,stats_mlp,__pooled_test__,20,rer_at_90,0.029348711294442897,0.0,1
cosine,stats_mlp,__pooled_test__,20,rer_at_95,0.014973952256952602,0.0,1
cosine,stats_mlp,__pooled_test__,50,auroc_correct,0.7356676902626863,0.0,1
cosine,stats_mlp,__pooled_test__,50,e_aurc,0.1709701709467471,0.0,1
cosine,stats_mlp,__pooled_test__,50,ece_adaptive,0.08687512325124763,0.0,1
cosine,stats_mlp,__pooled_test__,50,rer_at_50,0.11703526598924095,0.0,1
cosine,stats_mlp,__pooled_test__,50,rer_at_80,0.03992172072046759,0.0,1
cosine,stats_mlp,__pooled_test__,50,rer_at_90,0.01885883545314591,0.0,1
cosine,stats_mlp,__pooled_test__,50,rer_at_95,0.010191774735334438,0.0,1
cosine,stats_mlp,testA,5,auroc_correct,0.7473786204799432,0.0,1
cosine,stats_mlp,testA,5,e_aurc,0.13665116610103722,0.0,1
cosine,stats_mlp,testA,5,ece_adaptive,0.026587517631843582,0.0,1
cosine,stats_mlp,testA,5,rer_at_50,0.4084838963079339,0.0,1
cosine,stats_mlp,testA,5,rer_at_80,0.15312076695162774,0.0,1
cosine,stats_mlp,testA,5,rer_at_90,0.07665611543352013,0.0,1
cosine,stats_mlp,testA,5,rer_at_95,0.03796673643439451,0.0,1
cosine,stats_mlp,testA,10,auroc_correct,0.7368120000624921,0.0,1
cosine,stats_mlp,testA,10,e_aurc,0.1694090112647515,0.0,1
cosine,stats_mlp,testA,10,ece_adaptive,0.021845671920659386,0.0,1
cosine,stats_mlp,testA,10,rer_at_50,0.2738095238095239,0.0,1
cosine,stats_mlp,testA,10,rer_at_80,0.09602217021411184,0.0,1
cosine,stats_mlp,testA,10,rer_at_90,0.04773148928993081,0.0,1
cosine,stats_mlp,testA,10,rer_at_95,0.02323758921913294,0.0,1
cosine,stats_mlp,testA,20,auroc_correct,0.7434943833157569,0.0,1
cosine,stats_mlp,testA,20,e_aurc,0.17419379542753755,0.0,1
cosine,stats_mlp,testA,20,ece_adaptive,0.05274428242670382,0.0,1
cosine,stats_mlp,testA,20,rer_at_50,0.2060096765979118,0.0,1
cosine,stats_mlp,testA,20,rer_at_80,0.07026016476588832,0.0,1
cosine,stats_mlp,testA,20,rer_at_90,0.03217154630447218,0.0,1
cosine,stats_mlp,testA,20,rer_at_95,0.01497206570242494,0.0,1
cosine,stats_mlp,testA,50,auroc_correct,0.7342898910168301,0.0,1
cosine,stats_mlp,testA,50,e_aurc,0.176339293017389,0.0,1
cosine,stats_mlp,testA,50,ece_adaptive,0.1012711619326183,0.0,1
cosine,stats_mlp,testA,50,rer_at_50,0.1331990149988807,0.0,1
cosine,stats_mlp,testA,50,rer_at_80,0.048340773078288095,0.0,1
cosine,stats_mlp,testA,50,rer_at_90,0.02307383887455923,0.0,1
cosine,stats_mlp,testA,50,rer_at_95,0.011519474906460455,0.0,1
cosine,stats_mlp,testB,5,auroc_correct,0.7505131533061535,0.0,1
cosine,stats_mlp,testB,5,e_aurc,0.13325297626359678,0.0,1
cosine,stats_mlp,testB,5,ece_adaptive,0.028909582082695996,0.0,1
cosine,stats_mlp,testB,5,rer_at_50,0.3812886142983231,0.0,1
cosine,stats_mlp,testB,5,rer_at_80,0.11904236540158872,0.0,1
cosine,stats_mlp,testB,5,rer_at_90,0.060998332842993164,0.0,1
cosine,stats_mlp,testB,5,rer_at_95,0.028661680680076237,0.0,1
cosine,stats_mlp,testB,10,auroc_correct,0.7415710089324873,0.0,1
cosine,stats_mlp,testB,10,e_aurc,0.16974091353746407,0.0,1
cosine,stats_mlp,testB,10,ece_adaptive,0.029299756640504153,0.0,1
cosine,stats_mlp,testB,10,rer_at_50,0.2490731378496797,0.0,1
cosine,stats_mlp,testB,10,rer_at_80,0.07987866531850348,0.0,1
cosine,stats_mlp,testB,10,rer_at_90,0.040182751001760136,0.0,1
cosine,stats_mlp,testB,10,rer_at_95,0.02045305376687426,0.0,1
cosine,stats_mlp,testB,20,auroc_correct,0.7364504325143567,0.0,1
cosine,stats_mlp,testB,20,e_aurc,0.1806460788644409,0.0,1
cosine,stats_mlp,testB,20,ece_adaptive,0.051174204306002564,0.0,1
cosine,stats_mlp,testB,20,rer_at_50,0.1740773031095611,0.0,1
cosine,stats_mlp,testB,20,rer_at_80,0.05187445510026152,0.0,1
cosine,stats_mlp,testB,20,rer_at_90,0.028383221931608995,0.0,1
cosine,stats_mlp,testB,20,rer_at_95,0.013138775447773697,0.0,1
cosine,stats_mlp,testB,50,auroc_correct,0.7324355291745439,0.0,1
cosine,stats_mlp,testB,50,e_aurc,0.16566054113193085,0.0,1
cosine,stats_mlp,testB,50,ece_adaptive,0.06951530499359722,0.0,1
cosine,stats_mlp,testB,50,rer_at_50,0.09851205746536691,0.0,1
cosine,stats_mlp,testB,50,rer_at_80,0.03027193432529503,0.0,1
cosine,stats_mlp,testB,50,rer_at_90,0.015164471808904964,0.0,1
cosine,stats_mlp,testB,50,rer_at_95,0.008668412951311093,0.0,1
cosine,stats_mlp,val_select,5,auroc_correct,0.7363281359741537,0.0,1
cosine,stats_mlp,val_select,5,e_aurc,0.1403379738167515,0.0,1
cosine,stats_mlp,val_select,5,ece_adaptive,0.02231796073139458,0.0,1
cosine,stats_mlp,val_select,5,rer_at_50,0.37647537647537643,0.0,1
cosine,stats_mlp,val_select,5,rer_at_80,0.12299714098105012,0.0,1
cosine,stats_mlp,val_select,5,rer_at_90,0.0585120017177233,0.0,1
cosine,stats_mlp,val_select,5,rer_at_95,0.02536055385796334,0.0,1
cosine,stats_mlp,val_select,10,auroc_correct,0.7390756308862594,0.0,1
cosine,stats_mlp,val_select,10,e_aurc,0.17049600261067643,0.0,1
cosine,stats_mlp,val_select,10,ece_adaptive,0.01786164796513755,0.0,1
cosine,stats_mlp,val_select,10,rer_at_50,0.26361386138613874,0.0,1
cosine,stats_mlp,val_select,10,rer_at_80,0.0869521479478758,0.0,1
cosine,stats_mlp,val_select,10,rer_at_90,0.04431963495045352,0.0,1
cosine,stats_mlp,val_select,10,rer_at_95,0.02294807998137417,0.0,1
cosine,stats_mlp,val_select,20,auroc_correct,0.7374268660560926,0.0,1
cosine,stats_mlp,val_select,20,e_aurc,0.17976488225317266,0.0,1
cosine,stats_mlp,val_select,20,ece_adaptive,0.04869273660118405,0.0,1
cosine,stats_mlp,val_select,20,rer_at_50,0.1828916294935713,0.0,1
cosine,stats_mlp,val_select,20,rer_at_80,0.05742325842583621,0.0,1
cosine,stats_mlp,val_select,20,rer_at_90,0.02712626812516134,0.0,1
cosine,stats_mlp,val_select,20,rer_at_95,0.0139543824336822,0.0,1
cosine,stats_mlp,val_select,50,auroc_correct,0.736092871868734,0.0,1
cosine,stats_mlp,val_select,50,e_aurc,0.17870144342131927,0.0,1
cosine,stats_mlp,val_select,50,ece_adaptive,0.08556750055440603,0.0,1
cosine,stats_mlp,val_select,50,rer_at_50,0.12348555452003723,0.0,1
cosine,stats_mlp,val_select,50,rer_at_80,0.043368747764361094,0.0,1
cosine,stats_mlp,val_select,50,rer_at_90,0.02018205300015168,0.0,1
cosine,stats_mlp,val_select,50,rer_at_95,0.009928005684660955,0.0,1
cosine,stats_mlp_noK,__pooled_test__,5,auroc_correct,0.7488592070244556,0.0,1
cosine,stats_mlp_noK,__pooled_test__,5,e_aurc,0.13614511984368854,0.0,1
cosine,stats_mlp_noK,__pooled_test__,5,ece_adaptive,0.015465774215741905,0.0,1
cosine,stats_mlp_noK,__pooled_test__,5,rer_at_50,0.3902743142144639,0.0,1
cosine,stats_mlp_noK,__pooled_test__,5,rer_at_80,0.13941202205730446,0.0,1
cosine,stats_mlp_noK,__pooled_test__,5,rer_at_90,0.06720740454617043,0.0,1
cosine,stats_mlp_noK,__pooled_test__,5,rer_at_95,0.03467985276268997,0.0,1
cosine,stats_mlp_noK,__pooled_test__,10,auroc_correct,0.7412689806569175,0.0,1
cosine,stats_mlp_noK,__pooled_test__,10,e_aurc,0.1685918173884911,0.0,1
cosine,stats_mlp_noK,__pooled_test__,10,ece_adaptive,0.021704963390845263,0.0,1
cosine,stats_mlp_noK,__pooled_test__,10,rer_at_50,0.2688477951635846,0.0,1
cosine,stats_mlp_noK,__pooled_test__,10,rer_at_80,0.09003318033001238,0.0,1
cosine,stats_mlp_noK,__pooled_test__,10,rer_at_90,0.04454500548916756,0.0,1
cosine,stats_mlp_noK,__pooled_test__,10,rer_at_95,0.02226554925996921,0.0,1
cosine,stats_mlp_noK,__pooled_test__,20,auroc_correct,0.7451387974152719,0.0,1
cosine,stats_mlp_noK,__pooled_test__,20,e_aurc,0.17496096610803857,0.0,1
cosine,stats_mlp_noK,__pooled_test__,20,ece_adaptive,0.02544333484228797,0.0,1
cosine,stats_mlp_noK,__pooled_test__,20,rer_at_50,0.1976112920738329,0.0,1
cosine,stats_mlp_noK,__pooled_test__,20,rer_at_80,0.06320137898475882,0.0,1
cosine,stats_mlp_noK,__pooled_test__,20,rer_at_90,0.02980108877869283,0.0,1
cosine,stats_mlp_noK,__pooled_test__,20,rer_at_95,0.0141167867331733,0.0,1
cosine,stats_mlp_noK,__pooled_test__,50,auroc_correct,0.7443842290498603,0.0,1
cosine,stats_mlp_noK,__pooled_test__,50,e_aurc,0.16771947755318867,0.0,1
cosine,stats_mlp_noK,__pooled_test__,50,ece_adaptive,0.03577609608015407,0.0,1
cosine,stats_mlp_noK,__pooled_test__,50,rer_at_50,0.13090257023311433,0.0,1
cosine,stats_mlp_noK,__pooled_test__,50,rer_at_80,0.03977229219450962,0.0,1
cosine,stats_mlp_noK,__pooled_test__,50,rer_at_90,0.018061915595655537,0.0,1
cosine,stats_mlp_noK,__pooled_test__,50,rer_at_95,0.007926767354866237,0.0,1
cosine,stats_mlp_noK,testA,5,auroc_correct,0.7467956060106936,0.0,1
cosine,stats_mlp_noK,testA,5,e_aurc,0.13744415998409237,0.0,1
cosine,stats_mlp_noK,testA,5,ece_adaptive,0.01649675404786896,0.0,1
cosine,stats_mlp_noK,testA,5,rer_at_50,0.3912018853102906,0.0,1
cosine,stats_mlp_noK,testA,5,rer_at_80,0.15262982246870108,0.0,1
cosine,stats_mlp_noK,testA,5,rer_at_90,0.07534702675029749,0.0,1
cosine,stats_mlp_noK,testA,5,rer_at_95,0.04044726912944982,0.0,1
cosine,stats_mlp_noK,testA,10,auroc_correct,0.7370199818772654,0.0,1
cosine,stats_mlp_noK,testA,10,e_aurc,0.16897316152322006,0.0,1
cosine,stats_mlp_noK,testA,10,ece_adaptive,0.02015618069128411,0.0,1
cosine,stats_mlp_noK,testA,10,rer_at_50,0.27738095238095245,0.0,1
cosine,stats_mlp_noK,testA,10,rer_at_80,0.09453414086467013,0.0,1
cosine,stats_mlp_noK,testA,10,rer_at_90,0.04839278686681292,0.0,1
cosine,stats_mlp_noK,testA,10,rer_at_95,0.022924323532544977,0.0,1
cosine,stats_mlp_noK,testA,20,auroc_correct,0.7464216423255536,0.0,1
cosine,stats_mlp_noK,testA,20,e_aurc,0.17295567086725783,0.0,1
cosine,stats_mlp_noK,testA,20,ece_adaptive,0.03256190303888594,0.0,1
cosine,stats_mlp_noK,testA,20,rer_at_50,0.2060096765979118,0.0,1
cosine,stats_mlp_noK,testA,20,rer_at_80,0.07057845981389717,0.0,1
cosine,stats_mlp_noK,testA,20,rer_at_90,0.03386899463015855,0.0,1
cosine,stats_mlp_noK,testA,20,rer_at_95,0.015240100514478654,0.0,1
cosine,stats_mlp_noK,testA,50,auroc_correct,0.742532601247144,0.0,1
cosine,stats_mlp_noK,testA,50,e_aurc,0.1740689046038018,0.0,1
cosine,stats_mlp_noK,testA,50,ece_adaptive,0.04169121138643298,0.0,1
cosine,stats_mlp_noK,testA,50,rer_at_50,0.13857174837698683,0.0,1
cosine,stats_mlp_noK,testA,50,rer_at_80,0.0477811381315538,0.0,1
cosine,stats_mlp_noK,testA,50,rer_at_90,0.024317380322020334,0.0,1
cosine,stats_mlp_noK,testA,50,rer_at_95,0.012933273035318936,0.0,1
cosine,stats_mlp_noK,testB,5,auroc_correct,0.7482770652352531,0.0,1
cosine,stats_mlp_noK,testB,5,e_aurc,0.13470885570149121,0.0,1
cosine,stats_mlp_noK,testB,5,ece_adaptive,0.02477887502132818,0.0,1
cosine,stats_mlp_noK,testB,5,rer_at_50,0.37334510150044137,0.0,1
cosine,stats_mlp_noK,testB,5,rer_at_80,0.11959399823477507,0.0,1
cosine,stats_mlp_noK,testB,5,rer_at_90,0.05707561047366882,0.0,1
cosine,stats_mlp_noK,testB,5,rer_at_95,0.02819714776791944,0.0,1
cosine,stats_mlp_noK,testB,10,auroc_correct,0.7445815103818835,0.0,1
cosine,stats_mlp_noK,testB,10,e_aurc,0.16776156215667526,0.0,1
cosine,stats_mlp_noK,testB,10,ece_adaptive,0.03914073515233808,0.0,1
cosine,stats_mlp_noK,testB,10,rer_at_50,0.24637681159420285,0.0,1
cosine,stats_mlp_noK,testB,10,rer_at_80,0.08198517020559477,0.0,1
cosine,stats_mlp_noK,testB,10,rer_at_90,0.039433771486349786,0.0,1
cosine,stats_mlp_noK,testB,10,rer_at_95,0.020807833537331556,0.0,1
cosine,stats_mlp_noK,testB,20,auroc_correct,0.7407529135851124,0.0,1
cosine,stats_mlp_noK,testB,20,e_aurc,0.17854047694735914,0.0,1
cosine,stats_mlp_noK,testB,20,ece_adaptive,0.03436952174223702,0.0,1
cosine,stats_mlp_noK,testB,20,rer_at_50,0.17698343504795117,0.0,1
cosine,stats_mlp_noK,testB,20,rer_at_80,0.05478058703865159,0.0,1
cosine,stats_mlp_noK,testB,20,rer_at_90,0.02515418644450904,0.0,1
cosine,stats_mlp_noK,testB,20,rer_at_95,0.012526958197586362,0.0,1
cosine,stats_mlp_noK,testB,50,auroc_correct,0.7359337638072742,0.0,1
cosine,stats_mlp_noK,testB,50,e_aurc,0.16221602824042403,0.0,1
cosine,stats_mlp_noK,testB,50,ece_adaptive,0.035330179386675875,0.0,1
cosine,stats_mlp_noK,testB,50,rer_at_50,0.10159055926115966,0.0,1
cosine,stats_mlp_noK,testB,50,rer_at_80,0.02898922524371471,0.0,1
cosine,stats_mlp_noK,testB,50,rer_at_90,0.012314007183170881,0.0,1
cosine,stats_mlp_noK,testB,50,rer_at_95,0.007318192865437172,0.0,1
cosine,stats_mlp_noK,val_select,5,auroc_correct,0.7359174617581697,0.0,1
cosine,stats_mlp_noK,val_select,5,e_aurc,0.14168222361955196,0.0,1
cosine,stats_mlp_noK,val_select,5,ece_adaptive,0.02157015326358475,0.0,1
cosine,stats_mlp_noK,val_select,5,rer_at_50,0.37484737484737496,0.0,1
cosine,stats_mlp_noK,val_select,5,rer_at_80,0.1275754621708242,0.0,1
cosine,stats_mlp_noK,val_select,5,rer_at_90,0.060773019965279236,0.0,1
cosine,stats_mlp_noK,val_select,5,rer_at_95,0.025788966801322293,0.0,1
cosine,stats_mlp_noK,val_select,10,auroc_correct,0.7402010383965226,0.0,1
cosine,stats_mlp_noK,val_select,10,e_aurc,0.16949964238611515,0.0,1
cosine,stats_mlp_noK,val_select,10,ece_adaptive,0.019308478421602503,0.0,1
cosine,stats_mlp_noK,val_select,10,rer_at_50,0.26237623762376244,0.0,1
cosine,stats_mlp_noK,val_select,10,rer_at_80,0.08733886876619519,0.0,1
cosine,stats_mlp_noK,val_select,10,rer_at_90,0.04260078537302625,0.0,1
cosine,stats_mlp_noK,val_select,10,rer_at_95,0.02164534408801583,0.0,1
cosine,stats_mlp_noK,val_select,20,auroc_correct,0.7406798203561518,0.0,1
cosine,stats_mlp_noK,val_select,20,e_aurc,0.17777651176079423,0.0,1
cosine,stats_mlp_noK,val_select,20,ece_adaptive,0.03212400528629455,0.0,1
cosine,stats_mlp_noK,val_select,20,rer_at_50,0.18866439254788772,0.0,1
cosine,stats_mlp_noK,val_select,20,rer_at_80,0.05807919213604784,0.0,1
cosine,stats_mlp_noK,val_select,20,rer_at_90,0.02712626812516134,0.0,1
cosine,stats_mlp_noK,val_select,20,rer_at_95,0.012849569416801335,0.0,1
cosine,stats_mlp_noK,val_select,50,auroc_correct,0.7413341240927448,0.0,1
cosine,stats_mlp_noK,val_select,50,e_aurc,0.17700240205746648,0.0,1
cosine,stats_mlp_noK,val_select,50,ece_adaptive,0.0441947388661964,0.0,1
cosine,stats_mlp_noK,val_select,50,rer_at_50,0.1216216216216216,0.0,1
cosine,stats_mlp_noK,val_select,50,rer_at_80,0.04657207920259302,0.0,1
cosine,stats_mlp_noK,val_select,50,rer_at_90,0.020699790356558452,0.0,1
cosine,stats_mlp_noK,val_select,50,rer_at_95,0.00943750680216643,0.0,1
cosine,top1_score,__pooled_test__,5,auroc_correct,0.5852403495280797,0.0,1
cosine,top1_score,__pooled_test__,5,e_aurc,0.2794590150876474,0.0,1
cosine,top1_score,__pooled_test__,5,rer_at_50,0.13341645885286788,0.0,1
cosine,top1_score,__pooled_test__,5,rer_at_80,0.07109489612946618,0.0,1
cosine,top1_score,__pooled_test__,5,rer_at_90,0.03303579461370338,0.0,1
cosine,top1_score,__pooled_test__,5,rer_at_95,0.013024132260425534,0.0,1
cosine,top1_score,__pooled_test__,10,auroc_correct,0.5739213975012488,0.0,1
cosine,top1_score,__pooled_test__,10,e_aurc,0.3256198652512677,0.0,1
cosine,top1_score,__pooled_test__,10,rer_at_50,0.08392603129445232,0.0,1
cosine,top1_score,__pooled_test__,10,rer_at_80,0.04558191362880801,0.0,1
cosine,top1_score,__pooled_test__,10,rer_at_90,0.023823871625488286,0.0,1
cosine,top1_score,__pooled_test__,10,rer_at_95,0.010619911766043573,0.0,1
cosine,top1_score,__pooled_test__,20,auroc_correct,0.5674970409060093,0.0,1
cosine,top1_score,__pooled_test__,20,e_aurc,0.3284804267320508,0.0,1
cosine,top1_score,__pooled_test__,20,rer_at_50,0.05890336590662325,0.0,1
cosine,top1_score,__pooled_test__,20,rer_at_80,0.03470044303210393,0.0,1
cosine,top1_score,__pooled_test__,20,rer_at_90,0.01834085917769498,0.0,1
cosine,top1_score,__pooled_test__,20,rer_at_95,0.007402323463568708,0.0,1
cosine,top1_score,__pooled_test__,50,auroc_correct,0.5457732869131657,0.0,1
cosine,top1_score,__pooled_test__,50,e_aurc,0.30323731129852355,0.0,1
cosine,top1_score,__pooled_test__,50,rer_at_50,0.02522414823670057,0.0,1
cosine,top1_score,__pooled_test__,50,rer_at_80,0.020197155294024167,0.0,1
cosine,top1_score,__pooled_test__,50,rer_at_90,0.011686556735732946,0.0,1
cosine,top1_score,__pooled_test__,50,rer_at_95,0.005410092487679195,0.0,1
cosine,top1_score,testA,5,auroc_correct,0.6299963256721486,0.0,1
cosine,top1_score,testA,5,e_aurc,0.22942311289472234,0.0,1
cosine,top1_score,testA,5,rer_at_50,0.22309505106048713,0.0,1
cosine,top1_score,testA,5,rer_at_80,0.0789881500297122,0.0,1
cosine,top1_score,testA,5,rer_at_90,0.033019825992760383,0.0,1
cosine,top1_score,testA,5,rer_at_95,0.011507721020471713,0.0,1
cosine,top1_score,testA,10,auroc_correct,0.6220816147981503,0.0,1
cosine,top1_score,testA,10,e_aurc,0.27552786051597866,0.0,1
cosine,top1_score,testA,10,rer_at_50,0.15773809523809526,0.0,1
cosine,top1_score,testA,10,rer_at_80,0.05472935576710203,0.0,1
cosine,top1_score,testA,10,rer_at_90,0.024255425310620256,0.0,1
cosine,top1_score,testA,10,rer_at_95,0.013526352934909995,0.0,1
cosine,top1_score,testA,20,auroc_correct,0.6144069347025922,0.0,1
cosine,top1_score,testA,20,e_aurc,0.2893196775736965,0.0,1
cosine,top1_score,testA,20,rer_at_50,0.1087344028520499,0.0,1
cosine,top1_score,testA,20,rer_at_80,0.04161361044508373,0.0,1
cosine,top1_score,testA,20,rer_at_90,0.0200064999703864,0.0,1
cosine,top1_score,testA,20,rer_at_95,0.006662986528758249,0.0,1
cosine,top1_score,testA,50,auroc_correct,0.5959265316306006,0.0,1
cosine,top1_score,testA,50,e_aurc,0.2863358447795064,0.0,1
cosine,top1_score,testA,50,rer_at_50,0.06514439220953665,0.0,1
cosine,top1_score,testA,50,rer_at_80,0.02903336741595403,0.0,1
cosine,top1_score,testA,50,rer_at_90,0.013871632163347122,0.0,1
cosine,top1_score,testA,50,rer_at_95,0.006335548433979406,0.0,1
cosine,top1_score,testB,5,auroc_correct,0.5567519115216255,0.0,1
cosine,top1_score,testB,5,e_aurc,0.30891164856028314,0.0,1
cosine,top1_score,testB,5,rer_at_50,0.06884377758164162,0.0,1
cosine,top1_score,testB,5,rer_at_80,0.053949691085613406,0.0,1
cosine,top1_score,testB,5,rer_at_90,0.034519956850053955,0.0,1
cosine,top1_score,testB,5,rer_at_95,0.021229154085566977,0.0,1
cosine,top1_score,testB,10,auroc_correct,0.5405136920551248,0.0,1
cosine,top1_score,testB,10,e_aurc,0.35163572868134063,0.0,1
cosine,top1_score,testB,10,rer_at_50,0.039433771486349786,0.0,1
cosine,top1_score,testB,10,rer_at_80,0.03142905291540262,0.0,1
cosine,top1_score,testB,10,rer_at_90,0.022956222147324245,0.0,1
cosine,top1_score,testB,10,rer_at_95,0.012647898816809427,0.0,1
cosine,top1_score,testB,20,auroc_correct,0.5347923860797492,0.0,1
cosine,top1_score,testB,20,e_aurc,0.3431006107704045,0.0,1
cosine,top1_score,testB,20,rer_at_50,0.02179598953792504,0.0,1
cosine,top1_score,testB,20,rer_at_80,0.0297151990700378,0.0,1
cosine,top1_score,testB,20,rer_at_90,0.016758694178048886,0.0,1
cosine,top1_score,testB,20,rer_at_95,0.009773780571743206,0.0,1
cosine,top1_score,testB,50,auroc_correct,0.5166067608103679,0.0,1
cosine,top1_score,testB,50,e_aurc,0.29396569369180925,0.0,1
cosine,top1_score,testB,50,rer_at_50,-0.0015392508978963105,0.0,1
cosine,top1_score,testB,50,rer_at_80,0.01327603899435619,0.0,1
cosine,top1_score,testB,50,rer_at_90,0.010033635482583798,0.0,1
cosine,top1_score,testB,50,rer_at_95,0.007048148848262255,0.0,1
cosine,top1_score,val_select,5,auroc_correct,0.5735386344235902,0.0,1
cosine,top1_score,val_select,5,e_aurc,0.2892018797738406,0.0,1
cosine,top1_score,val_select,5,rer_at_50,0.12820512820512814,0.0,1
cosine,top1_score,val_select,5,rer_at_80,0.06093545374189004,0.0,1
cosine,top1_score,val_select,5,rer_at_90,0.02595333895291833,0.0,1
cosine,top1_score,val_select,5,rer_at_95,0.011651339670470813,0.0,1
cosine,top1_score,val_select,10,auroc_correct,0.5653610239072687,0.0,1
cosine,top1_score,val_select,10,e_aurc,0.33623253612795434,0.0,1
cosine,top1_score,val_select,10,rer_at_50,0.07425742574257423,0.0,1
cosine,top1_score,val_select,10,rer_at_80,0.050213670207531876,0.0,1
cosine,top1_score,val_select,10,rer_at_90,0.02506851968326838,0.0,1
cosine,top1_score,val_select,10,rer_at_95,0.012200508861169135,0.0,1
cosine,top1_score,val_select,20,auroc_correct,0.5601222158976279,0.0,1
cosine,top1_score,val_select,20,e_aurc,0.33546870466117873,0.0,1
cosine,top1_score,val_select,20,rer_at_50,0.05221726580949885,0.0,1
cosine,top1_score,val_select,20,rer_at_80,0.03807321397459194,0.0,1
cosine,top1_score,val_select,20,rer_at_90,0.01692231828529937,0.0,1
cosine,top1_score,val_select,20,rer_at_95,0.008154114095056807,0.0,1
cosine,top1_score,val_select,50,auroc_correct,0.5482563284287422,0.0,1
cosine,top1_score,val_select,50,e_aurc,0.30514135780242485,0.0,1
cosine,top1_score,val_select,50,rer_at_50,0.027958993476234848,0.0,1
cosine,top1_score,val_select,50,rer_at_80,0.0238575471860391,0.0,1
cosine,top1_score,val_select,50,rer_at_90,0.01163938661943963,0.0,1
cosine,top1_score,val_select,50,rer_at_95,0.0055135157422097035,0.0,1
cosine,top_scores_logistic,__pooled_test__,5,auroc_correct,0.7330257051318847,0.0,1
cosine,top_scores_logistic,__pooled_test__,5,e_aurc,0.14536107604821225,0.0,1
cosine,top_scores_logistic,__pooled_test__,5,ece_adaptive,0.02693583403073285,0.0,1
cosine,top_scores_logistic,__pooled_test__,5,rer_at_50,0.3636741479634248,0.0,1
cosine,top_scores_logistic,__pooled_test__,5,rer_at_80,0.1259044534327889,0.0,1
cosine,top_scores_logistic,__pooled_test__,5,rer_at_90,0.06282050867646177,0.0,1
cosine,top_scores_logistic,__pooled_test__,5,rer_at_95,0.03117993833808156,0.0,1
cosine,top_scores_logistic,__pooled_test__,10,auroc_correct,0.734303439718151,0.0,1
cosine,top_scores_logistic,__pooled_test__,10,e_aurc,0.17426304632972484,0.0,1
cosine,top_scores_logistic,__pooled_test__,10,ece_adaptive,0.02189301753909193,0.0,1
cosine,top_scores_logistic,__pooled_test__,10,rer_at_50,0.2574679943100994,0.0,1
cosine,top_scores_logistic,__pooled_test__,10,rer_at_80,0.09437952640746347,0.0,1
cosine,top_scores_logistic,__pooled_test__,10,rer_at_90,0.04594982812399309,0.0,1
cosine,top_scores_logistic,__pooled_test__,10,rer_at_95,0.021932816760142936,0.0,1
cosine,top_scores_logistic,__pooled_test__,20,auroc_correct,0.7408961580336658,0.0,1
cosine,top_scores_logistic,__pooled_test__,20,e_aurc,0.1789763446127347,0.0,1
cosine,top_scores_logistic,__pooled_test__,20,ece_adaptive,0.019327343141675175,0.0,1
cosine,top_scores_logistic,__pooled_test__,20,rer_at_50,0.19082519001085782,0.0,1
cosine,top_scores_logistic,__pooled_test__,20,rer_at_80,0.0621834884150213,0.0,1
cosine,top_scores_logistic,__pooled_test__,20,rer_at_90,0.0319121837051923,0.0,1
cosine,top_scores_logistic,__pooled_test__,20,rer_at_95,0.016545422383881396,0.0,1
cosine,top_scores_logistic,__pooled_test__,50,auroc_correct,0.7433938228899883,0.0,1
cosine,top_scores_logistic,__pooled_test__,50,e_aurc,0.16909293997979263,0.0,1
cosine,top_scores_logistic,__pooled_test__,50,ece_adaptive,0.01815566478130417,0.0,1
cosine,top_scores_logistic,__pooled_test__,50,rer_at_50,0.12444710101613875,0.0,1
cosine,top_scores_logistic,__pooled_test__,50,rer_at_80,0.041416005980046626,0.0,1
cosine,top_scores_logistic,__pooled_test__,50,rer_at_90,0.020585495144374966,0.0,1
cosine,top_scores_logistic,__pooled_test__,50,rer_at_95,0.010317608478693858,0.0,1
cosine,top_scores_logistic,testA,5,auroc_correct,0.7355919468869574,0.0,1
cosine,top_scores_logistic,testA,5,e_aurc,0.14343454140781153,0.0,1
cosine,top_scores_logistic,testA,5,ece_adaptive,0.02683261708253608,0.0,1
cosine,top_scores_logistic,testA,5,rer_at_50,0.37549096622152384,0.0,1
cosine,top_scores_logistic,testA,5,rer_at_80,0.1374105434979769,0.0,1
cosine,top_scores_logistic,testA,5,rer_at_90,0.06967430912299859,0.0,1
cosine,top_scores_logistic,testA,5,rer_at_95,0.037139892202709565,0.0,1
cosine,top_scores_logistic,testA,10,auroc_correct,0.7320259446735825,0.0,1
cosine,top_scores_logistic,testA,10,e_aurc,0.17261327817612448,0.0,1
cosine,top_scores_logistic,testA,10,ece_adaptive,0.0264599186280169,0.0,1
cosine,top_scores_logistic,testA,10,rer_at_50,0.2642857142857144,0.0,1
cosine,top_scores_logistic,testA,10,rer_at_80,0.09639417755147218,0.0,1
cosine,top_scores_logistic,testA,10,rer_at_90,0.04839278686681292,0.0,1
cosine,top_scores_logistic,testA,10,rer_at_95,0.02323758921913294,0.0,1
cosine,top_scores_logistic,testA,20,auroc_correct,0.7445431184267033,0.0,1
cosine,top_scores_logistic,testA,20,e_aurc,0.17466964876363622,0.0,1
cosine,top_scores_logistic,testA,20,ece_adaptive,0.0200631338067923,0.0,1
cosine,top_scores_logistic,testA,20,rer_at_50,0.21110262286732875,0.0,1
cosine,top_scores_logistic,testA,20,rer_at_80,0.06803209942982578,0.0,1
cosine,top_scores_logistic,testA,20,rer_at_90,0.03500062684728285,0.0,1
cosine,top_scores_logistic,testA,20,rer_at_95,0.018188483447070133,0.0,1
cosine,top_scores_logistic,testA,50,auroc_correct,0.7394757863385304,0.0,1
cosine,top_scores_logistic,testA,50,e_aurc,0.17439051296913372,0.0,1
cosine,top_scores_logistic,testA,50,ece_adaptive,0.020133503126300613,0.0,1
cosine,top_scores_logistic,testA,50,rer_at_50,0.13588538168793377,0.0,1
cosine,top_scores_logistic,testA,50,rer_at_80,0.04666186823808509,0.0,1
cosine,top_scores_logistic,testA,50,rer_at_90,0.02381996374303595,0.0,1
cosine,top_scores_logistic,testA,50,rer_at_95,0.011755107927936822,0.0,1
cosine,top_scores_logistic,testB,5,auroc_correct,0.7272621314609357,0.0,1
cosine,top_scores_logistic,testB,5,e_aurc,0.1483389616120625,0.0,1
cosine,top_scores_logistic,testB,5,ece_adaptive,0.04154200659264869,0.0,1
cosine,top_scores_logistic,testB,5,rer_at_50,0.34598411297440423,0.0,1
cosine,top_scores_logistic,testB,5,rer_at_80,0.1069064430714916,0.0,1
cosine,top_scores_logistic,testB,5,rer_at_90,0.05217220751201328,0.0,1
cosine,top_scores_logistic,testB,5,rer_at_95,0.026803549031448808,0.0,1
cosine,top_scores_logistic,testB,10,auroc_correct,0.7356258553190494,0.0,1
cosine,top_scores_logistic,testB,10,e_aurc,0.1767391314688077,0.0,1
cosine,top_scores_logistic,testB,10,ece_adaptive,0.02543502983880945,0.0,1
cosine,top_scores_logistic,testB,10,rer_at_50,0.2403100775193798,0.0,1
cosine,top_scores_logistic,testB,10,rer_at_80,0.08661948095719572,0.0,1
cosine,top_scores_logistic,testB,10,rer_at_90,0.04055724075946514,0.0,1
cosine,top_scores_logistic,testB,10,rer_at_95,0.01903393468504421,0.0,1
cosine,top_scores_logistic,testB,20,auroc_correct,0.7336812450751486,0.0,1
cosine,top_scores_logistic,testB,20,e_aurc,0.1868265984826532,0.0,1
cosine,top_scores_logistic,testB,20,ece_adaptive,0.02526302522931893,0.0,1
cosine,top_scores_logistic,testB,20,rer_at_50,0.17000871839581505,0.0,1
cosine,top_scores_logistic,testB,20,rer_at_80,0.056960185992443985,0.0,1
cosine,top_scores_logistic,testB,20,rer_at_90,0.028383221931608995,0.0,1
cosine,top_scores_logistic,testB,20,rer_at_95,0.013444684072867363,0.0,1
cosine,top_scores_logistic,testB,50,auroc_correct,0.7413159557945951,0.0,1
cosine,top_scores_logistic,testB,50,e_aurc,0.1648001721746405,0.0,1
cosine,top_scores_logistic,testB,50,ece_adaptive,0.020256535687555994,0.0,1
cosine,top_scores_logistic,testB,50,rer_at_50,0.10723447922011294,0.0,1
cosine,top_scores_logistic,testB,50,rer_at_80,0.03444073884043102,0.0,1
cosine,top_scores_logistic,testB,50,rer_at_90,0.017444843509492047,0.0,1
cosine,top_scores_logistic,testB,50,rer_at_95,0.008128324916961525,0.0,1
cosine,top_scores_logistic,val_select,5,auroc_correct,0.7273633216996049,0.0,1
cosine,top_scores_logistic,val_select,5,e_aurc,0.14722205718045928,0.0,1
cosine,top_scores_logistic,val_select,5,ece_adaptive,0.034208215774422124,0.0,1
cosine,top_scores_logistic,val_select,5,rer_at_50,0.35693935693935686,0.0,1
cosine,top_scores_logistic,val_select,5,rer_at_80,0.11536660566475991,0.0,1
cosine,top_scores_logistic,val_select,5,rer_at_90,0.06032081631576795,0.0,1
cosine,top_scores_logistic,val_select,5,rer_at_95,0.027931031518118023,0.0,1
cosine,top_scores_logistic,val_select,10,auroc_correct,0.7322035740159382,0.0,1
cosine,top_scores_logistic,val_select,10,e_aurc,0.17599502590021598,0.0,1
cosine,top_scores_logistic,val_select,10,ece_adaptive,0.018788934231858494,0.0,1
cosine,top_scores_logistic,val_select,10,rer_at_50,0.2530940594059407,0.0,1
cosine,top_scores_logistic,val_select,10,rer_at_80,0.0915927977677088,0.0,1
cosine,top_scores_logistic,val_select,10,rer_at_90,0.04363209511948265,0.0,1
cosine,top_scores_logistic,val_select,10,rer_at_95,0.02294807998137417,0.0,1
cosine,top_scores_logistic,val_select,20,auroc_correct,0.7334161496444601,0.0,1
cosine,top_scores_logistic,val_select,20,e_aurc,0.18338099973917232,0.0,1
cosine,top_scores_logistic,val_select,20,ece_adaptive,0.019889268144755765,0.0,1
cosine,top_scores_logistic,val_select,20,rer_at_50,0.17921805300446098,0.0,1
cosine,top_scores_logistic,val_select,20,rer_at_80,0.06201479439731792,0.0,1
cosine,top_scores_logistic,val_select,20,rer_at_90,0.02712626812516134,0.0,1
cosine,top_scores_logistic,val_select,20,rer_at_95,0.013678179179462062,0.0,1
cosine,top_scores_logistic,val_select,50,auroc_correct,0.7389618458583976,0.0,1
cosine,top_scores_logistic,val_select,50,e_aurc,0.18044287174259338,0.0,1
cosine,top_scores_logistic,val_select,50,ece_adaptive,0.024876952800042457,0.0,1
cosine,top_scores_logistic,val_select,50,rer_at_50,0.12208760484622547,0.0,1
cosine,top_scores_logistic,val_select,50,rer_at_80,0.04657207920259302,0.0,1
cosine,top_scores_logistic,val_select,50,rer_at_90,0.020699790356558452,0.0,1
cosine,top_scores_logistic,val_select,50,rer_at_95,0.009928005684660955,0.0,1
