scorer,model,information,params,eval_split,K,n,tune_mean_auroc,selected_hp,auroc_correct,aurc,aurc_oracle,e_aurc,rer_at_50,rer_at_80,rer_at_90,rer_at_95,ece_adaptive,brier_binary,nll_binary
b3_seed1,msp,scalar,0,val_select,5,5282,0.8126544957277254,,0.8452187207655093,0.06319985335381328,0.024489234090560863,0.03871061926325242,0.816888888888889,0.4078338328863645,0.21287262188566353,0.11112882511846206,0.017849238817581912,0.12331016659876526,0.3797699064224681
b3_seed1,msp,scalar,0,testA,5,5646,0.8126544957277254,,0.8653314402436385,0.04519680203851545,0.017578184432274074,0.027618617606241375,0.8790243902439027,0.47197460002051866,0.25862412532035606,0.13432312980847896,0.012771747619514636,0.10754075912471339,0.3296224813117848
b3_seed1,msp,scalar,0,testB,5,4640,0.8126544957277254,,0.8115017160920488,0.08844169090225233,0.034300477075900726,0.054141213826351606,0.7433247200689064,0.29909560723514217,0.14345870418221854,0.07792737658098765,0.024165351453660035,0.14586714353015995,0.4341404965858652
b3_seed1,msp,scalar,0,__pooled_test__,5,10286,0.8126544957277254,,0.8427362678323337,0.06226449295954718,0.024377848146793307,0.037886644812753875,0.8307410795974383,0.389310359664574,0.19086264899455418,0.10196814919037879,0.012431996094715706,0.12482973672934804,0.37677040964852726
b3_seed1,msp,scalar,0,val_select,10,5282,0.8126544957277254,,0.8127374066564567,0.13294679592692654,0.061675481317947256,0.07127131460897929,0.6408491107286287,0.2685718195613905,0.12988935126285542,0.0699826007897671,0.01830886132480171,0.1636148093097581,0.48545083419675994
b3_seed1,msp,scalar,0,testA,10,5646,0.8126544957277254,,0.8298517499237269,0.09881891895290891,0.043425887165102706,0.055393031787806205,0.7202531645569621,0.3251881079354225,0.16746820498258902,0.08732619715119061,0.020962054813741825,0.1469608496201033,0.44183533008834075
b3_seed1,msp,scalar,0,testB,10,4640,0.8126544957277254,,0.7822857149580654,0.18237414790908058,0.08619592688948313,0.09617822101959744,0.527964205816555,0.19113534675615207,0.09333830474770068,0.0456846815024139,0.0333645765944088,0.18322730045988392,0.5380372543851539
b3_seed1,msp,scalar,0,__pooled_test__,10,10286,0.8126544957277254,,0.8125165666487438,0.13135681286590756,0.06065784747778169,0.07069896538812587,0.6573634204275534,0.25699549331502136,0.12845448168599374,0.06428675949413831,0.018082677782559568,0.16332059411714606,0.4852318815891393
b3_seed1,msp,scalar,0,val_select,20,5282,0.8126544957277254,,0.8018689384525679,0.20825577800534062,0.11430754390305176,0.09394823410228886,0.5101511879049677,0.18528230566921425,0.08235202185087284,0.04196521033996851,0.0370094368819488,0.1801389187063552,0.5303707678989342
b3_seed1,msp,scalar,0,testA,20,5646,0.8126544957277254,,0.8147138784662095,0.16926246598328096,0.08769861740256002,0.08156384858072094,0.5795713634290928,0.23054022696443632,0.12003094530143416,0.062619928570773,0.03539463553806052,0.17178606858277912,0.5094529204524204
b3_seed1,msp,scalar,0,testB,20,4640,0.8126544957277254,,0.7707299834788871,0.2798504871337667,0.155526924188291,0.1243235629454757,0.38474721508140536,0.14685089974293064,0.06502903932209854,0.032156226040680226,0.04942219615408721,0.194704869571774,0.568766720916589
b3_seed1,msp,scalar,0,__pooled_test__,20,10286,0.8126544957277254,,0.7995256644041138,0.21281518884122508,0.1153670428396324,0.09744814600159268,0.49812237685001093,0.18739549578214273,0.09536334714881074,0.045289910602333956,0.040213799691878396,0.1821247071778536,0.536209291651501
b3_seed1,msp,scalar,0,val_select,50,5282,0.8126544957277254,,0.7916535597276447,0.329101300555913,0.20713441598699367,0.12196688456891935,0.36632348057123887,0.12288276320159422,0.054617433454978756,0.02884348990595012,0.06747430103745297,0.1853857245686835,0.5496020420426354
b3_seed1,msp,scalar,0,testA,50,5646,0.8126544957277254,,0.8031777553107806,0.2735073248951291,0.166020666799799,0.10748665809533009,0.4382483749572358,0.1426140847314866,0.07526029160091306,0.03817252814789135,0.07358488579188305,0.18538569409545183,0.5490036793917555
b3_seed1,msp,scalar,0,testB,50,4640,0.8126544957277254,,0.7608239586500456,0.4278580784406377,0.27672425016436136,0.15113382827627636,0.25886287625418053,0.08737458193979922,0.041248606465997734,0.020242914979757075,0.06297227089507705,0.18432402201805445,0.5505417772656068
b3_seed1,msp,scalar,0,__pooled_test__,50,10286,0.8126544957277254,,0.7906288024437274,0.333948688524154,0.21122130479937307,0.12272738372478093,0.3553187891087433,0.12144871652038362,0.059572010469222704,0.028931340984041917,0.0680125837761948,0.18490677532828054,0.549697513159466
b3_seed1,top1_score,scalar,0,val_select,5,5282,0.4764170314147972,,0.44898404297971295,0.23890871798340269,0.024489234090560863,0.21441948389284182,-0.13600000000000043,-0.03545753799232295,-0.00045173654933871227,-0.00302094681369328,,,
b3_seed1,top1_score,scalar,0,testA,5,5646,0.4764170314147972,,0.4563048859659772,0.20941448664294487,0.017578184432274074,0.1918363022106708,-0.11219512195121971,-0.0023946392220175294,0.01800213090678707,0.014175806187591762,,,
b3_seed1,top1_score,scalar,0,testB,5,4640,0.4764170314147972,,0.45277918278713747,0.276636043005237,0.034300477075900726,0.24233556592933625,-0.11972437553832871,-0.05404823428079227,-0.0029667910804860066,-4.5332970669321395e-05,,,
b3_seed1,top1_score,scalar,0,__pooled_test__,5,10286,0.4764170314147972,,0.444171467136548,0.24317047552387383,0.024377848146793307,0.21879262737708052,-0.15004574565416282,-0.03439846382657784,-0.006339167707778061,0.00855357596943178,,,
b3_seed1,top1_score,scalar,0,val_select,10,5282,0.4764170314147972,,0.44615648238617084,0.3649703096836401,0.061675481317947256,0.3032948283656928,-0.11646586345381549,-0.036189922288029905,-0.005248712863353284,-0.0006745652541271164,,,
b3_seed1,top1_score,scalar,0,testA,10,5646,0.4764170314147972,,0.4543418873399042,0.3141546500058212,0.043425887165102706,0.2707287628407185,-0.10126582278481039,-0.01894222389117902,0.0029306711700267797,0.006051595729617635,,,
b3_seed1,top1_score,scalar,0,testB,10,4640,0.4764170314147972,,0.44816522649045687,0.41828362797547214,0.08619592688948313,0.332087701085989,-0.1174496644295301,-0.0409675615212526,-0.015411384538901332,-0.007300129518426992,,,
b3_seed1,top1_score,scalar,0,__pooled_test__,10,10286,0.4764170314147972,,0.43928926244249744,0.3663074217757445,0.06065784747778169,0.3056495742979628,-0.13004750593824238,-0.04324958456117641,-0.016363263408574406,0.0020933944772159488,,,
b3_seed1,top1_score,scalar,0,val_select,20,5282,0.4764170314147972,,0.4363724511745835,0.4841623857573921,0.11430754390305176,0.36985484185434037,-0.11965442764578836,-0.03337950096032065,-0.006437139214811466,-0.003049238723317387,,,
b3_seed1,top1_score,scalar,0,testA,20,5646,0.4764170314147972,,0.44628718209177004,0.43732843548342704,0.08769861740256002,0.349629818080867,-0.0953032375740992,-0.019106721620435436,0.0014858913005910768,0.00790342670547224,,,
b3_seed1,top1_score,scalar,0,testB,20,4640,0.4764170314147972,,0.4398029134532991,0.5439490558244976,0.155526924188291,0.3884221316362066,-0.10539845758354746,-0.0379177377892031,-0.016852327906312414,-0.009335678527939371,,,
b3_seed1,top1_score,scalar,0,__pooled_test__,20,10286,0.4764170314147972,,0.4308467268584668,0.4917900344457419,0.1153670428396324,0.3764229916061095,-0.12038877844046818,-0.039018263463063786,-0.014832490379725378,-0.0005157122937545197,,,
b3_seed1,top1_score,scalar,0,val_select,50,5282,0.4764170314147972,,0.4189301637427773,0.6293863393610466,0.20713441598699367,0.42225192337405293,-0.11391564264363993,-0.03319678295846293,-0.007374865990596498,-0.0015706988550947634,,,
b3_seed1,top1_score,scalar,0,testA,50,5646,0.4764170314147972,,0.4315920977760814,0.5753345046858177,0.166020666799799,0.4093138378860187,-0.09134450906602788,-0.030145970015884805,-0.009498012950256885,0.003242814643715377,,,
b3_seed1,top1_score,scalar,0,testB,50,4640,0.4764170314147972,,0.41792540792540794,0.6950099158104804,0.27672425016436136,0.4182856656461191,-0.0876254180602006,-0.03971571906354522,-0.016722408026755866,-0.009329343425453347,,,
b3_seed1,top1_score,scalar,0,__pooled_test__,50,10286,0.4764170314147972,,0.4131777725723347,0.6358488418803923,0.21122130479937307,0.4246275370810192,-0.11077287332995094,-0.04576352246719503,-0.018405535116246187,-0.004713384323751879,,,
b3_seed1,margin,scalar,0,val_select,5,5282,0.8176554787693254,,0.837021356213081,0.06503894133008406,0.024489234090560863,0.0405497072395232,0.8133333333333332,0.3822806962191724,0.18324423876969104,0.08960878614764617,,,
b3_seed1,margin,scalar,0,testA,5,5646,0.8176554787693254,,0.8577789624249845,0.046647059785097214,0.017578184432274074,0.02906887535282314,0.8965853658536586,0.451243810644881,0.23694646816598045,0.1199465269820482,,,
b3_seed1,margin,scalar,0,testB,5,4640,0.8176554787693254,,0.802452713079263,0.09142463611890872,0.034300477075900726,0.057124159043007994,0.7192075796726961,0.28402239448751093,0.1597282036558522,0.07883403599437896,,,
b3_seed1,margin,scalar,0,__pooled_test__,5,10286,0.8176554787693254,,0.8345473721663109,0.06426893699938417,0.024377848146793307,0.039891088852590864,0.8115279048490394,0.3584327935801986,0.19035439688965158,0.09907903867839073,,,
b3_seed1,margin,scalar,0,val_select,10,5282,0.8176554787693254,,0.793372902257721,0.13911440819047177,0.061675481317947256,0.07743892687252452,0.6133103843947216,0.2241124595739458,0.10885370920547381,0.05126147132514576,,,
b3_seed1,margin,scalar,0,testA,10,5646,0.8176554787693254,,0.8171128126420393,0.1030500235103861,0.043425887165102706,0.05962413634528339,0.7025316455696202,0.3054105026580317,0.14496734565779423,0.0693391951972361,,,
b3_seed1,margin,scalar,0,testB,10,4640,0.8176554787693254,,0.7625996788626687,0.19083578829571934,0.08619592688948313,0.10463986140623621,0.4876957494407158,0.16596756152125278,0.08650260999254286,0.04745084186977516,,,
b3_seed1,margin,scalar,0,__pooled_test__,10,10286,0.8176554787693254,,0.7966940436974974,0.1372199049213542,0.06065784747778169,0.0765620574435725,0.6288598574821853,0.22878952802628094,0.11393971907970457,0.06084893529722317,,,
b3_seed1,margin,scalar,0,val_select,20,5282,0.8176554787693254,,0.7805871061154339,0.2182113800100387,0.11430754390305176,0.10390383610698695,0.4790496760259181,0.15936683229089896,0.07563284209455103,0.03469014786509384,,,
b3_seed1,margin,scalar,0,testA,20,5646,0.8176554787693254,,0.8014231628979288,0.1738014672607726,0.08769861740256002,0.0861028498582126,0.5731874145006841,0.19862189563851665,0.08862157201915954,0.04150127872802531,,,
b3_seed1,margin,scalar,0,testB,20,4640,0.8176554787693254,,0.7531453657274975,0.2875094234390667,0.155526924188291,0.1319824992507757,0.36503856041131105,0.12114395886889455,0.059792440255165294,0.02764623641365618,,,
b3_seed1,margin,scalar,0,__pooled_test__,20,10286,0.8176554787693254,,0.7843099417041768,0.21861307641128142,0.1153670428396324,0.10324603357164902,0.48045062955599727,0.1600601760683921,0.07499306983284516,0.03691933992081523,,,
b3_seed1,margin,scalar,0,val_select,50,5282,0.8176554787693254,,0.7679766878556696,0.3379702811630999,0.20713441598699367,0.13083586517610624,0.3251411491198938,0.10337281993158703,0.04539238889462516,0.023599664257494213,,,
b3_seed1,margin,scalar,0,testA,50,5646,0.8176554787693254,,0.7929937938235748,0.27749550769485154,0.166020666799799,0.11147484089505255,0.42661648990762924,0.13705497405892264,0.06233750077248371,0.029530124806651972,,,
b3_seed1,margin,scalar,0,testB,50,4640,0.8176554787693254,,0.7479958447349752,0.4306443318916242,0.27672425016436136,0.15392008172726285,0.23344481605351172,0.07566889632107021,0.03158677071720547,0.014610103854955071,,,
b3_seed1,margin,scalar,0,__pooled_test__,50,10286,0.8176554787693254,,0.7792936793815995,0.3378532806083319,0.21122130479937307,0.12663197580895885,0.34415694233045835,0.10643977977181454,0.04829814845686579,0.02287885071703157,,,
b3_seed1,neg_entropy,scalar,0,val_select,5,5282,0.7879168763528452,,0.8358262635982145,0.06550965029943384,0.024489234090560863,0.04102041620887298,0.8186666666666667,0.3845027081032759,0.21682307296779305,0.10270794030379479,,,
b3_seed1,neg_entropy,scalar,0,testA,5,5646,0.7879168763528452,,0.8584871820585767,0.046508963451440725,0.017578184432274074,0.02893077901916665,0.8829268292682926,0.45002435244631384,0.24670141388544958,0.13226932940470348,,,
b3_seed1,neg_entropy,scalar,0,testB,5,4640,0.7879168763528452,,0.8009130208840096,0.09165623824032228,0.034300477075900726,0.05735576116442155,0.7226528854435831,0.27756244616709735,0.14345870418221854,0.07702071716759634,,,
b3_seed1,neg_entropy,scalar,0,__pooled_test__,5,10286,0.7879168763528452,,0.8338024239549094,0.06437372943488515,0.024377848146793307,0.03999588128809184,0.8197621225983531,0.36129182747690025,0.1913709010994573,0.10293118602770814,,,
b3_seed1,neg_entropy,scalar,0,val_select,10,5282,0.7879168763528452,,0.799788018987507,0.13770314761643185,0.061675481317947256,0.07602766629848459,0.6259323006310956,0.23917127505356403,0.12861446386543807,0.06394352676892165,,,
b3_seed1,neg_entropy,scalar,0,testA,10,5646,0.7879168763528452,,0.8133831339854427,0.10385384872578765,0.043425887165102706,0.060427961560684945,0.6797468354430379,0.28879731422502325,0.15551462346629186,0.08399527086342144,,,
b3_seed1,neg_entropy,scalar,0,testB,10,4640,0.7879168763528452,,0.7684081346423562,0.19048562796625038,0.08619592688948313,0.10428970107676724,0.4854586129753915,0.18694071588366903,0.09582401193139446,0.054515483339220475,,,
b3_seed1,neg_entropy,scalar,0,__pooled_test__,10,10286,0.7879168763528452,,0.7967033141537894,0.13769212867925387,0.06065784747778169,0.07703428120147218,0.6021377672209025,0.24289251067065115,0.12482579103442136,0.06397423002169164,,,
b3_seed1,neg_entropy,scalar,0,val_select,20,5282,0.7879168763528452,,0.7799326064026101,0.2185454019209345,0.11430754390305176,0.10423785801788274,0.46695464362850986,0.1572072095093728,0.07707266632804843,0.04196521033996851,,,
b3_seed1,neg_entropy,scalar,0,testA,20,5646,0.7879168763528452,,0.7885490903909432,0.1815347848003891,0.08769861740256002,0.09383616739782907,0.5166438668490652,0.20945132948123923,0.11243190337830318,0.05782023542469375,,,
b3_seed1,neg_entropy,scalar,0,testB,20,4640,0.7879168763528452,,0.742857015453149,0.2993110163915083,0.155526924188291,0.1437840922032173,0.3479005998286205,0.12275064267352194,0.06645720270398939,0.03621521670500169,,,
b3_seed1,neg_entropy,scalar,0,__pooled_test__,20,10286,0.7879168763528452,,0.7729720920104578,0.22759492504950848,0.1153670428396324,0.11222788220987609,0.43582946763861274,0.1744181217766247,0.0862826211163924,0.045289910602333956,,,
b3_seed1,neg_entropy,scalar,0,val_select,50,5282,0.7879168763528452,,0.7526379497105944,0.3544783721738264,0.20713441598699367,0.14734395618683271,0.3211557622052474,0.10046708369988401,0.05055841384842309,0.027095548023131417,,,
b3_seed1,neg_entropy,scalar,0,testA,50,5646,0.7879168763528452,,0.7627076352793056,0.2996390817471348,0.166020666799799,0.13361841494733578,0.369825521724256,0.13149586338635869,0.06727856785394193,0.034211426616490015,,,
b3_seed1,neg_entropy,scalar,0,testB,50,4640,0.7879168763528452,,0.7166611938785852,0.4598359830598747,0.27672425016436136,0.18311173289551336,0.2187290969899665,0.06730769230769228,0.03493125232255653,0.018834712198556487,,,
b3_seed1,neg_entropy,scalar,0,__pooled_test__,50,10286,0.7879168763528452,,0.7511404503187831,0.36129014480155264,0.21122130479937307,0.15006884000217957,0.3035684085912395,0.10411445154316291,0.050552920859337096,0.025727081430918883,,,
b3_seed1,norm_entropy,scalar,0,val_select,5,5282,0.7879168763528452,,0.8358262635982145,0.06550965029943384,0.024489234090560863,0.04102041620887298,0.8186666666666667,0.3845027081032759,0.21682307296779305,0.10270794030379479,,,
b3_seed1,norm_entropy,scalar,0,testA,5,5646,0.7879168763528452,,0.8584871820585767,0.046508963451440725,0.017578184432274074,0.02893077901916665,0.8829268292682926,0.45002435244631384,0.24670141388544958,0.13226932940470348,,,
b3_seed1,norm_entropy,scalar,0,testB,5,4640,0.7879168763528452,,0.8009130208840096,0.09165623824032228,0.034300477075900726,0.05735576116442155,0.7226528854435831,0.27756244616709735,0.14345870418221854,0.07702071716759634,,,
b3_seed1,norm_entropy,scalar,0,__pooled_test__,5,10286,0.7879168763528452,,0.8338024239549094,0.06437372943488515,0.024377848146793307,0.03999588128809184,0.8197621225983531,0.36129182747690025,0.1913709010994573,0.10293118602770814,,,
b3_seed1,norm_entropy,scalar,0,val_select,10,5282,0.7879168763528452,,0.799788018987507,0.13770314761643185,0.061675481317947256,0.07602766629848459,0.6259323006310956,0.23917127505356403,0.12861446386543807,0.06394352676892165,,,
b3_seed1,norm_entropy,scalar,0,testA,10,5646,0.7879168763528452,,0.8133831339854427,0.10385384872578765,0.043425887165102706,0.060427961560684945,0.6797468354430379,0.28879731422502325,0.15551462346629186,0.08399527086342144,,,
b3_seed1,norm_entropy,scalar,0,testB,10,4640,0.7879168763528452,,0.7684081346423562,0.19048562796625038,0.08619592688948313,0.10428970107676724,0.4854586129753915,0.18694071588366903,0.09582401193139446,0.054515483339220475,,,
b3_seed1,norm_entropy,scalar,0,__pooled_test__,10,10286,0.7879168763528452,,0.7967033141537894,0.13769212867925387,0.06065784747778169,0.07703428120147218,0.6021377672209025,0.24289251067065115,0.12482579103442136,0.06397423002169164,,,
b3_seed1,norm_entropy,scalar,0,val_select,20,5282,0.7879168763528452,,0.7799326064026101,0.2185454019209345,0.11430754390305176,0.10423785801788274,0.46695464362850986,0.1572072095093728,0.07707266632804843,0.04196521033996851,,,
b3_seed1,norm_entropy,scalar,0,testA,20,5646,0.7879168763528452,,0.7885490903909432,0.1815347848003891,0.08769861740256002,0.09383616739782907,0.5166438668490652,0.20945132948123923,0.11243190337830318,0.05782023542469375,,,
b3_seed1,norm_entropy,scalar,0,testB,20,4640,0.7879168763528452,,0.742857015453149,0.2993110163915083,0.155526924188291,0.1437840922032173,0.3479005998286205,0.12275064267352194,0.06645720270398939,0.03621521670500169,,,
b3_seed1,norm_entropy,scalar,0,__pooled_test__,20,10286,0.7879168763528452,,0.7729720920104578,0.22759492504950848,0.1153670428396324,0.11222788220987609,0.43582946763861274,0.1744181217766247,0.0862826211163924,0.045289910602333956,,,
b3_seed1,norm_entropy,scalar,0,val_select,50,5282,0.7879168763528452,,0.7526379497105944,0.3544783721738264,0.20713441598699367,0.14734395618683271,0.3211557622052474,0.10046708369988401,0.05055841384842309,0.027095548023131417,,,
b3_seed1,norm_entropy,scalar,0,testA,50,5646,0.7879168763528452,,0.7627076352793056,0.2996390817471348,0.166020666799799,0.13361841494733578,0.369825521724256,0.13149586338635869,0.06727856785394193,0.034211426616490015,,,
b3_seed1,norm_entropy,scalar,0,testB,50,4640,0.7879168763528452,,0.7166611938785852,0.4598359830598747,0.27672425016436136,0.18311173289551336,0.2187290969899665,0.06730769230769228,0.03493125232255653,0.018834712198556487,,,
b3_seed1,norm_entropy,scalar,0,__pooled_test__,50,10286,0.7879168763528452,,0.7511404503187831,0.36129014480155264,0.21122130479937307,0.15006884000217957,0.3035684085912395,0.10411445154316291,0.050552920859337096,0.025727081430918883,,,
b3_seed1,stats_logistic,summary_statistics,18,val_select,5,5282,0.8120372479148852,0.1,0.8447472268997407,0.06344557482079748,0.024489234090560863,0.03895634073023661,0.8186666666666667,0.4078338328863645,0.2158354601972604,0.1101931712501661,0.013071363193689524,0.12322696693221738,0.3781658907707941
b3_seed1,stats_logistic,summary_statistics,18,testA,5,5646,0.8120372479148852,0.1,0.8655222974649136,0.04510313183293289,0.017578184432274074,0.027524947400658813,0.8946341463414633,0.4670967672262512,0.2532047110317621,0.13740383041414278,0.013693616193702551,0.10765866519468406,0.3302340991897583
b3_seed1,stats_logistic,summary_statistics,18,testB,5,4640,0.8120372479148852,0.1,0.8112417584131589,0.08856984300418433,0.034300477075900726,0.0542693659282836,0.7433247200689064,0.2937123169681311,0.14728682170542653,0.07883403599437896,0.022527234577934343,0.14640482228578877,0.43582892417479663
b3_seed1,stats_logistic,summary_statistics,18,__pooled_test__,5,10286,0.8120372479148852,0.1,0.8426160301808365,0.06226044797345106,0.024377848146793307,0.03788259982665775,0.8325709057639525,0.38530771220919224,0.19492866583377755,0.10341270444637307,0.015257063711065819,0.12513700166199165,0.37786777485868484
b3_seed1,stats_logistic,summary_statistics,18,val_select,10,5282,0.8120372479148852,0.1,0.8119770893204271,0.1329859627018959,0.061675481317947256,0.07131048138394863,0.6408491107286287,0.2585326092416451,0.12861446386543807,0.06575524897517526,0.014981932077455377,0.16372735985072037,0.4857004138490007
b3_seed1,stats_logistic,summary_statistics,18,testA,10,5646,0.8120372479148852,0.1,0.8290222406246303,0.09933179861560447,0.043425887165102706,0.055905911450501763,0.7113924050632912,0.3220236910910398,0.1653587494208897,0.08666001189363685,0.015388841575049904,0.1468166826541021,0.4419313846527588
b3_seed1,stats_logistic,summary_statistics,18,testB,10,4640,0.8120372479148852,0.1,0.7838782627521484,0.1816258914947933,0.08619592688948313,0.09542996460531017,0.53579418344519,0.19113534675615207,0.09644543872731798,0.04803956199222891,0.017228926426653884,0.1819626009477243,0.5336585956191661
b3_seed1,stats_logistic,summary_statistics,18,__pooled_test__,10,10286,0.8120372479148852,0.1,0.8128072984585635,0.13139083854933867,0.06065784747778169,0.07073299107155698,0.6549881235154392,0.2599645422927835,0.13010388652761748,0.0677245836910538,0.007366897731281703,0.16267095651006233,0.4833093993216417
b3_seed1,stats_logistic,summary_statistics,18,val_select,20,5282,0.8120372479148852,0.1,0.8012137835848764,0.20833887040678162,0.11430754390305176,0.09403132650372986,0.5187904967602593,0.1771837202384907,0.07995231479504375,0.04378397595868711,0.0214220126701485,0.178998102430013,0.5267028651081247
b3_seed1,stats_logistic,summary_statistics,18,testA,20,5646,0.8120372479148852,0.1,0.8161331060350648,0.1685357572298534,0.08769861740256002,0.08083713982729337,0.5850433196534429,0.2350999885824249,0.11952434250655881,0.060700051312341186,0.0231591543464683,0.1702809388653628,0.5051173659178979
b3_seed1,stats_logistic,summary_statistics,18,testB,20,4640,0.8120372479148852,0.1,0.7750298948163243,0.2768787823462269,0.155526924188291,0.12135185815793592,0.3856041131105399,0.14363753213367608,0.06360087594020769,0.03801921255581114,0.026145472601484747,0.19063404014810076,0.5584251720650496
b3_seed1,stats_logistic,summary_statistics,18,__pooled_test__,20,10286,0.8120372479148852,0.1,0.8019464774510123,0.21140574950238217,0.1153670428396324,0.09603870666274977,0.5056328694499669,0.19043275352811515,0.09487249709300415,0.04412733134101204,0.018265211445592518,0.17946219396471183,0.5291644416055106
b3_seed1,stats_logistic,summary_statistics,18,val_select,50,5282,0.8120372479148852,0.1,0.7935706460722837,0.3263430829515655,0.20713441598699367,0.11920866696457183,0.3729657920956494,0.12122234249776392,0.056462442367049476,0.027095548023131417,0.03827645602322627,0.17886694890432006,0.534343973387597
b3_seed1,stats_logistic,summary_statistics,18,testA,50,5646,0.8120372479148852,0.1,0.8068300732385858,0.27031900860083447,0.166020666799799,0.10429834180103548,0.44509066028053373,0.14731794760827152,0.0760204557672914,0.037092227730236405,0.043482625426682735,0.1776748435764036,0.5303475416143548
b3_seed1,stats_logistic,summary_statistics,18,testB,50,4640,0.8120372479148852,0.1,0.7663912029998986,0.42218207936119667,0.27672425016436136,0.1454578291968353,0.26622073578595307,0.08653846153846158,0.03976217019695275,0.020242914979757075,0.03919005661537717,0.17738523592514507,0.5351215755612471
b3_seed1,stats_logistic,summary_statistics,18,__pooled_test__,50,10286,0.8120372479148852,0.1,0.794674081445229,0.3301177127175744,0.21122130479937307,0.11889640791820133,0.35565702688990347,0.11975756871772796,0.058820419668399,0.029465384242895888,0.0383803804011303,0.1775442019759914,0.5325011015515102
b3_seed1,stats_logistic_noK,summary_statistics,17,val_select,5,5282,0.8120889840302625,0.1,0.8447998289364659,0.06343990554249736,0.024489234090560863,0.038950671451936494,0.8186666666666667,0.4078338328863645,0.21682307296779305,0.1101931712501661,0.011584041948714291,0.12321075491551321,0.3782037851855765
b3_seed1,stats_logistic_noK,summary_statistics,17,testA,5,5646,0.8120889840302625,0.1,0.8655119523279198,0.04510942097295768,0.017578184432274074,0.027531236540683603,0.8926829268292681,0.46587730902768404,0.2532047110317621,0.13843073061603114,0.013788668298145011,0.10768066736682042,0.3302881669722152
b3_seed1,stats_logistic_noK,summary_statistics,17,testB,5,4640,0.8120889840302625,0.1,0.8113437608547804,0.08854251092393392,0.034300477075900726,0.054242033848033194,0.7433247200689064,0.2937123169681311,0.14728682170542653,0.07883403599437896,0.021853859630887106,0.1463766137583484,0.43573550563910696
b3_seed1,stats_logistic_noK,summary_statistics,17,__pooled_test__,5,10286,0.8120889840302625,0.1,0.8426529090847481,0.06225508025939036,0.024377848146793307,0.037877232112597053,0.8316559926806955,0.38530771220919224,0.19391216162397185,0.10196814919037879,0.015332495643433783,0.1251363538588183,0.3778553117723686
b3_seed1,stats_logistic_noK,summary_statistics,17,val_select,10,5282,0.8120889840302625,0.1,0.8120404761175246,0.13296214612929677,0.061675481317947256,0.07128666481134951,0.6408491107286287,0.25924969569305545,0.1279770201667297,0.0663591563772599,0.01432048247801713,0.16367004909546792,0.4855165812421346
b3_seed1,stats_logistic_noK,summary_statistics,17,testA,10,5646,0.8120889840302625,0.1,0.8290978911255424,0.099279310722412,0.043425887165102706,0.055853423557309295,0.7113924050632912,0.3220236910910398,0.16606190127478948,0.08666001189363685,0.01506040532566825,0.1467893867979605,0.44178614044164244
b3_seed1,stats_logistic_noK,summary_statistics,17,testB,10,4640,0.8120889840302625,0.1,0.7837741323644305,0.18168637628463097,0.08619592688948313,0.09549044939514784,0.5346756152125279,0.1918344519015661,0.09458115833954772,0.04803956199222891,0.016765506335457845,0.18199388098427566,0.5337609726096268
b3_seed1,stats_logistic_noK,summary_statistics,17,__pooled_test__,10,10286,0.8120889840302625,0.1,0.8128073842961218,0.13137577377612808,0.06065784747778169,0.07071792629834639,0.653206650831354,0.2599645422927835,0.13010388652761748,0.0677245836910538,0.007766220338266104,0.16267008415597162,0.48327585668308204
b3_seed1,stats_logistic_noK,summary_statistics,17,val_select,20,5282,0.8120889840302625,0.1,0.8013743693224461,0.20829720019907513,0.11430754390305176,0.09398965629602338,0.51792656587473,0.1771837202384907,0.07995231479504375,0.04378397595868711,0.020215350459345843,0.17892674476260578,0.5267160126803604
b3_seed1,stats_logistic_noK,summary_statistics,17,testA,20,5646,0.8120889840302625,0.1,0.8161776095886802,0.16850631984792244,0.08769861740256002,0.08080770244536242,0.5886912904696763,0.23566995878467328,0.11952434250655881,0.061180020626949286,0.027119935456553893,0.17019083768735707,0.5050626703667414
b3_seed1,stats_logistic_noK,summary_statistics,17,testB,20,4640,0.8120889840302625,0.1,0.7750642673521851,0.27689647809225476,0.155526924188291,0.12136955390396376,0.3881748071979434,0.14363753213367608,0.06550509378272867,0.036666215667704054,0.02915713934015647,0.19078403306376004,0.5589873092769774
b3_seed1,stats_logistic_noK,summary_statistics,17,__pooled_test__,20,10286,0.8120889840302625,0.1,0.8019951138800122,0.21139481000587157,0.1153670428396324,0.09602776716623918,0.5051910757676166,0.19015663918757209,0.09536334714881074,0.04366229963648322,0.02104596335336349,0.1794803988915676,0.5293879984382459
b3_seed1,stats_logistic_noK,summary_statistics,17,val_select,50,5282,0.8120889840302625,0.1,0.7941787202977019,0.32605126976509863,0.20713441598699367,0.11891685377810496,0.37429425440053143,0.12039213214584878,0.056462442367049476,0.027095548023131417,0.042614911298403765,0.17923522711687107,0.5353972348816095
b3_seed1,stats_logistic_noK,summary_statistics,17,testA,50,5646,0.8120889840302625,0.1,0.8073537354719224,0.27010791078854235,0.166020666799799,0.10408724398874336,0.4444064317482039,0.14817319540405055,0.07678061993366952,0.03745232786945486,0.047093148566301056,0.17808320348560516,0.5318207671889984
b3_seed1,stats_logistic_noK,summary_statistics,17,testB,50,4640,0.8120889840302625,0.1,0.7675802168845647,0.42153483813658765,0.27672425016436136,0.1448105879722263,0.2682274247491639,0.08904682274247484,0.04013377926421404,0.020242914979757075,0.04194540620433216,0.1777139597981463,0.5359371852335154
b3_seed1,stats_logistic_noK,summary_statistics,17,__pooled_test__,50,10286,0.8120889840302625,0.1,0.7954487101619724,0.32973956573172686,0.21122130479937307,0.11851826093235379,0.36005411804498555,0.12039174914372373,0.059008317368605026,0.0298214130821318,0.04109722670997734,0.17791663818229883,0.5336776775260157
b3_seed1,stats_logistic_noent,summary_statistics,16,val_select,5,5282,0.812772401002784,0.1,0.8443591265068292,0.06354594989308339,0.024489234090560863,0.039056715802522526,0.8151111111111109,0.41116685071252035,0.2069469452624687,0.11112882511846206,0.011650855908091085,0.12330460698049164,0.3782268202214589
b3_seed1,stats_logistic_noent,summary_statistics,16,testA,5,5646,0.812772401002784,0.1,0.8653867550577692,0.04512642022230094,0.017578184432274074,0.027548235790026868,0.8907317073170734,0.4597800180348494,0.2564563596049181,0.13329622960659124,0.017077930585122306,0.10782852610880954,0.3308009937501656
b3_seed1,stats_logistic_noent,summary_statistics,16,testB,5,4640,0.812772401002784,0.1,0.8115096386117864,0.08850100611240863,0.034300477075900726,0.054200529036507905,0.748492678725237,0.2937123169681311,0.14824385108622865,0.08155401423455289,0.025502380468475257,0.14623233542173603,0.43560793832965883
b3_seed1,stats_logistic_noent,summary_statistics,16,__pooled_test__,5,10286,0.812772401002784,0.1,0.8426279466413654,0.06226258171373015,0.024377848146793307,0.03788473356693684,0.8307410795974383,0.38530771220919224,0.1979781784631952,0.10389422286503748,0.01698267792605655,0.12515242997931111,0.3780792576864721
b3_seed1,stats_logistic_noent,summary_statistics,16,val_select,10,5282,0.812772401002784,0.1,0.8114894486921164,0.13319785586976823,0.061675481317947256,0.07152237455182098,0.6442914515203672,0.25924969569305545,0.1279770201667297,0.06877478598559815,0.018080973136560072,0.16396139100713283,0.48630021273012763
b3_seed1,stats_logistic_noent,summary_statistics,16,testA,10,5646,0.812772401002784,0.1,0.8292546402087082,0.09912346650791497,0.043425887165102706,0.05569757934281226,0.7126582278481014,0.3236058995132314,0.16817135683648918,0.08666001189363685,0.014566884462641599,0.14681426321928626,0.44174462707111894
b3_seed1,stats_logistic_noent,summary_statistics,16,testB,10,4640,0.812772401002784,0.1,0.7828812780230365,0.18203455134671906,0.08619592688948313,0.09583862445723593,0.5290827740492171,0.18833892617449682,0.0939597315436242,0.051571882726951714,0.0233907805795147,0.18237486026622435,0.5346460569490091
b3_seed1,stats_logistic_noent,summary_statistics,16,__pooled_test__,10,10286,0.812772401002784,0.1,0.8124995708122087,0.13142352518803685,0.06065784747778169,0.07076567771025516,0.6520190023752969,0.2562532310705808,0.12845448168599374,0.06803711316350082,0.013552796935046818,0.16285559807227018,0.4836523302242796
b3_seed1,stats_logistic_noent,summary_statistics,16,val_select,20,5282,0.812772401002784,0.1,0.8020651937329342,0.20817096275689206,0.11430754390305176,0.09386341885384031,0.5144708423326134,0.174484191761583,0.08331190467320478,0.0433292845540074,0.019331776641752542,0.1788044258267363,0.5262245107559457
b3_seed1,stats_logistic_noent,summary_statistics,16,testA,20,5646,0.812772401002784,0.1,0.8165852727044387,0.1682839440466346,0.08769861740256002,0.08058532664407458,0.5941632466940265,0.231110197166685,0.12003094530143416,0.06022008199773338,0.02291837347994237,0.1700470111699377,0.504631248497078
b3_seed1,stats_logistic_noent,summary_statistics,16,testB,20,4640,0.812772401002784,0.1,0.7757074982665094,0.27659323894228127,0.155526924188291,0.12106631475399027,0.3864610111396744,0.14631533847472145,0.06883747500714094,0.03350922292878731,0.025612415349882543,0.19033504445646804,0.5579446567351399
b3_seed1,stats_logistic_noent,summary_statistics,16,__pooled_test__,20,10286,0.812772401002784,0.1,0.8025728440800087,0.2111326349286008,0.1153670428396324,0.0957655920889684,0.50960901259112,0.19070886786865796,0.09315452189768185,0.04575494230686278,0.016916022389254153,0.17919891418855532,0.5286808512799486
b3_seed1,stats_logistic_noent,summary_statistics,16,val_select,50,5282,0.812772401002784,0.1,0.7967604765207742,0.3248960645248846,0.20713441598699367,0.11776164853789095,0.3749584855529724,0.12163744767372149,0.0568314441494635,0.02884348990595012,0.03669423819398851,0.17814684107082246,0.5327864699187438
b3_seed1,stats_logistic_noent,summary_statistics,16,testA,50,5646,0.812772401002784,0.1,0.8094547919805802,0.269229758257455,0.166020666799799,0.103209091457656,0.44372220321587424,0.14731794760827152,0.0760204557672914,0.03601192731258167,0.042213902247119704,0.1767590332152087,0.5281759853116389
b3_seed1,stats_logistic_noent,summary_statistics,16,testB,50,4640,0.812772401002784,0.1,0.7719574338704773,0.419401991481569,0.27672425016436136,0.14267774131720762,0.26555183946488287,0.09113712374581945,0.04645113340765507,0.02165111776095766,0.044540371662090725,0.17641937180377046,0.5332274525562745
b3_seed1,stats_logistic_noent,summary_statistics,16,__pooled_test__,50,10286,0.812772401002784,0.1,0.7982834722656815,0.32838530928363785,0.21122130479937307,0.11716400448426478,0.36411297141890747,0.12187150347104735,0.05994780586963475,0.03053347076060363,0.04348460137987729,0.17660581243462603,0.5304546950156162
b3_seed1,top_scores_logistic,summary_statistics,14,val_select,5,5282,0.7868852328237494,0.1,0.813361131157619,0.07356004572353761,0.024489234090560863,0.049070811632976746,0.7262222222222221,0.3611715833201869,0.19410797924554749,0.10177228643549883,0.01523842279036493,0.13159363675517222,0.40558139541857946
b3_seed1,top_scores_logistic,summary_statistics,14,testA,5,5646,0.7868852328237494,0.1,0.8317906059822339,0.05416255712360538,0.017578184432274074,0.03658437269133131,0.806829268292683,0.41344060648930603,0.22610763958879262,0.12610792819337585,0.018048201968170655,0.11586186132091833,0.35989556796457345
b3_seed1,top_scores_logistic,summary_statistics,14,testB,5,4640,0.7868852328237494,0.1,0.761824298813677,0.11120603657830422,0.034300477075900726,0.07690555950240349,0.6020671834625324,0.2549526270456505,0.13484543975500043,0.07520739834081329,0.0305256965425986,0.15902440042069235,0.4819608086688232
b3_seed1,top_scores_logistic,summary_statistics,14,__pooled_test__,5,10286,0.7868852328237494,0.1,0.8010084940078841,0.07658196450835293,0.024377848146793307,0.052204116361559624,0.7008234217749315,0.333273295289226,0.18222236321120489,0.09426385449174397,0.01751956110494949,0.13533242144370186,0.41495902478624547
b3_seed1,top_scores_logistic,summary_statistics,14,val_select,10,5282,0.7868852328237494,0.1,0.7866744092585577,0.1451753064967226,0.061675481317947256,0.08349982517877536,0.6041308089500861,0.22626371892817687,0.11522814619255924,0.056696637943906565,0.026586085172458147,0.17328155426802896,0.5114736287444658
b3_seed1,top_scores_logistic,summary_statistics,14,testA,10,5646,0.7868852328237494,0.1,0.8000957305721419,0.11081258005507855,0.043425887165102706,0.06738669288997584,0.6189873417721518,0.29512614791378844,0.15621777532019163,0.07999815931809813,0.030784182014235925,0.15710314403865813,0.4713116840988077
b3_seed1,top_scores_logistic,summary_statistics,14,testB,10,4640,0.7868852328237494,0.1,0.7532145109519283,0.20416259937209166,0.08619592688948313,0.11796667248260853,0.46868008948545853,0.1799496644295302,0.09209545115585394,0.04921700223713642,0.018076008424587186,0.19365426726910492,0.5668311670299847
b3_seed1,top_scores_logistic,summary_statistics,14,__pooled_test__,10,10286,0.7868852328237494,0.1,0.782573250338715,0.14734683174084584,0.06065784747778169,0.08668898426306415,0.5611638954869359,0.24177911730399018,0.12053733844619956,0.06459928896658533,0.018344736029792547,0.173591303847065,0.5144003872682283
b3_seed1,top_scores_logistic,summary_statistics,14,val_select,20,5282,0.7868852328237494,0.1,0.7728519837725418,0.2265037268808793,0.11430754390305176,0.11219618297782755,0.4695464362850971,0.1636860778539515,0.0775526077392144,0.04105582753060908,0.054396518909527784,0.19457961134346072,0.5660515863420522
b3_seed1,top_scores_logistic,summary_statistics,14,testA,20,5646,0.7868852328237494,0.1,0.7824132784869954,0.1861101609300904,0.08769861740256002,0.09841154352753037,0.5075239398084815,0.20603150826774802,0.11091209499367687,0.05494041953704659,0.06269561971252574,0.18758547616127005,0.5487951580627257
b3_seed1,top_scores_logistic,summary_statistics,14,testB,20,4640,0.7868852328237494,0.1,0.7515255831997449,0.29874922861667536,0.155526924188291,0.14322230442838435,0.36418166238217653,0.13774635818337616,0.07264591069218312,0.032156226040680226,0.03639267349710882,0.20289450539150167,0.5894629245289744
b3_seed1,top_scores_logistic,summary_statistics,14,__pooled_test__,20,10286,0.7868852328237494,0.1,0.7726421084152798,0.2309119220640795,0.1153670428396324,0.11554487922444712,0.44024740446211613,0.17497035045771056,0.08922772145123066,0.04575494230686278,0.048608017049684274,0.19449135751731467,0.5671403297916189
b3_seed1,top_scores_logistic,summary_statistics,14,val_select,50,5282,0.7868852328237494,0.1,0.7595699666319634,0.3520476060024755,0.20713441598699367,0.1449131900154818,0.32713384257721695,0.10752387169116318,0.051665419195665564,0.027794724776258783,0.10051900853146616,0.2041958808746445,0.5930348931255526
b3_seed1,top_scores_logistic,summary_statistics,14,testA,50,5646,0.7868852328237494,0.1,0.7673057615786456,0.29766508835079775,0.166020666799799,0.13164442155099876,0.36777283612726647,0.13363398287580636,0.0695590603530765,0.03565182717336321,0.11068485394124943,0.207865653754732,0.5995600834766023
b3_seed1,top_scores_logistic,summary_statistics,14,testB,50,4640,0.7868852328237494,0.1,0.7422736394040742,0.4504917957559058,0.27672425016436136,0.17376754559154445,0.2421404682274247,0.08695652173913039,0.04273504273504271,0.02165111776095766,0.09309463991896677,0.1980947003334239,0.5829570614241939
b3_seed1,top_scores_logistic,summary_statistics,14,__pooled_test__,50,10286,0.7868852328237494,0.1,0.7622556956191014,0.3582369557672561,0.21122130479937307,0.14701565096788305,0.32081853543040745,0.11552969921108881,0.058820419668399,0.03071148518022168,0.1003896717417642,0.20345799053532024,0.5920704837951737
b3_seed1,stats_mlp,summary_statistics,1121,val_select,5,5282,0.8114007508059824,0.001,0.8414382166626574,0.06410337301920824,0.024489234090560863,0.039614138928647374,0.8097777777777779,0.3989457853499497,0.2059593324919366,0.10645055577698019,0.0202673740631385,0.12466570724417333,0.3817900673995003
b3_seed1,stats_mlp,summary_statistics,1121,testA,5,5646,0.8114007508059824,0.001,0.8638843878159621,0.04563402694288443,0.017578184432274074,0.028055842510610357,0.8907317073170734,0.4780718910133533,0.2542885938894808,0.13740383041414278,0.011118509762155384,0.10778775591749118,0.3314839824932295
b3_seed1,stats_mlp,summary_statistics,1121,testB,5,4640,0.8114007508059824,0.001,0.8105947113714649,0.08880435945863556,0.034300477075900726,0.05450388238273483,0.7416020671834624,0.29586563307493563,0.1530289979902383,0.07520739834081329,0.01793771859836477,0.14633443309357191,0.43557975114843306
b3_seed1,stats_mlp,summary_statistics,1121,__pooled_test__,5,10286,0.8114007508059824,0.001,0.8417304846780297,0.06263785391603448,0.024377848146793307,0.03826000576924117,0.825251601097896,0.38873855288523396,0.1979781784631952,0.10678333337702553,0.012228847430787514,0.12517610727827422,0.37844143597953556
b3_seed1,stats_mlp,summary_statistics,1121,val_select,10,5282,0.8114007508059824,0.001,0.8099302307522587,0.1337839424452513,0.061675481317947256,0.07210846112730404,0.6293746414228341,0.25566426343600335,0.1254272453718957,0.06756697118142886,0.020524629419588408,0.16475529969324382,0.48836756014389343
b3_seed1,stats_mlp,summary_statistics,1121,testA,10,5646,0.8114007508059824,0.001,0.8282482239254827,0.09969085468053453,0.043425887165102706,0.05626496751543182,0.718987341772152,0.3251881079354225,0.17098396425208823,0.08532764137852895,0.016168403677745267,0.14727912808359367,0.4433475000935679
b3_seed1,stats_mlp,summary_statistics,1121,testB,10,4640,0.8114007508059824,0.001,0.7810988050302625,0.18280801908177735,0.08619592688948313,0.09661209219229422,0.5223713646532439,0.19253355704697983,0.09458115833954772,0.04862828211468266,0.018069828282399426,0.18318135657469212,0.5364129323470146
b3_seed1,stats_mlp,summary_statistics,1121,__pooled_test__,10,10286,0.8114007508059824,0.001,0.8112228015112903,0.13201360539481322,0.06065784747778169,0.07135575791703153,0.6431116389548692,0.25736662443724145,0.13010388652761748,0.06272411213190425,0.010567848252839839,0.16347457239612495,0.4853291844855562
b3_seed1,stats_mlp,summary_statistics,1121,val_select,20,5282,0.8114007508059824,0.001,0.7992973828018936,0.20952069460639305,0.11430754390305176,0.0952131507033413,0.5110151187904968,0.17772362593387223,0.08139213902854116,0.04105582753060908,0.07397599074254656,0.18639828990280818,0.5443130951987083
b3_seed1,stats_mlp,summary_statistics,1121,testA,20,5646,0.8114007508059824,0.001,0.8138394562695801,0.16971226248868762,0.08769861740256002,0.0820136450861276,0.5868673050615595,0.2316801673689334,0.11699132853218183,0.057340266110085934,0.07702256996993515,0.1778120628661769,0.5245572173361404
b3_seed1,stats_mlp,summary_statistics,1121,testB,20,4640,0.8114007508059824,0.001,0.7717917232420027,0.27856342770685494,0.155526924188291,0.12303650351856393,0.38731790916880887,0.1431019708654671,0.06550509378272867,0.035764217742299334,0.06300724387682717,0.1961841927440682,0.5705172917142249
b3_seed1,stats_mlp,summary_statistics,1121,__pooled_test__,20,10286,0.8114007508059824,0.001,0.7993975526747293,0.21264868333224812,0.1153670428396324,0.09728164049261573,0.5016567263088139,0.18656715276051405,0.09094569664655322,0.04482487889780514,0.0705076639632666,0.18609970457660036,0.5452897416521342
b3_seed1,stats_mlp,summary_statistics,1121,val_select,50,5282,0.8114007508059824,0.001,0.7900633242473181,0.32856734828789363,0.20713441598699367,0.12143293230089997,0.36898040518100306,0.119977026969891,0.054617433454978756,0.027095548023131417,0.17573363055777974,0.21362719246391362,0.6184023511270025
b3_seed1,stats_mlp,summary_statistics,1121,testA,50,5646,0.8114007508059824,0.001,0.7998994638869683,0.2743229860783277,0.166020666799799,0.10830231927852874,0.4293534040369484,0.14432458032304463,0.07297979910177849,0.037812428008673106,0.180638383930134,0.2170997378723002,0.6226003258163558
b3_seed1,stats_mlp,summary_statistics,1121,testB,50,4640,0.8114007508059824,0.001,0.7582922874227223,0.4274515255992348,0.27672425016436136,0.15072727543487346,0.2561872909698997,0.08486622073578595,0.03976217019695275,0.021299067065657384,0.16979915248230099,0.2098468064606984,0.6117374172778471
b3_seed1,stats_mlp,summary_statistics,1121,__pooled_test__,50,10286,0.8114007508059824,0.001,0.7878949199709532,0.334332914125606,0.21122130479937307,0.12311160932623294,0.3472010823608997,0.11700945353841241,0.056377749565721676,0.02875332656442406,0.17574882200927602,0.21382795080737388,0.6177000831935013
b3_seed1,stats_mlp_noK,summary_statistics,1089,val_select,5,5282,0.8103025684517694,0.001,0.8423645256996232,0.06409598055983766,0.024489234090560863,0.039606746469276796,0.8115555555555556,0.3933907556396907,0.20497171972140393,0.10832186351357315,0.01484009308690421,0.12425372641651887,0.38108059421270535
b3_seed1,stats_mlp_noK,summary_statistics,1089,testA,5,5646,0.8103025684517694,0.001,0.8639595484031014,0.045626807945342206,0.017578184432274074,0.02804862351306813,0.8868292682926829,0.4780718910133533,0.2564563596049181,0.1425383314235827,0.018392807787882697,0.10810169206865415,0.33263109962721027
b3_seed1,stats_mlp_noK,summary_statistics,1089,testB,5,4640,0.8103025684517694,0.001,0.8098728955497474,0.08907731699075251,0.034300477075900726,0.054776839914851785,0.7416020671834624,0.2915590008613266,0.14728682170542653,0.0761140577542046,0.018072506965234353,0.1465422933242073,0.43634677473927336
b3_seed1,stats_mlp_noK,summary_statistics,1089,__pooled_test__,5,10286,0.8103025684517694,0.001,0.8413339376277772,0.06276821254845176,0.024377848146793307,0.03839036440165845,0.8188472095150959,0.3881667461058934,0.19645342214848638,0.10485725970236684,0.0147564053280493,0.1254421927322519,0.37941709345571234
b3_seed1,stats_mlp_noK,summary_statistics,1089,val_select,10,5282,0.8103025684517694,0.001,0.8104489163208357,0.13369310778267193,0.061675481317947256,0.07201762646472468,0.6328169822145725,0.25996678214446584,0.12861446386543807,0.06756697118142886,0.020382654225113088,0.16435751980091662,0.4874958163568286
b3_seed1,stats_mlp_noK,summary_statistics,1089,testA,10,5646,0.8103025684517694,0.001,0.8271003131868474,0.09986346992199191,0.043425887165102706,0.056437582756889204,0.7164556962025316,0.31727706582446624,0.16676505312868925,0.08066434457565189,0.01639122913914541,0.14766462900389207,0.4436687420194012
b3_seed1,stats_mlp_noK,summary_statistics,1089,testB,10,4640,0.8103025684517694,0.001,0.7801809476296707,0.18305997073965039,0.08619592688948313,0.09686404385016725,0.5167785234899328,0.1897371364653243,0.09582401193139446,0.05039444248204421,0.011400411467485374,0.18334022492581942,0.5366342856386174
b3_seed1,stats_mlp_noK,summary_statistics,1089,__pooled_test__,10,10286,0.8103025684517694,0.001,0.8101713343414096,0.13221853147230395,0.06065784747778169,0.07156068399452226,0.6395486935866983,0.25959341117056306,0.1277947197493443,0.06428675949413831,0.011229872066131385,0.16375783968615368,0.48560536679027066
b3_seed1,stats_mlp_noK,summary_statistics,1089,val_select,20,5282,0.8103025684517694,0.001,0.7972083851087667,0.21103785435445896,0.11430754390305176,0.0967303104514072,0.4971922246220304,0.18312268288768813,0.08139213902854116,0.04196521033996851,0.020798892284920125,0.18121477776589315,0.5313124786406473
b3_seed1,stats_mlp_noK,summary_statistics,1089,testA,20,5646,0.8103025684517694,0.001,0.8073205440420769,0.1733218879306893,0.08769861740256002,0.08562327052812929,0.5658914728682171,0.23054022696443632,0.11800453412193251,0.056860296795478125,0.025203740110094977,0.17407736083224,0.5144646863956819
b3_seed1,stats_mlp_noK,summary_statistics,1089,testB,20,4640,0.8103025684517694,0.001,0.7669251295565905,0.28268367088761787,0.155526924188291,0.12715674669932686,0.3753213367609256,0.14203084832904891,0.06740931162524988,0.033058223966084946,0.025979825841455622,0.19476193896205568,0.5677772149934326
b3_seed1,stats_mlp_noK,summary_statistics,1089,__pooled_test__,20,10286,0.8103025684517694,0.001,0.7939193186849461,0.21626762612987946,0.1153670428396324,0.10090058329024706,0.48442677269715034,0.18711938144159992,0.09143654670235955,0.04482487889780514,0.02144176938724778,0.18340814466680588,0.5385138923740568
b3_seed1,stats_mlp_noK,summary_statistics,1089,val_select,50,5282,0.8103025684517694,0.001,0.7778929920981061,0.34004436788443126,0.20713441598699367,0.1329099518974376,0.3583527067419462,0.11956192179393342,0.05424843167256453,0.027095548023131417,0.05006749030881108,0.18878750905177166,0.5592570610865448
b3_seed1,stats_mlp_noK,summary_statistics,1089,testA,50,5646,0.8103025684517694,0.001,0.7854763887759886,0.28759204085960033,0.166020666799799,0.12157137405980134,0.4143003763256929,0.1468903237103819,0.07564037368410212,0.03673212759101816,0.0349957313133899,0.18883408066446372,0.5577870797080805
b3_seed1,stats_mlp_noK,summary_statistics,1089,testB,50,4640,0.8103025684517694,0.001,0.751584473497517,0.43789045628907775,0.27672425016436136,0.16116620612471638,0.2508361204013378,0.08528428093645478,0.041248606465997734,0.021299067065657384,0.05829438514172517,0.18774465425475353,0.561910252898009
b3_seed1,stats_mlp_noK,summary_statistics,1089,__pooled_test__,50,10286,0.8103025684517694,0.001,0.7775005086522315,0.34630468384924323,0.21122130479937307,0.13508337904987017,0.3417892778623371,0.1195461752423959,0.05694144266633955,0.029109355403659973,0.0449349350043709,0.18834264195738076,0.5596470372816045
b3_seed1,score_deepsets,full_score_set,1969,val_select,5,5282,0.6027844391153744,0.001,0.7596973244594125,0.10438801335474635,0.024489234090560863,0.07989877926418548,0.6106666666666667,0.3245083872324759,0.198058430327677,0.10457924804038775,0.042917563016105,0.14219774624863066,0.49946513582089835
b3_seed1,score_deepsets,full_score_set,1969,testA,5,5646,0.6027844391153744,0.001,0.7378196040346034,0.09824315559893013,0.017578184432274074,0.08066497116665605,0.5375609756097558,0.3512482383623925,0.2163526938693235,0.11275822556883283,0.05228591596313796,0.13047449819267384,0.5018859011480056
b3_seed1,score_deepsets,full_score_set,1969,testB,5,4640,0.6027844391153744,0.001,0.7477244418894319,0.12961331772524537,0.034300477075900726,0.09531284064934464,0.5348837209302325,0.2711024978466843,0.14537276294382276,0.08155401423455289,0.028530603460967554,0.160539136653794,0.5157891033576658
b3_seed1,score_deepsets,full_score_set,1969,__pooled_test__,5,10286,0.6027844391153744,0.001,0.7494598624241808,0.11065231959396833,0.024377848146793307,0.08627447144717502,0.5763952424519672,0.32183715970242033,0.1776480942670784,0.09811600184106138,0.03850001777751704,0.1440366139285865,0.5081576159305082
b3_seed1,score_deepsets,full_score_set,1969,val_select,10,5282,0.6027844391153744,0.001,0.5,0.33077920443482056,0.061675481317947256,0.2691037231168733,0.01319563970166354,0.01974282092198125,0.008137604809525883,0.008384045777141236,0.6700113593335858,0.6700113593335858,18.513098017658624
b3_seed1,score_deepsets,full_score_set,1969,testA,10,5646,0.6027844391153744,0.001,0.5,0.2815892864307046,0.043425887165102706,0.23816339926560187,-0.032911392405063467,-0.01973332810227481,-0.009726062200170528,-0.00660592416390566,0.7201558625575629,0.7201558625575629,19.898641845088036
b3_seed1,score_deepsets,full_score_set,1969,testB,10,4640,0.6027844391153744,0.001,0.5,0.3666996178232856,0.08619592688948313,0.28050369093380245,0.005592841163311081,0.03034116331096195,0.010688540889883233,-0.00023548804898138577,0.6146551724137931,0.6146551724137931,16.983550047980604
b3_seed1,score_deepsets,full_score_set,1969,__pooled_test__,10,10286,0.6027844391153744,0.001,0.5,0.2927214104322114,0.06065784747778169,0.2320635629544297,0.13598574821852707,0.048419802627230085,0.03476828668176307,0.012719396540408743,0.6725646509819172,0.6725646509819172,18.583648073108794
b3_seed1,score_deepsets,full_score_set,1969,val_select,20,5282,0.6027844391153744,0.001,0.5,0.43762366444060974,0.11430754390305176,0.323316120537558,0.01252699784017288,0.006573520497915371,0.006521278886666955,0.0024070581328384253,0.5617190458159788,0.5617190458159788,15.520870816160983
b3_seed1,score_deepsets,full_score_set,1969,testA,20,5646,0.6027844391153744,0.001,0.5,0.3923414774466736,0.08769861740256002,0.30464286004411356,-0.02507979936160487,-0.006567377170967094,0.0030056996852173873,-0.0012159902720776023,0.6115834218916046,0.6115834218916046,16.898674444439155
b3_seed1,score_deepsets,full_score_set,1969,testB,20,4640,0.6027844391153744,0.001,0.5,0.48984136361425146,0.155526924188291,0.33431443942596045,-0.008568980291345292,0.013496143958868874,0.0007616871370085244,-0.003021693050105882,0.49698275862068964,0.49698275862068964,13.732141097701199
b3_seed1,score_deepsets,full_score_set,1969,__pooled_test__,20,10286,0.6027844391153744,0.001,0.5,0.40423765482334,0.1153670428396324,0.2888706119837076,0.1168544289816655,0.03304757941864224,0.022226688833657634,0.0064597632741777555,0.5598872253548512,0.5598872253548512,15.47025574631898
b3_seed1,score_deepsets,full_score_set,1969,val_select,50,5282,0.6027844391153744,0.001,0.5,0.5709596018903438,0.20713441598699367,0.3638251859033501,0.0043175024908667535,0.003747577701763388,0.0007431732225146305,0.0008764197808514953,0.4299507762211284,0.4299507762211284,11.879978976576437
b3_seed1,score_deepsets,full_score_set,1969,testA,50,5646,0.6027844391153744,0.001,0.5,0.5346038576211705,0.166020666799799,0.3685831908213715,-0.03386931235032499,-0.004488536142512715,-0.005317110035176576,-0.0028788877229958586,0.4822883457314913,0.4822883457314913,13.3261194648736
b3_seed1,score_deepsets,full_score_set,1969,testB,50,4640,0.6027844391153744,0.001,0.5,0.6347075839526455,0.27672425016436136,0.3579833337882841,-0.00936454849498334,0.006270903010033493,0.00111482720178369,-0.003344481605351242,0.35560344827586204,0.35560344827586204,9.825686388207993
b3_seed1,score_deepsets,full_score_set,1969,__pooled_test__,50,10286,0.6027844391153744,0.001,0.5,0.5422739766677298,0.21122130479937307,0.33105267186835674,0.09352274649078282,0.02822419389899028,0.017107130222678193,0.00543343759447158,0.42514096830643594,0.42514096830643594,11.747079072522014
b3_seed1,score_deepsets_noK,full_score_set,1937,val_select,5,5282,0.7381006287126657,0.001,0.797438430492075,0.07807205435767581,0.024489234090560863,0.053582820267114945,0.7013333333333331,0.31895335752221693,0.1950955920160796,0.10551490190868423,0.07272835967611606,0.14096364395269226,0.4378923520462179
b3_seed1,score_deepsets_noK,full_score_set,1937,testA,5,5646,0.7381006287126657,0.001,0.820077799652699,0.05812205246291757,0.017578184432274074,0.0405438680306435,0.7560975609756095,0.4146600646878726,0.22068822530019871,0.12610792819337585,0.06375126709572358,0.12206840330111096,0.3906507207656113
b3_seed1,score_deepsets_noK,full_score_set,1937,testB,5,4640,0.7381006287126657,0.001,0.7750182651216763,0.10408399441803182,0.034300477075900726,0.06978351734213109,0.6210163652024117,0.2624892334194662,0.15111493922863453,0.07430073892742198,0.08035691552956044,0.1618272431628424,0.4905037485501572
b3_seed1,score_deepsets_noK,full_score_set,1937,__pooled_test__,5,10286,0.7381006287126657,0.001,0.8022675443055132,0.07618998446152422,0.024377848146793307,0.05181213631473092,0.7108874656907596,0.348712078331414,0.18476362373571942,0.10004207551572009,0.07048470650361525,0.14000355952884128,0.4356942798673314
b3_seed1,score_deepsets_noK,full_score_set,1937,val_select,10,5282,0.7381006287126657,0.001,0.7575960808478333,0.16346544500459853,0.061675481317947256,0.10178996368665127,0.5111876075731497,0.21980994086548328,0.11714047728868458,0.056696637943906565,0.08912906481185136,0.19176300943384542,0.5625649653821385
b3_seed1,score_deepsets_noK,full_score_set,1937,testA,10,5646,0.7381006287126657,0.001,0.7540756318217762,0.13563486555931697,0.043425887165102706,0.09220897839421427,0.5329113924050632,0.26664639631434545,0.14145158638829503,0.07999815931809813,0.07916590247304567,0.1761414830499299,0.5284304358201718
b3_seed1,score_deepsets_noK,full_score_set,1937,testB,10,4640,0.7381006287126657,0.001,0.7372921706498992,0.2185226707959237,0.08619592688948313,0.13232674390644056,0.4351230425055929,0.1778523489932887,0.08898831717623663,0.0456846815024139,0.09614890486258887,0.20952385132842594,0.6068899181738229
b3_seed1,score_deepsets_noK,full_score_set,1937,__pooled_test__,10,10286,0.7381006287126657,0.001,0.7531230493414885,0.1672894280071654,0.06065784747778169,0.10663158052938371,0.5071258907363421,0.22433595455963773,0.12119710038284899,0.061786523714563536,0.08680229958986323,0.19120022199725847,0.563823396944121
b3_seed1,score_deepsets_noK,full_score_set,1937,val_select,20,5282,0.7381006287126657,0.001,0.7333036329793313,0.2594129993447663,0.11430754390305176,0.14510545544171455,0.3926565874730022,0.15828702090013588,0.07707266632804843,0.03878237050721076,0.2204944490257965,0.2596684706630237,0.7452143734858248
b3_seed1,score_deepsets_noK,full_score_set,1937,testA,20,5646,0.7381006287126657,0.001,0.7251399121734915,0.23069273236894072,0.08769861740256002,0.1429941149663807,0.3989968080255358,0.18551258098679962,0.1007800390961689,0.05062069570557544,0.20715059134403188,0.24840385253422256,0.7339043229550329
b3_seed1,score_deepsets_noK,full_score_set,1937,testB,20,4640,0.7381006287126657,0.001,0.7114954208350334,0.33865306988265775,0.155526924188291,0.18312614569436675,0.3230505569837189,0.11311053984575846,0.06264876701894699,0.030803229152572924,0.23340268290505328,0.2723207792677106,0.7708534919810689
b3_seed1,score_deepsets_noK,full_score_set,1937,__pooled_test__,20,10286,0.7381006287126657,0.001,0.726792301313571,0.27152211330988013,0.1153670428396324,0.15615507047024774,0.36558427214490846,0.15812737568459168,0.07769274513978039,0.0431972679319544,0.21899287258485817,0.2591927442358933,0.7505720406568419
b3_seed1,score_deepsets_noK,full_score_set,1937,val_select,50,5282,0.7381006287126657,0.001,0.7102588468730755,0.4028523960250461,0.20713441598699367,0.1957179800380524,0.28130189305878445,0.10337281993158703,0.05055841384842309,0.027794724776258783,0.3670669517302459,0.35190527968914337,1.0171593206798144
b3_seed1,score_deepsets_noK,full_score_set,1937,testA,50,5646,0.7381006287126657,0.001,0.6952861855565965,0.3679283380391686,0.166020666799799,0.2019076712393696,0.2665070133424565,0.11823952255178315,0.06081717243972726,0.03169072564196187,0.35221020272974846,0.3482757626773615,1.0374328815355935
b3_seed1,score_deepsets_noK,full_score_set,1937,testB,50,4640,0.7381006287126657,0.001,0.6952346204520118,0.49549989401576744,0.27672425016436136,0.21877564385140608,0.19866220735785958,0.0739966555183946,0.0367892976588628,0.017426509417356073,0.3890972816802818,0.3586617235719784,1.0046772891659415
b3_seed1,score_deepsets_noK,full_score_set,1937,__pooled_test__,50,10286,0.7381006287126657,0.001,0.7069345783701309,0.4150142617856869,0.21122130479937307,0.20379295698631383,0.2555386436664975,0.10326887764183508,0.050177125458925435,0.02554906701130083,0.3688499116866291,0.35296085489503815,1.0226568803110956
b3_seed2,msp,scalar,0,val_select,5,5282,0.8259485546363363,,0.8430473852029942,0.0637339702582978,0.024716527530644183,0.03901744272765362,0.8283185840707963,0.3982870473135123,0.18882468792000057,0.11040431437973727,0.013897082440960426,0.12448979696323556,0.38082135534955786
b3_seed2,msp,scalar,0,testA,5,5646,0.8259485546363363,,0.8566887604640019,0.045620356479461825,0.016876182025353653,0.028744174454108172,0.8786069651741291,0.43907956344027044,0.23613220790968403,0.1296637617282714,0.008253584829721803,0.10907405632279557,0.3328207747136952
b3_seed2,msp,scalar,0,testB,5,4640,0.8259485546363363,,0.8111133479482509,0.08936432828635167,0.034549222393449514,0.05481510589290216,0.7201716738197426,0.30257510729613757,0.15689079637577497,0.07657555906934721,0.016303349026074474,0.14603071160054168,0.43520030452066405
b3_seed2,msp,scalar,0,__pooled_test__,5,10286,0.8259485546363363,,0.8379318998939342,0.06284579265188812,0.02400774092374186,0.038838051728146264,0.8184331797235023,0.37731928164583745,0.19513665102693636,0.107473435811149,0.006435440916074189,0.12574515106212494,0.37900403529160065
b3_seed2,msp,scalar,0,val_select,10,5282,0.8259485546363363,,0.810016381178413,0.1351842680528737,0.0631256604671393,0.0720586075857344,0.6390465380249718,0.24595673612301133,0.1304439489871009,0.06507628157249123,0.013095488078546217,0.16486896444217367,0.4869236518346551
b3_seed2,msp,scalar,0,testA,10,5646,0.8259485546363363,,0.8216988466525328,0.09992140595799437,0.04301993761155953,0.056901468346434836,0.7113795295613479,0.29516789085690387,0.15599426869148852,0.0832647116966822,0.01776844114786013,0.14974300682967356,0.446550049051785
b3_seed2,msp,scalar,0,testB,10,4640,0.8259485546363363,,0.7817848631099098,0.1807773214235705,0.08400983938137374,0.09676748204219676,0.518958687040181,0.20486700622524046,0.09576809407030128,0.04804455961635828,0.025600962556430348,0.1832270443351316,0.5381578496125122
b3_seed2,msp,scalar,0,__pooled_test__,10,10286,0.8259485546363363,,0.8069583407328734,0.1316687179137757,0.05958359027880322,0.07208512763497249,0.6419161676646706,0.25263792502490456,0.13245809094707542,0.0646363433591273,0.018772747078382408,0.16484760862097486,0.4878741978561573
b3_seed2,msp,scalar,0,val_select,20,5282,0.8259485546363363,,0.7994784942484618,0.21203152936635752,0.11595261835146137,0.09607891101489616,0.4918454935622318,0.1873086899207642,0.08682907188164112,0.04768105207519022,0.029609420129651082,0.18047086747820013,0.531077131573282
b3_seed2,msp,scalar,0,testA,20,5646,0.8259485546363363,,0.8138110082538719,0.17068397866275348,0.08901072975039664,0.08167324891235683,0.5733695652173912,0.2199167877872001,0.11393312714953029,0.05659357471711588,0.03262884878628703,0.17211191761336553,0.5101107947797703
b3_seed2,msp,scalar,0,testB,20,4640,0.8259485546363363,,0.7721048532202072,0.2724229828912817,0.15075248697107424,0.12167049592020746,0.4022589052997393,0.13390529973935708,0.06602953953084277,0.03104851616443375,0.04570312029065899,0.19403058935681666,0.5671967659368281
b3_seed2,msp,scalar,0,__pooled_test__,20,10286,0.8259485546363363,,0.7987955359281621,0.21124559761485537,0.114410862422471,0.09683473519238436,0.5033259423503327,0.18211522227242957,0.08751910614610789,0.0451921095886433,0.03686224505587029,0.18199939932536371,0.5358621953406053
b3_seed2,msp,scalar,0,val_select,50,5282,0.8259485546363363,,0.789316323504103,0.33321461454062484,0.20937985814061982,0.12383475640000502,0.35471074380165274,0.12033120431175748,0.06046193375217725,0.03159824631327211,0.0554537954014029,0.1836517339483156,0.5450745865658834
b3_seed2,msp,scalar,0,testA,50,5646,0.8259485546363363,,0.795742641123016,0.27918478447198675,0.16627910833295384,0.1129056761390329,0.4147008547008547,0.1474736465659644,0.06905579269215634,0.03667106445629939,0.07435950195121864,0.1885312581729379,0.556618332300821
b3_seed2,msp,scalar,0,testB,50,4640,0.8259485546363363,,0.7608339718837488,0.41791642080058344,0.26682788683992525,0.1510885339606582,0.27402376910016985,0.0865874363327675,0.0420675344274665,0.02135644714502724,0.06956081249792145,0.1869714703242154,0.555925804869771
b3_seed2,msp,scalar,0,__pooled_test__,50,10286,0.8259485546363363,,0.785425848085327,0.33414085331196974,0.2076661170642679,0.12647473624770184,0.35706984667802366,0.1167165277243835,0.0564684974328569,0.028811310136878803,0.06977342890272194,0.1878276400883499,0.5563059341596512
b3_seed2,top1_score,scalar,0,val_select,5,5282,0.4690835846172762,,0.4508920959298856,0.24076515479484306,0.024716527530644183,0.21604862726419888,-0.13274336283185822,-0.02645150752400816,-0.002907658571635738,0.005143254196397426,,,
b3_seed2,top1_score,scalar,0,testA,5,5646,0.4690835846172762,,0.454746414447907,0.20385443586326346,0.016876182025353653,0.1869782538379098,-0.11840796019900474,-0.019855339199508163,0.009514411414004404,0.015504134806949354,,,
b3_seed2,top1_score,scalar,0,testB,5,4640,0.4690835846172762,,0.4565468860962732,0.2748802123467181,0.034549222393449514,0.2403309899532686,-0.10386266094420574,-0.05042918454935619,-0.005245588936575829,-0.0020329794443189487,,,
b3_seed2,top1_score,scalar,0,__pooled_test__,5,10286,0.4690835846172762,,0.44739525724915,0.23811825031125006,0.02400774092374186,0.2141105093875082,-0.14101382488479253,-0.04260138780854254,-0.005567186630469146,0.005123922200362197,,,
b3_seed2,top1_score,scalar,0,val_select,10,5282,0.4690835846172762,,0.4589603111134042,0.36524800445425276,0.0631256604671393,0.30212234398711346,-0.09080590238365467,-0.01153875285850032,-0.004498034273784196,0.00593414219592696,,,
b3_seed2,top1_score,scalar,0,testA,10,5646,0.4690835846172762,,0.4605350010122012,0.3096219697349335,0.04301993761155953,0.26660203212337397,-0.09599491417673252,-0.014735742249981683,0.011912955564345198,0.012334828076133389,,,
b3_seed2,top1_score,scalar,0,testB,10,4640,0.4690835846172762,,0.45428635082085594,0.41183266839957045,0.08400983938137374,0.3278228290181967,-0.09677419354838723,-0.037068477645727196,-0.007357102433503036,0.0009829327137877665,,,
b3_seed2,top1_score,scalar,0,__pooled_test__,10,10286,0.4690835846172762,,0.44839708719618065,0.3589877545033747,0.05958359027880322,0.2994041642245715,-0.1275449101796406,-0.03178629980287327,-0.004259594873764967,0.0012912978790681348,,,
b3_seed2,top1_score,scalar,0,val_select,20,5282,0.4690835846172762,,0.4478888249182921,0.483746292674014,0.11595261835146137,0.3677936743225526,-0.10300429184549353,-0.019753254429456718,0.0014726248147030746,0.005666980843213299,,,
b3_seed2,top1_score,scalar,0,testA,20,5646,0.4690835846172762,,0.4439931266914536,0.4407998328066406,0.08901072975039664,0.35178910305624395,-0.11413043478260854,-0.02350540470300591,0.0002186959943877826,0.006539166099276965,,,
b3_seed2,top1_score,scalar,0,testB,20,4640,0.4690835846172762,,0.44589485544239804,0.5346321522647305,0.15075248697107424,0.38387966529365625,-0.0851433536055605,-0.040399652476107745,-0.01409402451974116,-0.0050756779002239785,,,
b3_seed2,top1_score,scalar,0,__pooled_test__,20,10286,0.4690835846172762,,0.43600232785254067,0.48711166810215356,0.114410862422471,0.37270080567968256,-0.1228381374722838,-0.0371144826352317,-0.013238098385815123,-0.003820272955083049,,,
b3_seed2,top1_score,scalar,0,val_select,50,5282,0.4690835846172762,,0.42506508676404353,0.6335335581564422,0.20937985814061982,0.42415370001582237,-0.11206611570247942,-0.020564549248454342,-0.002345341200276832,0.0020207583278707628,,,
b3_seed2,top1_score,scalar,0,testA,50,5646,0.4690835846172762,,0.4360293632619983,0.5756131498653396,0.16627910833295384,0.4093340415323858,-0.09333333333333328,-0.023031624120842628,-0.004249891522618813,-0.000753742901394084,,,
b3_seed2,top1_score,scalar,0,testB,50,4640,0.4690835846172762,,0.42063153888146,0.684782184858554,0.26682788683992525,0.41795429801862877,-0.08183361629881161,-0.04753820033955854,-0.0216940199962272,-0.009739969618443416,,,
b3_seed2,top1_score,scalar,0,__pooled_test__,50,10286,0.4690835846172762,,0.4195673198590228,0.6295184529248639,0.2076661170642679,0.42185233586059595,-0.10391822827938685,-0.035324069962402935,-0.017537684614034394,-0.006514423227787929,,,
b3_seed2,margin,scalar,0,val_select,5,5282,0.8248590824306207,,0.8331415076645011,0.06609626306982912,0.024716527530644183,0.041379735539184934,0.8318584070796461,0.3628921677437188,0.18095874549983065,0.08897949682029668,,,
b3_seed2,margin,scalar,0,testA,5,5646,0.8248590824306207,,0.8521137042647139,0.04653302811050298,0.016876182025353653,0.029656846085149326,0.8786069651741291,0.43907956344027044,0.22065587058802832,0.11500105735305596,,,
b3_seed2,margin,scalar,0,testB,5,4640,0.8248590824306207,,0.8013022509031401,0.09234072190874563,0.034549222393449514,0.05779149951529612,0.7098712446351931,0.2864806866952791,0.1349546971864568,0.06754009487237415,,,
b3_seed2,margin,scalar,0,__pooled_test__,5,10286,0.8248590824306207,,0.8309071743134685,0.0645474418071034,0.02400774092374186,0.040539700883361535,0.805529953917051,0.3606146185262528,0.17926466386525342,0.08904082198550972,,,
b3_seed2,margin,scalar,0,val_select,10,5282,0.8248590824306207,,0.7933542558817459,0.14084743612034575,0.0631256604671393,0.07772177565320645,0.5993189557321228,0.21474516170101002,0.1108962785147296,0.05372576997496893,,,
b3_seed2,margin,scalar,0,testA,10,5646,0.8248590824306207,,0.8122083483108414,0.10298781783930389,0.04301993761155953,0.05996788022774435,0.7113795295613479,0.27609689805032656,0.14681261638436688,0.06921256494166803,,,
b3_seed2,margin,scalar,0,testB,10,4640,0.8248590824306207,,0.7637449028294775,0.18820557915026043,0.08400983938137374,0.10419573976888669,0.509903791737408,0.16383701188455002,0.07753254102999418,0.037917374080362075,,,
b3_seed2,margin,scalar,0,__pooled_test__,10,10286,0.8248590824306207,,0.7936570782994908,0.13645493536999237,0.05958359027880322,0.07687134509118915,0.618562874251497,0.22943489615737533,0.10884019388313464,0.05360611155911685,,,
b3_seed2,margin,scalar,0,val_select,20,5282,0.8248590824306207,,0.7766108959372856,0.2224565040739441,0.11595261835146137,0.10650388572248273,0.4652360515021459,0.15673218518511,0.06870870881715138,0.03457989007812218,,,
b3_seed2,margin,scalar,0,testA,20,5646,0.8248590824306207,,0.7977074217399736,0.1764119062793289,0.08901072975039664,0.08740117652893226,0.5615942028985506,0.19387627417196873,0.09229719555806523,0.04658269299354799,,,
b3_seed2,margin,scalar,0,testB,20,4640,0.8248590824306207,,0.7456698864898972,0.2839258018467815,0.15075248697107424,0.13317331487570727,0.3631624674196351,0.10458297132927895,0.04093059175596103,0.01733046778544967,,,
b3_seed2,margin,scalar,0,__pooled_test__,20,10286,0.8248590824306207,,0.7787212626910958,0.21909796146135224,0.114410862422471,0.10468709903888124,0.4736141906873613,0.15079669299990647,0.06633299467973768,0.029554825634216197,,,
b3_seed2,margin,scalar,0,val_select,50,5282,0.8248590824306207,,0.7726910951054021,0.33788578389632234,0.20937985814061982,0.12850592575570252,0.33024793388429746,0.1033906591622892,0.04613746753495091,0.020463192012885618,,,
b3_seed2,margin,scalar,0,testA,50,5646,0.8248590824306207,,0.7730917177885205,0.28887261184717544,0.16627910833295384,0.1225935035142216,0.3811965811965811,0.12183375623712132,0.058420771148043775,0.02587544694927254,,,
b3_seed2,margin,scalar,0,testB,50,4640,0.8248590824306207,,0.7503564363377756,0.4194895119717173,0.26682788683992525,0.15266162513179204,0.25636672325976234,0.07555178268251277,0.03527636295038673,0.017424716289875648,,,
b3_seed2,margin,scalar,0,__pooled_test__,50,10286,0.8248590824306207,,0.7673147282300077,0.34133568140363213,0.2076661170642679,0.13366956433936422,0.32844974446337305,0.10202352878826541,0.04586914655146067,0.022535164615237423,,,
b3_seed2,neg_entropy,scalar,0,val_select,5,5282,0.806200875933613,,0.8355591505106825,0.06558849583326752,0.024716527530644183,0.04087196830262334,0.8230088495575224,0.3728469776227232,0.19767387314269141,0.10667825915200846,,,
b3_seed2,neg_entropy,scalar,0,testA,5,5646,0.806200875933613,,0.8483990304885827,0.047227306113030984,0.016876182025353653,0.03035112408767733,0.8746268656716419,0.4079864128549197,0.2317103972463542,0.11814306543345937,,,
b3_seed2,neg_entropy,scalar,0,testB,5,4640,0.806200875933613,,0.8005466390835829,0.0925688913045708,0.034549222393449514,0.058019668911121286,0.6927038626609442,0.2864806866952791,0.1607057701478303,0.07838265190874173,,,
b3_seed2,neg_entropy,scalar,0,__pooled_test__,5,10286,0.806200875933613,,0.8284305564703505,0.06511839246442162,0.02400774092374186,0.04111065154067976,0.8156682027649768,0.35946257279386773,0.19206465351177185,0.10165261039252607,,,
b3_seed2,neg_entropy,scalar,0,val_select,10,5282,0.806200875933613,,0.7987306199050666,0.13932663712710475,0.0631256604671393,0.07620097665996545,0.6118047673098753,0.22609482512719237,0.11846311869758301,0.06388149087801537,,,
b3_seed2,neg_entropy,scalar,0,testA,10,5646,0.806200875933613,,0.8052297009956095,0.10517142160701606,0.04301993761155953,0.06215148399545653,0.6694214876033056,0.27371302394950425,0.14045608786405164,0.06988171478714478,,,
b3_seed2,neg_entropy,scalar,0,testB,10,4640,0.806200875933613,,0.7651756858096309,0.18899301412945518,0.08400983938137374,0.10498317474808144,0.47821165817770234,0.18576683644595357,0.09136640885367552,0.046853126023888206,,,
b3_seed2,neg_entropy,scalar,0,__pooled_test__,10,10286,0.806200875933613,,0.7904410154640331,0.1380867779917661,0.05958359027880322,0.07850318771296289,0.5862275449101796,0.2399136833878724,0.11748900125866221,0.06337574543912612,,,
b3_seed2,neg_entropy,scalar,0,val_select,20,5282,0.806200875933613,,0.7792293287739744,0.2218986263629527,0.11595261835146137,0.10594600801149134,0.46180257510729616,0.15941433472332517,0.0796762969877635,0.04090458897325832,,,
b3_seed2,neg_entropy,scalar,0,testA,20,5646,0.806200875933613,,0.7892243341679945,0.18242126412645193,0.08901072975039664,0.09341053437605529,0.5271739130434783,0.20633043285751407,0.11041099875091978,0.05611686606361246,,,
b3_seed2,neg_entropy,scalar,0,testB,20,4640,0.806200875933613,,0.7489190044882309,0.2883093587018538,0.15075248697107424,0.13755687173077957,0.3727193744569938,0.12684622067767157,0.05975480258712222,0.03242032100233207,,,
b3_seed2,neg_entropy,scalar,0,__pooled_test__,20,10286,0.806200875933613,,0.7751556636222369,0.2245409626449214,0.114410862422471,0.1101301002224504,0.4465631929046563,0.17158332747282007,0.08628735547945825,0.04285818661037062,,,
b3_seed2,neg_entropy,scalar,0,val_select,50,5282,0.806200875933613,,0.7543335884319491,0.35621111134502803,0.20937985814061982,0.1468312532044082,0.3150413223140494,0.10504339527443256,0.05091228960735963,0.026726660056853008,,,
b3_seed2,neg_entropy,scalar,0,testA,50,5646,0.806200875933613,,0.7614300926318567,0.30086675323594414,0.16627910833295384,0.1345876449029903,0.36068376068376057,0.13636302742346565,0.06373828192010006,0.03307252528729044,,,
b3_seed2,neg_entropy,scalar,0,testB,50,4640,0.806200875933613,,0.716827781700898,0.44927864815956914,0.26682788683992525,0.18245076131964388,0.22716468590831923,0.07555178268251277,0.03603093755895107,0.017782146367616845,,,
b3_seed2,neg_entropy,scalar,0,__pooled_test__,50,10286,0.806200875933613,,0.7485697047132311,0.3587899035254586,0.2076661170642679,0.15112378646119068,0.301533219761499,0.10606942704603693,0.05135809611504084,0.02594221504127136,,,
b3_seed2,norm_entropy,scalar,0,val_select,5,5282,0.806200875933613,,0.8355591505106825,0.06558849583326752,0.024716527530644183,0.04087196830262334,0.8230088495575224,0.3728469776227232,0.19767387314269141,0.10667825915200846,,,
b3_seed2,norm_entropy,scalar,0,testA,5,5646,0.806200875933613,,0.8483990304885827,0.047227306113030984,0.016876182025353653,0.03035112408767733,0.8746268656716419,0.4079864128549197,0.2317103972463542,0.11814306543345937,,,
b3_seed2,norm_entropy,scalar,0,testB,5,4640,0.806200875933613,,0.8005466390835829,0.0925688913045708,0.034549222393449514,0.058019668911121286,0.6927038626609442,0.2864806866952791,0.1607057701478303,0.07838265190874173,,,
b3_seed2,norm_entropy,scalar,0,__pooled_test__,5,10286,0.806200875933613,,0.8284305564703505,0.06511839246442162,0.02400774092374186,0.04111065154067976,0.8156682027649768,0.35946257279386773,0.19206465351177185,0.10165261039252607,,,
b3_seed2,norm_entropy,scalar,0,val_select,10,5282,0.806200875933613,,0.7987306199050666,0.13932663712710475,0.0631256604671393,0.07620097665996545,0.6118047673098753,0.22609482512719237,0.11846311869758301,0.06388149087801537,,,
b3_seed2,norm_entropy,scalar,0,testA,10,5646,0.806200875933613,,0.8052297009956095,0.10517142160701606,0.04301993761155953,0.06215148399545653,0.6694214876033056,0.27371302394950425,0.14045608786405164,0.06988171478714478,,,
b3_seed2,norm_entropy,scalar,0,testB,10,4640,0.806200875933613,,0.7651756858096309,0.18899301412945518,0.08400983938137374,0.10498317474808144,0.47821165817770234,0.18576683644595357,0.09136640885367552,0.046853126023888206,,,
b3_seed2,norm_entropy,scalar,0,__pooled_test__,10,10286,0.806200875933613,,0.7904410154640331,0.1380867779917661,0.05958359027880322,0.07850318771296289,0.5862275449101796,0.2399136833878724,0.11748900125866221,0.06337574543912612,,,
b3_seed2,norm_entropy,scalar,0,val_select,20,5282,0.806200875933613,,0.7792293287739744,0.2218986263629527,0.11595261835146137,0.10594600801149134,0.46180257510729616,0.15941433472332517,0.0796762969877635,0.04090458897325832,,,
b3_seed2,norm_entropy,scalar,0,testA,20,5646,0.806200875933613,,0.7892243341679945,0.18242126412645193,0.08901072975039664,0.09341053437605529,0.5271739130434783,0.20633043285751407,0.11041099875091978,0.05611686606361246,,,
b3_seed2,norm_entropy,scalar,0,testB,20,4640,0.806200875933613,,0.7489190044882309,0.2883093587018538,0.15075248697107424,0.13755687173077957,0.3727193744569938,0.12684622067767157,0.05975480258712222,0.03242032100233207,,,
b3_seed2,norm_entropy,scalar,0,__pooled_test__,20,10286,0.806200875933613,,0.7751556636222369,0.2245409626449214,0.114410862422471,0.1101301002224504,0.4465631929046563,0.17158332747282007,0.08628735547945825,0.04285818661037062,,,
b3_seed2,norm_entropy,scalar,0,val_select,50,5282,0.806200875933613,,0.7543335884319491,0.35621111134502803,0.20937985814061982,0.1468312532044082,0.3150413223140494,0.10504339527443256,0.05091228960735963,0.026726660056853008,,,
b3_seed2,norm_entropy,scalar,0,testA,50,5646,0.806200875933613,,0.7614300926318567,0.30086675323594414,0.16627910833295384,0.1345876449029903,0.36068376068376057,0.13636302742346565,0.06373828192010006,0.03307252528729044,,,
b3_seed2,norm_entropy,scalar,0,testB,50,4640,0.806200875933613,,0.716827781700898,0.44927864815956914,0.26682788683992525,0.18245076131964388,0.22716468590831923,0.07555178268251277,0.03603093755895107,0.017782146367616845,,,
b3_seed2,norm_entropy,scalar,0,__pooled_test__,50,10286,0.806200875933613,,0.7485697047132311,0.3587899035254586,0.2076661170642679,0.15112378646119068,0.301533219761499,0.10606942704603693,0.05135809611504084,0.02594221504127136,,,
b3_seed2,stats_logistic,summary_statistics,18,val_select,5,5282,0.8254214346804541,0.1,0.8426986887649837,0.06405159692156484,0.024716527530644183,0.03933506939092066,0.824778761061947,0.3982870473135123,0.19669063034016998,0.1076097729589408,0.01642886762444017,0.12483769445795866,0.38076345810550183
b3_seed2,stats_logistic,summary_statistics,18,testA,5,5646,0.8254214346804541,0.1,0.856509523059128,0.04575003796581607,0.016876182025353653,0.02887385594046242,0.8786069651741291,0.44778564560416856,0.23834311324134957,0.13175843378187388,0.014390353591402495,0.1093915871792143,0.3348991863891421
b3_seed2,stats_logistic,summary_statistics,18,testB,5,4640,0.8254214346804541,0.1,0.8113368944329515,0.08940322425264843,0.034549222393449514,0.05485400185919892,0.7218884120171674,0.3004291845493564,0.15975202670481636,0.08290038400722848,0.02320012993580806,0.14646176270406103,0.4373119528288375
b3_seed2,stats_logistic,summary_statistics,18,__pooled_test__,5,10286,0.8254214346804541,0.1,0.8379285498520304,0.06293604469047974,0.02400774092374186,0.03892830376673788,0.8202764976958526,0.37789530451202974,0.19513665102693636,0.10698836702626349,0.015650610363743954,0.12611389074087956,0.3810974399648943
b3_seed2,stats_logistic,summary_statistics,18,val_select,10,5282,0.8254214346804541,0.1,0.8095467121556083,0.13536062967858412,0.0631256604671393,0.07223496921144482,0.631101021566402,0.25234092180023887,0.124138248834723,0.06149190948906328,0.0235750130509353,0.16575726933781088,0.4893897972145977
b3_seed2,stats_logistic,summary_statistics,18,testA,10,5646,0.8254214346804541,0.1,0.8210097382027833,0.10033389612724986,0.04301993761155953,0.05731395851569032,0.7139224411951682,0.29119476735553357,0.1510503020645769,0.08259556185120545,0.02083230483174143,0.14986432262850008,0.44703805327975915
b3_seed2,stats_logistic,summary_statistics,18,testB,10,4640,0.8254214346804541,0.1,0.7831269054371329,0.18028806437858502,0.08400983938137374,0.09627822499721128,0.5268817204301075,0.20981890209394444,0.09891215493931951,0.04566169243141813,0.02458458615443857,0.1826479459687662,0.5364752048801612
b3_seed2,stats_logistic,summary_statistics,18,__pooled_test__,10,10286,0.8254214346804541,0.1,0.8071427401459678,0.13178066699279867,0.05958359027880322,0.07219707671399545,0.6389221556886229,0.25712883383797475,0.13212544450955535,0.06495149283912742,0.01803867467837882,0.1646529685840547,0.4873830254191589
b3_seed2,stats_logistic,summary_statistics,18,val_select,20,5282,0.8254214346804541,0.1,0.7978597473742978,0.2127521649240517,0.11595261835146137,0.09679954657259032,0.4918454935622318,0.18033510112140455,0.08158370362613102,0.047229287868394705,0.024130327732440594,0.1805312158498617,0.5303137424315532
b3_seed2,stats_logistic,summary_statistics,18,testA,20,5646,0.8254214346804541,0.1,0.8141541730952441,0.17029017797504964,0.08901072975039664,0.081279448224653,0.5797101449275363,0.21935068966512974,0.11342996594972883,0.05611686606361246,0.013753455751641401,0.1705742719428295,0.5051408259276463
b3_seed2,stats_logistic,summary_statistics,18,testB,20,4640,0.8254214346804541,0.1,0.77454183107039,0.27100701507380465,0.15075248697107424,0.1202545281027304,0.4048653344917464,0.14042137271937438,0.06458152331306118,0.03333485756093094,0.03676275785131312,0.19121589455529142,0.5600389698632394
b3_seed2,stats_logistic,summary_statistics,18,__pooled_test__,20,10286,0.8254214346804541,0.1,0.7998364668234947,0.21058759276361044,0.114410862422471,0.09617673034113944,0.5139689578713971,0.18322384277765164,0.08653370561278823,0.04309157890819776,0.016208239153244527,0.1798856786044884,0.5299053007342915
b3_seed2,stats_logistic,summary_statistics,18,val_select,50,5282,0.8254214346804541,0.1,0.7897451821147797,0.3312437886724797,0.20937985814061982,0.1218639305318599,0.3566942148760329,0.11826528417157854,0.057156287702048114,0.029858394078836704,0.019805005697139357,0.1790919699693794,0.5339570788955973
b3_seed2,stats_logistic,summary_statistics,18,testA,50,5646,0.8254214346804541,0.1,0.7952586561627355,0.2788325080269234,0.16627910833295384,0.11255339969396955,0.41401709401709397,0.14490965753308002,0.07019525928616827,0.03523164878869564,0.03403752741627361,0.18272197356093178,0.5417893061149847
b3_seed2,stats_logistic,summary_statistics,18,testB,50,4640,0.8254214346804541,0.1,0.7633010301946702,0.4154408243075805,0.26682788683992525,0.14861293746765525,0.28013582342954163,0.08573853989813233,0.04018109790605538,0.023501027611473546,0.04070729869408133,0.18229154163950875,0.54430914242603
b3_seed2,stats_logistic,summary_statistics,18,__pooled_test__,50,10286,0.8254214346804541,0.1,0.786148209700516,0.3330524458753777,0.2076661170642679,0.12538632881110978,0.35741056218057904,0.11927183188718664,0.056847045678621005,0.02845267324992787,0.035436629690155236,0.18252780633213508,0.542926000698229
b3_seed2,stats_logistic_noK,summary_statistics,17,val_select,5,5282,0.8253633053156131,0.1,0.8426865398059576,0.06405874197515017,0.024716527530644183,0.03934221444450599,0.824778761061947,0.3971809573269563,0.19767387314269141,0.1076097729589408,0.016325637052976568,0.12484087468477074,0.3808130378880192
b3_seed2,stats_logistic_noK,summary_statistics,17,testA,5,5646,0.8253633053156131,0.1,0.85648315200554,0.04576200231485181,0.016876182025353653,0.028885820289498154,0.8786069651741291,0.4502730976509965,0.23723766057551648,0.13071109775507234,0.014507068932255915,0.10940293292597825,0.33493667018902784
b3_seed2,stats_logistic_noK,summary_statistics,17,testB,5,4640,0.8253633053156131,0.1,0.8113808626918207,0.08938877644485207,0.034549222393449514,0.05483955405140256,0.7218884120171674,0.30150214592274677,0.15879828326180284,0.08199683758753122,0.02297410866727583,0.14645126730823882,0.4372813895494489
b3_seed2,stats_logistic_noK,summary_statistics,17,__pooled_test__,5,10286,0.8253633053156131,0.1,0.8379297422398266,0.06294004978960942,0.02400774092374186,0.03893230886586756,0.8202764976958526,0.37789530451202974,0.19513665102693636,0.107473435811149,0.01601890693228114,0.12611538397922434,0.38110422782390574
b3_seed2,stats_logistic_noK,summary_statistics,17,val_select,10,5282,0.8253633053156131,0.1,0.8096160419461356,0.13532848542064554,0.0631256604671393,0.07220282495350624,0.6322360953461976,0.2509222138719661,0.12476881884996092,0.06208930483630105,0.02377421376252967,0.16567964011068848,0.48915554830884733
b3_seed2,stats_logistic_noK,summary_statistics,17,testA,10,5646,0.8253633053156131,0.1,0.8210974571039745,0.10028281214693521,0.04301993761155953,0.05726287453537568,0.7126509853782582,0.29198939205580776,0.1510503020645769,0.08259556185120545,0.021053305983566487,0.14983760468495072,0.44694016191202607
b3_seed2,stats_logistic_noK,summary_statistics,17,testB,10,4640,0.8253633053156131,0.1,0.783118041220969,0.1802911555736308,0.08400983938137374,0.09628131619225705,0.5246179966044143,0.21052631578947376,0.09765453059171228,0.046257409227653166,0.025771593966163287,0.1826535535569884,0.5364541296499945
b3_seed2,stats_logistic_noK,summary_statistics,17,__pooled_test__,10,10286,0.8253633053156131,0.1,0.8071722233620866,0.1317547249897957,0.05958359027880322,0.07217113471099249,0.6395209580838326,0.25712883383797475,0.13245809094707542,0.0646363433591273,0.01800450975894866,0.16464083264200446,0.4873197857020488
b3_seed2,stats_logistic_noK,summary_statistics,17,val_select,20,5282,0.8253633053156131,0.1,0.7978975481814904,0.21272858313960324,0.11595261835146137,0.09677596478814188,0.4918454935622318,0.1808715310290476,0.08253740694531465,0.046777523661599194,0.023098310520691445,0.18045823149661172,0.5302156642729516
b3_seed2,stats_logistic_noK,summary_statistics,17,testA,20,5646,0.8253633053156131,0.1,0.8142362428442556,0.17025250369643716,0.08901072975039664,0.08124177394604051,0.5778985507246376,0.21935068966512974,0.11292680474992736,0.05659357471711588,0.015032284275168608,0.17054197601385235,0.5052054290599202
b3_seed2,stats_logistic_noK,summary_statistics,17,testB,20,4640,0.8253633053156131,0.1,0.774534770597814,0.2710359273336817,0.15075248697107424,0.12028344036260746,0.40399652476107745,0.13987836663770636,0.06458152331306118,0.03333485756093094,0.03667461103910051,0.19139207995325735,0.5605252043027467
b3_seed2,stats_logistic_noK,summary_statistics,17,__pooled_test__,20,10286,0.8253633053156131,0.1,0.7998746245646793,0.21056777395142984,0.114410862422471,0.09615691152895883,0.5144124168514411,0.1823923773987352,0.0867800557461182,0.04285818661037062,0.01723845529518066,0.1799474283061758,0.5301601011507926
b3_seed2,stats_logistic_noK,summary_statistics,17,val_select,50,5282,0.8253633053156131,0.1,0.7901100341636854,0.3310642183519994,0.20937985814061982,0.12168436021137957,0.35735537190082645,0.11867846819961433,0.0578908757131879,0.030206364525723825,0.027151834047403036,0.17938487134182965,0.5347777418964571
b3_seed2,stats_logistic_noK,summary_statistics,17,testA,50,5646,0.8253633053156131,0.1,0.7955187415385871,0.27872547894278377,0.16627910833295384,0.11244637060982993,0.41811965811965807,0.14490965753308002,0.06981543708816429,0.03559150270559668,0.04190645124253983,0.18342289035445056,0.5436339139792019
b3_seed2,stats_logistic_noK,summary_statistics,17,testB,50,4640,0.8253633053156131,0.1,0.7639977763420828,0.41507404588313157,0.26682788683992525,0.14824615904320632,0.28013582342954163,0.08616298811544992,0.0409356725146199,0.023501027611473546,0.04698921292847484,0.18269992441453303,0.5452440580768907
b3_seed2,stats_logistic_noK,summary_statistics,17,__pooled_test__,50,10286,0.8253633053156131,0.1,0.7865711336197319,0.3328507513366209,0.2076661170642679,0.125184634272353,0.35809199318568985,0.11905888987361961,0.05703631980150315,0.02899062858035417,0.04188153531618473,0.18309676144513526,0.5443602476962227
b3_seed2,stats_logistic_noent,summary_statistics,16,val_select,5,5282,0.8252748025595203,0.1,0.8427144610977544,0.0639660224818401,0.024716527530644183,0.03924949495119592,0.8230088495575224,0.3971809573269563,0.19177441632756384,0.10667825915200846,0.01803654990058406,0.12489712892033647,0.3806224082462193
b3_seed2,stats_logistic_noent,summary_statistics,16,testA,5,5646,0.8252748025595203,0.1,0.8562668236065953,0.045770218667740434,0.016876182025353653,0.02889403664238678,0.8825870646766169,0.44281074151051264,0.23502675524385158,0.12756908967466893,0.018821120263706376,0.10961127889174524,0.3355905253874078
b3_seed2,stats_logistic_noent,summary_statistics,16,testB,5,4640,0.8252748025595203,0.1,0.8121270880291475,0.08909550670293577,0.034549222393449514,0.054546284309486257,0.7236051502145923,0.30793991416309024,0.15689079637577497,0.08109329116783395,0.02176597292496998,0.14615444129446095,0.4365493176906669
b3_seed2,stats_logistic_noent,summary_statistics,16,__pooled_test__,5,10286,0.8252748025595203,0.1,0.8381710020372797,0.06284026288216679,0.02400774092374186,0.03883252195842493,0.8156682027649768,0.3807754188429928,0.1941126518552145,0.10844357338091949,0.016575374317030888,0.12609584758206227,0.38113289329399175
b3_seed2,stats_logistic_noent,summary_statistics,16,val_select,10,5282,0.8252748025595203,0.1,0.8095313951088638,0.13530006728040228,0.0631256604671393,0.07217440681326298,0.6333711691259932,0.24950350594369342,0.12476881884996092,0.06507628157249123,0.03261316402240077,0.16595800126649096,0.4897965896224549
b3_seed2,stats_logistic_noent,summary_statistics,16,testA,10,5646,0.8252748025595203,0.1,0.8217328728455215,0.09994388407505478,0.04301993761155953,0.056923946463495245,0.7164653528289892,0.2888108932547113,0.15670054963819052,0.08393386154215896,0.02153916124170053,0.1498159105353568,0.4466795907380617
b3_seed2,stats_logistic_noent,summary_statistics,16,testB,10,4640,0.8252748025595203,0.1,0.7830701744536835,0.18020962981268265,0.08400983938137374,0.09619979043130891,0.5200905489530276,0.2013299377475948,0.09639690624410474,0.046257409227653166,0.028552505365819186,0.18261297285726655,0.5362975348798011
b3_seed2,stats_logistic_noent,summary_statistics,16,__pooled_test__,10,10286,0.8252748025595203,0.1,0.8076046007610463,0.13147134273669378,0.05958359027880322,0.07188775245789056,0.6425149700598802,0.2582515610412424,0.13312338382211591,0.06369089491912625,0.02036310907336759,0.1646106187964555,0.487106118136241
b3_seed2,stats_logistic_noent,summary_statistics,16,val_select,20,5282,0.8252748025595203,0.1,0.7992665189527431,0.2121766872623417,0.11595261835146137,0.09622406891088034,0.49785407725321895,0.18033510112140455,0.0873059235412328,0.04632575945480394,0.026276991786750872,0.18028176089961373,0.5296579289247313
b3_seed2,stats_logistic_noent,summary_statistics,16,testA,20,5646,0.8252748025595203,0.1,0.8149614338046218,0.1698884699993824,0.08901072975039664,0.08087774024898575,0.5797101449275363,0.22387947464169175,0.1124236435501259,0.05707028337061902,0.011436272820309654,0.17026722663931912,0.5044737081036624
b3_seed2,stats_logistic_noent,summary_statistics,16,testB,20,4640,0.8252748025595203,0.1,0.7748013963385132,0.2707165115114087,0.15075248697107424,0.11996402454033445,0.4135534317984362,0.13933536055603812,0.06506419538565511,0.031963052723032626,0.022078867683500127,0.1907262911985089,0.5590762860600756
b3_seed2,stats_logistic_noent,summary_statistics,16,__pooled_test__,20,10286,0.8252748025595203,0.1,0.8005440741104717,0.2101750499144599,0.114410862422471,0.0957641874919889,0.5166297117516631,0.1823923773987352,0.08751910614610789,0.04262479431254323,0.015847806646168236,0.17949628162227071,0.5291048535166273
b3_seed2,stats_logistic_noent,summary_statistics,16,val_select,50,5282,0.8252748025595203,0.1,0.7936296627205718,0.3293627860550311,0.20937985814061982,0.11998292791441129,0.36330578512396683,0.12239712445193643,0.061931109774457024,0.03159824631327211,0.02183346744576086,0.17777180767474451,0.5308459621834705
b3_seed2,stats_logistic_noent,summary_statistics,16,testA,50,5646,0.8252748025595203,0.1,0.7976771988679375,0.2776167454116271,0.16627910833295384,0.11133763707867328,0.41059829059829056,0.1474736465659644,0.06829614829614818,0.035951356622497516,0.03005833326512238,0.18124780661666573,0.5384579733297316
b3_seed2,stats_logistic_noent,summary_statistics,16,testB,50,4640,0.8252748025595203,0.1,0.7701492955912476,0.411524201708351,0.26682788683992525,0.14469631486842577,0.28896434634974527,0.0912563667232597,0.04395397094887762,0.023501027611473546,0.035182519735840315,0.17960919111971163,0.537941931175798
b3_seed2,stats_logistic_noent,summary_statistics,16,__pooled_test__,50,10286,0.8252748025595203,0.1,0.7903884048712441,0.3308114437342376,0.2076661170642679,0.12314532666996969,0.3611584327086881,0.1196977159143203,0.05949688339897011,0.030245857684682523,0.03027309046816928,0.1805086294918488,0.538225187446565
b3_seed2,top_scores_logistic,summary_statistics,14,val_select,5,5282,0.8004997970801795,1.0,0.8092368322335328,0.07532279755023762,0.024716527530644183,0.05060627001959343,0.727433628318584,0.3518312678781585,0.18095874549983065,0.098294634889619,0.019686247628519546,0.13369692349990756,0.41141973415247635
b3_seed2,top_scores_logistic,summary_statistics,14,testA,5,5646,0.8004997970801795,1.0,0.8232063127585516,0.05461277367776734,0.016876182025353653,0.037736591652413685,0.7810945273631843,0.4017677827378496,0.21291770192719983,0.11290638529945349,0.016408657391074482,0.11708554294544275,0.36315309933959405
b3_seed2,top_scores_logistic,summary_statistics,14,testB,5,4640,0.8004997970801795,1.0,0.7721026337728101,0.108793500073779,0.034549222393449514,0.07424427768032948,0.6034334763948499,0.28433476394849794,0.15116833571769214,0.07296137339055817,0.025940141623583577,0.15641463027785288,0.47665444241527943
b3_seed2,top_scores_logistic,summary_statistics,14,__pooled_test__,5,10286,0.8004997970801795,1.0,0.8014229161035946,0.07600522939063989,0.02400774092374186,0.05199748846689803,0.7004608294930879,0.3433339325404759,0.18489665930972152,0.09680192254367362,0.016620117981576598,0.13482683841718912,0.41435339409666
b3_seed2,top_scores_logistic,summary_statistics,14,val_select,10,5282,0.8004997970801795,1.0,0.7904303928903106,0.14636105360493612,0.0631256604671393,0.08323539313779682,0.5822928490351872,0.23531642666096533,0.12098539875853405,0.06029711879458707,0.026174759634773857,0.17247992995540345,0.5102888434615022
b3_seed2,top_scores_logistic,summary_statistics,14,testA,10,5646,0.8004997970801795,1.0,0.7955640770184439,0.11071194512864667,0.04301993761155953,0.06769200751708714,0.64907819453274,0.2776861474508746,0.13551212123714,0.0792498126238209,0.02458263166459554,0.15864227787479265,0.4735703285124043
b3_seed2,top_scores_logistic,summary_statistics,14,testB,10,4640,0.8004997970801795,1.0,0.7557906477003958,0.2010913647918247,0.08400983938137374,0.11708152541045097,0.4816072439162421,0.1935483870967742,0.09451046972269375,0.04387454204271273,0.022118531860671968,0.19264528359548255,0.5662954196431632
b3_seed2,top_scores_logistic,summary_statistics,14,__pooled_test__,10,10286,0.8004997970801795,1.0,0.7800849495940454,0.1466846569797895,0.05958359027880322,0.08710106670098627,0.5652694610778445,0.23654550177806993,0.12314399069650735,0.061799998039124476,0.011971651545241324,0.17398098549135896,0.5153984855070303
b3_seed2,top_scores_logistic,summary_statistics,14,val_select,20,5282,0.8004997970801795,1.0,0.7720074845598242,0.22976486378421632,0.11595261835146137,0.11381224543275495,0.4412017167381974,0.16209648426154055,0.0796762969877635,0.04271164580044036,0.03723099359415196,0.19278363287632347,0.5627063959032816
b3_seed2,top_scores_logistic,summary_statistics,14,testA,20,5646,0.8004997970801795,1.0,0.7814859340617649,0.18801588444025558,0.08901072975039664,0.09900515468985893,0.503623188405797,0.2023677460030224,0.09883829115548477,0.05277990548908992,0.040772859765901,0.18581028005277345,0.545167313239772
b3_seed2,top_scores_logistic,summary_statistics,14,testB,20,4640,0.8004997970801795,1.0,0.7517155090340605,0.2907750978032706,0.15075248697107424,0.14002261083219636,0.37098175499565594,0.1317332754126846,0.06409885124046723,0.031963052723032626,0.01629354441287203,0.20105936450686981,0.5854904476832271
b3_seed2,top_scores_logistic,summary_statistics,14,__pooled_test__,20,10286,0.8004997970801795,1.0,0.7716424642683848,0.22931404207737727,0.114410862422471,0.11490317965490626,0.4439024390243903,0.16908893133607034,0.08357750401282972,0.04215800971688869,0.02542836676108774,0.19268912040538935,0.5633570219523553
b3_seed2,top_scores_logistic,summary_statistics,14,val_select,50,5282,0.8004997970801795,1.0,0.7619364548127588,0.3523118914572725,0.20937985814061982,0.14293203331665266,0.3163636363636363,0.10917523555479063,0.05568711167976854,0.029162453185062658,0.04904268829287644,0.19350463306928883,0.568910068383203
b3_seed2,top_scores_logistic,summary_statistics,14,testA,50,5646,0.8004997970801795,1.0,0.7557188941973948,0.30540775523590824,0.16627910833295384,0.1391286469029544,0.35316239316239306,0.1256797397864477,0.06753650390014022,0.03487179487179481,0.04146558052846333,0.20032548385927124,0.5841851190654246
b3_seed2,top_scores_logistic,summary_statistics,14,testB,50,4640,0.8004997970801795,1.0,0.7464374896705079,0.43660311440692334,0.26682788683992525,0.1697752275669981,0.2516129032258065,0.09040747028862471,0.043576683644595354,0.02421588776695559,0.026963661800957266,0.18968453239110838,0.5625799188503308
b3_seed2,top_scores_logistic,summary_statistics,14,__pooled_test__,50,10286,0.8004997970801795,1.0,0.7571628181863072,0.3578490842609482,0.2076661170642679,0.15018296719668028,0.310732538330494,0.11842006383291892,0.05741486804726725,0.029528583910780663,0.03326810831606918,0.1955253657558029,0.5744390439149253
b3_seed2,stats_mlp,summary_statistics,1121,val_select,5,5282,0.8242899389285265,0.0001,0.8421463374085632,0.06394974668009416,0.024716527530644183,0.03923321914944998,0.8212389380530972,0.39386268736728836,0.2006236015502552,0.10295220392427963,0.014005268770539824,0.12492584640965294,0.38052872537179677
b3_seed2,stats_mlp,summary_statistics,1121,testA,5,5646,0.8242899389285265,0.0001,0.8548294939866494,0.04611357067859333,0.016876182025353653,0.029237388653239674,0.8746268656716419,0.4502730976509965,0.22949949191468863,0.12756908967466893,0.012060570792868082,0.109742064966425,0.335930747550724
b3_seed2,stats_mlp,summary_statistics,1121,testB,5,4640,0.8242899389285265,0.0001,0.810526692808843,0.08968954638163608,0.034549222393449514,0.055140323988186565,0.7167381974248929,0.3090128755364806,0.15975202670481636,0.08109329116783395,0.021322936471551642,0.14638722054192677,0.43705659800663355
b3_seed2,stats_mlp,summary_statistics,1121,__pooled_test__,5,10286,0.8242899389285265,0.0001,0.8366762019836791,0.06327538489010472,0.02400774092374186,0.039267643966362856,0.8036866359447007,0.3755912130472595,0.1936006522693541,0.10650329824137851,0.014932580657293198,0.12627264263221616,0.38154847515284535
b3_seed2,stats_mlp,summary_statistics,1121,val_select,10,5282,0.8242899389285265,0.0001,0.8091766845526778,0.13549241772917203,0.0631256604671393,0.07236675726203273,0.6322360953461976,0.24737544405128403,0.12476881884996092,0.06328409553077725,0.01995125014316581,0.16574645452126624,0.48970657514934585
b3_seed2,stats_mlp,summary_statistics,1121,testA,10,5646,0.8242899389285265,0.0001,0.8200078385110637,0.10042738951062317,0.04301993761155953,0.05740745189906364,0.72027972027972,0.28722164385416327,0.15528798774478692,0.08058811231477479,0.017687042667706956,0.15010422342691926,0.4469782246935256
b3_seed2,stats_mlp,summary_statistics,1121,testB,10,4640,0.8242899389285265,0.0001,0.7815746826955333,0.1810580535662603,0.08400983938137374,0.09704821418488657,0.5155631013016413,0.20415959252971144,0.10016977928692704,0.04327882524647769,0.022494856309916465,0.18328622274987066,0.538219678438217
b3_seed2,stats_mlp,summary_statistics,1121,__pooled_test__,10,10286,0.8242899389285265,0.0001,0.8058777205163529,0.1321088261273739,0.05958359027880322,0.07252523584857068,0.641317365269461,0.25338640982708294,0.13112750519699443,0.06495149283912742,0.01743793250544164,0.16507257622280636,0.4881371149691787
b3_seed2,stats_mlp,summary_statistics,1121,val_select,20,5282,0.8242899389285265,0.0001,0.795635460646452,0.21374157528613721,0.11595261835146137,0.09778895693467585,0.48497854077253205,0.17121579269147255,0.08444481358368192,0.04632575945480394,0.04082444943671017,0.18251972676850992,0.5349469843433804
b3_seed2,stats_mlp,summary_statistics,1121,testA,20,5646,0.8242899389285265,0.0001,0.8109657040662334,0.17209805206134163,0.08901072975039664,0.08308732231094498,0.5715579710144929,0.21765239529891894,0.1124236435501259,0.05754699202412216,0.02380285666100192,0.17262770416381995,0.5101788899275206
b3_seed2,stats_mlp,summary_statistics,1121,testB,20,4640,0.8242899389285265,0.0001,0.7711914510311635,0.2727947461802759,0.15075248697107424,0.12204225920920164,0.3979148566463945,0.1360773240660296,0.06458152331306118,0.031963052723032626,0.027450728665330805,0.19265858214955547,0.5633033911704213
b3_seed2,stats_mlp,summary_statistics,1121,__pooled_test__,20,10286,0.8242899389285265,0.0001,0.7966577043320169,0.21240306336740034,0.114410862422471,0.09799220094492933,0.5042128603104213,0.1823923773987352,0.0867800557461182,0.043558363503852296,0.02252416123931055,0.18166360479125657,0.5341432770330095
b3_seed2,stats_mlp,summary_statistics,1121,val_select,50,5282,0.8242899389285265,0.0001,0.7826577369945478,0.3368989965090853,0.20937985814061982,0.12751913836846546,0.34876033057851236,0.12074438833979327,0.056788993696478315,0.029858394078836704,0.039073049098208114,0.18476462539135194,0.5492362096795337
b3_seed2,stats_mlp,summary_statistics,1121,testA,50,5646,0.8242899389285265,0.0001,0.7883563420939386,0.283578126429627,0.16627910833295384,0.11729901809667315,0.39418803418803416,0.14576432054404162,0.06867597049415215,0.0337922331210921,0.04225602620513863,0.18591469927307622,0.5505610269875789
b3_seed2,stats_mlp,summary_statistics,1121,testB,50,4640,0.8242899389285265,0.0001,0.7541806271316316,0.4225520051885993,0.26682788683992525,0.15572411834867406,0.2713073005093378,0.08531409168081493,0.0409356725146199,0.02135644714502724,0.04798811678533796,0.18679902655322578,0.5564752278898593
b3_seed2,stats_mlp,summary_statistics,1121,__pooled_test__,50,10286,0.8242899389285265,0.0001,0.7784279482384021,0.3386186484956478,0.2076661170642679,0.13095253143137991,0.34139693356047696,0.11842006383291892,0.0553328526955644,0.02899062858035417,0.043596333914097576,0.18631361805393312,0.5532289146199512
b3_seed2,stats_mlp_noK,summary_statistics,1089,val_select,5,5282,0.8227687505306569,0.001,0.8406974141899841,0.0644739623659182,0.024716527530644183,0.03975743483527401,0.8265486725663717,0.3816956975151715,0.19570738753764905,0.11226734199360194,0.016927551572655058,0.12552171968009565,0.38268406334760097
b3_seed2,stats_mlp_noK,summary_statistics,1089,testA,5,5646,0.8227687505306569,0.001,0.8545338380281313,0.04631918204643444,0.016876182025353653,0.029443000021080787,0.8766169154228859,0.45524800174465296,0.2339213025780191,0.12128507351386277,0.014588865323181566,0.109771671752938,0.3369092253489758
b3_seed2,stats_mlp_noK,summary_statistics,1089,testB,5,4640,0.8227687505306569,0.001,0.811245499737549,0.08947693598102031,0.034549222393449514,0.0549277135875708,0.7253218884120171,0.29721030042918445,0.15689079637577497,0.08109329116783395,0.016317538679416824,0.1460710268327195,0.4364580377433279
b3_seed2,stats_mlp_noK,summary_statistics,1089,__pooled_test__,5,10286,0.8227687505306569,0.001,0.8368906330557152,0.06333459963534258,0.02400774092374186,0.039326858711600715,0.8046082949308758,0.3790473502444149,0.19462465144107544,0.10456302310183753,0.014597073588509429,0.12614625930594073,0.3818155533199844
b3_seed2,stats_mlp_noK,summary_statistics,1089,val_select,10,5282,0.8227687505306569,0.001,0.8087282981632442,0.13572406702513845,0.0631256604671393,0.07259840655799915,0.6401816118047674,0.25021285990782977,0.12350767881948507,0.06328409553077725,0.017265539225621098,0.16575173161095752,0.4898222466804491
b3_seed2,stats_mlp_noK,summary_statistics,1089,testA,10,5646,0.8227687505306569,0.001,0.8199539897194073,0.10058321688803648,0.04301993761155953,0.05756327927647695,0.72027972027972,0.28483776975334096,0.15952567342499696,0.07858066277834415,0.01686184123037049,0.1502096128123485,0.44747276969859073
b3_seed2,stats_mlp_noK,summary_statistics,1089,testB,10,4640,0.8227687505306569,0.001,0.7807709937633345,0.1815648052019851,0.08400983938137374,0.09755496582061135,0.5166949632144878,0.20557441992076977,0.09954096711312327,0.04804455961635828,0.021386843951868593,0.18362657372405156,0.5390763949842782
b3_seed2,stats_mlp_noK,summary_statistics,1089,__pooled_test__,10,10286,0.8227687505306569,0.001,0.8055114217289578,0.13237135032451275,0.05958359027880322,0.07278776004570953,0.6311377245508983,0.25600610663470735,0.12913162657187258,0.06526664231912788,0.01522753711180674,0.16528395644741578,0.48879503504231914
b3_seed2,stats_mlp_noK,summary_statistics,1089,val_select,20,5282,0.8227687505306569,0.001,0.793929044977145,0.21477198862097968,0.11595261835146137,0.09881937026951831,0.4815450643776823,0.17550723195261705,0.08444481358368192,0.04406693842082664,0.020096866603671312,0.1821178992798158,0.5338416176268465
b3_seed2,stats_mlp_noK,summary_statistics,1089,testA,20,5646,0.8227687505306569,0.001,0.8081298846649974,0.17395050315168686,0.08901072975039664,0.08493977340129022,0.5634057971014492,0.2182184934209893,0.10890151515151512,0.05611686606361246,0.02033309764392065,0.17363392974057357,0.512995119148685
b3_seed2,stats_mlp_noK,summary_statistics,1089,testB,20,4640,0.8227687505306569,0.001,0.7658431430548361,0.2762760316706923,0.15075248697107424,0.12552354469961807,0.40052128583840135,0.13119026933101657,0.06120281880490404,0.029676711326535207,0.03615281617525837,0.19547660923927526,0.5693356461034063
b3_seed2,stats_mlp_noK,summary_statistics,1089,__pooled_test__,20,10286,0.8227687505306569,0.001,0.7932043519786747,0.21459162777871105,0.114410862422471,0.10018076535624004,0.4926829268292683,0.1768492748726247,0.08579465521279853,0.042391402014716084,0.02266755771676367,0.18348713145882908,0.5384102508879332
b3_seed2,stats_mlp_noK,summary_statistics,1089,val_select,50,5282,0.8227687505306569,0.001,0.7782041545677909,0.3420409707978805,0.20937985814061982,0.13266111265726066,0.34942148760330566,0.11826528417157854,0.056054405685338336,0.02811854184440149,0.04082142335420212,0.18664721203934023,0.5539000156353898
b3_seed2,stats_mlp_noK,summary_statistics,1089,testA,50,5646,0.8227687505306569,0.001,0.7816538037486218,0.2893237186873048,0.16627910833295384,0.12304461035435094,0.392136752136752,0.14063634247827284,0.06601721510812411,0.0337922331210921,0.04615708392771939,0.18982832693371923,0.559603516866527
b3_seed2,stats_mlp_noK,summary_statistics,1089,testB,50,4640,0.8227687505306569,0.001,0.7458563336688853,0.431330950758271,0.26682788683992525,0.16450306391834574,0.2556876061120544,0.08616298811544992,0.04131295981890216,0.02135644714502724,0.04517851126669297,0.19085178681229262,0.565170246157226
b3_seed2,stats_mlp_noK,summary_statistics,1089,__pooled_test__,50,10286,0.8227687505306569,0.001,0.7711873001691233,0.34539371164713284,0.2076661170642679,0.13772759458286493,0.3352640545144804,0.11565181765654876,0.054765030326918145,0.02665948881517322,0.04459986838615523,0.19029000823223957,0.5621146605481179
b3_seed2,score_deepsets,full_score_set,1969,val_select,5,5282,0.5959825970548862,0.001,0.7402402296792675,0.11491027970333448,0.024716527530644183,0.0901937521726903,0.5663716814159291,0.3208607482545895,0.17800901709226685,0.08804798301336435,0.04992338870424568,0.14696298725173196,0.7038156859347415
b3_seed2,score_deepsets,full_score_set,1969,testA,5,5646,0.5959825970548862,0.001,0.7137145558567859,0.10452322059248716,0.016876182025353653,0.0876470385671335,0.48457711442786067,0.35201874180128834,0.19854681727137657,0.10243302503144237,0.05935913221161711,0.13274748784873744,0.7385356596490784
b3_seed2,score_deepsets,full_score_set,1969,testB,5,4640,0.5959825970548862,0.001,0.7425554697872603,0.13526946499399212,0.034549222393449514,0.1007202426005426,0.5502145922746781,0.2639484978540771,0.1378159275154982,0.07025073413146593,0.0429725984657376,0.16337060851509677,0.6213522624773684
b3_seed2,score_deepsets,full_score_set,1969,__pooled_test__,5,10286,0.5959825970548862,0.001,0.7367431176512005,0.1151575064357797,0.02400774092374186,0.09114976551203784,0.5594470046082948,0.3225971093575436,0.1669766738045959,0.08467520292154225,0.049400706537359056,0.14656153411472103,0.6856743955156217
b3_seed2,score_deepsets,full_score_set,1969,val_select,10,5282,0.5959825970548862,0.001,0.5,0.33522795019918505,0.0631256604671393,0.27210228973204575,0.006810442678774217,0.0012296184959547424,0.005591085970020258,0.004739351501450753,0.33358576296857256,0.3335857629685725,9.217322640130938
b3_seed2,score_deepsets,full_score_set,1969,testA,10,5646,0.5959825970548862,0.001,0.5,0.2796213159973645,0.04301993761155953,0.23660137838580497,-0.023521932612841967,-0.007584119947514882,-0.0029189443163900987,-0.0003790189879268836,0.27860432164364146,0.2786043216436415,7.698128057600127
b3_seed2,score_deepsets,full_score_set,1969,testB,10,4640,0.5959825970548862,0.001,0.5,0.3642803773330379,0.08400983938137374,0.2802705379516642,0.0005659309564231535,0.013157894736842183,0.00018864365214095398,-0.00497423524856289,0.38081896551724137,0.38081896551724137,10.522425302017336
b3_seed2,score_deepsets,full_score_set,1969,__pooled_test__,10,10286,0.5959825970548862,0.001,0.5,0.2912102417803699,0.05958359027880322,0.2316266515015667,0.1377245508982037,0.04306218041496325,0.02567858450306145,0.0063336895590728306,0.3247132024110442,0.3247132024110441,8.972164535735052
b3_seed2,score_deepsets,full_score_set,1969,val_select,20,5282,0.5959825970548862,0.001,0.5,0.44173968643018724,0.11595261835146137,0.32578706807872587,0.0051502145922745005,-0.000441777754306654,0.0043337347722539644,-0.0020130106723093687,0.44112078758046197,0.44112078758046197,12.188627554769871
b3_seed2,score_deepsets,full_score_set,1969,testA,20,5646,0.5959825970548862,0.001,0.5,0.39403230446279525,0.08901072975039664,0.3050215747123986,-0.016304347826086973,0.004233403278435959,0.006759791591807333,0.0027254968712512886,0.39107332624867164,0.39107332624867164,10.805763986764427
b3_seed2,score_deepsets,full_score_set,1969,testB,20,4640,0.5959825970548862,0.001,0.5,0.4834875064959018,0.15075248697107424,0.33273501952482754,0.0008688097306689572,0.013357949609035526,-0.004923255140457648,-0.005990214458823082,0.4961206896551724,0.4961206896551724,13.708332227076044
b3_seed2,score_deepsets,full_score_set,1969,__pooled_test__,20,10286,0.5959825970548862,0.001,0.5,0.40522753097345876,0.114410862422471,0.29081666855098776,0.11219512195121965,0.0318971438148412,0.01952646934705962,0.004115065171044075,0.43846004277658956,0.43846004277658956,12.115108400049076
b3_seed2,score_deepsets,full_score_set,1969,val_select,50,5282,0.5959825970548862,0.001,0.5,0.5741177362674141,0.20937985814061982,0.3647378781267943,0.0029752066115700973,-0.0007317159027353594,-0.001610753189137044,-6.706435345157162e-05,0.5726997349488829,0.572699734948883,15.824291138703076
b3_seed2,score_deepsets,full_score_set,1969,testA,50,5646,0.5959825970548862,0.001,0.5,0.5406663627763171,0.16627910833295384,0.37438725444336324,-0.03452991452991455,4.427717511605605e-05,-0.002730602730602703,-0.0014734507351957455,0.5180658873538788,0.5180658873538788,14.314700933553095
b3_seed2,score_deepsets,full_score_set,1969,testB,50,4640,0.5959825970548862,0.001,0.5,0.6294931087171595,0.26682788683992525,0.3626652218772342,-0.009847198641765845,0.00551782682512719,-0.0035842293906809247,-0.007595389151997284,0.634698275862069,0.634698275862069,17.53737550336156
b3_seed2,score_deepsets,full_score_set,1969,__pooled_test__,50,10286,0.5959825970548862,0.001,0.5,0.5447876825485306,0.2076661170642679,0.3371215654842627,0.08960817717206125,0.02557734591773833,0.015017464521682513,0.003348091163362751,0.570678592261326,0.5706785922613261,15.768444857713243
b3_seed2,score_deepsets_noK,full_score_set,1937,val_select,5,5282,0.7729760580136377,0.001,0.8108691621054785,0.07445569851023322,0.024716527530644183,0.049739170979589034,0.7256637168141594,0.3407703680125982,0.1907911735250429,0.08897949682029668,0.07888613937620816,0.1401742523583292,0.43326289339798674
b3_seed2,score_deepsets_noK,full_score_set,1937,testA,5,5646,0.7729760580136377,0.001,0.8111931186558052,0.05958778495665044,0.016876182025353653,0.042711602931296784,0.74726368159204,0.39306170057395146,0.22286677591969326,0.10871704119224916,0.07819318580281173,0.12521220640613562,0.3967966715334679
b3_seed2,score_deepsets_noK,full_score_set,1937,testB,5,4640,0.7729760580136377,0.001,0.779477444653719,0.10453763035906025,0.034549222393449514,0.06998840796561073,0.6291845493562234,0.2854077253218883,0.14067715784454005,0.07296137339055817,0.08523883874495995,0.1619065408385525,0.4893978789487838
b3_seed2,score_deepsets_noK,full_score_set,1937,__pooled_test__,5,10286,0.7729760580136377,0.001,0.800220904034359,0.0772160356484078,0.02400774092374186,0.05320829472466594,0.7115207373271888,0.3433339325404759,0.18080066262283567,0.09243630347970616,0.08137146984437968,0.1417649685844765,0.43856894475989844
b3_seed2,score_deepsets_noK,full_score_set,1937,val_select,10,5282,0.7729760580136377,0.001,0.7777355439325147,0.15420372145469133,0.0631256604671393,0.09107806098755203,0.5698070374574348,0.21971063944996483,0.1172019786671075,0.06029711879458707,0.09887915682957417,0.1901919090609514,0.5584519014147575
b3_seed2,score_deepsets_noK,full_score_set,1937,testA,10,5646,0.7729760580136377,0.001,0.7745201253225269,0.12204266228244252,0.04301993761155953,0.07902272467088299,0.6122059758423394,0.26179365344539335,0.1199739404097027,0.06653596555976023,0.08136505151666987,0.1737647680929929,0.5184851161672804
b3_seed2,score_deepsets_noK,full_score_set,1937,testB,10,4640,0.7729760580136377,0.001,0.7470625465002007,0.20594293080246798,0.08400983938137374,0.12193309142109424,0.46123372948500274,0.18435200905489524,0.08759353581085323,0.037917374080362075,0.10302570454198225,0.20728286890868108,0.6027535502762087
b3_seed2,score_deepsets_noK,full_score_set,1937,__pooled_test__,10,10286,0.7729760580136377,0.001,0.7666380814529881,0.15482788267423797,0.05958359027880322,0.09524429239543475,0.5455089820359282,0.22195004813559172,0.11482782975849985,0.055812157919118734,0.08787305037984121,0.1888847357951894,0.55649848718278
b3_seed2,score_deepsets_noK,full_score_set,1937,val_select,20,5282,0.7729760580136377,0.001,0.7616147341730928,0.24373038433418842,0.11595261835146137,0.12777776598272705,0.44377682403433477,0.1599507646309682,0.07681518703021262,0.043615174214031126,0.24207994695054635,0.26673155297058954,0.7756258705166924
b3_seed2,score_deepsets_noK,full_score_set,1937,testA,20,5646,0.7729760580136377,0.001,0.756435164107882,0.21305190135639945,0.08901072975039664,0.12404117160600281,0.473731884057971,0.19047968543954716,0.09783196875588186,0.051349779528580226,0.2254799119389167,0.253453969308756,0.7515493390097293
b3_seed2,score_deepsets_noK,full_score_set,1937,testB,20,4640,0.7729760580136377,0.001,0.7322413321551015,0.31526033596229197,0.15075248697107424,0.16450784899121773,0.35360556038227636,0.12033014769765427,0.06506419538565511,0.030591247885134308,0.24335663379972866,0.273995279078371,0.7877683632436889
b3_seed2,score_deepsets_noK,full_score_set,1937,__pooled_test__,20,10286,0.7729760580136377,0.001,0.7508488369950433,0.2535046098501445,0.114410862422471,0.1390937474276735,0.41995565410199553,0.15883419166276647,0.08209940321285035,0.04169122512123415,0.23354407579602027,0.26272012498939123,0.7678876894322039
b3_seed2,score_deepsets_noK,full_score_set,1937,val_select,50,5282,0.7729760580136377,0.001,0.7373214645345793,0.3914589349324802,0.20937985814061982,0.18207907679186036,0.31570247933884293,0.10132473902211007,0.050177701596219836,0.028466512291288416,0.4047998073272794,0.38094782065741517,1.1445142376320059
b3_seed2,score_deepsets_noK,full_score_set,1937,testA,50,5646,0.7729760580136377,0.001,0.729779712712458,0.3406683401439399,0.16627910833295384,0.17438923181098603,0.33264957264957257,0.1252524082809669,0.06563739291012013,0.029473986118281274,0.3817624485069372,0.36936930451407923,1.121410720446916
b3_seed2,score_deepsets_noK,full_score_set,1937,testB,50,4640,0.7729760580136377,0.001,0.713549989733111,0.47141705456644156,0.26682788683992525,0.2045891677265163,0.2278438030560272,0.07809847198641758,0.038671948688926705,0.02099901706728622,0.4157554116132187,0.38348781709877233,1.122707782406388
b3_seed2,score_deepsets_noK,full_score_set,1937,__pooled_test__,50,10286,0.7729760580136377,0.001,0.7300513233587635,0.3922998653577348,0.2076661170642679,0.1846337482934669,0.29131175468483805,0.10649531107317098,0.05249374085233334,0.02576289659779599,0.3970966259143984,0.3757381455011467,1.1219958232557774
b3_seed3,msp,scalar,0,val_select,5,5282,0.821591615147956,,0.8433564424071293,0.06293586716556267,0.0240829741884431,0.038852892977119566,0.8207885304659501,0.39633850527626413,0.1935823143838126,0.09735811294393963,0.015035682049317616,0.12355407059266506,0.3806974589262343
b3_seed3,msp,scalar,0,testA,5,5646,0.821591615147956,,0.856213173555868,0.04446987041116277,0.016053923723567953,0.02841594668759482,0.8756371049949029,0.4521139643033895,0.2502867348572103,0.1330491873561881,0.01074826202840714,0.10740588802435051,0.32985488222475595
b3_seed3,msp,scalar,0,testB,5,4640,0.821591615147956,,0.81874064396318,0.08603748873873679,0.034114568604628415,0.051922920134108375,0.7374784110535405,0.31239205526770275,0.1613893686432545,0.07553858740114552,0.018242785740289657,0.14333021971672602,0.42762518596024196
b3_seed3,msp,scalar,0,__pooled_test__,5,10286,0.821591615147956,,0.841491945023976,0.06084954329453945,0.023299379337029164,0.037550163957510284,0.8251519401589527,0.3910853933320912,0.20476817946820003,0.10241184849060705,0.01233631965681648,0.1236113030596045,0.37395892746417414
b3_seed3,msp,scalar,0,val_select,10,5282,0.821591615147956,,0.8066830265329977,0.13322450240466954,0.06091999265290571,0.07230450975176383,0.6364685516445469,0.24559939855192575,0.12550963855626418,0.060364338698055804,0.011852635346449232,0.16529763718443088,0.48807124416622205
b3_seed3,msp,scalar,0,testA,10,5646,0.821591615147956,,0.8263894235320102,0.09662185534800165,0.041474059494111676,0.05514779585388997,0.7115135834411384,0.31924101017258044,0.16496851378657798,0.0808711808781265,0.025746682206565532,0.14711536161497885,0.44126431490930906
b3_seed3,msp,scalar,0,testB,10,4640,0.821591615147956,,0.7854439622897835,0.17811856590520625,0.08287796391901076,0.0952406019861955,0.5261958997722095,0.21056378132118456,0.10845355606175656,0.05946529193142323,0.027500072181522475,0.18174003058742721,0.5343810401584124
b3_seed3,msp,scalar,0,__pooled_test__,10,10286,0.821591615147956,,0.8113485839052038,0.12841341376772816,0.05814321302285469,0.07027020074487347,0.6553603876438521,0.26826430201090395,0.13122260460251156,0.07267981324904346,0.02181151179114305,0.16273450064202147,0.4832691374988326
b3_seed3,msp,scalar,0,val_select,20,5282,0.821591615147956,,0.8007046147756641,0.2102035352183471,0.11485430322550444,0.09534923199284265,0.5077586206896553,0.18488319434698183,0.0905555031697446,0.04085396022594517,0.02843844499360218,0.18041148438842566,0.5310846274350256
b3_seed3,msp,scalar,0,testA,20,5646,0.821591615147956,,0.8136468012662575,0.16584403104284598,0.08425593881065124,0.08158809223219474,0.6042731072921506,0.244111500744311,0.11813065539367093,0.06084896887024076,0.0433637488182539,0.17222440195019448,0.5106710718908719
b3_seed3,msp,scalar,0,testB,20,4640,0.821591615147956,,0.7721879979428272,0.27353882574364896,0.1510481103940043,0.12249071534964467,0.40538194444444453,0.1324869791666666,0.06925154320987661,0.03508771929824571,0.047658322550967344,0.19422874475281218,0.5673148281116454
b3_seed3,msp,scalar,0,__pooled_test__,20,10286,0.821591615147956,,0.8001391308873071,0.20799169870381456,0.11146098751328032,0.09653071119053425,0.5158178146735473,0.19146008224905353,0.09561367296816176,0.04517414827875874,0.04378636811693675,0.18215052975538076,0.5362229899216312
b3_seed3,msp,scalar,0,val_select,50,5282,0.821591615147956,,0.7889522250280481,0.3295428893424056,0.20649586665110548,0.12304702269130013,0.36880611905553706,0.1179750797594696,0.05927173994097913,0.030352056176083372,0.05879370585008218,0.1842755726749692,0.5474619296523707
b3_seed3,msp,scalar,0,testA,50,5646,0.821591615147956,,0.8057170508578401,0.2662028465354598,0.1600217806091428,0.10618106592631699,0.4394993045897079,0.1564177425229923,0.07946273602488041,0.041851409333744115,0.07787689391993718,0.1862742083914172,0.5501691288090929
b3_seed3,msp,scalar,0,testB,50,4640,0.821591615147956,,0.758245115828784,0.42443360544027564,0.27031673618713487,0.15411686925314078,0.2738939547450186,0.08772374197906106,0.043491312994859144,0.022734140315327195,0.06306162418439815,0.18705838831825894,0.5563617807073974
b3_seed3,msp,scalar,0,__pooled_test__,50,10286,0.821591615147956,,0.7910126273388006,0.3279240981966941,0.20496534554659546,0.12295875265009865,0.3640568785334931,0.12350083036186629,0.06046102379568976,0.030714229963117807,0.07119374677110377,0.1866279508433466,0.5529626252905369
b3_seed3,top1_score,scalar,0,val_select,5,5282,0.4819185367215885,,0.44674621057648795,0.23776456659899592,0.0240829741884431,0.21368159241055282,-0.12186379928315393,-0.05164776168012655,-0.0005552765978621525,-0.0026210302409532303,,,
b3_seed3,top1_score,scalar,0,testA,5,5646,0.4819185367215885,,0.45242654377437114,0.20645237553078527,0.016053923723567953,0.19039845180721732,-0.08460754332313937,-0.011677935681648198,0.01246228518955812,0.010731869730699872,,,
b3_seed3,top1_score,scalar,0,testB,5,4640,0.4819185367215885,,0.4583939708681906,0.2727618044515696,0.034114568604628415,0.2386472358469412,-0.09326424870466306,-0.03950777202072547,-0.010362694300518267,0.003726933915098819,,,
b3_seed3,top1_score,scalar,0,__pooled_test__,5,10286,0.4819185367215885,,0.4411481110333939,0.24182516023413497,0.023299379337029164,0.2185257808971058,-0.15474520804114078,-0.046608503399447374,-0.006116287635595291,0.005468391337454324,,,
b3_seed3,top1_score,scalar,0,val_select,10,5282,0.4819185367215885,,0.45012037395188004,0.3586136735322507,0.06091999265290571,0.297693680879345,-0.0929024812463934,-0.040726642341846135,-0.003355876583171836,-0.0015896609482263003,,,
b3_seed3,top1_score,scalar,0,testA,10,5646,0.4819185367215885,,0.44872361404726596,0.31627203278941673,0.041474059494111676,0.2747979732953051,-0.10608020698576973,-0.021138484741128904,0.00040551004916517794,0.005979203023751589,,,
b3_seed3,top1_score,scalar,0,testB,10,4640,0.4819185367215885,,0.45594142847664754,0.407479754203899,0.08287796391901076,0.3246017902848882,-0.08769931662870159,-0.036446469248291646,-0.017463933181473105,-0.00467569835751118,,,
b3_seed3,top1_score,scalar,0,__pooled_test__,10,10286,0.4819185367215885,,0.4369202808808296,0.36485421782316174,0.05814321302285469,0.30671100480030705,-0.13688673531193252,-0.04858141926011187,-0.017499164865222516,-0.0031889404280714207,,,
b3_seed3,top1_score,scalar,0,val_select,20,5282,0.4819185367215885,,0.43985722892267576,0.481013548574398,0.11485430322550444,0.36615924534889355,-0.1060344827586207,-0.030613647861350936,-0.005225907765511434,0.0036496199887303188,,,
b3_seed3,top1_score,scalar,0,testA,20,5646,0.4819185367215885,,0.4443190674361795,0.43531606059513506,0.08425593881065124,0.3510601217844838,-0.09428704133766831,-0.021204201375389465,-0.005712903825474121,0.004138130967559004,,,
b3_seed3,top1_score,scalar,0,testB,20,4640,0.4819185367215885,,0.4457225596342275,0.5360344300134512,0.1510481103940043,0.3849863196194469,-0.08593750000000008,-0.03949652777777782,-0.018036265432098818,-0.004660087719298164,,,
b3_seed3,top1_score,scalar,0,__pooled_test__,20,10286,0.4819185367215885,,0.42969438664645254,0.4891992963941926,0.11146098751328032,0.37773830888091225,-0.12721561588512467,-0.04327731322702774,-0.0170606985363562,-0.005601898745744589,,,
b3_seed3,top1_score,scalar,0,val_select,50,5282,0.4819185367215885,,0.42992124603032483,0.6226118289133926,0.20649586665110548,0.41611596226228714,-0.09677419354838712,-0.02210145092905954,-0.0016945455695230396,0.006198370932816064,,,
b3_seed3,top1_score,scalar,0,testA,50,5646,0.4819185367215885,,0.4378667222325432,0.5692800827130406,0.1600217806091428,0.40925830210389785,-0.09040333796940198,-0.019600193735734198,-0.007066994201903804,0.0019590501348815664,,,
b3_seed3,top1_score,scalar,0,testB,50,4640,0.4819185367215885,,0.42594728090147094,0.6878962715012931,0.27031673618713487,0.4175795353141582,-0.07733873691320502,-0.03850050658561303,-0.017298960561371937,-0.006416751097602055,,,
b3_seed3,top1_score,scalar,0,__pooled_test__,50,10286,0.4819185367215885,,0.4161455512040539,0.6319329709454613,0.20496534554659546,0.42696762539886585,-0.11769744731882825,-0.03989249151301674,-0.016818721815928916,-0.005352217294068432,,,
b3_seed3,margin,scalar,0,val_select,5,5282,0.814995729279958,,0.8355237913334951,0.0647796333334452,0.0240829741884431,0.040696659145002104,0.8207885304659501,0.36161956958714375,0.19059558221486414,0.09735811294393963,,,
b3_seed3,margin,scalar,0,testA,5,5646,0.814995729279958,,0.8509116951991373,0.04551778805118573,0.016053923723567953,0.02946386432761778,0.8695208970438328,0.4368241214467395,0.22650428989044513,0.11802776238463711,,,
b3_seed3,margin,scalar,0,testB,5,4640,0.814995729279958,,0.8100905570121791,0.0884850832172923,0.034114568604628415,0.05437051461266389,0.7322970639032816,0.2940414507772022,0.1412396852811361,0.07735660394509597,,,
b3_seed3,margin,scalar,0,__pooled_test__,5,10286,0.814995729279958,,0.8343876512192713,0.062490772267311645,0.023299379337029164,0.03919139293028248,0.8195418419822348,0.36420432624310484,0.18347196480993522,0.09896715711968258,,,
b3_seed3,margin,scalar,0,val_select,10,5282,0.814995729279958,,0.7949267504951291,0.13715884352811022,0.06091999265290571,0.07623885087520452,0.6341604154645125,0.23117491286458222,0.1075582235119646,0.04639431916997244,,,
b3_seed3,margin,scalar,0,testA,10,5646,0.814995729279958,,0.8120782191651154,0.10101718926540487,0.041474059494111676,0.059543129771293196,0.7063389391979302,0.29741144636576317,0.13766111578648307,0.07065863844343928,,,
b3_seed3,margin,scalar,0,testB,10,4640,0.814995729279958,,0.7671201215408869,0.18519596924799686,0.08287796391901076,0.1023180053289861,0.5011389521640093,0.1849373576309796,0.0970640344216655,0.0468768732765855,,,
b3_seed3,margin,scalar,0,__pooled_test__,10,10286,0.814995729279958,,0.7951485805055494,0.13402095306052342,0.05814321302285469,0.07587774003766873,0.6196244700181707,0.2387374606021352,0.1157447733909376,0.058972433383010274,,,
b3_seed3,margin,scalar,0,val_select,20,5282,0.814995729279958,,0.7855762066637174,0.21731690240606985,0.11485430322550444,0.10246259918056541,0.4836206896551725,0.1697984153923984,0.07666719858413236,0.03586313409656277,,,
b3_seed3,margin,scalar,0,testA,20,5646,0.814995729279958,,0.7979363278344892,0.17091563704157692,0.08425593881065124,0.08665969823092567,0.5652577798420809,0.20985848887327743,0.09129788422952288,0.0481379189955017,,,
b3_seed3,margin,scalar,0,testB,20,4640,0.814995729279958,,0.7558605826971556,0.28115911853515024,0.1510481103940043,0.13011100814114596,0.38194444444444453,0.12489149305555555,0.05719521604938263,0.03143274853801177,,,
b3_seed3,margin,scalar,0,__pooled_test__,20,10286,0.814995729279958,,0.7833604177821946,0.21444676375155255,0.11146098751328032,0.10298577623827224,0.48754767781018615,0.1648172476370729,0.07517274716424478,0.04115929804891443,,,
b3_seed3,margin,scalar,0,val_select,50,5282,0.814995729279958,,0.7737084531697103,0.3345674376112209,0.20649586665110548,0.1280715709601154,0.3335550382440971,0.10550535892666298,0.047817468117793804,0.02335098798962915,,,
b3_seed3,margin,scalar,0,testA,50,5646,0.814995729279958,,0.780599559155064,0.2770594295483957,0.1600217806091428,0.11703764893925289,0.4102920723226703,0.13034101122540306,0.06092065097628389,0.02830996630293746,,,
b3_seed3,margin,scalar,0,testB,50,4640,0.814995729279958,,0.7391564831593724,0.4286987378716446,0.27031673618713487,0.15838200168450972,0.24349881796690312,0.06957109084768658,0.03148335772449243,0.01349117474537411,,,
b3_seed3,margin,scalar,0,__pooled_test__,50,10286,0.814995729279958,,0.7686797621439224,0.3368724066320417,0.20496534554659546,0.13190706108544625,0.33116326880246705,0.10444184524146703,0.047898306528776566,0.020435292494819825,,,
b3_seed3,neg_entropy,scalar,0,val_select,5,5282,0.8031215626620454,,0.8347062411706303,0.06499560524612047,0.0240829741884431,0.04091263105767737,0.8261648745519712,0.3683393635914897,0.18860442743556444,0.10301730972799039,,,
b3_seed3,neg_entropy,scalar,0,testA,5,5646,0.8031215626620454,,0.8488551503212702,0.045860193667601364,0.016053923723567953,0.02980626994403341,0.8735983690112133,0.4291792000184151,0.2378292636841429,0.12553847487041261,,,
b3_seed3,neg_entropy,scalar,0,testB,5,4640,0.8031215626620454,,0.8078013350673933,0.08935420828704829,0.034114568604628415,0.05523963968241988,0.7063903281519862,0.309153713298791,0.15755133371713664,0.07917462048904642,,,
b3_seed3,neg_entropy,scalar,0,__pooled_test__,5,10286,0.8031215626620454,,0.8325480033693642,0.06296869701935899,0.023299379337029164,0.03966931768232983,0.8120617110799442,0.37180114955086213,0.19230210259506922,0.10339604602515683,,,
b3_seed3,neg_entropy,scalar,0,val_select,10,5282,0.8031215626620454,,0.7902129237741116,0.13934014317634286,0.06091999265290571,0.07842015052343715,0.5983843046739757,0.21675042717723836,0.1165339310341144,0.06279390731163548,,,
b3_seed3,neg_entropy,scalar,0,testA,10,5646,0.8031215626620454,,0.8122445019404916,0.1008753214276631,0.041474059494111676,0.05940126193355143,0.683053040103493,0.29094342746003937,0.15131481478653053,0.07678616390425146,,,
b3_seed3,neg_entropy,scalar,0,testB,10,4640,0.8031215626620454,,0.7680472973186444,0.18677642715637444,0.08287796391901076,0.10389846323736368,0.48063781321184523,0.1899202733485194,0.10465704884839297,0.05407025536506428,,,
b3_seed3,neg_entropy,scalar,0,__pooled_test__,10,10286,0.8031215626620454,,0.7955190300855534,0.13438789203762783,0.05814321302285469,0.07624467901477314,0.6008479709267109,0.25085103656470686,0.1268484349122841,0.06662306400591261,,,
b3_seed3,neg_entropy,scalar,0,val_select,20,5282,0.8031215626620454,,0.7765925865561479,0.2215789006566088,0.11485430322550444,0.10672459743110435,0.4543103448275862,0.16494973644271094,0.07714610563880875,0.03858540289440788,,,
b3_seed3,neg_entropy,scalar,0,testA,20,5646,0.8031215626620454,,0.7897210385205419,0.17674513839475287,0.08425593881065124,0.09248919958410162,0.5253135160241523,0.21218072696622903,0.1129705070928732,0.058404536202021864,,,
b3_seed3,neg_entropy,scalar,0,testB,20,4640,0.8031215626620454,,0.7425921714469178,0.2924992767036262,0.1510481103940043,0.1414511663096219,0.35069444444444436,0.12055121527777769,0.06394675925925934,0.03326023391812863,,,
b3_seed3,neg_entropy,scalar,0,__pooled_test__,20,10286,0.8031215626620454,,0.7742381375291076,0.22170978327166577,0.11146098751328032,0.11024879575838545,0.46376486425846974,0.17210897079403625,0.08639032839810167,0.04399330997586345,,,
b3_seed3,neg_entropy,scalar,0,val_select,50,5282,0.8031215626620454,,0.7566815891125834,0.3509680031857777,0.20649586665110548,0.14447213653467222,0.3255736614566013,0.10550535892666298,0.051142901872912275,0.028601789129469767,,,
b3_seed3,neg_entropy,scalar,0,testA,50,5646,0.8031215626620454,,0.7704607532523612,0.2867803323240003,0.1600217806091428,0.1267585517148575,0.38386648122392214,0.14033709155614557,0.0721231606931442,0.0370936050256229,,,
b3_seed3,neg_entropy,scalar,0,testB,50,4640,0.8031215626620454,,0.719262462840834,0.45258629638824033,0.27031673618713487,0.18226956020110546,0.22796352583586627,0.07210401891252942,0.035611092348681116,0.019179153557653063,,,
b3_seed3,neg_entropy,scalar,0,__pooled_test__,50,10286,0.8031215626620454,,0.7559059784519223,0.35079464138023275,0.20496534554659546,0.1458292958336373,0.3112900462566386,0.1082964714455929,0.05398932096121925,0.027468249709971238,,,
b3_seed3,norm_entropy,scalar,0,val_select,5,5282,0.8031215626620454,,0.8347062411706303,0.06499560524612047,0.0240829741884431,0.04091263105767737,0.8261648745519712,0.3683393635914897,0.18860442743556444,0.10301730972799039,,,
b3_seed3,norm_entropy,scalar,0,testA,5,5646,0.8031215626620454,,0.8488551503212702,0.045860193667601364,0.016053923723567953,0.02980626994403341,0.8735983690112133,0.4291792000184151,0.2378292636841429,0.12553847487041261,,,
b3_seed3,norm_entropy,scalar,0,testB,5,4640,0.8031215626620454,,0.8078013350673933,0.08935420828704829,0.034114568604628415,0.05523963968241988,0.7063903281519862,0.309153713298791,0.15755133371713664,0.07917462048904642,,,
b3_seed3,norm_entropy,scalar,0,__pooled_test__,5,10286,0.8031215626620454,,0.8325480033693642,0.06296869701935899,0.023299379337029164,0.03966931768232983,0.8120617110799442,0.37180114955086213,0.19230210259506922,0.10339604602515683,,,
b3_seed3,norm_entropy,scalar,0,val_select,10,5282,0.8031215626620454,,0.7902129237741116,0.13934014317634286,0.06091999265290571,0.07842015052343715,0.5983843046739757,0.21675042717723836,0.1165339310341144,0.06279390731163548,,,
b3_seed3,norm_entropy,scalar,0,testA,10,5646,0.8031215626620454,,0.8122445019404916,0.1008753214276631,0.041474059494111676,0.05940126193355143,0.683053040103493,0.29094342746003937,0.15131481478653053,0.07678616390425146,,,
b3_seed3,norm_entropy,scalar,0,testB,10,4640,0.8031215626620454,,0.7680472973186444,0.18677642715637444,0.08287796391901076,0.10389846323736368,0.48063781321184523,0.1899202733485194,0.10465704884839297,0.05407025536506428,,,
b3_seed3,norm_entropy,scalar,0,__pooled_test__,10,10286,0.8031215626620454,,0.7955190300855534,0.13438789203762783,0.05814321302285469,0.07624467901477314,0.6008479709267109,0.25085103656470686,0.1268484349122841,0.06662306400591261,,,
b3_seed3,norm_entropy,scalar,0,val_select,20,5282,0.8031215626620454,,0.7765925865561479,0.2215789006566088,0.11485430322550444,0.10672459743110435,0.4543103448275862,0.16494973644271094,0.07714610563880875,0.03858540289440788,,,
b3_seed3,norm_entropy,scalar,0,testA,20,5646,0.8031215626620454,,0.7897210385205419,0.17674513839475287,0.08425593881065124,0.09248919958410162,0.5253135160241523,0.21218072696622903,0.1129705070928732,0.058404536202021864,,,
b3_seed3,norm_entropy,scalar,0,testB,20,4640,0.8031215626620454,,0.7425921714469178,0.2924992767036262,0.1510481103940043,0.1414511663096219,0.35069444444444436,0.12055121527777769,0.06394675925925934,0.03326023391812863,,,
b3_seed3,norm_entropy,scalar,0,__pooled_test__,20,10286,0.8031215626620454,,0.7742381375291076,0.22170978327166577,0.11146098751328032,0.11024879575838545,0.46376486425846974,0.17210897079403625,0.08639032839810167,0.04399330997586345,,,
b3_seed3,norm_entropy,scalar,0,val_select,50,5282,0.8031215626620454,,0.7566815891125834,0.3509680031857777,0.20649586665110548,0.14447213653467222,0.3255736614566013,0.10550535892666298,0.051142901872912275,0.028601789129469767,,,
b3_seed3,norm_entropy,scalar,0,testA,50,5646,0.8031215626620454,,0.7704607532523612,0.2867803323240003,0.1600217806091428,0.1267585517148575,0.38386648122392214,0.14033709155614557,0.0721231606931442,0.0370936050256229,,,
b3_seed3,norm_entropy,scalar,0,testB,50,4640,0.8031215626620454,,0.719262462840834,0.45258629638824033,0.27031673618713487,0.18226956020110546,0.22796352583586627,0.07210401891252942,0.035611092348681116,0.019179153557653063,,,
b3_seed3,norm_entropy,scalar,0,__pooled_test__,50,10286,0.8031215626620454,,0.7559059784519223,0.35079464138023275,0.20496534554659546,0.1458292958336373,0.3112900462566386,0.1082964714455929,0.05398932096121925,0.027468249709971238,,,
b3_seed3,stats_logistic,summary_statistics,18,val_select,5,5282,0.8211450574607029,0.1,0.84246468682301,0.06335831449396737,0.0240829741884431,0.039275340305524264,0.8297491039426523,0.390738676939309,0.1995557787217106,0.10207411026398185,0.015393383742613707,0.12358714722977478,0.3788809858857565
b3_seed3,stats_logistic,summary_statistics,18,testA,5,5646,0.8211450574607029,0.1,0.8565247745754545,0.04457891690083732,0.016053923723567953,0.028524993177269364,0.8674821610601426,0.45721057858893915,0.2536842269953199,0.13197622842964893,0.012105135271004104,0.10710563758828341,0.3303934024993775
b3_seed3,stats_logistic,summary_statistics,18,testB,5,4640,0.8211450574607029,0.1,0.8193621476946824,0.08596245932939973,0.034114568604628415,0.05184789072477132,0.7392055267702935,0.32534542314335074,0.15851084244866623,0.08099263703299686,0.015241370316108045,0.1431462288551027,0.42820378148853255
b3_seed3,stats_logistic,summary_statistics,18,__pooled_test__,5,10286,0.8211450574607029,0.1,0.842004901404665,0.06086900599107771,0.023299379337029164,0.037569626654048546,0.8242169237961663,0.3905010223084178,0.20632643907734144,0.1043802435597066,0.013221373425576664,0.12336349715254956,0.3745155256288427
b3_seed3,stats_logistic,summary_statistics,18,val_select,10,5282,0.8211450574607029,0.1,0.8054359566188765,0.13344938705522133,0.06091999265290571,0.07252939440231562,0.6399307559145989,0.23910837999262113,0.12615076052213217,0.05793477008447613,0.020858808778520938,0.16604152409066644,0.48977751020620747
b3_seed3,stats_logistic,summary_statistics,18,testA,10,5646,0.8211450574607029,0.1,0.8252240242324803,0.09726045177192397,0.041474059494111676,0.05578639227781229,0.7153945666235444,0.3216665172622269,0.1620940508391995,0.08631787017662672,0.012499559713761944,0.14668792373574158,0.44099357182437254
b3_seed3,stats_logistic,summary_statistics,18,testB,10,4640,0.8211450574607029,0.1,0.7868660728107949,0.17734617540716274,0.08287796391901076,0.09446821148815199,0.5364464692482915,0.21412300683371296,0.10592255125284741,0.05826639491667657,0.017220277240915845,0.18062440592490242,0.5313353169832967
b3_seed3,stats_logistic,summary_statistics,18,__pooled_test__,10,10286,0.8211450574607029,0.1,0.8114322310127571,0.12854912707833172,0.05814321302285469,0.07040591405547703,0.6535433070866142,0.2697784990062254,0.13492382510962717,0.07395491835286053,0.011672071574795826,0.16199662268165896,0.4817466048340369
b3_seed3,stats_logistic,summary_statistics,18,val_select,20,5282,0.8211450574607029,0.1,0.800883606137512,0.2102071607209359,0.11485430322550444,0.09535285749543146,0.5198275862068966,0.18380571013594,0.08863987495103955,0.04130767169225273,0.02334757115125006,0.17971078678685212,0.5284982500857428
b3_seed3,stats_logistic,summary_statistics,18,testA,20,5646,0.8211450574607029,0.1,0.8152026965482954,0.16484625486712987,0.08425593881065124,0.08059031605647862,0.5968416163492801,0.24353094122107302,0.12329080369446865,0.06280451500481622,0.020980281788970698,0.1696978103078124,0.5040065580293276
b3_seed3,stats_logistic,summary_statistics,18,testB,20,4640,0.8211450574607029,0.1,0.7756410828101218,0.27104499277839655,0.1510481103940043,0.11999688238439227,0.41666666666666663,0.13519965277777768,0.06684027777777778,0.03463084795321627,0.019708342792851,0.19044552959078956,0.5583744345614466
b3_seed3,stats_logistic,summary_statistics,18,__pooled_test__,20,10286,0.8211450574607029,0.1,0.8025708228603141,0.20650374351614867,0.11146098751328032,0.09504275600286835,0.5243437289656719,0.1931427875929681,0.0943672750532888,0.04328480699412607,0.016788854014824786,0.1790570770269466,0.5285318299629299
b3_seed3,stats_logistic,summary_statistics,18,val_select,50,5282,0.8211450574607029,0.1,0.7911270771131097,0.3268374225941485,0.20649586665110548,0.12034155594304302,0.36880611905553706,0.11963770920384392,0.058163262022606306,0.030002002766760613,0.026454376184897883,0.17878241325731806,0.5339829215834776
b3_seed3,stats_logistic,summary_statistics,18,testA,50,5646,0.8211450574607029,0.1,0.8059416156615435,0.2652073216644507,0.1600217806091428,0.10518554105530792,0.4464534075104312,0.1490293353220088,0.07482721476273134,0.03745958997240139,0.038796241343356914,0.17929256895483045,0.5335513001323081
b3_seed3,stats_logistic,summary_statistics,18,testB,50,4640,0.8211450574607029,0.1,0.7650142743093208,0.4187896214840846,0.27031673618713487,0.14847288529694974,0.27592029719689287,0.08687943262411357,0.04499230740365481,0.02131214561225754,0.03393540284509831,0.180283660634883,0.5404919796837989
b3_seed3,stats_logistic,summary_statistics,18,__pooled_test__,50,10286,0.8211450574607029,0.1,0.793603773880616,0.32540357844344203,0.20496534554659546,0.12043823289684658,0.3702244303580607,0.1239291221623247,0.060841712197717585,0.030894562199403834,0.03354142009596215,0.17973964900494166,0.5366822308263504
b3_seed3,stats_logistic_noK,summary_statistics,17,val_select,5,5282,0.8211373076118638,0.1,0.842473290350112,0.06335892641189834,0.0240829741884431,0.03927595222345524,0.8297491039426523,0.390738676939309,0.1995557787217106,0.10207411026398185,0.016463750947242877,0.12359814845322639,0.37894506762463465
b3_seed3,stats_logistic_noK,summary_statistics,17,testA,5,5646,0.8211373076118638,0.1,0.8564808532536194,0.04459034830190516,0.016053923723567953,0.02853642457833721,0.8674821610601426,0.45466227144616433,0.2548167243746895,0.13090326950310976,0.012366034206782638,0.10711488305170169,0.3304246811259699
b3_seed3,stats_logistic_noK,summary_statistics,17,testB,5,4640,0.8211373076118638,0.1,0.8193832282282729,0.08595542845081053,0.034114568604628415,0.051840859846182114,0.7392055267702935,0.3264248704663212,0.15851084244866623,0.08008362876102164,0.015340271664926053,0.14314279954743045,0.42817996766324773
b3_seed3,stats_logistic_noK,summary_statistics,17,__pooled_test__,5,10286,0.8211373076118638,0.1,0.8419902684617099,0.060875338393809805,0.023299379337029164,0.03757595905678064,0.8251519401589527,0.3910853933320912,0.20684585894705543,0.1043802435597066,0.013527015097008734,0.12336702504471955,0.37452195212859185
b3_seed3,stats_logistic_noK,summary_statistics,17,val_select,10,5282,0.8211373076118638,0.1,0.8054933511012343,0.13343550778782365,0.06091999265290571,0.07251551513491794,0.6422388920946337,0.23910837999262113,0.12615076052213217,0.0591495543912658,0.019495510187120358,0.16597873280302758,0.4895995260552487
b3_seed3,stats_logistic_noK,summary_statistics,17,testA,10,5646,0.8211373076118638,0.1,0.8252920203199444,0.09721550584342094,0.041474059494111676,0.05574144634930926,0.7153945666235444,0.32247501962544256,0.161375435102355,0.08631787017662672,0.01300855170664724,0.14667318954079073,0.4409051825359336
b3_seed3,stats_logistic_noK,summary_statistics,17,testB,10,4640,0.8211373076118638,0.1,0.7867943946492943,0.1773789621993343,0.08287796391901076,0.09450099828032354,0.5364464692482915,0.21341116173120742,0.10655530245507477,0.05886584342404975,0.017022296613560667,0.18065181332840974,0.5313863851699521
b3_seed3,stats_logistic_noK,summary_statistics,17,__pooled_test__,10,10286,0.8211373076118638,0.1,0.8114331416344567,0.12853479477194601,0.05814321302285469,0.07039158174909133,0.6553603876438521,0.2690214005085647,0.13492382510962717,0.07395491835286053,0.011868055809335297,0.1620008985019566,0.4817211246146665
b3_seed3,stats_logistic_noK,summary_statistics,17,val_select,20,5282,0.8211373076118638,0.1,0.8010358215557988,0.21015135382641556,0.11485430322550444,0.09529705060091112,0.5206896551724138,0.18434445224146104,0.08959768906039207,0.04130767169225273,0.02299305100828992,0.17962928998016944,0.5284015620290295
b3_seed3,stats_logistic_noK,summary_statistics,17,testA,20,5646,0.8211373076118638,0.1,0.8151940534243459,0.16484902237034027,0.08425593881065124,0.08059308355968903,0.5968416163492801,0.24295038169783534,0.12277478886438893,0.06378228807210366,0.023612110320580165,0.16976881730197335,0.5042358900906385
b3_seed3,stats_logistic_noK,summary_statistics,17,testB,20,4640,0.8211373076118638,0.1,0.7756905054937214,0.27107235725835976,0.1510481103940043,0.12002424686435548,0.4149305555555555,0.1357421875,0.06684027777777778,0.03554459064327492,0.020059579731987673,0.19056571687669815,0.5587270088530527
b3_seed3,stats_logistic_noK,summary_statistics,17,__pooled_test__,20,10286,0.8211373076118638,0.1,0.8025759422118363,0.20651520067088872,0.11146098751328032,0.0950542131576084,0.5252411936280009,0.19146008224905353,0.09486583421923793,0.04352097465470528,0.019754668876340524,0.17915026918090812,0.5288167564193962
b3_seed3,stats_logistic_noK,summary_statistics,17,val_select,50,5282,0.8211373076118638,0.1,0.7914233820718689,0.3266907881714738,0.20649586665110548,0.12019492152036831,0.3694712337878283,0.12005336656493747,0.058163262022606306,0.02965194935743805,0.028915005559797192,0.17896015814923566,0.5345364709241769
b3_seed3,stats_logistic_noK,summary_statistics,17,testA,50,5646,0.8211373076118638,0.1,0.8061059283099773,0.2651207922218505,0.1600217806091428,0.10509901161270768,0.4506258692628652,0.14946394751030181,0.07521350820124373,0.03782557491917988,0.04503786074518868,0.17984389784825844,0.535061207561284
b3_seed3,stats_logistic_noK,summary_statistics,17,testB,50,4640,0.8211373076118638,0.1,0.7654276288595095,0.4186139670080804,0.27031673618713487,0.14829723082094554,0.2745694022289767,0.088145896656535,0.04461705880145598,0.020601148260722717,0.0378243535468065,0.18057543847245208,0.5411823516452489
b3_seed3,stats_logistic_noK,summary_statistics,17,__pooled_test__,50,10286,0.8211373076118638,0.1,0.7938652798647362,0.3252781948920887,0.20496534554659546,0.12031284934549324,0.3702244303580607,0.124143268062554,0.060841712197717585,0.030714229963117807,0.039572022423634015,0.18017389478547974,0.5378224469691779
b3_seed3,stats_logistic_noent,summary_statistics,16,val_select,5,5282,0.8211171914199131,0.1,0.8422390593247607,0.0633826224972898,0.0240829741884431,0.039299648308846705,0.8243727598566308,0.3952185396088732,0.2005513561113599,0.1011309107999733,0.015928019284278325,0.12372262487715723,0.37884851254196783
b3_seed3,stats_logistic_noent,summary_statistics,16,testA,5,5646,0.8211171914199131,0.1,0.8565435667828069,0.04452333165943484,0.016053923723567953,0.028469407935866886,0.8695208970438328,0.45466227144616433,0.24575674533973108,0.13519510520926709,0.014953515863756742,0.10722395058561088,0.33052721367195637
b3_seed3,stats_logistic_noent,summary_statistics,16,testB,5,4640,0.8211171914199131,0.1,0.8189338408533797,0.08605873209750803,0.034114568604628415,0.051944163492879614,0.7357512953367875,0.3188687392055267,0.1594703511801958,0.08008362876102164,0.01436912428697058,0.14327308378772166,0.42865062319959213
b3_seed3,stats_logistic_noent,summary_statistics,16,__pooled_test__,5,10286,0.8211171914199131,0.1,0.8417802426922366,0.06087958104120657,0.023299379337029164,0.037580201704177404,0.8214118747078076,0.39225413537943843,0.20476817946820003,0.10241184849060705,0.012742940812525161,0.12348566340476254,0.37479054443301313
b3_seed3,stats_logistic_noent,summary_statistics,16,val_select,10,5282,0.8211171914199131,0.1,0.8053863664853944,0.13345806304160343,0.06091999265290571,0.07253807038869772,0.6399307559145989,0.23766593142388684,0.12166290676105727,0.05732737793108113,0.021686951707587294,0.16609047669681512,0.48992084945476433
b3_seed3,stats_logistic_noent,summary_statistics,16,testA,10,5646,0.8211171914199131,0.1,0.8253638027324646,0.09707562892684317,0.041474059494111676,0.05560156943273149,0.7179818887451487,0.3216665172622269,0.15850097215497652,0.08767954250125147,0.014686137136746559,0.14671089673908086,0.4407539904075487
b3_seed3,stats_logistic_noent,summary_statistics,16,testB,10,4640,0.8211171914199131,0.1,0.7863382608942907,0.1775768341588697,0.08287796391901076,0.09469887023985896,0.5284738041002277,0.20771640091116172,0.109719058466211,0.06006474043879641,0.018882391397430667,0.18084144909695976,0.531860674861918
b3_seed3,stats_logistic_noent,summary_statistics,16,__pooled_test__,10,10286,0.8211171914199131,0.1,0.8112817616176249,0.12851446806943023,0.05814321302285469,0.07037125504657554,0.6541490006056936,0.266371555766752,0.1362697234758512,0.07267981324904346,0.01464115223393454,0.16210714046264277,0.4818520864476297
b3_seed3,stats_logistic_noent,summary_statistics,16,val_select,20,5282,0.8211171914199131,0.1,0.8016120864280891,0.20990800843342303,0.11485430322550444,0.09505370520791859,0.5172413793103449,0.18542193645250266,0.09103441022442073,0.04312251755748272,0.02097692679395124,0.17944733118006131,0.5279630332041186
b3_seed3,stats_logistic_noent,summary_statistics,16,testA,20,5646,0.8211171914199131,0.1,0.8151589490439973,0.16479319086777344,0.08425593881065124,0.0805372520571222,0.5940548072457035,0.244111500744311,0.12122674437414979,0.06280451500481622,0.02190380348830365,0.16967151999275912,0.5039230914404483
b3_seed3,stats_logistic_noent,summary_statistics,16,testB,20,4640,0.8211171914199131,0.1,0.776864201329433,0.2706106497800826,0.1510481103940043,0.1195625393860783,0.4157986111111111,0.13845486111111108,0.06635802469135796,0.03600146198830414,0.016689608825437942,0.19003567491193257,0.5576056626579314
b3_seed3,stats_logistic_noent,summary_statistics,16,__pooled_test__,20,10286,0.8211171914199131,0.1,0.802972480252294,0.20633577466699293,0.11146098751328032,0.09487478715371261,0.5229975319721785,0.18893602423318184,0.09461655463626324,0.046354986581654295,0.015440204588816658,0.1788577613718146,0.528139223119344
b3_seed3,stats_logistic_noent,summary_statistics,16,val_select,50,5282,0.8211171914199131,0.1,0.7928144220262611,0.3260149844216292,0.20649586665110548,0.11951911777052371,0.3694712337878283,0.11839073712056312,0.05631579882531853,0.02965194935743805,0.030724864514421277,0.17839578460525124,0.5332855717551829
b3_seed3,stats_logistic_noent,summary_statistics,16,testA,50,5646,0.8211171914199131,0.1,0.8071536881850545,0.2645828352945594,0.1600217806091428,0.1045610546854166,0.456884561891516,0.14598705000395656,0.07675868195529349,0.03965549965307275,0.04114137510156498,0.17848094675414558,0.5318830605281109
b3_seed3,stats_logistic_noent,summary_statistics,16,testB,50,4640,0.8211171914199131,0.1,0.7687694646243934,0.4169537966001827,0.27031673618713487,0.14663706041304786,0.27592029719689287,0.09447821681864244,0.045742804608052814,0.02308963899109478,0.03472977383050505,0.1796228079347922,0.5393266960538522
b3_seed3,stats_logistic_noent,summary_statistics,16,__pooled_test__,50,10286,0.8211171914199131,0.1,0.7957451116460348,0.3243094012372622,0.20496534554659546,0.11934405569066675,0.3667980126777455,0.124143268062554,0.06274515420785594,0.031796223380833585,0.037563740763796094,0.17899603871197178,0.535240873948239
b3_seed3,top_scores_logistic,summary_statistics,14,val_select,5,5282,0.7975723161534038,0.1,0.8089249118568649,0.07425439770715783,0.0240829741884431,0.05017142351871473,0.7186379928315411,0.34706001591106084,0.18760885004591513,0.09735811294393963,0.01785729410985032,0.13265202774341162,0.4087905383595954
b3_seed3,top_scores_logistic,summary_statistics,14,testA,5,5646,0.7975723161534038,0.1,0.8306666972586321,0.051410299717557395,0.016053923723567953,0.03535637599398944,0.8185524974515799,0.41388935716176567,0.23329927416666366,0.12231959809079444,0.015518716897766594,0.11297430840976451,0.3524961582641414
b3_seed3,top_scores_logistic,summary_statistics,14,testB,5,4640,0.7975723161534038,0.1,0.7811086674225898,0.10389673012081392,0.034114568604628415,0.0697821615161855,0.620034542314335,0.30051813471502614,0.15275379005948966,0.06644850468139284,0.02064552432511189,0.15308697053557185,0.46567968889162714
b3_seed3,top_scores_logistic,summary_statistics,14,__pooled_test__,5,10286,0.7975723161534038,0.1,0.8099539360694182,0.07204691520815713,0.023299379337029164,0.04874753587112797,0.7288452547919587,0.35719187395902147,0.19126326285564177,0.10241184849060705,0.012041530286352893,0.13106907335860235,0.403553088276929
b3_seed3,top_scores_logistic,summary_statistics,14,val_select,10,5282,0.7975723161534038,0.1,0.7803262770638153,0.14578339880462518,0.06091999265290571,0.08486340615171947,0.5741488747836122,0.22107777288344155,0.1146105651365111,0.0591495543912658,0.02442295016744869,0.17514199148572282,0.5147642221141389
b3_seed3,top_scores_logistic,summary_statistics,14,testA,10,5646,0.7975723161534038,0.1,0.8004521503171047,0.10697404296337487,0.041474059494111676,0.0654999834692632,0.6558861578266493,0.2780073896485923,0.15131481478653053,0.08427536168968919,0.021275395245440424,0.15532619307266896,0.4663777871800022
b3_seed3,top_scores_logistic,summary_statistics,14,testB,10,4640,0.7975723161534038,0.1,0.7565242923805522,0.19720831996264573,0.08287796391901076,0.11433035604363498,0.48405466970387245,0.19134396355353084,0.10402429764616561,0.0534708068576908,0.01963785228754547,0.19136645857398196,0.5605401061675386
b3_seed3,top_scores_logistic,summary_statistics,14,__pooled_test__,10,10286,0.7975723161534038,0.1,0.7837865367443662,0.14235489140776633,0.05814321302285469,0.08421167838491164,0.5754088431253784,0.24328005158809957,0.12920375705317605,0.06821694538568376,0.010704633833492233,0.1715839056845776,0.508854275620812
b3_seed3,top_scores_logistic,summary_statistics,14,val_select,20,5282,0.7975723161534038,0.1,0.7715461943234999,0.22783510095061849,0.11485430322550444,0.11298079772511405,0.4482758620689655,0.16548847854823173,0.08241408324024775,0.039492825827022744,0.031116542018966065,0.19253823793879316,0.5623409330700796
b3_seed3,top_scores_logistic,summary_statistics,14,testA,20,5646,0.7975723161534038,0.1,0.7839593991247041,0.1809806150593356,0.08425593881065124,0.09672467624868436,0.522526706920576,0.20056953650147163,0.11400253675303293,0.06329340153845994,0.041678519027010974,0.18279777236094877,0.5389632171468496
b3_seed3,top_scores_logistic,summary_statistics,14,testB,20,4640,0.7975723161534038,0.1,0.7512974383442732,0.2927353728282697,0.1510481103940043,0.14168726243426544,0.3810763888888888,0.13791232638888895,0.06394675925925934,0.03554459064327492,0.020885083286348326,0.20167029864167044,0.5869528669172368
b3_seed3,top_scores_logistic,summary_statistics,14,__pooled_test__,20,10286,0.7975723161534038,0.1,0.7743492236080012,0.22500402909724965,0.11146098751328032,0.11354304158396933,0.46421359658963424,0.1785593412790419,0.09037880172569523,0.044701812957600576,0.025519725030771566,0.19131114217842382,0.5606112800415216
b3_seed3,top_scores_logistic,summary_statistics,14,val_select,50,5282,0.7975723161534038,0.1,0.7643850795031374,0.3489421961085465,0.20649586665110548,0.142446329457441,0.3328899235118058,0.10966193253759832,0.0552073209069457,0.027551628901501684,0.03282966977936525,0.19264775045448318,0.5685927557085488
b3_seed3,top_scores_logistic,summary_statistics,14,testA,50,5646,0.7975723161534038,0.1,0.7691944537891074,0.2890234449572605,0.1600217806091428,0.12900166434811772,0.385952712100139,0.13729480623809356,0.07096428037760703,0.03745958997240139,0.046551066968936676,0.19720107955827743,0.5780239608181523
b3_seed3,top_scores_logistic,summary_statistics,14,testB,50,4640,0.7975723161534038,0.1,0.7451885429785142,0.44232038254575357,0.27031673618713487,0.1720036463586187,0.2462006079027355,0.08856805133400873,0.04424181019925698,0.022023142963792368,0.034565659096614035,0.19022409845819607,0.5635333081470022
b3_seed3,top_scores_logistic,summary_statistics,14,__pooled_test__,50,10286,0.7975723161534038,0.1,0.7648795114355054,0.3494348295375455,0.20496534554659546,0.14446948399095005,0.32670892581805716,0.12093107955911583,0.060651367996703676,0.031255226671975694,0.03742181564545536,0.19405377328719267,0.5714872479663016
b3_seed3,stats_mlp,summary_statistics,1121,val_select,5,5282,0.8214590810547797,0.0003,0.8404712495934833,0.06381123276828252,0.0240829741884431,0.039728258579839415,0.827956989247312,0.39297860827409087,0.1896000048252143,0.09075571669588085,0.016225735303219056,0.12419078728995873,0.3809466673164325
b3_seed3,stats_mlp,summary_statistics,1121,testA,5,5646,0.8214590810547797,0.0003,0.8538587940428702,0.04533653470578965,0.016053923723567953,0.029282610982221693,0.8695208970438328,0.44956565716061475,0.24009425844288218,0.13412214628272728,0.010170234904996972,0.10770161580384169,0.33304529847957687
b3_seed3,stats_mlp,summary_statistics,1121,testB,5,4640,0.8214590810547797,0.0003,0.8184076955355895,0.08630671835279255,0.034114568604628415,0.052192149748164135,0.7426597582037999,0.3199481865284976,0.15563231625407795,0.08462867012089821,0.016064097501080614,0.14318131866453243,0.42818351496293156
b3_seed3,stats_mlp,summary_statistics,1121,__pooled_test__,5,10286,0.8214590810547797,0.0003,0.840191334623672,0.061488372556566084,0.023299379337029164,0.03818899321953692,0.8167367928938756,0.39166976435576506,0.20632643907734144,0.10487234232698121,0.007740422431397661,0.12370645940423106,0.3759620128955564
b3_seed3,stats_mlp,summary_statistics,1121,val_select,10,5282,0.8214590810547797,0.0003,0.8036576219140914,0.13415850202172178,0.06091999265290571,0.07323850936881607,0.6330063473744952,0.2412720528457229,0.12038066282932164,0.05732737793108113,0.017663035359810533,0.16672108975188735,0.49166219756707596
b3_seed3,stats_mlp,summary_statistics,1121,testA,10,5646,0.8214590810547797,0.0003,0.8234236266683495,0.09801539307115442,0.041474059494111676,0.056541333577042746,0.7102199223803363,0.3216665172622269,0.16065681936551046,0.08767954250125147,0.01700085504729403,0.14742918055314866,0.44308699743065316
b3_seed3,stats_mlp,summary_statistics,1121,testB,10,4640,0.8214590810547797,0.0003,0.7848087318612784,0.17786184918177844,0.08287796391901076,0.09498388526276769,0.5353075170842824,0.20700455580865615,0.1078208048595292,0.05646804939455702,0.01711439115220103,0.18148273343675894,0.5331167694776532
b3_seed3,stats_mlp,summary_statistics,1121,__pooled_test__,10,10286,0.8214590810547797,0.0003,0.8096819944245669,0.12916777855637435,0.05814321302285469,0.07102456553351966,0.6456692913385826,0.2629646125272789,0.13492382510962717,0.07140470814522641,0.015593318203103796,0.16279068992316148,0.4836992998123447
b3_seed3,stats_mlp,summary_statistics,1121,val_select,20,5282,0.8214590810547797,0.0003,0.7987723811963026,0.2112633330604333,0.11485430322550444,0.09640902983492886,0.5112068965517242,0.18165074171385678,0.08624533967765811,0.04448365195640514,0.03958172447040016,0.18240259186304233,0.5348830242876975
b3_seed3,stats_mlp,summary_statistics,1121,testA,20,5646,0.8214590810547797,0.0003,0.8124799130475137,0.1666267833952073,0.08425593881065124,0.08237084458455607,0.601486298188574,0.23888646503517044,0.12019471471399007,0.058404536202021864,0.03316295847660931,0.17128993703442322,0.5088393820145748
b3_seed3,stats_mlp,summary_statistics,1121,testB,20,4640,0.8214590810547797,0.0003,0.7712552841395548,0.2728326057689682,0.1510481103940043,0.12178449537496389,0.4105902777777777,0.12380642361111109,0.06684027777777778,0.03508771929824571,0.03476072981760934,0.19202511924793442,0.561773796180625
b3_seed3,stats_mlp,summary_statistics,1121,__pooled_test__,20,10286,0.8214590810547797,0.0003,0.7994209397566645,0.20817529812426866,0.11146098751328032,0.09671431061098834,0.5135741530177248,0.1855706135453527,0.09037880172569523,0.04682732190281247,0.023625182799506744,0.18064354829931648,0.5327180211095072
b3_seed3,stats_mlp,summary_statistics,1121,val_select,50,5282,0.8214590810547797,0.0003,0.7849461878327858,0.3301618257923922,0.20649586665110548,0.12366595914128675,0.3495177918190888,0.11589679295400172,0.05557681354640318,0.028601789129469767,0.06731537427923888,0.1860238308195133,0.5502337774891921
b3_seed3,stats_mlp,summary_statistics,1121,testA,50,5646,0.8214590810547797,0.0003,0.7984059539171432,0.2700225936615745,0.1600217806091428,0.1100008130524317,0.4290681502086231,0.15337545720494028,0.07250945413165658,0.03782557491917988,0.05102363888476487,0.1838904270980414,0.5436177293131311
b3_seed3,stats_mlp,summary_statistics,1121,testB,50,4640,0.8214590810547797,0.0003,0.7505804563957214,0.42861668031219,0.27031673618713487,0.15829994412505516,0.2617359000337724,0.08223573117190147,0.040114075575068464,0.019179153557653063,0.05625505260802035,0.1880837512966772,0.5598776542459651
b3_seed3,stats_mlp,summary_statistics,1121,__pooled_test__,50,10286,0.8214590810547797,0.0003,0.7839883363171046,0.33200896173275046,0.20496534554659546,0.127043616186155,0.3554908343327052,0.11793303695590698,0.058176893383523776,0.03017323325426011,0.05331527082683763,0.18578202969202062,0.5509525583709136
b3_seed3,stats_mlp_noK,summary_statistics,1089,val_select,5,5282,0.8198457138321666,0.0003,0.8406552575293768,0.06399470135336646,0.0240829741884431,0.03991172716492336,0.8261648745519712,0.3952185396088732,0.19557346916311175,0.10018771133596475,0.01509545579840404,0.12411059716246696,0.3807409691082978
b3_seed3,stats_mlp_noK,summary_statistics,1089,testA,5,5646,0.8198457138321666,0.0003,0.8532078407207467,0.045569481965442235,0.016053923723567953,0.029515558241874282,0.8613659531090726,0.4597588857317139,0.2468892427191007,0.12875735165003077,0.012264010149707086,0.10782834596988183,0.33403348353849466
b3_seed3,stats_mlp_noK,summary_statistics,1089,testB,5,4640,0.8198457138321666,0.0003,0.8184360922543672,0.08630624316418238,0.034114568604628415,0.052191674559553966,0.7305699481865287,0.31563039723661496,0.15563231625407795,0.0882647032087991,0.013116351515054695,0.14326986703033573,0.428652388957895
b3_seed3,stats_mlp_noK,summary_statistics,1089,__pooled_test__,5,10286,0.8198457138321666,0.0003,0.8399502353694528,0.06162758818309017,0.023299379337029164,0.03832820884606101,0.8186068256194484,0.3846573120716817,0.2089235384259103,0.10831703369790568,0.011813468615438076,0.12381596581437977,0.3767159374706372
b3_seed3,stats_mlp_noK,summary_statistics,1089,val_select,10,5282,0.8198457138321666,0.0003,0.8042998547903337,0.1338253987047894,0.06091999265290571,0.0729054060518837,0.6341604154645125,0.2369447071395197,0.11717505299998238,0.056719985777686124,0.0163511772587506,0.16617154720873595,0.4902761288146197
b3_seed3,stats_mlp_noK,summary_statistics,1089,testA,10,5646,0.8198457138321666,0.0003,0.8235523617202537,0.09790019056978969,0.041474059494111676,0.05642613107567801,0.720569210866753,0.3184325078093652,0.1549078934707535,0.08359452552737641,0.016092574951647023,0.14756911028652697,0.44316822511141024
b3_seed3,stats_mlp_noK,summary_statistics,1089,testB,10,4640,0.8198457138321666,0.0003,0.7831868900445155,0.17872937816685225,0.08287796391901076,0.0958514142478415,0.539863325740319,0.2062927107061503,0.10275879524171089,0.05466970387243746,0.01806665713545577,0.18220425469158502,0.5349274505370298
b3_seed3,stats_mlp_noK,summary_statistics,1089,__pooled_test__,10,10286,0.8198457138321666,0.0003,0.8090024104590019,0.129389003717409,0.05814321302285469,0.0712457906945543,0.6408237431859479,0.2629646125272789,0.1332414521518474,0.07076715559331788,0.015559685187084364,0.16319297476635097,0.48456068145740233
b3_seed3,stats_mlp_noK,summary_statistics,1089,val_select,20,5282,0.8198457138321666,0.0003,0.7954356475121656,0.21280149041175045,0.11485430322550444,0.09794718718624601,0.5086206896551725,0.17518583644760694,0.0848086185136292,0.042668806091175154,0.017741455143936095,0.1816276909814563,0.5327834019780652
b3_seed3,stats_mlp_noK,summary_statistics,1089,testA,20,5646,0.8198457138321666,0.0003,0.8084490924653368,0.16815885336687783,0.08425593881065124,0.08390291455622659,0.5894101254064096,0.23017807218660233,0.11658261090343178,0.057915649668378144,0.0241314373802218,0.17292686922217534,0.5118476962005898
b3_seed3,stats_mlp_noK,summary_statistics,1089,testB,20,4640,0.8198457138321666,0.0003,0.7689673483281012,0.2757592543273836,0.1510481103940043,0.12471114393337929,0.40885416666666663,0.13845486111111108,0.06587577160493838,0.03463084795321627,0.03326270954426507,0.19403215851960046,0.5661711682074795
b3_seed3,stats_mlp_noK,summary_statistics,1089,__pooled_test__,20,10286,0.8198457138321666,0.0003,0.7957518081414856,0.21022782207587032,0.11146098751328032,0.09876683456259,0.5086380973749157,0.1822052028575236,0.08763672631297462,0.04493798061817979,0.027317795084708624,0.18244743526729035,0.5363529373158891
b3_seed3,stats_mlp_noK,summary_statistics,1089,val_select,50,5282,0.8198457138321666,0.0003,0.7810828214020765,0.33566367987343115,0.20649586665110548,0.12916781322232568,0.3674758895909545,0.11631245031509527,0.0552073209069457,0.02685152208285636,0.04314182244244058,0.18561122108902486,0.5516942718421951
b3_seed3,stats_mlp_noK,summary_statistics,1089,testA,50,5646,0.8198457138321666,0.0003,0.7972034213182168,0.2722159217488084,0.1600217806091428,0.11219414113966558,0.43393602225312944,0.15120239626347454,0.07328204100868158,0.041485424386965404,0.04473440665019306,0.18441481380566105,0.5463556736077555
b3_seed3,stats_mlp_noK,summary_statistics,1089,testB,50,4640,0.8198457138321666,0.0003,0.74941773329238,0.43294437316105466,0.27031673618713487,0.1626276369739198,0.2630867950016886,0.0847686592367443,0.04311606439266014,0.022378641639559955,0.04711059354052975,0.18877860090410323,0.5630781422721269
b3_seed3,stats_mlp_noK,summary_statistics,1089,__pooled_test__,50,10286,0.8198457138321666,0.0003,0.7825442579913068,0.3351275890747372,0.20496534554659546,0.13016224352814176,0.354120267260579,0.12007449595819902,0.05912861438859295,0.03215688785340526,0.042525885478545786,0.18638331197178704,0.5538991554862975
b3_seed3,score_deepsets,full_score_set,1969,val_select,5,5282,0.6413090899928211,0.001,0.7278583928267233,0.10915244553641115,0.0240829741884431,0.08506947134796805,0.48745519713261676,0.2742622475306473,0.16471057008397405,0.09358531508790598,0.03611812512335657,0.14882816635627943,0.46502361757813426
b3_seed3,score_deepsets,full_score_set,1969,testA,5,5646,0.6413090899928211,0.001,0.7177785207255103,0.09106939096863667,0.016053923723567953,0.07501546724506872,0.49643221202854226,0.29284476787995617,0.17327691306006596,0.10300633741308611,0.031493015516070345,0.130303312266906,0.42118594384733604
b3_seed3,score_deepsets,full_score_set,1969,testB,5,4640,0.6413090899928211,0.001,0.7239675250659945,0.1375872199984292,0.034114568604628415,0.1034726513938008,0.47841105354058744,0.2443868739205526,0.15179428132796008,0.08281065357694777,0.041252238457572844,0.1678142833000202,0.5116399219823434
b3_seed3,score_deepsets,full_score_set,1969,__pooled_test__,5,10286,0.6413090899928211,0.001,0.7276978599120084,0.10955397195294928,0.023299379337029164,0.08625459261592011,0.5072463768115941,0.2847298670234931,0.1673699488488076,0.09699876205058304,0.03307449370883398,0.14722445805668335,0.4619896049932075
b3_seed3,score_deepsets,full_score_set,1969,val_select,10,5282,0.6413090899928211,0.001,0.6464792549838491,0.23394669493460982,0.06091999265290571,0.1730267022817041,0.30409694171956164,0.12082759735640297,0.06460305179881926,0.03424647610207409,0.6719045630764706,0.6719045505571039,14.096799124665216
b3_seed3,score_deepsets,full_score_set,1969,testA,10,5646,0.6413090899928211,0.001,0.6552658315716404,0.1877905115750496,0.041474059494111676,0.14631645208093794,0.3285899094437255,0.15511503043984173,0.08376493552313856,0.05499940671025184,0.7261778078567783,0.7261777950295589,14.780403988676255
b3_seed3,score_deepsets,full_score_set,1969,testB,10,4640,0.6413090899928211,0.001,0.6463597959364209,0.2761917771070738,0.08287796391901076,0.19331381318806307,0.25626423690205,0.11446469248291563,0.05720070868134662,0.04028293969548019,0.6215516940029757,0.621551666946933,13.738298393522307
b3_seed3,score_deepsets,full_score_set,1969,__pooled_test__,10,10286,0.6413090899928211,0.001,0.6642993537881515,0.21908639095542493,0.05814321302285469,0.16094317793257024,0.34342822531798883,0.13463641717378502,0.08613500933401301,0.04398994841315969,0.6789811164041587,0.6789810971583374,14.31031163387222
b3_seed3,score_deepsets,full_score_set,1969,val_select,20,5282,0.6413090899928211,0.001,0.6430812562574216,0.3338015004048631,0.11485430322550444,0.21894719717935868,0.25258620689655165,0.09760697325260703,0.05128512468628956,0.02497405890518285,0.5607724346838319,0.5607724346838319,15.49471498398006
b3_seed3,score_deepsets,full_score_set,1969,testA,20,5646,0.6413090899928211,0.001,0.6448062337933115,0.2873097849997563,0.08425593881065124,0.20305384618910505,0.27264282396655815,0.12683847705026394,0.071173305856412,0.04080462099084473,0.6186680835990082,0.6186680835990082,17.094430881675624
b3_seed3,score_deepsets,full_score_set,1969,testB,20,4640,0.6413090899928211,0.001,0.6348086375986968,0.389846245076585,0.1510481103940043,0.2387981346825807,0.20399305555555544,0.08148871527777775,0.039351851851851784,0.023209064327485467,0.503448275862069,0.503448275862069,13.910789941123145
b3_seed3,score_deepsets,full_score_set,1969,__pooled_test__,20,10286,0.6413090899928211,0.001,0.655356537236758,0.3222922373702466,0.11146098751328032,0.21083124985696627,0.26048911824096915,0.11433608731963615,0.057473896773048413,0.03289342992864634,0.566692591872448,0.566692591872448,15.658294972268322
b3_seed3,score_deepsets,full_score_set,1969,val_select,50,5282,0.6413090899928211,0.001,0.6482314891626498,0.46623259774061077,0.20649586665110548,0.2597367310895053,0.19853674758895903,0.08222854670542348,0.038210659491896656,0.01880029366843386,0.4307080651268459,0.4307080651268459,11.900903642321175
b3_seed3,score_deepsets,full_score_set,1969,testA,50,5646,0.6413090899928211,0.001,0.6401826644507262,0.4078034521496219,0.1600217806091428,0.2477816715404791,0.20792767732962447,0.0951374239736578,0.05049072813644814,0.026480041569044804,0.4906128232376904,0.4906128232376904,13.55613327862645
b3_seed3,score_deepsets,full_score_set,1969,testB,50,4640,0.6413090899928211,0.001,0.64371533126998,0.5314492389556578,0.27031673618713487,0.2611325027685229,0.1509625126646404,0.053107058426207436,0.03185860632669143,0.015979665475746176,0.3618534482758621,0.3618534482758621,9.99838027018254
b3_seed3,score_deepsets,full_score_set,1969,__pooled_test__,50,10286,0.6413090899928211,0.001,0.6587148784967568,0.4509752721780486,0.20496534554659546,0.24600992663145316,0.20712694877505564,0.0823848175178591,0.04237832469937504,0.022779611566536833,0.43252965195411236,0.43252965195411236,11.95123594640987
b3_seed3,score_deepsets_noK,full_score_set,1937,val_select,5,5282,0.773457928442645,0.001,0.806517860061911,0.0737403373289241,0.0240829741884431,0.049657363140481,0.7383512544802865,0.3369803249045421,0.16172383791502506,0.08226692151980498,0.060487176629121175,0.13805748596990497,0.427919010828922
b3_seed3,score_deepsets_noK,full_score_set,1937,testA,5,5646,0.773457928442645,0.001,0.8186783615380329,0.05491930940121093,0.016053923723567953,0.03886538567764298,0.7798165137614677,0.39350290001956606,0.21857680823485634,0.11910072131117629,0.06583068626192164,0.11986993006740435,0.3838849068482003
b3_seed3,score_deepsets_noK,full_score_set,1937,testB,5,4640,0.773457928442645,0.001,0.7873780181123945,0.10026198096506725,0.034114568604628415,0.06614741236043883,0.6563039723661487,0.2713730569948185,0.15371329879101925,0.07553858740114552,0.061496009077106055,0.15572871994728918,0.47459989983576534
b3_seed3,score_deepsets_noK,full_score_set,1937,__pooled_test__,5,10286,0.773457928442645,0.001,0.8079216211372688,0.07261419042191844,0.023299379337029164,0.049314811084889276,0.7260402057035995,0.3437513404145286,0.1871079038979315,0.09945925588695774,0.0631479457797254,0.13604577928407413,0.4248063114235749
b3_seed3,score_deepsets_noK,full_score_set,1937,val_select,10,5282,0.773457928442645,0.001,0.7695511540111833,0.1516291936715995,0.06091999265290571,0.09070920101869379,0.5487593768032315,0.21170185718666837,0.1075582235119646,0.0591495543912658,0.11242474761707952,0.1946259425204329,0.5677491668809634
b3_seed3,score_deepsets_noK,full_score_set,1937,testA,10,5646,0.773457928442645,0.001,0.7803537058656486,0.11634745381355077,0.041474059494111676,0.0748733943194391,0.5912031047865459,0.2780073896485923,0.1390983472601725,0.07133947460575166,0.09097942719687986,0.17242643805071373,0.514493041604116
b3_seed3,score_deepsets_noK,full_score_set,1937,testB,10,4640,0.773457928442645,0.001,0.7450224157159602,0.2051069584398951,0.08287796391901076,0.12222899452088434,0.46583143507972663,0.18636104783599103,0.08883826879271066,0.04268073372497293,0.1176653110197392,0.21185949524499892,0.613801204219297
b3_seed3,score_deepsets_noK,full_score_set,1937,__pooled_test__,10,10286,0.773457928442645,0.001,0.7690159709169978,0.15098387107312322,0.05814321302285469,0.09284065805026853,0.5499697153240459,0.23268067262084935,0.11709067175716127,0.058972433383010274,0.10170811838748363,0.19021463417957657,0.5592908128013201
b3_seed3,score_deepsets_noK,full_score_set,1937,val_select,20,5282,0.773457928442645,0.001,0.7596926732869217,0.24043339427894614,0.11485430322550444,0.1255790910534417,0.42844827586206885,0.1665659627592736,0.07523047742010369,0.03903911436071518,0.2560272835186601,0.27439375407425426,0.7976309670498462
b3_seed3,score_deepsets_noK,full_score_set,1937,testA,20,5646,0.773457928442645,0.001,0.76069776072615,0.2011396251955614,0.08425593881065124,0.11688368638491015,0.47886669763121237,0.20753625078032614,0.10523028464167662,0.05547121700015896,0.22717337746580907,0.25138549881354605,0.7495884466853037
b3_seed3,score_deepsets_noK,full_score_set,1937,testB,20,4640,0.773457928442645,0.001,0.7267124402468608,0.3167089014709741,0.1510481103940043,0.1656607910769698,0.34722222222222227,0.11946614583333322,0.05912422839506166,0.027777777777777835,0.26716810482522024,0.28810567390452285,0.8268533055067643
b3_seed3,score_deepsets_noK,full_score_set,1937,__pooled_test__,20,10286,0.773457928442645,0.001,0.7519581808257345,0.24643213008766618,0.11146098751328032,0.13497114257438586,0.42113529279784595,0.1648172476370729,0.0824018550705081,0.04186780103065156,0.2452149422089228,0.26794991767628495,0.7844425148295363
b3_seed3,score_deepsets_noK,full_score_set,1937,val_select,50,5282,0.773457928442645,0.001,0.7405118459857403,0.3813505976666723,0.20649586665110548,0.1748547310155668,0.31426671100764886,0.10134878531572723,0.05262087243074258,0.026501468673533406,0.41623689860263496,0.39037128131039156,1.1818801729981507
b3_seed3,score_deepsets_noK,full_score_set,1937,testA,50,5646,0.773457928442645,0.001,0.7432355030803914,0.31853451683537976,0.1600217806091428,0.15851273622623696,0.3442280945757998,0.13686019404980054,0.06748763943099512,0.0370936050256229,0.38499803015031253,0.3691814850658348,1.1337922650495664
b3_seed3,score_deepsets_noK,full_score_set,1937,testB,50,4640,0.773457928442645,0.001,0.7141133323638107,0.474820632159558,0.27031673618713487,0.20450389597242313,0.22391084093211747,0.0754812563323201,0.03673683815527778,0.019534652233420303,0.44038254770867785,0.402301828018809,1.1849625843915237
b3_seed3,score_deepsets_noK,full_score_set,1937,__pooled_test__,50,10286,0.773457928442645,0.001,0.7387160899498949,0.3805263312678,0.20496534554659546,0.17556098572120454,0.29655645023128324,0.1136501189513229,0.0558927629713578,0.02710758523739918,0.409981907407829,0.3841220247607405,1.1568751234733154
cosine,msp,scalar,0,val_select,5,5282,0.7288953615246984,,0.7348354169593108,0.27458474726194454,0.13046668511809645,0.1441180621438481,0.3732193732193732,0.12350584333546943,0.06167742726430157,0.030501509178272948,0.024046407567716158,0.20654818552249068,0.5979724457430046
cosine,msp,scalar,0,testA,5,5646,0.7288953615246984,,0.7456986290956086,0.2598268337215724,0.12175165128327825,0.13807518243829414,0.3998428908091123,0.15312076695162774,0.07447430096148214,0.04044726912944982,0.026726408003968707,0.203428174290731,0.5908338171167696
cosine,msp,scalar,0,testB,5,4640,0.7288953615246984,,0.753417614031383,0.2789807774713358,0.14549401329734218,0.13348676417399363,0.386584289496911,0.12455869373345115,0.05658527017750322,0.02819714776791944,0.04498973981254344,0.20107913297781932,0.5851183183379597
cosine,msp,scalar,0,__pooled_test__,5,10286,0.7288953615246984,,0.7503595550765031,0.26823745734390086,0.13213517164269745,0.13610228570120342,0.3960931005818786,0.14668532823973615,0.06928540785287436,0.034023618808076014,0.028975765664610086,0.20236852508871758,0.5882555637302562
cosine,msp,scalar,0,val_select,10,5282,0.7288953615246984,,0.7348498249215165,0.419540807747235,0.244556362649474,0.174984445097761,0.2667079207920793,0.09275296022266696,0.041913245542055375,0.023273763954713575,0.030753971206363657,0.19856965254637401,0.582619151342824
cosine,msp,scalar,0,testA,10,5646,0.7288953615246984,,0.7304185935091447,0.40358829318814476,0.22903424627124702,0.17455404691689774,0.26904761904761904,0.09639417755147218,0.04640889413616697,0.024177386278896457,0.026800453656921994,0.2015610762098624,0.5891857108529229
cosine,msp,scalar,0,testB,10,4640,0.7288953615246984,,0.7491846453648028,0.4404823546939727,0.2716335097623691,0.16884884493160357,0.25918436130771816,0.0887259858442872,0.043178669063401,0.020098273996416616,0.053049145813142635,0.1907829105416032,0.564836248107901
cosine,msp,scalar,0,__pooled_test__,10,10286,0.7288953615246984,,0.7393829266178743,0.4199798287545796,0.24761592130404958,0.17236390745053004,0.2641062114746324,0.09516977114881821,0.045071813977227045,0.02226554925996921,0.03311068257903339,0.19669906097549308,0.5782017027703931
cosine,msp,scalar,0,val_select,20,5282,0.7288953615246984,,0.7310823921807797,0.5530832672509558,0.3654920390783707,0.1875912281725851,0.18446601941747579,0.05578342415030699,0.029167058093133736,0.014230585687902648,0.038219407493611794,0.17339182150874263,0.5243346079484635
cosine,msp,scalar,0,testA,20,5646,0.7288953615246984,,0.7376599378447238,0.5140220525181365,0.33346746133595884,0.18055459118217765,0.20906544435956206,0.06835039447783463,0.03443481073872078,0.018724553071177718,0.0436227310566991,0.17995971669692376,0.5393062954566372
cosine,msp,scalar,0,testB,20,4640,0.7288953615246984,,0.7462394192195909,0.5735315728197009,0.3919141030730277,0.1816174697466732,0.18163324614937518,0.061319383900029084,0.02935193257773897,0.014974227198335851,0.0540986059958878,0.1662398472436383,0.5053041295444878
cosine,msp,scalar,0,__pooled_test__,20,10286,0.7288953615246984,,0.7423484024799459,0.5395055637221202,0.3589009043960999,0.18060465932602032,0.19435396308360472,0.06659434755055106,0.03266614617894213,0.016688283304511203,0.04510871345322749,0.1737707030605982,0.5239679666765115
cosine,msp,scalar,0,val_select,50,5282,0.7288953615246984,,0.7337776648121476,0.6839062358796808,0.4987482775026207,0.18515795837706012,0.125349487418453,0.044242383611151584,0.020699790356558452,0.010173255125908283,0.056394206860723356,0.1393202773069089,0.44131831128110083
cosine,msp,scalar,0,testA,50,5646,0.7288953615246984,,0.7269640923458487,0.6473971058420609,0.4641082261676445,0.18328887967441637,0.13275128721737184,0.044703145924515,0.02108417255862155,0.010341309799078342,0.060421436502320985,0.14923292117121495,0.468080698336438
cosine,msp,scalar,0,testB,50,4640,0.7288953615246984,,0.749769043216578,0.7125900428359084,0.5469449701889512,0.16564507264695727,0.10928681375064135,0.03540277065161633,0.018585029359785787,0.008668412951311093,0.0487289643799691,0.12242207990853816,0.3967921451869724
cosine,msp,scalar,0,__pooled_test__,50,10286,0.7288953615246984,,0.7396528070998089,0.6749159669242346,0.4998718028474752,0.17504416407675943,0.12253436939629418,0.04171486303196244,0.019921395263133034,0.00994010724861587,0.052913771323677035,0.13713858873306406,0.435922533198044
cosine,top1_score,scalar,0,val_select,5,5282,0.5585812151431356,,0.5735386344235902,0.41966856489193705,0.13046668511809645,0.2892018797738406,0.12820512820512814,0.06093545374189004,0.02595333895291833,0.011651339670470813,,,
cosine,top1_score,scalar,0,testA,5,5646,0.5585812151431356,,0.6299963256721486,0.3511747641780006,0.12175165128327825,0.22942311289472234,0.22309505106048713,0.0789881500297122,0.033019825992760383,0.011507721020471713,,,
cosine,top1_score,scalar,0,testB,5,4640,0.5585812151431356,,0.5567519115216255,0.4544056618576253,0.14549401329734218,0.30891164856028314,0.06884377758164162,0.053949691085613406,0.034519956850053955,0.021229154085566977,,,
cosine,top1_score,scalar,0,__pooled_test__,5,10286,0.5585812151431356,,0.5852403495280797,0.41159418673034487,0.13213517164269745,0.2794590150876474,0.13341645885286788,0.07109489612946618,0.03303579461370338,0.013024132260425534,,,
cosine,top1_score,scalar,0,val_select,10,5282,0.5585812151431356,,0.5653610239072687,0.5807888987774283,0.244556362649474,0.33623253612795434,0.07425742574257423,0.050213670207531876,0.02506851968326838,0.012200508861169135,,,
cosine,top1_score,scalar,0,testA,10,5646,0.5585812151431356,,0.6220816147981503,0.5045621067872257,0.22903424627124702,0.27552786051597866,0.15773809523809526,0.05472935576710203,0.024255425310620256,0.013526352934909995,,,
cosine,top1_score,scalar,0,testB,10,4640,0.5585812151431356,,0.5405136920551248,0.6232692384437097,0.2716335097623691,0.35163572868134063,0.039433771486349786,0.03142905291540262,0.022956222147324245,0.012647898816809427,,,
cosine,top1_score,scalar,0,__pooled_test__,10,10286,0.5585812151431356,,0.5739213975012488,0.5732357865553173,0.24761592130404958,0.3256198652512677,0.08392603129445232,0.04558191362880801,0.023823871625488286,0.010619911766043573,,,
cosine,top1_score,scalar,0,val_select,20,5282,0.5585812151431356,,0.5601222158976279,0.7009607437395494,0.3654920390783707,0.33546870466117873,0.05221726580949885,0.03807321397459194,0.01692231828529937,0.008154114095056807,,,
cosine,top1_score,scalar,0,testA,20,5646,0.5585812151431356,,0.6144069347025922,0.6227871389096553,0.33346746133595884,0.2893196775736965,0.1087344028520499,0.04161361044508373,0.0200064999703864,0.006662986528758249,,,
cosine,top1_score,scalar,0,testB,20,4640,0.5585812151431356,,0.5347923860797492,0.7350147138434322,0.3919141030730277,0.3431006107704045,0.02179598953792504,0.0297151990700378,0.016758694178048886,0.009773780571743206,,,
cosine,top1_score,scalar,0,__pooled_test__,20,10286,0.5585812151431356,,0.5674970409060093,0.6873813311281507,0.3589009043960999,0.3284804267320508,0.05890336590662325,0.03470044303210393,0.01834085917769498,0.007402323463568708,,,
cosine,top1_score,scalar,0,val_select,50,5282,0.5585812151431356,,0.5482563284287422,0.8038896353050455,0.4987482775026207,0.30514135780242485,0.027958993476234848,0.0238575471860391,0.01163938661943963,0.0055135157422097035,,,
cosine,top1_score,scalar,0,testA,50,5646,0.5585812151431356,,0.5959265316306006,0.7504440709471509,0.4641082261676445,0.2863358447795064,0.06514439220953665,0.02903336741595403,0.013871632163347122,0.006335548433979406,,,
cosine,top1_score,scalar,0,testB,50,4640,0.5585812151431356,,0.5166067608103679,0.8409106638807604,0.5469449701889512,0.29396569369180925,-0.0015392508978963105,0.01327603899435619,0.010033635482583798,0.007048148848262255,,,
cosine,top1_score,scalar,0,__pooled_test__,50,10286,0.5585812151431356,,0.5457732869131657,0.8031091141459987,0.4998718028474752,0.30323731129852355,0.02522414823670057,0.020197155294024167,0.011686556735732946,0.005410092487679195,,,
cosine,margin,scalar,0,val_select,5,5282,0.7212494373542191,,0.7234489142453744,0.2772915974108178,0.13046668511809645,0.14682491229272138,0.3634513634513636,0.10163164209543767,0.05398996522261143,0.02407531502788576,,,
cosine,margin,scalar,0,testA,5,5646,0.7212494373542191,,0.7372287965942782,0.2631815995767247,0.12175165128327825,0.14142994829344646,0.3849175176747839,0.14281093281016924,0.06705613175655303,0.03589962585518191,,,
cosine,margin,scalar,0,testB,5,4640,0.7212494373542191,,0.7250450043163991,0.29052044804924815,0.14549401329734218,0.14502643475190596,0.3336275375110326,0.09532215357458083,0.047759144846523556,0.02494541738282161,,,
cosine,margin,scalar,0,__pooled_test__,5,10286,0.7212494373542191,,0.7334269444522903,0.274777175106429,0.13213517164269745,0.14264200346373157,0.3728179551122195,0.11863114725035742,0.057740945037851724,0.03008621508039155,,,
cosine,margin,scalar,0,val_select,10,5282,0.7212494373542191,,0.7132883814296064,0.4262893004995885,0.244556362649474,0.18173293785011452,0.23391089108910898,0.0699364319418217,0.03125637816200641,0.012851876807848304,,,
cosine,margin,scalar,0,testA,10,5646,0.7212494373542191,,0.7252255577427822,0.4047789368881676,0.22903424627124702,0.17574469061692055,0.2625,0.08634997944274016,0.04211045988643394,0.01885186960690332,,,
cosine,margin,scalar,0,testB,10,4640,0.7212494373542191,,0.7089840204795085,0.4561699279274079,0.2716335097623691,0.1845364181650388,0.2066059993259184,0.06555443208628242,0.029322548028311322,0.013357458357724365,,,
cosine,margin,scalar,0,__pooled_test__,10,10286,0.7212494373542191,,0.719849753636861,0.4267074320431294,0.24761592130404958,0.1790915107390798,0.24577208787735097,0.07580877498562702,0.03594046685086002,0.016775463012832843,,,
cosine,margin,scalar,0,val_select,20,5282,0.7212494373542191,,0.7145943769698827,0.554292040100141,0.3654920390783707,0.1888000010217703,0.16767252689582796,0.049880020758402026,0.020420815373252067,0.010363740128818848,,,
cosine,margin,scalar,0,testA,20,5646,0.7212494373542191,,0.7294232305011485,0.5143426682691702,0.33346746133595884,0.18087520693321135,0.19276801629742807,0.058164952941548484,0.02792792549025618,0.01389992645420993,,,
cosine,margin,scalar,0,testB,20,4640,0.7212494373542191,,0.6975522564454201,0.5898235782166683,0.3919141030730277,0.1979094751436406,0.13455390874745704,0.044245858761987826,0.020310633213859033,0.007938328821181052,,,
cosine,margin,scalar,0,__pooled_test__,20,10286,0.7212494373542191,,0.7176339443522887,0.5459311254192036,0.3589009043960999,0.18703022102310374,0.17372421281216072,0.052683176430803,0.024674143957193865,0.01197387292372513,,,
cosine,margin,scalar,0,val_select,50,5282,0.7212494373542191,,0.7189120939120939,0.6768174975113423,0.4987482775026207,0.17806922000872166,0.10950605778191988,0.0317202698071539,0.014486942079677071,0.0067397629484460785,,,
cosine,margin,scalar,0,testA,50,5646,0.7212494373542191,,0.713597576269896,0.6452885344460904,0.4641082261676445,0.18118030827844583,0.11663308708305349,0.035748986776765794,0.01536388190030056,0.008691878648743495,,,
cosine,margin,scalar,0,testB,50,4640,0.7212494373542191,,0.6982810661075761,0.7235185749388539,0.5469449701889512,0.1765736047499027,0.08465879938429972,0.0222550025654182,0.011173821332877273,0.00488779671086398,,,
cosine,margin,scalar,0,__pooled_test__,50,10286,0.7212494373542191,,0.7104101551014007,0.6778213545540002,0.4998718028474752,0.177949551706525,0.1065152420800958,0.02931229537745636,0.013678856379458747,0.00692009740799142,,,
cosine,neg_entropy,scalar,0,val_select,5,5282,0.6999392761014914,,0.7173253229890398,0.2867228611530028,0.13046668511809645,0.15625617603490632,0.33170533170533184,0.11740141508243741,0.06348624186234622,0.02878785740483641,,,
cosine,neg_entropy,scalar,0,testA,5,5646,0.6999392761014914,,0.7255925803917593,0.2707923581895517,0.12175165128327825,0.14904070690627347,0.351924587588374,0.13888337694675648,0.07316521227825949,0.03631304797102438,,,
cosine,neg_entropy,scalar,0,testB,5,4640,0.6999392761014914,,0.7394082778199544,0.2901486585339076,0.14549401329734218,0.1446546452365654,0.3512797881729921,0.12621359223300976,0.062469353731489735,0.02819714776791944,,,
cosine,neg_entropy,scalar,0,__pooled_test__,5,10286,0.6999392761014914,,0.7327624641963475,0.27925386914867795,0.13213517164269745,0.1471186975059805,0.3566084788029924,0.13447656429065466,0.07020896487807629,0.03380487415653787,,,
cosine,neg_entropy,scalar,0,val_select,10,5282,0.6999392761014914,,0.7046202608065685,0.4414460398865565,0.244556362649474,0.1968896772370825,0.21967821782178218,0.08385838140132053,0.03985062604914276,0.020342608194657854,,,
cosine,neg_entropy,scalar,0,testA,10,5646,0.6999392761014914,,0.7017933956172145,0.4221689510845994,0.22903424627124702,0.19313470481335238,0.22202380952380962,0.08486195009329846,0.04177981109799298,0.021671260786193684,,,
cosine,neg_entropy,scalar,0,testB,10,4640,0.6999392761014914,,0.7208315176847696,0.4629135002200866,0.2716335097623691,0.19127999045771749,0.22885069093360294,0.07819346140883036,0.040931730517170306,0.020807833537331556,,,
cosine,neg_entropy,scalar,0,__pooled_test__,10,10286,0.6999392761014914,,0.7109935476216169,0.4399522619051124,0.24761592130404958,0.1923363406010628,0.23281175912754853,0.08390878358451322,0.04191096304886942,0.02176645051022962,,,
cosine,neg_entropy,scalar,0,val_select,20,5282,0.6999392761014914,,0.6860915154724927,0.5862343121700564,0.3654920390783707,0.2207422730916857,0.14353188139595915,0.05184782188903706,0.025085478157188947,0.012297162908360748,,,
cosine,neg_entropy,scalar,0,testA,20,5646,0.6999392761014914,,0.6942580512029234,0.5433998720858847,0.33346746133595884,0.20993241074992586,0.15711739241151007,0.05880154303756649,0.030757006033066848,0.016312239762693824,,,
cosine,neg_entropy,scalar,0,testB,20,4640,0.6999392761014914,,0.706772256935027,0.6025339279461639,0.3919141030730277,0.21061982487313619,0.1479221156640511,0.05804998546934018,0.027091607736768983,0.014668318573242033,,,
cosine,neg_entropy,scalar,0,__pooled_test__,20,10286,0.6999392761014914,,0.7007936902181153,0.568555615589501,0.3589009043960999,0.20965471119340107,0.15988056460369168,0.059469113562387495,0.02949950378919277,0.0158311177807319,,,
cosine,neg_entropy,scalar,0,val_select,50,5282,0.6999392761014914,,0.66358388168733,0.7255338297083593,0.4987482775026207,0.22678555220573865,0.08341099720410067,0.0343411773475255,0.01655789150530415,0.00845650903717725,,,
cosine,neg_entropy,scalar,0,testA,50,5646,0.6999392761014914,,0.6625288872711448,0.6885768147534511,0.4641082261676445,0.2244685885858066,0.09156033131855823,0.03518935183003164,0.017850964795222767,0.008691878648743495,,,
cosine,neg_entropy,scalar,0,testB,50,4640,0.6999392761014914,,0.6922203521330311,0.7510167662529962,0.5469449701889512,0.20407179606404502,0.0831195484864034,0.03251667521806054,0.017159797046918744,0.008668412951311093,,,
cosine,neg_entropy,scalar,0,__pooled_test__,50,10286,0.6999392761014914,,0.6772949310060604,0.7146188078236461,0.4998718028474752,0.21474700497617089,0.08930065750149435,0.03528943641577251,0.01766345566691035,0.008807603558381633,,,
cosine,norm_entropy,scalar,0,val_select,5,5282,0.6999392761014914,,0.7173253229890398,0.2867228611530028,0.13046668511809645,0.15625617603490632,0.33170533170533184,0.11740141508243741,0.06348624186234622,0.02878785740483641,,,
cosine,norm_entropy,scalar,0,testA,5,5646,0.6999392761014914,,0.7255925803917593,0.2707923581895517,0.12175165128327825,0.14904070690627347,0.351924587588374,0.13888337694675648,0.07316521227825949,0.03631304797102438,,,
cosine,norm_entropy,scalar,0,testB,5,4640,0.6999392761014914,,0.7394082778199544,0.2901486585339076,0.14549401329734218,0.1446546452365654,0.3512797881729921,0.12621359223300976,0.062469353731489735,0.02819714776791944,,,
cosine,norm_entropy,scalar,0,__pooled_test__,5,10286,0.6999392761014914,,0.7327624641963475,0.27925386914867795,0.13213517164269745,0.1471186975059805,0.3566084788029924,0.13447656429065466,0.07020896487807629,0.03380487415653787,,,
cosine,norm_entropy,scalar,0,val_select,10,5282,0.6999392761014914,,0.7046202608065685,0.4414460398865565,0.244556362649474,0.1968896772370825,0.21967821782178218,0.08385838140132053,0.03985062604914276,0.020342608194657854,,,
cosine,norm_entropy,scalar,0,testA,10,5646,0.6999392761014914,,0.7017933956172145,0.4221689510845994,0.22903424627124702,0.19313470481335238,0.22202380952380962,0.08486195009329846,0.04177981109799298,0.021671260786193684,,,
cosine,norm_entropy,scalar,0,testB,10,4640,0.6999392761014914,,0.7208315176847696,0.4629135002200866,0.2716335097623691,0.19127999045771749,0.22885069093360294,0.07819346140883036,0.040931730517170306,0.020807833537331556,,,
cosine,norm_entropy,scalar,0,__pooled_test__,10,10286,0.6999392761014914,,0.7109935476216169,0.4399522619051124,0.24761592130404958,0.1923363406010628,0.23281175912754853,0.08390878358451322,0.04191096304886942,0.02176645051022962,,,
cosine,norm_entropy,scalar,0,val_select,20,5282,0.6999392761014914,,0.6860915154724927,0.5862343121700564,0.3654920390783707,0.2207422730916857,0.14353188139595915,0.05184782188903706,0.025085478157188947,0.012297162908360748,,,
cosine,norm_entropy,scalar,0,testA,20,5646,0.6999392761014914,,0.6942580512029234,0.5433998720858847,0.33346746133595884,0.20993241074992586,0.15711739241151007,0.05880154303756649,0.030757006033066848,0.016312239762693824,,,
cosine,norm_entropy,scalar,0,testB,20,4640,0.6999392761014914,,0.706772256935027,0.6025339279461639,0.3919141030730277,0.21061982487313619,0.1479221156640511,0.05804998546934018,0.027091607736768983,0.014668318573242033,,,
cosine,norm_entropy,scalar,0,__pooled_test__,20,10286,0.6999392761014914,,0.7007936902181153,0.568555615589501,0.3589009043960999,0.20965471119340107,0.15988056460369168,0.059469113562387495,0.02949950378919277,0.0158311177807319,,,
cosine,norm_entropy,scalar,0,val_select,50,5282,0.6999392761014914,,0.66358388168733,0.7255338297083593,0.4987482775026207,0.22678555220573865,0.08341099720410067,0.0343411773475255,0.01655789150530415,0.00845650903717725,,,
cosine,norm_entropy,scalar,0,testA,50,5646,0.6999392761014914,,0.6625288872711448,0.6885768147534511,0.4641082261676445,0.2244685885858066,0.09156033131855823,0.03518935183003164,0.017850964795222767,0.008691878648743495,,,
cosine,norm_entropy,scalar,0,testB,50,4640,0.6999392761014914,,0.6922203521330311,0.7510167662529962,0.5469449701889512,0.20407179606404502,0.0831195484864034,0.03251667521806054,0.017159797046918744,0.008668412951311093,,,
cosine,norm_entropy,scalar,0,__pooled_test__,50,10286,0.6999392761014914,,0.6772949310060604,0.7146188078236461,0.4998718028474752,0.21474700497617089,0.08930065750149435,0.03528943641577251,0.01766345566691035,0.008807603558381633,,,
cosine,stats_logistic,summary_statistics,18,val_select,5,5282,0.7340185006769099,10.0,0.7345142828328669,0.2736953753401168,0.13046668511809645,0.14322869022202034,0.36752136752136755,0.1291015692340824,0.06484285281087983,0.027074205631399874,0.02140609321008946,0.20594236933232213,0.5963178024896411
cosine,stats_logistic,summary_statistics,18,testA,5,5646,0.7340185006769099,10.0,0.7471217342827459,0.2592202071153181,0.12175165128327825,0.13746855583203987,0.40062843676355064,0.15312076695162774,0.07491066385588993,0.039207002781922164,0.022288654014919577,0.20250143136827886,0.5886837978521507
cosine,stats_logistic,summary_statistics,18,testB,5,4640,0.7340185006769099,10.0,0.7466535823881993,0.28133208768296675,0.14549401329734218,0.13583807438562456,0.3777581641659311,0.11959399823477507,0.05609492988133762,0.02819714776791944,0.025048640680615963,0.20137006620746342,0.5856695390399779
cosine,stats_logistic,summary_statistics,18,__pooled_test__,5,10286,0.7340185006769099,10.0,0.7481952392797084,0.2687987623538257,0.13213517164269745,0.13666359071112827,0.39733998337489607,0.1362948908362624,0.06582206900836764,0.033367384853461815,0.016980836567522035,0.2019910741501004,0.5873240699804336
cosine,stats_logistic,summary_statistics,18,val_select,10,5282,0.7340185006769099,10.0,0.737132335184738,0.4166143479571385,0.244556362649474,0.17205798530766447,0.26237623762376244,0.0919795185860282,0.044663404865939046,0.02294807998137417,0.02272486208777586,0.19622066136329705,0.5777832471755237
cosine,stats_logistic,summary_statistics,18,testA,10,5646,0.7340185006769099,10.0,0.7364878869308004,0.3991912641486227,0.22903424627124702,0.1701570178773757,0.2803571428571429,0.09751019956355356,0.046739542924607934,0.02323758921913294,0.017844491801000527,0.19904022800191615,0.5838319028992234
cosine,stats_logistic,summary_statistics,18,testB,10,4640,0.7340185006769099,10.0,0.7422077198657236,0.4413439843833607,0.2716335097623691,0.1697104746209916,0.24637681159420285,0.0811425682507584,0.04055724075946514,0.0183243751441291,0.03517589806559055,0.18958368659908742,0.5632450223452853
cosine,stats_logistic,summary_statistics,18,__pooled_test__,10,10286,0.7340185006769099,10.0,0.7400224834983745,0.41768932262538994,0.24761592130404958,0.17007340132134036,0.26726726726726713,0.09240391455407661,0.044018197001107894,0.02259828175979584,0.021569474210350117,0.1947743955977624,0.5745451903024634
cosine,stats_logistic,summary_statistics,18,val_select,20,5282,0.7340185006769099,10.0,0.7388878057203547,0.5443921997247072,0.3654920390783707,0.17890016064633651,0.18341642613487288,0.05971902641157691,0.02741780954915731,0.014782992196343082,0.033415777220277436,0.1688233280392786,0.5153345634537756
cosine,stats_logistic,summary_statistics,18,testA,20,5646,0.7340185006769099,10.0,0.7462403227725063,0.506393980048395,0.33346746133595884,0.17292651871243614,0.2136490960020372,0.06707721428579894,0.03358608657587751,0.017384379010908835,0.03715433947356742,0.1750563977874688,0.5298886427624889
cosine,stats_logistic,summary_statistics,18,testB,20,4640,0.7340185006769099,10.0,0.7312528434162053,0.5753728516834395,0.3919141030730277,0.18345874861041184,0.16710258645742515,0.05187445510026152,0.02515418644450904,0.013444684072867363,0.03503322118268408,0.16414397244233014,0.5040621130405056
cosine,stats_logistic,summary_statistics,18,__pooled_test__,20,10286,0.7340185006769099,10.0,0.741005926374095,0.5356393217154898,0.3589009043960999,0.17673841731938988,0.19381107491856667,0.05845122299264967,0.03145980622094252,0.014973952256952602,0.03187533727791692,0.17013381820342804,0.5182383318632081
cosine,stats_logistic,summary_statistics,18,val_select,50,5282,0.7340185006769099,10.0,0.747000527172941,0.6713393210282594,0.4987482775026207,0.17259104352563875,0.13280521901211556,0.042495111917570605,0.019405446965541594,0.009192257360919102,0.044190159506614736,0.13387802500417328,0.4300959226550835
cosine,stats_logistic,summary_statistics,18,testA,50,5646,0.7340185006769099,10.0,0.745125169155847,0.634506977498817,0.4641082261676445,0.1703987513311725,0.13722856503246036,0.048340773078288095,0.023571255453543754,0.012226373970889695,0.0464124974805105,0.14259980774441583,0.4522090559668254
cosine,stats_logistic,summary_statistics,18,testB,50,4640,0.7340185006769099,10.0,0.7272168739515322,0.7121418779252091,0.5469449701889512,0.16519690773625795,0.09851205746536691,0.027065161621344352,0.013739239496037923,0.006508060813912687,0.04546210143112234,0.11985813469872113,0.3974714424874906
cosine,stats_logistic,summary_statistics,18,__pooled_test__,50,10286,0.7340185006769099,10.0,0.7421724775369473,0.6665799626636858,0.4998718028474752,0.16670815981621062,0.1265989240884639,0.03812857840897275,0.018327555548152283,0.008933437301741053,0.045479586276719566,0.13234107131314776,0.4275169962211406
cosine,stats_logistic_noK,summary_statistics,17,val_select,5,5282,0.7340199686221638,10.0,0.7345121217687589,0.2736958425092203,0.13046668511809645,0.14322915739112385,0.36752136752136755,0.12859286687966281,0.06484285281087983,0.027074205631399874,0.021410911216817888,0.2059411033396661,0.5963147095679376
cosine,stats_logistic_noK,summary_statistics,17,testA,5,5646,0.7340199686221638,10.0,0.7471251552086765,0.2592161593619861,0.12175165128327825,0.13746450807870786,0.401413982717989,0.15312076695162774,0.07491066385588993,0.03879358066607969,0.022646310936465693,0.20250017048204616,0.5886809690991944
cosine,stats_logistic_noK,summary_statistics,17,testB,5,4640,0.7340199686221638,10.0,0.746663992308556,0.2813252995719044,0.14549401329734218,0.1358312862745622,0.37864077669902907,0.11959399823477507,0.05658527017750322,0.02819714776791944,0.025468598493401027,0.20136882670226636,0.585667836029292
cosine,stats_logistic_noK,summary_statistics,17,__pooled_test__,5,10286,0.7340199686221638,10.0,0.7482003643916636,0.26879416272224466,0.13213517164269745,0.1366589910795472,0.39733998337489607,0.1362948908362624,0.06582206900836764,0.033367384853461815,0.01698832454085744,0.20198982290882256,0.5873217490482175
cosine,stats_logistic_noK,summary_statistics,17,val_select,10,5282,0.7340199686221638,10.0,0.7371341463414635,0.4166082312635785,0.244556362649474,0.1720518686141045,0.26237623762376244,0.0919795185860282,0.044663404865939046,0.022622396008034402,0.022719694264914422,0.1962181122595781,0.577776760050042
cosine,stats_logistic_noK,summary_statistics,17,testA,10,5646,0.7340199686221638,10.0,0.7364908813481648,0.39919356288881047,0.22903424627124702,0.17015931661756345,0.2803571428571429,0.09751019956355356,0.046739542924607934,0.02323758921913294,0.018308600916994915,0.1990389851993897,0.5838283428469976
cosine,stats_logistic_noK,summary_statistics,17,testB,10,4640,0.7340199686221638,10.0,0.7422192030244625,0.4413338004187912,0.2716335097623691,0.16970029065642211,0.24637681159420285,0.0811425682507584,0.04055724075946514,0.0183243751441291,0.03517491502254696,0.1895796790679549,0.5632348214881627
cosine,stats_logistic_noK,summary_statistics,17,__pooled_test__,10,10286,0.7340199686221638,10.0,0.7400296695307397,0.41768484716006277,0.24761592130404958,0.1700689258560132,0.26726726726726713,0.09260147573941539,0.044018197001107894,0.02259828175979584,0.02175766740938526,0.194771905630086,0.5745386345925747
cosine,stats_logistic_noK,summary_statistics,17,val_select,20,5282,0.7340199686221638,10.0,0.7388986869559494,0.5443851415366789,0.3654920390783707,0.17889310245830825,0.18341642613487288,0.05971902641157691,0.02712626812516134,0.014782992196343082,0.0333848268249909,0.16881926699099725,0.5153229346801615
cosine,stats_logistic_noK,summary_statistics,17,testA,20,5646,0.7340199686221638,10.0,0.7462566178303782,0.5063867039950702,0.33346746133595884,0.1729192426591114,0.21415839062897887,0.06707721428579894,0.03358608657587751,0.017384379010908835,0.03711236255421954,0.17505102965988087,0.5298735574393098
cosine,stats_logistic_noK,summary_statistics,17,testB,20,4640,0.7340199686221638,10.0,0.7312887156036016,0.5753547266252266,0.3919141030730277,0.18344062355219887,0.16710258645742515,0.05151118860796269,0.02515418644450904,0.013444684072867363,0.03544781998404896,0.1641373207203677,0.5040426410480493
cosine,stats_logistic_noK,summary_statistics,17,__pooled_test__,20,10286,0.7340199686221638,10.0,0.7410336010192455,0.5356259896985868,0.3589009043960999,0.17672508530248687,0.19381107491856667,0.05845122299264967,0.03145980622094252,0.014973952256952602,0.032040581093078224,0.17012787104823973,0.5182212677197444
cosine,stats_logistic_noK,summary_statistics,17,val_select,50,5282,0.7340199686221638,10.0,0.7470358289323806,0.6713149894820802,0.4987482775026207,0.17256671197945955,0.13280521901211556,0.042495111917570605,0.019405446965541594,0.009192257360919102,0.04414087027264837,0.13386713549604443,0.43005902591472595
cosine,stats_logistic_noK,summary_statistics,17,testA,50,5646,0.7340199686221638,10.0,0.7451563088319146,0.6345039316186067,0.4641082261676445,0.17039570545096222,0.13722856503246036,0.048340773078288095,0.023571255453543754,0.012226373970889695,0.04562930635983591,0.14258649790244235,0.45216811064295254
cosine,stats_logistic_noK,summary_statistics,17,testB,50,4640,0.7340199686221638,10.0,0.7273029641297839,0.7121222201209401,0.5469449701889512,0.1651772499319889,0.09902514109799902,0.027065161621344352,0.013739239496037923,0.006508060813912687,0.04466306659387367,0.119845236083526,0.3974271075727869
cosine,stats_logistic_noK,summary_statistics,17,__pooled_test__,50,10286,0.7340199686221638,10.0,0.7422296055831152,0.6665533426537557,0.4998718028474752,0.16668153980628048,0.1265989240884639,0.03812857840897275,0.018327555548152283,0.008933437301741053,0.04520467306204953,0.13232794697499028,0.42747452185765517
cosine,stats_logistic_noent,summary_statistics,16,val_select,5,5282,0.7336924035933935,1.0,0.7355551953782042,0.27275747824399493,0.13046668511809645,0.14229079312589848,0.3707773707773708,0.1291015692340824,0.06212963091381261,0.02835944446147722,0.02409597292238743,0.20553187004016985,0.5952717863930126
cosine,stats_logistic_noent,summary_statistics,16,testA,5,5646,0.7336924035933935,1.0,0.7470834705927071,0.2592349043209352,0.12175165128327825,0.13748325303765696,0.40298507462686556,0.1511569890199215,0.07534702675029749,0.03962042489776488,0.02591170781822002,0.20259094355444157,0.588946602879322
cosine,stats_logistic_noent,summary_statistics,16,testB,5,4640,0.7336924035933935,1.0,0.7476523770681351,0.2806810496258566,0.14549401329734218,0.13518703632851442,0.3795233892321272,0.1201456310679612,0.05217220751201328,0.02494541738282161,0.03155864889562251,0.2014523772321882,0.5858930743332569
cosine,stats_logistic_noent,summary_statistics,16,__pooled_test__,5,10286,0.7336924035933935,1.0,0.7486247995891406,0.268520386399893,0.13213517164269745,0.13638521475719556,0.39733998337489607,0.13941202205730446,0.06489851198316594,0.032054916944233666,0.02065729801059146,0.20207733790255986,0.5875691604863856
cosine,stats_logistic_noent,summary_statistics,16,val_select,10,5282,0.7336924035933935,1.0,0.7387730922482492,0.4154109826965328,0.244556362649474,0.17085462004705881,0.26361386138613874,0.09004591449443108,0.04638225444336613,0.022296712034695,0.02716191429961403,0.1958430414228977,0.5769160621073334
cosine,stats_logistic_noent,summary_statistics,16,testA,10,5646,0.7336924035933935,1.0,0.7369464233637462,0.39942475176912146,0.22903424627124702,0.17039050549787443,0.280952380952381,0.09788220690091408,0.04872343565525388,0.023864120592308493,0.017812221314611843,0.19909281165567902,0.5840552954057141
cosine,stats_logistic_noent,summary_statistics,16,testB,10,4640,0.7336924035933935,1.0,0.745128269904998,0.4397946777878772,0.2716335097623691,0.16816116802550807,0.24637681159420285,0.08830468486686884,0.040931730517170306,0.02045305376687426,0.03797066292605539,0.18914849043752238,0.5623254440254359
cosine,stats_logistic_noent,summary_statistics,16,__pooled_test__,10,10286,0.7336924035933935,1.0,0.7415128666109111,0.41716476216364073,0.24761592130404958,0.16954884085959115,0.26695116168800365,0.09319415929543136,0.044193799830461,0.022764648009708975,0.02406916286380848,0.19460694246918797,0.5742529902915308
cosine,stats_logistic_noent,summary_statistics,16,val_select,20,5282,0.7336924035933935,1.0,0.7403394695772247,0.5443350557691622,0.3654920390783707,0.1788430166907915,0.1849908160587774,0.06201479439731792,0.028583975245141644,0.0139543824336822,0.03581192188463526,0.16897326294093354,0.5155419381298351
cosine,stats_logistic_noent,summary_statistics,16,testA,20,5646,0.7336924035933935,1.0,0.7487056168916347,0.5062482808972222,0.33346746133595884,0.17278081956126334,0.21313980137509547,0.06835039447783463,0.03358608657587751,0.017652413822962548,0.03256089742919224,0.17492911622105967,0.5294162955545428
cosine,stats_logistic_noent,summary_statistics,16,testB,20,4640,0.7336924035933935,1.0,0.7383535974835176,0.5718793973515766,0.3919141030730277,0.17996529427854885,0.17233362394652713,0.05550712002324895,0.028060318382899106,0.013444684072867363,0.03938213682061257,0.16382514662479988,0.5027436374470096
cosine,stats_logistic_noent,summary_statistics,16,__pooled_test__,20,10286,0.7336924035933935,1.0,0.7453799621801556,0.5341653756952036,0.3589009043960999,0.17526447129910372,0.19679695982627585,0.06167454313015238,0.03145980622094252,0.01597397870136186,0.03431715772409007,0.16992013129721703,0.5173842973415393
cosine,stats_logistic_noent,summary_statistics,16,val_select,50,5282,0.7336924035933935,1.0,0.7463302644337128,0.6740005098254402,0.4987482775026207,0.17525223232281956,0.12954333643988816,0.04365995971329126,0.020958659034761903,0.009192257360919102,0.0435417950332966,0.13434082905193723,0.42991627465279186
cosine,stats_logistic_noent,summary_statistics,16,testA,50,5646,0.7336924035933935,1.0,0.7465171506512844,0.6353279047338367,0.4641082261676445,0.1712196785661922,0.14081038728453102,0.048900408025022386,0.024566088611512667,0.012462006992366062,0.03738975193145266,0.14221134618181888,0.44933446183062814
cosine,stats_logistic_noent,summary_statistics,16,testB,50,4640,0.7336924035933935,1.0,0.7336089832507928,0.7113337064200768,0.5469449701889512,0.1643887362311256,0.09953822473063112,0.028347870702924678,0.014594378883758096,0.007588236882611956,0.04001899080145873,0.11929797388272613,0.3936365132181156
cosine,stats_logistic_noent,summary_statistics,16,__pooled_test__,50,10286,0.7336924035933935,1.0,0.7454918783894496,0.6667192207314683,0.4998718028474752,0.1668474178839931,0.12612074118350286,0.03812857840897275,0.019390115358139542,0.009562606018537746,0.035775092754158876,0.13187515646105372,0.42420919626947146
cosine,top_scores_logistic,summary_statistics,14,val_select,5,5282,0.722180288677627,1.0,0.7273633216996049,0.2776887422985557,0.13046668511809645,0.14722205718045928,0.35693935693935686,0.11536660566475991,0.06032081631576795,0.027931031518118023,0.034208215774422124,0.209530771025764,0.605163421994418
cosine,top_scores_logistic,summary_statistics,14,testA,5,5646,0.722180288677627,1.0,0.7355919468869574,0.2651861926910898,0.12175165128327825,0.14343454140781153,0.37549096622152384,0.1374105434979769,0.06967430912299859,0.037139892202709565,0.02683261708253608,0.20647886311245217,0.5982163810701229
cosine,top_scores_logistic,summary_statistics,14,testB,5,4640,0.722180288677627,1.0,0.7272621314609357,0.2938329749094047,0.14549401329734218,0.1483389616120625,0.34598411297440423,0.1069064430714916,0.05217220751201328,0.026803549031448808,0.04154200659264869,0.20948950299734911,0.6049901029341662
cosine,top_scores_logistic,summary_statistics,14,__pooled_test__,5,10286,0.722180288677627,1.0,0.7330257051318847,0.2774962476909097,0.13213517164269745,0.14536107604821225,0.3636741479634248,0.1259044534327889,0.06282050867646177,0.03117993833808156,0.02693583403073285,0.20783695849121187,0.601271997388338
cosine,top_scores_logistic,summary_statistics,14,val_select,10,5282,0.722180288677627,1.0,0.7322035740159382,0.42055138854969,0.244556362649474,0.17599502590021598,0.2530940594059407,0.0915927977677088,0.04363209511948265,0.02294807998137417,0.018788934231858494,0.19769429877462252,0.5809995360825657
cosine,top_scores_logistic,summary_statistics,14,testA,10,5646,0.722180288677627,1.0,0.7320259446735825,0.4016475244473715,0.22903424627124702,0.17261327817612448,0.2642857142857144,0.09639417755147218,0.04839278686681292,0.02323758921913294,0.0264599186280169,0.2002213300597163,0.5864545770481904
cosine,top_scores_logistic,summary_statistics,14,testB,10,4640,0.722180288677627,1.0,0.7356258553190494,0.4483726412311768,0.2716335097623691,0.1767391314688077,0.2403100775193798,0.08661948095719572,0.04055724075946514,0.01903393468504421,0.02543502983880945,0.19182035191817337,0.5674456889882497
cosine,top_scores_logistic,summary_statistics,14,__pooled_test__,10,10286,0.722180288677627,1.0,0.734303439718151,0.4218789676337744,0.24761592130404958,0.17426304632972484,0.2574679943100994,0.09437952640746347,0.04594982812399309,0.021932816760142936,0.02189301753909193,0.1964316607444568,0.5778796946256621
cosine,top_scores_logistic,summary_statistics,14,val_select,20,5282,0.722180288677627,1.0,0.7334161496444601,0.548873038817543,0.3654920390783707,0.18338099973917232,0.17921805300446098,0.06201479439731792,0.02712626812516134,0.013678179179462062,0.019889268144755765,0.16999651223709145,0.5174374779616951
cosine,top_scores_logistic,summary_statistics,14,testA,20,5646,0.722180288677627,1.0,0.7445431184267033,0.5081371100995951,0.33346746133595884,0.17466964876363622,0.21110262286732875,0.06803209942982578,0.03500062684728285,0.018188483447070133,0.0200631338067923,0.17526328612197778,0.5290091101129109
cosine,top_scores_logistic,summary_statistics,14,testB,20,4640,0.722180288677627,1.0,0.7336812450751486,0.5787407015556809,0.3919141030730277,0.1868265984826532,0.17000871839581505,0.056960185992443985,0.028383221931608995,0.013444684072867363,0.02526302522931893,0.1647340702834567,0.5030392733924088
cosine,top_scores_logistic,summary_statistics,14,__pooled_test__,20,10286,0.722180288677627,1.0,0.7408961580336658,0.5378772490088346,0.3589009043960999,0.1789763446127347,0.19082519001085782,0.0621834884150213,0.0319121837051923,0.016545422383881396,0.019327343141675175,0.17051357180244273,0.517294153630009
cosine,top_scores_logistic,summary_statistics,14,val_select,50,5282,0.722180288677627,1.0,0.7389618458583976,0.6791911492452141,0.4987482775026207,0.18044287174259338,0.12208760484622547,0.04657207920259302,0.020699790356558452,0.009928005684660955,0.024876952800042457,0.13472767522534956,0.4283408343938384
cosine,top_scores_logistic,summary_statistics,14,testA,50,5646,0.722180288677627,1.0,0.7394757863385304,0.6384987391367782,0.4641082261676445,0.17439051296913372,0.13588538168793377,0.04666186823808509,0.02381996374303595,0.011755107927936822,0.020133503126300613,0.14216168594770126,0.44754483444287607
cosine,top_scores_logistic,summary_statistics,14,testB,50,4640,0.722180288677627,1.0,0.7413159557945951,0.7117451423635917,0.5469449701889512,0.1648001721746405,0.10723447922011294,0.03444073884043102,0.017444843509492047,0.008128324916961525,0.020256535687555994,0.11851529301810683,0.38788556971538096
cosine,top_scores_logistic,summary_statistics,14,__pooled_test__,50,10286,0.722180288677627,1.0,0.7433938228899883,0.6689647428272678,0.4998718028474752,0.16909293997979263,0.12444710101613875,0.041416005980046626,0.020585495144374966,0.010317608478693858,0.01815566478130417,0.13149483166096995,0.4206326248049626
cosine,stats_mlp,summary_statistics,1121,val_select,5,5282,0.7381070132943902,0.0001,0.7363281359741537,0.27080465893484795,0.13046668511809645,0.1403379738167515,0.37647537647537643,0.12299714098105012,0.0585120017177233,0.02536055385796334,0.02231796073139458,0.20453357753888096,0.5927801368242815
cosine,stats_mlp,summary_statistics,1121,testA,5,5646,0.7381070132943902,0.0001,0.7473786204799432,0.2584028173843155,0.12175165128327825,0.13665116610103722,0.4084838963079339,0.15312076695162774,0.07665611543352013,0.03796673643439451,0.026587517631843582,0.20219023032949254,0.5878587286413546
cosine,stats_mlp,summary_statistics,1121,testB,5,4640,0.7381070132943902,0.0001,0.7505131533061535,0.27874698956093896,0.14549401329734218,0.13325297626359678,0.3812886142983231,0.11904236540158872,0.060998332842993164,0.028661680680076237,0.028909582082695996,0.20019446007046754,0.5825542212120921
cosine,stats_mlp,summary_statistics,1121,__pooled_test__,5,10286,0.7381070132943902,0.0001,0.7501262675730598,0.26716501227700995,0.13213517164269745,0.1350298406343125,0.3956774729842061,0.13993154392747814,0.06743829380247073,0.03555483136884208,0.020423098748153967,0.20128994119845267,0.5854658728692587
cosine,stats_mlp,summary_statistics,1121,val_select,10,5282,0.7381070132943902,0.0001,0.7390756308862594,0.41505236526015044,0.244556362649474,0.17049600261067643,0.26361386138613874,0.0869521479478758,0.04431963495045352,0.02294807998137417,0.01786164796513755,0.19502088978570373,0.5752373535067136
cosine,stats_mlp,summary_statistics,1121,testA,10,5646,0.7381070132943902,0.0001,0.7368120000624921,0.3984432575359985,0.22903424627124702,0.1694090112647515,0.2738095238095239,0.09602217021411184,0.04773148928993081,0.02323758921913294,0.021845671920659386,0.19879533530808666,0.5831741353312312
cosine,stats_mlp,summary_statistics,1121,testB,10,4640,0.7381070132943902,0.0001,0.7415710089324873,0.4413744232998332,0.2716335097623691,0.16974091353746407,0.2490731378496797,0.07987866531850348,0.040182751001760136,0.02045305376687426,0.029299756640504153,0.18919108422703265,0.5621082487268904
cosine,stats_mlp,summary_statistics,1121,__pooled_test__,10,10286,0.7381070132943902,0.0001,0.7399380076956817,0.4172006539998069,0.24761592130404958,0.1695847326957573,0.26695116168800365,0.0910209862567059,0.04261337436628219,0.022099183010056072,0.017828233705932436,0.1944628712777454,0.5736713437850383
cosine,stats_mlp,summary_statistics,1121,val_select,20,5282,0.7381070132943902,0.0001,0.7374268660560926,0.5452569213315434,0.3654920390783707,0.17976488225317266,0.1828916294935713,0.05742325842583621,0.02712626812516134,0.0139543824336822,0.04869273660118405,0.17157734372720423,0.521037582852118
cosine,stats_mlp,summary_statistics,1121,testA,20,5646,0.7381070132943902,0.0001,0.7434943833157569,0.5076612567634964,0.33346746133595884,0.17419379542753755,0.2060096765979118,0.07026016476588832,0.03217154630447218,0.01497206570242494,0.05274428242670382,0.17849786764009345,0.5373294618903235
cosine,stats_mlp,summary_statistics,1121,testB,20,4640,0.7381070132943902,0.0001,0.7364504325143567,0.5725601819374686,0.3919141030730277,0.1806460788644409,0.1740773031095611,0.05187445510026152,0.028383221931608995,0.013138775447773697,0.051174204306002564,0.16653012159747357,0.5080448511974969
cosine,stats_mlp,summary_statistics,1121,__pooled_test__,20,10286,0.7381070132943902,0.0001,0.7418349564163874,0.5351446837386686,0.3589009043960999,0.17624377934256874,0.19109663409337682,0.0621834884150213,0.029348711294442897,0.014973952256952602,0.05058723240844498,0.1730992343873464,0.5241192155735127
cosine,stats_mlp,summary_statistics,1121,val_select,50,5282,0.7381070132943902,0.0001,0.736092871868734,0.67744972092394,0.4987482775026207,0.17870144342131927,0.12348555452003723,0.043368747764361094,0.02018205300015168,0.009928005684660955,0.08556750055440603,0.14466572091734647,0.4661376386093767
cosine,stats_mlp,summary_statistics,1121,testA,50,5646,0.7381070132943902,0.0001,0.7342898910168301,0.6404475191850335,0.4641082261676445,0.176339293017389,0.1331990149988807,0.048340773078288095,0.02307383887455923,0.011519474906460455,0.1012711619326183,0.15656488903491037,0.4989622444629595
cosine,stats_mlp,summary_statistics,1121,testB,50,4640,0.7381070132943902,0.0001,0.7324355291745439,0.712605511320882,0.5469449701889512,0.16566054113193085,0.09851205746536691,0.03027193432529503,0.015164471808904964,0.008668412951311093,0.06951530499359722,0.1267184496792559,0.41759351120646454
cosine,stats_mlp,summary_statistics,1121,__pooled_test__,50,10286,0.7381070132943902,0.0001,0.7356676902626863,0.6708419737942223,0.4998718028474752,0.1709701709467471,0.11703526598924095,0.03992172072046759,0.01885883545314591,0.010191774735334438,0.08687512325124763,0.14310120260576042,0.4622569243861428
cosine,stats_mlp_noK,summary_statistics,1089,val_select,5,5282,0.7392213666816199,0.001,0.7359174617581697,0.2721489087376484,0.13046668511809645,0.14168222361955196,0.37484737484737496,0.1275754621708242,0.060773019965279236,0.025788966801322293,0.02157015326358475,0.20483387602144396,0.5936283481603035
cosine,stats_mlp_noK,summary_statistics,1089,testA,5,5646,0.7392213666816199,0.001,0.7467956060106936,0.2591958112673706,0.12175165128327825,0.13744415998409237,0.3912018853102906,0.15262982246870108,0.07534702675029749,0.04044726912944982,0.01649675404786896,0.20252835168499825,0.5886984682001887
cosine,stats_mlp_noK,summary_statistics,1089,testB,5,4640,0.7392213666816199,0.001,0.7482770652352531,0.2802028689988334,0.14549401329734218,0.13470885570149121,0.37334510150044137,0.11959399823477507,0.05707561047366882,0.02819714776791944,0.02477887502132818,0.20082577668023774,0.5839316170766679
cosine,stats_mlp_noK,summary_statistics,1089,__pooled_test__,5,10286,0.7392213666816199,0.001,0.7488592070244556,0.268280291486386,0.13213517164269745,0.13614511984368854,0.3902743142144639,0.13941202205730446,0.06720740454617043,0.03467985276268997,0.015465774215741905,0.2017603225169943,0.5865481484244608
cosine,stats_mlp_noK,summary_statistics,1089,val_select,10,5282,0.7392213666816199,0.001,0.7402010383965226,0.41405600503558915,0.244556362649474,0.16949964238611515,0.26237623762376244,0.08733886876619519,0.04260078537302625,0.02164534408801583,0.019308478421602503,0.19472842544104765,0.574750594914392
cosine,stats_mlp_noK,summary_statistics,1089,testA,10,5646,0.7392213666816199,0.001,0.7370199818772654,0.3980074077944671,0.22903424627124702,0.16897316152322006,0.27738095238095245,0.09453414086467013,0.04839278686681292,0.022924323532544977,0.02015618069128411,0.1986743408310684,0.5830842775535345
cosine,stats_mlp_noK,summary_statistics,1089,testB,10,4640,0.7392213666816199,0.001,0.7445815103818835,0.43939507191904437,0.2716335097623691,0.16776156215667526,0.24637681159420285,0.08198517020559477,0.039433771486349786,0.020807833537331556,0.03914073515233808,0.18853305584386926,0.5609453645512528
cosine,stats_mlp_noK,summary_statistics,1089,__pooled_test__,10,10286,0.7392213666816199,0.001,0.7412689806569175,0.4162077386925407,0.24761592130404958,0.1685918173884911,0.2688477951635846,0.09003318033001238,0.04454500548916756,0.02226554925996921,0.021704963390845263,0.19409962156793367,0.5730974453222895
cosine,stats_mlp_noK,summary_statistics,1089,val_select,20,5282,0.7392213666816199,0.001,0.7406798203561518,0.5432685508391649,0.3654920390783707,0.17777651176079423,0.18866439254788772,0.05807919213604784,0.02712626812516134,0.012849569416801335,0.03212400528629455,0.16835461256305745,0.5144020009094497
cosine,stats_mlp_noK,summary_statistics,1089,testA,20,5646,0.7392213666816199,0.001,0.7464216423255536,0.5064231322032167,0.33346746133595884,0.17295567086725783,0.2060096765979118,0.07057845981389717,0.03386899463015855,0.015240100514478654,0.03256190303888594,0.17501154073418282,0.5299479408176334
cosine,stats_mlp_noK,summary_statistics,1089,testB,20,4640,0.7392213666816199,0.001,0.7407529135851124,0.5704545800203868,0.3919141030730277,0.17854047694735914,0.17698343504795117,0.05478058703865159,0.02515418644450904,0.012526958197586362,0.03436952174223702,0.16198267967810093,0.49857576173172763
cosine,stats_mlp_noK,summary_statistics,1089,__pooled_test__,20,10286,0.7392213666816199,0.001,0.7451387974152719,0.5338618705041385,0.3589009043960999,0.17496096610803857,0.1976112920738329,0.06320137898475882,0.02980108877869283,0.0141167867331733,0.02544333484228797,0.16913424000501504,0.5157959953618096
cosine,stats_mlp_noK,summary_statistics,1089,val_select,50,5282,0.7392213666816199,0.001,0.7413341240927448,0.6757506795600872,0.4987482775026207,0.17700240205746648,0.1216216216216216,0.04657207920259302,0.020699790356558452,0.00943750680216643,0.0441947388661964,0.13518389489540536,0.43174752661167165
cosine,stats_mlp_noK,summary_statistics,1089,testA,50,5646,0.7392213666816199,0.001,0.742532601247144,0.6381771307714463,0.4641082261676445,0.1740689046038018,0.13857174837698683,0.0477811381315538,0.024317380322020334,0.012933273035318936,0.04169121138643298,0.14339872389117425,0.45269270418928304
cosine,stats_mlp_noK,summary_statistics,1089,testB,50,4640,0.7392213666816199,0.001,0.7359337638072742,0.7091609984293752,0.5469449701889512,0.16221602824042403,0.10159055926115966,0.02898922524371471,0.012314007183170881,0.007318192865437172,0.035330179386675875,0.1180900899580813,0.39033481910224044
cosine,stats_mlp_noK,summary_statistics,1089,__pooled_test__,50,10286,0.7392213666816199,0.001,0.7443842290498603,0.6675912804006638,0.4998718028474752,0.16771947755318867,0.13090257023311433,0.03977229219450962,0.018061915595655537,0.007926767354866237,0.03577609608015407,0.13198203504715797,0.42456315073761297
cosine,score_deepsets,full_score_set,1969,val_select,5,5282,0.608261220174969,0.001,0.7236598341023119,0.28431491213977544,0.13046668511809645,0.153848227021679,0.3634513634513636,0.1275754621708242,0.055798779820656084,0.024503727971244952,0.04496847794506527,0.21401217128388964,0.6202930921267543
cosine,score_deepsets,full_score_set,1969,testA,5,5646,0.608261220174969,0.001,0.731582178242911,0.2696900393296229,0.12175165128327825,0.14793838804634463,0.3684210526315789,0.14428376625894906,0.07272884938385193,0.03341909316012659,0.02685420990275273,0.2087347962876568,0.6038768639377695
cosine,score_deepsets,full_score_set,1969,testB,5,4640,0.608261220174969,0.001,0.7369691963020989,0.29052812550422347,0.14549401329734218,0.14503411220688128,0.3715798764342455,0.10856134157105043,0.04873982543885453,0.027732614855762637,0.046544923633337024,0.2088368846539727,0.6085394622320353
cosine,score_deepsets,full_score_set,1969,__pooled_test__,5,10286,0.608261220174969,0.001,0.7354715414301902,0.278443471243656,0.13213517164269745,0.14630829960095854,0.37905236907730666,0.1342168033555677,0.056355609500049184,0.02483634344347893,0.03283008836150378,0.2087808482047972,0.6059801554101975
cosine,score_deepsets,full_score_set,1969,val_select,10,5282,0.608261220174969,0.001,0.5,0.6160606400013229,0.244556362649474,0.3715042773518489,0.0006188118811882486,-0.0016069194472688628,0.0010046255992869602,0.001778621714303866,0.6118894358197653,0.6118894358197653,16.90714345794649
cosine,score_deepsets,full_score_set,1969,testA,10,5646,0.608261220174969,0.001,0.5,0.6025525657127926,0.22903424627124702,0.37351831944154557,0.004761904761904829,-0.009627913596255236,-0.0028577753415414135,0.0009957254713966858,0.5951115834218916,0.5951115834218916,16.44355389290187
cosine,score_deepsets,full_score_set,1969,testB,10,4640,0.608261220174969,0.001,0.5,0.6283218791626675,0.2716335097623691,0.35668836940029836,0.01584091675092682,0.012049207954162417,0.004606224019773007,-0.0008337324605752511,0.6394396551724137,0.6394396551724137,17.66838476009294
cosine,score_deepsets,full_score_set,1969,__pooled_test__,10,10286,0.608261220174969,0.001,0.5,0.6037622768218519,0.24761592130404958,0.3561463555178023,0.031136399557452114,0.014762368715973041,0.012760893376235883,0.002967064270035001,0.6151079136690647,0.6151079136690647,16.996073358560686
cosine,score_deepsets,full_score_set,1969,val_select,20,5282,0.608261220174969,0.001,0.5,0.7264638438112822,0.3654920390783707,0.36097180473291146,-0.005510364733665629,-0.002594676058531185,0.0003044571175242455,0.0015252359937706842,0.721507004922378,0.7215070049223778,19.935991249453433
cosine,score_deepsets,full_score_set,1969,testA,20,5646,0.608261220174969,0.001,0.5,0.7049788585087459,0.33346746133595884,0.37151139717278703,0.0017825311942959155,-0.008677007140328683,-0.0023432363178179138,0.0007662206635756105,0.6955366631243358,0.6955366631243358,19.21840361232889
cosine,score_deepsets,full_score_set,1969,testB,20,4640,0.608261220174969,0.001,0.5,0.7397680252642898,0.3919141030730277,0.34785392219126204,-0.0014530659691950325,0.004649811101424014,0.0006135167425489571,-0.0018507471818169049,0.7415948275862069,0.7415948275862069,20.491038746032807
cosine,score_deepsets,full_score_set,1969,__pooled_test__,20,10286,0.608261220174969,0.001,0.5,0.7062059050850004,0.3589009043960999,0.34730500068890047,0.0276872964169381,0.008574585075503616,0.0074837995556972505,0.0009735820352238814,0.7163134357378962,0.7163134357378962,19.79248751475804
cosine,score_deepsets,full_score_set,1969,val_select,50,5282,0.608261220174969,0.001,0.5,0.817243638898697,0.4987482775026207,0.3184953613960763,-0.004659832246039164,0.0002693793226945527,0.00024916477849027405,0.001344275241005646,0.812570995834911,0.812570995834911,22.452184319772673
cosine,score_deepsets,full_score_set,1969,testA,50,5646,0.608261220174969,0.001,0.5,0.8019751342991808,0.4641082261676445,0.33786690813153625,-0.005596597268860481,-0.0087419914886126,-0.0037866563906003748,-0.0007334422103128572,0.7911795961742827,0.7911795961742827,21.861117630830815
cosine,score_deepsets,full_score_set,1969,testB,50,4640,0.608261220174969,0.001,0.5,0.8317047349982816,0.5469449701889512,0.2847597648093304,0.00667008722421761,0.004938429964084211,0.0011971951428083737,-0.0021333477356808095,0.8400862068965518,0.8400862068965518,23.212458306316606
cosine,score_deepsets,full_score_set,1969,__pooled_test__,50,10286,0.608261220174969,0.001,0.5,0.8025323515256857,0.4998718028474752,0.3026605486782105,0.024506873879258945,0.009737158476971047,0.006240937709548899,0.0011317452134610873,0.8132412988528096,0.8132412988528096,22.47070549144273
cosine,score_deepsets_noK,full_score_set,1937,val_select,5,5282,0.7276392759693958,0.001,0.7305036359903616,0.27657425353716436,0.13046668511809645,0.1461075684190679,0.37484737484737496,0.12096233156337285,0.055798779820656084,0.024932140914604144,0.08697834524612723,0.2159218351861555,0.6212309129671353
cosine,score_deepsets_noK,full_score_set,1937,testA,5,5646,0.7276392759693958,0.001,0.73908825988901,0.2628951570184281,0.12175165128327825,0.14114350573514983,0.38413197172034574,0.14330187729309593,0.06618340596773793,0.03589962585518191,0.0819955533894925,0.21263211002935878,0.6129355447973001
cosine,score_deepsets_noK,full_score_set,1937,testB,5,4640,0.7276392759693958,0.001,0.7386215852672858,0.28830352212070587,0.14549401329734218,0.14280950882336368,0.3759929390997352,0.11076787290379518,0.04873982543885453,0.023551818646351207,0.08440900273492624,0.2136695013719247,0.6165837550840283
cosine,score_deepsets_noK,full_score_set,1937,__pooled_test__,5,10286,0.7276392759693958,0.001,0.7401486426729426,0.27394007758174177,0.13213517164269745,0.14180490593904432,0.38778054862842887,0.1246056487573548,0.06097339462605814,0.03008621508039155,0.0841044587672232,0.2131000757915118,0.614581247279355
cosine,score_deepsets_noK,full_score_set,1937,val_select,10,5282,0.7276392759693958,0.001,0.725200283747887,0.42975006462526705,0.244556362649474,0.18519370197579305,0.2629950495049505,0.08888575203947273,0.04053816588011345,0.018062820381280938,0.09863191104463354,0.2110740013088946,0.611974456003049
cosine,score_deepsets_noK,full_score_set,1937,testA,10,5646,0.7276392759693958,0.001,0.7222533381244011,0.4089611464321624,0.22903424627124702,0.1799269001609154,0.25892857142857145,0.09193008950314686,0.04310240625175701,0.021671260786193684,0.11053076786956718,0.21671477476114484,0.6230479560983773
cosine,score_deepsets_noK,full_score_set,1937,testB,10,4640,0.7276392759693958,0.001,0.7293389266389338,0.4551256037716297,0.2716335097623691,0.1834920940092606,0.24233232221098744,0.07482305358948434,0.03344193536306771,0.014776577439554413,0.09295746398415287,0.20311834635685294,0.5952058657237781
cosine,score_deepsets_noK,full_score_set,1937,__pooled_test__,10,10286,0.7276392759693958,0.001,0.7267319565613924,0.42891593993994287,0.24761592130404958,0.1813000186358933,0.2501975659870397,0.08786000729128693,0.038047700803098675,0.016609096762919707,0.10260347543049247,0.21058144520680747,0.6104884286495984
cosine,score_deepsets_noK,full_score_set,1937,val_select,20,5282,0.7276392759693958,0.001,0.7111708905185372,0.5708801858649052,0.3654920390783707,0.2053881467865345,0.17344528995014438,0.05348765616456613,0.02596010242917716,0.012849569416801335,0.23477564760212621,0.2348546808761019,0.6674619700243283
cosine,score_deepsets_noK,full_score_set,1937,testA,20,5646,0.7276392759693958,0.001,0.7225874537238873,0.5276448145342729,0.33346746133595884,0.19417735319831408,0.19531448943213647,0.06453085390172725,0.030757006033066848,0.015240100514478654,0.24407909265011707,0.2434474734804623,0.6860391250563852
cosine,score_deepsets_noK,full_score_set,1937,testB,20,4640,0.7276392759693958,0.001,0.7212607425688219,0.5896951333292733,0.3919141030730277,0.19778103025624555,0.1682650392327811,0.04824179017727409,0.02063353676256907,0.00916196332155572,0.21268827811622157,0.2147329322029753,0.6223651060722679
cosine,score_deepsets_noK,full_score_set,1937,__pooled_test__,20,10286,0.7276392759693958,0.001,0.7239730660120752,0.5538257691497148,0.3589009043960999,0.19492486475361492,0.18865363735070567,0.059299465134097805,0.026332861399443405,0.012116733844354934,0.22991874077015642,0.23049438466775188,0.6573158654718718
cosine,score_deepsets_noK,full_score_set,1937,val_select,50,5282,0.7276392759693958,0.001,0.706697920491024,0.7050646360294877,0.4987482775026207,0.20631635852686697,0.11649580615097856,0.03870935658147822,0.018369972252727917,0.00968275624341376,0.3514926405711715,0.271490960142458,0.7552524623513327
cosine,score_deepsets_noK,full_score_set,1937,testA,50,5646,0.7276392759693958,0.001,0.7123284445940667,0.6661653782107281,0.4641082261676445,0.20205715204308355,0.12693082605775685,0.04414351097778071,0.022825130585067178,0.012462006992366062,0.37063906666285973,0.29031962497566977,0.7986240462328947
cosine,score_deepsets_noK,full_score_set,1937,testB,50,4640,0.7276392759693958,0.001,0.7182762879298112,0.7299868263275437,0.5469449701889512,0.18304185613859258,0.0969728065674706,0.026744484350949206,0.01288410010831775,0.0056979287623883336,0.3245969494130334,0.23702301504308598,0.6740605758614343
cosine,score_deepsets_noK,full_score_set,1937,__pooled_test__,50,10286,0.7276392759693958,0.001,0.7203674553095945,0.6921347879318147,0.4998718028474752,0.19226298508433953,0.1210998206814108,0.03812857840897275,0.01766345566691035,0.008807603558381633,0.3498695329238753,0.26627759988455674,0.7424336415543437
