expr_id,image_id,level,tuple_type,target_name,n_proposals,target_best_iou,target_present_at_05,n_equivalent,n_valid_distractors,n_invalid_crop,n_same_name_distractors,available_K5,available_K10,same_name_available_K5,same_name_available_K10,object_recall_at_05,object_recall_at_07,frac_pairs_iou_gt_07
63986,735,1,spatial,cake,64,0.880964,1,6,58,0,3,1,1,0,0,0.875,0.75,0.001984
63987,735,1,spatial,cake,64,0.880964,1,6,58,0,3,1,1,0,0,0.875,0.75,0.001984
22635,735,1,spatial,dining table,64,0.593738,1,4,60,0,0,1,1,0,0,0.875,0.75,0.001984
22636,735,1,attribute,dining table,64,0.593738,1,4,60,0,0,1,1,0,0,0.875,0.75,0.001984
90866,1822,1,simple,chair,64,0.89139,1,4,60,0,6,1,1,1,0,0.916667,0.916667,0.001488
90867,1822,1,spatial,chair,64,0.89139,1,4,60,0,6,1,1,1,0,0.916667,0.916667,0.001488
6224,1822,1,spatial,chair,64,0.887712,1,2,62,0,8,1,1,1,0,0.916667,0.916667,0.001488
6225,1822,1,simple,chair,64,0.887712,1,2,62,0,8,1,1,1,0,0.916667,0.916667,0.001488
57244,1966,1,spatial,person,64,0.823068,1,9,55,0,16,1,1,1,1,1.0,1.0,0.00248
57245,1966,1,spatial,person,64,0.823068,1,9,55,0,16,1,1,1,1,1.0,1.0,0.00248
43957,3259,1,spatial,laptop,64,0.895826,1,9,55,0,1,1,1,0,0,0.684211,0.473684,0.001984
43958,3259,1,spatial,laptop,64,0.895826,1,9,55,0,1,1,1,0,0,0.684211,0.473684,0.001984
25741,4490,1,simple,person,64,0.785418,1,11,53,1,4,1,1,1,0,1.0,0.75,0.000992
25742,4490,1,spatial,person,64,0.785418,1,11,53,1,4,1,1,1,0,1.0,0.75,0.000992
25416,4704,1,spatial,person,64,0.790789,1,8,56,0,4,1,1,1,0,1.0,1.0,0.000992
25417,4704,1,spatial,person,64,0.790789,1,8,56,0,4,1,1,1,0,1.0,1.0,0.000992
38971,4993,2,spatial,person,64,0.906991,1,12,52,0,16,1,1,1,1,1.0,1.0,0.001488
38972,4993,2,simple,person,64,0.906991,1,12,52,0,16,1,1,1,1,1.0,1.0,0.001488
14759,5215,2,spatial,person,64,0.769563,1,12,52,0,12,1,1,1,1,1.0,0.666667,0.000496
14760,5215,2,attribute,person,64,0.769563,1,12,52,0,12,1,1,1,1,1.0,0.666667,0.000496
74471,5215,2,spatial,person,64,0.839721,1,12,52,0,12,1,1,1,1,1.0,0.666667,0.000496
74472,5215,2,spatial,person,64,0.839721,1,12,52,0,12,1,1,1,1,1.0,0.666667,0.000496
7944,5782,1,attribute,dog,64,0.82598,1,25,39,0,9,1,1,1,1,1.0,1.0,0.004464
7945,5782,1,spatial,dog,64,0.82598,1,25,39,0,9,1,1,1,1,1.0,1.0,0.004464
15741,6338,1,spatial,horse,64,0.773112,1,11,53,6,5,1,1,1,0,1.0,1.0,0.000992
15742,6338,1,spatial,horse,64,0.773112,1,11,53,6,5,1,1,1,0,1.0,1.0,0.000992
8527,6338,1,spatial,horse,64,0.833944,1,5,59,6,11,1,1,1,1,1.0,1.0,0.000992
8528,6338,1,spatial,horse,64,0.833944,1,5,59,6,11,1,1,1,1,1.0,1.0,0.000992
94059,6338,1,spatial,person,64,0.78933,1,6,58,6,8,1,1,1,0,1.0,1.0,0.000992
94060,6338,1,spatial,person,64,0.78933,1,6,58,6,8,1,1,1,0,1.0,1.0,0.000992
53138,6352,1,spatial,horse,64,0.810289,1,5,59,0,18,1,1,1,1,1.0,1.0,0.000992
53139,6352,1,spatial,horse,64,0.810289,1,5,59,0,18,1,1,1,1,1.0,1.0,0.000992
101996,6447,1,simple,giraffe,64,0.813276,1,8,56,0,7,1,1,1,0,1.0,1.0,0.000992
101997,6447,1,spatial,giraffe,64,0.813276,1,8,56,0,7,1,1,1,0,1.0,1.0,0.000992
79717,7035,1,spatial,horse,64,0.542399,1,1,63,20,1,1,1,0,0,0.529412,0.117647,0.0
79718,7035,1,spatial,horse,64,0.542399,1,1,63,20,1,1,1,0,0,0.529412,0.117647,0.0
21674,7035,1,spatial,horse,64,0.772119,1,1,63,20,1,1,1,0,0,0.529412,0.117647,0.0
21675,7035,1,spatial,horse,64,0.772119,1,1,63,20,1,1,1,0,0,0.529412,0.117647,0.0
54873,7035,1,spatial,person,64,0.508622,1,1,63,20,1,1,1,0,0,0.529412,0.117647,0.0
54874,7035,1,spatial,person,64,0.508622,1,1,63,20,1,1,1,0,0,0.529412,0.117647,0.0
1881,8649,1,spatial,potted plant,64,0.547389,1,2,62,0,0,1,1,0,0,0.923077,0.692308,0.0
1882,8649,1,spatial,potted plant,64,0.547389,1,2,62,0,0,1,1,0,0,0.923077,0.692308,0.0
103013,8657,2,spatial,person,64,0.616444,1,6,58,0,5,1,1,1,0,1.0,0.6,0.000496
103014,8657,2,spatial,person,64,0.616444,1,6,58,0,5,1,1,1,0,1.0,0.6,0.000496
59951,8657,2,spatial,person,64,0.899955,1,5,59,0,6,1,1,1,0,1.0,0.6,0.000496
59952,8657,2,spatial,person,64,0.899955,1,5,59,0,6,1,1,1,0,1.0,0.6,0.000496
64408,9226,1,spatial,train,64,0.891326,1,1,63,42,1,1,1,0,0,0.555556,0.333333,0.000496
64409,9226,1,spatial,train,64,0.891326,1,1,63,42,1,1,1,0,0,0.555556,0.333333,0.000496
60879,9557,1,spatial,chair,64,0.840355,1,14,50,0,14,1,1,1,1,1.0,0.8,0.00248
60880,9557,1,simple,chair,64,0.840355,1,14,50,0,14,1,1,1,1,1.0,0.8,0.00248
97339,10621,1,spatial,person,64,0.924823,1,2,62,2,7,1,1,1,0,0.6,0.6,0.002976
97340,10621,1,simple,person,64,0.924823,1,2,62,2,7,1,1,1,0,0.6,0.6,0.002976
5263,10728,1,simple,cup,64,0.931419,1,7,57,0,3,1,1,0,0,1.0,1.0,0.000496
5264,10728,1,spatial,cup,64,0.931419,1,7,57,0,3,1,1,0,0,1.0,1.0,0.000496
59566,10881,2,spatial,dining table,64,0.831692,1,1,63,0,3,1,1,0,0,0.538462,0.333333,0.001488
59567,10881,2,spatial,dining table,64,0.831692,1,1,63,0,3,1,1,0,0,0.538462,0.333333,0.001488
43583,10881,2,spatial,dining table,64,0.647624,1,1,63,0,3,1,1,0,0,0.538462,0.333333,0.001488
100312,10881,2,spatial,dining table,64,0.330313,0,0,64,0,0,0,0,0,0,0.538462,0.333333,0.001488
100313,10881,2,spatial,dining table,64,0.330313,0,0,64,0,0,0,0,0,0,0.538462,0.333333,0.001488
96346,10881,2,spatial,dining table,64,0.671036,1,2,62,0,2,1,1,0,0,0.538462,0.333333,0.001488
79822,10881,2,spatial,couch,64,0.640993,1,3,61,0,1,1,1,0,0,0.538462,0.333333,0.001488
79823,10881,2,spatial,couch,64,0.640993,1,3,61,0,1,1,1,0,0,0.538462,0.333333,0.001488
60063,10936,1,spatial,car,64,0.859882,1,6,58,0,8,1,1,1,0,1.0,1.0,0.001984
60064,10936,1,spatial,car,64,0.859882,1,6,58,0,8,1,1,1,0,1.0,1.0,0.001984
12720,10936,1,spatial,car,64,0.889632,1,5,59,0,9,1,1,1,1,1.0,1.0,0.001984
12721,10936,1,spatial,car,64,0.889632,1,5,59,0,9,1,1,1,1,1.0,1.0,0.001984
64986,11244,1,spatial,bottle,64,0.600962,1,4,60,0,6,1,1,1,0,1.0,0.5,0.0
63668,11244,1,spatial,bottle,64,0.845041,1,5,59,0,5,1,1,1,0,1.0,0.5,0.0
63669,11244,1,spatial,bottle,64,0.845041,1,5,59,0,5,1,1,1,0,1.0,0.5,0.0
8095,11618,1,simple,airplane,64,0.827978,1,7,57,0,2,1,1,0,0,1.0,1.0,0.0
8096,11618,1,attribute,airplane,64,0.827978,1,7,57,0,2,1,1,0,0,1.0,1.0,0.0
58829,11661,1,simple,person,64,0.821707,1,6,58,0,2,1,1,0,0,0.833333,0.666667,0.001488
58830,11661,1,simple,person,64,0.821707,1,6,58,0,2,1,1,0,0,0.833333,0.666667,0.001488
9320,11697,1,spatial,car,64,0.898697,1,1,63,0,10,1,1,1,1,1.0,1.0,0.001984
9321,11697,1,spatial,car,64,0.898697,1,1,63,0,10,1,1,1,1,1.0,1.0,0.001984
3039,12145,1,spatial,motorcycle,64,0.655691,1,1,63,0,0,1,1,0,0,0.8,0.533333,0.000992
3040,12145,1,spatial,motorcycle,64,0.655691,1,1,63,0,0,1,1,0,0,0.8,0.533333,0.000992
63313,12664,1,spatial,train,64,0.746086,1,6,58,0,10,1,1,1,1,0.833333,0.666667,0.000496
63314,12664,1,simple,train,64,0.746086,1,6,58,0,10,1,1,1,1,0.833333,0.666667,0.000496
99588,13045,1,spatial,broccoli,64,0.769519,1,4,60,0,8,1,1,1,0,1.0,1.0,0.000992
99589,13045,1,spatial,broccoli,64,0.769519,1,4,60,0,8,1,1,1,0,1.0,1.0,0.000992
55705,13045,1,spatial,broccoli,64,0.729607,1,1,63,0,11,1,1,1,1,1.0,1.0,0.000992
55706,13045,1,spatial,broccoli,64,0.729607,1,1,63,0,11,1,1,1,1,1.0,1.0,0.000992
69022,13355,1,spatial,bicycle,64,0.842254,1,5,59,0,1,1,1,0,0,1.0,1.0,0.0
1692,13355,1,simple,surfboard,64,0.784634,1,10,54,0,3,1,1,0,0,1.0,1.0,0.0
63010,13355,1,spatial,surfboard,64,0.723569,1,4,60,0,10,1,1,1,1,1.0,1.0,0.0
63011,13355,1,spatial,surfboard,64,0.723569,1,4,60,0,10,1,1,1,1,1.0,1.0,0.0
69476,14676,1,spatial,pizza,64,0.88355,1,6,58,0,4,1,1,1,0,0.846154,0.769231,0.00248
69477,14676,1,spatial,pizza,64,0.88355,1,6,58,0,4,1,1,1,0,0.846154,0.769231,0.00248
40574,14676,1,spatial,person,64,0.3771,0,0,64,0,0,0,0,0,0,0.846154,0.769231,0.00248
40575,14676,1,spatial,person,64,0.3771,0,0,64,0,0,0,0,0,0,0.846154,0.769231,0.00248
94898,14676,1,spatial,chair,64,0.761733,1,3,61,0,7,1,1,1,0,0.846154,0.769231,0.00248
3821,15151,1,simple,person,64,0.834556,1,6,58,0,2,1,1,0,0,0.8,0.8,0.000992
3822,15151,1,spatial,person,64,0.834556,1,6,58,0,2,1,1,0,0,0.8,0.8,0.000992
63604,15151,1,spatial,person,64,0.778154,1,2,62,0,6,1,1,1,0,0.8,0.8,0.000992
63605,15151,1,simple,person,64,0.778154,1,2,62,0,6,1,1,1,0,0.8,0.8,0.000992
42610,15485,2,spatial,chair,64,0.90738,1,4,60,0,7,1,1,1,0,0.875,0.875,0.004464
42611,15485,2,spatial,chair,64,0.90738,1,4,60,0,7,1,1,1,0,0.875,0.875,0.004464
7451,15485,2,attribute,couch,64,0.826422,1,9,55,0,4,1,1,1,0,0.875,0.875,0.004464
7452,15485,2,spatial,couch,64,0.826422,1,9,55,0,4,1,1,1,0,0.875,0.875,0.004464
58706,15485,2,attribute,couch,64,0.838883,1,9,55,0,6,1,1,1,0,0.875,0.875,0.004464
58707,15485,2,attribute,couch,64,0.838883,1,9,55,0,6,1,1,1,0,0.875,0.875,0.004464
79151,15485,2,attribute,chair,64,0.866053,1,9,55,0,6,1,1,1,0,0.875,0.875,0.004464
100886,15485,2,spatial,dining table,64,0.870421,1,5,59,0,4,1,1,1,0,0.875,0.875,0.004464
100887,15485,2,spatial,dining table,64,0.870421,1,5,59,0,4,1,1,1,0,0.875,0.875,0.004464
63051,15851,1,simple,bicycle,64,0.845248,1,9,55,0,0,1,1,0,0,0.666667,0.6,0.001488
63052,15851,1,simple,bicycle,64,0.845248,1,9,55,0,0,1,1,0,0,0.666667,0.6,0.001488
45318,15851,1,simple,person,64,0.725881,1,10,54,0,7,1,1,1,0,0.666667,0.6,0.001488
45319,15851,1,simple,person,64,0.725881,1,10,54,0,7,1,1,1,0,0.666667,0.6,0.001488
34141,16166,1,spatial,person,64,0.865491,1,4,60,0,17,1,1,1,1,1.0,1.0,0.002976
34142,16166,1,simple,person,64,0.865491,1,4,60,0,17,1,1,1,1,1.0,1.0,0.002976
60810,16735,1,spatial,giraffe,64,0.879091,1,16,48,0,8,1,1,1,0,1.0,1.0,0.002976
60811,16735,1,spatial,giraffe,64,0.879091,1,16,48,0,8,1,1,1,0,1.0,1.0,0.002976
59503,16735,1,simple,giraffe,64,0.784573,1,11,53,0,13,1,1,1,1,1.0,1.0,0.002976
65159,18276,2,spatial,sandwich,64,0.840633,1,3,61,0,8,1,1,1,0,1.0,0.857143,0.0
6281,18276,2,spatial,sandwich,64,0.646691,1,2,62,0,9,1,1,1,1,1.0,0.857143,0.0
6282,18276,2,spatial,sandwich,64,0.646691,1,2,62,0,9,1,1,1,1,1.0,0.857143,0.0
7778,18276,2,spatial,sandwich,64,0.767019,1,4,60,0,7,1,1,1,0,1.0,0.857143,0.0
7779,18276,2,spatial,sandwich,64,0.767019,1,4,60,0,7,1,1,1,0,1.0,0.857143,0.0
65377,19096,1,spatial,skis,64,0.723544,1,1,63,8,9,1,1,1,1,1.0,1.0,0.000496
65378,19096,1,spatial,skis,64,0.723544,1,1,63,8,9,1,1,1,1,1.0,1.0,0.000496
70505,21070,1,spatial,umbrella,64,0.870112,1,4,60,0,6,1,1,1,0,1.0,0.9,0.00248
70506,21070,1,attribute,umbrella,64,0.870112,1,4,60,0,6,1,1,1,0,1.0,0.9,0.00248
97989,21070,1,attribute,person,64,0.891814,1,1,63,0,2,1,1,0,0,1.0,0.9,0.00248
97990,21070,1,attribute,person,64,0.891814,1,1,63,0,2,1,1,0,0,1.0,0.9,0.00248
51281,21268,1,spatial,dining table,64,0.805389,1,4,60,0,2,1,1,0,0,0.823529,0.647059,0.000496
51282,21268,1,attribute,dining table,64,0.805389,1,4,60,0,2,1,1,0,0,0.823529,0.647059,0.000496
92970,21678,1,spatial,airplane,64,0.680366,1,7,57,0,23,1,1,1,1,1.0,0.666667,0.001488
72551,22223,1,spatial,cow,64,0.896057,1,15,49,0,18,1,1,1,1,1.0,1.0,0.001984
72552,22223,1,spatial,cow,64,0.896057,1,15,49,0,18,1,1,1,1,1.0,1.0,0.001984
12999,23450,1,spatial,person,64,0.814781,1,6,58,0,2,1,1,0,0,1.0,0.75,0.0
13000,23450,1,spatial,person,64,0.814781,1,6,58,0,2,1,1,0,0,1.0,0.75,0.0
14453,23539,2,attribute,person,64,0.853519,1,5,59,0,5,1,1,1,0,1.0,0.833333,0.000496
14454,23539,2,spatial,person,64,0.853519,1,5,59,0,5,1,1,1,0,1.0,0.833333,0.000496
12492,23539,2,spatial,person,64,0.868876,1,3,61,0,7,1,1,1,0,1.0,0.833333,0.000496
12493,23539,2,spatial,person,64,0.868876,1,3,61,0,7,1,1,1,0,1.0,0.833333,0.000496
20193,23539,2,spatial,person,64,0.851858,1,2,62,0,8,1,1,1,0,1.0,0.833333,0.000496
20194,23539,2,spatial,person,64,0.851858,1,2,62,0,8,1,1,1,0,1.0,0.833333,0.000496
29808,23631,1,spatial,motorcycle,64,0.851226,1,5,59,1,2,1,1,0,0,0.928571,0.857143,0.001984
29809,23631,1,spatial,motorcycle,64,0.851226,1,5,59,1,2,1,1,0,0,0.928571,0.857143,0.001984
54398,23929,1,simple,clock,64,0.909929,1,5,59,0,8,1,1,1,0,1.0,0.5,0.000496
54399,23929,1,simple,clock,64,0.909929,1,5,59,0,8,1,1,1,0,1.0,0.5,0.000496
77764,24076,1,spatial,scissors,64,0.835684,1,5,59,0,5,1,1,1,0,0.6,0.6,0.000992
18158,24095,1,spatial,giraffe,64,0.747878,1,15,49,0,16,1,1,1,1,1.0,1.0,0.004464
18159,24095,1,spatial,giraffe,64,0.747878,1,15,49,0,16,1,1,1,1,1.0,1.0,0.004464
25406,24287,1,spatial,giraffe,64,0.898333,1,15,49,0,1,1,1,0,0,1.0,1.0,0.0
25407,24287,1,spatial,giraffe,64,0.898333,1,15,49,0,1,1,1,0,0,1.0,1.0,0.0
101947,24319,2,spatial,giraffe,64,0.745056,1,9,55,0,9,1,1,1,1,1.0,1.0,0.003968
101948,24319,2,spatial,giraffe,64,0.745056,1,9,55,0,9,1,1,1,1,1.0,1.0,0.003968
33928,24591,1,spatial,person,64,0.902645,1,1,63,0,16,1,1,1,1,1.0,0.8,0.000496
33929,24591,1,spatial,person,64,0.902645,1,1,63,0,16,1,1,1,1,1.0,0.8,0.000496
7292,24847,1,spatial,giraffe,64,0.846577,1,10,54,0,18,1,1,1,1,1.0,1.0,0.001488
7293,24847,1,simple,giraffe,64,0.846577,1,10,54,0,18,1,1,1,1,1.0,1.0,0.001488
55325,24847,1,spatial,giraffe,64,0.791288,1,6,58,0,22,1,1,1,1,1.0,1.0,0.001488
55326,24847,1,spatial,giraffe,64,0.791288,1,6,58,0,22,1,1,1,1,1.0,1.0,0.001488
51445,24847,1,spatial,giraffe,64,0.881063,1,12,52,0,16,1,1,1,1,1.0,1.0,0.001488
98082,24948,1,spatial,cake,64,0.839092,1,5,59,0,5,1,1,1,0,1.0,1.0,0.001984
98083,24948,1,spatial,cake,64,0.839092,1,5,59,0,5,1,1,1,0,1.0,1.0,0.001984
21853,25017,1,attribute,boat,64,0.790647,1,6,58,2,3,1,1,0,0,1.0,1.0,0.004464
21854,25017,1,spatial,boat,64,0.790647,1,6,58,2,3,1,1,0,0,1.0,1.0,0.004464
94684,25058,1,spatial,motorcycle,64,0.858563,1,2,62,0,1,1,1,0,0,0.761905,0.619048,0.002976
94685,25058,1,spatial,motorcycle,64,0.858563,1,2,62,0,1,1,1,0,0,0.761905,0.619048,0.002976
4594,25192,1,spatial,cup,64,0.911206,1,5,59,0,4,1,1,1,0,1.0,1.0,0.001488
4595,25192,1,spatial,cup,64,0.911206,1,5,59,0,4,1,1,1,0,1.0,1.0,0.001488
93455,25533,1,simple,person,64,0.823538,1,6,58,0,5,1,1,1,0,1.0,0.875,0.001488
93456,25533,1,spatial,person,64,0.823538,1,6,58,0,5,1,1,1,0,1.0,0.875,0.001488
91729,25548,1,spatial,person,64,0.84451,1,7,57,0,6,1,1,1,0,0.421053,0.315789,0.000496
91730,25548,1,spatial,person,64,0.84451,1,7,57,0,6,1,1,1,0,0.421053,0.315789,0.000496
23403,26105,1,spatial,person,64,0.911316,1,9,55,0,7,1,1,1,0,1.0,1.0,0.000496
23404,26105,1,spatial,person,64,0.911316,1,9,55,0,7,1,1,1,0,1.0,1.0,0.000496
57761,26367,1,spatial,person,64,0.846705,1,8,56,0,5,1,1,1,0,0.842105,0.631579,0.003472
57762,26367,1,spatial,person,64,0.846705,1,8,56,0,5,1,1,1,0,0.842105,0.631579,0.003472
99547,26836,1,spatial,bird,64,0.826828,1,12,52,0,16,1,1,1,1,1.0,1.0,0.0
99548,26836,1,spatial,bird,64,0.826828,1,12,52,0,16,1,1,1,1,1.0,1.0,0.0
54328,26836,1,simple,bird,64,0.960973,1,7,57,0,21,1,1,1,1,1.0,1.0,0.0
54329,26836,1,spatial,bird,64,0.960973,1,7,57,0,21,1,1,1,1,1.0,1.0,0.0
1214,27510,1,spatial,person,64,0.957319,1,8,56,0,1,1,1,0,0,0.909091,0.909091,0.001984
1215,27510,1,spatial,person,64,0.957319,1,8,56,0,1,1,1,0,0,0.909091,0.909091,0.001984
40027,27826,1,simple,person,64,0.757259,1,8,56,0,1,1,1,0,0,0.75,0.625,0.000496
40028,27826,1,spatial,person,64,0.757259,1,8,56,0,1,1,1,0,0,0.75,0.625,0.000496
24523,28595,1,spatial,person,64,0.776881,1,11,53,0,14,1,1,1,1,1.0,1.0,0.000496
24524,28595,1,spatial,person,64,0.776881,1,11,53,0,14,1,1,1,1,1.0,1.0,0.000496
101890,28674,1,spatial,chair,64,0.897326,1,2,62,0,1,1,1,0,0,1.0,0.833333,0.000992
55885,29116,1,spatial,person,64,0.885245,1,13,51,0,3,1,1,0,0,1.0,1.0,0.00248
55886,29116,1,attribute,person,64,0.885245,1,13,51,0,3,1,1,0,0,1.0,1.0,0.00248
31073,31411,2,spatial,giraffe,64,0.910645,1,13,51,0,11,1,1,1,1,1.0,1.0,0.00248
31074,31411,2,spatial,giraffe,64,0.910645,1,13,51,0,11,1,1,1,1,1.0,1.0,0.00248
32986,31411,2,simple,giraffe,64,0.831358,1,12,52,0,12,1,1,1,1,1.0,1.0,0.00248
32987,31411,2,simple,giraffe,64,0.831358,1,12,52,0,12,1,1,1,1,1.0,1.0,0.00248
36836,31943,1,spatial,person,64,0.678908,1,6,58,0,17,1,1,1,1,1.0,0.75,0.000496
36837,31943,1,spatial,person,64,0.678908,1,6,58,0,17,1,1,1,1,1.0,0.75,0.000496
83832,31943,1,spatial,person,64,0.775624,1,10,54,0,13,1,1,1,1,1.0,0.75,0.000496
83833,31943,1,simple,person,64,0.775624,1,10,54,0,13,1,1,1,1,1.0,0.75,0.000496
91077,31943,1,spatial,person,64,0.875151,1,9,55,0,14,1,1,1,1,1.0,0.75,0.000496
91078,31943,1,attribute,person,64,0.875151,1,9,55,0,14,1,1,1,1,1.0,0.75,0.000496
70230,33204,1,attribute,couch,64,0.812004,1,7,57,0,6,1,1,1,0,1.0,0.714286,0.000992
70231,33204,1,spatial,couch,64,0.812004,1,7,57,0,6,1,1,1,0,1.0,0.714286,0.000992
64135,33204,1,spatial,chair,64,0.854355,1,6,58,0,2,1,1,0,0,1.0,0.714286,0.000992
64136,33204,1,spatial,chair,64,0.854355,1,6,58,0,2,1,1,0,0,1.0,0.714286,0.000992
10150,34285,1,spatial,horse,64,0.851924,1,8,56,0,5,1,1,1,0,0.8,0.65,0.000992
10151,34285,1,spatial,horse,64,0.851924,1,8,56,0,5,1,1,1,0,0.8,0.65,0.000992
68483,34285,1,spatial,horse,64,0.775621,1,5,59,0,9,1,1,1,1,0.8,0.65,0.000992
68484,34285,1,spatial,horse,64,0.775621,1,5,59,0,9,1,1,1,1,0.8,0.65,0.000992
54472,34389,1,spatial,sheep,64,0.913175,1,16,48,0,6,1,1,1,0,1.0,0.666667,0.001488
54473,34389,1,spatial,sheep,64,0.913175,1,16,48,0,6,1,1,1,0,1.0,0.666667,0.001488
55835,34389,1,spatial,sheep,64,0.789062,1,6,58,0,16,1,1,1,1,1.0,0.666667,0.001488
55836,34389,1,spatial,sheep,64,0.789062,1,6,58,0,16,1,1,1,1,1.0,0.666667,0.001488
45250,35964,2,spatial,person,64,0.870327,1,3,61,0,14,1,1,1,1,0.941176,0.882353,0.001984
45251,35964,2,spatial,person,64,0.870327,1,3,61,0,14,1,1,1,1,0.941176,0.882353,0.001984
103845,35964,2,spatial,person,64,0.800257,1,5,59,0,12,1,1,1,1,0.941176,0.882353,0.001984
103846,35964,2,simple,person,64,0.800257,1,5,59,0,12,1,1,1,1,0.941176,0.882353,0.001984
70727,35964,2,spatial,person,64,0.797704,1,7,57,0,10,1,1,1,1,0.941176,0.882353,0.001984
70728,35964,2,spatial,person,64,0.797704,1,7,57,0,10,1,1,1,1,0.941176,0.882353,0.001984
6931,36318,1,simple,cup,64,0.964249,1,5,59,0,9,1,1,1,1,1.0,0.888889,0.000992
6932,36318,1,simple,cup,64,0.964249,1,5,59,0,9,1,1,1,1,1.0,0.888889,0.000992
95923,36318,1,spatial,pizza,64,0.841284,1,10,54,0,4,1,1,1,0,1.0,0.888889,0.000992
95924,36318,1,simple,pizza,64,0.841284,1,10,54,0,4,1,1,1,0,1.0,0.888889,0.000992
27188,36658,2,spatial,person,64,0.816031,1,9,55,0,7,1,1,1,0,0.75,0.75,0.001984
27189,36658,2,spatial,person,64,0.816031,1,9,55,0,7,1,1,1,0,0.75,0.75,0.001984
2582,36658,2,spatial,person,64,0.856674,1,7,57,0,9,1,1,1,1,0.75,0.75,0.001984
2583,36658,2,spatial,person,64,0.856674,1,7,57,0,9,1,1,1,1,0.75,0.75,0.001984
51177,37012,1,spatial,truck,64,0.87428,1,7,57,0,3,1,1,0,0,0.833333,0.833333,0.003968
51178,37012,1,spatial,truck,64,0.87428,1,7,57,0,3,1,1,0,0,0.833333,0.833333,0.003968
102371,37012,1,spatial,person,64,0.947891,1,4,60,0,21,1,1,1,1,0.833333,0.833333,0.003968
102372,37012,1,spatial,person,64,0.947891,1,4,60,0,21,1,1,1,1,0.833333,0.833333,0.003968
1345,37682,1,spatial,surfboard,64,0.887717,1,1,63,49,1,1,1,0,0,0.857143,0.714286,0.000496
1346,37682,1,spatial,surfboard,64,0.887717,1,1,63,49,1,1,1,0,0,0.857143,0.714286,0.000496
28467,37682,1,spatial,person,64,0.880671,1,4,60,49,18,1,1,1,1,0.857143,0.714286,0.000496
28468,37682,1,spatial,person,64,0.880671,1,4,60,49,18,1,1,1,1,0.857143,0.714286,0.000496
59018,37779,1,spatial,motorcycle,64,0.289933,0,0,64,0,0,0,0,0,0,0.875,0.75,0.001984
59019,37779,1,spatial,motorcycle,64,0.289933,0,0,64,0,0,0,0,0,0,0.875,0.75,0.001984
85712,37863,1,spatial,umbrella,64,0.705952,1,1,63,0,4,1,1,1,0,0.642857,0.5,0.002976
85713,37863,1,spatial,umbrella,64,0.705952,1,1,63,0,4,1,1,1,0,0.642857,0.5,0.002976
7856,38046,2,spatial,bowl,64,0.837807,1,3,61,0,10,1,1,1,1,0.666667,0.444444,0.000992
7857,38046,2,spatial,bowl,64,0.837807,1,3,61,0,10,1,1,1,1,0.666667,0.444444,0.000992
5896,38046,2,spatial,bowl,64,0.707293,1,5,59,0,9,1,1,1,1,0.666667,0.444444,0.000992
5897,38046,2,spatial,bowl,64,0.707293,1,5,59,0,9,1,1,1,1,0.666667,0.444444,0.000992
38041,38046,2,spatial,carrot,64,0.768847,1,3,61,0,5,1,1,1,0,0.666667,0.444444,0.000992
38042,38046,2,spatial,carrot,64,0.768847,1,3,61,0,5,1,1,1,0,0.666667,0.444444,0.000992
66511,38046,2,spatial,bowl,64,0.884392,1,6,58,0,7,1,1,1,0,0.666667,0.444444,0.000992
66512,38046,2,spatial,bowl,64,0.884392,1,6,58,0,7,1,1,1,0,0.666667,0.444444,0.000992
33932,38365,2,spatial,sheep,64,0.768835,1,15,49,0,9,1,1,1,1,1.0,1.0,0.0
33933,38365,2,attribute,sheep,64,0.768835,1,15,49,0,9,1,1,1,1,1.0,1.0,0.0
34185,38558,2,attribute,bus,64,0.825167,1,4,60,0,2,1,1,0,0,0.642857,0.607143,0.00248
34186,38558,2,spatial,bus,64,0.825167,1,4,60,0,2,1,1,0,0,0.642857,0.607143,0.00248
73337,39155,1,spatial,cow,64,0.878541,1,3,61,0,5,1,1,1,0,1.0,1.0,0.00248
73338,39155,1,spatial,cow,64,0.878541,1,3,61,0,5,1,1,1,0,1.0,1.0,0.00248
61825,39395,2,spatial,zebra,64,0.873623,1,12,52,0,5,1,1,1,0,1.0,1.0,0.000992
61826,39395,2,spatial,zebra,64,0.873623,1,12,52,0,5,1,1,1,0,1.0,1.0,0.000992
60529,39395,2,spatial,zebra,64,0.793277,1,7,57,0,10,1,1,1,1,1.0,1.0,0.000992
60530,39395,2,spatial,zebra,64,0.793277,1,7,57,0,10,1,1,1,1,1.0,1.0,0.000992
22765,40855,1,spatial,person,64,0.766192,1,1,63,0,10,1,1,1,1,1.0,0.833333,0.001488
22766,40855,1,spatial,person,64,0.766192,1,1,63,0,10,1,1,1,1,1.0,0.833333,0.001488
42063,41340,1,spatial,person,64,0.740238,1,5,59,0,8,1,1,1,0,1.0,1.0,0.0
42064,41340,1,spatial,person,64,0.740238,1,5,59,0,8,1,1,1,0,1.0,1.0,0.0
17248,41459,1,attribute,person,64,0.705023,1,6,58,0,11,1,1,1,1,0.789474,0.684211,0.000496
17249,41459,1,spatial,person,64,0.705023,1,6,58,0,11,1,1,1,1,0.789474,0.684211,0.000496
31499,41459,1,spatial,bicycle,64,0.629049,1,3,61,0,16,1,1,1,1,0.789474,0.684211,0.000496
31500,41459,1,attribute,bicycle,64,0.629049,1,3,61,0,16,1,1,1,1,0.789474,0.684211,0.000496
2101,41700,1,attribute,person,64,0.958811,1,5,59,0,2,1,1,0,0,1.0,0.875,0.00248
2102,41700,1,spatial,person,64,0.958811,1,5,59,0,2,1,1,0,0,1.0,0.875,0.00248
37,41700,1,spatial,person,64,0.957015,1,2,62,0,5,1,1,1,0,1.0,0.875,0.00248
38,41700,1,simple,person,64,0.957015,1,2,62,0,5,1,1,1,0,1.0,0.875,0.00248
71325,42081,2,spatial,donut,64,0.887628,1,4,60,0,4,1,1,1,0,0.8,0.8,0.000496
71326,42081,2,spatial,donut,64,0.887628,1,4,60,0,4,1,1,1,0,0.8,0.8,0.000496
22041,42081,2,spatial,donut,64,0.919009,1,4,60,0,4,1,1,1,0,0.8,0.8,0.000496
22042,42081,2,simple,donut,64,0.919009,1,4,60,0,4,1,1,1,0,0.8,0.8,0.000496
7088,42297,2,simple,person,64,0.849944,1,6,58,0,10,1,1,1,1,0.75,0.5,0.000496
7089,42297,2,attribute,person,64,0.849944,1,6,58,0,10,1,1,1,1,0.75,0.5,0.000496
72258,42297,2,spatial,person,64,0.75377,1,8,56,0,8,1,1,1,0,0.75,0.5,0.000496
72259,42297,2,simple,person,64,0.75377,1,8,56,0,8,1,1,1,0,0.75,0.5,0.000496
38240,42355,1,spatial,tv,64,0.909542,1,2,62,0,2,1,1,0,0,1.0,1.0,0.00496
38241,42355,1,spatial,tv,64,0.909542,1,2,62,0,2,1,1,0,0,1.0,1.0,0.00496
36150,42355,1,simple,tv,64,0.963633,1,2,62,0,2,1,1,0,0,1.0,1.0,0.00496
36151,42355,1,spatial,tv,64,0.963633,1,2,62,0,2,1,1,0,0,1.0,1.0,0.00496
19992,42463,2,spatial,person,64,0.828928,1,5,59,0,3,1,1,0,0,1.0,1.0,0.001984
19993,42463,2,spatial,person,64,0.828928,1,5,59,0,3,1,1,0,0,1.0,1.0,0.001984
18407,42463,2,spatial,person,64,0.88377,1,3,61,0,5,1,1,1,0,1.0,1.0,0.001984
18408,42463,2,spatial,person,64,0.88377,1,3,61,0,5,1,1,1,0,1.0,1.0,0.001984
27637,42529,1,spatial,car,64,0.85152,1,2,62,0,6,1,1,1,0,0.565217,0.478261,0.000496
27638,42529,1,spatial,car,64,0.85152,1,2,62,0,6,1,1,1,0,0.565217,0.478261,0.000496
56420,42614,1,simple,elephant,64,0.8508,1,15,49,0,17,1,1,1,1,1.0,1.0,0.003472
56421,42614,1,spatial,elephant,64,0.8508,1,15,49,0,17,1,1,1,1,1.0,1.0,0.003472
101359,43049,1,simple,cow,64,0.827251,1,14,50,0,14,1,1,1,1,1.0,1.0,0.000496
101360,43049,1,spatial,cow,64,0.827251,1,14,50,0,14,1,1,1,1,1.0,1.0,0.000496
90655,44600,1,spatial,skis,64,0.916353,1,7,57,0,6,1,1,1,0,0.733333,0.6,0.001488
70087,45475,1,attribute,motorcycle,64,0.860488,1,6,58,0,4,1,1,1,0,0.875,0.875,0.00248
70088,45475,1,spatial,motorcycle,64,0.860488,1,6,58,0,4,1,1,1,0,0.875,0.875,0.00248
44040,45475,1,spatial,person,64,0.771476,1,9,55,0,0,1,1,0,0,0.875,0.875,0.00248
44041,45475,1,attribute,person,64,0.771476,1,9,55,0,0,1,1,0,0,0.875,0.875,0.00248
65635,46118,1,spatial,car,64,0.873261,1,9,55,0,6,1,1,1,0,0.875,0.875,0.001488
65636,46118,1,spatial,car,64,0.873261,1,9,55,0,6,1,1,1,0,0.875,0.875,0.001488
4241,46454,1,simple,person,64,0.77748,1,8,56,0,5,1,1,1,0,1.0,1.0,0.000992
4242,46454,1,simple,person,64,0.77748,1,8,56,0,5,1,1,1,0,1.0,1.0,0.000992
43566,46612,1,simple,bear,64,0.947609,1,8,56,0,4,1,1,1,0,1.0,1.0,0.001488
43567,46612,1,spatial,bear,64,0.947609,1,8,56,0,4,1,1,1,0,1.0,1.0,0.001488
44940,46612,1,spatial,bear,64,0.846672,1,4,60,0,8,1,1,1,0,1.0,1.0,0.001488
44941,46612,1,spatial,bear,64,0.846672,1,4,60,0,8,1,1,1,0,1.0,1.0,0.001488
22662,46942,1,spatial,person,64,0.852656,1,11,53,0,5,1,1,1,0,1.0,1.0,0.000496
22663,46942,1,simple,person,64,0.852656,1,11,53,0,5,1,1,1,0,1.0,1.0,0.000496
94071,46997,2,spatial,sandwich,64,0.871431,1,5,59,0,8,1,1,1,0,1.0,0.75,0.000992
94072,46997,2,spatial,sandwich,64,0.871431,1,5,59,0,8,1,1,1,0,1.0,0.75,0.000992
47337,46997,2,spatial,sandwich,64,0.923595,1,3,61,0,10,1,1,1,1,1.0,0.75,0.000992
30399,46997,2,spatial,bowl,64,0.736792,1,2,62,0,7,1,1,1,0,1.0,0.75,0.000992
30400,46997,2,spatial,bowl,64,0.736792,1,2,62,0,7,1,1,1,0,1.0,0.75,0.000992
78476,46997,2,spatial,bowl,64,0.931587,1,6,58,0,3,1,1,0,0,1.0,0.75,0.000992
78477,46997,2,spatial,bowl,64,0.931587,1,6,58,0,3,1,1,0,0,1.0,0.75,0.000992
35557,47116,1,spatial,train,64,0.719587,1,8,56,0,5,1,1,1,0,1.0,1.0,0.000496
35558,47116,1,spatial,train,64,0.719587,1,8,56,0,5,1,1,1,0,1.0,1.0,0.000496
50477,47267,1,spatial,person,64,0.845061,1,13,51,0,4,1,1,1,0,1.0,0.75,0.000992
50478,47267,1,spatial,person,64,0.845061,1,13,51,0,4,1,1,1,0,1.0,0.75,0.000992
7279,47639,1,spatial,person,64,0.891219,1,7,57,0,0,1,1,0,0,0.8,0.6,0.001488
7280,47639,1,spatial,person,64,0.891219,1,7,57,0,0,1,1,0,0,0.8,0.6,0.001488
76413,47949,1,spatial,banana,64,0.805366,1,17,47,0,1,1,1,0,0,0.833333,0.666667,0.000496
76414,47949,1,attribute,banana,64,0.805366,1,17,47,0,1,1,1,0,0,0.833333,0.666667,0.000496
26347,47983,1,spatial,zebra,64,0.930103,1,2,62,0,25,1,1,1,1,1.0,1.0,0.001984
26348,47983,1,spatial,zebra,64,0.930103,1,2,62,0,25,1,1,1,1,1.0,1.0,0.001984
19560,48824,1,attribute,fire hydrant,64,0.914853,1,3,61,0,4,1,1,1,0,0.933333,0.866667,0.002976
19561,48824,1,attribute,fire hydrant,64,0.914853,1,3,61,0,4,1,1,1,0,0.933333,0.866667,0.002976
25848,48939,1,spatial,chair,64,0.758297,1,3,61,0,14,1,1,1,1,1.0,1.0,0.003472
25849,48939,1,spatial,chair,64,0.758297,1,3,61,0,14,1,1,1,1,1.0,1.0,0.003472
19607,49933,1,spatial,person,64,0.792291,1,7,57,0,10,1,1,1,1,1.0,1.0,0.000496
19608,49933,1,spatial,person,64,0.792291,1,7,57,0,10,1,1,1,1,1.0,1.0,0.000496
18282,50591,1,spatial,couch,64,0.854266,1,3,61,0,6,1,1,1,0,1.0,0.857143,0.000496
18283,50591,1,spatial,couch,64,0.854266,1,3,61,0,6,1,1,1,0,1.0,0.857143,0.000496
5632,50591,1,spatial,chair,64,0.843616,1,3,61,0,7,1,1,1,0,1.0,0.857143,0.000496
5633,50591,1,spatial,chair,64,0.843616,1,3,61,0,7,1,1,1,0,1.0,0.857143,0.000496
77904,50736,2,spatial,zebra,64,0.886043,1,16,48,0,17,1,1,1,1,1.0,1.0,0.00248
77905,50736,2,spatial,zebra,64,0.886043,1,16,48,0,17,1,1,1,1,1.0,1.0,0.00248
76619,50736,2,spatial,zebra,64,0.9252,1,17,47,0,16,1,1,1,1,1.0,1.0,0.00248
76620,50736,2,spatial,zebra,64,0.9252,1,17,47,0,16,1,1,1,1,1.0,1.0,0.00248
72111,50820,1,spatial,person,64,0.888491,1,12,52,0,5,1,1,1,0,1.0,0.666667,0.00248
72112,50820,1,spatial,person,64,0.888491,1,12,52,0,5,1,1,1,0,1.0,0.666667,0.00248
61933,51278,1,spatial,truck,64,0.861815,1,12,52,0,13,1,1,1,1,1.0,1.0,0.00248
61934,51278,1,spatial,truck,64,0.861815,1,12,52,0,13,1,1,1,1,1.0,1.0,0.00248
29536,51793,1,simple,person,64,0.880073,1,3,61,0,5,1,1,1,0,1.0,0.5,0.001488
29537,51793,1,simple,person,64,0.880073,1,3,61,0,5,1,1,1,0,1.0,0.5,0.001488
41754,51793,1,attribute,surfboard,64,0.664096,1,5,59,0,4,1,1,1,0,1.0,0.5,0.001488
41755,51793,1,simple,surfboard,64,0.664096,1,5,59,0,4,1,1,1,0,1.0,0.5,0.001488
22718,52090,1,spatial,skateboard,64,0.800151,1,1,63,0,0,1,1,0,0,0.909091,0.818182,0.001984
22719,52090,1,spatial,skateboard,64,0.800151,1,1,63,0,0,1,1,0,0,0.909091,0.818182,0.001984
43422,52179,1,simple,person,64,0.724292,1,5,59,0,4,1,1,1,0,0.708333,0.583333,0.00248
43423,52179,1,spatial,person,64,0.724292,1,5,59,0,4,1,1,1,0,0.708333,0.583333,0.00248
57763,52179,1,simple,pizza,64,0.921885,1,2,62,0,2,1,1,0,0,0.708333,0.583333,0.00248
57764,52179,1,simple,pizza,64,0.921885,1,2,62,0,2,1,1,0,0,0.708333,0.583333,0.00248
72358,52192,1,spatial,umbrella,64,0.795263,1,5,59,0,4,1,1,1,0,1.0,0.888889,0.002976
72359,52192,1,spatial,umbrella,64,0.795263,1,5,59,0,4,1,1,1,0,1.0,0.888889,0.002976
7153,52192,1,spatial,person,64,0.785796,1,5,59,0,7,1,1,1,0,1.0,0.888889,0.002976
7154,52192,1,spatial,person,64,0.785796,1,5,59,0,7,1,1,1,0,1.0,0.888889,0.002976
87691,52902,1,simple,person,64,0.850505,1,7,57,0,8,1,1,1,0,1.0,1.0,0.000496
87692,52902,1,spatial,person,64,0.850505,1,7,57,0,8,1,1,1,0,1.0,1.0,0.000496
2949,53150,1,spatial,car,64,0.766437,1,7,57,0,10,1,1,1,1,0.833333,0.833333,0.000496
2950,53150,1,spatial,car,64,0.766437,1,7,57,0,10,1,1,1,1,0.833333,0.833333,0.000496
52254,53150,1,spatial,person,64,0.802701,1,2,62,0,0,1,1,0,0,0.833333,0.833333,0.000496
52255,53150,1,spatial,person,64,0.802701,1,2,62,0,0,1,1,0,0,0.833333,0.833333,0.000496
8825,53294,1,spatial,bicycle,64,0.842421,1,4,60,0,0,1,1,0,0,0.909091,0.545455,0.000992
8826,53294,1,spatial,bicycle,64,0.842421,1,4,60,0,0,1,1,0,0,0.909091,0.545455,0.000992
64088,53294,1,spatial,motorcycle,64,0.828481,1,6,58,0,5,1,1,1,0,0.909091,0.545455,0.000992
64089,53294,1,spatial,motorcycle,64,0.828481,1,6,58,0,5,1,1,1,0,0.909091,0.545455,0.000992
58119,53632,1,spatial,person,64,0.778535,1,5,59,0,4,1,1,1,0,1.0,0.666667,0.000496
58120,53632,1,spatial,person,64,0.778535,1,5,59,0,4,1,1,1,0,1.0,0.666667,0.000496
77436,53702,1,spatial,person,64,0.830031,1,7,57,0,6,1,1,1,0,1.0,0.857143,0.001488
77437,53702,1,spatial,person,64,0.830031,1,7,57,0,6,1,1,1,0,1.0,0.857143,0.001488
63566,54083,1,spatial,potted plant,64,0.914953,1,2,62,0,1,1,1,0,0,0.857143,0.642857,0.0
63567,54083,1,spatial,potted plant,64,0.914953,1,2,62,0,1,1,1,0,0,0.857143,0.642857,0.0
67273,54632,1,spatial,cat,64,0.878555,1,11,53,0,6,1,1,1,0,1.0,1.0,0.001488
67274,54632,1,spatial,cat,64,0.878555,1,11,53,0,6,1,1,1,0,1.0,1.0,0.001488
71488,54743,1,spatial,chair,64,0.880816,1,8,56,0,9,1,1,1,1,1.0,1.0,0.001984
71489,54743,1,simple,chair,64,0.880816,1,8,56,0,9,1,1,1,1,1.0,1.0,0.001984
70116,54743,1,spatial,chair,64,0.782753,1,9,55,0,8,1,1,1,0,1.0,1.0,0.001984
70117,54743,1,spatial,chair,64,0.782753,1,9,55,0,8,1,1,1,0,1.0,1.0,0.001984
79231,54957,1,spatial,person,64,0.65418,1,6,58,0,3,1,1,0,0,0.8,0.666667,0.000992
23946,55402,1,spatial,giraffe,64,0.89236,1,8,56,0,19,1,1,1,1,1.0,0.5,0.001488
23947,55402,1,simple,giraffe,64,0.89236,1,8,56,0,19,1,1,1,1,1.0,0.5,0.001488
16120,55571,1,spatial,zebra,64,0.737425,1,13,51,0,6,1,1,1,0,1.0,1.0,0.000496
16121,55571,1,spatial,zebra,64,0.737425,1,13,51,0,6,1,1,1,0,1.0,1.0,0.000496
10855,55571,1,spatial,zebra,64,0.817188,1,6,58,0,13,1,1,1,1,1.0,1.0,0.000496
10856,55571,1,spatial,zebra,64,0.817188,1,6,58,0,13,1,1,1,1,1.0,1.0,0.000496
48566,56480,1,spatial,knife,64,0.753497,1,2,62,0,3,1,1,0,0,1.0,1.0,0.0
48567,56480,1,attribute,knife,64,0.753497,1,2,62,0,3,1,1,0,0,1.0,1.0,0.0
73486,57242,2,spatial,bed,64,0.582964,1,1,63,0,8,1,1,1,0,0.8,0.6,0.0
71676,57242,2,spatial,bed,64,0.764339,1,8,56,0,1,1,1,0,0,0.8,0.6,0.0
71677,57242,2,spatial,bed,64,0.764339,1,8,56,0,1,1,1,0,0,0.8,0.6,0.0
81669,58531,1,spatial,person,64,0.7241,1,5,59,0,4,1,1,1,0,1.0,1.0,0.000496
81670,58531,1,spatial,person,64,0.7241,1,5,59,0,4,1,1,1,0,1.0,1.0,0.000496
20478,58531,1,spatial,person,64,0.901853,1,4,60,0,5,1,1,1,0,1.0,1.0,0.000496
20479,58531,1,spatial,person,64,0.901853,1,4,60,0,5,1,1,1,0,1.0,1.0,0.000496
50926,58677,2,spatial,bottle,64,0.838573,1,5,59,0,16,1,1,1,1,1.0,1.0,0.001488
50927,58677,2,spatial,bottle,64,0.838573,1,5,59,0,16,1,1,1,1,1.0,1.0,0.001488
55817,58677,2,spatial,bottle,64,0.805283,1,9,55,0,12,1,1,1,1,1.0,1.0,0.001488
55818,58677,2,spatial,bottle,64,0.805283,1,9,55,0,12,1,1,1,1,1.0,1.0,0.001488
5799,58753,1,spatial,tv,64,0.88594,1,1,63,0,2,1,1,0,0,1.0,1.0,0.000992
5800,58753,1,spatial,tv,64,0.88594,1,1,63,0,2,1,1,0,0,1.0,1.0,0.000992
8392,59034,1,spatial,bench,64,0.631233,1,3,61,0,8,1,1,1,0,0.857143,0.571429,0.000496
8393,59034,1,spatial,bench,64,0.631233,1,3,61,0,8,1,1,1,0,0.857143,0.571429,0.000496
66946,59034,1,spatial,bench,64,0.829769,1,10,54,0,3,1,1,0,0,0.857143,0.571429,0.000496
66947,59034,1,spatial,bench,64,0.829769,1,10,54,0,3,1,1,0,0,0.857143,0.571429,0.000496
56338,59817,1,spatial,parking meter,64,0.835877,1,6,58,0,2,1,1,0,0,1.0,1.0,0.000496
56339,59817,1,simple,parking meter,64,0.835877,1,6,58,0,2,1,1,0,0,1.0,1.0,0.000496
54953,59817,1,simple,parking meter,64,0.851231,1,2,62,0,6,1,1,1,0,1.0,1.0,0.000496
54954,59817,1,spatial,parking meter,64,0.851231,1,2,62,0,6,1,1,1,0,1.0,1.0,0.000496
67916,60624,2,simple,person,64,0.812144,1,6,58,0,11,1,1,1,1,1.0,0.75,0.000992
67917,60624,2,simple,person,64,0.812144,1,6,58,0,11,1,1,1,1,1.0,0.75,0.000992
58310,60624,2,spatial,person,64,0.886192,1,11,53,0,6,1,1,1,0,1.0,0.75,0.000992
58311,60624,2,spatial,person,64,0.886192,1,11,53,0,6,1,1,1,0,1.0,0.75,0.000992
87868,60720,1,spatial,person,64,0.915792,1,2,62,0,1,1,1,0,0,1.0,1.0,0.000496
87869,60720,1,spatial,person,64,0.915792,1,2,62,0,1,1,1,0,0,1.0,1.0,0.000496
69753,61395,1,spatial,zebra,64,0.892137,1,11,53,0,28,1,1,1,1,1.0,1.0,0.001488
69754,61395,1,spatial,zebra,64,0.892137,1,11,53,0,28,1,1,1,1,1.0,1.0,0.001488
37758,61803,1,spatial,person,64,0.798593,1,11,53,0,11,1,1,1,1,1.0,1.0,0.000496
37759,61803,1,spatial,person,64,0.798593,1,11,53,0,11,1,1,1,1,1.0,1.0,0.000496
37961,61819,1,spatial,truck,64,0.821343,1,1,63,0,1,1,1,0,0,0.875,0.5625,0.000496
37962,61819,1,spatial,truck,64,0.821343,1,1,63,0,1,1,1,0,0,0.875,0.5625,0.000496
82894,62245,1,simple,person,64,0.872561,1,3,61,0,9,1,1,1,1,1.0,1.0,0.001488
82895,62245,1,attribute,person,64,0.872561,1,3,61,0,9,1,1,1,1,1.0,1.0,0.001488
54417,62690,1,spatial,person,64,0.85905,1,4,60,0,6,1,1,1,0,1.0,0.666667,0.001488
54418,62690,1,spatial,person,64,0.85905,1,4,60,0,6,1,1,1,0,1.0,0.666667,0.001488
52888,62690,1,spatial,person,64,0.752603,1,6,58,0,4,1,1,1,0,1.0,0.666667,0.001488
52889,62690,1,spatial,person,64,0.752603,1,6,58,0,4,1,1,1,0,1.0,0.666667,0.001488
54196,63182,2,spatial,sheep,64,0.861744,1,13,51,0,14,1,1,1,1,1.0,1.0,0.001984
54197,63182,2,spatial,sheep,64,0.861744,1,13,51,0,14,1,1,1,1,1.0,1.0,0.001984
4179,63182,2,attribute,sheep,64,0.813436,1,14,50,0,13,1,1,1,1,1.0,1.0,0.001984
4180,63182,2,spatial,sheep,64,0.813436,1,14,50,0,13,1,1,1,1,1.0,1.0,0.001984
45087,63587,1,spatial,giraffe,64,0.825646,1,9,55,0,12,1,1,1,1,1.0,1.0,0.000992
45088,63587,1,spatial,giraffe,64,0.825646,1,9,55,0,12,1,1,1,1,1.0,1.0,0.000992
104200,63587,1,simple,giraffe,64,0.859296,1,11,53,0,10,1,1,1,1,1.0,1.0,0.000992
104201,63587,1,spatial,giraffe,64,0.859296,1,11,53,0,10,1,1,1,1,1.0,1.0,0.000992
57913,63587,1,spatial,giraffe,64,0.736715,1,9,55,0,12,1,1,1,1,1.0,1.0,0.000992
57914,63587,1,spatial,giraffe,64,0.736715,1,9,55,0,12,1,1,1,1,1.0,1.0,0.000992
21251,64507,1,attribute,chair,64,0.77616,1,6,58,0,0,1,1,0,0,1.0,1.0,0.003968
21252,64507,1,spatial,chair,64,0.77616,1,6,58,0,0,1,1,0,0,1.0,1.0,0.003968
66585,65457,1,spatial,sink,64,0.71357,1,10,54,0,2,1,1,0,0,0.833333,0.666667,0.001984
66586,65457,1,spatial,sink,64,0.71357,1,10,54,0,2,1,1,0,0,0.833333,0.666667,0.001984
67997,65457,1,spatial,sink,64,0.692986,1,6,58,0,6,1,1,1,0,0.833333,0.666667,0.001984
68012,65685,1,spatial,vase,64,0.663914,1,1,63,0,0,1,1,0,0,0.692308,0.538462,0.001984
68013,65685,1,spatial,vase,64,0.663914,1,1,63,0,0,1,1,0,0,0.692308,0.538462,0.001984
60916,65855,1,spatial,potted plant,64,0.729541,1,5,59,0,7,1,1,1,0,0.909091,0.818182,0.001488
60917,65855,1,spatial,potted plant,64,0.729541,1,5,59,0,7,1,1,1,0,0.909091,0.818182,0.001488
71284,65962,1,simple,bus,64,0.789728,1,4,60,4,1,1,1,0,0,0.882353,0.764706,0.0
71285,65962,1,simple,bus,64,0.789728,1,4,60,4,1,1,1,0,0,0.882353,0.764706,0.0
85457,66443,1,spatial,person,64,0.909012,1,8,56,0,6,1,1,1,0,1.0,1.0,0.000496
85458,66443,1,spatial,person,64,0.909012,1,8,56,0,6,1,1,1,0,1.0,1.0,0.000496
82500,67807,1,attribute,horse,64,0.802446,1,4,60,0,8,1,1,1,0,1.0,1.0,0.000992
82501,67807,1,spatial,horse,64,0.802446,1,4,60,0,8,1,1,1,0,1.0,1.0,0.000992
65919,69480,1,spatial,cow,64,0.800883,1,12,52,0,16,1,1,1,1,1.0,1.0,0.002976
65920,69480,1,spatial,cow,64,0.800883,1,12,52,0,16,1,1,1,1,1.0,1.0,0.002976
33627,70059,1,spatial,person,64,0.834915,1,11,53,0,3,1,1,0,0,1.0,0.8,0.000496
33628,70059,1,simple,person,64,0.834915,1,11,53,0,3,1,1,0,0,1.0,0.8,0.000496
56856,71232,1,attribute,person,64,0.81737,1,5,59,0,11,1,1,1,1,1.0,0.857143,0.002976
56857,71232,1,spatial,person,64,0.81737,1,5,59,0,11,1,1,1,1,1.0,0.857143,0.002976
55054,71232,1,spatial,person,64,0.820968,1,3,61,0,13,1,1,1,1,1.0,0.857143,0.002976
55055,71232,1,spatial,person,64,0.820968,1,3,61,0,13,1,1,1,1,1.0,0.857143,0.002976
69043,71558,1,spatial,sheep,64,0.863298,1,5,59,10,12,1,1,1,1,1.0,1.0,0.000992
69044,71558,1,spatial,sheep,64,0.863298,1,5,59,10,12,1,1,1,1,1.0,1.0,0.000992
43199,72454,1,spatial,person,64,0.983,1,2,62,0,11,1,1,1,1,1.0,0.857143,0.001488
43200,72454,1,spatial,person,64,0.983,1,2,62,0,11,1,1,1,1,1.0,0.857143,0.001488
90740,72454,1,spatial,person,64,0.870693,1,8,56,0,5,1,1,1,0,1.0,0.857143,0.001488
90741,72454,1,spatial,person,64,0.870693,1,8,56,0,5,1,1,1,0,1.0,0.857143,0.001488
58642,72454,1,spatial,skis,64,0.661486,1,5,59,0,5,1,1,1,0,1.0,0.857143,0.001488
58643,72454,1,spatial,skis,64,0.661486,1,5,59,0,5,1,1,1,0,1.0,0.857143,0.001488
83418,72701,2,spatial,sandwich,64,0.884164,1,10,54,0,6,1,1,1,0,1.0,0.75,0.001488
83419,72701,2,spatial,sandwich,64,0.884164,1,10,54,0,6,1,1,1,0,1.0,0.75,0.001488
82222,72701,2,spatial,sandwich,64,0.861467,1,6,58,0,10,1,1,1,1,1.0,0.75,0.001488
84609,72987,1,spatial,person,64,0.856645,1,1,63,8,4,1,1,1,0,0.772727,0.5,0.0
84610,72987,1,spatial,person,64,0.856645,1,1,63,8,4,1,1,1,0,0.772727,0.5,0.0
26892,73146,1,spatial,train,64,0.819938,1,3,61,16,3,1,1,0,0,1.0,1.0,0.000992
26893,73146,1,spatial,train,64,0.819938,1,3,61,16,3,1,1,0,0,1.0,1.0,0.000992
13782,73694,1,spatial,person,64,0.798709,1,10,54,0,11,1,1,1,1,1.0,1.0,0.001488
13783,73694,1,spatial,person,64,0.798709,1,10,54,0,11,1,1,1,1,1.0,1.0,0.001488
739,73694,1,spatial,skateboard,64,0.851931,1,5,59,0,3,1,1,0,0,1.0,1.0,0.001488
740,73694,1,spatial,skateboard,64,0.851931,1,5,59,0,3,1,1,0,0,1.0,1.0,0.001488
63,74060,1,simple,giraffe,64,0.832821,1,15,49,0,9,1,1,1,1,1.0,1.0,0.00248
64,74060,1,simple,giraffe,64,0.832821,1,15,49,0,9,1,1,1,1,1.0,1.0,0.00248
86103,74176,1,spatial,person,64,0.776475,1,13,51,0,9,1,1,1,1,1.0,1.0,0.004464
86104,74176,1,spatial,person,64,0.776475,1,13,51,0,9,1,1,1,1,1.0,1.0,0.004464
34000,74179,1,attribute,truck,64,0.815755,1,7,57,0,3,1,1,0,0,1.0,1.0,0.000992
34001,74179,1,spatial,truck,64,0.815755,1,7,57,0,3,1,1,0,0,1.0,1.0,0.000992
73946,74179,1,spatial,truck,64,0.89273,1,3,61,0,7,1,1,1,0,1.0,1.0,0.000992
73947,74179,1,attribute,truck,64,0.89273,1,3,61,0,7,1,1,1,0,1.0,1.0,0.000992
93432,74409,1,simple,book,64,0.674327,1,1,63,0,6,1,1,1,0,1.0,0.555556,0.001488
30423,74461,1,attribute,bench,64,0.924581,1,6,58,0,4,1,1,1,0,0.714286,0.571429,0.000992
30424,74461,1,spatial,bench,64,0.924581,1,6,58,0,4,1,1,1,0,0.714286,0.571429,0.000992
43807,75697,1,spatial,chair,64,0.633649,1,1,63,0,6,1,1,1,0,1.0,0.5,0.001488
24878,75697,1,simple,chair,64,0.787941,1,7,57,0,0,1,1,0,0,1.0,0.5,0.001488
24879,75697,1,spatial,chair,64,0.787941,1,7,57,0,0,1,1,0,0,1.0,0.5,0.001488
59457,75982,1,spatial,person,64,0.731556,1,4,60,0,7,1,1,1,0,1.0,0.833333,0.001984
59458,75982,1,spatial,person,64,0.731556,1,4,60,0,7,1,1,1,0,1.0,0.833333,0.001984
41425,76740,2,spatial,person,64,0.813692,1,11,53,0,14,1,1,1,1,1.0,1.0,0.003472
87913,76740,2,spatial,person,64,0.842288,1,10,54,0,15,1,1,1,1,1.0,1.0,0.003472
87914,76740,2,spatial,person,64,0.842288,1,10,54,0,15,1,1,1,1,1.0,1.0,0.003472
86450,76740,2,spatial,bicycle,64,0.803949,1,4,60,0,3,1,1,0,0,1.0,1.0,0.003472
86451,76740,2,spatial,bicycle,64,0.803949,1,4,60,0,3,1,1,0,0,1.0,1.0,0.003472
43495,77067,1,simple,truck,64,0.797185,1,1,63,0,3,1,1,0,0,0.833333,0.833333,0.0
43496,77067,1,spatial,truck,64,0.797185,1,1,63,0,3,1,1,0,0,0.833333,0.833333,0.0
74558,77408,1,spatial,cow,64,0.839572,1,15,49,0,10,1,1,1,1,1.0,1.0,0.000992
74559,77408,1,simple,cow,64,0.839572,1,15,49,0,10,1,1,1,1,1.0,1.0,0.000992
104087,77504,1,spatial,airplane,64,0.695466,1,8,56,0,2,1,1,0,0,0.888889,0.555556,0.000496
104088,77504,1,simple,airplane,64,0.695466,1,8,56,0,2,1,1,0,0,0.888889,0.555556,0.000496
23174,78583,2,spatial,person,64,0.821849,1,11,53,0,20,1,1,1,1,1.0,0.875,0.000496
23175,78583,2,spatial,person,64,0.821849,1,11,53,0,20,1,1,1,1,1.0,0.875,0.000496
21774,78583,2,spatial,person,64,0.7396,1,6,58,0,25,1,1,1,1,1.0,0.875,0.000496
21775,78583,2,spatial,person,64,0.7396,1,6,58,0,25,1,1,1,1,1.0,0.875,0.000496
79792,78583,2,spatial,person,64,0.762172,1,8,56,0,23,1,1,1,1,1.0,0.875,0.000496
78606,78583,2,spatial,person,64,0.678959,1,6,58,0,25,1,1,1,1,1.0,0.875,0.000496
78607,78583,2,spatial,person,64,0.678959,1,6,58,0,25,1,1,1,1,1.0,0.875,0.000496
20469,78590,1,spatial,wine glass,64,0.852468,1,6,58,0,8,1,1,1,0,1.0,0.833333,0.000496
20470,78590,1,spatial,wine glass,64,0.852468,1,6,58,0,8,1,1,1,0,1.0,0.833333,0.000496
18477,78590,1,spatial,wine glass,64,0.915664,1,4,60,0,10,1,1,1,1,1.0,0.833333,0.000496
18478,78590,1,spatial,wine glass,64,0.915664,1,4,60,0,10,1,1,1,1,1.0,0.833333,0.000496
70283,79893,1,spatial,person,64,0.830889,1,6,58,0,13,1,1,1,1,1.0,0.857143,0.000992
70284,79893,1,spatial,person,64,0.830889,1,6,58,0,13,1,1,1,1,1.0,0.857143,0.000992
84002,80168,1,spatial,chair,64,0.876751,1,1,63,0,0,1,1,0,0,0.818182,0.727273,0.000992
84003,80168,1,spatial,chair,64,0.876751,1,1,63,0,0,1,1,0,0,0.818182,0.727273,0.000992
55911,80168,1,spatial,chair,64,0.119116,0,0,64,0,0,0,0,0,0,0.818182,0.727273,0.000992
55912,80168,1,spatial,chair,64,0.119116,0,0,64,0,0,0,0,0,0,0.818182,0.727273,0.000992
40199,80480,1,spatial,person,64,0.808395,1,5,59,10,4,1,1,1,0,1.0,1.0,0.0
40200,80480,1,attribute,person,64,0.808395,1,5,59,10,4,1,1,1,0,1.0,1.0,0.0
1080,80480,1,simple,person,64,0.942086,1,4,60,10,5,1,1,1,0,1.0,1.0,0.0
1081,80480,1,spatial,person,64,0.942086,1,4,60,10,5,1,1,1,0,1.0,1.0,0.0
77673,80481,1,simple,person,64,0.783336,1,10,54,0,5,1,1,1,0,1.0,1.0,0.000992
77674,80481,1,simple,person,64,0.783336,1,10,54,0,5,1,1,1,0,1.0,1.0,0.000992
85903,80864,1,spatial,person,64,0.775091,1,10,54,0,5,1,1,1,0,1.0,1.0,0.001984
85904,80864,1,spatial,person,64,0.775091,1,10,54,0,5,1,1,1,0,1.0,1.0,0.001984
17906,82039,1,spatial,snowboard,64,0.63434,1,3,61,6,2,1,1,0,0,1.0,0.875,0.0
17907,82039,1,spatial,snowboard,64,0.63434,1,3,61,6,2,1,1,0,0,1.0,0.875,0.0
512,82729,1,spatial,bowl,64,0.769429,1,1,63,0,1,1,1,0,0,0.888889,0.888889,0.001984
513,82729,1,spatial,bowl,64,0.769429,1,1,63,0,1,1,1,0,0,0.888889,0.888889,0.001984
87227,83407,1,attribute,stop sign,64,0.90942,1,1,63,0,2,1,1,0,0,1.0,0.875,0.000992
87228,83407,1,attribute,stop sign,64,0.90942,1,1,63,0,2,1,1,0,0,1.0,0.875,0.000992
29966,83487,1,spatial,horse,64,0.841781,1,6,58,0,7,1,1,1,0,1.0,1.0,0.001488
29967,83487,1,spatial,horse,64,0.841781,1,6,58,0,7,1,1,1,0,1.0,1.0,0.001488
70582,84615,1,spatial,horse,64,0.79053,1,7,57,0,2,1,1,0,0,1.0,1.0,0.000496
70583,84615,1,simple,horse,64,0.79053,1,7,57,0,2,1,1,0,0,1.0,1.0,0.000496
70584,84615,1,simple,horse,64,0.79053,1,7,57,0,2,1,1,0,0,1.0,1.0,0.000496
93071,84744,1,spatial,sheep,64,0.895968,1,13,51,0,7,1,1,1,0,1.0,1.0,0.0
93072,84744,1,simple,sheep,64,0.895968,1,13,51,0,7,1,1,1,0,1.0,1.0,0.0
103765,84821,1,attribute,car,64,0.899794,1,7,57,0,9,1,1,1,1,1.0,1.0,0.001984
103766,84821,1,spatial,car,64,0.899794,1,7,57,0,9,1,1,1,1,1.0,1.0,0.001984
80923,85028,1,spatial,person,64,0.929391,1,7,57,0,7,1,1,1,0,1.0,1.0,0.001488
80924,85028,1,simple,person,64,0.929391,1,7,57,0,7,1,1,1,0,1.0,1.0,0.001488
82200,85028,1,spatial,person,64,0.920962,1,4,60,0,10,1,1,1,1,1.0,1.0,0.001488
18041,85759,1,simple,person,64,0.839493,1,16,48,0,4,1,1,1,0,1.0,1.0,0.0
18042,85759,1,spatial,person,64,0.839493,1,16,48,0,4,1,1,1,0,1.0,1.0,0.0
96365,87813,1,spatial,chair,64,0.792719,1,3,61,0,2,1,1,0,0,1.0,1.0,0.000496
96366,87813,1,spatial,chair,64,0.792719,1,3,61,0,2,1,1,0,0,1.0,1.0,0.000496
55517,89052,1,spatial,cup,64,0.591574,1,1,63,0,5,1,1,1,0,0.772727,0.454545,0.0
55518,89052,1,spatial,cup,64,0.591574,1,1,63,0,5,1,1,1,0,0.772727,0.454545,0.0
79900,89052,1,spatial,cup,64,0.905782,1,3,61,0,3,1,1,0,0,0.772727,0.454545,0.0
79901,89052,1,spatial,cup,64,0.905782,1,3,61,0,3,1,1,0,0,0.772727,0.454545,0.0
83606,89052,1,spatial,fork,64,0.707697,1,3,61,0,0,1,1,0,0,0.772727,0.454545,0.0
83607,89052,1,spatial,fork,64,0.707697,1,3,61,0,0,1,1,0,0,0.772727,0.454545,0.0
29835,89052,1,spatial,chair,64,0.447508,0,0,64,0,0,0,0,0,0,0.772727,0.454545,0.0
6267,89754,1,attribute,truck,64,0.885813,1,2,62,1,1,1,1,0,0,0.7,0.4,0.0
6268,89754,1,attribute,truck,64,0.885813,1,2,62,1,1,1,1,0,0,0.7,0.4,0.0
58886,90751,1,attribute,bus,64,0.818037,1,8,56,0,6,1,1,1,0,0.833333,0.833333,0.002976
58887,90751,1,attribute,bus,64,0.818037,1,8,56,0,6,1,1,1,0,0.833333,0.833333,0.002976
95146,91123,1,spatial,person,64,0.913134,1,1,63,0,12,1,1,1,1,1.0,0.777778,0.001984
95147,91123,1,spatial,person,64,0.913134,1,1,63,0,12,1,1,1,1,1.0,0.777778,0.001984
70265,91917,1,attribute,motorcycle,64,0.85227,1,7,57,0,6,1,1,1,0,0.888889,0.888889,0.002976
70266,91917,1,simple,motorcycle,64,0.85227,1,7,57,0,6,1,1,1,0,0.888889,0.888889,0.002976
17668,91917,1,spatial,person,64,0.765228,1,4,60,0,17,1,1,1,1,0.888889,0.888889,0.002976
17669,91917,1,spatial,person,64,0.765228,1,4,60,0,17,1,1,1,1,0.888889,0.888889,0.002976
4078,92197,1,simple,person,64,0.797806,1,12,52,0,7,1,1,1,0,0.833333,0.833333,0.000992
4079,92197,1,spatial,person,64,0.797806,1,12,52,0,7,1,1,1,0,0.833333,0.833333,0.000992
97533,93793,1,spatial,wine glass,64,0.906997,1,2,62,0,6,1,1,1,0,1.0,0.846154,0.0
97534,93793,1,simple,wine glass,64,0.906997,1,2,62,0,6,1,1,1,0,1.0,0.846154,0.0
8318,94045,1,spatial,giraffe,64,0.701869,1,6,58,0,15,1,1,1,1,1.0,1.0,0.001488
8319,94045,1,spatial,giraffe,64,0.701869,1,6,58,0,15,1,1,1,1,1.0,1.0,0.001488
59054,94045,1,simple,giraffe,64,0.85658,1,3,61,0,18,1,1,1,1,1.0,1.0,0.001488
59055,94045,1,spatial,giraffe,64,0.85658,1,3,61,0,18,1,1,1,1,1.0,1.0,0.001488
67785,94564,1,spatial,carrot,64,0.624519,1,5,59,0,2,1,1,0,0,1.0,0.5,0.000992
67786,94564,1,spatial,carrot,64,0.624519,1,5,59,0,2,1,1,0,0,1.0,0.5,0.000992
22474,94877,1,spatial,horse,64,0.880241,1,10,54,0,12,1,1,1,1,1.0,0.875,0.000496
24382,94877,1,spatial,horse,64,0.731526,1,10,54,0,12,1,1,1,1,1.0,0.875,0.000496
24383,94877,1,spatial,horse,64,0.731526,1,10,54,0,12,1,1,1,1,1.0,0.875,0.000496
73142,94877,1,spatial,horse,64,0.881584,1,8,56,0,14,1,1,1,1,1.0,0.875,0.000496
73143,94877,1,spatial,horse,64,0.881584,1,8,56,0,14,1,1,1,1,1.0,0.875,0.000496
19002,95124,1,spatial,person,64,0.0,0,0,64,36,0,0,0,0,0,0.2,0.2,0.0
19003,95124,1,spatial,person,64,0.0,0,0,64,36,0,0,0,0,0,0.2,0.2,0.0
79187,97450,2,spatial,chair,64,0.958593,1,16,48,0,2,1,1,0,0,1.0,0.833333,0.001488
79188,97450,2,spatial,chair,64,0.958593,1,16,48,0,2,1,1,0,0,1.0,0.833333,0.001488
21053,97450,2,simple,chair,64,0.544198,1,2,62,0,10,1,1,1,1,1.0,0.833333,0.001488
21054,97450,2,spatial,chair,64,0.544198,1,2,62,0,10,1,1,1,1,1.0,0.833333,0.001488
89831,97450,2,spatial,person,64,0.7487,1,9,55,0,7,1,1,1,0,1.0,0.833333,0.001488
89832,97450,2,simple,person,64,0.7487,1,9,55,0,7,1,1,1,0,1.0,0.833333,0.001488
31548,97450,2,spatial,person,64,0.846321,1,12,52,0,9,1,1,1,1,1.0,0.833333,0.001488
31549,97450,2,spatial,person,64,0.846321,1,12,52,0,9,1,1,1,1,1.0,0.833333,0.001488
3968,97492,1,spatial,laptop,64,0.952253,1,3,61,0,4,1,1,1,0,0.566667,0.433333,0.000992
3969,97492,1,spatial,laptop,64,0.952253,1,3,61,0,4,1,1,1,0,0.566667,0.433333,0.000992
93831,98471,1,attribute,truck,64,0.823137,1,7,57,0,6,1,1,1,0,1.0,1.0,0.001488
93832,98471,1,spatial,truck,64,0.823137,1,7,57,0,6,1,1,1,0,1.0,1.0,0.001488
97567,98672,1,spatial,person,64,0.773109,1,6,58,0,3,1,1,0,0,0.6,0.6,0.000992
97568,98672,1,spatial,person,64,0.773109,1,6,58,0,3,1,1,0,0,0.6,0.6,0.000992
35778,98689,1,spatial,person,64,0.931008,1,3,61,1,3,1,1,0,0,0.8,0.8,0.000496
35779,98689,1,spatial,person,64,0.931008,1,3,61,1,3,1,1,0,0,0.8,0.8,0.000496
23432,99788,1,spatial,person,64,0.782944,1,4,60,0,4,1,1,1,0,0.875,0.375,0.000992
23433,99788,1,spatial,person,64,0.782944,1,4,60,0,4,1,1,1,0,0.875,0.375,0.000992
54014,99788,1,spatial,person,64,0.802733,1,4,60,0,4,1,1,1,0,0.875,0.375,0.000992
54015,99788,1,spatial,person,64,0.802733,1,4,60,0,4,1,1,1,0,0.875,0.375,0.000992
72580,101522,1,spatial,broccoli,64,0.848346,1,7,57,0,1,1,1,0,0,0.8,0.6,0.001488
9534,101522,1,spatial,broccoli,64,0.564209,1,1,63,0,7,1,1,1,0,0.8,0.6,0.001488
63062,101530,1,simple,person,64,0.488639,0,0,64,0,0,0,0,0,0,0.909091,0.727273,0.000496
63063,101530,1,attribute,person,64,0.488639,0,0,64,0,0,0,0,0,0,0.909091,0.727273,0.000496
61787,101530,1,spatial,person,64,0.618671,1,1,63,0,0,1,1,0,0,0.909091,0.727273,0.000496
61788,101530,1,spatial,person,64,0.618671,1,1,63,0,0,1,1,0,0,0.909091,0.727273,0.000496
34419,101530,1,spatial,chair,64,0.816464,1,7,57,0,2,1,1,0,0,0.909091,0.727273,0.000496
34420,101530,1,spatial,chair,64,0.816464,1,7,57,0,2,1,1,0,0,0.909091,0.727273,0.000496
12171,101530,1,spatial,couch,64,0.782268,1,6,58,0,3,1,1,0,0,0.909091,0.727273,0.000496
12172,101530,1,spatial,couch,64,0.782268,1,6,58,0,3,1,1,0,0,0.909091,0.727273,0.000496
21000,101530,1,spatial,couch,64,0.575755,1,5,59,0,4,1,1,1,0,0.909091,0.727273,0.000496
64217,102111,1,spatial,person,64,0.758698,1,10,54,0,3,1,1,0,0,1.0,0.75,0.000992
64218,102111,1,spatial,person,64,0.758698,1,10,54,0,3,1,1,0,0,1.0,0.75,0.000992
6628,103455,1,attribute,person,64,0.784934,1,7,57,0,9,1,1,1,1,0.705882,0.705882,0.0
6629,103455,1,spatial,person,64,0.784934,1,7,57,0,9,1,1,1,1,0.705882,0.705882,0.0
69692,103797,1,spatial,person,64,0.790375,1,8,56,0,8,1,1,1,0,1.0,1.0,0.001488
69693,103797,1,spatial,person,64,0.790375,1,8,56,0,8,1,1,1,0,1.0,1.0,0.001488
9997,103797,1,spatial,person,64,0.900836,1,13,51,0,7,1,1,1,0,1.0,1.0,0.001488
9998,103797,1,simple,person,64,0.900836,1,13,51,0,7,1,1,1,0,1.0,1.0,0.001488
103379,103797,1,spatial,bench,64,0.766843,1,13,51,0,1,1,1,0,0,1.0,1.0,0.001488
103380,103797,1,spatial,bench,64,0.766843,1,13,51,0,1,1,1,0,0,1.0,1.0,0.001488
4403,103818,1,simple,person,64,0.839895,1,6,58,0,7,1,1,1,0,1.0,0.75,0.000496
4404,103818,1,spatial,person,64,0.839895,1,6,58,0,7,1,1,1,0,1.0,0.75,0.000496
80344,104973,2,spatial,person,64,0.807654,1,4,60,0,12,1,1,1,1,1.0,0.888889,0.000496
80345,104973,2,simple,person,64,0.807654,1,4,60,0,12,1,1,1,1,1.0,0.888889,0.000496
98325,104973,2,spatial,person,64,0.740823,1,5,59,0,11,1,1,1,1,1.0,0.888889,0.000496
55469,105374,1,simple,car,64,0.870648,1,6,58,0,4,1,1,1,0,1.0,0.8,0.0
55470,105374,1,spatial,car,64,0.870648,1,6,58,0,4,1,1,1,0,1.0,0.8,0.0
99076,105468,1,spatial,boat,64,0.779263,1,2,62,0,10,1,1,1,1,1.0,1.0,0.000992
99077,105468,1,spatial,boat,64,0.779263,1,2,62,0,10,1,1,1,1,1.0,1.0,0.000992
7418,105666,1,spatial,donut,64,0.867562,1,7,57,0,5,1,1,1,0,1.0,1.0,0.001984
7419,105666,1,simple,donut,64,0.867562,1,7,57,0,5,1,1,1,0,1.0,1.0,0.001984
9547,105777,1,simple,airplane,64,0.710703,1,5,59,0,12,1,1,1,1,1.0,1.0,0.000992
9548,105777,1,spatial,airplane,64,0.710703,1,5,59,0,12,1,1,1,1,1.0,1.0,0.000992
99224,105976,1,spatial,wine glass,64,0.777397,1,3,61,0,9,1,1,1,1,0.866667,0.866667,0.001488
99225,105976,1,spatial,wine glass,64,0.777397,1,3,61,0,9,1,1,1,1,0.866667,0.866667,0.001488
55435,106072,1,spatial,car,64,0.818013,1,10,54,0,1,1,1,0,0,1.0,1.0,0.000992
55436,106072,1,spatial,car,64,0.818013,1,10,54,0,1,1,1,0,0,1.0,1.0,0.000992
17746,106586,1,spatial,airplane,64,0.644038,1,5,59,0,1,1,1,0,0,1.0,0.5,0.0
17747,106586,1,spatial,airplane,64,0.644038,1,5,59,0,1,1,1,0,0,1.0,0.5,0.0
47934,106646,1,simple,donut,64,0.906779,1,7,57,0,2,1,1,0,0,0.8,0.8,0.001488
47935,106646,1,spatial,donut,64,0.906779,1,7,57,0,2,1,1,0,0,0.8,0.8,0.001488
56494,106646,1,spatial,cup,64,0.439228,0,0,64,0,0,0,0,0,0,0.8,0.8,0.001488
56495,106646,1,spatial,cup,64,0.439228,0,0,64,0,0,0,0,0,0,0.8,0.8,0.001488
37540,106646,1,spatial,cup,64,0.822624,1,11,53,0,0,1,1,0,0,0.8,0.8,0.001488
37541,106646,1,simple,cup,64,0.822624,1,11,53,0,0,1,1,0,0,0.8,0.8,0.001488
44406,107176,1,spatial,chair,64,0.767202,1,4,60,0,3,1,1,0,0,1.0,0.9,0.0
44407,107176,1,simple,chair,64,0.767202,1,4,60,0,3,1,1,0,0,1.0,0.9,0.0
97529,108123,2,spatial,person,64,0.857767,1,8,56,0,18,1,1,1,1,0.777778,0.555556,0.001488
97530,108123,2,spatial,person,64,0.857767,1,8,56,0,18,1,1,1,1,0.777778,0.555556,0.001488
42951,108123,2,simple,person,64,0.783089,1,12,52,0,14,1,1,1,1,0.777778,0.555556,0.001488
42952,108123,2,spatial,person,64,0.783089,1,12,52,0,14,1,1,1,1,0.777778,0.555556,0.001488
700,108210,1,simple,airplane,64,0.752665,1,8,56,0,11,1,1,1,1,1.0,0.875,0.0
701,108210,1,spatial,airplane,64,0.752665,1,8,56,0,11,1,1,1,1,1.0,0.875,0.0
27237,108510,1,spatial,train,64,0.919218,1,15,49,0,5,1,1,1,0,1.0,0.5,0.0
27238,108510,1,spatial,train,64,0.919218,1,15,49,0,5,1,1,1,0,1.0,0.5,0.0
93906,109114,2,spatial,sandwich,64,0.739335,1,14,50,0,7,1,1,1,0,1.0,1.0,0.003968
93907,109114,2,spatial,sandwich,64,0.739335,1,14,50,0,7,1,1,1,0,1.0,1.0,0.003968
2380,109114,2,spatial,sandwich,64,0.849278,1,7,57,0,12,1,1,1,1,1.0,1.0,0.003968
2381,109114,2,spatial,sandwich,64,0.849278,1,7,57,0,12,1,1,1,1,1.0,1.0,0.003968
88149,110841,1,simple,person,64,0.808299,1,15,49,0,4,1,1,1,0,1.0,1.0,0.0
88150,110841,1,spatial,person,64,0.808299,1,15,49,0,4,1,1,1,0,1.0,1.0,0.0
28269,111490,1,spatial,person,64,0.856063,1,14,50,0,19,1,1,1,1,1.0,1.0,0.003472
28270,111490,1,spatial,person,64,0.856063,1,14,50,0,19,1,1,1,1,1.0,1.0,0.003472
34126,111646,1,spatial,bowl,64,0.805681,1,1,63,0,10,1,1,1,1,0.8,0.666667,0.00248
34127,111646,1,spatial,bowl,64,0.805681,1,1,63,0,10,1,1,1,1,0.8,0.666667,0.00248
55683,111649,1,spatial,boat,64,0.644762,1,6,58,0,0,1,1,0,0,0.8,0.6,0.000992
55684,111649,1,spatial,boat,64,0.644762,1,6,58,0,0,1,1,0,0,0.8,0.6,0.000992
1646,111889,1,spatial,person,64,0.876497,1,6,58,0,3,1,1,0,0,1.0,0.833333,0.000496
1647,111889,1,spatial,person,64,0.876497,1,6,58,0,3,1,1,0,0,1.0,0.833333,0.000496
3217,111889,1,spatial,person,64,0.724206,1,3,61,0,6,1,1,1,0,1.0,0.833333,0.000496
3218,111889,1,spatial,person,64,0.724206,1,3,61,0,6,1,1,1,0,1.0,0.833333,0.000496
80473,112029,1,spatial,person,64,0.76833,1,10,54,0,3,1,1,0,0,1.0,0.75,0.001488
80474,112029,1,spatial,person,64,0.76833,1,10,54,0,3,1,1,0,0,1.0,0.75,0.001488
43174,112849,1,spatial,car,64,0.853852,1,3,61,0,2,1,1,0,0,1.0,0.846154,0.000992
43175,112849,1,spatial,car,64,0.853852,1,3,61,0,2,1,1,0,0,1.0,0.846154,0.000992
43224,112996,1,spatial,sink,64,0.894279,1,7,57,0,6,1,1,1,0,1.0,1.0,0.001488
43225,112996,1,spatial,sink,64,0.894279,1,7,57,0,6,1,1,1,0,1.0,1.0,0.001488
102030,113310,1,spatial,airplane,64,0.760047,1,11,53,2,5,1,1,1,0,0.6,0.5,0.003968
102031,113310,1,spatial,airplane,64,0.760047,1,11,53,2,5,1,1,1,0,0.6,0.5,0.003968
22518,113521,1,spatial,bicycle,64,0.790251,1,2,62,0,8,1,1,1,0,0.823529,0.588235,0.0
22519,113521,1,spatial,bicycle,64,0.790251,1,2,62,0,8,1,1,1,0,0.823529,0.588235,0.0
54553,113594,1,spatial,person,64,0.846599,1,6,58,1,18,1,1,1,1,1.0,1.0,0.00248
54554,113594,1,simple,person,64,0.846599,1,6,58,1,18,1,1,1,1,1.0,1.0,0.00248
31224,113721,1,spatial,person,64,0.827112,1,11,53,0,10,1,1,1,1,1.0,1.0,0.002976
31225,113721,1,simple,person,64,0.827112,1,11,53,0,10,1,1,1,1,1.0,1.0,0.002976
36200,113721,1,spatial,person,64,0.811163,1,10,54,0,11,1,1,1,1,1.0,1.0,0.002976
36201,113721,1,attribute,person,64,0.811163,1,10,54,0,11,1,1,1,1,1.0,1.0,0.002976
49441,113857,1,spatial,person,64,0.929899,1,8,56,0,11,1,1,1,1,1.0,1.0,0.000992
49442,113857,1,spatial,person,64,0.929899,1,8,56,0,11,1,1,1,1,1.0,1.0,0.000992
50896,113857,1,simple,person,64,0.862048,1,11,53,0,8,1,1,1,0,1.0,1.0,0.000992
50897,113857,1,simple,person,64,0.862048,1,11,53,0,8,1,1,1,0,1.0,1.0,0.000992
69375,114132,2,spatial,bed,64,0.815248,1,4,60,0,13,1,1,1,1,1.0,1.0,0.001488
69376,114132,2,spatial,bed,64,0.815248,1,4,60,0,13,1,1,1,1,1.0,1.0,0.001488
70794,114132,2,spatial,bed,64,0.812107,1,13,51,0,4,1,1,1,0,1.0,1.0,0.001488
70795,114132,2,spatial,bed,64,0.812107,1,13,51,0,4,1,1,1,0,1.0,1.0,0.001488
8280,114202,1,spatial,giraffe,64,0.790951,1,10,54,0,14,1,1,1,1,1.0,1.0,0.001488
8281,114202,1,spatial,giraffe,64,0.790951,1,10,54,0,14,1,1,1,1,1.0,1.0,0.001488
76276,114500,1,spatial,parking meter,64,0.770119,1,8,56,0,2,1,1,0,0,0.941176,0.705882,0.000496
76277,114500,1,spatial,parking meter,64,0.770119,1,8,56,0,2,1,1,0,0,0.941176,0.705882,0.000496
16836,114943,1,spatial,person,64,0.668546,1,1,63,0,2,1,1,0,0,0.846154,0.538462,0.001984
16837,114943,1,spatial,person,64,0.668546,1,1,63,0,2,1,1,0,0,0.846154,0.538462,0.001984
23613,114945,1,spatial,person,64,0.8054,1,8,56,0,15,1,1,1,1,1.0,1.0,0.001984
23614,114945,1,attribute,person,64,0.8054,1,8,56,0,15,1,1,1,1,1.0,1.0,0.001984
52017,115519,1,spatial,person,64,0.800001,1,6,58,0,9,1,1,1,1,0.434783,0.347826,0.00248
52018,115519,1,spatial,person,64,0.800001,1,6,58,0,9,1,1,1,1,0.434783,0.347826,0.00248
12751,116927,1,spatial,person,64,0.817587,1,5,59,0,4,1,1,1,0,1.0,1.0,0.000992
12752,116927,1,spatial,person,64,0.817587,1,5,59,0,4,1,1,1,0,1.0,1.0,0.000992
67942,117250,2,spatial,person,64,0.808604,1,10,54,0,7,1,1,1,0,1.0,0.6,0.001984
67943,117250,2,spatial,person,64,0.808604,1,10,54,0,7,1,1,1,0,1.0,0.6,0.001984
7430,117250,2,spatial,person,64,0.88258,1,7,57,0,10,1,1,1,1,1.0,0.6,0.001984
32457,117250,2,spatial,skis,64,0.833958,1,12,52,0,4,1,1,1,0,1.0,0.6,0.001984
32458,117250,2,spatial,skis,64,0.833958,1,12,52,0,4,1,1,1,0,1.0,0.6,0.001984
46928,117319,1,spatial,person,64,0.851726,1,10,54,0,1,1,1,0,0,1.0,0.5,0.000496
46929,117319,1,spatial,person,64,0.851726,1,10,54,0,1,1,1,0,0,1.0,0.5,0.000496
46918,117319,1,spatial,person,64,0.578769,1,5,59,0,6,1,1,1,0,1.0,0.5,0.000496
46919,117319,1,attribute,person,64,0.578769,1,5,59,0,6,1,1,1,0,1.0,0.5,0.000496
17656,117319,1,spatial,skis,64,0.739163,1,9,55,0,8,1,1,1,0,1.0,0.5,0.000496
17657,117319,1,attribute,skis,64,0.739163,1,9,55,0,8,1,1,1,0,1.0,0.5,0.000496
5098,117770,1,spatial,person,64,0.873868,1,8,56,0,5,1,1,1,0,0.833333,0.833333,0.004464
5099,117770,1,simple,person,64,0.873868,1,8,56,0,5,1,1,1,0,0.833333,0.833333,0.004464
18728,117871,1,spatial,person,64,0.783029,1,10,54,0,10,1,1,1,1,1.0,1.0,0.002976
18729,117871,1,spatial,person,64,0.783029,1,10,54,0,10,1,1,1,1,1.0,1.0,0.002976
69619,117871,1,spatial,person,64,0.875845,1,6,58,0,14,1,1,1,1,1.0,1.0,0.002976
69620,117871,1,spatial,person,64,0.875845,1,6,58,0,14,1,1,1,1,1.0,1.0,0.002976
38875,117922,1,spatial,stop sign,64,0.951466,1,3,61,0,2,1,1,0,0,1.0,1.0,0.00248
38876,117922,1,simple,stop sign,64,0.951466,1,3,61,0,2,1,1,0,0,1.0,1.0,0.00248
96626,118724,1,spatial,giraffe,64,0.845362,1,8,56,0,26,1,1,1,1,1.0,1.0,0.001984
96627,118724,1,spatial,giraffe,64,0.845362,1,8,56,0,26,1,1,1,1,1.0,1.0,0.001984
95420,118724,1,spatial,giraffe,64,0.864177,1,8,56,0,26,1,1,1,1,1.0,1.0,0.001984
95421,118724,1,spatial,giraffe,64,0.864177,1,8,56,0,26,1,1,1,1,1.0,1.0,0.001984
50496,118724,1,spatial,giraffe,64,0.905552,1,9,55,0,25,1,1,1,1,1.0,1.0,0.001984
50497,118724,1,spatial,giraffe,64,0.905552,1,9,55,0,25,1,1,1,1,1.0,1.0,0.001984
86061,119540,1,spatial,boat,64,0.834297,1,8,56,0,2,1,1,0,0,1.0,0.909091,0.003472
86062,119540,1,spatial,boat,64,0.834297,1,8,56,0,2,1,1,0,0,1.0,0.909091,0.003472
10335,119765,1,spatial,person,64,0.871263,1,6,58,0,11,1,1,1,1,1.0,0.75,0.00248
10336,119765,1,spatial,person,64,0.871263,1,6,58,0,11,1,1,1,1,1.0,0.75,0.00248
45759,120376,1,simple,cow,64,0.747488,1,14,50,0,6,1,1,1,0,1.0,1.0,0.001488
45760,120376,1,simple,cow,64,0.747488,1,14,50,0,6,1,1,1,0,1.0,1.0,0.001488
32298,120400,1,spatial,chair,64,0.873354,1,2,62,0,1,1,1,0,0,1.0,1.0,0.001488
32299,120400,1,attribute,chair,64,0.873354,1,2,62,0,1,1,1,0,0,1.0,1.0,0.001488
90257,120524,1,spatial,sheep,64,0.866575,1,7,57,0,1,1,1,0,0,1.0,1.0,0.000496
90258,120524,1,simple,sheep,64,0.866575,1,7,57,0,1,1,1,0,0,1.0,1.0,0.000496
33810,121110,1,spatial,dining table,64,0.746273,1,2,62,0,7,1,1,1,0,0.823529,0.470588,0.0
88440,121110,1,spatial,dining table,64,0.710276,1,6,58,0,3,1,1,0,0,0.823529,0.470588,0.0
93995,121172,1,simple,person,64,0.942248,1,4,60,0,17,1,1,1,1,1.0,1.0,0.001984
93996,121172,1,spatial,person,64,0.942248,1,4,60,0,17,1,1,1,1,1.0,1.0,0.001984
39157,121172,1,spatial,person,64,0.892521,1,8,56,0,13,1,1,1,1,1.0,1.0,0.001984
39158,121172,1,spatial,person,64,0.892521,1,8,56,0,13,1,1,1,1,1.0,1.0,0.001984
46694,121372,1,spatial,person,64,0.796795,1,6,58,0,0,1,1,0,0,0.933333,0.866667,0.003472
46695,121372,1,spatial,person,64,0.796795,1,6,58,0,0,1,1,0,0,0.933333,0.866667,0.003472
99123,121612,1,spatial,refrigerator,64,0.863308,1,1,63,0,1,1,1,0,0,0.809524,0.619048,0.000992
99124,121612,1,spatial,refrigerator,64,0.863308,1,1,63,0,1,1,1,0,0,0.809524,0.619048,0.000992
41569,121997,1,spatial,car,64,0.656091,1,6,58,0,0,1,1,0,0,0.625,0.5,0.000496
41570,121997,1,spatial,car,64,0.656091,1,6,58,0,0,1,1,0,0,0.625,0.5,0.000496
50000,121997,1,spatial,car,64,0.33409,0,0,64,0,0,0,0,0,0,0.625,0.5,0.000496
104151,122560,2,spatial,elephant,64,0.809789,1,11,53,0,10,1,1,1,1,1.0,1.0,0.000496
104152,122560,2,spatial,elephant,64,0.809789,1,11,53,0,10,1,1,1,1,1.0,1.0,0.000496
102995,122560,2,spatial,elephant,64,0.770522,1,10,54,0,11,1,1,1,1,1.0,1.0,0.000496
102996,122560,2,spatial,elephant,64,0.770522,1,10,54,0,11,1,1,1,1,1.0,1.0,0.000496
39359,122688,1,spatial,book,64,0.880218,1,1,63,0,3,1,1,0,0,0.769231,0.615385,0.001488
39360,122688,1,spatial,book,64,0.880218,1,1,63,0,3,1,1,0,0,0.769231,0.615385,0.001488
5907,123462,1,simple,person,64,0.898482,1,6,58,2,9,1,1,1,1,1.0,1.0,0.001984
5908,123462,1,spatial,person,64,0.898482,1,6,58,2,9,1,1,1,1,1.0,1.0,0.001984
6364,123949,1,spatial,person,64,0.818796,1,6,58,0,7,1,1,1,0,1.0,1.0,0.003472
6365,123949,1,spatial,person,64,0.818796,1,6,58,0,7,1,1,1,0,1.0,1.0,0.003472
72801,124532,1,simple,airplane,64,0.737555,1,8,56,0,15,1,1,1,1,0.714286,0.428571,0.0
72802,124532,1,spatial,airplane,64,0.737555,1,8,56,0,15,1,1,1,1,0.714286,0.428571,0.0
81077,125234,1,spatial,person,64,0.742737,1,8,56,0,3,1,1,0,0,0.875,0.625,0.000496
81078,125234,1,spatial,person,64,0.742737,1,8,56,0,3,1,1,0,0,0.875,0.625,0.000496
86035,125298,2,spatial,suitcase,64,0.781816,1,9,55,0,6,1,1,1,0,1.0,1.0,0.001488
86036,125298,2,spatial,suitcase,64,0.781816,1,9,55,0,6,1,1,1,0,1.0,1.0,0.001488
81865,125298,2,spatial,suitcase,64,0.730653,1,6,58,0,9,1,1,1,1,1.0,1.0,0.001488
81866,125298,2,attribute,suitcase,64,0.730653,1,6,58,0,9,1,1,1,1,1.0,1.0,0.001488
93413,125724,1,spatial,person,64,0.854526,1,15,49,0,14,1,1,1,1,1.0,0.857143,0.001488
93414,125724,1,spatial,person,64,0.854526,1,15,49,0,14,1,1,1,1,1.0,0.857143,0.001488
92325,125724,1,spatial,person,64,0.693341,1,5,59,0,24,1,1,1,1,1.0,0.857143,0.001488
92326,125724,1,spatial,person,64,0.693341,1,5,59,0,24,1,1,1,1,1.0,0.857143,0.001488
78369,126355,1,spatial,laptop,64,0.702463,1,9,55,0,4,1,1,1,0,0.8,0.6,0.000992
78370,126355,1,simple,laptop,64,0.702463,1,9,55,0,4,1,1,1,0,0.8,0.6,0.000992
28702,126355,1,spatial,laptop,64,0.52989,1,1,63,0,12,1,1,1,1,0.8,0.6,0.000992
15978,126483,1,spatial,motorcycle,64,0.768773,1,5,59,0,20,1,1,1,1,1.0,1.0,0.003472
15979,126483,1,spatial,motorcycle,64,0.768773,1,5,59,0,20,1,1,1,1,1.0,1.0,0.003472
47180,126625,1,spatial,chair,64,0.863656,1,7,57,0,2,1,1,0,0,1.0,0.833333,0.0
47181,126625,1,spatial,chair,64,0.863656,1,7,57,0,2,1,1,0,0,1.0,0.833333,0.0
40570,126910,1,spatial,dining table,64,0.787983,1,3,61,0,0,1,1,0,0,0.857143,0.571429,0.001488
40571,126910,1,spatial,dining table,64,0.787983,1,3,61,0,0,1,1,0,0,0.857143,0.571429,0.001488
55092,126910,1,spatial,chair,64,0.811033,1,2,62,0,5,1,1,1,0,0.857143,0.571429,0.001488
55093,126910,1,spatial,chair,64,0.811033,1,2,62,0,5,1,1,1,0,0.857143,0.571429,0.001488
84483,127006,1,spatial,bench,64,0.83826,1,8,56,0,10,1,1,1,1,1.0,1.0,0.000496
84484,127006,1,spatial,bench,64,0.83826,1,8,56,0,10,1,1,1,1,1.0,1.0,0.000496
16485,127284,1,spatial,person,64,0.934926,1,5,59,26,1,1,1,0,0,1.0,1.0,0.000992
16486,127284,1,spatial,person,64,0.934926,1,5,59,26,1,1,1,0,0,1.0,1.0,0.000992
18575,127298,1,spatial,kite,64,0.801073,1,4,60,30,11,1,1,1,1,1.0,1.0,0.000496
18576,127298,1,simple,kite,64,0.801073,1,4,60,30,11,1,1,1,1,1.0,1.0,0.000496
27712,127360,1,spatial,airplane,64,0.818636,1,6,58,26,0,1,1,0,0,0.833333,0.5,0.0
27713,127360,1,simple,airplane,64,0.818636,1,6,58,26,0,1,1,0,0,0.833333,0.5,0.0
48205,127515,1,simple,person,64,0.874917,1,7,57,0,21,1,1,1,1,1.0,1.0,0.003472
48206,127515,1,simple,person,64,0.874917,1,7,57,0,21,1,1,1,1,1.0,1.0,0.003472
18665,127515,1,spatial,person,64,0.888282,1,10,54,0,18,1,1,1,1,1.0,1.0,0.003472
18666,127515,1,spatial,person,64,0.888282,1,10,54,0,18,1,1,1,1,1.0,1.0,0.003472
12045,127515,1,spatial,person,64,0.94052,1,7,57,0,21,1,1,1,1,1.0,1.0,0.003472
12046,127515,1,spatial,person,64,0.94052,1,7,57,0,21,1,1,1,1,1.0,1.0,0.003472
14343,128512,1,spatial,suitcase,64,0.691976,1,3,61,6,4,1,1,1,0,0.857143,0.714286,0.000992
67514,128581,1,spatial,tv,64,0.00729,0,0,64,0,0,0,0,0,0,0.46,0.38,0.001488
67515,128581,1,spatial,tv,64,0.00729,0,0,64,0,0,0,0,0,0,0.46,0.38,0.001488
102269,129407,1,attribute,vase,64,0.762229,1,1,63,0,1,1,1,0,0,0.642857,0.428571,0.001488
102270,129407,1,spatial,vase,64,0.762229,1,1,63,0,1,1,1,0,0,0.642857,0.428571,0.001488
41616,130972,1,spatial,person,64,0.653324,1,1,63,0,5,1,1,1,0,0.705882,0.352941,0.000496
41617,130972,1,simple,person,64,0.653324,1,1,63,0,5,1,1,1,0,0.705882,0.352941,0.000496
40919,130972,1,spatial,person,64,0.902238,1,1,63,0,5,1,1,1,0,0.705882,0.352941,0.000496
40920,130972,1,spatial,person,64,0.902238,1,1,63,0,5,1,1,1,0,0.705882,0.352941,0.000496
20720,131215,1,spatial,person,64,0.831643,1,6,58,0,1,1,1,0,0,0.8,0.7,0.00248
20721,131215,1,attribute,person,64,0.831643,1,6,58,0,1,1,1,0,0,0.8,0.7,0.00248
90434,132165,2,attribute,dog,64,0.828722,1,9,55,0,12,1,1,1,1,1.0,1.0,0.000992
90435,132165,2,spatial,dog,64,0.828722,1,9,55,0,12,1,1,1,1,1.0,1.0,0.000992
32167,132626,1,spatial,motorcycle,64,0.781168,1,7,57,0,6,1,1,1,0,0.9375,0.75,0.00248
32168,132626,1,spatial,motorcycle,64,0.781168,1,7,57,0,6,1,1,1,0,0.9375,0.75,0.00248
21305,132626,1,spatial,motorcycle,64,0.450592,0,0,64,0,0,0,0,0,0,0.9375,0.75,0.00248
25644,132793,1,spatial,vase,64,0.825996,1,2,62,0,1,1,1,0,0,1.0,1.0,0.001984
25645,132793,1,spatial,vase,64,0.825996,1,2,62,0,1,1,1,0,0,1.0,1.0,0.001984
61486,133145,1,spatial,truck,64,0.779773,1,8,56,0,6,1,1,1,0,0.833333,0.833333,0.001984
61487,133145,1,spatial,truck,64,0.779773,1,8,56,0,6,1,1,1,0,0.833333,0.833333,0.001984
63654,134309,1,attribute,traffic light,64,0.858265,1,5,59,0,2,1,1,0,0,0.75,0.6875,0.001488
63655,134309,1,attribute,traffic light,64,0.858265,1,5,59,0,2,1,1,0,0,0.75,0.6875,0.001488
88965,134772,1,attribute,chair,64,0.883156,1,7,57,0,1,1,1,0,0,1.0,1.0,0.003472
88966,134772,1,spatial,chair,64,0.883156,1,7,57,0,1,1,1,0,0,1.0,1.0,0.003472
32500,134837,1,spatial,airplane,64,0.652815,1,8,56,0,9,1,1,1,1,1.0,0.75,0.001984
32501,134837,1,spatial,airplane,64,0.652815,1,8,56,0,9,1,1,1,1,1.0,0.75,0.001984
10355,135538,1,spatial,person,64,0.823827,1,9,55,0,4,1,1,1,0,1.0,1.0,0.000992
10356,135538,1,spatial,person,64,0.823827,1,9,55,0,4,1,1,1,0,1.0,1.0,0.000992
22052,135577,1,spatial,cat,64,0.613678,1,5,59,0,4,1,1,1,0,1.0,0.636364,0.000992
22053,135577,1,spatial,cat,64,0.613678,1,5,59,0,4,1,1,1,0,1.0,0.636364,0.000992
37182,135577,1,spatial,cat,64,0.7588,1,7,57,0,2,1,1,0,0,1.0,0.636364,0.000992
37183,135577,1,spatial,cat,64,0.7588,1,7,57,0,2,1,1,0,0,1.0,0.636364,0.000992
38765,135577,1,simple,cat,64,0.859618,1,2,62,0,7,1,1,1,0,1.0,0.636364,0.000992
38766,135577,1,spatial,cat,64,0.859618,1,2,62,0,7,1,1,1,0,1.0,0.636364,0.000992
93563,135638,1,spatial,chair,64,0.851726,1,11,53,0,10,1,1,1,1,0.9,0.9,0.001984
93564,135638,1,spatial,chair,64,0.851726,1,11,53,0,10,1,1,1,1,0.9,0.9,0.001984
26714,136240,1,spatial,person,64,0.876985,1,4,60,0,9,1,1,1,1,1.0,1.0,0.000496
26715,136240,1,spatial,person,64,0.876985,1,4,60,0,9,1,1,1,1,1.0,1.0,0.000496
68556,136240,1,simple,person,64,0.913966,1,7,57,0,6,1,1,1,0,1.0,1.0,0.000496
68557,136240,1,attribute,person,64,0.913966,1,7,57,0,6,1,1,1,0,1.0,1.0,0.000496
104236,136267,1,spatial,person,64,0.854732,1,6,58,0,9,1,1,1,1,0.888889,0.555556,0.000992
104237,136267,1,spatial,person,64,0.854732,1,6,58,0,9,1,1,1,1,0.888889,0.555556,0.000992
67441,136267,1,spatial,skis,64,0.831176,1,4,60,0,4,1,1,1,0,0.888889,0.555556,0.000992
57868,136267,1,spatial,backpack,64,0.5776,1,1,63,0,6,1,1,1,0,0.888889,0.555556,0.000992
57869,136267,1,spatial,backpack,64,0.5776,1,1,63,0,6,1,1,1,0,0.888889,0.555556,0.000992
59624,136267,1,spatial,person,64,0.89438,1,5,59,0,10,1,1,1,1,0.888889,0.555556,0.000992
59625,136267,1,attribute,person,64,0.89438,1,5,59,0,10,1,1,1,1,0.888889,0.555556,0.000992
75102,136559,1,spatial,book,64,0.820085,1,4,60,0,1,1,1,0,0,1.0,1.0,0.0
75103,136559,1,simple,book,64,0.820085,1,4,60,0,1,1,1,0,0,1.0,1.0,0.0
91943,136721,1,spatial,person,64,0.722526,1,7,57,0,7,1,1,1,0,0.833333,0.833333,0.001488
91944,136721,1,spatial,person,64,0.722526,1,7,57,0,7,1,1,1,0,0.833333,0.833333,0.001488
42740,137706,1,spatial,cow,64,0.90786,1,15,49,0,11,1,1,1,1,1.0,1.0,0.000496
42741,137706,1,spatial,cow,64,0.90786,1,15,49,0,11,1,1,1,1,1.0,1.0,0.000496
81187,138117,1,spatial,chair,64,0.80068,1,2,62,0,0,1,1,0,0,1.0,0.9,0.0
81188,138117,1,spatial,chair,64,0.80068,1,2,62,0,0,1,1,0,0,1.0,0.9,0.0
67628,138604,1,spatial,cat,64,0.703018,1,6,58,0,9,1,1,1,1,1.0,1.0,0.0
67629,138604,1,spatial,cat,64,0.703018,1,6,58,0,9,1,1,1,1,1.0,1.0,0.0
33607,139612,1,spatial,car,64,0.795137,1,7,57,0,6,1,1,1,0,0.9,0.8,0.000992
33608,139612,1,spatial,car,64,0.795137,1,7,57,0,6,1,1,1,0,0.9,0.8,0.000992
58315,139679,1,attribute,person,64,0.739656,1,11,53,0,10,1,1,1,1,1.0,1.0,0.000992
58316,139679,1,spatial,person,64,0.739656,1,11,53,0,10,1,1,1,1,1.0,1.0,0.000992
32581,140209,1,spatial,person,64,0.814839,1,4,60,0,10,1,1,1,1,0.8,0.8,0.000992
32582,140209,1,spatial,person,64,0.814839,1,4,60,0,10,1,1,1,1,0.8,0.8,0.000992
9814,140320,2,spatial,couch,64,0.889369,1,9,55,0,10,1,1,1,1,1.0,1.0,0.003472
9815,140320,2,spatial,couch,64,0.889369,1,9,55,0,10,1,1,1,1,1.0,1.0,0.003472
11765,140320,2,spatial,couch,64,0.905484,1,10,54,0,9,1,1,1,1,1.0,1.0,0.003472
11766,140320,2,spatial,couch,64,0.905484,1,10,54,0,9,1,1,1,1,1.0,1.0,0.003472
102902,140328,1,spatial,cup,64,0.901179,1,3,61,0,3,1,1,0,0,0.875,0.875,0.001984
102903,140328,1,spatial,cup,64,0.901179,1,3,61,0,3,1,1,0,0,0.875,0.875,0.001984
3466,140360,1,spatial,bowl,64,0.82508,1,3,61,0,5,1,1,1,0,1.0,1.0,0.000496
3467,140360,1,spatial,bowl,64,0.82508,1,3,61,0,5,1,1,1,0,1.0,1.0,0.000496
100435,140630,1,spatial,car,64,0.904778,1,8,56,0,4,1,1,1,0,1.0,1.0,0.003472
100436,140630,1,spatial,car,64,0.904778,1,8,56,0,4,1,1,1,0,1.0,1.0,0.003472
103281,141015,1,attribute,chair,64,0.681197,1,3,61,2,0,1,1,0,0,0.421053,0.210526,0.000992
13686,141927,1,spatial,airplane,64,0.822489,1,6,58,1,0,1,1,0,0,0.888889,0.888889,0.0
13687,141927,1,spatial,airplane,64,0.822489,1,6,58,1,0,1,1,0,0,0.888889,0.888889,0.0
61852,142287,1,spatial,giraffe,64,0.831154,1,13,51,0,4,1,1,1,0,1.0,1.0,0.000496
61853,142287,1,spatial,giraffe,64,0.831154,1,13,51,0,4,1,1,1,0,1.0,1.0,0.000496
95951,142741,1,simple,train,64,0.871473,1,7,57,0,5,1,1,1,0,0.833333,0.666667,0.001984
95952,142741,1,spatial,train,64,0.871473,1,7,57,0,5,1,1,1,0,0.833333,0.666667,0.001984
28253,143096,1,spatial,apple,64,0.325828,0,0,64,0,0,0,0,0,0,0.75,0.75,0.003472
28254,143096,1,spatial,apple,64,0.325828,0,0,64,0,0,0,0,0,0,0.75,0.75,0.003472
31746,144179,1,simple,chair,64,0.787012,1,8,56,0,0,1,1,0,0,0.888889,0.777778,0.000496
31747,144179,1,spatial,chair,64,0.787012,1,8,56,0,0,1,1,0,0,0.888889,0.777778,0.000496
37411,145129,1,simple,book,64,0.939495,1,6,58,0,9,1,1,1,1,1.0,1.0,0.001984
37412,145129,1,spatial,book,64,0.939495,1,6,58,0,9,1,1,1,1,1.0,1.0,0.001984
20538,147429,1,spatial,truck,64,0.827953,1,7,57,0,5,1,1,1,0,1.0,1.0,0.00248
20539,147429,1,spatial,truck,64,0.827953,1,7,57,0,5,1,1,1,0,1.0,1.0,0.00248
52066,147930,1,spatial,person,64,0.864459,1,7,57,0,6,1,1,1,0,0.866667,0.733333,0.00248
52067,147930,1,spatial,person,64,0.864459,1,7,57,0,6,1,1,1,0,0.866667,0.733333,0.00248
47233,147941,1,spatial,person,64,0.798342,1,11,53,0,3,1,1,0,0,1.0,0.8,0.00248
47234,147941,1,spatial,person,64,0.798342,1,11,53,0,3,1,1,0,0,1.0,0.8,0.00248
100779,147941,1,spatial,person,64,0.57364,1,3,61,0,11,1,1,1,1,1.0,0.8,0.00248
100780,147941,1,attribute,person,64,0.57364,1,3,61,0,11,1,1,1,1,1.0,0.8,0.00248
79043,148118,1,spatial,bird,64,0.78171,1,9,55,0,1,1,1,0,0,1.0,0.5,0.000496
79044,148118,1,spatial,bird,64,0.78171,1,9,55,0,1,1,1,0,0,1.0,0.5,0.000496
36975,148118,1,spatial,bird,64,0.643829,1,1,63,0,9,1,1,1,1,1.0,0.5,0.000496
36976,148118,1,spatial,bird,64,0.643829,1,1,63,0,9,1,1,1,1,1.0,0.5,0.000496
52886,148292,1,spatial,carrot,64,0.596649,1,4,60,0,4,1,1,1,0,1.0,0.571429,0.001984
52887,148292,1,spatial,carrot,64,0.596649,1,4,60,0,4,1,1,1,0,1.0,0.571429,0.001984
22687,148602,2,spatial,airplane,64,0.755537,1,6,58,0,8,1,1,1,0,1.0,1.0,0.000496
22688,148602,2,spatial,airplane,64,0.755537,1,6,58,0,8,1,1,1,0,1.0,1.0,0.000496
72087,148602,2,attribute,airplane,64,0.745064,1,8,56,0,6,1,1,1,0,1.0,1.0,0.000496
72088,148602,2,spatial,airplane,64,0.745064,1,8,56,0,6,1,1,1,0,1.0,1.0,0.000496
84212,148824,1,simple,person,64,0.788505,1,11,53,0,11,1,1,1,1,1.0,0.75,0.000496
84213,148824,1,spatial,person,64,0.788505,1,11,53,0,11,1,1,1,1,1.0,0.75,0.000496
64076,151112,1,spatial,traffic light,64,0.620697,1,2,62,0,7,1,1,1,0,1.0,0.7,0.00248
64077,151112,1,spatial,traffic light,64,0.620697,1,2,62,0,7,1,1,1,0,1.0,0.7,0.00248
20765,151200,1,spatial,person,64,0.682716,1,7,57,0,4,1,1,1,0,0.666667,0.333333,0.000496
20766,151200,1,spatial,person,64,0.682716,1,7,57,0,4,1,1,1,0,0.666667,0.333333,0.000496
61439,151371,1,spatial,car,64,0.7022,1,4,60,0,6,1,1,1,0,0.75,0.75,0.0
61440,151371,1,attribute,car,64,0.7022,1,4,60,0,6,1,1,1,0,0.75,0.75,0.0
13203,151466,1,simple,bowl,64,0.78785,1,4,60,0,4,1,1,1,0,1.0,0.866667,0.001984
13204,151466,1,simple,bowl,64,0.78785,1,4,60,0,4,1,1,1,0,1.0,0.866667,0.001984
25840,151466,1,attribute,cup,64,0.924394,1,2,62,0,6,1,1,1,0,1.0,0.866667,0.001984
25841,151466,1,attribute,cup,64,0.924394,1,2,62,0,6,1,1,1,0,1.0,0.866667,0.001984
37429,151702,1,attribute,person,64,0.768547,1,9,55,0,5,1,1,1,0,0.8,0.8,0.0
37430,151702,1,attribute,person,64,0.768547,1,9,55,0,5,1,1,1,0,0.8,0.8,0.0
300,151848,1,spatial,dining table,64,0.851787,1,8,56,0,0,1,1,0,0,0.769231,0.769231,0.001488
301,151848,1,attribute,dining table,64,0.851787,1,8,56,0,0,1,1,0,0,0.769231,0.769231,0.001488
64577,152406,1,spatial,person,64,0.762574,1,10,54,0,6,1,1,1,0,0.666667,0.666667,0.000496
64578,152406,1,spatial,person,64,0.762574,1,10,54,0,6,1,1,1,0,0.666667,0.666667,0.000496
97180,153154,1,spatial,potted plant,64,0.7642,1,11,53,0,4,1,1,1,0,1.0,0.5,0.001984
97181,153154,1,spatial,potted plant,64,0.7642,1,11,53,0,4,1,1,1,0,1.0,0.5,0.001984
53579,153909,1,spatial,cup,64,0.821681,1,3,61,0,1,1,1,0,0,0.75,0.583333,0.001984
53580,153909,1,spatial,cup,64,0.821681,1,3,61,0,1,1,1,0,0,0.75,0.583333,0.001984
77049,153909,1,spatial,chair,64,0.41589,0,0,64,0,0,0,0,0,0,0.75,0.583333,0.001984
72993,155105,1,spatial,bowl,64,0.851685,1,4,60,0,2,1,1,0,0,0.8125,0.6875,0.000496
72994,155105,1,spatial,bowl,64,0.851685,1,4,60,0,2,1,1,0,0,0.8125,0.6875,0.000496
40434,155645,1,spatial,person,64,0.753888,1,5,59,0,7,1,1,1,0,1.0,1.0,0.0
40435,155645,1,attribute,person,64,0.753888,1,5,59,0,7,1,1,1,0,1.0,1.0,0.0
44845,155751,1,spatial,airplane,64,0.754865,1,12,52,0,2,1,1,0,0,1.0,0.333333,0.000496
44846,155751,1,spatial,airplane,64,0.754865,1,12,52,0,2,1,1,0,0,1.0,0.333333,0.000496
46662,155751,1,spatial,airplane,64,0.562243,1,2,62,0,12,1,1,1,1,1.0,0.333333,0.000496
46663,155751,1,spatial,airplane,64,0.562243,1,2,62,0,12,1,1,1,1,1.0,0.333333,0.000496
59404,155864,1,spatial,person,64,0.89037,1,11,53,0,6,1,1,1,0,0.666667,0.666667,0.000496
59405,155864,1,spatial,person,64,0.89037,1,11,53,0,6,1,1,1,0,0.666667,0.666667,0.000496
102906,155864,1,spatial,person,64,0.419309,0,0,64,0,0,0,0,0,0,0.666667,0.666667,0.000496
102907,155864,1,spatial,person,64,0.419309,0,0,64,0,0,0,0,0,0,0.666667,0.666667,0.000496
93898,157172,1,spatial,chair,64,0.8811,1,11,53,0,15,1,1,1,1,1.0,1.0,0.002976
93899,157172,1,attribute,chair,64,0.8811,1,11,53,0,15,1,1,1,1,1.0,1.0,0.002976
101676,157221,1,spatial,elephant,64,0.863083,1,14,50,0,5,1,1,1,0,1.0,1.0,0.00248
101677,157221,1,spatial,elephant,64,0.863083,1,14,50,0,5,1,1,1,0,1.0,1.0,0.00248
86866,157491,1,attribute,bench,64,0.783893,1,8,56,0,1,1,1,0,0,1.0,0.75,0.001488
86867,157491,1,spatial,bench,64,0.783893,1,8,56,0,1,1,1,0,0,1.0,0.75,0.001488
77900,157793,2,spatial,person,64,0.731407,1,9,55,0,7,1,1,1,0,0.75,0.5,0.0
77901,157793,2,spatial,person,64,0.731407,1,9,55,0,7,1,1,1,0,0.75,0.5,0.0
76607,157793,2,spatial,person,64,0.739214,1,8,56,0,8,1,1,1,0,0.75,0.5,0.0
76608,157793,2,simple,person,64,0.739214,1,8,56,0,8,1,1,1,0,0.75,0.5,0.0
61387,157920,1,attribute,person,64,0.871446,1,2,62,0,6,1,1,1,0,1.0,1.0,0.001488
61388,157920,1,spatial,person,64,0.871446,1,2,62,0,6,1,1,1,0,1.0,1.0,0.001488
56028,157981,1,simple,cat,64,0.873662,1,5,59,0,7,1,1,1,0,0.875,0.5,0.000496
56029,157981,1,spatial,cat,64,0.873662,1,5,59,0,7,1,1,1,0,0.875,0.5,0.000496
43694,158737,1,spatial,person,64,0.789099,1,8,56,0,10,1,1,1,1,1.0,0.857143,0.004464
43695,158737,1,spatial,person,64,0.789099,1,8,56,0,10,1,1,1,1,1.0,0.857143,0.004464
55609,159105,1,simple,chair,64,0.830441,1,5,59,0,2,1,1,0,0,1.0,1.0,0.000992
92966,160459,1,simple,car,64,0.536116,1,1,63,0,0,1,1,0,0,0.714286,0.571429,0.000992
92967,160459,1,spatial,car,64,0.536116,1,1,63,0,0,1,1,0,0,0.714286,0.571429,0.000992
33377,160893,1,simple,person,64,0.84588,1,3,61,0,1,1,1,0,0,0.846154,0.615385,0.001488
33378,160893,1,spatial,person,64,0.84588,1,3,61,0,1,1,1,0,0,0.846154,0.615385,0.001488
46495,161242,1,spatial,person,64,0.650269,1,7,57,0,5,1,1,1,0,0.888889,0.666667,0.000992
46496,161242,1,simple,person,64,0.650269,1,7,57,0,5,1,1,1,0,0.888889,0.666667,0.000992
56443,161970,1,attribute,person,64,0.748515,1,14,50,0,3,1,1,0,0,0.666667,0.666667,0.000992
56444,161970,1,spatial,person,64,0.748515,1,14,50,0,3,1,1,0,0,0.666667,0.666667,0.000992
75175,162963,2,spatial,person,64,0.836597,1,8,56,0,7,1,1,1,0,1.0,0.875,0.00248
75176,162963,2,spatial,person,64,0.836597,1,8,56,0,7,1,1,1,0,1.0,0.875,0.00248
80341,163267,1,spatial,cow,64,0.880365,1,13,51,0,18,1,1,1,1,1.0,1.0,0.00248
80342,163267,1,spatial,cow,64,0.880365,1,13,51,0,18,1,1,1,1,1.0,1.0,0.00248
80343,163267,1,spatial,cow,64,0.880365,1,13,51,0,18,1,1,1,1,1.0,1.0,0.00248
84556,163267,1,spatial,cow,64,0.741591,1,8,56,0,23,1,1,1,1,1.0,1.0,0.00248
84557,163267,1,spatial,cow,64,0.741591,1,8,56,0,23,1,1,1,1,1.0,1.0,0.00248
23806,163267,1,spatial,cow,64,0.70677,1,10,54,0,21,1,1,1,1,1.0,1.0,0.00248
23807,163267,1,spatial,cow,64,0.70677,1,10,54,0,21,1,1,1,1,1.0,1.0,0.00248
89507,163840,1,spatial,person,64,0.747802,1,12,52,2,11,1,1,1,1,0.666667,0.666667,0.001984
89508,163840,1,spatial,person,64,0.747802,1,12,52,2,11,1,1,1,1,0.666667,0.666667,0.001984
60639,163975,1,attribute,sink,64,0.82857,1,7,57,0,9,1,1,1,1,1.0,1.0,0.000992
60640,163975,1,spatial,sink,64,0.82857,1,7,57,0,9,1,1,1,1,1.0,1.0,0.000992
102294,164042,2,spatial,person,64,0.773211,1,6,58,0,9,1,1,1,1,0.8,0.7,0.000496
102295,164042,2,spatial,person,64,0.773211,1,6,58,0,9,1,1,1,1,0.8,0.7,0.000496
103461,164042,2,attribute,person,64,0.863352,1,5,59,0,10,1,1,1,1,0.8,0.7,0.000496
103462,164042,2,spatial,person,64,0.863352,1,5,59,0,10,1,1,1,1,0.8,0.7,0.000496
90283,164081,1,spatial,person,64,0.876689,1,5,59,0,14,1,1,1,1,0.8,0.8,0.000992
90284,164081,1,spatial,person,64,0.876689,1,5,59,0,14,1,1,1,1,0.8,0.8,0.000992
25246,164081,1,simple,truck,64,0.815196,1,5,59,0,4,1,1,1,0,0.8,0.8,0.000992
25247,164081,1,attribute,truck,64,0.815196,1,5,59,0,4,1,1,1,0,0.8,0.8,0.000992
64482,164663,1,spatial,person,64,0.839785,1,8,56,0,21,1,1,1,1,1.0,1.0,0.003968
64483,164663,1,spatial,person,64,0.839785,1,8,56,0,21,1,1,1,1,1.0,1.0,0.003968
60132,164663,1,spatial,person,64,0.91881,1,10,54,0,19,1,1,1,1,1.0,1.0,0.003968
60133,164663,1,spatial,person,64,0.91881,1,10,54,0,19,1,1,1,1,1.0,1.0,0.003968
29134,164663,1,spatial,person,64,0.806694,1,11,53,0,18,1,1,1,1,1.0,1.0,0.003968
29135,164663,1,spatial,person,64,0.806694,1,11,53,0,18,1,1,1,1,1.0,1.0,0.003968
19186,164751,1,spatial,keyboard,64,0.878724,1,6,58,0,5,1,1,1,0,1.0,1.0,0.001488
19187,164751,1,spatial,keyboard,64,0.878724,1,6,58,0,5,1,1,1,0,1.0,1.0,0.001488
84988,165803,1,attribute,person,64,0.797233,1,5,59,0,3,1,1,0,0,0.611111,0.611111,0.0
84989,165803,1,spatial,person,64,0.797233,1,5,59,0,3,1,1,0,0,0.611111,0.611111,0.0
24580,165847,2,simple,person,64,0.813078,1,5,59,0,10,1,1,1,1,1.0,0.875,0.00248
24581,165847,2,spatial,person,64,0.813078,1,5,59,0,10,1,1,1,1,1.0,0.875,0.00248
23035,165847,2,spatial,person,64,0.925987,1,2,62,0,13,1,1,1,1,1.0,0.875,0.00248
23036,165847,2,spatial,person,64,0.925987,1,2,62,0,13,1,1,1,1,1.0,0.875,0.00248
100643,166585,1,simple,dog,64,0.886871,1,10,54,0,7,1,1,1,0,1.0,1.0,0.001488
100644,166585,1,spatial,dog,64,0.886871,1,10,54,0,7,1,1,1,0,1.0,1.0,0.001488
85678,166849,1,spatial,horse,64,0.871671,1,6,58,0,0,1,1,0,0,1.0,0.75,0.000992
85679,166849,1,spatial,horse,64,0.871671,1,6,58,0,0,1,1,0,0,1.0,0.75,0.000992
48542,167348,1,spatial,person,64,0.910338,1,9,55,0,12,1,1,1,1,1.0,1.0,0.001488
48543,167348,1,spatial,person,64,0.910338,1,9,55,0,12,1,1,1,1,1.0,1.0,0.001488
50066,167348,1,attribute,person,64,0.830783,1,9,55,0,12,1,1,1,1,1.0,1.0,0.001488
50067,167348,1,spatial,person,64,0.830783,1,9,55,0,12,1,1,1,1,1.0,1.0,0.001488
23345,168569,1,spatial,person,64,0.776435,1,9,55,0,9,1,1,1,1,0.714286,0.714286,0.0
23346,168569,1,simple,person,64,0.776435,1,9,55,0,9,1,1,1,1,0.714286,0.714286,0.0
94543,168622,1,spatial,car,64,0.888312,1,6,58,0,9,1,1,1,1,1.0,1.0,0.004464
94544,168622,1,spatial,car,64,0.888312,1,6,58,0,9,1,1,1,1,1.0,1.0,0.004464
86285,169197,1,spatial,chair,64,0.360164,0,0,64,0,0,0,0,0,0,0.8,0.8,0.001488
86286,169197,1,spatial,chair,64,0.360164,0,0,64,0,0,0,0,0,0,0.8,0.8,0.001488
27884,169986,1,spatial,person,64,0.785208,1,6,58,0,7,1,1,1,0,1.0,1.0,0.000496
27885,169986,1,spatial,person,64,0.785208,1,6,58,0,7,1,1,1,0,1.0,1.0,0.000496
84457,170139,1,spatial,potted plant,64,0.739043,1,7,57,0,1,1,1,0,0,1.0,0.833333,0.000496
84458,170139,1,spatial,potted plant,64,0.739043,1,7,57,0,1,1,1,0,0,1.0,0.833333,0.000496
58435,170439,1,spatial,person,64,0.897207,1,5,59,9,14,1,1,1,1,1.0,0.8,0.0
58436,170439,1,spatial,person,64,0.897207,1,5,59,9,14,1,1,1,1,1.0,0.8,0.0
85094,170751,1,spatial,person,64,0.768076,1,6,58,0,4,1,1,1,0,1.0,1.0,0.00248
85095,170751,1,spatial,person,64,0.768076,1,6,58,0,4,1,1,1,0,1.0,1.0,0.00248
75587,170882,1,spatial,person,64,0.724764,1,12,52,0,2,1,1,0,0,1.0,1.0,0.0
75588,170882,1,spatial,person,64,0.724764,1,12,52,0,2,1,1,0,0,1.0,1.0,0.0
79416,170882,1,spatial,bowl,64,0.924137,1,1,63,0,1,1,1,0,0,1.0,1.0,0.0
79417,170882,1,spatial,bowl,64,0.924137,1,1,63,0,1,1,1,0,0,1.0,1.0,0.0
52890,170888,1,spatial,dining table,64,0.449642,0,0,64,0,0,0,0,0,0,0.769231,0.692308,0.000496
52891,170888,1,simple,dining table,64,0.449642,0,0,64,0,0,0,0,0,0,0.769231,0.692308,0.000496
32561,171064,1,spatial,person,64,0.933832,1,8,56,0,17,1,1,1,1,1.0,0.875,0.001488
32562,171064,1,spatial,person,64,0.933832,1,8,56,0,17,1,1,1,1,1.0,0.875,0.001488
95909,171064,1,spatial,surfboard,64,0.863935,1,6,58,0,11,1,1,1,1,1.0,0.875,0.001488
95910,171064,1,spatial,surfboard,64,0.863935,1,6,58,0,11,1,1,1,1,1.0,0.875,0.001488
93208,171086,2,spatial,apple,64,0.803798,1,2,62,0,3,1,1,0,0,0.941176,0.882353,0.0
8229,171120,2,spatial,backpack,64,0.90251,1,5,59,0,9,1,1,1,1,1.0,1.0,0.00248
8230,171120,2,spatial,backpack,64,0.90251,1,5,59,0,9,1,1,1,1,1.0,1.0,0.00248
6720,171120,2,spatial,backpack,64,0.783916,1,6,58,0,8,1,1,1,0,1.0,1.0,0.00248
6721,171120,2,spatial,backpack,64,0.783916,1,6,58,0,8,1,1,1,0,1.0,1.0,0.00248
48938,171120,2,spatial,handbag,64,0.812183,1,7,57,0,11,1,1,1,1,1.0,1.0,0.00248
48939,171120,2,spatial,handbag,64,0.812183,1,7,57,0,11,1,1,1,1,1.0,1.0,0.00248
74734,171120,2,spatial,suitcase,64,0.861387,1,8,56,0,7,1,1,1,0,1.0,1.0,0.00248
74735,171120,2,spatial,suitcase,64,0.861387,1,8,56,0,7,1,1,1,0,1.0,1.0,0.00248
15495,171120,2,spatial,suitcase,64,0.781883,1,7,57,0,8,1,1,1,0,1.0,1.0,0.00248
15496,171120,2,spatial,suitcase,64,0.781883,1,7,57,0,8,1,1,1,0,1.0,1.0,0.00248
60632,171120,2,attribute,backpack,64,0.814415,1,6,58,0,11,1,1,1,1,1.0,1.0,0.00248
60633,171120,2,spatial,backpack,64,0.814415,1,6,58,0,11,1,1,1,1,1.0,1.0,0.00248
90585,171479,1,spatial,person,64,0.930037,1,3,61,6,6,1,1,1,0,1.0,1.0,0.000496
90586,171479,1,spatial,person,64,0.930037,1,3,61,6,6,1,1,1,0,1.0,1.0,0.000496
57118,172370,1,spatial,person,64,0.914064,1,5,59,0,10,1,1,1,1,1.0,0.75,0.000496
57119,172370,1,attribute,person,64,0.914064,1,5,59,0,10,1,1,1,1,1.0,0.75,0.000496
76012,172680,2,spatial,person,64,0.82017,1,5,59,0,3,1,1,0,0,0.772727,0.363636,0.0
76013,172680,2,attribute,person,64,0.82017,1,5,59,0,3,1,1,0,0,0.772727,0.363636,0.0
18696,172680,2,spatial,person,64,0.805946,1,4,60,0,5,1,1,1,0,0.772727,0.363636,0.0
18697,172680,2,spatial,person,64,0.805946,1,4,60,0,5,1,1,1,0,0.772727,0.363636,0.0
101301,172813,1,spatial,couch,64,0.599893,1,2,62,0,5,1,1,1,0,0.857143,0.571429,0.003472
101302,172813,1,attribute,couch,64,0.599893,1,2,62,0,5,1,1,1,0,0.857143,0.571429,0.003472
100065,172813,1,spatial,couch,64,0.602533,1,6,58,0,1,1,1,0,0,0.857143,0.571429,0.003472
100066,172813,1,spatial,couch,64,0.602533,1,6,58,0,1,1,1,0,0,0.857143,0.571429,0.003472
20441,173073,1,attribute,cow,64,0.766276,1,16,48,0,2,1,1,0,0,1.0,1.0,0.000496
20442,173073,1,spatial,cow,64,0.766276,1,16,48,0,2,1,1,0,0,1.0,1.0,0.000496
54654,173202,1,spatial,elephant,64,0.741442,1,11,53,0,9,1,1,1,1,1.0,1.0,0.001984
54655,173202,1,spatial,elephant,64,0.741442,1,11,53,0,9,1,1,1,1,1.0,1.0,0.001984
59642,173202,1,spatial,elephant,64,0.757706,1,3,61,0,17,1,1,1,1,1.0,1.0,0.001984
27783,174357,1,attribute,surfboard,64,0.815733,1,5,59,0,7,1,1,1,0,1.0,1.0,0.0
27784,174357,1,spatial,surfboard,64,0.815733,1,5,59,0,7,1,1,1,0,1.0,1.0,0.0
50920,174574,1,spatial,person,64,0.928497,1,8,56,0,5,1,1,1,0,1.0,1.0,0.000992
50921,174574,1,attribute,person,64,0.928497,1,8,56,0,5,1,1,1,0,1.0,1.0,0.000992
95792,174574,1,attribute,person,64,0.933785,1,5,59,0,8,1,1,1,0,1.0,1.0,0.000992
95793,174574,1,spatial,person,64,0.933785,1,5,59,0,8,1,1,1,0,1.0,1.0,0.000992
46400,174698,1,spatial,chair,64,0.786138,1,4,60,0,0,1,1,0,0,0.875,0.6875,0.000992
46401,174698,1,spatial,chair,64,0.786138,1,4,60,0,0,1,1,0,0,0.875,0.6875,0.000992
99750,174896,2,simple,bowl,64,0.803686,1,2,62,0,2,1,1,0,0,0.944444,0.777778,0.003472
99751,174896,2,spatial,bowl,64,0.803686,1,2,62,0,2,1,1,0,0,0.944444,0.777778,0.003472
40981,174896,2,spatial,chair,64,0.1886,0,0,64,0,0,0,0,0,0,0.944444,0.777778,0.003472
40982,174896,2,spatial,chair,64,0.1886,0,0,64,0,0,0,0,0,0,0.944444,0.777778,0.003472
3515,174896,2,spatial,chair,64,0.606056,1,2,62,0,3,1,1,0,0,0.944444,0.777778,0.003472
43254,176138,1,spatial,sandwich,64,0.820186,1,4,60,0,2,1,1,0,0,1.0,1.0,0.000496
43255,176138,1,spatial,sandwich,64,0.820186,1,4,60,0,2,1,1,0,0,1.0,1.0,0.000496
96219,176617,1,spatial,frisbee,64,0.819554,1,5,59,0,3,1,1,0,0,1.0,1.0,0.000496
96220,176617,1,attribute,frisbee,64,0.819554,1,5,59,0,3,1,1,0,0,1.0,1.0,0.000496
78863,177418,1,spatial,car,64,0.940637,1,3,61,0,7,1,1,1,0,0.857143,0.642857,0.000496
78864,177418,1,spatial,car,64,0.940637,1,3,61,0,7,1,1,1,0,0.857143,0.642857,0.000496
101572,178181,1,spatial,car,64,0.885416,1,5,59,0,2,1,1,0,0,0.727273,0.636364,0.001488
60179,178181,1,spatial,person,64,0.813986,1,4,60,0,4,1,1,1,0,0.727273,0.636364,0.001488
60180,178181,1,spatial,person,64,0.813986,1,4,60,0,4,1,1,1,0,0.727273,0.636364,0.001488
29481,178421,1,simple,tie,64,0.673834,1,3,61,0,2,1,1,0,0,1.0,0.5,0.002976
29482,178421,1,spatial,tie,64,0.673834,1,3,61,0,2,1,1,0,0,1.0,0.5,0.002976
101794,178421,1,spatial,person,64,0.792075,1,7,57,0,11,1,1,1,1,1.0,0.5,0.002976
101795,178421,1,spatial,person,64,0.792075,1,7,57,0,11,1,1,1,1,1.0,0.5,0.002976
13065,178436,1,spatial,tv,64,0.929125,1,3,61,0,2,1,1,0,0,1.0,1.0,0.000992
13066,178436,1,spatial,tv,64,0.929125,1,3,61,0,2,1,1,0,0,1.0,1.0,0.000992
65308,180021,1,spatial,sheep,64,0.817077,1,12,52,0,13,1,1,1,1,1.0,1.0,0.00248
65309,180021,1,simple,sheep,64,0.817077,1,12,52,0,13,1,1,1,1,1.0,1.0,0.00248
22965,180021,1,simple,sheep,64,0.853599,1,13,51,0,12,1,1,1,1,1.0,1.0,0.00248
22966,180021,1,spatial,sheep,64,0.853599,1,13,51,0,12,1,1,1,1,1.0,1.0,0.00248
8675,180239,1,spatial,potted plant,64,0.890104,1,5,59,0,1,1,1,0,0,0.875,0.875,0.000496
39881,180968,1,spatial,person,64,0.784162,1,3,61,0,20,1,1,1,1,1.0,1.0,0.002976
39882,180968,1,simple,person,64,0.784162,1,3,61,0,20,1,1,1,1,1.0,1.0,0.002976
103318,181084,1,attribute,car,64,0.895462,1,1,63,0,1,1,1,0,0,0.764706,0.647059,0.001488
103319,181084,1,spatial,car,64,0.895462,1,1,63,0,1,1,1,0,0,0.764706,0.647059,0.001488
84008,181367,1,attribute,bicycle,64,0.896503,1,9,55,0,2,1,1,0,0,1.0,0.833333,0.00248
84009,181367,1,spatial,bicycle,64,0.896503,1,9,55,0,2,1,1,0,0,1.0,0.833333,0.00248
50510,181367,1,spatial,person,64,0.784972,1,3,61,0,8,1,1,1,0,1.0,0.833333,0.00248
50511,181367,1,spatial,person,64,0.784972,1,3,61,0,8,1,1,1,0,1.0,0.833333,0.00248
10402,181941,1,spatial,skis,64,0.676898,1,2,62,19,4,1,1,1,0,1.0,0.666667,0.0
10403,181941,1,spatial,skis,64,0.676898,1,2,62,19,4,1,1,1,0,1.0,0.666667,0.0
45754,182353,1,spatial,person,64,0.846865,1,12,52,0,0,1,1,0,0,1.0,1.0,0.000992
45755,182353,1,attribute,person,64,0.846865,1,12,52,0,0,1,1,0,0,1.0,1.0,0.000992
16254,182353,1,spatial,person,64,0.739193,1,8,56,0,4,1,1,1,0,1.0,1.0,0.000992
16255,182353,1,simple,person,64,0.739193,1,8,56,0,4,1,1,1,0,1.0,1.0,0.000992
80389,182837,1,spatial,person,64,0.837226,1,4,60,0,9,1,1,1,1,1.0,1.0,0.0
80390,182837,1,spatial,person,64,0.837226,1,4,60,0,9,1,1,1,1,1.0,1.0,0.0
63811,183007,1,spatial,car,64,0.857272,1,9,55,0,2,1,1,0,0,1.0,1.0,0.00248
28390,183247,1,spatial,person,64,0.835935,1,12,52,0,2,1,1,0,0,0.909091,0.727273,0.000496
28391,183247,1,simple,person,64,0.835935,1,12,52,0,2,1,1,0,0,0.909091,0.727273,0.000496
77155,183827,1,spatial,bed,64,0.693103,1,1,63,0,0,1,1,0,0,0.666667,0.5,0.000496
77156,183827,1,spatial,bed,64,0.693103,1,1,63,0,0,1,1,0,0,0.666667,0.5,0.000496
49672,183836,1,simple,broccoli,64,0.779194,1,13,51,0,0,1,1,0,0,0.833333,0.833333,0.000496
49673,183836,1,spatial,broccoli,64,0.779194,1,13,51,0,0,1,1,0,0,0.833333,0.833333,0.000496
8461,183953,1,simple,car,64,0.693291,1,2,62,2,1,1,1,0,0,1.0,0.5,0.000496
8462,183953,1,spatial,car,64,0.693291,1,2,62,2,1,1,1,0,0,1.0,0.5,0.000496
21662,184223,1,spatial,zebra,64,0.747641,1,13,51,0,13,1,1,1,1,1.0,1.0,0.000992
21663,184223,1,spatial,zebra,64,0.747641,1,13,51,0,13,1,1,1,1,1.0,1.0,0.000992
103398,184583,1,spatial,cow,64,0.941657,1,9,55,0,16,1,1,1,1,1.0,1.0,0.0
103399,184583,1,simple,cow,64,0.941657,1,9,55,0,16,1,1,1,1,1.0,1.0,0.0
88262,184889,1,spatial,person,64,0.892671,1,4,60,5,6,1,1,1,0,1.0,1.0,0.000496
88263,184889,1,simple,person,64,0.892671,1,4,60,5,6,1,1,1,0,1.0,1.0,0.000496
47529,184889,1,attribute,backpack,64,0.8159,1,7,57,5,5,1,1,1,0,1.0,1.0,0.000496
101426,185447,1,spatial,car,64,0.810112,1,7,57,0,9,1,1,1,1,1.0,1.0,0.001488
101427,185447,1,spatial,car,64,0.810112,1,7,57,0,9,1,1,1,1,1.0,1.0,0.001488
49973,185447,1,spatial,motorcycle,64,0.908655,1,5,59,0,8,1,1,1,0,1.0,1.0,0.001488
49974,185447,1,spatial,motorcycle,64,0.908655,1,5,59,0,8,1,1,1,0,1.0,1.0,0.001488
32530,185447,1,spatial,motorcycle,64,0.818756,1,8,56,0,4,1,1,1,0,1.0,1.0,0.001488
32531,185447,1,spatial,motorcycle,64,0.818756,1,8,56,0,4,1,1,1,0,1.0,1.0,0.001488
64678,185474,1,spatial,sink,64,0.744827,1,5,59,0,4,1,1,1,0,0.666667,0.555556,0.001984
64679,185474,1,attribute,sink,64,0.744827,1,5,59,0,4,1,1,1,0,0.666667,0.555556,0.001984
59473,185474,1,spatial,bowl,64,0.922528,1,6,58,0,6,1,1,1,0,0.666667,0.555556,0.001984
59474,185474,1,spatial,bowl,64,0.922528,1,6,58,0,6,1,1,1,0,0.666667,0.555556,0.001984
4127,185474,1,spatial,sink,64,0.921207,1,6,58,0,6,1,1,1,0,0.666667,0.555556,0.001984
4128,185474,1,spatial,sink,64,0.921207,1,6,58,0,6,1,1,1,0,0.666667,0.555556,0.001984
75,185558,1,spatial,person,64,0.879393,1,6,58,0,6,1,1,1,0,0.833333,0.666667,0.000992
76,185558,1,spatial,person,64,0.879393,1,6,58,0,6,1,1,1,0,0.833333,0.666667,0.000992
51954,185558,1,spatial,person,64,0.90803,1,7,57,0,5,1,1,1,0,0.833333,0.666667,0.000992
51955,185558,1,spatial,person,64,0.90803,1,7,57,0,5,1,1,1,0,0.833333,0.666667,0.000992
25989,187090,1,attribute,person,64,0.902118,1,2,62,0,10,1,1,1,1,0.518519,0.481481,0.001984
25990,187090,1,spatial,person,64,0.902118,1,2,62,0,10,1,1,1,1,0.518519,0.481481,0.001984
85644,187120,1,spatial,carrot,64,0.849018,1,6,58,0,5,1,1,1,0,1.0,0.8,0.001488
85645,187120,1,simple,carrot,64,0.849018,1,6,58,0,5,1,1,1,0,1.0,0.8,0.001488
83172,188140,1,spatial,person,64,0.918848,1,3,61,0,7,1,1,1,0,0.875,0.875,0.002976
83173,188140,1,attribute,person,64,0.918848,1,3,61,0,7,1,1,1,0,0.875,0.875,0.002976
96287,188239,1,spatial,person,64,0.906962,1,1,63,7,6,1,1,1,0,0.575758,0.454545,0.000496
96288,188239,1,spatial,person,64,0.906962,1,1,63,7,6,1,1,1,0,0.575758,0.454545,0.000496
64832,188239,1,spatial,person,64,0.90716,1,3,61,7,4,1,1,1,0,0.575758,0.454545,0.000496
64833,188239,1,attribute,person,64,0.90716,1,3,61,7,4,1,1,1,0,0.575758,0.454545,0.000496
80780,188239,1,spatial,laptop,64,0.784973,1,1,63,7,2,1,1,0,0,0.575758,0.454545,0.000496
82014,188239,1,spatial,laptop,64,0.704402,1,1,63,7,2,1,1,0,0,0.575758,0.454545,0.000496
82015,188239,1,simple,laptop,64,0.704402,1,1,63,7,2,1,1,0,0,0.575758,0.454545,0.000496
77538,188498,1,spatial,person,64,0.782432,1,11,53,0,6,1,1,1,0,1.0,1.0,0.000992
77539,188498,1,attribute,person,64,0.782432,1,11,53,0,6,1,1,1,0,1.0,1.0,0.000992
35623,188606,1,spatial,person,64,0.693007,1,9,55,0,21,1,1,1,1,1.0,0.8,0.000992
35624,188606,1,spatial,person,64,0.693007,1,9,55,0,21,1,1,1,1,1.0,0.8,0.000992
102538,188847,1,spatial,bus,64,0.927121,1,3,61,0,1,1,1,0,0,0.857143,0.571429,0.001984
102539,188847,1,spatial,bus,64,0.927121,1,3,61,0,1,1,1,0,0,0.857143,0.571429,0.001984
64890,188956,1,spatial,person,64,0.874301,1,4,60,0,4,1,1,1,0,1.0,0.75,0.000496
64891,188956,1,spatial,person,64,0.874301,1,4,60,0,4,1,1,1,0,1.0,0.75,0.000496
62154,190868,1,spatial,train,64,0.896052,1,12,52,0,8,1,1,1,0,1.0,1.0,0.001488
62155,190868,1,spatial,train,64,0.896052,1,12,52,0,8,1,1,1,0,1.0,1.0,0.001488
62779,191005,1,spatial,giraffe,64,0.860153,1,10,54,0,17,1,1,1,1,1.0,1.0,0.000992
1836,191005,1,simple,giraffe,64,0.848243,1,10,54,0,17,1,1,1,1,1.0,1.0,0.000992
1837,191005,1,spatial,giraffe,64,0.848243,1,10,54,0,17,1,1,1,1,1.0,1.0,0.000992
20105,191005,1,spatial,giraffe,64,0.847646,1,7,57,0,20,1,1,1,1,1.0,1.0,0.000992
20106,191005,1,spatial,giraffe,64,0.847646,1,7,57,0,20,1,1,1,1,1.0,1.0,0.000992
58032,191828,1,spatial,person,64,0.811334,1,2,62,0,2,1,1,0,0,1.0,1.0,0.0
58033,191828,1,spatial,person,64,0.811334,1,2,62,0,2,1,1,0,0,1.0,1.0,0.0
95584,192104,1,spatial,horse,64,0.844025,1,7,57,0,10,1,1,1,1,0.857143,0.714286,0.002976
95585,192104,1,spatial,horse,64,0.844025,1,7,57,0,10,1,1,1,1,0.857143,0.714286,0.002976
66731,192337,2,spatial,zebra,64,0.893107,1,12,52,0,14,1,1,1,1,1.0,1.0,0.004464
66732,192337,2,spatial,zebra,64,0.893107,1,12,52,0,14,1,1,1,1,1.0,1.0,0.004464
38665,192337,2,spatial,zebra,64,0.877043,1,14,50,0,12,1,1,1,1,1.0,1.0,0.004464
38666,192337,2,spatial,zebra,64,0.877043,1,14,50,0,12,1,1,1,1,1.0,1.0,0.004464
86760,193333,1,spatial,person,64,0.862873,1,12,52,0,4,1,1,1,0,1.0,1.0,0.0
86761,193333,1,spatial,person,64,0.862873,1,12,52,0,4,1,1,1,0,1.0,1.0,0.0
77450,193663,1,simple,person,64,0.723805,1,6,58,0,15,1,1,1,1,0.857143,0.571429,0.0
77451,193663,1,spatial,person,64,0.723805,1,6,58,0,15,1,1,1,1,0.857143,0.571429,0.0
102167,193663,1,spatial,person,64,0.76563,1,11,53,0,10,1,1,1,1,0.857143,0.571429,0.0
102168,193663,1,simple,person,64,0.76563,1,11,53,0,10,1,1,1,1,0.857143,0.571429,0.0
45296,193953,1,spatial,chair,64,0.727527,1,6,58,1,1,1,1,0,0,1.0,0.833333,0.000496
45297,193953,1,spatial,chair,64,0.727527,1,6,58,1,1,1,1,0,0,1.0,0.833333,0.000496
26800,194050,1,spatial,snowboard,64,0.827886,1,12,52,0,3,1,1,0,0,1.0,1.0,0.001984
26801,194050,1,spatial,snowboard,64,0.827886,1,12,52,0,3,1,1,0,0,1.0,1.0,0.001984
292,194531,1,spatial,person,64,0.917976,1,8,56,6,8,1,1,1,0,1.0,1.0,0.003472
293,194531,1,spatial,person,64,0.917976,1,8,56,6,8,1,1,1,0,1.0,1.0,0.003472
28844,194564,2,spatial,person,64,0.873559,1,4,60,0,3,1,1,0,0,0.75,0.625,0.00248
28845,194564,2,spatial,person,64,0.873559,1,4,60,0,3,1,1,0,0,0.75,0.625,0.00248
47376,194564,2,spatial,pizza,64,0.839877,1,1,63,0,6,1,1,1,0,0.75,0.625,0.00248
47377,194564,2,spatial,pizza,64,0.839877,1,1,63,0,6,1,1,1,0,0.75,0.625,0.00248
45849,194564,2,spatial,pizza,64,0.846567,1,3,61,0,4,1,1,1,0,0.75,0.625,0.00248
45850,194564,2,spatial,pizza,64,0.846567,1,3,61,0,4,1,1,1,0,0.75,0.625,0.00248
94098,194564,2,spatial,pizza,64,0.79246,1,2,62,0,5,1,1,1,0,0.75,0.625,0.00248
94099,194564,2,spatial,pizza,64,0.79246,1,2,62,0,5,1,1,1,0,0.75,0.625,0.00248
66485,195816,1,spatial,bench,64,0.607331,1,4,60,0,9,1,1,1,1,0.857143,0.571429,0.0
30212,196998,1,spatial,person,64,0.872702,1,6,58,0,3,1,1,0,0,1.0,0.833333,0.00248
30213,196998,1,simple,person,64,0.872702,1,6,58,0,3,1,1,0,0,1.0,0.833333,0.00248
12093,197383,1,spatial,car,64,0.865159,1,6,58,0,4,1,1,1,0,1.0,1.0,0.000992
12094,197383,1,attribute,car,64,0.865159,1,6,58,0,4,1,1,1,0,1.0,1.0,0.000992
11758,197629,1,spatial,person,64,0.908921,1,3,61,19,6,1,1,1,0,1.0,0.777778,0.00248
11759,197629,1,spatial,person,64,0.908921,1,3,61,19,6,1,1,1,0,1.0,0.777778,0.00248
86879,198240,1,simple,person,64,0.781302,1,11,53,0,3,1,1,0,0,0.833333,0.833333,0.001984
86880,198240,1,simple,person,64,0.781302,1,11,53,0,3,1,1,0,0,0.833333,0.833333,0.001984
28530,198434,1,attribute,person,64,0.943607,1,7,57,0,3,1,1,0,0,1.0,1.0,0.0
28531,198434,1,spatial,person,64,0.943607,1,7,57,0,3,1,1,0,0,1.0,1.0,0.0
99092,199225,1,simple,person,64,0.892436,1,2,62,0,0,1,1,0,0,0.714286,0.714286,0.001984
99093,199225,1,spatial,person,64,0.892436,1,2,62,0,0,1,1,0,0,0.714286,0.714286,0.001984
19556,199956,1,simple,stop sign,64,0.957299,1,1,63,0,0,1,1,0,0,0.75,0.5,0.000496
19557,199956,1,attribute,stop sign,64,0.957299,1,1,63,0,0,1,1,0,0,0.75,0.5,0.000496
73299,200678,1,spatial,person,64,0.813521,1,5,59,0,9,1,1,1,1,1.0,1.0,0.001984
73300,200678,1,spatial,person,64,0.813521,1,5,59,0,9,1,1,1,1,1.0,1.0,0.001984
13387,200678,1,spatial,person,64,0.794412,1,12,52,0,2,1,1,0,0,1.0,1.0,0.001984
13388,200678,1,spatial,person,64,0.794412,1,12,52,0,2,1,1,0,0,1.0,1.0,0.001984
93874,200971,2,spatial,refrigerator,64,0.72191,1,2,62,0,5,1,1,1,0,0.736842,0.526316,0.001488
93875,200971,2,spatial,refrigerator,64,0.72191,1,2,62,0,5,1,1,1,0,0.736842,0.526316,0.001488
95069,200971,2,spatial,refrigerator,64,0.820999,1,5,59,0,2,1,1,0,0,0.736842,0.526316,0.001488
95070,200971,2,spatial,refrigerator,64,0.820999,1,5,59,0,2,1,1,0,0,0.736842,0.526316,0.001488
15435,202567,2,spatial,person,64,0.888723,1,7,57,0,14,1,1,1,1,1.0,1.0,0.00248
15436,202567,2,attribute,person,64,0.888723,1,7,57,0,14,1,1,1,1,1.0,1.0,0.00248
65448,202567,2,spatial,person,64,0.801066,1,9,55,0,12,1,1,1,1,1.0,1.0,0.00248
65449,202567,2,spatial,person,64,0.801066,1,9,55,0,12,1,1,1,1,1.0,1.0,0.00248
61200,202567,2,spatial,skateboard,64,0.913248,1,7,57,0,3,1,1,0,0,1.0,1.0,0.00248
61201,202567,2,spatial,skateboard,64,0.913248,1,7,57,0,3,1,1,0,0,1.0,1.0,0.00248
22725,202617,1,spatial,umbrella,64,0.903164,1,4,60,0,4,1,1,1,0,0.818182,0.727273,0.001984
22726,202617,1,spatial,umbrella,64,0.903164,1,4,60,0,4,1,1,1,0,0.818182,0.727273,0.001984
73826,202617,1,spatial,handbag,64,0.847525,1,4,60,0,1,1,1,0,0,0.818182,0.727273,0.001984
73827,202617,1,spatial,handbag,64,0.847525,1,4,60,0,1,1,1,0,0,0.818182,0.727273,0.001984
28460,202881,1,spatial,cow,64,0.818086,1,15,49,1,10,1,1,1,1,1.0,1.0,0.00248
28461,202881,1,spatial,cow,64,0.818086,1,15,49,1,10,1,1,1,1,1.0,1.0,0.00248
75013,203559,1,simple,person,64,0.819306,1,13,51,0,5,1,1,1,0,1.0,1.0,0.0
75014,203559,1,simple,person,64,0.819306,1,13,51,0,5,1,1,1,0,1.0,1.0,0.0
72290,203765,1,spatial,bicycle,64,0.753763,1,3,61,0,0,1,1,0,0,0.625,0.4375,0.0
72291,203765,1,spatial,bicycle,64,0.753763,1,3,61,0,0,1,1,0,0,0.625,0.4375,0.0
20443,203867,1,simple,backpack,64,0.588899,1,3,61,0,0,1,1,0,0,0.916667,0.75,0.000496
20444,203867,1,spatial,backpack,64,0.588899,1,3,61,0,0,1,1,0,0,0.916667,0.75,0.000496
26645,203982,1,spatial,chair,64,0.852624,1,3,61,0,5,1,1,1,0,1.0,1.0,0.001488
26646,203982,1,spatial,chair,64,0.852624,1,3,61,0,5,1,1,1,0,1.0,1.0,0.001488
104065,203982,1,spatial,couch,64,0.970272,1,5,59,0,1,1,1,0,0,1.0,1.0,0.001488
104066,203982,1,spatial,couch,64,0.970272,1,5,59,0,1,1,1,0,0,1.0,1.0,0.001488
45872,203982,1,attribute,couch,64,0.820608,1,3,61,0,5,1,1,1,0,1.0,1.0,0.001488
45873,203982,1,spatial,couch,64,0.820608,1,3,61,0,5,1,1,1,0,1.0,1.0,0.001488
31648,204378,1,simple,teddy bear,64,0.872636,1,13,51,0,1,1,1,0,0,1.0,1.0,0.000992
31649,204378,1,simple,teddy bear,64,0.872636,1,13,51,0,1,1,1,0,0,1.0,1.0,0.000992
103394,204728,1,attribute,airplane,64,0.792324,1,7,57,0,0,1,1,0,0,0.666667,0.444444,0.000496
103395,204728,1,spatial,airplane,64,0.792324,1,7,57,0,0,1,1,0,0,0.666667,0.444444,0.000496
88498,204735,1,simple,handbag,64,0.923444,1,5,59,0,1,1,1,0,0,1.0,0.8,0.0
88499,204735,1,spatial,handbag,64,0.923444,1,5,59,0,1,1,1,0,0,1.0,0.8,0.0
22456,204746,1,spatial,cow,64,0.879486,1,4,60,0,2,1,1,0,0,1.0,0.666667,0.000992
22457,204746,1,spatial,cow,64,0.879486,1,4,60,0,2,1,1,0,0,1.0,0.666667,0.000992
80753,204746,1,simple,cow,64,0.647226,1,2,62,0,4,1,1,1,0,1.0,0.666667,0.000992
80754,204746,1,spatial,cow,64,0.647226,1,2,62,0,4,1,1,1,0,1.0,0.666667,0.000992
61218,204979,1,spatial,chair,64,0.695315,1,4,60,0,6,1,1,1,0,1.0,0.666667,0.000496
61219,204979,1,spatial,chair,64,0.695315,1,4,60,0,6,1,1,1,0,1.0,0.666667,0.000496
37934,204979,1,spatial,chair,64,0.803543,1,6,58,0,3,1,1,0,0,1.0,0.666667,0.000496
37935,204979,1,spatial,chair,64,0.803543,1,6,58,0,3,1,1,0,0,1.0,0.666667,0.000496
37574,206196,1,spatial,truck,64,0.891324,1,1,63,0,3,1,1,0,0,1.0,0.75,0.0
37575,206196,1,spatial,truck,64,0.891324,1,1,63,0,3,1,1,0,0,1.0,0.75,0.0
88937,207715,1,spatial,horse,64,0.860083,1,10,54,0,22,1,1,1,1,1.0,1.0,0.001984
88938,207715,1,spatial,horse,64,0.860083,1,10,54,0,22,1,1,1,1,1.0,1.0,0.001984
6546,208165,1,spatial,person,64,0.837672,1,8,56,0,5,1,1,1,0,1.0,0.666667,0.001984
6547,208165,1,spatial,person,64,0.837672,1,8,56,0,5,1,1,1,0,1.0,0.666667,0.001984
6889,208165,1,attribute,bed,64,0.688506,1,7,57,0,1,1,1,0,0,1.0,0.666667,0.001984
6890,208165,1,spatial,bed,64,0.688506,1,7,57,0,1,1,1,0,0,1.0,0.666667,0.001984
31285,208189,1,spatial,person,64,0.881511,1,8,56,0,3,1,1,0,0,0.857143,0.857143,0.001488
31286,208189,1,spatial,person,64,0.881511,1,8,56,0,3,1,1,0,0,0.857143,0.857143,0.001488
44764,209178,2,simple,person,64,0.77987,1,10,54,0,9,1,1,1,1,0.833333,0.833333,0.000496
44765,209178,2,spatial,person,64,0.77987,1,10,54,0,9,1,1,1,1,0.833333,0.833333,0.000496
28075,209178,2,spatial,person,64,0.833387,1,9,55,0,10,1,1,1,1,0.833333,0.833333,0.000496
28076,209178,2,spatial,person,64,0.833387,1,9,55,0,10,1,1,1,1,0.833333,0.833333,0.000496
15232,209791,1,spatial,car,64,0.813844,1,8,56,0,23,1,1,1,1,1.0,1.0,0.001984
15233,209791,1,spatial,car,64,0.813844,1,8,56,0,23,1,1,1,1,1.0,1.0,0.001984
13917,210344,1,simple,person,64,0.769902,1,12,52,0,5,1,1,1,0,1.0,1.0,0.001488
13918,210344,1,simple,person,64,0.769902,1,12,52,0,5,1,1,1,0,1.0,1.0,0.001488
17158,210847,1,simple,person,64,0.91211,1,5,59,0,5,1,1,1,0,1.0,1.0,0.000992
17159,210847,1,simple,person,64,0.91211,1,5,59,0,5,1,1,1,0,1.0,1.0,0.000992
92981,211641,1,spatial,bench,64,0.895046,1,2,62,6,1,1,1,0,0,0.933333,0.866667,0.0
92982,211641,1,spatial,bench,64,0.895046,1,2,62,6,1,1,1,0,0,0.933333,0.866667,0.0
5034,211978,1,simple,cow,64,0.718904,1,5,59,0,4,1,1,1,0,0.882353,0.823529,0.000496
4795,212566,1,attribute,bench,64,0.755314,1,5,59,0,5,1,1,1,0,1.0,1.0,0.0
4796,212566,1,attribute,bench,64,0.755314,1,5,59,0,5,1,1,1,0,1.0,1.0,0.0
103277,212863,1,simple,airplane,64,0.879244,1,8,56,0,9,1,1,1,1,1.0,0.857143,0.00248
103278,212863,1,simple,airplane,64,0.879244,1,8,56,0,9,1,1,1,1,1.0,0.857143,0.00248
29257,213003,1,spatial,keyboard,64,0.72157,1,3,61,0,6,1,1,1,0,1.0,0.777778,0.003472
29258,213003,1,spatial,keyboard,64,0.72157,1,3,61,0,6,1,1,1,0,1.0,0.777778,0.003472
57021,213107,1,spatial,person,64,0.860038,1,13,51,0,9,1,1,1,1,1.0,1.0,0.001488
57022,213107,1,spatial,person,64,0.860038,1,13,51,0,9,1,1,1,1,1.0,1.0,0.001488
89230,213536,1,simple,bird,64,0.914422,1,11,53,0,6,1,1,1,0,1.0,1.0,0.000992
89231,213536,1,spatial,bird,64,0.914422,1,11,53,0,6,1,1,1,0,1.0,1.0,0.000992
10851,214059,1,spatial,bus,64,0.837507,1,4,60,0,1,1,1,0,0,0.8,0.8,0.002976
10852,214059,1,spatial,bus,64,0.837507,1,4,60,0,1,1,1,0,0,0.8,0.8,0.002976
16263,214265,2,spatial,person,64,0.740564,1,4,60,0,10,1,1,1,1,1.0,1.0,0.000496
14335,214265,2,spatial,person,64,0.847932,1,4,60,0,10,1,1,1,1,1.0,1.0,0.000496
14336,214265,2,spatial,person,64,0.847932,1,4,60,0,10,1,1,1,1,1.0,1.0,0.000496
86210,214265,2,simple,person,64,0.766177,1,6,58,0,8,1,1,1,0,1.0,1.0,0.000496
86211,214265,2,simple,person,64,0.766177,1,6,58,0,8,1,1,1,0,1.0,1.0,0.000496
84848,214507,1,spatial,zebra,64,0.921719,1,10,54,0,9,1,1,1,1,1.0,1.0,0.00248
84849,214507,1,spatial,zebra,64,0.921719,1,10,54,0,9,1,1,1,1,1.0,1.0,0.00248
27435,214924,1,spatial,dining table,64,0.417102,0,0,64,0,0,0,0,0,0,0.692308,0.615385,0.000496
27436,214924,1,spatial,dining table,64,0.417102,0,0,64,0,0,0,0,0,0,0.692308,0.615385,0.000496
55359,214924,1,simple,potted plant,64,0.618021,1,2,62,0,1,1,1,0,0,0.692308,0.615385,0.000496
36536,214924,1,spatial,person,64,0.873319,1,11,53,0,0,1,1,0,0,0.692308,0.615385,0.000496
36537,214924,1,spatial,person,64,0.873319,1,11,53,0,0,1,1,0,0,0.692308,0.615385,0.000496
13560,215289,2,spatial,sheep,64,0.797252,1,13,51,0,15,1,1,1,1,1.0,1.0,0.000992
13561,215289,2,spatial,sheep,64,0.797252,1,13,51,0,15,1,1,1,1,1.0,1.0,0.000992
22615,215289,2,spatial,sheep,64,0.825489,1,15,49,0,13,1,1,1,1,1.0,1.0,0.000992
100416,217293,1,attribute,person,64,0.845149,1,7,57,0,6,1,1,1,0,0.833333,0.666667,0.000992
100417,217293,1,spatial,person,64,0.845149,1,7,57,0,6,1,1,1,0,0.833333,0.666667,0.000992
29913,217461,2,spatial,person,64,0.751583,1,6,58,0,12,1,1,1,1,1.0,0.75,0.00248
29914,217461,2,spatial,person,64,0.751583,1,6,58,0,12,1,1,1,1,1.0,0.75,0.00248
48023,217461,2,spatial,person,64,0.770653,1,13,51,0,6,1,1,1,0,1.0,0.75,0.00248
48024,217461,2,spatial,person,64,0.770653,1,13,51,0,6,1,1,1,0,1.0,0.75,0.00248
81064,217676,1,spatial,truck,64,0.866325,1,2,62,0,6,1,1,1,0,1.0,0.8,0.000496
81065,217676,1,attribute,truck,64,0.866325,1,2,62,0,6,1,1,1,0,1.0,0.8,0.000496
41971,217725,1,spatial,chair,64,0.87687,1,3,61,0,9,1,1,1,1,1.0,1.0,0.001984
101129,217725,1,spatial,chair,64,0.930787,1,9,55,0,3,1,1,0,0,1.0,1.0,0.001984
101130,217725,1,spatial,chair,64,0.930787,1,9,55,0,3,1,1,0,0,1.0,1.0,0.001984
104292,218809,1,spatial,bowl,64,0.738433,1,1,63,0,2,1,1,0,0,1.0,0.846154,0.001984
104293,218809,1,spatial,bowl,64,0.738433,1,1,63,0,2,1,1,0,0,1.0,0.846154,0.001984
20592,218809,1,spatial,carrot,64,0.850817,1,1,63,0,2,1,1,0,0,1.0,0.846154,0.001984
20593,218809,1,spatial,carrot,64,0.850817,1,1,63,0,2,1,1,0,0,1.0,0.846154,0.001984
59078,219274,1,attribute,bus,64,0.794152,1,5,59,7,3,1,1,0,0,0.8,0.6,0.000496
59079,219274,1,spatial,bus,64,0.794152,1,5,59,7,3,1,1,0,0,0.8,0.6,0.000496
48269,219752,1,spatial,laptop,64,0.810123,1,8,56,0,4,1,1,1,0,1.0,1.0,0.000992
48270,219752,1,spatial,laptop,64,0.810123,1,8,56,0,4,1,1,1,0,1.0,1.0,0.000992
46843,219752,1,spatial,laptop,64,0.865076,1,4,60,0,7,1,1,1,0,1.0,1.0,0.000992
46844,219752,1,attribute,laptop,64,0.865076,1,4,60,0,7,1,1,1,0,1.0,1.0,0.000992
95917,221119,2,simple,person,64,0.885577,1,8,56,0,12,1,1,1,1,1.0,1.0,0.003472
95918,221119,2,spatial,person,64,0.885577,1,8,56,0,12,1,1,1,1,1.0,1.0,0.003472
19032,221654,1,spatial,person,64,0.704493,1,2,62,0,8,1,1,1,0,1.0,0.875,0.000992
19033,221654,1,spatial,person,64,0.704493,1,2,62,0,8,1,1,1,0,1.0,0.875,0.000992
73394,221748,1,spatial,person,64,0.874093,1,8,56,0,8,1,1,1,0,0.875,0.75,0.001488
73395,221748,1,spatial,person,64,0.874093,1,8,56,0,8,1,1,1,0,0.875,0.75,0.001488
9865,221949,1,spatial,handbag,64,0.877312,1,2,62,0,2,1,1,0,0,0.866667,0.533333,0.0
9866,221949,1,spatial,handbag,64,0.877312,1,2,62,0,2,1,1,0,0,0.866667,0.533333,0.0
69604,221949,1,spatial,handbag,64,0.677967,1,1,63,0,3,1,1,0,0,0.866667,0.533333,0.0
69605,221949,1,spatial,handbag,64,0.677967,1,1,63,0,3,1,1,0,0,0.866667,0.533333,0.0
46925,221949,1,attribute,handbag,64,0.586271,1,1,63,0,3,1,1,0,0,0.866667,0.533333,0.0
63936,223095,1,spatial,boat,64,0.650817,1,1,63,33,2,1,1,0,0,0.59375,0.375,0.000496
63937,223095,1,spatial,boat,64,0.650817,1,1,63,33,2,1,1,0,0,0.59375,0.375,0.000496
28712,223095,1,spatial,boat,64,0.697102,1,1,63,33,2,1,1,0,0,0.59375,0.375,0.000496
28713,223095,1,spatial,boat,64,0.697102,1,1,63,33,2,1,1,0,0,0.59375,0.375,0.000496
85918,223415,1,spatial,person,64,0.776074,1,9,55,0,6,1,1,1,0,1.0,1.0,0.001488
85919,223415,1,spatial,person,64,0.776074,1,9,55,0,6,1,1,1,0,1.0,1.0,0.001488
15153,223871,2,spatial,person,64,0.882023,1,8,56,0,8,1,1,1,0,1.0,1.0,0.002976
15154,223871,2,simple,person,64,0.882023,1,8,56,0,8,1,1,1,0,1.0,1.0,0.002976
74368,223871,2,spatial,person,64,0.764023,1,8,56,0,6,1,1,1,0,1.0,1.0,0.002976
74369,223871,2,spatial,person,64,0.764023,1,8,56,0,6,1,1,1,0,1.0,1.0,0.002976
31882,224241,1,spatial,skateboard,64,0.413742,0,0,64,0,0,0,0,0,0,0.777778,0.666667,0.00248
31883,224241,1,spatial,skateboard,64,0.413742,0,0,64,0,0,0,0,0,0,0.777778,0.666667,0.00248
89414,224667,1,spatial,person,64,0.889075,1,5,59,3,11,1,1,1,1,1.0,1.0,0.000992
89415,224667,1,spatial,person,64,0.889075,1,5,59,3,11,1,1,1,1,1.0,1.0,0.000992
54303,224895,1,spatial,sink,64,0.873598,1,4,60,0,2,1,1,0,0,1.0,0.666667,0.000496
54304,224895,1,attribute,sink,64,0.873598,1,4,60,0,2,1,1,0,0,1.0,0.666667,0.000496
82421,225060,1,spatial,tv,64,0.94716,1,3,61,0,3,1,1,0,0,0.928571,0.642857,0.001488
82422,225060,1,simple,tv,64,0.94716,1,3,61,0,3,1,1,0,0,0.928571,0.642857,0.001488
39806,225124,1,spatial,person,64,0.761771,1,6,58,0,11,1,1,1,1,1.0,1.0,0.000496
39807,225124,1,spatial,person,64,0.761771,1,6,58,0,11,1,1,1,1,1.0,1.0,0.000496
41152,225124,1,spatial,person,64,0.789929,1,11,53,0,6,1,1,1,0,1.0,1.0,0.000496
41153,225124,1,attribute,person,64,0.789929,1,11,53,0,6,1,1,1,0,1.0,1.0,0.000496
39927,225210,1,spatial,person,64,0.852069,1,10,54,0,12,1,1,1,1,1.0,0.6,0.000992
39928,225210,1,spatial,person,64,0.852069,1,10,54,0,12,1,1,1,1,1.0,0.6,0.000992
97478,225210,1,spatial,person,64,0.948683,1,7,57,0,15,1,1,1,1,1.0,0.6,0.000992
97479,225210,1,spatial,person,64,0.948683,1,7,57,0,15,1,1,1,1,1.0,0.6,0.000992
74011,225213,1,spatial,zebra,64,0.805509,1,11,53,0,10,1,1,1,1,1.0,1.0,0.001984
74012,225213,1,spatial,zebra,64,0.805509,1,11,53,0,10,1,1,1,1,1.0,1.0,0.001984
75366,225213,1,spatial,zebra,64,0.797012,1,10,54,0,11,1,1,1,1,1.0,1.0,0.001984
75367,225213,1,spatial,zebra,64,0.797012,1,10,54,0,11,1,1,1,1,1.0,1.0,0.001984
24764,225274,1,attribute,horse,64,0.790212,1,7,57,0,3,1,1,0,0,1.0,1.0,0.000992
24765,225274,1,attribute,horse,64,0.790212,1,7,57,0,3,1,1,0,0,1.0,1.0,0.000992
57107,225313,1,spatial,truck,64,0.694167,1,1,63,11,1,1,1,0,0,0.583333,0.375,0.000992
57108,225313,1,spatial,truck,64,0.694167,1,1,63,11,1,1,1,0,0,0.583333,0.375,0.000992
58656,225477,1,spatial,cake,64,0.186869,0,0,64,0,0,0,0,0,0,0.62069,0.551724,0.00248
58657,225477,1,spatial,cake,64,0.186869,0,0,64,0,0,0,0,0,0,0.62069,0.551724,0.00248
23568,225477,1,spatial,person,64,0.884465,1,3,61,0,1,1,1,0,0,0.62069,0.551724,0.00248
23569,225477,1,spatial,person,64,0.884465,1,3,61,0,1,1,1,0,0,0.62069,0.551724,0.00248
69832,226350,1,spatial,person,64,0.873047,1,11,53,0,7,1,1,1,0,1.0,1.0,0.003968
69833,226350,1,spatial,person,64,0.873047,1,11,53,0,7,1,1,1,0,1.0,1.0,0.003968
84145,227012,2,spatial,car,64,0.898104,1,10,54,0,7,1,1,1,0,1.0,0.833333,0.001984
84146,227012,2,spatial,car,64,0.898104,1,10,54,0,7,1,1,1,0,1.0,0.833333,0.001984
32262,227012,2,spatial,person,64,0.755211,1,8,56,0,7,1,1,1,0,1.0,0.833333,0.001984
32263,227012,2,attribute,person,64,0.755211,1,8,56,0,7,1,1,1,0,1.0,0.833333,0.001984
75440,227012,2,spatial,person,64,0.801553,1,10,54,0,8,1,1,1,0,1.0,0.833333,0.001984
75441,227012,2,spatial,person,64,0.801553,1,10,54,0,8,1,1,1,0,1.0,0.833333,0.001984
68766,227202,1,spatial,horse,64,0.846572,1,14,50,0,5,1,1,1,0,1.0,1.0,0.0
68767,227202,1,spatial,horse,64,0.846572,1,14,50,0,5,1,1,1,0,1.0,1.0,0.0
54454,227484,1,spatial,car,64,0.818454,1,7,57,0,6,1,1,1,0,1.0,1.0,0.001984
54455,227484,1,spatial,car,64,0.818454,1,7,57,0,6,1,1,1,0,1.0,1.0,0.001984
35994,227484,1,attribute,truck,64,0.819667,1,9,55,0,8,1,1,1,0,1.0,1.0,0.001984
35995,227484,1,attribute,truck,64,0.819667,1,9,55,0,8,1,1,1,0,1.0,1.0,0.001984
72713,227490,1,spatial,train,64,0.73,1,11,53,0,5,1,1,1,0,1.0,1.0,0.000496
72714,227490,1,spatial,train,64,0.73,1,11,53,0,5,1,1,1,0,1.0,1.0,0.000496
29441,228074,1,spatial,zebra,64,0.92261,1,8,56,0,5,1,1,1,0,1.0,1.0,0.000496
29442,228074,1,spatial,zebra,64,0.92261,1,8,56,0,5,1,1,1,0,1.0,1.0,0.000496
70815,228474,1,simple,airplane,64,0.785031,1,11,53,4,9,1,1,1,1,1.0,1.0,0.00248
70816,228474,1,spatial,airplane,64,0.785031,1,11,53,4,9,1,1,1,1,1.0,1.0,0.00248
100994,228647,1,attribute,horse,64,0.792748,1,5,59,0,5,1,1,1,0,0.666667,0.583333,0.000496
100995,228647,1,spatial,horse,64,0.792748,1,5,59,0,5,1,1,1,0,0.666667,0.583333,0.000496
69697,228647,1,spatial,person,64,0.841023,1,7,57,0,9,1,1,1,1,0.666667,0.583333,0.000496
14765,228732,1,spatial,person,64,0.94579,1,1,63,0,1,1,1,0,0,1.0,0.666667,0.000992
14766,228732,1,spatial,person,64,0.94579,1,1,63,0,1,1,1,0,0,1.0,0.666667,0.000992
40380,230321,2,spatial,bed,64,0.895276,1,6,58,0,9,1,1,1,1,1.0,0.75,0.000992
40381,230321,2,spatial,bed,64,0.895276,1,6,58,0,9,1,1,1,1,1.0,0.75,0.000992
4926,230321,2,spatial,bed,64,0.716692,1,7,57,0,8,1,1,1,0,1.0,0.75,0.000992
4927,230321,2,spatial,bed,64,0.716692,1,7,57,0,8,1,1,1,0,1.0,0.75,0.000992
12587,230321,2,spatial,bed,64,0.699287,1,3,61,0,12,1,1,1,1,1.0,0.75,0.000992
34996,230735,1,simple,person,64,0.778465,1,9,55,0,6,1,1,1,0,0.833333,0.666667,0.0
34997,230735,1,spatial,person,64,0.778465,1,9,55,0,6,1,1,1,0,0.833333,0.666667,0.0
82203,230777,1,simple,person,64,0.865641,1,8,56,1,2,1,1,0,0,1.0,0.75,0.000992
82204,230777,1,spatial,person,64,0.865641,1,8,56,1,2,1,1,0,0,1.0,0.75,0.000992
38411,230996,1,simple,truck,64,0.842335,1,2,62,0,2,1,1,0,0,0.75,0.59375,0.002976
38412,230996,1,spatial,truck,64,0.842335,1,2,62,0,2,1,1,0,0,0.75,0.59375,0.002976
86484,231466,1,spatial,boat,64,0.879731,1,10,54,0,5,1,1,1,0,1.0,1.0,0.000496
86485,231466,1,spatial,boat,64,0.879731,1,10,54,0,5,1,1,1,0,1.0,1.0,0.000496
71419,231657,1,spatial,fork,64,0.849185,1,13,51,0,10,1,1,1,1,1.0,1.0,0.00248
71420,231657,1,spatial,fork,64,0.849185,1,13,51,0,10,1,1,1,1,1.0,1.0,0.00248
35469,231657,1,spatial,dining table,64,0.899686,1,5,59,0,1,1,1,0,0,1.0,1.0,0.00248
35470,231657,1,attribute,dining table,64,0.899686,1,5,59,0,1,1,1,0,0,1.0,1.0,0.00248
55997,231878,1,spatial,umbrella,64,0.86519,1,6,58,0,2,1,1,0,0,0.888889,0.777778,0.002976
55998,231878,1,spatial,umbrella,64,0.86519,1,6,58,0,2,1,1,0,0,0.888889,0.777778,0.002976
1797,231878,1,spatial,umbrella,64,0.74581,1,2,62,0,6,1,1,1,0,0.888889,0.777778,0.002976
1798,231878,1,spatial,umbrella,64,0.74581,1,2,62,0,6,1,1,1,0,0.888889,0.777778,0.002976
80460,232167,2,spatial,keyboard,64,0.817249,1,2,62,34,0,1,1,0,0,0.235294,0.176471,0.000496
80461,232167,2,attribute,keyboard,64,0.817249,1,2,62,34,0,1,1,0,0,0.235294,0.176471,0.000496
39833,232167,2,attribute,tv,64,0.001427,0,0,64,34,0,0,0,0,0,0.235294,0.176471,0.000496
39834,232167,2,spatial,tv,64,0.001427,0,0,64,34,0,0,0,0,0,0.235294,0.176471,0.000496
91573,232186,1,spatial,broccoli,64,0.768402,1,8,56,0,8,1,1,1,0,1.0,1.0,0.000992
91574,232186,1,spatial,broccoli,64,0.768402,1,8,56,0,8,1,1,1,0,1.0,1.0,0.000992
100561,232691,1,spatial,person,64,0.875034,1,3,61,0,12,1,1,1,1,1.0,0.8,0.000496
100562,232691,1,simple,person,64,0.875034,1,3,61,0,12,1,1,1,1,1.0,0.8,0.000496
26630,232717,1,spatial,chair,64,0.812761,1,4,60,0,9,1,1,1,1,1.0,0.8,0.001488
26631,232717,1,attribute,chair,64,0.812761,1,4,60,0,9,1,1,1,1,1.0,0.8,0.001488
28178,232717,1,spatial,chair,64,0.772435,1,9,55,0,4,1,1,1,0,1.0,0.8,0.001488
28179,232717,1,spatial,chair,64,0.772435,1,9,55,0,4,1,1,1,0,1.0,0.8,0.001488
14728,233526,1,spatial,person,64,0.865199,1,2,62,0,8,1,1,1,0,0.933333,0.733333,0.002976
14729,233526,1,attribute,person,64,0.865199,1,2,62,0,8,1,1,1,0,0.933333,0.733333,0.002976
6691,234616,1,spatial,person,64,0.73605,1,10,54,0,8,1,1,1,0,1.0,0.833333,0.0
6692,234616,1,spatial,person,64,0.73605,1,10,54,0,8,1,1,1,0,1.0,0.833333,0.0
66755,234616,1,spatial,person,64,0.86591,1,6,58,0,12,1,1,1,1,1.0,0.833333,0.0
66756,234616,1,simple,person,64,0.86591,1,6,58,0,12,1,1,1,1,1.0,0.833333,0.0
3292,235744,1,spatial,cup,64,0.884533,1,2,62,0,3,1,1,0,0,0.75,0.75,0.000496
3293,235744,1,spatial,cup,64,0.884533,1,2,62,0,3,1,1,0,0,0.75,0.75,0.000496
11489,236260,1,spatial,person,64,0.800899,1,9,55,0,4,1,1,1,0,0.833333,0.833333,0.000992
11490,236260,1,spatial,person,64,0.800899,1,9,55,0,4,1,1,1,0,0.833333,0.833333,0.000992
39912,236519,1,spatial,person,64,0.756224,1,7,57,1,4,1,1,1,0,0.6,0.4,0.000992
39913,236519,1,attribute,person,64,0.756224,1,7,57,1,4,1,1,1,0,0.6,0.4,0.000992
85840,237002,2,spatial,umbrella,64,0.849406,1,2,62,31,3,1,1,0,0,0.727273,0.5,0.000496
85841,237002,2,spatial,umbrella,64,0.849406,1,2,62,31,3,1,1,0,0,0.727273,0.5,0.000496
37717,237002,2,spatial,umbrella,64,0.83947,1,2,62,31,3,1,1,0,0,0.727273,0.5,0.000496
37718,237002,2,spatial,umbrella,64,0.83947,1,2,62,31,3,1,1,0,0,0.727273,0.5,0.000496
42267,237515,2,spatial,chair,64,0.725356,1,3,61,0,6,1,1,1,0,0.8,0.6,0.000496
95486,237515,2,spatial,chair,64,0.559147,1,1,63,0,8,1,1,1,0,0.8,0.6,0.000496
95487,237515,2,spatial,chair,64,0.559147,1,1,63,0,8,1,1,1,0,0.8,0.6,0.000496
16935,238828,1,spatial,chair,64,0.605373,1,2,62,0,1,1,1,0,0,0.888889,0.666667,0.001488
16936,238828,1,spatial,chair,64,0.605373,1,2,62,0,1,1,1,0,0,0.888889,0.666667,0.001488
95205,238828,1,spatial,person,64,0.741054,1,5,59,0,8,1,1,1,0,0.888889,0.666667,0.001488
95206,238828,1,spatial,person,64,0.741054,1,5,59,0,8,1,1,1,0,0.888889,0.666667,0.001488
22778,239532,1,attribute,boat,64,0.89579,1,4,60,0,5,1,1,1,0,1.0,1.0,0.001984
22779,239532,1,spatial,boat,64,0.89579,1,4,60,0,5,1,1,1,0,1.0,1.0,0.001984
88394,239745,1,spatial,skis,64,0.26507,0,0,64,0,0,0,0,0,0,0.666667,0.333333,0.0
88395,239745,1,spatial,skis,64,0.26507,0,0,64,0,0,0,0,0,0,0.666667,0.333333,0.0
86335,240684,1,spatial,person,64,0.834707,1,4,60,0,5,1,1,1,0,1.0,1.0,0.00248
86336,240684,1,attribute,person,64,0.834707,1,4,60,0,5,1,1,1,0,1.0,1.0,0.00248
12567,240709,1,spatial,chair,64,0.956815,1,7,57,0,9,1,1,1,1,0.571429,0.428571,0.000496
12568,240709,1,simple,chair,64,0.956815,1,7,57,0,9,1,1,1,1,0.571429,0.428571,0.000496
5590,240709,1,spatial,chair,64,0.907087,1,3,61,0,13,1,1,1,1,0.571429,0.428571,0.000496
5591,240709,1,spatial,chair,64,0.907087,1,3,61,0,13,1,1,1,1,0.571429,0.428571,0.000496
23474,240741,1,spatial,bed,64,0.78205,1,4,60,0,1,1,1,0,0,0.769231,0.615385,0.003472
23475,240741,1,spatial,bed,64,0.78205,1,4,60,0,1,1,1,0,0,0.769231,0.615385,0.003472
65811,240951,1,simple,motorcycle,64,0.686787,1,3,61,0,6,1,1,1,0,1.0,0.714286,0.001488
65812,240951,1,spatial,motorcycle,64,0.686787,1,3,61,0,6,1,1,1,0,1.0,0.714286,0.001488
64480,240951,1,spatial,motorcycle,64,0.829008,1,4,60,0,5,1,1,1,0,1.0,0.714286,0.001488
64481,240951,1,spatial,motorcycle,64,0.829008,1,4,60,0,5,1,1,1,0,1.0,0.714286,0.001488
15963,241527,1,spatial,apple,64,0.876231,1,4,60,0,2,1,1,0,0,1.0,0.857143,0.00248
18688,241527,1,spatial,apple,64,0.502188,1,1,63,0,5,1,1,1,0,1.0,0.857143,0.00248
18689,241527,1,spatial,apple,64,0.502188,1,1,63,0,5,1,1,1,0,1.0,0.857143,0.00248
79412,242039,1,spatial,airplane,64,0.723081,1,8,56,0,4,1,1,1,0,0.833333,0.583333,0.000496
79413,242039,1,spatial,airplane,64,0.723081,1,8,56,0,4,1,1,1,0,0.833333,0.583333,0.000496
19648,242039,1,spatial,airplane,64,0.688121,1,1,63,0,11,1,1,1,1,0.833333,0.583333,0.000496
19649,242039,1,spatial,airplane,64,0.688121,1,1,63,0,11,1,1,1,1,0.833333,0.583333,0.000496
64501,242827,1,spatial,cake,64,0.735691,1,11,53,0,8,1,1,1,0,1.0,1.0,0.001488
64502,242827,1,spatial,cake,64,0.735691,1,11,53,0,8,1,1,1,0,1.0,1.0,0.001488
82606,243268,1,spatial,person,64,0.766947,1,7,57,0,3,1,1,0,0,1.0,1.0,0.000992
82607,243268,1,spatial,person,64,0.766947,1,7,57,0,3,1,1,0,0,1.0,1.0,0.000992
79273,243292,1,spatial,train,64,0.723559,1,4,60,0,3,1,1,0,0,0.909091,0.727273,0.0
79274,243292,1,spatial,train,64,0.723559,1,4,60,0,3,1,1,0,0,0.909091,0.727273,0.0
14091,243782,2,spatial,person,64,0.874902,1,4,60,0,15,1,1,1,1,0.833333,0.666667,0.000496
14092,243782,2,spatial,person,64,0.874902,1,4,60,0,15,1,1,1,1,0.833333,0.666667,0.000496
80440,244095,1,spatial,person,64,0.822757,1,13,51,0,6,1,1,1,0,1.0,1.0,0.00248
80441,244095,1,spatial,person,64,0.822757,1,13,51,0,6,1,1,1,0,1.0,1.0,0.00248
15212,244179,2,spatial,cow,64,0.801468,1,18,46,0,0,1,1,0,0,1.0,1.0,0.0
15213,244179,2,spatial,cow,64,0.801468,1,18,46,0,0,1,1,0,0,1.0,1.0,0.0
30348,244418,1,simple,giraffe,64,0.708419,1,11,53,0,23,1,1,1,1,1.0,1.0,0.003968
30349,244418,1,spatial,giraffe,64,0.708419,1,11,53,0,23,1,1,1,1,1.0,1.0,0.003968
51135,244646,1,attribute,chair,64,0.904025,1,3,61,0,0,1,1,0,0,0.642857,0.5,0.000992
51136,244646,1,spatial,chair,64,0.904025,1,3,61,0,0,1,1,0,0,0.642857,0.5,0.000992
72325,244646,1,spatial,book,64,0.274301,0,0,64,0,0,0,0,0,0,0.642857,0.5,0.000992
72326,244646,1,spatial,book,64,0.274301,0,0,64,0,0,0,0,0,0,0.642857,0.5,0.000992
66962,245367,1,spatial,person,64,0.806104,1,9,55,0,12,1,1,1,1,1.0,1.0,0.002976
66963,245367,1,attribute,person,64,0.806104,1,9,55,0,12,1,1,1,1,1.0,1.0,0.002976
101267,245392,1,attribute,train,64,0.744533,1,12,52,0,5,1,1,1,0,1.0,1.0,0.001984
101268,245392,1,spatial,train,64,0.744533,1,12,52,0,5,1,1,1,0,1.0,1.0,0.001984
13815,245817,1,spatial,person,64,0.729084,1,9,55,0,8,1,1,1,0,1.0,1.0,0.00248
13816,245817,1,spatial,person,64,0.729084,1,9,55,0,8,1,1,1,0,1.0,1.0,0.00248
26444,246364,1,spatial,cow,64,0.743557,1,9,55,0,6,1,1,1,0,1.0,1.0,0.0
26445,246364,1,attribute,cow,64,0.743557,1,9,55,0,6,1,1,1,0,1.0,1.0,0.0
14553,246423,1,attribute,truck,64,0.880494,1,1,63,0,1,1,1,0,0,0.641026,0.538462,0.001984
14554,246423,1,spatial,truck,64,0.880494,1,1,63,0,1,1,1,0,0,0.641026,0.538462,0.001984
17979,246990,1,spatial,person,64,0.809174,1,10,54,0,4,1,1,1,0,1.0,1.0,0.001984
17980,246990,1,spatial,person,64,0.809174,1,10,54,0,4,1,1,1,0,1.0,1.0,0.001984
28604,246990,1,spatial,skateboard,64,0.829505,1,7,57,0,8,1,1,1,0,1.0,1.0,0.001984
28605,246990,1,spatial,skateboard,64,0.829505,1,7,57,0,8,1,1,1,0,1.0,1.0,0.001984
60839,247114,1,simple,person,64,0.692159,1,12,52,0,10,1,1,1,1,1.0,0.875,0.000992
60840,247114,1,simple,person,64,0.692159,1,12,52,0,10,1,1,1,1,1.0,0.875,0.000992
31732,249675,1,spatial,bus,64,0.818545,1,4,60,0,5,1,1,1,0,0.857143,0.714286,0.000992
31733,249675,1,spatial,bus,64,0.818545,1,4,60,0,5,1,1,1,0,0.857143,0.714286,0.000992
48646,249675,1,spatial,person,64,0.836593,1,2,62,0,5,1,1,1,0,0.857143,0.714286,0.000992
48647,249675,1,spatial,person,64,0.836593,1,2,62,0,5,1,1,1,0,0.857143,0.714286,0.000992
87707,249921,1,spatial,zebra,64,0.942469,1,14,50,0,15,1,1,1,1,1.0,1.0,0.000992
87708,249921,1,spatial,zebra,64,0.942469,1,14,50,0,15,1,1,1,1,1.0,1.0,0.000992
21154,249921,1,spatial,zebra,64,0.968596,1,15,49,0,14,1,1,1,1,1.0,1.0,0.000992
21155,249921,1,simple,zebra,64,0.968596,1,15,49,0,14,1,1,1,1,1.0,1.0,0.000992
34609,250192,1,spatial,elephant,64,0.759516,1,2,62,0,8,1,1,1,0,0.9375,0.9375,0.003968
34610,250192,1,spatial,elephant,64,0.759516,1,2,62,0,8,1,1,1,0,0.9375,0.9375,0.003968
74211,252283,1,attribute,motorcycle,64,0.914567,1,4,60,0,15,1,1,1,1,1.0,1.0,0.004464
74212,252283,1,spatial,motorcycle,64,0.914567,1,4,60,0,15,1,1,1,1,1.0,1.0,0.004464
334,252283,1,spatial,motorcycle,64,0.882547,1,6,58,0,13,1,1,1,1,1.0,1.0,0.004464
335,252283,1,spatial,motorcycle,64,0.882547,1,6,58,0,13,1,1,1,1,1.0,1.0,0.004464
30512,253260,1,spatial,car,64,0.816115,1,9,55,0,8,1,1,1,0,1.0,0.714286,0.00248
30513,253260,1,spatial,car,64,0.816115,1,9,55,0,8,1,1,1,0,1.0,0.714286,0.00248
32751,253513,1,spatial,tv,64,0.936907,1,3,61,0,3,1,1,0,0,0.9,0.8,0.001488
32752,253513,1,simple,tv,64,0.936907,1,3,61,0,3,1,1,0,0,0.9,0.8,0.001488
103419,253904,2,spatial,potted plant,64,0.828476,1,4,60,0,12,1,1,1,1,0.923077,0.769231,0.000992
68871,253904,2,spatial,potted plant,64,0.746692,1,4,60,0,12,1,1,1,1,0.923077,0.769231,0.000992
68872,253904,2,spatial,potted plant,64,0.746692,1,4,60,0,12,1,1,1,1,0.923077,0.769231,0.000992
70250,253904,2,spatial,potted plant,64,0.742591,1,5,59,0,11,1,1,1,1,0.923077,0.769231,0.000992
70251,253904,2,spatial,potted plant,64,0.742591,1,5,59,0,11,1,1,1,1,0.923077,0.769231,0.000992
68707,254046,1,spatial,motorcycle,64,0.823195,1,4,60,0,11,1,1,1,1,0.882353,0.764706,0.000992
68708,254046,1,spatial,motorcycle,64,0.823195,1,4,60,0,11,1,1,1,1,0.882353,0.764706,0.000992
14724,254291,2,spatial,giraffe,64,0.75638,1,11,53,0,8,1,1,1,0,1.0,0.75,0.001488
64809,254291,2,spatial,giraffe,64,0.942859,1,13,51,0,6,1,1,1,0,1.0,0.75,0.001488
64810,254291,2,spatial,giraffe,64,0.942859,1,13,51,0,6,1,1,1,0,1.0,0.75,0.001488
21616,254660,1,attribute,chair,64,0.793531,1,5,59,0,5,1,1,1,0,1.0,1.0,0.001488
21617,254660,1,spatial,chair,64,0.793531,1,5,59,0,5,1,1,1,0,1.0,1.0,0.001488
102904,255233,1,spatial,train,64,0.856967,1,7,57,1,9,1,1,1,1,1.0,1.0,0.001984
102905,255233,1,simple,train,64,0.856967,1,7,57,1,9,1,1,1,1,1.0,1.0,0.001984
43976,255495,1,spatial,bicycle,64,0.724175,1,6,58,0,0,1,1,0,0,0.866667,0.666667,0.000992
53295,255495,1,spatial,person,64,0.706244,1,6,58,0,1,1,1,0,0,0.866667,0.666667,0.000992
53296,255495,1,spatial,person,64,0.706244,1,6,58,0,1,1,1,0,0,0.866667,0.666667,0.000992
39749,255495,1,spatial,person,64,0.660734,1,4,60,0,3,1,1,0,0,0.866667,0.666667,0.000992
91408,255495,1,spatial,bicycle,64,0.455798,0,0,64,0,0,0,0,0,0,0.866667,0.666667,0.000992
91409,255495,1,spatial,bicycle,64,0.455798,0,0,64,0,0,0,0,0,0,0.866667,0.666667,0.000992
41879,255576,1,spatial,train,64,0.708246,1,7,57,0,0,1,1,0,0,0.833333,0.666667,0.000496
41880,255576,1,spatial,train,64,0.708246,1,7,57,0,0,1,1,0,0,0.833333,0.666667,0.000496
82921,256643,1,spatial,person,64,0.928915,1,2,62,0,7,1,1,1,0,0.833333,0.666667,0.000992
82922,256643,1,spatial,person,64,0.928915,1,2,62,0,7,1,1,1,0,0.833333,0.666667,0.000992
27107,256643,1,simple,person,64,0.925413,1,4,60,0,5,1,1,1,0,0.833333,0.666667,0.000992
27108,256643,1,attribute,person,64,0.925413,1,4,60,0,5,1,1,1,0,0.833333,0.666667,0.000992
1392,256760,1,spatial,traffic light,64,0.824372,1,5,59,0,9,1,1,1,1,1.0,1.0,0.0
1393,256760,1,spatial,traffic light,64,0.824372,1,5,59,0,9,1,1,1,1,1.0,1.0,0.0
104039,256760,1,spatial,traffic light,64,0.906769,1,9,55,0,5,1,1,1,0,1.0,1.0,0.0
104040,256760,1,spatial,traffic light,64,0.906769,1,9,55,0,5,1,1,1,0,1.0,1.0,0.0
54055,256809,1,spatial,giraffe,64,0.805856,1,15,49,0,17,1,1,1,1,1.0,1.0,0.005456
54056,256809,1,simple,giraffe,64,0.805856,1,15,49,0,17,1,1,1,1,1.0,1.0,0.005456
52506,256809,1,spatial,giraffe,64,0.822821,1,17,47,0,15,1,1,1,1,1.0,1.0,0.005456
52507,256809,1,spatial,giraffe,64,0.822821,1,17,47,0,15,1,1,1,1,1.0,1.0,0.005456
68585,257255,1,spatial,giraffe,64,0.789143,1,11,53,0,7,1,1,1,0,1.0,1.0,0.001488
68586,257255,1,spatial,giraffe,64,0.789143,1,11,53,0,7,1,1,1,0,1.0,1.0,0.001488
29093,257255,1,spatial,giraffe,64,0.752457,1,14,50,0,4,1,1,1,0,1.0,1.0,0.001488
29094,257255,1,spatial,giraffe,64,0.752457,1,14,50,0,4,1,1,1,0,1.0,1.0,0.001488
1402,257858,1,attribute,chair,64,0.843391,1,5,59,0,8,1,1,1,0,0.6,0.4,0.00248
1403,257858,1,spatial,chair,64,0.843391,1,5,59,0,8,1,1,1,0,0.6,0.4,0.00248
75405,258134,1,spatial,person,64,0.806401,1,11,53,0,12,1,1,1,1,0.857143,0.714286,0.00248
75406,258134,1,attribute,person,64,0.806401,1,11,53,0,12,1,1,1,1,0.857143,0.714286,0.00248
75957,258774,1,spatial,chair,64,0.918247,1,5,59,0,7,1,1,1,0,0.769231,0.615385,0.000496
75958,258774,1,attribute,chair,64,0.918247,1,5,59,0,7,1,1,1,0,0.769231,0.615385,0.000496
58977,258774,1,spatial,person,64,0.802865,1,8,56,0,3,1,1,0,0,0.769231,0.615385,0.000496
58978,258774,1,spatial,person,64,0.802865,1,8,56,0,3,1,1,0,0,0.769231,0.615385,0.000496
84380,258774,1,attribute,couch,64,0.817443,1,5,59,0,1,1,1,0,0,0.769231,0.615385,0.000496
84381,258774,1,spatial,couch,64,0.817443,1,5,59,0,1,1,1,0,0,0.769231,0.615385,0.000496
78100,258878,1,attribute,train,64,0.846658,1,7,57,0,6,1,1,1,0,1.0,1.0,0.001488
78101,258878,1,spatial,train,64,0.846658,1,7,57,0,6,1,1,1,0,1.0,1.0,0.001488
9063,258927,1,simple,person,64,0.78149,1,9,55,0,10,1,1,1,1,1.0,0.8,0.00248
9064,258927,1,simple,person,64,0.78149,1,9,55,0,10,1,1,1,1,1.0,0.8,0.00248
95278,259028,1,attribute,person,64,0.869831,1,10,54,0,3,1,1,0,0,0.75,0.75,0.001488
95279,259028,1,spatial,person,64,0.869831,1,10,54,0,3,1,1,0,0,0.75,0.75,0.001488
47567,259591,1,spatial,chair,64,0.807527,1,4,60,0,4,1,1,1,0,0.909091,0.818182,0.002976
47568,259591,1,spatial,chair,64,0.807527,1,4,60,0,4,1,1,1,0,0.909091,0.818182,0.002976
43144,259884,1,simple,bus,64,0.747064,1,6,58,0,1,1,1,0,0,0.823529,0.647059,0.00248
43145,259884,1,simple,bus,64,0.747064,1,6,58,0,1,1,1,0,0,0.823529,0.647059,0.00248
91577,260443,1,simple,couch,64,0.802315,1,9,55,0,3,1,1,0,0,0.928571,0.857143,0.001984
91578,260443,1,spatial,couch,64,0.802315,1,9,55,0,3,1,1,0,0,0.928571,0.857143,0.001984
90409,260982,1,spatial,person,64,0.886943,1,6,58,0,6,1,1,1,0,1.0,1.0,0.000992
90410,260982,1,spatial,person,64,0.886943,1,6,58,0,6,1,1,1,0,1.0,1.0,0.000992
99818,261003,1,attribute,car,64,0.746063,1,6,58,0,1,1,1,0,0,0.769231,0.692308,0.000992
99819,261003,1,spatial,car,64,0.746063,1,6,58,0,1,1,1,0,0,0.769231,0.692308,0.000992
102536,263275,1,spatial,person,64,0.802257,1,9,55,0,6,1,1,1,0,1.0,0.75,0.000496
102537,263275,1,spatial,person,64,0.802257,1,9,55,0,6,1,1,1,0,1.0,0.75,0.000496
83980,263278,1,spatial,surfboard,64,0.823435,1,1,63,17,0,1,1,0,0,0.6875,0.5,0.0
83981,263278,1,spatial,surfboard,64,0.823435,1,1,63,17,0,1,1,0,0,0.6875,0.5,0.0
4220,263810,1,spatial,person,64,0.821943,1,2,62,0,2,1,1,0,0,0.8125,0.625,0.0
4221,263810,1,spatial,person,64,0.821943,1,2,62,0,2,1,1,0,0,0.8125,0.625,0.0
6299,263810,1,spatial,person,64,0.553245,1,2,62,0,2,1,1,0,0,0.8125,0.625,0.0
6300,263810,1,spatial,person,64,0.553245,1,2,62,0,2,1,1,0,0,0.8125,0.625,0.0
22528,263896,1,spatial,dog,64,0.712172,1,6,58,0,2,1,1,0,0,1.0,1.0,0.000992
22529,263896,1,spatial,dog,64,0.712172,1,6,58,0,2,1,1,0,0,1.0,1.0,0.000992
75993,264076,1,spatial,person,64,0.853508,1,10,54,0,10,1,1,1,1,1.0,1.0,0.001984
75994,264076,1,simple,person,64,0.853508,1,10,54,0,10,1,1,1,1,1.0,1.0,0.001984
60336,264233,2,attribute,person,64,0.927115,1,17,47,0,9,1,1,1,1,1.0,1.0,0.0
60337,264233,2,simple,person,64,0.927115,1,17,47,0,9,1,1,1,1,1.0,1.0,0.0
9490,264233,2,spatial,person,64,0.852759,1,10,54,0,16,1,1,1,1,1.0,1.0,0.0
9491,264233,2,spatial,person,64,0.852759,1,10,54,0,16,1,1,1,1,1.0,1.0,0.0
89629,264324,1,spatial,person,64,0.847526,1,6,58,0,3,1,1,0,0,1.0,1.0,0.001488
89630,264324,1,spatial,person,64,0.847526,1,6,58,0,3,1,1,0,0,1.0,1.0,0.001488
33084,264324,1,spatial,person,64,0.807794,1,3,61,0,6,1,1,1,0,1.0,1.0,0.001488
33085,264324,1,spatial,person,64,0.807794,1,3,61,0,6,1,1,1,0,1.0,1.0,0.001488
38679,264371,2,attribute,toothbrush,64,0.71862,1,3,61,0,17,1,1,1,1,1.0,1.0,0.000992
38680,264371,2,attribute,toothbrush,64,0.71862,1,3,61,0,17,1,1,1,1,1.0,1.0,0.000992
93553,264371,2,attribute,toothbrush,64,0.800621,1,11,53,0,9,1,1,1,1,1.0,1.0,0.000992
93554,264371,2,spatial,toothbrush,64,0.800621,1,11,53,0,9,1,1,1,1,1.0,1.0,0.000992
99402,264371,2,spatial,toothbrush,64,0.802398,1,8,56,0,12,1,1,1,1,1.0,1.0,0.000992
99403,264371,2,spatial,toothbrush,64,0.802398,1,8,56,0,12,1,1,1,1,1.0,1.0,0.000992
14438,264944,1,spatial,boat,64,0.599379,1,2,62,0,9,1,1,1,1,1.0,0.333333,0.000496
14439,264944,1,spatial,boat,64,0.599379,1,2,62,0,9,1,1,1,1,1.0,0.333333,0.000496
61771,265173,1,spatial,car,64,0.924577,1,4,60,0,3,1,1,0,0,0.888889,0.777778,0.001984
19517,265173,1,simple,person,64,0.915303,1,6,58,0,16,1,1,1,1,0.888889,0.777778,0.001984
19518,265173,1,attribute,person,64,0.915303,1,6,58,0,16,1,1,1,1,0.888889,0.777778,0.001984
74865,265796,1,spatial,person,64,0.919041,1,2,62,0,10,1,1,1,1,1.0,1.0,0.001488
74866,265796,1,spatial,person,64,0.919041,1,2,62,0,10,1,1,1,1,1.0,1.0,0.001488
29030,265796,1,spatial,skis,64,0.719977,1,5,59,0,9,1,1,1,1,1.0,1.0,0.001488
29031,265796,1,spatial,skis,64,0.719977,1,5,59,0,9,1,1,1,1,1.0,1.0,0.001488
75066,267463,1,spatial,car,64,0.827711,1,6,58,0,4,1,1,1,0,1.0,0.933333,0.001984
51512,267661,1,spatial,keyboard,64,0.894543,1,2,62,0,2,1,1,0,0,0.681818,0.318182,0.000992
51513,267661,1,spatial,keyboard,64,0.894543,1,2,62,0,2,1,1,0,0,0.681818,0.318182,0.000992
73241,267774,1,spatial,person,64,0.882629,1,6,58,0,4,1,1,1,0,1.0,1.0,0.0
73242,267774,1,spatial,person,64,0.882629,1,6,58,0,4,1,1,1,0,1.0,1.0,0.0
101988,267927,1,spatial,bus,64,0.863505,1,1,63,0,2,1,1,0,0,0.666667,0.444444,0.000992
101989,267927,1,spatial,bus,64,0.863505,1,1,63,0,2,1,1,0,0,0.666667,0.444444,0.000992
99406,267927,1,spatial,traffic light,64,0.848861,1,4,60,0,4,1,1,1,0,0.666667,0.444444,0.000992
99407,267927,1,spatial,traffic light,64,0.848861,1,4,60,0,4,1,1,1,0,0.666667,0.444444,0.000992
14621,271166,1,attribute,snowboard,64,0.839633,1,5,59,0,0,1,1,0,0,1.0,1.0,0.003472
14622,271166,1,attribute,snowboard,64,0.839633,1,5,59,0,0,1,1,0,0,1.0,1.0,0.003472
82083,271185,1,spatial,sheep,64,0.786204,1,12,52,0,16,1,1,1,1,1.0,1.0,0.002976
82084,271185,1,spatial,sheep,64,0.786204,1,12,52,0,16,1,1,1,1,1.0,1.0,0.002976
48039,271185,1,simple,sheep,64,0.922168,1,16,48,0,12,1,1,1,1,1.0,1.0,0.002976
48040,271185,1,attribute,sheep,64,0.922168,1,16,48,0,12,1,1,1,1,1.0,1.0,0.002976
83665,271464,1,attribute,bus,64,0.779665,1,5,59,0,0,1,1,0,0,0.818182,0.363636,0.0
83666,271464,1,attribute,bus,64,0.779665,1,5,59,0,0,1,1,0,0,0.818182,0.363636,0.0
33993,271760,1,spatial,zebra,64,0.894066,1,11,53,0,11,1,1,1,1,1.0,1.0,0.001984
69258,271760,1,spatial,zebra,64,0.756332,1,5,59,0,17,1,1,1,1,1.0,1.0,0.001984
43649,272745,1,spatial,couch,64,0.837415,1,6,58,0,5,1,1,1,0,1.0,1.0,0.000992
43650,272745,1,spatial,couch,64,0.837415,1,6,58,0,5,1,1,1,0,1.0,1.0,0.000992
41931,272745,1,spatial,chair,64,0.903219,1,7,57,0,4,1,1,1,0,1.0,1.0,0.000992
41932,272745,1,spatial,chair,64,0.903219,1,7,57,0,4,1,1,1,0,1.0,1.0,0.000992
17947,273120,1,simple,person,64,0.783983,1,8,56,0,11,1,1,1,1,1.0,1.0,0.000496
17948,273120,1,spatial,person,64,0.783983,1,8,56,0,11,1,1,1,1,1.0,1.0,0.000496
8632,273362,1,spatial,person,64,0.797275,1,9,55,0,11,1,1,1,1,1.0,1.0,0.00248
8633,273362,1,spatial,person,64,0.797275,1,9,55,0,11,1,1,1,1,1.0,1.0,0.00248
43,274266,1,spatial,person,64,0.929231,1,3,61,1,7,1,1,1,0,1.0,1.0,0.000992
44,274266,1,spatial,person,64,0.929231,1,3,61,1,7,1,1,1,0,1.0,1.0,0.000992
38262,274724,1,simple,person,64,0.750269,1,11,53,0,9,1,1,1,1,0.75,0.75,0.0
38263,274724,1,simple,person,64,0.750269,1,11,53,0,9,1,1,1,1,0.75,0.75,0.0
96387,274763,1,spatial,person,64,0.90353,1,12,52,0,11,1,1,1,1,0.833333,0.5,0.001984
96388,274763,1,spatial,person,64,0.90353,1,12,52,0,11,1,1,1,1,0.833333,0.5,0.001984
33035,275380,1,simple,airplane,64,0.835738,1,11,53,0,13,1,1,1,1,1.0,0.833333,0.000992
33036,275380,1,spatial,airplane,64,0.835738,1,11,53,0,13,1,1,1,1,1.0,0.833333,0.000992
22722,276365,1,spatial,umbrella,64,0.739353,1,2,62,0,2,1,1,0,0,0.608696,0.478261,0.000496
18618,276564,1,spatial,person,64,0.797156,1,17,47,0,6,1,1,1,0,1.0,1.0,0.001984
18619,276564,1,spatial,person,64,0.797156,1,17,47,0,6,1,1,1,0,1.0,1.0,0.001984
55842,277858,1,spatial,person,64,0.792138,1,5,59,0,4,1,1,1,0,1.0,0.8,0.00248
55843,277858,1,spatial,person,64,0.792138,1,5,59,0,4,1,1,1,0,1.0,0.8,0.00248
21916,278045,1,spatial,zebra,64,0.681632,1,7,57,0,11,1,1,1,1,1.0,0.666667,0.001488
21917,278045,1,simple,zebra,64,0.681632,1,7,57,0,11,1,1,1,1,1.0,0.666667,0.001488
21658,278045,1,simple,zebra,64,0.779117,1,12,52,0,6,1,1,1,0,1.0,0.666667,0.001488
21659,278045,1,simple,zebra,64,0.779117,1,12,52,0,6,1,1,1,0,1.0,0.666667,0.001488
73752,278045,1,spatial,zebra,64,0.793355,1,7,57,0,11,1,1,1,1,1.0,0.666667,0.001488
73753,278045,1,spatial,zebra,64,0.793355,1,7,57,0,11,1,1,1,1,1.0,0.666667,0.001488
51635,278491,1,simple,bench,64,0.651139,1,1,63,0,0,1,1,0,0,0.636364,0.272727,0.000992
51636,278491,1,spatial,bench,64,0.651139,1,1,63,0,0,1,1,0,0,0.636364,0.272727,0.000992
84973,278715,1,spatial,car,64,0.689432,1,14,50,0,2,1,1,0,0,1.0,0.666667,0.003472
84974,278715,1,spatial,car,64,0.689432,1,14,50,0,2,1,1,0,0,1.0,0.666667,0.003472
1396,278744,1,spatial,potted plant,64,0.864812,1,8,56,0,6,1,1,1,0,1.0,1.0,0.001488
1397,278744,1,spatial,potted plant,64,0.864812,1,8,56,0,6,1,1,1,0,1.0,1.0,0.001488
34923,278816,2,spatial,bed,64,0.706364,1,9,55,0,4,1,1,1,0,1.0,0.857143,0.000496
82266,278816,2,spatial,bed,64,0.644289,1,4,60,0,9,1,1,1,1,1.0,0.857143,0.000496
82267,278816,2,spatial,bed,64,0.644289,1,4,60,0,9,1,1,1,1,1.0,0.857143,0.000496
72978,278816,2,spatial,backpack,64,0.800959,1,5,59,0,3,1,1,0,0,1.0,0.857143,0.000496
72979,278816,2,spatial,backpack,64,0.800959,1,5,59,0,3,1,1,0,0,1.0,0.857143,0.000496
13568,278816,2,spatial,backpack,64,0.835138,1,3,61,0,5,1,1,1,0,1.0,0.857143,0.000496
13569,278816,2,spatial,backpack,64,0.835138,1,3,61,0,5,1,1,1,0,1.0,0.857143,0.000496
11948,279503,1,spatial,cup,64,0.932634,1,6,58,0,1,1,1,0,0,0.75,0.75,0.001488
11949,279503,1,spatial,cup,64,0.932634,1,6,58,0,1,1,1,0,0,0.75,0.75,0.001488
34128,279946,1,spatial,bowl,64,0.846111,1,1,63,0,4,1,1,1,0,1.0,1.0,0.001984
34129,279946,1,spatial,bowl,64,0.846111,1,1,63,0,4,1,1,1,0,1.0,1.0,0.001984
29644,280241,1,spatial,sheep,64,0.837944,1,11,53,0,8,1,1,1,0,1.0,1.0,0.000496
29645,280241,1,spatial,sheep,64,0.837944,1,11,53,0,8,1,1,1,0,1.0,1.0,0.000496
31133,280241,1,simple,sheep,64,0.766026,1,8,56,0,11,1,1,1,1,1.0,1.0,0.000496
31134,280241,1,spatial,sheep,64,0.766026,1,8,56,0,11,1,1,1,1,1.0,1.0,0.000496
15313,280490,1,spatial,pizza,64,0.58952,1,1,63,0,1,1,1,0,0,1.0,0.5,0.0
15314,280490,1,spatial,pizza,64,0.58952,1,1,63,0,1,1,1,0,0,1.0,0.5,0.0
69206,280873,2,simple,person,64,0.783241,1,7,57,0,4,1,1,1,0,1.0,0.625,0.001488
69207,280873,2,simple,person,64,0.783241,1,7,57,0,4,1,1,1,0,1.0,0.625,0.001488
92647,280873,2,spatial,keyboard,64,0.702951,1,4,60,0,5,1,1,1,0,1.0,0.625,0.001488
92648,280873,2,spatial,keyboard,64,0.702951,1,4,60,0,5,1,1,1,0,1.0,0.625,0.001488
37367,280873,2,spatial,keyboard,64,0.641041,1,2,62,0,7,1,1,1,0,1.0,0.625,0.001488
37368,280873,2,spatial,keyboard,64,0.641041,1,2,62,0,7,1,1,1,0,1.0,0.625,0.001488
47364,280968,1,spatial,bed,64,0.804083,1,4,60,0,6,1,1,1,0,1.0,1.0,0.0
47365,280968,1,spatial,bed,64,0.804083,1,4,60,0,6,1,1,1,0,1.0,1.0,0.0
56152,280968,1,simple,bed,64,0.775563,1,6,58,0,4,1,1,1,0,1.0,1.0,0.0
56153,280968,1,spatial,bed,64,0.775563,1,6,58,0,4,1,1,1,0,1.0,1.0,0.0
7595,281003,2,spatial,oven,64,0.154188,0,0,64,0,0,0,0,0,0,0.75,0.75,0.000992
7596,281003,2,spatial,oven,64,0.154188,0,0,64,0,0,0,0,0,0,0.75,0.75,0.000992
102502,281122,1,spatial,chair,64,0.625719,1,8,56,0,8,1,1,1,0,1.0,0.666667,0.001488
102503,281122,1,spatial,chair,64,0.625719,1,8,56,0,8,1,1,1,0,1.0,0.666667,0.001488
49384,281122,1,spatial,chair,64,0.771845,1,8,56,0,8,1,1,1,0,1.0,0.666667,0.001488
49385,281122,1,spatial,chair,64,0.771845,1,8,56,0,8,1,1,1,0,1.0,0.666667,0.001488
91353,281815,1,attribute,keyboard,64,0.745197,1,7,57,0,4,1,1,1,0,1.0,1.0,0.000992
91354,281815,1,attribute,keyboard,64,0.745197,1,7,57,0,4,1,1,1,0,1.0,1.0,0.000992
55203,282671,1,spatial,person,64,0.904898,1,2,62,0,2,1,1,0,0,0.833333,0.5,0.000496
55204,282671,1,spatial,person,64,0.904898,1,2,62,0,2,1,1,0,0,0.833333,0.5,0.000496
73422,282835,1,spatial,person,64,0.739987,1,12,52,0,6,1,1,1,0,1.0,1.0,0.001984
73423,282835,1,attribute,person,64,0.739987,1,12,52,0,6,1,1,1,0,1.0,1.0,0.001984
7170,282835,1,spatial,person,64,0.848141,1,6,58,0,12,1,1,1,1,1.0,1.0,0.001984
7171,282835,1,spatial,person,64,0.848141,1,6,58,0,12,1,1,1,1,1.0,1.0,0.001984
59704,283018,1,simple,person,64,0.793636,1,6,58,0,10,1,1,1,1,1.0,0.6,0.001488
59705,283018,1,spatial,person,64,0.793636,1,6,58,0,10,1,1,1,1,1.0,0.6,0.001488
58390,283018,1,spatial,person,64,0.82096,1,10,54,0,6,1,1,1,0,1.0,0.6,0.001488
58391,283018,1,spatial,person,64,0.82096,1,10,54,0,6,1,1,1,0,1.0,0.6,0.001488
66771,283018,1,spatial,skis,64,0.830547,1,3,61,0,5,1,1,1,0,1.0,0.6,0.001488
57968,283615,1,spatial,dining table,64,0.891007,1,1,63,1,0,1,1,0,0,0.846154,0.692308,0.000496
57969,283615,1,spatial,dining table,64,0.891007,1,1,63,1,0,1,1,0,0,0.846154,0.692308,0.000496
90799,283729,1,spatial,person,64,0.698708,1,5,59,0,22,1,1,1,1,1.0,0.833333,0.000992
90800,283729,1,spatial,person,64,0.698708,1,5,59,0,22,1,1,1,1,1.0,0.833333,0.000992
64348,284765,1,spatial,giraffe,64,0.841458,1,12,52,0,10,1,1,1,1,1.0,1.0,0.001984
64349,284765,1,simple,giraffe,64,0.841458,1,12,52,0,10,1,1,1,1,1.0,1.0,0.001984
14199,284765,1,simple,giraffe,64,0.84898,1,10,54,0,12,1,1,1,1,1.0,1.0,0.001984
14200,284765,1,spatial,giraffe,64,0.84898,1,10,54,0,12,1,1,1,1,1.0,1.0,0.001984
76147,285486,1,attribute,person,64,0.593041,1,1,63,0,11,1,1,1,1,0.777778,0.555556,0.0
76148,285486,1,spatial,person,64,0.593041,1,1,63,0,11,1,1,1,1,0.777778,0.555556,0.0
2252,285486,1,spatial,person,64,0.840561,1,8,56,0,4,1,1,1,0,0.777778,0.555556,0.0
2253,285486,1,attribute,person,64,0.840561,1,8,56,0,4,1,1,1,0,0.777778,0.555556,0.0
100841,285486,1,spatial,dining table,64,0.823167,1,1,63,0,1,1,1,0,0,0.777778,0.555556,0.0
100842,285486,1,spatial,dining table,64,0.823167,1,1,63,0,1,1,1,0,0,0.777778,0.555556,0.0
24796,286174,1,spatial,dining table,64,0.569374,1,1,63,0,0,1,1,0,0,0.882353,0.764706,0.000992
24797,286174,1,spatial,dining table,64,0.569374,1,1,63,0,0,1,1,0,0,0.882353,0.764706,0.000992
24798,286174,1,spatial,dining table,64,0.569374,1,1,63,0,0,1,1,0,0,0.882353,0.764706,0.000992
6588,287507,1,spatial,sandwich,64,0.812705,1,4,60,0,3,1,1,0,0,1.0,1.0,0.001488
8596,287507,1,simple,sandwich,64,0.811569,1,3,61,0,5,1,1,1,0,1.0,1.0,0.001488
8597,287507,1,spatial,sandwich,64,0.811569,1,3,61,0,5,1,1,1,0,1.0,1.0,0.001488
30335,287723,1,spatial,person,64,0.900325,1,2,62,0,7,1,1,1,0,0.909091,0.727273,0.001488
30336,287723,1,simple,person,64,0.900325,1,2,62,0,7,1,1,1,0,0.909091,0.727273,0.001488
12349,287723,1,simple,chair,64,0.804124,1,3,61,0,4,1,1,1,0,0.909091,0.727273,0.001488
12350,287723,1,spatial,chair,64,0.804124,1,3,61,0,4,1,1,1,0,0.909091,0.727273,0.001488
21045,287723,1,spatial,person,64,0.916311,1,7,57,0,2,1,1,0,0,0.909091,0.727273,0.001488
21046,287723,1,spatial,person,64,0.916311,1,7,57,0,2,1,1,0,0,0.909091,0.727273,0.001488
71612,287833,1,spatial,person,64,0.762892,1,7,57,0,8,1,1,1,0,0.9,0.8,0.001488
71613,287833,1,spatial,person,64,0.762892,1,7,57,0,8,1,1,1,0,0.9,0.8,0.001488
3630,289211,1,spatial,book,64,0.939817,1,3,61,0,8,1,1,1,0,1.0,1.0,0.00248
3631,289211,1,spatial,book,64,0.939817,1,3,61,0,8,1,1,1,0,1.0,1.0,0.00248
5662,289357,1,spatial,person,64,0.784903,1,18,46,0,7,1,1,1,0,1.0,1.0,0.001488
5663,289357,1,spatial,person,64,0.784903,1,18,46,0,7,1,1,1,0,1.0,1.0,0.001488
9212,289367,1,simple,person,64,0.902993,1,14,50,0,0,1,1,0,0,0.666667,0.666667,0.001488
9213,289367,1,attribute,person,64,0.902993,1,14,50,0,0,1,1,0,0,0.666667,0.666667,0.001488
75737,290224,1,spatial,car,64,0.935862,1,10,54,0,2,1,1,0,0,1.0,0.571429,0.001488
75738,290224,1,attribute,car,64,0.935862,1,10,54,0,2,1,1,0,0,1.0,0.571429,0.001488
93282,290224,1,spatial,bench,64,0.574064,1,1,63,0,2,1,1,0,0,1.0,0.571429,0.001488
14651,290224,1,spatial,bench,64,0.599702,1,2,62,0,1,1,1,0,0,1.0,0.571429,0.001488
14652,290224,1,spatial,bench,64,0.599702,1,2,62,0,1,1,1,0,0,1.0,0.571429,0.001488
20902,291072,1,spatial,person,64,0.877679,1,8,56,0,10,1,1,1,1,1.0,1.0,0.000992
20903,291072,1,attribute,person,64,0.877679,1,8,56,0,10,1,1,1,1,1.0,1.0,0.000992
399,291478,1,simple,cow,64,0.838839,1,5,59,0,3,1,1,0,0,0.9,0.9,0.003968
57359,291898,1,simple,person,64,0.743006,1,5,59,0,6,1,1,1,0,1.0,0.875,0.001488
57360,291898,1,spatial,person,64,0.743006,1,5,59,0,6,1,1,1,0,1.0,0.875,0.001488
56761,292416,1,spatial,bowl,64,0.962574,1,1,63,0,5,1,1,1,0,1.0,0.833333,0.001984
56762,292416,1,spatial,bowl,64,0.962574,1,1,63,0,5,1,1,1,0,1.0,0.833333,0.001984
101059,293272,1,attribute,umbrella,64,0.815446,1,1,63,0,1,1,1,0,0,0.782609,0.73913,0.000992
21316,293272,1,spatial,truck,64,0.75636,1,2,62,0,3,1,1,0,0,0.782609,0.73913,0.000992
58036,293974,1,simple,elephant,64,0.763353,1,5,59,0,3,1,1,0,0,1.0,0.777778,0.001488
58037,293974,1,spatial,elephant,64,0.763353,1,5,59,0,3,1,1,0,0,1.0,0.777778,0.001488
101269,293974,1,attribute,elephant,64,0.949037,1,3,61,0,5,1,1,1,0,1.0,0.777778,0.001488
101270,293974,1,spatial,elephant,64,0.949037,1,3,61,0,5,1,1,1,0,1.0,0.777778,0.001488
78608,294702,1,spatial,sandwich,64,0.7835,1,2,62,0,2,1,1,0,0,1.0,0.857143,0.000992
78609,294702,1,spatial,sandwich,64,0.7835,1,2,62,0,2,1,1,0,0,1.0,0.857143,0.000992
24408,296385,1,spatial,dog,64,0.836643,1,4,60,0,4,1,1,1,0,0.548387,0.483871,0.001984
24409,296385,1,spatial,dog,64,0.836643,1,4,60,0,4,1,1,1,0,0.548387,0.483871,0.001984
62330,296385,1,simple,chair,64,0.861709,1,3,61,0,7,1,1,1,0,0.548387,0.483871,0.001984
62331,296385,1,spatial,chair,64,0.861709,1,3,61,0,7,1,1,1,0,0.548387,0.483871,0.001984
47401,296385,1,simple,dining table,64,0.612454,1,6,58,0,0,1,1,0,0,0.548387,0.483871,0.001984
47402,296385,1,spatial,dining table,64,0.612454,1,6,58,0,0,1,1,0,0,0.548387,0.483871,0.001984
78552,296385,1,spatial,chair,64,0.778078,1,6,58,0,4,1,1,1,0,0.548387,0.483871,0.001984
78553,296385,1,spatial,chair,64,0.778078,1,6,58,0,4,1,1,1,0,0.548387,0.483871,0.001984
15653,296613,1,spatial,cake,64,0.75888,1,6,58,0,3,1,1,0,0,1.0,1.0,0.001488
15654,296613,1,spatial,cake,64,0.75888,1,6,58,0,3,1,1,0,0,1.0,1.0,0.001488
85114,297131,1,spatial,umbrella,64,0.850182,1,5,59,0,3,1,1,0,0,0.7,0.5,0.000496
85115,297131,1,attribute,umbrella,64,0.850182,1,5,59,0,3,1,1,0,0,0.7,0.5,0.000496
99980,297131,1,spatial,person,64,0.895685,1,3,61,0,7,1,1,1,0,0.7,0.5,0.000496
99981,297131,1,spatial,person,64,0.895685,1,3,61,0,7,1,1,1,0,0.7,0.5,0.000496
46179,297995,1,spatial,person,64,0.851813,1,11,53,0,4,1,1,1,0,0.857143,0.714286,0.002976
46180,297995,1,spatial,person,64,0.851813,1,11,53,0,4,1,1,1,0,0.857143,0.714286,0.002976
5141,298034,1,spatial,sink,64,0.901265,1,8,56,0,9,1,1,1,1,1.0,1.0,0.001984
5142,298034,1,spatial,sink,64,0.901265,1,8,56,0,9,1,1,1,1,1.0,1.0,0.001984
49983,298350,1,spatial,skateboard,64,0.646939,1,7,57,0,0,1,1,0,0,0.785714,0.571429,0.001488
49984,298350,1,simple,skateboard,64,0.646939,1,7,57,0,0,1,1,0,0,0.785714,0.571429,0.001488
35369,298427,1,spatial,broccoli,64,0.830167,1,2,62,0,4,1,1,1,0,0.777778,0.666667,0.000496
64557,298479,1,spatial,cat,64,0.764726,1,9,55,0,8,1,1,1,0,1.0,0.666667,0.000496
64558,298479,1,spatial,cat,64,0.764726,1,9,55,0,8,1,1,1,0,1.0,0.666667,0.000496
79263,298878,1,spatial,umbrella,64,0.855341,1,3,61,0,7,1,1,1,0,1.0,0.833333,0.00248
79264,298878,1,spatial,umbrella,64,0.855341,1,3,61,0,7,1,1,1,0,1.0,0.833333,0.00248
102997,300279,1,spatial,car,64,0.76231,1,1,63,0,6,1,1,1,0,0.7,0.4,0.0
102998,300279,1,attribute,car,64,0.76231,1,1,63,0,6,1,1,1,0,0.7,0.4,0.0
59582,301558,1,spatial,skis,64,0.404967,0,0,64,1,0,0,0,0,0,0.764706,0.529412,0.00248
20657,301591,1,simple,bottle,64,0.96091,1,3,61,0,2,1,1,0,0,1.0,1.0,0.000992
20658,301591,1,simple,bottle,64,0.96091,1,3,61,0,2,1,1,0,0,1.0,1.0,0.000992
90232,302116,1,spatial,person,64,0.79695,1,8,56,0,4,1,1,1,0,1.0,1.0,0.001488
90233,302116,1,simple,person,64,0.79695,1,8,56,0,4,1,1,1,0,1.0,1.0,0.001488
57945,302216,1,spatial,apple,64,0.668829,1,3,61,0,7,1,1,1,0,0.777778,0.555556,0.000992
82232,302216,1,spatial,carrot,64,0.896113,1,4,60,0,7,1,1,1,0,0.777778,0.555556,0.000992
82233,302216,1,simple,carrot,64,0.896113,1,4,60,0,7,1,1,1,0,0.777778,0.555556,0.000992
24177,302216,1,attribute,carrot,64,0.853829,1,7,57,0,4,1,1,1,0,0.777778,0.555556,0.000992
24178,302216,1,spatial,carrot,64,0.853829,1,7,57,0,4,1,1,1,0,0.777778,0.555556,0.000992
59216,302216,1,spatial,apple,64,0.805241,1,3,61,0,7,1,1,1,0,0.777778,0.555556,0.000992
69719,302582,1,simple,person,64,0.943183,1,4,60,0,5,1,1,1,0,1.0,0.5,0.000496
69720,302582,1,spatial,person,64,0.943183,1,4,60,0,5,1,1,1,0,1.0,0.5,0.000496
82511,302656,1,simple,giraffe,64,0.758787,1,16,48,0,18,1,1,1,1,1.0,1.0,0.000992
82512,302656,1,spatial,giraffe,64,0.758787,1,16,48,0,18,1,1,1,1,1.0,1.0,0.000992
7938,302740,1,spatial,sandwich,64,0.835014,1,2,62,0,5,1,1,1,0,0.714286,0.5,0.000496
7939,302740,1,spatial,sandwich,64,0.835014,1,2,62,0,5,1,1,1,0,0.714286,0.5,0.000496
77758,302740,1,spatial,chair,64,0.761591,1,2,62,0,0,1,1,0,0,0.714286,0.5,0.000496
77759,302740,1,spatial,chair,64,0.761591,1,2,62,0,0,1,1,0,0,0.714286,0.5,0.000496
68634,303111,1,spatial,elephant,64,0.871351,1,5,59,0,4,1,1,1,0,1.0,1.0,0.005456
68635,303111,1,spatial,elephant,64,0.871351,1,5,59,0,4,1,1,1,0,1.0,1.0,0.005456
49699,303471,2,spatial,person,64,0.844506,1,9,55,0,7,1,1,1,0,0.666667,0.666667,0.000992
49700,303471,2,spatial,person,64,0.844506,1,9,55,0,7,1,1,1,0,0.666667,0.666667,0.000992
1387,303471,2,spatial,person,64,0.766128,1,7,57,0,9,1,1,1,1,0.666667,0.666667,0.000992
1388,303471,2,spatial,person,64,0.766128,1,7,57,0,9,1,1,1,1,0.666667,0.666667,0.000992
40684,303608,1,spatial,bus,64,0.72042,1,4,60,0,0,1,1,0,0,0.8,0.8,0.003472
40685,303608,1,simple,bus,64,0.72042,1,4,60,0,0,1,1,0,0,0.8,0.8,0.003472
12716,304088,1,spatial,person,64,0.817633,1,5,59,1,21,1,1,1,1,0.833333,0.833333,0.000496
12717,304088,1,spatial,person,64,0.817633,1,5,59,1,21,1,1,1,1,0.833333,0.833333,0.000496
97313,304958,1,spatial,chair,64,0.85826,1,7,57,0,2,1,1,0,0,1.0,0.571429,0.000992
97314,304958,1,attribute,chair,64,0.85826,1,7,57,0,2,1,1,0,0,1.0,0.571429,0.000992
103049,305076,1,spatial,bird,64,0.81371,1,8,56,0,6,1,1,1,0,1.0,1.0,0.0
103050,305076,1,spatial,bird,64,0.81371,1,8,56,0,6,1,1,1,0,1.0,1.0,0.0
59618,305076,1,spatial,bird,64,0.921294,1,6,58,0,8,1,1,1,0,1.0,1.0,0.0
59619,305076,1,spatial,bird,64,0.921294,1,6,58,0,8,1,1,1,0,1.0,1.0,0.0
71533,305905,2,spatial,suitcase,64,0.692609,1,4,60,0,15,1,1,1,1,1.0,0.666667,0.000992
7031,306454,1,spatial,carrot,64,0.531187,1,1,63,0,3,1,1,0,0,0.75,0.25,0.000496
7032,306454,1,spatial,carrot,64,0.531187,1,1,63,0,3,1,1,0,0,0.75,0.25,0.000496
12484,306454,1,spatial,carrot,64,0.409107,0,0,64,0,0,0,0,0,0,0.75,0.25,0.000496
12485,306454,1,spatial,carrot,64,0.409107,0,0,64,0,0,0,0,0,0,0.75,0.25,0.000496
97289,307462,1,spatial,boat,64,0.406016,0,0,64,0,0,0,0,0,0,0.375,0.1875,0.0
97290,307462,1,spatial,boat,64,0.406016,0,0,64,0,0,0,0,0,0,0.375,0.1875,0.0
51319,307462,1,spatial,boat,64,0.347031,0,0,64,0,0,0,0,0,0,0.375,0.1875,0.0
51320,307462,1,spatial,boat,64,0.347031,0,0,64,0,0,0,0,0,0,0.375,0.1875,0.0
33387,308208,1,spatial,cup,64,0.748698,1,11,53,0,1,1,1,0,0,1.0,1.0,0.000496
33388,308208,1,spatial,cup,64,0.748698,1,11,53,0,1,1,1,0,0,1.0,1.0,0.000496
55289,308433,1,simple,bicycle,64,0.741231,1,4,60,0,5,1,1,1,0,0.611111,0.388889,0.0
55290,308433,1,simple,bicycle,64,0.741231,1,4,60,0,5,1,1,1,0,0.611111,0.388889,0.0
37402,309252,2,attribute,horse,64,0.785096,1,10,54,0,12,1,1,1,1,1.0,1.0,0.0
37403,309252,2,spatial,horse,64,0.785096,1,10,54,0,12,1,1,1,1,1.0,1.0,0.0
77006,309946,1,simple,person,64,0.868891,1,14,50,0,4,1,1,1,0,1.0,0.666667,0.000992
74282,309983,1,spatial,broccoli,64,0.805839,1,8,56,0,2,1,1,0,0,1.0,1.0,0.001488
74283,309983,1,spatial,broccoli,64,0.805839,1,8,56,0,2,1,1,0,0,1.0,1.0,0.001488
24121,309983,1,simple,carrot,64,0.800159,1,8,56,0,4,1,1,1,0,1.0,1.0,0.001488
24122,309983,1,spatial,carrot,64,0.800159,1,8,56,0,4,1,1,1,0,1.0,1.0,0.001488
9443,309983,1,spatial,carrot,64,0.718285,1,4,60,0,8,1,1,1,0,1.0,1.0,0.001488
26115,310376,1,spatial,bottle,64,0.938119,1,3,61,0,5,1,1,1,0,0.857143,0.857143,0.000992
54676,310390,1,spatial,dining table,64,0.372407,0,0,64,0,0,0,0,0,0,0.714286,0.714286,0.000992
54677,310390,1,spatial,dining table,64,0.372407,0,0,64,0,0,0,0,0,0,0.714286,0.714286,0.000992
13175,311088,1,spatial,car,64,0.873857,1,5,59,0,1,1,1,0,0,0.888889,0.888889,0.000992
13176,311088,1,spatial,car,64,0.873857,1,5,59,0,1,1,1,0,0,0.888889,0.888889,0.000992
32585,313983,1,attribute,horse,64,0.803706,1,10,54,0,0,1,1,0,0,0.333333,0.333333,0.0
32586,313983,1,simple,horse,64,0.803706,1,10,54,0,0,1,1,0,0,0.333333,0.333333,0.0
27486,313983,1,simple,horse,64,0.421163,0,0,64,0,0,0,0,0,0,0.333333,0.333333,0.0
27487,313983,1,simple,horse,64,0.421163,0,0,64,0,0,0,0,0,0,0.333333,0.333333,0.0
25448,314130,1,spatial,boat,64,0.706726,1,7,57,5,5,1,1,1,0,1.0,0.5,0.000496
25449,314130,1,spatial,boat,64,0.706726,1,7,57,5,5,1,1,1,0,1.0,0.5,0.000496
3952,315168,2,spatial,umbrella,64,0.853109,1,1,63,0,8,1,1,1,0,0.846154,0.615385,0.00248
3953,315168,2,spatial,umbrella,64,0.853109,1,1,63,0,8,1,1,1,0,0.846154,0.615385,0.00248
61447,315168,2,simple,umbrella,64,0.945114,1,4,60,0,5,1,1,1,0,0.846154,0.615385,0.00248
61448,315168,2,spatial,umbrella,64,0.945114,1,4,60,0,5,1,1,1,0,0.846154,0.615385,0.00248
74247,315168,2,simple,person,64,0.821821,1,9,55,0,7,1,1,1,0,0.846154,0.615385,0.00248
74248,315168,2,spatial,person,64,0.821821,1,9,55,0,7,1,1,1,0,0.846154,0.615385,0.00248
25240,315168,2,spatial,person,64,0.9268,1,7,57,0,9,1,1,1,1,0.846154,0.615385,0.00248
25241,315168,2,attribute,person,64,0.9268,1,7,57,0,9,1,1,1,1,0.846154,0.615385,0.00248
3993,315229,1,spatial,bicycle,64,0.727773,1,8,56,0,22,1,1,1,1,1.0,0.8,0.000992
6051,315229,1,spatial,bicycle,64,0.696753,1,12,52,0,18,1,1,1,1,1.0,0.8,0.000992
6052,315229,1,spatial,bicycle,64,0.696753,1,12,52,0,18,1,1,1,1,1.0,0.8,0.000992
70316,315383,1,attribute,chair,64,0.815491,1,6,58,0,5,1,1,1,0,1.0,1.0,0.001984
70317,315383,1,spatial,chair,64,0.815491,1,6,58,0,5,1,1,1,0,1.0,1.0,0.001984
9971,315994,1,spatial,book,64,0.779301,1,1,63,0,0,1,1,0,0,0.75,0.75,0.000496
9972,315994,1,spatial,book,64,0.779301,1,1,63,0,0,1,1,0,0,0.75,0.75,0.000496
23297,317495,1,spatial,person,64,0.749564,1,8,56,0,4,1,1,1,0,1.0,0.75,0.001984
23298,317495,1,spatial,person,64,0.749564,1,8,56,0,4,1,1,1,0,1.0,0.75,0.001984
2049,317537,1,spatial,couch,64,0.885953,1,4,60,0,6,1,1,1,0,0.9,0.6,0.00248
2050,317537,1,attribute,couch,64,0.885953,1,4,60,0,6,1,1,1,0,0.9,0.6,0.00248
53906,317537,1,spatial,couch,64,0.833851,1,6,58,0,4,1,1,1,0,0.9,0.6,0.00248
53907,317537,1,spatial,couch,64,0.833851,1,6,58,0,4,1,1,1,0,0.9,0.6,0.00248
71883,318179,1,spatial,chair,64,0.772877,1,8,56,0,2,1,1,0,0,1.0,0.666667,0.000496
16404,318955,1,simple,cow,64,0.8799,1,13,51,0,7,1,1,1,0,1.0,1.0,0.000992
16405,318955,1,spatial,cow,64,0.8799,1,13,51,0,7,1,1,1,0,1.0,1.0,0.000992
72205,319714,1,simple,person,64,0.89283,1,3,61,0,9,1,1,1,1,1.0,1.0,0.001984
72206,319714,1,spatial,person,64,0.89283,1,3,61,0,9,1,1,1,1,1.0,1.0,0.001984
95132,320785,1,simple,person,64,0.828586,1,12,52,0,8,1,1,1,0,1.0,1.0,0.00248
95133,320785,1,simple,person,64,0.828586,1,12,52,0,8,1,1,1,0,1.0,1.0,0.00248
93912,320785,1,simple,person,64,0.858603,1,8,56,0,12,1,1,1,1,1.0,1.0,0.00248
93913,320785,1,spatial,person,64,0.858603,1,8,56,0,12,1,1,1,1,1.0,1.0,0.00248
68110,321206,1,spatial,person,64,0.75341,1,10,54,0,5,1,1,1,0,0.833333,0.666667,0.001488
68111,321206,1,attribute,person,64,0.75341,1,10,54,0,5,1,1,1,0,0.833333,0.666667,0.001488
8489,321206,1,spatial,giraffe,64,0.846443,1,3,61,0,5,1,1,1,0,0.833333,0.666667,0.001488
8490,321206,1,simple,giraffe,64,0.846443,1,3,61,0,5,1,1,1,0,0.833333,0.666667,0.001488
68434,321206,1,simple,giraffe,64,0.76601,1,5,59,0,3,1,1,0,0,0.833333,0.666667,0.001488
68435,321206,1,simple,giraffe,64,0.76601,1,5,59,0,3,1,1,0,0,0.833333,0.666667,0.001488
19705,321363,1,spatial,person,64,0.802767,1,4,60,0,0,1,1,0,0,0.464286,0.392857,0.0
19706,321363,1,simple,person,64,0.802767,1,4,60,0,0,1,1,0,0,0.464286,0.392857,0.0
74875,321737,1,spatial,zebra,64,0.935082,1,5,59,0,8,1,1,1,0,0.875,0.75,0.00248
74876,321737,1,spatial,zebra,64,0.935082,1,5,59,0,8,1,1,1,0,0.875,0.75,0.00248
24402,321737,1,spatial,zebra,64,0.868992,1,4,60,0,9,1,1,1,1,0.875,0.75,0.00248
24403,321737,1,spatial,zebra,64,0.868992,1,4,60,0,9,1,1,1,1,0.875,0.75,0.00248
45862,322324,1,spatial,dining table,64,0.30078,0,0,64,0,0,0,0,0,0,0.666667,0.380952,0.002976
45863,322324,1,spatial,dining table,64,0.30078,0,0,64,0,0,0,0,0,0,0.666667,0.380952,0.002976
35530,322553,1,spatial,bear,64,0.768385,1,18,46,0,11,1,1,1,1,1.0,1.0,0.001984
35531,322553,1,simple,bear,64,0.768385,1,18,46,0,11,1,1,1,1,1.0,1.0,0.001984
91261,322553,1,spatial,bear,64,0.882176,1,9,55,0,20,1,1,1,1,1.0,1.0,0.001984
91262,322553,1,spatial,bear,64,0.882176,1,9,55,0,20,1,1,1,1,1.0,1.0,0.001984
19052,322695,1,spatial,horse,64,0.873928,1,6,58,0,10,1,1,1,1,1.0,0.909091,0.000992
19053,322695,1,spatial,horse,64,0.873928,1,6,58,0,10,1,1,1,1,1.0,0.909091,0.000992
3984,322695,1,spatial,horse,64,0.848456,1,5,59,0,11,1,1,1,1,1.0,0.909091,0.000992
3985,322695,1,spatial,horse,64,0.848456,1,5,59,0,11,1,1,1,1,1.0,0.909091,0.000992
50396,322720,1,spatial,cake,64,0.941581,1,6,58,0,1,1,1,0,0,1.0,0.666667,0.000496
50397,322720,1,simple,cake,64,0.941581,1,6,58,0,1,1,1,0,0,1.0,0.666667,0.000496
55292,322790,1,spatial,person,64,0.853751,1,2,62,0,5,1,1,1,0,1.0,0.8,0.000496
55293,322790,1,spatial,person,64,0.853751,1,2,62,0,5,1,1,1,0,1.0,0.8,0.000496
53847,322790,1,attribute,person,64,0.946228,1,5,59,0,2,1,1,0,0,1.0,0.8,0.000496
53848,322790,1,spatial,person,64,0.946228,1,5,59,0,2,1,1,0,0,1.0,0.8,0.000496
75211,323129,1,spatial,dining table,64,0.61057,1,3,61,0,1,1,1,0,0,0.777778,0.611111,0.00248
75212,323129,1,spatial,dining table,64,0.61057,1,3,61,0,1,1,1,0,0,0.777778,0.611111,0.00248
21640,323218,1,spatial,potted plant,64,0.735367,1,1,63,0,4,1,1,1,0,0.909091,0.818182,0.001488
21641,323218,1,spatial,potted plant,64,0.735367,1,1,63,0,4,1,1,1,0,0.909091,0.818182,0.001488
20181,323218,1,spatial,potted plant,64,0.662246,1,4,60,0,1,1,1,0,0,0.909091,0.818182,0.001488
20182,323218,1,spatial,potted plant,64,0.662246,1,4,60,0,1,1,1,0,0,0.909091,0.818182,0.001488
97869,323218,1,simple,chair,64,0.890168,1,5,59,0,3,1,1,0,0,0.909091,0.818182,0.001488
97870,323218,1,simple,chair,64,0.890168,1,5,59,0,3,1,1,0,0,0.909091,0.818182,0.001488
99000,323218,1,spatial,chair,64,0.832231,1,3,61,0,5,1,1,1,0,0.909091,0.818182,0.001488
99001,323218,1,spatial,chair,64,0.832231,1,3,61,0,5,1,1,1,0,0.909091,0.818182,0.001488
77477,323249,1,spatial,bus,64,0.873291,1,2,62,0,3,1,1,0,0,0.666667,0.481481,0.000992
77478,323249,1,spatial,bus,64,0.873291,1,2,62,0,3,1,1,0,0,0.666667,0.481481,0.000992
68408,323249,1,spatial,train,64,0.856207,1,2,62,0,3,1,1,0,0,0.666667,0.481481,0.000992
68409,323249,1,attribute,train,64,0.856207,1,2,62,0,3,1,1,0,0,0.666667,0.481481,0.000992
82127,323475,2,spatial,apple,64,0.858136,1,3,61,0,3,1,1,0,0,1.0,0.777778,0.000496
82128,323475,2,spatial,apple,64,0.858136,1,3,61,0,3,1,1,0,0,1.0,0.777778,0.000496
24490,323475,2,spatial,apple,64,0.851191,1,3,61,0,3,1,1,0,0,1.0,0.777778,0.000496
18596,324200,1,simple,sandwich,64,0.753925,1,7,57,0,2,1,1,0,0,0.727273,0.545455,0.000992
18597,324200,1,simple,sandwich,64,0.753925,1,7,57,0,2,1,1,0,0,0.727273,0.545455,0.000992
3522,324650,1,spatial,person,64,0.777232,1,3,61,0,0,1,1,0,0,0.625,0.375,0.000992
3523,324650,1,simple,person,64,0.777232,1,3,61,0,0,1,1,0,0,0.625,0.375,0.000992
83540,324871,1,spatial,person,64,0.850185,1,6,58,0,6,1,1,1,0,1.0,1.0,0.0
83541,324871,1,spatial,person,64,0.850185,1,6,58,0,6,1,1,1,0,1.0,1.0,0.0
57473,324871,1,spatial,person,64,0.78235,1,6,58,0,6,1,1,1,0,1.0,1.0,0.0
57474,324871,1,spatial,person,64,0.78235,1,6,58,0,6,1,1,1,0,1.0,1.0,0.0
57194,325472,1,simple,horse,64,0.835967,1,16,48,0,11,1,1,1,1,1.0,1.0,0.000992
57195,325472,1,attribute,horse,64,0.835967,1,16,48,0,11,1,1,1,1,1.0,1.0,0.000992
5709,325472,1,spatial,horse,64,0.808476,1,12,52,0,15,1,1,1,1,1.0,1.0,0.000992
5710,325472,1,simple,horse,64,0.808476,1,12,52,0,15,1,1,1,1,1.0,1.0,0.000992
24195,326299,1,spatial,chair,64,0.9632,1,1,63,0,4,1,1,1,0,1.0,1.0,0.002976
24196,326299,1,attribute,chair,64,0.9632,1,1,63,0,4,1,1,1,0,1.0,1.0,0.002976
100928,326299,1,spatial,person,64,0.710232,1,11,53,0,8,1,1,1,0,1.0,1.0,0.002976
100929,326299,1,simple,person,64,0.710232,1,11,53,0,8,1,1,1,0,1.0,1.0,0.002976
55898,327234,1,spatial,person,64,0.868526,1,5,59,0,6,1,1,1,0,1.0,1.0,0.000992
55899,327234,1,spatial,person,64,0.868526,1,5,59,0,6,1,1,1,0,1.0,1.0,0.000992
63994,327421,1,spatial,person,64,0.839892,1,4,60,0,4,1,1,1,0,1.0,1.0,0.003472
63995,327421,1,spatial,person,64,0.839892,1,4,60,0,4,1,1,1,0,1.0,1.0,0.003472
36692,327881,2,spatial,zebra,64,0.828473,1,17,47,0,13,1,1,1,1,1.0,1.0,0.001984
36693,327881,2,spatial,zebra,64,0.828473,1,17,47,0,13,1,1,1,1,1.0,1.0,0.001984
92129,327881,2,spatial,zebra,64,0.889012,1,13,51,0,17,1,1,1,1,1.0,1.0,0.001984
92130,327881,2,spatial,zebra,64,0.889012,1,13,51,0,17,1,1,1,1,1.0,1.0,0.001984
19224,329230,1,spatial,surfboard,64,0.792704,1,2,62,7,4,1,1,1,0,0.923077,0.846154,0.000992
19225,329230,1,spatial,surfboard,64,0.792704,1,2,62,7,4,1,1,1,0,0.923077,0.846154,0.000992
82332,330572,1,attribute,person,64,0.90163,1,14,50,0,11,1,1,1,1,1.0,1.0,0.001984
82333,330572,1,spatial,person,64,0.90163,1,14,50,0,11,1,1,1,1,1.0,1.0,0.001984
18994,330806,1,spatial,person,64,0.852139,1,8,56,0,14,1,1,1,1,1.0,1.0,0.00248
18995,330806,1,spatial,person,64,0.852139,1,8,56,0,14,1,1,1,1,1.0,1.0,0.00248
49763,330806,1,spatial,person,64,0.762392,1,10,54,0,12,1,1,1,1,1.0,1.0,0.00248
49764,330806,1,attribute,person,64,0.762392,1,10,54,0,12,1,1,1,1,1.0,1.0,0.00248
38252,330806,1,simple,person,64,0.857686,1,5,59,0,17,1,1,1,1,1.0,1.0,0.00248
38253,330806,1,attribute,person,64,0.857686,1,5,59,0,17,1,1,1,1,1.0,1.0,0.00248
69735,330993,1,spatial,car,64,0.911325,1,9,55,0,9,1,1,1,1,0.75,0.75,0.001984
69736,330993,1,spatial,car,64,0.911325,1,9,55,0,9,1,1,1,1,0.75,0.75,0.001984
88610,331724,1,spatial,apple,64,0.821895,1,4,60,0,1,1,1,0,0,0.777778,0.722222,0.000496
88611,331724,1,spatial,apple,64,0.821895,1,4,60,0,1,1,1,0,0,0.777778,0.722222,0.000496
82427,333127,1,attribute,person,64,0.901077,1,9,55,0,5,1,1,1,0,1.0,1.0,0.004464
82428,333127,1,attribute,person,64,0.901077,1,9,55,0,5,1,1,1,0,1.0,1.0,0.004464
80611,333599,1,spatial,person,64,0.770652,1,9,55,0,10,1,1,1,1,0.833333,0.666667,0.0
80612,333599,1,spatial,person,64,0.770652,1,9,55,0,10,1,1,1,1,0.833333,0.666667,0.0
6540,333855,1,attribute,person,64,0.810173,1,14,50,0,12,1,1,1,1,1.0,0.75,0.001984
6541,333855,1,simple,person,64,0.810173,1,14,50,0,12,1,1,1,1,1.0,0.75,0.001984
67729,334162,1,simple,person,64,0.851714,1,8,56,0,10,1,1,1,1,1.0,0.833333,0.001488
67730,334162,1,simple,person,64,0.851714,1,8,56,0,10,1,1,1,1,1.0,0.833333,0.001488
83187,334596,1,spatial,tv,64,0.925952,1,1,63,0,1,1,1,0,0,0.916667,0.75,0.001984
83188,334596,1,simple,tv,64,0.925952,1,1,63,0,1,1,1,0,0,0.916667,0.75,0.001984
19083,334596,1,spatial,tv,64,0.71816,1,1,63,0,1,1,1,0,0,0.916667,0.75,0.001984
19084,334596,1,spatial,tv,64,0.71816,1,1,63,0,1,1,1,0,0,0.916667,0.75,0.001984
97611,335140,1,simple,tv,64,0.857861,1,2,62,38,0,1,1,0,0,0.5,0.409091,0.000992
97612,335140,1,spatial,tv,64,0.857861,1,2,62,38,0,1,1,0,0,0.5,0.409091,0.000992
77400,335766,1,spatial,sink,64,0.625646,1,1,63,0,7,1,1,1,0,1.0,0.666667,0.0
77401,335766,1,spatial,sink,64,0.625646,1,1,63,0,7,1,1,1,0,1.0,0.666667,0.0
46978,336353,1,spatial,dog,64,0.850912,1,8,56,0,12,1,1,1,1,1.0,1.0,0.000496
46979,336353,1,spatial,dog,64,0.850912,1,8,56,0,12,1,1,1,1,1.0,1.0,0.000496
11152,336491,2,attribute,sheep,64,0.856439,1,9,55,0,1,1,1,0,0,0.857143,0.857143,0.002976
11153,336491,2,attribute,sheep,64,0.856439,1,9,55,0,1,1,1,0,0,0.857143,0.857143,0.002976
11441,336491,2,spatial,person,64,0.807948,1,11,53,0,12,1,1,1,1,0.857143,0.857143,0.002976
11442,336491,2,spatial,person,64,0.807948,1,11,53,0,12,1,1,1,1,0.857143,0.857143,0.002976
53627,336491,2,spatial,person,64,0.820413,1,9,55,0,14,1,1,1,1,0.857143,0.857143,0.002976
53628,336491,2,spatial,person,64,0.820413,1,9,55,0,14,1,1,1,1,0.857143,0.857143,0.002976
98210,336491,2,spatial,person,64,0.747884,1,10,54,0,16,1,1,1,1,0.857143,0.857143,0.002976
98211,336491,2,spatial,person,64,0.747884,1,10,54,0,16,1,1,1,1,0.857143,0.857143,0.002976
13074,336491,2,attribute,sheep,64,0.71732,1,5,59,0,5,1,1,1,0,0.857143,0.857143,0.002976
13075,336491,2,attribute,sheep,64,0.71732,1,5,59,0,5,1,1,1,0,0.857143,0.857143,0.002976
52453,336532,1,simple,person,64,0.794643,1,6,58,0,11,1,1,1,1,0.833333,0.833333,0.000496
52454,336532,1,simple,person,64,0.794643,1,6,58,0,11,1,1,1,1,0.833333,0.833333,0.000496
37633,336688,2,simple,couch,64,0.834879,1,7,57,0,3,1,1,0,0,1.0,1.0,0.002976
37634,336688,2,spatial,couch,64,0.834879,1,7,57,0,3,1,1,0,0,1.0,1.0,0.002976
39176,336688,2,spatial,couch,64,0.743313,1,3,61,0,7,1,1,1,0,1.0,1.0,0.002976
39177,336688,2,spatial,couch,64,0.743313,1,3,61,0,7,1,1,1,0,1.0,1.0,0.002976
63012,336966,1,spatial,airplane,64,0.825164,1,6,58,0,11,1,1,1,1,1.0,0.571429,0.000992
61325,336966,1,spatial,airplane,64,0.639795,1,6,58,0,11,1,1,1,1,1.0,0.571429,0.000992
61326,336966,1,spatial,airplane,64,0.639795,1,6,58,0,11,1,1,1,1,1.0,0.571429,0.000992
67106,336966,1,spatial,airplane,64,0.799684,1,6,58,0,11,1,1,1,1,1.0,0.571429,0.000992
67107,336966,1,spatial,airplane,64,0.799684,1,6,58,0,11,1,1,1,1,1.0,0.571429,0.000992
15860,337648,1,spatial,person,64,0.820156,1,15,49,0,6,1,1,1,0,1.0,1.0,0.003472
15861,337648,1,spatial,person,64,0.820156,1,15,49,0,6,1,1,1,0,1.0,1.0,0.003472
100540,338549,1,spatial,bus,64,0.786308,1,4,60,0,0,1,1,0,0,0.571429,0.428571,0.0
100541,338549,1,spatial,bus,64,0.786308,1,4,60,0,0,1,1,0,0,0.571429,0.428571,0.0
74146,339159,1,spatial,chair,64,0.673627,1,4,60,0,4,1,1,1,0,1.0,0.875,0.001488
74147,339159,1,spatial,chair,64,0.673627,1,4,60,0,4,1,1,1,0,1.0,0.875,0.001488
14614,340197,1,attribute,person,64,0.924445,1,5,59,0,14,1,1,1,1,1.0,1.0,0.00248
14615,340197,1,spatial,person,64,0.924445,1,5,59,0,14,1,1,1,1,1.0,1.0,0.00248
73944,340197,1,spatial,person,64,0.755746,1,14,50,0,5,1,1,1,0,1.0,1.0,0.00248
73945,340197,1,spatial,person,64,0.755746,1,14,50,0,5,1,1,1,0,1.0,1.0,0.00248
26931,340958,1,spatial,apple,64,0.719443,1,8,56,0,6,1,1,1,0,1.0,1.0,0.001488
26932,340958,1,attribute,apple,64,0.719443,1,8,56,0,6,1,1,1,0,1.0,1.0,0.001488
75679,340958,1,spatial,apple,64,0.760108,1,6,58,0,8,1,1,1,0,1.0,1.0,0.001488
104111,340958,1,spatial,orange,64,0.793421,1,9,55,0,4,1,1,1,0,1.0,1.0,0.001488
5840,340958,1,spatial,orange,64,0.873558,1,4,60,0,9,1,1,1,1,1.0,1.0,0.001488
5841,340958,1,spatial,orange,64,0.873558,1,4,60,0,9,1,1,1,1,1.0,1.0,0.001488
35749,342130,1,spatial,chair,64,0.784849,1,4,60,0,1,1,1,0,0,0.866667,0.666667,0.000992
33173,342532,1,spatial,person,64,0.776685,1,13,51,0,9,1,1,1,1,1.0,1.0,0.001984
33174,342532,1,simple,person,64,0.776685,1,13,51,0,9,1,1,1,1,1.0,1.0,0.001984
80976,343322,1,spatial,car,64,0.807564,1,7,57,0,4,1,1,1,0,0.666667,0.416667,0.002976
80977,343322,1,spatial,car,64,0.807564,1,7,57,0,4,1,1,1,0,0.666667,0.416667,0.002976
93686,343892,1,spatial,person,64,0.768809,1,9,55,0,9,1,1,1,1,1.0,1.0,0.001984
93687,343892,1,simple,person,64,0.768809,1,9,55,0,9,1,1,1,1,1.0,1.0,0.001984
41936,344157,1,spatial,dining table,64,0.817679,1,5,59,0,5,1,1,1,0,0.857143,0.857143,0.000992
41937,344157,1,spatial,dining table,64,0.817679,1,5,59,0,5,1,1,1,0,0.857143,0.857143,0.000992
77473,344157,1,spatial,person,64,0.848932,1,6,58,0,6,1,1,1,0,0.857143,0.857143,0.000992
77474,344157,1,simple,person,64,0.848932,1,6,58,0,6,1,1,1,0,0.857143,0.857143,0.000992
28019,344157,1,simple,person,64,0.833578,1,6,58,0,6,1,1,1,0,0.857143,0.857143,0.000992
28020,344157,1,spatial,person,64,0.833578,1,6,58,0,6,1,1,1,0,0.857143,0.857143,0.000992
92003,344805,1,spatial,person,64,0.818247,1,8,56,0,2,1,1,0,0,0.5,0.45,0.00248
92004,344805,1,spatial,person,64,0.818247,1,8,56,0,2,1,1,0,0,0.5,0.45,0.00248
46113,344805,1,spatial,person,64,0.603762,1,3,61,0,8,1,1,1,0,0.5,0.45,0.00248
46114,344805,1,spatial,person,64,0.603762,1,3,61,0,8,1,1,1,0,0.5,0.45,0.00248
47970,345388,2,spatial,suitcase,64,0.838736,1,8,56,0,14,1,1,1,1,1.0,1.0,0.0
47971,345388,2,attribute,suitcase,64,0.838736,1,8,56,0,14,1,1,1,1,1.0,1.0,0.0
61196,345388,2,spatial,suitcase,64,0.802057,1,6,58,0,16,1,1,1,1,1.0,1.0,0.0
61197,345388,2,spatial,suitcase,64,0.802057,1,6,58,0,16,1,1,1,1,1.0,1.0,0.0
10515,345388,2,spatial,suitcase,64,0.703386,1,5,59,0,17,1,1,1,1,1.0,1.0,0.0
10516,345388,2,spatial,suitcase,64,0.703386,1,5,59,0,17,1,1,1,1,1.0,1.0,0.0
81103,345436,1,spatial,person,64,0.844369,1,8,56,2,7,1,1,1,0,1.0,1.0,0.00248
81104,345436,1,attribute,person,64,0.844369,1,8,56,2,7,1,1,1,0,1.0,1.0,0.00248
80626,345842,1,spatial,chair,64,0.878619,1,6,58,0,3,1,1,0,0,1.0,0.6,0.000496
80627,345842,1,spatial,chair,64,0.878619,1,6,58,0,3,1,1,0,0,1.0,0.6,0.000496
30002,347483,1,spatial,potted plant,64,0.815344,1,4,60,0,4,1,1,1,0,1.0,1.0,0.001488
30003,347483,1,spatial,potted plant,64,0.815344,1,4,60,0,4,1,1,1,0,1.0,1.0,0.001488
101782,347495,1,spatial,person,64,0.869713,1,10,54,0,14,1,1,1,1,1.0,1.0,0.000992
101783,347495,1,spatial,person,64,0.869713,1,10,54,0,14,1,1,1,1,1.0,1.0,0.000992
97771,347787,1,spatial,cup,64,0.874559,1,4,60,0,2,1,1,0,0,1.0,0.909091,0.000496
97772,347787,1,spatial,cup,64,0.874559,1,4,60,0,2,1,1,0,0,1.0,0.909091,0.000496
75593,347796,2,simple,laptop,64,0.665618,1,5,59,0,9,1,1,1,1,1.0,0.846154,0.001488
75594,347796,2,attribute,laptop,64,0.665618,1,5,59,0,9,1,1,1,1,1.0,0.846154,0.001488
3696,347796,2,spatial,laptop,64,0.875137,1,5,59,0,9,1,1,1,1,1.0,0.846154,0.001488
97619,347796,2,spatial,laptop,64,0.906482,1,3,61,0,11,1,1,1,1,1.0,0.846154,0.001488
97620,347796,2,simple,laptop,64,0.906482,1,3,61,0,11,1,1,1,1,1.0,0.846154,0.001488
62762,347948,1,spatial,bus,64,0.844525,1,6,58,0,3,1,1,0,0,0.833333,0.583333,0.001984
62763,347948,1,spatial,bus,64,0.844525,1,6,58,0,3,1,1,0,0,0.833333,0.583333,0.001984
17987,347948,1,spatial,bus,64,0.763607,1,3,61,0,6,1,1,1,0,0.833333,0.583333,0.001984
17988,347948,1,simple,bus,64,0.763607,1,3,61,0,6,1,1,1,0,0.833333,0.583333,0.001984
93047,347976,1,spatial,bicycle,64,0.765565,1,8,56,0,13,1,1,1,1,0.833333,0.833333,0.00248
93048,347976,1,spatial,bicycle,64,0.765565,1,8,56,0,13,1,1,1,1,0.833333,0.833333,0.00248
94608,347976,1,spatial,bicycle,64,0.807127,1,4,60,0,17,1,1,1,1,0.833333,0.833333,0.00248
58375,347976,1,spatial,car,64,0.859282,1,4,60,0,5,1,1,1,0,0.833333,0.833333,0.00248
58376,347976,1,spatial,car,64,0.859282,1,4,60,0,5,1,1,1,0,0.833333,0.833333,0.00248
104188,348850,1,spatial,giraffe,64,0.853802,1,14,50,0,11,1,1,1,1,1.0,1.0,0.004464
104189,348850,1,simple,giraffe,64,0.853802,1,14,50,0,11,1,1,1,1,1.0,1.0,0.004464
53873,349403,1,spatial,person,64,0.888749,1,13,51,0,4,1,1,1,0,0.8,0.8,0.001984
53874,349403,1,attribute,person,64,0.888749,1,13,51,0,4,1,1,1,0,0.8,0.8,0.001984
55109,349442,1,simple,airplane,64,0.842248,1,7,57,0,13,1,1,1,1,1.0,1.0,0.0
55110,349442,1,attribute,airplane,64,0.842248,1,7,57,0,13,1,1,1,1,1.0,1.0,0.0
58083,350191,1,spatial,person,64,0.775749,1,5,59,0,1,1,1,0,0,1.0,0.666667,0.00248
58084,350191,1,spatial,person,64,0.775749,1,5,59,0,1,1,1,0,0,1.0,0.666667,0.00248
63162,350335,1,spatial,skateboard,64,0.767695,1,3,61,0,12,1,1,1,1,1.0,1.0,0.0
63163,350335,1,spatial,skateboard,64,0.767695,1,3,61,0,12,1,1,1,1,1.0,1.0,0.0
25655,350421,1,spatial,chair,64,0.861878,1,1,63,0,3,1,1,0,0,0.846154,0.692308,0.000992
24115,350421,1,spatial,chair,64,0.880035,1,3,61,0,1,1,1,0,0,0.846154,0.692308,0.000992
87811,350596,1,spatial,person,64,0.738282,1,7,57,0,6,1,1,1,0,1.0,0.8,0.001984
87812,350596,1,attribute,person,64,0.738282,1,7,57,0,6,1,1,1,0,1.0,0.8,0.001984
31053,350596,1,spatial,person,64,0.586462,1,1,63,0,12,1,1,1,1,1.0,0.8,0.001984
31054,350596,1,spatial,person,64,0.586462,1,1,63,0,12,1,1,1,1,1.0,0.8,0.001984
32958,350596,1,spatial,person,64,0.773835,1,5,59,0,8,1,1,1,0,1.0,0.8,0.001984
1563,350984,1,spatial,teddy bear,64,0.782328,1,8,56,0,6,1,1,1,0,1.0,1.0,0.000992
1564,350984,1,spatial,teddy bear,64,0.782328,1,8,56,0,6,1,1,1,0,1.0,1.0,0.000992
61257,350984,1,spatial,teddy bear,64,0.765704,1,4,60,0,10,1,1,1,1,1.0,1.0,0.000992
61258,350984,1,simple,teddy bear,64,0.765704,1,4,60,0,10,1,1,1,1,1.0,1.0,0.000992
81218,351384,1,attribute,bus,64,0.820653,1,6,58,3,2,1,1,0,0,1.0,0.666667,0.001488
81219,351384,1,spatial,bus,64,0.820653,1,6,58,3,2,1,1,0,0,1.0,0.666667,0.001488
92518,351403,1,spatial,person,64,0.823762,1,8,56,0,12,1,1,1,1,1.0,1.0,0.000992
92519,351403,1,spatial,person,64,0.823762,1,8,56,0,12,1,1,1,1,1.0,1.0,0.000992
43180,352061,1,spatial,cow,64,0.844465,1,17,47,0,13,1,1,1,1,1.0,1.0,0.002976
43181,352061,1,spatial,cow,64,0.844465,1,17,47,0,13,1,1,1,1,1.0,1.0,0.002976
76988,352091,1,spatial,kite,64,0.855821,1,2,62,0,0,1,1,0,0,0.75,0.65,0.003472
76989,352091,1,attribute,kite,64,0.855821,1,2,62,0,0,1,1,0,0,0.75,0.65,0.003472
49014,352511,1,spatial,bed,64,0.832277,1,9,55,0,4,1,1,1,0,1.0,1.0,0.000992
49015,352511,1,spatial,bed,64,0.832277,1,9,55,0,4,1,1,1,0,1.0,1.0,0.000992
69093,354318,1,spatial,person,64,0.840966,1,4,60,0,4,1,1,1,0,1.0,0.888889,0.000992
69094,354318,1,spatial,person,64,0.840966,1,4,60,0,4,1,1,1,0,1.0,0.888889,0.000992
40725,356097,1,spatial,airplane,64,0.842016,1,12,52,0,16,1,1,1,1,1.0,1.0,0.001488
40726,356097,1,spatial,airplane,64,0.842016,1,12,52,0,16,1,1,1,1,1.0,1.0,0.001488
24273,356159,1,spatial,person,64,0.907013,1,6,58,0,12,1,1,1,1,0.833333,0.833333,0.001984
86612,356435,1,spatial,sandwich,64,0.808472,1,7,57,0,5,1,1,1,0,1.0,0.857143,0.001488
86613,356435,1,spatial,sandwich,64,0.808472,1,7,57,0,5,1,1,1,0,1.0,0.857143,0.001488
75828,358462,1,spatial,truck,64,0.955124,1,2,62,0,9,1,1,1,1,1.0,1.0,0.002976
75829,358462,1,attribute,truck,64,0.955124,1,2,62,0,9,1,1,1,1,1.0,1.0,0.002976
101029,358580,1,spatial,car,64,0.72896,1,6,58,0,11,1,1,1,1,0.888889,0.888889,0.001984
101030,358580,1,spatial,car,64,0.72896,1,6,58,0,11,1,1,1,1,0.888889,0.888889,0.001984
102645,358580,1,spatial,truck,64,0.850919,1,5,59,0,9,1,1,1,1,0.888889,0.888889,0.001984
102646,358580,1,spatial,truck,64,0.850919,1,5,59,0,9,1,1,1,1,0.888889,0.888889,0.001984
76827,358767,1,spatial,motorcycle,64,0.741465,1,2,62,0,0,1,1,0,0,0.615385,0.538462,0.001984
76828,358767,1,spatial,motorcycle,64,0.741465,1,2,62,0,0,1,1,0,0,0.615385,0.538462,0.001984
95339,359565,1,spatial,book,64,0.89383,1,3,61,0,4,1,1,1,0,1.0,1.0,0.000992
95340,359565,1,spatial,book,64,0.89383,1,3,61,0,4,1,1,1,0,1.0,1.0,0.000992
50402,359565,1,spatial,book,64,0.878505,1,4,60,0,3,1,1,0,0,1.0,1.0,0.000992
26072,360110,1,spatial,backpack,64,0.911906,1,5,59,0,2,1,1,0,0,1.0,1.0,0.000992
26073,360110,1,spatial,backpack,64,0.911906,1,5,59,0,2,1,1,0,0,1.0,1.0,0.000992
70975,361132,1,spatial,giraffe,64,0.825825,1,4,60,0,1,1,1,0,0,0.9,0.8,0.0
70976,361132,1,simple,giraffe,64,0.825825,1,4,60,0,1,1,1,0,0,0.9,0.8,0.0
50194,361469,1,simple,person,64,0.814431,1,5,59,0,7,1,1,1,0,1.0,1.0,0.001984
50195,361469,1,simple,person,64,0.814431,1,5,59,0,7,1,1,1,0,1.0,1.0,0.001984
54549,362071,1,simple,giraffe,64,0.825131,1,17,47,0,13,1,1,1,1,1.0,1.0,0.000496
54550,362071,1,spatial,giraffe,64,0.825131,1,17,47,0,13,1,1,1,1,1.0,1.0,0.000496
38432,362301,1,attribute,person,64,0.845158,1,3,61,0,9,1,1,1,1,1.0,1.0,0.0
38433,362301,1,spatial,person,64,0.845158,1,3,61,0,9,1,1,1,1,1.0,1.0,0.0
72612,363224,1,spatial,truck,64,0.630221,1,1,63,4,10,1,1,1,1,1.0,0.666667,0.0
72613,363224,1,spatial,truck,64,0.630221,1,1,63,4,10,1,1,1,1,1.0,0.666667,0.0
59004,364653,2,spatial,sheep,64,0.727057,1,18,46,0,5,1,1,1,0,1.0,1.0,0.0
59005,364653,2,spatial,sheep,64,0.727057,1,18,46,0,5,1,1,1,0,1.0,1.0,0.0
8300,364653,2,spatial,sheep,64,0.856702,1,5,59,0,18,1,1,1,1,1.0,1.0,0.0
8301,364653,2,spatial,sheep,64,0.856702,1,5,59,0,18,1,1,1,1,1.0,1.0,0.0
8337,365082,1,spatial,pizza,64,0.789994,1,7,57,0,6,1,1,1,0,1.0,0.75,0.000496
8338,365082,1,spatial,pizza,64,0.789994,1,7,57,0,6,1,1,1,0,1.0,0.75,0.000496
27608,365284,1,spatial,umbrella,64,0.661277,1,3,61,0,0,1,1,0,0,0.346154,0.25,0.0
27609,365284,1,spatial,umbrella,64,0.661277,1,3,61,0,0,1,1,0,0,0.346154,0.25,0.0
14844,365527,1,simple,bicycle,64,0.806184,1,8,56,0,5,1,1,1,0,1.0,0.833333,0.000496
101583,365527,1,spatial,person,64,0.730144,1,10,54,0,9,1,1,1,1,1.0,0.833333,0.000496
101584,365527,1,spatial,person,64,0.730144,1,10,54,0,9,1,1,1,1,1.0,0.833333,0.000496
31750,365573,1,spatial,bicycle,64,0.839781,1,9,55,0,3,1,1,0,0,0.9,0.9,0.000992
31751,365573,1,spatial,bicycle,64,0.839781,1,9,55,0,3,1,1,0,0,0.9,0.9,0.000992
12332,365573,1,spatial,bicycle,64,0.855548,1,3,61,0,9,1,1,1,1,0.9,0.9,0.000992
12333,365573,1,spatial,bicycle,64,0.855548,1,3,61,0,9,1,1,1,1,0.9,0.9,0.000992
103322,365614,1,simple,person,64,0.877165,1,14,50,0,1,1,1,0,0,1.0,0.8,0.002976
103323,365614,1,spatial,person,64,0.877165,1,14,50,0,1,1,1,0,0,1.0,0.8,0.002976
99620,366373,1,spatial,person,64,0.753939,1,10,54,0,8,1,1,1,0,1.0,0.5,0.0
99621,366373,1,spatial,person,64,0.753939,1,10,54,0,8,1,1,1,0,1.0,0.5,0.0
91241,366469,1,simple,person,64,0.944183,1,10,54,3,13,1,1,1,1,1.0,1.0,0.000496
91242,366469,1,spatial,person,64,0.944183,1,10,54,3,13,1,1,1,1,1.0,1.0,0.000496
21101,366702,1,spatial,chair,64,0.849431,1,6,58,0,14,1,1,1,1,1.0,1.0,0.001488
21102,366702,1,spatial,chair,64,0.849431,1,6,58,0,14,1,1,1,1,1.0,1.0,0.001488
42694,367020,1,attribute,car,64,0.708491,1,7,57,0,4,1,1,1,0,1.0,1.0,0.001488
42695,367020,1,attribute,car,64,0.708491,1,7,57,0,4,1,1,1,0,1.0,1.0,0.001488
47936,367020,1,spatial,car,64,0.939923,1,2,62,0,9,1,1,1,1,1.0,1.0,0.001488
47937,367020,1,spatial,car,64,0.939923,1,2,62,0,9,1,1,1,1,1.0,1.0,0.001488
50830,367375,1,spatial,person,64,0.889237,1,8,56,0,8,1,1,1,0,0.666667,0.666667,0.001984
50831,367375,1,spatial,person,64,0.889237,1,8,56,0,8,1,1,1,0,0.666667,0.666667,0.001984
25624,368014,1,spatial,airplane,64,0.733787,1,5,59,0,3,1,1,0,0,1.0,1.0,0.000496
25625,368014,1,simple,airplane,64,0.733787,1,5,59,0,3,1,1,0,0,1.0,1.0,0.000496
47527,368409,1,spatial,bus,64,0.904099,1,3,61,0,0,1,1,0,0,0.586207,0.517241,0.001984
47528,368409,1,spatial,bus,64,0.904099,1,3,61,0,0,1,1,0,0,0.586207,0.517241,0.001984
72490,368647,1,spatial,chair,64,0.854605,1,3,61,0,3,1,1,0,0,1.0,1.0,0.000496
72491,368647,1,spatial,chair,64,0.854605,1,3,61,0,3,1,1,0,0,1.0,1.0,0.000496
90892,369931,1,spatial,person,64,0.788703,1,8,56,0,8,1,1,1,0,1.0,1.0,0.000496
90893,369931,1,spatial,person,64,0.788703,1,8,56,0,8,1,1,1,0,1.0,1.0,0.000496
29582,369931,1,simple,person,64,0.789182,1,8,56,0,8,1,1,1,0,1.0,1.0,0.000496
29583,369931,1,spatial,person,64,0.789182,1,8,56,0,8,1,1,1,0,1.0,1.0,0.000496
61132,371134,1,spatial,airplane,64,0.822568,1,10,54,0,12,1,1,1,1,1.0,1.0,0.00248
61133,371134,1,spatial,airplane,64,0.822568,1,10,54,0,12,1,1,1,1,1.0,1.0,0.00248
61725,371134,1,simple,airplane,64,0.827948,1,12,52,0,10,1,1,1,1,1.0,1.0,0.00248
61726,371134,1,spatial,airplane,64,0.827948,1,12,52,0,10,1,1,1,1,1.0,1.0,0.00248
28710,371577,1,spatial,person,64,0.849002,1,8,56,0,16,1,1,1,1,0.75,0.75,0.00248
28711,371577,1,spatial,person,64,0.849002,1,8,56,0,16,1,1,1,1,0.75,0.75,0.00248
84681,372121,1,spatial,boat,64,0.790771,1,4,60,0,8,1,1,1,0,0.857143,0.857143,0.001488
84682,372121,1,spatial,boat,64,0.790771,1,4,60,0,8,1,1,1,0,0.857143,0.857143,0.001488
40697,372121,1,spatial,pizza,64,0.925469,1,4,60,0,2,1,1,0,0,0.857143,0.857143,0.001488
40698,372121,1,spatial,pizza,64,0.925469,1,4,60,0,2,1,1,0,0,0.857143,0.857143,0.001488
31460,372121,1,spatial,cup,64,0.892422,1,4,60,0,2,1,1,0,0,0.857143,0.857143,0.001488
31461,372121,1,spatial,cup,64,0.892422,1,4,60,0,2,1,1,0,0,0.857143,0.857143,0.001488
11156,373153,1,spatial,cow,64,0.839925,1,13,51,0,2,1,1,0,0,1.0,1.0,0.00248
11157,373153,1,attribute,cow,64,0.839925,1,13,51,0,2,1,1,0,0,1.0,1.0,0.00248
89755,373153,1,spatial,car,64,0.801154,1,10,54,0,7,1,1,1,0,1.0,1.0,0.00248
89756,373153,1,spatial,car,64,0.801154,1,10,54,0,7,1,1,1,0,1.0,1.0,0.00248
13572,373259,1,spatial,car,64,0.870346,1,4,60,0,1,1,1,0,0,1.0,1.0,0.002976
13573,373259,1,spatial,car,64,0.870346,1,4,60,0,1,1,1,0,0,1.0,1.0,0.002976
40003,373338,1,spatial,truck,64,0.705748,1,4,60,0,3,1,1,0,0,1.0,0.75,0.003472
40004,373338,1,simple,truck,64,0.705748,1,4,60,0,3,1,1,0,0,1.0,0.75,0.003472
22384,373639,2,spatial,cup,64,0.864727,1,1,63,0,11,1,1,1,1,1.0,0.8,0.000992
22385,373639,2,spatial,cup,64,0.864727,1,1,63,0,11,1,1,1,1,1.0,0.8,0.000992
58520,373639,2,simple,knife,64,0.771063,1,14,50,0,6,1,1,1,0,1.0,0.8,0.000992
58521,373639,2,simple,knife,64,0.771063,1,14,50,0,6,1,1,1,0,1.0,0.8,0.000992
57206,373639,2,spatial,knife,64,0.568566,1,5,59,0,12,1,1,1,1,1.0,0.8,0.000992
364,373639,2,spatial,cup,64,0.792818,1,12,52,0,1,1,1,0,0,1.0,0.8,0.000992
365,373639,2,spatial,cup,64,0.792818,1,12,52,0,1,1,1,0,0,1.0,0.8,0.000992
69496,373731,1,spatial,car,64,0.94172,1,1,63,1,2,1,1,0,0,0.7,0.4,0.0
69497,373731,1,spatial,car,64,0.94172,1,1,63,1,2,1,1,0,0,0.7,0.4,0.0
13455,373731,1,spatial,truck,64,0.681531,1,5,59,1,6,1,1,1,0,0.7,0.4,0.0
22611,373731,1,spatial,truck,64,0.864327,1,6,58,1,5,1,1,1,0,0.7,0.4,0.0
22612,373731,1,spatial,truck,64,0.864327,1,6,58,1,5,1,1,1,0,0.7,0.4,0.0
65823,373747,1,spatial,pizza,64,0.791922,1,5,59,0,3,1,1,0,0,1.0,1.0,0.00248
65824,373747,1,spatial,pizza,64,0.791922,1,5,59,0,3,1,1,0,0,1.0,1.0,0.00248
15818,373747,1,spatial,pizza,64,0.92153,1,3,61,0,5,1,1,1,0,1.0,1.0,0.00248
15819,373747,1,spatial,pizza,64,0.92153,1,3,61,0,5,1,1,1,0,1.0,1.0,0.00248
29314,374171,1,spatial,stop sign,64,0.834671,1,3,61,0,5,1,1,1,0,1.0,0.666667,0.000496
29315,374171,1,spatial,stop sign,64,0.834671,1,3,61,0,5,1,1,1,0,1.0,0.666667,0.000496
6397,374180,1,spatial,orange,64,0.882554,1,8,56,0,4,1,1,1,0,1.0,1.0,0.001488
6398,374180,1,spatial,orange,64,0.882554,1,8,56,0,4,1,1,1,0,1.0,1.0,0.001488
63729,374308,1,simple,dog,64,0.91993,1,9,55,0,13,1,1,1,1,1.0,1.0,0.000496
63730,374308,1,attribute,dog,64,0.91993,1,9,55,0,13,1,1,1,1,1.0,1.0,0.000496
22650,374374,2,spatial,person,64,0.799772,1,9,55,0,8,1,1,1,0,1.0,1.0,0.003968
22651,374374,2,spatial,person,64,0.799772,1,9,55,0,8,1,1,1,0,1.0,1.0,0.003968
71926,374374,2,spatial,person,64,0.899092,1,8,56,0,9,1,1,1,1,1.0,1.0,0.003968
71927,374374,2,spatial,person,64,0.899092,1,8,56,0,9,1,1,1,1,1.0,1.0,0.003968
20996,374453,1,simple,traffic light,64,0.819687,1,19,45,0,7,1,1,1,0,1.0,1.0,0.001984
20997,374453,1,simple,traffic light,64,0.819687,1,19,45,0,7,1,1,1,0,1.0,1.0,0.001984
791,374946,1,spatial,zebra,64,0.904528,1,9,55,0,5,1,1,1,0,1.0,1.0,0.0
792,374946,1,simple,zebra,64,0.904528,1,9,55,0,5,1,1,1,0,1.0,1.0,0.0
61939,374946,1,spatial,zebra,64,0.850361,1,10,54,0,4,1,1,1,0,1.0,1.0,0.0
61940,374946,1,spatial,zebra,64,0.850361,1,10,54,0,4,1,1,1,0,1.0,1.0,0.0
60980,375054,1,attribute,sink,64,0.788286,1,10,54,0,0,1,1,0,0,0.5,0.5,0.001984
60981,375054,1,spatial,sink,64,0.788286,1,10,54,0,0,1,1,0,0,0.5,0.5,0.001984
57819,375311,1,attribute,car,64,0.881566,1,6,58,0,3,1,1,0,0,1.0,0.75,0.000496
57820,375311,1,spatial,car,64,0.881566,1,6,58,0,3,1,1,0,0,1.0,0.75,0.000496
7313,375568,2,spatial,chair,64,0.736416,1,11,53,0,13,1,1,1,1,1.0,1.0,0.000496
61152,375568,2,spatial,chair,64,0.826165,1,8,56,0,16,1,1,1,1,1.0,1.0,0.000496
61153,375568,2,spatial,chair,64,0.826165,1,8,56,0,16,1,1,1,1,1.0,1.0,0.000496
59876,375568,2,spatial,chair,64,0.840178,1,4,60,0,20,1,1,1,1,1.0,1.0,0.000496
59877,375568,2,spatial,chair,64,0.840178,1,4,60,0,20,1,1,1,1,1.0,1.0,0.000496
86648,376024,1,simple,cow,64,0.806398,1,9,55,0,14,1,1,1,1,1.0,1.0,0.000992
86649,376024,1,spatial,cow,64,0.806398,1,9,55,0,14,1,1,1,1,1.0,1.0,0.000992
70398,376953,1,spatial,chair,64,0.838204,1,10,54,0,19,1,1,1,1,1.0,1.0,0.000992
70399,376953,1,attribute,chair,64,0.838204,1,10,54,0,19,1,1,1,1,1.0,1.0,0.000992
10288,376953,1,attribute,chair,64,0.708549,1,9,55,0,20,1,1,1,1,1.0,1.0,0.000992
10289,376953,1,spatial,chair,64,0.708549,1,9,55,0,20,1,1,1,1,1.0,1.0,0.000992
15733,377456,1,simple,person,64,0.754547,1,8,56,0,8,1,1,1,0,0.888889,0.888889,0.003472
15734,377456,1,simple,person,64,0.754547,1,8,56,0,8,1,1,1,0,0.888889,0.888889,0.003472
78763,377709,1,spatial,bus,64,0.782371,1,9,55,0,8,1,1,1,0,1.0,1.0,0.0
78764,377709,1,attribute,bus,64,0.782371,1,9,55,0,8,1,1,1,0,1.0,1.0,0.0
81121,378090,1,spatial,chair,64,0.894589,1,5,59,0,4,1,1,1,0,0.933333,0.866667,0.00248
81122,378090,1,spatial,chair,64,0.894589,1,5,59,0,4,1,1,1,0,0.933333,0.866667,0.00248
33611,378090,1,spatial,chair,64,0.859496,1,4,60,0,5,1,1,1,0,0.933333,0.866667,0.00248
33612,378090,1,spatial,chair,64,0.859496,1,4,60,0,5,1,1,1,0,0.933333,0.866667,0.00248
46676,378090,1,spatial,couch,64,0.85055,1,2,62,0,11,1,1,1,1,0.933333,0.866667,0.00248
46677,378090,1,spatial,couch,64,0.85055,1,2,62,0,11,1,1,1,1,0.933333,0.866667,0.00248
26988,378864,1,spatial,bowl,64,0.900204,1,3,61,0,9,1,1,1,1,1.0,0.833333,0.001984
26989,378864,1,spatial,bowl,64,0.900204,1,3,61,0,9,1,1,1,1,1.0,0.833333,0.001984
56388,379246,1,spatial,truck,64,0.821278,1,10,54,0,18,1,1,1,1,1.0,1.0,0.003472
56389,379246,1,spatial,truck,64,0.821278,1,10,54,0,18,1,1,1,1,1.0,1.0,0.003472
55932,379564,1,spatial,fork,64,0.886428,1,4,60,0,2,1,1,0,0,1.0,0.916667,0.001488
55933,379564,1,spatial,fork,64,0.886428,1,4,60,0,2,1,1,0,0,1.0,0.916667,0.001488
70114,379564,1,spatial,knife,64,0.822785,1,5,59,0,6,1,1,1,0,1.0,0.916667,0.001488
70115,379564,1,spatial,knife,64,0.822785,1,5,59,0,6,1,1,1,0,1.0,0.916667,0.001488
18755,379564,1,spatial,bowl,64,0.840262,1,7,57,0,1,1,1,0,0,1.0,0.916667,0.001488
18756,379564,1,spatial,bowl,64,0.840262,1,7,57,0,1,1,1,0,0,1.0,0.916667,0.001488
7947,379564,1,spatial,cup,64,0.877177,1,3,61,0,2,1,1,0,0,1.0,0.916667,0.001488
7948,379564,1,spatial,cup,64,0.877177,1,3,61,0,2,1,1,0,0,1.0,0.916667,0.001488
70508,380171,1,spatial,dog,64,0.736462,1,7,57,0,4,1,1,1,0,1.0,1.0,0.000992
70509,380171,1,spatial,dog,64,0.736462,1,7,57,0,4,1,1,1,0,1.0,1.0,0.000992
7638,381509,1,spatial,person,64,0.74526,1,8,56,0,13,1,1,1,1,1.0,1.0,0.000496
7639,381509,1,spatial,person,64,0.74526,1,8,56,0,13,1,1,1,1,1.0,1.0,0.000496
33475,381858,2,spatial,giraffe,64,0.657199,1,12,52,0,2,1,1,0,0,1.0,0.5,0.003968
33476,381858,2,spatial,giraffe,64,0.657199,1,12,52,0,2,1,1,0,0,1.0,0.5,0.003968
80618,381858,2,spatial,giraffe,64,0.745393,1,6,58,0,8,1,1,1,0,1.0,0.5,0.003968
80619,381858,2,spatial,giraffe,64,0.745393,1,6,58,0,8,1,1,1,0,1.0,0.5,0.003968
70953,382559,1,attribute,chair,64,0.857522,1,4,60,0,7,1,1,1,0,0.857143,0.5,0.002976
70954,382559,1,spatial,chair,64,0.857522,1,4,60,0,7,1,1,1,0,0.857143,0.5,0.002976
48725,382559,1,spatial,chair,64,0.647631,1,4,60,0,0,1,1,0,0,0.857143,0.5,0.002976
48726,382559,1,spatial,chair,64,0.647631,1,4,60,0,0,1,1,0,0,0.857143,0.5,0.002976
56142,382643,1,spatial,person,64,0.880998,1,6,58,19,4,1,1,1,0,1.0,1.0,0.000496
56143,382643,1,spatial,person,64,0.880998,1,6,58,19,4,1,1,1,0,1.0,1.0,0.000496
30276,382742,1,simple,surfboard,64,0.796254,1,4,60,31,0,1,1,0,0,0.666667,0.666667,0.000992
30277,382742,1,simple,surfboard,64,0.796254,1,4,60,31,0,1,1,0,0,0.666667,0.666667,0.000992
92395,383154,1,spatial,bed,64,0.843238,1,3,61,0,0,1,1,0,0,0.511628,0.302326,0.000992
19513,384027,1,spatial,bus,64,0.838911,1,5,59,0,3,1,1,0,0,0.9,0.9,0.001984
19514,384027,1,attribute,bus,64,0.838911,1,5,59,0,3,1,1,0,0,0.9,0.9,0.001984
9553,384790,1,spatial,car,64,0.835955,1,2,62,0,5,1,1,1,0,0.857143,0.857143,0.001984
9554,384790,1,spatial,car,64,0.835955,1,2,62,0,5,1,1,1,0,0.857143,0.857143,0.001984
60329,385118,1,spatial,person,64,0.813304,1,7,57,0,7,1,1,1,0,0.875,0.875,0.002976
60330,385118,1,spatial,person,64,0.813304,1,7,57,0,7,1,1,1,0,0.875,0.875,0.002976
22124,385305,1,attribute,bus,64,0.830377,1,6,58,0,6,1,1,1,0,0.888889,0.888889,0.001984
22125,385305,1,spatial,bus,64,0.830377,1,6,58,0,6,1,1,1,0,0.888889,0.888889,0.001984
101234,386684,1,spatial,skis,64,0.74406,1,9,55,0,6,1,1,1,0,1.0,0.666667,0.000496
101235,386684,1,spatial,skis,64,0.74406,1,9,55,0,6,1,1,1,0,1.0,0.666667,0.000496
14287,388171,1,spatial,boat,64,0.789022,1,4,60,7,0,1,1,0,0,0.5,0.5,0.000496
14288,388171,1,simple,boat,64,0.789022,1,4,60,7,0,1,1,0,0,0.5,0.5,0.000496
90471,388740,1,spatial,chair,64,0.876981,1,1,63,0,3,1,1,0,0,0.541667,0.416667,0.000496
90472,388740,1,spatial,chair,64,0.876981,1,1,63,0,3,1,1,0,0,0.541667,0.416667,0.000496
88896,388991,1,spatial,person,64,0.786114,1,7,57,0,8,1,1,1,0,0.777778,0.777778,0.000496
88897,388991,1,spatial,person,64,0.786114,1,7,57,0,8,1,1,1,0,0.777778,0.777778,0.000496
47676,388991,1,attribute,chair,64,0.746051,1,2,62,0,5,1,1,1,0,0.777778,0.777778,0.000496
47677,388991,1,attribute,chair,64,0.746051,1,2,62,0,5,1,1,1,0,0.777778,0.777778,0.000496
88325,389137,1,spatial,person,64,0.933834,1,4,60,0,12,1,1,1,1,0.9,0.9,0.001488
12481,389681,1,attribute,airplane,64,0.829011,1,8,56,0,11,1,1,1,1,1.0,1.0,0.000496
14460,389681,1,spatial,airplane,64,0.744609,1,3,61,0,16,1,1,1,1,1.0,1.0,0.000496
14461,389681,1,spatial,airplane,64,0.744609,1,3,61,0,16,1,1,1,1,1.0,1.0,0.000496
76631,390125,1,spatial,person,64,0.810061,1,5,59,0,4,1,1,1,0,0.785714,0.642857,0.001488
76632,390125,1,spatial,person,64,0.810061,1,5,59,0,4,1,1,1,0,0.785714,0.642857,0.001488
100728,390908,1,spatial,zebra,64,0.714821,1,11,53,0,6,1,1,1,0,1.0,1.0,0.0
100729,390908,1,spatial,zebra,64,0.714821,1,11,53,0,6,1,1,1,0,1.0,1.0,0.0
18710,391237,1,spatial,person,64,0.765497,1,5,59,0,2,1,1,0,0,0.714286,0.619048,0.001984
18711,391237,1,attribute,person,64,0.765497,1,5,59,0,2,1,1,0,0,0.714286,0.619048,0.001984
79961,391492,1,spatial,broccoli,64,0.873539,1,6,58,0,10,1,1,1,1,1.0,1.0,0.0
30748,391492,1,spatial,broccoli,64,0.73518,1,8,56,0,8,1,1,1,0,1.0,1.0,0.0
30749,391492,1,simple,broccoli,64,0.73518,1,8,56,0,8,1,1,1,0,1.0,1.0,0.0
3600,391600,1,spatial,boat,64,0.423084,0,0,64,3,0,0,0,0,0,0.5,0.5,0.0
3601,391600,1,spatial,boat,64,0.423084,0,0,64,3,0,0,0,0,0,0.5,0.5,0.0
91569,392936,1,attribute,train,64,0.693741,1,7,57,0,5,1,1,1,0,1.0,0.5,0.000496
91570,392936,1,spatial,train,64,0.693741,1,7,57,0,5,1,1,1,0,1.0,0.5,0.000496
92742,392936,1,attribute,train,64,0.790858,1,7,57,0,5,1,1,1,0,1.0,0.5,0.000496
92743,392936,1,spatial,train,64,0.790858,1,7,57,0,5,1,1,1,0,1.0,0.5,0.000496
19593,393159,1,spatial,airplane,64,0.759106,1,3,61,0,1,1,1,0,0,1.0,0.8,0.000496
19594,393159,1,spatial,airplane,64,0.759106,1,3,61,0,1,1,1,0,0,1.0,0.8,0.000496
83873,393159,1,spatial,sink,64,0.750172,1,1,63,0,2,1,1,0,0,1.0,0.8,0.000496
83874,393159,1,spatial,sink,64,0.750172,1,1,63,0,2,1,1,0,0,1.0,0.8,0.000496
48620,393493,1,spatial,person,64,0.924193,1,3,61,0,0,1,1,0,0,0.75,0.625,0.001488
48621,393493,1,spatial,person,64,0.924193,1,3,61,0,0,1,1,0,0,0.75,0.625,0.001488
42438,393493,1,spatial,bench,64,0.929589,1,3,61,0,3,1,1,0,0,0.75,0.625,0.001488
42439,393493,1,spatial,bench,64,0.929589,1,3,61,0,3,1,1,0,0,0.75,0.625,0.001488
37202,393493,1,attribute,bench,64,0.831475,1,4,60,0,5,1,1,1,0,0.75,0.625,0.001488
37203,393493,1,attribute,bench,64,0.831475,1,4,60,0,5,1,1,1,0,0.75,0.625,0.001488
56773,394065,1,attribute,truck,64,0.757238,1,8,56,0,3,1,1,0,0,1.0,1.0,0.002976
56774,394065,1,spatial,truck,64,0.757238,1,8,56,0,3,1,1,0,0,1.0,1.0,0.002976
13807,394139,1,spatial,car,64,0.94998,1,4,60,0,4,1,1,1,0,1.0,1.0,0.005952
13808,394139,1,spatial,car,64,0.94998,1,4,60,0,4,1,1,1,0,1.0,1.0,0.005952
22505,394172,1,spatial,fork,64,0.771703,1,8,56,0,6,1,1,1,0,0.875,0.75,0.000496
22506,394172,1,spatial,fork,64,0.771703,1,8,56,0,6,1,1,1,0,0.875,0.75,0.000496
73046,394172,1,spatial,pizza,64,0.88164,1,8,56,0,4,1,1,1,0,0.875,0.75,0.000496
73047,394172,1,spatial,pizza,64,0.88164,1,8,56,0,4,1,1,1,0,0.875,0.75,0.000496
58081,394527,1,spatial,bus,64,0.934982,1,3,61,0,4,1,1,1,0,0.761905,0.714286,0.000992
58082,394527,1,attribute,bus,64,0.934982,1,3,61,0,4,1,1,1,0,0.761905,0.714286,0.000992
85248,395040,1,spatial,person,64,0.674823,1,5,59,0,4,1,1,1,0,1.0,0.75,0.000992
85249,395040,1,spatial,person,64,0.674823,1,5,59,0,4,1,1,1,0,1.0,0.75,0.000992
46586,395169,1,spatial,book,64,0.833005,1,6,58,0,3,1,1,0,0,1.0,1.0,0.000992
46587,395169,1,spatial,book,64,0.833005,1,6,58,0,3,1,1,0,0,1.0,1.0,0.000992
87689,396663,2,simple,bus,64,0.833439,1,9,55,0,19,1,1,1,1,1.0,1.0,0.001488
87690,396663,2,spatial,bus,64,0.833439,1,9,55,0,19,1,1,1,1,1.0,1.0,0.001488
41599,396663,2,spatial,bus,64,0.919528,1,11,53,0,17,1,1,1,1,1.0,1.0,0.001488
41600,396663,2,spatial,bus,64,0.919528,1,11,53,0,17,1,1,1,1,1.0,1.0,0.001488
32799,396663,2,spatial,bus,64,0.706318,1,8,56,0,20,1,1,1,1,1.0,1.0,0.001488
32800,396663,2,spatial,bus,64,0.706318,1,8,56,0,20,1,1,1,1,1.0,1.0,0.001488
12547,397058,1,spatial,cell phone,64,0.730486,1,8,56,0,1,1,1,0,0,1.0,0.333333,0.0
12548,397058,1,spatial,cell phone,64,0.730486,1,8,56,0,1,1,1,0,0,1.0,0.333333,0.0
60173,397687,1,simple,chair,64,0.70589,1,5,59,0,1,1,1,0,0,0.72,0.64,0.000992
60174,397687,1,simple,chair,64,0.70589,1,5,59,0,1,1,1,0,0,0.72,0.64,0.000992
67444,397687,1,spatial,person,64,0.907408,1,6,58,0,9,1,1,1,1,0.72,0.64,0.000992
67445,397687,1,attribute,person,64,0.907408,1,6,58,0,9,1,1,1,1,0.72,0.64,0.000992
9995,397877,1,spatial,person,64,0.825037,1,10,54,0,6,1,1,1,0,1.0,0.833333,0.001488
9996,397877,1,spatial,person,64,0.825037,1,10,54,0,6,1,1,1,0,1.0,0.833333,0.001488
80982,397929,1,spatial,person,64,0.899015,1,8,56,0,4,1,1,1,0,0.75,0.5,0.000992
80983,397929,1,spatial,person,64,0.899015,1,8,56,0,4,1,1,1,0,0.75,0.5,0.000992
97414,398017,1,spatial,person,64,0.682067,1,6,58,0,14,1,1,1,1,1.0,0.8,0.0
97415,398017,1,spatial,person,64,0.682067,1,6,58,0,14,1,1,1,1,1.0,0.8,0.0
63325,398164,1,simple,tennis racket,64,0.882408,1,5,59,0,7,1,1,1,0,1.0,1.0,0.0
63326,398164,1,spatial,tennis racket,64,0.882408,1,5,59,0,7,1,1,1,0,1.0,1.0,0.0
52913,398164,1,spatial,person,64,0.892836,1,11,53,0,2,1,1,0,0,1.0,1.0,0.0
52914,398164,1,spatial,person,64,0.892836,1,11,53,0,2,1,1,0,0,1.0,1.0,0.0
3045,398733,1,simple,person,64,0.868541,1,11,53,0,7,1,1,1,0,1.0,1.0,0.0
3046,398733,1,simple,person,64,0.868541,1,11,53,0,7,1,1,1,0,1.0,1.0,0.0
19903,398924,2,spatial,bottle,64,0.853719,1,2,62,0,1,1,1,0,0,0.909091,0.909091,0.002976
19904,398924,2,spatial,bottle,64,0.853719,1,2,62,0,1,1,1,0,0,0.909091,0.909091,0.002976
42178,398924,2,simple,knife,64,0.826468,1,4,60,0,4,1,1,1,0,0.909091,0.909091,0.002976
42179,398924,2,spatial,knife,64,0.826468,1,4,60,0,4,1,1,1,0,0.909091,0.909091,0.002976
77300,398924,2,spatial,sandwich,64,0.902458,1,8,56,0,8,1,1,1,0,0.909091,0.909091,0.002976
77301,398924,2,spatial,sandwich,64,0.902458,1,8,56,0,8,1,1,1,0,0.909091,0.909091,0.002976
40787,398924,2,simple,sandwich,64,0.838066,1,8,56,0,8,1,1,1,0,0.909091,0.909091,0.002976
40788,398924,2,spatial,sandwich,64,0.838066,1,8,56,0,8,1,1,1,0,0.909091,0.909091,0.002976
103520,399064,1,attribute,person,64,0.820883,1,4,60,0,4,1,1,1,0,1.0,1.0,0.000496
103521,399064,1,simple,person,64,0.820883,1,4,60,0,4,1,1,1,0,1.0,1.0,0.000496
100250,400343,2,attribute,person,64,0.881254,1,8,56,0,4,1,1,1,0,1.0,0.75,0.003472
100251,400343,2,spatial,person,64,0.881254,1,8,56,0,4,1,1,1,0,1.0,0.75,0.003472
101440,400343,2,spatial,person,64,0.805045,1,4,60,0,8,1,1,1,0,1.0,0.75,0.003472
101441,400343,2,spatial,person,64,0.805045,1,4,60,0,8,1,1,1,0,1.0,0.75,0.003472
77002,401136,1,spatial,motorcycle,64,0.722033,1,4,60,0,4,1,1,1,0,1.0,1.0,0.000496
77003,401136,1,spatial,motorcycle,64,0.722033,1,4,60,0,4,1,1,1,0,1.0,1.0,0.000496
57229,401147,1,simple,person,64,0.790642,1,3,61,0,16,1,1,1,1,1.0,0.75,0.000496
57230,401147,1,spatial,person,64,0.790642,1,3,61,0,16,1,1,1,1,1.0,0.75,0.000496
100585,401147,1,spatial,person,64,0.842818,1,12,52,0,7,1,1,1,0,1.0,0.75,0.000496
100586,401147,1,spatial,person,64,0.842818,1,12,52,0,7,1,1,1,0,1.0,0.75,0.000496
89794,401147,1,spatial,person,64,0.77843,1,4,60,0,15,1,1,1,1,1.0,0.75,0.000496
89795,401147,1,attribute,person,64,0.77843,1,4,60,0,15,1,1,1,1,1.0,0.75,0.000496
91575,401173,1,spatial,zebra,64,0.902642,1,14,50,0,9,1,1,1,1,1.0,0.5,0.000496
91576,401173,1,spatial,zebra,64,0.902642,1,14,50,0,9,1,1,1,1,1.0,0.5,0.000496
26305,401173,1,simple,zebra,64,0.627165,1,9,55,0,14,1,1,1,1,1.0,0.5,0.000496
26306,401173,1,spatial,zebra,64,0.627165,1,9,55,0,14,1,1,1,1,1.0,0.5,0.000496
9828,401392,1,attribute,chair,64,0.766665,1,6,58,0,2,1,1,0,0,1.0,0.8,0.000992
70240,401846,1,simple,person,64,0.814911,1,11,53,0,7,1,1,1,0,1.0,1.0,0.001984
70241,401846,1,spatial,person,64,0.814911,1,11,53,0,7,1,1,1,0,1.0,1.0,0.001984
6243,401917,1,attribute,umbrella,64,0.775622,1,7,57,0,1,1,1,0,0,0.916667,0.583333,0.00248
6244,401917,1,spatial,umbrella,64,0.775622,1,7,57,0,1,1,1,0,0,0.916667,0.583333,0.00248
64548,402833,1,attribute,person,64,0.90584,1,2,62,0,3,1,1,0,0,1.0,1.0,0.001488
64549,402833,1,spatial,person,64,0.90584,1,2,62,0,3,1,1,0,0,1.0,1.0,0.001488
4755,403064,1,attribute,car,64,0.909917,1,1,63,0,1,1,1,0,0,0.75,0.375,0.0
4756,403064,1,spatial,car,64,0.909917,1,1,63,0,1,1,1,0,0,0.75,0.375,0.0
83271,405181,1,attribute,car,64,0.778227,1,2,62,0,1,1,1,0,0,0.714286,0.428571,0.000992
83272,405181,1,spatial,car,64,0.778227,1,2,62,0,1,1,1,0,0,0.714286,0.428571,0.000992
43796,405324,1,spatial,wine glass,64,0.852249,1,6,58,0,10,1,1,1,1,0.846154,0.615385,0.003472
43797,405324,1,spatial,wine glass,64,0.852249,1,6,58,0,10,1,1,1,1,0.846154,0.615385,0.003472
57811,405324,1,spatial,person,64,0.79451,1,2,62,0,2,1,1,0,0,0.846154,0.615385,0.003472
57812,405324,1,simple,person,64,0.79451,1,2,62,0,2,1,1,0,0,0.846154,0.615385,0.003472
103443,405324,1,spatial,wine glass,64,0.807662,1,6,58,0,10,1,1,1,1,0.846154,0.615385,0.003472
6752,405579,1,spatial,person,64,0.751309,1,1,63,0,0,1,1,0,0,0.866667,0.466667,0.001488
6753,405579,1,spatial,person,64,0.751309,1,1,63,0,0,1,1,0,0,0.866667,0.466667,0.001488
18658,406420,1,spatial,bench,64,0.909344,1,9,55,0,0,1,1,0,0,1.0,1.0,0.000992
18659,406420,1,spatial,bench,64,0.909344,1,9,55,0,0,1,1,0,0,1.0,1.0,0.000992
100197,406666,1,simple,giraffe,64,0.835428,1,14,50,0,10,1,1,1,1,1.0,1.0,0.0
100198,406666,1,simple,giraffe,64,0.835428,1,14,50,0,10,1,1,1,1,1.0,1.0,0.0
65610,406666,1,spatial,giraffe,64,0.799172,1,10,54,0,14,1,1,1,1,1.0,1.0,0.0
65611,406666,1,spatial,giraffe,64,0.799172,1,10,54,0,14,1,1,1,1,1.0,1.0,0.0
4281,406895,1,spatial,person,64,0.966539,1,6,58,0,10,1,1,1,1,1.0,1.0,0.001488
4282,406895,1,spatial,person,64,0.966539,1,6,58,0,10,1,1,1,1,1.0,1.0,0.001488
97380,406933,1,spatial,bus,64,0.774256,1,4,60,0,2,1,1,0,0,1.0,0.875,0.001984
97381,406933,1,spatial,bus,64,0.774256,1,4,60,0,2,1,1,0,0,1.0,0.875,0.001984
40467,408792,1,spatial,backpack,64,0.736806,1,3,61,17,0,1,1,0,0,0.666667,0.5,0.0
31348,409316,1,spatial,person,64,0.768781,1,7,57,0,7,1,1,1,0,1.0,0.666667,0.0
31349,409316,1,spatial,person,64,0.768781,1,7,57,0,7,1,1,1,0,1.0,0.666667,0.0
8054,409732,2,spatial,person,64,0.860897,1,4,60,0,13,1,1,1,1,1.0,1.0,0.000992
8055,409732,2,spatial,person,64,0.860897,1,4,60,0,13,1,1,1,1,1.0,1.0,0.000992
47689,409732,2,spatial,person,64,0.827606,1,6,58,0,11,1,1,1,1,1.0,1.0,0.000992
47690,409732,2,spatial,person,64,0.827606,1,6,58,0,11,1,1,1,1,1.0,1.0,0.000992
89249,410373,1,spatial,horse,64,0.935434,1,8,56,8,15,1,1,1,1,0.875,0.875,0.003968
89250,410373,1,spatial,horse,64,0.935434,1,8,56,8,15,1,1,1,1,0.875,0.875,0.003968
33131,410373,1,spatial,horse,64,0.915659,1,8,56,8,15,1,1,1,1,0.875,0.875,0.003968
33132,410373,1,spatial,horse,64,0.915659,1,8,56,8,15,1,1,1,1,0.875,0.875,0.003968
47518,410687,1,spatial,refrigerator,64,0.789467,1,6,58,0,3,1,1,0,0,1.0,1.0,0.00248
81571,411261,1,spatial,hot dog,64,0.861259,1,1,63,0,1,1,1,0,0,1.0,1.0,0.000992
13194,411441,1,spatial,boat,64,0.439384,0,0,64,1,0,0,0,0,0,0.9375,0.8125,0.00248
13195,411441,1,spatial,boat,64,0.439384,0,0,64,1,0,0,0,0,0,0.9375,0.8125,0.00248
104357,412167,2,spatial,elephant,64,0.932957,1,20,44,0,15,1,1,1,1,1.0,1.0,0.003968
104358,412167,2,spatial,elephant,64,0.932957,1,20,44,0,15,1,1,1,1,1.0,1.0,0.003968
102850,412167,2,spatial,elephant,64,0.856496,1,8,56,0,27,1,1,1,1,1.0,1.0,0.003968
102851,412167,2,spatial,elephant,64,0.856496,1,8,56,0,27,1,1,1,1,1.0,1.0,0.003968
53210,412167,2,spatial,elephant,64,0.953936,1,7,57,0,28,1,1,1,1,1.0,1.0,0.003968
53211,412167,2,attribute,elephant,64,0.953936,1,7,57,0,28,1,1,1,1,1.0,1.0,0.003968
10525,412195,1,spatial,person,64,0.817113,1,11,53,0,2,1,1,0,0,1.0,1.0,0.001488
10526,412195,1,spatial,person,64,0.817113,1,11,53,0,2,1,1,0,0,1.0,1.0,0.001488
78455,412868,1,spatial,giraffe,64,0.846421,1,11,53,0,9,1,1,1,1,0.8,0.8,0.00248
78456,412868,1,simple,giraffe,64,0.846421,1,11,53,0,9,1,1,1,1,0.8,0.8,0.00248
69226,413121,1,spatial,giraffe,64,0.880635,1,11,53,0,17,1,1,1,1,1.0,1.0,0.001984
69227,413121,1,spatial,giraffe,64,0.880635,1,11,53,0,17,1,1,1,1,1.0,1.0,0.001984
9776,413869,1,spatial,airplane,64,0.848543,1,10,54,0,6,1,1,1,0,1.0,1.0,0.0
9777,413869,1,spatial,airplane,64,0.848543,1,10,54,0,6,1,1,1,0,1.0,1.0,0.0
56592,414130,1,spatial,person,64,0.729631,1,12,52,0,3,1,1,0,0,1.0,0.625,0.003472
56593,414130,1,spatial,person,64,0.729631,1,12,52,0,3,1,1,0,0,1.0,0.625,0.003472
55195,414130,1,spatial,person,64,0.853302,1,3,61,0,12,1,1,1,1,1.0,0.625,0.003472
55196,414130,1,spatial,person,64,0.853302,1,3,61,0,12,1,1,1,1,1.0,0.625,0.003472
65519,414588,1,spatial,person,64,0.804905,1,11,53,0,2,1,1,0,0,0.833333,0.75,0.0
65520,414588,1,spatial,person,64,0.804905,1,11,53,0,2,1,1,0,0,0.833333,0.75,0.0
78035,414588,1,spatial,chair,64,0.925257,1,1,63,0,2,1,1,0,0,0.833333,0.75,0.0
78036,414588,1,spatial,chair,64,0.925257,1,1,63,0,2,1,1,0,0,0.833333,0.75,0.0
18774,414772,1,spatial,dining table,64,0.832263,1,4,60,0,3,1,1,0,0,0.486486,0.405405,0.000992
18775,414772,1,spatial,dining table,64,0.832263,1,4,60,0,3,1,1,0,0,0.486486,0.405405,0.000992
61626,414961,2,spatial,person,64,0.758917,1,9,55,0,7,1,1,1,0,0.785714,0.642857,0.003472
61627,414961,2,spatial,person,64,0.758917,1,9,55,0,7,1,1,1,0,0.785714,0.642857,0.003472
28566,414961,2,attribute,person,64,0.827934,1,5,59,0,11,1,1,1,1,0.785714,0.642857,0.003472
28567,414961,2,spatial,person,64,0.827934,1,5,59,0,11,1,1,1,1,0.785714,0.642857,0.003472
1832,415499,1,spatial,bowl,64,0.778072,1,3,61,0,0,1,1,0,0,0.923077,0.846154,0.001488
1833,415499,1,spatial,bowl,64,0.778072,1,3,61,0,0,1,1,0,0,0.923077,0.846154,0.001488
51625,415570,1,spatial,broccoli,64,0.649378,1,8,56,0,2,1,1,0,0,0.8,0.0,0.000992
51626,415570,1,spatial,broccoli,64,0.649378,1,8,56,0,2,1,1,0,0,0.8,0.0,0.000992
16772,415697,2,spatial,clock,64,0.692142,1,3,61,0,3,1,1,0,0,1.0,0.5,0.001488
16773,415697,2,simple,clock,64,0.692142,1,3,61,0,3,1,1,0,0,1.0,0.5,0.001488
95719,415697,2,spatial,clock,64,0.817975,1,3,61,0,3,1,1,0,0,1.0,0.5,0.001488
95720,415697,2,spatial,clock,64,0.817975,1,3,61,0,3,1,1,0,0,1.0,0.5,0.001488
42033,416477,1,simple,person,64,0.776545,1,15,49,0,12,1,1,1,1,1.0,1.0,0.004464
42034,416477,1,spatial,person,64,0.776545,1,15,49,0,12,1,1,1,1,1.0,1.0,0.004464
10554,416612,1,spatial,person,64,0.619616,1,7,57,0,2,1,1,0,0,1.0,0.8,0.000496
10555,416612,1,spatial,person,64,0.619616,1,7,57,0,2,1,1,0,0,1.0,0.8,0.000496
72016,416644,1,spatial,laptop,64,0.674893,1,3,61,0,3,1,1,0,0,1.0,0.75,0.001488
72017,416644,1,spatial,laptop,64,0.674893,1,3,61,0,3,1,1,0,0,1.0,0.75,0.001488
3357,416723,2,spatial,person,64,0.780322,1,8,56,0,20,1,1,1,1,0.833333,0.833333,0.001488
3358,416723,2,spatial,person,64,0.780322,1,8,56,0,20,1,1,1,1,0.833333,0.833333,0.001488
4916,416723,2,spatial,person,64,0.70982,1,7,57,0,21,1,1,1,1,0.833333,0.833333,0.001488
4917,416723,2,spatial,person,64,0.70982,1,7,57,0,21,1,1,1,1,0.833333,0.833333,0.001488
56496,416723,2,spatial,person,64,0.851875,1,9,55,0,19,1,1,1,1,0.833333,0.833333,0.001488
56497,416723,2,spatial,person,64,0.851875,1,9,55,0,19,1,1,1,1,0.833333,0.833333,0.001488
57862,416723,2,spatial,person,64,0.792217,1,4,60,0,24,1,1,1,1,0.833333,0.833333,0.001488
57863,416723,2,spatial,person,64,0.792217,1,4,60,0,24,1,1,1,1,0.833333,0.833333,0.001488
36090,417834,1,spatial,couch,64,0.896183,1,2,62,0,4,1,1,1,0,0.684211,0.526316,0.001984
36091,417834,1,spatial,couch,64,0.896183,1,2,62,0,4,1,1,1,0,0.684211,0.526316,0.001984
49332,418736,1,spatial,chair,64,0.778632,1,6,58,0,3,1,1,0,0,0.833333,0.75,0.003968
49333,418736,1,spatial,chair,64,0.778632,1,6,58,0,3,1,1,0,0,0.833333,0.75,0.003968
36883,418736,1,spatial,person,64,0.783623,1,5,59,0,4,1,1,1,0,0.833333,0.75,0.003968
36884,418736,1,spatial,person,64,0.783623,1,5,59,0,4,1,1,1,0,0.833333,0.75,0.003968
35150,418736,1,attribute,potted plant,64,0.366901,0,0,64,0,0,0,0,0,0,0.833333,0.75,0.003968
35151,418736,1,spatial,potted plant,64,0.366901,0,0,64,0,0,0,0,0,0,0.833333,0.75,0.003968
9148,418935,1,spatial,person,64,0.949887,1,4,60,0,10,1,1,1,1,0.5625,0.25,0.001984
9149,418935,1,spatial,person,64,0.949887,1,4,60,0,10,1,1,1,1,0.5625,0.25,0.001984
60903,419627,1,spatial,person,64,0.78449,1,4,60,0,0,1,1,0,0,0.714286,0.642857,0.001488
60904,419627,1,simple,person,64,0.78449,1,4,60,0,0,1,1,0,0,0.714286,0.642857,0.001488
10,419645,1,spatial,truck,64,0.74312,1,14,50,0,6,1,1,1,0,1.0,0.75,0.000496
11,419645,1,attribute,truck,64,0.74312,1,14,50,0,6,1,1,1,0,1.0,0.75,0.000496
60158,419879,1,attribute,traffic light,64,0.731278,1,15,49,0,3,1,1,0,0,1.0,1.0,0.0
60159,419879,1,spatial,traffic light,64,0.731278,1,15,49,0,3,1,1,0,0,1.0,1.0,0.0
95872,420221,1,spatial,pizza,64,0.860135,1,6,58,0,9,1,1,1,1,1.0,1.0,0.001488
95873,420221,1,spatial,pizza,64,0.860135,1,6,58,0,9,1,1,1,1,1.0,1.0,0.001488
46222,420524,1,simple,person,64,0.877543,1,2,62,0,3,1,1,0,0,1.0,1.0,0.000496
46223,420524,1,simple,person,64,0.877543,1,2,62,0,3,1,1,0,0,1.0,1.0,0.000496
8654,420524,1,simple,pizza,64,0.765967,1,14,50,0,3,1,1,0,0,1.0,1.0,0.000496
8655,420524,1,simple,pizza,64,0.765967,1,14,50,0,3,1,1,0,0,1.0,1.0,0.000496
48138,420524,1,spatial,person,64,0.929885,1,3,61,0,2,1,1,0,0,1.0,1.0,0.000496
48139,420524,1,spatial,person,64,0.929885,1,3,61,0,2,1,1,0,0,1.0,1.0,0.000496
14187,421005,1,spatial,person,64,0.825173,1,10,54,0,7,1,1,1,0,1.0,1.0,0.003968
14188,421005,1,spatial,person,64,0.825173,1,10,54,0,7,1,1,1,0,1.0,1.0,0.003968
25978,421560,1,spatial,oven,64,0.611133,1,2,62,0,0,1,1,0,0,0.322581,0.193548,0.000496
25979,421560,1,spatial,oven,64,0.611133,1,2,62,0,0,1,1,0,0,0.322581,0.193548,0.000496
93777,421562,1,simple,bed,64,0.809302,1,10,54,0,2,1,1,0,0,1.0,1.0,0.000992
93778,421562,1,spatial,bed,64,0.809302,1,10,54,0,2,1,1,0,0,1.0,1.0,0.000992
7198,421677,1,attribute,kite,64,0.801951,1,7,57,0,5,1,1,1,0,1.0,1.0,0.001984
7199,421677,1,attribute,kite,64,0.801951,1,7,57,0,5,1,1,1,0,1.0,1.0,0.001984
54808,422127,1,spatial,person,64,0.761956,1,4,60,0,10,1,1,1,1,1.0,1.0,0.001488
54809,422127,1,spatial,person,64,0.761956,1,4,60,0,10,1,1,1,1,1.0,1.0,0.001488
84755,422452,1,spatial,chair,64,0.675835,1,1,63,0,0,1,1,0,0,0.36,0.16,0.0
50679,423107,1,attribute,person,64,0.922148,1,3,61,0,1,1,1,0,0,1.0,0.909091,0.001984
50680,423107,1,simple,person,64,0.922148,1,3,61,0,1,1,1,0,0,1.0,0.909091,0.001984
65235,423114,1,spatial,giraffe,64,0.94818,1,12,52,0,21,1,1,1,1,1.0,1.0,0.004464
65236,423114,1,spatial,giraffe,64,0.94818,1,12,52,0,21,1,1,1,1,1.0,1.0,0.004464
98261,423114,1,spatial,giraffe,64,0.809044,1,9,55,0,24,1,1,1,1,1.0,1.0,0.004464
98262,423114,1,spatial,giraffe,64,0.809044,1,9,55,0,24,1,1,1,1,1.0,1.0,0.004464
46837,423988,1,spatial,person,64,0.880676,1,9,55,0,4,1,1,1,0,1.0,1.0,0.000496
46838,423988,1,spatial,person,64,0.880676,1,9,55,0,4,1,1,1,0,1.0,1.0,0.000496
2121,424222,1,spatial,boat,64,0.872423,1,6,58,0,8,1,1,1,0,1.0,1.0,0.001488
2122,424222,1,spatial,boat,64,0.872423,1,6,58,0,8,1,1,1,0,1.0,1.0,0.001488
99360,424222,1,spatial,boat,64,0.838337,1,4,60,0,10,1,1,1,1,1.0,1.0,0.001488
99361,424222,1,spatial,boat,64,0.838337,1,4,60,0,10,1,1,1,1,1.0,1.0,0.001488
17550,425141,1,spatial,bottle,64,0.822537,1,5,59,0,5,1,1,1,0,1.0,1.0,0.000496
17551,425141,1,spatial,bottle,64,0.822537,1,5,59,0,5,1,1,1,0,1.0,1.0,0.000496
18239,425148,1,spatial,car,64,0.76999,1,5,59,0,1,1,1,0,0,0.833333,0.833333,0.000496
18240,425148,1,spatial,car,64,0.76999,1,5,59,0,1,1,1,0,0,0.833333,0.833333,0.000496
44332,425148,1,spatial,person,64,0.80295,1,10,54,0,6,1,1,1,0,0.833333,0.833333,0.000496
44333,425148,1,spatial,person,64,0.80295,1,10,54,0,6,1,1,1,0,0.833333,0.833333,0.000496
90168,425148,1,spatial,person,64,0.817948,1,9,55,0,4,1,1,1,0,0.833333,0.833333,0.000496
90169,425148,1,spatial,person,64,0.817948,1,9,55,0,4,1,1,1,0,0.833333,0.833333,0.000496
73408,425175,1,spatial,chair,64,0.908458,1,2,62,0,3,1,1,0,0,1.0,0.9,0.004464
73409,425175,1,spatial,chair,64,0.908458,1,2,62,0,3,1,1,0,0,1.0,0.9,0.004464
36973,425175,1,spatial,cup,64,0.873061,1,8,56,0,11,1,1,1,1,1.0,0.9,0.004464
36974,425175,1,spatial,cup,64,0.873061,1,8,56,0,11,1,1,1,1,1.0,0.9,0.004464
11481,425415,1,spatial,traffic light,64,0.835081,1,17,47,0,2,1,1,0,0,1.0,1.0,0.001984
9071,425497,1,attribute,snowboard,64,0.556501,1,2,62,0,6,1,1,1,0,1.0,0.666667,0.000496
9072,425497,1,spatial,snowboard,64,0.556501,1,2,62,0,6,1,1,1,0,1.0,0.666667,0.000496
34043,425758,1,spatial,chair,64,0.858362,1,5,59,0,1,1,1,0,0,0.653846,0.5,0.001984
65799,425758,1,attribute,dining table,64,0.372247,0,0,64,0,0,0,0,0,0,0.653846,0.5,0.001984
65800,425758,1,spatial,dining table,64,0.372247,0,0,64,0,0,0,0,0,0,0.653846,0.5,0.001984
90795,426016,1,spatial,parking meter,64,0.872606,1,6,58,0,3,1,1,0,0,1.0,0.666667,0.000496
90796,426016,1,attribute,parking meter,64,0.872606,1,6,58,0,3,1,1,0,0,1.0,0.666667,0.000496
2293,426427,1,spatial,sheep,64,0.82793,1,16,48,0,5,1,1,1,0,1.0,1.0,0.001984
2294,426427,1,spatial,sheep,64,0.82793,1,16,48,0,5,1,1,1,0,1.0,1.0,0.001984
3005,426525,2,spatial,cow,64,0.805824,1,11,53,0,21,1,1,1,1,1.0,0.75,0.001488
3006,426525,2,spatial,cow,64,0.805824,1,11,53,0,21,1,1,1,1,1.0,0.75,0.001488
91295,426525,2,spatial,cow,64,0.775768,1,11,53,0,21,1,1,1,1,1.0,0.75,0.001488
91296,426525,2,simple,cow,64,0.775768,1,11,53,0,21,1,1,1,1,1.0,0.75,0.001488
90450,426888,1,simple,banana,64,0.826256,1,4,60,0,15,1,1,1,1,1.0,0.875,0.000992
34531,426888,1,spatial,banana,64,0.793596,1,6,58,0,13,1,1,1,1,1.0,0.875,0.000992
34532,426888,1,spatial,banana,64,0.793596,1,6,58,0,13,1,1,1,1,1.0,0.875,0.000992
58215,426888,1,spatial,banana,64,0.805982,1,7,57,0,12,1,1,1,1,1.0,0.875,0.000992
58216,426888,1,spatial,banana,64,0.805982,1,7,57,0,12,1,1,1,1,1.0,0.875,0.000992
44263,426903,1,spatial,person,64,0.788606,1,7,57,0,3,1,1,0,0,1.0,1.0,0.0
44264,426903,1,spatial,person,64,0.788606,1,7,57,0,3,1,1,0,0,1.0,1.0,0.0
89255,427051,2,spatial,bus,64,0.876007,1,9,55,0,1,1,1,0,0,1.0,1.0,0.001488
89256,427051,2,attribute,bus,64,0.876007,1,9,55,0,1,1,1,0,0,1.0,1.0,0.001488
46224,427051,2,spatial,bus,64,0.941722,1,1,63,0,9,1,1,1,1,1.0,1.0,0.001488
102444,427060,1,spatial,person,64,0.763495,1,13,51,0,14,1,1,1,1,1.0,1.0,0.000992
102445,427060,1,attribute,person,64,0.763495,1,13,51,0,14,1,1,1,1,1.0,1.0,0.000992
45386,427308,1,simple,cell phone,64,0.641963,1,4,60,0,4,1,1,1,0,1.0,0.25,0.000496
45387,427308,1,spatial,cell phone,64,0.641963,1,4,60,0,4,1,1,1,0,1.0,0.25,0.000496
104304,427310,1,spatial,sheep,64,0.814245,1,1,63,0,5,1,1,1,0,0.8,0.7,0.002976
104305,427310,1,spatial,sheep,64,0.814245,1,1,63,0,5,1,1,1,0,0.8,0.7,0.002976
96304,428445,1,spatial,cow,64,0.855095,1,4,60,0,7,1,1,1,0,0.555556,0.388889,0.001984
96414,428587,1,spatial,elephant,64,0.848624,1,1,63,0,2,1,1,0,0,0.8,0.466667,0.000992
96415,428587,1,spatial,elephant,64,0.848624,1,1,63,0,2,1,1,0,0,0.8,0.466667,0.000992
27455,429040,1,spatial,person,64,0.929118,1,2,62,0,1,1,1,0,0,1.0,0.8,0.0
27456,429040,1,spatial,person,64,0.929118,1,2,62,0,1,1,1,0,0,1.0,0.8,0.0
49094,429887,2,spatial,clock,64,0.766422,1,8,56,0,2,1,1,0,0,1.0,1.0,0.0
49095,429887,2,spatial,clock,64,0.766422,1,8,56,0,2,1,1,0,0,1.0,1.0,0.0
14472,430148,1,attribute,couch,64,0.873951,1,2,62,2,3,1,1,0,0,0.777778,0.444444,0.000992
14473,430148,1,attribute,couch,64,0.873951,1,2,62,2,3,1,1,0,0,0.777778,0.444444,0.000992
29520,430159,1,simple,toilet,64,0.814216,1,6,58,0,4,1,1,1,0,1.0,0.714286,0.001488
29521,430159,1,spatial,toilet,64,0.814216,1,6,58,0,4,1,1,1,0,1.0,0.714286,0.001488
25751,430394,1,attribute,person,64,0.742429,1,7,57,0,10,1,1,1,1,1.0,1.0,0.000992
25752,430394,1,spatial,person,64,0.742429,1,7,57,0,10,1,1,1,1,1.0,1.0,0.000992
1232,430950,1,spatial,chair,64,0.501544,1,1,63,0,3,1,1,0,0,1.0,0.916667,0.000496
1233,430950,1,spatial,chair,64,0.501544,1,1,63,0,3,1,1,0,0,1.0,0.916667,0.000496
3426,431340,1,spatial,truck,64,0.724281,1,12,52,0,4,1,1,1,0,1.0,1.0,0.000992
3427,431340,1,spatial,truck,64,0.724281,1,12,52,0,4,1,1,1,0,1.0,1.0,0.000992
72100,431526,1,attribute,airplane,64,0.780632,1,8,56,1,2,1,1,0,0,1.0,1.0,0.0
72101,431526,1,spatial,airplane,64,0.780632,1,8,56,1,2,1,1,0,0,1.0,1.0,0.0
22132,431613,1,spatial,person,64,0.787536,1,4,60,4,4,1,1,1,0,1.0,0.833333,0.001984
22133,431613,1,spatial,person,64,0.787536,1,4,60,4,4,1,1,1,0,1.0,0.833333,0.001984
64133,431947,1,spatial,umbrella,64,0.421679,0,0,64,0,0,0,0,0,0,0.75,0.375,0.000496
64134,431947,1,spatial,umbrella,64,0.421679,0,0,64,0,0,0,0,0,0,0.75,0.375,0.000496
13965,431947,1,spatial,umbrella,64,0.063141,0,0,64,0,0,0,0,0,0,0.75,0.375,0.000496
13966,431947,1,spatial,umbrella,64,0.063141,0,0,64,0,0,0,0,0,0,0.75,0.375,0.000496
77196,432417,1,spatial,chair,64,0.869451,1,4,60,0,3,1,1,0,0,0.5,0.375,0.000992
47024,432603,1,spatial,couch,64,0.873475,1,11,53,0,3,1,1,0,0,1.0,1.0,0.00248
47025,432603,1,spatial,couch,64,0.873475,1,11,53,0,3,1,1,0,0,1.0,1.0,0.00248
19236,432603,1,spatial,person,64,0.797485,1,9,55,0,4,1,1,1,0,1.0,1.0,0.00248
19237,432603,1,spatial,person,64,0.797485,1,9,55,0,4,1,1,1,0,1.0,1.0,0.00248
68666,432603,1,spatial,person,64,0.786972,1,6,58,0,7,1,1,1,0,1.0,1.0,0.00248
68667,432603,1,spatial,person,64,0.786972,1,6,58,0,7,1,1,1,0,1.0,1.0,0.00248
13795,432673,1,spatial,cat,64,0.777572,1,8,56,0,10,1,1,1,1,0.875,0.75,0.000992
13796,432673,1,spatial,cat,64,0.777572,1,8,56,0,10,1,1,1,1,0.875,0.75,0.000992
12248,432673,1,spatial,cat,64,0.967748,1,10,54,0,8,1,1,1,0,0.875,0.75,0.000992
12249,432673,1,spatial,cat,64,0.967748,1,10,54,0,8,1,1,1,0,0.875,0.75,0.000992
26109,432673,1,simple,bowl,64,0.893351,1,5,59,0,1,1,1,0,0,0.875,0.75,0.000992
26110,432673,1,spatial,bowl,64,0.893351,1,5,59,0,1,1,1,0,0,0.875,0.75,0.000992
76896,432914,1,spatial,boat,64,0.722543,1,1,63,58,2,1,1,0,0,0.307692,0.307692,0.000496
76897,432914,1,spatial,boat,64,0.722543,1,1,63,58,2,1,1,0,0,0.307692,0.307692,0.000496
18560,433619,1,spatial,car,64,0.73778,1,5,59,0,3,1,1,0,0,0.8,0.8,0.000496
18561,433619,1,spatial,car,64,0.73778,1,5,59,0,3,1,1,0,0,0.8,0.8,0.000496
16066,433704,1,spatial,person,64,0.871446,1,4,60,0,9,1,1,1,1,1.0,1.0,0.003472
16067,433704,1,spatial,person,64,0.871446,1,4,60,0,9,1,1,1,1,1.0,1.0,0.003472
75612,433704,1,spatial,person,64,0.909092,1,9,55,0,4,1,1,1,0,1.0,1.0,0.003472
75613,433704,1,spatial,person,64,0.909092,1,9,55,0,4,1,1,1,0,1.0,1.0,0.003472
26315,433874,1,spatial,horse,64,0.832389,1,4,60,0,2,1,1,0,0,0.611111,0.388889,0.000496
26316,433874,1,spatial,horse,64,0.832389,1,4,60,0,2,1,1,0,0,0.611111,0.388889,0.000496
101597,434067,1,spatial,bench,64,0.753764,1,11,53,0,13,1,1,1,1,1.0,0.9,0.001488
101598,434067,1,spatial,bench,64,0.753764,1,11,53,0,13,1,1,1,1,1.0,0.9,0.001488
101,434857,1,spatial,chair,64,0.871205,1,1,63,0,4,1,1,1,0,1.0,0.923077,0.00248
102,434857,1,attribute,chair,64,0.871205,1,1,63,0,4,1,1,1,0,1.0,0.923077,0.00248
52943,434894,1,spatial,knife,64,0.725159,1,1,63,0,7,1,1,1,0,1.0,0.888889,0.00248
52944,434894,1,spatial,knife,64,0.725159,1,1,63,0,7,1,1,1,0,1.0,0.888889,0.00248
85250,434894,1,spatial,bowl,64,0.928308,1,6,58,0,4,1,1,1,0,1.0,0.888889,0.00248
85251,434894,1,spatial,bowl,64,0.928308,1,6,58,0,4,1,1,1,0,1.0,0.888889,0.00248
59964,434894,1,spatial,fork,64,0.704722,1,6,58,0,5,1,1,1,0,1.0,0.888889,0.00248
59965,434894,1,spatial,fork,64,0.704722,1,6,58,0,5,1,1,1,0,1.0,0.888889,0.00248
55698,434894,1,spatial,spoon,64,0.813672,1,2,62,0,2,1,1,0,0,1.0,0.888889,0.00248
55699,434894,1,spatial,spoon,64,0.813672,1,2,62,0,2,1,1,0,0,1.0,0.888889,0.00248
1799,436306,1,spatial,banana,64,0.880166,1,10,54,0,19,1,1,1,1,1.0,1.0,0.000992
1800,436306,1,spatial,banana,64,0.880166,1,10,54,0,19,1,1,1,1,1.0,1.0,0.000992
85161,436649,1,spatial,person,64,0.748821,1,5,59,3,2,1,1,0,0,1.0,0.818182,0.000496
85162,436649,1,spatial,person,64,0.748821,1,5,59,3,2,1,1,0,0,1.0,0.818182,0.000496
4887,437416,1,spatial,chair,64,0.88577,1,11,53,0,7,1,1,1,0,1.0,1.0,0.001984
4888,437416,1,attribute,chair,64,0.88577,1,11,53,0,7,1,1,1,0,1.0,1.0,0.001984
68874,438769,1,spatial,snowboard,64,0.798993,1,6,58,2,0,1,1,0,0,0.833333,0.75,0.00248
68875,438769,1,spatial,snowboard,64,0.798993,1,6,58,2,0,1,1,0,0,0.833333,0.75,0.00248
47061,439784,1,simple,dining table,64,0.26493,0,0,64,0,0,0,0,0,0,0.52381,0.47619,0.001488
47062,439784,1,spatial,dining table,64,0.26493,0,0,64,0,0,0,0,0,0,0.52381,0.47619,0.001488
46194,440310,1,spatial,dining table,64,0.625164,1,1,63,0,0,1,1,0,0,0.76,0.64,0.00248
46195,440310,1,spatial,dining table,64,0.625164,1,1,63,0,0,1,1,0,0,0.76,0.64,0.00248
5169,440310,1,simple,chair,64,0.88959,1,7,57,0,2,1,1,0,0,0.76,0.64,0.00248
5170,440310,1,attribute,chair,64,0.88959,1,7,57,0,2,1,1,0,0,0.76,0.64,0.00248
4076,440623,1,spatial,cup,64,0.903969,1,3,61,0,2,1,1,0,0,1.0,1.0,0.001488
4077,440623,1,spatial,cup,64,0.903969,1,3,61,0,2,1,1,0,0,1.0,1.0,0.001488
80323,440623,1,simple,broccoli,64,0.702221,1,3,61,0,2,1,1,0,0,1.0,1.0,0.001488
91609,441544,1,spatial,person,64,0.688356,1,4,60,1,2,1,1,0,0,0.55,0.45,0.000496
91610,441544,1,spatial,person,64,0.688356,1,4,60,1,2,1,1,0,0,0.55,0.45,0.000496
92812,441544,1,spatial,chair,64,0.739013,1,3,61,1,1,1,1,0,0,0.55,0.45,0.000496
62164,441544,1,spatial,chair,64,0.856837,1,1,63,1,3,1,1,0,0,0.55,0.45,0.000496
62165,441544,1,spatial,chair,64,0.856837,1,1,63,1,3,1,1,0,0,0.55,0.45,0.000496
37897,442268,1,spatial,person,64,0.685012,1,12,52,0,9,1,1,1,1,1.0,0.75,0.000496
37898,442268,1,simple,person,64,0.685012,1,12,52,0,9,1,1,1,1,1.0,0.75,0.000496
13719,442878,1,spatial,couch,64,0.688832,1,4,60,0,1,1,1,0,0,1.0,0.875,0.000496
13720,442878,1,attribute,couch,64,0.688832,1,4,60,0,1,1,1,0,0,1.0,0.875,0.000496
47353,442977,1,spatial,person,64,0.858281,1,11,53,0,4,1,1,1,0,1.0,1.0,0.000496
47354,442977,1,spatial,person,64,0.858281,1,11,53,0,4,1,1,1,0,1.0,1.0,0.000496
87110,442977,1,simple,skateboard,64,0.899905,1,8,56,0,5,1,1,1,0,1.0,1.0,0.000496
87111,442977,1,spatial,skateboard,64,0.899905,1,8,56,0,5,1,1,1,0,1.0,1.0,0.000496
97815,444037,1,spatial,horse,64,0.85032,1,12,52,0,4,1,1,1,0,0.916667,0.833333,0.005952
97816,444037,1,simple,horse,64,0.85032,1,12,52,0,4,1,1,1,0,0.916667,0.833333,0.005952
43510,444583,1,spatial,person,64,0.918478,1,6,58,0,6,1,1,1,0,1.0,0.75,0.000496
43511,444583,1,spatial,person,64,0.918478,1,6,58,0,6,1,1,1,0,1.0,0.75,0.000496
44889,444583,1,spatial,person,64,0.849412,1,4,60,0,8,1,1,1,0,1.0,0.75,0.000496
44890,444583,1,spatial,person,64,0.849412,1,4,60,0,8,1,1,1,0,1.0,0.75,0.000496
13853,446307,1,spatial,train,64,0.868497,1,1,63,0,1,1,1,0,0,0.9375,0.8125,0.000992
13854,446307,1,spatial,train,64,0.868497,1,1,63,0,1,1,1,0,0,0.9375,0.8125,0.000992
15339,446661,1,spatial,airplane,64,0.775174,1,10,54,0,11,1,1,1,1,1.0,0.75,0.000992
15340,446661,1,spatial,airplane,64,0.775174,1,10,54,0,11,1,1,1,1,1.0,0.75,0.000992
14519,447197,1,simple,person,64,0.730025,1,12,52,0,1,1,1,0,0,1.0,0.875,0.000992
14520,447197,1,spatial,person,64,0.730025,1,12,52,0,1,1,1,0,0,1.0,0.875,0.000992
2572,447297,1,spatial,motorcycle,64,0.71017,1,4,60,0,1,1,1,0,0,0.722222,0.555556,0.00248
2573,447297,1,spatial,motorcycle,64,0.71017,1,4,60,0,1,1,1,0,0,0.722222,0.555556,0.00248
43246,448046,1,spatial,dining table,64,0.786521,1,2,62,0,1,1,1,0,0,0.75,0.65,0.000496
43247,448046,1,spatial,dining table,64,0.786521,1,2,62,0,1,1,1,0,0,0.75,0.65,0.000496
50123,448131,1,spatial,person,64,0.927732,1,5,59,2,10,1,1,1,1,1.0,1.0,0.0
50124,448131,1,spatial,person,64,0.927732,1,5,59,2,10,1,1,1,1,1.0,1.0,0.0
27897,448689,1,spatial,person,64,0.829596,1,8,56,0,6,1,1,1,0,1.0,0.75,0.000496
27898,448689,1,simple,person,64,0.829596,1,8,56,0,6,1,1,1,0,1.0,0.75,0.000496
39061,448824,1,spatial,car,64,0.847892,1,7,57,0,8,1,1,1,0,1.0,0.818182,0.001984
39062,448824,1,attribute,car,64,0.847892,1,7,57,0,8,1,1,1,0,1.0,0.818182,0.001984
10120,449136,1,spatial,person,64,0.853488,1,10,54,0,9,1,1,1,1,1.0,1.0,0.000992
10121,449136,1,spatial,person,64,0.853488,1,10,54,0,9,1,1,1,1,1.0,1.0,0.000992
40236,449136,1,attribute,surfboard,64,0.843045,1,5,59,0,3,1,1,0,0,1.0,1.0,0.000992
40237,449136,1,spatial,surfboard,64,0.843045,1,5,59,0,3,1,1,0,0,1.0,1.0,0.000992
90612,449701,1,simple,bird,64,0.786203,1,11,53,0,7,1,1,1,0,1.0,1.0,0.0
90613,449701,1,spatial,bird,64,0.786203,1,11,53,0,7,1,1,1,0,1.0,1.0,0.0
23150,451407,1,spatial,pizza,64,0.856064,1,4,60,0,2,1,1,0,0,1.0,1.0,0.003472
23151,451407,1,spatial,pizza,64,0.856064,1,4,60,0,2,1,1,0,0,1.0,1.0,0.003472
87457,451529,1,spatial,chair,64,0.9438,1,2,62,0,2,1,1,0,0,1.0,0.882353,0.001488
78585,451529,1,spatial,couch,64,0.978023,1,3,61,0,2,1,1,0,0,1.0,0.882353,0.001488
77336,451953,1,spatial,orange,64,0.746442,1,2,62,0,5,1,1,1,0,0.833333,0.833333,0.000496
15749,452088,1,spatial,airplane,64,0.719111,1,7,57,0,3,1,1,0,0,1.0,1.0,0.000992
15750,452088,1,spatial,airplane,64,0.719111,1,7,57,0,3,1,1,0,0,1.0,1.0,0.000992
60677,452088,1,simple,airplane,64,0.837095,1,3,61,0,7,1,1,1,0,1.0,1.0,0.000992
60678,452088,1,spatial,airplane,64,0.837095,1,3,61,0,7,1,1,1,0,1.0,1.0,0.000992
27593,452750,1,spatial,person,64,0.868414,1,10,54,0,8,1,1,1,0,0.833333,0.833333,0.001488
27594,452750,1,spatial,person,64,0.868414,1,10,54,0,8,1,1,1,0,0.833333,0.833333,0.001488
59477,452750,1,spatial,person,64,0.910961,1,8,56,0,10,1,1,1,1,0.833333,0.833333,0.001488
59478,452750,1,spatial,person,64,0.910961,1,8,56,0,10,1,1,1,1,0.833333,0.833333,0.001488
82172,452806,1,attribute,dining table,64,0.731546,1,1,63,0,6,1,1,1,0,0.833333,0.611111,0.000496
82173,452806,1,attribute,dining table,64,0.731546,1,1,63,0,6,1,1,1,0,0.833333,0.611111,0.000496
82365,452979,1,spatial,car,64,0.298631,0,0,64,0,0,0,0,0,0,0.578947,0.421053,0.000496
82366,452979,1,attribute,car,64,0.298631,0,0,64,0,0,0,0,0,0,0.578947,0.421053,0.000496
34107,453260,1,attribute,toilet,64,0.896534,1,14,50,0,0,1,1,0,0,0.5,0.5,0.000992
34108,453260,1,attribute,toilet,64,0.896534,1,14,50,0,0,1,1,0,0,0.5,0.5,0.000992
80397,454162,1,attribute,person,64,0.899856,1,3,61,0,9,1,1,1,1,1.0,0.875,0.001984
33519,454219,1,simple,person,64,0.883919,1,4,60,0,18,1,1,1,1,1.0,1.0,0.003968
33520,454219,1,spatial,person,64,0.883919,1,4,60,0,18,1,1,1,1,1.0,1.0,0.003968
75798,454898,1,spatial,umbrella,64,0.838856,1,4,60,0,9,1,1,1,1,0.75,0.75,0.0
75799,454898,1,spatial,umbrella,64,0.838856,1,4,60,0,9,1,1,1,1,0.75,0.75,0.0
23607,454898,1,spatial,umbrella,64,0.833949,1,7,57,0,6,1,1,1,0,0.75,0.75,0.0
23608,454898,1,spatial,umbrella,64,0.833949,1,7,57,0,6,1,1,1,0,0.75,0.75,0.0
55016,454928,1,spatial,skateboard,64,0.885972,1,2,62,0,10,1,1,1,1,0.75,0.75,0.002976
55017,454928,1,simple,skateboard,64,0.885972,1,2,62,0,10,1,1,1,1,0.75,0.75,0.002976
18346,455554,1,attribute,tie,64,0.837814,1,6,58,0,3,1,1,0,0,1.0,0.666667,0.0
18347,455554,1,spatial,tie,64,0.837814,1,6,58,0,3,1,1,0,0,1.0,0.666667,0.0
7076,455791,1,spatial,person,64,0.865871,1,10,54,0,18,1,1,1,1,1.0,0.833333,0.001984
7077,455791,1,spatial,person,64,0.865871,1,10,54,0,18,1,1,1,1,1.0,0.833333,0.001984
102098,456453,1,spatial,truck,64,0.828917,1,2,62,10,2,1,1,0,0,0.727273,0.727273,0.000496
102099,456453,1,spatial,truck,64,0.828917,1,2,62,10,2,1,1,0,0,0.727273,0.727273,0.000496
84790,457720,1,attribute,car,64,0.796612,1,5,59,0,3,1,1,0,0,0.8,0.8,0.000992
84791,457720,1,spatial,car,64,0.796612,1,5,59,0,3,1,1,0,0,0.8,0.8,0.000992
92390,458042,1,spatial,giraffe,64,0.810531,1,14,50,0,7,1,1,1,0,1.0,1.0,0.000496
91254,458042,1,spatial,giraffe,64,0.935373,1,7,57,0,14,1,1,1,1,1.0,1.0,0.000496
91255,458042,1,spatial,giraffe,64,0.935373,1,7,57,0,14,1,1,1,1,1.0,1.0,0.000496
65266,458286,1,attribute,keyboard,64,0.880187,1,5,59,0,1,1,1,0,0,1.0,1.0,0.001984
65267,458286,1,spatial,keyboard,64,0.880187,1,5,59,0,1,1,1,0,0,1.0,1.0,0.001984
68203,459835,1,spatial,boat,64,0.866752,1,2,62,0,8,1,1,1,0,1.0,0.909091,0.000992
68204,459835,1,spatial,boat,64,0.866752,1,2,62,0,8,1,1,1,0,1.0,0.909091,0.000992
33338,459835,1,spatial,boat,64,0.798792,1,3,61,0,7,1,1,1,0,1.0,0.909091,0.000992
33339,459835,1,spatial,boat,64,0.798792,1,3,61,0,7,1,1,1,0,1.0,0.909091,0.000992
88919,460164,1,simple,person,64,0.806374,1,6,58,0,6,1,1,1,0,1.0,1.0,0.0
88920,460164,1,attribute,person,64,0.806374,1,6,58,0,6,1,1,1,0,1.0,1.0,0.0
54771,460164,1,spatial,hot dog,64,0.814079,1,9,55,0,2,1,1,0,0,1.0,1.0,0.0
54772,460164,1,spatial,hot dog,64,0.814079,1,9,55,0,2,1,1,0,0,1.0,1.0,0.0
30497,460715,1,spatial,chair,64,0.653721,1,3,61,0,6,1,1,1,0,1.0,0.8,0.002976
30498,460715,1,spatial,chair,64,0.653721,1,3,61,0,6,1,1,1,0,1.0,0.8,0.002976
28300,461799,1,spatial,car,64,0.823208,1,5,59,0,9,1,1,1,1,1.0,1.0,0.003472
28301,461799,1,spatial,car,64,0.823208,1,5,59,0,9,1,1,1,1,1.0,1.0,0.003472
22048,461799,1,spatial,car,64,0.884224,1,9,55,0,5,1,1,1,0,1.0,1.0,0.003472
22049,461799,1,spatial,car,64,0.884224,1,9,55,0,5,1,1,1,0,1.0,1.0,0.003472
34926,462129,1,spatial,person,64,0.828252,1,2,62,0,1,1,1,0,0,0.857143,0.714286,0.002976
34927,462129,1,spatial,person,64,0.828252,1,2,62,0,1,1,1,0,0,0.857143,0.714286,0.002976
93738,462398,2,spatial,motorcycle,64,0.888093,1,6,58,0,11,1,1,1,1,0.916667,0.833333,0.000496
93739,462398,2,spatial,motorcycle,64,0.888093,1,6,58,0,11,1,1,1,1,0.916667,0.833333,0.000496
49092,462398,2,spatial,motorcycle,64,0.743941,1,8,56,0,9,1,1,1,1,0.916667,0.833333,0.000496
49093,462398,2,spatial,motorcycle,64,0.743941,1,8,56,0,9,1,1,1,1,0.916667,0.833333,0.000496
4617,463613,1,spatial,chair,64,0.89371,1,6,58,0,11,1,1,1,1,1.0,0.875,0.000496
47468,463702,1,spatial,dining table,64,0.642562,1,1,63,0,5,1,1,1,0,0.736842,0.473684,0.000992
47469,463702,1,spatial,dining table,64,0.642562,1,1,63,0,5,1,1,1,0,0.736842,0.473684,0.000992
4561,463702,1,spatial,vase,64,0.922499,1,2,62,0,3,1,1,0,0,0.736842,0.473684,0.000992
4562,463702,1,spatial,vase,64,0.922499,1,2,62,0,3,1,1,0,0,0.736842,0.473684,0.000992
45888,463702,1,spatial,dining table,64,0.685237,1,6,58,0,1,1,1,0,0,0.736842,0.473684,0.000992
45889,463702,1,spatial,dining table,64,0.685237,1,6,58,0,1,1,1,0,0,0.736842,0.473684,0.000992
25008,464784,1,spatial,knife,64,0.812978,1,5,59,0,8,1,1,1,0,1.0,1.0,0.000992
25009,464784,1,spatial,knife,64,0.812978,1,5,59,0,8,1,1,1,0,1.0,1.0,0.000992
82537,464784,1,simple,knife,64,0.800992,1,8,56,0,5,1,1,1,0,1.0,1.0,0.000992
82538,464784,1,spatial,knife,64,0.800992,1,8,56,0,5,1,1,1,0,1.0,1.0,0.000992
101548,464784,1,spatial,pizza,64,0.808157,1,2,62,0,2,1,1,0,0,1.0,1.0,0.000992
101549,464784,1,spatial,pizza,64,0.808157,1,2,62,0,2,1,1,0,0,1.0,1.0,0.000992
102740,464784,1,spatial,pizza,64,0.819947,1,2,62,0,2,1,1,0,0,1.0,1.0,0.000992
102741,464784,1,spatial,pizza,64,0.819947,1,2,62,0,2,1,1,0,0,1.0,1.0,0.000992
28901,464965,1,spatial,person,64,0.940959,1,6,58,0,2,1,1,0,0,1.0,0.857143,0.001488
28902,464965,1,spatial,person,64,0.940959,1,6,58,0,2,1,1,0,0,1.0,0.857143,0.001488
34376,465196,1,simple,skis,64,0.810434,1,4,60,0,0,1,1,0,0,0.4375,0.375,0.000496
34377,465196,1,spatial,skis,64,0.810434,1,4,60,0,0,1,1,0,0,0.4375,0.375,0.000496
73931,466964,1,spatial,umbrella,64,0.451213,0,0,64,0,0,0,0,0,0,0.526316,0.473684,0.001488
73932,466964,1,attribute,umbrella,64,0.451213,0,0,64,0,0,0,0,0,0,0.526316,0.473684,0.001488
72560,466964,1,spatial,umbrella,64,0.491963,0,0,64,0,0,0,0,0,0,0.526316,0.473684,0.001488
72561,466964,1,spatial,umbrella,64,0.491963,0,0,64,0,0,0,0,0,0,0.526316,0.473684,0.001488
23259,466964,1,spatial,umbrella,64,0.159744,0,0,64,0,0,0,0,0,0,0.526316,0.473684,0.001488
23260,466964,1,spatial,umbrella,64,0.159744,0,0,64,0,0,0,0,0,0,0.526316,0.473684,0.001488
46200,467113,1,spatial,banana,64,0.72605,1,3,61,0,1,1,1,0,0,0.875,0.75,0.000992
46201,467113,1,spatial,banana,64,0.72605,1,3,61,0,1,1,1,0,0,0.875,0.75,0.000992
71024,467126,1,attribute,car,64,0.909142,1,8,56,0,3,1,1,0,0,1.0,0.714286,0.000992
71025,467126,1,attribute,car,64,0.909142,1,8,56,0,3,1,1,0,0,1.0,0.714286,0.000992
28785,467840,1,attribute,handbag,64,0.538116,1,1,63,0,7,1,1,1,0,0.777778,0.444444,0.000496
28786,467840,1,simple,handbag,64,0.538116,1,1,63,0,7,1,1,1,0,0.777778,0.444444,0.000496
83014,467840,1,spatial,handbag,64,0.853312,1,7,57,0,1,1,1,0,0,0.777778,0.444444,0.000496
83015,467840,1,attribute,handbag,64,0.853312,1,7,57,0,1,1,1,0,0,0.777778,0.444444,0.000496
98734,468276,1,simple,bottle,64,0.893292,1,1,63,0,2,1,1,0,0,0.909091,0.909091,0.000992
98735,468276,1,spatial,bottle,64,0.893292,1,1,63,0,2,1,1,0,0,0.909091,0.909091,0.000992
32031,468276,1,simple,bowl,64,0.766853,1,11,53,0,2,1,1,0,0,0.909091,0.909091,0.000992
32032,468276,1,spatial,bowl,64,0.766853,1,11,53,0,2,1,1,0,0,0.909091,0.909091,0.000992
14183,468876,1,spatial,chair,64,0.939741,1,2,62,0,4,1,1,1,0,1.0,1.0,0.000992
14184,468876,1,spatial,chair,64,0.939741,1,2,62,0,4,1,1,1,0,1.0,1.0,0.000992
83246,470002,1,spatial,giraffe,64,0.936521,1,9,55,0,14,1,1,1,1,1.0,0.777778,0.001488
83247,470002,1,spatial,giraffe,64,0.936521,1,9,55,0,14,1,1,1,1,1.0,0.777778,0.001488
87959,470012,1,spatial,person,64,0.891741,1,9,55,0,8,1,1,1,0,1.0,1.0,0.000496
87960,470012,1,spatial,person,64,0.891741,1,9,55,0,8,1,1,1,0,1.0,1.0,0.000496
66127,470012,1,spatial,elephant,64,0.783349,1,12,52,0,5,1,1,1,0,1.0,1.0,0.000496
66128,470012,1,spatial,elephant,64,0.783349,1,12,52,0,5,1,1,1,0,1.0,1.0,0.000496
68526,470028,1,spatial,person,64,0.735687,1,10,54,0,5,1,1,1,0,1.0,0.75,0.000992
68527,470028,1,spatial,person,64,0.735687,1,10,54,0,5,1,1,1,0,1.0,0.75,0.000992
74676,470305,1,spatial,person,64,0.784499,1,4,60,0,0,1,1,0,0,0.5,0.388889,0.001488
74677,470305,1,spatial,person,64,0.784499,1,4,60,0,0,1,1,0,0,0.5,0.388889,0.001488
52204,470471,1,spatial,chair,64,0.695611,1,12,52,0,5,1,1,1,0,1.0,0.666667,0.002976
52205,470471,1,spatial,chair,64,0.695611,1,12,52,0,5,1,1,1,0,1.0,0.666667,0.002976
72646,471352,1,spatial,cow,64,0.82837,1,8,56,0,3,1,1,0,0,0.888889,0.777778,0.000496
76218,471352,1,spatial,cow,64,0.775746,1,3,61,0,8,1,1,1,0,0.888889,0.777778,0.000496
76219,471352,1,spatial,cow,64,0.775746,1,3,61,0,8,1,1,1,0,0.888889,0.777778,0.000496
29901,471788,1,spatial,scissors,64,0.65402,1,4,60,0,13,1,1,1,1,1.0,0.666667,0.0
29902,471788,1,simple,scissors,64,0.65402,1,4,60,0,13,1,1,1,1,1.0,0.666667,0.0
50880,472320,1,spatial,spoon,64,0.808889,1,3,61,0,5,1,1,1,0,0.888889,0.666667,0.000496
38199,472320,1,spatial,bowl,64,0.9367,1,2,62,0,3,1,1,0,0,0.888889,0.666667,0.000496
38200,472320,1,spatial,bowl,64,0.9367,1,2,62,0,3,1,1,0,0,0.888889,0.666667,0.000496
43726,472502,1,simple,person,64,0.849365,1,4,60,0,12,1,1,1,1,1.0,0.727273,0.001488
43727,472502,1,spatial,person,64,0.849365,1,4,60,0,12,1,1,1,1,1.0,0.727273,0.001488
22814,472686,1,simple,person,64,0.718626,1,7,57,0,4,1,1,1,0,1.0,0.666667,0.000496
22815,472686,1,spatial,person,64,0.718626,1,7,57,0,4,1,1,1,0,1.0,0.666667,0.000496
73571,472686,1,spatial,person,64,0.6792,1,1,63,0,10,1,1,1,1,1.0,0.666667,0.000496
50821,473403,1,attribute,suitcase,64,0.759077,1,1,63,0,3,1,1,0,0,0.894737,0.842105,0.002976
50822,473403,1,spatial,suitcase,64,0.759077,1,1,63,0,3,1,1,0,0,0.894737,0.842105,0.002976
59418,473403,1,spatial,backpack,64,0.891012,1,1,63,0,1,1,1,0,0,0.894737,0.842105,0.002976
59419,473403,1,spatial,backpack,64,0.891012,1,1,63,0,1,1,1,0,0,0.894737,0.842105,0.002976
66991,473403,1,spatial,handbag,64,0.864091,1,1,63,0,1,1,1,0,0,0.894737,0.842105,0.002976
66992,473403,1,spatial,handbag,64,0.864091,1,1,63,0,1,1,1,0,0,0.894737,0.842105,0.002976
95065,473745,1,spatial,chair,64,0.891299,1,6,58,0,3,1,1,0,0,0.789474,0.473684,0.002976
95066,473745,1,spatial,chair,64,0.891299,1,6,58,0,3,1,1,0,0,0.789474,0.473684,0.002976
87703,473773,1,spatial,skis,64,0.576979,1,2,62,0,7,1,1,1,0,0.888889,0.666667,0.001488
87704,473773,1,simple,skis,64,0.576979,1,2,62,0,7,1,1,1,0,0.888889,0.666667,0.001488
22623,473985,1,spatial,person,64,0.859633,1,7,57,0,10,1,1,1,1,1.0,1.0,0.001488
22624,473985,1,spatial,person,64,0.859633,1,7,57,0,10,1,1,1,1,1.0,1.0,0.001488
49939,474545,1,simple,zebra,64,0.917603,1,6,58,1,17,1,1,1,1,1.0,1.0,0.000496
49940,474545,1,spatial,zebra,64,0.917603,1,6,58,1,17,1,1,1,1,1.0,1.0,0.000496
94666,474545,1,spatial,zebra,64,0.96828,1,7,57,1,16,1,1,1,1,1.0,1.0,0.000496
94667,474545,1,spatial,zebra,64,0.96828,1,7,57,1,16,1,1,1,1,1.0,1.0,0.000496
20145,475415,1,spatial,car,64,0.827418,1,9,55,0,10,1,1,1,1,0.875,0.75,0.000992
20146,475415,1,spatial,car,64,0.827418,1,9,55,0,10,1,1,1,1,0.875,0.75,0.000992
50816,475999,2,spatial,cake,64,0.543854,1,1,63,13,0,1,1,0,0,0.7,0.5,0.0
50817,475999,2,spatial,cake,64,0.543854,1,1,63,13,0,1,1,0,0,0.7,0.5,0.0
50818,475999,2,spatial,cake,64,0.543854,1,1,63,13,0,1,1,0,0,0.7,0.5,0.0
46312,476155,1,spatial,skis,64,0.793518,1,7,57,0,7,1,1,1,0,1.0,1.0,0.0
46313,476155,1,spatial,skis,64,0.793518,1,7,57,0,7,1,1,1,0,1.0,1.0,0.0
100036,476155,1,spatial,skis,64,0.844039,1,7,57,0,7,1,1,1,0,1.0,1.0,0.0
28979,476269,1,simple,person,64,0.738386,1,7,57,0,3,1,1,0,0,1.0,1.0,0.000992
28980,476269,1,spatial,person,64,0.738386,1,7,57,0,3,1,1,0,0,1.0,1.0,0.000992
14417,476520,1,spatial,zebra,64,0.840704,1,15,49,0,15,1,1,1,1,1.0,1.0,0.000496
14418,476520,1,spatial,zebra,64,0.840704,1,15,49,0,15,1,1,1,1,1.0,1.0,0.000496
60224,476520,1,spatial,zebra,64,0.926136,1,15,49,0,15,1,1,1,1,1.0,1.0,0.000496
60225,476520,1,spatial,zebra,64,0.926136,1,15,49,0,15,1,1,1,1,1.0,1.0,0.000496
60968,477015,1,attribute,truck,64,0.866613,1,3,61,0,6,1,1,1,0,0.8,0.8,0.000496
60969,477015,1,spatial,truck,64,0.866613,1,3,61,0,6,1,1,1,0,0.8,0.8,0.000496
71116,477471,1,attribute,horse,64,0.813206,1,6,58,0,2,1,1,0,0,0.941176,0.764706,0.000992
71117,477471,1,spatial,horse,64,0.813206,1,6,58,0,2,1,1,0,0,0.941176,0.764706,0.000992
48447,478092,1,spatial,bus,64,0.882503,1,2,62,5,2,1,1,0,0,0.481481,0.481481,0.000992
48448,478092,1,spatial,bus,64,0.882503,1,2,62,5,2,1,1,0,0,0.481481,0.481481,0.000992
34135,478445,1,attribute,person,64,0.906932,1,2,62,0,14,1,1,1,1,1.0,0.833333,0.002976
34136,478445,1,simple,person,64,0.906932,1,2,62,0,14,1,1,1,1,1.0,0.833333,0.002976
25044,478445,1,spatial,person,64,0.869568,1,9,55,0,7,1,1,1,0,1.0,0.833333,0.002976
25045,478445,1,spatial,person,64,0.869568,1,9,55,0,7,1,1,1,0,1.0,0.833333,0.002976
32838,478532,1,spatial,car,64,0.816788,1,2,62,0,1,1,1,0,0,0.789474,0.789474,0.00248
32839,478532,1,spatial,car,64,0.816788,1,2,62,0,1,1,1,0,0,0.789474,0.789474,0.00248
44550,479666,1,spatial,dining table,64,0.744625,1,4,60,0,2,1,1,0,0,0.809524,0.666667,0.001984
97821,479670,1,attribute,broccoli,64,0.814085,1,3,61,0,5,1,1,1,0,0.909091,0.818182,0.000496
97822,479670,1,spatial,broccoli,64,0.814085,1,3,61,0,5,1,1,1,0,0.909091,0.818182,0.000496
40639,479670,1,spatial,broccoli,64,0.729059,1,5,59,0,3,1,1,0,0,0.909091,0.818182,0.000496
20777,479867,1,spatial,horse,64,0.851978,1,8,56,0,11,1,1,1,1,1.0,1.0,0.0
20778,479867,1,spatial,horse,64,0.851978,1,8,56,0,11,1,1,1,1,1.0,1.0,0.0
49831,479867,1,spatial,horse,64,0.860733,1,6,58,0,13,1,1,1,1,1.0,1.0,0.0
38511,479867,1,attribute,horse,64,0.847341,1,5,59,0,14,1,1,1,1,1.0,1.0,0.0
38512,479867,1,spatial,horse,64,0.847341,1,5,59,0,14,1,1,1,1,1.0,1.0,0.0
56999,480115,1,spatial,airplane,64,0.908869,1,14,50,0,19,1,1,1,1,1.0,1.0,0.002976
57000,480115,1,simple,airplane,64,0.908869,1,14,50,0,19,1,1,1,1,1.0,1.0,0.002976
1290,481185,1,spatial,fork,64,0.834662,1,6,58,0,7,1,1,1,0,1.0,0.933333,0.001488
1291,481185,1,spatial,fork,64,0.834662,1,6,58,0,7,1,1,1,0,1.0,0.933333,0.001488
102308,481257,1,spatial,car,64,0.844422,1,3,61,0,6,1,1,1,0,1.0,1.0,0.00248
102309,481257,1,spatial,car,64,0.844422,1,3,61,0,6,1,1,1,0,1.0,1.0,0.00248
44206,481971,1,spatial,person,64,0.861185,1,8,56,0,4,1,1,1,0,1.0,1.0,0.003472
44207,481971,1,spatial,person,64,0.861185,1,8,56,0,4,1,1,1,0,1.0,1.0,0.003472
25389,483752,1,spatial,car,64,0.90866,1,6,58,0,10,1,1,1,1,1.0,1.0,0.001984
25390,483752,1,spatial,car,64,0.90866,1,6,58,0,10,1,1,1,1,1.0,1.0,0.001984
85430,484171,1,simple,knife,64,0.816133,1,8,56,0,5,1,1,1,0,1.0,1.0,0.001488
85431,484171,1,spatial,knife,64,0.816133,1,8,56,0,5,1,1,1,0,1.0,1.0,0.001488
84040,485940,1,spatial,handbag,64,0.809414,1,6,58,0,11,1,1,1,1,1.0,1.0,0.001984
84041,485940,1,spatial,handbag,64,0.809414,1,6,58,0,11,1,1,1,1,1.0,1.0,0.001984
88087,486125,1,simple,person,64,0.750365,1,9,55,0,2,1,1,0,0,1.0,1.0,0.003472
88088,486125,1,spatial,person,64,0.750365,1,9,55,0,2,1,1,0,0,1.0,1.0,0.003472
38752,486125,1,spatial,chair,64,0.786094,1,2,62,0,3,1,1,0,0,1.0,1.0,0.003472
38753,486125,1,attribute,chair,64,0.786094,1,2,62,0,3,1,1,0,0,1.0,1.0,0.003472
84427,487260,1,spatial,bus,64,0.93864,1,8,56,0,5,1,1,1,0,1.0,0.833333,0.000496
84428,487260,1,spatial,bus,64,0.93864,1,8,56,0,5,1,1,1,0,1.0,0.833333,0.000496
26918,487260,1,attribute,bus,64,0.741917,1,2,62,0,11,1,1,1,1,1.0,0.833333,0.000496
26919,487260,1,spatial,bus,64,0.741917,1,2,62,0,11,1,1,1,1,1.0,0.833333,0.000496
70811,488033,1,attribute,umbrella,64,0.859264,1,6,58,0,4,1,1,1,0,1.0,0.5,0.0
70812,488033,1,spatial,umbrella,64,0.859264,1,6,58,0,4,1,1,1,0,1.0,0.5,0.0
68972,488033,1,spatial,umbrella,64,0.697223,1,4,60,0,6,1,1,1,0,1.0,0.5,0.0
68973,488033,1,simple,umbrella,64,0.697223,1,4,60,0,6,1,1,1,0,1.0,0.5,0.0
74930,488880,1,spatial,elephant,64,0.823173,1,19,45,0,4,1,1,1,0,1.0,1.0,0.000992
74931,488880,1,simple,elephant,64,0.823173,1,19,45,0,4,1,1,1,0,1.0,1.0,0.000992
94773,490097,1,spatial,chair,64,0.860748,1,2,62,0,5,1,1,1,0,0.9,0.8,0.000992
94774,490097,1,spatial,chair,64,0.860748,1,2,62,0,5,1,1,1,0,0.9,0.8,0.000992
33645,490097,1,attribute,couch,64,0.864768,1,3,61,0,5,1,1,1,0,0.9,0.8,0.000992
33646,490097,1,spatial,couch,64,0.864768,1,3,61,0,5,1,1,1,0,0.9,0.8,0.000992
31697,490097,1,spatial,couch,64,0.878354,1,5,59,0,3,1,1,0,0,0.9,0.8,0.000992
31698,490097,1,simple,couch,64,0.878354,1,5,59,0,3,1,1,0,0,0.9,0.8,0.000992
100761,490184,1,attribute,airplane,64,0.774842,1,7,57,2,4,1,1,1,0,1.0,1.0,0.000992
100762,490184,1,attribute,airplane,64,0.774842,1,7,57,2,4,1,1,1,0,1.0,1.0,0.000992
2417,490184,1,spatial,airplane,64,0.847839,1,4,60,2,7,1,1,1,0,1.0,1.0,0.000992
2418,490184,1,spatial,airplane,64,0.847839,1,4,60,2,7,1,1,1,0,1.0,1.0,0.000992
92001,490801,2,spatial,person,64,0.78892,1,6,58,0,13,1,1,1,1,1.0,1.0,0.001488
92002,490801,2,spatial,person,64,0.78892,1,6,58,0,13,1,1,1,1,1.0,1.0,0.001488
46098,490801,2,spatial,person,64,0.89212,1,4,60,0,15,1,1,1,1,1.0,1.0,0.001488
46099,490801,2,spatial,person,64,0.89212,1,4,60,0,15,1,1,1,1,1.0,1.0,0.001488
14145,490801,2,spatial,person,64,0.911034,1,5,59,0,14,1,1,1,1,1.0,1.0,0.001488
14146,490801,2,spatial,person,64,0.911034,1,5,59,0,14,1,1,1,1,1.0,1.0,0.001488
79928,490801,2,spatial,person,64,0.947602,1,4,60,0,15,1,1,1,1,1.0,1.0,0.001488
79929,490801,2,spatial,person,64,0.947602,1,4,60,0,15,1,1,1,1,1.0,1.0,0.001488
13347,491018,1,simple,bowl,64,0.838176,1,1,63,0,0,1,1,0,0,0.875,0.875,0.000496
13348,491018,1,spatial,bowl,64,0.838176,1,1,63,0,0,1,1,0,0,0.875,0.875,0.000496
65612,491400,1,spatial,person,64,0.706834,1,10,54,0,3,1,1,0,0,1.0,0.8,0.000992
65613,491400,1,attribute,person,64,0.706834,1,10,54,0,3,1,1,0,0,1.0,0.8,0.000992
65614,491400,1,spatial,person,64,0.706834,1,10,54,0,3,1,1,0,0,1.0,0.8,0.000992
67293,491727,1,spatial,pizza,64,0.822758,1,7,57,0,5,1,1,1,0,1.0,1.0,0.000992
67294,491727,1,spatial,pizza,64,0.822758,1,7,57,0,5,1,1,1,0,1.0,1.0,0.000992
12510,491733,1,spatial,boat,64,0.713092,1,8,56,1,5,1,1,1,0,0.818182,0.727273,0.000496
12511,491733,1,spatial,boat,64,0.713092,1,8,56,1,5,1,1,1,0,0.818182,0.727273,0.000496
84877,493131,1,spatial,snowboard,64,0.860136,1,1,63,0,2,1,1,0,0,0.882353,0.882353,0.000992
84878,493131,1,spatial,snowboard,64,0.860136,1,1,63,0,2,1,1,0,0,0.882353,0.882353,0.000992
53024,493407,1,spatial,cow,64,0.75556,1,9,55,0,11,1,1,1,1,1.0,1.0,0.0
53025,493407,1,spatial,cow,64,0.75556,1,9,55,0,11,1,1,1,1,1.0,1.0,0.0
98592,493407,1,simple,person,64,0.737074,1,4,60,0,3,1,1,0,0,1.0,1.0,0.0
98593,493407,1,spatial,person,64,0.737074,1,4,60,0,3,1,1,0,0,1.0,1.0,0.0
59239,493793,1,simple,banana,64,0.778838,1,10,54,0,2,1,1,0,0,0.875,0.75,0.000992
59240,493793,1,simple,banana,64,0.778838,1,10,54,0,2,1,1,0,0,0.875,0.75,0.000992
102993,493793,1,spatial,orange,64,0.93128,1,5,59,0,5,1,1,1,0,0.875,0.75,0.000992
102994,493793,1,spatial,orange,64,0.93128,1,5,59,0,5,1,1,1,0,0.875,0.75,0.000992
73971,493851,1,simple,chair,64,0.730682,1,6,58,17,3,1,1,0,0,1.0,1.0,0.0
73972,493851,1,spatial,chair,64,0.730682,1,6,58,17,3,1,1,0,0,1.0,1.0,0.0
11658,493851,1,spatial,chair,64,0.813658,1,7,57,17,2,1,1,0,0,1.0,1.0,0.0
11659,493851,1,spatial,chair,64,0.813658,1,7,57,17,2,1,1,0,0,1.0,1.0,0.0
75195,494138,1,spatial,person,64,0.86937,1,14,50,0,11,1,1,1,1,1.0,1.0,0.002976
75196,494138,1,attribute,person,64,0.86937,1,14,50,0,11,1,1,1,1,1.0,1.0,0.002976
26345,494138,1,spatial,person,64,0.790061,1,11,53,0,14,1,1,1,1,1.0,1.0,0.002976
26346,494138,1,spatial,person,64,0.790061,1,11,53,0,14,1,1,1,1,1.0,1.0,0.002976
11027,494190,1,spatial,car,64,0.826779,1,6,58,0,11,1,1,1,1,1.0,1.0,0.0
11028,494190,1,simple,car,64,0.826779,1,6,58,0,11,1,1,1,1,1.0,1.0,0.0
20006,494382,2,spatial,bird,64,0.85114,1,10,54,0,24,1,1,1,1,1.0,1.0,0.003968
20007,494382,2,spatial,bird,64,0.85114,1,10,54,0,24,1,1,1,1,1.0,1.0,0.003968
18419,494382,2,spatial,bird,64,0.772194,1,15,49,0,19,1,1,1,1,1.0,1.0,0.003968
18420,494382,2,spatial,bird,64,0.772194,1,15,49,0,19,1,1,1,1,1.0,1.0,0.003968
70831,494382,2,spatial,bird,64,0.799985,1,9,55,0,25,1,1,1,1,1.0,1.0,0.003968
70832,494382,2,simple,bird,64,0.799985,1,9,55,0,25,1,1,1,1,1.0,1.0,0.003968
92208,495169,2,spatial,couch,64,0.788872,1,2,62,0,1,1,1,0,0,1.0,0.923077,0.002976
92209,495169,2,spatial,couch,64,0.788872,1,2,62,0,1,1,1,0,0,1.0,0.923077,0.002976
90748,495169,2,spatial,couch,64,0.631166,1,1,63,0,2,1,1,0,0,1.0,0.923077,0.002976
90749,495169,2,spatial,couch,64,0.631166,1,1,63,0,2,1,1,0,0,1.0,0.923077,0.002976
46321,495169,2,spatial,person,64,0.88702,1,4,60,0,11,1,1,1,1,1.0,0.923077,0.002976
89366,495169,2,spatial,person,64,0.939876,1,3,61,0,12,1,1,1,1,1.0,0.923077,0.002976
89367,495169,2,spatial,person,64,0.939876,1,3,61,0,12,1,1,1,1,1.0,0.923077,0.002976
23770,495169,2,spatial,person,64,0.893214,1,5,59,0,11,1,1,1,1,1.0,0.923077,0.002976
23771,495169,2,simple,person,64,0.893214,1,5,59,0,11,1,1,1,1,1.0,0.923077,0.002976
18608,495169,2,spatial,person,64,0.831951,1,4,60,0,11,1,1,1,1,1.0,0.923077,0.002976
18609,495169,2,spatial,person,64,0.831951,1,4,60,0,11,1,1,1,1,1.0,0.923077,0.002976
94606,495387,1,simple,chair,64,0.855988,1,12,52,0,16,1,1,1,1,1.0,1.0,0.002976
94607,495387,1,spatial,chair,64,0.855988,1,12,52,0,16,1,1,1,1,1.0,1.0,0.002976
16853,495387,1,spatial,chair,64,0.742768,1,4,60,0,24,1,1,1,1,1.0,1.0,0.002976
16854,495387,1,spatial,chair,64,0.742768,1,4,60,0,24,1,1,1,1,1.0,1.0,0.002976
20507,495460,1,spatial,sandwich,64,0.849116,1,8,56,0,7,1,1,1,0,1.0,1.0,0.0
20508,495460,1,spatial,sandwich,64,0.849116,1,8,56,0,7,1,1,1,0,1.0,1.0,0.0
79122,495460,1,spatial,sandwich,64,0.814162,1,7,57,0,8,1,1,1,0,1.0,1.0,0.0
79123,495460,1,spatial,sandwich,64,0.814162,1,7,57,0,8,1,1,1,0,1.0,1.0,0.0
83759,495790,1,simple,giraffe,64,0.79199,1,19,45,0,9,1,1,1,1,1.0,1.0,0.001488
83760,495790,1,spatial,giraffe,64,0.79199,1,19,45,0,9,1,1,1,1,1.0,1.0,0.001488
26574,495790,1,simple,giraffe,64,0.841894,1,9,55,0,19,1,1,1,1,1.0,1.0,0.001488
26575,495790,1,spatial,giraffe,64,0.841894,1,9,55,0,19,1,1,1,1,1.0,1.0,0.001488
43548,496018,1,spatial,person,64,0.874473,1,7,57,1,10,1,1,1,1,1.0,0.75,0.000496
43549,496018,1,spatial,person,64,0.874473,1,7,57,1,10,1,1,1,1,1.0,0.75,0.000496
24858,496097,1,spatial,chair,64,0.945364,1,4,60,0,5,1,1,1,0,0.875,0.5625,0.0
24859,496097,1,spatial,chair,64,0.945364,1,4,60,0,5,1,1,1,0,0.875,0.5625,0.0
19374,498079,1,attribute,bicycle,64,0.741026,1,7,57,0,5,1,1,1,0,1.0,1.0,0.000992
19375,498079,1,attribute,bicycle,64,0.741026,1,7,57,0,5,1,1,1,0,1.0,1.0,0.000992
82583,498729,1,spatial,chair,64,0.895767,1,4,60,0,5,1,1,1,0,1.0,0.833333,0.000992
82584,498729,1,spatial,chair,64,0.895767,1,4,60,0,5,1,1,1,0,1.0,0.833333,0.000992
37349,498729,1,spatial,bed,64,0.700438,1,3,61,0,1,1,1,0,0,1.0,0.833333,0.000992
37350,498729,1,spatial,bed,64,0.700438,1,3,61,0,1,1,1,0,0,1.0,0.833333,0.000992
38900,498729,1,spatial,bed,64,0.554034,1,3,61,0,7,1,1,1,0,1.0,0.833333,0.000992
38901,498729,1,spatial,bed,64,0.554034,1,3,61,0,7,1,1,1,0,1.0,0.833333,0.000992
74362,499204,1,spatial,hot dog,64,0.796633,1,5,59,0,6,1,1,1,0,1.0,1.0,0.000496
74363,499204,1,spatial,hot dog,64,0.796633,1,5,59,0,6,1,1,1,0,1.0,1.0,0.000496
78661,499204,1,simple,hot dog,64,0.821503,1,7,57,0,4,1,1,1,0,1.0,1.0,0.000496
78662,499204,1,spatial,hot dog,64,0.821503,1,7,57,0,4,1,1,1,0,1.0,1.0,0.000496
35764,499760,1,spatial,person,64,0.771344,1,7,57,0,13,1,1,1,1,1.0,1.0,0.000992
35765,499760,1,spatial,person,64,0.771344,1,7,57,0,13,1,1,1,1,1.0,1.0,0.000992
37269,499760,1,spatial,person,64,0.881759,1,9,55,0,11,1,1,1,1,1.0,1.0,0.000992
37270,499760,1,spatial,person,64,0.881759,1,9,55,0,11,1,1,1,1,1.0,1.0,0.000992
98460,499760,1,spatial,bench,64,0.827958,1,6,58,0,2,1,1,0,0,1.0,1.0,0.000992
98461,499760,1,spatial,bench,64,0.827958,1,6,58,0,2,1,1,0,0,1.0,1.0,0.000992
80965,500904,1,spatial,spoon,64,0.860384,1,4,60,0,6,1,1,1,0,1.0,1.0,0.001488
80966,500904,1,spatial,spoon,64,0.860384,1,4,60,0,6,1,1,1,0,1.0,1.0,0.001488
39113,501972,1,attribute,truck,64,0.790783,1,6,58,0,4,1,1,1,0,0.769231,0.615385,0.001488
39114,501972,1,spatial,truck,64,0.790783,1,6,58,0,4,1,1,1,0,0.769231,0.615385,0.001488
98072,502114,1,spatial,person,64,0.887049,1,4,60,0,3,1,1,0,0,1.0,1.0,0.001488
98073,502114,1,spatial,person,64,0.887049,1,4,60,0,3,1,1,0,0,1.0,1.0,0.001488
22906,502838,1,attribute,couch,64,0.833194,1,8,56,0,1,1,1,0,0,1.0,0.857143,0.000496
22907,502838,1,spatial,couch,64,0.833194,1,8,56,0,1,1,1,0,0,1.0,0.857143,0.000496
66473,502838,1,spatial,chair,64,0.754374,1,12,52,0,4,1,1,1,0,1.0,0.857143,0.000496
66474,502838,1,simple,chair,64,0.754374,1,12,52,0,4,1,1,1,0,1.0,0.857143,0.000496
36469,502971,1,spatial,motorcycle,64,0.85638,1,4,60,0,19,1,1,1,1,1.0,1.0,0.003968
92810,503906,2,spatial,person,64,0.836041,1,10,54,0,8,1,1,1,0,1.0,1.0,0.0
92811,503906,2,attribute,person,64,0.836041,1,10,54,0,8,1,1,1,0,1.0,1.0,0.0
37582,503906,2,spatial,person,64,0.844702,1,8,56,0,10,1,1,1,1,1.0,1.0,0.0
37583,503906,2,simple,person,64,0.844702,1,8,56,0,10,1,1,1,1,1.0,1.0,0.0
47253,505347,1,spatial,horse,64,0.849973,1,11,53,6,1,1,1,0,0,1.0,0.666667,0.001984
47254,505347,1,spatial,horse,64,0.849973,1,11,53,6,1,1,1,0,0,1.0,0.666667,0.001984
81355,505347,1,spatial,horse,64,0.556983,1,1,63,6,11,1,1,1,1,1.0,0.666667,0.001984
71854,505479,1,spatial,horse,64,0.827282,1,16,48,0,6,1,1,1,0,1.0,1.0,0.0
71855,505479,1,simple,horse,64,0.827282,1,16,48,0,6,1,1,1,0,1.0,1.0,0.0
43814,505479,1,spatial,horse,64,0.847247,1,6,58,0,14,1,1,1,1,1.0,1.0,0.0
43815,505479,1,spatial,horse,64,0.847247,1,6,58,0,14,1,1,1,1,1.0,1.0,0.0
48518,505625,1,spatial,broccoli,64,0.721208,1,3,61,0,2,1,1,0,0,0.833333,0.833333,0.001984
48519,505625,1,spatial,broccoli,64,0.721208,1,3,61,0,2,1,1,0,0,0.833333,0.833333,0.001984
49070,505626,1,spatial,chair,64,0.690994,1,1,63,0,1,1,1,0,0,0.8,0.6,0.001984
49071,505626,1,spatial,chair,64,0.690994,1,1,63,0,1,1,1,0,0,0.8,0.6,0.001984
79468,505626,1,spatial,knife,64,0.766897,1,3,61,0,2,1,1,0,0,0.8,0.6,0.001984
79469,505626,1,spatial,knife,64,0.766897,1,3,61,0,2,1,1,0,0,0.8,0.6,0.001984
25824,505980,1,spatial,person,64,0.84419,1,3,61,0,4,1,1,1,0,0.75,0.625,0.002976
25825,505980,1,spatial,person,64,0.84419,1,3,61,0,4,1,1,1,0,0.75,0.625,0.002976
37818,506640,1,spatial,zebra,64,0.88135,1,7,57,0,28,1,1,1,1,1.0,1.0,0.000496
37819,506640,1,spatial,zebra,64,0.88135,1,7,57,0,28,1,1,1,1,1.0,1.0,0.000496
93316,506640,1,spatial,zebra,64,0.878997,1,16,48,0,19,1,1,1,1,1.0,1.0,0.000496
93317,506640,1,spatial,zebra,64,0.878997,1,16,48,0,19,1,1,1,1,1.0,1.0,0.000496
41090,506640,1,spatial,zebra,64,0.801823,1,15,49,0,20,1,1,1,1,1.0,1.0,0.000496
41091,506640,1,spatial,zebra,64,0.801823,1,15,49,0,20,1,1,1,1,1.0,1.0,0.000496
14069,507881,1,spatial,bowl,64,0.84532,1,3,61,0,3,1,1,0,0,1.0,0.8,0.000496
14070,507881,1,simple,bowl,64,0.84532,1,3,61,0,3,1,1,0,0,1.0,0.8,0.000496
68773,509579,1,spatial,bird,64,0.829659,1,9,55,0,10,1,1,1,1,1.0,1.0,0.001984
68774,509579,1,spatial,bird,64,0.829659,1,9,55,0,10,1,1,1,1,1.0,1.0,0.001984
5602,509740,1,spatial,cake,64,0.847909,1,1,63,0,4,1,1,1,0,0.695652,0.565217,0.001488
5603,509740,1,simple,cake,64,0.847909,1,1,63,0,4,1,1,1,0,0.695652,0.565217,0.001488
29806,510061,1,spatial,person,64,0.891262,1,7,57,0,5,1,1,1,0,1.0,1.0,0.001488
29807,510061,1,spatial,person,64,0.891262,1,7,57,0,5,1,1,1,0,1.0,1.0,0.001488
63885,510418,1,spatial,airplane,64,0.863783,1,8,56,0,14,1,1,1,1,1.0,1.0,0.00248
63886,510418,1,spatial,airplane,64,0.863783,1,8,56,0,14,1,1,1,1,1.0,1.0,0.00248
15724,511358,1,spatial,toothbrush,64,0.883163,1,7,57,0,8,1,1,1,0,1.0,0.75,0.001488
15725,511358,1,spatial,toothbrush,64,0.883163,1,7,57,0,8,1,1,1,0,1.0,0.75,0.001488
27522,511373,1,spatial,bus,64,0.745667,1,4,60,0,1,1,1,0,0,0.75,0.666667,0.000992
27523,511373,1,spatial,bus,64,0.745667,1,4,60,0,1,1,1,0,0,0.75,0.666667,0.000992
39863,511706,1,attribute,truck,64,0.812435,1,10,54,0,7,1,1,1,0,1.0,1.0,0.001488
39864,511706,1,attribute,truck,64,0.812435,1,10,54,0,7,1,1,1,0,1.0,1.0,0.001488
33595,512380,1,spatial,person,64,0.879345,1,10,54,0,11,1,1,1,1,1.0,1.0,0.002976
33596,512380,1,spatial,person,64,0.879345,1,10,54,0,11,1,1,1,1,1.0,1.0,0.002976
33023,512734,1,spatial,person,64,0.862474,1,7,57,0,1,1,1,0,0,1.0,1.0,0.001488
33024,512734,1,spatial,person,64,0.862474,1,7,57,0,1,1,1,0,0,1.0,1.0,0.001488
89611,512734,1,spatial,person,64,0.876277,1,1,63,0,7,1,1,1,0,1.0,1.0,0.001488
89612,512734,1,spatial,person,64,0.876277,1,1,63,0,7,1,1,1,0,1.0,1.0,0.001488
58123,512920,1,simple,zebra,64,0.84119,1,22,42,0,12,1,1,1,1,1.0,1.0,0.004464
58124,512920,1,spatial,zebra,64,0.84119,1,22,42,0,12,1,1,1,1,1.0,1.0,0.004464
31327,513324,1,spatial,person,64,0.833631,1,5,59,0,6,1,1,1,0,1.0,0.9,0.000496
31328,513324,1,spatial,person,64,0.833631,1,5,59,0,6,1,1,1,0,1.0,0.9,0.000496
20706,513445,1,spatial,donut,64,0.932997,1,8,56,0,0,1,1,0,0,0.5,0.5,0.001488
20707,513445,1,spatial,donut,64,0.932997,1,8,56,0,0,1,1,0,0,0.5,0.5,0.001488
88042,513541,1,spatial,airplane,64,0.799025,1,6,58,0,4,1,1,1,0,1.0,0.625,0.001984
88043,513541,1,spatial,airplane,64,0.799025,1,6,58,0,4,1,1,1,0,1.0,0.625,0.001984
2998,514404,1,attribute,person,64,0.870171,1,7,57,0,2,1,1,0,0,0.9,0.6,0.0
2999,514404,1,attribute,person,64,0.870171,1,7,57,0,2,1,1,0,0,0.9,0.6,0.0
83536,514404,1,spatial,chair,64,0.853472,1,4,60,0,4,1,1,1,0,0.9,0.6,0.0
83537,514404,1,spatial,chair,64,0.853472,1,4,60,0,4,1,1,1,0,0.9,0.6,0.0
27849,514404,1,attribute,chair,64,0.654225,1,1,63,0,7,1,1,1,0,0.9,0.6,0.0
27850,514404,1,spatial,chair,64,0.654225,1,1,63,0,7,1,1,1,0,0.9,0.6,0.0
8237,514771,1,spatial,airplane,64,0.814934,1,4,60,1,6,1,1,1,0,0.857143,0.857143,0.001488
8238,514771,1,spatial,airplane,64,0.814934,1,4,60,1,6,1,1,1,0,0.857143,0.857143,0.001488
45776,515252,2,spatial,bus,64,0.713413,1,4,60,0,12,1,1,1,1,0.875,0.75,0.000496
45777,515252,2,spatial,bus,64,0.713413,1,4,60,0,12,1,1,1,1,0.875,0.75,0.000496
27308,515252,2,attribute,person,64,0.936268,1,6,58,0,5,1,1,1,0,0.875,0.75,0.000496
27309,515252,2,spatial,person,64,0.936268,1,6,58,0,5,1,1,1,0,0.875,0.75,0.000496
37723,515252,2,spatial,bus,64,0.745861,1,6,58,0,10,1,1,1,1,0.875,0.75,0.000496
37724,515252,2,spatial,bus,64,0.745861,1,6,58,0,10,1,1,1,1,0.875,0.75,0.000496
25608,515252,2,spatial,bus,64,0.663955,1,6,58,0,10,1,1,1,1,0.875,0.75,0.000496
25609,515252,2,simple,bus,64,0.663955,1,6,58,0,10,1,1,1,1,0.875,0.75,0.000496
23865,515518,1,spatial,person,64,0.799617,1,5,59,0,1,1,1,0,0,0.818182,0.818182,0.000992
23866,515518,1,spatial,person,64,0.799617,1,5,59,0,1,1,1,0,0,0.818182,0.818182,0.000992
48673,515518,1,spatial,cake,64,0.970318,1,7,57,0,5,1,1,1,0,0.818182,0.818182,0.000992
48674,515518,1,spatial,cake,64,0.970318,1,7,57,0,5,1,1,1,0,0.818182,0.818182,0.000992
18328,515893,1,spatial,sink,64,0.871133,1,8,56,0,7,1,1,1,0,0.666667,0.666667,0.001488
18329,515893,1,spatial,sink,64,0.871133,1,8,56,0,7,1,1,1,0,0.666667,0.666667,0.001488
54441,515893,1,spatial,sink,64,0.942459,1,2,62,0,13,1,1,1,1,0.666667,0.666667,0.001488
54442,515893,1,simple,sink,64,0.942459,1,2,62,0,13,1,1,1,1,0.666667,0.666667,0.001488
16621,516439,1,attribute,refrigerator,64,0.880193,1,2,62,0,1,1,1,0,0,0.75,0.5625,0.0
16622,516439,1,spatial,refrigerator,64,0.880193,1,2,62,0,1,1,1,0,0,0.75,0.5625,0.0
36743,517101,1,spatial,knife,64,0.77128,1,7,57,0,0,1,1,0,0,0.8,0.4,0.0
36744,517101,1,simple,knife,64,0.77128,1,7,57,0,0,1,1,0,0,0.8,0.4,0.0
70368,517144,1,spatial,person,64,0.789918,1,10,54,0,12,1,1,1,1,1.0,1.0,0.003968
70369,517144,1,spatial,person,64,0.789918,1,10,54,0,12,1,1,1,1,1.0,1.0,0.003968
17989,517494,1,spatial,zebra,64,0.916647,1,15,49,0,15,1,1,1,1,1.0,1.0,0.000992
17990,517494,1,spatial,zebra,64,0.916647,1,15,49,0,15,1,1,1,1,1.0,1.0,0.000992
89947,517494,1,spatial,zebra,64,0.869079,1,15,49,0,15,1,1,1,1,1.0,1.0,0.000992
26001,518664,1,spatial,giraffe,64,0.871739,1,14,50,0,21,1,1,1,1,1.0,1.0,0.001984
26002,518664,1,spatial,giraffe,64,0.871739,1,14,50,0,21,1,1,1,1,1.0,1.0,0.001984
23701,519228,1,spatial,person,64,0.87962,1,2,62,33,3,1,1,0,0,0.705882,0.470588,0.000496
23702,519228,1,spatial,person,64,0.87962,1,2,62,33,3,1,1,0,0,0.705882,0.470588,0.000496
29786,519376,1,attribute,orange,64,0.966287,1,3,61,0,3,1,1,0,0,1.0,0.8,0.000992
29787,519376,1,spatial,orange,64,0.966287,1,3,61,0,3,1,1,0,0,1.0,0.8,0.000992
83582,519836,1,attribute,car,64,0.892564,1,6,58,0,9,1,1,1,1,1.0,1.0,0.001488
83583,519836,1,spatial,car,64,0.892564,1,6,58,0,9,1,1,1,1,1.0,1.0,0.001488
37307,519929,1,spatial,baseball bat,64,0.606806,1,2,62,0,7,1,1,1,0,1.0,0.333333,0.0
92070,519929,1,spatial,baseball bat,64,0.573817,1,7,57,0,2,1,1,0,0,1.0,0.333333,0.0
92071,519929,1,spatial,baseball bat,64,0.573817,1,7,57,0,2,1,1,0,0,1.0,0.333333,0.0
80371,520087,1,spatial,carrot,64,0.700659,1,7,57,0,9,1,1,1,1,1.0,1.0,0.001488
80372,520087,1,spatial,carrot,64,0.700659,1,7,57,0,9,1,1,1,1,1.0,1.0,0.001488
76047,520092,1,spatial,vase,64,0.81909,1,11,53,0,5,1,1,1,0,1.0,1.0,0.000496
76048,520092,1,spatial,vase,64,0.81909,1,11,53,0,5,1,1,1,0,1.0,1.0,0.000496
49786,520486,1,spatial,umbrella,64,0.843431,1,4,60,0,5,1,1,1,0,0.666667,0.533333,0.002976
49787,520486,1,spatial,umbrella,64,0.843431,1,4,60,0,5,1,1,1,0,0.666667,0.533333,0.002976
92145,520486,1,spatial,umbrella,64,0.809667,1,4,60,0,5,1,1,1,0,0.666667,0.533333,0.002976
83397,521797,1,spatial,person,64,0.778019,1,6,58,0,1,1,1,0,0,1.0,0.75,0.000496
83398,521797,1,spatial,person,64,0.778019,1,6,58,0,1,1,1,0,0,1.0,0.75,0.000496
100941,521847,1,spatial,person,64,0.943295,1,7,57,0,7,1,1,1,0,1.0,1.0,0.001488
100942,521847,1,spatial,person,64,0.943295,1,7,57,0,7,1,1,1,0,1.0,1.0,0.001488
73918,521923,1,spatial,person,64,0.778052,1,14,50,0,5,1,1,1,0,0.833333,0.833333,0.00496
73919,521923,1,spatial,person,64,0.778052,1,14,50,0,5,1,1,1,0,0.833333,0.833333,0.00496
25302,521923,1,spatial,person,64,0.848077,1,5,59,0,14,1,1,1,1,0.833333,0.833333,0.00496
25303,521923,1,spatial,person,64,0.848077,1,5,59,0,14,1,1,1,1,0.833333,0.833333,0.00496
97140,522687,1,spatial,boat,64,0.749647,1,8,56,0,5,1,1,1,0,1.0,1.0,0.001488
97141,522687,1,spatial,boat,64,0.749647,1,8,56,0,5,1,1,1,0,1.0,1.0,0.001488
45294,522996,1,spatial,dog,64,0.844962,1,15,49,0,5,1,1,1,0,1.0,1.0,0.001984
45295,522996,1,spatial,dog,64,0.844962,1,15,49,0,5,1,1,1,0,1.0,1.0,0.001984
9568,523505,2,spatial,remote,64,0.879277,1,11,53,0,10,1,1,1,1,1.0,1.0,0.000496
9569,523505,2,spatial,remote,64,0.879277,1,11,53,0,10,1,1,1,1,1.0,1.0,0.000496
47338,523617,1,spatial,airplane,64,0.765972,1,10,54,0,16,1,1,1,1,1.0,1.0,0.001488
47339,523617,1,simple,airplane,64,0.765972,1,10,54,0,16,1,1,1,1,1.0,1.0,0.001488
96225,524820,1,spatial,toilet,64,0.738543,1,11,53,0,8,1,1,1,0,1.0,1.0,0.000992
96226,524820,1,spatial,toilet,64,0.738543,1,11,53,0,8,1,1,1,0,1.0,1.0,0.000992
15700,525152,1,spatial,zebra,64,0.827731,1,13,51,0,7,1,1,1,0,1.0,0.666667,0.000992
15701,525152,1,spatial,zebra,64,0.827731,1,13,51,0,7,1,1,1,0,1.0,0.666667,0.000992
89443,525171,1,spatial,person,64,0.915557,1,3,61,9,2,1,1,0,0,0.666667,0.555556,0.001488
89444,525171,1,spatial,person,64,0.915557,1,3,61,9,2,1,1,0,0,0.666667,0.555556,0.001488
21105,525589,1,spatial,person,64,0.874335,1,7,57,0,8,1,1,1,0,1.0,1.0,0.00248
21106,525589,1,spatial,person,64,0.874335,1,7,57,0,8,1,1,1,0,1.0,1.0,0.00248
22261,525591,1,spatial,sheep,64,0.955939,1,1,63,14,1,1,1,0,0,1.0,0.666667,0.0
22262,525591,1,spatial,sheep,64,0.955939,1,1,63,14,1,1,1,0,0,1.0,0.666667,0.0
54427,526301,1,attribute,car,64,0.74672,1,5,59,0,6,1,1,1,0,1.0,0.5,0.001488
54428,526301,1,attribute,car,64,0.74672,1,5,59,0,6,1,1,1,0,1.0,0.5,0.001488
7860,526301,1,spatial,car,64,0.67513,1,3,61,0,8,1,1,1,0,1.0,0.5,0.001488
7861,526301,1,spatial,car,64,0.67513,1,3,61,0,8,1,1,1,0,1.0,0.5,0.001488
61645,526301,1,attribute,car,64,0.584117,1,3,61,0,8,1,1,1,0,1.0,0.5,0.001488
61646,526301,1,spatial,car,64,0.584117,1,3,61,0,8,1,1,1,0,1.0,0.5,0.001488
69755,527173,1,simple,person,64,0.82797,1,8,56,1,8,1,1,1,0,1.0,1.0,0.001488
69756,527173,1,spatial,person,64,0.82797,1,8,56,1,8,1,1,1,0,1.0,1.0,0.001488
18887,527173,1,spatial,person,64,0.834033,1,7,57,1,11,1,1,1,1,1.0,1.0,0.001488
18888,527173,1,spatial,person,64,0.834033,1,7,57,1,11,1,1,1,1,1.0,1.0,0.001488
96650,527879,1,spatial,giraffe,64,0.848408,1,13,51,3,22,1,1,1,1,1.0,1.0,0.003968
96651,527879,1,simple,giraffe,64,0.848408,1,13,51,3,22,1,1,1,1,1.0,1.0,0.003968
23436,528213,1,simple,person,64,0.850124,1,4,60,0,6,1,1,1,0,0.833333,0.666667,0.0
23437,528213,1,spatial,person,64,0.850124,1,4,60,0,6,1,1,1,0,0.833333,0.666667,0.0
36944,528418,1,simple,bird,64,0.721417,1,10,54,0,5,1,1,1,0,1.0,1.0,0.000992
36945,528418,1,spatial,bird,64,0.721417,1,10,54,0,5,1,1,1,0,1.0,1.0,0.000992
48849,530729,1,simple,oven,64,0.785777,1,3,61,0,2,1,1,0,0,0.692308,0.384615,0.0
48850,530729,1,spatial,oven,64,0.785777,1,3,61,0,2,1,1,0,0,0.692308,0.384615,0.0
38074,530796,1,spatial,person,64,0.809115,1,6,58,0,11,1,1,1,1,1.0,1.0,0.002976
38075,530796,1,spatial,person,64,0.809115,1,6,58,0,11,1,1,1,1,1.0,1.0,0.002976
80889,532419,2,spatial,zebra,64,0.880258,1,5,59,0,14,1,1,1,1,1.0,1.0,0.0
80890,532419,2,simple,zebra,64,0.880258,1,5,59,0,14,1,1,1,1,1.0,1.0,0.0
86538,532668,1,spatial,boat,64,0.855048,1,7,57,0,6,1,1,1,0,0.666667,0.666667,0.0
86539,532668,1,simple,boat,64,0.855048,1,7,57,0,6,1,1,1,0,0.666667,0.666667,0.0
98837,534292,2,spatial,person,64,0.937015,1,3,61,0,19,1,1,1,1,1.0,0.8,0.001488
98838,534292,2,simple,person,64,0.937015,1,3,61,0,19,1,1,1,1,1.0,0.8,0.001488
1434,534292,2,spatial,person,64,0.849968,1,6,58,0,16,1,1,1,1,1.0,0.8,0.001488
1435,534292,2,spatial,person,64,0.849968,1,6,58,0,16,1,1,1,1,1.0,0.8,0.001488
53376,534292,2,spatial,person,64,0.852507,1,12,52,0,10,1,1,1,1,1.0,0.8,0.001488
53377,534292,2,spatial,person,64,0.852507,1,12,52,0,10,1,1,1,1,1.0,0.8,0.001488
27037,534443,1,spatial,boat,64,0.776365,1,9,55,7,7,1,1,1,0,1.0,1.0,0.000496
27038,534443,1,spatial,boat,64,0.776365,1,9,55,7,7,1,1,1,0,1.0,1.0,0.000496
13081,534502,1,spatial,person,64,0.868961,1,2,62,0,5,1,1,1,0,1.0,1.0,0.000496
13082,534502,1,simple,person,64,0.868961,1,2,62,0,5,1,1,1,0,1.0,1.0,0.000496
13481,534573,1,spatial,airplane,64,0.742091,1,8,56,0,3,1,1,0,0,1.0,1.0,0.002976
13482,534573,1,simple,airplane,64,0.742091,1,8,56,0,3,1,1,0,0,1.0,1.0,0.002976
54610,534663,1,attribute,airplane,64,0.672233,1,4,60,0,5,1,1,1,0,1.0,0.5,0.0
54611,534663,1,spatial,airplane,64,0.672233,1,4,60,0,5,1,1,1,0,1.0,0.5,0.0
42828,535860,1,spatial,giraffe,64,0.958435,1,11,53,0,9,1,1,1,1,1.0,1.0,0.000496
42829,535860,1,spatial,giraffe,64,0.958435,1,11,53,0,9,1,1,1,1,1.0,1.0,0.000496
30127,537127,2,spatial,couch,64,0.807013,1,5,59,0,14,1,1,1,1,1.0,0.75,0.001984
28110,537127,2,attribute,couch,64,0.895624,1,4,60,0,17,1,1,1,1,1.0,0.75,0.001984
28111,537127,2,spatial,couch,64,0.895624,1,4,60,0,17,1,1,1,1,1.0,0.75,0.001984
85375,537127,2,spatial,couch,64,0.885023,1,12,52,0,7,1,1,1,0,1.0,0.75,0.001984
85376,537127,2,spatial,couch,64,0.885023,1,12,52,0,7,1,1,1,0,1.0,0.75,0.001984
23619,537188,2,spatial,suitcase,64,0.792194,1,9,55,0,26,1,1,1,1,1.0,1.0,0.000992
23620,537188,2,spatial,suitcase,64,0.792194,1,9,55,0,26,1,1,1,1,1.0,1.0,0.000992
72488,537188,2,spatial,suitcase,64,0.782315,1,10,54,0,25,1,1,1,1,1.0,1.0,0.000992
72489,537188,2,spatial,suitcase,64,0.782315,1,10,54,0,25,1,1,1,1,1.0,1.0,0.000992
74249,537188,2,spatial,suitcase,64,0.878417,1,11,53,0,24,1,1,1,1,1.0,1.0,0.000992
74250,537188,2,spatial,suitcase,64,0.878417,1,11,53,0,24,1,1,1,1,1.0,1.0,0.000992
14503,537188,2,spatial,suitcase,64,0.798314,1,6,58,0,29,1,1,1,1,1.0,1.0,0.000992
23253,537304,1,spatial,pizza,64,0.808923,1,2,62,0,1,1,1,0,0,0.52381,0.333333,0.000496
23254,537304,1,spatial,pizza,64,0.808923,1,2,62,0,1,1,1,0,0,0.52381,0.333333,0.000496
60857,537621,1,spatial,person,64,0.655198,1,7,57,0,3,1,1,0,0,1.0,0.8,0.001488
60858,537621,1,spatial,person,64,0.655198,1,7,57,0,3,1,1,0,0,1.0,0.8,0.001488
37160,537621,1,spatial,person,64,0.771513,1,3,61,0,7,1,1,1,0,1.0,0.8,0.001488
37161,537621,1,attribute,person,64,0.771513,1,3,61,0,7,1,1,1,0,1.0,0.8,0.001488
74286,537648,1,spatial,chair,64,0.93399,1,7,57,0,5,1,1,1,0,0.777778,0.777778,0.001984
74287,537648,1,spatial,chair,64,0.93399,1,7,57,0,5,1,1,1,0,0.777778,0.777778,0.001984
81397,538210,1,spatial,book,64,0.79083,1,1,63,0,2,1,1,0,0,0.9,0.8,0.00248
53766,538411,1,spatial,orange,64,0.942518,1,3,61,0,6,1,1,1,0,1.0,1.0,0.00248
53767,538411,1,spatial,orange,64,0.942518,1,3,61,0,6,1,1,1,0,1.0,1.0,0.00248
60571,538470,1,spatial,person,64,0.799533,1,6,58,0,10,1,1,1,1,0.875,0.75,0.00248
60572,538470,1,simple,person,64,0.799533,1,6,58,0,10,1,1,1,1,0.875,0.75,0.00248
70618,538872,2,spatial,person,64,0.769301,1,6,58,0,8,1,1,1,0,1.0,1.0,0.001984
70619,538872,2,spatial,person,64,0.769301,1,6,58,0,8,1,1,1,0,1.0,1.0,0.001984
31213,538872,2,spatial,person,64,0.700161,1,2,62,0,12,1,1,1,1,1.0,1.0,0.001984
31214,538872,2,spatial,person,64,0.700161,1,2,62,0,12,1,1,1,1,1.0,1.0,0.001984
52451,539255,1,simple,sheep,64,0.908676,1,7,57,0,10,1,1,1,1,1.0,1.0,0.000992
52452,539255,1,spatial,sheep,64,0.908676,1,7,57,0,10,1,1,1,1,1.0,1.0,0.000992
41305,539924,1,simple,person,64,0.831303,1,1,63,19,4,1,1,1,0,1.0,0.666667,0.0
41306,539924,1,spatial,person,64,0.831303,1,1,63,19,4,1,1,1,0,1.0,0.666667,0.0
61894,541706,1,spatial,broccoli,64,0.842807,1,9,55,0,7,1,1,1,0,1.0,1.0,0.000992
61895,541706,1,spatial,broccoli,64,0.842807,1,9,55,0,7,1,1,1,0,1.0,1.0,0.000992
77252,542112,1,simple,elephant,64,0.844054,1,8,56,0,11,1,1,1,1,1.0,0.5,0.001984
77253,542112,1,simple,elephant,64,0.844054,1,8,56,0,11,1,1,1,1,1.0,0.5,0.001984
9839,542391,1,spatial,couch,64,0.886988,1,2,62,0,3,1,1,0,0,1.0,0.777778,0.000496
9840,542391,1,spatial,couch,64,0.886988,1,2,62,0,3,1,1,0,0,1.0,0.777778,0.000496
29081,543490,2,spatial,bird,64,0.790918,1,16,48,0,14,1,1,1,1,1.0,0.75,0.0
29082,543490,2,simple,bird,64,0.790918,1,16,48,0,14,1,1,1,1,1.0,0.75,0.0
30645,543490,2,spatial,bird,64,0.921228,1,3,61,0,26,1,1,1,1,1.0,0.75,0.0
30646,543490,2,spatial,bird,64,0.921228,1,3,61,0,26,1,1,1,1,1.0,0.75,0.0
78694,543490,2,spatial,bird,64,0.820531,1,15,49,0,15,1,1,1,1,1.0,0.75,0.0
65064,543881,1,simple,person,64,0.822667,1,10,54,0,14,1,1,1,1,1.0,1.0,0.000992
65065,543881,1,attribute,person,64,0.822667,1,10,54,0,14,1,1,1,1,1.0,1.0,0.000992
44559,544001,1,spatial,person,64,0.874734,1,10,54,0,5,1,1,1,0,1.0,1.0,0.002976
44560,544001,1,spatial,person,64,0.874734,1,10,54,0,5,1,1,1,0,1.0,1.0,0.002976
103781,544026,1,attribute,cake,64,0.856333,1,5,59,0,18,1,1,1,1,1.0,1.0,0.002976
103782,544026,1,spatial,cake,64,0.856333,1,5,59,0,18,1,1,1,1,1.0,1.0,0.002976
732,544127,1,spatial,suitcase,64,0.777478,1,10,54,0,4,1,1,1,0,1.0,1.0,0.0
733,544127,1,spatial,suitcase,64,0.777478,1,10,54,0,4,1,1,1,0,1.0,1.0,0.0
78065,544215,1,spatial,elephant,64,0.929708,1,19,45,0,10,1,1,1,1,1.0,1.0,0.003472
78066,544215,1,spatial,elephant,64,0.929708,1,19,45,0,10,1,1,1,1,1.0,1.0,0.003472
28692,544703,1,spatial,chair,64,0.84145,1,5,59,0,6,1,1,1,0,1.0,1.0,0.001488
77091,544703,1,spatial,chair,64,0.862048,1,6,58,0,5,1,1,1,0,1.0,1.0,0.001488
77092,544703,1,spatial,chair,64,0.862048,1,6,58,0,5,1,1,1,0,1.0,1.0,0.001488
31713,545651,1,spatial,pizza,64,0.857411,1,3,61,0,4,1,1,1,0,1.0,1.0,0.000496
31714,545651,1,spatial,pizza,64,0.857411,1,3,61,0,4,1,1,1,0,1.0,1.0,0.000496
33272,545651,1,spatial,pizza,64,0.954992,1,4,60,0,3,1,1,0,0,1.0,1.0,0.000496
33273,545651,1,spatial,pizza,64,0.954992,1,4,60,0,3,1,1,0,0,1.0,1.0,0.000496
91735,546447,1,spatial,person,64,0.733269,1,14,50,0,3,1,1,0,0,1.0,1.0,0.001488
91736,546447,1,spatial,person,64,0.733269,1,14,50,0,3,1,1,0,0,1.0,1.0,0.001488
10659,546944,1,spatial,chair,64,0.799052,1,2,62,0,1,1,1,0,0,0.833333,0.75,0.000496
10660,546944,1,spatial,chair,64,0.799052,1,2,62,0,1,1,1,0,0,0.833333,0.75,0.000496
8638,546944,1,spatial,chair,64,0.218843,0,0,64,0,0,0,0,0,0,0.833333,0.75,0.000496
8639,546944,1,spatial,chair,64,0.218843,0,0,64,0,0,0,0,0,0,0.833333,0.75,0.000496
67848,547662,2,spatial,potted plant,64,0.822685,1,7,57,0,3,1,1,0,0,0.923077,0.923077,0.001984
67849,547662,2,spatial,potted plant,64,0.822685,1,7,57,0,3,1,1,0,0,0.923077,0.923077,0.001984
66403,547662,2,spatial,potted plant,64,0.911591,1,3,61,0,7,1,1,1,0,0.923077,0.923077,0.001984
66404,547662,2,spatial,potted plant,64,0.911591,1,3,61,0,7,1,1,1,0,0.923077,0.923077,0.001984
75674,547703,1,spatial,person,64,0.788745,1,9,55,0,2,1,1,0,0,1.0,0.75,0.000992
75675,547703,1,spatial,person,64,0.788745,1,9,55,0,2,1,1,0,0,1.0,0.75,0.000992
17822,547767,1,spatial,dining table,64,0.775384,1,2,62,0,2,1,1,0,0,0.357143,0.261905,0.000496
17823,547767,1,spatial,dining table,64,0.775384,1,2,62,0,2,1,1,0,0,0.357143,0.261905,0.000496
75321,547767,1,spatial,dining table,64,0.770924,1,2,62,0,2,1,1,0,0,0.357143,0.261905,0.000496
1674,548184,1,spatial,potted plant,64,0.724492,1,6,58,0,14,1,1,1,1,1.0,0.888889,0.001488
1675,548184,1,spatial,potted plant,64,0.724492,1,6,58,0,14,1,1,1,1,1.0,0.888889,0.001488
19466,548184,1,spatial,suitcase,64,0.869681,1,5,59,0,3,1,1,0,0,1.0,0.888889,0.001488
19467,548184,1,spatial,suitcase,64,0.869681,1,5,59,0,3,1,1,0,0,1.0,0.888889,0.001488
79607,550746,1,spatial,person,64,0.791799,1,10,54,0,5,1,1,1,0,1.0,1.0,0.000992
79608,550746,1,spatial,person,64,0.791799,1,10,54,0,5,1,1,1,0,1.0,1.0,0.000992
43230,551651,1,spatial,person,64,0.754429,1,12,52,0,8,1,1,1,0,1.0,0.8,0.001488
43231,551651,1,simple,person,64,0.754429,1,12,52,0,8,1,1,1,0,1.0,0.8,0.001488
219,553428,1,attribute,car,64,0.985753,1,4,60,0,3,1,1,0,0,1.0,1.0,0.001488
220,553428,1,attribute,car,64,0.985753,1,4,60,0,3,1,1,0,0,1.0,1.0,0.001488
56500,554310,1,spatial,zebra,64,0.873335,1,10,54,0,20,1,1,1,1,1.0,1.0,0.002976
56501,554310,1,simple,zebra,64,0.873335,1,10,54,0,20,1,1,1,1,1.0,1.0,0.002976
59026,554452,1,spatial,person,64,0.81032,1,10,54,0,13,1,1,1,1,1.0,1.0,0.002976
59027,554452,1,simple,person,64,0.81032,1,10,54,0,13,1,1,1,1,1.0,1.0,0.002976
64509,554756,1,attribute,truck,64,0.813505,1,11,53,0,5,1,1,1,0,1.0,1.0,0.000992
64510,554756,1,simple,truck,64,0.813505,1,11,53,0,5,1,1,1,0,1.0,1.0,0.000992
20149,555273,1,spatial,potted plant,64,0.780752,1,11,53,0,2,1,1,0,0,1.0,0.75,0.00248
20150,555273,1,spatial,potted plant,64,0.780752,1,11,53,0,2,1,1,0,0,1.0,0.75,0.00248
15806,555683,1,spatial,person,64,0.905377,1,3,61,0,2,1,1,0,0,1.0,0.875,0.003472
15807,555683,1,spatial,person,64,0.905377,1,3,61,0,2,1,1,0,0,1.0,0.875,0.003472
13191,555683,1,spatial,sports ball,64,0.587277,1,1,63,0,10,1,1,1,1,1.0,0.875,0.003472
29652,556360,1,spatial,book,64,0.883541,1,6,58,0,0,1,1,0,0,1.0,1.0,0.00248
29653,556360,1,simple,book,64,0.883541,1,6,58,0,0,1,1,0,0,1.0,1.0,0.00248
31145,556360,1,spatial,book,64,0.839566,1,4,60,0,3,1,1,0,0,1.0,1.0,0.00248
31146,556360,1,spatial,book,64,0.839566,1,4,60,0,3,1,1,0,0,1.0,1.0,0.00248
100645,556383,1,spatial,person,64,0.761988,1,4,60,0,5,1,1,1,0,0.777778,0.666667,0.000496
100646,556383,1,spatial,person,64,0.761988,1,4,60,0,5,1,1,1,0,0.777778,0.666667,0.000496
87321,556383,1,spatial,person,64,0.619052,1,5,59,0,4,1,1,1,0,0.777778,0.666667,0.000496
87322,556383,1,spatial,person,64,0.619052,1,5,59,0,4,1,1,1,0,0.777778,0.666667,0.000496
9343,556492,1,simple,bus,64,0.862952,1,2,62,0,4,1,1,1,0,0.866667,0.533333,0.001984
9344,556492,1,spatial,bus,64,0.862952,1,2,62,0,4,1,1,1,0,0.866667,0.533333,0.001984
28059,556492,1,simple,person,64,0.643487,1,4,60,0,5,1,1,1,0,0.866667,0.533333,0.001984
28060,556492,1,spatial,person,64,0.643487,1,4,60,0,5,1,1,1,0,0.866667,0.533333,0.001984
10837,556617,1,simple,dining table,64,0.380069,0,0,64,0,0,0,0,0,0,0.678571,0.642857,0.002976
10838,556617,1,spatial,dining table,64,0.380069,0,0,64,0,0,0,0,0,0,0.678571,0.642857,0.002976
75481,556617,1,spatial,dining table,64,0.855774,1,2,62,0,0,1,1,0,0,0.678571,0.642857,0.002976
75482,556617,1,spatial,dining table,64,0.855774,1,2,62,0,0,1,1,0,0,0.678571,0.642857,0.002976
37654,556783,1,spatial,sheep,64,0.798326,1,10,54,0,12,1,1,1,1,1.0,1.0,0.0
37655,556783,1,spatial,sheep,64,0.798326,1,10,54,0,12,1,1,1,1,1.0,1.0,0.0
24430,556783,1,attribute,sheep,64,0.857514,1,12,52,0,10,1,1,1,1,1.0,1.0,0.0
24431,556783,1,spatial,sheep,64,0.857514,1,12,52,0,10,1,1,1,1,1.0,1.0,0.0
63698,558018,1,simple,baseball bat,64,0.734754,1,6,58,0,7,1,1,1,0,1.0,1.0,0.000496
63699,558018,1,attribute,baseball bat,64,0.734754,1,6,58,0,7,1,1,1,0,1.0,1.0,0.000496
43005,558018,1,attribute,baseball bat,64,0.780479,1,7,57,0,6,1,1,1,0,1.0,1.0,0.000496
43006,558018,1,attribute,baseball bat,64,0.780479,1,7,57,0,6,1,1,1,0,1.0,1.0,0.000496
104446,558570,1,attribute,person,64,0.933387,1,7,57,0,4,1,1,1,0,1.0,1.0,0.001984
104447,558570,1,spatial,person,64,0.933387,1,7,57,0,4,1,1,1,0,1.0,1.0,0.001984
28475,558570,1,simple,car,64,0.748994,1,6,58,0,3,1,1,0,0,1.0,1.0,0.001984
28476,558570,1,spatial,car,64,0.748994,1,6,58,0,3,1,1,0,0,1.0,1.0,0.001984
101223,559301,1,spatial,cow,64,0.822459,1,21,43,0,11,1,1,1,1,1.0,1.0,0.000496
101224,559301,1,spatial,cow,64,0.822459,1,21,43,0,11,1,1,1,1,1.0,1.0,0.000496
36067,559544,1,attribute,sink,64,0.728063,1,6,58,0,1,1,1,0,0,0.8,0.8,0.001984
36068,559544,1,simple,sink,64,0.728063,1,6,58,0,1,1,1,0,0,0.8,0.8,0.001984
68593,559566,1,spatial,horse,64,0.756203,1,10,54,0,3,1,1,0,0,1.0,1.0,0.000992
68594,559566,1,spatial,horse,64,0.756203,1,10,54,0,3,1,1,0,0,1.0,1.0,0.000992
83359,559566,1,spatial,person,64,0.921898,1,5,59,0,14,1,1,1,1,1.0,1.0,0.000992
83360,559566,1,spatial,person,64,0.921898,1,5,59,0,14,1,1,1,1,1.0,1.0,0.000992
36561,559840,1,spatial,person,64,0.900059,1,8,56,0,5,1,1,1,0,1.0,1.0,0.001488
36562,559840,1,spatial,person,64,0.900059,1,8,56,0,5,1,1,1,0,1.0,1.0,0.001488
91648,560489,1,simple,potted plant,64,0.666297,1,2,62,0,1,1,1,0,0,1.0,0.888889,0.003472
91649,560489,1,spatial,potted plant,64,0.666297,1,2,62,0,1,1,1,0,0,1.0,0.888889,0.003472
84360,561082,1,spatial,cup,64,0.880318,1,5,59,0,5,1,1,1,0,0.857143,0.857143,0.001984
84361,561082,1,spatial,cup,64,0.880318,1,5,59,0,5,1,1,1,0,0.857143,0.857143,0.001984
69341,561163,1,spatial,wine glass,64,0.874511,1,4,60,0,6,1,1,1,0,0.666667,0.5,0.001488
69342,561163,1,spatial,wine glass,64,0.874511,1,4,60,0,6,1,1,1,0,0.666667,0.5,0.001488
5327,561354,1,spatial,bus,64,0.784046,1,8,56,2,2,1,1,0,0,1.0,0.571429,0.000496
5328,561354,1,simple,bus,64,0.784046,1,8,56,2,2,1,1,0,0,1.0,0.571429,0.000496
7378,561543,1,spatial,knife,64,0.834665,1,7,57,0,5,1,1,1,0,1.0,0.928571,0.004464
7379,561543,1,spatial,knife,64,0.834665,1,7,57,0,5,1,1,1,0,1.0,0.928571,0.004464
32177,561590,2,spatial,person,64,0.915075,1,7,57,0,15,1,1,1,1,0.857143,0.857143,0.001984
32178,561590,2,spatial,person,64,0.915075,1,7,57,0,15,1,1,1,1,0.857143,0.857143,0.001984
38835,561590,2,spatial,person,64,0.736905,1,7,57,0,15,1,1,1,1,0.857143,0.857143,0.001984
38836,561590,2,spatial,person,64,0.736905,1,7,57,0,15,1,1,1,1,0.857143,0.857143,0.001984
84451,561590,2,spatial,handbag,64,0.783308,1,4,60,0,0,1,1,0,0,0.857143,0.857143,0.001984
84452,561590,2,spatial,handbag,64,0.783308,1,4,60,0,0,1,1,0,0,0.857143,0.857143,0.001984
97957,561913,1,attribute,person,64,0.954656,1,11,53,0,15,1,1,1,1,1.0,1.0,0.003968
97958,561913,1,spatial,person,64,0.954656,1,11,53,0,15,1,1,1,1,1.0,1.0,0.003968
53733,561913,1,spatial,person,64,0.909371,1,4,60,0,22,1,1,1,1,1.0,1.0,0.003968
53734,561913,1,spatial,person,64,0.909371,1,4,60,0,22,1,1,1,1,1.0,1.0,0.003968
33710,562330,1,spatial,truck,64,0.879581,1,2,62,0,0,1,1,0,0,0.777778,0.666667,0.003472
33711,562330,1,spatial,truck,64,0.879581,1,2,62,0,0,1,1,0,0,0.777778,0.666667,0.003472
42856,562348,1,spatial,person,64,0.871165,1,10,54,0,6,1,1,1,0,1.0,0.75,0.0
42857,562348,1,spatial,person,64,0.871165,1,10,54,0,6,1,1,1,0,1.0,0.75,0.0
45067,562401,1,simple,broccoli,64,0.707752,1,11,53,0,3,1,1,0,0,1.0,1.0,0.001984
45068,562401,1,spatial,broccoli,64,0.707752,1,11,53,0,3,1,1,0,0,1.0,1.0,0.001984
73346,564073,1,spatial,airplane,64,0.813332,1,6,58,0,18,1,1,1,1,1.0,1.0,0.000992
73347,564073,1,spatial,airplane,64,0.813332,1,6,58,0,18,1,1,1,1,1.0,1.0,0.000992
68573,564253,1,spatial,person,64,0.93132,1,4,60,0,10,1,1,1,1,0.666667,0.666667,0.0
68574,564253,1,spatial,person,64,0.93132,1,4,60,0,10,1,1,1,1,0.666667,0.666667,0.0
8257,564302,1,attribute,chair,64,0.871122,1,6,58,0,8,1,1,1,0,0.857143,0.714286,0.000992
8258,564302,1,spatial,chair,64,0.871122,1,6,58,0,8,1,1,1,0,0.857143,0.714286,0.000992
59317,564302,1,spatial,chair,64,0.78254,1,8,56,0,6,1,1,1,0,0.857143,0.714286,0.000992
59318,564302,1,spatial,chair,64,0.78254,1,8,56,0,6,1,1,1,0,0.857143,0.714286,0.000992
26528,564421,1,simple,person,64,0.733532,1,2,62,0,1,1,1,0,0,1.0,0.8125,0.001488
26529,564421,1,spatial,person,64,0.733532,1,2,62,0,1,1,1,0,0,1.0,0.8125,0.001488
84147,565115,1,spatial,person,64,0.889593,1,8,56,0,7,1,1,1,0,1.0,1.0,0.001984
84148,565115,1,simple,person,64,0.889593,1,8,56,0,7,1,1,1,0,1.0,1.0,0.001984
57289,565938,1,simple,person,64,0.819435,1,9,55,0,7,1,1,1,0,0.8,0.7,0.0
57290,565938,1,spatial,person,64,0.819435,1,9,55,0,7,1,1,1,0,0.8,0.7,0.0
28903,566308,1,simple,person,64,0.942191,1,6,58,5,4,1,1,1,0,0.8,0.8,0.000992
28904,566308,1,spatial,person,64,0.942191,1,6,58,5,4,1,1,1,0,0.8,0.8,0.000992
34262,566584,2,attribute,person,64,0.822211,1,9,55,0,8,1,1,1,0,1.0,1.0,0.0
34263,566584,2,spatial,person,64,0.822211,1,9,55,0,8,1,1,1,0,1.0,1.0,0.0
81719,566584,2,spatial,person,64,0.708081,1,8,56,0,9,1,1,1,1,1.0,1.0,0.0
81720,566584,2,spatial,person,64,0.708081,1,8,56,0,9,1,1,1,1,1.0,1.0,0.0
85,566681,1,spatial,person,64,0.763962,1,10,54,0,6,1,1,1,0,1.0,1.0,0.000496
86,566681,1,spatial,person,64,0.763962,1,10,54,0,6,1,1,1,0,1.0,1.0,0.000496
22324,566992,2,attribute,refrigerator,64,0.890434,1,5,59,0,5,1,1,1,0,1.0,1.0,0.0
22325,566992,2,spatial,refrigerator,64,0.890434,1,5,59,0,5,1,1,1,0,1.0,1.0,0.0
6305,567268,1,simple,person,64,0.831638,1,9,55,0,2,1,1,0,0,1.0,1.0,0.00248
6306,567268,1,simple,person,64,0.831638,1,9,55,0,2,1,1,0,0,1.0,1.0,0.00248
6307,567268,1,simple,person,64,0.831638,1,9,55,0,2,1,1,0,0,1.0,1.0,0.00248
36929,567616,2,spatial,orange,64,0.969785,1,10,54,0,9,1,1,1,1,1.0,1.0,0.002976
36930,567616,2,spatial,orange,64,0.969785,1,10,54,0,9,1,1,1,1,1.0,1.0,0.002976
92302,567616,2,spatial,orange,64,0.967955,1,9,55,0,10,1,1,1,1,1.0,1.0,0.002976
92303,567616,2,attribute,orange,64,0.967955,1,9,55,0,10,1,1,1,1,1.0,1.0,0.002976
61767,568974,1,spatial,person,64,0.807085,1,11,53,0,4,1,1,1,0,1.0,1.0,0.004464
61768,568974,1,spatial,person,64,0.807085,1,11,53,0,4,1,1,1,0,1.0,1.0,0.004464
63041,568974,1,spatial,person,64,0.778835,1,4,60,0,11,1,1,1,1,1.0,1.0,0.004464
63042,568974,1,spatial,person,64,0.778835,1,4,60,0,11,1,1,1,1,1.0,1.0,0.004464
30910,569062,1,attribute,person,64,0.870686,1,6,58,0,1,1,1,0,0,0.714286,0.428571,0.001488
30911,569062,1,spatial,person,64,0.870686,1,6,58,0,1,1,1,0,0,0.714286,0.428571,0.001488
42051,570822,1,simple,chair,64,0.865893,1,4,60,0,7,1,1,1,0,1.0,1.0,0.0
42052,570822,1,attribute,chair,64,0.865893,1,4,60,0,7,1,1,1,0,1.0,1.0,0.0
101024,571441,1,simple,elephant,64,0.838803,1,15,49,0,13,1,1,1,1,1.0,1.0,0.003968
101025,571441,1,spatial,elephant,64,0.838803,1,15,49,0,13,1,1,1,1,1.0,1.0,0.003968
28335,572439,1,spatial,person,64,0.86058,1,9,55,0,10,1,1,1,1,1.0,1.0,0.001488
28336,572439,1,spatial,person,64,0.86058,1,9,55,0,10,1,1,1,1,1.0,1.0,0.001488
7146,572923,1,simple,potted plant,64,0.642559,1,3,61,0,6,1,1,1,0,0.916667,0.416667,0.0
13585,573485,1,spatial,truck,64,0.909949,1,2,62,0,3,1,1,0,0,0.846154,0.769231,0.0
13586,573485,1,spatial,truck,64,0.909949,1,2,62,0,3,1,1,0,0,0.846154,0.769231,0.0
25337,573815,1,attribute,tv,64,0.853673,1,7,57,0,2,1,1,0,0,0.75,0.75,0.002976
25338,573815,1,spatial,tv,64,0.853673,1,7,57,0,2,1,1,0,0,0.75,0.75,0.002976
104067,574248,1,spatial,snowboard,64,0.588625,1,1,63,0,4,1,1,1,0,0.782609,0.478261,0.000992
8176,574497,1,spatial,snowboard,64,0.800323,1,4,60,0,5,1,1,1,0,1.0,0.8,0.001488
8177,574497,1,attribute,snowboard,64,0.800323,1,4,60,0,5,1,1,1,0,1.0,0.8,0.001488
83627,576188,2,attribute,person,64,0.806055,1,9,55,0,19,1,1,1,1,1.0,1.0,0.001984
83628,576188,2,spatial,person,64,0.806055,1,9,55,0,19,1,1,1,1,1.0,1.0,0.001984
26399,576188,2,spatial,person,64,0.835904,1,8,56,0,20,1,1,1,1,1.0,1.0,0.001984
26400,576188,2,spatial,person,64,0.835904,1,8,56,0,20,1,1,1,1,1.0,1.0,0.001984
35041,576188,2,spatial,person,64,0.780791,1,12,52,0,16,1,1,1,1,1.0,1.0,0.001984
35042,576188,2,spatial,person,64,0.780791,1,12,52,0,16,1,1,1,1,1.0,1.0,0.001984
103343,576376,1,simple,tv,64,0.895961,1,16,48,0,0,1,1,0,0,0.6,0.4,0.001488
103344,576376,1,spatial,tv,64,0.895961,1,16,48,0,0,1,1,0,0,0.6,0.4,0.001488
32215,576376,1,spatial,person,64,0.755171,1,10,54,0,3,1,1,0,0,0.6,0.4,0.001488
32216,576376,1,simple,person,64,0.755171,1,10,54,0,3,1,1,0,0,0.6,0.4,0.001488
60338,576376,1,spatial,tv,64,0.299374,0,0,64,0,0,0,0,0,0,0.6,0.4,0.001488
60339,576376,1,spatial,tv,64,0.299374,0,0,64,0,0,0,0,0,0,0.6,0.4,0.001488
72256,576749,1,spatial,boat,64,0.433351,0,0,64,0,0,0,0,0,0,0.722222,0.555556,0.000496
72257,576749,1,simple,boat,64,0.433351,0,0,64,0,0,0,0,0,0,0.722222,0.555556,0.000496
93474,576749,1,spatial,bench,64,0.934117,1,1,63,0,1,1,1,0,0,0.722222,0.555556,0.000496
93475,576749,1,simple,bench,64,0.934117,1,1,63,0,1,1,1,0,0,0.722222,0.555556,0.000496
51563,576749,1,spatial,bench,64,0.724647,1,1,63,0,1,1,1,0,0,0.722222,0.555556,0.000496
57542,576758,2,attribute,train,64,0.78918,1,6,58,3,5,1,1,1,0,1.0,1.0,0.0
57543,576758,2,spatial,train,64,0.78918,1,6,58,3,5,1,1,1,0,1.0,1.0,0.0
72667,576896,1,attribute,person,64,0.818402,1,2,62,17,10,1,1,1,1,0.875,0.8125,0.000992
72668,576896,1,spatial,person,64,0.818402,1,2,62,17,10,1,1,1,1,0.875,0.8125,0.000992
63160,576896,1,spatial,handbag,64,0.80463,1,4,60,17,0,1,1,0,0,0.875,0.8125,0.000992
63161,576896,1,attribute,handbag,64,0.80463,1,4,60,17,0,1,1,0,0,0.875,0.8125,0.000992
66812,578619,2,attribute,teddy bear,64,0.86032,1,7,57,0,12,1,1,1,1,1.0,1.0,0.000496
66813,578619,2,spatial,teddy bear,64,0.86032,1,7,57,0,12,1,1,1,1,1.0,1.0,0.000496
44209,578619,2,spatial,teddy bear,64,0.795797,1,13,51,0,7,1,1,1,0,1.0,1.0,0.000496
44210,578619,2,spatial,teddy bear,64,0.795797,1,13,51,0,7,1,1,1,0,1.0,1.0,0.000496
91377,579937,1,spatial,person,64,0.704857,1,2,62,0,8,1,1,1,0,0.75,0.625,0.001488
91378,579937,1,spatial,person,64,0.704857,1,2,62,0,8,1,1,1,0,0.75,0.625,0.001488
44034,580446,1,spatial,couch,64,0.830159,1,7,57,0,1,1,1,0,0,0.875,0.5,0.001488
44035,580446,1,spatial,couch,64,0.830159,1,7,57,0,1,1,1,0,0,0.875,0.5,0.001488
43297,580511,1,spatial,boat,64,0.692656,1,4,60,9,14,1,1,1,1,1.0,0.8,0.000992
43298,580511,1,spatial,boat,64,0.692656,1,4,60,9,14,1,1,1,1,1.0,0.8,0.000992
89228,580511,1,attribute,boat,64,0.813637,1,4,60,9,14,1,1,1,1,1.0,0.8,0.000992
89229,580511,1,spatial,boat,64,0.813637,1,4,60,9,14,1,1,1,1,1.0,0.8,0.000992
48671,580706,1,spatial,cat,64,0.860335,1,7,57,0,13,1,1,1,1,1.0,1.0,0.000992
48672,580706,1,spatial,cat,64,0.860335,1,7,57,0,13,1,1,1,1,1.0,1.0,0.000992
