eval_split,K_lo,K_hi,metric,diff_kind,diff,ci_low,ci_high,mean_lo,mean_hi,n,n_clusters,resample_unit,n_replicates,ci_level,scorer,model,row_kind,worsening,worsening_ci_low,worsening_ci_high,K,model_a,model_b,mean_a,mean_b,reduction,reduction_ci_low,reduction_ci_high,seed,replicates,ci
testA,5,20,auroc_correct,absolute,0.05061756177742904,0.0356147444988084,0.06580870403025488,0.8653314402436385,0.8147138784662095,5646,750,image,5000,0.95,b3_seed1,msp,cross_k,,,,,,,,,,,,,,
testA,5,20,e_aurc,absolute,-0.05394523097447956,-0.06118424140098985,-0.04693449175582652,0.027618617606241375,0.08156384858072094,5646,750,image,5000,0.95,b3_seed1,msp,cross_k,,,,,,,,,,,,,,
testA,5,20,e_aurc,relative,-0.6613865323077763,-0.7069668400625707,-0.612217335399047,0.027618617606241375,0.08156384858072094,5646,750,image,5000,0.95,b3_seed1,msp,cross_k,1.9532198078693408,1.5787640637031777,2.412583068119416,,,,,,,,,,,
testA,5,20,rer_at_50,absolute,0.2994530268148099,0.25761409407930913,0.3490718498417181,0.8790243902439027,0.5795713634290928,5646,750,image,5000,0.95,b3_seed1,msp,cross_k,,,,,,,,,,,,,,
testA,5,20,rer_at_80,absolute,0.24143437305608234,0.20308471112912058,0.28348530155232776,0.47197460002051866,0.23054022696443632,5646,750,image,5000,0.95,b3_seed1,msp,cross_k,,,,,,,,,,,,,,
testB,5,20,auroc_correct,absolute,0.04077173261316169,0.02149217195788985,0.06019317237289819,0.8115017160920488,0.7707299834788871,4640,740,image,5000,0.95,b3_seed1,msp,cross_k,,,,,,,,,,,,,,
testB,5,20,e_aurc,absolute,-0.07018234911912409,-0.08168552220430086,-0.05949800079917309,0.054141213826351606,0.1243235629454757,4640,740,image,5000,0.95,b3_seed1,msp,cross_k,,,,,,,,,,,,,,
testB,5,20,e_aurc,relative,-0.5645136565938333,-0.6177974737253964,-0.5058319928497618,0.054141213826351606,0.1243235629454757,4640,740,image,5000,0.95,b3_seed1,msp,cross_k,1.2962832592601563,1.0236032797161176,1.6164138938252943,,,,,,,,,,,
testB,5,20,rer_at_50,absolute,0.358577504987501,0.30437228720130793,0.40987318459556527,0.7433247200689064,0.38474721508140536,4640,740,image,5000,0.95,b3_seed1,msp,cross_k,,,,,,,,,,,,,,
testB,5,20,rer_at_80,absolute,0.15224470749221153,0.12092213422651167,0.1904661127430257,0.29909560723514217,0.14685089974293064,4640,740,image,5000,0.95,b3_seed1,msp,cross_k,,,,,,,,,,,,,,
__pooled_test__,5,20,auroc_correct,absolute,0.04321060342821992,0.031520663563086984,0.05524731376035584,0.8427362678323337,0.7995256644041138,10286,1490,image,5000,0.95,b3_seed1,msp,cross_k,,,,,,,,,,,,,,
__pooled_test__,5,20,e_aurc,absolute,-0.05956150118883881,-0.06591711454653008,-0.05372030741302633,0.037886644812753875,0.09744814600159268,10286,1490,image,5000,0.95,b3_seed1,msp,cross_k,,,,,,,,,,,,,,
__pooled_test__,5,20,e_aurc,relative,-0.6112122562892611,-0.6478434546391911,-0.5739120648616828,0.037886644812753875,0.09744814600159268,10286,1490,image,5000,0.95,b3_seed1,msp,cross_k,1.5720975421077261,1.3469333851834568,1.839646211815914,,,,,,,,,,,
__pooled_test__,5,20,rer_at_50,absolute,0.33261870274742733,0.2977156496497524,0.3675674899795084,0.8307410795974383,0.49812237685001093,10286,1490,image,5000,0.95,b3_seed1,msp,cross_k,,,,,,,,,,,,,,
__pooled_test__,5,20,rer_at_80,absolute,0.20191486388243127,0.17609188485944624,0.2282768968673212,0.389310359664574,0.18739549578214273,10286,1490,image,5000,0.95,b3_seed1,msp,cross_k,,,,,,,,,,,,,,
testA,5,50,auroc_correct,absolute,0.06215368493285789,0.04471942088587677,0.07979673190502123,0.8653314402436385,0.8031777553107806,5646,750,image,5000,0.95,b3_seed1,msp,cross_k,,,,,,,,,,,,,,
testA,5,50,e_aurc,absolute,-0.07986804048908872,-0.08932933473063454,-0.07045733890636217,0.027618617606241375,0.10748665809533009,5646,750,image,5000,0.95,b3_seed1,msp,cross_k,,,,,,,,,,,,,,
testA,5,50,e_aurc,relative,-0.7430507367551945,-0.7825324249354062,-0.7013537167540165,0.027618617606241375,0.10748665809533009,5646,750,image,5000,0.95,b3_seed1,msp,cross_k,2.891818903747007,2.3484428104412007,3.598386677659751,,,,,,,,,,,
testA,5,50,rer_at_50,absolute,0.4407760152866669,0.3983292201787692,0.49367446504119944,0.8790243902439027,0.4382483749572358,5646,750,image,5000,0.95,b3_seed1,msp,cross_k,,,,,,,,,,,,,,
testA,5,50,rer_at_80,absolute,0.3293605152890321,0.2871914369931202,0.3701618673407684,0.47197460002051866,0.1426140847314866,5646,750,image,5000,0.95,b3_seed1,msp,cross_k,,,,,,,,,,,,,,
testB,5,50,auroc_correct,absolute,0.0506777574420032,0.027972758911770576,0.07310730765913745,0.8115017160920488,0.7608239586500456,4640,740,image,5000,0.95,b3_seed1,msp,cross_k,,,,,,,,,,,,,,
testB,5,50,e_aurc,absolute,-0.09699261444992476,-0.11150837403163928,-0.08250729474723772,0.054141213826351606,0.15113382827627636,4640,740,image,5000,0.95,b3_seed1,msp,cross_k,,,,,,,,,,,,,,
testB,5,50,e_aurc,relative,-0.6417664103143068,-0.6932313927311183,-0.5848706121287801,0.054141213826351606,0.15113382827627636,4640,740,image,5000,0.95,b3_seed1,msp,cross_k,1.7914746935857677,1.408887516077799,2.2597859634428086,,,,,,,,,,,
testB,5,50,rer_at_50,absolute,0.48446184381472585,0.4304344502287054,0.5366749868280456,0.7433247200689064,0.25886287625418053,4640,740,image,5000,0.95,b3_seed1,msp,cross_k,,,,,,,,,,,,,,
testB,5,50,rer_at_80,absolute,0.21172102529534295,0.17742837175495096,0.2524908118963184,0.29909560723514217,0.08737458193979922,4640,740,image,5000,0.95,b3_seed1,msp,cross_k,,,,,,,,,,,,,,
__pooled_test__,5,50,auroc_correct,absolute,0.05210746538860633,0.03824876103715409,0.06641694585238624,0.8427362678323337,0.7906288024437274,10286,1490,image,5000,0.95,b3_seed1,msp,cross_k,,,,,,,,,,,,,,
__pooled_test__,5,50,e_aurc,absolute,-0.08484073891202705,-0.09321854854141459,-0.07706671217311202,0.037886644812753875,0.12272738372478093,10286,1490,image,5000,0.95,b3_seed1,msp,cross_k,,,,,,,,,,,,,,
__pooled_test__,5,50,e_aurc,relative,-0.6912942844303145,-0.7242968051040429,-0.6562219682824806,0.037886644812753875,0.12272738372478093,10286,1490,image,5000,0.95,b3_seed1,msp,cross_k,2.2393310183927113,1.908853701337422,2.6270889076108563,,,,,,,,,,,
__pooled_test__,5,50,rer_at_50,absolute,0.47542229048869494,0.43916474369248315,0.5084377822406344,0.8307410795974383,0.3553187891087433,10286,1490,image,5000,0.95,b3_seed1,msp,cross_k,,,,,,,,,,,,,,
__pooled_test__,5,50,rer_at_80,absolute,0.26786164314419036,0.24113489591181927,0.2961456225814539,0.389310359664574,0.12144871652038362,10286,1490,image,5000,0.95,b3_seed1,msp,cross_k,,,,,,,,,,,,,,
testA,5,20,auroc_correct,absolute,0.04938919142984877,0.03473948630577413,0.06443556587930767,0.8655222974649136,0.8161331060350648,5646,750,image,5000,0.95,b3_seed1,stats_logistic,cross_k,,,,,,,,,,,,,,
testA,5,20,e_aurc,absolute,-0.05331219242663456,-0.06019854011237332,-0.04643274650052115,0.027524947400658813,0.08083713982729337,5646,750,image,5000,0.95,b3_seed1,stats_logistic,cross_k,,,,,,,,,,,,,,
testA,5,20,e_aurc,relative,-0.65950122110375,-0.7044848284361979,-0.6101630292778951,0.027524947400658813,0.08083713982729337,5646,750,image,5000,0.95,b3_seed1,stats_logistic,cross_k,1.9368680946274406,1.5651748682216433,2.383921017348169,,,,,,,,,,,
testA,5,20,rer_at_50,absolute,0.3095908266880204,0.2631892584874137,0.35111849939792944,0.8946341463414633,0.5850433196534429,5646,750,image,5000,0.95,b3_seed1,stats_logistic,cross_k,,,,,,,,,,,,,,
testA,5,20,rer_at_80,absolute,0.2319967786438263,0.19174954370226377,0.2759037488903071,0.4670967672262512,0.2350999885824249,5646,750,image,5000,0.95,b3_seed1,stats_logistic,cross_k,,,,,,,,,,,,,,
testB,5,20,auroc_correct,absolute,0.03621186359683459,0.01731312223404563,0.05578341188977437,0.8112417584131589,0.7750298948163243,4640,740,image,5000,0.95,b3_seed1,stats_logistic,cross_k,,,,,,,,,,,,,,
testB,5,20,e_aurc,absolute,-0.06708249222965232,-0.07838216816834767,-0.056745593775109696,0.0542693659282836,0.12135185815793592,4640,740,image,5000,0.95,b3_seed1,stats_logistic,cross_k,,,,,,,,,,,,,,
testB,5,20,e_aurc,relative,-0.5527932843215833,-0.6076057491060327,-0.49303343295595653,0.0542693659282836,0.12135185815793592,4640,740,image,5000,0.95,b3_seed1,stats_logistic,cross_k,1.236102377136691,0.9725166608730699,1.5484573174091172,,,,,,,,,,,
testB,5,20,rer_at_50,absolute,0.3577206069583665,0.303547538716876,0.4075189818610064,0.7433247200689064,0.3856041131105399,4640,740,image,5000,0.95,b3_seed1,stats_logistic,cross_k,,,,,,,,,,,,,,
testB,5,20,rer_at_80,absolute,0.15007478483445502,0.11511560810682257,0.18970818360569608,0.2937123169681311,0.14363753213367608,4640,740,image,5000,0.95,b3_seed1,stats_logistic,cross_k,,,,,,,,,,,,,,
__pooled_test__,5,20,auroc_correct,absolute,0.0406695527298242,0.029091242926414514,0.05272479168190855,0.8426160301808365,0.8019464774510123,10286,1490,image,5000,0.95,b3_seed1,stats_logistic,cross_k,,,,,,,,,,,,,,
__pooled_test__,5,20,e_aurc,absolute,-0.05815610683609202,-0.06428592854753142,-0.05241813124930802,0.03788259982665775,0.09603870666274977,10286,1490,image,5000,0.95,b3_seed1,stats_logistic,cross_k,,,,,,,,,,,,,,
__pooled_test__,5,20,e_aurc,relative,-0.6055486257255986,-0.64207986041245,-0.5676985075445771,0.03788259982665775,0.09603870666274977,10286,1490,image,5000,0.95,b3_seed1,stats_logistic,cross_k,1.5351667283185755,1.3132004340769554,1.7939193395273931,,,,,,,,,,,
__pooled_test__,5,20,rer_at_50,absolute,0.32693803631398566,0.2909509165586248,0.36057055186072207,0.8325709057639525,0.5056328694499669,10286,1490,image,5000,0.95,b3_seed1,stats_logistic,cross_k,,,,,,,,,,,,,,
__pooled_test__,5,20,rer_at_80,absolute,0.1948749586810771,0.16810877595074683,0.22028157833299816,0.38530771220919224,0.19043275352811515,10286,1490,image,5000,0.95,b3_seed1,stats_logistic,cross_k,,,,,,,,,,,,,,
testA,5,50,auroc_correct,absolute,0.058692224226327805,0.04178915658215402,0.07616654164802099,0.8655222974649136,0.8068300732385858,5646,750,image,5000,0.95,b3_seed1,stats_logistic,cross_k,,,,,,,,,,,,,,
testA,5,50,e_aurc,absolute,-0.07677339440037667,-0.08600969906948636,-0.06771818879657969,0.027524947400658813,0.10429834180103548,5646,750,image,5000,0.95,b3_seed1,stats_logistic,cross_k,,,,,,,,,,,,,,
testA,5,50,e_aurc,relative,-0.736094103459797,-0.775160692222532,-0.6935219999363534,0.027524947400658813,0.10429834180103548,5646,750,image,5000,0.95,b3_seed1,stats_logistic,cross_k,2.789229468192885,2.2628769431813347,3.447620880374432,,,,,,,,,,,
testA,5,50,rer_at_50,absolute,0.4495434860609296,0.40455299840231995,0.49089827531486885,0.8946341463414633,0.44509066028053373,5646,750,image,5000,0.95,b3_seed1,stats_logistic,cross_k,,,,,,,,,,,,,,
testA,5,50,rer_at_80,absolute,0.3197788196179797,0.27953289200927683,0.3648436215863727,0.4670967672262512,0.14731794760827152,5646,750,image,5000,0.95,b3_seed1,stats_logistic,cross_k,,,,,,,,,,,,,,
testB,5,50,auroc_correct,absolute,0.04485055541326033,0.021959954406710596,0.06742681379578988,0.8112417584131589,0.7663912029998986,4640,740,image,5000,0.95,b3_seed1,stats_logistic,cross_k,,,,,,,,,,,,,,
testB,5,50,e_aurc,absolute,-0.0911884632685517,-0.10588311727114359,-0.07719783091879853,0.0542693659282836,0.1454578291968353,4640,740,image,5000,0.95,b3_seed1,stats_logistic,cross_k,,,,,,,,,,,,,,
testB,5,50,e_aurc,relative,-0.6269065320997906,-0.6802406684620891,-0.5675576839282391,0.0542693659282836,0.1454578291968353,4640,740,image,5000,0.95,b3_seed1,stats_logistic,cross_k,1.6802935082944637,1.3124471469023784,2.1273520468985567,,,,,,,,,,,
testB,5,50,rer_at_50,absolute,0.4771039842829533,0.42431671216208144,0.5298196742469736,0.7433247200689064,0.26622073578595307,4640,740,image,5000,0.95,b3_seed1,stats_logistic,cross_k,,,,,,,,,,,,,,
testB,5,50,rer_at_80,absolute,0.20717385542966954,0.1699044243299812,0.24841892952462924,0.2937123169681311,0.08653846153846158,4640,740,image,5000,0.95,b3_seed1,stats_logistic,cross_k,,,,,,,,,,,,,,
__pooled_test__,5,50,auroc_correct,absolute,0.04794194873560753,0.03424982957338398,0.06210305249456031,0.8426160301808365,0.794674081445229,10286,1490,image,5000,0.95,b3_seed1,stats_logistic,cross_k,,,,,,,,,,,,,,
__pooled_test__,5,50,e_aurc,absolute,-0.08101380809154357,-0.08909783227848297,-0.0734323915774666,0.03788259982665775,0.11889640791820133,10286,1490,image,5000,0.95,b3_seed1,stats_logistic,cross_k,,,,,,,,,,,,,,
__pooled_test__,5,50,e_aurc,relative,-0.6813814606348719,-0.7151878427400953,-0.6459300193792247,0.03788259982665775,0.11889640791820133,10286,1490,image,5000,0.95,b3_seed1,stats_logistic,cross_k,2.1385493197997105,1.8243004341874562,2.511086077296385,,,,,,,,,,,
__pooled_test__,5,50,rer_at_50,absolute,0.47691387887404907,0.4388293247311773,0.5075625699839725,0.8325709057639525,0.35565702688990347,10286,1490,image,5000,0.95,b3_seed1,stats_logistic,cross_k,,,,,,,,,,,,,,
__pooled_test__,5,50,rer_at_80,absolute,0.2655501434914643,0.2361683036969237,0.2926992387710551,0.38530771220919224,0.11975756871772796,10286,1490,image,5000,0.95,b3_seed1,stats_logistic,cross_k,,,,,,,,,,,,,,
testA,5,20,auroc_correct,absolute,0.03389090417469054,0.019008629309899227,0.04913149704714288,0.8636390602815355,0.8297481561068449,5646,750,image,5000,0.95,b3_seed1,e1b_stats_semantic,cross_k,,,,,,,,,,,,,,
testA,5,20,e_aurc,absolute,-0.04717118190983752,-0.0541976072136126,-0.04045563898176579,0.028219116848434395,0.07539029875827191,5646,750,image,5000,0.95,b3_seed1,e1b_stats_semantic,cross_k,,,,,,,,,,,,,,
testA,5,20,e_aurc,relative,-0.6256929961384698,-0.6760397762450076,-0.5695454720694848,0.028219116848434395,0.07539029875827191,5646,750,image,5000,0.95,b3_seed1,e1b_stats_semantic,cross_k,1.671603762909915,1.3231257545545483,2.086798707597785,,,,,,,,,,,
testA,5,20,rer_at_50,absolute,0.2563349015159099,0.21071516363444998,0.3024761164944338,0.8751219512195122,0.6187870497036023,5646,750,image,5000,0.95,b3_seed1,e1b_stats_semantic,cross_k,,,,,,,,,,,,,,
testA,5,20,rer_at_80,absolute,0.22302294535222866,0.18315205341704036,0.2645555216738131,0.4780718910133533,0.2550489456611246,5646,750,image,5000,0.95,b3_seed1,e1b_stats_semantic,cross_k,,,,,,,,,,,,,,
testB,5,20,auroc_correct,absolute,0.02859472393484308,0.00967300639229185,0.0480223103787656,0.8189464088579712,0.7903516849231281,4640,740,image,5000,0.95,b3_seed1,e1b_stats_semantic,cross_k,,,,,,,,,,,,,,
testB,5,20,e_aurc,absolute,-0.06127762506234857,-0.0721449707164428,-0.051125600424619215,0.052410440598973096,0.11368806566132167,4640,740,image,5000,0.95,b3_seed1,e1b_stats_semantic,cross_k,,,,,,,,,,,,,,
testB,5,20,e_aurc,relative,-0.5389978684736837,-0.5987849990082608,-0.4753794347447308,0.052410440598973096,0.11368806566132167,4640,740,image,5000,0.95,b3_seed1,e1b_stats_semantic,cross_k,1.1691873672885935,0.9061395344145943,1.4924292400038885,,,,,,,,,,,
testB,5,20,rer_at_50,absolute,0.31571488987642504,0.2676150876987892,0.3726411975183217,0.7398794142980188,0.4241645244215938,4640,740,image,5000,0.95,b3_seed1,e1b_stats_semantic,cross_k,,,,,,,,,,,,,,
testB,5,20,rer_at_80,absolute,0.15715332717783845,0.12181576219727862,0.1910522838740021,0.31632213608957793,0.15916880891173948,4640,740,image,5000,0.95,b3_seed1,e1b_stats_semantic,cross_k,,,,,,,,,,,,,,
__pooled_test__,5,20,auroc_correct,absolute,0.028918234725374248,0.017324662878543978,0.040971604086446844,0.844946799498492,0.8160285647731178,10286,1490,image,5000,0.95,b3_seed1,e1b_stats_semantic,cross_k,,,,,,,,,,,,,,
__pooled_test__,5,20,e_aurc,absolute,-0.051948104635752085,-0.057963644170712134,-0.04619282473346952,0.03768562195204794,0.08963372658780003,10286,1490,image,5000,0.95,b3_seed1,e1b_stats_semantic,cross_k,,,,,,,,,,,,,,
__pooled_test__,5,20,e_aurc,relative,-0.579559799791061,-0.6203800979704281,-0.5383806948754271,0.03768562195204794,0.08963372658780003,10286,1490,image,5000,0.95,b3_seed1,e1b_stats_semantic,cross_k,1.3784595276642124,1.166287217407728,1.6342138403536637,,,,,,,,,,,
__pooled_test__,5,20,rer_at_50,absolute,0.29510079908876496,0.2613778077058927,0.3296212594856739,0.8188472095150959,0.523746410426331,10286,1490,image,5000,0.95,b3_seed1,e1b_stats_semantic,cross_k,,,,,,,,,,,,,,
__pooled_test__,5,20,rer_at_80,absolute,0.1842043898911746,0.16101297105794787,0.2128199717769566,0.3881667461058934,0.2039623562147188,10286,1490,image,5000,0.95,b3_seed1,e1b_stats_semantic,cross_k,,,,,,,,,,,,,,
testA,5,50,auroc_correct,absolute,0.03899467128844325,0.02142547965427114,0.05669777475323051,0.8636390602815355,0.8246443889930922,5646,750,image,5000,0.95,b3_seed1,e1b_stats_semantic,cross_k,,,,,,,,,,,,,,
testA,5,50,e_aurc,absolute,-0.06786141560589079,-0.07690021631946779,-0.058870775665771556,0.028219116848434395,0.09608053245432518,5646,750,image,5000,0.95,b3_seed1,e1b_stats_semantic,cross_k,,,,,,,,,,,,,,
testA,5,50,e_aurc,relative,-0.7062972474486524,-0.7512266591076154,-0.6572046390766357,0.028219116848434395,0.09608053245432518,5646,750,image,5000,0.95,b3_seed1,e1b_stats_semantic,cross_k,2.404802955754293,1.9171923368693462,3.019723320886639,,,,,,,,,,,
testA,5,50,rer_at_50,absolute,0.40403060671044605,0.3527873661269716,0.44597988128761584,0.8751219512195122,0.47109134450906615,5646,750,image,5000,0.95,b3_seed1,e1b_stats_semantic,cross_k,,,,,,,,,,,,,,
testA,5,50,rer_at_80,absolute,0.32006334595784347,0.2772858555060891,0.3618267619240769,0.4780718910133533,0.15800854505550982,5646,750,image,5000,0.95,b3_seed1,e1b_stats_semantic,cross_k,,,,,,,,,,,,,,
testB,5,50,auroc_correct,absolute,0.030665675098976553,0.00862197586813918,0.05250704221411763,0.8189464088579712,0.7882807337589947,4640,740,image,5000,0.95,b3_seed1,e1b_stats_semantic,cross_k,,,,,,,,,,,,,,
testB,5,50,e_aurc,absolute,-0.08184864603981823,-0.09581546856342364,-0.06849137672851571,0.052410440598973096,0.13425908663879133,4640,740,image,5000,0.95,b3_seed1,e1b_stats_semantic,cross_k,,,,,,,,,,,,,,
testB,5,50,e_aurc,relative,-0.6096320784605262,-0.6670716241393826,-0.5457753161264671,0.052410440598973096,0.13425908663879133,4640,740,image,5000,0.95,b3_seed1,e1b_stats_semantic,cross_k,1.5616858989241529,1.201553626439254,2.0036490503851088,,,,,,,,,,,
testB,5,50,rer_at_50,absolute,0.4469028256692564,0.3994266871797486,0.5045379561475672,0.7398794142980188,0.29297658862876247,4640,740,image,5000,0.95,b3_seed1,e1b_stats_semantic,cross_k,,,,,,,,,,,,,,
testB,5,50,rer_at_80,absolute,0.22434889194242086,0.18625772417971675,0.25865381998723874,0.31632213608957793,0.09197324414715709,4640,740,image,5000,0.95,b3_seed1,e1b_stats_semantic,cross_k,,,,,,,,,,,,,,
__pooled_test__,5,50,auroc_correct,absolute,0.03128576766596991,0.01761991402137032,0.045342842681601554,0.844946799498492,0.8136610318325221,10286,1490,image,5000,0.95,b3_seed1,e1b_stats_semantic,cross_k,,,,,,,,,,,,,,
__pooled_test__,5,50,e_aurc,absolute,-0.07191050482163824,-0.07991039829792171,-0.06454243523766927,0.03768562195204794,0.10959612677368619,10286,1490,image,5000,0.95,b3_seed1,e1b_stats_semantic,cross_k,,,,,,,,,,,,,,
__pooled_test__,5,50,e_aurc,relative,-0.6561409325179165,-0.6939298782215773,-0.6164433073743216,0.03768562195204794,0.10959612677368619,10286,1490,image,5000,0.95,b3_seed1,e1b_stats_semantic,cross_k,1.9081681844905958,1.6071765119111676,2.2672251515093746,,,,,,,,,,,
__pooled_test__,5,50,rer_at_50,absolute,0.423278124448294,0.3910061554060231,0.4601698308252476,0.8188472095150959,0.39556908506680194,10286,1490,image,5000,0.95,b3_seed1,e1b_stats_semantic,cross_k,,,,,,,,,,,,,,
__pooled_test__,5,50,rer_at_80,absolute,0.2550913884422522,0.23089306485690658,0.2857781453665466,0.3881667461058934,0.13307535766364118,10286,1490,image,5000,0.95,b3_seed1,e1b_stats_semantic,cross_k,,,,,,,,,,,,,,
testA,5,20,auroc_correct,absolute,0.04316202811417824,0.027510815297753777,0.05961382520188188,0.852504842685302,0.8093428145711238,5646,750,image,5000,0.95,b3_seed1,e2_combined,cross_k,,,,,,,,,,,,,,
testA,5,20,e_aurc,absolute,-0.05358440393296207,-0.06133325444904125,-0.04631865038952725,0.031023368650332034,0.0846077725832941,5646,750,image,5000,0.95,b3_seed1,e2_combined,cross_k,,,,,,,,,,,,,,
testA,5,20,e_aurc,relative,-0.6333272026539837,-0.683176665362046,-0.5768395936949691,0.031023368650332034,0.0846077725832941,5646,750,image,5000,0.95,b3_seed1,e2_combined,cross_k,1.7272271279408133,1.3631700534835955,2.156333169533544,,,,,,,,,,,
testA,5,20,rer_at_50,absolute,0.2701847341318827,0.22261438993939323,0.3111275058012657,0.8497560975609755,0.5795713634290928,5646,750,image,5000,0.95,b3_seed1,e2_combined,cross_k,,,,,,,,,,,,,,
testA,5,20,rer_at_80,absolute,0.22673470252296932,0.18723606237565288,0.27193287601785915,0.4475854360491801,0.2208507335262108,5646,750,image,5000,0.95,b3_seed1,e2_combined,cross_k,,,,,,,,,,,,,,
testB,5,20,auroc_correct,absolute,0.02869220721414889,0.0099139791480839,0.047792163171310714,0.7958802402207016,0.7671880330065527,4640,740,image,5000,0.95,b3_seed1,e2_combined,cross_k,,,,,,,,,,,,,,
testB,5,20,e_aurc,absolute,-0.06555079856765494,-0.07719979936595575,-0.05488113544939164,0.05975607594636545,0.1253068745140204,4640,740,image,5000,0.95,b3_seed1,e2_combined,cross_k,,,,,,,,,,,,,,
testB,5,20,e_aurc,relative,-0.5231221257563212,-0.5799192965199448,-0.4617007035110312,0.05975607594636545,0.1253068745140204,4640,740,image,5000,0.95,b3_seed1,e2_combined,cross_k,1.09697294424906,0.8577025950478698,1.3804949661237615,,,,,,,,,,,
testB,5,20,rer_at_50,absolute,0.3438685292574217,0.2896248741148456,0.3939555020382058,0.715762273901809,0.37189374464438735,4640,740,image,5000,0.95,b3_seed1,e2_combined,cross_k,,,,,,,,,,,,,,
testB,5,20,rer_at_80,absolute,0.13496835898491913,0.10517178597419558,0.17190671454170828,0.2721791559000863,0.13721079691516716,4640,740,image,5000,0.95,b3_seed1,e2_combined,cross_k,,,,,,,,,,,,,,
__pooled_test__,5,20,auroc_correct,absolute,0.033619313806511064,0.021386146531577183,0.04580861622688612,0.8286491195373477,0.7950298057308366,10286,1490,image,5000,0.95,b3_seed1,e2_combined,cross_k,,,,,,,,,,,,,,
__pooled_test__,5,20,e_aurc,absolute,-0.05773303091575677,-0.06423345359240203,-0.05163921744006174,0.04224304170891577,0.09997607262467254,10286,1490,image,5000,0.95,b3_seed1,e2_combined,cross_k,,,,,,,,,,,,,,
__pooled_test__,5,20,e_aurc,relative,-0.5774684822087035,-0.6176059102946393,-0.5373377548917798,0.04224304170891577,0.09997607262467254,10286,1490,image,5000,0.95,b3_seed1,e2_combined,cross_k,1.3666873544186968,1.1614039411538595,1.61510317999557,,,,,,,,,,,
__pooled_test__,5,20,rer_at_50,absolute,0.29283564648502197,0.2581145837261902,0.32561400773921834,0.7913998170173833,0.4985641705323613,10286,1490,image,5000,0.95,b3_seed1,e2_combined,cross_k,,,,,,,,,,,,,,
__pooled_test__,5,20,rer_at_80,absolute,0.18107530454887383,0.1542164516998304,0.20842503561570197,0.36129182747690025,0.18021652292802642,10286,1490,image,5000,0.95,b3_seed1,e2_combined,cross_k,,,,,,,,,,,,,,
testA,5,50,auroc_correct,absolute,0.056323531421500816,0.03790634585061967,0.07565041328480748,0.852504842685302,0.7961813112638012,5646,750,image,5000,0.95,b3_seed1,e2_combined,cross_k,,,,,,,,,,,,,,
testA,5,50,e_aurc,absolute,-0.08148170262254253,-0.09198178964280555,-0.07159291895420528,0.031023368650332034,0.11250507127287457,5646,750,image,5000,0.95,b3_seed1,e2_combined,cross_k,,,,,,,,,,,,,,
testA,5,50,e_aurc,relative,-0.724249153399613,-0.7661770625176844,-0.6778970875301498,0.031023368650332034,0.11250507127287457,5646,750,image,5000,0.95,b3_seed1,e2_combined,cross_k,2.6264621208912606,2.1045978204050013,3.2767403864115403,,,,,,,,,,,
testA,5,50,rer_at_50,absolute,0.41766577939470795,0.37112231888624103,0.4606123044244166,0.8497560975609755,0.43209031816626753,5646,750,image,5000,0.95,b3_seed1,e2_combined,cross_k,,,,,,,,,,,,,,
testA,5,50,rer_at_80,absolute,0.3036884796240249,0.2667297981785621,0.3503356886712454,0.4475854360491801,0.14389695642515524,5646,750,image,5000,0.95,b3_seed1,e2_combined,cross_k,,,,,,,,,,,,,,
testB,5,50,auroc_correct,absolute,0.031430255422890685,0.008911369970112404,0.054413742668010516,0.7958802402207016,0.7644499847978109,4640,740,image,5000,0.95,b3_seed1,e2_combined,cross_k,,,,,,,,,,,,,,
testB,5,50,e_aurc,absolute,-0.08762327115102386,-0.10211179780631642,-0.07364590864320528,0.05975607594636545,0.1473793470973893,4640,740,image,5000,0.95,b3_seed1,e2_combined,cross_k,,,,,,,,,,,,,,
testB,5,50,e_aurc,relative,-0.5945424028315296,-0.6502362205624818,-0.5314978242112207,0.05975607594636545,0.1473793470973893,4640,740,image,5000,0.95,b3_seed1,e2_combined,cross_k,1.4663491496608785,1.1344618054684181,1.8590724906054483,,,,,,,,,,,
testB,5,50,rer_at_50,absolute,0.46024387925297955,0.407104572075264,0.5151167303960363,0.715762273901809,0.25551839464882947,4640,740,image,5000,0.95,b3_seed1,e2_combined,cross_k,,,,,,,,,,,,,,
testB,5,50,rer_at_80,absolute,0.18271427295694248,0.15011038619092074,0.22192098486451517,0.2721791559000863,0.08946488294314382,4640,740,image,5000,0.95,b3_seed1,e2_combined,cross_k,,,,,,,,,,,,,,
__pooled_test__,5,50,auroc_correct,absolute,0.04063810194244721,0.026427652860462787,0.055250223527105284,0.8286491195373477,0.7880110175949004,10286,1490,image,5000,0.95,b3_seed1,e2_combined,cross_k,,,,,,,,,,,,,,
__pooled_test__,5,50,e_aurc,absolute,-0.08242567351782368,-0.09114850077388756,-0.07415742598551425,0.04224304170891577,0.12466871522673945,10286,1490,image,5000,0.95,b3_seed1,e2_combined,cross_k,,,,,,,,,,,,,,
__pooled_test__,5,50,e_aurc,relative,-0.6611576398129487,-0.6976778407269075,-0.6238017233036202,0.04224304170891577,0.12466871522673945,10286,1490,image,5000,0.95,b3_seed1,e2_combined,cross_k,1.9512248688386236,1.658172729502094,2.3077297489684967,,,,,,,,,,,
__pooled_test__,5,50,rer_at_50,absolute,0.4431840213130032,0.40894713545362527,0.4767928058308338,0.7913998170173833,0.34821579570438005,10286,1490,image,5000,0.95,b3_seed1,e2_combined,cross_k,,,,,,,,,,,,,,
__pooled_test__,5,50,rer_at_80,absolute,0.24068868485784445,0.21229430354857687,0.2708328051865042,0.36129182747690025,0.12060314261905579,10286,1490,image,5000,0.95,b3_seed1,e2_combined,cross_k,,,,,,,,,,,,,,
testA,5,20,auroc_correct,absolute,0.042701509328036735,0.025452470847109818,0.06064358655080922,0.8280240260528552,0.7853225167248185,5646,750,image,5000,0.95,b3_seed1,e3_full,cross_k,,,,,,,,,,,,,,
testA,5,20,e_aurc,absolute,-0.06143852689979406,-0.0711220091518943,-0.052463132342925996,0.038930576401846585,0.10036910330164064,5646,750,image,5000,0.95,b3_seed1,e3_full,cross_k,,,,,,,,,,,,,,
testA,5,20,e_aurc,relative,-0.6121258921199287,-0.666897434661277,-0.5549305848678623,0.038930576401846585,0.10036910330164064,5646,750,image,5000,0.95,b3_seed1,e3_full,cross_k,1.5781561070562489,1.2468405286917046,2.0020783508020332,,,,,,,,,,,
testA,5,20,rer_at_50,absolute,0.2588386551444174,0.20109683921091856,0.3082188426954154,0.773658536585366,0.5148198814409486,5646,750,image,5000,0.95,b3_seed1,e3_full,cross_k,,,,,,,,,,,,,,
testA,5,20,rer_at_80,absolute,0.22422961397552588,0.18234217199555083,0.2611230803909493,0.43539085406351086,0.21116124008798498,5646,750,image,5000,0.95,b3_seed1,e3_full,cross_k,,,,,,,,,,,,,,
testB,5,20,auroc_correct,absolute,0.03603555905046707,0.015360749558116022,0.05667580662120202,0.7704592263808023,0.7344236673303353,4640,740,image,5000,0.95,b3_seed1,e3_full,cross_k,,,,,,,,,,,,,,
testB,5,20,e_aurc,absolute,-0.07692605450072602,-0.09056086760678135,-0.06393739121981186,0.07135839713703863,0.14828445163776466,4640,740,image,5000,0.95,b3_seed1,e3_full,cross_k,,,,,,,,,,,,,,
testB,5,20,e_aurc,relative,-0.5187735710055708,-0.5786826831068057,-0.4543388451852825,0.07135839713703863,0.14828445163776466,4640,740,image,5000,0.95,b3_seed1,e3_full,cross_k,1.0780238568559088,0.832639159259112,1.3735079473448375,,,,,,,,,,,
testB,5,20,rer_at_50,absolute,0.3246359290479576,0.263445566699724,0.37595402677471385,0.641688199827735,0.3170522707797773,4640,740,image,5000,0.95,b3_seed1,e3_full,cross_k,,,,,,,,,,,,,,
testB,5,20,rer_at_80,absolute,0.11657660380533594,0.09037466756589553,0.15376720887354228,0.2366494401378123,0.12007283633247637,4640,740,image,5000,0.95,b3_seed1,e3_full,cross_k,,,,,,,,,,,,,,
__pooled_test__,5,20,auroc_correct,absolute,0.036270441217979066,0.023215131546939095,0.04964984971728356,0.8050561372595529,0.7687856960415739,10286,1490,image,5000,0.95,b3_seed1,e3_full,cross_k,,,,,,,,,,,,,,
__pooled_test__,5,20,e_aurc,absolute,-0.06628059757560276,-0.07402871602873799,-0.05896673670415388,0.05123350371601265,0.11751410129161541,10286,1490,image,5000,0.95,b3_seed1,e3_full,cross_k,,,,,,,,,,,,,,
__pooled_test__,5,20,e_aurc,relative,-0.5640225032324002,-0.6062307253518386,-0.5223325733716265,0.05123350371601265,0.11751410129161541,10286,1490,image,5000,0.95,b3_seed1,e3_full,cross_k,1.293696366014633,1.0935067878890612,1.5395582245301254,,,,,,,,,,,
__pooled_test__,5,20,rer_at_50,absolute,0.31080225973628606,0.27146113197685307,0.34665660076554417,0.7483989021043003,0.4375966423680142,10286,1490,image,5000,0.95,b3_seed1,e3_full,cross_k,,,,,,,,,,,,,,
__pooled_test__,5,20,rer_at_80,absolute,0.16970194518679335,0.13860635338524976,0.1955149580620413,0.3355605224065872,0.16585857721979383,10286,1490,image,5000,0.95,b3_seed1,e3_full,cross_k,,,,,,,,,,,,,,
testA,5,50,auroc_correct,absolute,0.06572258079283388,0.04619451328489463,0.08594892518203542,0.8280240260528552,0.7623014452600213,5646,750,image,5000,0.95,b3_seed1,e3_full,cross_k,,,,,,,,,,,,,,
testA,5,50,e_aurc,absolute,-0.09917955731112796,-0.11192458941417774,-0.08715373661962293,0.038930576401846585,0.13811013371297454,5646,750,image,5000,0.95,b3_seed1,e3_full,cross_k,,,,,,,,,,,,,,
testA,5,50,e_aurc,relative,-0.7181193345105761,-0.7612022604197028,-0.6728670355862257,0.038930576401846585,0.13811013371297454,5646,750,image,5000,0.95,b3_seed1,e3_full,cross_k,2.5476005360769225,2.0568609977658796,3.187644329287062,,,,,,,,,,,
testA,5,50,rer_at_50,absolute,0.39425381540849275,0.3468104015539851,0.45081883008868456,0.773658536585366,0.37940472117687324,5646,750,image,5000,0.95,b3_seed1,e3_full,cross_k,,,,,,,,,,,,,,
testA,5,50,rer_at_80,absolute,0.3064607340644892,0.262750433371379,0.3438113853725139,0.43539085406351086,0.12893011999902165,5646,750,image,5000,0.95,b3_seed1,e3_full,cross_k,,,,,,,,,,,,,,
testB,5,50,auroc_correct,absolute,0.05571553528928519,0.03155938968314929,0.07995791879447316,0.7704592263808023,0.7147436910915171,4640,740,image,5000,0.95,b3_seed1,e3_full,cross_k,,,,,,,,,,,,,,
testB,5,50,e_aurc,absolute,-0.11001867856484059,-0.12656998910007072,-0.09383620594220471,0.07135839713703863,0.18137707570187922,4640,740,image,5000,0.95,b3_seed1,e3_full,cross_k,,,,,,,,,,,,,,
testB,5,50,e_aurc,relative,-0.6065743321701415,-0.659979049981811,-0.545242634475656,0.07135839713703863,0.18137707570187922,4640,740,image,5000,0.95,b3_seed1,e3_full,cross_k,1.541776202645887,1.198974828801246,1.940995253223386,,,,,,,,,,,
testB,5,50,rer_at_50,absolute,0.44235709614880536,0.38438540917583736,0.49779965346293276,0.641688199827735,0.19933110367892962,4640,740,image,5000,0.95,b3_seed1,e3_full,cross_k,,,,,,,,,,,,,,
testB,5,50,rer_at_80,absolute,0.15972636321473546,0.13120700052668385,0.20081785281052236,0.2366494401378123,0.07692307692307684,4640,740,image,5000,0.95,b3_seed1,e3_full,cross_k,,,,,,,,,,,,,,
__pooled_test__,5,50,auroc_correct,absolute,0.05563154949216631,0.04086174824307393,0.07119647568432037,0.8050561372595529,0.7494245877673866,10286,1490,image,5000,0.95,b3_seed1,e3_full,cross_k,,,,,,,,,,,,,,
__pooled_test__,5,50,e_aurc,absolute,-0.10106438429090359,-0.11119142710979574,-0.09145252851011985,0.05123350371601265,0.15229788800691624,10286,1490,image,5000,0.95,b3_seed1,e3_full,cross_k,,,,,,,,,,,,,,
__pooled_test__,5,50,e_aurc,relative,-0.6635967551061115,-0.6988278144053172,-0.6273926130498425,0.05123350371601265,0.15229788800691624,10286,1490,image,5000,0.95,b3_seed1,e3_full,cross_k,1.972622931492321,1.6837900562979629,2.3203597404768272,,,,,,,,,,,
__pooled_test__,5,50,rer_at_50,absolute,0.451933486917424,0.41773513978887755,0.48943339186137297,0.7483989021043003,0.29646541518687625,10286,1490,image,5000,0.95,b3_seed1,e3_full,cross_k,,,,,,,,,,,,,,
__pooled_test__,5,50,rer_at_80,absolute,0.23229164476475211,0.20095674357886328,0.26093317395537474,0.3355605224065872,0.10326887764183508,10286,1490,image,5000,0.95,b3_seed1,e3_full,cross_k,,,,,,,,,,,,,,
testA,5,20,auroc_correct,absolute,0.03738076041720595,0.0198903028508017,0.05564696114492282,0.8172759565293121,0.7798951961121061,5646,750,image,5000,0.95,b3_seed1,e3_top5,cross_k,,,,,,,,,,,,,,
testA,5,20,e_aurc,absolute,-0.06118428165859814,-0.07133242508918121,-0.05198862321288053,0.04225293183437799,0.10343721349297613,5646,750,image,5000,0.95,b3_seed1,e3_top5,cross_k,,,,,,,,,,,,,,
testA,5,20,e_aurc,relative,-0.5915113100253115,-0.6488133407420325,-0.5324911393212671,0.04225293183437799,0.10343721349297613,5646,750,image,5000,0.95,b3_seed1,e3_top5,cross_k,1.4480481945827286,1.138996892055035,1.8474885752008032,,,,,,,,,,,
testA,5,20,rer_at_50,absolute,0.23463926239809618,0.18384947913549923,0.28816811837929834,0.7521951219512197,0.5175558595531236,5646,750,image,5000,0.95,b3_seed1,e3_top5,cross_k,,,,,,,,,,,,,,
testA,5,20,rer_at_80,absolute,0.21074940164097938,0.1702679809141097,0.2516495068052938,0.41222114829073886,0.20147174664975948,5646,750,image,5000,0.95,b3_seed1,e3_top5,cross_k,,,,,,,,,,,,,,
testB,5,20,auroc_correct,absolute,0.03631841701274441,0.015380683726877594,0.057429135866456815,0.7586285524145241,0.7223101354017797,4640,740,image,5000,0.95,b3_seed1,e3_top5,cross_k,,,,,,,,,,,,,,
testB,5,20,e_aurc,absolute,-0.08001424550024187,-0.09374509101664025,-0.06673067413463447,0.07624573815481624,0.1562599836550581,4640,740,image,5000,0.95,b3_seed1,e3_top5,cross_k,,,,,,,,,,,,,,
testB,5,20,e_aurc,relative,-0.5120584530257746,-0.571272985900613,-0.44952995844177146,0.07624573815481624,0.1562599836550581,4640,740,image,5000,0.95,b3_seed1,e3_top5,cross_k,1.0494258097124554,0.8166292886153739,1.3324865639751389,,,,,,,,,,,
testB,5,20,rer_at_50,absolute,0.3004302203800024,0.24403838465269842,0.354985416939783,0.6003445305770889,0.29991431019708653,4640,740,image,5000,0.95,b3_seed1,e3_top5,cross_k,,,,,,,,,,,,,,
testB,5,20,rer_at_80,absolute,0.12245117120468366,0.09096693410909946,0.1544651735227922,0.23341946597760574,0.11096829477292208,4640,740,image,5000,0.95,b3_seed1,e3_top5,cross_k,,,,,,,,,,,,,,
__pooled_test__,5,20,auroc_correct,absolute,0.03401815256894769,0.020727956880866823,0.04750987504980252,0.7940983305660037,0.760080177997056,10286,1490,image,5000,0.95,b3_seed1,e3_top5,cross_k,,,,,,,,,,,,,,
__pooled_test__,5,20,e_aurc,absolute,-0.06751146746245007,-0.07561761066837258,-0.06004284717826263,0.05505650905857695,0.12256797652102702,10286,1490,image,5000,0.95,b3_seed1,e3_top5,cross_k,,,,,,,,,,,,,,
__pooled_test__,5,20,e_aurc,relative,-0.5508083708216249,-0.5924008632395819,-0.5079914324536013,0.05505650905857695,0.12256797652102702,10286,1490,image,5000,0.95,b3_seed1,e3_top5,cross_k,1.2262213608680086,1.032484932095609,1.4533908681651304,,,,,,,,,,,
__pooled_test__,5,20,rer_at_50,absolute,0.2804221736774638,0.2424416601643002,0.31580758185644076,0.7127172918572738,0.43229511817981003,10286,1490,image,5000,0.95,b3_seed1,e3_top5,cross_k,,,,,,,,,,,,,,
__pooled_test__,5,20,rer_at_80,absolute,0.16323586772976043,0.13712530332166065,0.1885798053693742,0.32412438681978145,0.16088851909002103,10286,1490,image,5000,0.95,b3_seed1,e3_top5,cross_k,,,,,,,,,,,,,,
testA,5,50,auroc_correct,absolute,0.05760111459225936,0.03758606694502602,0.07864968873696329,0.8172759565293121,0.7596748419370527,5646,750,image,5000,0.95,b3_seed1,e3_top5,cross_k,,,,,,,,,,,,,,
testA,5,50,e_aurc,absolute,-0.09656876395185156,-0.10978823354285619,-0.08440599909629107,0.04225293183437799,0.13882169578622955,5646,750,image,5000,0.95,b3_seed1,e3_top5,cross_k,,,,,,,,,,,,,,
testA,5,50,e_aurc,relative,-0.6956316403205235,-0.7407955789330465,-0.6485189042036177,0.04225293183437799,0.13882169578622955,5646,750,image,5000,0.95,b3_seed1,e3_top5,cross_k,2.2854926216807736,1.8451032273420285,2.8579588877525204,,,,,,,,,,,
testA,5,50,rer_at_50,absolute,0.3768957719683253,0.32579646545040847,0.4310718329203165,0.7521951219512197,0.37529934998289444,5646,750,image,5000,0.95,b3_seed1,e3_top5,cross_k,,,,,,,,,,,,,,
testA,5,50,rer_at_80,absolute,0.2854291477811649,0.24562117278760615,0.3277562338037792,0.41222114829073886,0.12679200050957398,5646,750,image,5000,0.95,b3_seed1,e3_top5,cross_k,,,,,,,,,,,,,,
testB,5,50,auroc_correct,absolute,0.05687259822378732,0.03203276365477445,0.0816850451632737,0.7586285524145241,0.7017559541907368,4640,740,image,5000,0.95,b3_seed1,e3_top5,cross_k,,,,,,,,,,,,,,
testB,5,50,e_aurc,absolute,-0.11312662100558273,-0.12929432806699753,-0.0967165837971472,0.07624573815481624,0.18937235916039896,4640,740,image,5000,0.95,b3_seed1,e3_top5,cross_k,,,,,,,,,,,,,,
testB,5,50,e_aurc,relative,-0.597376626172588,-0.650238149929234,-0.5380688185454056,0.07624573815481624,0.18937235916039896,4640,740,image,5000,0.95,b3_seed1,e3_top5,cross_k,1.483710745587907,1.1648246322126559,1.8590882619064195,,,,,,,,,,,
testB,5,50,rer_at_50,absolute,0.42108031653026623,0.3638171067016781,0.47972612153246824,0.6003445305770889,0.1792642140468227,4640,740,image,5000,0.95,b3_seed1,e3_top5,cross_k,,,,,,,,,,,,,,
testB,5,50,rer_at_80,absolute,0.1682020746732579,0.13449674590819585,0.20442409002222786,0.23341946597760574,0.06521739130434784,4640,740,image,5000,0.95,b3_seed1,e3_top5,cross_k,,,,,,,,,,,,,,
__pooled_test__,5,50,auroc_correct,absolute,0.05282830532115157,0.03741727065243778,0.06873733307032513,0.7940983305660037,0.7412700252448521,10286,1490,image,5000,0.95,b3_seed1,e3_top5,cross_k,,,,,,,,,,,,,,
__pooled_test__,5,50,e_aurc,absolute,-0.10146707368419416,-0.11176903800618405,-0.09206965941768464,0.05505650905857695,0.15652358274277112,10286,1490,image,5000,0.95,b3_seed1,e3_top5,cross_k,,,,,,,,,,,,,,
__pooled_test__,5,50,e_aurc,relative,-0.6482542240995331,-0.6841429185915663,-0.6119356175881123,0.05505650905857695,0.15652358274277112,10286,1490,image,5000,0.95,b3_seed1,e3_top5,cross_k,1.8429623566622986,1.5768919935007328,2.1659888565452277,,,,,,,,,,,
__pooled_test__,5,50,rer_at_50,absolute,0.42538429676172174,0.38700094270904256,0.46130585598935886,0.7127172918572738,0.2873329950955521,10286,1490,image,5000,0.95,b3_seed1,e3_top5,cross_k,,,,,,,,,,,,,,
__pooled_test__,5,50,rer_at_80,absolute,0.227620100388569,0.19796852835953654,0.2529401152493362,0.32412438681978145,0.09650428643121245,10286,1490,image,5000,0.95,b3_seed1,e3_top5,cross_k,,,,,,,,,,,,,,
testA,5,20,auroc_correct,absolute,0.042877752210130016,0.027386388605684736,0.05800271275469626,0.8566887604640019,0.8138110082538719,5646,750,image,5000,0.95,b3_seed2,msp,cross_k,,,,,,,,,,,,,,
testA,5,20,e_aurc,absolute,-0.05292907445824866,-0.06018235488027012,-0.04603815680055794,0.028744174454108172,0.08167324891235683,5646,750,image,5000,0.95,b3_seed2,msp,cross_k,,,,,,,,,,,,,,
testA,5,20,e_aurc,relative,-0.6480588829648076,-0.6940090802904133,-0.5961102212388241,0.028744174454108172,0.08167324891235683,5646,750,image,5000,0.95,b3_seed2,msp,cross_k,1.841384400959337,1.4759230180749634,2.2680708334387547,,,,,,,,,,,
testA,5,20,rer_at_50,absolute,0.3052373999567378,0.2574383081512726,0.34656773354353304,0.8786069651741291,0.5733695652173912,5646,750,image,5000,0.95,b3_seed2,msp,cross_k,,,,,,,,,,,,,,
testA,5,20,rer_at_80,absolute,0.21916277565307032,0.18052132722552233,0.2640098292451226,0.43907956344027044,0.2199167877872001,5646,750,image,5000,0.95,b3_seed2,msp,cross_k,,,,,,,,,,,,,,
testB,5,20,auroc_correct,absolute,0.039008494728043686,0.02026656232631728,0.0576616032023119,0.8111133479482509,0.7721048532202072,4640,740,image,5000,0.95,b3_seed2,msp,cross_k,,,,,,,,,,,,,,
testB,5,20,e_aurc,absolute,-0.0668553900273053,-0.07776380965219422,-0.056748401021641,0.05481510589290216,0.12167049592020746,4640,740,image,5000,0.95,b3_seed2,msp,cross_k,,,,,,,,,,,,,,
testB,5,20,e_aurc,relative,-0.5494790624602174,-0.6036946748353652,-0.4929902561401433,0.05481510589290216,0.12167049592020746,4640,740,image,5000,0.95,b3_seed2,msp,cross_k,1.2196526657802589,0.9723486818754543,1.523306997160777,,,,,,,,,,,
testB,5,20,rer_at_50,absolute,0.3179127685200033,0.26032840750602176,0.36540004587556996,0.7201716738197426,0.4022589052997393,4640,740,image,5000,0.95,b3_seed2,msp,cross_k,,,,,,,,,,,,,,
testB,5,20,rer_at_80,absolute,0.1686698075567805,0.13169795193061073,0.20279365265756016,0.30257510729613757,0.13390529973935708,4640,740,image,5000,0.95,b3_seed2,msp,cross_k,,,,,,,,,,,,,,
__pooled_test__,5,20,auroc_correct,absolute,0.039136363965772136,0.027530800693603818,0.05106485834848603,0.8379318998939342,0.7987955359281621,10286,1490,image,5000,0.95,b3_seed2,msp,cross_k,,,,,,,,,,,,,,
__pooled_test__,5,20,e_aurc,absolute,-0.0579966834642381,-0.06418453929569183,-0.05212144163377783,0.038838051728146264,0.09683473519238436,10286,1490,image,5000,0.95,b3_seed2,msp,cross_k,,,,,,,,,,,,,,
__pooled_test__,5,20,e_aurc,relative,-0.5989243771774087,-0.635369772318196,-0.5615606446949445,0.038838051728146264,0.09683473519238436,10286,1490,image,5000,0.95,b3_seed2,msp,cross_k,1.4932953864471892,1.280817148141786,1.7425043896049506,,,,,,,,,,,
__pooled_test__,5,20,rer_at_50,absolute,0.3151072373731696,0.2784886568966633,0.34810127018871095,0.8184331797235023,0.5033259423503327,10286,1490,image,5000,0.95,b3_seed2,msp,cross_k,,,,,,,,,,,,,,
__pooled_test__,5,20,rer_at_80,absolute,0.19520405937340787,0.17041364731097886,0.22371001002543894,0.37731928164583745,0.18211522227242957,10286,1490,image,5000,0.95,b3_seed2,msp,cross_k,,,,,,,,,,,,,,
testA,5,50,auroc_correct,absolute,0.06094611934098593,0.04323781859894159,0.07855110992972981,0.8566887604640019,0.795742641123016,5646,750,image,5000,0.95,b3_seed2,msp,cross_k,,,,,,,,,,,,,,
testA,5,50,e_aurc,absolute,-0.08416150168492473,-0.09384171476560182,-0.07481270957898348,0.028744174454108172,0.1129056761390329,5646,750,image,5000,0.95,b3_seed2,msp,cross_k,,,,,,,,,,,,,,
testA,5,50,e_aurc,relative,-0.7454142658096978,-0.7826867782457723,-0.7032699210423302,0.028744174454108172,0.1129056761390329,5646,750,image,5000,0.95,b3_seed2,msp,cross_k,2.927949864042667,2.3700661675847687,3.6016528213407955,,,,,,,,,,,
testA,5,50,rer_at_50,absolute,0.46390611047327435,0.4175392914904986,0.5070895411319527,0.8786069651741291,0.4147008547008547,5646,750,image,5000,0.95,b3_seed2,msp,cross_k,,,,,,,,,,,,,,
testA,5,50,rer_at_80,absolute,0.29160591687430604,0.2539509041083375,0.3376482621667448,0.43907956344027044,0.1474736465659644,5646,750,image,5000,0.95,b3_seed2,msp,cross_k,,,,,,,,,,,,,,
testB,5,50,auroc_correct,absolute,0.05027937606450206,0.029330958688547248,0.07183252755939792,0.8111133479482509,0.7608339718837488,4640,740,image,5000,0.95,b3_seed2,msp,cross_k,,,,,,,,,,,,,,
testB,5,50,e_aurc,absolute,-0.09627342806775603,-0.10971961188464839,-0.08296225326988704,0.05481510589290216,0.1510885339606582,4640,740,image,5000,0.95,b3_seed2,msp,cross_k,,,,,,,,,,,,,,
testB,5,50,e_aurc,relative,-0.6371987704429284,-0.687640225998299,-0.5811833051831105,0.05481510589290216,0.1510885339606582,4640,740,image,5000,0.95,b3_seed2,msp,cross_k,1.7563302396214504,1.3876794129164527,2.2014365588398537,,,,,,,,,,,
testB,5,50,rer_at_50,absolute,0.4461479047195727,0.388410560217199,0.4953236639375152,0.7201716738197426,0.27402376910016985,4640,740,image,5000,0.95,b3_seed2,msp,cross_k,,,,,,,,,,,,,,
testB,5,50,rer_at_80,absolute,0.21598767096337007,0.17987247643290727,0.2536483987120354,0.30257510729613757,0.0865874363327675,4640,740,image,5000,0.95,b3_seed2,msp,cross_k,,,,,,,,,,,,,,
__pooled_test__,5,50,auroc_correct,absolute,0.052506051808607235,0.039213586956849275,0.06610763590258907,0.8379318998939342,0.785425848085327,10286,1490,image,5000,0.95,b3_seed2,msp,cross_k,,,,,,,,,,,,,,
__pooled_test__,5,50,e_aurc,absolute,-0.08763668451955557,-0.09559732033393174,-0.07993046620611585,0.038838051728146264,0.12647473624770184,10286,1490,image,5000,0.95,b3_seed2,msp,cross_k,,,,,,,,,,,,,,
__pooled_test__,5,50,e_aurc,relative,-0.6929184999280678,-0.7245208671199137,-0.6596080277756797,0.038838051728146264,0.12647473624770184,10286,1490,image,5000,0.95,b3_seed2,msp,cross_k,2.2564644883060527,1.9377896119741456,2.6300390143717034,,,,,,,,,,,
__pooled_test__,5,50,rer_at_50,absolute,0.4613633330454786,0.42550658726486945,0.4956138813542746,0.8184331797235023,0.35706984667802366,10286,1490,image,5000,0.95,b3_seed2,msp,cross_k,,,,,,,,,,,,,,
__pooled_test__,5,50,rer_at_80,absolute,0.26060275392145393,0.23376774053470895,0.2893632083310678,0.37731928164583745,0.1167165277243835,10286,1490,image,5000,0.95,b3_seed2,msp,cross_k,,,,,,,,,,,,,,
testA,5,20,auroc_correct,absolute,0.042355349963883904,0.026991230514753783,0.05711050155330734,0.856509523059128,0.8141541730952441,5646,750,image,5000,0.95,b3_seed2,stats_logistic,cross_k,,,,,,,,,,,,,,
testA,5,20,e_aurc,absolute,-0.052405592284190575,-0.05956994164814268,-0.045599687072049123,0.02887385594046242,0.081279448224653,5646,750,image,5000,0.95,b3_seed2,stats_logistic,cross_k,,,,,,,,,,,,,,
testA,5,20,e_aurc,relative,-0.6447582190684134,-0.6906843906303102,-0.5927483603405901,0.02887385594046242,0.081279448224653,5646,750,image,5000,0.95,b3_seed2,stats_logistic,cross_k,1.8149841985860962,1.455484281994085,2.2329438596317766,,,,,,,,,,,
testA,5,20,rer_at_50,absolute,0.2988968202465928,0.2561546605970913,0.34358069357705784,0.8786069651741291,0.5797101449275363,5646,750,image,5000,0.95,b3_seed2,stats_logistic,cross_k,,,,,,,,,,,,,,
testA,5,20,rer_at_80,absolute,0.22843495593903881,0.18755478181271898,0.2709665160396387,0.44778564560416856,0.21935068966512974,5646,750,image,5000,0.95,b3_seed2,stats_logistic,cross_k,,,,,,,,,,,,,,
testB,5,20,auroc_correct,absolute,0.03679506336256155,0.018510943816002864,0.055289610501303335,0.8113368944329515,0.77454183107039,4640,740,image,5000,0.95,b3_seed2,stats_logistic,cross_k,,,,,,,,,,,,,,
testB,5,20,e_aurc,absolute,-0.06540052624353149,-0.07626160089601756,-0.05525918576513965,0.05485400185919892,0.1202545281027304,4640,740,image,5000,0.95,b3_seed2,stats_logistic,cross_k,,,,,,,,,,,,,,
testB,5,20,e_aurc,relative,-0.543850841006681,-0.5986481206430323,-0.48689957407050766,0.05485400185919892,0.1202545281027304,4640,740,image,5000,0.95,b3_seed2,stats_logistic,cross_k,1.1922653594427575,0.9489362110516254,1.4915792137367487,,,,,,,,,,,
testB,5,20,rer_at_50,absolute,0.31702307752542097,0.2625690021998844,0.3688181349003411,0.7218884120171674,0.4048653344917464,4640,740,image,5000,0.95,b3_seed2,stats_logistic,cross_k,,,,,,,,,,,,,,
testB,5,20,rer_at_80,absolute,0.16000781182998203,0.12851670855655478,0.19414388711585034,0.3004291845493564,0.14042137271937438,4640,740,image,5000,0.95,b3_seed2,stats_logistic,cross_k,,,,,,,,,,,,,,
__pooled_test__,5,20,auroc_correct,absolute,0.03809208302853562,0.026682196172355482,0.04988951280364204,0.8379285498520304,0.7998364668234947,10286,1490,image,5000,0.95,b3_seed2,stats_logistic,cross_k,,,,,,,,,,,,,,
__pooled_test__,5,20,e_aurc,absolute,-0.05724842657440156,-0.06325622671831695,-0.051465812838812144,0.03892830376673788,0.09617673034113944,10286,1490,image,5000,0.95,b3_seed2,stats_logistic,cross_k,,,,,,,,,,,,,,
__pooled_test__,5,20,e_aurc,relative,-0.5952419714346812,-0.6314332249450686,-0.5577062647878827,0.03892830376673788,0.09617673034113944,10286,1490,image,5000,0.95,b3_seed2,stats_logistic,cross_k,1.4706118950735587,1.2609409095980417,1.7132125511068095,,,,,,,,,,,
__pooled_test__,5,20,rer_at_50,absolute,0.3063075398244556,0.2700207041642237,0.34055366682815486,0.8202764976958526,0.5139689578713971,10286,1490,image,5000,0.95,b3_seed2,stats_logistic,cross_k,,,,,,,,,,,,,,
__pooled_test__,5,20,rer_at_80,absolute,0.1946714617343781,0.1711870406947379,0.22279815300606168,0.37789530451202974,0.18322384277765164,10286,1490,image,5000,0.95,b3_seed2,stats_logistic,cross_k,,,,,,,,,,,,,,
testA,5,50,auroc_correct,absolute,0.061250866896392475,0.043456620987764545,0.07860352797614191,0.856509523059128,0.7952586561627355,5646,750,image,5000,0.95,b3_seed2,stats_logistic,cross_k,,,,,,,,,,,,,,
testA,5,50,e_aurc,absolute,-0.08367954375350713,-0.09336098053032858,-0.0744142491576823,0.02887385594046242,0.11255339969396955,5646,750,image,5000,0.95,b3_seed2,stats_logistic,cross_k,,,,,,,,,,,,,,
testA,5,50,e_aurc,relative,-0.743465270538519,-0.7811364118147722,-0.7014499687950271,0.02887385594046242,0.11255339969396955,5646,750,image,5000,0.95,b3_seed2,stats_logistic,cross_k,2.898107683506264,2.349522342918258,3.5690560421301507,,,,,,,,,,,
testA,5,50,rer_at_50,absolute,0.4645898711570351,0.42043864582272195,0.5077593464884399,0.8786069651741291,0.41401709401709397,5646,750,image,5000,0.95,b3_seed2,stats_logistic,cross_k,,,,,,,,,,,,,,
testA,5,50,rer_at_80,absolute,0.3028759880710885,0.2591044327564307,0.34363200768915647,0.44778564560416856,0.14490965753308002,5646,750,image,5000,0.95,b3_seed2,stats_logistic,cross_k,,,,,,,,,,,,,,
testB,5,50,auroc_correct,absolute,0.04803586423828132,0.027183867891073903,0.0698937460825388,0.8113368944329515,0.7633010301946702,4640,740,image,5000,0.95,b3_seed2,stats_logistic,cross_k,,,,,,,,,,,,,,
testB,5,50,e_aurc,absolute,-0.09375893560845633,-0.1072265570221661,-0.0805987388919343,0.05485400185919892,0.14861293746765525,4640,740,image,5000,0.95,b3_seed2,stats_logistic,cross_k,,,,,,,,,,,,,,
testB,5,50,e_aurc,relative,-0.630893495587236,-0.6825233594961974,-0.5749379986603325,0.05485400185919892,0.14861293746765525,4640,740,image,5000,0.95,b3_seed2,stats_logistic,cross_k,1.7092451312689982,1.352597966527944,2.1498380429284603,,,,,,,,,,,
testB,5,50,rer_at_50,absolute,0.4417525885876257,0.3919041749534182,0.49618920840712566,0.7218884120171674,0.28013582342954163,4640,740,image,5000,0.95,b3_seed2,stats_logistic,cross_k,,,,,,,,,,,,,,
testB,5,50,rer_at_80,absolute,0.21469064465122406,0.18017203432375767,0.2500924339981772,0.3004291845493564,0.08573853989813233,4640,740,image,5000,0.95,b3_seed2,stats_logistic,cross_k,,,,,,,,,,,,,,
__pooled_test__,5,50,auroc_correct,absolute,0.05178034015151434,0.0386794359309473,0.0654689066032448,0.8379285498520304,0.786148209700516,10286,1490,image,5000,0.95,b3_seed2,stats_logistic,cross_k,,,,,,,,,,,,,,
__pooled_test__,5,50,e_aurc,absolute,-0.0864580250443719,-0.09429927573465102,-0.0787730237369187,0.03892830376673788,0.12538632881110978,10286,1490,image,5000,0.95,b3_seed2,stats_logistic,cross_k,,,,,,,,,,,,,,
__pooled_test__,5,50,e_aurc,relative,-0.6895331083073495,-0.7214277637163178,-0.655217148611299,0.03892830376673788,0.12538632881110978,10286,1490,image,5000,0.95,b3_seed2,stats_logistic,cross_k,2.2209553635431085,1.9003762686347205,2.5897331813844384,,,,,,,,,,,
__pooled_test__,5,50,rer_at_50,absolute,0.4628659355152736,0.4266033357883815,0.4964279022426815,0.8202764976958526,0.35741056218057904,10286,1490,image,5000,0.95,b3_seed2,stats_logistic,cross_k,,,,,,,,,,,,,,
__pooled_test__,5,50,rer_at_80,absolute,0.2586234726248431,0.23275370634264422,0.28716454255300705,0.37789530451202974,0.11927183188718664,10286,1490,image,5000,0.95,b3_seed2,stats_logistic,cross_k,,,,,,,,,,,,,,
testA,5,20,auroc_correct,absolute,0.02833715570440909,0.012581060285677988,0.04347641689422364,0.8554628280703785,0.8271256723659695,5646,750,image,5000,0.95,b3_seed2,e1b_stats_semantic,cross_k,,,,,,,,,,,,,,
testA,5,20,e_aurc,absolute,-0.046990903226338886,-0.05429808094821548,-0.04011823277640839,0.02933828865258601,0.0763291918789249,5646,750,image,5000,0.95,b3_seed2,e1b_stats_semantic,cross_k,,,,,,,,,,,,,,
testA,5,20,e_aurc,relative,-0.615634753488245,-0.6673576648527388,-0.5562547965788409,0.02933828865258601,0.0763291918789249,5646,750,image,5000,0.95,b3_seed2,e1b_stats_semantic,cross_k,1.6016920340102008,1.2535454857658457,2.006231902374359,,,,,,,,,,,
testA,5,20,rer_at_50,absolute,0.26466850529958896,0.21605183667914096,0.30673146638174226,0.8706467661691542,0.6059782608695652,5646,750,image,5000,0.95,b3_seed2,e1b_stats_semantic,cross_k,,,,,,,,,,,,,,
testA,5,20,rer_at_80,absolute,0.20092765674184607,0.1650622937178823,0.24810530534085531,0.4440544675339263,0.24312681079208023,5646,750,image,5000,0.95,b3_seed2,e1b_stats_semantic,cross_k,,,,,,,,,,,,,,
testB,5,20,auroc_correct,absolute,0.027354986734916986,0.008770990410032648,0.04577269731416371,0.815517584215889,0.7881625974809721,4640,740,image,5000,0.95,b3_seed2,e1b_stats_semantic,cross_k,,,,,,,,,,,,,,
testB,5,20,e_aurc,absolute,-0.05920443731737533,-0.06950720159361194,-0.0493331641115913,0.05394082213501973,0.11314525945239506,4640,740,image,5000,0.95,b3_seed2,e1b_stats_semantic,cross_k,,,,,,,,,,,,,,
testB,5,20,e_aurc,relative,-0.5232604318016975,-0.5816022229179265,-0.4611224897116466,0.05394082213501973,0.11314525945239506,4640,740,image,5000,0.95,b3_seed2,e1b_stats_semantic,cross_k,1.0975812932398434,0.8557092862622898,1.3900700595831288,,,,,,,,,,,
testB,5,20,rer_at_50,absolute,0.3004321675870579,0.2419788914206969,0.3463416529405785,0.7287553648068668,0.4283231972198089,4640,740,image,5000,0.95,b3_seed2,e1b_stats_semantic,cross_k,,,,,,,,,,,,,,
testB,5,20,rer_at_80,absolute,0.15932124705891137,0.12556911787708278,0.19133401757242458,0.31223175965665256,0.1529105125977412,4640,740,image,5000,0.95,b3_seed2,e1b_stats_semantic,cross_k,,,,,,,,,,,,,,
__pooled_test__,5,20,auroc_correct,absolute,0.026372293501369715,0.014956400303466365,0.03834592046980597,0.839115827414926,0.8127435339135562,10286,1490,image,5000,0.95,b3_seed2,e1b_stats_semantic,cross_k,,,,,,,,,,,,,,
__pooled_test__,5,20,e_aurc,absolute,-0.05146288061116755,-0.05742355656191811,-0.04577178520423892,0.03892502289911676,0.0903879035102843,10286,1490,image,5000,0.95,b3_seed2,e1b_stats_semantic,cross_k,,,,,,,,,,,,,,
__pooled_test__,5,20,e_aurc,relative,-0.5693558386970677,-0.609966510466299,-0.5280007475507703,0.03892502289911676,0.0903879035102843,10286,1490,image,5000,0.95,b3_seed2,e1b_stats_semantic,cross_k,1.3221027703579153,1.1186474232976977,1.563882401984342,,,,,,,,,,,
__pooled_test__,5,20,rer_at_50,absolute,0.28788253446003265,0.25120038667216715,0.3206815061789601,0.8138248847926269,0.5259423503325943,10286,1490,image,5000,0.95,b3_seed2,e1b_stats_semantic,cross_k,,,,,,,,,,,,,,
__pooled_test__,5,20,rer_at_80,absolute,0.184014400103534,0.15840444587180055,0.21132526692559359,0.38192746457537796,0.19791306447184395,10286,1490,image,5000,0.95,b3_seed2,e1b_stats_semantic,cross_k,,,,,,,,,,,,,,
testA,5,50,auroc_correct,absolute,0.04384781724919351,0.02624111170159152,0.0611687116356646,0.8554628280703785,0.811615010821185,5646,750,image,5000,0.95,b3_seed2,e1b_stats_semantic,cross_k,,,,,,,,,,,,,,
testA,5,50,e_aurc,absolute,-0.07519446809328731,-0.08477845225947131,-0.06598824110897135,0.02933828865258601,0.10453275674587331,5646,750,image,5000,0.95,b3_seed2,e1b_stats_semantic,cross_k,,,,,,,,,,,,,,
testA,5,50,e_aurc,relative,-0.7193388028222627,-0.7612018517382212,-0.6722668492116537,0.02933828865258601,0.10453275674587331,5646,750,image,5000,0.95,b3_seed2,e1b_stats_semantic,cross_k,2.5630148023872334,2.0512628874880314,3.1876371625116846,,,,,,,,,,,
testA,5,50,rer_at_50,absolute,0.42380915933154734,0.3752234189235171,0.46700160384212636,0.8706467661691542,0.4468376068376068,5646,750,image,5000,0.95,b3_seed2,e1b_stats_semantic,cross_k,,,,,,,,,,,,,,
testA,5,50,rer_at_80,absolute,0.2880341908583475,0.25087549699211453,0.33281132579652756,0.4440544675339263,0.15602027667557877,5646,750,image,5000,0.95,b3_seed2,e1b_stats_semantic,cross_k,,,,,,,,,,,,,,
testB,5,50,auroc_correct,absolute,0.03771289550295631,0.016554347853403047,0.05931368045358275,0.815517584215889,0.7778046887129327,4640,740,image,5000,0.95,b3_seed2,e1b_stats_semantic,cross_k,,,,,,,,,,,,,,
testB,5,50,e_aurc,absolute,-0.08699460022623089,-0.10026612618567836,-0.07415972114514881,0.05394082213501973,0.14093542236125062,4640,740,image,5000,0.95,b3_seed2,e1b_stats_semantic,cross_k,,,,,,,,,,,,,,
testB,5,50,e_aurc,relative,-0.6172656864307915,-0.6724960533036684,-0.5573372692780354,0.05394082213501973,0.14093542236125062,4640,740,image,5000,0.95,b3_seed2,e1b_stats_semantic,cross_k,1.6127785373473535,1.259056230844285,2.0533983180581954,,,,,,,,,,,
testB,5,50,rer_at_50,absolute,0.4377536670139974,0.38102259759995183,0.48856654271098,0.7287553648068668,0.29100169779286933,4640,740,image,5000,0.95,b3_seed2,e1b_stats_semantic,cross_k,,,,,,,,,,,,,,
testB,5,50,rer_at_80,absolute,0.21630646254290048,0.18138869039847322,0.2518992933038083,0.31223175965665256,0.09592529711375207,4640,740,image,5000,0.95,b3_seed2,e1b_stats_semantic,cross_k,,,,,,,,,,,,,,
__pooled_test__,5,50,auroc_correct,absolute,0.037801650070037884,0.024703814391624036,0.05143213009905381,0.839115827414926,0.8013141773448881,10286,1490,image,5000,0.95,b3_seed2,e1b_stats_semantic,cross_k,,,,,,,,,,,,,,
__pooled_test__,5,50,e_aurc,absolute,-0.07861850963053957,-0.08661890594774632,-0.07111181900076591,0.03892502289911676,0.11754353252965632,10286,1490,image,5000,0.95,b3_seed2,e1b_stats_semantic,cross_k,,,,,,,,,,,,,,
__pooled_test__,5,50,e_aurc,relative,-0.6688458985244812,-0.7032075267233869,-0.6318223822812795,0.03892502289911676,0.11754353252965632,10286,1490,image,5000,0.95,b3_seed2,e1b_stats_semantic,cross_k,2.0197421549191557,1.7160803695676519,2.369357682692956,,,,,,,,,,,
__pooled_test__,5,50,rer_at_50,absolute,0.4417635560021671,0.4045174888245792,0.47379925792104777,0.8138248847926269,0.37206132879045983,10286,1490,image,5000,0.95,b3_seed2,e1b_stats_semantic,cross_k,,,,,,,,,,,,,,
__pooled_test__,5,50,rer_at_80,absolute,0.25264735805054583,0.22650824399029992,0.28280981322322485,0.38192746457537796,0.12928010652483213,10286,1490,image,5000,0.95,b3_seed2,e1b_stats_semantic,cross_k,,,,,,,,,,,,,,
testA,5,20,auroc_correct,absolute,0.02991645935943643,0.01392809368119466,0.04548864939671211,0.8417878287939745,0.8118713694345381,5646,750,image,5000,0.95,b3_seed2,e2_combined,cross_k,,,,,,,,,,,,,,
testA,5,20,e_aurc,absolute,-0.04998902214413589,-0.05729748481274727,-0.04272449475056947,0.03301445413228868,0.08300347627642457,5646,750,image,5000,0.95,b3_seed2,e2_combined,cross_k,,,,,,,,,,,,,,
testA,5,20,e_aurc,relative,-0.6022521511949523,-0.6559225074972657,-0.5402821712389646,0.03301445413228868,0.08300347627642457,5646,750,image,5000,0.95,b3_seed2,e2_combined,cross_k,1.5141556466095196,1.1752473744493541,1.9063220402074197,,,,,,,,,,,
testA,5,20,rer_at_50,absolute,0.28661313000216326,0.24303769072068895,0.3344962011700096,0.8527363184079605,0.5661231884057972,5646,750,image,5000,0.95,b3_seed2,e2_combined,cross_k,,,,,,,,,,,,,,
testA,5,20,rer_at_80,absolute,0.20898145868150855,0.1658517690192445,0.24767654787713458,0.4328609333232003,0.22387947464169175,5646,750,image,5000,0.95,b3_seed2,e2_combined,cross_k,,,,,,,,,,,,,,
testB,5,20,auroc_correct,absolute,0.03312791680603899,0.014625739443581113,0.05189577944829876,0.8015971840553309,0.7684692672492919,4640,740,image,5000,0.95,b3_seed2,e2_combined,cross_k,,,,,,,,,,,,,,
testB,5,20,e_aurc,absolute,-0.06556202257860694,-0.07666709142420229,-0.05529085721788153,0.058034660328716514,0.12359668290732345,4640,740,image,5000,0.95,b3_seed2,e2_combined,cross_k,,,,,,,,,,,,,,
testB,5,20,e_aurc,relative,-0.5304513117699715,-0.5877831760077159,-0.4693552769051784,0.058034660328716514,0.12359668290732345,4640,740,image,5000,0.95,b3_seed2,e2_combined,cross_k,1.129704597343284,0.8845000364232563,1.4259077791029657,,,,,,,,,,,
testB,5,20,rer_at_50,absolute,0.3060835325132466,0.24739333186651227,0.3568588195651067,0.6927038626609442,0.3866203301476976,4640,740,image,5000,0.95,b3_seed2,e2_combined,cross_k,,,,,,,,,,,,,,
testB,5,20,rer_at_80,absolute,0.1654639742265544,0.13171291715752134,0.19884302597196715,0.29828326180257525,0.13281928757602085,4640,740,image,5000,0.95,b3_seed2,e2_combined,cross_k,,,,,,,,,,,,,,
__pooled_test__,5,20,auroc_correct,absolute,0.03060511910769259,0.018568949671183152,0.04322463801903507,0.8243386506258332,0.7937335315181406,10286,1490,image,5000,0.95,b3_seed2,e2_combined,cross_k,,,,,,,,,,,,,,
__pooled_test__,5,20,e_aurc,absolute,-0.05659328995534821,-0.06307506775373056,-0.05039128313056958,0.04340254944902602,0.09999583940437423,10286,1490,image,5000,0.95,b3_seed2,e2_combined,cross_k,,,,,,,,,,,,,,
__pooled_test__,5,20,e_aurc,relative,-0.5659564467126478,-0.606475689342625,-0.5246377374678788,0.04340254944902602,0.09999583940437423,10286,1490,image,5000,0.95,b3_seed2,e2_combined,cross_k,1.3039162600762428,1.1036587857716786,1.541139067951148,,,,,,,,,,,
__pooled_test__,5,20,rer_at_50,absolute,0.2734936188909438,0.24179205219346875,0.31035886401178064,0.7732718894009217,0.4997782705099779,10286,1490,image,5000,0.95,b3_seed2,e2_combined,cross_k,,,,,,,,,,,,,,
__pooled_test__,5,20,rer_at_80,absolute,0.1781136780596102,0.1512842432914975,0.20385343321041396,0.3577345041952903,0.1796208261356801,10286,1490,image,5000,0.95,b3_seed2,e2_combined,cross_k,,,,,,,,,,,,,,
testA,5,50,auroc_correct,absolute,0.04468087025371936,0.02713218309876728,0.06285802660886852,0.8417878287939745,0.7971069585402552,5646,750,image,5000,0.95,b3_seed2,e2_combined,cross_k,,,,,,,,,,,,,,
testA,5,50,e_aurc,absolute,-0.07768845608667538,-0.08745176431641616,-0.06835137634779902,0.03301445413228868,0.11070291021896406,5646,750,image,5000,0.95,b3_seed2,e2_combined,cross_k,,,,,,,,,,,,,,
testA,5,50,e_aurc,relative,-0.7017742887970337,-0.7455487367640712,-0.6525916711806633,0.03301445413228868,0.11070291021896406,5646,750,image,5000,0.95,b3_seed2,e2_combined,cross_k,2.353164943311748,1.8784571843700142,2.9300256846152646,,,,,,,,,,,
testA,5,50,rer_at_50,absolute,0.433249138920781,0.3896393274404275,0.47770075907744447,0.8527363184079605,0.4194871794871795,5646,750,image,5000,0.95,b3_seed2,e2_combined,cross_k,,,,,,,,,,,,,,
testA,5,50,rer_at_80,absolute,0.28752394428463945,0.24354342650116342,0.325778086846578,0.4328609333232003,0.14533698903856082,5646,750,image,5000,0.95,b3_seed2,e2_combined,cross_k,,,,,,,,,,,,,,
testB,5,50,auroc_correct,absolute,0.038206105731488194,0.01724339189612175,0.05914000318353945,0.8015971840553309,0.7633910783238427,4640,740,image,5000,0.95,b3_seed2,e2_combined,cross_k,,,,,,,,,,,,,,
testB,5,50,e_aurc,absolute,-0.0891028886723832,-0.10261602144509213,-0.07575558027679716,0.058034660328716514,0.1471375490010997,4640,740,image,5000,0.95,b3_seed2,e2_combined,cross_k,,,,,,,,,,,,,,
testB,5,50,e_aurc,relative,-0.6055754583197335,-0.6607803659035386,-0.5457807768975269,0.058034660328716514,0.1471375490010997,4640,740,image,5000,0.95,b3_seed2,e2_combined,cross_k,1.5353391950205593,1.2015800942321573,1.9479425701981548,,,,,,,,,,,
testB,5,50,rer_at_50,absolute,0.4288668507763941,0.37081273827356603,0.4819549144506486,0.6927038626609442,0.2638370118845501,4640,740,image,5000,0.95,b3_seed2,e2_combined,cross_k,,,,,,,,,,,,,,
testB,5,50,rer_at_80,absolute,0.20787579151395053,0.17198627429451765,0.2415038949314333,0.29828326180257525,0.09040747028862471,4640,740,image,5000,0.95,b3_seed2,e2_combined,cross_k,,,,,,,,,,,,,,
__pooled_test__,5,50,auroc_correct,absolute,0.039277648200086945,0.02637205888533907,0.053108025464282664,0.8243386506258332,0.7850610024257463,10286,1490,image,5000,0.95,b3_seed2,e2_combined,cross_k,,,,,,,,,,,,,,
__pooled_test__,5,50,e_aurc,absolute,-0.08169410199846064,-0.08994446387391457,-0.07404234869671941,0.04340254944902602,0.12509665144748666,10286,1490,image,5000,0.95,b3_seed2,e2_combined,cross_k,,,,,,,,,,,,,,
__pooled_test__,5,50,e_aurc,relative,-0.6530478718109762,-0.6893675631051777,-0.6156864260899554,0.04340254944902602,0.12509665144748666,10286,1490,image,5000,0.95,b3_seed2,e2_combined,cross_k,1.8822420119446213,1.6020418426179963,2.2192388212779983,,,,,,,,,,,
__pooled_test__,5,50,rer_at_50,absolute,0.4243792147842267,0.39336352863007834,0.46284582547246034,0.7732718894009217,0.34889267461669504,10286,1490,image,5000,0.95,b3_seed2,e2_combined,cross_k,,,,,,,,,,,,,,
__pooled_test__,5,50,rer_at_80,absolute,0.23974032438950543,0.2118633247634091,0.26568618404553546,0.3577345041952903,0.11799417980578487,10286,1490,image,5000,0.95,b3_seed2,e2_combined,cross_k,,,,,,,,,,,,,,
testA,5,20,auroc_correct,absolute,0.02874510842451905,0.011164110683637728,0.04653163198802251,0.8157779300009327,0.7870328215764136,5646,750,image,5000,0.95,b3_seed2,e3_full,cross_k,,,,,,,,,,,,,,
testA,5,20,e_aurc,absolute,-0.05843200146929404,-0.06748115515391649,-0.049931807845407905,0.04027924666125495,0.09871124813054899,5646,750,image,5000,0.95,b3_seed2,e3_full,cross_k,,,,,,,,,,,,,,
testA,5,20,e_aurc,relative,-0.5919487654741811,-0.6460323067842323,-0.5325471251496576,0.04027924666125495,0.09871124813054899,5646,750,image,5000,0.95,b3_seed2,e3_full,cross_k,1.4506726493844886,1.13925307512582,1.8251165831409113,,,,,,,,,,,
testA,5,20,rer_at_50,absolute,0.25702195544019013,0.20381413858190606,0.3079398673855266,0.7651741293532338,0.5081521739130437,5646,750,image,5000,0.95,b3_seed2,e3_full,cross_k,,,,,,,,,,,,,,
testA,5,20,rer_at_80,absolute,0.16840996670304695,0.13053843718017785,0.21232618285837684,0.3781369882929826,0.20972702158993564,5646,750,image,5000,0.95,b3_seed2,e3_full,cross_k,,,,,,,,,,,,,,
testB,5,20,auroc_correct,absolute,0.0345212902339902,0.013479345562227548,0.05572104468136922,0.7731929477876925,0.7386716575537023,4640,740,image,5000,0.95,b3_seed2,e3_full,cross_k,,,,,,,,,,,,,,
testB,5,20,e_aurc,absolute,-0.07600761698251376,-0.08980518773474001,-0.06299368980739162,0.0692729038375978,0.14528052082011156,4640,740,image,5000,0.95,b3_seed2,e3_full,cross_k,,,,,,,,,,,,,,
testB,5,20,e_aurc,relative,-0.5231783074114078,-0.5823245039342151,-0.45675837693803206,0.0692729038375978,0.14528052082011156,4640,740,image,5000,0.95,b3_seed2,e3_full,cross_k,1.0972200206982041,0.8408015099497068,1.3942031778720807,,,,,,,,,,,
testB,5,20,rer_at_50,absolute,0.2772539646435457,0.22070773663413162,0.3350651693488354,0.6343347639484979,0.3570807993049522,4640,740,image,5000,0.95,b3_seed2,e3_full,cross_k,,,,,,,,,,,,,,
testB,5,20,rer_at_80,absolute,0.13450470387757607,0.09867933515519611,0.17049633386192467,0.2542918454935621,0.11978714161598603,4640,740,image,5000,0.95,b3_seed2,e3_full,cross_k,,,,,,,,,,,,,,
__pooled_test__,5,20,auroc_correct,absolute,0.029744945218788676,0.01646034924776964,0.043586781855718404,0.7995339183225716,0.7697889731037829,10286,1490,image,5000,0.95,b3_seed2,e3_full,cross_k,,,,,,,,,,,,,,
__pooled_test__,5,20,e_aurc,absolute,-0.06469757587570821,-0.07249842554593197,-0.05756588844354788,0.05163478830224241,0.11633236417795062,10286,1490,image,5000,0.95,b3_seed2,e3_full,cross_k,,,,,,,,,,,,,,
__pooled_test__,5,20,e_aurc,relative,-0.556144253861651,-0.5982984741876128,-0.5137560119932506,0.05163478830224241,0.11633236417795062,10286,1490,image,5000,0.95,b3_seed2,e3_full,cross_k,1.252984238010297,1.0565806974792238,1.4894105094015635,,,,,,,,,,,
__pooled_test__,5,20,rer_at_50,absolute,0.2820603472059016,0.2437725468894468,0.31870283031163005,0.729953917050691,0.4478935698447894,10286,1490,image,5000,0.95,b3_seed2,e3_full,cross_k,,,,,,,,,,,,,,
__pooled_test__,5,20,rer_at_80,absolute,0.15297558038244408,0.12845342674157945,0.18199188359067459,0.32317313222373645,0.17019755184129237,10286,1490,image,5000,0.95,b3_seed2,e3_full,cross_k,,,,,,,,,,,,,,
testA,5,50,auroc_correct,absolute,0.049388247977292576,0.030185699353482046,0.06916592277127916,0.8157779300009327,0.7663896820236401,5646,750,image,5000,0.95,b3_seed2,e3_full,cross_k,,,,,,,,,,,,,,
testA,5,50,e_aurc,absolute,-0.09309812011812493,-0.10479508415129381,-0.08202520113648427,0.04027924666125495,0.1333773667793799,5646,750,image,5000,0.95,b3_seed2,e3_full,cross_k,,,,,,,,,,,,,,
testA,5,50,e_aurc,relative,-0.6980053840178069,-0.742862485053924,-0.6489083679683604,0.04027924666125495,0.1333773667793799,5646,750,image,5000,0.95,b3_seed2,e3_full,cross_k,2.3113173118919583,1.8482592826646524,2.8889696830495892,,,,,,,,,,,
testA,5,50,rer_at_50,absolute,0.40038780456690914,0.34680638235784716,0.4503534757688024,0.7651741293532338,0.36478632478632467,5646,750,image,5000,0.95,b3_seed2,e3_full,cross_k,,,,,,,,,,,,,,
testA,5,50,rer_at_80,absolute,0.24433794990240112,0.20824780931526113,0.2911660265833448,0.3781369882929826,0.13379903839058147,5646,750,image,5000,0.95,b3_seed2,e3_full,cross_k,,,,,,,,,,,,,,
testB,5,50,auroc_correct,absolute,0.05339227568207883,0.028850240232890366,0.07751102001222987,0.7731929477876925,0.7198006721056137,4640,740,image,5000,0.95,b3_seed2,e3_full,cross_k,,,,,,,,,,,,,,
testB,5,50,e_aurc,absolute,-0.10997864132421117,-0.1261723221755121,-0.09403216720013789,0.0692729038375978,0.17925154516180897,4640,740,image,5000,0.95,b3_seed2,e3_full,cross_k,,,,,,,,,,,,,,
testB,5,50,e_aurc,relative,-0.6135436167366608,-0.6690186396430239,-0.5520950159727531,0.0692729038375978,0.17925154516180897,4640,740,image,5000,0.95,b3_seed2,e3_full,cross_k,1.5876141352763729,1.2326163710184752,2.0213181761095598,,,,,,,,,,,
testB,5,50,rer_at_50,absolute,0.40988654663101065,0.3521197652688326,0.46921687273810325,0.6343347639484979,0.22444821731748724,4640,740,image,5000,0.95,b3_seed2,e3_full,cross_k,,,,,,,,,,,,,,
testB,5,50,rer_at_80,absolute,0.17407113242055694,0.13692626151521736,0.21189473198410755,0.2542918454935621,0.08022071307300514,4640,740,image,5000,0.95,b3_seed2,e3_full,cross_k,,,,,,,,,,,,,,
__pooled_test__,5,50,auroc_correct,absolute,0.046950892065257266,0.03188679218723291,0.062083067002136484,0.7995339183225716,0.7525830262573143,10286,1490,image,5000,0.95,b3_seed2,e3_full,cross_k,,,,,,,,,,,,,,
__pooled_test__,5,50,e_aurc,absolute,-0.09748963079056164,-0.10726485802886322,-0.08806495090826733,0.05163478830224241,0.14912441909280405,10286,1490,image,5000,0.95,b3_seed2,e3_full,cross_k,,,,,,,,,,,,,,
__pooled_test__,5,50,e_aurc,relative,-0.6537469274558667,-0.6886006620235956,-0.6164286305044258,0.05163478830224241,0.14912441909280405,10286,1490,image,5000,0.95,b3_seed2,e3_full,cross_k,1.888061014599489,1.6070767516227207,2.211310616452797,,,,,,,,,,,
__pooled_test__,5,50,rer_at_50,absolute,0.42705783527897045,0.38768709977291904,0.4633727794985786,0.729953917050691,0.30289608177172056,10286,1490,image,5000,0.95,b3_seed2,e3_full,cross_k,,,,,,,,,,,,,,
__pooled_test__,5,50,rer_at_80,absolute,0.2171037051776995,0.18990862631882383,0.24586476461776693,0.32317313222373645,0.10606942704603693,10286,1490,image,5000,0.95,b3_seed2,e3_full,cross_k,,,,,,,,,,,,,,
testA,5,20,auroc_correct,absolute,0.015582850477075083,-0.0025869332473050727,0.03402481741689422,0.8021845094716035,0.7866016589945284,5646,750,image,5000,0.95,b3_seed2,e3_top5,cross_k,,,,,,,,,,,,,,
testA,5,20,e_aurc,absolute,-0.054258732022525624,-0.06346921612193687,-0.04549668705064302,0.044670493016346596,0.09892922503887222,5646,750,image,5000,0.95,b3_seed2,e3_top5,cross_k,,,,,,,,,,,,,,
testA,5,20,e_aurc,relative,-0.548460093579079,-0.6075636185311986,-0.4847158545013016,0.044670493016346596,0.09892922503887222,5646,750,image,5000,0.95,b3_seed2,e3_top5,cross_k,1.2146436799493199,0.940676826049417,1.5481837240910847,,,,,,,,,,,
testA,5,20,rer_at_50,absolute,0.20834144494916707,0.15357485293437534,0.2642846383722841,0.7273631840796018,0.5190217391304347,5646,750,image,5000,0.95,b3_seed2,e3_top5,cross_k,,,,,,,,,,,,,,
testA,5,20,rer_at_80,absolute,0.16355504161436699,0.12204874190500731,0.204628414207529,0.36818718010567025,0.20463213849130327,5646,750,image,5000,0.95,b3_seed2,e3_top5,cross_k,,,,,,,,,,,,,,
testB,5,20,auroc_correct,absolute,0.03824377692700531,0.017494656668398577,0.058833264711769105,0.7734442832000494,0.7352005062730441,4640,740,image,5000,0.95,b3_seed2,e3_top5,cross_k,,,,,,,,,,,,,,
testB,5,20,e_aurc,absolute,-0.07681201434060105,-0.08998817076752992,-0.06405901599289052,0.06951252658384842,0.14632454092444946,4640,740,image,5000,0.95,b3_seed2,e3_top5,cross_k,,,,,,,,,,,,,,
testB,5,20,e_aurc,relative,-0.5249428008133014,-0.5817921686295796,-0.46262738026922784,0.06951252658384842,0.14632454092444946,4640,740,image,5000,0.95,b3_seed2,e3_top5,cross_k,1.1050096740182176,0.8609061259969064,1.3911556049132596,,,,,,,,,,,
testB,5,20,rer_at_50,absolute,0.27485634809066956,0.2136313450462604,0.3299084362841279,0.617167381974249,0.3423110338835795,4640,740,image,5000,0.95,b3_seed2,e3_top5,cross_k,,,,,,,,,,,,,,
testB,5,20,rer_at_80,absolute,0.14577732369314989,0.11098787112916517,0.18065341900471085,0.2650214592274679,0.11924413553431802,4640,740,image,5000,0.95,b3_seed2,e3_top5,cross_k,,,,,,,,,,,,,,
__pooled_test__,5,20,auroc_correct,absolute,0.023369820843603617,0.010038907711714878,0.037470654131627805,0.7915842688845837,0.76821444804098,10286,1490,image,5000,0.95,b3_seed2,e3_top5,cross_k,,,,,,,,,,,,,,
__pooled_test__,5,20,e_aurc,absolute,-0.06150106033851041,-0.06938815116262345,-0.054406209908137805,0.055273388270756285,0.1167744486092667,10286,1490,image,5000,0.95,b3_seed2,e3_top5,cross_k,,,,,,,,,,,,,,
__pooled_test__,5,20,e_aurc,relative,-0.5266653884557924,-0.5715904998719806,-0.4828302966606014,0.055273388270756285,0.1167744486092667,10286,1490,image,5000,0.95,b3_seed2,e3_top5,cross_k,1.112670351186866,0.9336012793149611,1.3342152769748925,,,,,,,,,,,
__pooled_test__,5,20,rer_at_50,absolute,0.25137584681251074,0.21313759662770365,0.28734212756720034,0.704147465437788,0.4527716186252772,10286,1490,image,5000,0.95,b3_seed2,e3_top5,cross_k,,,,,,,,,,,,,,
__pooled_test__,5,20,rer_at_80,absolute,0.16414863588899073,0.13622992340399373,0.19018678890956095,0.3254772236885067,0.16132858779951595,10286,1490,image,5000,0.95,b3_seed2,e3_top5,cross_k,,,,,,,,,,,,,,
testA,5,50,auroc_correct,absolute,0.03370446976774899,0.014429129132480007,0.05341748150421115,0.8021845094716035,0.7684800397038545,5646,750,image,5000,0.95,b3_seed2,e3_top5,cross_k,,,,,,,,,,,,,,
testA,5,50,e_aurc,absolute,-0.08403300023626317,-0.0951575357428165,-0.07347613261451177,0.044670493016346596,0.12870349325260977,5646,750,image,5000,0.95,b3_seed2,e3_top5,cross_k,,,,,,,,,,,,,,
testA,5,50,e_aurc,relative,-0.6529193428443264,-0.7022447797215451,-0.6001533717886763,0.044670493016346596,0.12870349325260977,5646,750,image,5000,0.95,b3_seed2,e3_top5,cross_k,1.8811746762121555,1.5009589413656084,2.358463368215071,,,,,,,,,,,
testA,5,50,rer_at_50,absolute,0.3550554917719096,0.29861562378706025,0.40735715429556446,0.7273631840796018,0.3723076923076922,5646,750,image,5000,0.95,b3_seed2,e3_top5,cross_k,,,,,,,,,,,,,,
testA,5,50,rer_at_80,absolute,0.24122544580278035,0.20305202397652303,0.28458154204867897,0.36818718010567025,0.1269617343028899,5646,750,image,5000,0.95,b3_seed2,e3_top5,cross_k,,,,,,,,,,,,,,
testB,5,50,auroc_correct,absolute,0.05600679853778001,0.03217800251491129,0.07907636560677375,0.7734442832000494,0.7174374846622694,4640,740,image,5000,0.95,b3_seed2,e3_top5,cross_k,,,,,,,,,,,,,,
testB,5,50,e_aurc,absolute,-0.10971381625666983,-0.1248351503519484,-0.09461969555544744,0.06951252658384842,0.17922634284051825,4640,740,image,5000,0.95,b3_seed2,e3_top5,cross_k,,,,,,,,,,,,,,
testB,5,50,e_aurc,relative,-0.6121522903265227,-0.6651427803437905,-0.5536535900016248,0.06951252658384842,0.17922634284051825,4640,740,image,5000,0.95,b3_seed2,e3_top5,cross_k,1.578331584945761,1.2404123290778575,1.9863474379518467,,,,,,,,,,,
testB,5,50,rer_at_50,absolute,0.4008685704292575,0.33837358047254434,0.4574692738640125,0.617167381974249,0.21629881154499153,4640,740,image,5000,0.95,b3_seed2,e3_top5,cross_k,,,,,,,,,,,,,,
testB,5,50,rer_at_80,absolute,0.18692298724105033,0.14980392254272745,0.220186289472647,0.2650214592274679,0.07809847198641758,4640,740,image,5000,0.95,b3_seed2,e3_top5,cross_k,,,,,,,,,,,,,,
__pooled_test__,5,50,auroc_correct,absolute,0.03917732912086247,0.024511510244016765,0.053905049260173754,0.7915842688845837,0.7524069397637212,10286,1490,image,5000,0.95,b3_seed2,e3_top5,cross_k,,,,,,,,,,,,,,
__pooled_test__,5,50,e_aurc,absolute,-0.09103788384067824,-0.10047277449823083,-0.08219747867342814,0.055273388270756285,0.14631127211143452,10286,1490,image,5000,0.95,b3_seed2,e3_top5,cross_k,,,,,,,,,,,,,,
__pooled_test__,5,50,e_aurc,relative,-0.6222205748531896,-0.6589880382394396,-0.5825140510759989,0.055273388270756285,0.14631127211143452,10286,1490,image,5000,0.95,b3_seed2,e3_top5,cross_k,1.6470472805960408,1.3952901949810035,1.9324484538232838,,,,,,,,,,,
__pooled_test__,5,50,rer_at_50,absolute,0.39545922012262624,0.35777728356937094,0.4322481892013645,0.704147465437788,0.3086882453151617,10286,1490,image,5000,0.95,b3_seed2,e3_top5,cross_k,,,,,,,,,,,,,,
__pooled_test__,5,50,rer_at_80,absolute,0.2189819126153357,0.1912754128988508,0.24823635091511556,0.3254772236885067,0.10649531107317098,10286,1490,image,5000,0.95,b3_seed2,e3_top5,cross_k,,,,,,,,,,,,,,
testA,5,20,auroc_correct,absolute,0.042566372289610466,0.026861538387941433,0.05870330656735072,0.856213173555868,0.8136468012662575,5646,750,image,5000,0.95,b3_seed3,msp,cross_k,,,,,,,,,,,,,,
testA,5,20,e_aurc,absolute,-0.05317214554459992,-0.06078058150540512,-0.04584318467886832,0.02841594668759482,0.08158809223219474,5646,750,image,5000,0.95,b3_seed3,msp,cross_k,,,,,,,,,,,,,,
testA,5,20,e_aurc,relative,-0.6517145344356776,-0.6983126676068615,-0.601087058726067,0.02841594668759482,0.08158809223219474,5646,750,image,5000,0.95,b3_seed3,msp,cross_k,1.8712079568974063,1.506812631363848,2.3146900536641284,,,,,,,,,,,
testA,5,20,rer_at_50,absolute,0.2713639977027523,0.2265253575276427,0.31628837692368006,0.8756371049949029,0.6042731072921506,5646,750,image,5000,0.95,b3_seed3,msp,cross_k,,,,,,,,,,,,,,
testA,5,20,rer_at_80,absolute,0.2080024635590785,0.1732105181898697,0.2528291787126102,0.4521139643033895,0.244111500744311,5646,750,image,5000,0.95,b3_seed3,msp,cross_k,,,,,,,,,,,,,,
testB,5,20,auroc_correct,absolute,0.046552646020352806,0.028323488251861352,0.06513326750700471,0.81874064396318,0.7721879979428272,4640,740,image,5000,0.95,b3_seed3,msp,cross_k,,,,,,,,,,,,,,
testB,5,20,e_aurc,absolute,-0.0705677952155363,-0.0816238649054615,-0.06014010419293815,0.051922920134108375,0.12249071534964467,4640,740,image,5000,0.95,b3_seed3,msp,cross_k,,,,,,,,,,,,,,
testB,5,20,e_aurc,relative,-0.5761072993500238,-0.6282699123862115,-0.5225613127905476,0.051922920134108375,0.12249071534964467,4640,740,image,5000,0.95,b3_seed3,msp,cross_k,1.3590875673646874,1.0945097806062372,1.690123918726097,,,,,,,,,,,
testB,5,20,rer_at_50,absolute,0.332096466609096,0.2761011361307107,0.38448308732649294,0.7374784110535405,0.40538194444444453,4640,740,image,5000,0.95,b3_seed3,msp,cross_k,,,,,,,,,,,,,,
testB,5,20,rer_at_80,absolute,0.17990507610103615,0.14981353208140263,0.21759735937353733,0.31239205526770275,0.1324869791666666,4640,740,image,5000,0.95,b3_seed3,msp,cross_k,,,,,,,,,,,,,,
__pooled_test__,5,20,auroc_correct,absolute,0.0413528141366688,0.029719266622035917,0.053296324043941176,0.841491945023976,0.8001391308873071,10286,1490,image,5000,0.95,b3_seed3,msp,cross_k,,,,,,,,,,,,,,
__pooled_test__,5,20,e_aurc,absolute,-0.05898054723302396,-0.0653249825831836,-0.05290683136725813,0.037550163957510284,0.09653071119053425,10286,1490,image,5000,0.95,b3_seed3,msp,cross_k,,,,,,,,,,,,,,
__pooled_test__,5,20,e_aurc,relative,-0.611002928556146,-0.6464813111009462,-0.5726290157351256,0.037550163957510284,0.09653071119053425,10286,1490,image,5000,0.95,b3_seed3,msp,cross_k,1.5707134408191434,1.3398874439735564,1.8287047655507316,,,,,,,,,,,
__pooled_test__,5,20,rer_at_50,absolute,0.3093341254854054,0.275174018789025,0.3434980855438377,0.8251519401589527,0.5158178146735473,10286,1490,image,5000,0.95,b3_seed3,msp,cross_k,,,,,,,,,,,,,,
__pooled_test__,5,20,rer_at_80,absolute,0.19962531108303766,0.17125190939953203,0.22530860141810502,0.3910853933320912,0.19146008224905353,10286,1490,image,5000,0.95,b3_seed3,msp,cross_k,,,,,,,,,,,,,,
testA,5,50,auroc_correct,absolute,0.050496122698027945,0.03289901339331213,0.0689328737086349,0.856213173555868,0.8057170508578401,5646,750,image,5000,0.95,b3_seed3,msp,cross_k,,,,,,,,,,,,,,
testA,5,50,e_aurc,absolute,-0.07776511923872217,-0.0870631125282739,-0.0687922107697501,0.02841594668759482,0.10618106592631699,5646,750,image,5000,0.95,b3_seed3,msp,cross_k,,,,,,,,,,,,,,
testA,5,50,e_aurc,relative,-0.7323821677650731,-0.7712797784971295,-0.689307807952079,0.02841594668759482,0.10618106592631699,5646,750,image,5000,0.95,b3_seed3,msp,cross_k,2.73667177425664,2.218619667937328,3.372153863043761,,,,,,,,,,,
testA,5,50,rer_at_50,absolute,0.436137800405195,0.3921376878471967,0.4763438099278895,0.8756371049949029,0.4394993045897079,5646,750,image,5000,0.95,b3_seed3,msp,cross_k,,,,,,,,,,,,,,
testA,5,50,rer_at_80,absolute,0.29569622178039723,0.25783064131960753,0.3406124791536859,0.4521139643033895,0.1564177425229923,5646,750,image,5000,0.95,b3_seed3,msp,cross_k,,,,,,,,,,,,,,
testB,5,50,auroc_correct,absolute,0.06049552813439607,0.038789202890147305,0.08170361529686614,0.81874064396318,0.758245115828784,4640,740,image,5000,0.95,b3_seed3,msp,cross_k,,,,,,,,,,,,,,
testB,5,50,e_aurc,absolute,-0.1021939491190324,-0.11596294537756026,-0.08880942395948484,0.051922920134108375,0.15411686925314078,4640,740,image,5000,0.95,b3_seed3,msp,cross_k,,,,,,,,,,,,,,
testB,5,50,e_aurc,relative,-0.6630938560734472,-0.7108711318769726,-0.610741618505354,0.051922920134108375,0.15411686925314078,4640,740,image,5000,0.95,b3_seed3,msp,cross_k,1.9681857040220818,1.5689877149472615,2.458665357395199,,,,,,,,,,,
testB,5,50,rer_at_50,absolute,0.4635844563085219,0.41452095466492495,0.5127274593211981,0.7374784110535405,0.2738939547450186,4640,740,image,5000,0.95,b3_seed3,msp,cross_k,,,,,,,,,,,,,,
testB,5,50,rer_at_80,absolute,0.22466831328864167,0.19332378388175783,0.2651138887063659,0.31239205526770275,0.08772374197906106,4640,740,image,5000,0.95,b3_seed3,msp,cross_k,,,,,,,,,,,,,,
__pooled_test__,5,50,auroc_correct,absolute,0.05047931768517533,0.03665816563127146,0.0642258468563143,0.841491945023976,0.7910126273388006,10286,1490,image,5000,0.95,b3_seed3,msp,cross_k,,,,,,,,,,,,,,
__pooled_test__,5,50,e_aurc,absolute,-0.08540858869258836,-0.09339744805017962,-0.07772155629811155,0.037550163957510284,0.12295875265009865,10286,1490,image,5000,0.95,b3_seed3,msp,cross_k,,,,,,,,,,,,,,
__pooled_test__,5,50,e_aurc,relative,-0.6946117039397263,-0.7257694947239164,-0.660293999756822,0.037550163957510284,0.12295875265009865,10286,1490,image,5000,0.95,b3_seed3,msp,cross_k,2.274519727509899,1.943721922144889,2.646567324788475,,,,,,,,,,,
__pooled_test__,5,50,rer_at_50,absolute,0.46109506162545955,0.42610984568191423,0.4936014262241493,0.8251519401589527,0.3640568785334931,10286,1490,image,5000,0.95,b3_seed3,msp,cross_k,,,,,,,,,,,,,,
__pooled_test__,5,50,rer_at_80,absolute,0.2675845629702249,0.23621818300946212,0.2940901141690209,0.3910853933320912,0.12350083036186629,10286,1490,image,5000,0.95,b3_seed3,msp,cross_k,,,,,,,,,,,,,,
testA,5,20,auroc_correct,absolute,0.04132207802715915,0.025701023500221815,0.057402275223210834,0.8565247745754545,0.8152026965482954,5646,750,image,5000,0.95,b3_seed3,stats_logistic,cross_k,,,,,,,,,,,,,,
testA,5,20,e_aurc,absolute,-0.05206532287920926,-0.05951585348928181,-0.044959298492117154,0.028524993177269364,0.08059031605647862,5646,750,image,5000,0.95,b3_seed3,stats_logistic,cross_k,,,,,,,,,,,,,,
testA,5,20,e_aurc,relative,-0.6460493695386587,-0.6939596349587801,-0.5933659054752515,0.028524993177269364,0.08059031605647862,5646,750,image,5000,0.95,b3_seed3,stats_logistic,cross_k,1.8252527723897372,1.4592133651968973,2.267542828428244,,,,,,,,,,,
testA,5,20,rer_at_50,absolute,0.2706405447108625,0.22868357651886823,0.3202859625735175,0.8674821610601426,0.5968416163492801,5646,750,image,5000,0.95,b3_seed3,stats_logistic,cross_k,,,,,,,,,,,,,,
testA,5,20,rer_at_80,absolute,0.21367963736786613,0.175190725958416,0.2523260266530633,0.45721057858893915,0.24353094122107302,5646,750,image,5000,0.95,b3_seed3,stats_logistic,cross_k,,,,,,,,,,,,,,
testB,5,20,auroc_correct,absolute,0.04372106488456062,0.02563421053267176,0.06192977943808253,0.8193621476946824,0.7756410828101218,4640,740,image,5000,0.95,b3_seed3,stats_logistic,cross_k,,,,,,,,,,,,,,
testB,5,20,e_aurc,absolute,-0.06814899165962095,-0.0787455730741244,-0.05813603687053216,0.05184789072477132,0.11999688238439227,4640,740,image,5000,0.95,b3_seed3,stats_logistic,cross_k,,,,,,,,,,,,,,
testB,5,20,e_aurc,relative,-0.5679230185440629,-0.6200801783326817,-0.512965314239258,0.05184789072477132,0.11999688238439227,4640,740,image,5000,0.95,b3_seed3,stats_logistic,cross_k,1.3144023933660518,1.0532418516311883,1.6321343161601685,,,,,,,,,,,
testB,5,20,rer_at_50,absolute,0.32253886010362687,0.2722248902123726,0.3749460024620494,0.7392055267702935,0.41666666666666663,4640,740,image,5000,0.95,b3_seed3,stats_logistic,cross_k,,,,,,,,,,,,,,
testB,5,20,rer_at_80,absolute,0.19014577036557306,0.15560428186844155,0.22332074825513606,0.32534542314335074,0.13519965277777768,4640,740,image,5000,0.95,b3_seed3,stats_logistic,cross_k,,,,,,,,,,,,,,
__pooled_test__,5,20,auroc_correct,absolute,0.03943407854435088,0.027699857744099998,0.0512500224951739,0.842004901404665,0.8025708228603141,10286,1490,image,5000,0.95,b3_seed3,stats_logistic,cross_k,,,,,,,,,,,,,,
__pooled_test__,5,20,e_aurc,absolute,-0.057473129348819804,-0.06363564853757088,-0.05161642341071454,0.037569626654048546,0.09504275600286835,10286,1490,image,5000,0.95,b3_seed3,stats_logistic,cross_k,,,,,,,,,,,,,,
__pooled_test__,5,20,e_aurc,relative,-0.6047081520561681,-0.6409594840075916,-0.5661071180023823,0.037569626654048546,0.09504275600286835,10286,1490,image,5000,0.95,b3_seed3,stats_logistic,cross_k,1.5297764302543695,1.3047163055454103,1.7852009883506967,,,,,,,,,,,
__pooled_test__,5,20,rer_at_50,absolute,0.29987319483049435,0.2661625592844532,0.33482212124822197,0.8242169237961663,0.5243437289656719,10286,1490,image,5000,0.95,b3_seed3,stats_logistic,cross_k,,,,,,,,,,,,,,
__pooled_test__,5,20,rer_at_80,absolute,0.19735823471544972,0.1719599819724127,0.22598377690041394,0.3905010223084178,0.1931427875929681,10286,1490,image,5000,0.95,b3_seed3,stats_logistic,cross_k,,,,,,,,,,,,,,
testA,5,50,auroc_correct,absolute,0.050583158913910964,0.03274807307991262,0.06894916830666216,0.8565247745754545,0.8059416156615435,5646,750,image,5000,0.95,b3_seed3,stats_logistic,cross_k,,,,,,,,,,,,,,
testA,5,50,e_aurc,absolute,-0.07666054787803855,-0.0861535824264954,-0.06757832805130165,0.028524993177269364,0.10518554105530792,5646,750,image,5000,0.95,b3_seed3,stats_logistic,cross_k,,,,,,,,,,,,,,
testA,5,50,e_aurc,relative,-0.728812602083108,-0.7683793710854704,-0.6845863947728156,0.028524993177269364,0.10518554105530792,5646,750,image,5000,0.95,b3_seed3,stats_logistic,cross_k,2.687486983840082,2.1704402835753562,3.31740473500316,,,,,,,,,,,
testA,5,50,rer_at_50,absolute,0.4210287535497114,0.3796022260780664,0.4639314929194021,0.8674821610601426,0.4464534075104312,5646,750,image,5000,0.95,b3_seed3,stats_logistic,cross_k,,,,,,,,,,,,,,
testA,5,50,rer_at_80,absolute,0.30818124326693036,0.26802935475761974,0.3467780341809979,0.45721057858893915,0.1490293353220088,5646,750,image,5000,0.95,b3_seed3,stats_logistic,cross_k,,,,,,,,,,,,,,
testB,5,50,auroc_correct,absolute,0.05434787338536162,0.03372240455814619,0.07539644126946174,0.8193621476946824,0.7650142743093208,4640,740,image,5000,0.95,b3_seed3,stats_logistic,cross_k,,,,,,,,,,,,,,
testB,5,50,e_aurc,absolute,-0.09662499457217842,-0.11010861559147518,-0.0837931802400539,0.05184789072477132,0.14847288529694974,4640,740,image,5000,0.95,b3_seed3,stats_logistic,cross_k,,,,,,,,,,,,,,
testB,5,50,e_aurc,relative,-0.6507921926547453,-0.7006100992564919,-0.5968581565065604,0.05184789072477132,0.14847288529694974,4640,740,image,5000,0.95,b3_seed3,stats_logistic,cross_k,1.8636244063447305,1.4805165133305571,2.3401260280209493,,,,,,,,,,,
testB,5,50,rer_at_50,absolute,0.4632852295734006,0.4139232429912229,0.5141090324164491,0.7392055267702935,0.27592029719689287,4640,740,image,5000,0.95,b3_seed3,stats_logistic,cross_k,,,,,,,,,,,,,,
testB,5,50,rer_at_80,absolute,0.23846599051923717,0.20078611199616564,0.27219409570724484,0.32534542314335074,0.08687943262411357,4640,740,image,5000,0.95,b3_seed3,stats_logistic,cross_k,,,,,,,,,,,,,,
__pooled_test__,5,50,auroc_correct,absolute,0.048401127524049015,0.034798447817613605,0.062065956106178946,0.842004901404665,0.793603773880616,10286,1490,image,5000,0.95,b3_seed3,stats_logistic,cross_k,,,,,,,,,,,,,,
__pooled_test__,5,50,e_aurc,absolute,-0.08286860624279803,-0.09079378230882704,-0.0753203275374813,0.037569626654048546,0.12043823289684658,10286,1490,image,5000,0.95,b3_seed3,stats_logistic,cross_k,,,,,,,,,,,,,,
__pooled_test__,5,50,e_aurc,relative,-0.6880589680668403,-0.7208332656924462,-0.6530229091661085,0.037569626654048546,0.12043823289684658,10286,1490,image,5000,0.95,b3_seed3,stats_logistic,cross_k,2.2057340895579016,1.8820346542092903,2.582088684314067,,,,,,,,,,,
__pooled_test__,5,50,rer_at_50,absolute,0.4539924934381056,0.42126679772072484,0.48924203711097686,0.8242169237961663,0.3702244303580607,10286,1490,image,5000,0.95,b3_seed3,stats_logistic,cross_k,,,,,,,,,,,,,,
__pooled_test__,5,50,rer_at_80,absolute,0.2665719001460931,0.2390228838574858,0.2953520593759869,0.3905010223084178,0.1239291221623247,10286,1490,image,5000,0.95,b3_seed3,stats_logistic,cross_k,,,,,,,,,,,,,,
testA,5,20,auroc_correct,absolute,0.03008619871056839,0.014036060641084836,0.04628952683386296,0.8551112072572883,0.8250250085467199,5646,750,image,5000,0.95,b3_seed3,e1b_stats_semantic,cross_k,,,,,,,,,,,,,,
testA,5,20,e_aurc,absolute,-0.04785113516074564,-0.05533882943315996,-0.04068273730255188,0.02908809448842177,0.07693922964916741,5646,750,image,5000,0.95,b3_seed3,e1b_stats_semantic,cross_k,,,,,,,,,,,,,,
testA,5,20,e_aurc,relative,-0.6219341599719729,-0.6746008340116934,-0.5650632389151536,0.02908809448842177,0.07693922964916741,5646,750,image,5000,0.95,b3_seed3,e1b_stats_semantic,cross_k,1.6450419321826777,1.2991848228826133,2.073148626434818,,,,,,,,,,,
testA,5,20,rer_at_50,absolute,0.25040942799393784,0.20173345229739792,0.298047379429445,0.8593272171253824,0.6089177891314446,5646,750,image,5000,0.95,b3_seed3,e1b_stats_semantic,cross_k,,,,,,,,,,,,,,
testA,5,20,rer_at_80,absolute,0.20568022546612721,0.16741343568112574,0.24747616269724632,0.4521139643033895,0.2464337388372623,5646,750,image,5000,0.95,b3_seed3,e1b_stats_semantic,cross_k,,,,,,,,,,,,,,
testB,5,20,auroc_correct,absolute,0.034559033880375956,0.016032970276177935,0.05269120147104004,0.8222759734494399,0.787716939569064,4640,740,image,5000,0.95,b3_seed3,e1b_stats_semantic,cross_k,,,,,,,,,,,,,,
testB,5,20,e_aurc,absolute,-0.06345825803773285,-0.074083143422868,-0.05365383393936973,0.051304369937058905,0.11476262797479175,4640,740,image,5000,0.95,b3_seed3,e1b_stats_semantic,cross_k,,,,,,,,,,,,,,
testB,5,20,e_aurc,relative,-0.5529522908073506,-0.6084858138551742,-0.49431827936026024,0.051304369937058905,0.11476262797479175,4640,740,image,5000,0.95,b3_seed3,e1b_stats_semantic,cross_k,1.2368977168140751,0.977528471337458,1.5541858644940338,,,,,,,,,,,
testB,5,20,rer_at_50,absolute,0.3138313183649973,0.264404025502188,0.3693942765374978,0.7443868739205528,0.4305555555555555,4640,740,image,5000,0.95,b3_seed3,e1b_stats_semantic,cross_k,,,,,,,,,,,,,,
testB,5,20,rer_at_80,absolute,0.18411604508491675,0.14519765507555557,0.21494883510516474,0.3372193436960278,0.15310329861111105,4640,740,image,5000,0.95,b3_seed3,e1b_stats_semantic,cross_k,,,,,,,,,,,,,,
__pooled_test__,5,20,auroc_correct,absolute,0.030032569051701707,0.018047794373495733,0.04200401350568168,0.8427047577665493,0.8126721887148476,10286,1490,image,5000,0.95,b3_seed3,e1b_stats_semantic,cross_k,,,,,,,,,,,,,,
__pooled_test__,5,20,e_aurc,absolute,-0.05317315069851488,-0.05927771524343205,-0.04727279444492006,0.03772242852911376,0.09089557922762864,10286,1490,image,5000,0.95,b3_seed3,e1b_stats_semantic,cross_k,,,,,,,,,,,,,,
__pooled_test__,5,20,e_aurc,relative,-0.5849916041060043,-0.6238233175734982,-0.5435770841865921,0.03772242852911376,0.09089557922762864,10286,1490,image,5000,0.95,b3_seed3,e1b_stats_semantic,cross_k,1.4095898056371534,1.1909504657930323,1.6583253208294804,,,,,,,,,,,
__pooled_test__,5,20,rer_at_50,absolute,0.2706661535300229,0.2383063163558027,0.30761617435871796,0.8120617110799442,0.5413955575499213,10286,1490,image,5000,0.95,b3_seed3,e1b_stats_semantic,cross_k,,,,,,,,,,,,,,
__pooled_test__,5,20,rer_at_80,absolute,0.19799072424163322,0.16885107454605197,0.22489880109888905,0.3992665876635218,0.20127586342188858,10286,1490,image,5000,0.95,b3_seed3,e1b_stats_semantic,cross_k,,,,,,,,,,,,,,
testA,5,50,auroc_correct,absolute,0.038205582216492506,0.020263076075825445,0.056355690169667835,0.8551112072572883,0.8169056250407958,5646,750,image,5000,0.95,b3_seed3,e1b_stats_semantic,cross_k,,,,,,,,,,,,,,
testA,5,50,e_aurc,absolute,-0.07115981555241678,-0.0808100749492082,-0.06208248279306608,0.02908809448842177,0.10024791004083855,5646,750,image,5000,0.95,b3_seed3,e1b_stats_semantic,cross_k,,,,,,,,,,,,,,
testA,5,50,e_aurc,relative,-0.709838394869559,-0.7534875797912565,-0.6608798203328755,0.02908809448842177,0.10024791004083855,5646,750,image,5000,0.95,b3_seed3,e1b_stats_semantic,cross_k,2.446355349290455,1.9488071190030203,3.056590735481859,,,,,,,,,,,
testA,5,50,rer_at_50,absolute,0.3913160905607093,0.3472801528715693,0.43696605050672543,0.8593272171253824,0.4680111265646731,5646,750,image,5000,0.95,b3_seed3,e1b_stats_semantic,cross_k,,,,,,,,,,,,,,
testA,5,50,rer_at_80,absolute,0.29135009989746574,0.2538669796194329,0.3348470819263067,0.4521139643033895,0.1607638644059238,5646,750,image,5000,0.95,b3_seed3,e1b_stats_semantic,cross_k,,,,,,,,,,,,,,
testB,5,50,auroc_correct,absolute,0.041543967798853054,0.02081826163223461,0.06261170477465972,0.8222759734494399,0.7807320056505869,4640,740,image,5000,0.95,b3_seed3,e1b_stats_semantic,cross_k,,,,,,,,,,,,,,
testB,5,50,e_aurc,absolute,-0.08952546092204076,-0.10309154603697174,-0.07657641965187892,0.051304369937058905,0.14082983085909967,4640,740,image,5000,0.95,b3_seed3,e1b_stats_semantic,cross_k,,,,,,,,,,,,,,
testB,5,50,e_aurc,relative,-0.6356995558108072,-0.6884952111374122,-0.5782995972889599,0.051304369937058905,0.14082983085909967,4640,740,image,5000,0.95,b3_seed3,e1b_stats_semantic,cross_k,1.7449870455844632,1.3713517785877607,2.2102235206442487,,,,,,,,,,,
testB,5,50,rer_at_50,absolute,0.45293128459262305,0.40284746507649366,0.5076443333037063,0.7443868739205528,0.29145558932792975,4640,740,image,5000,0.95,b3_seed3,e1b_stats_semantic,cross_k,,,,,,,,,,,,,,
testB,5,50,rer_at_80,absolute,0.23640880671527809,0.19588046439863016,0.26892241757473506,0.3372193436960278,0.10081053698074971,4640,740,image,5000,0.95,b3_seed3,e1b_stats_semantic,cross_k,,,,,,,,,,,,,,
__pooled_test__,5,50,auroc_correct,absolute,0.03704548485330528,0.023407308135938006,0.050680207605533316,0.8427047577665493,0.805659272913244,10286,1490,image,5000,0.95,b3_seed3,e1b_stats_semantic,cross_k,,,,,,,,,,,,,,
__pooled_test__,5,50,e_aurc,absolute,-0.07699812874512416,-0.08514129008858874,-0.06945023287516089,0.03772242852911376,0.11472055727423791,10286,1490,image,5000,0.95,b3_seed3,e1b_stats_semantic,cross_k,,,,,,,,,,,,,,
__pooled_test__,5,50,e_aurc,relative,-0.6711798702394828,-0.705951375579328,-0.6336410153099327,0.03772242852911376,0.11472055727423791,10286,1490,image,5000,0.95,b3_seed3,e1b_stats_semantic,cross_k,2.041176343821497,1.729563192904852,2.400798088990137,,,,,,,,,,,
__pooled_test__,5,50,rer_at_50,absolute,0.4288168935366857,0.3942832456537919,0.46197454723087583,0.8120617110799442,0.3832448175432585,10286,1490,image,5000,0.95,b3_seed3,e1b_stats_semantic,cross_k,,,,,,,,,,,,,,
__pooled_test__,5,50,rer_at_80,absolute,0.26762821309294577,0.2385138493414649,0.29599142715090876,0.3992665876635218,0.13163837457057603,10286,1490,image,5000,0.95,b3_seed3,e1b_stats_semantic,cross_k,,,,,,,,,,,,,,
testA,5,20,auroc_correct,absolute,0.0330216945932128,0.0168217675734705,0.04912365305216469,0.842873765532251,0.8098520709390382,5646,750,image,5000,0.95,b3_seed3,e2_combined,cross_k,,,,,,,,,,,,,,
testA,5,20,e_aurc,absolute,-0.05178639622464373,-0.05961958702550362,-0.04412887802695742,0.032287130622961596,0.08407352684760533,5646,750,image,5000,0.95,b3_seed3,e2_combined,cross_k,,,,,,,,,,,,,,
testA,5,20,e_aurc,relative,-0.6159655502321628,-0.6688101169589292,-0.5584705980541175,0.032287130622961596,0.08407352684760533,5646,750,image,5000,0.95,b3_seed3,e2_combined,cross_k,1.6039330601838884,1.2648548332067096,2.0194159037037682,,,,,,,,,,,
testA,5,20,rer_at_50,absolute,0.2517739512417303,0.20453692470188864,0.29848027652600767,0.8328236493374108,0.5810496980956805,5646,750,image,5000,0.95,b3_seed3,e2_combined,cross_k,,,,,,,,,,,,,,
testA,5,20,rer_at_80,absolute,0.21440400521337394,0.16959040455509952,0.25150936156503456,0.4457431964464522,0.23133919123307828,5646,750,image,5000,0.95,b3_seed3,e2_combined,cross_k,,,,,,,,,,,,,,
testB,5,20,auroc_correct,absolute,0.036128977922898486,0.017634878635348815,0.05494882415320371,0.8029585164859693,0.7668295385630708,4640,740,image,5000,0.95,b3_seed3,e2_combined,cross_k,,,,,,,,,,,,,,
testB,5,20,e_aurc,absolute,-0.06861511413990092,-0.07965981594316515,-0.058053519646044355,0.05773741149501625,0.12635252563491717,4640,740,image,5000,0.95,b3_seed3,e2_combined,cross_k,,,,,,,,,,,,,,
testB,5,20,e_aurc,relative,-0.5430450542647429,-0.5975721424995133,-0.4848840415566235,0.05773741149501625,0.12635252563491717,4640,740,image,5000,0.95,b3_seed3,e2_combined,cross_k,1.1883995552142754,0.9413104634185467,1.4849174364098057,,,,,,,,,,,
testB,5,20,rer_at_50,absolute,0.3356676381692573,0.28187214958188506,0.3839589397253237,0.7184801381692574,0.38281250000000006,4640,740,image,5000,0.95,b3_seed3,e2_combined,cross_k,,,,,,,,,,,,,,
testB,5,20,rer_at_80,absolute,0.14910990572826713,0.11339876616464956,0.1827160586637229,0.2875647668393782,0.13845486111111108,4640,740,image,5000,0.95,b3_seed3,e2_combined,cross_k,,,,,,,,,,,,,,
__pooled_test__,5,20,auroc_correct,absolute,0.03224375357609621,0.020084645167926154,0.044798838624532024,0.8271646871164053,0.7949209335403091,10286,1490,image,5000,0.95,b3_seed3,e2_combined,cross_k,,,,,,,,,,,,,,
__pooled_test__,5,20,e_aurc,absolute,-0.05758209722097263,-0.06406830498742262,-0.05151394749014906,0.042277770188008795,0.09985986740898142,10286,1490,image,5000,0.95,b3_seed3,e2_combined,cross_k,,,,,,,,,,,,,,
__pooled_test__,5,20,e_aurc,relative,-0.5766290173923632,-0.6161507147324994,-0.5358687371483253,0.042277770188008795,0.09985986740898142,10286,1490,image,5000,0.95,b3_seed3,e2_combined,cross_k,1.3619946597208332,1.154562900710216,1.6051891676784296,,,,,,,,,,,
__pooled_test__,5,20,rer_at_50,absolute,0.28049693696653377,0.24415195855385238,0.31485604527873784,0.7886863020102852,0.5081893650437515,10286,1490,image,5000,0.95,b3_seed3,e2_combined,cross_k,,,,,,,,,,,,,,
__pooled_test__,5,20,rer_at_80,absolute,0.1794985346120786,0.15103125758406785,0.20732238499980457,0.36478869726677876,0.18529016265470016,10286,1490,image,5000,0.95,b3_seed3,e2_combined,cross_k,,,,,,,,,,,,,,
testA,5,50,auroc_correct,absolute,0.036322347849247594,0.018480033654821017,0.054875009930114974,0.842873765532251,0.8065514176830034,5646,750,image,5000,0.95,b3_seed3,e2_combined,cross_k,,,,,,,,,,,,,,
testA,5,50,e_aurc,absolute,-0.07347598222177079,-0.08322983183152577,-0.06432486398237691,0.032287130622961596,0.10576311284473239,5646,750,image,5000,0.95,b3_seed3,e2_combined,cross_k,,,,,,,,,,,,,,
testA,5,50,e_aurc,relative,-0.6947221979901315,-0.7396334772190486,-0.6445091928490801,0.032287130622961596,0.10576311284473239,5646,750,image,5000,0.95,b3_seed3,e2_combined,cross_k,2.275704926516975,1.8130122632832544,2.8407395440822807,,,,,,,,,,,
testA,5,50,rer_at_50,absolute,0.3801115491983288,0.33539616071631134,0.4289469493163148,0.8328236493374108,0.45271210013908203,5646,750,image,5000,0.95,b3_seed3,e2_combined,cross_k,,,,,,,,,,,,,,
testA,5,50,rer_at_80,absolute,0.2901946783000462,0.2464228250957757,0.32730318015786086,0.4457431964464522,0.15554851814640602,5646,750,image,5000,0.95,b3_seed3,e2_combined,cross_k,,,,,,,,,,,,,,
testB,5,50,auroc_correct,absolute,0.04761191115266972,0.026574296571125873,0.06941757506574311,0.8029585164859693,0.7553466053332996,4640,740,image,5000,0.95,b3_seed3,e2_combined,cross_k,,,,,,,,,,,,,,
testB,5,50,e_aurc,absolute,-0.09587591856183121,-0.10960631746925592,-0.08255904978578815,0.05773741149501625,0.15361333005684746,4640,740,image,5000,0.95,b3_seed3,e2_combined,cross_k,,,,,,,,,,,,,,
testB,5,50,e_aurc,relative,-0.624138012803645,-0.6758140584862462,-0.5671107011548452,0.05773741149501625,0.15361333005684746,4640,740,image,5000,0.95,b3_seed3,e2_combined,cross_k,1.6605510375210875,1.3100594139604766,2.084649492604769,,,,,,,,,,,
testB,5,50,rer_at_50,absolute,0.46079692303923375,0.40563784911889894,0.508494191921587,0.7184801381692574,0.2576832151300236,4640,740,image,5000,0.95,b3_seed3,e2_combined,cross_k,,,,,,,,,,,,,,
testB,5,50,rer_at_80,absolute,0.20068533421526463,0.16390033537380821,0.23738673919244563,0.2875647668393782,0.08687943262411357,4640,740,image,5000,0.95,b3_seed3,e2_combined,cross_k,,,,,,,,,,,,,,
__pooled_test__,5,50,auroc_correct,absolute,0.03687843105995792,0.023603075417640885,0.050936794508761,0.8271646871164053,0.7902862560564474,10286,1490,image,5000,0.95,b3_seed3,e2_combined,cross_k,,,,,,,,,,,,,,
__pooled_test__,5,50,e_aurc,absolute,-0.08009251466455322,-0.08842538423135224,-0.0724212427638637,0.042277770188008795,0.12237028485256202,10286,1490,image,5000,0.95,b3_seed3,e2_combined,cross_k,,,,,,,,,,,,,,
__pooled_test__,5,50,e_aurc,relative,-0.6545095058089697,-0.689875034992749,-0.6175351003350448,0.042277770188008795,0.12237028485256202,10286,1490,image,5000,0.95,b3_seed3,e2_combined,cross_k,1.8944356409617311,1.6146190170026438,2.224506611315923,,,,,,,,,,,
__pooled_test__,5,50,rer_at_50,absolute,0.42325885640466593,0.3863846634444022,0.4573187784962194,0.7886863020102852,0.3654274456056193,10286,1490,image,5000,0.95,b3_seed3,e2_combined,cross_k,,,,,,,,,,,,,,
__pooled_test__,5,50,rer_at_80,absolute,0.2425727423062877,0.2144059696292404,0.2722315763976493,0.36478869726677876,0.12221595496049106,10286,1490,image,5000,0.95,b3_seed3,e2_combined,cross_k,,,,,,,,,,,,,,
testA,5,20,auroc_correct,absolute,0.025488377343408697,0.007215414653855421,0.044266781977818255,0.8062020839683898,0.7807137066249811,5646,750,image,5000,0.95,b3_seed3,e3_full,cross_k,,,,,,,,,,,,,,
testA,5,20,e_aurc,absolute,-0.05889947219205591,-0.06812722337920346,-0.04995114078379012,0.042661911480868175,0.10156138367292408,5646,750,image,5000,0.95,b3_seed3,e3_full,cross_k,,,,,,,,,,,,,,
testA,5,20,e_aurc,relative,-0.5799396390831006,-0.6373078063325979,-0.5189921723604304,0.042661911480868175,0.10156138367292408,5646,750,image,5000,0.95,b3_seed3,e3_full,cross_k,1.3806102480539226,1.0789682465403105,1.757158873171186,,,,,,,,,,,
testA,5,20,rer_at_50,absolute,0.22340398836604236,0.1687006513695622,0.2783069328443568,0.7329255861365951,0.5095215977705527,5646,750,image,5000,0.95,b3_seed3,e3_full,cross_k,,,,,,,,,,,,,,
testA,5,20,rer_at_80,absolute,0.16591929567177585,0.12791171597974868,0.20697920446502527,0.37693890359152893,0.21101960791975308,5646,750,image,5000,0.95,b3_seed3,e3_full,cross_k,,,,,,,,,,,,,,
testB,5,20,auroc_correct,absolute,0.03343988792263053,0.01291831767915725,0.05417856381505002,0.7595954868809639,0.7261555989583334,4640,740,image,5000,0.95,b3_seed3,e3_full,cross_k,,,,,,,,,,,,,,
testB,5,20,e_aurc,absolute,-0.07881273436332298,-0.09256234074962708,-0.06555513636641166,0.07578834231249987,0.15460107667582285,4640,740,image,5000,0.95,b3_seed3,e3_full,cross_k,,,,,,,,,,,,,,
testB,5,20,e_aurc,relative,-0.509781277452436,-0.5700895691101291,-0.4454489890765938,0.07578834231249987,0.15460107667582285,4640,740,image,5000,0.95,b3_seed3,e3_full,cross_k,1.0399057685989825,0.8032606203978566,1.326065915474769,,,,,,,,,,,
testB,5,20,rer_at_50,absolute,0.25561312607944736,0.196403468934759,0.30756281904894817,0.5889464594127807,0.3333333333333333,4640,740,image,5000,0.95,b3_seed3,e3_full,cross_k,,,,,,,,,,,,,,
testB,5,20,rer_at_80,absolute,0.12870722689982733,0.09555075364089116,0.16493408393541942,0.24654576856649396,0.11783854166666663,4640,740,image,5000,0.95,b3_seed3,e3_full,cross_k,,,,,,,,,,,,,,
__pooled_test__,5,20,auroc_correct,absolute,0.026193945371150384,0.012365087045120264,0.040189743931383255,0.7890388698593682,0.7628449244882178,10286,1490,image,5000,0.95,b3_seed3,e3_full,cross_k,,,,,,,,,,,,,,
__pooled_test__,5,20,e_aurc,absolute,-0.0652059875327555,-0.0730816875003165,-0.05787834599968509,0.055170434753692765,0.12037642228644826,10286,1490,image,5000,0.95,b3_seed3,e3_full,cross_k,,,,,,,,,,,,,,
__pooled_test__,5,20,e_aurc,relative,-0.5416840465451868,-0.5849741727220007,-0.4974469004397395,0.055170434753692765,0.12037642228644826,10286,1490,image,5000,0.95,b3_seed3,e3_full,cross_k,1.181900918922721,0.9898394833799872,1.4094886011278616,,,,,,,,,,,
__pooled_test__,5,20,rer_at_50,absolute,0.2625700908258153,0.22107719501015277,0.2977964174722189,0.6998597475455819,0.4372896567197666,10286,1490,image,5000,0.95,b3_seed3,e3_full,cross_k,,,,,,,,,,,,,,
__pooled_test__,5,20,rer_at_80,absolute,0.152917847602795,0.12512678041494624,0.18006147873688383,0.3174546443492156,0.1645367967464206,10286,1490,image,5000,0.95,b3_seed3,e3_full,cross_k,,,,,,,,,,,,,,
testA,5,50,auroc_correct,absolute,0.0352186432690631,0.01417502606420084,0.05684558109555426,0.8062020839683898,0.7709834406993267,5646,750,image,5000,0.95,b3_seed3,e3_full,cross_k,,,,,,,,,,,,,,
testA,5,50,e_aurc,absolute,-0.08775322479044073,-0.09965021777197633,-0.07645567959098312,0.042661911480868175,0.1304151362713089,5646,750,image,5000,0.95,b3_seed3,e3_full,cross_k,,,,,,,,,,,,,,
testA,5,50,e_aurc,relative,-0.6728760732794349,-0.7215362268467237,-0.6211953422967725,0.042661911480868175,0.1304151362713089,5646,750,image,5000,0.95,b3_seed3,e3_full,cross_k,2.056945451911921,1.6398830628514731,2.591131401676313,,,,,,,,,,,
testA,5,50,rer_at_50,absolute,0.3546223872492516,0.29730015811761346,0.4071473670998802,0.7329255861365951,0.3783031988873435,5646,750,image,5000,0.95,b3_seed3,e3_full,cross_k,,,,,,,,,,,,,,
testA,5,50,rer_at_80,absolute,0.23790564860026264,0.19818880622107854,0.28013549849816005,0.37693890359152893,0.1390332549912663,5646,750,image,5000,0.95,b3_seed3,e3_full,cross_k,,,,,,,,,,,,,,
testB,5,50,auroc_correct,absolute,0.05738817358295578,0.03335860245680033,0.0810792212678054,0.7595954868809639,0.7022073132980081,4640,740,image,5000,0.95,b3_seed3,e3_full,cross_k,,,,,,,,,,,,,,
testB,5,50,e_aurc,absolute,-0.11500277137144177,-0.13160096205756472,-0.09882239692492555,0.07578834231249987,0.19079111368394164,4640,740,image,5000,0.95,b3_seed3,e3_full,cross_k,,,,,,,,,,,,,,
testB,5,50,e_aurc,relative,-0.6027679651891525,-0.6563531070678158,-0.5457738226044054,0.07578834231249987,0.19079111368394164,4640,740,image,5000,0.95,b3_seed3,e3_full,cross_k,1.5174203295969733,1.2015463876030206,1.9099637464126338,,,,,,,,,,,
testB,5,50,rer_at_50,absolute,0.39272896532294627,0.332229741425941,0.44667118039540993,0.5889464594127807,0.1962174940898344,4640,740,image,5000,0.95,b3_seed3,e3_full,cross_k,,,,,,,,,,,,,,
testB,5,50,rer_at_80,absolute,0.17781898707375504,0.1417931864789281,0.2133383327484387,0.24654576856649396,0.0687267814927389,4640,740,image,5000,0.95,b3_seed3,e3_full,cross_k,,,,,,,,,,,,,,
__pooled_test__,5,50,auroc_correct,absolute,0.038753113633236524,0.023417792778874826,0.05438831803904566,0.7890388698593682,0.7502857562261317,10286,1490,image,5000,0.95,b3_seed3,e3_full,cross_k,,,,,,,,,,,,,,
__pooled_test__,5,50,e_aurc,absolute,-0.09500897075765641,-0.10475346145496531,-0.08580689354449228,0.055170434753692765,0.15017940551134917,10286,1490,image,5000,0.95,b3_seed3,e3_full,cross_k,,,,,,,,,,,,,,
__pooled_test__,5,50,e_aurc,relative,-0.6326364819074777,-0.6712821701503829,-0.5935996791899127,0.055170434753692765,0.15017940551134917,10286,1490,image,5000,0.95,b3_seed3,e3_full,cross_k,1.7220993668406264,1.460627978852666,2.0421227849352843,,,,,,,,,,,
__pooled_test__,5,50,rer_at_50,absolute,0.39131083543319545,0.35153697590568966,0.4287155847134632,0.6998597475455819,0.30854891211238644,10286,1490,image,5000,0.95,b3_seed3,e3_full,cross_k,,,,,,,,,,,,,,
__pooled_test__,5,50,rer_at_80,absolute,0.21044304830499813,0.18134492644065836,0.23681193136693912,0.3174546443492156,0.10701159604421748,10286,1490,image,5000,0.95,b3_seed3,e3_full,cross_k,,,,,,,,,,,,,,
testA,5,20,auroc_correct,absolute,0.02269310532631985,0.004351044689810289,0.04163331740004078,0.7995989174814508,0.776905812155131,5646,750,image,5000,0.95,b3_seed3,e3_top5,cross_k,,,,,,,,,,,,,,
testA,5,20,e_aurc,absolute,-0.05904882465047718,-0.06858236918360014,-0.049976242258075225,0.04485273420827384,0.10390155885875102,5646,750,image,5000,0.95,b3_seed3,e3_top5,cross_k,,,,,,,,,,,,,,
testA,5,20,e_aurc,relative,-0.5683150984361178,-0.627174338537583,-0.5065966783986475,0.04485273420827384,0.10390155885875102,5646,750,image,5000,0.95,b3_seed3,e3_top5,cross_k,1.3165044604925027,1.0267394973233575,1.6822188045680053,,,,,,,,,,,
testA,5,20,rer_at_50,absolute,0.20263028190520038,0.14147319866838995,0.2524075348841525,0.7186544342507648,0.5160241523455644,5646,750,image,5000,0.95,b3_seed3,e3_top5,cross_k,,,,,,,,,,,,,,
testA,5,20,rer_at_80,absolute,0.1785631837594173,0.13840293880916607,0.21866213777353752,0.3820355178770785,0.20347233411766122,5646,750,image,5000,0.95,b3_seed3,e3_top5,cross_k,,,,,,,,,,,,,,
testB,5,20,auroc_correct,absolute,0.03803058017473537,0.016547681550460915,0.058447110812638876,0.7561026904713012,0.7180721102965658,4640,740,image,5000,0.95,b3_seed3,e3_top5,cross_k,,,,,,,,,,,,,,
testB,5,20,e_aurc,absolute,-0.08399344033132616,-0.09791162827317097,-0.07055804579475429,0.07713455138286368,0.16112799171418984,4640,740,image,5000,0.95,b3_seed3,e3_top5,cross_k,,,,,,,,,,,,,,
testB,5,20,e_aurc,relative,-0.5212839770281158,-0.5789069713865214,-0.46044627724499554,0.07713455138286368,0.16112799171418984,4640,740,image,5000,0.95,b3_seed3,e3_top5,cross_k,1.0889210972968242,0.8533835609435146,1.374772157336996,,,,,,,,,,,
testB,5,20,rer_at_50,absolute,0.2643656447898675,0.20735481442005782,0.3248014602422811,0.5751295336787564,0.3107638888888889,4640,740,image,5000,0.95,b3_seed3,e3_top5,cross_k,,,,,,,,,,,,,,
testB,5,20,rer_at_80,absolute,0.1351895329591249,0.09888795497934268,0.16848629410487326,0.25194300518134705,0.11675347222222217,4640,740,image,5000,0.95,b3_seed3,e3_top5,cross_k,,,,,,,,,,,,,,
__pooled_test__,5,20,auroc_correct,absolute,0.02670385188601665,0.012991301378603042,0.04098383970776721,0.7839946648863827,0.757290813000366,10286,1490,image,5000,0.95,b3_seed3,e3_top5,cross_k,,,,,,,,,,,,,,
__pooled_test__,5,20,e_aurc,absolute,-0.0667883766569228,-0.0747034150451631,-0.05930347739055105,0.05719274228565169,0.12398111894257449,10286,1490,image,5000,0.95,b3_seed3,e3_top5,cross_k,,,,,,,,,,,,,,
__pooled_test__,5,20,e_aurc,relative,-0.5386979664851856,-0.5807064754577025,-0.49579076963064733,0.05719274228565169,0.12398111894257449,10286,1490,image,5000,0.95,b3_seed3,e3_top5,cross_k,1.167777133737447,0.9833036362056712,1.3849640919010233,,,,,,,,,,,
__pooled_test__,5,20,rer_at_50,absolute,0.25905344750308984,0.2171761897821362,0.29545487102686185,0.6905095839177184,0.4314561364146286,10286,1490,image,5000,0.95,b3_seed3,e3_top5,cross_k,,,,,,,,,,,,,,
__pooled_test__,5,20,rer_at_80,absolute,0.15170216707071024,0.12369566316377417,0.17897588630349595,0.31511716025452113,0.1634149931838109,10286,1490,image,5000,0.95,b3_seed3,e3_top5,cross_k,,,,,,,,,,,,,,
testA,5,50,auroc_correct,absolute,0.033526655063230604,0.013000279930387323,0.05540915456920821,0.7995989174814508,0.7660722624182202,5646,750,image,5000,0.95,b3_seed3,e3_top5,cross_k,,,,,,,,,,,,,,
testA,5,50,e_aurc,absolute,-0.08812346098166252,-0.10013571095269713,-0.07710168485851145,0.04485273420827384,0.13297619518993636,5646,750,image,5000,0.95,b3_seed3,e3_top5,cross_k,,,,,,,,,,,,,,
testA,5,50,e_aurc,relative,-0.6627010259677794,-0.7127520935824634,-0.6106989654726636,0.04485273420827384,0.13297619518993636,5646,750,image,5000,0.95,b3_seed3,e3_top5,cross_k,1.9647288518122634,1.5687062486595593,2.481313449666798,,,,,,,,,,,
testA,5,50,rer_at_50,absolute,0.3473053382841445,0.28710420949160625,0.4004705368914598,0.7186544342507648,0.3713490959666203,5646,750,image,5000,0.95,b3_seed3,e3_top5,cross_k,,,,,,,,,,,,,,
testA,5,50,rer_at_80,absolute,0.24343687507410547,0.2010641357074584,0.2850181164128318,0.3820355178770785,0.13859864280297304,5646,750,image,5000,0.95,b3_seed3,e3_top5,cross_k,,,,,,,,,,,,,,
testB,5,50,auroc_correct,absolute,0.06869045288355391,0.043970471117393946,0.09305868436550245,0.7561026904713012,0.6874122375877473,4640,740,image,5000,0.95,b3_seed3,e3_top5,cross_k,,,,,,,,,,,,,,
testB,5,50,e_aurc,absolute,-0.1233233403742553,-0.13970028632877804,-0.10720192282191954,0.07713455138286368,0.20045789175711898,4640,740,image,5000,0.95,b3_seed3,e3_top5,cross_k,,,,,,,,,,,,,,
testB,5,50,e_aurc,relative,-0.615208208034422,-0.6662986602730434,-0.5619701471182241,0.07713455138286368,0.20045789175711898,4640,740,image,5000,0.95,b3_seed3,e3_top5,cross_k,1.5988080330192078,1.2829494232437617,1.9966915949999688,,,,,,,,,,,
testB,5,50,rer_at_50,absolute,0.39714912165579125,0.3405485909904632,0.45782953196054715,0.5751295336787564,0.17798041202296516,4640,740,image,5000,0.95,b3_seed3,e3_top5,cross_k,,,,,,,,,,,,,,
testB,5,50,rer_at_80,absolute,0.1861713064309249,0.14937706841714077,0.22303917293192294,0.25194300518134705,0.06577169875042214,4640,740,image,5000,0.95,b3_seed3,e3_top5,cross_k,,,,,,,,,,,,,,
__pooled_test__,5,50,auroc_correct,absolute,0.042724472829472004,0.027784490661616063,0.05805503665028073,0.7839946648863827,0.7412701920569107,10286,1490,image,5000,0.95,b3_seed3,e3_top5,cross_k,,,,,,,,,,,,,,
__pooled_test__,5,50,e_aurc,absolute,-0.09812703642943965,-0.10775691457637394,-0.08898647162963297,0.05719274228565169,0.15531977871509134,10286,1490,image,5000,0.95,b3_seed3,e3_top5,cross_k,,,,,,,,,,,,,,
__pooled_test__,5,50,e_aurc,relative,-0.6317742482072267,-0.6685903558394546,-0.5935768836259796,0.05719274228565169,0.15531977871509134,10286,1490,image,5000,0.95,b3_seed3,e3_top5,cross_k,1.715725326464323,1.4604899665198339,2.01741369818305,,,,,,,,,,,
__pooled_test__,5,50,rer_at_50,absolute,0.3997780437429712,0.35649826315995603,0.4347215909019902,0.6905095839177184,0.2907315401747472,10286,1490,image,5000,0.95,b3_seed3,e3_top5,cross_k,,,,,,,,,,,,,,
__pooled_test__,5,50,rer_at_80,absolute,0.21345921171603366,0.1847125851557039,0.24216017368327758,0.31511716025452113,0.10165794853848747,10286,1490,image,5000,0.95,b3_seed3,e3_top5,cross_k,,,,,,,,,,,,,,
__pooled_test__,,,auroc_correct,,0.0023307693176555233,-0.00036864264143488803,0.0050926827381889885,,,10286,1490,image,5000,0.95,b3_seed1,,pairwise,,,,5,e1b_stats_semantic,stats_logistic,0.844946799498492,0.8426160301808365,,,,,,
__pooled_test__,,,e_aurc,,-0.00019697787460980914,-0.0009398219389479916,0.0005265083811565962,,,10286,1490,image,5000,0.95,b3_seed1,,pairwise,,,,5,e1b_stats_semantic,stats_logistic,0.03768562195204794,0.03788259982665775,,,,,,
__pooled_test__,,,rer_at_50,,-0.01372369624885661,-0.023441437554589703,0.004545765310350406,,,10286,1490,image,5000,0.95,b3_seed1,,pairwise,,,,5,e1b_stats_semantic,stats_logistic,0.8188472095150959,0.8325709057639525,,,,,,
__pooled_test__,,,rer_at_80,,0.0028590338967011686,-0.007242480551918498,0.02013909598215162,,,10286,1490,image,5000,0.95,b3_seed1,,pairwise,,,,5,e1b_stats_semantic,stats_logistic,0.3881667461058934,0.38530771220919224,,,,,,
__pooled_test__,,,e_aurc,relative,-0.005199692616429061,-0.024730425349544765,0.014004205858307894,,,10286,1490,image,5000,0.95,b3_seed1,,pairwise_ratio,,,,5,e1b_stats_semantic,stats_logistic,0.03768562195204794,0.03788259982665775,0.005199692616429061,-0.014004205858307894,0.024730425349544765,0,5000,0.95
__pooled_test__,,,auroc_correct,,0.018986950387293144,0.0153001383334153,0.022598765531268546,,,10286,1490,image,5000,0.95,b3_seed1,,pairwise,,,,50,e1b_stats_semantic,stats_logistic,0.8136610318325221,0.794674081445229,,,,,,
__pooled_test__,,,e_aurc,,-0.009300281144515143,-0.011226275000562403,-0.007346758598655862,,,10286,1490,image,5000,0.95,b3_seed1,,pairwise,,,,50,e1b_stats_semantic,stats_logistic,0.10959612677368619,0.11889640791820133,,,,,,
__pooled_test__,,,rer_at_50,,0.03991205817689847,0.026248156614475236,0.04773714407470132,,,10286,1490,image,5000,0.95,b3_seed1,,pairwise,,,,50,e1b_stats_semantic,stats_logistic,0.39556908506680194,0.35565702688990347,,,,,,
__pooled_test__,,,rer_at_80,,0.01331778894591322,0.0067179696633384986,0.01931726355376341,,,10286,1490,image,5000,0.95,b3_seed1,,pairwise,,,,50,e1b_stats_semantic,stats_logistic,0.13307535766364118,0.11975756871772796,,,,,,
__pooled_test__,,,e_aurc,relative,-0.07822171676467783,-0.09407465915518992,-0.06191081909458754,,,10286,1490,image,5000,0.95,b3_seed1,,pairwise_ratio,,,,50,e1b_stats_semantic,stats_logistic,0.10959612677368619,0.11889640791820133,0.07822171676467783,0.06191081909458754,0.09407465915518992,0,5000,0.95
__pooled_test__,,,auroc_correct,,-0.013966910643488872,-0.01943937721300124,-0.00877228436080133,,,10286,1490,image,5000,0.95,b3_seed1,,pairwise,,,,5,e2_combined,stats_logistic,0.8286491195373477,0.8426160301808365,,,,,,
__pooled_test__,,,e_aurc,,0.004360441882258016,0.002778330471329004,0.0060875835232214095,,,10286,1490,image,5000,0.95,b3_seed1,,pairwise,,,,5,e2_combined,stats_logistic,0.04224304170891577,0.03788259982665775,,,,,,
__pooled_test__,,,rer_at_50,,-0.04117108874656927,-0.061115046616362106,-0.01703743274239782,,,10286,1490,image,5000,0.95,b3_seed1,,pairwise,,,,5,e2_combined,stats_logistic,0.7913998170173833,0.8325709057639525,,,,,,
__pooled_test__,,,rer_at_80,,-0.024015884732291992,-0.04205654878202092,-0.004573827493141705,,,10286,1490,image,5000,0.95,b3_seed1,,pairwise,,,,5,e2_combined,stats_logistic,0.36129182747690025,0.38530771220919224,,,,,,
__pooled_test__,,,e_aurc,relative,0.11510408214352807,0.07242425438046793,0.16161427218973887,,,10286,1490,image,5000,0.95,b3_seed1,,pairwise_ratio,,,,5,e2_combined,stats_logistic,0.04224304170891577,0.03788259982665775,-0.11510408214352807,-0.16161427218973887,-0.07242425438046793,0,5000,0.95
__pooled_test__,,,auroc_correct,,-0.006663063850328554,-0.01271550885626546,-0.00047975639954106914,,,10286,1490,image,5000,0.95,b3_seed1,,pairwise,,,,50,e2_combined,stats_logistic,0.7880110175949004,0.794674081445229,,,,,,
__pooled_test__,,,e_aurc,,0.005772307308538116,0.001977993496841102,0.0094940981761556,,,10286,1490,image,5000,0.95,b3_seed1,,pairwise,,,,50,e2_combined,stats_logistic,0.12466871522673945,0.11889640791820133,,,,,,
__pooled_test__,,,rer_at_50,,-0.0074412311855234226,-0.023673159655409264,0.005740757749818867,,,10286,1490,image,5000,0.95,b3_seed1,,pairwise,,,,50,e2_combined,stats_logistic,0.34821579570438005,0.35565702688990347,,,,,,
__pooled_test__,,,rer_at_80,,0.0008455739013278341,-0.0070457444792227045,0.007366292880440472,,,10286,1490,image,5000,0.95,b3_seed1,,pairwise,,,,50,e2_combined,stats_logistic,0.12060314261905579,0.11975756871772796,,,,,,
__pooled_test__,,,e_aurc,relative,0.0485490471041763,0.016568194234370743,0.08103181365677589,,,10286,1490,image,5000,0.95,b3_seed1,,pairwise_ratio,,,,50,e2_combined,stats_logistic,0.12466871522673945,0.11889640791820133,-0.0485490471041763,-0.08103181365677589,-0.016568194234370743,0,5000,0.95
__pooled_test__,,,auroc_correct,,-0.03755989292128359,-0.045607964369633915,-0.029731801098008843,,,10286,1490,image,5000,0.95,b3_seed1,,pairwise,,,,5,e3_full,stats_logistic,0.8050561372595529,0.8426160301808365,,,,,,
__pooled_test__,,,e_aurc,,0.0133509038893549,0.010416813096099374,0.01637959182685035,,,10286,1490,image,5000,0.95,b3_seed1,,pairwise,,,,5,e3_full,stats_logistic,0.05123350371601265,0.03788259982665775,,,,,,
__pooled_test__,,,rer_at_50,,-0.08417200365965227,-0.1105119838739461,-0.05402855329896297,,,10286,1490,image,5000,0.95,b3_seed1,,pairwise,,,,5,e3_full,stats_logistic,0.7483989021043003,0.8325709057639525,,,,,,
__pooled_test__,,,rer_at_80,,-0.04974718980260506,-0.07385895916215032,-0.028100818831254957,,,10286,1490,image,5000,0.95,b3_seed1,,pairwise,,,,5,e3_full,stats_logistic,0.3355605224065872,0.38530771220919224,,,,,,
__pooled_test__,,,e_aurc,relative,0.35242839589800146,0.2764571093238506,0.43367325525171196,,,10286,1490,image,5000,0.95,b3_seed1,,pairwise_ratio,,,,5,e3_full,stats_logistic,0.05123350371601265,0.03788259982665775,-0.35242839589800146,-0.43367325525171196,-0.2764571093238506,0,5000,0.95
__pooled_test__,,,auroc_correct,,-0.04524949367784237,-0.054401249900774065,-0.03663097856075163,,,10286,1490,image,5000,0.95,b3_seed1,,pairwise,,,,50,e3_full,stats_logistic,0.7494245877673866,0.794674081445229,,,,,,
__pooled_test__,,,e_aurc,,0.03340148008871491,0.02723568087561336,0.03984337982203818,,,10286,1490,image,5000,0.95,b3_seed1,,pairwise,,,,50,e3_full,stats_logistic,0.15229788800691624,0.11889640791820133,,,,,,
__pooled_test__,,,rer_at_50,,-0.059191611703027225,-0.0800631254940265,-0.04526818488803687,,,10286,1490,image,5000,0.95,b3_seed1,,pairwise,,,,50,e3_full,stats_logistic,0.29646541518687625,0.35565702688990347,,,,,,
__pooled_test__,,,rer_at_80,,-0.016488691075892875,-0.02623739047812051,-0.008725163140369354,,,10286,1490,image,5000,0.95,b3_seed1,,pairwise,,,,50,e3_full,stats_logistic,0.10326887764183508,0.11975756871772796,,,,,,
__pooled_test__,,,e_aurc,relative,0.2809292616450999,0.22605280839238318,0.3401606260147036,,,10286,1490,image,5000,0.95,b3_seed1,,pairwise_ratio,,,,50,e3_full,stats_logistic,0.15229788800691624,0.11889640791820133,-0.2809292616450999,-0.3401606260147036,-0.22605280839238318,0,5000,0.95
__pooled_test__,,,auroc_correct,,-0.023592982277794716,-0.030445650683028132,-0.01663902761439622,,,10286,1490,image,5000,0.95,b3_seed1,,pairwise,,,,5,e3_full,e2_combined,0.8050561372595529,0.8286491195373477,,,,,,
__pooled_test__,,,e_aurc,,0.008990462007096883,0.0065111752845669136,0.011553434545718649,,,10286,1490,image,5000,0.95,b3_seed1,,pairwise,,,,5,e3_full,e2_combined,0.05123350371601265,0.04224304170891577,,,,,,
__pooled_test__,,,rer_at_50,,-0.043000914913083,-0.06813145706147239,-0.018549984444252314,,,10286,1490,image,5000,0.95,b3_seed1,,pairwise,,,,5,e3_full,e2_combined,0.7483989021043003,0.7913998170173833,,,,,,
__pooled_test__,,,rer_at_80,,-0.02573130507031307,-0.04891810613177657,-0.006016868730198696,,,10286,1490,image,5000,0.95,b3_seed1,,pairwise,,,,5,e3_full,e2_combined,0.3355605224065872,0.36129182747690025,,,,,,
__pooled_test__,,,e_aurc,relative,0.21282705135315497,0.15320870309251153,0.2748581621224935,,,10286,1490,image,5000,0.95,b3_seed1,,pairwise_ratio,,,,5,e3_full,e2_combined,0.05123350371601265,0.04224304170891577,-0.21282705135315497,-0.2748581621224935,-0.15320870309251153,0,5000,0.95
__pooled_test__,,,auroc_correct,,-0.03858642982751381,-0.04549929458996866,-0.03157484586686585,,,10286,1490,image,5000,0.95,b3_seed1,,pairwise,,,,50,e3_full,e2_combined,0.7494245877673866,0.7880110175949004,,,,,,
__pooled_test__,,,e_aurc,,0.02762917278017679,0.022988449275770633,0.03233643414434804,,,10286,1490,image,5000,0.95,b3_seed1,,pairwise,,,,50,e3_full,e2_combined,0.15229788800691624,0.12466871522673945,,,,,,
__pooled_test__,,,rer_at_50,,-0.0517503805175038,-0.06949995354974456,-0.03829642772682738,,,10286,1490,image,5000,0.95,b3_seed1,,pairwise,,,,50,e3_full,e2_combined,0.29646541518687625,0.34821579570438005,,,,,,
__pooled_test__,,,rer_at_80,,-0.01733426497722071,-0.024931961133577245,-0.010342012603274428,,,10286,1490,image,5000,0.95,b3_seed1,,pairwise,,,,50,e3_full,e2_combined,0.10326887764183508,0.12060314261905579,,,,,,
__pooled_test__,,,e_aurc,relative,0.22162073885117553,0.1828182810018641,0.261868011274655,,,10286,1490,image,5000,0.95,b3_seed1,,pairwise_ratio,,,,50,e3_full,e2_combined,0.15229788800691624,0.12466871522673945,-0.22162073885117553,-0.261868011274655,-0.1828182810018641,0,5000,0.95
__pooled_test__,,,auroc_correct,,0.0022105316661583663,-0.0005301732530515368,0.005155958663528311,,,10286,1490,image,5000,0.95,b3_seed1,,pairwise,,,,5,e1b_stats_semantic,msp,0.844946799498492,0.8427362678323337,,,,,,
__pooled_test__,,,e_aurc,,-0.00020102286070593223,-0.0009848762565180182,0.0005459946103729091,,,10286,1490,image,5000,0.95,b3_seed1,,pairwise,,,,5,e1b_stats_semantic,msp,0.03768562195204794,0.037886644812753875,,,,,,
__pooled_test__,,,rer_at_50,,-0.011893870082342328,-0.022777963755914593,0.005853359770730269,,,10286,1490,image,5000,0.95,b3_seed1,,pairwise,,,,5,e1b_stats_semantic,msp,0.8188472095150959,0.8307410795974383,,,,,,
__pooled_test__,,,rer_at_80,,-0.0011436135586805896,-0.012738695408882885,0.014972866493988997,,,10286,1490,image,5000,0.95,b3_seed1,,pairwise,,,,5,e1b_stats_semantic,msp,0.3881667461058934,0.389310359664574,,,,,,
__pooled_test__,,,e_aurc,relative,-0.005305902956026906,-0.025867221470137845,0.01455528739388353,,,10286,1490,image,5000,0.95,b3_seed1,,pairwise_ratio,,,,5,e1b_stats_semantic,msp,0.03768562195204794,0.037886644812753875,0.005305902956026906,-0.01455528739388353,0.025867221470137845,0,5000,0.95
__pooled_test__,,,auroc_correct,,0.02303222938879479,0.018435603415013015,0.027452239327627772,,,10286,1490,image,5000,0.95,b3_seed1,,pairwise,,,,50,e1b_stats_semantic,msp,0.8136610318325221,0.7906288024437274,,,,,,
__pooled_test__,,,e_aurc,,-0.013131256951094739,-0.015549285397417803,-0.010724449683821559,,,10286,1490,image,5000,0.95,b3_seed1,,pairwise,,,,50,e1b_stats_semantic,msp,0.10959612677368619,0.12272738372478093,,,,,,
__pooled_test__,,,rer_at_50,,0.040250295958058624,0.02807898994038135,0.051120615354438736,,,10286,1490,image,5000,0.95,b3_seed1,,pairwise,,,,50,e1b_stats_semantic,msp,0.39556908506680194,0.3553187891087433,,,,,,
__pooled_test__,,,rer_at_80,,0.011626641143257552,0.004516915852279257,0.017499221058359965,,,10286,1490,image,5000,0.95,b3_seed1,,pairwise,,,,50,e1b_stats_semantic,msp,0.13307535766364118,0.12144871652038362,,,,,,
__pooled_test__,,,e_aurc,relative,-0.10699533023976046,-0.12524194104126768,-0.08804935123053598,,,10286,1490,image,5000,0.95,b3_seed1,,pairwise_ratio,,,,50,e1b_stats_semantic,msp,0.10959612677368619,0.12272738372478093,0.10699533023976046,0.08804935123053598,0.12524194104126768,0,5000,0.95
__pooled_test__,,,auroc_correct,,-0.01408714829498603,-0.019750589820016453,-0.008797188743517299,,,10286,1490,image,5000,0.95,b3_seed1,,pairwise,,,,5,e2_combined,msp,0.8286491195373477,0.8427362678323337,,,,,,
__pooled_test__,,,e_aurc,,0.004356396896161893,0.002751108931854796,0.006100308066457973,,,10286,1490,image,5000,0.95,b3_seed1,,pairwise,,,,5,e2_combined,msp,0.04224304170891577,0.037886644812753875,,,,,,
__pooled_test__,,,rer_at_50,,-0.03934126258005499,-0.06008799362860889,-0.016408830380900432,,,10286,1490,image,5000,0.95,b3_seed1,,pairwise,,,,5,e2_combined,msp,0.7913998170173833,0.8307410795974383,,,,,,
__pooled_test__,,,rer_at_80,,-0.02801853218767375,-0.04765958075790389,-0.009990150143344157,,,10286,1490,image,5000,0.95,b3_seed1,,pairwise,,,,5,e2_combined,msp,0.36129182747690025,0.389310359664574,,,,,,
__pooled_test__,,,e_aurc,relative,0.11498502751279228,0.07194023005977843,0.161298598023293,,,10286,1490,image,5000,0.95,b3_seed1,,pairwise_ratio,,,,5,e2_combined,msp,0.04224304170891577,0.037886644812753875,-0.11498502751279228,-0.161298598023293,-0.07194023005977843,0,5000,0.95
__pooled_test__,,,auroc_correct,,-0.0026177848488269095,-0.008995009132594477,0.0036982659977331427,,,10286,1490,image,5000,0.95,b3_seed1,,pairwise,,,,50,e2_combined,msp,0.7880110175949004,0.7906288024437274,,,,,,
__pooled_test__,,,e_aurc,,0.0019413315019585209,-0.0020711943160455987,0.005783041224852455,,,10286,1490,image,5000,0.95,b3_seed1,,pairwise,,,,50,e2_combined,msp,0.12466871522673945,0.12272738372478093,,,,,,
__pooled_test__,,,rer_at_50,,-0.007102993404363267,-0.02121859677428578,0.0077868585814663315,,,10286,1490,image,5000,0.95,b3_seed1,,pairwise,,,,50,e2_combined,msp,0.34821579570438005,0.3553187891087433,,,,,,
__pooled_test__,,,rer_at_80,,-0.0008455739013278341,-0.009056695192268918,0.005328100495687272,,,10286,1490,image,5000,0.95,b3_seed1,,pairwise,,,,50,e2_combined,msp,0.12060314261905579,0.12144871652038362,,,,,,
__pooled_test__,,,e_aurc,relative,0.015818242376224714,-0.016859172231755263,0.047731823161155096,,,10286,1490,image,5000,0.95,b3_seed1,,pairwise_ratio,,,,50,e2_combined,msp,0.12466871522673945,0.12272738372478093,-0.015818242376224714,-0.047731823161155096,0.016859172231755263,0,5000,0.95
__pooled_test__,,,auroc_correct,,-0.037680130572780746,-0.045805789386018536,-0.0296825268218695,,,10286,1490,image,5000,0.95,b3_seed1,,pairwise,,,,5,e3_full,msp,0.8050561372595529,0.8427362678323337,,,,,,
__pooled_test__,,,e_aurc,,0.013346858903258776,0.01042745850165204,0.01635414227950614,,,10286,1490,image,5000,0.95,b3_seed1,,pairwise,,,,5,e3_full,msp,0.05123350371601265,0.037886644812753875,,,,,,
__pooled_test__,,,rer_at_50,,-0.08234217749313799,-0.10858567899340403,-0.053389849915911294,,,10286,1490,image,5000,0.95,b3_seed1,,pairwise,,,,5,e3_full,msp,0.7483989021043003,0.8307410795974383,,,,,,
__pooled_test__,,,rer_at_80,,-0.05374983725798682,-0.07958681052445883,-0.03341009805417041,,,10286,1490,image,5000,0.95,b3_seed1,,pairwise,,,,5,e3_full,msp,0.3355605224065872,0.389310359664574,,,,,,
__pooled_test__,,,e_aurc,relative,0.35228400322125625,0.27418663109712693,0.43441021233769017,,,10286,1490,image,5000,0.95,b3_seed1,,pairwise_ratio,,,,5,e3_full,msp,0.05123350371601265,0.037886644812753875,-0.35228400322125625,-0.43441021233769017,-0.27418663109712693,0,5000,0.95
__pooled_test__,,,auroc_correct,,-0.04120421467634072,-0.0498234270548742,-0.03274076375448864,,,10286,1490,image,5000,0.95,b3_seed1,,pairwise,,,,50,e3_full,msp,0.7494245877673866,0.7906288024437274,,,,,,
__pooled_test__,,,e_aurc,,0.029570504282135313,0.023633991142858208,0.03580865199318161,,,10286,1490,image,5000,0.95,b3_seed1,,pairwise,,,,50,e3_full,msp,0.15229788800691624,0.12272738372478093,,,,,,
__pooled_test__,,,rer_at_50,,-0.05885337392186707,-0.07714766422447755,-0.04361752409169209,,,10286,1490,image,5000,0.95,b3_seed1,,pairwise,,,,50,e3_full,msp,0.29646541518687625,0.3553187891087433,,,,,,
__pooled_test__,,,rer_at_80,,-0.018179838878548543,-0.0278803785403077,-0.010854988445378863,,,10286,1490,image,5000,0.95,b3_seed1,,pairwise,,,,50,e3_full,msp,0.10326887764183508,0.12144871652038362,,,,,,
__pooled_test__,,,e_aurc,relative,0.24094463179014614,0.18977689153295185,0.2957988754006242,,,10286,1490,image,5000,0.95,b3_seed1,,pairwise_ratio,,,,50,e3_full,msp,0.15229788800691624,0.12272738372478093,-0.24094463179014614,-0.2957988754006242,-0.18977689153295185,0,5000,0.95
__pooled_test__,,,auroc_correct,,0.0011872775628956056,-0.0015366390121910767,0.00404598690789579,,,10286,1490,image,5000,0.95,b3_seed2,,pairwise,,,,5,e1b_stats_semantic,stats_logistic,0.839115827414926,0.8379285498520304,,,,,,
__pooled_test__,,,e_aurc,,-3.280867621122119e-06,-0.0007697471129879884,0.0007404716224184184,,,10286,1490,image,5000,0.95,b3_seed2,,pairwise,,,,5,e1b_stats_semantic,stats_logistic,0.03892502289911676,0.03892830376673788,,,,,,
__pooled_test__,,,rer_at_50,,-0.006451612903225712,-0.019283850892384515,0.008424243923678717,,,10286,1490,image,5000,0.95,b3_seed2,,pairwise,,,,5,e1b_stats_semantic,stats_logistic,0.8138248847926269,0.8202764976958526,,,,,,
__pooled_test__,,,rer_at_80,,0.004032160063348222,-0.00903126247829444,0.018287376477613148,,,10286,1490,image,5000,0.95,b3_seed2,,pairwise,,,,5,e1b_stats_semantic,stats_logistic,0.38192746457537796,0.37789530451202974,,,,,,
__pooled_test__,,,e_aurc,relative,-8.427974773268806e-05,-0.019872217572327898,0.018950259322894264,,,10286,1490,image,5000,0.95,b3_seed2,,pairwise_ratio,,,,5,e1b_stats_semantic,stats_logistic,0.03892502289911676,0.03892830376673788,8.427974773268806e-05,-0.018950259322894264,0.019872217572327898,0,5000,0.95
__pooled_test__,,,auroc_correct,,0.015165967644372058,0.012270251834487994,0.018069114479990052,,,10286,1490,image,5000,0.95,b3_seed2,,pairwise,,,,50,e1b_stats_semantic,stats_logistic,0.8013141773448881,0.786148209700516,,,,,,
__pooled_test__,,,e_aurc,,-0.007842796281453457,-0.009492880967604025,-0.006192047562647162,,,10286,1490,image,5000,0.95,b3_seed2,,pairwise,,,,50,e1b_stats_semantic,stats_logistic,0.11754353252965632,0.12538632881110978,,,,,,
__pooled_test__,,,rer_at_50,,0.014650766609880794,0.006426354980465719,0.026913466001235925,,,10286,1490,image,5000,0.95,b3_seed2,,pairwise,,,,50,e1b_stats_semantic,stats_logistic,0.37206132879045983,0.35741056218057904,,,,,,
__pooled_test__,,,rer_at_80,,0.01000827463764549,0.005472092785604902,0.015457368771786868,,,10286,1490,image,5000,0.95,b3_seed2,,pairwise,,,,50,e1b_stats_semantic,stats_logistic,0.12928010652483213,0.11927183188718664,,,,,,
__pooled_test__,,,e_aurc,relative,-0.06254905423755058,-0.07559838903507851,-0.049308428127645305,,,10286,1490,image,5000,0.95,b3_seed2,,pairwise_ratio,,,,50,e1b_stats_semantic,stats_logistic,0.11754353252965632,0.12538632881110978,0.06254905423755058,0.049308428127645305,0.07559838903507851,0,5000,0.95
__pooled_test__,,,auroc_correct,,-0.013589899226197133,-0.01868956292901524,-0.008335428294043616,,,10286,1490,image,5000,0.95,b3_seed2,,pairwise,,,,5,e2_combined,stats_logistic,0.8243386506258332,0.8379285498520304,,,,,,
__pooled_test__,,,e_aurc,,0.004474245682288144,0.002761247516226768,0.00624234944077005,,,10286,1490,image,5000,0.95,b3_seed2,,pairwise,,,,5,e2_combined,stats_logistic,0.04340254944902602,0.03892830376673788,,,,,,
__pooled_test__,,,rer_at_50,,-0.047004608294930916,-0.06623833682130299,-0.016309641935781986,,,10286,1490,image,5000,0.95,b3_seed2,,pairwise,,,,5,e2_combined,stats_logistic,0.7732718894009217,0.8202764976958526,,,,,,
__pooled_test__,,,rer_at_80,,-0.020160800316739447,-0.03997683873081556,-0.0024115633739952543,,,10286,1490,image,5000,0.95,b3_seed2,,pairwise,,,,5,e2_combined,stats_logistic,0.3577345041952903,0.37789530451202974,,,,,,
__pooled_test__,,,e_aurc,relative,0.11493554173586018,0.07135203204569311,0.16012817514760386,,,10286,1490,image,5000,0.95,b3_seed2,,pairwise_ratio,,,,5,e2_combined,stats_logistic,0.04340254944902602,0.03892830376673788,-0.11493554173586018,-0.16012817514760386,-0.07135203204569311,0,5000,0.95
__pooled_test__,,,auroc_correct,,-0.0010872072747697414,-0.006627061550513197,0.00445274098206308,,,10286,1490,image,5000,0.95,b3_seed2,,pairwise,,,,50,e2_combined,stats_logistic,0.7850610024257463,0.786148209700516,,,,,,
__pooled_test__,,,e_aurc,,-0.0002896773636231198,-0.0038045023912774757,0.0031570605786347405,,,10286,1490,image,5000,0.95,b3_seed2,,pairwise,,,,50,e2_combined,stats_logistic,0.12509665144748666,0.12538632881110978,,,,,,
__pooled_test__,,,rer_at_50,,-0.008517887563883997,-0.020782483303117216,0.005814410283437134,,,10286,1490,image,5000,0.95,b3_seed2,,pairwise,,,,50,e2_combined,stats_logistic,0.34889267461669504,0.35741056218057904,,,,,,
__pooled_test__,,,rer_at_80,,-0.0012776520814017645,-0.007282810680484415,0.006655035337053992,,,10286,1490,image,5000,0.95,b3_seed2,,pairwise,,,,50,e2_combined,stats_logistic,0.11799417980578487,0.11927183188718664,,,,,,
__pooled_test__,,,e_aurc,relative,-0.0023102786912240557,-0.03008657955922848,0.0255728089815983,,,10286,1490,image,5000,0.95,b3_seed2,,pairwise_ratio,,,,50,e2_combined,stats_logistic,0.12509665144748666,0.12538632881110978,0.0023102786912240557,-0.0255728089815983,0.03008657955922848,0,5000,0.95
__pooled_test__,,,auroc_correct,,-0.03839463152945877,-0.04701114729427519,-0.030097066690778978,,,10286,1490,image,5000,0.95,b3_seed2,,pairwise,,,,5,e3_full,stats_logistic,0.7995339183225716,0.8379285498520304,,,,,,
__pooled_test__,,,e_aurc,,0.012706484535504534,0.009765890372067798,0.01575891166990883,,,10286,1490,image,5000,0.95,b3_seed2,,pairwise,,,,5,e3_full,stats_logistic,0.05163478830224241,0.03892830376673788,,,,,,
__pooled_test__,,,rer_at_50,,-0.09032258064516163,-0.12128090740564862,-0.057547836065253606,,,10286,1490,image,5000,0.95,b3_seed2,,pairwise,,,,5,e3_full,stats_logistic,0.729953917050691,0.8202764976958526,,,,,,
__pooled_test__,,,rer_at_80,,-0.05472217228829329,-0.07739482639279946,-0.03161430712750223,,,10286,1490,image,5000,0.95,b3_seed2,,pairwise,,,,5,e3_full,stats_logistic,0.32317313222373645,0.37789530451202974,,,,,,
__pooled_test__,,,e_aurc,relative,0.3264073516185808,0.25069658626617447,0.40645561653638324,,,10286,1490,image,5000,0.95,b3_seed2,,pairwise_ratio,,,,5,e3_full,stats_logistic,0.05163478830224241,0.03892830376673788,-0.3264073516185808,-0.40645561653638324,-0.25069658626617447,0,5000,0.95
__pooled_test__,,,auroc_correct,,-0.033565183443201696,-0.04172781708338895,-0.02578932457672694,,,10286,1490,image,5000,0.95,b3_seed2,,pairwise,,,,50,e3_full,stats_logistic,0.7525830262573143,0.786148209700516,,,,,,
__pooled_test__,,,e_aurc,,0.02373809028169427,0.01794582639844223,0.029373874777221316,,,10286,1490,image,5000,0.95,b3_seed2,,pairwise,,,,50,e3_full,stats_logistic,0.14912441909280405,0.12538632881110978,,,,,,
__pooled_test__,,,rer_at_50,,-0.05451448040885848,-0.07021778320369287,-0.037614817964740734,,,10286,1490,image,5000,0.95,b3_seed2,,pairwise,,,,50,e3_full,stats_logistic,0.30289608177172056,0.35741056218057904,,,,,,
__pooled_test__,,,rer_at_80,,-0.013202404841149706,-0.020402226947980988,-0.004317827479137507,,,10286,1490,image,5000,0.95,b3_seed2,,pairwise,,,,50,e3_full,stats_logistic,0.10606942704603693,0.11927183188718664,,,,,,
__pooled_test__,,,e_aurc,relative,0.189319605309243,0.1431688636902016,0.23743400493667574,,,10286,1490,image,5000,0.95,b3_seed2,,pairwise_ratio,,,,50,e3_full,stats_logistic,0.14912441909280405,0.12538632881110978,-0.189319605309243,-0.23743400493667574,-0.1431688636902016,0,5000,0.95
__pooled_test__,,,auroc_correct,,-0.024804732303261634,-0.03183880832410098,-0.017900779259435177,,,10286,1490,image,5000,0.95,b3_seed2,,pairwise,,,,5,e3_full,e2_combined,0.7995339183225716,0.8243386506258332,,,,,,
__pooled_test__,,,e_aurc,,0.00823223885321639,0.005932214098489988,0.010752480159807502,,,10286,1490,image,5000,0.95,b3_seed2,,pairwise,,,,5,e3_full,e2_combined,0.05163478830224241,0.04340254944902602,,,,,,
__pooled_test__,,,rer_at_50,,-0.043317972350230716,-0.07808981689845265,-0.01812865484530163,,,10286,1490,image,5000,0.95,b3_seed2,,pairwise,,,,5,e3_full,e2_combined,0.729953917050691,0.7732718894009217,,,,,,
__pooled_test__,,,rer_at_80,,-0.034561371971553845,-0.05376790738822328,-0.012636411873174913,,,10286,1490,image,5000,0.95,b3_seed2,,pairwise,,,,5,e3_full,e2_combined,0.32317313222373645,0.3577345041952903,,,,,,
__pooled_test__,,,e_aurc,relative,0.18967178098338933,0.13503469632955514,0.2495631552431573,,,10286,1490,image,5000,0.95,b3_seed2,,pairwise_ratio,,,,5,e3_full,e2_combined,0.05163478830224241,0.04340254944902602,-0.18967178098338933,-0.2495631552431573,-0.13503469632955514,0,5000,0.95
__pooled_test__,,,auroc_correct,,-0.032477976168431955,-0.0392987754651997,-0.025803722844884063,,,10286,1490,image,5000,0.95,b3_seed2,,pairwise,,,,50,e3_full,e2_combined,0.7525830262573143,0.7850610024257463,,,,,,
__pooled_test__,,,e_aurc,,0.02402776764531739,0.01925028767338607,0.02873774888719542,,,10286,1490,image,5000,0.95,b3_seed2,,pairwise,,,,50,e3_full,e2_combined,0.14912441909280405,0.12509665144748666,,,,,,
__pooled_test__,,,rer_at_50,,-0.04599659284497448,-0.06187455952213147,-0.030879882642439783,,,10286,1490,image,5000,0.95,b3_seed2,,pairwise,,,,50,e3_full,e2_combined,0.30289608177172056,0.34889267461669504,,,,,,
__pooled_test__,,,rer_at_80,,-0.011924752759747942,-0.019134265143053192,-0.004607437639564476,,,10286,1490,image,5000,0.95,b3_seed2,,pairwise,,,,50,e3_full,e2_combined,0.10606942704603693,0.11799417980578487,,,,,,
__pooled_test__,,,e_aurc,relative,0.19207362760947935,0.15368001001505321,0.23149035764437065,,,10286,1490,image,5000,0.95,b3_seed2,,pairwise_ratio,,,,50,e3_full,e2_combined,0.14912441909280405,0.12509665144748666,-0.19207362760947935,-0.23149035764437065,-0.15368001001505321,0,5000,0.95
__pooled_test__,,,auroc_correct,,0.0011839275209917233,-0.0015964643328235549,0.004173953717350123,,,10286,1490,image,5000,0.95,b3_seed2,,pairwise,,,,5,e1b_stats_semantic,msp,0.839115827414926,0.8379318998939342,,,,,,
__pooled_test__,,,e_aurc,,8.69711709704929e-05,-0.0007243671876171312,0.0008555165366666033,,,10286,1490,image,5000,0.95,b3_seed2,,pairwise,,,,5,e1b_stats_semantic,msp,0.03892502289911676,0.038838051728146264,,,,,,
__pooled_test__,,,rer_at_50,,-0.004608294930875334,-0.01880605094823042,0.011241745307642204,,,10286,1490,image,5000,0.95,b3_seed2,,pairwise,,,,5,e1b_stats_semantic,msp,0.8138248847926269,0.8184331797235023,,,,,,
__pooled_test__,,,rer_at_80,,0.004608182929540516,-0.008376905165034991,0.020205399897234,,,10286,1490,image,5000,0.95,b3_seed2,,pairwise,,,,5,e1b_stats_semantic,msp,0.38192746457537796,0.37731928164583745,,,,,,
__pooled_test__,,,e_aurc,relative,0.0022393288823873768,-0.01866666207467812,0.022381250033649765,,,10286,1490,image,5000,0.95,b3_seed2,,pairwise_ratio,,,,5,e1b_stats_semantic,msp,0.03892502289911676,0.038838051728146264,-0.0022393288823873768,-0.022381250033649765,0.01866666207467812,0,5000,0.95
__pooled_test__,,,auroc_correct,,0.015888329259561074,0.012559785135160087,0.019229563405219443,,,10286,1490,image,5000,0.95,b3_seed2,,pairwise,,,,50,e1b_stats_semantic,msp,0.8013141773448881,0.785425848085327,,,,,,
__pooled_test__,,,e_aurc,,-0.00893120371804551,-0.010757065789787853,-0.007107640573745166,,,10286,1490,image,5000,0.95,b3_seed2,,pairwise,,,,50,e1b_stats_semantic,msp,0.11754353252965632,0.12647473624770184,,,,,,
__pooled_test__,,,rer_at_50,,0.014991482112436172,0.005871489652972921,0.02803636387802964,,,10286,1490,image,5000,0.95,b3_seed2,,pairwise,,,,50,e1b_stats_semantic,msp,0.37206132879045983,0.35706984667802366,,,,,,
__pooled_test__,,,rer_at_80,,0.01256357880044863,0.007435171694224163,0.018087110487761324,,,10286,1490,image,5000,0.95,b3_seed2,,pairwise,,,,50,e1b_stats_semantic,msp,0.12928010652483213,0.1167165277243835,,,,,,
__pooled_test__,,,e_aurc,relative,-0.07061650399929416,-0.08483003620757945,-0.05603781633273386,,,10286,1490,image,5000,0.95,b3_seed2,,pairwise_ratio,,,,50,e1b_stats_semantic,msp,0.11754353252965632,0.12647473624770184,0.07061650399929416,0.05603781633273386,0.08483003620757945,0,5000,0.95
__pooled_test__,,,auroc_correct,,-0.013593249268101015,-0.018791519991417784,-0.008112969551195412,,,10286,1490,image,5000,0.95,b3_seed2,,pairwise,,,,5,e2_combined,msp,0.8243386506258332,0.8379318998939342,,,,,,
__pooled_test__,,,e_aurc,,0.004564497720879759,0.0028324934821506997,0.006352388650564976,,,10286,1490,image,5000,0.95,b3_seed2,,pairwise,,,,5,e2_combined,msp,0.04340254944902602,0.038838051728146264,,,,,,
__pooled_test__,,,rer_at_50,,-0.04516129032258054,-0.06541811765520289,-0.014409963852672167,,,10286,1490,image,5000,0.95,b3_seed2,,pairwise,,,,5,e2_combined,msp,0.7732718894009217,0.8184331797235023,,,,,,
__pooled_test__,,,rer_at_80,,-0.019584777450547153,-0.0395530359865265,-0.0011036658266586744,,,10286,1490,image,5000,0.95,b3_seed2,,pairwise,,,,5,e2_combined,msp,0.3577345041952903,0.37731928164583745,,,,,,
__pooled_test__,,,e_aurc,relative,0.11752643394240678,0.07330631207883076,0.16392339724049748,,,10286,1490,image,5000,0.95,b3_seed2,,pairwise_ratio,,,,5,e2_combined,msp,0.04340254944902602,0.038838051728146264,-0.11752643394240678,-0.16392339724049748,-0.07330631207883076,0,5000,0.95
__pooled_test__,,,auroc_correct,,-0.0003648456595807259,-0.006337855860719507,0.005457755924514943,,,10286,1490,image,5000,0.95,b3_seed2,,pairwise,,,,50,e2_combined,msp,0.7850610024257463,0.785425848085327,,,,,,
__pooled_test__,,,e_aurc,,-0.0013780848002151735,-0.00494600233758068,0.0021714146602336433,,,10286,1490,image,5000,0.95,b3_seed2,,pairwise,,,,50,e2_combined,msp,0.12509665144748666,0.12647473624770184,,,,,,
__pooled_test__,,,rer_at_50,,-0.00817717206132862,-0.021043742007780274,0.006271085840622238,,,10286,1490,image,5000,0.95,b3_seed2,,pairwise,,,,50,e2_combined,msp,0.34889267461669504,0.35706984667802366,,,,,,
__pooled_test__,,,rer_at_80,,0.0012776520814013759,-0.005010059475872055,0.008810562322702076,,,10286,1490,image,5000,0.95,b3_seed2,,pairwise,,,,50,e2_combined,msp,0.11799417980578487,0.1167165277243835,,,,,,
__pooled_test__,,,e_aurc,relative,-0.010896127093051872,-0.039031128688176604,0.017063669775771804,,,10286,1490,image,5000,0.95,b3_seed2,,pairwise_ratio,,,,50,e2_combined,msp,0.12509665144748666,0.12647473624770184,0.010896127093051872,-0.017063669775771804,0.039031128688176604,0,5000,0.95
__pooled_test__,,,auroc_correct,,-0.03839798157136265,-0.04691599366431214,-0.03006976874030377,,,10286,1490,image,5000,0.95,b3_seed2,,pairwise,,,,5,e3_full,msp,0.7995339183225716,0.8379318998939342,,,,,,
__pooled_test__,,,e_aurc,,0.012796736574096149,0.009904376591703753,0.015855124472412094,,,10286,1490,image,5000,0.95,b3_seed2,,pairwise,,,,5,e3_full,msp,0.05163478830224241,0.038838051728146264,,,,,,
__pooled_test__,,,rer_at_50,,-0.08847926267281125,-0.12048422290173601,-0.05579145031288314,,,10286,1490,image,5000,0.95,b3_seed2,,pairwise,,,,5,e3_full,msp,0.729953917050691,0.8184331797235023,,,,,,
__pooled_test__,,,rer_at_80,,-0.054146149422101,-0.07627355098768811,-0.030125708389089897,,,10286,1490,image,5000,0.95,b3_seed2,,pairwise,,,,5,e3_full,msp,0.32317313222373645,0.37731928164583745,,,,,,
__pooled_test__,,,e_aurc,relative,0.32948966296427906,0.2537788715845918,0.40963466522439823,,,10286,1490,image,5000,0.95,b3_seed2,,pairwise_ratio,,,,5,e3_full,msp,0.05163478830224241,0.038838051728146264,-0.32948966296427906,-0.40963466522439823,-0.2537788715845918,0,5000,0.95
__pooled_test__,,,auroc_correct,,-0.03284282182801268,-0.04102771270806327,-0.025074869738059648,,,10286,1490,image,5000,0.95,b3_seed2,,pairwise,,,,50,e3_full,msp,0.7525830262573143,0.785425848085327,,,,,,
__pooled_test__,,,e_aurc,,0.022649682845102215,0.017135433286820184,0.028089570636094012,,,10286,1490,image,5000,0.95,b3_seed2,,pairwise,,,,50,e3_full,msp,0.14912441909280405,0.12647473624770184,,,,,,
__pooled_test__,,,rer_at_50,,-0.0541737649063031,-0.07038736076307002,-0.03702262035209807,,,10286,1490,image,5000,0.95,b3_seed2,,pairwise,,,,50,e3_full,msp,0.30289608177172056,0.35706984667802366,,,,,,
__pooled_test__,,,rer_at_80,,-0.010647100678346566,-0.017858465230511832,-0.0023112568042549116,,,10286,1490,image,5000,0.95,b3_seed2,,pairwise,,,,50,e3_full,msp,0.10606942704603693,0.1167165277243835,,,,,,
__pooled_test__,,,e_aurc,relative,0.17908464185877107,0.13427883147706357,0.2250665526987899,,,10286,1490,image,5000,0.95,b3_seed2,,pairwise_ratio,,,,50,e3_full,msp,0.14912441909280405,0.12647473624770184,-0.17908464185877107,-0.2250665526987899,-0.13427883147706357,0,5000,0.95
__pooled_test__,,,auroc_correct,,0.000699856361884299,-0.001962524651665054,0.003446604152303925,,,10286,1490,image,5000,0.95,b3_seed3,,pairwise,,,,5,e1b_stats_semantic,stats_logistic,0.8427047577665493,0.842004901404665,,,,,,
__pooled_test__,,,e_aurc,,0.00015280187506521575,-0.0005597838992853365,0.0008609060491396134,,,10286,1490,image,5000,0.95,b3_seed3,,pairwise,,,,5,e1b_stats_semantic,stats_logistic,0.03772242852911376,0.037569626654048546,,,,,,
__pooled_test__,,,rer_at_50,,-0.012155212716222108,-0.025616939791275634,0.002694282176619523,,,10286,1490,image,5000,0.95,b3_seed3,,pairwise,,,,5,e1b_stats_semantic,stats_logistic,0.8120617110799442,0.8242169237961663,,,,,,
__pooled_test__,,,rer_at_80,,0.008765565355103977,-0.006973481914189488,0.022020814964604042,,,10286,1490,image,5000,0.95,b3_seed3,,pairwise,,,,5,e1b_stats_semantic,stats_logistic,0.3992665876635218,0.3905010223084178,,,,,,
__pooled_test__,,,e_aurc,relative,0.004067165119106917,-0.014837937183501359,0.023007148015843856,,,10286,1490,image,5000,0.95,b3_seed3,,pairwise_ratio,,,,5,e1b_stats_semantic,stats_logistic,0.03772242852911376,0.037569626654048546,-0.004067165119106917,-0.023007148015843856,0.014837937183501359,0,5000,0.95
__pooled_test__,,,auroc_correct,,0.012055499032628036,0.009214745237191197,0.014942215657157509,,,10286,1490,image,5000,0.95,b3_seed3,,pairwise,,,,50,e1b_stats_semantic,stats_logistic,0.805659272913244,0.793603773880616,,,,,,
__pooled_test__,,,e_aurc,,-0.0057176756226086645,-0.007312685044937246,-0.004080415853755333,,,10286,1490,image,5000,0.95,b3_seed3,,pairwise,,,,50,e1b_stats_semantic,stats_logistic,0.11472055727423791,0.12043823289684658,,,,,,
__pooled_test__,,,rer_at_50,,0.013020387185197824,0.006094397991747389,0.024012248323387754,,,10286,1490,image,5000,0.95,b3_seed3,,pairwise,,,,50,e1b_stats_semantic,stats_logistic,0.3832448175432585,0.3702244303580607,,,,,,
__pooled_test__,,,rer_at_80,,0.007709252408251335,0.0015165472936607988,0.012781645846682243,,,10286,1490,image,5000,0.95,b3_seed3,,pairwise,,,,50,e1b_stats_semantic,stats_logistic,0.13163837457057603,0.1239291221623247,,,,,,
__pooled_test__,,,e_aurc,relative,-0.04747392489148992,-0.06086865454740662,-0.0337717061497956,,,10286,1490,image,5000,0.95,b3_seed3,,pairwise_ratio,,,,50,e1b_stats_semantic,stats_logistic,0.11472055727423791,0.12043823289684658,0.04747392489148992,0.0337717061497956,0.06086865454740662,0,5000,0.95
__pooled_test__,,,auroc_correct,,-0.014840214288259657,-0.019976245088169666,-0.009830793412878859,,,10286,1490,image,5000,0.95,b3_seed3,,pairwise,,,,5,e2_combined,stats_logistic,0.8271646871164053,0.842004901404665,,,,,,
__pooled_test__,,,e_aurc,,0.004708143533960249,0.003089615835241288,0.006361673800379957,,,10286,1490,image,5000,0.95,b3_seed3,,pairwise,,,,5,e2_combined,stats_logistic,0.042277770188008795,0.037569626654048546,,,,,,
__pooled_test__,,,rer_at_50,,-0.03553062178588107,-0.06273110499181393,-0.015730579259795013,,,10286,1490,image,5000,0.95,b3_seed3,,pairwise,,,,5,e2_combined,stats_logistic,0.7886863020102852,0.8242169237961663,,,,,,
__pooled_test__,,,rer_at_80,,-0.02571232504163906,-0.04380938229768783,-0.006724051430670881,,,10286,1490,image,5000,0.95,b3_seed3,,pairwise,,,,5,e2_combined,stats_logistic,0.36478869726677876,0.3905010223084178,,,,,,
__pooled_test__,,,e_aurc,relative,0.12531781530101774,0.08243657791162522,0.16916242723465824,,,10286,1490,image,5000,0.95,b3_seed3,,pairwise_ratio,,,,5,e2_combined,stats_logistic,0.042277770188008795,0.037569626654048546,-0.12531781530101774,-0.16916242723465824,-0.08243657791162522,0,5000,0.95
__pooled_test__,,,auroc_correct,,-0.0033175178241685588,-0.008867813629091672,0.002134058100384039,,,10286,1490,image,5000,0.95,b3_seed3,,pairwise,,,,50,e2_combined,stats_logistic,0.7902862560564474,0.793603773880616,,,,,,
__pooled_test__,,,e_aurc,,0.0019320519557154414,-0.0015163589841996397,0.005412555474652899,,,10286,1490,image,5000,0.95,b3_seed3,,pairwise,,,,50,e2_combined,stats_logistic,0.12237028485256202,0.12043823289684658,,,,,,
__pooled_test__,,,rer_at_50,,-0.004796984752441391,-0.018679571375655922,0.008511458130551803,,,10286,1490,image,5000,0.95,b3_seed3,,pairwise,,,,50,e2_combined,stats_logistic,0.3654274456056193,0.3702244303580607,,,,,,
__pooled_test__,,,rer_at_80,,-0.0017131672018336347,-0.008450479736333187,0.00552543278694268,,,10286,1490,image,5000,0.95,b3_seed3,,pairwise,,,,50,e2_combined,stats_logistic,0.12221595496049106,0.1239291221623247,,,,,,
__pooled_test__,,,e_aurc,relative,0.01604184908101577,-0.012551615422594415,0.045109776203610966,,,10286,1490,image,5000,0.95,b3_seed3,,pairwise_ratio,,,,50,e2_combined,stats_logistic,0.12237028485256202,0.12043823289684658,-0.01604184908101577,-0.045109776203610966,0.012551615422594415,0,5000,0.95
__pooled_test__,,,auroc_correct,,-0.05296603154529678,-0.0625810887100778,-0.04333155660741687,,,10286,1490,image,5000,0.95,b3_seed3,,pairwise,,,,5,e3_full,stats_logistic,0.7890388698593682,0.842004901404665,,,,,,
__pooled_test__,,,e_aurc,,0.01760080809964422,0.014147409377257005,0.02117606643204269,,,10286,1490,image,5000,0.95,b3_seed3,,pairwise,,,,5,e3_full,stats_logistic,0.055170434753692765,0.037569626654048546,,,,,,
__pooled_test__,,,rer_at_50,,-0.1243571762505844,-0.1609490126842502,-0.0918030506851501,,,10286,1490,image,5000,0.95,b3_seed3,,pairwise,,,,5,e3_full,stats_logistic,0.6998597475455819,0.8242169237961663,,,,,,
__pooled_test__,,,rer_at_80,,-0.07304637795920221,-0.09978284973245417,-0.04907531913553238,,,10286,1490,image,5000,0.95,b3_seed3,,pairwise,,,,5,e3_full,stats_logistic,0.3174546443492156,0.3905010223084178,,,,,,
__pooled_test__,,,e_aurc,relative,0.4684850414329985,0.37481842899965656,0.5677665815928956,,,10286,1490,image,5000,0.95,b3_seed3,,pairwise_ratio,,,,5,e3_full,stats_logistic,0.055170434753692765,0.037569626654048546,-0.4684850414329985,-0.5677665815928956,-0.37481842899965656,0,5000,0.95
__pooled_test__,,,auroc_correct,,-0.04331801765448429,-0.05250035515625456,-0.03451638690626666,,,10286,1490,image,5000,0.95,b3_seed3,,pairwise,,,,50,e3_full,stats_logistic,0.7502857562261317,0.793603773880616,,,,,,
__pooled_test__,,,e_aurc,,0.029741172614502598,0.023636100831877886,0.03593872496679091,,,10286,1490,image,5000,0.95,b3_seed3,,pairwise,,,,50,e3_full,stats_logistic,0.15017940551134917,0.12043823289684658,,,,,,
__pooled_test__,,,rer_at_50,,-0.06167551824567424,-0.0787737456161059,-0.04310127980258918,,,10286,1490,image,5000,0.95,b3_seed3,,pairwise,,,,50,e3_full,stats_logistic,0.30854891211238644,0.3702244303580607,,,,,,
__pooled_test__,,,rer_at_80,,-0.01691752611810722,-0.02509353022225316,-0.008429034931293487,,,10286,1490,image,5000,0.95,b3_seed3,,pairwise,,,,50,e3_full,stats_logistic,0.10701159604421748,0.1239291221623247,,,,,,
__pooled_test__,,,e_aurc,relative,0.2469412901464225,0.19276044847429835,0.3022362671288873,,,10286,1490,image,5000,0.95,b3_seed3,,pairwise_ratio,,,,50,e3_full,stats_logistic,0.15017940551134917,0.12043823289684658,-0.2469412901464225,-0.3022362671288873,-0.19276044847429835,0,5000,0.95
__pooled_test__,,,auroc_correct,,-0.03812581725703712,-0.04595517767651393,-0.03032868925135225,,,10286,1490,image,5000,0.95,b3_seed3,,pairwise,,,,5,e3_full,e2_combined,0.7890388698593682,0.8271646871164053,,,,,,
__pooled_test__,,,e_aurc,,0.01289266456568397,0.01018827256624165,0.015677392425579383,,,10286,1490,image,5000,0.95,b3_seed3,,pairwise,,,,5,e3_full,e2_combined,0.055170434753692765,0.042277770188008795,,,,,,
__pooled_test__,,,rer_at_50,,-0.08882655446470333,-0.1178633096766458,-0.05646997538159156,,,10286,1490,image,5000,0.95,b3_seed3,,pairwise,,,,5,e3_full,e2_combined,0.6998597475455819,0.7886863020102852,,,,,,
__pooled_test__,,,rer_at_80,,-0.04733405291756315,-0.07103065918970919,-0.02676410673189714,,,10286,1490,image,5000,0.95,b3_seed3,,pairwise,,,,5,e3_full,e2_combined,0.3174546443492156,0.36478869726677876,,,,,,
__pooled_test__,,,e_aurc,relative,0.30495138481406253,0.23965225232259663,0.36926930238270694,,,10286,1490,image,5000,0.95,b3_seed3,,pairwise_ratio,,,,5,e3_full,e2_combined,0.055170434753692765,0.042277770188008795,-0.30495138481406253,-0.36926930238270694,-0.23965225232259663,0,5000,0.95
__pooled_test__,,,auroc_correct,,-0.04000049983031573,-0.04743758716209324,-0.032856131820738675,,,10286,1490,image,5000,0.95,b3_seed3,,pairwise,,,,50,e3_full,e2_combined,0.7502857562261317,0.7902862560564474,,,,,,
__pooled_test__,,,e_aurc,,0.027809120658787156,0.0229296246502409,0.03257075285057393,,,10286,1490,image,5000,0.95,b3_seed3,,pairwise,,,,50,e3_full,e2_combined,0.15017940551134917,0.12237028485256202,,,,,,
__pooled_test__,,,rer_at_50,,-0.05687853349323285,-0.07169489706938227,-0.040414425120258196,,,10286,1490,image,5000,0.95,b3_seed3,,pairwise,,,,50,e3_full,e2_combined,0.30854891211238644,0.3654274456056193,,,,,,
__pooled_test__,,,rer_at_80,,-0.015204358916273586,-0.02331220739053181,-0.007381179528183229,,,10286,1490,image,5000,0.95,b3_seed3,,pairwise,,,,50,e3_full,e2_combined,0.10701159604421748,0.12221595496049106,,,,,,
__pooled_test__,,,e_aurc,relative,0.22725386879905532,0.18434578676722102,0.26978833396294427,,,10286,1490,image,5000,0.95,b3_seed3,,pairwise_ratio,,,,50,e3_full,e2_combined,0.15017940551134917,0.12237028485256202,-0.22725386879905532,-0.26978833396294427,-0.18434578676722102,0,5000,0.95
__pooled_test__,,,auroc_correct,,0.0012128127425733437,-0.001626825325191985,0.004194233679567405,,,10286,1490,image,5000,0.95,b3_seed3,,pairwise,,,,5,e1b_stats_semantic,msp,0.8427047577665493,0.841491945023976,,,,,,
__pooled_test__,,,e_aurc,,0.0001722645716034782,-0.0006235056088902787,0.0009504625584462786,,,10286,1490,image,5000,0.95,b3_seed3,,pairwise,,,,5,e1b_stats_semantic,msp,0.03772242852911376,0.037550163957510284,,,,,,
__pooled_test__,,,rer_at_50,,-0.013090229079008475,-0.02450795479604034,0.0035329059807354965,,,10286,1490,image,5000,0.95,b3_seed3,,pairwise,,,,5,e1b_stats_semantic,msp,0.8120617110799442,0.8251519401589527,,,,,,
__pooled_test__,,,rer_at_80,,0.008181194331430608,-0.004622250778144335,0.02420573134099058,,,10286,1490,image,5000,0.95,b3_seed3,,pairwise,,,,5,e1b_stats_semantic,msp,0.3992665876635218,0.3910853933320912,,,,,,
__pooled_test__,,,e_aurc,relative,0.004587585071490058,-0.016753583046223704,0.025349360348692614,,,10286,1490,image,5000,0.95,b3_seed3,,pairwise_ratio,,,,5,e1b_stats_semantic,msp,0.03772242852911376,0.037550163957510284,-0.004587585071490058,-0.025349360348692614,0.016753583046223704,0,5000,0.95
__pooled_test__,,,auroc_correct,,0.014646645574443395,0.010995399978233693,0.01822756164163371,,,10286,1490,image,5000,0.95,b3_seed3,,pairwise,,,,50,e1b_stats_semantic,msp,0.805659272913244,0.7910126273388006,,,,,,
__pooled_test__,,,e_aurc,,-0.008238195375860735,-0.010314036034330867,-0.006171669953980705,,,10286,1490,image,5000,0.95,b3_seed3,,pairwise,,,,50,e1b_stats_semantic,msp,0.11472055727423791,0.12295875265009865,,,,,,
__pooled_test__,,,rer_at_50,,0.019187939009765398,0.010349134569989175,0.031397687252812785,,,10286,1490,image,5000,0.95,b3_seed3,,pairwise,,,,50,e1b_stats_semantic,msp,0.3832448175432585,0.3640568785334931,,,,,,
__pooled_test__,,,rer_at_80,,0.00813754420870974,0.00042938004008194063,0.01402695409627553,,,10286,1490,image,5000,0.95,b3_seed3,,pairwise,,,,50,e1b_stats_semantic,msp,0.13163837457057603,0.12350083036186629,,,,,,
__pooled_test__,,,e_aurc,relative,-0.06699966613441509,-0.08366960586320617,-0.05009623121701204,,,10286,1490,image,5000,0.95,b3_seed3,,pairwise_ratio,,,,50,e1b_stats_semantic,msp,0.11472055727423791,0.12295875265009865,0.06699966613441509,0.05009623121701204,0.08366960586320617,0,5000,0.95
__pooled_test__,,,auroc_correct,,-0.014327257907570612,-0.019502373291301195,-0.009291707296173358,,,10286,1490,image,5000,0.95,b3_seed3,,pairwise,,,,5,e2_combined,msp,0.8271646871164053,0.841491945023976,,,,,,
__pooled_test__,,,e_aurc,,0.004727606230498511,0.0031060314581881016,0.0064023142681363,,,10286,1490,image,5000,0.95,b3_seed3,,pairwise,,,,5,e2_combined,msp,0.042277770188008795,0.037550163957510284,,,,,,
__pooled_test__,,,rer_at_50,,-0.036465638148667434,-0.06100165125324997,-0.014336604777058844,,,10286,1490,image,5000,0.95,b3_seed3,,pairwise,,,,5,e2_combined,msp,0.7886863020102852,0.8251519401589527,,,,,,
__pooled_test__,,,rer_at_80,,-0.02629669606531243,-0.04170673890903216,-0.004779140834427659,,,10286,1490,image,5000,0.95,b3_seed3,,pairwise,,,,5,e2_combined,msp,0.36478869726677876,0.3910853933320912,,,,,,
__pooled_test__,,,e_aurc,relative,0.12590108090734337,0.0828235777295629,0.17070125191448726,,,10286,1490,image,5000,0.95,b3_seed3,,pairwise_ratio,,,,5,e2_combined,msp,0.042277770188008795,0.037550163957510284,-0.12590108090734337,-0.17070125191448726,-0.0828235777295629,0,5000,0.95
__pooled_test__,,,auroc_correct,,-0.0007263712823531998,-0.0064928816596936684,0.004961818738450822,,,10286,1490,image,5000,0.95,b3_seed3,,pairwise,,,,50,e2_combined,msp,0.7902862560564474,0.7910126273388006,,,,,,
__pooled_test__,,,e_aurc,,-0.0005884677975366293,-0.00412429516781257,0.002982709080777284,,,10286,1490,image,5000,0.95,b3_seed3,,pairwise,,,,50,e2_combined,msp,0.12237028485256202,0.12295875265009865,,,,,,
__pooled_test__,,,rer_at_50,,0.0013705670721261831,-0.012920059284671494,0.014472544636443825,,,10286,1490,image,5000,0.95,b3_seed3,,pairwise,,,,50,e2_combined,msp,0.3654274456056193,0.3640568785334931,,,,,,
__pooled_test__,,,rer_at_80,,-0.0012848754013752295,-0.008861825030748192,0.005867694611018628,,,10286,1490,image,5000,0.95,b3_seed3,,pairwise,,,,50,e2_combined,msp,0.12221595496049106,0.12350083036186629,,,,,,
__pooled_test__,,,e_aurc,relative,-0.004785895959852657,-0.03291684511001547,0.02472673959159065,,,10286,1490,image,5000,0.95,b3_seed3,,pairwise_ratio,,,,50,e2_combined,msp,0.12237028485256202,0.12295875265009865,0.004785895959852657,-0.02472673959159065,0.03291684511001547,0,5000,0.95
__pooled_test__,,,auroc_correct,,-0.05245307516460773,-0.06188554081847446,-0.04294981443394274,,,10286,1490,image,5000,0.95,b3_seed3,,pairwise,,,,5,e3_full,msp,0.7890388698593682,0.841491945023976,,,,,,
__pooled_test__,,,e_aurc,,0.01762027079618248,0.014195833214880719,0.021211356941394994,,,10286,1490,image,5000,0.95,b3_seed3,,pairwise,,,,5,e3_full,msp,0.055170434753692765,0.037550163957510284,,,,,,
__pooled_test__,,,rer_at_50,,-0.12529219261337077,-0.1590163689022926,-0.09059003228402328,,,10286,1490,image,5000,0.95,b3_seed3,,pairwise,,,,5,e3_full,msp,0.6998597475455819,0.8251519401589527,,,,,,
__pooled_test__,,,rer_at_80,,-0.07363074898287558,-0.09706058712447203,-0.04743465560982353,,,10286,1490,image,5000,0.95,b3_seed3,,pairwise,,,,5,e3_full,msp,0.3174546443492156,0.3910853933320912,,,,,,
__pooled_test__,,,e_aurc,relative,0.46924617469368757,0.3760639247043323,0.5667748183329863,,,10286,1490,image,5000,0.95,b3_seed3,,pairwise_ratio,,,,5,e3_full,msp,0.055170434753692765,0.037550163957510284,-0.46924617469368757,-0.5667748183329863,-0.3760639247043323,0,5000,0.95
__pooled_test__,,,auroc_correct,,-0.04072687111266893,-0.049735057056614046,-0.03197612461335714,,,10286,1490,image,5000,0.95,b3_seed3,,pairwise,,,,50,e3_full,msp,0.7502857562261317,0.7910126273388006,,,,,,
__pooled_test__,,,e_aurc,,0.027220652861250527,0.021339695780355203,0.03322478480267217,,,10286,1490,image,5000,0.95,b3_seed3,,pairwise,,,,50,e3_full,msp,0.15017940551134917,0.12295875265009865,,,,,,
__pooled_test__,,,rer_at_50,,-0.05550796642110667,-0.07262577056700331,-0.0375972213284171,,,10286,1490,image,5000,0.95,b3_seed3,,pairwise,,,,50,e3_full,msp,0.30854891211238644,0.3640568785334931,,,,,,
__pooled_test__,,,rer_at_80,,-0.016489234317648815,-0.02500797381708869,-0.007965819647469634,,,10286,1490,image,5000,0.95,b3_seed3,,pairwise,,,,50,e3_full,msp,0.10701159604421748,0.12350083036186629,,,,,,
__pooled_test__,,,e_aurc,relative,0.22138035946665638,0.17134425988109397,0.2736831941066415,,,10286,1490,image,5000,0.95,b3_seed3,,pairwise_ratio,,,,50,e3_full,msp,0.15017940551134917,0.12295875265009865,-0.22138035946665638,-0.2736831941066415,-0.17134425988109397,0,5000,0.95
