eval_split,K,variant,binning,bin_index,bin_low,bin_high,bin_confidence,bin_accuracy,bin_count
val_select,5,native,equal_width,0,0.0,0.06666666666666667,0.0,0.0,0
val_select,5,native,equal_width,1,0.06666666666666667,0.13333333333333333,0.0,0.0,0
val_select,5,native,equal_width,2,0.13333333333333333,0.2,0.0,0.0,0
val_select,5,native,equal_width,3,0.2,0.26666666666666666,0.254776267842813,0.2727272727272727,11
val_select,5,native,equal_width,4,0.26666666666666666,0.3333333333333333,0.30965699521558626,0.30357142857142855,56
val_select,5,native,equal_width,5,0.3333333333333333,0.4,0.36924678301382924,0.30538922155688625,167
val_select,5,native,equal_width,6,0.4,0.4666666666666667,0.4387800667783339,0.4244604316546763,278
val_select,5,native,equal_width,7,0.4666666666666667,0.5333333333333333,0.5023331643736109,0.48138297872340424,376
val_select,5,native,equal_width,8,0.5333333333333333,0.6,0.5661413990641645,0.5807962529274004,427
val_select,5,native,equal_width,9,0.6,0.6666666666666666,0.6332671901227434,0.6239067055393586,343
val_select,5,native,equal_width,10,0.6666666666666666,0.7333333333333333,0.699917949126704,0.6754617414248021,379
val_select,5,native,equal_width,11,0.7333333333333333,0.8,0.7657449563442921,0.7369727047146402,403
val_select,5,native,equal_width,12,0.8,0.8666666666666667,0.8332319400692714,0.8753180661577609,393
val_select,5,native,equal_width,13,0.8666666666666667,0.9333333333333333,0.9023782278036142,0.8766233766233766,462
val_select,5,native,equal_width,14,0.9333333333333333,1.0,0.9853363273488137,0.9753397081026673,1987
val_select,5,native,equal_mass,0,0.0,0.4362083971500397,0.37324975469064986,0.34375,352
val_select,5,native,equal_mass,1,0.4362083971500397,0.5053070485591888,0.4708999345417727,0.4346590909090909,352
val_select,5,native,equal_mass,2,0.5053070485591888,0.5599903762340546,0.532615406269377,0.5113636363636364,352
val_select,5,native,equal_mass,3,0.5599903762340546,0.6193699240684509,0.5865949319506233,0.6420454545454546,352
val_select,5,native,equal_mass,4,0.6193699240684509,0.6851806342601776,0.652221315625039,0.6022727272727273,352
val_select,5,native,equal_mass,5,0.6851806342601776,0.7457262873649597,0.7151242408224128,0.7102272727272727,352
val_select,5,native,equal_mass,6,0.7457262873649597,0.8038345575332642,0.7736416264352474,0.7386363636363636,352
val_select,5,native,equal_mass,7,0.8038345575332642,0.8639534413814545,0.8340047451399141,0.8898305084745762,354
val_select,5,native,equal_mass,8,0.8639534413814545,0.9167868494987488,0.892288427916687,0.8632478632478633,351
val_select,5,native,equal_mass,9,0.9167868494987488,0.9557899236679077,0.9383158434859731,0.9318181818181818,352
val_select,5,native,equal_mass,10,0.9557899236679077,0.980108231306076,0.9694665457037362,0.9659090909090909,352
val_select,5,native,equal_mass,11,0.980108231306076,0.993007630109787,0.9871028817512773,0.9602272727272727,352
val_select,5,native,equal_mass,12,0.993007630109787,0.9987435042858124,0.9963375761766325,0.9829545454545454,352
val_select,5,native,equal_mass,13,0.9987435042858124,0.9999517202377319,0.9995348980142311,0.9857954545454546,352
val_select,5,native,equal_mass,14,0.9999517202377319,1.0,0.9999918679340027,1.0,353
val_select,5,global_T_corrected,equal_width,0,0.0,0.06666666666666667,0.0,0.0,0
val_select,5,global_T_corrected,equal_width,1,0.06666666666666667,0.13333333333333333,0.0,0.0,0
val_select,5,global_T_corrected,equal_width,2,0.13333333333333333,0.2,0.0,0.0,0
val_select,5,global_T_corrected,equal_width,3,0.2,0.26666666666666666,0.2519643645394932,0.2727272727272727,11
val_select,5,global_T_corrected,equal_width,4,0.26666666666666666,0.3333333333333333,0.30819254451327854,0.2857142857142857,63
val_select,5,global_T_corrected,equal_width,5,0.3333333333333333,0.4,0.36627896208512156,0.30994152046783624,171
val_select,5,global_T_corrected,equal_width,6,0.4,0.4666666666666667,0.43571700997553864,0.4318181818181818,308
val_select,5,global_T_corrected,equal_width,7,0.4666666666666667,0.5333333333333333,0.5010357952570613,0.4860759493670886,395
val_select,5,global_T_corrected,equal_width,8,0.5333333333333333,0.6,0.5638119812323669,0.5957943925233645,428
val_select,5,global_T_corrected,equal_width,9,0.6,0.6666666666666666,0.6329688328308064,0.6208791208791209,364
val_select,5,global_T_corrected,equal_width,10,0.6666666666666666,0.7333333333333333,0.6990163005662687,0.6994949494949495,396
val_select,5,global_T_corrected,equal_width,11,0.7333333333333333,0.8,0.7654465848456437,0.7764127764127764,407
val_select,5,global_T_corrected,equal_width,12,0.8,0.8666666666666667,0.8326872069669026,0.8817204301075269,372
val_select,5,global_T_corrected,equal_width,13,0.8666666666666667,0.9333333333333333,0.901934329568715,0.8888888888888888,477
val_select,5,global_T_corrected,equal_width,14,0.9333333333333333,1.0,0.9848031903385486,0.9772486772486773,1890
val_select,5,global_T_corrected,equal_mass,0,0.0,0.4279382973909378,0.36660980547524313,0.3494318181818182,352
val_select,5,global_T_corrected,equal_mass,1,0.4279382973909378,0.49485132098197937,0.461566704579375,0.4346590909090909,352
val_select,5,global_T_corrected,equal_mass,2,0.49485132098197937,0.5480960309505463,0.5223529329523444,0.5284090909090909,352
val_select,5,global_T_corrected,equal_mass,3,0.5480960309505463,0.605673611164093,0.5742889058522203,0.6136363636363636,352
val_select,5,global_T_corrected,equal_mass,4,0.605673611164093,0.6699442565441132,0.6377069311724468,0.6136363636363636,352
val_select,5,global_T_corrected,equal_mass,5,0.6699442565441132,0.7298165559768677,0.698550370098515,0.6988636363636364,352
val_select,5,global_T_corrected,equal_mass,6,0.7298165559768677,0.7870303988456726,0.7565693496978521,0.7464387464387464,351
val_select,5,global_T_corrected,equal_mass,7,0.7870303988456726,0.8479252457618713,0.8170968081991551,0.8870056497175142,354
val_select,5,global_T_corrected,equal_mass,8,0.8479252457618713,0.9040071964263916,0.8780704933133993,0.8636363636363636,352
val_select,5,global_T_corrected,equal_mass,9,0.9040071964263916,0.9472816288471222,0.9276173670183528,0.9318181818181818,352
val_select,5,global_T_corrected,equal_mass,10,0.9472816288471222,0.9746875166893005,0.9625090212903471,0.9658119658119658,351
val_select,5,global_T_corrected,equal_mass,11,0.9746875166893005,0.9906130433082581,0.9833762181379302,0.9603399433427762,353
val_select,5,global_T_corrected,equal_mass,12,0.9906130433082581,0.9981454014778137,0.9949563079598275,0.9829545454545454,352
val_select,5,global_T_corrected,equal_mass,13,0.9981454014778137,0.9999148547649384,0.999291302297603,0.9857954545454546,352
val_select,5,global_T_corrected,equal_mass,14,0.9999148547649384,1.0,0.9999848876053483,1.0,353
val_select,5,oracle_T_K,equal_width,0,0.0,0.06666666666666667,0.0,0.0,0
val_select,5,oracle_T_K,equal_width,1,0.06666666666666667,0.13333333333333333,0.0,0.0,0
val_select,5,oracle_T_K,equal_width,2,0.13333333333333333,0.2,0.0,0.0,0
val_select,5,oracle_T_K,equal_width,3,0.2,0.26666666666666666,0.2511308951811357,0.2727272727272727,11
val_select,5,oracle_T_K,equal_width,4,0.26666666666666666,0.3333333333333333,0.3076455148366781,0.3076923076923077,65
val_select,5,oracle_T_K,equal_width,5,0.3333333333333333,0.4,0.36746633069022844,0.32065217391304346,184
val_select,5,oracle_T_K,equal_width,6,0.4,0.4666666666666667,0.4365681520995603,0.42765273311897106,311
val_select,5,oracle_T_K,equal_width,7,0.4666666666666667,0.5333333333333333,0.5012759182171606,0.4899497487437186,398
val_select,5,oracle_T_K,equal_width,8,0.5333333333333333,0.6,0.5634755371051414,0.602803738317757,428
val_select,5,oracle_T_K,equal_width,9,0.6,0.6666666666666666,0.6332202550553125,0.6246648793565683,373
val_select,5,oracle_T_K,equal_width,10,0.6666666666666666,0.7333333333333333,0.7000741044195687,0.7097560975609756,410
val_select,5,oracle_T_K,equal_width,11,0.7333333333333333,0.8,0.7660539763139269,0.7763496143958869,389
val_select,5,oracle_T_K,equal_width,12,0.8,0.8666666666666667,0.8329297700469286,0.8786279683377308,379
val_select,5,oracle_T_K,equal_width,13,0.8666666666666667,0.9333333333333333,0.9021659697190465,0.9002123142250531,471
val_select,5,oracle_T_K,equal_width,14,0.9333333333333333,1.0,0.9845577265009468,0.9774557165861514,1863
val_select,5,oracle_T_K,equal_mass,0,0.0,0.4252414256334305,0.36460318992083723,0.35511363636363635,352
val_select,5,oracle_T_K,equal_mass,1,0.4252414256334305,0.4915044903755188,0.4587408960373564,0.4318181818181818,352
val_select,5,oracle_T_K,equal_mass,2,0.4915044903755188,0.5448080599308014,0.5191836856644262,0.5284090909090909,352
val_select,5,oracle_T_K,equal_mass,3,0.5448080599308014,0.6022473573684692,0.5706260934133421,0.6022727272727273,352
val_select,5,oracle_T_K,equal_mass,4,0.6022473573684692,0.6648011207580566,0.6333104791966352,0.6221590909090909,352
val_select,5,oracle_T_K,equal_mass,5,0.6648011207580566,0.7238102853298187,0.6935179914263162,0.6960227272727273,352
val_select,5,oracle_T_K,equal_mass,6,0.7238102853298187,0.7809997797012329,0.751452723518014,0.75,352
val_select,5,oracle_T_K,equal_mass,7,0.7809997797012329,0.8425779044628143,0.8119856706759747,0.886685552407932,353
val_select,5,oracle_T_K,equal_mass,8,0.8425779044628143,0.8999117314815521,0.8735740262676369,0.8636363636363636,352
val_select,5,oracle_T_K,equal_mass,9,0.8999117314815521,0.9446022212505341,0.9241303830322894,0.9318181818181818,352
val_select,5,oracle_T_K,equal_mass,10,0.9446022212505341,0.97284135222435,0.9601825037573137,0.9658119658119658,351
val_select,5,oracle_T_K,equal_mass,11,0.97284135222435,0.9898160099983215,0.9820901302372768,0.9603399433427762,353
val_select,5,oracle_T_K,equal_mass,12,0.9898160099983215,0.9979172646999359,0.9944559505039995,0.9829545454545454,352
val_select,5,oracle_T_K,equal_mass,13,0.9979172646999359,0.9998996257781982,0.9991971169683066,0.9857954545454546,352
val_select,5,oracle_T_K,equal_mass,14,0.9998996257781982,1.0,0.9999818367931053,1.0,353
val_select,10,native,equal_width,0,0.0,0.06666666666666667,0.0,0.0,0
val_select,10,native,equal_width,1,0.06666666666666667,0.13333333333333333,0.0,0.0,0
val_select,10,native,equal_width,2,0.13333333333333333,0.2,0.17732167438320492,0.17391304347826086,23
val_select,10,native,equal_width,3,0.2,0.26666666666666666,0.23940565938299352,0.23636363636363636,165
val_select,10,native,equal_width,4,0.26666666666666666,0.3333333333333333,0.30407412780847165,0.31213872832369943,346
val_select,10,native,equal_width,5,0.3333333333333333,0.4,0.367440859561814,0.3533190578158458,467
val_select,10,native,equal_width,6,0.4,0.4666666666666667,0.43384825318281506,0.40159045725646125,503
val_select,10,native,equal_width,7,0.4666666666666667,0.5333333333333333,0.501063956644772,0.5158562367864693,473
val_select,10,native,equal_width,8,0.5333333333333333,0.6,0.5676273562515418,0.5846867749419954,431
val_select,10,native,equal_width,9,0.6,0.6666666666666666,0.6331520946293812,0.654178674351585,347
val_select,10,native,equal_width,10,0.6666666666666666,0.7333333333333333,0.6984551887066044,0.6929824561403509,342
val_select,10,native,equal_width,11,0.7333333333333333,0.8,0.7663945697686252,0.7764705882352941,340
val_select,10,native,equal_width,12,0.8,0.8666666666666667,0.834388297522205,0.8735632183908046,348
val_select,10,native,equal_width,13,0.8666666666666667,0.9333333333333333,0.9009850856284021,0.9107981220657277,426
val_select,10,native,equal_width,14,0.9333333333333333,1.0,0.9801528217300536,0.9645191409897292,1071
val_select,10,native,equal_mass,0,0.0,0.30468013882637024,0.25755258691920474,0.2784090909090909,352
val_select,10,native,equal_mass,1,0.30468013882637024,0.3595673739910126,0.33267959571358835,0.3153409090909091,352
val_select,10,native,equal_mass,2,0.3595673739910126,0.40751995146274567,0.3830727443776347,0.36079545454545453,352
val_select,10,native,equal_mass,3,0.40751995146274567,0.4543054401874542,0.43117517020627644,0.3732193732193732,351
val_select,10,native,equal_mass,4,0.4543054401874542,0.5047434568405151,0.47900496621645205,0.5070821529745042,353
val_select,10,native,equal_mass,5,0.5047434568405151,0.5552226305007935,0.5287281124090607,0.5397727272727273,352
val_select,10,native,equal_mass,6,0.5552226305007935,0.6103535890579224,0.5823874062096531,0.6022727272727273,352
val_select,10,native,equal_mass,7,0.6103535890579224,0.6764319837093353,0.6443585954374362,0.6572237960339944,353
val_select,10,native,equal_mass,8,0.6764319837093353,0.7454681694507599,0.7114814353937452,0.7045454545454546,352
val_select,10,native,equal_mass,9,0.7454681694507599,0.8188005089759827,0.7821212024851278,0.8068181818181818,352
val_select,10,native,equal_mass,10,0.8188005089759827,0.8811484575271606,0.8504209633577954,0.8863636363636364,352
val_select,10,native,equal_mass,11,0.8811484575271606,0.9351362884044647,0.9090249104933306,0.9204545454545454,352
val_select,10,native,equal_mass,12,0.9351362884044647,0.9740550518035889,0.9564820461803012,0.9230769230769231,351
val_select,10,native,equal_mass,13,0.9740550518035889,0.9958820641040802,0.9867022013866867,0.9716713881019831,353
val_select,10,native,equal_mass,14,0.9958820641040802,1.0,0.9989554000643766,0.9971671388101983,353
val_select,10,global_T_corrected,equal_width,0,0.0,0.06666666666666667,0.0,0.0,0
val_select,10,global_T_corrected,equal_width,1,0.06666666666666667,0.13333333333333333,0.0,0.0,0
val_select,10,global_T_corrected,equal_width,2,0.13333333333333333,0.2,0.17711663522102214,0.18518518518518517,27
val_select,10,global_T_corrected,equal_width,3,0.2,0.26666666666666666,0.23798216516694065,0.25396825396825395,189
val_select,10,global_T_corrected,equal_width,4,0.26666666666666666,0.3333333333333333,0.30320345764122314,0.30952380952380953,378
val_select,10,global_T_corrected,equal_width,5,0.3333333333333333,0.4,0.36663765634049267,0.3630831643002028,493
val_select,10,global_T_corrected,equal_width,6,0.4,0.4666666666666667,0.4318544691248523,0.4240631163708087,507
val_select,10,global_T_corrected,equal_width,7,0.4666666666666667,0.5333333333333333,0.4990821293334371,0.5154639175257731,485
val_select,10,global_T_corrected,equal_width,8,0.5333333333333333,0.6,0.5653388904623388,0.6099290780141844,423
val_select,10,global_T_corrected,equal_width,9,0.6,0.6666666666666666,0.6332634533970014,0.6666666666666666,369
val_select,10,global_T_corrected,equal_width,10,0.6666666666666666,0.7333333333333333,0.6996519884314062,0.7129909365558912,331
val_select,10,global_T_corrected,equal_width,11,0.7333333333333333,0.8,0.7656293232624347,0.8061538461538461,325
val_select,10,global_T_corrected,equal_width,12,0.8,0.8666666666666667,0.8328172496053017,0.8907563025210085,357
val_select,10,global_T_corrected,equal_width,13,0.8666666666666667,0.9333333333333333,0.9007609210470143,0.9215686274509803,408
val_select,10,global_T_corrected,equal_width,14,0.9333333333333333,1.0,0.9793575693862607,0.9666666666666667,990
val_select,10,global_T_corrected,equal_mass,0,0.0,0.29647520184516907,0.25043855514377356,0.2755681818181818,352
val_select,10,global_T_corrected,equal_mass,1,0.29647520184516907,0.3486577123403549,0.32321426492523064,0.3068181818181818,352
val_select,10,global_T_corrected,equal_mass,2,0.3486577123403549,0.3948744088411331,0.37180656126954337,0.3721590909090909,352
val_select,10,global_T_corrected,equal_mass,3,0.3948744088411331,0.44053079187870026,0.41785454233600333,0.39204545454545453,352
val_select,10,global_T_corrected,equal_mass,4,0.44053079187870026,0.4888625890016556,0.4642863240600987,0.4914772727272727,352
val_select,10,global_T_corrected,equal_mass,5,0.4888625890016556,0.5384636223316193,0.5128092249347405,0.5340909090909091,352
val_select,10,global_T_corrected,equal_mass,6,0.5384636223316193,0.5916340351104736,0.5647890544073149,0.6022727272727273,352
val_select,10,global_T_corrected,equal_mass,7,0.5916340351104736,0.6561884582042694,0.6249348190283303,0.6742209631728046,353
val_select,10,global_T_corrected,equal_mass,8,0.6561884582042694,0.7260473966598511,0.6909437809478153,0.6960227272727273,352
val_select,10,global_T_corrected,equal_mass,9,0.7260473966598511,0.7994453012943268,0.7616886477917433,0.7982954545454546,352
val_select,10,global_T_corrected,equal_mass,10,0.7994453012943268,0.8643287420272827,0.8311396071374246,0.8888888888888888,351
val_select,10,global_T_corrected,equal_mass,11,0.8643287420272827,0.9229956269264221,0.8943747852746893,0.9206798866855525,353
val_select,10,global_T_corrected,equal_mass,12,0.9229956269264221,0.9672345817089081,0.9470146823335778,0.9232954545454546,352
val_select,10,global_T_corrected,equal_mass,13,0.9672345817089081,0.9941502213478088,0.9827525212683461,0.9715909090909091,352
val_select,10,global_T_corrected,equal_mass,14,0.9941502213478088,1.0,0.998485452561473,0.9971671388101983,353
val_select,10,oracle_T_K,equal_width,0,0.0,0.06666666666666667,0.0,0.0,0
val_select,10,oracle_T_K,equal_width,1,0.06666666666666667,0.13333333333333333,0.0,0.0,0
val_select,10,oracle_T_K,equal_width,2,0.13333333333333333,0.2,0.17785036895010206,0.18518518518518517,27
val_select,10,oracle_T_K,equal_width,3,0.2,0.26666666666666666,0.23883634365053588,0.25268817204301075,186
val_select,10,oracle_T_K,equal_width,4,0.26666666666666666,0.3333333333333333,0.3039006257569918,0.30913978494623656,372
val_select,10,oracle_T_K,equal_width,5,0.3333333333333333,0.4,0.3672406087156202,0.3668032786885246,488
val_select,10,oracle_T_K,equal_width,6,0.4,0.4666666666666667,0.4325374403802475,0.4158415841584158,505
val_select,10,oracle_T_K,equal_width,7,0.4666666666666667,0.5333333333333333,0.4991700875608227,0.5189873417721519,474
val_select,10,oracle_T_K,equal_width,8,0.5333333333333333,0.6,0.5653468267196321,0.6004618937644342,433
val_select,10,oracle_T_K,equal_width,9,0.6,0.6666666666666666,0.6341107542450364,0.6567567567567567,370
val_select,10,oracle_T_K,equal_width,10,0.6666666666666666,0.7333333333333333,0.7002828954563315,0.7112462006079028,329
val_select,10,oracle_T_K,equal_width,11,0.7333333333333333,0.8,0.7659800723882821,0.8092307692307692,325
val_select,10,oracle_T_K,equal_width,12,0.8,0.8666666666666667,0.8332495910398076,0.8848314606741573,356
val_select,10,oracle_T_K,equal_width,13,0.8666666666666667,0.9333333333333333,0.9010941901838924,0.9180722891566265,415
val_select,10,oracle_T_K,equal_width,14,0.9333333333333333,1.0,0.9796920357469076,0.9670658682634731,1002
val_select,10,oracle_T_K,equal_mass,0,0.0,0.29834161698818207,0.25182364377277816,0.2755681818181818,352
val_select,10,oracle_T_K,equal_mass,1,0.29834161698818207,0.3508386015892029,0.3250722920691425,0.3039772727272727,352
val_select,10,oracle_T_K,equal_mass,2,0.3508386015892029,0.3976685106754303,0.37398898525332863,0.3721590909090909,352
val_select,10,oracle_T_K,equal_mass,3,0.3976685106754303,0.4432970732450485,0.42045748072930356,0.39488636363636365,352
val_select,10,oracle_T_K,equal_mass,4,0.4432970732450485,0.4922472834587097,0.467172030528838,0.4971590909090909,352
val_select,10,oracle_T_K,equal_mass,5,0.4922472834587097,0.5420904159545898,0.5159259645945646,0.5255681818181818,352
val_select,10,oracle_T_K,equal_mass,6,0.5420904159545898,0.595042496919632,0.5682487736710093,0.6051136363636364,352
val_select,10,oracle_T_K,equal_mass,7,0.595042496919632,0.6600303649902344,0.6287063213313268,0.6742209631728046,353
val_select,10,oracle_T_K,equal_mass,8,0.6600303649902344,0.7302276492118835,0.6950080210173671,0.6960227272727273,352
val_select,10,oracle_T_K,equal_mass,9,0.7302276492118835,0.8033422827720642,0.7657330696555701,0.7982954545454546,352
val_select,10,oracle_T_K,equal_mass,10,0.8033422827720642,0.8676135540008545,0.8350942231376063,0.8892045454545454,352
val_select,10,oracle_T_K,equal_mass,11,0.8676135540008545,0.9253835678100586,0.8974245942451737,0.9204545454545454,352
val_select,10,oracle_T_K,equal_mass,12,0.9253835678100586,0.968555212020874,0.9489911156283184,0.9232954545454546,352
val_select,10,oracle_T_K,equal_mass,13,0.968555212020874,0.9945245981216431,0.9835724664209915,0.9715099715099715,351
val_select,10,oracle_T_K,equal_mass,14,0.9945245981216431,1.0,0.9985788062130664,0.9971751412429378,354
val_select,20,native,equal_width,0,0.0,0.06666666666666667,0.0,0.0,0
val_select,20,native,equal_width,1,0.06666666666666667,0.13333333333333333,0.11822350953633969,0.07692307692307693,39
val_select,20,native,equal_width,2,0.13333333333333333,0.2,0.17352022553952234,0.1792452830188679,318
val_select,20,native,equal_width,3,0.2,0.26666666666666666,0.23490701937099373,0.23234200743494424,538
val_select,20,native,equal_width,4,0.26666666666666666,0.3333333333333333,0.3010517952533869,0.3353846153846154,650
val_select,20,native,equal_width,5,0.3333333333333333,0.4,0.3670316090449244,0.3544973544973545,567
val_select,20,native,equal_width,6,0.4,0.4666666666666667,0.43298850596630983,0.45817490494296575,526
val_select,20,native,equal_width,7,0.4666666666666667,0.5333333333333333,0.49838986992836,0.5325842696629214,445
val_select,20,native,equal_width,8,0.5333333333333333,0.6,0.5651418242359433,0.5925925925925926,351
val_select,20,native,equal_width,9,0.6,0.6666666666666666,0.6329949805882864,0.7111913357400722,277
val_select,20,native,equal_width,10,0.6666666666666666,0.7333333333333333,0.6979427401666288,0.7703703703703704,270
val_select,20,native,equal_width,11,0.7333333333333333,0.8,0.7685780049709792,0.846441947565543,267
val_select,20,native,equal_width,12,0.8,0.8666666666666667,0.834461405616382,0.8836206896551724,232
val_select,20,native,equal_width,13,0.8666666666666667,0.9333333333333333,0.8999159222081203,0.9496644295302014,298
val_select,20,native,equal_width,14,0.9333333333333333,1.0,0.9755340977793648,0.9742063492063492,504
val_select,20,native,equal_mass,0,0.0,0.1990146040916443,0.16702612991106103,0.16477272727272727,352
val_select,20,native,equal_mass,1,0.1990146040916443,0.24506722390651703,0.22302120631899347,0.21306818181818182,352
val_select,20,native,equal_mass,2,0.24506722390651703,0.2826971858739853,0.2644965831105682,0.26988636363636365,352
val_select,20,native,equal_mass,3,0.2826971858739853,0.32049083709716797,0.3028047854419459,0.35511363636363635,352
val_select,20,native,equal_mass,4,0.32049083709716797,0.3586070090532303,0.33864723620089615,0.39488636363636365,352
val_select,20,native,equal_mass,5,0.3586070090532303,0.40004363656044006,0.3800288154320283,0.3181818181818182,352
val_select,20,native,equal_mass,6,0.40004363656044006,0.4438837766647339,0.42174777515571227,0.4460227272727273,352
val_select,20,native,equal_mass,7,0.4438837766647339,0.4908791035413742,0.4678546349826683,0.5127478753541076,353
val_select,20,native,equal_mass,8,0.4908791035413742,0.5463660359382629,0.5179932155561718,0.5198863636363636,352
val_select,20,native,equal_mass,9,0.5463660359382629,0.6211607456207275,0.5826543498445641,0.6420454545454546,352
val_select,20,native,equal_mass,10,0.6211607456207275,0.7035956978797913,0.6620439707555554,0.7329545454545454,352
val_select,20,native,equal_mass,11,0.7035956978797913,0.7940333187580109,0.7513791187243029,0.8210227272727273,352
val_select,20,native,equal_mass,12,0.7940333187580109,0.8884050250053406,0.8439041289754889,0.9005681818181818,352
val_select,20,native,equal_mass,13,0.8884050250053406,0.9622766375541687,0.9273003185675903,0.9659090909090909,352
val_select,20,native,equal_mass,14,0.9622766375541687,1.0,0.9867114461852876,0.9773371104815864,353
val_select,20,global_T_corrected,equal_width,0,0.0,0.06666666666666667,0.0,0.0,0
val_select,20,global_T_corrected,equal_width,1,0.06666666666666667,0.13333333333333333,0.11685469249884288,0.06666666666666667,45
val_select,20,global_T_corrected,equal_width,2,0.13333333333333333,0.2,0.1717269000345172,0.18232044198895028,362
val_select,20,global_T_corrected,equal_width,3,0.2,0.26666666666666666,0.23479629936122734,0.24373956594323873,599
val_select,20,global_T_corrected,equal_width,4,0.26666666666666666,0.3333333333333333,0.30017443357355883,0.3683409436834094,657
val_select,20,global_T_corrected,equal_width,5,0.3333333333333333,0.4,0.367019032505045,0.36454849498327757,598
val_select,20,global_T_corrected,equal_width,6,0.4,0.4666666666666667,0.43291995238022973,0.47410358565737054,502
val_select,20,global_T_corrected,equal_width,7,0.4666666666666667,0.5333333333333333,0.4968852792061916,0.5306122448979592,441
val_select,20,global_T_corrected,equal_width,8,0.5333333333333333,0.6,0.565026089148735,0.6447761194029851,335
val_select,20,global_T_corrected,equal_width,9,0.6,0.6666666666666666,0.6345822547568756,0.717687074829932,294
val_select,20,global_T_corrected,equal_width,10,0.6666666666666666,0.7333333333333333,0.7007586423231631,0.8285714285714286,245
val_select,20,global_T_corrected,equal_width,11,0.7333333333333333,0.8,0.7661991948034705,0.8617886178861789,246
val_select,20,global_T_corrected,equal_width,12,0.8,0.8666666666666667,0.8353426025838268,0.889795918367347,245
val_select,20,global_T_corrected,equal_width,13,0.8666666666666667,0.9333333333333333,0.9000329955449122,0.9695817490494296,263
val_select,20,global_T_corrected,equal_width,14,0.9333333333333333,1.0,0.9741313460138109,0.9733333333333334,450
val_select,20,global_T_corrected,equal_mass,0,0.0,0.19152960926294327,0.1609128323722292,0.16761363636363635,352
val_select,20,global_T_corrected,equal_mass,1,0.19152960926294327,0.23515775799751282,0.21438237753781406,0.20738636363636365,352
val_select,20,global_T_corrected,equal_mass,2,0.23515775799751282,0.270580992102623,0.2539600584740666,0.2784090909090909,352
val_select,20,global_T_corrected,equal_mass,3,0.270580992102623,0.30823828279972076,0.2903827660801736,0.3693181818181818,352
val_select,20,global_T_corrected,equal_mass,4,0.30823828279972076,0.3438637852668762,0.3250217264179479,0.375,352
val_select,20,global_T_corrected,equal_mass,5,0.3438637852668762,0.3832886666059494,0.3644618641616952,0.31339031339031337,351
val_select,20,global_T_corrected,equal_mass,6,0.3832886666059494,0.4264555424451828,0.40412474565060214,0.4702549575070821,353
val_select,20,global_T_corrected,equal_mass,7,0.4264555424451828,0.4714103639125824,0.44956993068919304,0.5042492917847026,353
val_select,20,global_T_corrected,equal_mass,8,0.4714103639125824,0.5260721147060394,0.4978850039399483,0.5113636363636364,352
val_select,20,global_T_corrected,equal_mass,9,0.5260721147060394,0.5963727533817291,0.5597572963461916,0.6438746438746439,351
val_select,20,global_T_corrected,equal_mass,10,0.5963727533817291,0.6770831048488617,0.636864266213209,0.7308781869688386,353
val_select,20,global_T_corrected,equal_mass,11,0.6770831048488617,0.769296795129776,0.7259726392274554,0.8153409090909091,352
val_select,20,global_T_corrected,equal_mass,12,0.769296795129776,0.8695324957370758,0.8220265695655887,0.9034090909090909,352
val_select,20,global_T_corrected,equal_mass,13,0.8695324957370758,0.951510101556778,0.9126325193792582,0.9659090909090909,352
val_select,20,global_T_corrected,equal_mass,14,0.951510101556778,1.0,0.9826429077653642,0.9773371104815864,353
val_select,20,oracle_T_K,equal_width,0,0.0,0.06666666666666667,0.0,0.0,0
val_select,20,oracle_T_K,equal_width,1,0.06666666666666667,0.13333333333333333,0.11833773280789213,0.07317073170731707,41
val_select,20,oracle_T_K,equal_width,2,0.13333333333333333,0.2,0.17296995664946735,0.184375,320
val_select,20,oracle_T_K,equal_width,3,0.2,0.26666666666666666,0.23466526060811435,0.2314647377938517,553
val_select,20,oracle_T_K,equal_width,4,0.26666666666666666,0.3333333333333333,0.3008259158288753,0.3405238828967643,649
val_select,20,oracle_T_K,equal_width,5,0.3333333333333333,0.4,0.367090400108225,0.3483535528596187,577
val_select,20,oracle_T_K,equal_width,6,0.4,0.4666666666666667,0.43285341173872466,0.46705426356589147,516
val_select,20,oracle_T_K,equal_width,7,0.4666666666666667,0.5333333333333333,0.49832565590148453,0.5330396475770925,454
val_select,20,oracle_T_K,equal_width,8,0.5333333333333333,0.6,0.5652111638227159,0.6005917159763313,338
val_select,20,oracle_T_K,equal_width,9,0.6,0.6666666666666666,0.6326257503753879,0.7117437722419929,281
val_select,20,oracle_T_K,equal_width,10,0.6666666666666666,0.7333333333333333,0.6982356239767635,0.7904411764705882,272
val_select,20,oracle_T_K,equal_width,11,0.7333333333333333,0.8,0.7678519991908487,0.8385826771653543,254
val_select,20,oracle_T_K,equal_width,12,0.8,0.8666666666666667,0.8331752361382468,0.8813559322033898,236
val_select,20,oracle_T_K,equal_width,13,0.8666666666666667,0.9333333333333333,0.8987278522494733,0.9587628865979382,291
val_select,20,oracle_T_K,equal_width,14,0.9333333333333333,1.0,0.9748491698503494,0.974,500
val_select,20,oracle_T_K,equal_mass,0,0.0,0.19783803075551987,0.1659507256805558,0.16477272727272727,352
val_select,20,oracle_T_K,equal_mass,1,0.19783803075551987,0.2432808354496956,0.22151370990005406,0.21306818181818182,352
val_select,20,oracle_T_K,equal_mass,2,0.2432808354496956,0.2805195301771164,0.26265109376981854,0.2755681818181818,352
val_select,20,oracle_T_K,equal_mass,3,0.2805195301771164,0.318388432264328,0.3006453797729178,0.35511363636363635,352
val_select,20,oracle_T_K,equal_mass,4,0.318388432264328,0.3562615066766739,0.3362621185793118,0.38920454545454547,352
val_select,20,oracle_T_K,equal_mass,5,0.3562615066766739,0.3974449634552002,0.3773329843004996,0.3181818181818182,352
val_select,20,oracle_T_K,equal_mass,6,0.3974449634552002,0.4413370043039322,0.4186897048388015,0.44886363636363635,352
val_select,20,oracle_T_K,equal_mass,7,0.4413370043039322,0.4879954159259796,0.464664680339797,0.5070821529745042,353
val_select,20,oracle_T_K,equal_mass,8,0.4879954159259796,0.5435048937797546,0.5144340958860185,0.5156695156695157,351
val_select,20,oracle_T_K,equal_mass,9,0.5435048937797546,0.6159134805202484,0.5785845972323215,0.6487252124645893,353
val_select,20,oracle_T_K,equal_mass,10,0.6159134805202484,0.6985608339309692,0.657718313857913,0.7329545454545454,352
val_select,20,oracle_T_K,equal_mass,11,0.6985608339309692,0.7902405560016632,0.7470544686710293,0.8210227272727273,352
val_select,20,oracle_T_K,equal_mass,12,0.7902405560016632,0.885206937789917,0.8402384824373506,0.9005681818181818,352
val_select,20,oracle_T_K,equal_mass,13,0.885206937789917,0.9606483280658722,0.9249030443077738,0.9659090909090909,352
val_select,20,oracle_T_K,equal_mass,14,0.9606483280658722,1.0,0.9860727233184295,0.9773371104815864,353
val_select,50,native,equal_width,0,0.0,0.06666666666666667,0.058798061311244966,0.1,30
val_select,50,native,equal_width,1,0.06666666666666667,0.13333333333333333,0.1061210521591927,0.09886547811993517,617
val_select,50,native,equal_width,2,0.13333333333333333,0.2,0.1656379649033582,0.206163655685441,941
val_select,50,native,equal_width,3,0.2,0.26666666666666666,0.23134936355193556,0.26774595267745954,803
val_select,50,native,equal_width,4,0.26666666666666666,0.3333333333333333,0.29840380672438915,0.3520485584218513,659
val_select,50,native,equal_width,5,0.3333333333333333,0.4,0.3651887563024114,0.4723320158102767,506
val_select,50,native,equal_width,6,0.4,0.4666666666666667,0.4318258213500182,0.5083333333333333,360
val_select,50,native,equal_width,7,0.4666666666666667,0.5333333333333333,0.49656900979470514,0.6666666666666666,276
val_select,50,native,equal_width,8,0.5333333333333333,0.6,0.5644598103942672,0.6335078534031413,191
val_select,50,native,equal_width,9,0.6,0.6666666666666666,0.6299168053319899,0.7457627118644068,177
val_select,50,native,equal_width,10,0.6666666666666666,0.7333333333333333,0.6986983663673643,0.8037974683544303,158
val_select,50,native,equal_width,11,0.7333333333333333,0.8,0.7657024162272884,0.8835616438356164,146
val_select,50,native,equal_width,12,0.8,0.8666666666666667,0.8331189589841025,0.9214285714285714,140
val_select,50,native,equal_width,13,0.8666666666666667,0.9333333333333333,0.9016250942723226,0.9491525423728814,118
val_select,50,native,equal_width,14,0.9333333333333333,1.0,0.9688613191246986,0.9625,160
val_select,50,native,equal_mass,0,0.0,0.10931292176246643,0.08897215731187978,0.06818181818181818,352
val_select,50,native,equal_mass,1,0.10931292176246643,0.13802260160446167,0.12401527496562763,0.14204545454545456,352
val_select,50,native,equal_mass,2,0.13802260160446167,0.16112961620092392,0.14906952525912362,0.19886363636363635,352
val_select,50,native,equal_mass,3,0.16112961620092392,0.18554005771875381,0.17320781095292082,0.21306818181818182,352
val_select,50,native,equal_mass,4,0.18554005771875381,0.21351579576730728,0.19978111796081066,0.22443181818181818,352
val_select,50,native,equal_mass,5,0.21351579576730728,0.23975905030965805,0.2267444992167318,0.24786324786324787,351
val_select,50,native,equal_mass,6,0.23975905030965805,0.2740522176027298,0.2558063712319301,0.3031161473087819,353
val_select,50,native,equal_mass,7,0.2740522176027298,0.30803532898426056,0.28984989753525925,0.35410764872521244,353
val_select,50,native,equal_mass,8,0.30803532898426056,0.3462863564491272,0.326736755923114,0.4090909090909091,352
val_select,50,native,equal_mass,9,0.3462863564491272,0.39521341025829315,0.37058408253572206,0.4772727272727273,352
val_select,50,native,equal_mass,10,0.39521341025829315,0.45932137966156006,0.42457946339114144,0.4943181818181818,352
val_select,50,native,equal_mass,11,0.45932137966156006,0.5424635708332062,0.49638188122348353,0.6619318181818182,352
val_select,50,native,equal_mass,12,0.5424635708332062,0.6731078624725342,0.6049307142807678,0.6761363636363636,352
val_select,50,native,equal_mass,13,0.6731078624725342,0.8308923840522766,0.7492829844822572,0.8603988603988604,351
val_select,50,native,equal_mass,14,0.8308923840522766,1.0,0.9204923008794839,0.9576271186440678,354
val_select,50,global_T_corrected,equal_width,0,0.0,0.06666666666666667,0.058216808112086474,0.08108108108108109,37
val_select,50,global_T_corrected,equal_width,1,0.06666666666666667,0.13333333333333333,0.10526526699421611,0.10970464135021098,711
val_select,50,global_T_corrected,equal_width,2,0.13333333333333333,0.2,0.16521053401070024,0.2150753768844221,995
val_select,50,global_T_corrected,equal_width,3,0.2,0.26666666666666666,0.23131300666990762,0.2922318125770654,811
val_select,50,global_T_corrected,equal_width,4,0.26666666666666666,0.3333333333333333,0.297397259747366,0.378419452887538,658
val_select,50,global_T_corrected,equal_width,5,0.3333333333333333,0.4,0.3645627074396585,0.4863731656184486,477
val_select,50,global_T_corrected,equal_width,6,0.4,0.4666666666666667,0.43247636042556653,0.5587392550143266,349
val_select,50,global_T_corrected,equal_width,7,0.4666666666666667,0.5333333333333333,0.496143427662185,0.6762295081967213,244
val_select,50,global_T_corrected,equal_width,8,0.5333333333333333,0.6,0.567197601807299,0.649746192893401,197
val_select,50,global_T_corrected,equal_width,9,0.6,0.6666666666666666,0.6344028246477715,0.7924528301886793,159
val_select,50,global_T_corrected,equal_width,10,0.6666666666666666,0.7333333333333333,0.6994343688023971,0.8523489932885906,149
val_select,50,global_T_corrected,equal_width,11,0.7333333333333333,0.8,0.7651579424186989,0.8666666666666667,135
val_select,50,global_T_corrected,equal_width,12,0.8,0.8666666666666667,0.8304836189644969,0.9487179487179487,117
val_select,50,global_T_corrected,equal_width,13,0.8666666666666667,0.9333333333333333,0.9034982045828286,0.9576271186440678,118
val_select,50,global_T_corrected,equal_width,14,0.9333333333333333,1.0,0.9690077414512634,0.96,125
val_select,50,global_T_corrected,equal_mass,0,0.0,0.10367054492235184,0.084644339481284,0.06818181818181818,352
val_select,50,global_T_corrected,equal_mass,1,0.10367054492235184,0.13061759620904922,0.11758687531321564,0.14772727272727273,352
val_select,50,global_T_corrected,equal_mass,2,0.13061759620904922,0.15203873813152313,0.141070000403984,0.20170454545454544,352
val_select,50,global_T_corrected,equal_mass,3,0.15203873813152313,0.17529010772705078,0.16363931303335863,0.2159090909090909,352
val_select,50,global_T_corrected,equal_mass,4,0.17529010772705078,0.2017689049243927,0.18850822577422316,0.21875,352
val_select,50,global_T_corrected,equal_mass,5,0.2017689049243927,0.22631874680519104,0.21436824611472813,0.25,352
val_select,50,global_T_corrected,equal_mass,6,0.22631874680519104,0.2580053359270096,0.2418215307407081,0.3039772727272727,352
val_select,50,global_T_corrected,equal_mass,7,0.2580053359270096,0.29001612961292267,0.27349423543251944,0.35410764872521244,353
val_select,50,global_T_corrected,equal_mass,8,0.29001612961292267,0.3286575973033905,0.30828141556544736,0.4034090909090909,352
val_select,50,global_T_corrected,equal_mass,9,0.3286575973033905,0.37342771887779236,0.3503602777861736,0.4715909090909091,352
val_select,50,global_T_corrected,equal_mass,10,0.37342771887779236,0.4358504116535187,0.40211624635214155,0.5198863636363636,352
val_select,50,global_T_corrected,equal_mass,11,0.4358504116535187,0.514668345451355,0.4699446303261952,0.6534090909090909,352
val_select,50,global_T_corrected,equal_mass,12,0.514668345451355,0.6409775018692017,0.5754169557582248,0.6676136363636364,352
val_select,50,global_T_corrected,equal_mass,13,0.6409775018692017,0.8042417168617249,0.7187954165380109,0.8551136363636364,352
val_select,50,global_T_corrected,equal_mass,14,0.8042417168617249,1.0,0.904501649880882,0.9575070821529745,353
val_select,50,oracle_T_K,equal_width,0,0.0,0.06666666666666667,0.05804805198441381,0.08695652173913043,23
val_select,50,oracle_T_K,equal_width,1,0.06666666666666667,0.13333333333333333,0.10651901799597238,0.1,570
val_select,50,oracle_T_K,equal_width,2,0.13333333333333333,0.2,0.16627747170872742,0.2,910
val_select,50,oracle_T_K,equal_width,3,0.2,0.26666666666666666,0.2325503323365141,0.254320987654321,810
val_select,50,oracle_T_K,equal_width,4,0.26666666666666666,0.3333333333333333,0.29973211337966976,0.34169278996865204,638
val_select,50,oracle_T_K,equal_width,5,0.3333333333333333,0.4,0.36519387451190394,0.4563106796116505,515
val_select,50,oracle_T_K,equal_width,6,0.4,0.4666666666666667,0.43040428123372126,0.48128342245989303,374
val_select,50,oracle_T_K,equal_width,7,0.4666666666666667,0.5333333333333333,0.4988546154625788,0.6312292358803987,301
val_select,50,oracle_T_K,equal_width,8,0.5333333333333333,0.6,0.5666784506802466,0.6617647058823529,204
val_select,50,oracle_T_K,equal_width,9,0.6,0.6666666666666666,0.6336082209917632,0.7159090909090909,176
val_select,50,oracle_T_K,equal_width,10,0.6666666666666666,0.7333333333333333,0.7010639962516253,0.8164556962025317,158
val_select,50,oracle_T_K,equal_width,11,0.7333333333333333,0.8,0.7682885148308494,0.8571428571428571,154
val_select,50,oracle_T_K,equal_width,12,0.8,0.8666666666666667,0.8343996473721096,0.9142857142857143,140
val_select,50,oracle_T_K,equal_width,13,0.8666666666666667,0.9333333333333333,0.897813998517536,0.9523809523809523,126
val_select,50,oracle_T_K,equal_width,14,0.9333333333333333,1.0,0.9690494377756379,0.9562841530054644,183
val_select,50,oracle_T_K,equal_mass,0,0.0,0.1127016432583332,0.0917246295562522,0.06818181818181818,352
val_select,50,oracle_T_K,equal_mass,1,0.1127016432583332,0.14211548119783401,0.12810149299912155,0.14204545454545456,352
val_select,50,oracle_T_K,equal_mass,2,0.14211548119783401,0.16693134605884552,0.1541565432721241,0.1903409090909091,352
val_select,50,oracle_T_K,equal_mass,3,0.16693134605884552,0.19208557903766632,0.17930500763891774,0.2159090909090909,352
val_select,50,oracle_T_K,equal_mass,4,0.19208557903766632,0.22124724090099335,0.20682789410718463,0.2215909090909091,352
val_select,50,oracle_T_K,equal_mass,5,0.22124724090099335,0.24744430929422379,0.2346031699244949,0.26136363636363635,352
val_select,50,oracle_T_K,equal_mass,6,0.24744430929422379,0.2837720662355423,0.2647071225060658,0.3125,352
val_select,50,oracle_T_K,equal_mass,7,0.2837720662355423,0.31897464394569397,0.30014392412755714,0.32577903682719545,353
val_select,50,oracle_T_K,equal_mass,8,0.31897464394569397,0.35792936384677887,0.33824789557944646,0.4147727272727273,352
val_select,50,oracle_T_K,equal_mass,9,0.35792936384677887,0.40812551975250244,0.38319912323584926,0.47863247863247865,351
val_select,50,oracle_T_K,equal_mass,10,0.40812551975250244,0.47388985753059387,0.4382734139141212,0.49008498583569404,353
val_select,50,oracle_T_K,equal_mass,11,0.47388985753059387,0.5599437952041626,0.5128732810474255,0.6505681818181818,352
val_select,50,oracle_T_K,equal_mass,12,0.5599437952041626,0.6900382936000824,0.6228203560141,0.6988636363636364,352
val_select,50,oracle_T_K,equal_mass,13,0.6900382936000824,0.8458941876888275,0.7678396435027082,0.8611898016997167,353
val_select,50,oracle_T_K,equal_mass,14,0.8458941876888275,1.0,0.9297761766409333,0.9573863636363636,352
val_calib,5,native,equal_width,0,0.0,0.06666666666666667,0.0,0.0,0
val_calib,5,native,equal_width,1,0.06666666666666667,0.13333333333333333,0.0,0.0,0
val_calib,5,native,equal_width,2,0.13333333333333333,0.2,0.0,0.0,0
val_calib,5,native,equal_width,3,0.2,0.26666666666666666,0.26174030303955076,0.0,5
val_calib,5,native,equal_width,4,0.26666666666666666,0.3333333333333333,0.30584604934204457,0.27906976744186046,43
val_calib,5,native,equal_width,5,0.3333333333333333,0.4,0.37097801730550567,0.33793103448275863,145
val_calib,5,native,equal_width,6,0.4,0.4666666666666667,0.43587395176291466,0.4153225806451613,248
val_calib,5,native,equal_width,7,0.4666666666666667,0.5333333333333333,0.502689784196154,0.49246231155778897,398
val_calib,5,native,equal_width,8,0.5333333333333333,0.6,0.5640286431094717,0.5862944162436549,394
val_calib,5,native,equal_width,9,0.6,0.6666666666666666,0.6315053870994083,0.580110497237569,362
val_calib,5,native,equal_width,10,0.6666666666666666,0.7333333333333333,0.7017064521055736,0.7305389221556886,334
val_calib,5,native,equal_width,11,0.7333333333333333,0.8,0.7665952949452579,0.7755610972568578,401
val_calib,5,native,equal_width,12,0.8,0.8666666666666667,0.8364752156433658,0.8504672897196262,428
val_calib,5,native,equal_width,13,0.8666666666666667,0.9333333333333333,0.9010544997595605,0.9107142857142857,504
val_calib,5,native,equal_width,14,0.9333333333333333,1.0,0.984467045010014,0.9761300152361605,1969
val_calib,5,native,equal_mass,0,0.0,0.44554880261421204,0.3849641596791388,0.3793103448275862,348
val_calib,5,native,equal_mass,1,0.44554880261421204,0.5122351944446564,0.48206106093004986,0.4383954154727794,349
val_calib,5,native,equal_mass,2,0.5122351944446564,0.5642610490322113,0.5379249800242121,0.5501432664756447,349
val_calib,5,native,equal_mass,3,0.5642610490322113,0.6274672448635101,0.5959554458486622,0.5919540229885057,348
val_calib,5,native,equal_mass,4,0.6274672448635101,0.6992005109786987,0.6617076183458453,0.6475644699140402,349
val_calib,5,native,equal_mass,5,0.6992005109786987,0.7616085708141327,0.7311481152018026,0.7421203438395415,349
val_calib,5,native,equal_mass,6,0.7616085708141327,0.8222635090351105,0.789953423092905,0.7936962750716332,349
val_calib,5,native,equal_mass,7,0.8222635090351105,0.8711583018302917,0.8472491182472514,0.8706896551724138,348
val_calib,5,native,equal_mass,8,0.8711583018302917,0.9173643290996552,0.8953414398824588,0.8997134670487106,349
val_calib,5,native,equal_mass,9,0.9173643290996552,0.9534872770309448,0.9369153718552139,0.9140401146131805,349
val_calib,5,native,equal_mass,10,0.9534872770309448,0.9783507287502289,0.9670256907413887,0.9656160458452722,349
val_calib,5,native,equal_mass,11,0.9783507287502289,0.9923852980136871,0.9859935516256025,0.9712643678160919,348
val_calib,5,native,equal_mass,12,0.9923852980136871,0.9987164735794067,0.996188670225527,0.9942528735632183,348
val_calib,5,native,equal_mass,13,0.9987164735794067,0.9999709725379944,0.9995978254931314,1.0,350
val_calib,5,native,equal_mass,14,0.9999709725379944,1.0,0.9999944371275369,1.0,349
val_calib,5,global_T_corrected,equal_width,0,0.0,0.06666666666666667,0.0,0.0,0
val_calib,5,global_T_corrected,equal_width,1,0.06666666666666667,0.13333333333333333,0.0,0.0,0
val_calib,5,global_T_corrected,equal_width,2,0.13333333333333333,0.2,0.0,0.0,0
val_calib,5,global_T_corrected,equal_width,3,0.2,0.26666666666666666,0.2585136890411377,0.0,5
val_calib,5,global_T_corrected,equal_width,4,0.26666666666666666,0.3333333333333333,0.30519709825515745,0.24,50
val_calib,5,global_T_corrected,equal_width,5,0.3333333333333333,0.4,0.36949340171284145,0.37254901960784315,153
val_calib,5,global_T_corrected,equal_width,6,0.4,0.4666666666666667,0.4344634729081934,0.4109090909090909,275
val_calib,5,global_T_corrected,equal_width,7,0.4666666666666667,0.5333333333333333,0.502058583595943,0.5,426
val_calib,5,global_T_corrected,equal_width,8,0.5333333333333333,0.6,0.5659371413821377,0.6044226044226044,407
val_calib,5,global_T_corrected,equal_width,9,0.6,0.6666666666666666,0.632213292999214,0.598314606741573,356
val_calib,5,global_T_corrected,equal_width,10,0.6666666666666666,0.7333333333333333,0.7030472298679145,0.7527173913043478,368
val_calib,5,global_T_corrected,equal_width,11,0.7333333333333333,0.8,0.7652285302518517,0.7849462365591398,372
val_calib,5,global_T_corrected,equal_width,12,0.8,0.8666666666666667,0.8341035695853213,0.8612334801762115,454
val_calib,5,global_T_corrected,equal_width,13,0.8666666666666667,0.9333333333333333,0.9025871970856837,0.9186046511627907,516
val_calib,5,global_T_corrected,equal_width,14,0.9333333333333333,1.0,0.9844449187627414,0.9805300162249865,1849
val_calib,5,global_T_corrected,equal_mass,0,0.0,0.43740710616111755,0.37823815292668067,0.3764367816091954,348
val_calib,5,global_T_corrected,equal_mass,1,0.43740710616111755,0.5034888386726379,0.472684347356288,0.42406876790830944,349
val_calib,5,global_T_corrected,equal_mass,2,0.5034888386726379,0.5519545674324036,0.5281705506209999,0.5558739255014327,349
val_calib,5,global_T_corrected,equal_mass,3,0.5519545674324036,0.6144163310527802,0.5838858862032835,0.6120689655172413,348
val_calib,5,global_T_corrected,equal_mass,4,0.6144163310527802,0.6827329099178314,0.6466579616582154,0.6361031518624641,349
val_calib,5,global_T_corrected,equal_mass,5,0.6827329099178314,0.7421278953552246,0.713822066954692,0.7449856733524355,349
val_calib,5,global_T_corrected,equal_mass,6,0.7421278953552246,0.8055692315101624,0.7724514779525363,0.8022922636103151,349
val_calib,5,global_T_corrected,equal_mass,7,0.8055692315101624,0.8557110726833344,0.8307649530898565,0.8620689655172413,348
val_calib,5,global_T_corrected,equal_mass,8,0.8557110726833344,0.9043971002101898,0.8811351202620477,0.8997134670487106,349
val_calib,5,global_T_corrected,equal_mass,9,0.9043971002101898,0.9442284107208252,0.9258511609539262,0.9111747851002865,349
val_calib,5,global_T_corrected,equal_mass,10,0.9442284107208252,0.9730083644390106,0.9596524542587193,0.9684813753581661,349
val_calib,5,global_T_corrected,equal_mass,11,0.9730083644390106,0.9900367558002472,0.9820527879671118,0.9712643678160919,348
val_calib,5,global_T_corrected,equal_mass,12,0.9900367558002472,0.9980989694595337,0.9947736601433304,0.994269340974212,349
val_calib,5,global_T_corrected,equal_mass,13,0.9980989694595337,0.999946266412735,0.999387745187754,1.0,349
val_calib,5,global_T_corrected,equal_mass,14,0.999946266412735,1.0,0.9999893794428654,1.0,349
val_calib,5,oracle_T_K,equal_width,0,0.0,0.06666666666666667,0.0,0.0,0
val_calib,5,oracle_T_K,equal_width,1,0.06666666666666667,0.13333333333333333,0.0,0.0,0
val_calib,5,oracle_T_K,equal_width,2,0.13333333333333333,0.2,0.0,0.0,0
val_calib,5,oracle_T_K,equal_width,3,0.2,0.26666666666666666,0.2575581014156342,0.0,5
val_calib,5,oracle_T_K,equal_width,4,0.26666666666666666,0.3333333333333333,0.30427122642012205,0.2549019607843137,51
val_calib,5,oracle_T_K,equal_width,5,0.3333333333333333,0.4,0.3693490672856569,0.3875,160
val_calib,5,oracle_T_K,equal_width,6,0.4,0.4666666666666667,0.4343768599842276,0.4035714285714286,280
val_calib,5,oracle_T_K,equal_width,7,0.4666666666666667,0.5333333333333333,0.5013835633690262,0.5058275058275058,429
val_calib,5,oracle_T_K,equal_width,8,0.5333333333333333,0.6,0.5654639912057677,0.6058394160583942,411
val_calib,5,oracle_T_K,equal_width,9,0.6,0.6666666666666666,0.6310959359577724,0.6057142857142858,350
val_calib,5,oracle_T_K,equal_width,10,0.6666666666666666,0.7333333333333333,0.7020440041865665,0.7480719794344473,389
val_calib,5,oracle_T_K,equal_width,11,0.7333333333333333,0.8,0.7654467076471407,0.7917808219178082,365
val_calib,5,oracle_T_K,equal_width,12,0.8,0.8666666666666667,0.8334577922467832,0.8605664488017429,459
val_calib,5,oracle_T_K,equal_width,13,0.8666666666666667,0.9333333333333333,0.9023779025246446,0.9194499017681729,509
val_calib,5,oracle_T_K,equal_width,14,0.9333333333333333,1.0,0.9841644528209019,0.9829950630828305,1823
val_calib,5,oracle_T_K,equal_mass,0,0.0,0.43490390479564667,0.3762010623668802,0.3764367816091954,348
val_calib,5,oracle_T_K,equal_mass,1,0.43490390479564667,0.5007407367229462,0.46977657677450974,0.4269340974212034,349
val_calib,5,oracle_T_K,equal_mass,2,0.5007407367229462,0.5485774576663971,0.5252350456051976,0.5587392550143266,349
val_calib,5,oracle_T_K,equal_mass,3,0.5485774576663971,0.609966516494751,0.5802633683571871,0.6063218390804598,348
val_calib,5,oracle_T_K,equal_mass,4,0.609966516494751,0.6773446500301361,0.6421384652569506,0.6389684813753582,349
val_calib,5,oracle_T_K,equal_mass,5,0.6773446500301361,0.7365173399448395,0.7085428943265133,0.7421203438395415,349
val_calib,5,oracle_T_K,equal_mass,6,0.7365173399448395,0.8000974357128143,0.7670389220844367,0.7965616045845272,349
val_calib,5,oracle_T_K,equal_mass,7,0.8000974357128143,0.8503341972827911,0.825612290152188,0.867816091954023,348
val_calib,5,oracle_T_K,equal_mass,8,0.8503341972827911,0.900214433670044,0.8765976089119569,0.9025787965616046,349
val_calib,5,oracle_T_K,equal_mass,9,0.900214433670044,0.9412727653980255,0.9222547452907508,0.9083094555873925,349
val_calib,5,oracle_T_K,equal_mass,10,0.9412727653980255,0.9712154567241669,0.9571831789945805,0.9684813753581661,349
val_calib,5,oracle_T_K,equal_mass,11,0.9712154567241669,0.9891695976257324,0.9806908780130846,0.9712643678160919,348
val_calib,5,oracle_T_K,equal_mass,12,0.9891695976257324,0.9978717267513275,0.9942586746461753,0.994269340974212,349
val_calib,5,oracle_T_K,equal_mass,13,0.9978717267513275,0.9999355375766754,0.9993052009525135,1.0,349
val_calib,5,oracle_T_K,equal_mass,14,0.9999355375766754,1.0,0.9999871378641757,1.0,349
val_calib,10,native,equal_width,0,0.0,0.06666666666666667,0.0,0.0,0
val_calib,10,native,equal_width,1,0.06666666666666667,0.13333333333333333,0.0,0.0,0
val_calib,10,native,equal_width,2,0.13333333333333333,0.2,0.18595956917852163,0.125,16
val_calib,10,native,equal_width,3,0.2,0.26666666666666666,0.23999888744930292,0.2550335570469799,149
val_calib,10,native,equal_width,4,0.26666666666666666,0.3333333333333333,0.3013025487018937,0.31988472622478387,347
val_calib,10,native,equal_width,5,0.3333333333333333,0.4,0.3666662100052658,0.40294840294840295,407
val_calib,10,native,equal_width,6,0.4,0.4666666666666667,0.4341904256436531,0.42548596112311016,463
val_calib,10,native,equal_width,7,0.4666666666666667,0.5333333333333333,0.49865070365287445,0.5230769230769231,455
val_calib,10,native,equal_width,8,0.5333333333333333,0.6,0.5665577874258831,0.5405405405405406,444
val_calib,10,native,equal_width,9,0.6,0.6666666666666666,0.632815338060504,0.6721311475409836,366
val_calib,10,native,equal_width,10,0.6666666666666666,0.7333333333333333,0.6997786766443497,0.7076923076923077,390
val_calib,10,native,equal_width,11,0.7333333333333333,0.8,0.7663468742507628,0.7701149425287356,348
val_calib,10,native,equal_width,12,0.8,0.8666666666666667,0.8336768767237663,0.8675,400
val_calib,10,native,equal_width,13,0.8666666666666667,0.9333333333333333,0.9017966203391552,0.905,400
val_calib,10,native,equal_width,14,0.9333333333333333,1.0,0.9787113228332016,0.9808795411089866,1046
val_calib,10,native,equal_mass,0,0.0,0.3030740022659302,0.2615805480243831,0.27298850574712646,348
val_calib,10,native,equal_mass,1,0.3030740022659302,0.3628782629966736,0.3343367299070331,0.3638968481375358,349
val_calib,10,native,equal_mass,2,0.3628782629966736,0.4201248586177826,0.3923807550637975,0.3954154727793696,349
val_calib,10,native,equal_mass,3,0.4201248586177826,0.46836915612220764,0.4439946360800458,0.45689655172413796,348
val_calib,10,native,equal_mass,4,0.46836915612220764,0.5181479156017303,0.49244101016774217,0.5214899713467048,349
val_calib,10,native,equal_mass,5,0.5181479156017303,0.5700240731239319,0.5455240904430947,0.5300859598853869,349
val_calib,10,native,equal_mass,6,0.5700240731239319,0.6276118457317352,0.5980817390376313,0.5902578796561605,349
val_calib,10,native,equal_mass,7,0.6276118457317352,0.6913562119007111,0.6603546334409166,0.7068965517241379,348
val_calib,10,native,equal_mass,8,0.6913562119007111,0.75323486328125,0.7205515831794301,0.7106017191977078,349
val_calib,10,native,equal_mass,9,0.75323486328125,0.8167285025119781,0.7859469479681086,0.8166189111747851,349
val_calib,10,native,equal_mass,10,0.8167285025119781,0.8763467967510223,0.8464812607341646,0.8624641833810889,349
val_calib,10,native,equal_mass,11,0.8763467967510223,0.9331845939159393,0.9060885582504601,0.9080459770114943,348
val_calib,10,native,equal_mass,12,0.9331845939159393,0.9724806547164917,0.9525881489914946,0.9598853868194842,349
val_calib,10,native,equal_mass,13,0.9724806547164917,0.9944715201854706,0.9848882302470591,0.985632183908046,348
val_calib,10,native,equal_mass,14,0.9944715201854706,1.0,0.9984885910579137,0.9971428571428571,350
val_calib,10,global_T_corrected,equal_width,0,0.0,0.06666666666666667,0.0,0.0,0
val_calib,10,global_T_corrected,equal_width,1,0.06666666666666667,0.13333333333333333,0.0,0.0,0
val_calib,10,global_T_corrected,equal_width,2,0.13333333333333333,0.2,0.18635296821594238,0.13636363636363635,22
val_calib,10,global_T_corrected,equal_width,3,0.2,0.26666666666666666,0.23982096328372843,0.27485380116959063,171
val_calib,10,global_T_corrected,equal_width,4,0.26666666666666666,0.3333333333333333,0.30042821612763915,0.3271276595744681,376
val_calib,10,global_T_corrected,equal_width,5,0.3333333333333333,0.4,0.36655301358158193,0.3911007025761124,427
val_calib,10,global_T_corrected,equal_width,6,0.4,0.4666666666666667,0.43291211861078854,0.4405737704918033,488
val_calib,10,global_T_corrected,equal_width,7,0.4666666666666667,0.5333333333333333,0.4987743241637277,0.5403587443946188,446
val_calib,10,global_T_corrected,equal_width,8,0.5333333333333333,0.6,0.5641076322726287,0.5786026200873362,458
val_calib,10,global_T_corrected,equal_width,9,0.6,0.6666666666666666,0.6337959872490448,0.6910994764397905,382
val_calib,10,global_T_corrected,equal_width,10,0.6666666666666666,0.7333333333333333,0.6985558624561606,0.7158176943699732,373
val_calib,10,global_T_corrected,equal_width,11,0.7333333333333333,0.8,0.7666880678198191,0.8100558659217877,358
val_calib,10,global_T_corrected,equal_width,12,0.8,0.8666666666666667,0.8323604012357777,0.8594164456233422,377
val_calib,10,global_T_corrected,equal_width,13,0.8666666666666667,0.9333333333333333,0.9030832258164158,0.9343065693430657,411
val_calib,10,global_T_corrected,equal_width,14,0.9333333333333333,1.0,0.9788565979262066,0.9819532908704883,942
val_calib,10,global_T_corrected,equal_mass,0,0.0,0.2945137321949005,0.2545990841998451,0.27873563218390807,348
val_calib,10,global_T_corrected,equal_mass,1,0.2945137321949005,0.3527291566133499,0.32466043288523283,0.36103151862464183,349
val_calib,10,global_T_corrected,equal_mass,2,0.3527291566133499,0.4066311866044998,0.38068355282603156,0.39255014326647564,349
val_calib,10,global_T_corrected,equal_mass,3,0.4066311866044998,0.4541497528553009,0.43018749202119894,0.4396551724137931,348
val_calib,10,global_T_corrected,equal_mass,4,0.4541497528553009,0.503117710351944,0.47811426790190975,0.5415472779369628,349
val_calib,10,global_T_corrected,equal_mass,5,0.503117710351944,0.5539135932922363,0.5300689631683437,0.5128939828080229,349
val_calib,10,global_T_corrected,equal_mass,6,0.5539135932922363,0.609625369310379,0.5799595633345552,0.6074498567335244,349
val_calib,10,global_T_corrected,equal_mass,7,0.609625369310379,0.668934166431427,0.6400190528439379,0.7011494252873564,348
val_calib,10,global_T_corrected,equal_mass,8,0.668934166431427,0.7321407496929169,0.6997507931851384,0.7249283667621776,349
val_calib,10,global_T_corrected,equal_mass,9,0.7321407496929169,0.7970852553844452,0.764943729499008,0.7994269340974212,349
val_calib,10,global_T_corrected,equal_mass,10,0.7970852553844452,0.8588366508483887,0.8274444247726724,0.8681948424068768,349
val_calib,10,global_T_corrected,equal_mass,11,0.8588366508483887,0.9197611808776855,0.8908674679268366,0.9080459770114943,348
val_calib,10,global_T_corrected,equal_mass,12,0.9197611808776855,0.9651741981506348,0.9426586885848496,0.9598853868194842,349
val_calib,10,global_T_corrected,equal_mass,13,0.9651741981506348,0.9924535751342773,0.9804572027528866,0.9856733524355301,349
val_calib,10,global_T_corrected,equal_mass,14,0.9924535751342773,1.0,0.997864515187064,0.997134670487106,349
val_calib,10,oracle_T_K,equal_width,0,0.0,0.06666666666666667,0.0,0.0,0
val_calib,10,oracle_T_K,equal_width,1,0.06666666666666667,0.13333333333333333,0.0,0.0,0
val_calib,10,oracle_T_K,equal_width,2,0.13333333333333333,0.2,0.18503040859573766,0.10526315789473684,19
val_calib,10,oracle_T_K,equal_width,3,0.2,0.26666666666666666,0.23908737948141903,0.28313253012048195,166
val_calib,10,oracle_T_K,equal_width,4,0.26666666666666666,0.3333333333333333,0.3006276309490204,0.31733333333333336,375
val_calib,10,oracle_T_K,equal_width,5,0.3333333333333333,0.4,0.36641987355855793,0.39903846153846156,416
val_calib,10,oracle_T_K,equal_width,6,0.4,0.4666666666666667,0.43266091002631435,0.44123711340206184,485
val_calib,10,oracle_T_K,equal_width,7,0.4666666666666667,0.5333333333333333,0.4986503039841103,0.5309734513274337,452
val_calib,10,oracle_T_K,equal_width,8,0.5333333333333333,0.6,0.5650424471848917,0.5786026200873362,458
val_calib,10,oracle_T_K,equal_width,9,0.6,0.6666666666666666,0.6337882978941805,0.6827956989247311,372
val_calib,10,oracle_T_K,equal_width,10,0.6666666666666666,0.7333333333333333,0.6986379543627341,0.7165354330708661,381
val_calib,10,oracle_T_K,equal_width,11,0.7333333333333333,0.8,0.7673158106191198,0.7988826815642458,358
val_calib,10,oracle_T_K,equal_width,12,0.8,0.8666666666666667,0.8334189499728382,0.859375,384
val_calib,10,oracle_T_K,equal_width,13,0.8666666666666667,0.9333333333333333,0.9031618201643005,0.9273182957393483,399
val_calib,10,oracle_T_K,equal_width,14,0.9333333333333333,1.0,0.9786159209212901,0.9824016563146998,966
val_calib,10,oracle_T_K,equal_mass,0,0.0,0.29630956053733826,0.25596130827720137,0.28160919540229884,348
val_calib,10,oracle_T_K,equal_mass,1,0.29630956053733826,0.35491402447223663,0.32653989790162247,0.35816618911174786,349
val_calib,10,oracle_T_K,equal_mass,2,0.35491402447223663,0.40905770659446716,0.3829741442954984,0.39255014326647564,349
val_calib,10,oracle_T_K,equal_mass,3,0.40905770659446716,0.456535741686821,0.4328713137014159,0.4425287356321839,348
val_calib,10,oracle_T_K,equal_mass,4,0.456535741686821,0.5063470900058746,0.4809479054202323,0.5358166189111748,349
val_calib,10,oracle_T_K,equal_mass,5,0.5063470900058746,0.5572200119495392,0.5330889534130479,0.5243553008595988,349
val_calib,10,oracle_T_K,equal_mass,6,0.5572200119495392,0.6130537390708923,0.5834760698343074,0.5931232091690545,349
val_calib,10,oracle_T_K,equal_mass,7,0.6130537390708923,0.6734912097454071,0.6440205834377771,0.7068965517241379,348
val_calib,10,oracle_T_K,equal_mass,8,0.6734912097454071,0.7358880043029785,0.7038356258739373,0.7220630372492837,349
val_calib,10,oracle_T_K,equal_mass,9,0.7358880043029785,0.800828218460083,0.7691052839544236,0.8080229226361032,349
val_calib,10,oracle_T_K,equal_mass,10,0.800828218460083,0.8623380661010742,0.8312727675738513,0.8624641833810889,349
val_calib,10,oracle_T_K,equal_mass,11,0.8623380661010742,0.9222534596920013,0.8938814793265175,0.9077809798270894,347
val_calib,10,oracle_T_K,equal_mass,12,0.9222534596920013,0.9667833149433136,0.9446545590673174,0.96,350
val_calib,10,oracle_T_K,equal_mass,13,0.9667833149433136,0.9928811490535736,0.9814071738959042,0.9856733524355301,349
val_calib,10,oracle_T_K,equal_mass,14,0.9928811490535736,1.0,0.9980052928186761,0.997134670487106,349
val_calib,20,native,equal_width,0,0.0,0.06666666666666667,0.0,0.0,0
val_calib,20,native,equal_width,1,0.06666666666666667,0.13333333333333333,0.1210818370947471,0.07692307692307693,26
val_calib,20,native,equal_width,2,0.13333333333333333,0.2,0.17413237125334077,0.18613138686131386,274
val_calib,20,native,equal_width,3,0.2,0.26666666666666666,0.23608454542670623,0.25226860254083483,551
val_calib,20,native,equal_width,4,0.26666666666666666,0.3333333333333333,0.29851753772603007,0.3132328308207705,597
val_calib,20,native,equal_width,5,0.3333333333333333,0.4,0.3658599847672032,0.37058823529411766,510
val_calib,20,native,equal_width,6,0.4,0.4666666666666667,0.4330364322153533,0.483739837398374,492
val_calib,20,native,equal_width,7,0.4666666666666667,0.5333333333333333,0.4990671370138057,0.5574837310195228,461
val_calib,20,native,equal_width,8,0.5333333333333333,0.6,0.5653534141990045,0.6197916666666666,384
val_calib,20,native,equal_width,9,0.6,0.6666666666666666,0.6330085558231695,0.6829971181556196,347
val_calib,20,native,equal_width,10,0.6666666666666666,0.7333333333333333,0.699956547615776,0.7311827956989247,279
val_calib,20,native,equal_width,11,0.7333333333333333,0.8,0.7652753766318013,0.7781954887218046,266
val_calib,20,native,equal_width,12,0.8,0.8666666666666667,0.8317177526412471,0.8588709677419355,248
val_calib,20,native,equal_width,13,0.8666666666666667,0.9333333333333333,0.9039091041824162,0.9228187919463087,298
val_calib,20,native,equal_width,14,0.9333333333333333,1.0,0.9741490728644482,0.9939759036144579,498
val_calib,20,native,equal_mass,0,0.0,0.20880240947008133,0.17435587227515792,0.1752873563218391,348
val_calib,20,native,equal_mass,1,0.20880240947008133,0.2500927001237869,0.23048857968823616,0.2636103151862464,349
val_calib,20,native,equal_mass,2,0.2500927001237869,0.2873879373073578,0.2688865635149117,0.27793696275071633,349
val_calib,20,native,equal_mass,3,0.2873879373073578,0.3263119012117386,0.3057083287972143,0.32471264367816094,348
val_calib,20,native,equal_mass,4,0.3263119012117386,0.37184758484363556,0.3478271366019645,0.3438395415472779,349
val_calib,20,native,equal_mass,5,0.37184758484363556,0.41908861696720123,0.39503934765955095,0.42120343839541546,349
val_calib,20,native,equal_mass,6,0.41908861696720123,0.4654868096113205,0.44126270305802967,0.4871060171919771,349
val_calib,20,native,equal_mass,7,0.4654868096113205,0.5142880082130432,0.48946239079894693,0.5632183908045977,348
val_calib,20,native,equal_mass,8,0.5142880082130432,0.5699452757835388,0.5418819675814457,0.6045845272206304,349
val_calib,20,native,equal_mass,9,0.5699452757835388,0.6358578503131866,0.6033872736559215,0.6418338108882522,349
val_calib,20,native,equal_mass,10,0.6358578503131866,0.7107588052749634,0.6724745060789551,0.7163323782234957,349
val_calib,20,native,equal_mass,11,0.7107588052749634,0.7990286648273468,0.755007993215802,0.7614942528735632,348
val_calib,20,native,equal_mass,12,0.7990286648273468,0.8953727185726166,0.8458000903470175,0.8657142857142858,350
val_calib,20,native,equal_mass,13,0.8953727185726166,0.9645321369171143,0.9290411350713379,0.9626436781609196,348
val_calib,20,native,equal_mass,14,0.9645321369171143,1.0,0.9851530617834162,0.997134670487106,349
val_calib,20,global_T_corrected,equal_width,0,0.0,0.06666666666666667,0.0,0.0,0
val_calib,20,global_T_corrected,equal_width,1,0.06666666666666667,0.13333333333333333,0.1196185754191491,0.0967741935483871,31
val_calib,20,global_T_corrected,equal_width,2,0.13333333333333333,0.2,0.1720944178625218,0.18122977346278318,309
val_calib,20,global_T_corrected,equal_width,3,0.2,0.26666666666666666,0.23473205972583064,0.27419354838709675,620
val_calib,20,global_T_corrected,equal_width,4,0.26666666666666666,0.3333333333333333,0.2991111374825769,0.3198707592891761,619
val_calib,20,global_T_corrected,equal_width,5,0.3333333333333333,0.4,0.3674552711466002,0.3948412698412698,504
val_calib,20,global_T_corrected,equal_width,6,0.4,0.4666666666666667,0.43143870068037043,0.5051334702258727,487
val_calib,20,global_T_corrected,equal_width,7,0.4666666666666667,0.5333333333333333,0.49847526507279305,0.5917525773195876,485
val_calib,20,global_T_corrected,equal_width,8,0.5333333333333333,0.6,0.5670036706205916,0.6136986301369863,365
val_calib,20,global_T_corrected,equal_width,9,0.6,0.6666666666666666,0.6318094480073704,0.7190332326283988,331
val_calib,20,global_T_corrected,equal_width,10,0.6666666666666666,0.7333333333333333,0.7004204463186882,0.7158273381294964,278
val_calib,20,global_T_corrected,equal_width,11,0.7333333333333333,0.8,0.7659578662615991,0.8300395256916996,253
val_calib,20,global_T_corrected,equal_width,12,0.8,0.8666666666666667,0.8323912041527884,0.8666666666666667,210
val_calib,20,global_T_corrected,equal_width,13,0.8666666666666667,0.9333333333333333,0.8998005294159754,0.9395973154362416,298
val_calib,20,global_T_corrected,equal_width,14,0.9333333333333333,1.0,0.9729922797674495,0.9977324263038548,441
val_calib,20,global_T_corrected,equal_mass,0,0.0,0.20126203447580338,0.1680756056702685,0.1724137931034483,348
val_calib,20,global_T_corrected,equal_mass,1,0.20126203447580338,0.24015162140130997,0.22123383651660986,0.25787965616045844,349
val_calib,20,global_T_corrected,equal_mass,2,0.24015162140130997,0.27519896626472473,0.2580444973314389,0.2979942693409742,349
val_calib,20,global_T_corrected,equal_mass,3,0.27519896626472473,0.3124072104692459,0.2930131917712332,0.3160919540229885,348
val_calib,20,global_T_corrected,equal_mass,4,0.3124072104692459,0.3559496998786926,0.3337171280964739,0.3438395415472779,349
val_calib,20,global_T_corrected,equal_mass,5,0.3559496998786926,0.401609405875206,0.37874457086396424,0.42120343839541546,349
val_calib,20,global_T_corrected,equal_mass,6,0.401609405875206,0.4462877959012985,0.4228647836299885,0.49570200573065903,349
val_calib,20,global_T_corrected,equal_mass,7,0.4462877959012985,0.4941587895154953,0.47113959422741813,0.5660919540229885,348
val_calib,20,global_T_corrected,equal_mass,8,0.4941587895154953,0.5494078397750854,0.520537023472581,0.5988538681948424,349
val_calib,20,global_T_corrected,equal_mass,9,0.5494078397750854,0.6131883859634399,0.5806337413951798,0.6303724928366762,349
val_calib,20,global_T_corrected,equal_mass,10,0.6131883859634399,0.6875070333480835,0.6474202316265052,0.7191977077363897,349
val_calib,20,global_T_corrected,equal_mass,11,0.6875070333480835,0.7742031812667847,0.729763400623168,0.7614942528735632,348
val_calib,20,global_T_corrected,equal_mass,12,0.7742031812667847,0.877640038728714,0.8241717183487464,0.8653295128939829,349
val_calib,20,global_T_corrected,equal_mass,13,0.877640038728714,0.9549949467182159,0.9147335900618218,0.9627507163323782,349
val_calib,20,global_T_corrected,equal_mass,14,0.9549949467182159,1.0,0.9806675982680225,0.997134670487106,349
val_calib,20,oracle_T_K,equal_width,0,0.0,0.06666666666666667,0.0,0.0,0
val_calib,20,oracle_T_K,equal_width,1,0.06666666666666667,0.13333333333333333,0.12042057027037327,0.07692307692307693,26
val_calib,20,oracle_T_K,equal_width,2,0.13333333333333333,0.2,0.17358152493834494,0.18571428571428572,280
val_calib,20,oracle_T_K,equal_width,3,0.2,0.26666666666666666,0.23560915826045123,0.25760286225402507,559
val_calib,20,oracle_T_K,equal_width,4,0.26666666666666666,0.3333333333333333,0.29842774004432626,0.3085808580858086,606
val_calib,20,oracle_T_K,equal_width,5,0.3333333333333333,0.4,0.3659252638864045,0.3722772277227723,505
val_calib,20,oracle_T_K,equal_width,6,0.4,0.4666666666666667,0.43260089968962057,0.49798387096774194,496
val_calib,20,oracle_T_K,equal_width,7,0.4666666666666667,0.5333333333333333,0.4992333890289389,0.556989247311828,465
val_calib,20,oracle_T_K,equal_width,8,0.5333333333333333,0.6,0.5657496060195722,0.6263157894736842,380
val_calib,20,oracle_T_K,equal_width,9,0.6,0.6666666666666666,0.6324318631606943,0.6794117647058824,340
val_calib,20,oracle_T_K,equal_width,10,0.6666666666666666,0.7333333333333333,0.6997913518841837,0.7359154929577465,284
val_calib,20,oracle_T_K,equal_width,11,0.7333333333333333,0.8,0.7657649049704726,0.7803030303030303,264
val_calib,20,oracle_T_K,equal_width,12,0.8,0.8666666666666667,0.8307961319756304,0.8632478632478633,234
val_calib,20,oracle_T_K,equal_width,13,0.8666666666666667,0.9333333333333333,0.9028195158328886,0.9248366013071896,306
val_calib,20,oracle_T_K,equal_width,14,0.9333333333333333,1.0,0.9741009286156407,0.9958847736625515,486
val_calib,20,oracle_T_K,equal_mass,0,0.0,0.2074422612786293,0.17325508570962253,0.1752873563218391,348
val_calib,20,oracle_T_K,equal_mass,1,0.2074422612786293,0.24813725054264069,0.22887130380530754,0.2664756446991404,349
val_calib,20,oracle_T_K,equal_mass,2,0.24813725054264069,0.28506022691726685,0.2670032930237516,0.27507163323782235,349
val_calib,20,oracle_T_K,equal_mass,3,0.28506022691726685,0.32422685623168945,0.30346647264628573,0.32471264367816094,348
val_calib,20,oracle_T_K,equal_mass,4,0.32422685623168945,0.3686775714159012,0.345375066585732,0.3467048710601719,349
val_calib,20,oracle_T_K,equal_mass,5,0.3686775714159012,0.4158109128475189,0.39219834538107273,0.42120343839541546,349
val_calib,20,oracle_T_K,equal_mass,6,0.4158109128475189,0.4620448052883148,0.43806357455458544,0.48424068767908307,349
val_calib,20,oracle_T_K,equal_mass,7,0.4620448052883148,0.5103749334812164,0.48629686270637074,0.5632183908045977,348
val_calib,20,oracle_T_K,equal_mass,8,0.5103749334812164,0.56607785820961,0.5381876114104743,0.6045845272206304,349
val_calib,20,oracle_T_K,equal_mass,9,0.56607785820961,0.6318345069885254,0.5994299132707809,0.6389684813753582,349
val_calib,20,oracle_T_K,equal_mass,10,0.6318345069885254,0.7069787085056305,0.6681462212073427,0.7191977077363897,349
val_calib,20,oracle_T_K,equal_mass,11,0.7069787085056305,0.7951980829238892,0.7507198435821753,0.7614942528735632,348
val_calib,20,oracle_T_K,equal_mass,12,0.7951980829238892,0.8924636542797089,0.8421925674165999,0.8657142857142858,350
val_calib,20,oracle_T_K,equal_mass,13,0.8924636542797089,0.9630236923694611,0.926721108884647,0.9626436781609196,348
val_calib,20,oracle_T_K,equal_mass,14,0.9630236923694611,1.0,0.9844482874118837,0.997134670487106,349
val_calib,50,native,equal_width,0,0.0,0.06666666666666667,0.061576482839882374,0.0625,16
val_calib,50,native,equal_width,1,0.06666666666666667,0.13333333333333333,0.10777972485774602,0.12307692307692308,585
val_calib,50,native,equal_width,2,0.13333333333333333,0.2,0.16671682750981157,0.2165745856353591,905
val_calib,50,native,equal_width,3,0.2,0.26666666666666666,0.23284083038248807,0.2896305125148987,839
val_calib,50,native,equal_width,4,0.26666666666666666,0.3333333333333333,0.2987968721939007,0.3787085514834206,573
val_calib,50,native,equal_width,5,0.3333333333333333,0.4,0.3654246829276861,0.42283298097251587,473
val_calib,50,native,equal_width,6,0.4,0.4666666666666667,0.4325441434341354,0.5163727959697733,397
val_calib,50,native,equal_width,7,0.4666666666666667,0.5333333333333333,0.49957071142118487,0.5967213114754099,305
val_calib,50,native,equal_width,8,0.5333333333333333,0.6,0.5646848782112724,0.6894736842105263,190
val_calib,50,native,equal_width,9,0.6,0.6666666666666666,0.6293223358489372,0.7513513513513513,185
val_calib,50,native,equal_width,10,0.6666666666666666,0.7333333333333333,0.697089483035854,0.7791411042944786,163
val_calib,50,native,equal_width,11,0.7333333333333333,0.8,0.7683651253774568,0.8506493506493507,154
val_calib,50,native,equal_width,12,0.8,0.8666666666666667,0.8367534994262539,0.9315068493150684,146
val_calib,50,native,equal_width,13,0.8666666666666667,0.9333333333333333,0.9009057528832379,0.934640522875817,153
val_calib,50,native,equal_width,14,0.9333333333333333,1.0,0.9676190943134074,0.9795918367346939,147
val_calib,50,native,equal_mass,0,0.0,0.11386378109455109,0.09402704099728458,0.10632183908045977,348
val_calib,50,native,equal_mass,1,0.11386378109455109,0.1404169499874115,0.12744864012330856,0.16045845272206305,349
val_calib,50,native,equal_mass,2,0.1404169499874115,0.16583920270204544,0.15310036914054848,0.22063037249283668,349
val_calib,50,native,equal_mass,3,0.16583920270204544,0.1915457770228386,0.17928590154510804,0.22701149425287356,348
val_calib,50,native,equal_mass,4,0.1915457770228386,0.21799129992723465,0.2049430727019351,0.25787965616045844,349
val_calib,50,native,equal_mass,5,0.21799129992723465,0.2459833323955536,0.2321881237293041,0.2693409742120344,349
val_calib,50,native,equal_mass,6,0.2459833323955536,0.27847617864608765,0.26033236257155506,0.33810888252148996,349
val_calib,50,native,equal_mass,7,0.27847617864608765,0.3155675679445267,0.2964602814152323,0.3764367816091954,348
val_calib,50,native,equal_mass,8,0.3155675679445267,0.3622853010892868,0.33907852951640044,0.38968481375358166,349
val_calib,50,native,equal_mass,9,0.3622853010892868,0.4134457856416702,0.3878080522945754,0.4269340974212034,349
val_calib,50,native,equal_mass,10,0.4134457856416702,0.47605200111866,0.44515705971116665,0.5702005730659025,349
val_calib,50,native,equal_mass,11,0.47605200111866,0.563568651676178,0.5159415696886764,0.6235632183908046,348
val_calib,50,native,equal_mass,12,0.563568651676178,0.6926213800907135,0.6249887801514655,0.7191977077363897,349
val_calib,50,native,equal_mass,13,0.6926213800907135,0.8481479287147522,0.7677515415544155,0.8567335243553008,349
val_calib,50,native,equal_mass,14,0.8481479287147522,1.0,0.922815350714249,0.9570200573065902,349
val_calib,50,global_T_corrected,equal_width,0,0.0,0.06666666666666667,0.06077681210908023,0.045454545454545456,22
val_calib,50,global_T_corrected,equal_width,1,0.06666666666666667,0.13333333333333333,0.1066425437956343,0.1346153846153846,676
val_calib,50,global_T_corrected,equal_width,2,0.13333333333333333,0.2,0.16585958628682174,0.2365364308342133,947
val_calib,50,global_T_corrected,equal_width,3,0.2,0.26666666666666666,0.23052722846361087,0.29856115107913667,834
val_calib,50,global_T_corrected,equal_width,4,0.26666666666666666,0.3333333333333333,0.2983937206176611,0.3996655518394649,598
val_calib,50,global_T_corrected,equal_width,5,0.3333333333333333,0.4,0.3661626035104627,0.4152173913043478,460
val_calib,50,global_T_corrected,equal_width,6,0.4,0.4666666666666667,0.43240280956748983,0.579088471849866,373
val_calib,50,global_T_corrected,equal_width,7,0.4666666666666667,0.5333333333333333,0.49715590100426105,0.6389891696750902,277
val_calib,50,global_T_corrected,equal_width,8,0.5333333333333333,0.6,0.5685035014152526,0.685,200
val_calib,50,global_T_corrected,equal_width,9,0.6,0.6666666666666666,0.63383661457366,0.7607361963190185,163
val_calib,50,global_T_corrected,equal_width,10,0.6666666666666666,0.7333333333333333,0.6980915445170991,0.821917808219178,146
val_calib,50,global_T_corrected,equal_width,11,0.7333333333333333,0.8,0.7641277120267744,0.8848920863309353,139
val_calib,50,global_T_corrected,equal_width,12,0.8,0.8666666666666667,0.8320330616454004,0.9295774647887324,142
val_calib,50,global_T_corrected,equal_width,13,0.8666666666666667,0.9333333333333333,0.9002528667449952,0.9285714285714286,140
val_calib,50,global_T_corrected,equal_width,14,0.9333333333333333,1.0,0.9683392408647036,0.9912280701754386,114
val_calib,50,global_T_corrected,equal_mass,0,0.0,0.10831760987639427,0.08948834079863696,0.10057471264367816,348
val_calib,50,global_T_corrected,equal_mass,1,0.10831760987639427,0.1332300752401352,0.12078013819746439,0.16332378223495703,349
val_calib,50,global_T_corrected,equal_mass,2,0.1332300752401352,0.1570425108075142,0.14490257604928275,0.22636103151862463,349
val_calib,50,global_T_corrected,equal_mass,3,0.1570425108075142,0.18039605766534805,0.16944956805171638,0.22413793103448276,348
val_calib,50,global_T_corrected,equal_mass,4,0.18039605766534805,0.20605197548866272,0.19350070248019047,0.2664756446991404,349
val_calib,50,global_T_corrected,equal_mass,5,0.20605197548866272,0.23324929177761078,0.21929569999263074,0.25501432664756446,349
val_calib,50,global_T_corrected,equal_mass,6,0.23324929177761078,0.26267561316490173,0.24584299927966985,0.33810888252148996,349
val_calib,50,global_T_corrected,equal_mass,7,0.26267561316490173,0.29830968379974365,0.27972855564506577,0.39080459770114945,348
val_calib,50,global_T_corrected,equal_mass,8,0.29830968379974365,0.34297341108322144,0.3203494303718337,0.38968481375358166,349
val_calib,50,global_T_corrected,equal_mass,9,0.34297341108322144,0.3922731280326843,0.3667682714141201,0.4355300859598854,349
val_calib,50,global_T_corrected,equal_mass,10,0.3922731280326843,0.4508642554283142,0.42147444602753165,0.5587392550143266,349
val_calib,50,global_T_corrected,equal_mass,11,0.4508642554283142,0.5325489342212677,0.48875476968014375,0.6264367816091954,348
val_calib,50,global_T_corrected,equal_mass,12,0.5325489342212677,0.6610662937164307,0.5941012735694732,0.7134670487106017,349
val_calib,50,global_T_corrected,equal_mass,13,0.6610662937164307,0.8229336142539978,0.7380919777561396,0.8510028653295129,349
val_calib,50,global_T_corrected,equal_mass,14,0.8229336142539978,1.0,0.9065607579526382,0.9598853868194842,349
val_calib,50,oracle_T_K,equal_width,0,0.0,0.06666666666666667,0.06221728284771626,0.07692307692307693,13
val_calib,50,oracle_T_K,equal_width,1,0.06666666666666667,0.13333333333333333,0.10798727018573812,0.1183206106870229,524
val_calib,50,oracle_T_K,equal_width,2,0.13333333333333333,0.2,0.1668093894098409,0.2149321266968326,884
val_calib,50,oracle_T_K,equal_width,3,0.2,0.26666666666666666,0.23342841365114037,0.2737226277372263,822
val_calib,50,oracle_T_K,equal_width,4,0.26666666666666666,0.3333333333333333,0.2986742796420248,0.3720538720538721,594
val_calib,50,oracle_T_K,equal_width,5,0.3333333333333333,0.4,0.3656774049408958,0.40772532188841204,466
val_calib,50,oracle_T_K,equal_width,6,0.4,0.4666666666666667,0.43140833849518656,0.48346055979643765,393
val_calib,50,oracle_T_K,equal_width,7,0.4666666666666667,0.5333333333333333,0.4973211615527951,0.5943396226415094,318
val_calib,50,oracle_T_K,equal_width,8,0.5333333333333333,0.6,0.5622565827957572,0.6621004566210046,219
val_calib,50,oracle_T_K,equal_width,9,0.6,0.6666666666666666,0.6324912464740325,0.7295918367346939,196
val_calib,50,oracle_T_K,equal_width,10,0.6666666666666666,0.7333333333333333,0.7016590597361503,0.7928994082840237,169
val_calib,50,oracle_T_K,equal_width,11,0.7333333333333333,0.8,0.7688397781602268,0.8,145
val_calib,50,oracle_T_K,equal_width,12,0.8,0.8666666666666667,0.8341932687404994,0.9121621621621622,148
val_calib,50,oracle_T_K,equal_width,13,0.8666666666666667,0.9333333333333333,0.898858205453884,0.9408284023668639,169
val_calib,50,oracle_T_K,equal_width,14,0.9333333333333333,1.0,0.967548990807338,0.9766081871345029,171
val_calib,50,oracle_T_K,equal_mass,0,0.0,0.11760717257857323,0.09690963674936144,0.10057471264367816,348
val_calib,50,oracle_T_K,equal_mass,1,0.11760717257857323,0.14513999223709106,0.13165838533964402,0.15759312320916904,349
val_calib,50,oracle_T_K,equal_mass,2,0.14513999223709106,0.1715472862124443,0.1583216972969323,0.22922636103151864,349
val_calib,50,oracle_T_K,equal_mass,3,0.1715472862124443,0.1977275088429451,0.18549238659184555,0.22413793103448276,348
val_calib,50,oracle_T_K,equal_mass,4,0.1977275088429451,0.2254096418619156,0.2121822203811055,0.2607449856733524,349
val_calib,50,oracle_T_K,equal_mass,5,0.2254096418619156,0.254350870847702,0.24030427395614307,0.2664756446991404,349
val_calib,50,oracle_T_K,equal_mass,6,0.254350870847702,0.287480890750885,0.26947484957454537,0.335243553008596,349
val_calib,50,oracle_T_K,equal_mass,7,0.287480890750885,0.3266971707344055,0.30707788929857055,0.3793103448275862,348
val_calib,50,oracle_T_K,equal_mass,8,0.3266971707344055,0.3738083839416504,0.350696492331759,0.40114613180515757,349
val_calib,50,oracle_T_K,equal_mass,9,0.3738083839416504,0.4278854578733444,0.4007127390037635,0.4040114613180516,349
val_calib,50,oracle_T_K,equal_mass,10,0.4278854578733444,0.4915737360715866,0.4598729058801274,0.5730659025787965,349
val_calib,50,oracle_T_K,equal_mass,11,0.4915737360715866,0.5809226036071777,0.5328429319906509,0.6408045977011494,348
val_calib,50,oracle_T_K,equal_mass,12,0.5809226036071777,0.7090992331504822,0.6436520432332867,0.7134670487106017,349
val_calib,50,oracle_T_K,equal_mass,13,0.7090992331504822,0.8631855547428131,0.7850228117666819,0.8567335243553008,349
val_calib,50,oracle_T_K,equal_mass,14,0.8631855547428131,1.0,0.9316442820609129,0.9570200573065902,349
testA,5,native,equal_width,0,0.0,0.06666666666666667,0.0,0.0,0
testA,5,native,equal_width,1,0.06666666666666667,0.13333333333333333,0.0,0.0,0
testA,5,native,equal_width,2,0.13333333333333333,0.2,0.0,0.0,0
testA,5,native,equal_width,3,0.2,0.26666666666666666,0.260379421710968,0.2,5
testA,5,native,equal_width,4,0.26666666666666666,0.3333333333333333,0.31296765711158514,0.34375,32
testA,5,native,equal_width,5,0.3333333333333333,0.4,0.3725474214664212,0.3333333333333333,108
testA,5,native,equal_width,6,0.4,0.4666666666666667,0.437413415312767,0.38421052631578945,190
testA,5,native,equal_width,7,0.4666666666666667,0.5333333333333333,0.5004818366795052,0.5176151761517616,369
testA,5,native,equal_width,8,0.5333333333333333,0.6,0.565727353435636,0.5669515669515669,351
testA,5,native,equal_width,9,0.6,0.6666666666666666,0.6340232101263921,0.6353591160220995,362
testA,5,native,equal_width,10,0.6666666666666666,0.7333333333333333,0.7002829084396363,0.6853333333333333,375
testA,5,native,equal_width,11,0.7333333333333333,0.8,0.7684840907513256,0.7661971830985915,355
testA,5,native,equal_width,12,0.8,0.8666666666666667,0.8329928441345692,0.83,400
testA,5,native,equal_width,13,0.8666666666666667,0.9333333333333333,0.9013996237116303,0.8864027538726333,581
testA,5,native,equal_width,14,0.9333333333333333,1.0,0.9856916104308,0.982922954725973,2518
testA,5,native,equal_mass,0,0.0,0.47557878494262695,0.4094942838270613,0.39095744680851063,376
testA,5,native,equal_mass,1,0.47557878494262695,0.5419466197490692,0.5084177738333002,0.5079787234042553,376
testA,5,native,equal_mass,2,0.5419466197490692,0.6159171164035797,0.5774495105212184,0.5994694960212201,377
testA,5,native,equal_mass,3,0.6159171164035797,0.6820940971374512,0.648727297624375,0.6143617021276596,376
testA,5,native,equal_mass,4,0.6820940971374512,0.7528544664382935,0.7165071232249313,0.7188328912466844,377
testA,5,native,equal_mass,5,0.7528544664382935,0.8175666630268097,0.7866883495069564,0.7606382978723404,376
testA,5,native,equal_mass,6,0.8175666630268097,0.8764739632606506,0.8488209486958829,0.8617021276595744,376
testA,5,native,equal_mass,7,0.8764739632606506,0.9214435517787933,0.900295327133462,0.8859416445623343,377
testA,5,native,equal_mass,8,0.9214435517787933,0.9531671106815338,0.9385956462393416,0.925531914893617,376
testA,5,native,equal_mass,9,0.9531671106815338,0.9770956933498383,0.966389354407313,0.9681697612732095,377
testA,5,native,equal_mass,10,0.9770956933498383,0.9900356829166412,0.9847654976109241,0.9840425531914894,376
testA,5,native,equal_mass,11,0.9900356829166412,0.9967666268348694,0.9937930095990499,0.984,375
testA,5,native,equal_mass,12,0.9967666268348694,0.9993692338466644,0.9983332313242412,0.9973544973544973,378
testA,5,native,equal_mass,13,0.9993692338466644,0.9999832212924957,0.999813461303711,1.0,375
testA,5,native,equal_mass,14,0.9999832212924957,1.0,0.9999971500149479,1.0,378
testA,5,global_T_corrected,equal_width,0,0.0,0.06666666666666667,0.0,0.0,0
testA,5,global_T_corrected,equal_width,1,0.06666666666666667,0.13333333333333333,0.0,0.0,0
testA,5,global_T_corrected,equal_width,2,0.13333333333333333,0.2,0.0,0.0,0
testA,5,global_T_corrected,equal_width,3,0.2,0.26666666666666666,0.25734513998031616,0.2,5
testA,5,global_T_corrected,equal_width,4,0.26666666666666666,0.3333333333333333,0.31209804843633604,0.3333333333333333,39
testA,5,global_T_corrected,equal_width,5,0.3333333333333333,0.4,0.3726103200480856,0.3103448275862069,116
testA,5,global_T_corrected,equal_width,6,0.4,0.4666666666666667,0.43777882547006697,0.44954128440366975,218
testA,5,global_T_corrected,equal_width,7,0.4666666666666667,0.5333333333333333,0.5010919634839978,0.5090439276485789,387
testA,5,global_T_corrected,equal_width,8,0.5333333333333333,0.6,0.5663692301427814,0.5971830985915493,355
testA,5,global_T_corrected,equal_width,9,0.6,0.6666666666666666,0.6349933399429805,0.620253164556962,395
testA,5,global_T_corrected,equal_width,10,0.6666666666666666,0.7333333333333333,0.7006336044406627,0.7257617728531855,361
testA,5,global_T_corrected,equal_width,11,0.7333333333333333,0.8,0.7683436313190976,0.754054054054054,370
testA,5,global_T_corrected,equal_width,12,0.8,0.8666666666666667,0.835344270079635,0.8441860465116279,430
testA,5,global_T_corrected,equal_width,13,0.8666666666666667,0.9333333333333333,0.9033827723401693,0.9108061749571184,583
testA,5,global_T_corrected,equal_width,14,0.9333333333333333,1.0,0.9854829232963399,0.9865940511101802,2387
testA,5,global_T_corrected,equal_mass,0,0.0,0.4664050042629242,0.40208568384355686,0.39095744680851063,376
testA,5,global_T_corrected,equal_mass,1,0.4664050042629242,0.5306075811386108,0.4998561165275726,0.5079787234042553,376
testA,5,global_T_corrected,equal_mass,2,0.5306075811386108,0.6019042134284973,0.5659867147235719,0.5888594164456233,377
testA,5,global_T_corrected,equal_mass,3,0.6019042134284973,0.666054904460907,0.6349776659874206,0.6303191489361702,376
testA,5,global_T_corrected,equal_mass,4,0.666054904460907,0.7362488806247711,0.7002735713432575,0.713527851458886,377
testA,5,global_T_corrected,equal_mass,5,0.7362488806247711,0.8014717102050781,0.7699083560641776,0.7579787234042553,376
testA,5,global_T_corrected,equal_mass,6,0.8014717102050781,0.8609875440597534,0.833245022024246,0.8563829787234043,376
testA,5,global_T_corrected,equal_mass,7,0.8609875440597534,0.9092001616954803,0.8866898366880037,0.8912466843501327,377
testA,5,global_T_corrected,equal_mass,8,0.9092001616954803,0.9441200792789459,0.9278621508720073,0.9281914893617021,376
testA,5,global_T_corrected,equal_mass,9,0.9441200792789459,0.9714456498622894,0.9591298097008419,0.9681697612732095,377
testA,5,global_T_corrected,equal_mass,10,0.9714456498622894,0.9870719313621521,0.9805725441968187,0.9840425531914894,376
testA,5,global_T_corrected,equal_mass,11,0.9870719313621521,0.9955149590969086,0.9916951646830173,0.9840425531914894,376
testA,5,global_T_corrected,equal_mass,12,0.9955149590969086,0.9990402460098267,0.9976135928687746,0.9973474801061007,377
testA,5,global_T_corrected,equal_mass,13,0.9990402460098267,0.9999686479568481,0.9997032029514618,1.0,376
testA,5,global_T_corrected,equal_mass,14,0.9999686479568481,1.0,0.999994407123849,1.0,377
testA,5,oracle_T_K,equal_width,0,0.0,0.06666666666666667,0.0,0.0,0
testA,5,oracle_T_K,equal_width,1,0.06666666666666667,0.13333333333333333,0.0,0.0,0
testA,5,oracle_T_K,equal_width,2,0.13333333333333333,0.2,0.0,0.0,0
testA,5,oracle_T_K,equal_width,3,0.2,0.26666666666666666,0.2564452409744263,0.2,5
testA,5,oracle_T_K,equal_width,4,0.26666666666666666,0.3333333333333333,0.3111582338809967,0.325,40
testA,5,oracle_T_K,equal_width,5,0.3333333333333333,0.4,0.3717732351210158,0.3050847457627119,118
testA,5,oracle_T_K,equal_width,6,0.4,0.4666666666666667,0.4372466998215814,0.44933920704845814,227
testA,5,oracle_T_K,equal_width,7,0.4666666666666667,0.5333333333333333,0.500965335821074,0.5089058524173028,393
testA,5,oracle_T_K,equal_width,8,0.5333333333333333,0.6,0.5662647621732363,0.6056338028169014,355
testA,5,oracle_T_K,equal_width,9,0.6,0.6666666666666666,0.6343407284589182,0.628428927680798,401
testA,5,oracle_T_K,equal_width,10,0.6666666666666666,0.7333333333333333,0.6998411209977308,0.7170868347338936,357
testA,5,oracle_T_K,equal_width,11,0.7333333333333333,0.8,0.7675088623636648,0.7657894736842106,380
testA,5,oracle_T_K,equal_width,12,0.8,0.8666666666666667,0.8346880760316872,0.851063829787234,423
testA,5,oracle_T_K,equal_width,13,0.8666666666666667,0.9333333333333333,0.9027210498974351,0.914572864321608,597
testA,5,oracle_T_K,equal_width,14,0.9333333333333333,1.0,0.9853676355392375,0.9872340425531915,2350
testA,5,oracle_T_K,equal_mass,0,0.0,0.46399860084056854,0.39983809763129724,0.39095744680851063,376
testA,5,oracle_T_K,equal_mass,1,0.46399860084056854,0.5281066298484802,0.49717792868614197,0.5079787234042553,376
testA,5,oracle_T_K,equal_mass,2,0.5281066298484802,0.5970786809921265,0.5625678009948932,0.5941644562334217,377
testA,5,oracle_T_K,equal_mass,3,0.5970786809921265,0.6609684824943542,0.6308309725941496,0.625,376
testA,5,oracle_T_K,equal_mass,4,0.6609684824943542,0.7306347489356995,0.6953862829613117,0.7161803713527851,377
testA,5,oracle_T_K,equal_mass,5,0.7306347489356995,0.79673632979393,0.764734592367994,0.7579787234042553,376
testA,5,oracle_T_K,equal_mass,6,0.79673632979393,0.8561660349369049,0.8283695978053073,0.8563829787234043,376
testA,5,oracle_T_K,equal_mass,7,0.8561660349369049,0.9052525460720062,0.8823006690499631,0.8882978723404256,376
testA,5,oracle_T_K,equal_mass,8,0.9052525460720062,0.9413853585720062,0.9243167245103446,0.9283819628647215,377
testA,5,oracle_T_K,equal_mass,9,0.9413853585720062,0.9695858657360077,0.9567134147929892,0.9681697612732095,377
testA,5,oracle_T_K,equal_mass,10,0.9695858657360077,0.9859928488731384,0.9791261092462438,0.9840425531914894,376
testA,5,oracle_T_K,equal_mass,11,0.9859928488731384,0.9950545728206635,0.9909459675880189,0.9867021276595744,376
testA,5,oracle_T_K,equal_mass,12,0.9950545728206635,0.9989114105701447,0.9973442967121418,0.9946949602122016,377
testA,5,oracle_T_K,equal_mass,13,0.9989114105701447,0.9999620616436005,0.9996591613013693,1.0,376
testA,5,oracle_T_K,equal_mass,14,0.9999620616436005,1.0,0.9999931457820559,1.0,377
testA,10,native,equal_width,0,0.0,0.06666666666666667,0.0,0.0,0
testA,10,native,equal_width,1,0.06666666666666667,0.13333333333333333,0.0,0.0,0
testA,10,native,equal_width,2,0.13333333333333333,0.2,0.18851780678544725,0.42857142857142855,7
testA,10,native,equal_width,3,0.2,0.26666666666666666,0.24373534548541773,0.25,92
testA,10,native,equal_width,4,0.26666666666666666,0.3333333333333333,0.3045982806864431,0.288135593220339,236
testA,10,native,equal_width,5,0.3333333333333333,0.4,0.3681475808398249,0.3501259445843829,397
testA,10,native,equal_width,6,0.4,0.4666666666666667,0.43202858360320173,0.422279792746114,386
testA,10,native,equal_width,7,0.4666666666666667,0.5333333333333333,0.4999250525502655,0.4898373983739837,492
testA,10,native,equal_width,8,0.5333333333333333,0.6,0.5659496031439329,0.5631469979296067,483
testA,10,native,equal_width,9,0.6,0.6666666666666666,0.6339789104799852,0.6382978723404256,423
testA,10,native,equal_width,10,0.6666666666666666,0.7333333333333333,0.7006691024728018,0.7561643835616438,365
testA,10,native,equal_width,11,0.7333333333333333,0.8,0.7677108568285927,0.8096446700507615,394
testA,10,native,equal_width,12,0.8,0.8666666666666667,0.831910477118558,0.8133640552995391,434
testA,10,native,equal_width,13,0.8666666666666667,0.9333333333333333,0.9016313207966666,0.9274193548387096,496
testA,10,native,equal_width,14,0.9333333333333333,1.0,0.9802467344454144,0.9791811242192922,1441
testA,10,native,equal_mass,0,0.0,0.3406401574611664,0.2910959235927526,0.28191489361702127,376
testA,10,native,equal_mass,1,0.3406401574611664,0.40348300337791443,0.37330273919283075,0.35904255319148937,376
testA,10,native,equal_mass,2,0.40348300337791443,0.46761196851730347,0.4346689622187172,0.4244031830238727,377
testA,10,native,equal_mass,3,0.46761196851730347,0.5183930099010468,0.4936265045023979,0.48404255319148937,376
testA,10,native,equal_mass,4,0.5183930099010468,0.5703908503055573,0.5444982301651324,0.5490716180371353,377
testA,10,native,equal_mass,5,0.5703908503055573,0.6282940804958344,0.5971580653431567,0.5664893617021277,376
testA,10,native,equal_mass,6,0.6282940804958344,0.6896319687366486,0.6568872250140981,0.6781914893617021,376
testA,10,native,equal_mass,7,0.6896319687366486,0.7572102248668671,0.7227650107692344,0.8063660477453581,377
testA,10,native,equal_mass,8,0.7572102248668671,0.8139831721782684,0.7876759528162631,0.8031914893617021,376
testA,10,native,equal_mass,9,0.8139831721782684,0.8761315047740936,0.8448630821167316,0.830238726790451,377
testA,10,native,equal_mass,10,0.8761315047740936,0.926483541727066,0.9011155249590569,0.9281914893617021,376
testA,10,native,equal_mass,11,0.926483541727066,0.9625420570373535,0.9460020804024757,0.949468085106383,376
testA,10,native,equal_mass,12,0.9625420570373535,0.9852664768695831,0.9748039879596518,0.9708222811671088,377
testA,10,native,equal_mass,13,0.9852664768695831,0.9973289668560028,0.9921977225939432,0.9893333333333333,375
testA,10,native,equal_mass,14,0.9973289668560028,1.0,0.9992437603927794,1.0,378
testA,10,global_T_corrected,equal_width,0,0.0,0.06666666666666667,0.0,0.0,0
testA,10,global_T_corrected,equal_width,1,0.06666666666666667,0.13333333333333333,0.0,0.0,0
testA,10,global_T_corrected,equal_width,2,0.13333333333333333,0.2,0.18864477425813675,0.3,10
testA,10,global_T_corrected,equal_width,3,0.2,0.26666666666666666,0.24225460680631491,0.25,104
testA,10,global_T_corrected,equal_width,4,0.26666666666666666,0.3333333333333333,0.3047476461251005,0.28776978417266186,278
testA,10,global_T_corrected,equal_width,5,0.3333333333333333,0.4,0.36771657550364223,0.371007371007371,407
testA,10,global_T_corrected,equal_width,6,0.4,0.4666666666666667,0.43371973959642035,0.42757009345794394,428
testA,10,global_T_corrected,equal_width,7,0.4666666666666667,0.5333333333333333,0.5006262381269474,0.5050505050505051,495
testA,10,global_T_corrected,equal_width,8,0.5333333333333333,0.6,0.5649342689055279,0.5836820083682008,478
testA,10,global_T_corrected,equal_width,9,0.6,0.6666666666666666,0.632758271806117,0.6549295774647887,426
testA,10,global_T_corrected,equal_width,10,0.6666666666666666,0.7333333333333333,0.7004372357036868,0.8086253369272237,371
testA,10,global_T_corrected,equal_width,11,0.7333333333333333,0.8,0.7688041284078657,0.8099762470308789,421
testA,10,global_T_corrected,equal_width,12,0.8,0.8666666666666667,0.833812540990335,0.837037037037037,405
testA,10,global_T_corrected,equal_width,13,0.8666666666666667,0.9333333333333333,0.9015729793288135,0.9342915811088296,487
testA,10,global_T_corrected,equal_width,14,0.9333333333333333,1.0,0.9792714095311964,0.9820359281437125,1336
testA,10,global_T_corrected,equal_mass,0,0.0,0.33069509267807007,0.2832052183357325,0.27393617021276595,376
testA,10,global_T_corrected,equal_mass,1,0.33069509267807007,0.39218972623348236,0.36256987744189323,0.3723404255319149,376
testA,10,global_T_corrected,equal_mass,2,0.39218972623348236,0.4535079151391983,0.4221031205723709,0.41644562334217505,377
testA,10,global_T_corrected,equal_mass,3,0.4535079151391983,0.5053577125072479,0.4796430004879515,0.4867021276595745,376
testA,10,global_T_corrected,equal_mass,4,0.5053577125072479,0.55437371134758,0.5296143902075385,0.5305039787798409,377
testA,10,global_T_corrected,equal_mass,5,0.55437371134758,0.6087246835231781,0.579830656184795,0.598404255319149,376
testA,10,global_T_corrected,equal_mass,6,0.6087246835231781,0.6696293950080872,0.6379589194313009,0.6648936170212766,376
testA,10,global_T_corrected,equal_mass,7,0.6696293950080872,0.736916184425354,0.7024082231584847,0.8090185676392573,377
testA,10,global_T_corrected,equal_mass,8,0.736916184425354,0.7941914498806,0.7677751646396962,0.800531914893617,376
testA,10,global_T_corrected,equal_mass,9,0.7941914498806,0.8590053617954254,0.8262157041767232,0.830238726790451,377
testA,10,global_T_corrected,equal_mass,10,0.8590053617954254,0.9128396809101105,0.8855305005709331,0.928,375
testA,10,global_T_corrected,equal_mass,11,0.9128396809101105,0.9537770748138428,0.9350163996693942,0.9549071618037135,377
testA,10,global_T_corrected,equal_mass,12,0.9537770748138428,0.9808326661586761,0.9683172626900104,0.9681697612732095,377
testA,10,global_T_corrected,equal_mass,13,0.9808326661586761,0.9961936175823212,0.9895149291356404,0.9866666666666667,375
testA,10,global_T_corrected,equal_mass,14,0.9961936175823212,1.0,0.9988768242654347,1.0,378
testA,10,oracle_T_K,equal_width,0,0.0,0.06666666666666667,0.0,0.0,0
testA,10,oracle_T_K,equal_width,1,0.06666666666666667,0.13333333333333333,0.0,0.0,0
testA,10,oracle_T_K,equal_width,2,0.13333333333333333,0.2,0.1882489969333013,0.3333333333333333,9
testA,10,oracle_T_K,equal_width,3,0.2,0.26666666666666666,0.2426182098180345,0.24271844660194175,103
testA,10,oracle_T_K,equal_width,4,0.26666666666666666,0.3333333333333333,0.30447621733853314,0.2840909090909091,264
testA,10,oracle_T_K,equal_width,5,0.3333333333333333,0.4,0.36693680869175654,0.3688118811881188,404
testA,10,oracle_T_K,equal_width,6,0.4,0.4666666666666667,0.43274055389497174,0.42280285035629456,421
testA,10,oracle_T_K,equal_width,7,0.4666666666666667,0.5333333333333333,0.5000721255778307,0.5070422535211268,497
testA,10,oracle_T_K,equal_width,8,0.5333333333333333,0.6,0.564741608488011,0.5774058577405857,478
testA,10,oracle_T_K,equal_width,9,0.6,0.6666666666666666,0.6323459125808065,0.6516587677725119,422
testA,10,oracle_T_K,equal_width,10,0.6666666666666666,0.7333333333333333,0.7000634263432215,0.7962962962962963,378
testA,10,oracle_T_K,equal_width,11,0.7333333333333333,0.8,0.7699211283087452,0.8079625292740047,427
testA,10,oracle_T_K,equal_width,12,0.8,0.8666666666666667,0.8342608690562875,0.8358585858585859,396
testA,10,oracle_T_K,equal_width,13,0.8666666666666667,0.9333333333333333,0.9014917155632904,0.9307535641547862,491
testA,10,oracle_T_K,equal_width,14,0.9333333333333333,1.0,0.9794808347052881,0.9815634218289085,1356
testA,10,oracle_T_K,equal_mass,0,0.0,0.3331366628408432,0.28474903713039895,0.27393617021276595,376
testA,10,oracle_T_K,equal_mass,1,0.3331366628408432,0.3944307565689087,0.36464863429044153,0.3696808510638298,376
testA,10,oracle_T_K,equal_mass,2,0.3944307565689087,0.45613861083984375,0.4245628052111962,0.41909814323607425,377
testA,10,oracle_T_K,equal_mass,3,0.45613861083984375,0.5082931518554688,0.48242451377371526,0.4867021276595745,376
testA,10,oracle_T_K,equal_mass,4,0.5082931518554688,0.5575735569000244,0.5325082553160285,0.53315649867374,377
testA,10,oracle_T_K,equal_mass,5,0.5575735569000244,0.6130960881710052,0.5832039355597598,0.5904255319148937,376
testA,10,oracle_T_K,equal_mass,6,0.6130960881710052,0.6734703183174133,0.6416519645680773,0.6728723404255319,376
testA,10,oracle_T_K,equal_mass,7,0.6734703183174133,0.7413085699081421,0.7064050146692311,0.8090185676392573,377
testA,10,oracle_T_K,equal_mass,8,0.7413085699081421,0.7982227206230164,0.7717455887096993,0.7978723404255319,376
testA,10,oracle_T_K,equal_mass,9,0.7982227206230164,0.862379401922226,0.8299454777879487,0.8328912466843501,377
testA,10,oracle_T_K,equal_mass,10,0.862379401922226,0.915950745344162,0.888754813119452,0.925531914893617,376
testA,10,oracle_T_K,equal_mass,11,0.915950745344162,0.9556715488433838,0.937337539614515,0.9521276595744681,376
testA,10,oracle_T_K,equal_mass,12,0.9556715488433838,0.9817780256271362,0.9696820577512686,0.9681697612732095,377
testA,10,oracle_T_K,equal_mass,13,0.9817780256271362,0.9964309930801392,0.9900947321256002,0.9893333333333333,375
testA,10,oracle_T_K,equal_mass,14,0.9964309930801392,1.0,0.9989593271855954,1.0,378
testA,20,native,equal_width,0,0.0,0.06666666666666667,0.0,0.0,0
testA,20,native,equal_width,1,0.06666666666666667,0.13333333333333333,0.12321551218628883,0.1,10
testA,20,native,equal_width,2,0.13333333333333333,0.2,0.1758301249269903,0.1893491124260355,169
testA,20,native,equal_width,3,0.2,0.26666666666666666,0.23687993458232975,0.22942643391521197,401
testA,20,native,equal_width,4,0.26666666666666666,0.3333333333333333,0.302166641693082,0.2857142857142857,574
testA,20,native,equal_width,5,0.3333333333333333,0.4,0.36767722557638294,0.3813084112149533,535
testA,20,native,equal_width,6,0.4,0.4666666666666667,0.4329725364622013,0.45623836126629425,537
testA,20,native,equal_width,7,0.4666666666666667,0.5333333333333333,0.5002564604561698,0.5481171548117155,478
testA,20,native,equal_width,8,0.5333333333333333,0.6,0.5656958924561012,0.6097560975609756,410
testA,20,native,equal_width,9,0.6,0.6666666666666666,0.6305383605573645,0.6984924623115578,398
testA,20,native,equal_width,10,0.6666666666666666,0.7333333333333333,0.7012762027648726,0.7376093294460642,343
testA,20,native,equal_width,11,0.7333333333333333,0.8,0.7676442289981674,0.8035190615835777,341
testA,20,native,equal_width,12,0.8,0.8666666666666667,0.8351130508944348,0.879154078549849,331
testA,20,native,equal_width,13,0.8666666666666667,0.9333333333333333,0.9024194568467775,0.937046004842615,413
testA,20,native,equal_width,14,0.9333333333333333,1.0,0.9734558480826045,0.9787535410764873,706
testA,20,native,equal_mass,0,0.0,0.2391030117869377,0.19779335269506307,0.19946808510638298,376
testA,20,native,equal_mass,1,0.2391030117869377,0.289667546749115,0.26483916459565465,0.2473404255319149,376
testA,20,native,equal_mass,2,0.289667546749115,0.3306843489408493,0.31066276595510284,0.30238726790450926,377
testA,20,native,equal_mass,3,0.3306843489408493,0.3798212856054306,0.3542242624024127,0.35638297872340424,376
testA,20,native,equal_mass,4,0.3798212856054306,0.4243324548006058,0.40153714714062944,0.4270557029177719,377
testA,20,native,equal_mass,5,0.4243324548006058,0.4714270830154419,0.4467082125867935,0.4654255319148936,376
testA,20,native,equal_mass,6,0.4714270830154419,0.5225664675235748,0.49771589563882096,0.5558510638297872,376
testA,20,native,equal_mass,7,0.5225664675235748,0.5811397135257721,0.5514822188043468,0.5809018567639257,377
testA,20,native,equal_mass,8,0.5811397135257721,0.6414386332035065,0.6121052630404209,0.6808510638297872,376
testA,20,native,equal_mass,9,0.6414386332035065,0.7164672911167145,0.6798058210852298,0.726063829787234,376
testA,20,native,equal_mass,10,0.7164672911167145,0.7894579768180847,0.7533254168077869,0.7957559681697612,377
testA,20,native,equal_mass,11,0.7894579768180847,0.8641558587551117,0.8281947295082376,0.8696808510638298,376
testA,20,native,equal_mass,12,0.8641558587551117,0.9286957085132599,0.89776087566143,0.9336870026525199,377
testA,20,native,equal_mass,13,0.9286957085132599,0.9735601544380188,0.9520677152149221,0.9627659574468085,376
testA,20,native,equal_mass,14,0.9735601544380188,1.0,0.9895093867886288,0.9920424403183024,377
testA,20,global_T_corrected,equal_width,0,0.0,0.06666666666666667,0.0,0.0,0
testA,20,global_T_corrected,equal_width,1,0.06666666666666667,0.13333333333333333,0.12326050996780395,0.06666666666666667,15
testA,20,global_T_corrected,equal_width,2,0.13333333333333333,0.2,0.17583573045371806,0.20388349514563106,206
testA,20,global_T_corrected,equal_width,3,0.2,0.26666666666666666,0.23700832379491707,0.2334096109839817,437
testA,20,global_T_corrected,equal_width,4,0.26666666666666666,0.3333333333333333,0.3006432932566821,0.3056910569105691,615
testA,20,global_T_corrected,equal_width,5,0.3333333333333333,0.4,0.36695703858495654,0.40037593984962405,532
testA,20,global_T_corrected,equal_width,6,0.4,0.4666666666666667,0.43146280758765154,0.4725274725274725,546
testA,20,global_T_corrected,equal_width,7,0.4666666666666667,0.5333333333333333,0.4994477806799862,0.572289156626506,498
testA,20,global_T_corrected,equal_width,8,0.5333333333333333,0.6,0.5678827145569761,0.6431924882629108,426
testA,20,global_T_corrected,equal_width,9,0.6,0.6666666666666666,0.6330024266446178,0.6988636363636364,352
testA,20,global_T_corrected,equal_width,10,0.6666666666666666,0.7333333333333333,0.6988701960418833,0.7707736389684814,349
testA,20,global_T_corrected,equal_width,11,0.7333333333333333,0.8,0.7660709343850612,0.821875,320
testA,20,global_T_corrected,equal_width,12,0.8,0.8666666666666667,0.8334854681577001,0.8958333333333334,336
testA,20,global_T_corrected,equal_width,13,0.8666666666666667,0.9333333333333333,0.9013969549765953,0.9461538461538461,390
testA,20,global_T_corrected,equal_width,14,0.9333333333333333,1.0,0.9719146855939658,0.9823717948717948,624
testA,20,global_T_corrected,equal_mass,0,0.0,0.22947407513856888,0.1903665238951749,0.19148936170212766,376
testA,20,global_T_corrected,equal_mass,1,0.22947407513856888,0.2781704068183899,0.25460604443512064,0.26063829787234044,376
testA,20,global_T_corrected,equal_mass,2,0.2781704068183899,0.31773968040943146,0.2982131547889912,0.29708222811671087,377
testA,20,global_T_corrected,equal_mass,3,0.31773968040943146,0.36390388011932373,0.3397122918766864,0.3617021276595745,376
testA,20,global_T_corrected,equal_mass,4,0.36390388011932373,0.40824149549007416,0.3856646222524365,0.41114058355437666,377
testA,20,global_T_corrected,equal_mass,5,0.40824149549007416,0.4536445736885071,0.42988208657566535,0.48138297872340424,376
testA,20,global_T_corrected,equal_mass,6,0.4536445736885071,0.5039495527744293,0.4789981178622297,0.5691489361702128,376
testA,20,global_T_corrected,equal_mass,7,0.5039495527744293,0.561871737241745,0.5309029257898306,0.5702917771883289,377
testA,20,global_T_corrected,equal_mass,8,0.561871737241745,0.6206684708595276,0.5893057331125787,0.675531914893617,376
testA,20,global_T_corrected,equal_mass,9,0.6206684708595276,0.6931511461734772,0.6560954698200884,0.7241379310344828,377
testA,20,global_T_corrected,equal_mass,10,0.6931511461734772,0.7650184631347656,0.7289905311896446,0.7978723404255319,376
testA,20,global_T_corrected,equal_mass,11,0.7650184631347656,0.8428085148334503,0.8055615149279858,0.8670212765957447,376
testA,20,global_T_corrected,equal_mass,12,0.8428085148334503,0.9125175774097443,0.8798483335054837,0.9336870026525199,377
testA,20,global_T_corrected,equal_mass,13,0.9125175774097443,0.9658411145210266,0.9409568238448589,0.9627659574468085,376
testA,20,global_T_corrected,equal_mass,14,0.9658411145210266,1.0,0.986059020937912,0.9920424403183024,377
testA,20,oracle_T_K,equal_width,0,0.0,0.06666666666666667,0.0,0.0,0
testA,20,oracle_T_K,equal_width,1,0.06666666666666667,0.13333333333333333,0.1225176364183426,0.1,10
testA,20,oracle_T_K,equal_width,2,0.13333333333333333,0.2,0.17543251855277467,0.1839080459770115,174
testA,20,oracle_T_K,equal_width,3,0.2,0.26666666666666666,0.23633581584337915,0.22772277227722773,404
testA,20,oracle_T_K,equal_width,4,0.26666666666666666,0.3333333333333333,0.30135810426508497,0.2891566265060241,581
testA,20,oracle_T_K,equal_width,5,0.3333333333333333,0.4,0.3672593347797112,0.38817005545286504,541
testA,20,oracle_T_K,equal_width,6,0.4,0.4666666666666667,0.43286017794334825,0.45640074211502785,539
testA,20,oracle_T_K,equal_width,7,0.4666666666666667,0.5333333333333333,0.5005013514232833,0.549792531120332,482
testA,20,oracle_T_K,equal_width,8,0.5333333333333333,0.6,0.566990877677262,0.630071599045346,419
testA,20,oracle_T_K,equal_width,9,0.6,0.6666666666666666,0.6307009011904399,0.688,375
testA,20,oracle_T_K,equal_width,10,0.6666666666666666,0.7333333333333333,0.6996366262089374,0.7441860465116279,344
testA,20,oracle_T_K,equal_width,11,0.7333333333333333,0.8,0.7664384883746767,0.8070175438596491,342
testA,20,oracle_T_K,equal_width,12,0.8,0.8666666666666667,0.8348681924958611,0.8813056379821959,337
testA,20,oracle_T_K,equal_width,13,0.8666666666666667,0.9333333333333333,0.9023346474560181,0.9356435643564357,404
testA,20,oracle_T_K,equal_width,14,0.9333333333333333,1.0,0.9730577953267167,0.9812680115273775,694
testA,20,oracle_T_K,equal_mass,0,0.0,0.23734676837921143,0.19649873432168302,0.19680851063829788,376
testA,20,oracle_T_K,equal_mass,1,0.23734676837921143,0.2876570522785187,0.26305001205269324,0.25,376
testA,20,oracle_T_K,equal_mass,2,0.2876570522785187,0.3283722847700119,0.3084994523689665,0.3050397877984085,377
testA,20,oracle_T_K,equal_mass,3,0.3283722847700119,0.37700338661670685,0.3516759844695,0.3537234042553192,376
testA,20,oracle_T_K,equal_mass,4,0.37700338661670685,0.4211633801460266,0.3987769818906759,0.41909814323607425,377
testA,20,oracle_T_K,equal_mass,5,0.4211633801460266,0.4682024270296097,0.44378183568094637,0.47074468085106386,376
testA,20,oracle_T_K,equal_mass,6,0.4682024270296097,0.519199937582016,0.494503222326649,0.5611702127659575,376
testA,20,oracle_T_K,equal_mass,7,0.519199937582016,0.5779953896999359,0.547892023302832,0.5755968169761273,377
testA,20,oracle_T_K,equal_mass,8,0.5779953896999359,0.6387999653816223,0.6082409876411093,0.6843501326259946,377
testA,20,oracle_T_K,equal_mass,9,0.6387999653816223,0.7129185497760773,0.6757998377482096,0.728,375
testA,20,oracle_T_K,equal_mass,10,0.7129185497760773,0.7856630682945251,0.7491598461287724,0.7931034482758621,377
testA,20,oracle_T_K,equal_mass,11,0.7856630682945251,0.8602316975593567,0.8243960287976773,0.8696808510638298,376
testA,20,oracle_T_K,equal_mass,12,0.8602316975593567,0.9262315928936005,0.8948006987255511,0.9336870026525199,377
testA,20,oracle_T_K,equal_mass,13,0.9262315928936005,0.9724196195602417,0.9502657070121867,0.9627659574468085,376
testA,20,oracle_T_K,equal_mass,14,0.9724196195602417,1.0,0.9889726738398524,0.9920424403183024,377
testA,50,native,equal_width,0,0.0,0.06666666666666667,0.06280637585691043,0.0,7
testA,50,native,equal_width,1,0.06666666666666667,0.13333333333333333,0.10860307900116623,0.10404624277456648,346
testA,50,native,equal_width,2,0.13333333333333333,0.2,0.16706621979235434,0.19852941176470587,816
testA,50,native,equal_width,3,0.2,0.26666666666666666,0.23351556699694567,0.25572519083969464,786
testA,50,native,equal_width,4,0.26666666666666666,0.3333333333333333,0.2981581744995523,0.33900709219858155,705
testA,50,native,equal_width,5,0.3333333333333333,0.4,0.36531067703525993,0.436077057793345,571
testA,50,native,equal_width,6,0.4,0.4666666666666667,0.4313636273771775,0.5084033613445378,476
testA,50,native,equal_width,7,0.4666666666666667,0.5333333333333333,0.49830704801163433,0.6412429378531074,354
testA,50,native,equal_width,8,0.5333333333333333,0.6,0.5659467025199151,0.6816608996539792,289
testA,50,native,equal_width,9,0.6,0.6666666666666666,0.6323334947797178,0.7480916030534351,262
testA,50,native,equal_width,10,0.6666666666666666,0.7333333333333333,0.6996954925743067,0.8028169014084507,213
testA,50,native,equal_width,11,0.7333333333333333,0.8,0.7661958943065416,0.8589743589743589,234
testA,50,native,equal_width,12,0.8,0.8666666666666667,0.832469562105104,0.9411764705882353,204
testA,50,native,equal_width,13,0.8666666666666667,0.9333333333333333,0.9000885690683904,0.9239130434782609,184
testA,50,native,equal_width,14,0.9333333333333333,1.0,0.9677200248493022,0.9899497487437185,199
testA,50,native,equal_mass,0,0.0,0.13587580621242523,0.1093460543061349,0.10372340425531915,376
testA,50,native,equal_mass,1,0.13587580621242523,0.1656821146607399,0.15073153709477566,0.15159574468085107,376
testA,50,native,equal_mass,2,0.1656821146607399,0.19715671241283417,0.18200656700513723,0.2413793103448276,377
testA,50,native,equal_mass,3,0.19715671241283417,0.22915764153003693,0.21291644863308745,0.26063829787234044,376
testA,50,native,equal_mass,4,0.22915764153003693,0.25970059633255005,0.2445636353695108,0.2413793103448276,377
testA,50,native,equal_mass,5,0.25970059633255005,0.29358258843421936,0.27706907610309883,0.2898936170212766,376
testA,50,native,equal_mass,6,0.29358258843421936,0.3295273333787918,0.3102065011700417,0.3829787234042553,376
testA,50,native,equal_mass,7,0.3295273333787918,0.37196454405784607,0.35086692517885165,0.4297082228116711,377
testA,50,native,equal_mass,8,0.37196454405784607,0.41823385655879974,0.39581438296652854,0.4228723404255319,376
testA,50,native,equal_mass,9,0.41823385655879974,0.4758673757314682,0.4465058675179115,0.5676392572944297,377
testA,50,native,equal_mass,10,0.4758673757314682,0.5497252345085144,0.5114751607972257,0.6569148936170213,376
testA,50,native,equal_mass,11,0.5497252345085144,0.6405557692050934,0.5950266238539776,0.7101063829787234,376
testA,50,native,equal_mass,12,0.6405557692050934,0.7509150803089142,0.6955243897691014,0.7877984084880637,377
testA,50,native,equal_mass,13,0.7509150803089142,0.8699938654899597,0.8080663026330319,0.9122340425531915,376
testA,50,native,equal_mass,14,0.8699938654899597,1.0,0.9362764121366749,0.9602122015915119,377
testA,50,global_T_corrected,equal_width,0,0.0,0.06666666666666667,0.06298657183845838,0.0,15
testA,50,global_T_corrected,equal_width,1,0.06666666666666667,0.13333333333333333,0.10944607045720606,0.10588235294117647,425
testA,50,global_T_corrected,equal_width,2,0.13333333333333333,0.2,0.16673965705612492,0.21734104046242775,865
testA,50,global_T_corrected,equal_width,3,0.2,0.26666666666666666,0.23321642683693236,0.25766871165644173,815
testA,50,global_T_corrected,equal_width,4,0.26666666666666666,0.3333333333333333,0.29774041582798133,0.3889655172413793,725
testA,50,global_T_corrected,equal_width,5,0.3333333333333333,0.4,0.3664317565395477,0.43617021276595747,564
testA,50,global_T_corrected,equal_width,6,0.4,0.4666666666666667,0.43207366615201953,0.5746102449888641,449
testA,50,global_T_corrected,equal_width,7,0.4666666666666667,0.5333333333333333,0.5002700094791019,0.6411764705882353,340
testA,50,global_T_corrected,equal_width,8,0.5333333333333333,0.6,0.5673386579031473,0.717948717948718,273
testA,50,global_T_corrected,equal_width,9,0.6,0.6666666666666666,0.631257703520143,0.7489711934156379,243
testA,50,global_T_corrected,equal_width,10,0.6666666666666666,0.7333333333333333,0.7004670536137063,0.8538812785388128,219
testA,50,global_T_corrected,equal_width,11,0.7333333333333333,0.8,0.7679064645360938,0.8878923766816144,223
testA,50,global_T_corrected,equal_width,12,0.8,0.8666666666666667,0.832460398475329,0.9523809523809523,168
testA,50,global_T_corrected,equal_width,13,0.8666666666666667,0.9333333333333333,0.8992516918546835,0.9299363057324841,157
testA,50,global_T_corrected,equal_width,14,0.9333333333333333,1.0,0.9654827717578772,0.9939393939393939,165
testA,50,global_T_corrected,equal_mass,0,0.0,0.1282685250043869,0.10393398701946469,0.10372340425531915,376
testA,50,global_T_corrected,equal_mass,1,0.1282685250043869,0.15683160722255707,0.14281595858963245,0.15425531914893617,376
testA,50,global_T_corrected,equal_mass,2,0.15683160722255707,0.18675758689641953,0.17218761343696706,0.2493368700265252,377
testA,50,global_T_corrected,equal_mass,3,0.18675758689641953,0.21736256778240204,0.20164168705331517,0.2473404255319149,376
testA,50,global_T_corrected,equal_mass,4,0.21736256778240204,0.24572289735078812,0.23134749969689852,0.2546419098143236,377
testA,50,global_T_corrected,equal_mass,5,0.24572289735078812,0.27643008530139923,0.2619755715528067,0.27925531914893614,376
testA,50,global_T_corrected,equal_mass,6,0.27643008530139923,0.312094584107399,0.29350313377824233,0.39095744680851063,376
testA,50,global_T_corrected,equal_mass,7,0.312094584107399,0.35252343118190765,0.331474578902323,0.44297082228116713,377
testA,50,global_T_corrected,equal_mass,8,0.35252343118190765,0.39781150221824646,0.3748966235112637,0.42819148936170215,376
testA,50,global_T_corrected,equal_mass,9,0.39781150221824646,0.4506497383117676,0.4235220893782709,0.5570291777188329,377
testA,50,global_T_corrected,equal_mass,10,0.4506497383117676,0.5210596323013306,0.48574621071840857,0.6462765957446809,376
testA,50,global_T_corrected,equal_mass,11,0.5210596323013306,0.6088888943195343,0.5655180857976277,0.7146666666666667,375
testA,50,global_T_corrected,equal_mass,12,0.6088888943195343,0.7201671302318573,0.664352589498752,0.7857142857142857,378
testA,50,global_T_corrected,equal_mass,13,0.7201671302318573,0.845337986946106,0.7796074790840454,0.9042553191489362,376
testA,50,global_T_corrected,equal_mass,14,0.845337986946106,1.0,0.9217437017185303,0.9602122015915119,377
testA,50,oracle_T_K,equal_width,0,0.0,0.06666666666666667,0.06373508274555206,0.0,6
testA,50,oracle_T_K,equal_width,1,0.06666666666666667,0.13333333333333333,0.10923301836905572,0.11538461538461539,312
testA,50,oracle_T_K,equal_width,2,0.13333333333333333,0.2,0.16710275868890145,0.18253968253968253,756
testA,50,oracle_T_K,equal_width,3,0.2,0.26666666666666666,0.2332211488872084,0.24681933842239187,786
testA,50,oracle_T_K,equal_width,4,0.26666666666666666,0.3333333333333333,0.2998551338246938,0.3231197771587744,718
testA,50,oracle_T_K,equal_width,5,0.3333333333333333,0.4,0.36684371191252496,0.4380610412926391,557
testA,50,oracle_T_K,equal_width,6,0.4,0.4666666666666667,0.4323726475115139,0.487551867219917,482
testA,50,oracle_T_K,equal_width,7,0.4666666666666667,0.5333333333333333,0.4976564248675828,0.6263736263736264,364
testA,50,oracle_T_K,equal_width,8,0.5333333333333333,0.6,0.5657388829455083,0.6428571428571429,294
testA,50,oracle_T_K,equal_width,9,0.6,0.6666666666666666,0.6325162066452539,0.7611940298507462,268
testA,50,oracle_T_K,equal_width,10,0.6666666666666666,0.7333333333333333,0.6979152500629425,0.740909090909091,220
testA,50,oracle_T_K,equal_width,11,0.7333333333333333,0.8,0.766761788725853,0.8541666666666666,240
testA,50,oracle_T_K,equal_width,12,0.8,0.8666666666666667,0.8341832434808886,0.9324324324324325,222
testA,50,oracle_T_K,equal_width,13,0.8666666666666667,0.9333333333333333,0.8998708332758494,0.9430051813471503,193
testA,50,oracle_T_K,equal_width,14,0.9333333333333333,1.0,0.9681352635747508,0.9780701754385965,228
testA,50,oracle_T_K,equal_mass,0,0.0,0.14037038385868073,0.11277106398359892,0.10106382978723404,376
testA,50,oracle_T_K,equal_mass,1,0.14037038385868073,0.1712360978126526,0.15575797713183342,0.15425531914893617,376
testA,50,oracle_T_K,equal_mass,2,0.1712360978126526,0.20392174273729324,0.18815473235886673,0.22811671087533156,377
testA,50,oracle_T_K,equal_mass,3,0.20392174273729324,0.23662815243005753,0.22010170533619028,0.26595744680851063,376
testA,50,oracle_T_K,equal_mass,4,0.23662815243005753,0.2684646248817444,0.2528679400129091,0.2546419098143236,377
testA,50,oracle_T_K,equal_mass,5,0.2684646248817444,0.30398668348789215,0.2864489012417641,0.27925531914893614,376
testA,50,oracle_T_K,equal_mass,6,0.30398668348789215,0.3401719331741333,0.3206697494742718,0.38563829787234044,376
testA,50,oracle_T_K,equal_mass,7,0.3401719331741333,0.38426750898361206,0.3628941513499151,0.4297082228116711,377
testA,50,oracle_T_K,equal_mass,8,0.38426750898361206,0.43300722539424896,0.40898464009799856,0.43351063829787234,376
testA,50,oracle_T_K,equal_mass,9,0.43300722539424896,0.4893588721752167,0.4604803877895011,0.5543766578249337,377
testA,50,oracle_T_K,equal_mass,10,0.4893588721752167,0.5664232671260834,0.5274801720330056,0.6648936170212766,376
testA,50,oracle_T_K,equal_mass,11,0.5664232671260834,0.659015029668808,0.6128617642407722,0.699468085106383,376
testA,50,oracle_T_K,equal_mass,12,0.659015029668808,0.7685427069664001,0.7140311413797839,0.7931034482758621,377
testA,50,oracle_T_K,equal_mass,13,0.7685427069664001,0.8829361796379089,0.8243819254826992,0.9122340425531915,376
testA,50,oracle_T_K,equal_mass,14,0.8829361796379089,1.0,0.9440419107912706,0.9628647214854111,377
testB,5,native,equal_width,0,0.0,0.06666666666666667,0.0,0.0,0
testB,5,native,equal_width,1,0.06666666666666667,0.13333333333333333,0.0,0.0,0
testB,5,native,equal_width,2,0.13333333333333333,0.2,0.0,0.0,0
testB,5,native,equal_width,3,0.2,0.26666666666666666,0.2568322755396366,0.125,8
testB,5,native,equal_width,4,0.26666666666666666,0.3333333333333333,0.3052651515094245,0.2804878048780488,82
testB,5,native,equal_width,5,0.3333333333333333,0.4,0.37086698186716865,0.375,224
testB,5,native,equal_width,6,0.4,0.4666666666666667,0.43463083220327775,0.42073170731707316,328
testB,5,native,equal_width,7,0.4666666666666667,0.5333333333333333,0.5026079924667582,0.5105882352941177,425
testB,5,native,equal_width,8,0.5333333333333333,0.6,0.5652509841574244,0.5686746987951807,415
testB,5,native,equal_width,9,0.6,0.6666666666666666,0.6323163629829727,0.6561679790026247,381
testB,5,native,equal_width,10,0.6666666666666666,0.7333333333333333,0.6992472989828462,0.6776859504132231,363
testB,5,native,equal_width,11,0.7333333333333333,0.8,0.7686171707085201,0.78,350
testB,5,native,equal_width,12,0.8,0.8666666666666667,0.8340376591682435,0.8373333333333334,375
testB,5,native,equal_width,13,0.8666666666666667,0.9333333333333333,0.9024421113602659,0.9148936170212766,470
testB,5,native,equal_width,14,0.9333333333333333,1.0,0.9818017410879941,0.9803117309269893,1219
testB,5,native,equal_mass,0,0.0,0.39857853949069977,0.3500457230509292,0.343042071197411,309
testB,5,native,equal_mass,1,0.39857853949069977,0.46271559596061707,0.4317385791574867,0.42394822006472493,309
testB,5,native,equal_mass,2,0.46271559596061707,0.5150789022445679,0.49035463900335374,0.5064516129032258,310
testB,5,native,equal_mass,3,0.5150789022445679,0.5581811368465424,0.5359216453959641,0.5469255663430421,309
testB,5,native,equal_mass,4,0.5581811368465424,0.6102102100849152,0.583947846804622,0.5889967637540453,309
testB,5,native,equal_mass,5,0.6102102100849152,0.664912611246109,0.6372251389488097,0.6483870967741936,310
testB,5,native,equal_mass,6,0.664912611246109,0.7212831079959869,0.693051542857704,0.6601941747572816,309
testB,5,native,equal_mass,7,0.7212831079959869,0.7811645567417145,0.7528746747276158,0.7475728155339806,309
testB,5,native,equal_mass,8,0.7811645567417145,0.8389245867729187,0.8100121082798127,0.8612903225806452,310
testB,5,native,equal_mass,9,0.8389245867729187,0.8901144564151764,0.8647657310692624,0.8511326860841424,309
testB,5,native,equal_mass,10,0.8901144564151764,0.9309664666652679,0.9113134647264449,0.9158576051779935,309
testB,5,native,equal_mass,11,0.9309664666652679,0.9665955603122711,0.9503944310449784,0.9451612903225807,310
testB,5,native,equal_mass,12,0.9665955603122711,0.9888504147529602,0.9784216439068124,0.9773462783171522,309
testB,5,native,equal_mass,13,0.9888504147529602,0.999381959438324,0.9954948724280669,0.9967637540453075,309
testB,5,native,equal_mass,14,0.999381959438324,1.0,0.9998837617135817,1.0,310
testB,5,global_T_corrected,equal_width,0,0.0,0.06666666666666667,0.0,0.0,0
testB,5,global_T_corrected,equal_width,1,0.06666666666666667,0.13333333333333333,0.0,0.0,0
testB,5,global_T_corrected,equal_width,2,0.13333333333333333,0.2,0.0,0.0,0
testB,5,global_T_corrected,equal_width,3,0.2,0.26666666666666666,0.2551225208573871,0.1111111111111111,9
testB,5,global_T_corrected,equal_width,4,0.26666666666666666,0.3333333333333333,0.3049150397700648,0.2903225806451613,93
testB,5,global_T_corrected,equal_width,5,0.3333333333333333,0.4,0.3704634591341019,0.4,250
testB,5,global_T_corrected,equal_width,6,0.4,0.4666666666666667,0.4345831679947236,0.42058823529411765,340
testB,5,global_T_corrected,equal_width,7,0.4666666666666667,0.5333333333333333,0.5011158376198753,0.5212527964205816,447
testB,5,global_T_corrected,equal_width,8,0.5333333333333333,0.6,0.565217453506568,0.594847775175644,427
testB,5,global_T_corrected,equal_width,9,0.6,0.6666666666666666,0.6333581396091131,0.6493827160493827,405
testB,5,global_T_corrected,equal_width,10,0.6666666666666666,0.7333333333333333,0.6992144932805215,0.7155963302752294,327
testB,5,global_T_corrected,equal_width,11,0.7333333333333333,0.8,0.7662827687263489,0.7973333333333333,375
testB,5,global_T_corrected,equal_width,12,0.8,0.8666666666666667,0.8340786943293136,0.842391304347826,368
testB,5,global_T_corrected,equal_width,13,0.8666666666666667,0.9333333333333333,0.9005640789410954,0.9235807860262009,458
testB,5,global_T_corrected,equal_width,14,0.9333333333333333,1.0,0.98119898661514,0.9815950920245399,1141
testB,5,global_T_corrected,equal_mass,0,0.0,0.3912338763475418,0.34386846562998197,0.343042071197411,309
testB,5,global_T_corrected,equal_mass,1,0.3912338763475418,0.4525848925113678,0.42299618709434583,0.41423948220064727,309
testB,5,global_T_corrected,equal_mass,2,0.4525848925113678,0.5039108395576477,0.48005232051495583,0.5064516129032258,310
testB,5,global_T_corrected,equal_mass,3,0.5039108395576477,0.5466230511665344,0.5249355263694591,0.5566343042071198,309
testB,5,global_T_corrected,equal_mass,4,0.5466230511665344,0.5951966643333435,0.5710013508796692,0.5825242718446602,309
testB,5,global_T_corrected,equal_mass,5,0.5951966643333435,0.6492947638034821,0.6219101459749283,0.6580645161290323,310
testB,5,global_T_corrected,equal_mass,6,0.6492947638034821,0.70345139503479,0.6758339136935361,0.6601941747572816,309
testB,5,global_T_corrected,equal_mass,7,0.70345139503479,0.7634572684764862,0.7350862643479529,0.7443365695792881,309
testB,5,global_T_corrected,equal_mass,8,0.7634572684764862,0.8211070001125336,0.7925419426733448,0.8612903225806452,310
testB,5,global_T_corrected,equal_mass,9,0.8211070001125336,0.8755818903446198,0.8486929759624321,0.8478964401294499,309
testB,5,global_T_corrected,equal_mass,10,0.8755818903446198,0.9183549582958221,0.8977713073727382,0.919093851132686,309
testB,5,global_T_corrected,equal_mass,11,0.9183549582958221,0.9587456285953522,0.9406113211185702,0.9451612903225807,310
testB,5,global_T_corrected,equal_mass,12,0.9587456285953522,0.9855219125747681,0.9729601140932743,0.9773462783171522,309
testB,5,global_T_corrected,equal_mass,13,0.9855219125747681,0.9990502893924713,0.9939175788252871,0.9967637540453075,309
testB,5,global_T_corrected,equal_mass,14,0.9990502893924713,1.0,0.9998128904450324,1.0,310
testB,5,oracle_T_K,equal_width,0,0.0,0.06666666666666667,0.0,0.0,0
testB,5,oracle_T_K,equal_width,1,0.06666666666666667,0.13333333333333333,0.0,0.0,0
testB,5,oracle_T_K,equal_width,2,0.13333333333333333,0.2,0.0,0.0,0
testB,5,oracle_T_K,equal_width,3,0.2,0.26666666666666666,0.25638397308913147,0.09090909090909091,11
testB,5,oracle_T_K,equal_width,4,0.26666666666666666,0.3333333333333333,0.30601384375513213,0.31958762886597936,97
testB,5,oracle_T_K,equal_width,5,0.3333333333333333,0.4,0.37073755658554197,0.3852140077821012,257
testB,5,oracle_T_K,equal_width,6,0.4,0.4666666666666667,0.43435747018631765,0.4264705882352941,340
testB,5,oracle_T_K,equal_width,7,0.4666666666666667,0.5333333333333333,0.5006301920528246,0.5272331154684096,459
testB,5,oracle_T_K,equal_width,8,0.5333333333333333,0.6,0.5652199686972748,0.6056338028169014,426
testB,5,oracle_T_K,equal_width,9,0.6,0.6666666666666666,0.6321064077317715,0.65,400
testB,5,oracle_T_K,equal_width,10,0.6666666666666666,0.7333333333333333,0.6987978440417341,0.7100591715976331,338
testB,5,oracle_T_K,equal_width,11,0.7333333333333333,0.8,0.7660546229484885,0.8128342245989305,374
testB,5,oracle_T_K,equal_width,12,0.8,0.8666666666666667,0.8343920844632227,0.8486486486486486,370
testB,5,oracle_T_K,equal_width,13,0.8666666666666667,0.9333333333333333,0.9005195611623212,0.9227373068432672,453
testB,5,oracle_T_K,equal_width,14,0.9333333333333333,1.0,0.9810990950986409,0.9820627802690582,1115
testB,5,oracle_T_K,equal_mass,0,0.0,0.38867636024951935,0.3420015396520158,0.34627831715210355,309
testB,5,oracle_T_K,equal_mass,1,0.38867636024951935,0.4502805024385452,0.42038212547796056,0.4110032362459547,309
testB,5,oracle_T_K,equal_mass,2,0.4502805024385452,0.5011936128139496,0.476861997862016,0.5,310
testB,5,oracle_T_K,equal_mass,3,0.5011936128139496,0.5434602797031403,0.521576217848892,0.5566343042071198,309
testB,5,oracle_T_K,equal_mass,4,0.5434602797031403,0.5912902057170868,0.567171893652203,0.5889967637540453,309
testB,5,oracle_T_K,equal_mass,5,0.5912902057170868,0.644159585237503,0.617301396977517,0.6516129032258065,310
testB,5,oracle_T_K,equal_mass,6,0.644159585237503,0.6976316571235657,0.6706116380814982,0.6634304207119741,309
testB,5,oracle_T_K,equal_mass,7,0.6976316571235657,0.7583370208740234,0.7296393455810917,0.7411003236245954,309
testB,5,oracle_T_K,equal_mass,8,0.7583370208740234,0.8153748214244843,0.7870375379003753,0.8640776699029126,309
testB,5,oracle_T_K,equal_mass,9,0.8153748214244843,0.8707433938980103,0.8435331363831797,0.8580645161290322,310
testB,5,oracle_T_K,equal_mass,10,0.8707433938980103,0.9149422645568848,0.8934226234753927,0.9158576051779935,309
testB,5,oracle_T_K,equal_mass,11,0.9149422645568848,0.9562108814716339,0.9373878509767594,0.9419354838709677,310
testB,5,oracle_T_K,equal_mass,12,0.9562108814716339,0.9843927323818207,0.9710994023335404,0.9773462783171522,309
testB,5,oracle_T_K,equal_mass,13,0.9843927323818207,0.9989179968833923,0.9933517251199889,0.9967637540453075,309
testB,5,oracle_T_K,equal_mass,14,0.9989179968833923,1.0,0.999784485370882,1.0,310
testB,10,native,equal_width,0,0.0,0.06666666666666667,0.0,0.0,0
testB,10,native,equal_width,1,0.06666666666666667,0.13333333333333333,0.0,0.0,0
testB,10,native,equal_width,2,0.13333333333333333,0.2,0.18926261365413666,0.16129032258064516,31
testB,10,native,equal_width,3,0.2,0.26666666666666666,0.24070763308951196,0.2297872340425532,235
testB,10,native,equal_width,4,0.26666666666666666,0.3333333333333333,0.3032457793009615,0.2803738317757009,428
testB,10,native,equal_width,5,0.3333333333333333,0.4,0.3674046765029652,0.36617100371747213,538
testB,10,native,equal_width,6,0.4,0.4666666666666667,0.4314227654076899,0.4646271510516252,523
testB,10,native,equal_width,7,0.4666666666666667,0.5333333333333333,0.5005815961609589,0.5276073619631901,489
testB,10,native,equal_width,8,0.5333333333333333,0.6,0.5670447993344365,0.5994475138121547,362
testB,10,native,equal_width,9,0.6,0.6666666666666666,0.6341183258350506,0.7209302325581395,344
testB,10,native,equal_width,10,0.6666666666666666,0.7333333333333333,0.6997795329978135,0.7284768211920529,302
testB,10,native,equal_width,11,0.7333333333333333,0.8,0.7650148121137468,0.7936507936507936,315
testB,10,native,equal_width,12,0.8,0.8666666666666667,0.8343286553726477,0.875,272
testB,10,native,equal_width,13,0.8666666666666667,0.9333333333333333,0.8980627037711063,0.8779661016949153,295
testB,10,native,equal_width,14,0.9333333333333333,1.0,0.9779775768165061,0.9624505928853755,506
testB,10,native,equal_mass,0,0.0,0.2749961018562317,0.23982670242539503,0.22006472491909385,309
testB,10,native,equal_mass,1,0.2749961018562317,0.32337962090969086,0.30151616224964845,0.2815533980582524,309
testB,10,native,equal_mass,2,0.32337962090969086,0.363710954785347,0.3433259747682079,0.3258064516129032,310
testB,10,native,equal_mass,3,0.363710954785347,0.40049120783805847,0.38246537971650896,0.39805825242718446,309
testB,10,native,equal_mass,4,0.40049120783805847,0.4365515559911728,0.41867989205233874,0.45307443365695793,309
testB,10,native,equal_mass,5,0.4365515559911728,0.4806055724620819,0.4583486757932171,0.5096774193548387,310
testB,10,native,equal_mass,6,0.4806055724620819,0.5241155624389648,0.502289900212612,0.5307443365695793,309
testB,10,native,equal_mass,7,0.5241155624389648,0.5778804123401642,0.54789596950352,0.5566343042071198,309
testB,10,native,equal_mass,8,0.5778804123401642,0.6351582407951355,0.6056621957209802,0.6741935483870968,310
testB,10,native,equal_mass,9,0.6351582407951355,0.6969186067581177,0.6658551567580707,0.7281553398058253,309
testB,10,native,equal_mass,10,0.6969186067581177,0.7636211514472961,0.7311735878484534,0.7605177993527508,309
testB,10,native,equal_mass,11,0.7636211514472961,0.8364995121955872,0.7981600330721947,0.832258064516129,310
testB,10,native,equal_mass,12,0.8364995121955872,0.9071075320243835,0.8715818566660727,0.8516129032258064,310
testB,10,native,equal_mass,13,0.9071075320243835,0.9740344285964966,0.9421019979885646,0.935064935064935,308
testB,10,native,equal_mass,14,0.9740344285964966,1.0,0.992475579246398,0.9806451612903225,310
testB,10,global_T_corrected,equal_width,0,0.0,0.06666666666666667,0.0,0.0,0
testB,10,global_T_corrected,equal_width,1,0.06666666666666667,0.13333333333333333,0.0,0.0,0
testB,10,global_T_corrected,equal_width,2,0.13333333333333333,0.2,0.18754306855874184,0.15384615384615385,39
testB,10,global_T_corrected,equal_width,3,0.2,0.26666666666666666,0.23972449722361475,0.23220973782771537,267
testB,10,global_T_corrected,equal_width,4,0.26666666666666666,0.3333333333333333,0.30312275572826985,0.2968421052631579,475
testB,10,global_T_corrected,equal_width,5,0.3333333333333333,0.4,0.36762557715441274,0.3752212389380531,565
testB,10,global_T_corrected,equal_width,6,0.4,0.4666666666666667,0.4314304135739803,0.49615384615384617,520
testB,10,global_T_corrected,equal_width,7,0.4666666666666667,0.5333333333333333,0.49949585567393073,0.5239085239085239,481
testB,10,global_T_corrected,equal_width,8,0.5333333333333333,0.6,0.5672145437459651,0.6554621848739496,357
testB,10,global_T_corrected,equal_width,9,0.6,0.6666666666666666,0.6323443348806275,0.7272727272727273,341
testB,10,global_T_corrected,equal_width,10,0.6666666666666666,0.7333333333333333,0.6997799062119505,0.7507987220447284,313
testB,10,global_T_corrected,equal_width,11,0.7333333333333333,0.8,0.7637723473080418,0.8175438596491228,285
testB,10,global_T_corrected,equal_width,12,0.8,0.8666666666666667,0.8343992607346896,0.8586206896551725,290
testB,10,global_T_corrected,equal_width,13,0.8666666666666667,0.9333333333333333,0.8996851358068995,0.9076305220883534,249
testB,10,global_T_corrected,equal_width,14,0.9333333333333333,1.0,0.9773875576439903,0.9606986899563319,458
testB,10,global_T_corrected,equal_mass,0,0.0,0.2670809030532837,0.23340165224468823,0.22330097087378642,309
testB,10,global_T_corrected,equal_mass,1,0.2670809030532837,0.31407393515110016,0.29258268598985515,0.2815533980582524,309
testB,10,global_T_corrected,equal_mass,2,0.31407393515110016,0.35158106684684753,0.33271713689450294,0.3225806451612903,310
testB,10,global_T_corrected,equal_mass,3,0.35158106684684753,0.38701678812503815,0.3701886573269915,0.3948220064724919,309
testB,10,global_T_corrected,equal_mass,4,0.38701678812503815,0.42249615490436554,0.40509593592878296,0.4563106796116505,309
testB,10,global_T_corrected,equal_mass,5,0.42249615490436554,0.46475616097450256,0.4434428199645012,0.4967741935483871,310
testB,10,global_T_corrected,equal_mass,6,0.46475616097450256,0.5069170892238617,0.48634902964132115,0.5307443365695793,309
testB,10,global_T_corrected,equal_mass,7,0.5069170892238617,0.5582346618175507,0.5307454081029183,0.5533980582524272,309
testB,10,global_T_corrected,equal_mass,8,0.5582346618175507,0.614249587059021,0.5861804983308239,0.6838709677419355,310
testB,10,global_T_corrected,equal_mass,9,0.614249587059021,0.6768400371074677,0.644900267371082,0.7378640776699029,309
testB,10,global_T_corrected,equal_mass,10,0.6768400371074677,0.7414595484733582,0.7095836456925352,0.7605177993527508,309
testB,10,global_T_corrected,equal_mass,11,0.7414595484733582,0.8157788813114166,0.777246775165681,0.832258064516129,310
testB,10,global_T_corrected,equal_mass,12,0.8157788813114166,0.888960599899292,0.8527667771265345,0.8511326860841424,309
testB,10,global_T_corrected,equal_mass,13,0.888960599899292,0.9669981896877289,0.930279868320354,0.9320388349514563,309
testB,10,global_T_corrected,equal_mass,14,0.9669981896877289,1.0,0.9901372994146039,0.9806451612903225,310
testB,10,oracle_T_K,equal_width,0,0.0,0.06666666666666667,0.0,0.0,0
testB,10,oracle_T_K,equal_width,1,0.06666666666666667,0.13333333333333333,0.0,0.0,0
testB,10,oracle_T_K,equal_width,2,0.13333333333333333,0.2,0.18776315088207657,0.13513513513513514,37
testB,10,oracle_T_K,equal_width,3,0.2,0.26666666666666666,0.24021093711031205,0.23484848484848486,264
testB,10,oracle_T_K,equal_width,4,0.26666666666666666,0.3333333333333333,0.3038523250551366,0.2942430703624733,469
testB,10,oracle_T_K,equal_width,5,0.3333333333333333,0.4,0.36796855948070506,0.3779385171790235,553
testB,10,oracle_T_K,equal_width,6,0.4,0.4666666666666667,0.43139210354801333,0.4856046065259117,521
testB,10,oracle_T_K,equal_width,7,0.4666666666666667,0.5333333333333333,0.4997258887281082,0.525879917184265,483
testB,10,oracle_T_K,equal_width,8,0.5333333333333333,0.6,0.5668709126569457,0.6384180790960452,354
testB,10,oracle_T_K,equal_width,9,0.6,0.6666666666666666,0.6316615852986114,0.7315634218289085,339
testB,10,oracle_T_K,equal_width,10,0.6666666666666666,0.7333333333333333,0.6991783438796877,0.7381703470031545,317
testB,10,oracle_T_K,equal_width,11,0.7333333333333333,0.8,0.7636241320920238,0.8235294117647058,289
testB,10,oracle_T_K,equal_width,12,0.8,0.8666666666666667,0.8345014541009858,0.852233676975945,291
testB,10,oracle_T_K,equal_width,13,0.8666666666666667,0.9333333333333333,0.899913062460174,0.9111969111969112,259
testB,10,oracle_T_K,equal_width,14,0.9333333333333333,1.0,0.9778009852201774,0.959051724137931,464
testB,10,oracle_T_K,equal_mass,0,0.0,0.2687474936246872,0.23464755583735344,0.22006472491909385,309
testB,10,oracle_T_K,equal_mass,1,0.2687474936246872,0.31605447828769684,0.2943200549068574,0.284789644012945,309
testB,10,oracle_T_K,equal_mass,2,0.31605447828769684,0.35417385399341583,0.334772973002926,0.3225806451612903,310
testB,10,oracle_T_K,equal_mass,3,0.35417385399341583,0.38971684873104095,0.37258720012158636,0.40129449838187703,309
testB,10,oracle_T_K,equal_mass,4,0.38971684873104095,0.4253445267677307,0.4077447173471975,0.44660194174757284,309
testB,10,oracle_T_K,equal_mass,5,0.4253445267677307,0.46834297478199005,0.4463440332681902,0.5032258064516129,310
testB,10,oracle_T_K,equal_mass,6,0.46834297478199005,0.5101170539855957,0.48948083118713404,0.5275080906148867,309
testB,10,oracle_T_K,equal_mass,7,0.5101170539855957,0.5624857842922211,0.5340687595910625,0.5533980582524272,309
testB,10,oracle_T_K,equal_mass,8,0.5624857842922211,0.6183596253395081,0.5900008999532269,0.6838709677419355,310
testB,10,oracle_T_K,equal_mass,9,0.6183596253395081,0.6808375120162964,0.649006730337359,0.7346278317152104,309
testB,10,oracle_T_K,equal_mass,10,0.6808375120162964,0.7460705041885376,0.7138717660626162,0.7669902912621359,309
testB,10,oracle_T_K,equal_mass,11,0.7460705041885376,0.8205031752586365,0.7813765756545529,0.8290322580645161,310
testB,10,oracle_T_K,equal_mass,12,0.8205031752586365,0.8925336301326752,0.8565438428357195,0.8511326860841424,309
testB,10,oracle_T_K,equal_mass,13,0.8925336301326752,0.9684458374977112,0.9327036124988667,0.9320388349514563,309
testB,10,oracle_T_K,equal_mass,14,0.9684458374977112,1.0,0.9906391449512973,0.9806451612903225,310
testB,20,native,equal_width,0,0.0,0.06666666666666667,0.0,0.0,0
testB,20,native,equal_width,1,0.06666666666666667,0.13333333333333333,0.12031742147146127,0.10256410256410256,39
testB,20,native,equal_width,2,0.13333333333333333,0.2,0.1729234456694152,0.16630669546436286,463
testB,20,native,equal_width,3,0.2,0.26666666666666666,0.23353368383527143,0.23076923076923078,702
testB,20,native,equal_width,4,0.26666666666666666,0.3333333333333333,0.2992016693151348,0.34081346423562414,713
testB,20,native,equal_width,5,0.3333333333333333,0.4,0.36723102777646477,0.4077490774907749,542
testB,20,native,equal_width,6,0.4,0.4666666666666667,0.4320490502822372,0.5125284738041003,439
testB,20,native,equal_width,7,0.4666666666666667,0.5333333333333333,0.5002700385913043,0.5859154929577465,355
testB,20,native,equal_width,8,0.5333333333333333,0.6,0.564092899279737,0.6843853820598007,301
testB,20,native,equal_width,9,0.6,0.6666666666666666,0.6330302281526742,0.7136563876651982,227
testB,20,native,equal_width,10,0.6666666666666666,0.7333333333333333,0.6998600645645244,0.7972972972972973,222
testB,20,native,equal_width,11,0.7333333333333333,0.8,0.7671514623305377,0.8411764705882353,170
testB,20,native,equal_width,12,0.8,0.8666666666666667,0.8335079480100561,0.8444444444444444,135
testB,20,native,equal_width,13,0.8666666666666667,0.9333333333333333,0.9001565179596208,0.958904109589041,146
testB,20,native,equal_width,14,0.9333333333333333,1.0,0.9726456910051325,0.956989247311828,186
testB,20,native,equal_mass,0,0.0,0.17982543259859085,0.15562978702745006,0.16181229773462782,309
testB,20,native,equal_mass,1,0.17982543259859085,0.210682675242424,0.1958902901141003,0.18446601941747573,309
testB,20,native,equal_mass,2,0.210682675242424,0.24069546908140182,0.22613011848541997,0.23548387096774193,310
testB,20,native,equal_mass,3,0.24069546908140182,0.26964615285396576,0.25507462352610716,0.23624595469255663,309
testB,20,native,equal_mass,4,0.26964615285396576,0.296463742852211,0.283761661415347,0.3268608414239482,309
testB,20,native,equal_mass,5,0.296463742852211,0.3275712728500366,0.3117960718370253,0.3548387096774194,310
testB,20,native,equal_mass,6,0.3275712728500366,0.3657253086566925,0.34503343662783553,0.40129449838187703,309
testB,20,native,equal_mass,7,0.3657253086566925,0.4019778370857239,0.3837849525764922,0.4110032362459547,309
testB,20,native,equal_mass,8,0.4019778370857239,0.4477759003639221,0.4241014026826428,0.4774193548387097,310
testB,20,native,equal_mass,9,0.4477759003639221,0.5030596852302551,0.4751904357984228,0.5954692556634305,309
testB,20,native,equal_mass,10,0.5030596852302551,0.561907947063446,0.5326827145317226,0.6310679611650486,309
testB,20,native,equal_mass,11,0.561907947063446,0.6449110805988312,0.6018919387171345,0.6870967741935484,310
testB,20,native,equal_mass,12,0.6449110805988312,0.7412465214729309,0.6922349057922857,0.7896440129449838,309
testB,20,native,equal_mass,13,0.7412465214729309,0.8770778775215149,0.8053616877512638,0.8543689320388349,309
testB,20,native,equal_mass,14,0.8770778775215149,1.0,0.9455961663876811,0.9580645161290322,310
testB,20,global_T_corrected,equal_width,0,0.0,0.06666666666666667,0.0,0.0,0
testB,20,global_T_corrected,equal_width,1,0.06666666666666667,0.13333333333333333,0.11986658707553265,0.11764705882352941,51
testB,20,global_T_corrected,equal_width,2,0.13333333333333333,0.2,0.17229641674851406,0.17495395948434622,543
testB,20,global_T_corrected,equal_width,3,0.2,0.26666666666666666,0.2340938975253413,0.2567204301075269,744
testB,20,global_T_corrected,equal_width,4,0.26666666666666666,0.3333333333333333,0.2981301725497561,0.34739803094233473,711
testB,20,global_T_corrected,equal_width,5,0.3333333333333333,0.4,0.36665831284673683,0.4423791821561338,538
testB,20,global_T_corrected,equal_width,6,0.4,0.4666666666666667,0.4312648144271448,0.5371702637889688,417
testB,20,global_T_corrected,equal_width,7,0.4666666666666667,0.5333333333333333,0.4988300039821646,0.5994397759103641,357
testB,20,global_T_corrected,equal_width,8,0.5333333333333333,0.6,0.5627958644045531,0.6788321167883211,274
testB,20,global_T_corrected,equal_width,9,0.6,0.6666666666666666,0.6310758218828556,0.7654867256637168,226
testB,20,global_T_corrected,equal_width,10,0.6666666666666666,0.7333333333333333,0.6967358376921677,0.7951219512195122,205
testB,20,global_T_corrected,equal_width,11,0.7333333333333333,0.8,0.7640441229266505,0.8516129032258064,155
testB,20,global_T_corrected,equal_width,12,0.8,0.8666666666666667,0.8352345429865041,0.8721804511278195,133
testB,20,global_T_corrected,equal_width,13,0.8666666666666667,0.9333333333333333,0.90136570272161,0.9626865671641791,134
testB,20,global_T_corrected,equal_width,14,0.9333333333333333,1.0,0.9748369706304449,0.9605263157894737,152
testB,20,global_T_corrected,equal_mass,0,0.0,0.17248550057411194,0.15007230774484406,0.15857605177993528,309
testB,20,global_T_corrected,equal_mass,1,0.17248550057411194,0.2021205797791481,0.18811188310288302,0.19741100323624594,309
testB,20,global_T_corrected,equal_mass,2,0.2021205797791481,0.23128048330545425,0.21694602975922248,0.22580645161290322,310
testB,20,global_T_corrected,equal_mass,3,0.23128048330545425,0.25811147689819336,0.24449879548310463,0.24271844660194175,309
testB,20,global_T_corrected,equal_mass,4,0.25811147689819336,0.2836659550666809,0.2715263815180769,0.313915857605178,309
testB,20,global_T_corrected,equal_mass,5,0.2836659550666809,0.31333523988723755,0.2977865937256044,0.36774193548387096,310
testB,20,global_T_corrected,equal_mass,6,0.31333523988723755,0.34862685203552246,0.3296854123714287,0.4045307443365696,309
testB,20,global_T_corrected,equal_mass,7,0.34862685203552246,0.3849109709262848,0.3668789512516997,0.41423948220064727,309
testB,20,global_T_corrected,equal_mass,8,0.3849109709262848,0.42730915546417236,0.40577438454474174,0.47096774193548385,310
testB,20,global_T_corrected,equal_mass,9,0.42730915546417236,0.482943132519722,0.4552041235286441,0.598705501618123,309
testB,20,global_T_corrected,equal_mass,10,0.482943132519722,0.5404705107212067,0.5107354988558007,0.6472491909385113,309
testB,20,global_T_corrected,equal_mass,11,0.5404705107212067,0.618498831987381,0.5776024556929066,0.6645161290322581,310
testB,20,global_T_corrected,equal_mass,12,0.618498831987381,0.7150352895259857,0.6667731147753768,0.7896440129449838,309
testB,20,global_T_corrected,equal_mass,13,0.7150352895259857,0.8577218353748322,0.781100476829751,0.8478964401294499,309
testB,20,global_T_corrected,equal_mass,14,0.8577218353748322,1.0,0.934349936823691,0.9612903225806452,310
testB,20,oracle_T_K,equal_width,0,0.0,0.06666666666666667,0.0,0.0,0
testB,20,oracle_T_K,equal_width,1,0.06666666666666667,0.13333333333333333,0.12058677063101814,0.11904761904761904,42
testB,20,oracle_T_K,equal_width,2,0.13333333333333333,0.2,0.17289958492705695,0.16631578947368422,475
testB,20,oracle_T_K,equal_width,3,0.2,0.26666666666666666,0.23372715711593628,0.23174157303370788,712
testB,20,oracle_T_K,equal_width,4,0.26666666666666666,0.3333333333333333,0.29901335489446834,0.3488700564971751,708
testB,20,oracle_T_K,equal_width,5,0.3333333333333333,0.4,0.366938556325348,0.41544117647058826,544
testB,20,oracle_T_K,equal_width,6,0.4,0.4666666666666667,0.43180769613419456,0.5126436781609195,435
testB,20,oracle_T_K,equal_width,7,0.4666666666666667,0.5333333333333333,0.5009029785247698,0.5972602739726027,365
testB,20,oracle_T_K,equal_width,8,0.5333333333333333,0.6,0.5650924318823322,0.6724137931034483,290
testB,20,oracle_T_K,equal_width,9,0.6,0.6666666666666666,0.6335365521696816,0.7300884955752213,226
testB,20,oracle_T_K,equal_width,10,0.6666666666666666,0.7333333333333333,0.6988231725287888,0.7924528301886793,212
testB,20,oracle_T_K,equal_width,11,0.7333333333333333,0.8,0.7657608258930934,0.838150289017341,173
testB,20,oracle_T_K,equal_width,12,0.8,0.8666666666666667,0.8328271191853743,0.8461538461538461,130
testB,20,oracle_T_K,equal_width,13,0.8666666666666667,0.9333333333333333,0.8996696588177009,0.959731543624161,149
testB,20,oracle_T_K,equal_width,14,0.9333333333333333,1.0,0.9730802834366953,0.9553072625698324,179
testB,20,oracle_T_K,equal_mass,0,0.0,0.17862125486135483,0.15465335345383988,0.16181229773462782,309
testB,20,oracle_T_K,equal_mass,1,0.17862125486135483,0.20902656763792038,0.1945268603879657,0.18770226537216828,309
testB,20,oracle_T_K,equal_mass,2,0.20902656763792038,0.2391854152083397,0.22446796331783714,0.22653721682847897,309
testB,20,oracle_T_K,equal_mass,3,0.2391854152083397,0.26756273210048676,0.25318537537128694,0.25161290322580643,310
testB,20,oracle_T_K,equal_mass,4,0.26756273210048676,0.2944563776254654,0.28162198352196455,0.313915857605178,309
testB,20,oracle_T_K,equal_mass,5,0.2944563776254654,0.32473351061344147,0.3093223282406407,0.3580645161290323,310
testB,20,oracle_T_K,equal_mass,6,0.32473351061344147,0.36276911199092865,0.34236196165717536,0.4045307443365696,309
testB,20,oracle_T_K,equal_mass,7,0.36276911199092865,0.3995126187801361,0.3808347863479725,0.41423948220064727,309
testB,20,oracle_T_K,equal_mass,8,0.3995126187801361,0.44413886964321136,0.4208950528214055,0.47096774193548385,310
testB,20,oracle_T_K,equal_mass,9,0.44413886964321136,0.4996103495359421,0.4717240393354669,0.6019417475728155,309
testB,20,oracle_T_K,equal_mass,10,0.4996103495359421,0.5585364699363708,0.528897368599296,0.6343042071197411,309
testB,20,oracle_T_K,equal_mass,11,0.5585364699363708,0.640293300151825,0.5976414899672231,0.6774193548387096,310
testB,20,oracle_T_K,equal_mass,12,0.640293300151825,0.7363629937171936,0.6878752156754527,0.7896440129449838,309
testB,20,oracle_T_K,equal_mass,13,0.7363629937171936,0.8735264539718628,0.8012616701882248,0.8543689320388349,309
testB,20,oracle_T_K,equal_mass,14,0.8735264539718628,1.0,0.9437587770723528,0.9580645161290322,310
testB,50,native,equal_width,0,0.0,0.06666666666666667,0.061303406953811646,0.05714285714285714,35
testB,50,native,equal_width,1,0.06666666666666667,0.13333333333333333,0.10613356090291252,0.11731843575418995,895
testB,50,native,equal_width,2,0.13333333333333333,0.2,0.1651872071587647,0.2001733102253033,1154
testB,50,native,equal_width,3,0.2,0.26666666666666666,0.23116185855834595,0.3121761658031088,772
testB,50,native,equal_width,4,0.26666666666666666,0.3333333333333333,0.29817849361092036,0.43149284253578735,489
testB,50,native,equal_width,5,0.3333333333333333,0.4,0.36416017778572585,0.5238095238095238,336
testB,50,native,equal_width,6,0.4,0.4666666666666667,0.4326082213874503,0.5844155844155844,231
testB,50,native,equal_width,7,0.4666666666666667,0.5333333333333333,0.5009271104593535,0.5891891891891892,185
testB,50,native,equal_width,8,0.5333333333333333,0.6,0.5674036938568642,0.6620689655172414,145
testB,50,native,equal_width,9,0.6,0.6666666666666666,0.6296841659635868,0.8018867924528302,106
testB,50,native,equal_width,10,0.6666666666666666,0.7333333333333333,0.6970600430170695,0.8266666666666667,75
testB,50,native,equal_width,11,0.7333333333333333,0.8,0.7674977110653389,0.8536585365853658,82
testB,50,native,equal_width,12,0.8,0.8666666666666667,0.8297219182315626,0.8596491228070176,57
testB,50,native,equal_width,13,0.8666666666666667,0.9333333333333333,0.9038880931006538,0.9444444444444444,36
testB,50,native,equal_width,14,0.9333333333333333,1.0,0.9702593428747994,1.0,42
testB,50,native,equal_mass,0,0.0,0.09599454700946808,0.08159665184692272,0.0970873786407767,309
testB,50,native,equal_mass,1,0.09599454700946808,0.11612551286816597,0.10696137650691961,0.11650485436893204,309
testB,50,native,equal_mass,2,0.11612551286816597,0.13324439525604248,0.12452962266341333,0.13225806451612904,310
testB,50,native,equal_mass,3,0.13324439525604248,0.14961548894643784,0.14167013542551823,0.1650485436893204,309
testB,50,native,equal_mass,4,0.14961548894643784,0.16657161712646484,0.1584517931668118,0.22330097087378642,309
testB,50,native,equal_mass,5,0.16657161712646484,0.18417193740606308,0.17533882553538968,0.1870967741935484,310
testB,50,native,equal_mass,6,0.18417193740606308,0.20599304884672165,0.19497855259226515,0.25,308
testB,50,native,equal_mass,7,0.20599304884672165,0.23058971017599106,0.21872389076217527,0.29354838709677417,310
testB,50,native,equal_mass,8,0.23058971017599106,0.2587905824184418,0.24347909068869006,0.36129032258064514,310
testB,50,native,equal_mass,9,0.2587905824184418,0.29666198790073395,0.27685289658774836,0.4045307443365696,309
testB,50,native,equal_mass,10,0.29666198790073395,0.34349584579467773,0.3187585054477827,0.40129449838187703,309
testB,50,native,equal_mass,11,0.34349584579467773,0.4107638746500015,0.3729610650770126,0.5419354838709678,310
testB,50,native,equal_mass,12,0.4107638746500015,0.5064599812030792,0.4544527822906531,0.598705501618123,309
testB,50,native,equal_mass,13,0.5064599812030792,0.6519916355609894,0.5720637650937325,0.6763754045307443,309
testB,50,native,equal_mass,14,0.6519916355609894,1.0,0.7988888419443562,0.8774193548387097,310
testB,50,global_T_corrected,equal_width,0,0.0,0.06666666666666667,0.060282625338953476,0.06521739130434782,46
testB,50,global_T_corrected,equal_width,1,0.06666666666666667,0.13333333333333333,0.10510097555054429,0.12366114897760468,1027
testB,50,global_T_corrected,equal_width,2,0.13333333333333333,0.2,0.16439097203816092,0.21739130434782608,1173
testB,50,global_T_corrected,equal_width,3,0.2,0.26666666666666666,0.22964433702959944,0.3473541383989145,737
testB,50,global_T_corrected,equal_width,4,0.26666666666666666,0.3333333333333333,0.29788540840631555,0.4534412955465587,494
testB,50,global_T_corrected,equal_width,5,0.3333333333333333,0.4,0.3664361215322404,0.5101351351351351,296
testB,50,global_T_corrected,equal_width,6,0.4,0.4666666666666667,0.4311411701715909,0.5961538461538461,208
testB,50,global_T_corrected,equal_width,7,0.4666666666666667,0.5333333333333333,0.497040768234716,0.6011560693641619,173
testB,50,global_T_corrected,equal_width,8,0.5333333333333333,0.6,0.5609697465385709,0.7357142857142858,140
testB,50,global_T_corrected,equal_width,9,0.6,0.6666666666666666,0.6299320947616658,0.7978723404255319,94
testB,50,global_T_corrected,equal_width,10,0.6666666666666666,0.7333333333333333,0.7022267311391696,0.8309859154929577,71
testB,50,global_T_corrected,equal_width,11,0.7333333333333333,0.8,0.7640765003467861,0.868421052631579,76
testB,50,global_T_corrected,equal_width,12,0.8,0.8666666666666667,0.830315672689014,0.9444444444444444,36
testB,50,global_T_corrected,equal_width,13,0.8666666666666667,0.9333333333333333,0.9011132189205715,0.9428571428571428,35
testB,50,global_T_corrected,equal_width,14,0.9333333333333333,1.0,0.9695368549403023,1.0,34
testB,50,global_T_corrected,equal_mass,0,0.0,0.09158115461468697,0.07772749174133088,0.10032362459546926,309
testB,50,global_T_corrected,equal_mass,1,0.09158115461468697,0.11022299155592918,0.10140372303986626,0.11326860841423948,309
testB,50,global_T_corrected,equal_mass,2,0.11022299155592918,0.12585864961147308,0.11788860888731095,0.14193548387096774,310
testB,50,global_T_corrected,equal_mass,3,0.12585864961147308,0.14142081886529922,0.13386018564593058,0.1553398058252427,309
testB,50,global_T_corrected,equal_mass,4,0.14142081886529922,0.1569758728146553,0.14952141480538453,0.22653721682847897,309
testB,50,global_T_corrected,equal_mass,5,0.1569758728146553,0.1740216389298439,0.16537508753038221,0.1935483870967742,310
testB,50,global_T_corrected,equal_mass,6,0.1740216389298439,0.19453079998493195,0.18381473523320505,0.2524271844660194,309
testB,50,global_T_corrected,equal_mass,7,0.19453079998493195,0.2168421670794487,0.20581328883333114,0.2783171521035599,309
testB,50,global_T_corrected,equal_mass,8,0.2168421670794487,0.24445482343435287,0.22934429107173795,0.36129032258064514,310
testB,50,global_T_corrected,equal_mass,9,0.24445482343435287,0.27857011556625366,0.26067120352802153,0.41423948220064727,309
testB,50,global_T_corrected,equal_mass,10,0.27857011556625366,0.32192495465278625,0.2996749868284923,0.41423948220064727,309
testB,50,global_T_corrected,equal_mass,11,0.32192495465278625,0.38666383922100067,0.35180125938307855,0.5129032258064516,310
testB,50,global_T_corrected,equal_mass,12,0.38666383922100067,0.478572815656662,0.42897718691517234,0.6019417475728155,309
testB,50,global_T_corrected,equal_mass,13,0.478572815656662,0.6207861006259918,0.5424206496056615,0.6828478964401294,309
testB,50,global_T_corrected,equal_mass,14,0.6207861006259918,1.0,0.7727763625883287,0.8774193548387097,310
testB,50,oracle_T_K,equal_width,0,0.0,0.06666666666666667,0.061964056101338615,0.034482758620689655,29
testB,50,oracle_T_K,equal_width,1,0.06666666666666667,0.13333333333333333,0.10695494637434477,0.1198547215496368,826
testB,50,oracle_T_K,equal_width,2,0.13333333333333333,0.2,0.16577604563763,0.18189884649511978,1127
testB,50,oracle_T_K,equal_width,3,0.2,0.26666666666666666,0.23133561274279718,0.3171355498721228,782
testB,50,oracle_T_K,equal_width,4,0.26666666666666666,0.3333333333333333,0.29821738355300004,0.40588235294117647,510
testB,50,oracle_T_K,equal_width,5,0.3333333333333333,0.4,0.36526015779729615,0.4971751412429379,354
testB,50,oracle_T_K,equal_width,6,0.4,0.4666666666666667,0.43274383842945097,0.5608695652173913,230
testB,50,oracle_T_K,equal_width,7,0.4666666666666667,0.5333333333333333,0.4974548118088835,0.5913978494623656,186
testB,50,oracle_T_K,equal_width,8,0.5333333333333333,0.6,0.5632886626073067,0.6291390728476821,151
testB,50,oracle_T_K,equal_width,9,0.6,0.6666666666666666,0.6290565030649304,0.78125,128
testB,50,oracle_T_K,equal_width,10,0.6666666666666666,0.7333333333333333,0.6966524558302797,0.8024691358024691,81
testB,50,oracle_T_K,equal_width,11,0.7333333333333333,0.8,0.7693260061888048,0.8641975308641975,81
testB,50,oracle_T_K,equal_width,12,0.8,0.8666666666666667,0.8304752929886775,0.8507462686567164,67
testB,50,oracle_T_K,equal_width,13,0.8666666666666667,0.9333333333333333,0.9028330629780179,0.9523809523809523,42
testB,50,oracle_T_K,equal_width,14,0.9333333333333333,1.0,0.9716278094312419,1.0,46
testB,50,oracle_T_K,equal_mass,0,0.0,0.09880257025361061,0.08406499206634015,0.0970873786407767,309
testB,50,oracle_T_K,equal_mass,1,0.09880257025361061,0.12014884129166603,0.11048146795397051,0.11974110032362459,309
testB,50,oracle_T_K,equal_mass,2,0.12014884129166603,0.13766908645629883,0.1287429654144932,0.12944983818770225,309
testB,50,oracle_T_K,equal_mass,3,0.13766908645629883,0.15481148660182953,0.14660127114865087,0.17096774193548386,310
testB,50,oracle_T_K,equal_mass,4,0.15481148660182953,0.17249692976474762,0.16414666412139017,0.20711974110032363,309
testB,50,oracle_T_K,equal_mass,5,0.17249692976474762,0.19068365544080734,0.18162502704128142,0.19032258064516128,310
testB,50,oracle_T_K,equal_mass,6,0.19068365544080734,0.21362044662237167,0.20217932596754487,0.24271844660194175,309
testB,50,oracle_T_K,equal_mass,7,0.21362044662237167,0.23948989808559418,0.2268936485534347,0.29449838187702265,309
testB,50,oracle_T_K,equal_mass,8,0.23948989808559418,0.2681286633014679,0.25249337919296755,0.36774193548387096,310
testB,50,oracle_T_K,equal_mass,9,0.2681286633014679,0.3085900843143463,0.2870439401915158,0.39805825242718446,309
testB,50,oracle_T_K,equal_mass,10,0.3085900843143463,0.3570527881383896,0.33077167355512727,0.42718446601941745,309
testB,50,oracle_T_K,equal_mass,11,0.3570527881383896,0.42356397211551666,0.386241689516652,0.535483870967742,310
testB,50,oracle_T_K,equal_mass,12,0.42356397211551666,0.5237832963466644,0.47023785509723676,0.5889967637540453,309
testB,50,oracle_T_K,equal_mass,13,0.5237832963466644,0.6714233160018921,0.5900794219274026,0.6785714285714286,308
testB,50,oracle_T_K,equal_mass,14,0.6714233160018921,1.0,0.8134723963078195,0.8778135048231511,311
__pooled__,5,native,equal_width,0,0.0,0.06666666666666667,0.0,0.0,0
__pooled__,5,native,equal_width,1,0.06666666666666667,0.13333333333333333,0.0,0.0,0
__pooled__,5,native,equal_width,2,0.13333333333333333,0.2,0.0,0.0,0
__pooled__,5,native,equal_width,3,0.2,0.26666666666666666,0.2575101991151941,0.1724137931034483,29
__pooled__,5,native,equal_width,4,0.26666666666666666,0.3333333333333333,0.3076942690381422,0.29577464788732394,213
__pooled__,5,native,equal_width,5,0.3333333333333333,0.4,0.37075365020066314,0.3416149068322981,644
__pooled__,5,native,equal_width,6,0.4,0.4666666666666667,0.4365374142468204,0.41379310344827586,1044
__pooled__,5,native,equal_width,7,0.4666666666666667,0.5333333333333333,0.5020624990099851,0.5006377551020408,1568
__pooled__,5,native,equal_width,8,0.5333333333333333,0.6,0.5652924525940576,0.5759294265910523,1587
__pooled__,5,native,equal_width,9,0.6,0.6666666666666666,0.6327655612599126,0.6243093922651933,1448
__pooled__,5,native,equal_width,10,0.6666666666666666,0.7333333333333333,0.7002561805085591,0.6912474155754652,1451
__pooled__,5,native,equal_width,11,0.7333333333333333,0.8,0.767281506059974,0.7640821736249171,1509
__pooled__,5,native,equal_width,12,0.8,0.8666666666666667,0.8342310805667313,0.8483709273182958,1596
__pooled__,5,native,equal_width,13,0.8666666666666667,0.9333333333333333,0.9017804575309224,0.8968765493306892,2017
__pooled__,5,native,equal_width,14,0.9333333333333333,1.0,0.9846700495928545,0.9788119069283765,7693
__pooled__,5,native,equal_mass,0,0.0,0.4364468604326248,0.3762635185583501,0.354978354978355,1386
__pooled__,5,native,equal_mass,1,0.4364468604326248,0.5057454705238342,0.47349180295128745,0.4542177361211247,1387
__pooled__,5,native,equal_mass,2,0.5057454705238342,0.559652715921402,0.5322488702478863,0.5382395382395382,1386
__pooled__,5,native,equal_mass,3,0.559652715921402,0.6208836734294891,0.5892402526278588,0.6142754145638067,1387
__pooled__,5,native,equal_mass,4,0.6208836734294891,0.6849532127380371,0.6526852018470461,0.6186012977649603,1387
__pooled__,5,native,equal_mass,5,0.6849532127380371,0.7494583427906036,0.7173686034837671,0.7243867243867244,1386
__pooled__,5,native,equal_mass,6,0.7494583427906036,0.8103490471839905,0.7792231635645128,0.772170151405912,1387
__pooled__,5,native,equal_mass,7,0.8103490471839905,0.8667620420455933,0.8387719460675075,0.8536409516943042,1387
__pooled__,5,native,equal_mass,8,0.8667620420455933,0.9146668612957001,0.8918079355406383,0.8795093795093795,1386
__pooled__,5,native,equal_mass,9,0.9146668612957001,0.9517996311187744,0.9342608019526949,0.9307858687815429,1387
__pooled__,5,native,equal_mass,10,0.9517996311187744,0.977430135011673,0.9657131289420878,0.9632034632034632,1386
__pooled__,5,native,equal_mass,11,0.977430135011673,0.9918027520179749,0.985424387687045,0.9726027397260274,1387
__pooled__,5,native,equal_mass,12,0.9918027520179749,0.998459130525589,0.9957550169757606,0.9906204906204906,1386
__pooled__,5,native,equal_mass,13,0.998459130525589,0.9999523460865021,0.9994657344756233,0.9956741167988464,1387
__pooled__,5,native,equal_mass,14,0.9999523460865021,1.0,0.9999913050703806,1.0,1387
__pooled__,5,global_T_corrected,equal_width,0,0.0,0.06666666666666667,0.0,0.0,0
__pooled__,5,global_T_corrected,equal_width,1,0.06666666666666667,0.13333333333333333,0.0,0.0,0
__pooled__,5,global_T_corrected,equal_width,2,0.13333333333333333,0.2,0.0,0.0,0
__pooled__,5,global_T_corrected,equal_width,3,0.2,0.26666666666666666,0.2549001614252726,0.16666666666666666,30
__pooled__,5,global_T_corrected,equal_width,4,0.26666666666666666,0.3333333333333333,0.30695880736623493,0.2857142857142857,245
__pooled__,5,global_T_corrected,equal_width,5,0.3333333333333333,0.4,0.36957225346046946,0.3565217391304348,690
__pooled__,5,global_T_corrected,equal_width,6,0.4,0.4666666666666667,0.4354709510893074,0.4268185801928133,1141
__pooled__,5,global_T_corrected,equal_width,7,0.4666666666666667,0.5333333333333333,0.5013338157237477,0.5045317220543807,1655
__pooled__,5,global_T_corrected,equal_width,8,0.5333333333333333,0.6,0.5652794519839054,0.5980210265924552,1617
__pooled__,5,global_T_corrected,equal_width,9,0.6,0.6666666666666666,0.6334217126824354,0.6230263157894737,1520
__pooled__,5,global_T_corrected,equal_width,10,0.6666666666666666,0.7333333333333333,0.7004846460891493,0.7231404958677686,1452
__pooled__,5,global_T_corrected,equal_width,11,0.7333333333333333,0.8,0.7663024640067668,0.7782152230971129,1524
__pooled__,5,global_T_corrected,equal_width,12,0.8,0.8666666666666667,0.8341020056840234,0.8571428571428571,1624
__pooled__,5,global_T_corrected,equal_width,13,0.8666666666666667,0.9333333333333333,0.9022065748917553,0.9105211406096362,2034
__pooled__,5,global_T_corrected,equal_width,14,0.9333333333333333,1.0,0.9843694050045966,0.9818356956102932,7267
__pooled__,5,global_T_corrected,equal_mass,0,0.0,0.42799241840839386,0.36954960824779276,0.35353535353535354,1386
__pooled__,5,global_T_corrected,equal_mass,1,0.42799241840839386,0.49615873396396637,0.46406424408953256,0.45526695526695526,1386
__pooled__,5,global_T_corrected,equal_mass,2,0.49615873396396637,0.5480247139930725,0.5222961303778664,0.5371304974765682,1387
__pooled__,5,global_T_corrected,equal_mass,3,0.5480247139930725,0.6073201298713684,0.5768577449598498,0.6178803172314348,1387
__pooled__,5,global_T_corrected,equal_mass,4,0.6073201298713684,0.6687020063400269,0.6378644072648251,0.6212121212121212,1386
__pooled__,5,global_T_corrected,equal_mass,5,0.6687020063400269,0.7317950129508972,0.7005722350410704,0.718817591925018,1387
__pooled__,5,global_T_corrected,equal_mass,6,0.7317950129508972,0.7928802371025085,0.7618713760513492,0.7728911319394376,1387
__pooled__,5,global_T_corrected,equal_mass,7,0.7928802371025085,0.8509963750839233,0.8222862992967878,0.8542568542568543,1386
__pooled__,5,global_T_corrected,equal_mass,8,0.8509963750839233,0.9018736183643341,0.8773954547216503,0.8788752703677001,1387
__pooled__,5,global_T_corrected,equal_mass,9,0.9018736183643341,0.9426313638687134,0.9230162188915702,0.9293439077144917,1387
__pooled__,5,global_T_corrected,equal_mass,10,0.9426313638687134,0.9716750681400299,0.9582226699134833,0.9646464646464646,1386
__pooled__,5,global_T_corrected,equal_mass,11,0.9716750681400299,0.9890589714050293,0.9813582378492651,0.9740447007930786,1387
__pooled__,5,global_T_corrected,equal_mass,12,0.9890589714050293,0.9977778792381287,0.9942018603865719,0.9891774891774892,1386
__pooled__,5,global_T_corrected,equal_mass,13,0.9977778792381287,0.9999153912067413,0.9991919283138047,0.9956741167988464,1387
__pooled__,5,global_T_corrected,equal_mass,14,0.9999153912067413,1.0,0.9999838210561762,1.0,1387
__pooled__,5,oracle_T_K,equal_width,0,0.0,0.06666666666666667,0.0,0.0,0
__pooled__,5,oracle_T_K,equal_width,1,0.06666666666666667,0.13333333333333333,0.0,0.0,0
__pooled__,5,oracle_T_K,equal_width,2,0.13333333333333333,0.2,0.0,0.0,0
__pooled__,5,oracle_T_K,equal_width,3,0.2,0.26666666666666666,0.25477125821635127,0.15625,32
__pooled__,5,oracle_T_K,equal_width,4,0.26666666666666666,0.3333333333333333,0.3068951115071067,0.30434782608695654,253
__pooled__,5,oracle_T_K,equal_width,5,0.3333333333333333,0.4,0.36976140389356227,0.3560500695410292,719
__pooled__,5,oracle_T_K,equal_width,6,0.4,0.4666666666666667,0.4355222425055216,0.42573402417962003,1158
__pooled__,5,oracle_T_K,equal_width,7,0.4666666666666667,0.5333333333333333,0.5010541984905722,0.5086360929124479,1679
__pooled__,5,oracle_T_K,equal_width,8,0.5333333333333333,0.6,0.5650499552488327,0.6049382716049383,1620
__pooled__,5,oracle_T_K,equal_width,9,0.6,0.6666666666666666,0.6327348608435608,0.6279527559055118,1524
__pooled__,5,oracle_T_K,equal_width,10,0.6666666666666666,0.7333333333333333,0.7002426050354039,0.7215528781793842,1494
__pooled__,5,oracle_T_K,equal_width,11,0.7333333333333333,0.8,0.7662737677441984,0.786472148541114,1508
__pooled__,5,oracle_T_K,equal_width,12,0.8,0.8666666666666667,0.8338661170458954,0.8595953402820355,1631
__pooled__,5,oracle_T_K,equal_width,13,0.8666666666666667,0.9333333333333333,0.9020149517822735,0.9142857142857143,2030
__pooled__,5,oracle_T_K,equal_width,14,0.9333333333333333,1.0,0.9841843485548819,0.9827996084463712,7151
__pooled__,5,oracle_T_K,equal_mass,0,0.0,0.4257130026817322,0.3675289840086714,0.3556998556998557,1386
__pooled__,5,oracle_T_K,equal_mass,1,0.4257130026817322,0.49307112395763397,0.46120638690926485,0.4542177361211247,1387
__pooled__,5,oracle_T_K,equal_mass,2,0.49307112395763397,0.544925332069397,0.5192498962156179,0.5350180505415163,1385
__pooled__,5,oracle_T_K,equal_mass,3,0.544925332069397,0.6034656465053558,0.5731432839841595,0.6181556195965417,1388
__pooled__,5,oracle_T_K,equal_mass,4,0.6034656465053558,0.6638599634170532,0.6334315426674522,0.6229271809661139,1387
__pooled__,5,oracle_T_K,equal_mass,5,0.6638599634170532,0.7267435193061829,0.695474279434306,0.7157287157287158,1386
__pooled__,5,oracle_T_K,equal_mass,6,0.7267435193061829,0.7875213921070099,0.7565583366667012,0.7750540735400144,1387
__pooled__,5,oracle_T_K,equal_mass,7,0.7875213921070099,0.8460752665996552,0.8171498872242965,0.8564213564213564,1386
__pooled__,5,oracle_T_K,equal_mass,8,0.8460752665996552,0.8978135287761688,0.8728194589999914,0.8767123287671232,1387
__pooled__,5,oracle_T_K,equal_mass,9,0.8978135287761688,0.9395011067390442,0.9193591631481608,0.9300648882480173,1387
__pooled__,5,oracle_T_K,equal_mass,10,0.9395011067390442,0.969729483127594,0.9557236352180162,0.963924963924964,1386
__pooled__,5,oracle_T_K,equal_mass,11,0.969729483127594,0.988101989030838,0.979954286367668,0.9740447007930786,1387
__pooled__,5,oracle_T_K,equal_mass,12,0.988101989030838,0.9975250363349915,0.9936419937001678,0.9891774891774892,1386
__pooled__,5,oracle_T_K,equal_mass,13,0.9975250363349915,0.9998995959758759,0.9990866320461529,0.9956741167988464,1387
__pooled__,5,oracle_T_K,equal_mass,14,0.9998995959758759,1.0,0.9999805527276587,1.0,1387
__pooled__,10,native,equal_width,0,0.0,0.06666666666666667,0.0,0.0,0
__pooled__,10,native,equal_width,1,0.06666666666666667,0.13333333333333333,0.0,0.0,0
__pooled__,10,native,equal_width,2,0.13333333333333333,0.2,0.1849417829668367,0.18181818181818182,77
__pooled__,10,native,equal_width,3,0.2,0.26666666666666666,0.24064229889053637,0.24024960998439937,641
__pooled__,10,native,equal_width,4,0.26666666666666666,0.3333333333333333,0.30319529875025825,0.2999263080324245,1357
__pooled__,10,native,equal_width,5,0.3333333333333333,0.4,0.3674109090323472,0.3676064123825318,1809
__pooled__,10,native,equal_width,6,0.4,0.4666666666666667,0.43288158826828005,0.42933333333333334,1875
__pooled__,10,native,equal_width,7,0.4666666666666667,0.5333333333333333,0.5000716857163303,0.5138816134101624,1909
__pooled__,10,native,equal_width,8,0.5333333333333333,0.6,0.5667575138599373,0.5703488372093023,1720
__pooled__,10,native,equal_width,9,0.6,0.6666666666666666,0.633529712018129,0.6695945945945946,1480
__pooled__,10,native,equal_width,10,0.6666666666666666,0.7333333333333333,0.6996876338791046,0.7212294496068621,1399
__pooled__,10,native,equal_width,11,0.7333333333333333,0.8,0.766442812717891,0.788117394416607,1397
__pooled__,10,native,equal_width,12,0.8,0.8666666666666667,0.8334418291320828,0.8541953232462174,1454
__pooled__,10,native,equal_width,13,0.8666666666666667,0.9333333333333333,0.9008509136307881,0.9084724799010513,1617
__pooled__,10,native,equal_width,14,0.9333333333333333,1.0,0.9795442701676699,0.9736712598425197,4064
__pooled__,10,native,equal_mass,0,0.0,0.30377520620822906,0.25960402849733744,0.2611832611832612,1386
__pooled__,10,native,equal_mass,1,0.30377520620822906,0.3602006286382675,0.33328009304934986,0.3201153568853641,1387
__pooled__,10,native,equal_mass,2,0.3602006286382675,0.4100865125656128,0.38521239903324095,0.38961038961038963,1386
__pooled__,10,native,equal_mass,3,0.4100865125656128,0.4587746858596802,0.43385489152847817,0.4260994953136265,1387
__pooled__,10,native,equal_mass,4,0.4587746858596802,0.5075084865093231,0.48342065161823283,0.5133381398702235,1387
__pooled__,10,native,equal_mass,5,0.5075084865093231,0.558830738067627,0.532627636220032,0.5180375180375181,1386
__pooled__,10,native,equal_mass,6,0.558830738067627,0.6133635938167572,0.5856416880783626,0.6027397260273972,1387
__pooled__,10,native,equal_mass,7,0.6133635938167572,0.6769280731678009,0.6458025308914515,0.6818181818181818,1386
__pooled__,10,native,equal_mass,8,0.6769280731678009,0.7416992485523224,0.7099545155829806,0.7404470079307859,1387
__pooled__,10,native,equal_mass,9,0.7416992485523224,0.809561014175415,0.7764611317257101,0.7959625090122566,1387
__pooled__,10,native,equal_mass,10,0.809561014175415,0.8727610409259796,0.8411142903058904,0.8578643578643579,1386
__pooled__,10,native,equal_mass,11,0.8727610409259796,0.930071085691452,0.9017218897560989,0.9084354722422494,1387
__pooled__,10,native,equal_mass,12,0.930071085691452,0.9716183245182037,0.9520673450367447,0.9466089466089466,1386
__pooled__,10,native,equal_mass,13,0.9716183245182037,0.9946380257606506,0.9846266339215428,0.9762076423936553,1387
__pooled__,10,native,equal_mass,14,0.9946380257606506,1.0,0.9986042240238396,0.996395097332372,1387
__pooled__,10,global_T_corrected,equal_width,0,0.0,0.06666666666666667,0.0,0.0,0
__pooled__,10,global_T_corrected,equal_width,1,0.06666666666666667,0.13333333333333333,0.0,0.0,0
__pooled__,10,global_T_corrected,equal_width,2,0.13333333333333333,0.2,0.18451573334786356,0.17346938775510204,98
__pooled__,10,global_T_corrected,equal_width,3,0.2,0.26666666666666666,0.239656544192382,0.2503419972640219,731
__pooled__,10,global_T_corrected,equal_width,4,0.26666666666666666,0.3333333333333333,0.30277045178903833,0.30590577305905775,1507
__pooled__,10,global_T_corrected,equal_width,5,0.3333333333333333,0.4,0.36714566527347986,0.3747357293868922,1892
__pooled__,10,global_T_corrected,equal_width,6,0.4,0.4666666666666667,0.4324174952826056,0.4482758620689655,1943
__pooled__,10,global_T_corrected,equal_width,7,0.4666666666666667,0.5333333333333333,0.49951529929509136,0.5207131620346094,1907
__pooled__,10,global_T_corrected,equal_width,8,0.5333333333333333,0.6,0.5652877732520892,0.6037296037296037,1716
__pooled__,10,global_T_corrected,equal_width,9,0.6,0.6666666666666666,0.6330492249119423,0.6831357048748353,1518
__pooled__,10,global_T_corrected,equal_width,10,0.6666666666666666,0.7333333333333333,0.6995961599116367,0.7478386167146974,1388
__pooled__,10,global_T_corrected,equal_width,11,0.7333333333333333,0.8,0.7664834523990568,0.8106551475881929,1389
__pooled__,10,global_T_corrected,equal_width,12,0.8,0.8666666666666667,0.833299855905617,0.86074177746676,1429
__pooled__,10,global_T_corrected,equal_width,13,0.8666666666666667,0.9333333333333333,0.9014567854320121,0.9266881028938907,1555
__pooled__,10,global_T_corrected,equal_width,14,0.9333333333333333,1.0,0.9789578672768413,0.9753086419753086,3726
__pooled__,10,global_T_corrected,equal_mass,0,0.0,0.29572924971580505,0.25254256128834784,0.25901875901875904,1386
__pooled__,10,global_T_corrected,equal_mass,1,0.29572924971580505,0.34977397322654724,0.3235493369814124,0.32155731795241527,1387
__pooled__,10,global_T_corrected,equal_mass,2,0.34977397322654724,0.3977135568857193,0.3736521676935331,0.3924963924963925,1386
__pooled__,10,global_T_corrected,equal_mass,3,0.3977135568857193,0.4446313828229904,0.42041974956815675,0.42249459264599853,1387
__pooled__,10,global_T_corrected,equal_mass,4,0.4446313828229904,0.4932670593261719,0.4686523024865682,0.5104542177361211,1387
__pooled__,10,global_T_corrected,equal_mass,5,0.4932670593261719,0.5420463979244232,0.5171408184937069,0.5346320346320347,1386
__pooled__,10,global_T_corrected,equal_mass,6,0.5420463979244232,0.5959674119949341,0.5679776607955542,0.5998558038932948,1387
__pooled__,10,global_T_corrected,equal_mass,7,0.5959674119949341,0.6569162309169769,0.6262479756903683,0.6803751803751804,1386
__pooled__,10,global_T_corrected,equal_mass,8,0.6569162309169769,0.7212847769260406,0.6891664528726414,0.7303532804614276,1387
__pooled__,10,global_T_corrected,equal_mass,9,0.7212847769260406,0.789588212966919,0.7557869022409952,0.7959625090122566,1387
__pooled__,10,global_T_corrected,equal_mass,10,0.789588212966919,0.8547848165035248,0.8217994397852844,0.8614718614718615,1386
__pooled__,10,global_T_corrected,equal_mass,11,0.8547848165035248,0.9168569147586823,0.8861797166197267,0.9062725306416727,1387
__pooled__,10,global_T_corrected,equal_mass,12,0.9168569147586823,0.9644583165645599,0.9419231825060659,0.9473304473304474,1386
__pooled__,10,global_T_corrected,equal_mass,13,0.9644583165645599,0.9926445782184601,0.9801171159434852,0.9762076423936553,1387
__pooled__,10,global_T_corrected,equal_mass,14,0.9926445782184601,1.0,0.9980008225262208,0.996395097332372,1387
__pooled__,10,oracle_T_K,equal_width,0,0.0,0.06666666666666667,0.0,0.0,0
__pooled__,10,oracle_T_K,equal_width,1,0.06666666666666667,0.13333333333333333,0.0,0.0,0
__pooled__,10,oracle_T_K,equal_width,2,0.13333333333333333,0.2,0.18433712260878604,0.16304347826086957,92
__pooled__,10,oracle_T_K,equal_width,3,0.2,0.26666666666666666,0.23994078987662748,0.2517385257301808,719
__pooled__,10,oracle_T_K,equal_width,4,0.26666666666666666,0.3333333333333333,0.30315868663224016,0.30202702702702705,1480
__pooled__,10,oracle_T_K,equal_width,5,0.3333333333333333,0.4,0.36720750594190343,0.3777538957549704,1861
__pooled__,10,oracle_T_K,equal_width,6,0.4,0.4666666666666667,0.43230383431319125,0.44254658385093165,1932
__pooled__,10,oracle_T_K,equal_width,7,0.4666666666666667,0.5333333333333333,0.49942288015346586,0.5204616998950682,1906
__pooled__,10,oracle_T_K,equal_width,8,0.5333333333333333,0.6,0.5654111484144568,0.596053395240859,1723
__pooled__,10,oracle_T_K,equal_width,9,0.6,0.6666666666666666,0.6329830195692803,0.6786427145708582,1503
__pooled__,10,oracle_T_K,equal_width,10,0.6666666666666666,0.7333333333333333,0.6995285718042231,0.7416370106761566,1405
__pooled__,10,oracle_T_K,equal_width,11,0.7333333333333333,0.8,0.7670380841245644,0.8091493924231594,1399
__pooled__,10,oracle_T_K,equal_width,12,0.8,0.8666666666666667,0.8338310851362425,0.8577435178696566,1427
__pooled__,10,oracle_T_K,equal_width,13,0.8666666666666667,0.9333333333333333,0.9015508764006598,0.9232736572890026,1564
__pooled__,10,oracle_T_K,equal_width,14,0.9333333333333333,1.0,0.9791103665340286,0.9751847940865892,3788
__pooled__,10,oracle_T_K,equal_mass,0,0.0,0.2970684915781021,0.2539173256482225,0.2597402597402597,1386
__pooled__,10,oracle_T_K,equal_mass,1,0.2970684915781021,0.3517177850008011,0.32544486176305826,0.32155731795241527,1387
__pooled__,10,oracle_T_K,equal_mass,2,0.3517177850008011,0.40013255178928375,0.3759043629551347,0.3917748917748918,1386
__pooled__,10,oracle_T_K,equal_mass,3,0.40013255178928375,0.44721727073192596,0.42304022349121767,0.42321557317952413,1387
__pooled__,10,oracle_T_K,equal_mass,4,0.44721727073192596,0.4960407614707947,0.4715482824426292,0.5133381398702235,1387
__pooled__,10,oracle_T_K,equal_mass,5,0.4960407614707947,0.5455203056335449,0.5201679704036204,0.5295815295815296,1386
__pooled__,10,oracle_T_K,equal_mass,6,0.5455203056335449,0.5994762778282166,0.5714269495302597,0.6020187454938717,1387
__pooled__,10,oracle_T_K,equal_mass,7,0.5994762778282166,0.6605650186538696,0.6300616596770321,0.6782106782106783,1386
__pooled__,10,oracle_T_K,equal_mass,8,0.6605650186538696,0.7251434922218323,0.6932633928283136,0.7325162220620043,1387
__pooled__,10,oracle_T_K,equal_mass,9,0.7251434922218323,0.793583333492279,0.759887111126818,0.7959625090122566,1387
__pooled__,10,oracle_T_K,equal_mass,10,0.793583333492279,0.8583792150020599,0.825673232604931,0.8614718614718615,1386
__pooled__,10,oracle_T_K,equal_mass,11,0.8583792150020599,0.919710636138916,0.889338686858138,0.905551550108147,1387
__pooled__,10,oracle_T_K,equal_mass,12,0.919710636138916,0.9659599959850311,0.9440247861595897,0.9473304473304474,1386
__pooled__,10,oracle_T_K,equal_mass,13,0.9659599959850311,0.9930761754512787,0.9810782174627474,0.9762076423936553,1387
__pooled__,10,oracle_T_K,equal_mass,14,0.9930761754512787,1.0,0.9981347197410264,0.996395097332372,1387
__pooled__,20,native,equal_width,0,0.0,0.06666666666666667,0.0,0.0,0
__pooled__,20,native,equal_width,1,0.06666666666666667,0.13333333333333333,0.12002964206693466,0.08771929824561403,114
__pooled__,20,native,equal_width,2,0.13333333333333333,0.2,0.17375044763283012,0.1772875816993464,1224
__pooled__,20,native,equal_width,3,0.2,0.26666666666666666,0.2351241153155039,0.2363138686131387,2192
__pooled__,20,native,equal_width,4,0.26666666666666666,0.3333333333333333,0.300186692774531,0.32044198895027626,2534
__pooled__,20,native,equal_width,5,0.3333333333333333,0.4,0.3669647387641386,0.37836583101207055,2154
__pooled__,20,native,equal_width,6,0.4,0.4666666666666667,0.43278919956987816,0.47592778335005015,1994
__pooled__,20,native,equal_width,7,0.4666666666666667,0.5333333333333333,0.499466299068112,0.5543415756181713,1739
__pooled__,20,native,equal_width,8,0.5333333333333333,0.6,0.5651367703661384,0.623789764868603,1446
__pooled__,20,native,equal_width,9,0.6,0.6666666666666666,0.6322223441041499,0.699759807846277,1249
__pooled__,20,native,equal_width,10,0.6666666666666666,0.7333333333333333,0.6998555552167567,0.755834829443447,1114
__pooled__,20,native,equal_width,11,0.7333333333333333,0.8,0.7671992415669321,0.814176245210728,1044
__pooled__,20,native,equal_width,12,0.8,0.8666666666666667,0.8338340820142129,0.8699788583509513,946
__pooled__,20,native,equal_width,13,0.8666666666666667,0.9333333333333333,0.9018718139949815,0.9393939393939394,1155
__pooled__,20,native,equal_width,14,0.9333333333333333,1.0,0.9741115896729506,0.9794086589229145,1894
__pooled__,20,native,equal_mass,0,0.0,0.20223131775856018,0.170278422572095,0.170995670995671,1386
__pooled__,20,native,equal_mass,1,0.20223131775856018,0.24592287838459015,0.2247487853543743,0.22566690699351116,1387
__pooled__,20,native,equal_mass,2,0.24592287838459015,0.2831451743841171,0.2648771389200746,0.2727272727272727,1386
__pooled__,20,native,equal_mass,3,0.2831451743841171,0.3198186606168747,0.301601813285576,0.32732516222062,1387
__pooled__,20,native,equal_mass,4,0.3198186606168747,0.3603680729866028,0.33891825046804214,0.36075036075036077,1386
__pooled__,20,native,equal_mass,5,0.3603680729866028,0.4035504013299942,0.38249261888911074,0.3850036049026676,1387
__pooled__,20,native,equal_mass,6,0.4035504013299942,0.4486694484949112,0.4259340637733066,0.4660894660894661,1386
__pooled__,20,native,equal_mass,7,0.4486694484949112,0.4992128610610962,0.4740276299067857,0.5342465753424658,1387
__pooled__,20,native,equal_mass,8,0.4992128610610962,0.5553059279918671,0.5265913223653022,0.5847152126892574,1387
__pooled__,20,native,equal_mass,9,0.5553059279918671,0.6231007277965546,0.5888621417905001,0.6349206349206349,1386
__pooled__,20,native,equal_mass,10,0.6231007277965546,0.7010980248451233,0.662146766450479,0.7332372025955299,1387
__pooled__,20,native,equal_mass,11,0.7010980248451233,0.7890049815177917,0.7458851550153115,0.7937995674116799,1387
__pooled__,20,native,equal_mass,12,0.7890049815177917,0.885109156370163,0.8375197049945292,0.8751803751803752,1386
__pooled__,20,native,equal_mass,13,0.885109156370163,0.9591006636619568,0.9233395580261473,0.9552669552669553,1386
__pooled__,20,native,equal_mass,14,0.9591006636619568,1.0,0.9841430095757119,0.9848703170028819,1388
__pooled__,20,global_T_corrected,equal_width,0,0.0,0.06666666666666667,0.0,0.0,0
__pooled__,20,global_T_corrected,equal_width,1,0.06666666666666667,0.13333333333333333,0.1192164830338787,0.09154929577464789,142
__pooled__,20,global_T_corrected,equal_width,2,0.13333333333333333,0.2,0.1726207237323405,0.1823943661971831,1420
__pooled__,20,global_T_corrected,equal_width,3,0.2,0.26666666666666666,0.23496473233525952,0.25375,2400
__pooled__,20,global_T_corrected,equal_width,4,0.26666666666666666,0.3333333333333333,0.29947370291901587,0.33627978478093773,2602
__pooled__,20,global_T_corrected,equal_width,5,0.3333333333333333,0.4,0.36701572510803165,0.3996316758747698,2172
__pooled__,20,global_T_corrected,equal_width,6,0.4,0.4666666666666667,0.43178923354774223,0.4948770491803279,1952
__pooled__,20,global_T_corrected,equal_width,7,0.4666666666666667,0.5333333333333333,0.49842460297052277,0.5727119595732735,1781
__pooled__,20,global_T_corrected,equal_width,8,0.5333333333333333,0.6,0.5659744163496153,0.6428571428571429,1400
__pooled__,20,global_T_corrected,equal_width,9,0.6,0.6666666666666666,0.6326983375838668,0.7215295095594347,1203
__pooled__,20,global_T_corrected,equal_width,10,0.6666666666666666,0.7333333333333333,0.6992936830002617,0.7743732590529248,1077
__pooled__,20,global_T_corrected,equal_width,11,0.7333333333333333,0.8,0.7657514169842801,0.8388090349075975,974
__pooled__,20,global_T_corrected,equal_width,12,0.8,0.8666666666666667,0.8339809545706877,0.8841991341991342,924
__pooled__,20,global_T_corrected,equal_width,13,0.8666666666666667,0.9333333333333333,0.9006240112440926,0.9520737327188941,1085
__pooled__,20,global_T_corrected,equal_width,14,0.9333333333333333,1.0,0.9730645977385257,0.982003599280144,1667
__pooled__,20,global_T_corrected,equal_mass,0,0.0,0.19429325312376022,0.16403171987760634,0.1681096681096681,1386
__pooled__,20,global_T_corrected,equal_mass,1,0.19429325312376022,0.23567882925271988,0.2158528307121094,0.23648161499639508,1387
__pooled__,20,global_T_corrected,equal_mass,2,0.23567882925271988,0.2719830572605133,0.2541714757358357,0.2712842712842713,1386
__pooled__,20,global_T_corrected,equal_mass,3,0.2719830572605133,0.3067307770252228,0.288987370300568,0.32083633741888967,1387
__pooled__,20,global_T_corrected,equal_mass,4,0.3067307770252228,0.3450833261013031,0.32481821073674433,0.36553713049747655,1387
__pooled__,20,global_T_corrected,equal_mass,5,0.3450833261013031,0.3865434527397156,0.366558577720221,0.38816738816738816,1386
__pooled__,20,global_T_corrected,equal_mass,6,0.3865434527397156,0.43110834062099457,0.4084909252967436,0.467916366258111,1387
__pooled__,20,global_T_corrected,equal_mass,7,0.43110834062099457,0.48019780218601227,0.4554837012359762,0.5295815295815296,1386
__pooled__,20,global_T_corrected,equal_mass,8,0.48019780218601227,0.5337623953819275,0.5060875566425131,0.5796683489545782,1387
__pooled__,20,global_T_corrected,equal_mass,9,0.5337623953819275,0.5997391641139984,0.5661347304304986,0.6438356164383562,1387
__pooled__,20,global_T_corrected,equal_mass,10,0.5997391641139984,0.6758933961391449,0.637629671960338,0.7258297258297258,1386
__pooled__,20,global_T_corrected,equal_mass,11,0.6758933961391449,0.7651987969875336,0.7207211477771971,0.7916366258111031,1387
__pooled__,20,global_T_corrected,equal_mass,12,0.7651987969875336,0.8656381070613861,0.815342652376252,0.8766233766233766,1386
__pooled__,20,global_T_corrected,equal_mass,13,0.8656381070613861,0.9489277005195618,0.9082825343301164,0.9552992069214131,1387
__pooled__,20,global_T_corrected,equal_mass,14,0.9489277005195618,1.0,0.9794832278088691,0.9841384282624369,1387
__pooled__,20,oracle_T_K,equal_width,0,0.0,0.06666666666666667,0.0,0.0,0
__pooled__,20,oracle_T_K,equal_width,1,0.06666666666666667,0.13333333333333333,0.119937836998651,0.09243697478991597,119
__pooled__,20,oracle_T_K,equal_width,2,0.13333333333333333,0.2,0.17342335802970454,0.177742193755004,1249
__pooled__,20,oracle_T_K,equal_width,3,0.2,0.26666666666666666,0.23490521276981655,0.2374326750448833,2228
__pooled__,20,oracle_T_K,equal_width,4,0.26666666666666666,0.3333333333333333,0.29987175459241344,0.3235062893081761,2544
__pooled__,20,oracle_T_K,equal_width,5,0.3333333333333333,0.4,0.36682293210977995,0.38071065989847713,2167
__pooled__,20,oracle_T_K,equal_width,6,0.4,0.4666666666666667,0.4325631371767739,0.4818731117824773,1986
__pooled__,20,oracle_T_K,equal_width,7,0.4666666666666667,0.5333333333333333,0.4996911734005063,0.5571913929784824,1766
__pooled__,20,oracle_T_K,equal_width,8,0.5333333333333333,0.6,0.5658529829377467,0.6306937631394534,1427
__pooled__,20,oracle_T_K,equal_width,9,0.6,0.6666666666666666,0.6321495647028503,0.6988543371522095,1222
__pooled__,20,oracle_T_K,equal_width,10,0.6666666666666666,0.7333333333333333,0.6991783683891777,0.762589928057554,1112
__pooled__,20,oracle_T_K,equal_width,11,0.7333333333333333,0.8,0.7665004149180299,0.8131655372700871,1033
__pooled__,20,oracle_T_K,equal_width,12,0.8,0.8666666666666667,0.8331416830054724,0.871931696905016,937
__pooled__,20,oracle_T_K,equal_width,13,0.8666666666666667,0.9333333333333333,0.9012056987700255,0.9417391304347826,1150
__pooled__,20,oracle_T_K,equal_width,14,0.9333333333333333,1.0,0.9738144792492124,0.9806347498655191,1859
__pooled__,20,oracle_T_K,equal_mass,0,0.0,0.20082461833953857,0.16918262346912427,0.170995670995671,1386
__pooled__,20,oracle_T_K,equal_mass,1,0.20082461833953857,0.24420780688524246,0.22319368358430194,0.22638788752703676,1387
__pooled__,20,oracle_T_K,equal_mass,2,0.24420780688524246,0.28121158480644226,0.26300496829493564,0.2748917748917749,1386
__pooled__,20,oracle_T_K,equal_mass,3,0.28121158480644226,0.3174791485071182,0.29940043307072667,0.32660418168709443,1387
__pooled__,20,oracle_T_K,equal_mass,4,0.3174791485071182,0.3576907366514206,0.3364550498809072,0.3604902667627974,1387
__pooled__,20,oracle_T_K,equal_mass,5,0.3576907366514206,0.4004582017660141,0.3797370225922198,0.38311688311688313,1386
__pooled__,20,oracle_T_K,equal_mass,6,0.4004582017660141,0.44562096893787384,0.42291411119308414,0.4650324441240086,1387
__pooled__,20,oracle_T_K,equal_mass,7,0.44562096893787384,0.4961562007665634,0.4708372458579048,0.5339105339105339,1386
__pooled__,20,oracle_T_K,equal_mass,8,0.4961562007665634,0.5514166355133057,0.5230371770492628,0.585436193222783,1387
__pooled__,20,oracle_T_K,equal_mass,9,0.5514166355133057,0.6189143061637878,0.5849243099945607,0.635183850036049,1387
__pooled__,20,oracle_T_K,equal_mass,10,0.6189143061637878,0.6966069936752319,0.6579363898711459,0.7352092352092352,1386
__pooled__,20,oracle_T_K,equal_mass,11,0.6966069936752319,0.7853129208087921,0.74159453275312,0.7930785868781542,1387
__pooled__,20,oracle_T_K,equal_mass,12,0.7853129208087921,0.8819828927516937,0.8337923659046663,0.8744588744588745,1386
__pooled__,20,oracle_T_K,equal_mass,13,0.8819828927516937,0.9575588405132294,0.9208963586859507,0.9552992069214131,1387
__pooled__,20,oracle_T_K,equal_mass,14,0.9575588405132294,1.0,0.9834235029505927,0.9848594087959625,1387
__pooled__,50,native,equal_width,0,0.0,0.06666666666666667,0.06061851635405963,0.06818181818181818,88
__pooled__,50,native,equal_width,1,0.06666666666666667,0.13333333333333333,0.10687434734609641,0.11215718379042161,2443
__pooled__,50,native,equal_width,2,0.13333333333333333,0.2,0.16606292617458468,0.20518867924528303,3816
__pooled__,50,native,equal_width,3,0.2,0.26666666666666666,0.23222724565304817,0.28125,3200
__pooled__,50,native,equal_width,4,0.26666666666666666,0.3333333333333333,0.29837984863825306,0.3705688375927453,2426
__pooled__,50,native,equal_width,5,0.3333333333333333,0.4,0.3651015917481193,0.45811240721102864,1886
__pooled__,50,native,equal_width,6,0.4,0.4666666666666667,0.4319937885255436,0.5225409836065574,1464
__pooled__,50,native,equal_width,7,0.4666666666666667,0.5333333333333333,0.4986556465338383,0.6267857142857143,1120
__pooled__,50,native,equal_width,8,0.5333333333333333,0.6,0.5655632923717148,0.6687116564417178,815
__pooled__,50,native,equal_width,9,0.6,0.6666666666666666,0.6305997313701943,0.7561643835616438,730
__pooled__,50,native,equal_width,10,0.6666666666666666,0.7333333333333333,0.6984147303210103,0.7996715927750411,609
__pooled__,50,native,equal_width,11,0.7333333333333333,0.8,0.7667945351500016,0.862012987012987,616
__pooled__,50,native,equal_width,12,0.8,0.8666666666666667,0.8334928796757728,0.9250457038391224,547
__pooled__,50,native,equal_width,13,0.8666666666666667,0.9333333333333333,0.9009910577911951,0.9348268839103869,491
__pooled__,50,native,equal_width,14,0.9333333333333333,1.0,0.9682207942879113,0.9799270072992701,548
__pooled__,50,native,equal_mass,0,0.0,0.11086022853851318,0.09116149158586585,0.08802308802308802,1386
__pooled__,50,native,equal_mass,1,0.11086022853851318,0.13792313635349274,0.12466605746797632,0.14275414563806776,1387
__pooled__,50,native,equal_mass,2,0.13792313635349274,0.16080641746520996,0.1492188357429587,0.1919191919191919,1386
__pooled__,50,native,equal_mass,3,0.16080641746520996,0.18479861319065094,0.17298183627238614,0.21413121845710165,1387
__pooled__,50,native,equal_mass,4,0.18479861319065094,0.21205466985702515,0.19819093462839862,0.24585436193222782,1387
__pooled__,50,native,equal_mass,5,0.21205466985702515,0.23907187581062317,0.22561894361504917,0.2691197691197691,1386
__pooled__,50,native,equal_mass,6,0.23907187581062317,0.27095910906791687,0.2540668167372616,0.3020908435472242,1387
__pooled__,50,native,equal_mass,7,0.27095910906791687,0.30616505444049835,0.28850706859154446,0.36724386724386726,1386
__pooled__,50,native,equal_mass,8,0.30616505444049835,0.349335178732872,0.32724516597598596,0.4116798846431146,1387
__pooled__,50,native,equal_mass,9,0.349335178732872,0.4001346826553345,0.37400838083815213,0.4563806777217015,1387
__pooled__,50,native,equal_mass,10,0.4001346826553345,0.463181808590889,0.43047180107403626,0.5187590187590188,1386
__pooled__,50,native,equal_mass,11,0.463181808590889,0.5484931766986847,0.5028865522373986,0.635183850036049,1387
__pooled__,50,native,equal_mass,12,0.5484931766986847,0.6702240109443665,0.606055629760844,0.7113997113997114,1386
__pooled__,50,native,equal_mass,13,0.6702240109443665,0.8232252597808838,0.7460144130807174,0.8435472242249459,1387
__pooled__,50,native,equal_mass,14,0.8232252597808838,1.0,0.9135717197812196,0.9552992069214131,1387
__pooled__,50,global_T_corrected,equal_width,0,0.0,0.06666666666666667,0.06007425924763084,0.058333333333333334,120
__pooled__,50,global_T_corrected,equal_width,1,0.06666666666666667,0.13333333333333333,0.1061596499730391,0.12011271574498063,2839
__pooled__,50,global_T_corrected,equal_width,2,0.13333333333333333,0.2,0.16545575957501954,0.22135678391959798,3980
__pooled__,50,global_T_corrected,equal_width,3,0.2,0.26666666666666666,0.23120857716949053,0.29777916796997184,3197
__pooled__,50,global_T_corrected,equal_width,4,0.26666666666666666,0.3333333333333333,0.297835973766115,0.4016161616161616,2475
__pooled__,50,global_T_corrected,equal_width,5,0.3333333333333333,0.4,0.3658674522678787,0.45631608235948806,1797
__pooled__,50,global_T_corrected,equal_width,6,0.4,0.4666666666666667,0.43212395740039455,0.5750543872371283,1379
__pooled__,50,global_T_corrected,equal_width,7,0.4666666666666667,0.5333333333333333,0.4979216992797427,0.6421663442940039,1034
__pooled__,50,global_T_corrected,equal_width,8,0.5333333333333333,0.6,0.5664911678543797,0.6962962962962963,810
__pooled__,50,global_T_corrected,equal_width,9,0.6,0.6666666666666666,0.6324653355955897,0.7693474962063733,659
__pooled__,50,global_T_corrected,equal_width,10,0.6666666666666666,0.7333333333333333,0.6998247335099766,0.8427350427350427,585
__pooled__,50,global_T_corrected,equal_width,11,0.7333333333333333,0.8,0.7658342579688493,0.8795811518324608,573
__pooled__,50,global_T_corrected,equal_width,12,0.8,0.8666666666666667,0.8316630439160967,0.9438444924406048,463
__pooled__,50,global_T_corrected,equal_width,13,0.8666666666666667,0.9333333333333333,0.900821483929952,0.9377777777777778,450
__pooled__,50,global_T_corrected,equal_width,14,0.9333333333333333,1.0,0.9675469213424752,0.9840182648401826,438
__pooled__,50,global_T_corrected,equal_mass,0,0.0,0.10495321825146675,0.08675375234867845,0.08946608946608947,1386
__pooled__,50,global_T_corrected,equal_mass,1,0.10495321825146675,0.13055991381406784,0.11810615442279611,0.14491708723864455,1387
__pooled__,50,global_T_corrected,equal_mass,2,0.13055991381406784,0.15219894796609879,0.14115111108380135,0.1919191919191919,1386
__pooled__,50,global_T_corrected,equal_mass,3,0.15219894796609879,0.17462466657161713,0.16343624246318134,0.21341023792357605,1387
__pooled__,50,global_T_corrected,equal_mass,4,0.17462466657161713,0.1999206840991974,0.18711961352446996,0.2465753424657534,1387
__pooled__,50,global_T_corrected,equal_mass,5,0.1999206840991974,0.22618260979652405,0.2129931893807125,0.2683982683982684,1386
__pooled__,50,global_T_corrected,equal_mass,6,0.22618260979652405,0.2559724599123001,0.24005565820792293,0.300648882480173,1387
__pooled__,50,global_T_corrected,equal_mass,7,0.2559724599123001,0.2889653593301773,0.27218168113826846,0.37445887445887444,1386
__pooled__,50,global_T_corrected,equal_mass,8,0.2889653593301773,0.3295433968305588,0.30883723727300516,0.4131218457101658,1387
__pooled__,50,global_T_corrected,equal_mass,9,0.3295433968305588,0.3781916946172714,0.3534529552100197,0.45526695526695526,1386
__pooled__,50,global_T_corrected,equal_mass,10,0.3781916946172714,0.43918485939502716,0.4075698147339192,0.5263157894736842,1387
__pooled__,50,global_T_corrected,equal_mass,11,0.43918485939502716,0.5194041132926941,0.4766025329203423,0.6308579668348955,1387
__pooled__,50,global_T_corrected,equal_mass,12,0.5194041132926941,0.6399616599082947,0.5759678940150301,0.7027417027417028,1386
__pooled__,50,global_T_corrected,equal_mass,13,0.6399616599082947,0.7953572869300842,0.7156324950412786,0.8413842826243692,1387
__pooled__,50,global_T_corrected,equal_mass,14,0.7953572869300842,1.0,0.8961399804798063,0.9538572458543619,1387
__pooled__,50,oracle_T_K,equal_width,0,0.0,0.06666666666666667,0.06089152107146424,0.056338028169014086,71
__pooled__,50,oracle_T_K,equal_width,1,0.06666666666666667,0.13333333333333333,0.10740441634022634,0.11379928315412187,2232
__pooled__,50,oracle_T_K,equal_width,2,0.13333333333333333,0.2,0.1664213457970247,0.19445199891215664,3677
__pooled__,50,oracle_T_K,equal_width,3,0.2,0.26666666666666666,0.23264381168875845,0.2728125,3200
__pooled__,50,oracle_T_K,equal_width,4,0.26666666666666666,0.3333333333333333,0.2991985618462408,0.3569105691056911,2460
__pooled__,50,oracle_T_K,equal_width,5,0.3333333333333333,0.4,0.3658110779448241,0.4466173361522199,1892
__pooled__,50,oracle_T_K,equal_width,6,0.4,0.4666666666666667,0.4316763875249111,0.49628127112914133,1479
__pooled__,50,oracle_T_K,equal_width,7,0.4666666666666667,0.5333333333333333,0.4978416614852674,0.613344739093242,1169
__pooled__,50,oracle_T_K,equal_width,8,0.5333333333333333,0.6,0.5646548562335528,0.6497695852534562,868
__pooled__,50,oracle_T_K,equal_width,9,0.6,0.6666666666666666,0.6321834726259112,0.74609375,768
__pooled__,50,oracle_T_K,equal_width,10,0.6666666666666666,0.7333333333333333,0.699552064393736,0.7818471337579618,628
__pooled__,50,oracle_T_K,equal_width,11,0.7333333333333333,0.8,0.7679619917946477,0.8435483870967742,620
__pooled__,50,oracle_T_K,equal_width,12,0.8,0.8666666666666667,0.8338077627186965,0.9133448873483535,577
__pooled__,50,oracle_T_K,equal_width,13,0.8666666666666667,0.9333333333333333,0.8992936981174181,0.9452830188679245,530
__pooled__,50,oracle_T_K,equal_width,14,0.9333333333333333,1.0,0.9684978405571287,0.9729299363057324,628
__pooled__,50,oracle_T_K,equal_mass,0,0.0,0.1146097183227539,0.09396684274324693,0.09018759018759019,1386
__pooled__,50,oracle_T_K,equal_mass,1,0.1146097183227539,0.14244400709867477,0.1288238498338625,0.14131218457101657,1387
__pooled__,50,oracle_T_K,equal_mass,2,0.14244400709867477,0.16661156713962555,0.15434056021606424,0.18542568542568544,1386
__pooled__,50,oracle_T_K,equal_mass,3,0.16661156713962555,0.19141124188899994,0.17901749319108853,0.21557317952415284,1387
__pooled__,50,oracle_T_K,equal_mass,4,0.19141124188899994,0.21937762200832367,0.20519826097835883,0.2474747474747475,1386
__pooled__,50,oracle_T_K,equal_mass,5,0.21937762200832367,0.24767571687698364,0.23356023360991873,0.273972602739726,1387
__pooled__,50,oracle_T_K,equal_mass,6,0.24767571687698364,0.2802402377128601,0.2629298823036216,0.29848594087959623,1387
__pooled__,50,oracle_T_K,equal_mass,7,0.2802402377128601,0.3172338008880615,0.29873126448490916,0.36363636363636365,1386
__pooled__,50,oracle_T_K,equal_mass,8,0.3172338008880615,0.36101260781288147,0.3387180386727546,0.40591204037490985,1387
__pooled__,50,oracle_T_K,equal_mass,9,0.36101260781288147,0.41385631263256073,0.3868236191081932,0.4578226387887527,1387
__pooled__,50,oracle_T_K,equal_mass,10,0.41385631263256073,0.4781910926103592,0.44470241394909943,0.5209235209235209,1386
__pooled__,50,oracle_T_K,equal_mass,11,0.4781910926103592,0.5650560259819031,0.5190927015634947,0.6380677721701514,1387
__pooled__,50,oracle_T_K,equal_mass,12,0.5650560259819031,0.6879370510578156,0.6243748302325541,0.715007215007215,1386
__pooled__,50,oracle_T_K,equal_mass,13,0.6879370510578156,0.8401044011116028,0.7638479552427125,0.8442682047584715,1387
__pooled__,50,oracle_T_K,equal_mass,14,0.8401044011116028,1.0,0.9230990855059524,0.9552992069214131,1387
