eval_split,K,variant,binning,bin_index,bin_low,bin_high,bin_confidence,bin_accuracy,bin_count
val_select,5,native,equal_width,0,0.0,0.06666666666666667,0.0,0.0,0
val_select,5,native,equal_width,1,0.06666666666666667,0.13333333333333333,0.0,0.0,0
val_select,5,native,equal_width,2,0.13333333333333333,0.2,0.0,0.0,0
val_select,5,native,equal_width,3,0.2,0.26666666666666666,0.2470143884420395,0.0,1
val_select,5,native,equal_width,4,0.26666666666666666,0.3333333333333333,0.31190128948377527,0.34782608695652173,46
val_select,5,native,equal_width,5,0.3333333333333333,0.4,0.3696644556933436,0.3793103448275862,145
val_select,5,native,equal_width,6,0.4,0.4666666666666667,0.43512612594923844,0.40825688073394495,218
val_select,5,native,equal_width,7,0.4666666666666667,0.5333333333333333,0.5038989077040876,0.46920821114369504,341
val_select,5,native,equal_width,8,0.5333333333333333,0.6,0.5651801001230876,0.5226666666666666,375
val_select,5,native,equal_width,9,0.6,0.6666666666666666,0.6324894349010004,0.6069364161849711,346
val_select,5,native,equal_width,10,0.6666666666666666,0.7333333333333333,0.6984254563536891,0.659400544959128,367
val_select,5,native,equal_width,11,0.7333333333333333,0.8,0.7655749448471599,0.7722222222222223,360
val_select,5,native,equal_width,12,0.8,0.8666666666666667,0.8349932828498761,0.8429319371727748,382
val_select,5,native,equal_width,13,0.8666666666666667,0.9333333333333333,0.9020534289409836,0.9116465863453815,498
val_select,5,native,equal_width,14,0.9333333333333333,1.0,0.9865372008861761,0.9732183386291421,2203
val_select,5,native,equal_mass,0,0.0,0.45121023058891296,0.3876510197720067,0.3977272727272727,352
val_select,5,native,equal_mass,1,0.45121023058891296,0.5267866849899292,0.4930222804912112,0.45170454545454547,352
val_select,5,native,equal_mass,2,0.5267866849899292,0.5863627195358276,0.5548505603589795,0.5085227272727273,352
val_select,5,native,equal_mass,3,0.5863627195358276,0.6539454460144043,0.6196184334429827,0.5994318181818182,352
val_select,5,native,equal_mass,4,0.6539454460144043,0.7169858515262604,0.6855514195155014,0.6477272727272727,352
val_select,5,native,equal_mass,5,0.7169858515262604,0.7829323709011078,0.7502442173808389,0.7350427350427351,351
val_select,5,native,equal_mass,6,0.7829323709011078,0.8484784364700317,0.8162196094523746,0.8243626062322946,353
val_select,5,native,equal_mass,7,0.8484784364700317,0.9012272357940674,0.8755509922788902,0.8863636363636364,352
val_select,5,native,equal_mass,8,0.9012272357940674,0.9428079724311829,0.9231073756731266,0.9263456090651558,353
val_select,5,native,equal_mass,9,0.9428079724311829,0.9721513390541077,0.9586757621304556,0.9375,352
val_select,5,native,equal_mass,10,0.9721513390541077,0.98894202709198,0.9816237664358183,0.9659090909090909,352
val_select,5,native,equal_mass,11,0.98894202709198,0.9963746964931488,0.9933065434127112,0.98005698005698,351
val_select,5,native,equal_mass,12,0.9963746964931488,0.9993605315685272,0.998140870342849,0.9801699716713881,353
val_select,5,native,equal_mass,13,0.9993605315685272,0.999969869852066,0.9997534420002591,0.9886363636363636,352
val_select,5,native,equal_mass,14,0.999969869852066,1.0,0.999994590667422,1.0,353
val_select,5,global_T_corrected,equal_width,0,0.0,0.06666666666666667,0.0,0.0,0
val_select,5,global_T_corrected,equal_width,1,0.06666666666666667,0.13333333333333333,0.0,0.0,0
val_select,5,global_T_corrected,equal_width,2,0.13333333333333333,0.2,0.0,0.0,0
val_select,5,global_T_corrected,equal_width,3,0.2,0.26666666666666666,0.2426532655954361,0.0,1
val_select,5,global_T_corrected,equal_width,4,0.26666666666666666,0.3333333333333333,0.31092372443526983,0.359375,64
val_select,5,global_T_corrected,equal_width,5,0.3333333333333333,0.4,0.3697158847849793,0.38650306748466257,163
val_select,5,global_T_corrected,equal_width,6,0.4,0.4666666666666667,0.4348474991948981,0.4534412955465587,247
val_select,5,global_T_corrected,equal_width,7,0.4666666666666667,0.5333333333333333,0.5024007138269966,0.4588859416445623,377
val_select,5,global_T_corrected,equal_width,8,0.5333333333333333,0.6,0.5656979279167156,0.5583756345177665,394
val_select,5,global_T_corrected,equal_width,9,0.6,0.6666666666666666,0.6335193012485799,0.6108247422680413,388
val_select,5,global_T_corrected,equal_width,10,0.6666666666666666,0.7333333333333333,0.6998875590176109,0.7050938337801609,373
val_select,5,global_T_corrected,equal_width,11,0.7333333333333333,0.8,0.7655438323519124,0.808955223880597,335
val_select,5,global_T_corrected,equal_width,12,0.8,0.8666666666666667,0.8334509224289715,0.8762376237623762,404
val_select,5,global_T_corrected,equal_width,13,0.8666666666666667,0.9333333333333333,0.9019515361814272,0.9166666666666666,504
val_select,5,global_T_corrected,equal_width,14,0.9333333333333333,1.0,0.985764349246119,0.9783464566929134,2032
val_select,5,global_T_corrected,equal_mass,0,0.0,0.43530213832855225,0.3757617590017617,0.39204545454545453,352
val_select,5,global_T_corrected,equal_mass,1,0.43530213832855225,0.5093024373054504,0.4768111781132492,0.4431818181818182,352
val_select,5,global_T_corrected,equal_mass,2,0.5093024373054504,0.5671252012252808,0.5372320787811821,0.5255681818181818,352
val_select,5,global_T_corrected,equal_mass,3,0.5671252012252808,0.6284924745559692,0.5975043594159863,0.5880681818181818,352
val_select,5,global_T_corrected,equal_mass,4,0.6284924745559692,0.6875107288360596,0.6582329508594491,0.6704545454545454,352
val_select,5,global_T_corrected,equal_mass,5,0.6875107288360596,0.7520809173583984,0.7207552010024135,0.7215909090909091,352
val_select,5,global_T_corrected,equal_mass,6,0.7520809173583984,0.8208449482917786,0.7875297855247151,0.8238636363636364,352
val_select,5,global_T_corrected,equal_mass,7,0.8208449482917786,0.8786344230175018,0.8496460024763437,0.886685552407932,353
val_select,5,global_T_corrected,equal_mass,8,0.8786344230175018,0.9249893426895142,0.9016652290116657,0.9232954545454546,352
val_select,5,global_T_corrected,equal_mass,9,0.9249893426895142,0.9608370661735535,0.943669821051034,0.9403409090909091,352
val_select,5,global_T_corrected,equal_mass,10,0.9608370661735535,0.982458233833313,0.9727081104435704,0.9659090909090909,352
val_select,5,global_T_corrected,equal_mass,11,0.982458233833313,0.993817001581192,0.9890809775414792,0.9801136363636364,352
val_select,5,global_T_corrected,equal_mass,12,0.993817001581192,0.9986742734909058,0.9966169507666067,0.9829545454545454,352
val_select,5,global_T_corrected,equal_mass,13,0.9986742734909058,0.9999179244041443,0.9994631065902385,0.9857954545454546,352
val_select,5,global_T_corrected,equal_mass,14,0.9999179244041443,1.0,0.9999840026536677,1.0,353
val_select,5,oracle_T_K,equal_width,0,0.0,0.06666666666666667,0.0,0.0,0
val_select,5,oracle_T_K,equal_width,1,0.06666666666666667,0.13333333333333333,0.0,0.0,0
val_select,5,oracle_T_K,equal_width,2,0.13333333333333333,0.2,0.0,0.0,0
val_select,5,oracle_T_K,equal_width,3,0.2,0.26666666666666666,0.2415696531534195,0.0,1
val_select,5,oracle_T_K,equal_width,4,0.26666666666666666,0.3333333333333333,0.3100804011611378,0.36764705882352944,68
val_select,5,oracle_T_K,equal_width,5,0.3333333333333333,0.4,0.37076204358521153,0.4067796610169492,177
val_select,5,oracle_T_K,equal_width,6,0.4,0.4666666666666667,0.4356432090687558,0.44715447154471544,246
val_select,5,oracle_T_K,equal_width,7,0.4666666666666667,0.5333333333333333,0.5022777175237685,0.44923857868020306,394
val_select,5,oracle_T_K,equal_width,8,0.5333333333333333,0.6,0.5663288646678585,0.5699745547073791,393
val_select,5,oracle_T_K,equal_width,9,0.6,0.6666666666666666,0.6335504307711214,0.6259351620947631,401
val_select,5,oracle_T_K,equal_width,10,0.6666666666666666,0.7333333333333333,0.7006923782030742,0.72,375
val_select,5,oracle_T_K,equal_width,11,0.7333333333333333,0.8,0.7679063695114713,0.8081395348837209,344
val_select,5,oracle_T_K,equal_width,12,0.8,0.8666666666666667,0.8343353197556134,0.8940568475452196,387
val_select,5,oracle_T_K,equal_width,13,0.8666666666666667,0.9333333333333333,0.901374716179173,0.9150197628458498,506
val_select,5,oracle_T_K,equal_width,14,0.9333333333333333,1.0,0.9854711207912196,0.9798994974874372,1990
val_select,5,oracle_T_K,equal_mass,0,0.0,0.4312336891889572,0.3726969608105719,0.39204545454545453,352
val_select,5,oracle_T_K,equal_mass,1,0.4312336891889572,0.5048729479312897,0.47244004710492765,0.4431818181818182,352
val_select,5,oracle_T_K,equal_mass,2,0.5048729479312897,0.5617183148860931,0.5327853313223883,0.53125,352
val_select,5,oracle_T_K,equal_mass,3,0.5617183148860931,0.6210316717624664,0.591796990822662,0.5795454545454546,352
val_select,5,oracle_T_K,equal_mass,4,0.6210316717624664,0.6812268197536469,0.651154812425375,0.6732954545454546,352
val_select,5,oracle_T_K,equal_mass,5,0.6812268197536469,0.744461178779602,0.7130130986598405,0.71875,352
val_select,5,oracle_T_K,equal_mass,6,0.744461178779602,0.8127088844776154,0.779759181663394,0.8267045454545454,352
val_select,5,oracle_T_K,equal_mass,7,0.8127088844776154,0.8721057772636414,0.8424502246440639,0.8895184135977338,353
val_select,5,oracle_T_K,equal_mass,8,0.8721057772636414,0.9198000133037567,0.8954954966902733,0.9176136363636364,352
val_select,5,oracle_T_K,equal_mass,9,0.9198000133037567,0.9572761356830597,0.9391751946373419,0.9431818181818182,352
val_select,5,oracle_T_K,equal_mass,10,0.9572761356830597,0.9805462062358856,0.9698889333416115,0.9659090909090909,352
val_select,5,oracle_T_K,equal_mass,11,0.9805462062358856,0.9928738176822662,0.9876589441502636,0.9801136363636364,352
val_select,5,oracle_T_K,equal_mass,12,0.9928738176822662,0.9984216392040253,0.9960693588311021,0.9801136363636364,352
val_select,5,oracle_T_K,equal_mass,13,0.9984216392040253,0.9998953938484192,0.9993478975851428,0.9886363636363636,352
val_select,5,oracle_T_K,equal_mass,14,0.9998953938484192,1.0,0.9999790174765222,1.0,353
val_select,10,native,equal_width,0,0.0,0.06666666666666667,0.0,0.0,0
val_select,10,native,equal_width,1,0.06666666666666667,0.13333333333333333,0.0,0.0,0
val_select,10,native,equal_width,2,0.13333333333333333,0.2,0.1860118806362152,0.25,12
val_select,10,native,equal_width,3,0.2,0.26666666666666666,0.23639061127179933,0.2839506172839506,81
val_select,10,native,equal_width,4,0.26666666666666666,0.3333333333333333,0.30440868353170736,0.3024193548387097,248
val_select,10,native,equal_width,5,0.3333333333333333,0.4,0.3656758886081567,0.35751295336787564,386
val_select,10,native,equal_width,6,0.4,0.4666666666666667,0.432583978943864,0.39094650205761317,486
val_select,10,native,equal_width,7,0.4666666666666667,0.5333333333333333,0.5003266021705858,0.48596112311015116,463
val_select,10,native,equal_width,8,0.5333333333333333,0.6,0.5674194712881688,0.5208333333333334,432
val_select,10,native,equal_width,9,0.6,0.6666666666666666,0.630626710348351,0.6330749354005168,387
val_select,10,native,equal_width,10,0.6666666666666666,0.7333333333333333,0.6987160603205363,0.7,390
val_select,10,native,equal_width,11,0.7333333333333333,0.8,0.7686740001424764,0.7371794871794872,312
val_select,10,native,equal_width,12,0.8,0.8666666666666667,0.8337014481193661,0.8031088082901554,386
val_select,10,native,equal_width,13,0.8666666666666667,0.9333333333333333,0.9009620360163755,0.8860465116279069,430
val_select,10,native,equal_width,14,0.9333333333333333,1.0,0.9811414231269542,0.9700551615445232,1269
val_select,10,native,equal_mass,0,0.0,0.3372483253479004,0.2856898886066946,0.29545454545454547,352
val_select,10,native,equal_mass,1,0.3372483253479004,0.3968455046415329,0.3644897120750763,0.35795454545454547,352
val_select,10,native,equal_mass,2,0.3968455046415329,0.4425544738769531,0.42103141639381647,0.3806818181818182,352
val_select,10,native,equal_mass,3,0.4425544738769531,0.49762023985385895,0.4687575482001359,0.45170454545454547,352
val_select,10,native,equal_mass,4,0.49762023985385895,0.5464666783809662,0.5206295528703115,0.48863636363636365,352
val_select,10,native,equal_mass,5,0.5464666783809662,0.6002420485019684,0.5741653516888618,0.5340909090909091,352
val_select,10,native,equal_mass,6,0.6002420485019684,0.6592382490634918,0.6281231352212754,0.6335227272727273,352
val_select,10,native,equal_mass,7,0.6592382490634918,0.7210570871829987,0.6902029438329486,0.6798866855524079,353
val_select,10,native,equal_mass,8,0.7210570871829987,0.7949473261833191,0.7583517216082672,0.7337110481586402,353
val_select,10,native,equal_mass,9,0.7949473261833191,0.8553077578544617,0.8260590505396199,0.8091168091168092,351
val_select,10,native,equal_mass,10,0.8553077578544617,0.9124237895011902,0.8854042247615077,0.8664772727272727,352
val_select,10,native,equal_mass,11,0.9124237895011902,0.9563647210597992,0.9367330499332059,0.9119318181818182,352
val_select,10,native,equal_mass,12,0.9563647210597992,0.9855155348777771,0.9725394546985626,0.9488636363636364,352
val_select,10,native,equal_mass,13,0.9855155348777771,0.9976567029953003,0.992499291388826,0.9886363636363636,352
val_select,10,native,equal_mass,14,0.9976567029953003,1.0,0.9994240558518904,0.9971671388101983,353
val_select,10,global_T_corrected,equal_width,0,0.0,0.06666666666666667,0.0,0.0,0
val_select,10,global_T_corrected,equal_width,1,0.06666666666666667,0.13333333333333333,0.0,0.0,0
val_select,10,global_T_corrected,equal_width,2,0.13333333333333333,0.2,0.18511786743214256,0.21052631578947367,19
val_select,10,global_T_corrected,equal_width,3,0.2,0.26666666666666666,0.23898284875471656,0.3119266055045872,109
val_select,10,global_T_corrected,equal_width,4,0.26666666666666666,0.3333333333333333,0.30497777004226995,0.29780564263322884,319
val_select,10,global_T_corrected,equal_width,5,0.3333333333333333,0.4,0.3678539726546082,0.382830626450116,431
val_select,10,global_T_corrected,equal_width,6,0.4,0.4666666666666667,0.43075817523550936,0.4209445585215606,487
val_select,10,global_T_corrected,equal_width,7,0.4666666666666667,0.5333333333333333,0.49949618118253314,0.5,494
val_select,10,global_T_corrected,equal_width,8,0.5333333333333333,0.6,0.5658358684626879,0.5701559020044543,449
val_select,10,global_T_corrected,equal_width,9,0.6,0.6666666666666666,0.6330887138107677,0.6493827160493827,405
val_select,10,global_T_corrected,equal_width,10,0.6666666666666666,0.7333333333333333,0.6988153408725936,0.7264437689969605,329
val_select,10,global_T_corrected,equal_width,11,0.7333333333333333,0.8,0.7669955836555172,0.7687861271676301,346
val_select,10,global_T_corrected,equal_width,12,0.8,0.8666666666666667,0.832243832232247,0.8535211267605634,355
val_select,10,global_T_corrected,equal_width,13,0.8666666666666667,0.9333333333333333,0.9012838685457859,0.908256880733945,436
val_select,10,global_T_corrected,equal_width,14,0.9333333333333333,1.0,0.9802460849879551,0.9755213055303718,1103
val_select,10,global_T_corrected,equal_mass,0,0.0,0.31929877400398254,0.2721947648731822,0.29545454545454547,352
val_select,10,global_T_corrected,equal_mass,1,0.31929877400398254,0.3747870922088623,0.34650412879206915,0.3352272727272727,352
val_select,10,global_T_corrected,equal_mass,2,0.3747870922088623,0.4198586940765381,0.399435082196512,0.41761363636363635,352
val_select,10,global_T_corrected,equal_mass,3,0.4198586940765381,0.4722531586885452,0.4459538364105604,0.4346590909090909,352
val_select,10,global_T_corrected,equal_mass,4,0.4722531586885452,0.5183801352977753,0.4956350549208847,0.5028409090909091,352
val_select,10,global_T_corrected,equal_mass,5,0.5183801352977753,0.5720460414886475,0.5444927334108136,0.5397727272727273,352
val_select,10,global_T_corrected,equal_mass,6,0.5720460414886475,0.6251426935195923,0.5966317663815889,0.6136363636363636,352
val_select,10,global_T_corrected,equal_mass,7,0.6251426935195923,0.6854759156703949,0.6548776754914195,0.6883852691218131,353
val_select,10,global_T_corrected,equal_mass,8,0.6854759156703949,0.7592050135135651,0.7226759191931482,0.7207977207977208,351
val_select,10,global_T_corrected,equal_mass,9,0.7592050135135651,0.8227048516273499,0.7911601313112815,0.8101983002832861,353
val_select,10,global_T_corrected,equal_mass,10,0.8227048516273499,0.8864728212356567,0.8565452141179279,0.8721590909090909,352
val_select,10,global_T_corrected,equal_mass,11,0.8864728212356567,0.9390929043292999,0.9148680288344622,0.9119318181818182,352
val_select,10,global_T_corrected,equal_mass,12,0.9390929043292999,0.9777363836765289,0.9598844274878502,0.9517045454545454,352
val_select,10,global_T_corrected,equal_mass,13,0.9777363836765289,0.995568037033081,0.9877207807519219,0.9857954545454546,352
val_select,10,global_T_corrected,equal_mass,14,0.995568037033081,1.0,0.9988556267857214,0.9971671388101983,353
val_select,10,oracle_T_K,equal_width,0,0.0,0.06666666666666667,0.0,0.0,0
val_select,10,oracle_T_K,equal_width,1,0.06666666666666667,0.13333333333333333,0.0,0.0,0
val_select,10,oracle_T_K,equal_width,2,0.13333333333333333,0.2,0.18467710386304295,0.17647058823529413,17
val_select,10,oracle_T_K,equal_width,3,0.2,0.26666666666666666,0.23804042871715952,0.30097087378640774,103
val_select,10,oracle_T_K,equal_width,4,0.26666666666666666,0.3333333333333333,0.3043875210356004,0.30033003300330036,303
val_select,10,oracle_T_K,equal_width,5,0.3333333333333333,0.4,0.3674726011296067,0.3787528868360277,433
val_select,10,oracle_T_K,equal_width,6,0.4,0.4666666666666667,0.4315524125685457,0.42008196721311475,488
val_select,10,oracle_T_K,equal_width,7,0.4666666666666667,0.5333333333333333,0.49940980339454394,0.4936440677966102,472
val_select,10,oracle_T_K,equal_width,8,0.5333333333333333,0.6,0.5659321988164996,0.563169164882227,467
val_select,10,oracle_T_K,equal_width,9,0.6,0.6666666666666666,0.6337475716313229,0.6481012658227848,395
val_select,10,oracle_T_K,equal_width,10,0.6666666666666666,0.7333333333333333,0.6977870310331188,0.729483282674772,329
val_select,10,oracle_T_K,equal_width,11,0.7333333333333333,0.8,0.7660070708272053,0.7543859649122807,342
val_select,10,oracle_T_K,equal_width,12,0.8,0.8666666666666667,0.832212003402352,0.8445040214477212,373
val_select,10,oracle_T_K,equal_width,13,0.8666666666666667,0.9333333333333333,0.9020895452962981,0.9050925925925926,432
val_select,10,oracle_T_K,equal_width,14,0.9333333333333333,1.0,0.9804757540741711,0.974290780141844,1128
val_select,10,oracle_T_K,equal_mass,0,0.0,0.32211436331272125,0.274424501652406,0.29545454545454547,352
val_select,10,oracle_T_K,equal_mass,1,0.32211436331272125,0.37799639999866486,0.349495914849368,0.3380681818181818,352
val_select,10,oracle_T_K,equal_mass,2,0.37799639999866486,0.4237196296453476,0.40302978261289274,0.4119318181818182,352
val_select,10,oracle_T_K,equal_mass,3,0.4237196296453476,0.4764026701450348,0.4496831804768652,0.43874643874643876,351
val_select,10,oracle_T_K,equal_mass,4,0.4764026701450348,0.5237849354743958,0.4997563194958414,0.49575070821529743,353
val_select,10,oracle_T_K,equal_mass,5,0.5237849354743958,0.5772394835948944,0.5494888419793411,0.5426136363636364,352
val_select,10,oracle_T_K,equal_mass,6,0.5772394835948944,0.631359875202179,0.601856932382692,0.6136363636363636,352
val_select,10,oracle_T_K,equal_mass,7,0.631359875202179,0.6908659338951111,0.6608565757024727,0.6912181303116147,353
val_select,10,oracle_T_K,equal_mass,8,0.6908659338951111,0.7652729749679565,0.7289114234805445,0.7223796033994334,353
val_select,10,oracle_T_K,equal_mass,9,0.7652729749679565,0.8288068473339081,0.7973465938174147,0.811965811965812,351
val_select,10,oracle_T_K,equal_mass,10,0.8288068473339081,0.8909060657024384,0.8615819317662817,0.8689458689458689,351
val_select,10,oracle_T_K,equal_mass,11,0.8909060657024384,0.9425122439861298,0.9187744958880265,0.9121813031161473,353
val_select,10,oracle_T_K,equal_mass,12,0.9425122439861298,0.9791659116744995,0.9622750559991057,0.9517045454545454,352
val_select,10,oracle_T_K,equal_mass,13,0.9791659116744995,0.9960080683231354,0.9886677981438962,0.9857954545454546,352
val_select,10,oracle_T_K,equal_mass,14,0.9960080683231354,1.0,0.9989769615802819,0.9971671388101983,353
val_select,20,native,equal_width,0,0.0,0.06666666666666667,0.0,0.0,0
val_select,20,native,equal_width,1,0.06666666666666667,0.13333333333333333,0.12033475672497469,0.17647058823529413,17
val_select,20,native,equal_width,2,0.13333333333333333,0.2,0.17442596240623578,0.23783783783783785,185
val_select,20,native,equal_width,3,0.2,0.26666666666666666,0.23595654757392162,0.20045558086560364,439
val_select,20,native,equal_width,4,0.26666666666666666,0.3333333333333333,0.3005918830840845,0.2874564459930314,574
val_select,20,native,equal_width,5,0.3333333333333333,0.4,0.3665712134465159,0.35195530726256985,537
val_select,20,native,equal_width,6,0.4,0.4666666666666667,0.4317687320409476,0.4158607350096712,517
val_select,20,native,equal_width,7,0.4666666666666667,0.5333333333333333,0.4991309619026965,0.5,464
val_select,20,native,equal_width,8,0.5333333333333333,0.6,0.5671286764156879,0.6055276381909548,398
val_select,20,native,equal_width,9,0.6,0.6666666666666666,0.6325663237157696,0.625748502994012,334
val_select,20,native,equal_width,10,0.6666666666666666,0.7333333333333333,0.6998260847546838,0.6883116883116883,308
val_select,20,native,equal_width,11,0.7333333333333333,0.8,0.7657143028116064,0.7474402730375427,293
val_select,20,native,equal_width,12,0.8,0.8666666666666667,0.834004635539125,0.8602941176470589,272
val_select,20,native,equal_width,13,0.8666666666666667,0.9333333333333333,0.9004906045202538,0.9278350515463918,291
val_select,20,native,equal_width,14,0.9333333333333333,1.0,0.9755809100809725,0.9816232771822359,653
val_select,20,native,equal_mass,0,0.0,0.2263595387339592,0.1884225784716281,0.21022727272727273,352
val_select,20,native,equal_mass,1,0.2263595387339592,0.2753349542617798,0.2518484251235019,0.21875,352
val_select,20,native,equal_mass,2,0.2753349542617798,0.315171554684639,0.2955073825168339,0.2755681818181818,352
val_select,20,native,equal_mass,3,0.315171554684639,0.35789743065834045,0.33537647263570264,0.33238636363636365,352
val_select,20,native,equal_mass,4,0.35789743065834045,0.4006429761648178,0.3790414025131454,0.3561253561253561,351
val_select,20,native,equal_mass,5,0.4006429761648178,0.44307374954223633,0.4221511363307748,0.4192634560906516,353
val_select,20,native,equal_mass,6,0.44307374954223633,0.4936521351337433,0.4686106112362309,0.45170454545454547,352
val_select,20,native,equal_mass,7,0.4936521351337433,0.5476206839084625,0.5196156290105798,0.5142045454545454,352
val_select,20,native,equal_mass,8,0.5476206839084625,0.6067987382411957,0.5773085825166351,0.6260623229461756,353
val_select,20,native,equal_mass,9,0.6067987382411957,0.679082840681076,0.6421158058060841,0.6420454545454546,352
val_select,20,native,equal_mass,10,0.679082840681076,0.7524971067905426,0.7166026744314216,0.6789772727272727,352
val_select,20,native,equal_mass,11,0.7524971067905426,0.8399297297000885,0.7965045547553277,0.8176638176638177,351
val_select,20,native,equal_mass,12,0.8399297297000885,0.9204621315002441,0.8813203622193917,0.9121813031161473,353
val_select,20,native,equal_mass,13,0.9204621315002441,0.9786378443241119,0.9520051022144881,0.9602272727272727,352
val_select,20,native,equal_mass,14,0.9786378443241119,1.0,0.9919028479721999,0.9943342776203966,353
val_select,20,global_T_corrected,equal_width,0,0.0,0.06666666666666667,0.0,0.0,0
val_select,20,global_T_corrected,equal_width,1,0.06666666666666667,0.13333333333333333,0.12134010742108027,0.3,30
val_select,20,global_T_corrected,equal_width,2,0.13333333333333333,0.2,0.17467048231617036,0.20080321285140562,249
val_select,20,global_T_corrected,equal_width,3,0.2,0.26666666666666666,0.23548742855200544,0.220703125,512
val_select,20,global_T_corrected,equal_width,4,0.26666666666666666,0.3333333333333333,0.29845101262744034,0.32019704433497537,609
val_select,20,global_T_corrected,equal_width,5,0.3333333333333333,0.4,0.36539940616569005,0.3733108108108108,592
val_select,20,global_T_corrected,equal_width,6,0.4,0.4666666666666667,0.43182500531372514,0.45048543689320386,515
val_select,20,global_T_corrected,equal_width,7,0.4666666666666667,0.5333333333333333,0.5010754476445433,0.5468409586056645,459
val_select,20,global_T_corrected,equal_width,8,0.5333333333333333,0.6,0.5662261164762119,0.6229946524064172,374
val_select,20,global_T_corrected,equal_width,9,0.6,0.6666666666666666,0.6327560109512829,0.6542056074766355,321
val_select,20,global_T_corrected,equal_width,10,0.6666666666666666,0.7333333333333333,0.6973143078990884,0.7331081081081081,296
val_select,20,global_T_corrected,equal_width,11,0.7333333333333333,0.8,0.7658406582168753,0.8250950570342205,263
val_select,20,global_T_corrected,equal_width,12,0.8,0.8666666666666667,0.8330765496643763,0.8928571428571429,252
val_select,20,global_T_corrected,equal_width,13,0.8666666666666667,0.9333333333333333,0.9023721693721536,0.952054794520548,292
val_select,20,global_T_corrected,equal_width,14,0.9333333333333333,1.0,0.9750959744324555,0.9864864864864865,518
val_select,20,global_T_corrected,equal_mass,0,0.0,0.2114390730857849,0.17654400767589157,0.20738636363636365,352
val_select,20,global_T_corrected,equal_mass,1,0.2114390730857849,0.25620807707309723,0.23523190566761928,0.22443181818181818,352
val_select,20,global_T_corrected,equal_mass,2,0.25620807707309723,0.293685644865036,0.27551736716519704,0.2755681818181818,352
val_select,20,global_T_corrected,equal_mass,3,0.293685644865036,0.3338322639465332,0.31301370942354884,0.34472934472934474,351
val_select,20,global_T_corrected,equal_mass,4,0.3338322639465332,0.37189337611198425,0.35292750394378103,0.3597733711048159,353
val_select,20,global_T_corrected,equal_mass,5,0.37189337611198425,0.41303224861621857,0.3926036918366497,0.4090909090909091,352
val_select,20,global_T_corrected,equal_mass,6,0.41303224861621857,0.46138469874858856,0.43650287796150555,0.45738636363636365,352
val_select,20,global_T_corrected,equal_mass,7,0.46138469874858856,0.5125024616718292,0.48736429484640237,0.5155807365439093,353
val_select,20,global_T_corrected,equal_mass,8,0.5125024616718292,0.5686133205890656,0.5387657719918273,0.6164772727272727,352
val_select,20,global_T_corrected,equal_mass,9,0.5686133205890656,0.6366406083106995,0.601866031404246,0.6164772727272727,352
val_select,20,global_T_corrected,equal_mass,10,0.6366406083106995,0.7095082700252533,0.6737619631669738,0.7045454545454546,352
val_select,20,global_T_corrected,equal_mass,11,0.7095082700252533,0.8009266257286072,0.7554978052662178,0.8153409090909091,352
val_select,20,global_T_corrected,equal_mass,12,0.8009266257286072,0.8923376500606537,0.8474633698775009,0.9090909090909091,352
val_select,20,global_T_corrected,equal_mass,13,0.8923376500606537,0.9657897651195526,0.9315483851188963,0.9602272727272727,352
val_select,20,global_T_corrected,equal_mass,14,0.9657897651195526,1.0,0.9867248124846656,0.9943342776203966,353
val_select,20,oracle_T_K,equal_width,0,0.0,0.06666666666666667,0.0,0.0,0
val_select,20,oracle_T_K,equal_width,1,0.06666666666666667,0.13333333333333333,0.12070526215045349,0.21739130434782608,23
val_select,20,oracle_T_K,equal_width,2,0.13333333333333333,0.2,0.174587479009565,0.22566371681415928,226
val_select,20,oracle_T_K,equal_width,3,0.2,0.26666666666666666,0.23618188282712496,0.205761316872428,486
val_select,20,oracle_T_K,equal_width,4,0.26666666666666666,0.3333333333333333,0.2996729263738424,0.3092436974789916,595
val_select,20,oracle_T_K,equal_width,5,0.3333333333333333,0.4,0.36694438015628195,0.3663194444444444,576
val_select,20,oracle_T_K,equal_width,6,0.4,0.4666666666666667,0.4325099098287363,0.4502923976608187,513
val_select,20,oracle_T_K,equal_width,7,0.4666666666666667,0.5333333333333333,0.4996927621560108,0.4988610478359909,439
val_select,20,oracle_T_K,equal_width,8,0.5333333333333333,0.6,0.5641603673599205,0.6352040816326531,392
val_select,20,oracle_T_K,equal_width,9,0.6,0.6666666666666666,0.6316616868113613,0.6306306306306306,333
val_select,20,oracle_T_K,equal_width,10,0.6666666666666666,0.7333333333333333,0.6999215177181015,0.7129337539432177,317
val_select,20,oracle_T_K,equal_width,11,0.7333333333333333,0.8,0.7668529039227081,0.8093385214007782,257
val_select,20,oracle_T_K,equal_width,12,0.8,0.8666666666666667,0.8337635996173306,0.8884758364312267,269
val_select,20,oracle_T_K,equal_width,13,0.8666666666666667,0.9333333333333333,0.9024671999419608,0.9337979094076655,287
val_select,20,oracle_T_K,equal_width,14,0.9333333333333333,1.0,0.9752029091486403,0.9859402460456942,569
val_select,20,oracle_T_K,equal_mass,0,0.0,0.21743837743997574,0.1810931850605729,0.20738636363636365,352
val_select,20,oracle_T_K,equal_mass,1,0.21743837743997574,0.263551265001297,0.2415680704887776,0.21652421652421652,351
val_select,20,oracle_T_K,equal_mass,2,0.263551265001297,0.301131471991539,0.283147868370537,0.2804532577903683,353
val_select,20,oracle_T_K,equal_mass,3,0.301131471991539,0.34293125569820404,0.3216386806558479,0.3409090909090909,352
val_select,20,oracle_T_K,equal_mass,4,0.34293125569820404,0.3835505396127701,0.36312188398061324,0.35127478753541075,353
val_select,20,oracle_T_K,equal_mass,5,0.3835505396127701,0.4249238818883896,0.4041692396344622,0.41595441595441596,351
val_select,20,oracle_T_K,equal_mass,6,0.4249238818883896,0.47399476170539856,0.4488514647395773,0.45454545454545453,352
val_select,20,oracle_T_K,equal_mass,7,0.47399476170539856,0.5256382822990417,0.4999140896135282,0.5184135977337111,353
val_select,20,oracle_T_K,equal_mass,8,0.5256382822990417,0.583695650100708,0.5537577493285591,0.6164772727272727,352
val_select,20,oracle_T_K,equal_mass,9,0.583695650100708,0.6533931791782379,0.6175240088592876,0.6363636363636364,352
val_select,20,oracle_T_K,equal_mass,10,0.6533931791782379,0.7263616323471069,0.690606536005031,0.6903409090909091,352
val_select,20,oracle_T_K,equal_mass,11,0.7263616323471069,0.8172092735767365,0.7718789885667238,0.8153409090909091,352
val_select,20,oracle_T_K,equal_mass,12,0.8172092735767365,0.9039316475391388,0.8613478444855321,0.9147727272727273,352
val_select,20,oracle_T_K,equal_mass,13,0.9039316475391388,0.971350222826004,0.940181555565108,0.9573863636363636,352
val_select,20,oracle_T_K,equal_mass,14,0.971350222826004,1.0,0.9890041450940853,0.9943342776203966,353
val_select,50,native,equal_width,0,0.0,0.06666666666666667,0.059087138157337904,0.0,8
val_select,50,native,equal_width,1,0.06666666666666667,0.13333333333333333,0.10933884708725627,0.12060301507537688,398
val_select,50,native,equal_width,2,0.13333333333333333,0.2,0.16667609657166751,0.19225967540574282,801
val_select,50,native,equal_width,3,0.2,0.26666666666666666,0.2329544597569807,0.24567901234567902,810
val_select,50,native,equal_width,4,0.26666666666666666,0.3333333333333333,0.29748130250838395,0.28735632183908044,609
val_select,50,native,equal_width,5,0.3333333333333333,0.4,0.3647934223683375,0.4,530
val_select,50,native,equal_width,6,0.4,0.4666666666666667,0.4321262649488899,0.4669811320754717,424
val_select,50,native,equal_width,7,0.4666666666666667,0.5333333333333333,0.49976912565330367,0.5637982195845698,337
val_select,50,native,equal_width,8,0.5333333333333333,0.6,0.5675179942171703,0.6162790697674418,258
val_select,50,native,equal_width,9,0.6,0.6666666666666666,0.6310853290667732,0.6497695852534562,217
val_select,50,native,equal_width,10,0.6666666666666666,0.7333333333333333,0.7002246094246706,0.8333333333333334,192
val_select,50,native,equal_width,11,0.7333333333333333,0.8,0.7694405737830086,0.8159509202453987,163
val_select,50,native,equal_width,12,0.8,0.8666666666666667,0.8331239250750323,0.9084967320261438,153
val_select,50,native,equal_width,13,0.8666666666666667,0.9333333333333333,0.9012337271471201,0.9503105590062112,161
val_select,50,native,equal_width,14,0.9333333333333333,1.0,0.9719043096266181,0.9683257918552036,221
val_select,50,native,equal_mass,0,0.0,0.12791547179222107,0.10501535299276425,0.11647727272727272,352
val_select,50,native,equal_mass,1,0.12791547179222107,0.15898384153842926,0.14350876610048793,0.1534090909090909,352
val_select,50,native,equal_mass,2,0.15898384153842926,0.18705234676599503,0.17277379905466328,0.2159090909090909,352
val_select,50,native,equal_mass,3,0.18705234676599503,0.21567541360855103,0.20198589347472246,0.20170454545454544,352
val_select,50,native,equal_mass,4,0.21567541360855103,0.24616973102092743,0.23016476787796075,0.23863636363636365,352
val_select,50,native,equal_mass,5,0.24616973102092743,0.27621203660964966,0.26007665816525166,0.2897727272727273,352
val_select,50,native,equal_mass,6,0.27621203660964966,0.31177112460136414,0.2933428824286569,0.2755681818181818,352
val_select,50,native,equal_mass,7,0.31177112460136414,0.3550163507461548,0.3338577556542567,0.33994334277620397,353
val_select,50,native,equal_mass,8,0.3550163507461548,0.4015365093946457,0.3773758446120403,0.42613636363636365,352
val_select,50,native,equal_mass,9,0.4015365093946457,0.4547150880098343,0.42848373407667334,0.45738636363636365,352
val_select,50,native,equal_mass,10,0.4547150880098343,0.5254263579845428,0.4895186961882494,0.5653409090909091,352
val_select,50,native,equal_mass,11,0.5254263579845428,0.6135468780994415,0.5683593479069796,0.5994318181818182,352
val_select,50,native,equal_mass,12,0.6135468780994415,0.7309085428714752,0.6702317141673781,0.75,352
val_select,50,native,equal_mass,13,0.7309085428714752,0.8768194317817688,0.8048002797771584,0.8664772727272727,352
val_select,50,native,equal_mass,14,0.8768194317817688,1.0,0.9479004310143231,0.9631728045325779,353
val_select,50,global_T_corrected,equal_width,0,0.0,0.06666666666666667,0.0600678041163418,0.0,18
val_select,50,global_T_corrected,equal_width,1,0.06666666666666667,0.13333333333333333,0.10861461851609884,0.1259124087591241,548
val_select,50,global_T_corrected,equal_width,2,0.13333333333333333,0.2,0.16737519004402707,0.21585903083700442,908
val_select,50,global_T_corrected,equal_width,3,0.2,0.26666666666666666,0.2323132842091135,0.25880923450789795,823
val_select,50,global_T_corrected,equal_width,4,0.26666666666666666,0.3333333333333333,0.2988567321000076,0.3441033925686591,619
val_select,50,global_T_corrected,equal_width,5,0.3333333333333333,0.4,0.3659067767751857,0.4393638170974155,503
val_select,50,global_T_corrected,equal_width,6,0.4,0.4666666666666667,0.43181941428109616,0.5261780104712042,382
val_select,50,global_T_corrected,equal_width,7,0.4666666666666667,0.5333333333333333,0.4982601809422962,0.5775577557755776,303
val_select,50,global_T_corrected,equal_width,8,0.5333333333333333,0.6,0.5654225394188651,0.6640316205533597,253
val_select,50,global_T_corrected,equal_width,9,0.6,0.6666666666666666,0.6328943992525803,0.7875647668393783,193
val_select,50,global_T_corrected,equal_width,10,0.6666666666666666,0.7333333333333333,0.7013549186289311,0.84375,160
val_select,50,global_T_corrected,equal_width,11,0.7333333333333333,0.8,0.7672263542811076,0.8533333333333334,150
val_select,50,global_T_corrected,equal_width,12,0.8,0.8666666666666667,0.8332943564555684,0.9508196721311475,122
val_select,50,global_T_corrected,equal_width,13,0.8666666666666667,0.9333333333333333,0.9002415342117424,0.9477611940298507,134
val_select,50,global_T_corrected,equal_width,14,0.9333333333333333,1.0,0.9693511649068579,0.9698795180722891,166
val_select,50,global_T_corrected,equal_mass,0,0.0,0.11597830429673195,0.09614699900107966,0.11363636363636363,352
val_select,50,global_T_corrected,equal_mass,1,0.11597830429673195,0.14456599205732346,0.13051333739845591,0.15625,352
val_select,50,global_T_corrected,equal_mass,2,0.14456599205732346,0.1691862940788269,0.15691402203149415,0.2159090909090909,352
val_select,50,global_T_corrected,equal_mass,3,0.1691862940788269,0.1952972337603569,0.18327046681026166,0.21306818181818182,352
val_select,50,global_T_corrected,equal_mass,4,0.1952972337603569,0.22299233824014664,0.20900317247618327,0.24147727272727273,352
val_select,50,global_T_corrected,equal_mass,5,0.22299233824014664,0.2506057471036911,0.23534323910081928,0.28125,352
val_select,50,global_T_corrected,equal_mass,6,0.2506057471036911,0.2830981910228729,0.26618200684474275,0.26988636363636365,352
val_select,50,global_T_corrected,equal_mass,7,0.2830981910228729,0.32059022784233093,0.30233598785427407,0.35410764872521244,353
val_select,50,global_T_corrected,equal_mass,8,0.32059022784233093,0.3647073060274124,0.3433070730449807,0.41595441595441596,351
val_select,50,global_T_corrected,equal_mass,9,0.3647073060274124,0.4147668480873108,0.38944609560304594,0.46175637393767704,353
val_select,50,global_T_corrected,equal_mass,10,0.4147668480873108,0.4805472046136856,0.44758388273079286,0.5539772727272727,352
val_select,50,global_T_corrected,equal_mass,11,0.4805472046136856,0.5631161332130432,0.5200819968328178,0.603988603988604,351
val_select,50,global_T_corrected,equal_mass,12,0.5631161332130432,0.680720329284668,0.6166873435798516,0.7563739376770539,353
val_select,50,global_T_corrected,equal_mass,13,0.680720329284668,0.8359361588954926,0.7545968575233762,0.8579545454545454,352
val_select,50,global_T_corrected,equal_mass,14,0.8359361588954926,1.0,0.9255223012510846,0.9631728045325779,353
val_select,50,oracle_T_K,equal_width,0,0.0,0.06666666666666667,0.05924887624051836,0.0,9
val_select,50,oracle_T_K,equal_width,1,0.06666666666666667,0.13333333333333333,0.10914442342434204,0.12679425837320574,418
val_select,50,oracle_T_K,equal_width,2,0.13333333333333333,0.2,0.16642571511010548,0.1943419434194342,813
val_select,50,oracle_T_K,equal_width,3,0.2,0.26666666666666666,0.2324384623940611,0.24786324786324787,819
val_select,50,oracle_T_K,equal_width,4,0.26666666666666666,0.3333333333333333,0.2978997539214002,0.2943089430894309,615
val_select,50,oracle_T_K,equal_width,5,0.3333333333333333,0.4,0.3650491980423454,0.40076335877862596,524
val_select,50,oracle_T_K,equal_width,6,0.4,0.4666666666666667,0.4320086811920339,0.477326968973747,419
val_select,50,oracle_T_K,equal_width,7,0.4666666666666667,0.5333333333333333,0.4991893775646503,0.556923076923077,325
val_select,50,oracle_T_K,equal_width,8,0.5333333333333333,0.6,0.5667106395023536,0.6475095785440613,261
val_select,50,oracle_T_K,equal_width,9,0.6,0.6666666666666666,0.6298779000356359,0.6504854368932039,206
val_select,50,oracle_T_K,equal_width,10,0.6666666666666666,0.7333333333333333,0.6975246861342984,0.837696335078534,191
val_select,50,oracle_T_K,equal_width,11,0.7333333333333333,0.8,0.7681484473187749,0.8109756097560976,164
val_select,50,oracle_T_K,equal_width,12,0.8,0.8666666666666667,0.8341055478040988,0.9358974358974359,156
val_select,50,oracle_T_K,equal_width,13,0.8666666666666667,0.9333333333333333,0.9021766617794165,0.9395973154362416,149
val_select,50,oracle_T_K,equal_width,14,0.9333333333333333,1.0,0.9713285223978786,0.971830985915493,213
val_select,50,oracle_T_K,equal_mass,0,0.0,0.12606465816497803,0.103564017071304,0.11647727272727272,352
val_select,50,oracle_T_K,equal_mass,1,0.12606465816497803,0.15668299049139023,0.14138738476586613,0.1534090909090909,352
val_select,50,oracle_T_K,equal_mass,2,0.15668299049139023,0.18384458869695663,0.17018277261575515,0.21306818181818182,352
val_select,50,oracle_T_K,equal_mass,3,0.18384458869695663,0.21214202791452408,0.19893858611414378,0.20454545454545456,352
val_select,50,oracle_T_K,equal_mass,4,0.21214202791452408,0.24243687093257904,0.22674647718667984,0.23863636363636365,352
val_select,50,oracle_T_K,equal_mass,5,0.24243687093257904,0.27143168449401855,0.2560441571880471,0.2869318181818182,352
val_select,50,oracle_T_K,equal_mass,6,0.27143168449401855,0.30764704942703247,0.28892745670269837,0.2784090909090909,352
val_select,50,oracle_T_K,equal_mass,7,0.30764704942703247,0.3497420996427536,0.32884274157181004,0.35127478753541075,353
val_select,50,oracle_T_K,equal_mass,8,0.3497420996427536,0.3956409692764282,0.3718660215593197,0.4090909090909091,352
val_select,50,oracle_T_K,equal_mass,9,0.3956409692764282,0.4491971880197525,0.4222564844583923,0.45738636363636365,352
val_select,50,oracle_T_K,equal_mass,10,0.4491971880197525,0.5179019570350647,0.4828696268695322,0.5710227272727273,352
val_select,50,oracle_T_K,equal_mass,11,0.5179019570350647,0.6059131622314453,0.5605731941016651,0.5982905982905983,351
val_select,50,oracle_T_K,equal_mass,12,0.6059131622314453,0.7225413024425507,0.6617093685666158,0.7563739376770539,353
val_select,50,oracle_T_K,equal_mass,13,0.7225413024425507,0.8698564171791077,0.7970912301981891,0.8603988603988604,351
val_select,50,oracle_T_K,equal_mass,14,0.8698564171791077,1.0,0.9445538396215708,0.963276836158192,354
val_calib,5,native,equal_width,0,0.0,0.06666666666666667,0.0,0.0,0
val_calib,5,native,equal_width,1,0.06666666666666667,0.13333333333333333,0.0,0.0,0
val_calib,5,native,equal_width,2,0.13333333333333333,0.2,0.0,0.0,0
val_calib,5,native,equal_width,3,0.2,0.26666666666666666,0.26187847057978314,0.3333333333333333,3
val_calib,5,native,equal_width,4,0.26666666666666666,0.3333333333333333,0.3111629640233928,0.3103448275862069,29
val_calib,5,native,equal_width,5,0.3333333333333333,0.4,0.37240782965009456,0.29906542056074764,107
val_calib,5,native,equal_width,6,0.4,0.4666666666666667,0.43548126563881384,0.4292929292929293,198
val_calib,5,native,equal_width,7,0.4666666666666667,0.5333333333333333,0.5012274157351956,0.49283667621776506,349
val_calib,5,native,equal_width,8,0.5333333333333333,0.6,0.56729208524913,0.5205479452054794,365
val_calib,5,native,equal_width,9,0.6,0.6666666666666666,0.6329031785917,0.636094674556213,338
val_calib,5,native,equal_width,10,0.6666666666666666,0.7333333333333333,0.7014858380169936,0.6957746478873239,355
val_calib,5,native,equal_width,11,0.7333333333333333,0.8,0.7673770303060526,0.7863247863247863,351
val_calib,5,native,equal_width,12,0.8,0.8666666666666667,0.8347781421364965,0.8423423423423423,444
val_calib,5,native,equal_width,13,0.8666666666666667,0.9333333333333333,0.9024692201146892,0.893048128342246,561
val_calib,5,native,equal_width,14,0.9333333333333333,1.0,0.985863961338829,0.9760675739089629,2131
val_calib,5,native,equal_mass,0,0.0,0.46971456706523895,0.4052704829594185,0.3706896551724138,348
val_calib,5,native,equal_mass,1,0.46971456706523895,0.5353390276432037,0.5033032780561201,0.5071633237822349,349
val_calib,5,native,equal_mass,2,0.5353390276432037,0.5990817248821259,0.5678745576508749,0.5157593123209169,349
val_calib,5,native,equal_mass,3,0.5990817248821259,0.667669415473938,0.6329121387552941,0.6379310344827587,348
val_calib,5,native,equal_mass,4,0.667669415473938,0.7333281934261322,0.7018884538237892,0.6934097421203438,349
val_calib,5,native,equal_mass,5,0.7333281934261322,0.7987328171730042,0.7670052896939581,0.7851002865329513,349
val_calib,5,native,equal_mass,6,0.7987328171730042,0.851223886013031,0.8278408282807358,0.8481375358166189,349
val_calib,5,native,equal_mass,7,0.851223886013031,0.8974334001541138,0.8765760713267601,0.8620689655172413,348
val_calib,5,native,equal_mass,8,0.8974334001541138,0.9374279677867889,0.9194805859494688,0.8968481375358166,349
val_calib,5,native,equal_mass,9,0.9374279677867889,0.9676080048084259,0.9535431829427922,0.9226361031518625,349
val_calib,5,native,equal_mass,10,0.9676080048084259,0.9865320920944214,0.9779834638010807,0.9713467048710601,349
val_calib,5,native,equal_mass,11,0.9865320920944214,0.9957470297813416,0.9916486642484007,0.9827586206896551,348
val_calib,5,native,equal_mass,12,0.9957470297813416,0.999239444732666,0.9977704276328101,0.997134670487106,349
val_calib,5,native,equal_mass,13,0.999239444732666,0.9999757707118988,0.9997700466467522,1.0,349
val_calib,5,native,equal_mass,14,0.9999757707118988,1.0,0.9999966829759002,1.0,349
val_calib,5,global_T_corrected,equal_width,0,0.0,0.06666666666666667,0.0,0.0,0
val_calib,5,global_T_corrected,equal_width,1,0.06666666666666667,0.13333333333333333,0.0,0.0,0
val_calib,5,global_T_corrected,equal_width,2,0.13333333333333333,0.2,0.0,0.0,0
val_calib,5,global_T_corrected,equal_width,3,0.2,0.26666666666666666,0.25963518768548965,0.25,4
val_calib,5,global_T_corrected,equal_width,4,0.26666666666666666,0.3333333333333333,0.31025633054810603,0.2972972972972973,37
val_calib,5,global_T_corrected,equal_width,5,0.3333333333333333,0.4,0.37171073269656324,0.3700787401574803,127
val_calib,5,global_T_corrected,equal_width,6,0.4,0.4666666666666667,0.43481421483378124,0.3974358974358974,234
val_calib,5,global_T_corrected,equal_width,7,0.4666666666666667,0.5333333333333333,0.4999507996771071,0.5094850948509485,369
val_calib,5,global_T_corrected,equal_width,8,0.5333333333333333,0.6,0.5667586768778942,0.5639097744360902,399
val_calib,5,global_T_corrected,equal_width,9,0.6,0.6666666666666666,0.6333211634619436,0.6426512968299711,347
val_calib,5,global_T_corrected,equal_width,10,0.6666666666666666,0.7333333333333333,0.6984037697315216,0.7243243243243244,370
val_calib,5,global_T_corrected,equal_width,11,0.7333333333333333,0.8,0.767784353776982,0.8184210526315789,380
val_calib,5,global_T_corrected,equal_width,12,0.8,0.8666666666666667,0.8336079959185272,0.8758029978586723,467
val_calib,5,global_T_corrected,equal_width,13,0.8666666666666667,0.9333333333333333,0.9014288852147967,0.8803738317757009,535
val_calib,5,global_T_corrected,equal_width,14,0.9333333333333333,1.0,0.9849356637696122,0.9862385321100917,1962
val_calib,5,global_T_corrected,equal_mass,0,0.0,0.4535157084465027,0.39261158281701736,0.3793103448275862,348
val_calib,5,global_T_corrected,equal_mass,1,0.4535157084465027,0.519140362739563,0.488250078307865,0.4899713467048711,349
val_calib,5,global_T_corrected,equal_mass,2,0.519140362739563,0.5789905488491058,0.5501835057591982,0.5186246418338109,349
val_calib,5,global_T_corrected,equal_mass,3,0.5789905488491058,0.6443591117858887,0.609878447206541,0.6436781609195402,348
val_calib,5,global_T_corrected,equal_mass,4,0.6443591117858887,0.7033717036247253,0.6749469847938734,0.7020057306590258,349
val_calib,5,global_T_corrected,equal_mass,5,0.7033717036247253,0.7714076638221741,0.7383003183627197,0.7765042979942693,349
val_calib,5,global_T_corrected,equal_mass,6,0.7714076638221741,0.8236272633075714,0.7987463247127041,0.8424068767908309,349
val_calib,5,global_T_corrected,equal_mass,7,0.8236272633075714,0.872562974691391,0.8502348669986616,0.8793103448275862,348
val_calib,5,global_T_corrected,equal_mass,8,0.872562974691391,0.917822927236557,0.8974515185998299,0.8767908309455588,349
val_calib,5,global_T_corrected,equal_mass,9,0.917822927236557,0.9541212618350983,0.937248202825344,0.9340974212034384,349
val_calib,5,global_T_corrected,equal_mass,10,0.9541212618350983,0.9793619513511658,0.9678946712980298,0.9684813753581661,349
val_calib,5,global_T_corrected,equal_mass,11,0.9793619513511658,0.9926484525203705,0.98664222246614,0.9827586206896551,348
val_calib,5,global_T_corrected,equal_mass,12,0.9926484525203705,0.9984787404537201,0.9959722856680552,0.9971264367816092,348
val_calib,5,global_T_corrected,equal_mass,13,0.9984787404537201,0.999935120344162,0.9994980135985784,1.0,350
val_calib,5,global_T_corrected,equal_mass,14,0.999935120344162,1.0,0.9999898757497355,1.0,349
val_calib,5,oracle_T_K,equal_width,0,0.0,0.06666666666666667,0.0,0.0,0
val_calib,5,oracle_T_K,equal_width,1,0.06666666666666667,0.13333333333333333,0.0,0.0,0
val_calib,5,oracle_T_K,equal_width,2,0.13333333333333333,0.2,0.0,0.0,0
val_calib,5,oracle_T_K,equal_width,3,0.2,0.26666666666666666,0.2584240213036537,0.25,4
val_calib,5,oracle_T_K,equal_width,4,0.26666666666666666,0.3333333333333333,0.3113311348959457,0.27906976744186046,43
val_calib,5,oracle_T_K,equal_width,5,0.3333333333333333,0.4,0.37322295698008146,0.38345864661654133,133
val_calib,5,oracle_T_K,equal_width,6,0.4,0.4666666666666667,0.4354303479194641,0.3975409836065574,244
val_calib,5,oracle_T_K,equal_width,7,0.4666666666666667,0.5333333333333333,0.5000658845579302,0.5162162162162162,370
val_calib,5,oracle_T_K,equal_width,8,0.5333333333333333,0.6,0.5664885546107894,0.5825242718446602,412
val_calib,5,oracle_T_K,equal_width,9,0.6,0.6666666666666666,0.6345132264377034,0.6271186440677966,354
val_calib,5,oracle_T_K,equal_width,10,0.6666666666666666,0.7333333333333333,0.6987273478249547,0.7425474254742548,369
val_calib,5,oracle_T_K,equal_width,11,0.7333333333333333,0.8,0.7685830337230606,0.8308080808080808,396
val_calib,5,oracle_T_K,equal_width,12,0.8,0.8666666666666667,0.8343174531577231,0.8779443254817987,467
val_calib,5,oracle_T_K,equal_width,13,0.8666666666666667,0.9333333333333333,0.901924607392236,0.8905950095969289,521
val_calib,5,oracle_T_K,equal_width,14,0.9333333333333333,1.0,0.9846450322860224,0.9859228362877998,1918
val_calib,5,oracle_T_K,equal_mass,0,0.0,0.4486418813467026,0.38934384389170285,0.382183908045977,348
val_calib,5,oracle_T_K,equal_mass,1,0.4486418813467026,0.5154937505722046,0.4841678177558932,0.48424068767908307,349
val_calib,5,oracle_T_K,equal_mass,2,0.5154937505722046,0.5724417567253113,0.545625840012187,0.5300859598853869,349
val_calib,5,oracle_T_K,equal_mass,3,0.5724417567253113,0.6371074616909027,0.6039730322429504,0.6293103448275862,348
val_calib,5,oracle_T_K,equal_mass,4,0.6371074616909027,0.695671021938324,0.6679253236612139,0.7048710601719198,349
val_calib,5,oracle_T_K,equal_mass,5,0.695671021938324,0.7647162675857544,0.7307128457080327,0.7765042979942693,349
val_calib,5,oracle_T_K,equal_mass,6,0.7647162675857544,0.8164911568164825,0.7908862632803384,0.8424068767908309,349
val_calib,5,oracle_T_K,equal_mass,7,0.8164911568164825,0.8656280934810638,0.8429344001857714,0.8850574712643678,348
val_calib,5,oracle_T_K,equal_mass,8,0.8656280934810638,0.9129247665405273,0.8911658631354826,0.8739255014326648,349
val_calib,5,oracle_T_K,equal_mass,9,0.9129247665405273,0.9502446949481964,0.9323985513438467,0.9340974212034384,349
val_calib,5,oracle_T_K,equal_mass,10,0.9502446949481964,0.9770124554634094,0.9647351556316146,0.9656160458452722,349
val_calib,5,oracle_T_K,equal_mass,11,0.9770124554634094,0.9915772676467896,0.9849857722205677,0.985632183908046,348
val_calib,5,oracle_T_K,equal_mass,12,0.9915772676467896,0.9981918632984161,0.9953421567777508,0.997134670487106,349
val_calib,5,oracle_T_K,equal_mass,13,0.9981918632984161,0.9999169409275055,0.9993941498690827,1.0,349
val_calib,5,oracle_T_K,equal_mass,14,0.9999169409275055,1.0,0.9999866053504726,1.0,349
val_calib,10,native,equal_width,0,0.0,0.06666666666666667,0.0,0.0,0
val_calib,10,native,equal_width,1,0.06666666666666667,0.13333333333333333,0.0,0.0,0
val_calib,10,native,equal_width,2,0.13333333333333333,0.2,0.19006136722034878,0.1111111111111111,9
val_calib,10,native,equal_width,3,0.2,0.26666666666666666,0.2414967088919619,0.25,92
val_calib,10,native,equal_width,4,0.26666666666666666,0.3333333333333333,0.30214525428083205,0.3162393162393162,234
val_calib,10,native,equal_width,5,0.3333333333333333,0.4,0.3672094058225499,0.34759358288770054,374
val_calib,10,native,equal_width,6,0.4,0.4666666666666667,0.4331794241627494,0.4351648351648352,455
val_calib,10,native,equal_width,7,0.4666666666666667,0.5333333333333333,0.4994710573070758,0.49324324324324326,444
val_calib,10,native,equal_width,8,0.5333333333333333,0.6,0.5666635678072643,0.5796178343949044,471
val_calib,10,native,equal_width,9,0.6,0.6666666666666666,0.6333501299625726,0.631979695431472,394
val_calib,10,native,equal_width,10,0.6666666666666666,0.7333333333333333,0.7014745901669225,0.728494623655914,372
val_calib,10,native,equal_width,11,0.7333333333333333,0.8,0.7646414739216945,0.7648578811369509,387
val_calib,10,native,equal_width,12,0.8,0.8666666666666667,0.8348514036763282,0.8363095238095238,336
val_calib,10,native,equal_width,13,0.8666666666666667,0.9333333333333333,0.9023699890012327,0.9026915113871635,483
val_calib,10,native,equal_width,14,0.9333333333333333,1.0,0.9806952696735576,0.976271186440678,1180
val_calib,10,native,equal_mass,0,0.0,0.3356141448020935,0.2844219732301674,0.3017241379310345,348
val_calib,10,native,equal_mass,1,0.3356141448020935,0.3987123519182205,0.36732456882225406,0.335243553008596,349
val_calib,10,native,equal_mass,2,0.3987123519182205,0.44967634975910187,0.42355206668547707,0.4383954154727794,349
val_calib,10,native,equal_mass,3,0.44967634975910187,0.5003592669963837,0.47493252380826007,0.4396551724137931,348
val_calib,10,native,equal_mass,4,0.5003592669963837,0.5526535511016846,0.5268098551427738,0.5415472779369628,349
val_calib,10,native,equal_mass,5,0.5526535511016846,0.6026685833930969,0.5771429765873447,0.6017191977077364,349
val_calib,10,native,equal_mass,6,0.6026685833930969,0.661193460226059,0.6317362009966613,0.6332378223495702,349
val_calib,10,native,equal_mass,7,0.661193460226059,0.7231864035129547,0.6938005216505335,0.6982758620689655,348
val_calib,10,native,equal_mass,8,0.7231864035129547,0.7814454138278961,0.7518745896467848,0.7822349570200573,349
val_calib,10,native,equal_mass,9,0.7814454138278961,0.8514544367790222,0.8172887478311971,0.8080229226361032,349
val_calib,10,native,equal_mass,10,0.8514544367790222,0.9073231816291809,0.8809887474792393,0.8882521489971347,349
val_calib,10,native,equal_mass,11,0.9073231816291809,0.9492190182209015,0.9283852333995117,0.8994252873563219,348
val_calib,10,native,equal_mass,12,0.9492190182209015,0.9821828305721283,0.9674860628423172,0.9742120343839542,349
val_calib,10,native,equal_mass,13,0.9821828305721283,0.996610552072525,0.9904913241337227,0.9885386819484241,349
val_calib,10,native,equal_mass,14,0.996610552072525,1.0,0.9992040593849554,1.0,349
val_calib,10,global_T_corrected,equal_width,0,0.0,0.06666666666666667,0.0,0.0,0
val_calib,10,global_T_corrected,equal_width,1,0.06666666666666667,0.13333333333333333,0.0,0.0,0
val_calib,10,global_T_corrected,equal_width,2,0.13333333333333333,0.2,0.188465487744127,0.07142857142857142,14
val_calib,10,global_T_corrected,equal_width,3,0.2,0.26666666666666666,0.2411778203902706,0.2661290322580645,124
val_calib,10,global_T_corrected,equal_width,4,0.26666666666666666,0.3333333333333333,0.30260186473667,0.30662020905923343,287
val_calib,10,global_T_corrected,equal_width,5,0.3333333333333333,0.4,0.3685775113404476,0.3917995444191344,439
val_calib,10,global_T_corrected,equal_width,6,0.4,0.4666666666666667,0.4332566131150358,0.43013100436681223,458
val_calib,10,global_T_corrected,equal_width,7,0.4666666666666667,0.5333333333333333,0.5005731451340386,0.5491803278688525,488
val_calib,10,global_T_corrected,equal_width,8,0.5333333333333333,0.6,0.567008853988565,0.6004319654427646,463
val_calib,10,global_T_corrected,equal_width,9,0.6,0.6666666666666666,0.6335868609627497,0.6907216494845361,388
val_calib,10,global_T_corrected,equal_width,10,0.6666666666666666,0.7333333333333333,0.6995913870263808,0.7326732673267327,404
val_calib,10,global_T_corrected,equal_width,11,0.7333333333333333,0.8,0.7652758721596685,0.8142414860681114,323
val_calib,10,global_T_corrected,equal_width,12,0.8,0.8666666666666667,0.8346935449713502,0.8729281767955801,362
val_calib,10,global_T_corrected,equal_width,13,0.8666666666666667,0.9333333333333333,0.9004355926913667,0.8984547461368654,453
val_calib,10,global_T_corrected,equal_width,14,0.9333333333333333,1.0,0.9796291416953046,0.9883268482490273,1028
val_calib,10,global_T_corrected,equal_mass,0,0.0,0.31932415068149567,0.27097823038354685,0.28735632183908044,348
val_calib,10,global_T_corrected,equal_mass,1,0.31932415068149567,0.3772883266210556,0.3493941898503071,0.3467048710601719,349
val_calib,10,global_T_corrected,equal_mass,2,0.3772883266210556,0.42695651948451996,0.4018107919091823,0.4355300859598854,349
val_calib,10,global_T_corrected,equal_mass,3,0.42695651948451996,0.4762023985385895,0.45137986292441684,0.45977011494252873,348
val_calib,10,global_T_corrected,equal_mass,4,0.4762023985385895,0.5242656171321869,0.5012386546264747,0.5358166189111748,349
val_calib,10,global_T_corrected,equal_mass,5,0.5242656171321869,0.5740689337253571,0.5493581848363138,0.5873925501432665,349
val_calib,10,global_T_corrected,equal_mass,6,0.5740689337253571,0.6295079290866852,0.5998487354691185,0.6389684813753582,349
val_calib,10,global_T_corrected,equal_mass,7,0.6295079290866852,0.687000572681427,0.6591297036957466,0.7155172413793104,348
val_calib,10,global_T_corrected,equal_mass,8,0.687000572681427,0.7479413449764252,0.7163957401811223,0.7679083094555874,349
val_calib,10,global_T_corrected,equal_mass,9,0.7479413449764252,0.8195114731788635,0.7829852420142865,0.8137535816618912,349
val_calib,10,global_T_corrected,equal_mass,10,0.8195114731788635,0.8816142380237579,0.8515749599325623,0.8767908309455588,349
val_calib,10,global_T_corrected,equal_mass,11,0.8816142380237579,0.9299818873405457,0.9052452929746145,0.9022988505747126,348
val_calib,10,global_T_corrected,equal_mass,12,0.9299818873405457,0.9728789031505585,0.9531606859327387,0.9742120343839542,349
val_calib,10,global_T_corrected,equal_mass,13,0.9728789031505585,0.9936214685440063,0.984629740346127,0.9885386819484241,349
val_calib,10,global_T_corrected,equal_mass,14,0.9936214685440063,1.0,0.9984738785762841,1.0,349
val_calib,10,oracle_T_K,equal_width,0,0.0,0.06666666666666667,0.0,0.0,0
val_calib,10,oracle_T_K,equal_width,1,0.06666666666666667,0.13333333333333333,0.0,0.0,0
val_calib,10,oracle_T_K,equal_width,2,0.13333333333333333,0.2,0.18878781910126025,0.07692307692307693,13
val_calib,10,oracle_T_K,equal_width,3,0.2,0.26666666666666666,0.24097506663738152,0.26495726495726496,117
val_calib,10,oracle_T_K,equal_width,4,0.26666666666666666,0.3333333333333333,0.30278377488572544,0.30851063829787234,282
val_calib,10,oracle_T_K,equal_width,5,0.3333333333333333,0.4,0.36898103412066663,0.3808411214953271,428
val_calib,10,oracle_T_K,equal_width,6,0.4,0.4666666666666667,0.43354229514917086,0.4288840262582057,457
val_calib,10,oracle_T_K,equal_width,7,0.4666666666666667,0.5333333333333333,0.5007446990601687,0.5481171548117155,478
val_calib,10,oracle_T_K,equal_width,8,0.5333333333333333,0.6,0.5672166033594339,0.5970149253731343,469
val_calib,10,oracle_T_K,equal_width,9,0.6,0.6666666666666666,0.6330774183920089,0.6861702127659575,376
val_calib,10,oracle_T_K,equal_width,10,0.6666666666666666,0.7333333333333333,0.6993362150157285,0.7139364303178484,409
val_calib,10,oracle_T_K,equal_width,11,0.7333333333333333,0.8,0.7651806842035322,0.826865671641791,335
val_calib,10,oracle_T_K,equal_width,12,0.8,0.8666666666666667,0.8348158384588632,0.8551136363636364,352
val_calib,10,oracle_T_K,equal_width,13,0.8666666666666667,0.9333333333333333,0.9008426274426233,0.8993576017130621,467
val_calib,10,oracle_T_K,equal_width,14,0.9333333333333333,1.0,0.9800455554864789,0.9875954198473282,1048
val_calib,10,oracle_T_K,equal_mass,0,0.0,0.3219829797744751,0.27320303729382056,0.28735632183908044,348
val_calib,10,oracle_T_K,equal_mass,1,0.3219829797744751,0.3810466378927231,0.3523901843580612,0.3467048710601719,349
val_calib,10,oracle_T_K,equal_mass,2,0.3810466378927231,0.4307199567556381,0.40543180857825073,0.4326647564469914,349
val_calib,10,oracle_T_K,equal_mass,3,0.4307199567556381,0.47999107837677,0.45535198110958625,0.45689655172413796,348
val_calib,10,oracle_T_K,equal_mass,4,0.47999107837677,0.5287753343582153,0.5055299370541614,0.5329512893982808,349
val_calib,10,oracle_T_K,equal_mass,5,0.5287753343582153,0.5783049464225769,0.5540295668522744,0.6017191977077364,349
val_calib,10,oracle_T_K,equal_mass,6,0.5783049464225769,0.6357748806476593,0.6051225472657933,0.6303724928366762,349
val_calib,10,oracle_T_K,equal_mass,7,0.6357748806476593,0.6923136115074158,0.6649525259760605,0.7183908045977011,348
val_calib,10,oracle_T_K,equal_mass,8,0.6923136115074158,0.7530145049095154,0.7224318301438603,0.7707736389684814,349
val_calib,10,oracle_T_K,equal_mass,9,0.7530145049095154,0.8252317309379578,0.7889061167110345,0.8080229226361032,349
val_calib,10,oracle_T_K,equal_mass,10,0.8252317309379578,0.8862195014953613,0.8567735805552463,0.8796561604584527,349
val_calib,10,oracle_T_K,equal_mass,11,0.8862195014953613,0.9337809383869171,0.9094386095630711,0.9022988505747126,348
val_calib,10,oracle_T_K,equal_mass,12,0.9337809383869171,0.9748168587684631,0.9558566477373883,0.9742120343839542,349
val_calib,10,oracle_T_K,equal_mass,13,0.9748168587684631,0.9942574799060822,0.9857852038817966,0.9885386819484241,349
val_calib,10,oracle_T_K,equal_mass,14,0.9942574799060822,1.0,0.9986277538589216,1.0,349
val_calib,20,native,equal_width,0,0.0,0.06666666666666667,0.0,0.0,0
val_calib,20,native,equal_width,1,0.06666666666666667,0.13333333333333333,0.12082139485412174,0.0,18
val_calib,20,native,equal_width,2,0.13333333333333333,0.2,0.1721567717806393,0.18543046357615894,151
val_calib,20,native,equal_width,3,0.2,0.26666666666666666,0.23613456691012663,0.2188235294117647,425
val_calib,20,native,equal_width,4,0.26666666666666666,0.3333333333333333,0.3008094774802942,0.3193717277486911,573
val_calib,20,native,equal_width,5,0.3333333333333333,0.4,0.36631948213905835,0.3745583038869258,566
val_calib,20,native,equal_width,6,0.4,0.4666666666666667,0.4328786109980469,0.43243243243243246,518
val_calib,20,native,equal_width,7,0.4666666666666667,0.5333333333333333,0.5002152388892537,0.5110565110565111,407
val_calib,20,native,equal_width,8,0.5333333333333333,0.6,0.5639770062958321,0.5682926829268292,410
val_calib,20,native,equal_width,9,0.6,0.6666666666666666,0.6328463528785238,0.6380368098159509,326
val_calib,20,native,equal_width,10,0.6666666666666666,0.7333333333333333,0.7002067707479,0.696875,320
val_calib,20,native,equal_width,11,0.7333333333333333,0.8,0.7650795361773688,0.7773279352226721,247
val_calib,20,native,equal_width,12,0.8,0.8666666666666667,0.8334089724198441,0.8773006134969326,326
val_calib,20,native,equal_width,13,0.8666666666666667,0.9333333333333333,0.9014587589164278,0.9134328358208955,335
val_calib,20,native,equal_width,14,0.9333333333333333,1.0,0.9760316601527735,0.9802955665024631,609
val_calib,20,native,equal_mass,0,0.0,0.2311384305357933,0.19301513406908374,0.19540229885057472,348
val_calib,20,native,equal_mass,1,0.2311384305357933,0.2779362201690674,0.25629236952623186,0.24641833810888253,349
val_calib,20,native,equal_mass,2,0.2779362201690674,0.31984132528305054,0.29999642240625396,0.31805157593123207,349
val_calib,20,native,equal_mass,3,0.31984132528305054,0.3596406728029251,0.33953603331384985,0.3218390804597701,348
val_calib,20,native,equal_mass,4,0.3596406728029251,0.4015221744775772,0.3804186074474138,0.4040114613180516,349
val_calib,20,native,equal_mass,5,0.4015221744775772,0.44511227309703827,0.4236630120215921,0.44412607449856734,349
val_calib,20,native,equal_mass,6,0.44511227309703827,0.4975615292787552,0.470028273418717,0.47126436781609193,348
val_calib,20,native,equal_mass,7,0.4975615292787552,0.5502184927463531,0.5253821280931675,0.5243553008595988,349
val_calib,20,native,equal_mass,8,0.5502184927463531,0.6131840348243713,0.5808273376229841,0.5816618911174785,349
val_calib,20,native,equal_mass,9,0.6131840348243713,0.6844923496246338,0.6494953249791974,0.6504297994269341,349
val_calib,20,native,equal_mass,10,0.6844923496246338,0.7662326991558075,0.7234907153684293,0.7421203438395415,349
val_calib,20,native,equal_mass,11,0.7662326991558075,0.8459955751895905,0.8078013517671084,0.8213256484149856,347
val_calib,20,native,equal_mass,12,0.8459955751895905,0.9164893925189972,0.8821442873137337,0.9028571428571428,350
val_calib,20,native,equal_mass,13,0.9164893925189972,0.9743586480617523,0.948791909354464,0.9598853868194842,349
val_calib,20,native,equal_mass,14,0.9743586480617523,1.0,0.9903080750331497,0.997134670487106,349
val_calib,20,global_T_corrected,equal_width,0,0.0,0.06666666666666667,0.0,0.0,0
val_calib,20,global_T_corrected,equal_width,1,0.06666666666666667,0.13333333333333333,0.12089850902557372,0.03333333333333333,30
val_calib,20,global_T_corrected,equal_width,2,0.13333333333333333,0.2,0.1731372831016779,0.2,200
val_calib,20,global_T_corrected,equal_width,3,0.2,0.26666666666666666,0.23511627661435383,0.2618595825426945,527
val_calib,20,global_T_corrected,equal_width,4,0.26666666666666666,0.3333333333333333,0.3001521394890585,0.3200636942675159,628
val_calib,20,global_T_corrected,equal_width,5,0.3333333333333333,0.4,0.36631465557336396,0.42114384748700173,577
val_calib,20,global_T_corrected,equal_width,6,0.4,0.4666666666666667,0.4311960631981492,0.4354166666666667,480
val_calib,20,global_T_corrected,equal_width,7,0.4666666666666667,0.5333333333333333,0.5001098756270069,0.5572354211663066,463
val_calib,20,global_T_corrected,equal_width,8,0.5333333333333333,0.6,0.5650712544635191,0.6073446327683616,354
val_calib,20,global_T_corrected,equal_width,9,0.6,0.6666666666666666,0.6315749227637197,0.6585365853658537,328
val_calib,20,global_T_corrected,equal_width,10,0.6666666666666666,0.7333333333333333,0.697216551908305,0.75,284
val_calib,20,global_T_corrected,equal_width,11,0.7333333333333333,0.8,0.7674137613603047,0.8214285714285714,280
val_calib,20,global_T_corrected,equal_width,12,0.8,0.8666666666666667,0.8330610468455241,0.9219858156028369,282
val_calib,20,global_T_corrected,equal_width,13,0.8666666666666667,0.9333333333333333,0.898095407116581,0.926056338028169,284
val_calib,20,global_T_corrected,equal_width,14,0.9333333333333333,1.0,0.9726394218925373,0.9844357976653697,514
val_calib,20,global_T_corrected,equal_mass,0,0.0,0.2167370617389679,0.18094233954432368,0.1925287356321839,348
val_calib,20,global_T_corrected,equal_mass,1,0.2167370617389679,0.26023997366428375,0.2389922380703568,0.25787965616045844,349
val_calib,20,global_T_corrected,equal_mass,2,0.26023997366428375,0.2976991832256317,0.2793088864460374,0.3123209169054441,349
val_calib,20,global_T_corrected,equal_mass,3,0.2976991832256317,0.33447203040122986,0.31553823706404915,0.3390804597701149,348
val_calib,20,global_T_corrected,equal_mass,4,0.33447203040122986,0.3736756145954132,0.3545155850556655,0.40114613180515757,349
val_calib,20,global_T_corrected,equal_mass,5,0.3736756145954132,0.41543707251548767,0.3947883914398259,0.4297994269340974,349
val_calib,20,global_T_corrected,equal_mass,6,0.41543707251548767,0.4665124863386154,0.43942106905844286,0.4498567335243553,349
val_calib,20,global_T_corrected,equal_mass,7,0.4665124863386154,0.517568975687027,0.4913414171201059,0.5660919540229885,348
val_calib,20,global_T_corrected,equal_mass,8,0.517568975687027,0.5740905106067657,0.5441798420895136,0.5644699140401146,349
val_calib,20,global_T_corrected,equal_mass,9,0.5740905106067657,0.6459836363792419,0.6095829472842395,0.6590257879656161,349
val_calib,20,global_T_corrected,equal_mass,10,0.6459836363792419,0.7234029769897461,0.682216174623003,0.7134670487106017,349
val_calib,20,global_T_corrected,equal_mass,11,0.7234029769897461,0.810442715883255,0.7669386433801432,0.8333333333333334,348
val_calib,20,global_T_corrected,equal_mass,12,0.810442715883255,0.8876712322235107,0.8480456068940546,0.9051724137931034,348
val_calib,20,global_T_corrected,equal_mass,13,0.8876712322235107,0.9611274898052216,0.9277812830039434,0.96,350
val_calib,20,global_T_corrected,equal_mass,14,0.9611274898052216,1.0,0.9843326214391386,0.997134670487106,349
val_calib,20,oracle_T_K,equal_width,0,0.0,0.06666666666666667,0.0,0.0,0
val_calib,20,oracle_T_K,equal_width,1,0.06666666666666667,0.13333333333333333,0.1194690005345778,0.0,22
val_calib,20,oracle_T_K,equal_width,2,0.13333333333333333,0.2,0.17231853501718553,0.21311475409836064,183
val_calib,20,oracle_T_K,equal_width,3,0.2,0.26666666666666666,0.23587809085602165,0.2331288343558282,489
val_calib,20,oracle_T_K,equal_width,4,0.26666666666666666,0.3333333333333333,0.30091791557169506,0.3169129720853859,609
val_calib,20,oracle_T_K,equal_width,5,0.3333333333333333,0.4,0.36641775355954054,0.40636042402826855,566
val_calib,20,oracle_T_K,equal_width,6,0.4,0.4666666666666667,0.4314242037663977,0.42971887550200805,498
val_calib,20,oracle_T_K,equal_width,7,0.4666666666666667,0.5333333333333333,0.5004604837251088,0.5578231292517006,441
val_calib,20,oracle_T_K,equal_width,8,0.5333333333333333,0.6,0.5642746989689176,0.5793650793650794,378
val_calib,20,oracle_T_K,equal_width,9,0.6,0.6666666666666666,0.6330407079973249,0.6555891238670695,331
val_calib,20,oracle_T_K,equal_width,10,0.6666666666666666,0.7333333333333333,0.6989181172606107,0.7364864864864865,296
val_calib,20,oracle_T_K,equal_width,11,0.7333333333333333,0.8,0.7687634238523179,0.8029739776951673,269
val_calib,20,oracle_T_K,equal_width,12,0.8,0.8666666666666667,0.8326134523441051,0.9,290
val_calib,20,oracle_T_K,equal_width,13,0.8666666666666667,0.9333333333333333,0.8988887256788975,0.9223300970873787,309
val_calib,20,oracle_T_K,equal_width,14,0.9333333333333333,1.0,0.974120400168679,0.9836363636363636,550
val_calib,20,oracle_T_K,equal_mass,0,0.0,0.22190073877573013,0.18557515444940534,0.1925287356321839,348
val_calib,20,oracle_T_K,equal_mass,1,0.22190073877573013,0.26695622503757477,0.24563716168389962,0.24641833810888253,349
val_calib,20,oracle_T_K,equal_mass,2,0.26695622503757477,0.30615828931331635,0.28726074321563744,0.32664756446991405,349
val_calib,20,oracle_T_K,equal_mass,3,0.30615828931331635,0.34420689940452576,0.32477151465484466,0.33620689655172414,348
val_calib,20,oracle_T_K,equal_mass,4,0.34420689940452576,0.384513720870018,0.3645504820654249,0.3982808022922636,349
val_calib,20,oracle_T_K,equal_mass,5,0.384513720870018,0.4273284822702408,0.40585855358309597,0.42406876790830944,349
val_calib,20,oracle_T_K,equal_mass,6,0.4273284822702408,0.4793398231267929,0.45137722504173106,0.46131805157593125,349
val_calib,20,oracle_T_K,equal_mass,7,0.4793398231267929,0.5305884182453156,0.5046420655716425,0.5545977011494253,348
val_calib,20,oracle_T_K,equal_mass,8,0.5305884182453156,0.5894931256771088,0.5583464129264853,0.5730659025787965,349
val_calib,20,oracle_T_K,equal_mass,9,0.5894931256771088,0.6606019139289856,0.625161788183502,0.6504297994269341,349
val_calib,20,oracle_T_K,equal_mass,10,0.6606019139289856,0.740188479423523,0.6983689298602435,0.7277936962750716,349
val_calib,20,oracle_T_K,equal_mass,11,0.740188479423523,0.8234704434871674,0.7834004369275324,0.8304597701149425,348
val_calib,20,oracle_T_K,equal_mass,12,0.8234704434871674,0.8994525969028473,0.8620368708512162,0.9025787965616046,349
val_calib,20,oracle_T_K,equal_mass,13,0.8994525969028473,0.9669674932956696,0.9366863921583553,0.9598853868194842,349
val_calib,20,oracle_T_K,equal_mass,14,0.9669674932956696,1.0,0.9869547593901014,0.997134670487106,349
val_calib,50,native,equal_width,0,0.0,0.06666666666666667,0.061211131513118744,0.0,6
val_calib,50,native,equal_width,1,0.06666666666666667,0.13333333333333333,0.10963464261669861,0.12368421052631579,380
val_calib,50,native,equal_width,2,0.13333333333333333,0.2,0.16677712495712674,0.19852941176470587,816
val_calib,50,native,equal_width,3,0.2,0.26666666666666666,0.233310637406889,0.23316062176165803,772
val_calib,50,native,equal_width,4,0.26666666666666666,0.3333333333333333,0.2987662401206479,0.3592814371257485,668
val_calib,50,native,equal_width,5,0.3333333333333333,0.4,0.3645730522737522,0.40471512770137524,509
val_calib,50,native,equal_width,6,0.4,0.4666666666666667,0.4306212381552194,0.455470737913486,393
val_calib,50,native,equal_width,7,0.4666666666666667,0.5333333333333333,0.5000549870910067,0.5555555555555556,297
val_calib,50,native,equal_width,8,0.5333333333333333,0.6,0.5686839809749117,0.6447876447876448,259
val_calib,50,native,equal_width,9,0.6,0.6666666666666666,0.6311510235071183,0.7576923076923077,260
val_calib,50,native,equal_width,10,0.6666666666666666,0.7333333333333333,0.6993157246155653,0.7904191616766467,167
val_calib,50,native,equal_width,11,0.7333333333333333,0.8,0.7652208636391837,0.8301886792452831,159
val_calib,50,native,equal_width,12,0.8,0.8666666666666667,0.833056095723183,0.864516129032258,155
val_calib,50,native,equal_width,13,0.8666666666666667,0.9333333333333333,0.8973022124724473,0.9580838323353293,167
val_calib,50,native,equal_width,14,0.9333333333333333,1.0,0.9686745105837493,0.9820627802690582,223
val_calib,50,native,equal_mass,0,0.0,0.12971626222133636,0.10643463628901832,0.12643678160919541,348
val_calib,50,native,equal_mass,1,0.12971626222133636,0.15983761101961136,0.1447641794865999,0.1346704871060172,349
val_calib,50,native,equal_mass,2,0.15983761101961136,0.18620920181274414,0.1730133604610547,0.23209169054441262,349
val_calib,50,native,equal_mass,3,0.18620920181274414,0.21608388423919678,0.20150111838318835,0.22126436781609196,348
val_calib,50,native,equal_mass,4,0.21608388423919678,0.24676988273859024,0.23156799696236421,0.22922636103151864,349
val_calib,50,native,equal_mass,5,0.24676988273859024,0.27649761736392975,0.26183523865347264,0.2808022922636103,349
val_calib,50,native,equal_mass,6,0.27649761736392975,0.3113415837287903,0.29412289523121965,0.32951289398280803,349
val_calib,50,native,equal_mass,7,0.3113415837287903,0.35031507909297943,0.3309901439766774,0.41954022988505746,348
val_calib,50,native,equal_mass,8,0.35031507909297943,0.3978147357702255,0.3727644697301367,0.40974212034383956,349
val_calib,50,native,equal_mass,9,0.3978147357702255,0.4554500877857208,0.42451965296507566,0.45558739255014324,349
val_calib,50,native,equal_mass,10,0.4554500877857208,0.5322078168392181,0.4931651686870608,0.5272206303724928,349
val_calib,50,native,equal_mass,11,0.5322078168392181,0.6182115375995636,0.57800139914984,0.6609195402298851,348
val_calib,50,native,equal_mass,12,0.6182115375995636,0.7355513274669647,0.6707811775726712,0.7908309455587392,349
val_calib,50,native,equal_mass,13,0.7355513274669647,0.8817463219165802,0.8086784485417997,0.8595988538681948,349
val_calib,50,native,equal_mass,14,0.8817463219165802,1.0,0.9456170044177583,0.9742120343839542,349
val_calib,50,global_T_corrected,equal_width,0,0.0,0.06666666666666667,0.06024624475023963,0.18181818181818182,11
val_calib,50,global_T_corrected,equal_width,1,0.06666666666666667,0.13333333333333333,0.10860258249632607,0.1393596986817326,531
val_calib,50,global_T_corrected,equal_width,2,0.13333333333333333,0.2,0.16627169108338294,0.20704845814977973,908
val_calib,50,global_T_corrected,equal_width,3,0.2,0.26666666666666666,0.23334768311857151,0.2742927429274293,813
val_calib,50,global_T_corrected,equal_width,4,0.26666666666666666,0.3333333333333333,0.2983571771520974,0.39361702127659576,658
val_calib,50,global_T_corrected,equal_width,5,0.3333333333333333,0.4,0.36594327177496866,0.42738589211618255,482
val_calib,50,global_T_corrected,equal_width,6,0.4,0.4666666666666667,0.43218915114950196,0.5015105740181269,331
val_calib,50,global_T_corrected,equal_width,7,0.4666666666666667,0.5333333333333333,0.49975715009939103,0.6224489795918368,294
val_calib,50,global_T_corrected,equal_width,8,0.5333333333333333,0.6,0.5655794857253491,0.7359154929577465,284
val_calib,50,global_T_corrected,equal_width,9,0.6,0.6666666666666666,0.6314912897641541,0.7540983606557377,183
val_calib,50,global_T_corrected,equal_width,10,0.6666666666666666,0.7333333333333333,0.6976413734649357,0.8289473684210527,152
val_calib,50,global_T_corrected,equal_width,11,0.7333333333333333,0.8,0.7659284710050462,0.8321678321678322,143
val_calib,50,global_T_corrected,equal_width,12,0.8,0.8666666666666667,0.834369388355571,0.9490445859872612,157
val_calib,50,global_T_corrected,equal_width,13,0.8666666666666667,0.9333333333333333,0.9029192172962687,0.9782608695652174,138
val_calib,50,global_T_corrected,equal_width,14,0.9333333333333333,1.0,0.9696788020329933,0.9794520547945206,146
val_calib,50,global_T_corrected,equal_mass,0,0.0,0.11841879785060883,0.09742689306109116,0.12931034482758622,348
val_calib,50,global_T_corrected,equal_mass,1,0.11841879785060883,0.14449068158864975,0.13159657551514728,0.14613180515759314,349
val_calib,50,global_T_corrected,equal_mass,2,0.14449068158864975,0.16897932440042496,0.15716421493144977,0.23209169054441262,349
val_calib,50,global_T_corrected,equal_mass,3,0.16897932440042496,0.19590572267770767,0.18259628027163702,0.21839080459770116,348
val_calib,50,global_T_corrected,equal_mass,4,0.19590572267770767,0.22380321472883224,0.21054217304746195,0.22063037249283668,349
val_calib,50,global_T_corrected,equal_mass,5,0.22380321472883224,0.2516896575689316,0.23770132323561563,0.2722063037249284,349
val_calib,50,global_T_corrected,equal_mass,6,0.2516896575689316,0.28281573951244354,0.26713558032382867,0.3638968481375358,349
val_calib,50,global_T_corrected,equal_mass,7,0.28281573951244354,0.3180225044488907,0.300201662312979,0.40804597701149425,348
val_calib,50,global_T_corrected,equal_mass,8,0.3180225044488907,0.36252938210964203,0.3395754688961117,0.4183381088825215,349
val_calib,50,global_T_corrected,equal_mass,9,0.36252938210964203,0.41444361209869385,0.3869985000451861,0.42120343839541546,349
val_calib,50,global_T_corrected,equal_mass,10,0.41444361209869385,0.4889683276414871,0.45123594973695313,0.5472779369627507,349
val_calib,50,global_T_corrected,equal_mass,11,0.4889683276414871,0.5700022876262665,0.5292623114140554,0.6609195402298851,348
val_calib,50,global_T_corrected,equal_mass,12,0.5700022876262665,0.6814526617527008,0.6184801255491958,0.7816091954022989,348
val_calib,50,global_T_corrected,equal_mass,13,0.6814526617527008,0.8397929966449738,0.7602496232305255,0.86,350
val_calib,50,global_T_corrected,equal_mass,14,0.8397929966449738,1.0,0.9218113740057522,0.9713467048710601,349
val_calib,50,oracle_T_K,equal_width,0,0.0,0.06666666666666667,0.06129738475595202,0.0,7
val_calib,50,oracle_T_K,equal_width,1,0.06666666666666667,0.13333333333333333,0.10926701852844821,0.13131313131313133,396
val_calib,50,oracle_T_K,equal_width,2,0.13333333333333333,0.2,0.16637053350488581,0.19760479041916168,835
val_calib,50,oracle_T_K,equal_width,3,0.2,0.26666666666666666,0.23349379583169486,0.23791348600508905,786
val_calib,50,oracle_T_K,equal_width,4,0.26666666666666666,0.3333333333333333,0.29915436833424675,0.3669172932330827,665
val_calib,50,oracle_T_K,equal_width,5,0.3333333333333333,0.4,0.36518141450268204,0.4079207920792079,505
val_calib,50,oracle_T_K,equal_width,6,0.4,0.4666666666666667,0.4310040392447263,0.4661458333333333,384
val_calib,50,oracle_T_K,equal_width,7,0.4666666666666667,0.5333333333333333,0.4994025608465444,0.5512367491166078,283
val_calib,50,oracle_T_K,equal_width,8,0.5333333333333333,0.6,0.5681464232667519,0.6605839416058394,274
val_calib,50,oracle_T_K,equal_width,9,0.6,0.6666666666666666,0.6300405974290809,0.7551020408163265,245
val_calib,50,oracle_T_K,equal_width,10,0.6666666666666666,0.7333333333333333,0.6990966658507075,0.8214285714285714,168
val_calib,50,oracle_T_K,equal_width,11,0.7333333333333333,0.8,0.766186868842644,0.8037974683544303,158
val_calib,50,oracle_T_K,equal_width,12,0.8,0.8666666666666667,0.8345035570008414,0.9025974025974026,154
val_calib,50,oracle_T_K,equal_width,13,0.8666666666666667,0.9333333333333333,0.8979491062884061,0.9622641509433962,159
val_calib,50,oracle_T_K,equal_width,14,0.9333333333333333,1.0,0.9682599964006892,0.9811320754716981,212
val_calib,50,oracle_T_K,equal_mass,0,0.0,0.1276574730873108,0.10495959181638284,0.12643678160919541,348
val_calib,50,oracle_T_K,equal_mass,1,0.1276574730873108,0.15776712447404861,0.1426169093922421,0.13753581661891118,349
val_calib,50,oracle_T_K,equal_mass,2,0.15776712447404861,0.18355904519557953,0.1704191574052958,0.22922636103151864,349
val_calib,50,oracle_T_K,equal_mass,3,0.18355904519557953,0.21303711086511612,0.19842694584151793,0.22413793103448276,348
val_calib,50,oracle_T_K,equal_mass,4,0.21303711086511612,0.2431662678718567,0.2281535949696784,0.22922636103151864,349
val_calib,50,oracle_T_K,equal_mass,5,0.2431662678718567,0.27198339998722076,0.25792758683420525,0.2808022922636103,349
val_calib,50,oracle_T_K,equal_mass,6,0.27198339998722076,0.30674923956394196,0.28979260771185755,0.332378223495702,349
val_calib,50,oracle_T_K,equal_mass,7,0.30674923956394196,0.34541261196136475,0.32600837980193653,0.4166666666666667,348
val_calib,50,oracle_T_K,equal_mass,8,0.34541261196136475,0.3920598775148392,0.3674077092747292,0.4040114613180516,349
val_calib,50,oracle_T_K,equal_mass,9,0.3920598775148392,0.44905975461006165,0.41856092615933677,0.4584527220630373,349
val_calib,50,oracle_T_K,equal_mass,10,0.44905975461006165,0.5241758823394775,0.4864440780656044,0.5300859598853869,349
val_calib,50,oracle_T_K,equal_mass,11,0.5241758823394775,0.6088866293430328,0.5703782550562387,0.6609195402298851,348
val_calib,50,oracle_T_K,equal_mass,12,0.6088866293430328,0.7284469902515411,0.6625701482794688,0.7908309455587392,349
val_calib,50,oracle_T_K,equal_mass,13,0.7284469902515411,0.8763581812381744,0.8014572980069158,0.8567335243553008,349
val_calib,50,oracle_T_K,equal_mass,14,0.8763581812381744,1.0,0.9423016384884416,0.9742120343839542,349
testA,5,native,equal_width,0,0.0,0.06666666666666667,0.0,0.0,0
testA,5,native,equal_width,1,0.06666666666666667,0.13333333333333333,0.0,0.0,0
testA,5,native,equal_width,2,0.13333333333333333,0.2,0.0,0.0,0
testA,5,native,equal_width,3,0.2,0.26666666666666666,0.2622542381286621,0.0,2
testA,5,native,equal_width,4,0.26666666666666666,0.3333333333333333,0.3068343186378479,0.16,25
testA,5,native,equal_width,5,0.3333333333333333,0.4,0.3700034581952625,0.4111111111111111,90
testA,5,native,equal_width,6,0.4,0.4666666666666667,0.43705485514457654,0.40397350993377484,151
testA,5,native,equal_width,7,0.4666666666666667,0.5333333333333333,0.5028222800271908,0.48859934853420195,307
testA,5,native,equal_width,8,0.5333333333333333,0.6,0.5662208287154927,0.5852941176470589,340
testA,5,native,equal_width,9,0.6,0.6666666666666666,0.6314679751308953,0.6189024390243902,328
testA,5,native,equal_width,10,0.6666666666666666,0.7333333333333333,0.7007914922867549,0.6539509536784741,367
testA,5,native,equal_width,11,0.7333333333333333,0.8,0.7684569336365963,0.7710144927536232,345
testA,5,native,equal_width,12,0.8,0.8666666666666667,0.8330744654728622,0.8095238095238095,378
testA,5,native,equal_width,13,0.8666666666666667,0.9333333333333333,0.9021192764376735,0.8972972972972973,555
testA,5,native,equal_width,14,0.9333333333333333,1.0,0.9862751914937916,0.9793328498912255,2758
testA,5,native,equal_mass,0,0.0,0.49624235928058624,0.4248233080861416,0.4148936170212766,376
testA,5,native,equal_mass,1,0.49624235928058624,0.5692741870880127,0.5306624874789664,0.5186170212765957,376
testA,5,native,equal_mass,2,0.5692741870880127,0.6407290101051331,0.6041213866886472,0.5888594164456233,377
testA,5,native,equal_mass,3,0.6407290101051331,0.715580940246582,0.6797979378953893,0.6702127659574468,376
testA,5,native,equal_mass,4,0.715580940246582,0.7864475548267365,0.7514426091621662,0.7347480106100795,377
testA,5,native,equal_mass,5,0.7864475548267365,0.8522831201553345,0.8201289570077936,0.8164893617021277,376
testA,5,native,equal_mass,6,0.8522831201553345,0.9060755372047424,0.8810590922515443,0.8617021276595744,376
testA,5,native,equal_mass,7,0.9060755372047424,0.9438568353652954,0.9265575838974364,0.9098143236074271,377
testA,5,native,equal_mass,8,0.9438568353652954,0.9683317542076111,0.9569313437380689,0.9547872340425532,376
testA,5,native,equal_mass,9,0.9683317542076111,0.9847257435321808,0.9772528073889144,0.9468085106382979,376
testA,5,native,equal_mass,10,0.9847257435321808,0.9940925240516663,0.9900874501830387,0.9840848806366048,377
testA,5,native,equal_mass,11,0.9940925240516663,0.9978655278682709,0.9962268470132605,0.9920212765957447,376
testA,5,native,equal_mass,12,0.9978655278682709,0.9996534585952759,0.9989377600128518,1.0,377
testA,5,native,equal_mass,13,0.9996534585952759,0.9999895691871643,0.999887838008556,1.0,376
testA,5,native,equal_mass,14,0.9999895691871643,1.0,0.9999982232440372,1.0,377
testA,5,global_T_corrected,equal_width,0,0.0,0.06666666666666667,0.0,0.0,0
testA,5,global_T_corrected,equal_width,1,0.06666666666666667,0.13333333333333333,0.0,0.0,0
testA,5,global_T_corrected,equal_width,2,0.13333333333333333,0.2,0.0,0.0,0
testA,5,global_T_corrected,equal_width,3,0.2,0.26666666666666666,0.257719025015831,0.0,2
testA,5,global_T_corrected,equal_width,4,0.26666666666666666,0.3333333333333333,0.30336619142828314,0.13793103448275862,29
testA,5,global_T_corrected,equal_width,5,0.3333333333333333,0.4,0.36754317525422797,0.41509433962264153,106
testA,5,global_T_corrected,equal_width,6,0.4,0.4666666666666667,0.4348370211465018,0.44571428571428573,175
testA,5,global_T_corrected,equal_width,7,0.4666666666666667,0.5333333333333333,0.5008873716206618,0.4732394366197183,355
testA,5,global_T_corrected,equal_width,8,0.5333333333333333,0.6,0.5671571095234139,0.6260387811634349,361
testA,5,global_T_corrected,equal_width,9,0.6,0.6666666666666666,0.6328939317614275,0.6268221574344023,343
testA,5,global_T_corrected,equal_width,10,0.6666666666666666,0.7333333333333333,0.698182938354356,0.695054945054945,364
testA,5,global_T_corrected,equal_width,11,0.7333333333333333,0.8,0.765984561882521,0.781578947368421,380
testA,5,global_T_corrected,equal_width,12,0.8,0.8666666666666667,0.8347611013180565,0.8535980148883374,403
testA,5,global_T_corrected,equal_width,13,0.8666666666666667,0.9333333333333333,0.9032602682838374,0.9136442141623489,579
testA,5,global_T_corrected,equal_width,14,0.9333333333333333,1.0,0.985287986207635,0.9835229501765398,2549
testA,5,global_T_corrected,equal_mass,0,0.0,0.4800444692373276,0.4114326773647298,0.4175531914893617,376
testA,5,global_T_corrected,equal_mass,1,0.4800444692373276,0.5493035912513733,0.5147637464898698,0.4946808510638298,376
testA,5,global_T_corrected,equal_mass,2,0.5493035912513733,0.6192910373210907,0.5843802850189512,0.623342175066313,377
testA,5,global_T_corrected,equal_mass,3,0.6192910373210907,0.689155101776123,0.6549903436544093,0.651595744680851,376
testA,5,global_T_corrected,equal_mass,4,0.689155101776123,0.7579091489315033,0.7234280071460916,0.7427055702917772,377
testA,5,global_T_corrected,equal_mass,5,0.7579091489315033,0.8252117037773132,0.7921694536158379,0.8138297872340425,376
testA,5,global_T_corrected,equal_mass,6,0.8252117037773132,0.8820591270923615,0.8555304243209514,0.8563829787234043,376
testA,5,global_T_corrected,equal_mass,7,0.8820591270923615,0.9263029396533966,0.9059248313663493,0.9124668435013262,377
testA,5,global_T_corrected,equal_mass,8,0.9263029396533966,0.95566526055336,0.9415440586407979,0.9573333333333334,375
testA,5,global_T_corrected,equal_mass,9,0.95566526055336,0.9770664274692535,0.9670814176662617,0.9445910290237467,379
testA,5,global_T_corrected,equal_mass,10,0.9770664274692535,0.9901217520236969,0.9844676415550517,0.9866310160427807,374
testA,5,global_T_corrected,equal_mass,11,0.9901217520236969,0.9961319863796234,0.9935020937211317,0.9920424403183024,377
testA,5,global_T_corrected,equal_mass,12,0.9961319863796234,0.9992523789405823,0.9979722612100191,1.0,377
testA,5,global_T_corrected,equal_mass,13,0.9992523789405823,0.9999688863754272,0.999740722173072,1.0,376
testA,5,global_T_corrected,equal_mass,14,0.9999688863754272,1.0,0.9999941570056844,1.0,377
testA,5,oracle_T_K,equal_width,0,0.0,0.06666666666666667,0.0,0.0,0
testA,5,oracle_T_K,equal_width,1,0.06666666666666667,0.13333333333333333,0.0,0.0,0
testA,5,oracle_T_K,equal_width,2,0.13333333333333333,0.2,0.0,0.0,0
testA,5,oracle_T_K,equal_width,3,0.2,0.26666666666666666,0.25656159222126007,0.0,2
testA,5,oracle_T_K,equal_width,4,0.26666666666666666,0.3333333333333333,0.3041603770107031,0.15625,32
testA,5,oracle_T_K,equal_width,5,0.3333333333333333,0.4,0.36772276108915153,0.43636363636363634,110
testA,5,oracle_T_K,equal_width,6,0.4,0.4666666666666667,0.4356208650823583,0.44919786096256686,187
testA,5,oracle_T_K,equal_width,7,0.4666666666666667,0.5333333333333333,0.5009770530034166,0.4861878453038674,362
testA,5,oracle_T_K,equal_width,8,0.5333333333333333,0.6,0.5673754365476843,0.6082191780821918,365
testA,5,oracle_T_K,equal_width,9,0.6,0.6666666666666666,0.6334466641260819,0.6448863636363636,352
testA,5,oracle_T_K,equal_width,10,0.6666666666666666,0.7333333333333333,0.6994824657314702,0.7052631578947368,380
testA,5,oracle_T_K,equal_width,11,0.7333333333333333,0.8,0.7677881317138672,0.7973333333333333,375
testA,5,oracle_T_K,equal_width,12,0.8,0.8666666666666667,0.8357865610240418,0.8592592592592593,405
testA,5,oracle_T_K,equal_width,13,0.8666666666666667,0.9333333333333333,0.9036870542754475,0.9179487179487179,585
testA,5,oracle_T_K,equal_width,14,0.9333333333333333,1.0,0.9850801465406996,0.9839421918908069,2491
testA,5,oracle_T_K,equal_mass,0,0.0,0.47522659599781036,0.40791069644879785,0.4175531914893617,376
testA,5,oracle_T_K,equal_mass,1,0.47522659599781036,0.5450140833854675,0.5105732893373104,0.4946808510638298,376
testA,5,oracle_T_K,equal_mass,2,0.5450140833854675,0.613738089799881,0.5792908578399638,0.6180371352785146,377
testA,5,oracle_T_K,equal_mass,3,0.613738089799881,0.6808798015117645,0.6485985485797233,0.6595744680851063,376
testA,5,oracle_T_K,equal_mass,4,0.6808798015117645,0.7504487335681915,0.7161022157504641,0.7374005305039788,377
testA,5,oracle_T_K,equal_mass,5,0.7504487335681915,0.8176375031471252,0.7846454096601364,0.8164893617021277,376
testA,5,oracle_T_K,equal_mass,6,0.8176375031471252,0.8760159313678741,0.8484256216820251,0.8563829787234043,376
testA,5,oracle_T_K,equal_mass,7,0.8760159313678741,0.9215143620967865,0.9000055538564525,0.9124668435013262,377
testA,5,oracle_T_K,equal_mass,8,0.9215143620967865,0.9518778324127197,0.9369999225786392,0.9547872340425532,376
testA,5,oracle_T_K,equal_mass,9,0.9518778324127197,0.9747466146945953,0.9639240919120748,0.946949602122016,377
testA,5,oracle_T_K,equal_mass,10,0.9747466146945953,0.9888635277748108,0.9826188878493106,0.9867021276595744,376
testA,5,oracle_T_K,equal_mass,11,0.9888635277748108,0.9955179989337921,0.992572750816954,0.9920212765957447,376
testA,5,oracle_T_K,equal_mass,12,0.9955179989337921,0.9990940988063812,0.9976170089896225,1.0,377
testA,5,oracle_T_K,equal_mass,13,0.9990940988063812,0.999958872795105,0.9996801931807335,1.0,376
testA,5,oracle_T_K,equal_mass,14,0.999958872795105,1.0,0.9999921258627894,1.0,377
testA,10,native,equal_width,0,0.0,0.06666666666666667,0.0,0.0,0
testA,10,native,equal_width,1,0.06666666666666667,0.13333333333333333,0.0,0.0,0
testA,10,native,equal_width,2,0.13333333333333333,0.2,0.1725848118464152,0.3333333333333333,3
testA,10,native,equal_width,3,0.2,0.26666666666666666,0.24230405375842126,0.14516129032258066,62
testA,10,native,equal_width,4,0.26666666666666666,0.3333333333333333,0.3045410306414188,0.32044198895027626,181
testA,10,native,equal_width,5,0.3333333333333333,0.4,0.3687440571701451,0.3503184713375796,314
testA,10,native,equal_width,6,0.4,0.4666666666666667,0.43446930705895886,0.4010152284263959,394
testA,10,native,equal_width,7,0.4666666666666667,0.5333333333333333,0.5014075151072489,0.5134529147982063,446
testA,10,native,equal_width,8,0.5333333333333333,0.6,0.5650823764748626,0.5538461538461539,455
testA,10,native,equal_width,9,0.6,0.6666666666666666,0.6320648039308723,0.6256038647342995,414
testA,10,native,equal_width,10,0.6666666666666666,0.7333333333333333,0.7009273675190011,0.7360406091370558,394
testA,10,native,equal_width,11,0.7333333333333333,0.8,0.7681605533069494,0.8112244897959183,392
testA,10,native,equal_width,12,0.8,0.8666666666666667,0.8329503618007482,0.8069767441860465,430
testA,10,native,equal_width,13,0.8666666666666667,0.9333333333333333,0.9019795940240798,0.9043321299638989,554
testA,10,native,equal_width,14,0.9333333333333333,1.0,0.9808276567907162,0.9757311761045426,1607
testA,10,native,equal_mass,0,0.0,0.3652823120355606,0.309064790883914,0.324468085106383,376
testA,10,native,equal_mass,1,0.3652823120355606,0.4321412295103073,0.4002719888503247,0.34574468085106386,376
testA,10,native,equal_mass,2,0.4321412295103073,0.4943619966506958,0.4644075793359893,0.46684350132625996,377
testA,10,native,equal_mass,3,0.4943619966506958,0.5469557642936707,0.5218199624660167,0.5132978723404256,376
testA,10,native,equal_mass,4,0.5469557642936707,0.6030102968215942,0.5746493954507131,0.5714285714285714,378
testA,10,native,equal_mass,5,0.6030102968215942,0.6650755703449249,0.6333464481035869,0.6213333333333333,375
testA,10,native,equal_mass,6,0.6650755703449249,0.7288095653057098,0.6975854784250259,0.7287234042553191,376
testA,10,native,equal_mass,7,0.7288095653057098,0.7923455238342285,0.7620814611804264,0.8063660477453581,377
testA,10,native,equal_mass,8,0.7923455238342285,0.8529706299304962,0.8218388928377882,0.8031914893617021,376
testA,10,native,equal_mass,9,0.8529706299304962,0.9037109911441803,0.878897986140112,0.8806366047745358,377
testA,10,native,equal_mass,10,0.9037109911441803,0.9428470134735107,0.9237138045595047,0.9122340425531915,376
testA,10,native,equal_mass,11,0.9428470134735107,0.9734350740909576,0.9587234203168686,0.9547872340425532,376
testA,10,native,equal_mass,12,0.9734350740909576,0.9893393814563751,0.9821247616560452,0.9734748010610079,377
testA,10,native,equal_mass,13,0.9893393814563751,0.9979280829429626,0.9942889202465403,0.9893617021276596,376
testA,10,native,equal_mass,14,0.9979280829429626,1.0,0.9994747665579818,1.0,377
testA,10,global_T_corrected,equal_width,0,0.0,0.06666666666666667,0.0,0.0,0
testA,10,global_T_corrected,equal_width,1,0.06666666666666667,0.13333333333333333,0.0,0.0,0
testA,10,global_T_corrected,equal_width,2,0.13333333333333333,0.2,0.17409954965114594,0.25,4
testA,10,global_T_corrected,equal_width,3,0.2,0.26666666666666666,0.24090389667571277,0.16091954022988506,87
testA,10,global_T_corrected,equal_width,4,0.26666666666666666,0.3333333333333333,0.30324029525121055,0.37142857142857144,210
testA,10,global_T_corrected,equal_width,5,0.3333333333333333,0.4,0.36646219831373955,0.34444444444444444,360
testA,10,global_T_corrected,equal_width,6,0.4,0.4666666666666667,0.43266658936071833,0.44724770642201833,436
testA,10,global_T_corrected,equal_width,7,0.4666666666666667,0.5333333333333333,0.5015851011578466,0.5150905432595574,497
testA,10,global_T_corrected,equal_width,8,0.5333333333333333,0.6,0.566338316209789,0.5927505330490405,469
testA,10,global_T_corrected,equal_width,9,0.6,0.6666666666666666,0.6338933399832953,0.6658097686375322,389
testA,10,global_T_corrected,equal_width,10,0.6666666666666666,0.7333333333333333,0.698041298624241,0.7929292929292929,396
testA,10,global_T_corrected,equal_width,11,0.7333333333333333,0.8,0.7649980776450214,0.8047058823529412,425
testA,10,global_T_corrected,equal_width,12,0.8,0.8666666666666667,0.8353729388209816,0.8456057007125891,421
testA,10,global_T_corrected,equal_width,13,0.8666666666666667,0.9333333333333333,0.901545896910239,0.9112318840579711,552
testA,10,global_T_corrected,equal_width,14,0.9333333333333333,1.0,0.9798244756885938,0.9857142857142858,1400
testA,10,global_T_corrected,equal_mass,0,0.0,0.34868024289608,0.2949256720615828,0.32978723404255317,376
testA,10,global_T_corrected,equal_mass,1,0.34868024289608,0.4124624878168106,0.38122126206438595,0.3377659574468085,376
testA,10,global_T_corrected,equal_mass,2,0.4124624878168106,0.47147463262081146,0.44216343681439163,0.46153846153846156,377
testA,10,global_T_corrected,equal_mass,3,0.47147463262081146,0.5230240523815155,0.4981587257315504,0.5026595744680851,376
testA,10,global_T_corrected,equal_mass,4,0.5230240523815155,0.5746285617351532,0.5472671718432985,0.5888594164456233,377
testA,10,global_T_corrected,equal_mass,5,0.5746285617351532,0.6330689787864685,0.6032902127567757,0.6143617021276596,376
testA,10,global_T_corrected,equal_mass,6,0.6330689787864685,0.6934781670570374,0.6645813129366712,0.7340425531914894,376
testA,10,global_T_corrected,equal_mass,7,0.6934781670570374,0.756292998790741,0.7269553298659287,0.8037135278514589,377
testA,10,global_T_corrected,equal_mass,8,0.756292998790741,0.8207411766052246,0.787590263371772,0.8058510638297872,376
testA,10,global_T_corrected,equal_mass,9,0.8207411766052246,0.8761597275733948,0.8491925208258692,0.8779840848806366,377
testA,10,global_T_corrected,equal_mass,10,0.8761597275733948,0.922927588224411,0.8999258588920248,0.9202127659574468,376
testA,10,global_T_corrected,equal_mass,11,0.922927588224411,0.960945725440979,0.9424335425521465,0.9521276595744681,376
testA,10,global_T_corrected,equal_mass,12,0.960945725440979,0.9830567538738251,0.972750367473228,0.9761273209549072,377
testA,10,global_T_corrected,equal_mass,13,0.9830567538738251,0.9961067140102386,0.9903258281819364,0.9867021276595744,376
testA,10,global_T_corrected,equal_mass,14,0.9961067140102386,1.0,0.9989534989592251,1.0,377
testA,10,oracle_T_K,equal_width,0,0.0,0.06666666666666667,0.0,0.0,0
testA,10,oracle_T_K,equal_width,1,0.06666666666666667,0.13333333333333333,0.0,0.0,0
testA,10,oracle_T_K,equal_width,2,0.13333333333333333,0.2,0.1752176135778427,0.25,4
testA,10,oracle_T_K,equal_width,3,0.2,0.26666666666666666,0.24091548518634137,0.16049382716049382,81
testA,10,oracle_T_K,equal_width,4,0.26666666666666666,0.3333333333333333,0.3037801342351096,0.3619047619047619,210
testA,10,oracle_T_K,equal_width,5,0.3333333333333333,0.4,0.3673550091192852,0.3524355300859599,349
testA,10,oracle_T_K,equal_width,6,0.4,0.4666666666666667,0.4333632202060134,0.4351851851851852,432
testA,10,oracle_T_K,equal_width,7,0.4666666666666667,0.5333333333333333,0.5024290434955582,0.5060975609756098,492
testA,10,oracle_T_K,equal_width,8,0.5333333333333333,0.6,0.5666803943074268,0.5891304347826087,460
testA,10,oracle_T_K,equal_width,9,0.6,0.6666666666666666,0.633782164165468,0.6742424242424242,396
testA,10,oracle_T_K,equal_width,10,0.6666666666666666,0.7333333333333333,0.6988888284328937,0.7811704834605598,393
testA,10,oracle_T_K,equal_width,11,0.7333333333333333,0.8,0.7666467978616878,0.7981438515081206,431
testA,10,oracle_T_K,equal_width,12,0.8,0.8666666666666667,0.8354418322001353,0.844059405940594,404
testA,10,oracle_T_K,equal_width,13,0.8666666666666667,0.9333333333333333,0.9019652832619154,0.9089316987740805,571
testA,10,oracle_T_K,equal_width,14,0.9333333333333333,1.0,0.9803481288385156,0.9845397048489107,1423
testA,10,oracle_T_K,equal_mass,0,0.0,0.35106079280376434,0.29728523804310786,0.3324468085106383,376
testA,10,oracle_T_K,equal_mass,1,0.35106079280376434,0.41528676450252533,0.38440415857637183,0.3351063829787234,376
testA,10,oracle_T_K,equal_mass,2,0.41528676450252533,0.47601814568042755,0.44586336905191054,0.4562334217506631,377
testA,10,oracle_T_K,equal_mass,3,0.47601814568042755,0.5266201794147491,0.5021974637787393,0.5079787234042553,376
testA,10,oracle_T_K,equal_mass,4,0.5266201794147491,0.5790958404541016,0.5518135363606622,0.5862068965517241,377
testA,10,oracle_T_K,equal_mass,5,0.5790958404541016,0.6381036937236786,0.6082642733099612,0.6170212765957447,376
testA,10,oracle_T_K,equal_mass,6,0.6381036937236786,0.6989275813102722,0.6701644194569993,0.7340425531914894,376
testA,10,oracle_T_K,equal_mass,7,0.6989275813102722,0.7622808218002319,0.7329177788461235,0.8063660477453581,377
testA,10,oracle_T_K,equal_mass,8,0.7622808218002319,0.8261035084724426,0.7935087038798535,0.8031914893617021,376
testA,10,oracle_T_K,equal_mass,9,0.8261035084724426,0.8810053765773773,0.8544331384274308,0.8779840848806366,377
testA,10,oracle_T_K,equal_mass,10,0.8810053765773773,0.9265932738780975,0.9042242679824221,0.9175531914893617,376
testA,10,oracle_T_K,equal_mass,11,0.9265932738780975,0.9633656442165375,0.9454516075710033,0.9547872340425532,376
testA,10,oracle_T_K,equal_mass,12,0.9633656442165375,0.984196811914444,0.974551600075527,0.9761273209549072,377
testA,10,oracle_T_K,equal_mass,13,0.984196811914444,0.9964846670627594,0.9911214569781689,0.9867021276595744,376
testA,10,oracle_T_K,equal_mass,14,0.9964846670627594,1.0,0.9990648639929389,1.0,377
testA,20,native,equal_width,0,0.0,0.06666666666666667,0.0,0.0,0
testA,20,native,equal_width,1,0.06666666666666667,0.13333333333333333,0.1232470665127039,0.25,8
testA,20,native,equal_width,2,0.13333333333333333,0.2,0.17597510909833827,0.15966386554621848,119
testA,20,native,equal_width,3,0.2,0.26666666666666666,0.23488220590868114,0.21296296296296297,324
testA,20,native,equal_width,4,0.26666666666666666,0.3333333333333333,0.30116205693793896,0.27310924369747897,476
testA,20,native,equal_width,5,0.3333333333333333,0.4,0.36694048184363454,0.38391224862888484,547
testA,20,native,equal_width,6,0.4,0.4666666666666667,0.43222677873856075,0.45539033457249073,538
testA,20,native,equal_width,7,0.4666666666666667,0.5333333333333333,0.4987284791028917,0.5077821011673151,514
testA,20,native,equal_width,8,0.5333333333333333,0.6,0.565505828823443,0.5605700712589073,421
testA,20,native,equal_width,9,0.6,0.6666666666666666,0.634640364116327,0.6907514450867052,346
testA,20,native,equal_width,10,0.6666666666666666,0.7333333333333333,0.6997253926851417,0.7956989247311828,372
testA,20,native,equal_width,11,0.7333333333333333,0.8,0.766228365240159,0.7532467532467533,308
testA,20,native,equal_width,12,0.8,0.8666666666666667,0.835251472890377,0.8361111111111111,360
testA,20,native,equal_width,13,0.8666666666666667,0.9333333333333333,0.9008080190188558,0.9222903885480572,489
testA,20,native,equal_width,14,0.9333333333333333,1.0,0.9745444024650796,0.9733009708737864,824
testA,20,native,equal_mass,0,0.0,0.2509913891553879,0.20901268027088743,0.18085106382978725,376
testA,20,native,equal_mass,1,0.2509913891553879,0.30962735414505005,0.28326048313620245,0.2553191489361702,376
testA,20,native,equal_mass,2,0.30962735414505005,0.3587680906057358,0.33474282339333855,0.3050397877984085,377
testA,20,native,equal_mass,3,0.3587680906057358,0.4040133059024811,0.3810388260382287,0.43617021276595747,376
testA,20,native,equal_mass,4,0.4040133059024811,0.4492753893136978,0.4256301078777414,0.4297082228116711,377
testA,20,native,equal_mass,5,0.4492753893136978,0.49611030519008636,0.47299275991130385,0.5079787234042553,376
testA,20,native,equal_mass,6,0.49611030519008636,0.547740250825882,0.5226008130356352,0.523936170212766,376
testA,20,native,equal_mass,7,0.547740250825882,0.6155146360397339,0.5796349412250266,0.5862068965517241,377
testA,20,native,equal_mass,8,0.6155146360397339,0.6839185357093811,0.6496147113911649,0.7180851063829787,376
testA,20,native,equal_mass,9,0.6839185357093811,0.7533774971961975,0.7174427570967838,0.7904509283819628,377
testA,20,native,equal_mass,10,0.7533774971961975,0.8346619307994843,0.7950442046561139,0.7712765957446809,376
testA,20,native,equal_mass,11,0.8346619307994843,0.8911003470420837,0.8641995824080833,0.898936170212766,376
testA,20,native,equal_mass,12,0.8911003470420837,0.9418428242206573,0.9182805343078998,0.9151193633952255,377
testA,20,native,equal_mass,13,0.9418428242206573,0.9803821742534637,0.9634018744877044,0.9707446808510638,376
testA,20,native,equal_mass,14,0.9803821742534637,1.0,0.9926360167306045,0.9893899204244032,377
testA,20,global_T_corrected,equal_width,0,0.0,0.06666666666666667,0.0,0.0,0
testA,20,global_T_corrected,equal_width,1,0.06666666666666667,0.13333333333333333,0.12074509263038635,0.16666666666666666,12
testA,20,global_T_corrected,equal_width,2,0.13333333333333333,0.2,0.17412899605407836,0.17197452229299362,157
testA,20,global_T_corrected,equal_width,3,0.2,0.26666666666666666,0.23418225649744273,0.23,400
testA,20,global_T_corrected,equal_width,4,0.26666666666666666,0.3333333333333333,0.30005893881030626,0.28044280442804426,542
testA,20,global_T_corrected,equal_width,5,0.3333333333333333,0.4,0.36662035442814966,0.44224422442244227,606
testA,20,global_T_corrected,equal_width,6,0.4,0.4666666666666667,0.4334612381805705,0.47358834244080145,549
testA,20,global_T_corrected,equal_width,7,0.4666666666666667,0.5333333333333333,0.49935808520258207,0.5308641975308642,486
testA,20,global_T_corrected,equal_width,8,0.5333333333333333,0.6,0.565009572774248,0.6317135549872123,391
testA,20,global_T_corrected,equal_width,9,0.6,0.6666666666666666,0.6332463264465332,0.7662337662337663,385
testA,20,global_T_corrected,equal_width,10,0.6666666666666666,0.7333333333333333,0.6985495632671448,0.7439759036144579,332
testA,20,global_T_corrected,equal_width,11,0.7333333333333333,0.8,0.7677680028504447,0.8157894736842105,304
testA,20,global_T_corrected,equal_width,12,0.8,0.8666666666666667,0.8345171352778034,0.8942065491183879,397
testA,20,global_T_corrected,equal_width,13,0.8666666666666667,0.9333333333333333,0.9006372955908258,0.9228915662650602,415
testA,20,global_T_corrected,equal_width,14,0.9333333333333333,1.0,0.9721916689801572,0.9835820895522388,670
testA,20,global_T_corrected,equal_mass,0,0.0,0.23519272357225418,0.19595137844852945,0.18085106382978725,376
testA,20,global_T_corrected,equal_mass,1,0.23519272357225418,0.28840868175029755,0.2648588362288602,0.2553191489361702,376
testA,20,global_T_corrected,equal_mass,2,0.28840868175029755,0.33581556379795074,0.31259864031161805,0.30238726790450926,377
testA,20,global_T_corrected,equal_mass,3,0.33581556379795074,0.3775057941675186,0.355921448862299,0.4521276595744681,376
testA,20,global_T_corrected,equal_mass,4,0.3775057941675186,0.42035214602947235,0.3977516891943681,0.4509283819628647,377
testA,20,global_T_corrected,equal_mass,5,0.42035214602947235,0.4658150374889374,0.4431147114869128,0.47606382978723405,376
testA,20,global_T_corrected,equal_mass,6,0.4658150374889374,0.5156249403953552,0.49087651303790986,0.5106382978723404,376
testA,20,global_T_corrected,equal_mass,7,0.5156249403953552,0.5769333839416504,0.5440982627615688,0.5994694960212201,377
testA,20,global_T_corrected,equal_mass,8,0.5769333839416504,0.6410817801952362,0.6102036473915932,0.7154255319148937,376
testA,20,global_T_corrected,equal_mass,9,0.6410817801952362,0.7124548852443695,0.6753370990513494,0.791005291005291,378
testA,20,global_T_corrected,equal_mass,10,0.7124548852443695,0.794600784778595,0.7544391781489055,0.7733333333333333,375
testA,20,global_T_corrected,equal_mass,11,0.794600784778595,0.8586533963680267,0.8287622318305867,0.8856382978723404,376
testA,20,global_T_corrected,equal_mass,12,0.8586533963680267,0.9191802144050598,0.8904331734389146,0.9310344827586207,377
testA,20,global_T_corrected,equal_mass,13,0.9191802144050598,0.9686743915081024,0.9464361997360878,0.9654255319148937,376
testA,20,global_T_corrected,equal_mass,14,0.9686743915081024,1.0,0.987802125889047,0.9893899204244032,377
testA,20,oracle_T_K,equal_width,0,0.0,0.06666666666666667,0.0,0.0,0
testA,20,oracle_T_K,equal_width,1,0.06666666666666667,0.13333333333333333,0.12115674093365669,0.2,10
testA,20,oracle_T_K,equal_width,2,0.13333333333333333,0.2,0.17548075655143555,0.15753424657534246,146
testA,20,oracle_T_K,equal_width,3,0.2,0.26666666666666666,0.23436009716920825,0.22408963585434175,357
testA,20,oracle_T_K,equal_width,4,0.26666666666666666,0.3333333333333333,0.3000083740885931,0.2786259541984733,524
testA,20,oracle_T_K,equal_width,5,0.3333333333333333,0.4,0.3675904387376124,0.41245791245791247,594
testA,20,oracle_T_K,equal_width,6,0.4,0.4666666666666667,0.43342266122946577,0.47191011235955055,534
testA,20,oracle_T_K,equal_width,7,0.4666666666666667,0.5333333333333333,0.49921583222821503,0.5268389662027833,503
testA,20,oracle_T_K,equal_width,8,0.5333333333333333,0.6,0.5647556769510774,0.5989717223650386,389
testA,20,oracle_T_K,equal_width,9,0.6,0.6666666666666666,0.6343466951439418,0.7331606217616581,386
testA,20,oracle_T_K,equal_width,10,0.6666666666666666,0.7333333333333333,0.6992705353147435,0.7842565597667639,343
testA,20,oracle_T_K,equal_width,11,0.7333333333333333,0.8,0.7666343651235304,0.7744107744107744,297
testA,20,oracle_T_K,equal_width,12,0.8,0.8666666666666667,0.8352764675888834,0.8708860759493671,395
testA,20,oracle_T_K,equal_width,13,0.8666666666666667,0.9333333333333333,0.9009723586637871,0.9232505643340858,443
testA,20,oracle_T_K,equal_width,14,0.9333333333333333,1.0,0.9733931223277388,0.9820689655172414,725
testA,20,oracle_T_K,equal_mass,0,0.0,0.24144898355007172,0.20096564726864405,0.18085106382978725,376
testA,20,oracle_T_K,equal_mass,1,0.24144898355007172,0.2967608869075775,0.27195421003914894,0.2553191489361702,376
testA,20,oracle_T_K,equal_mass,2,0.2967608869075775,0.3447464853525162,0.321096265031425,0.29973474801061006,377
testA,20,oracle_T_K,equal_mass,3,0.3447464853525162,0.3885457515716553,0.3656712756987582,0.45478723404255317,376
testA,20,oracle_T_K,equal_mass,4,0.3885457515716553,0.4316573590040207,0.40855120972233677,0.4350132625994695,377
testA,20,oracle_T_K,equal_mass,5,0.4316573590040207,0.47741907835006714,0.45474649688347857,0.4946808510638298,376
testA,20,oracle_T_K,equal_mass,6,0.47741907835006714,0.527825653553009,0.5031548275592479,0.5106382978723404,376
testA,20,oracle_T_K,equal_mass,7,0.527825653553009,0.5912396311759949,0.5578963135218431,0.5941644562334217,377
testA,20,oracle_T_K,equal_mass,8,0.5912396311759949,0.6575929224491119,0.6255086833175193,0.7180851063829787,376
testA,20,oracle_T_K,equal_mass,9,0.6575929224491119,0.7291834056377411,0.691852605469347,0.7877984084880637,377
testA,20,oracle_T_K,equal_mass,10,0.7291834056377411,0.8108072876930237,0.7705318334888904,0.776595744680851,376
testA,20,oracle_T_K,equal_mass,11,0.8108072876930237,0.8719150424003601,0.8430770724614461,0.8906666666666667,375
testA,20,oracle_T_K,equal_mass,12,0.8719150424003601,0.9286676347255707,0.9018792323965245,0.9259259259259259,378
testA,20,oracle_T_K,equal_mass,13,0.9286676347255707,0.9737243950366974,0.9537072738222482,0.9655172413793104,377
testA,20,oracle_T_K,equal_mass,14,0.9737243950366974,1.0,0.9899758214646197,0.9893617021276596,376
testA,50,native,equal_width,0,0.0,0.06666666666666667,0.061146589616934456,0.0,3
testA,50,native,equal_width,1,0.06666666666666667,0.13333333333333333,0.11220932940439302,0.08979591836734693,245
testA,50,native,equal_width,2,0.13333333333333333,0.2,0.1683595481478697,0.182370820668693,658
testA,50,native,equal_width,3,0.2,0.26666666666666666,0.23334697628871567,0.24005486968449932,729
testA,50,native,equal_width,4,0.26666666666666666,0.3333333333333333,0.29994466884867094,0.34002677376171353,747
testA,50,native,equal_width,5,0.3333333333333333,0.4,0.3659571677881436,0.39233576642335766,548
testA,50,native,equal_width,6,0.4,0.4666666666666667,0.43181478750251817,0.4589178356713427,499
testA,50,native,equal_width,7,0.4666666666666667,0.5333333333333333,0.49767296123394006,0.5962877030162413,431
testA,50,native,equal_width,8,0.5333333333333333,0.6,0.5652252911058672,0.6871165644171779,326
testA,50,native,equal_width,9,0.6,0.6666666666666666,0.6319189295458154,0.7739463601532567,261
testA,50,native,equal_width,10,0.6666666666666666,0.7333333333333333,0.7006942999606229,0.7877551020408163,245
testA,50,native,equal_width,11,0.7333333333333333,0.8,0.7674841539532531,0.8431372549019608,255
testA,50,native,equal_width,12,0.8,0.8666666666666667,0.8314353001528773,0.9051724137931034,232
testA,50,native,equal_width,13,0.8666666666666667,0.9333333333333333,0.9001881374696795,0.9425837320574163,209
testA,50,native,equal_width,14,0.9333333333333333,1.0,0.9691427190636479,0.9961240310077519,258
testA,50,native,equal_mass,0,0.0,0.14715858548879623,0.12135660370930712,0.10106382978723404,376
testA,50,native,equal_mass,1,0.14715858548879623,0.18707069009542465,0.16768925692489806,0.18882978723404256,376
testA,50,native,equal_mass,2,0.18707069009542465,0.22100219875574112,0.2034630560827508,0.22281167108753316,377
testA,50,native,equal_mass,3,0.22100219875574112,0.2548741549253464,0.2374369295987677,0.2473404255319149,376
testA,50,native,equal_mass,4,0.2548741549253464,0.28886955976486206,0.27203772191343634,0.28116710875331563,377
testA,50,native,equal_mass,5,0.28886955976486206,0.3218369632959366,0.30518702718805757,0.35106382978723405,376
testA,50,native,equal_mass,6,0.3218369632959366,0.3622491657733917,0.341441984902671,0.375,376
testA,50,native,equal_mass,7,0.3622491657733917,0.4098803699016571,0.38630374475562607,0.41644562334217505,377
testA,50,native,equal_mass,8,0.4098803699016571,0.4592968821525574,0.4341075199240066,0.46808510638297873,376
testA,50,native,equal_mass,9,0.4592968821525574,0.5157491862773895,0.48702951214357776,0.5543766578249337,377
testA,50,native,equal_mass,10,0.5157491862773895,0.5899614989757538,0.551111102738279,0.6728723404255319,376
testA,50,native,equal_mass,11,0.5899614989757538,0.68931645154953,0.635825772710303,0.7712765957446809,376
testA,50,native,equal_mass,12,0.68931645154953,0.7859715521335602,0.7365267780867029,0.824468085106383,376
testA,50,native,equal_mass,13,0.7859715521335602,0.8944968581199646,0.8375925581398314,0.9071618037135278,377
testA,50,native,equal_mass,14,0.8944968581199646,1.0,0.9521629453021588,0.9761273209549072,377
testA,50,global_T_corrected,equal_width,0,0.0,0.06666666666666667,0.060700492933392525,0.0,6
testA,50,global_T_corrected,equal_width,1,0.06666666666666667,0.13333333333333333,0.11100115041049678,0.11235955056179775,356
testA,50,global_T_corrected,equal_width,2,0.13333333333333333,0.2,0.16744534401098887,0.20266666666666666,750
testA,50,global_T_corrected,equal_width,3,0.2,0.26666666666666666,0.2332573339397521,0.27161997563946405,821
testA,50,global_T_corrected,equal_width,4,0.26666666666666666,0.3333333333333333,0.29714108039838716,0.37273991655076494,719
testA,50,global_T_corrected,equal_width,5,0.3333333333333333,0.4,0.3651748546040975,0.40734265734265734,572
testA,50,global_T_corrected,equal_width,6,0.4,0.4666666666666667,0.4312183620682751,0.5378486055776892,502
testA,50,global_T_corrected,equal_width,7,0.4666666666666667,0.5333333333333333,0.4988303304349304,0.6666666666666666,378
testA,50,global_T_corrected,equal_width,8,0.5333333333333333,0.6,0.5647138890467192,0.7368421052631579,285
testA,50,global_T_corrected,equal_width,9,0.6,0.6666666666666666,0.634202070236206,0.812,250
testA,50,global_T_corrected,equal_width,10,0.6666666666666666,0.7333333333333333,0.6982912189849821,0.8354430379746836,237
testA,50,global_T_corrected,equal_width,11,0.7333333333333333,0.8,0.7629908300264711,0.8669527896995708,233
testA,50,global_T_corrected,equal_width,12,0.8,0.8666666666666667,0.8325488697341148,0.9414893617021277,188
testA,50,global_T_corrected,equal_width,13,0.8666666666666667,0.9333333333333333,0.9012391706656294,0.9590643274853801,171
testA,50,global_T_corrected,equal_width,14,0.9333333333333333,1.0,0.9684678982482867,1.0,178
testA,50,global_T_corrected,equal_mass,0,0.0,0.134421706199646,0.11104597384110093,0.11702127659574468,376
testA,50,global_T_corrected,equal_mass,1,0.134421706199646,0.16922584921121597,0.15248260627243113,0.17287234042553193,376
testA,50,global_T_corrected,equal_mass,2,0.16922584921121597,0.2013131007552147,0.18511907313641565,0.22546419098143236,377
testA,50,global_T_corrected,equal_mass,3,0.2013131007552147,0.2320215255022049,0.21628827149880694,0.24202127659574468,376
testA,50,global_T_corrected,equal_mass,4,0.2320215255022049,0.2628730535507202,0.2473729469810936,0.2864721485411141,377
testA,50,global_T_corrected,equal_mass,5,0.2628730535507202,0.29281510412693024,0.277289729882428,0.35904255319148937,376
testA,50,global_T_corrected,equal_mass,6,0.29281510412693024,0.33146098256111145,0.3109224321360284,0.3882978723404255,376
testA,50,global_T_corrected,equal_mass,7,0.33146098256111145,0.3728114664554596,0.35153346368425403,0.41114058355437666,377
testA,50,global_T_corrected,equal_mass,8,0.3728114664554596,0.4186496138572693,0.3965960218709834,0.4521276595744681,376
testA,50,global_T_corrected,equal_mass,9,0.4186496138572693,0.4737994521856308,0.44448812270354215,0.5543766578249337,377
testA,50,global_T_corrected,equal_mass,10,0.4737994521856308,0.5414460301399231,0.5053580222611732,0.6675531914893617,376
testA,50,global_T_corrected,equal_mass,11,0.5414460301399231,0.6345975697040558,0.5849407002963918,0.776595744680851,376
testA,50,global_T_corrected,equal_mass,12,0.6345975697040558,0.7364963591098785,0.6849029528999835,0.8275862068965517,377
testA,50,global_T_corrected,equal_mass,13,0.7364963591098785,0.8564241826534271,0.7916494593658345,0.9042553191489362,376
testA,50,global_T_corrected,equal_mass,14,0.8564241826534271,1.0,0.9300729048979377,0.9734748010610079,377
testA,50,oracle_T_K,equal_width,0,0.0,0.06666666666666667,0.06044813866416613,0.0,3
testA,50,oracle_T_K,equal_width,1,0.06666666666666667,0.13333333333333333,0.11225271216509017,0.08333333333333333,264
testA,50,oracle_T_K,equal_width,2,0.13333333333333333,0.2,0.16854916501928258,0.1925925925925926,675
testA,50,oracle_T_K,equal_width,3,0.2,0.26666666666666666,0.23351709609534466,0.23809523809523808,735
testA,50,oracle_T_K,equal_width,4,0.26666666666666666,0.3333333333333333,0.2990100796251605,0.35175202156334234,742
testA,50,oracle_T_K,equal_width,5,0.3333333333333333,0.4,0.3657420129386484,0.3859964093357271,557
testA,50,oracle_T_K,equal_width,6,0.4,0.4666666666666667,0.4333130578542578,0.4674329501915709,522
testA,50,oracle_T_K,equal_width,7,0.4666666666666667,0.5333333333333333,0.4988908578323413,0.6329113924050633,395
testA,50,oracle_T_K,equal_width,8,0.5333333333333333,0.6,0.5640990590163428,0.6749226006191951,323
testA,50,oracle_T_K,equal_width,9,0.6,0.6666666666666666,0.6309489446527817,0.796078431372549,255
testA,50,oracle_T_K,equal_width,10,0.6666666666666666,0.7333333333333333,0.7003144767340712,0.7992125984251969,254
testA,50,oracle_T_K,equal_width,11,0.7333333333333333,0.8,0.76830787191204,0.8352941176470589,255
testA,50,oracle_T_K,equal_width,12,0.8,0.8666666666666667,0.8318438292096514,0.9174311926605505,218
testA,50,oracle_T_K,equal_width,13,0.8666666666666667,0.9333333333333333,0.9007396475203986,0.941747572815534,206
testA,50,oracle_T_K,equal_width,14,0.9333333333333333,1.0,0.9692648725568755,1.0,242
testA,50,oracle_T_K,equal_mass,0,0.0,0.14487996697425842,0.11968199850278015,0.10372340425531915,376
testA,50,oracle_T_K,equal_mass,1,0.14487996697425842,0.18400637060403824,0.16520989801179856,0.18882978723404256,376
testA,50,oracle_T_K,equal_mass,2,0.18400637060403824,0.21791541576385498,0.2004835321036827,0.22015915119363394,377
testA,50,oracle_T_K,equal_mass,3,0.21791541576385498,0.2511453628540039,0.23400261336343087,0.25,376
testA,50,oracle_T_K,equal_mass,4,0.2511453628540039,0.2847430258989334,0.2680368699350787,0.27320954907161804,377
testA,50,oracle_T_K,equal_mass,5,0.2847430258989334,0.31703872978687286,0.3007251057536044,0.3537234042553192,376
testA,50,oracle_T_K,equal_mass,6,0.31703872978687286,0.3571575880050659,0.3365390651879158,0.3882978723404255,376
testA,50,oracle_T_K,equal_mass,7,0.3571575880050659,0.40342171490192413,0.38063766656720893,0.40425531914893614,376
testA,50,oracle_T_K,equal_mass,8,0.40342171490192413,0.45313407480716705,0.4279938472202665,0.46153846153846156,377
testA,50,oracle_T_K,equal_mass,9,0.45313407480716705,0.5084984302520752,0.48039246467127406,0.5596816976127321,377
testA,50,oracle_T_K,equal_mass,10,0.5084984302520752,0.5823488831520081,0.5437220902519023,0.6728723404255319,376
testA,50,oracle_T_K,equal_mass,11,0.5823488831520081,0.6798237264156342,0.6278458846376297,0.7712765957446809,376
testA,50,oracle_T_K,equal_mass,12,0.6798237264156342,0.7787337601184845,0.7287231663177753,0.830238726790451,377
testA,50,oracle_T_K,equal_mass,13,0.7787337601184845,0.8889586925506592,0.8309308775561921,0.9042553191489362,376
testA,50,oracle_T_K,equal_mass,14,0.8889586925506592,1.0,0.9490987280635682,0.9761273209549072,377
testB,5,native,equal_width,0,0.0,0.06666666666666667,0.0,0.0,0
testB,5,native,equal_width,1,0.06666666666666667,0.13333333333333333,0.0,0.0,0
testB,5,native,equal_width,2,0.13333333333333333,0.2,0.0,0.0,0
testB,5,native,equal_width,3,0.2,0.26666666666666666,0.2544025987386703,0.0,5
testB,5,native,equal_width,4,0.26666666666666666,0.3333333333333333,0.30719182570025605,0.32075471698113206,53
testB,5,native,equal_width,5,0.3333333333333333,0.4,0.37239183110575524,0.43870967741935485,155
testB,5,native,equal_width,6,0.4,0.4666666666666667,0.4317673004191855,0.36086956521739133,230
testB,5,native,equal_width,7,0.4666666666666667,0.5333333333333333,0.5023066228250498,0.465564738292011,363
testB,5,native,equal_width,8,0.5333333333333333,0.6,0.5661833152959221,0.5394736842105263,380
testB,5,native,equal_width,9,0.6,0.6666666666666666,0.6340085478292571,0.6055555555555555,360
testB,5,native,equal_width,10,0.6666666666666666,0.7333333333333333,0.7008007621697787,0.6384180790960452,354
testB,5,native,equal_width,11,0.7333333333333333,0.8,0.7663910186006909,0.7785714285714286,420
testB,5,native,equal_width,12,0.8,0.8666666666666667,0.8342921389809138,0.8329113924050633,395
testB,5,native,equal_width,13,0.8666666666666667,0.9333333333333333,0.9017615487363274,0.8944099378881988,483
testB,5,native,equal_width,14,0.9333333333333333,1.0,0.9826860413389299,0.9764216366158114,1442
testB,5,native,equal_mass,0,0.0,0.42474621534347534,0.37153904139995575,0.4110032362459547,309
testB,5,native,equal_mass,1,0.42474621534347534,0.5031995475292206,0.468184020912763,0.39805825242718446,309
testB,5,native,equal_mass,2,0.5031995475292206,0.5555200278759003,0.528305838184972,0.5032258064516129,310
testB,5,native,equal_mass,3,0.5555200278759003,0.6106561124324799,0.5816068635789322,0.5598705501618123,309
testB,5,native,equal_mass,4,0.6106561124324799,0.6666838228702545,0.638655912143127,0.5857605177993528,309
testB,5,native,equal_mass,5,0.6666838228702545,0.7247311770915985,0.6967275208042514,0.632258064516129,310
testB,5,native,equal_mass,6,0.7247311770915985,0.7755480110645294,0.7502397844706539,0.7669902912621359,309
testB,5,native,equal_mass,7,0.7755480110645294,0.8276576697826385,0.8008553862185925,0.8187702265372169,309
testB,5,native,equal_mass,8,0.8276576697826385,0.8774900436401367,0.8529241204261779,0.8290322580645161,310
testB,5,native,equal_mass,9,0.8774900436401367,0.9204535186290741,0.8998603218967475,0.8932038834951457,309
testB,5,native,equal_mass,10,0.9204535186290741,0.9567337334156036,0.939083987455152,0.9093851132686084,309
testB,5,native,equal_mass,11,0.9567337334156036,0.9800730049610138,0.969111269327902,0.9548387096774194,310
testB,5,native,equal_mass,12,0.9800730049610138,0.9948099553585052,0.9886185422684383,0.9935275080906149,309
testB,5,native,equal_mass,13,0.9948099553585052,0.9995831549167633,0.9977293309656162,1.0,309
testB,5,native,equal_mass,14,0.9995831549167633,1.0,0.9999257991390843,1.0,310
testB,5,global_T_corrected,equal_width,0,0.0,0.06666666666666667,0.0,0.0,0
testB,5,global_T_corrected,equal_width,1,0.06666666666666667,0.13333333333333333,0.0,0.0,0
testB,5,global_T_corrected,equal_width,2,0.13333333333333333,0.2,0.0,0.0,0
testB,5,global_T_corrected,equal_width,3,0.2,0.26666666666666666,0.2533687310559409,0.14285714285714285,7
testB,5,global_T_corrected,equal_width,4,0.26666666666666666,0.3333333333333333,0.3079706114881179,0.35294117647058826,68
testB,5,global_T_corrected,equal_width,5,0.3333333333333333,0.4,0.37291424621626273,0.4175257731958763,194
testB,5,global_T_corrected,equal_width,6,0.4,0.4666666666666667,0.43510851794080774,0.4031620553359684,253
testB,5,global_T_corrected,equal_width,7,0.4666666666666667,0.5333333333333333,0.5020394088634893,0.4849246231155779,398
testB,5,global_T_corrected,equal_width,8,0.5333333333333333,0.6,0.5656458720489962,0.5628140703517588,398
testB,5,global_T_corrected,equal_width,9,0.6,0.6666666666666666,0.6319346991832044,0.6199460916442049,371
testB,5,global_T_corrected,equal_width,10,0.6666666666666666,0.7333333333333333,0.7001549500226975,0.685,400
testB,5,global_T_corrected,equal_width,11,0.7333333333333333,0.8,0.7650892968153834,0.8266331658291457,398
testB,5,global_T_corrected,equal_width,12,0.8,0.8666666666666667,0.8338692820524868,0.8405063291139241,395
testB,5,global_T_corrected,equal_width,13,0.8666666666666667,0.9333333333333333,0.9003494865220526,0.9,460
testB,5,global_T_corrected,equal_width,14,0.9333333333333333,1.0,0.9814437392220843,0.9845916795069337,1298
testB,5,global_T_corrected,equal_mass,0,0.0,0.4100683480501175,0.3600331733913483,0.4077669902912621,309
testB,5,global_T_corrected,equal_mass,1,0.4100683480501175,0.48464956879615784,0.45184436141480133,0.40129449838187703,309
testB,5,global_T_corrected,equal_mass,2,0.48464956879615784,0.5347819030284882,0.5108326331261666,0.5064516129032258,310
testB,5,global_T_corrected,equal_mass,3,0.5347819030284882,0.5858676731586456,0.5592795031741985,0.5533980582524272,309
testB,5,global_T_corrected,equal_mass,4,0.5858676731586456,0.6387332081794739,0.6122907618102904,0.598705501618123,309
testB,5,global_T_corrected,equal_mass,5,0.6387332081794739,0.6954725384712219,0.6682042983270461,0.632258064516129,310
testB,5,global_T_corrected,equal_mass,6,0.6954725384712219,0.745924562215805,0.7198283411924121,0.7443365695792881,309
testB,5,global_T_corrected,equal_mass,7,0.745924562215805,0.7975082993507385,0.7699136153393965,0.8317152103559871,309
testB,5,global_T_corrected,equal_mass,8,0.7975082993507385,0.8515273630619049,0.8243499767395758,0.8290322580645161,310
testB,5,global_T_corrected,equal_mass,9,0.8515273630619049,0.8973641991615295,0.8751035218871527,0.8802588996763754,309
testB,5,global_T_corrected,equal_mass,10,0.8973641991615295,0.9411703646183014,0.9196316584414262,0.9223300970873787,309
testB,5,global_T_corrected,equal_mass,11,0.9411703646183014,0.970732718706131,0.9563289202028705,0.9548387096774194,310
testB,5,global_T_corrected,equal_mass,12,0.970732718706131,0.9910628795623779,0.9823866816400324,0.9935275080906149,309
testB,5,global_T_corrected,equal_mass,13,0.9910628795623779,0.9991099238395691,0.995941327420639,1.0,309
testB,5,global_T_corrected,equal_mass,14,0.9991099238395691,1.0,0.9998273339963728,1.0,310
testB,5,oracle_T_K,equal_width,0,0.0,0.06666666666666667,0.0,0.0,0
testB,5,oracle_T_K,equal_width,1,0.06666666666666667,0.13333333333333333,0.0,0.0,0
testB,5,oracle_T_K,equal_width,2,0.13333333333333333,0.2,0.0,0.0,0
testB,5,oracle_T_K,equal_width,3,0.2,0.26666666666666666,0.25384900346398354,0.125,8
testB,5,oracle_T_K,equal_width,4,0.26666666666666666,0.3333333333333333,0.30752139048916954,0.34285714285714286,70
testB,5,oracle_T_K,equal_width,5,0.3333333333333333,0.4,0.3721793910352195,0.424390243902439,205
testB,5,oracle_T_K,equal_width,6,0.4,0.4666666666666667,0.43555414768365713,0.4,260
testB,5,oracle_T_K,equal_width,7,0.4666666666666667,0.5333333333333333,0.5018136346137146,0.49148418491484186,411
testB,5,oracle_T_K,equal_width,8,0.5333333333333333,0.6,0.5661090678475761,0.5738916256157636,406
testB,5,oracle_T_K,equal_width,9,0.6,0.6666666666666666,0.6320064298463453,0.6130790190735694,367
testB,5,oracle_T_K,equal_width,10,0.6666666666666666,0.7333333333333333,0.6992900559546603,0.7188264058679706,409
testB,5,oracle_T_K,equal_width,11,0.7333333333333333,0.8,0.7641190701570266,0.8153846153846154,390
testB,5,oracle_T_K,equal_width,12,0.8,0.8666666666666667,0.8334675826150786,0.8560794044665012,403
testB,5,oracle_T_K,equal_width,13,0.8666666666666667,0.9333333333333333,0.9005862682730287,0.8989010989010989,455
testB,5,oracle_T_K,equal_width,14,0.9333333333333333,1.0,0.9812766756791218,0.9872611464968153,1256
testB,5,oracle_T_K,equal_mass,0,0.0,0.4062260687351227,0.3570825885800482,0.4045307443365696,309
testB,5,oracle_T_K,equal_mass,1,0.4062260687351227,0.4801649898290634,0.44756977930423897,0.40129449838187703,309
testB,5,oracle_T_K,equal_mass,2,0.4801649898290634,0.5290430188179016,0.5061091506673444,0.5064516129032258,310
testB,5,oracle_T_K,equal_mass,3,0.5290430188179016,0.5795562863349915,0.5536715124031487,0.5469255663430421,309
testB,5,oracle_T_K,equal_mass,4,0.5795562863349915,0.6319974064826965,0.6054832021009575,0.6051779935275081,309
testB,5,oracle_T_K,equal_mass,5,0.6319974064826965,0.6879153847694397,0.6607646359551338,0.632258064516129,310
testB,5,oracle_T_K,equal_mass,6,0.6879153847694397,0.7381913661956787,0.7117549059460464,0.7572815533980582,309
testB,5,oracle_T_K,equal_mass,7,0.7381913661956787,0.7886460423469543,0.7616876508425741,0.8187702265372169,309
testB,5,oracle_T_K,equal_mass,8,0.7886460423469543,0.8435622751712799,0.8165143843620054,0.8354838709677419,310
testB,5,oracle_T_K,equal_mass,9,0.8435622751712799,0.8918105661869049,0.868114464877107,0.8770226537216829,309
testB,5,oracle_T_K,equal_mass,10,0.8918105661869049,0.9359017610549927,0.9139606998962106,0.9223300970873787,309
testB,5,oracle_T_K,equal_mass,11,0.9359017610549927,0.9680845141410828,0.9524108834805027,0.9548387096774194,310
testB,5,oracle_T_K,equal_mass,12,0.9680845141410828,0.989780068397522,0.9803609591471725,0.9935275080906149,309
testB,5,oracle_T_K,equal_mass,13,0.989780068397522,0.9989185631275177,0.9953058417946775,1.0,309
testB,5,oracle_T_K,equal_mass,14,0.9989185631275177,1.0,0.999786574225272,1.0,310
testB,10,native,equal_width,0,0.0,0.06666666666666667,0.0,0.0,0
testB,10,native,equal_width,1,0.06666666666666667,0.13333333333333333,0.0,0.0,0
testB,10,native,equal_width,2,0.13333333333333333,0.2,0.18156598508358002,0.1,20
testB,10,native,equal_width,3,0.2,0.26666666666666666,0.24229156720812303,0.1897810218978102,137
testB,10,native,equal_width,4,0.26666666666666666,0.3333333333333333,0.30162747632065784,0.2996845425867508,317
testB,10,native,equal_width,5,0.3333333333333333,0.4,0.36667808910434163,0.34831460674157305,445
testB,10,native,equal_width,6,0.4,0.4666666666666667,0.43378957131857515,0.421505376344086,465
testB,10,native,equal_width,7,0.4666666666666667,0.5333333333333333,0.49913989215768795,0.4924731182795699,465
testB,10,native,equal_width,8,0.5333333333333333,0.6,0.5659202538306809,0.5748218527315915,421
testB,10,native,equal_width,9,0.6,0.6666666666666666,0.632936450057964,0.6412213740458015,393
testB,10,native,equal_width,10,0.6666666666666666,0.7333333333333333,0.6987353042976276,0.6945945945945946,370
testB,10,native,equal_width,11,0.7333333333333333,0.8,0.7658661342802502,0.8,315
testB,10,native,equal_width,12,0.8,0.8666666666666667,0.8345037108802145,0.8156996587030717,293
testB,10,native,equal_width,13,0.8666666666666667,0.9333333333333333,0.9005461508805329,0.8798798798798799,333
testB,10,native,equal_width,14,0.9333333333333333,1.0,0.9788139606560314,0.96996996996997,666
testB,10,native,equal_mass,0,0.0,0.3024205416440964,0.2590614739070047,0.21359223300970873,309
testB,10,native,equal_mass,1,0.3024205416440964,0.35592004656791687,0.330191113705774,0.3559870550161812,309
testB,10,native,equal_mass,2,0.35592004656791687,0.40127864480018616,0.37787305078198835,0.3387096774193548,310
testB,10,native,equal_mass,3,0.40127864480018616,0.44536353647708893,0.42428286330213827,0.3948220064724919,309
testB,10,native,equal_mass,4,0.44536353647708893,0.49007856845855713,0.46718656602029274,0.46601941747572817,309
testB,10,native,equal_mass,5,0.49007856845855713,0.5345211625099182,0.5112268464219185,0.5161290322580645,310
testB,10,native,equal_mass,6,0.5345211625099182,0.5807389616966248,0.5582044448667359,0.5663430420711975,309
testB,10,native,equal_mass,7,0.5807389616966248,0.6340078711509705,0.6079245929193342,0.6084142394822006,309
testB,10,native,equal_mass,8,0.6340078711509705,0.6885404288768768,0.6608354289685526,0.667741935483871,310
testB,10,native,equal_mass,9,0.6885404288768768,0.7456276714801788,0.7150936145998513,0.7249190938511327,309
testB,10,native,equal_mass,10,0.7456276714801788,0.8126451969146729,0.7780532121272534,0.8025889967637541,309
testB,10,native,equal_mass,11,0.8126451969146729,0.8805007338523865,0.8483849640815488,0.8354838709677419,310
testB,10,native,equal_mass,12,0.8805007338523865,0.94182288646698,0.9123671074129617,0.8867313915857605,309
testB,10,native,equal_mass,13,0.94182288646698,0.9886288046836853,0.9670891401829658,0.9545454545454546,308
testB,10,native,equal_mass,14,0.9886288046836853,1.0,0.9966543337923154,0.9903536977491961,311
testB,10,global_T_corrected,equal_width,0,0.0,0.06666666666666667,0.0,0.0,0
testB,10,global_T_corrected,equal_width,1,0.06666666666666667,0.13333333333333333,0.0,0.0,0
testB,10,global_T_corrected,equal_width,2,0.13333333333333333,0.2,0.18130214358198232,0.1724137931034483,29
testB,10,global_T_corrected,equal_width,3,0.2,0.26666666666666666,0.24199915210624318,0.17582417582417584,182
testB,10,global_T_corrected,equal_width,4,0.26666666666666666,0.3333333333333333,0.30227262482008177,0.3342036553524804,383
testB,10,global_T_corrected,equal_width,5,0.3333333333333333,0.4,0.3667606049249794,0.36960985626283366,487
testB,10,global_T_corrected,equal_width,6,0.4,0.4666666666666667,0.4335466227541027,0.448692152917505,497
testB,10,global_T_corrected,equal_width,7,0.4666666666666667,0.5333333333333333,0.5003770033392725,0.5189873417721519,474
testB,10,global_T_corrected,equal_width,8,0.5333333333333333,0.6,0.5672874423590574,0.6100478468899522,418
testB,10,global_T_corrected,equal_width,9,0.6,0.6666666666666666,0.6317787444827581,0.6782178217821783,404
testB,10,global_T_corrected,equal_width,10,0.6666666666666666,0.7333333333333333,0.6984268498064866,0.746268656716418,335
testB,10,global_T_corrected,equal_width,11,0.7333333333333333,0.8,0.7658550132857798,0.7874564459930313,287
testB,10,global_T_corrected,equal_width,12,0.8,0.8666666666666667,0.8328509996299609,0.8798586572438163,283
testB,10,global_T_corrected,equal_width,13,0.8666666666666667,0.9333333333333333,0.9000627661628468,0.8896321070234113,299
testB,10,global_T_corrected,equal_width,14,0.9333333333333333,1.0,0.978215299467175,0.9786476868327402,562
testB,10,global_T_corrected,equal_mass,0,0.0,0.28724566102027893,0.2472396131279399,0.21359223300970873,309
testB,10,global_T_corrected,equal_mass,1,0.28724566102027893,0.33683182299137115,0.3130059789106684,0.3592233009708738,309
testB,10,global_T_corrected,equal_mass,2,0.33683182299137115,0.37802809476852417,0.3575816321757532,0.33548387096774196,310
testB,10,global_T_corrected,equal_mass,3,0.37802809476852417,0.42122265696525574,0.40080588496618674,0.3948220064724919,309
testB,10,global_T_corrected,equal_mass,4,0.42122265696525574,0.4629353731870651,0.44162933861167686,0.47572815533980584,309
testB,10,global_T_corrected,equal_mass,5,0.4629353731870651,0.5065695345401764,0.48414799330695985,0.4967741935483871,310
testB,10,global_T_corrected,equal_mass,6,0.5065695345401764,0.5513440668582916,0.5284671382225061,0.5825242718446602,309
testB,10,global_T_corrected,equal_mass,7,0.5513440668582916,0.6004393100738525,0.5767048257840104,0.6019417475728155,309
testB,10,global_T_corrected,equal_mass,8,0.6004393100738525,0.6492939889431,0.6245739133127274,0.667741935483871,310
testB,10,global_T_corrected,equal_mass,9,0.6492939889431,0.7081305682659149,0.6782485242800419,0.7346278317152104,309
testB,10,global_T_corrected,equal_mass,10,0.7081305682659149,0.7767911851406097,0.7418923590175542,0.7928802588996764,309
testB,10,global_T_corrected,equal_mass,11,0.7767911851406097,0.8485580384731293,0.814202679164948,0.832258064516129,310
testB,10,global_T_corrected,equal_mass,12,0.8485580384731293,0.9205808639526367,0.885849587546969,0.889967637540453,309
testB,10,global_T_corrected,equal_mass,13,0.9205808639526367,0.9819088578224182,0.9527022113306237,0.9546925566343042,309
testB,10,global_T_corrected,equal_mass,14,0.9819088578224182,1.0,0.9942809001091988,0.9903225806451613,310
testB,10,oracle_T_K,equal_width,0,0.0,0.06666666666666667,0.0,0.0,0
testB,10,oracle_T_K,equal_width,1,0.06666666666666667,0.13333333333333333,0.0,0.0,0
testB,10,oracle_T_K,equal_width,2,0.13333333333333333,0.2,0.18050349733004203,0.15384615384615385,26
testB,10,oracle_T_K,equal_width,3,0.2,0.26666666666666666,0.2417841158594404,0.18285714285714286,175
testB,10,oracle_T_K,equal_width,4,0.26666666666666666,0.3333333333333333,0.30235783496107554,0.3297587131367292,373
testB,10,oracle_T_K,equal_width,5,0.3333333333333333,0.4,0.36634157727731514,0.36942675159235666,471
testB,10,oracle_T_K,equal_width,6,0.4,0.4666666666666667,0.432918240626653,0.43373493975903615,498
testB,10,oracle_T_K,equal_width,7,0.4666666666666667,0.5333333333333333,0.49991928227641275,0.505307855626327,471
testB,10,oracle_T_K,equal_width,8,0.5333333333333333,0.6,0.5661703103996185,0.6096385542168675,415
testB,10,oracle_T_K,equal_width,9,0.6,0.6666666666666666,0.6315047042876992,0.6723716381418093,409
testB,10,oracle_T_K,equal_width,10,0.6666666666666666,0.7333333333333333,0.6984321999827905,0.7346938775510204,343
testB,10,oracle_T_K,equal_width,11,0.7333333333333333,0.8,0.7660664309785791,0.8082191780821918,292
testB,10,oracle_T_K,equal_width,12,0.8,0.8666666666666667,0.834128543015184,0.8655172413793103,290
testB,10,oracle_T_K,equal_width,13,0.8666666666666667,0.9333333333333333,0.900436251544628,0.8877551020408163,294
testB,10,oracle_T_K,equal_width,14,0.9333333333333333,1.0,0.9779982462550927,0.9759862778730704,583
testB,10,oracle_T_K,equal_mass,0,0.0,0.2895209789276123,0.2491990711214473,0.21035598705501618,309
testB,10,oracle_T_K,equal_mass,1,0.2895209789276123,0.3402131646871567,0.31583763065847376,0.36245954692556637,309
testB,10,oracle_T_K,equal_mass,2,0.3402131646871567,0.38190823793411255,0.36095109168560274,0.33548387096774196,310
testB,10,oracle_T_K,equal_mass,3,0.38190823793411255,0.4256485849618912,0.4047291389753903,0.3948220064724919,309
testB,10,oracle_T_K,equal_mass,4,0.4256485849618912,0.4670890122652054,0.44586793842053335,0.47249190938511326,309
testB,10,oracle_T_K,equal_mass,5,0.4670890122652054,0.5123890936374664,0.48874137661149425,0.5032258064516129,310
testB,10,oracle_T_K,equal_mass,6,0.5123890936374664,0.5563130080699921,0.5334104237818795,0.5792880258899676,309
testB,10,oracle_T_K,equal_mass,7,0.5563130080699921,0.6058250963687897,0.5819522354595098,0.598705501618123,309
testB,10,oracle_T_K,equal_mass,8,0.6058250963687897,0.6559626460075378,0.6305942075867806,0.6709677419354839,310
testB,10,oracle_T_K,equal_mass,9,0.6559626460075378,0.7136992812156677,0.6844877357621795,0.7281553398058253,309
testB,10,oracle_T_K,equal_mass,10,0.7136992812156677,0.7825314700603485,0.7480639801827835,0.7993527508090615,309
testB,10,oracle_T_K,equal_mass,11,0.7825314700603485,0.8542335331439972,0.8201816424246757,0.8354838709677419,310
testB,10,oracle_T_K,equal_mass,12,0.8542335331439972,0.9249583184719086,0.8906195682615138,0.8867313915857605,309
testB,10,oracle_T_K,equal_mass,13,0.9249583184719086,0.9832206964492798,0.9554181654476425,0.9546925566343042,309
testB,10,oracle_T_K,equal_mass,14,0.9832206964492798,1.0,0.994767653365289,0.9903225806451613,310
testB,20,native,equal_width,0,0.0,0.06666666666666667,0.0,0.0,0
testB,20,native,equal_width,1,0.06666666666666667,0.13333333333333333,0.12193907847007115,0.2,15
testB,20,native,equal_width,2,0.13333333333333333,0.2,0.17551075689218662,0.1814814814814815,270
testB,20,native,equal_width,3,0.2,0.26666666666666666,0.23517509590591282,0.26807760141093473,567
testB,20,native,equal_width,4,0.26666666666666666,0.3333333333333333,0.29973100279316756,0.2863636363636364,660
testB,20,native,equal_width,5,0.3333333333333333,0.4,0.36426796203135636,0.36209813874788493,591
testB,20,native,equal_width,6,0.4,0.4666666666666667,0.43284326365078074,0.40969162995594716,454
testB,20,native,equal_width,7,0.4666666666666667,0.5333333333333333,0.4995471751293563,0.5498721227621484,391
testB,20,native,equal_width,8,0.5333333333333333,0.6,0.5647757827878712,0.6107784431137725,334
testB,20,native,equal_width,9,0.6,0.6666666666666666,0.6314393628169509,0.6764705882352942,272
testB,20,native,equal_width,10,0.6666666666666666,0.7333333333333333,0.7026058193725375,0.7419354838709677,217
testB,20,native,equal_width,11,0.7333333333333333,0.8,0.7674283358980628,0.7990196078431373,204
testB,20,native,equal_width,12,0.8,0.8666666666666667,0.8313678587768593,0.8480392156862745,204
testB,20,native,equal_width,13,0.8666666666666667,0.9333333333333333,0.8975143482845821,0.9213483146067416,178
testB,20,native,equal_width,14,0.9333333333333333,1.0,0.975573437795201,0.9858657243816255,283
testB,20,native,equal_mass,0,0.0,0.2031080275774002,0.17493270595579086,0.18446601941747573,309
testB,20,native,equal_mass,1,0.2031080275774002,0.24151057749986649,0.22373395907454507,0.22653721682847897,309
testB,20,native,equal_mass,2,0.24151057749986649,0.2745714485645294,0.2579662057661241,0.3096774193548387,310
testB,20,native,equal_mass,3,0.2745714485645294,0.3054274916648865,0.2896351608836535,0.255663430420712,309
testB,20,native,equal_mass,4,0.3054274916648865,0.33641068637371063,0.32078619045732865,0.33980582524271846,309
testB,20,native,equal_mass,5,0.33641068637371063,0.3689882159233093,0.35216155004116795,0.3387096774193548,310
testB,20,native,equal_mass,6,0.3689882159233093,0.4094722419977188,0.3877157550606527,0.3883495145631068,309
testB,20,native,equal_mass,7,0.4094722419977188,0.45266033709049225,0.4314657213425559,0.3883495145631068,309
testB,20,native,equal_mass,8,0.45266033709049225,0.5041075050830841,0.47839896775061086,0.532258064516129,310
testB,20,native,equal_mass,9,0.5041075050830841,0.5606116950511932,0.5318143533657284,0.5663430420711975,309
testB,20,native,equal_mass,10,0.5606116950511932,0.6261931955814362,0.5922663541673456,0.6343042071197411,309
testB,20,native,equal_mass,11,0.6261931955814362,0.7173047363758087,0.6704029871571449,0.7354838709677419,310
testB,20,native,equal_mass,12,0.7173047363758087,0.8132938146591187,0.7652761737505595,0.7864077669902912,309
testB,20,native,equal_mass,13,0.8132938146591187,0.9221023321151733,0.8648172780919615,0.8770226537216829,309
testB,20,native,equal_mass,14,0.9221023321151733,1.0,0.9713158942038013,0.9870967741935484,310
testB,20,global_T_corrected,equal_width,0,0.0,0.06666666666666667,0.0,0.0,0
testB,20,global_T_corrected,equal_width,1,0.06666666666666667,0.13333333333333333,0.12232488625008485,0.13793103448275862,29
testB,20,global_T_corrected,equal_width,2,0.13333333333333333,0.2,0.17380737312389224,0.19662921348314608,356
testB,20,global_T_corrected,equal_width,3,0.2,0.26666666666666666,0.23496080519866383,0.27712609970674484,682
testB,20,global_T_corrected,equal_width,4,0.26666666666666666,0.3333333333333333,0.3002443953186062,0.3191489361702128,705
testB,20,global_T_corrected,equal_width,5,0.3333333333333333,0.4,0.3635754683132738,0.39332096474953615,539
testB,20,global_T_corrected,equal_width,6,0.4,0.4666666666666667,0.43160048957947084,0.46238938053097345,452
testB,20,global_T_corrected,equal_width,7,0.4666666666666667,0.5333333333333333,0.49872836848806,0.5583756345177665,394
testB,20,global_T_corrected,equal_width,8,0.5333333333333333,0.6,0.5658082841317865,0.6772151898734177,316
testB,20,global_T_corrected,equal_width,9,0.6,0.6666666666666666,0.6318001117025103,0.7095238095238096,210
testB,20,global_T_corrected,equal_width,10,0.6666666666666666,0.7333333333333333,0.6975465405921233,0.7695852534562212,217
testB,20,global_T_corrected,equal_width,11,0.7333333333333333,0.8,0.7655249127527562,0.824390243902439,205
testB,20,global_T_corrected,equal_width,12,0.8,0.8666666666666667,0.8326899201206907,0.8994082840236687,169
testB,20,global_T_corrected,equal_width,13,0.8666666666666667,0.9333333333333333,0.8992801447560016,0.9473684210526315,133
testB,20,global_T_corrected,equal_width,14,0.9333333333333333,1.0,0.9733183033476571,0.9871244635193133,233
testB,20,global_T_corrected,equal_mass,0,0.0,0.18946965783834457,0.16368353528401614,0.18770226537216828,309
testB,20,global_T_corrected,equal_mass,1,0.18946965783834457,0.22465426474809647,0.20841515609168698,0.21359223300970873,309
testB,20,global_T_corrected,equal_mass,2,0.22465426474809647,0.25550486147403717,0.23973095715045928,0.3193548387096774,310
testB,20,global_T_corrected,equal_mass,3,0.25550486147403717,0.2837062031030655,0.26916704575220746,0.2588996763754045,309
testB,20,global_T_corrected,equal_mass,4,0.2837062031030655,0.31162573397159576,0.2973852507866822,0.35064935064935066,308
testB,20,global_T_corrected,equal_mass,5,0.31162573397159576,0.3422694504261017,0.3268219163563474,0.33440514469453375,311
testB,20,global_T_corrected,equal_mass,6,0.3422694504261017,0.37803618609905243,0.35871830437947244,0.3851132686084142,309
testB,20,global_T_corrected,equal_mass,7,0.37803618609905243,0.42093898355960846,0.4002646772892444,0.38311688311688313,308
testB,20,global_T_corrected,equal_mass,8,0.42093898355960846,0.4693554639816284,0.44498725690642355,0.5273311897106109,311
testB,20,global_T_corrected,equal_mass,9,0.4693554639816284,0.5213663876056671,0.4948399859724693,0.56957928802589,309
testB,20,global_T_corrected,equal_mass,10,0.5213663876056671,0.5834306478500366,0.5521102401045148,0.6666666666666666,309
testB,20,global_T_corrected,equal_mass,11,0.5834306478500366,0.6719687581062317,0.6259813572129895,0.6935483870967742,310
testB,20,global_T_corrected,equal_mass,12,0.6719687581062317,0.7728159427642822,0.7215830214972635,0.8025889967637541,309
testB,20,global_T_corrected,equal_mass,13,0.7728159427642822,0.8934094607830048,0.828319537022353,0.8705501618122977,309
testB,20,global_T_corrected,equal_mass,14,0.8934094607830048,1.0,0.9582949384566276,0.9870967741935484,310
testB,20,oracle_T_K,equal_width,0,0.0,0.06666666666666667,0.0,0.0,0
testB,20,oracle_T_K,equal_width,1,0.06666666666666667,0.13333333333333333,0.12195864455266432,0.18181818181818182,22
testB,20,oracle_T_K,equal_width,2,0.13333333333333333,0.2,0.17420202060602605,0.203125,320
testB,20,oracle_T_K,equal_width,3,0.2,0.26666666666666666,0.23412666237508345,0.25848142164781907,619
testB,20,oracle_T_K,equal_width,4,0.26666666666666666,0.3333333333333333,0.2990390353610863,0.30975954738330974,707
testB,20,oracle_T_K,equal_width,5,0.3333333333333333,0.4,0.3637688106478425,0.38898756660746003,563
testB,20,oracle_T_K,equal_width,6,0.4,0.4666666666666667,0.4318520368745663,0.4161073825503356,447
testB,20,oracle_T_K,equal_width,7,0.4666666666666667,0.5333333333333333,0.4987127666521554,0.5782828282828283,396
testB,20,oracle_T_K,equal_width,8,0.5333333333333333,0.6,0.5656838575634388,0.6299694189602446,327
testB,20,oracle_T_K,equal_width,9,0.6,0.6666666666666666,0.6302107900511229,0.7030567685589519,229
testB,20,oracle_T_K,equal_width,10,0.6666666666666666,0.7333333333333333,0.6985082066004178,0.7603686635944701,217
testB,20,oracle_T_K,equal_width,11,0.7333333333333333,0.8,0.7668657509071567,0.8341232227488151,211
testB,20,oracle_T_K,equal_width,12,0.8,0.8666666666666667,0.8317635698450936,0.8722222222222222,180
testB,20,oracle_T_K,equal_width,13,0.8666666666666667,0.9333333333333333,0.8981050513438041,0.9403973509933775,151
testB,20,oracle_T_K,equal_width,14,0.9333333333333333,1.0,0.9745131474567125,0.9840637450199203,251
testB,20,oracle_T_K,equal_mass,0,0.0,0.1948079615831375,0.16797019917409398,0.19093851132686085,309
testB,20,oracle_T_K,equal_mass,1,0.1948079615831375,0.23105840384960175,0.2143025729552056,0.22006472491909385,309
testB,20,oracle_T_K,equal_mass,2,0.23105840384960175,0.263482004404068,0.24670347359872632,0.3032258064516129,310
testB,20,oracle_T_K,equal_mass,3,0.263482004404068,0.29149895906448364,0.2770247558752696,0.2621359223300971,309
testB,20,oracle_T_K,equal_mass,4,0.29149895906448364,0.3213428407907486,0.30642233533380875,0.34951456310679613,309
testB,20,oracle_T_K,equal_mass,5,0.3213428407907486,0.35217370092868805,0.33659661931376306,0.3387096774193548,310
testB,20,oracle_T_K,equal_mass,6,0.35217370092868805,0.38959334790706635,0.3698495705536654,0.39158576051779936,309
testB,20,oracle_T_K,equal_mass,7,0.38959334790706635,0.4329717755317688,0.4123361560133283,0.37540453074433655,309
testB,20,oracle_T_K,equal_mass,8,0.4329717755317688,0.48227059841156006,0.4581083419822877,0.532258064516129,310
testB,20,oracle_T_K,equal_mass,9,0.48227059841156006,0.5363169312477112,0.5091545266433827,0.5663430420711975,309
testB,20,oracle_T_K,equal_mass,10,0.5363169312477112,0.600123256444931,0.5676803314955875,0.6375404530744336,309
testB,20,oracle_T_K,equal_mass,11,0.600123256444931,0.6898131370544434,0.6432667155419627,0.7322580645161291,310
testB,20,oracle_T_K,equal_mass,12,0.6898131370544434,0.7888928651809692,0.7388818804114382,0.7928802588996764,309
testB,20,oracle_T_K,equal_mass,13,0.7888928651809692,0.9054727554321289,0.8431205649206168,0.8705501618122977,309
testB,20,oracle_T_K,equal_mass,14,0.9054727554321289,1.0,0.9638251500744973,0.9870967741935484,310
testB,50,native,equal_width,0,0.0,0.06666666666666667,0.061039720724026365,0.06666666666666667,15
testB,50,native,equal_width,1,0.06666666666666667,0.13333333333333333,0.10967138050882905,0.12522045855379188,567
testB,50,native,equal_width,2,0.13333333333333333,0.2,0.16683129665914273,0.18889970788704966,1027
testB,50,native,equal_width,3,0.2,0.26666666666666666,0.231395442167539,0.24433849821215733,839
testB,50,native,equal_width,4,0.26666666666666666,0.3333333333333333,0.29784116719030973,0.36363636363636365,528
testB,50,native,equal_width,5,0.3333333333333333,0.4,0.36345400091929314,0.43846153846153846,390
testB,50,native,equal_width,6,0.4,0.4666666666666667,0.43111545695953096,0.4555160142348754,281
testB,50,native,equal_width,7,0.4666666666666667,0.5333333333333333,0.4994539523840974,0.5107296137339056,233
testB,50,native,equal_width,8,0.5333333333333333,0.6,0.5643919008970261,0.65,200
testB,50,native,equal_width,9,0.6,0.6666666666666666,0.6315917072133121,0.7606837606837606,117
testB,50,native,equal_width,10,0.6666666666666666,0.7333333333333333,0.6998065015544062,0.782608695652174,115
testB,50,native,equal_width,11,0.7333333333333333,0.8,0.7636862858286444,0.7547169811320755,106
testB,50,native,equal_width,12,0.8,0.8666666666666667,0.8322748765349388,0.9125,80
testB,50,native,equal_width,13,0.8666666666666667,0.9333333333333333,0.9013750354448954,0.9833333333333333,60
testB,50,native,equal_width,14,0.9333333333333333,1.0,0.9660956808706609,0.9390243902439024,82
testB,50,native,equal_mass,0,0.0,0.11361530050635338,0.094679803391587,0.09385113268608414,309
testB,50,native,equal_mass,1,0.11361530050635338,0.1355561688542366,0.12521216384222592,0.15210355987055016,309
testB,50,native,equal_mass,2,0.1355561688542366,0.15687458217144012,0.1471176025367552,0.16451612903225807,310
testB,50,native,equal_mass,3,0.15687458217144012,0.17499350756406784,0.16618158362058374,0.18770226537216828,309
testB,50,native,equal_mass,4,0.17499350756406784,0.19608118385076523,0.18464568040324647,0.22330097087378642,309
testB,50,native,equal_mass,5,0.19608118385076523,0.21675466746091843,0.20644122371750492,0.21935483870967742,310
testB,50,native,equal_mass,6,0.21675466746091843,0.2417101263999939,0.22863148837606498,0.22330097087378642,309
testB,50,native,equal_mass,7,0.2417101263999939,0.2696128189563751,0.25548824330363845,0.28802588996763756,309
testB,50,native,equal_mass,8,0.2696128189563751,0.3062867075204849,0.28736459007186277,0.36451612903225805,310
testB,50,native,equal_mass,9,0.3062867075204849,0.3505680710077286,0.32788786840054296,0.3774193548387097,310
testB,50,native,equal_mass,10,0.3505680710077286,0.40588827431201935,0.37604685988906145,0.4577922077922078,308
testB,50,native,equal_mass,11,0.40588827431201935,0.4831634908914566,0.44347733480315055,0.4483870967741935,310
testB,50,native,equal_mass,12,0.4831634908914566,0.5774683356285095,0.5296670875503021,0.5889967637540453,309
testB,50,native,equal_mass,13,0.5774683356285095,0.7412847876548767,0.6549256131486986,0.7346278317152104,309
testB,50,native,equal_mass,14,0.7412847876548767,1.0,0.8631301618391468,0.9032258064516129,310
testB,50,global_T_corrected,equal_width,0,0.0,0.06666666666666667,0.059261981905861336,0.045454545454545456,22
testB,50,global_T_corrected,equal_width,1,0.06666666666666667,0.13333333333333333,0.10728637707560576,0.1392235609103079,747
testB,50,global_T_corrected,equal_width,2,0.13333333333333333,0.2,0.16581337883420613,0.20434782608695654,1150
testB,50,global_T_corrected,equal_width,3,0.2,0.26666666666666666,0.23040653307440961,0.2866323907455013,778
testB,50,global_T_corrected,equal_width,4,0.26666666666666666,0.3333333333333333,0.29803820243177487,0.40310077519379844,516
testB,50,global_T_corrected,equal_width,5,0.3333333333333333,0.4,0.36399779811457283,0.44510385756676557,337
testB,50,global_T_corrected,equal_width,6,0.4,0.4666666666666667,0.432162602742513,0.4789272030651341,261
testB,50,global_T_corrected,equal_width,7,0.4666666666666667,0.5333333333333333,0.4961967760791427,0.6221198156682027,217
testB,50,global_T_corrected,equal_width,8,0.5333333333333333,0.6,0.5616445221057554,0.7278911564625851,147
testB,50,global_T_corrected,equal_width,9,0.6,0.6666666666666666,0.6352266694317344,0.7563025210084033,119
testB,50,global_T_corrected,equal_width,10,0.6666666666666666,0.7333333333333333,0.6981643799405831,0.7211538461538461,104
testB,50,global_T_corrected,equal_width,11,0.7333333333333333,0.8,0.7620011125292097,0.8857142857142857,70
testB,50,global_T_corrected,equal_width,12,0.8,0.8666666666666667,0.8279288215715377,0.9672131147540983,61
testB,50,global_T_corrected,equal_width,13,0.8666666666666667,0.9333333333333333,0.9024004155191881,0.9482758620689655,58
testB,50,global_T_corrected,equal_width,14,0.9333333333333333,1.0,0.9648268650162894,0.9433962264150944,53
testB,50,global_T_corrected,equal_mass,0,0.0,0.10356029123067856,0.08669877239174442,0.10032362459546926,309
testB,50,global_T_corrected,equal_mass,1,0.10356029123067856,0.12383830174803734,0.11406812674598014,0.15210355987055016,309
testB,50,global_T_corrected,equal_mass,2,0.12383830174803734,0.14235404878854752,0.133489554543649,0.16129032258064516,310
testB,50,global_T_corrected,equal_mass,3,0.14235404878854752,0.15886688977479935,0.15094494038415188,0.18446601941747573,309
testB,50,global_T_corrected,equal_mass,4,0.15886688977479935,0.17680015414953232,0.1672033912541411,0.23300970873786409,309
testB,50,global_T_corrected,equal_mass,5,0.17680015414953232,0.19646910578012466,0.18686541073745297,0.21935483870967742,310
testB,50,global_T_corrected,equal_mass,6,0.19646910578012466,0.21772344410419464,0.2062789314097957,0.2297734627831715,309
testB,50,global_T_corrected,equal_mass,7,0.21772344410419464,0.24378322064876556,0.2301016946633657,0.2621359223300971,309
testB,50,global_T_corrected,equal_mass,8,0.24378322064876556,0.2764185816049576,0.25945524832894723,0.3870967741935484,310
testB,50,global_T_corrected,equal_mass,9,0.2764185816049576,0.31676532328128815,0.2954819043284481,0.39158576051779936,309
testB,50,global_T_corrected,equal_mass,10,0.31676532328128815,0.36806128919124603,0.33978821486716904,0.4336569579288026,309
testB,50,global_T_corrected,equal_mass,11,0.36806128919124603,0.4379119873046875,0.40185536376891595,0.46774193548387094,310
testB,50,global_T_corrected,equal_mass,12,0.4379119873046875,0.5299987494945526,0.48151781576351055,0.5760517799352751,309
testB,50,global_T_corrected,equal_mass,13,0.5299987494945526,0.6846480071544647,0.6029286162752936,0.7475728155339806,309
testB,50,global_T_corrected,equal_mass,14,0.6846480071544647,1.0,0.8241900019107327,0.8806451612903226,310
testB,50,oracle_T_K,equal_width,0,0.0,0.06666666666666667,0.06069308193400502,0.0625,16
testB,50,oracle_T_K,equal_width,1,0.06666666666666667,0.13333333333333333,0.10940755824964718,0.12751677852348994,596
testB,50,oracle_T_K,equal_width,2,0.13333333333333333,0.2,0.1664800955189599,0.18647342995169083,1035
testB,50,oracle_T_K,equal_width,3,0.2,0.26666666666666666,0.2307858045936056,0.2520808561236623,841
testB,50,oracle_T_K,equal_width,4,0.26666666666666666,0.3333333333333333,0.2976628598576544,0.3781190019193858,521
testB,50,oracle_T_K,equal_width,5,0.3333333333333333,0.4,0.3635850227152815,0.4413265306122449,392
testB,50,oracle_T_K,equal_width,6,0.4,0.4666666666666667,0.43159453763293165,0.4354243542435424,271
testB,50,oracle_T_K,equal_width,7,0.4666666666666667,0.5333333333333333,0.4999040166957904,0.538135593220339,236
testB,50,oracle_T_K,equal_width,8,0.5333333333333333,0.6,0.5635237751468536,0.6612903225806451,186
testB,50,oracle_T_K,equal_width,9,0.6,0.6666666666666666,0.6313092880329844,0.7711864406779662,118
testB,50,oracle_T_K,equal_width,10,0.6666666666666666,0.7333333333333333,0.7009534906532805,0.7711864406779662,118
testB,50,oracle_T_K,equal_width,11,0.7333333333333333,0.8,0.7654353793304746,0.801980198019802,101
testB,50,oracle_T_K,equal_width,12,0.8,0.8666666666666667,0.8338377492068565,0.9041095890410958,73
testB,50,oracle_T_K,equal_width,13,0.8666666666666667,0.9333333333333333,0.9029019395510356,0.9833333333333333,60
testB,50,oracle_T_K,equal_width,14,0.9333333333333333,1.0,0.9662459955403679,0.9342105263157895,76
testB,50,oracle_T_K,equal_mass,0,0.0,0.11191093549132347,0.09337065754681344,0.09385113268608414,309
testB,50,oracle_T_K,equal_mass,1,0.11191093549132347,0.13391634076833725,0.1233919758385825,0.1553398058252427,309
testB,50,oracle_T_K,equal_mass,2,0.13391634076833725,0.15449855476617813,0.14488704267048066,0.16129032258064516,310
testB,50,oracle_T_K,equal_mass,3,0.15449855476617813,0.17230383306741714,0.16370646626625246,0.18770226537216828,309
testB,50,oracle_T_K,equal_mass,4,0.17230383306741714,0.19293539226055145,0.18179449029146275,0.22653721682847897,309
testB,50,oracle_T_K,equal_mass,5,0.19293539226055145,0.21346263587474823,0.20326290890093773,0.22580645161290322,310
testB,50,oracle_T_K,equal_mass,6,0.21346263587474823,0.23794183880090714,0.2249868291288518,0.2168284789644013,309
testB,50,oracle_T_K,equal_mass,7,0.23794183880090714,0.26557081937789917,0.25133454920211656,0.2815533980582524,309
testB,50,oracle_T_K,equal_mass,8,0.26557081937789917,0.301232248544693,0.282807445526123,0.36774193548387096,310
testB,50,oracle_T_K,equal_mass,9,0.301232248544693,0.3458249270915985,0.32263137414617443,0.3883495145631068,309
testB,50,oracle_T_K,equal_mass,10,0.3458249270915985,0.4001047611236572,0.3701320882754033,0.44983818770226536,309
testB,50,oracle_T_K,equal_mass,11,0.4001047611236572,0.47611428797245026,0.43662089524145653,0.44660194174757284,309
testB,50,oracle_T_K,equal_mass,12,0.47611428797245026,0.5691520273685455,0.5219122072381358,0.6,310
testB,50,oracle_T_K,equal_mass,13,0.5691520273685455,0.7332757115364075,0.6467742138695949,0.7313915857605178,309
testB,50,oracle_T_K,equal_mass,14,0.7332757115364075,1.0,0.8573804549632534,0.8935483870967742,310
__pooled__,5,native,equal_width,0,0.0,0.06666666666666667,0.0,0.0,0
__pooled__,5,native,equal_width,1,0.06666666666666667,0.13333333333333333,0.0,0.0,0
__pooled__,5,native,equal_width,2,0.13333333333333333,0.2,0.0,0.0,0
__pooled__,5,native,equal_width,3,0.2,0.26666666666666666,0.2571973881938241,0.09090909090909091,11
__pooled__,5,native,equal_width,4,0.26666666666666666,0.3333333333333333,0.30930202615027336,0.3006535947712418,153
__pooled__,5,native,equal_width,5,0.3333333333333333,0.4,0.37116706017517226,0.386317907444668,497
__pooled__,5,native,equal_width,6,0.4,0.4666666666666667,0.4346104746256748,0.3989962358845671,797
__pooled__,5,native,equal_width,7,0.4666666666666667,0.5333333333333333,0.502545323288616,0.4786764705882353,1360
__pooled__,5,native,equal_width,8,0.5333333333333333,0.6,0.5662115686560331,0.541095890410959,1460
__pooled__,5,native,equal_width,9,0.6,0.6666666666666666,0.6327457666918418,0.6166180758017493,1372
__pooled__,5,native,equal_width,10,0.6666666666666666,0.7333333333333333,0.7003628291442671,0.6618156618156619,1443
__pooled__,5,native,equal_width,11,0.7333333333333333,0.8,0.7669093412597004,0.7771002710027101,1476
__pooled__,5,native,equal_width,12,0.8,0.8666666666666667,0.8343067367126078,0.8323952470293934,1599
__pooled__,5,native,equal_width,13,0.8666666666666667,0.9333333333333333,0.9021148624508848,0.8989031950405341,2097
__pooled__,5,native,equal_width,14,0.9333333333333333,1.0,0.9856336776325175,0.9764471525662057,8534
__pooled__,5,native,equal_mass,0,0.0,0.4615962505340576,0.3950887222869744,0.3852813852813853,1386
__pooled__,5,native,equal_mass,1,0.4615962505340576,0.5310823023319244,0.49958455586227135,0.46214852198990625,1387
__pooled__,5,native,equal_mass,2,0.5310823023319244,0.5942327678203583,0.5624714158314131,0.549062049062049,1386
__pooled__,5,native,equal_mass,3,0.5942327678203583,0.6605243682861328,0.6273610639159595,0.6142754145638067,1387
__pooled__,5,native,equal_mass,4,0.6605243682861328,0.7254880368709564,0.6942252251598245,0.6524873828406633,1387
__pooled__,5,native,equal_mass,5,0.7254880368709564,0.7884592711925507,0.7576944065558446,0.7561327561327561,1386
__pooled__,5,native,equal_mass,6,0.7884592711925507,0.8485121428966522,0.8194605961237869,0.8248017303532804,1387
__pooled__,5,native,equal_mass,7,0.8485121428966522,0.8983650505542755,0.8745391419611624,0.8744588744588745,1386
__pooled__,5,native,equal_mass,8,0.8983650505542755,0.9391064345836639,0.9199576471121773,0.9048305695746215,1387
__pooled__,5,native,equal_mass,9,0.9391064345836639,0.9679449498653412,0.9545261303812974,0.935832732516222,1387
__pooled__,5,native,equal_mass,10,0.9679449498653412,0.9864957630634308,0.9779850700802961,0.9603174603174603,1386
__pooled__,5,native,equal_mass,11,0.9864957630634308,0.995471864938736,0.9916315760299639,0.9870223503965393,1387
__pooled__,5,native,equal_mass,12,0.995471864938736,0.9991306066513062,0.9975936115648152,0.9927849927849928,1386
__pooled__,5,native,equal_mass,13,0.9991306066513062,0.9999674260616302,0.999696677596366,0.9963924963924964,1386
__pooled__,5,native,equal_mass,14,0.9999674260616302,1.0,0.9999942883462658,1.0,1388
__pooled__,5,global_T_corrected,equal_width,0,0.0,0.06666666666666667,0.0,0.0,0
__pooled__,5,global_T_corrected,equal_width,1,0.06666666666666667,0.13333333333333333,0.0,0.0,0
__pooled__,5,global_T_corrected,equal_width,2,0.13333333333333333,0.2,0.0,0.0,0
__pooled__,5,global_T_corrected,equal_width,3,0.2,0.26666666666666666,0.2550152274114745,0.14285714285714285,14
__pooled__,5,global_T_corrected,equal_width,4,0.26666666666666666,0.3333333333333333,0.30867789760984554,0.31313131313131315,198
__pooled__,5,global_T_corrected,equal_width,5,0.3333333333333333,0.4,0.3708065976530819,0.3983050847457627,590
__pooled__,5,global_T_corrected,equal_width,6,0.4,0.4666666666666667,0.4349095624993474,0.4235423542354235,909
__pooled__,5,global_T_corrected,equal_width,7,0.4666666666666667,0.5333333333333333,0.5013433061018239,0.4816544362908606,1499
__pooled__,5,global_T_corrected,equal_width,8,0.5333333333333333,0.6,0.5662966941281692,0.5766752577319587,1552
__pooled__,5,global_T_corrected,equal_width,9,0.6,0.6666666666666666,0.6329180984105465,0.6245686680469289,1449
__pooled__,5,global_T_corrected,equal_width,10,0.6666666666666666,0.7333333333333333,0.6991824976007276,0.7020570670205707,1507
__pooled__,5,global_T_corrected,equal_width,11,0.7333333333333333,0.8,0.7661050984065803,0.8091091761553918,1493
__pooled__,5,global_T_corrected,equal_width,12,0.8,0.8666666666666667,0.8339102438568997,0.8621929298981426,1669
__pooled__,5,global_T_corrected,equal_width,13,0.8666666666666667,0.9333333333333333,0.9018269908382298,0.9027911453320501,2078
__pooled__,5,global_T_corrected,equal_width,14,0.9333333333333333,1.0,0.9846868996732074,0.9830378778217064,7841
__pooled__,5,global_T_corrected,equal_mass,0,0.0,0.4452512264251709,0.38276542212496933,0.3888888888888889,1386
__pooled__,5,global_T_corrected,equal_mass,1,0.4452512264251709,0.5148493945598602,0.48368697247663334,0.46070656092285506,1387
__pooled__,5,global_T_corrected,equal_mass,2,0.5148493945598602,0.5730439126491547,0.5439872647450719,0.5407942238267148,1385
__pooled__,5,global_T_corrected,equal_mass,3,0.5730439126491547,0.6357885003089905,0.604098828579232,0.6131123919308358,1388
__pooled__,5,global_T_corrected,equal_mass,4,0.6357885003089905,0.6976897716522217,0.6672673995493124,0.661860129776496,1387
__pooled__,5,global_T_corrected,equal_mass,5,0.6976897716522217,0.7588944733142853,0.728321600614,0.7561327561327561,1386
__pooled__,5,global_T_corrected,equal_mass,6,0.7588944733142853,0.8197154700756073,0.7904563378153212,0.8204758471521268,1387
__pooled__,5,global_T_corrected,equal_mass,7,0.8197154700756073,0.8738174736499786,0.8480708798202773,0.8809523809523809,1386
__pooled__,5,global_T_corrected,equal_mass,8,0.8738174736499786,0.9194007515907288,0.8980532966306888,0.9004329004329005,1386
__pooled__,5,global_T_corrected,equal_mass,9,0.9194007515907288,0.9550379812717438,0.9384724743857508,0.9351585014409222,1388
__pooled__,5,global_T_corrected,equal_mass,10,0.9550379812717438,0.9793351888656616,0.967927637210312,0.9603174603174603,1386
__pooled__,5,global_T_corrected,equal_mass,11,0.9793351888656616,0.9923617541790009,0.9866389201197937,0.9877433309300648,1387
__pooled__,5,global_T_corrected,equal_mass,12,0.9923617541790009,0.9982834458351135,0.9957017847777274,0.9927797833935018,1385
__pooled__,5,global_T_corrected,equal_mass,13,0.9982834458351135,0.999912679195404,0.9993549775149705,0.9963976945244957,1388
__pooled__,5,global_T_corrected,equal_mass,14,0.999912679195404,1.0,0.9999833141803398,1.0,1387
__pooled__,5,oracle_T_K,equal_width,0,0.0,0.06666666666666667,0.0,0.0,0
__pooled__,5,oracle_T_K,equal_width,1,0.06666666666666667,0.13333333333333333,0.0,0.0,0
__pooled__,5,oracle_T_K,equal_width,2,0.13333333333333333,0.2,0.0,0.0,0
__pooled__,5,oracle_T_K,equal_width,3,0.2,0.26666666666666666,0.2546120633681615,0.13333333333333333,15
__pooled__,5,oracle_T_K,equal_width,4,0.26666666666666666,0.3333333333333333,0.3086025139815371,0.30985915492957744,213
__pooled__,5,oracle_T_K,equal_width,5,0.3333333333333333,0.4,0.37121570219993594,0.4128,625
__pooled__,5,oracle_T_K,equal_width,6,0.4,0.4666666666666667,0.4355586067144237,0.4215581643543223,937
__pooled__,5,oracle_T_K,equal_width,7,0.4666666666666667,0.5333333333333333,0.5013148308420771,0.4853610930383865,1537
__pooled__,5,oracle_T_K,equal_width,8,0.5333333333333333,0.6,0.5665563732234354,0.5831218274111675,1576
__pooled__,5,oracle_T_K,equal_width,9,0.6,0.6666666666666666,0.6333724494058047,0.6275440976933514,1474
__pooled__,5,oracle_T_K,equal_width,10,0.6666666666666666,0.7333333333333333,0.6995453379236634,0.7214611872146118,1533
__pooled__,5,oracle_T_K,equal_width,11,0.7333333333333333,0.8,0.7670735277210755,0.8132890365448505,1505
__pooled__,5,oracle_T_K,equal_width,12,0.8,0.8666666666666667,0.834473533320513,0.871841155234657,1662
__pooled__,5,oracle_T_K,equal_width,13,0.8666666666666667,0.9333333333333333,0.9019941972198264,0.9061441702951137,2067
__pooled__,5,oracle_T_K,equal_width,14,0.9333333333333333,1.0,0.9844487069869338,0.9839320705421293,7655
__pooled__,5,oracle_T_K,equal_mass,0,0.0,0.44131872057914734,0.3795845423963507,0.39105339105339104,1386
__pooled__,5,oracle_T_K,equal_mass,1,0.44131872057914734,0.510305792093277,0.47937074855840195,0.46070656092285506,1387
__pooled__,5,oracle_T_K,equal_mass,2,0.510305792093277,0.5687302649021149,0.5393114152322772,0.5367965367965368,1386
__pooled__,5,oracle_T_K,equal_mass,3,0.5687302649021149,0.6291522085666656,0.5981369351601549,0.61211247296323,1387
__pooled__,5,oracle_T_K,equal_mass,4,0.6291522085666656,0.6900913715362549,0.660236259673943,0.6676279740447008,1387
__pooled__,5,oracle_T_K,equal_mass,5,0.6900913715362549,0.7510208189487457,0.7206365304849881,0.7525252525252525,1386
__pooled__,5,oracle_T_K,equal_mass,6,0.7510208189487457,0.8119311928749084,0.7826356993962641,0.8233597692862292,1387
__pooled__,5,oracle_T_K,equal_mass,7,0.8119311928749084,0.867456465959549,0.840746517778303,0.8787878787878788,1386
__pooled__,5,oracle_T_K,equal_mass,8,0.867456465959549,0.9137957394123077,0.891805033676901,0.8997837058399423,1387
__pooled__,5,oracle_T_K,equal_mass,9,0.9137957394123077,0.9508466422557831,0.9337090035093372,0.9351117519826965,1387
__pooled__,5,oracle_T_K,equal_mass,10,0.9508466422557831,0.976986438035965,0.9647868618390605,0.9603174603174603,1386
__pooled__,5,oracle_T_K,equal_mass,11,0.976986438035965,0.9913017451763153,0.9849889218248561,0.9884643114635905,1387
__pooled__,5,oracle_T_K,equal_mass,12,0.9913017451763153,0.9979657530784607,0.9950352237166092,0.9927849927849928,1386
__pooled__,5,oracle_T_K,equal_mass,13,0.9979657530784607,0.9998877644538879,0.999222076489243,0.996395097332372,1387
__pooled__,5,oracle_T_K,equal_mass,14,0.9998877644538879,1.0,0.9999781580132895,1.0,1387
__pooled__,10,native,equal_width,0,0.0,0.06666666666666667,0.0,0.0,0
__pooled__,10,native,equal_width,1,0.06666666666666667,0.13333333333333333,0.0,0.0,0
__pooled__,10,native,equal_width,2,0.13333333333333333,0.2,0.18390384113246744,0.1590909090909091,44
__pooled__,10,native,equal_width,3,0.2,0.26666666666666666,0.24081218486992262,0.21774193548387097,372
__pooled__,10,native,equal_width,4,0.26666666666666666,0.3333333333333333,0.3029930403646158,0.3081632653061224,980
__pooled__,10,native,equal_width,5,0.3333333333333333,0.4,0.36698129979146793,0.3508887425938117,1519
__pooled__,10,native,equal_width,6,0.4,0.4666666666666667,0.4334586163361867,0.4122222222222222,1800
__pooled__,10,native,equal_width,7,0.4666666666666667,0.5333333333333333,0.5000793002422886,0.4961496149614962,1818
__pooled__,10,native,equal_width,8,0.5333333333333333,0.6,0.5662668129243899,0.5576166385609893,1779
__pooled__,10,native,equal_width,9,0.6,0.6666666666666666,0.6322489557998907,0.6328715365239295,1588
__pooled__,10,native,equal_width,10,0.6666666666666666,0.7333333333333333,0.6999641261203886,0.7149410222804718,1526
__pooled__,10,native,equal_width,11,0.7333333333333333,0.8,0.7667918262067933,0.7795163584637269,1406
__pooled__,10,native,equal_width,12,0.8,0.8666666666666667,0.8339080093228693,0.8145328719723184,1445
__pooled__,10,native,equal_width,13,0.8666666666666667,0.9333333333333333,0.9015760797262192,0.895,1800
__pooled__,10,native,equal_width,14,0.9333333333333333,1.0,0.98059488064856,0.9735281660313426,4722
__pooled__,10,native,equal_mass,0,0.0,0.33286452293395996,0.2823063146650877,0.2784992784992785,1386
__pooled__,10,native,equal_mass,1,0.33286452293395996,0.3937319219112396,0.3636784736381303,0.3460706560922855,1387
__pooled__,10,native,equal_mass,2,0.3937319219112396,0.4452981501817703,0.42071505311594115,0.4072202166064982,1385
__pooled__,10,native,equal_mass,3,0.4452981501817703,0.49794627726078033,0.4715421174032887,0.45605187319884727,1388
__pooled__,10,native,equal_mass,4,0.49794627726078033,0.5474623441696167,0.522611663615695,0.5111751982696467,1387
__pooled__,10,native,equal_mass,5,0.5474623441696167,0.6002343893051147,0.5737797724564182,0.5728715728715729,1386
__pooled__,10,native,equal_mass,6,0.6002343893051147,0.6585949063301086,0.6281891523201687,0.6301369863013698,1387
__pooled__,10,native,equal_mass,7,0.6585949063301086,0.7186845541000366,0.6885844364138737,0.6955266955266955,1386
__pooled__,10,native,equal_mass,8,0.7186845541000366,0.7831068933010101,0.7506184309355716,0.7714491708723864,1387
__pooled__,10,native,equal_mass,9,0.7831068933010101,0.8492292165756226,0.8159983233315702,0.8010093727469358,1387
__pooled__,10,native,equal_mass,10,0.8492292165756226,0.905185729265213,0.8779471907522771,0.8759018759018758,1386
__pooled__,10,native,equal_mass,11,0.905185729265213,0.9500823318958282,0.9285499612117897,0.9019466474405191,1387
__pooled__,10,native,equal_mass,12,0.9500823318958282,0.9824724793434143,0.9676873329139891,0.9653679653679653,1386
__pooled__,10,native,equal_mass,13,0.9824724793434143,0.9966667592525482,0.9905673810794531,0.9834174477289113,1387
__pooled__,10,native,equal_mass,14,0.9966667592525482,1.0,0.9991560151186794,0.9978370583994232,1387
__pooled__,10,global_T_corrected,equal_width,0,0.0,0.06666666666666667,0.0,0.0,0
__pooled__,10,global_T_corrected,equal_width,1,0.06666666666666667,0.13333333333333333,0.0,0.0,0
__pooled__,10,global_T_corrected,equal_width,2,0.13333333333333333,0.2,0.18348358594106906,0.16666666666666666,66
__pooled__,10,global_T_corrected,equal_width,3,0.2,0.26666666666666666,0.24095152377844806,0.2250996015936255,502
__pooled__,10,global_T_corrected,equal_width,4,0.26666666666666666,0.3333333333333333,0.30324063480546615,0.3244370308590492,1199
__pooled__,10,global_T_corrected,equal_width,5,0.3333333333333333,0.4,0.3674370388375095,0.37332556785090276,1717
__pooled__,10,global_T_corrected,equal_width,6,0.4,0.4666666666666667,0.4325484902110978,0.4366347177848775,1878
__pooled__,10,global_T_corrected,equal_width,7,0.4666666666666667,0.5333333333333333,0.5005106519139002,0.5207373271889401,1953
__pooled__,10,global_T_corrected,equal_width,8,0.5333333333333333,0.6,0.5666060175347023,0.5931072818232351,1799
__pooled__,10,global_T_corrected,equal_width,9,0.6,0.6666666666666666,0.6330742453792206,0.6708701134930644,1586
__pooled__,10,global_T_corrected,equal_width,10,0.6666666666666666,0.7333333333333333,0.6987312270806787,0.7506830601092896,1464
__pooled__,10,global_T_corrected,equal_width,11,0.7333333333333333,0.8,0.7657416006260208,0.7943519188993483,1381
__pooled__,10,global_T_corrected,equal_width,12,0.8,0.8666666666666667,0.8339158788606535,0.8613652357494722,1421
__pooled__,10,global_T_corrected,equal_width,13,0.8666666666666667,0.9333333333333333,0.9009363174438476,0.903448275862069,1740
__pooled__,10,global_T_corrected,equal_width,14,0.9333333333333333,1.0,0.9796680805446057,0.9826533105301735,4093
__pooled__,10,global_T_corrected,equal_mass,0,0.0,0.31540967524051666,0.2690347756163726,0.2792207792207792,1386
__pooled__,10,global_T_corrected,equal_mass,1,0.31540967524051666,0.3736647814512253,0.3455509161811642,0.3410237923576063,1387
__pooled__,10,global_T_corrected,equal_mass,2,0.3736647814512253,0.42311225831508636,0.3989995000467328,0.41125541125541126,1386
__pooled__,10,global_T_corrected,equal_mass,3,0.42311225831508636,0.4729636460542679,0.44782187776249266,0.4571016582552271,1387
__pooled__,10,global_T_corrected,equal_mass,4,0.4729636460542679,0.5207763314247131,0.4972808092467288,0.5155010814708003,1387
__pooled__,10,global_T_corrected,equal_mass,5,0.5207763314247131,0.570744663476944,0.5450851565057581,0.5721500721500722,1386
__pooled__,10,global_T_corrected,equal_mass,6,0.570744663476944,0.6246771812438965,0.5967288269958826,0.6258111031002163,1387
__pooled__,10,global_T_corrected,equal_mass,7,0.6246771812438965,0.6826140582561493,0.6537726687920558,0.702020202020202,1386
__pooled__,10,global_T_corrected,equal_mass,8,0.6826140582561493,0.748567521572113,0.7150664255184155,0.7671232876712328,1387
__pooled__,10,global_T_corrected,equal_mass,9,0.748567521572113,0.816074013710022,0.781131814045277,0.8017303532804614,1387
__pooled__,10,global_T_corrected,equal_mass,10,0.816074013710022,0.8787709474563599,0.8478887771803235,0.8715728715728716,1386
__pooled__,10,global_T_corrected,equal_mass,11,0.8787709474563599,0.9307801425457001,0.905295945709355,0.905551550108147,1387
__pooled__,10,global_T_corrected,equal_mass,12,0.9307801425457001,0.9729484021663666,0.9535360050098279,0.9625090122566691,1387
__pooled__,10,global_T_corrected,equal_mass,13,0.9729484021663666,0.994031548500061,0.9847962481991026,0.9841384282624369,1387
__pooled__,10,global_T_corrected,equal_mass,14,0.994031548500061,1.0,0.9983821239478317,0.9978354978354979,1386
__pooled__,10,oracle_T_K,equal_width,0,0.0,0.06666666666666667,0.0,0.0,0
__pooled__,10,oracle_T_K,equal_width,1,0.06666666666666667,0.13333333333333333,0.0,0.0,0
__pooled__,10,oracle_T_K,equal_width,2,0.13333333333333333,0.2,0.18312856331467628,0.15,60
__pooled__,10,oracle_T_K,equal_width,3,0.2,0.26666666666666666,0.2406273561553294,0.22478991596638656,476
__pooled__,10,oracle_T_K,equal_width,4,0.26666666666666666,0.3333333333333333,0.30324293152518467,0.3227739726027397,1168
__pooled__,10,oracle_T_K,equal_width,5,0.3333333333333333,0.4,0.3675153479910833,0.37120761451516954,1681
__pooled__,10,oracle_T_K,equal_width,6,0.4,0.4666666666666667,0.43281738729476926,0.42933333333333334,1875
__pooled__,10,oracle_T_K,equal_width,7,0.4666666666666667,0.5333333333333333,0.5006453030344957,0.5133298484056456,1913
__pooled__,10,oracle_T_K,equal_width,8,0.5333333333333333,0.6,0.5665094334732953,0.5891772501380452,1811
__pooled__,10,oracle_T_K,equal_width,9,0.6,0.6666666666666666,0.6330143154650776,0.6700507614213198,1576
__pooled__,10,oracle_T_K,equal_width,10,0.6666666666666666,0.7333333333333333,0.6986607865125871,0.7401628222523745,1474
__pooled__,10,oracle_T_K,equal_width,11,0.7333333333333333,0.8,0.7660186536823,0.7964285714285714,1400
__pooled__,10,oracle_T_K,equal_width,12,0.8,0.8666666666666667,0.834169154397361,0.8513037350246653,1419
__pooled__,10,oracle_T_K,equal_width,13,0.8666666666666667,0.9333333333333333,0.9014436651249321,0.9019274376417233,1764
__pooled__,10,oracle_T_K,equal_width,14,0.9333333333333333,1.0,0.9799791386057919,0.9813486370157819,4182
__pooled__,10,oracle_T_K,equal_mass,0,0.0,0.3182344138622284,0.27123429612249866,0.2777777777777778,1386
__pooled__,10,oracle_T_K,equal_mass,1,0.3182344138622284,0.3768417239189148,0.3485735220151061,0.3417447728911319,1387
__pooled__,10,oracle_T_K,equal_mass,2,0.3768417239189148,0.427020862698555,0.4026154362063043,0.41053391053391053,1386
__pooled__,10,oracle_T_K,equal_mass,3,0.427020862698555,0.4772963225841522,0.4517923487590729,0.4578226387887527,1387
__pooled__,10,oracle_T_K,equal_mass,4,0.4772963225841522,0.5249725580215454,0.5015814046294206,0.5126171593366979,1387
__pooled__,10,oracle_T_K,equal_mass,5,0.5249725580215454,0.5759154558181763,0.5498673108233002,0.5735930735930735,1386
__pooled__,10,oracle_T_K,equal_mass,6,0.5759154558181763,0.6302163004875183,0.601948191815344,0.6294160057678443,1387
__pooled__,10,oracle_T_K,equal_mass,7,0.6302163004875183,0.689003586769104,0.6596432403052525,0.702020202020202,1386
__pooled__,10,oracle_T_K,equal_mass,8,0.689003586769104,0.7543259561061859,0.7210801386455021,0.7620764239365537,1387
__pooled__,10,oracle_T_K,equal_mass,9,0.7543259561061859,0.8217124938964844,0.7871220846798856,0.8051948051948052,1386
__pooled__,10,oracle_T_K,equal_mass,10,0.8217124938964844,0.8834594786167145,0.8531846731535891,0.8716654650324441,1387
__pooled__,10,oracle_T_K,equal_mass,11,0.8834594786167145,0.9343374073505402,0.9095083249930263,0.905551550108147,1387
__pooled__,10,oracle_T_K,equal_mass,12,0.9343374073505402,0.9748467206954956,0.9561881635440205,0.9624819624819625,1386
__pooled__,10,oracle_T_K,equal_mass,13,0.9748467206954956,0.9945176839828491,0.9859195075708924,0.9841384282624369,1387
__pooled__,10,oracle_T_K,equal_mass,14,0.9945176839828491,1.0,0.9985429345487087,0.9978370583994232,1387
__pooled__,20,native,equal_width,0,0.0,0.06666666666666667,0.0,0.0,0
__pooled__,20,native,equal_width,1,0.06666666666666667,0.13333333333333333,0.1213023910491631,0.13793103448275862,58
__pooled__,20,native,equal_width,2,0.13333333333333333,0.2,0.17461161093465213,0.19310344827586207,725
__pooled__,20,native,equal_width,3,0.2,0.26666666666666666,0.23554884866941347,0.22905982905982905,1755
__pooled__,20,native,equal_width,4,0.26666666666666666,0.3333333333333333,0.3005165012844602,0.29215943933420935,2283
__pooled__,20,native,equal_width,5,0.3333333333333333,0.4,0.3659903514683114,0.36813922356091033,2241
__pooled__,20,native,equal_width,6,0.4,0.4666666666666667,0.43241460464773473,0.4292057227429699,2027
__pooled__,20,native,equal_width,7,0.4666666666666667,0.5333333333333333,0.4993545902506994,0.5157657657657657,1776
__pooled__,20,native,equal_width,8,0.5333333333333333,0.6,0.5653620289063042,0.5847728726807422,1563
__pooled__,20,native,equal_width,9,0.6,0.6666666666666666,0.632959417707297,0.6572769953051644,1278
__pooled__,20,native,equal_width,10,0.6666666666666666,0.7333333333333333,0.7003910514597238,0.7329498767460969,1217
__pooled__,20,native,equal_width,11,0.7333333333333333,0.8,0.7660481494075898,0.7661596958174905,1052
__pooled__,20,native,equal_width,12,0.8,0.8666666666666667,0.8337608944118126,0.8554216867469879,1162
__pooled__,20,native,equal_width,13,0.8666666666666667,0.9333333333333333,0.9004517598200102,0.9211136890951276,1293
__pooled__,20,native,equal_width,14,0.9333333333333333,1.0,0.9753353675994857,0.9788940481215703,2369
__pooled__,20,native,equal_mass,0,0.0,0.22660573571920395,0.18959046119197795,0.1911976911976912,1386
__pooled__,20,native,equal_mass,1,0.22660573571920395,0.2744141221046448,0.25080984507478565,0.2494592645998558,1387
__pooled__,20,native,equal_mass,2,0.2744141221046448,0.31467802822589874,0.29441046968694196,0.28231046931407944,1385
__pooled__,20,native,equal_mass,3,0.31467802822589874,0.35425761342048645,0.3340944998202475,0.3256484149855908,1388
__pooled__,20,native,equal_mass,4,0.35425761342048645,0.395263135433197,0.374799089029528,0.3886085075702956,1387
__pooled__,20,native,equal_mass,5,0.395263135433197,0.43983711302280426,0.4179507371282612,0.4167267483777938,1387
__pooled__,20,native,equal_mass,6,0.43983711302280426,0.4884816110134125,0.4637328890107927,0.4603174603174603,1386
__pooled__,20,native,equal_mass,7,0.4884816110134125,0.5416942834854126,0.5152999030434208,0.5317460317460317,1386
__pooled__,20,native,equal_mass,8,0.5416942834854126,0.6024539768695831,0.5712672288931783,0.5933669790915646,1387
__pooled__,20,native,equal_mass,9,0.6024539768695831,0.675836056470871,0.6385403299125391,0.6640230713770728,1387
__pooled__,20,native,equal_mass,10,0.675836056470871,0.7520634233951569,0.7139396123039774,0.740981240981241,1386
__pooled__,20,native,equal_mass,11,0.7520634233951569,0.8381348848342896,0.7971185474148222,0.8046142754145638,1387
__pooled__,20,native,equal_mass,12,0.8381348848342896,0.9125619232654572,0.8766052811950832,0.9040404040404041,1386
__pooled__,20,native,equal_mass,13,0.9125619232654572,0.9730101227760315,0.9455232195658226,0.9524152847873107,1387
__pooled__,20,native,equal_mass,14,0.9730101227760315,1.0,0.9899142147743538,0.992790194664744,1387
__pooled__,20,global_T_corrected,equal_width,0,0.0,0.06666666666666667,0.0,0.0,0
__pooled__,20,global_T_corrected,equal_width,1,0.06666666666666667,0.13333333333333333,0.12142100303184868,0.15841584158415842,101
__pooled__,20,global_T_corrected,equal_width,2,0.13333333333333333,0.2,0.17394395418883363,0.1943866943866944,962
__pooled__,20,global_T_corrected,equal_width,3,0.2,0.26666666666666666,0.23497973264443991,0.2508250825082508,2121
__pooled__,20,global_T_corrected,equal_width,4,0.26666666666666666,0.3333333333333333,0.29974092343963094,0.3111916264090177,2484
__pooled__,20,global_T_corrected,equal_width,5,0.3333333333333333,0.4,0.36552252243743855,0.4079515989628349,2314
__pooled__,20,global_T_corrected,equal_width,6,0.4,0.4666666666666667,0.4320729604823317,0.4559118236472946,1996
__pooled__,20,global_T_corrected,equal_width,7,0.4666666666666667,0.5333333333333333,0.4998510041492231,0.5477247502774695,1802
__pooled__,20,global_T_corrected,equal_width,8,0.5333333333333333,0.6,0.5655177368519614,0.6334494773519164,1435
__pooled__,20,global_T_corrected,equal_width,9,0.6,0.6666666666666666,0.6324349785541031,0.6993569131832797,1244
__pooled__,20,global_T_corrected,equal_width,10,0.6666666666666666,0.7333333333333333,0.6976975998168925,0.7475642161204605,1129
__pooled__,20,global_T_corrected,equal_width,11,0.7333333333333333,0.8,0.7667547778258306,0.8212927756653993,1052
__pooled__,20,global_T_corrected,equal_width,12,0.8,0.8666666666666667,0.8335330953923139,0.9018181818181819,1100
__pooled__,20,global_T_corrected,equal_width,13,0.8666666666666667,0.9333333333333333,0.9002851476872943,0.9341637010676157,1124
__pooled__,20,global_T_corrected,equal_width,14,0.9333333333333333,1.0,0.9732237521992173,0.9850129198966409,1935
__pooled__,20,global_T_corrected,equal_mass,0,0.0,0.21155891567468643,0.17761509255391866,0.19913419913419914,1386
__pooled__,20,global_T_corrected,equal_mass,1,0.21155891567468643,0.2558789700269699,0.23387488387605657,0.24008651766402306,1387
__pooled__,20,global_T_corrected,equal_mass,2,0.2558789700269699,0.2922547906637192,0.2742718354534105,0.27994227994227994,1386
__pooled__,20,global_T_corrected,equal_mass,3,0.2922547906637192,0.3300393670797348,0.31099959990921516,0.334534967555876,1387
__pooled__,20,global_T_corrected,equal_mass,4,0.3300393670797348,0.3681425601243973,0.34890781814620575,0.3835616438356164,1387
__pooled__,20,global_T_corrected,equal_mass,5,0.3681425601243973,0.4105037450790405,0.3888873943432757,0.41919191919191917,1386
__pooled__,20,global_T_corrected,equal_mass,6,0.4105037450790405,0.4569738805294037,0.43273286266815086,0.4657534246575342,1387
__pooled__,20,global_T_corrected,equal_mass,7,0.4569738805294037,0.5080502033233643,0.4821670660251835,0.5432900432900433,1386
__pooled__,20,global_T_corrected,equal_mass,8,0.5080502033233643,0.5631129741668701,0.5344204097320128,0.581831290555155,1387
__pooled__,20,global_T_corrected,equal_mass,9,0.5631129741668701,0.6334351003170013,0.5982471039248785,0.6596971881759193,1387
__pooled__,20,global_T_corrected,equal_mass,10,0.6334351003170013,0.7105190753936768,0.6713919490360767,0.7359307359307359,1386
__pooled__,20,global_T_corrected,equal_mass,11,0.7105190753936768,0.799902468919754,0.755786341261159,0.8074981975486661,1387
__pooled__,20,global_T_corrected,equal_mass,12,0.799902468919754,0.8837434947490692,0.8420713122444924,0.9047619047619048,1386
__pooled__,20,global_T_corrected,equal_mass,13,0.8837434947490692,0.9588514864444733,0.9237665849447079,0.9516943042537851,1387
__pooled__,20,global_T_corrected,equal_mass,14,0.9588514864444733,1.0,0.9837200816965137,0.9913482335976929,1387
__pooled__,20,oracle_T_K,equal_width,0,0.0,0.06666666666666667,0.0,0.0,0
__pooled__,20,oracle_T_K,equal_width,1,0.06666666666666667,0.13333333333333333,0.12076878741190031,0.14285714285714285,77
__pooled__,20,oracle_T_K,equal_width,2,0.13333333333333333,0.2,0.1741210276739938,0.20342857142857143,875
__pooled__,20,oracle_T_K,equal_width,3,0.2,0.26666666666666666,0.23512031787911908,0.2327011788826243,1951
__pooled__,20,oracle_T_K,equal_width,4,0.26666666666666666,0.3333333333333333,0.29987243852086626,0.3047227926078029,2435
__pooled__,20,oracle_T_K,equal_width,5,0.3333333333333333,0.4,0.3662039897736387,0.3936494127881688,2299
__pooled__,20,oracle_T_K,equal_width,6,0.4,0.4666666666666667,0.4323355415648964,0.44327309236947793,1992
__pooled__,20,oracle_T_K,equal_width,7,0.4666666666666667,0.5333333333333333,0.49953008157071804,0.5390668915120854,1779
__pooled__,20,oracle_T_K,equal_width,8,0.5333333333333333,0.6,0.5646805383395379,0.6103633916554508,1486
__pooled__,20,oracle_T_K,equal_width,9,0.6,0.6666666666666666,0.6325691253342975,0.6810007818608288,1279
__pooled__,20,oracle_T_K,equal_width,10,0.6666666666666666,0.7333333333333333,0.6992165032148564,0.7485080988917306,1173
__pooled__,20,oracle_T_K,equal_width,11,0.7333333333333333,0.8,0.7672897845333734,0.8027079303675049,1034
__pooled__,20,oracle_T_K,equal_width,12,0.8,0.8666666666666667,0.8336789742033318,0.8827160493827161,1134
__pooled__,20,oracle_T_K,equal_width,13,0.8666666666666667,0.9333333333333333,0.9004280002177263,0.9277310924369748,1190
__pooled__,20,oracle_T_K,equal_width,14,0.9333333333333333,1.0,0.9742097799988522,0.9837708830548926,2095
__pooled__,20,oracle_T_K,equal_mass,0,0.0,0.21749547123908997,0.1822077538199927,0.19480519480519481,1386
__pooled__,20,oracle_T_K,equal_mass,1,0.21749547123908997,0.26311445236206055,0.24037113536495738,0.24513338139870222,1387
__pooled__,20,oracle_T_K,equal_mass,2,0.26311445236206055,0.3006306439638138,0.28203625155647766,0.284992784992785,1386
__pooled__,20,oracle_T_K,equal_mass,3,0.3006306439638138,0.3393458276987076,0.31988982036548635,0.32299927901946646,1387
__pooled__,20,oracle_T_K,equal_mass,4,0.3393458276987076,0.3785823732614517,0.3588830660424305,0.39293439077144915,1387
__pooled__,20,oracle_T_K,equal_mass,5,0.3785823732614517,0.4218166321516037,0.4001282262518497,0.4160057678442682,1387
__pooled__,20,oracle_T_K,equal_mass,6,0.4218166321516037,0.46977193653583527,0.44476532110404143,0.461038961038961,1386
__pooled__,20,oracle_T_K,equal_mass,7,0.46977193653583527,0.520736575126648,0.4951279171316483,0.536075036075036,1386
__pooled__,20,oracle_T_K,equal_mass,8,0.520736575126648,0.5783897042274475,0.5485993683467086,0.5904830569574622,1387
__pooled__,20,oracle_T_K,equal_mass,9,0.5783897042274475,0.6503260135650635,0.6139361816683345,0.6611391492429705,1387
__pooled__,20,oracle_T_K,equal_mass,10,0.6503260135650635,0.7265269458293915,0.6880648642735392,0.7380952380952381,1386
__pooled__,20,oracle_T_K,equal_mass,11,0.7265269458293915,0.8152105510234833,0.7722389758665325,0.8066378066378066,1386
__pooled__,20,oracle_T_K,equal_mass,12,0.8152105510234833,0.8953995108604431,0.8561274578181117,0.9033886085075703,1387
__pooled__,20,oracle_T_K,equal_mass,13,0.8953995108604431,0.9647974669933319,0.9328957622482695,0.9531362653208363,1387
__pooled__,20,oracle_T_K,equal_mass,14,0.9647974669933319,1.0,0.9864356156382186,0.9913482335976929,1387
__pooled__,50,native,equal_width,0,0.0,0.06666666666666667,0.0605937335640192,0.03125,32
__pooled__,50,native,equal_width,1,0.06666666666666667,0.13333333333333333,0.10997043005512945,0.11823899371069183,1590
__pooled__,50,native,equal_width,2,0.13333333333333333,0.2,0.16708480062663808,0.19079345850999394,3302
__pooled__,50,native,equal_width,3,0.2,0.26666666666666666,0.23271734799184496,0.24095238095238095,3150
__pooled__,50,native,equal_width,4,0.26666666666666666,0.3333333333333333,0.29861315263896526,0.33738244514106586,2552
__pooled__,50,native,equal_width,5,0.3333333333333333,0.4,0.3647950357961486,0.40667678300455234,1977
__pooled__,50,native,equal_width,6,0.4,0.4666666666666667,0.43148071715886993,0.4596117720726362,1597
__pooled__,50,native,equal_width,7,0.4666666666666667,0.5333333333333333,0.49908192889716113,0.5631741140215717,1298
__pooled__,50,native,equal_width,8,0.5333333333333333,0.6,0.5664914848134708,0.6519654841802492,1043
__pooled__,50,native,equal_width,9,0.6,0.6666666666666666,0.6314290676897729,0.735672514619883,855
__pooled__,50,native,equal_width,10,0.6666666666666666,0.7333333333333333,0.7001066789839298,0.799721835883171,719
__pooled__,50,native,equal_width,11,0.7333333333333333,0.8,0.7668347531495995,0.8199121522693997,683
__pooled__,50,native,equal_width,12,0.8,0.8666666666666667,0.8323655405352193,0.896774193548387,620
__pooled__,50,native,equal_width,13,0.8666666666666667,0.9333333333333333,0.8997821145920298,0.9530988274706867,597
__pooled__,50,native,equal_width,14,0.9333333333333333,1.0,0.9694693056600434,0.9783163265306123,784
__pooled__,50,native,equal_mass,0,0.0,0.12801392376422882,0.10532786037025686,0.11327561327561328,1386
__pooled__,50,native,equal_mass,1,0.12801392376422882,0.15771663188934326,0.14304454606389003,0.1514059120403749,1387
__pooled__,50,native,equal_mass,2,0.15771663188934326,0.18419619649648666,0.17108939235430604,0.20634920634920634,1386
__pooled__,50,native,equal_mass,3,0.18419619649648666,0.21250750869512558,0.19857421602245365,0.21629416005767843,1387
__pooled__,50,native,equal_mass,4,0.21250750869512558,0.24166672676801682,0.22672425396337556,0.22782984859408795,1387
__pooled__,50,native,equal_mass,5,0.24166672676801682,0.27228017151355743,0.25698873959750496,0.27344877344877344,1386
__pooled__,50,native,equal_mass,6,0.27228017151355743,0.30693723261356354,0.2896543742085672,0.32732516222062,1387
__pooled__,50,native,equal_mass,7,0.30693723261356354,0.34821152687072754,0.3268289434445369,0.37012987012987014,1386
__pooled__,50,native,equal_mass,8,0.34821152687072754,0.3952571004629135,0.37001960154652336,0.41888968997837056,1387
__pooled__,50,native,equal_mass,9,0.3952571004629135,0.4501824378967285,0.4219910650908216,0.4513338139870223,1387
__pooled__,50,native,equal_mass,10,0.4501824378967285,0.5195638835430145,0.48438353980602467,0.5375180375180375,1386
__pooled__,50,native,equal_mass,11,0.5195638835430145,0.6072372794151306,0.562037355751981,0.6337418889689979,1387
__pooled__,50,native,equal_mass,12,0.6072372794151306,0.7255457639694214,0.6626224758219065,0.7748917748917749,1386
__pooled__,50,native,equal_mass,13,0.7255457639694214,0.8650704622268677,0.7932848456357998,0.852198990627253,1387
__pooled__,50,native,equal_mass,14,0.8650704622268677,1.0,0.9390252471915577,0.9675558759913482,1387
__pooled__,50,global_T_corrected,equal_width,0,0.0,0.06666666666666667,0.05985781975221215,0.05263157894736842,57
__pooled__,50,global_T_corrected,equal_width,1,0.06666666666666667,0.13333333333333333,0.10854634073051589,0.13153070577451878,2182
__pooled__,50,global_T_corrected,equal_width,2,0.13333333333333333,0.2,0.16663637290938293,0.207481162540366,3716
__pooled__,50,global_T_corrected,equal_width,3,0.2,0.26666666666666666,0.23235426682408847,0.2726429675425039,3235
__pooled__,50,global_T_corrected,equal_width,4,0.26666666666666666,0.3333333333333333,0.2980666755562186,0.37738853503184716,2512
__pooled__,50,global_T_corrected,equal_width,5,0.3333333333333333,0.4,0.3653553540188005,0.4276663146779303,1894
__pooled__,50,global_T_corrected,equal_width,6,0.4,0.4666666666666667,0.43175859238477904,0.516260162601626,1476
__pooled__,50,global_T_corrected,equal_width,7,0.4666666666666667,0.5333333333333333,0.49843456566133754,0.625,1192
__pooled__,50,global_T_corrected,equal_width,8,0.5333333333333333,0.6,0.5646869757965253,0.7162022703818369,969
__pooled__,50,global_T_corrected,equal_width,9,0.6,0.6666666666666666,0.6333610957100887,0.7825503355704698,745
__pooled__,50,global_T_corrected,equal_width,10,0.6666666666666666,0.7333333333333333,0.6988704290360805,0.8177641653905053,653
__pooled__,50,global_T_corrected,equal_width,11,0.7333333333333333,0.8,0.7646454123642621,0.8573825503355704,596
__pooled__,50,global_T_corrected,equal_width,12,0.8,0.8666666666666667,0.8327286952372753,0.9488636363636364,528
__pooled__,50,global_T_corrected,equal_width,13,0.8666666666666667,0.9333333333333333,0.90156954062913,0.9600798403193613,501
__pooled__,50,global_T_corrected,equal_width,14,0.9333333333333333,1.0,0.9687081182420144,0.9797421731123389,543
__pooled__,50,global_T_corrected,equal_mass,0,0.0,0.11640548706054688,0.09638037064622061,0.113997113997114,1386
__pooled__,50,global_T_corrected,equal_mass,1,0.11640548706054688,0.14318998157978058,0.13013058336264982,0.15717375630857966,1387
__pooled__,50,global_T_corrected,equal_mass,2,0.14318998157978058,0.16686660051345825,0.1554141401448979,0.2077922077922078,1386
__pooled__,50,global_T_corrected,equal_mass,3,0.16686660051345825,0.19300320744514465,0.1800074846884632,0.21629416005767843,1387
__pooled__,50,global_T_corrected,equal_mass,4,0.19300320744514465,0.2197115272283554,0.20574601373830628,0.2328767123287671,1387
__pooled__,50,global_T_corrected,equal_mass,5,0.2197115272283554,0.24737660586833954,0.23287855986435865,0.2712842712842713,1386
__pooled__,50,global_T_corrected,equal_mass,6,0.24737660586833954,0.2780866324901581,0.26267069273056876,0.32732516222062,1387
__pooled__,50,global_T_corrected,equal_mass,7,0.2780866324901581,0.3151007890701294,0.2963126016643656,0.37373737373737376,1386
__pooled__,50,global_T_corrected,equal_mass,8,0.3151007890701294,0.35936395823955536,0.33625315947333256,0.4160057678442682,1387
__pooled__,50,global_T_corrected,equal_mass,9,0.35936395823955536,0.4110172390937805,0.38403774092071935,0.44700793078586876,1387
__pooled__,50,global_T_corrected,equal_mass,10,0.4110172390937805,0.4759330153465271,0.4420427272975187,0.5346320346320347,1386
__pooled__,50,global_T_corrected,equal_mass,11,0.4759330153465271,0.5558976233005524,0.514396894373763,0.6435786435786436,1386
__pooled__,50,global_T_corrected,equal_mass,12,0.5558976233005524,0.6708400845527649,0.6105152371553697,0.7656813266041816,1387
__pooled__,50,global_T_corrected,equal_mass,13,0.6708400845527649,0.822252482175827,0.7431093568241501,0.8485940879596251,1387
__pooled__,50,global_T_corrected,equal_mass,14,0.822252482175827,1.0,0.9137257900097083,0.966113914924297,1387
__pooled__,50,oracle_T_K,equal_width,0,0.0,0.06666666666666667,0.06042158018265452,0.02857142857142857,35
__pooled__,50,oracle_T_K,equal_width,1,0.06666666666666667,0.13333333333333333,0.10975730529092831,0.12126642771804062,1674
__pooled__,50,oracle_T_K,equal_width,2,0.13333333333333333,0.2,0.166855594732351,0.1923764145324598,3358
__pooled__,50,oracle_T_K,equal_width,3,0.2,0.26666666666666666,0.23251152201123823,0.2442628104369695,3181
__pooled__,50,oracle_T_K,equal_width,4,0.26666666666666666,0.3333333333333333,0.2985032767092577,0.34722768383798663,2543
__pooled__,50,oracle_T_K,equal_width,5,0.3333333333333333,0.4,0.3649878787711127,0.4064711830131446,1978
__pooled__,50,oracle_T_K,equal_width,6,0.4,0.4666666666666667,0.43212326089466424,0.4642857142857143,1596
__pooled__,50,oracle_T_K,equal_width,7,0.4666666666666667,0.5333333333333333,0.49927902277002806,0.576271186440678,1239
__pooled__,50,oracle_T_K,equal_width,8,0.5333333333333333,0.6,0.5657117003111091,0.6618773946360154,1044
__pooled__,50,oracle_T_K,equal_width,9,0.6,0.6666666666666666,0.63046270710172,0.7439320388349514,824
__pooled__,50,oracle_T_K,equal_width,10,0.6666666666666666,0.7333333333333333,0.6994088151875664,0.8098495212038304,731
__pooled__,50,oracle_T_K,equal_width,11,0.7333333333333333,0.8,0.7673471257925737,0.8171091445427728,678
__pooled__,50,oracle_T_K,equal_width,12,0.8,0.8666666666666667,0.833354615133733,0.9168053244592346,601
__pooled__,50,oracle_T_K,equal_width,13,0.8666666666666667,0.9333333333333333,0.9005657042983517,0.9512195121951219,574
__pooled__,50,oracle_T_K,equal_width,14,0.9333333333333333,1.0,0.9692609546803851,0.9798115746971736,743
__pooled__,50,oracle_T_K,equal_mass,0,0.0,0.1261473074555397,0.10386433946654136,0.11327561327561328,1386
__pooled__,50,oracle_T_K,equal_mass,1,0.1261473074555397,0.15513912588357925,0.14093138372073005,0.1521268925739005,1387
__pooled__,50,oracle_T_K,equal_mass,2,0.15513912588357925,0.18133267760276794,0.16853991558326442,0.2077922077922078,1386
__pooled__,50,oracle_T_K,equal_mass,3,0.18133267760276794,0.20930182933807373,0.19554764779033468,0.21773612112472962,1387
__pooled__,50,oracle_T_K,equal_mass,4,0.20930182933807373,0.23808087408542633,0.22332430439151785,0.22422494592645997,1387
__pooled__,50,oracle_T_K,equal_mass,5,0.23808087408542633,0.2683524936437607,0.25307263801624247,0.2763347763347763,1386
__pooled__,50,oracle_T_K,equal_mass,6,0.2683524936437607,0.30214065313339233,0.285277780217925,0.32660418168709443,1387
__pooled__,50,oracle_T_K,equal_mass,7,0.30214065313339233,0.3429446518421173,0.3219093719301114,0.37012987012987014,1386
__pooled__,50,oracle_T_K,equal_mass,8,0.3429446518421173,0.3892883062362671,0.36457933200806614,0.42105263157894735,1387
__pooled__,50,oracle_T_K,equal_mass,9,0.3892883062362671,0.44354233145713806,0.41593865739757757,0.44844989185291995,1387
__pooled__,50,oracle_T_K,equal_mass,10,0.44354233145713806,0.512640506029129,0.47769605986569696,0.5353535353535354,1386
__pooled__,50,oracle_T_K,equal_mass,11,0.512640506029129,0.5996637642383575,0.5544473610941936,0.638788752703677,1387
__pooled__,50,oracle_T_K,equal_mass,12,0.5996637642383575,0.7170991897583008,0.6544543233784762,0.7712842712842712,1386
__pooled__,50,oracle_T_K,equal_mass,13,0.7170991897583008,0.8589345812797546,0.7857183103262304,0.8514780100937275,1387
__pooled__,50,oracle_T_K,equal_mass,14,0.8589345812797546,1.0,0.9354691287984759,0.9675558759913482,1387
